"","SYMBOL","SERIES","OPEN","HIGH","LOW","CLOSE","LAST","PREVCLOSE","TOTTRDQTY","TOTTRDVAL","TIMESTAMP","TOTALTRADES","ISIN","X"
"1","1018GS2026","GS",104.65,105,104.65,105,105,104.6,1187,1.24,"03-Sep-2026",7,"",""
"2","20MICRONS","EQ",211.4,224,211.4,217.82,216.99,211.36,179448,392.31,"03-Sep-2026",4572,"",""
"3","21STCENMGM","EQ",39.24,39.24,38.08,38.1,38.1,38.85,6902,2.64,"03-Sep-2026",48,"",""
"4","360ONE","EQ",1168.6,1171.5,1149.9,1155,1155,1181.3,483291,5605.61,"03-Sep-2026",24959,"",""
"5","3BBLACKBIO","EQ",1500,1550,1481,1486.2,1501,1478.6,20142,302.38,"03-Sep-2026",2005,"",""
"6","3IINFOLTD","BE",22.43,22.5,21.7,21.79,21.85,22.43,163620,35.91,"03-Sep-2026",810,"",""
"7","3MINDIA","EQ",32995,33050,32665,32820,32810,32895,1978,648.85,"03-Sep-2026",963,"",""
"8","3PLAND","EQ",32.75,33.53,31.75,32.45,32.5,32.75,2151,0.7,"03-Sep-2026",48,"",""
"9","574GS2026","GS",101.05,101.05,101.05,101.05,101.05,101.05,100,0.1,"03-Sep-2026",1,"",""
"10","5PAISA","EQ",337.6,344.4,337.5,342.45,343.7,336.55,18209,62.25,"03-Sep-2026",907,"",""
"11","601GS2030","GS",98.1,99,98.1,99,99,99,219,0.22,"03-Sep-2026",3,"",""
"12","610GS2031","GS",99.75,99.99,99.75,99.99,99.99,99,500,0.5,"03-Sep-2026",2,"",""
"13","620GS2029","GS",99.25,100.29,99.25,99.75,99.75,99.98,600,0.6,"03-Sep-2026",5,"",""
"14","633GS2035","GS",99.9,99.9,99.3,99.3,99.3,101,196,0.19,"03-Sep-2026",5,"",""
"15","636GS2031","GS",102,102,101.5,101.5,101.5,100,2001,2.03,"03-Sep-2026",2,"",""
"16","63MOONS","EQ",809.8,855.8,801.2,851.25,848,805.1,628941,5269.45,"03-Sep-2026",25344,"",""
"17","648GS2035","GS",100,100,100,100,100,99.1,100,0.1,"03-Sep-2026",1,"",""
"18","654GS2032","GS",100,100,100,100,100,100,12599,12.6,"03-Sep-2026",6,"",""
"19","664GS2035","GS",98.16,98.5,98.16,98.5,98.5,98.65,200,0.2,"03-Sep-2026",3,"",""
"20","667GS2035","GS",105.2,105.2,98.25,104,104,100.2,801,0.79,"03-Sep-2026",3,"",""
"21","667GS2050","GS",92.5,92.5,92.5,92.5,92.5,92.25,100,0.09,"03-Sep-2026",2,"",""
"22","668GS2033","GS",99.2,100,99.2,100,100,99.2,300,0.3,"03-Sep-2026",3,"",""
"23","668GS2040","GS",98.5,98.5,97.5,97.68,97.5,97.93,31088,30.37,"03-Sep-2026",8,"",""
"24","676GS2061","GS",91,91,90.25,90.26,90.8,90.79,36758,33.18,"03-Sep-2026",70,"",""
"25","679GS2034A","GS",99.88,99.88,99.88,99.88,99.88,99.75,98,0.1,"03-Sep-2026",1,"",""
"26","690GS2065","GS",93.98,93.99,92.91,93.29,93.75,93.48,48476,45.28,"03-Sep-2026",29,"",""
"27","694GS2036","GS",102.6,103.07,102.05,102.11,102.11,102.4,2299,2.35,"03-Sep-2026",10,"",""
"28","695GS2061","GS",94,94,92.32,94,94,93,57,0.05,"03-Sep-2026",4,"",""
"29","699GS2051","GS",97.24,97.24,97.24,97.24,97.24,97.68,30,0.03,"03-Sep-2026",1,"",""
"30","702GS2031","GS",102,102,101.77,101.79,101.77,102.39,1290,1.31,"03-Sep-2026",4,"",""
"31","706GS2028","GS",104.1,104.2,104.1,104.2,104.2,104.2,10051,10.46,"03-Sep-2026",14,"",""
"32","706GS2041","GS",101.75,101.75,100.5,100.5,100.5,99.25,500,0.51,"03-Sep-2026",2,"",""
"33","709GS2054","GS",96.89,96.89,95.5,95.7,95.7,95.65,50533,48.56,"03-Sep-2026",24,"",""
"34","709GS2074","GS",96,96,95.41,95.41,95.41,95.5,4137,3.95,"03-Sep-2026",8,"",""
"35","710GS2029","GS",104.5,104.5,104.35,104.39,104.39,104.3,108689,113.57,"03-Sep-2026",7,"",""
"36","717GS2028","GS",101.65,101.65,101.65,101.65,101.65,101.65,2376,2.42,"03-Sep-2026",5,"",""
"37","717GS2030","GS",103.8,103.8,103.8,103.8,103.8,103.5,210,0.22,"03-Sep-2026",1,"",""
"38","718GS2033","GS",102,103,102,103,103,103.01,100001,102,"03-Sep-2026",3,"",""
"39","718GS2037","GS",103.12,103.12,102.01,102.53,102.5,102.27,219000,224.48,"03-Sep-2026",37,"",""
"40","724GS2055","GS",97.15,97.3,96.65,97.3,97.3,97.15,22046,21.41,"03-Sep-2026",61,"",""
"41","725GS2063","GS",97.19,97.19,96.77,96.83,96.82,96.81,137294,133.11,"03-Sep-2026",93,"",""
"42","726GS2032","GS",103,103.05,101,103.05,103.05,103,17175,17.58,"03-Sep-2026",12,"",""
"43","733GS2026","GS",101.9,102.11,101.9,102.11,102.11,102.25,600,0.61,"03-Sep-2026",5,"",""
"44","734GS2064","GS",98.9,98.9,98.8,98.88,98.9,98.83,111203,109.96,"03-Sep-2026",74,"",""
"45","736GS2052","GS",101.5,101.5,101.5,101.5,101.5,102.2,80,0.08,"03-Sep-2026",3,"",""
"46","738GS2027","GS",102.63,102.9,102.42,102.56,102.59,102.63,8901,9.14,"03-Sep-2026",9,"",""
"47","73GS2053","GS",98.85,98.85,98.75,98.77,98.75,98.83,51700,51.09,"03-Sep-2026",11,"",""
"48","741GS2036","GS",105,105,104.4,104.99,104.99,104.4,10203,10.67,"03-Sep-2026",18,"",""
"49","743GS2076","GS",100.6,100.6,99.3,99.75,99.75,99.82,11231,11.2,"03-Sep-2026",38,"",""
"50","746GS2073","GS",106.56,106.56,101.49,101.49,101.5,101.5,4,0,"03-Sep-2026",3,"",""
"51","74GS2062","GS",103.99,103.99,103.98,103.98,103.98,102.99,102,0.11,"03-Sep-2026",3,"",""
"52","754GS2036","GS",106.23,106.23,106.05,106.14,106.14,106.08,265796,282.19,"03-Sep-2026",127,"",""
"53","75GS2034","GS",105,105,105,105,105,105.8,1,0,"03-Sep-2026",1,"",""
"54","771GS2066","GS",104.2,104.25,103.7,103.9,103.9,103.83,36718,38.13,"03-Sep-2026",28,"",""
"55","772GS2055","GS",102.5,102.5,102.5,102.5,102.5,107.5,9,0.01,"03-Sep-2026",1,"",""
"56","795GS2032","GS",104.86,104.86,104.86,104.86,104.86,104.86,2000,2.1,"03-Sep-2026",7,"",""
"57","832GS2032","GS",112,112,106.88,106.94,107,112.5,3,0,"03-Sep-2026",3,"",""
"58","83GS2042","GS",110,110,110,110,110,105.1,217,0.24,"03-Sep-2026",1,"",""
"59","883GS2041","GS",115.25,115.25,115.25,115.25,115.25,115.25,151,0.17,"03-Sep-2026",1,"",""
"60","897GS2030","GS",111.5,111.6,111.5,111.5,111.5,111.5,1507,1.68,"03-Sep-2026",7,"",""
"61","92GS2030","GS",115,116.3,115,115.5,115.5,116.98,16495,19.05,"03-Sep-2026",14,"",""
"62","A2ZINFRA","EQ",16.4,16.89,15.95,15.98,16,16.4,336137,54.49,"03-Sep-2026",692,"",""
"63","AAATECH","EQ",93.04,94.18,92.8,93.17,92.8,93.07,2783,2.6,"03-Sep-2026",82,"",""
"64","AADHARHFC","EQ",479,480.6,471,478.65,476.25,475.4,273006,1306.3,"03-Sep-2026",10829,"",""
"65","AAKAAR","SM",63,63,63,63,63,62,1600,1.01,"03-Sep-2026",1,"",""
"66","AAKASH","EQ",8.67,8.89,8.61,8.77,8.79,8.67,90898,7.92,"03-Sep-2026",301,"",""
"67","AARADHYA","SM",111,111,97.1,100.75,97.1,102.95,16800,17.61,"03-Sep-2026",14,"",""
"68","AAREYDRUGS","EQ",95,95,91.91,94.44,94.79,91.72,146325,137.77,"03-Sep-2026",892,"",""
"69","AARNAV","BE",32.1,32.95,31.04,32.22,32.95,32.1,4159,1.3,"03-Sep-2026",42,"",""
"70","AARON","EQ",125.95,131.01,125.95,128.98,130.2,125.95,13550,17.4,"03-Sep-2026",218,"",""
"71","AARTECH","BE",50.3,50.88,48.5,49.16,49.74,49.81,43226,21.21,"03-Sep-2026",151,"",""
"72","AARTIDRUGS","EQ",420.85,440.6,419.5,425.85,428,417.8,379789,1634.26,"03-Sep-2026",10583,"",""
"73","AARTIIND","EQ",507,511.85,499.7,501.9,503.3,505.2,529276,2672.92,"03-Sep-2026",17576,"",""
"74","AARTIPHARM","EQ",867.25,886.95,854.5,868.1,863.5,867.25,378950,3305.68,"03-Sep-2026",17803,"",""
"75","AARTISURF","BE",526.4,546,510.2,544.25,545,526.05,13975,74.51,"03-Sep-2026",428,"",""
"76","AARVI","EQ",143.88,145.22,140.91,141.35,141.7,143.08,8501,12.09,"03-Sep-2026",320,"",""
"77","AASTHA","EQ",80.99,81,78.13,80.05,80.2,79.19,540815,432.76,"03-Sep-2026",1874,"",""
"78","AAVAS","EQ",1264.9,1304.5,1262,1297.8,1298,1258.7,230500,2968.35,"03-Sep-2026",28673,"",""
"79","ABAN","BE",14.83,15.12,14.55,14.78,14.9,14.83,41138,6.09,"03-Sep-2026",206,"",""
"80","ABANSENT","EQ",27.85,27.85,27,27.45,27.5,27.58,5425,1.49,"03-Sep-2026",76,"",""
"81","ABB","EQ",7438,7475,7405,7432,7432,7447.5,153649,11419.75,"03-Sep-2026",19074,"",""
"82","ABBOTINDIA","EQ",26175,26175,25905,25945,25920,26045,3151,818.17,"03-Sep-2026",1983,"",""
"83","ABCAPITAL","EQ",398.1,402,396.95,402,402,397.05,1903527,7610.32,"03-Sep-2026",42356,"",""
"84","ABCOTS","EQ",213.9,214.75,205.99,207.46,209.7,209.57,1315,2.74,"03-Sep-2026",80,"",""
"85","ABDL","EQ",609.95,615.3,602.3,609.4,607.95,604.4,127184,774.81,"03-Sep-2026",7386,"",""
"86","ABFRL","EQ",50.86,51.7,50.2,50.41,50.45,50.47,3271761,1668.31,"03-Sep-2026",16934,"",""
"87","ABGSEC","EQ",113.4,114.33,113.4,114.33,114.33,113.51,58,0.07,"03-Sep-2026",3,"",""
"88","ABH","ST",84.9,84.9,84.9,84.9,84.9,89.35,8400,7.13,"03-Sep-2026",6,"",""
"89","ABHAPOWER","SM",24,24.95,23.95,23.95,23.95,23.9,8000,1.96,"03-Sep-2026",5,"",""
"90","ABINFRA","BE",11.05,11.7,11.05,11.18,11.2,11.27,166257,18.86,"03-Sep-2026",320,"",""
"91","ABLBL","EQ",82.8,83.99,82.7,83.49,83.72,82.78,615778,513.47,"03-Sep-2026",7133,"",""
"92","ABMINTLLTD","BE",57.22,57.22,57,57,57,56.1,77,0.04,"03-Sep-2026",6,"",""
"93","ABMKNO","EQ",193,193,187.5,188,188,190.9,295,0.56,"03-Sep-2026",14,"",""
"94","ABREL","EQ",1340.7,1386.9,1340.7,1376.9,1379.3,1331.1,242377,3334.33,"03-Sep-2026",23561,"",""
"95","ABSL10BANK","EQ",169.41,169.41,168,168.15,168.1,167.74,573,0.96,"03-Sep-2026",15,"",""
"96","ABSLAMC","EQ",1026,1049.9,1018.2,1045.2,1047.5,1022,201804,2102.39,"03-Sep-2026",11398,"",""
"97","ABSLBANETF","EQ",59.81,59.81,58.83,59.05,59.03,58.64,55244,32.66,"03-Sep-2026",256,"",""
"98","ABSLLIQUID","EQ",999.99,1000.01,999.99,999.99,999.99,999.99,6503,65.03,"03-Sep-2026",29,"",""
"99","ABSLMSCIN","EQ",29.96,29.96,29.39,29.5,29.5,29.37,297,0.09,"03-Sep-2026",10,"",""
"100","ABSLNN50ET","EQ",77.04,77.95,76.25,77.01,77.4,77.04,6251,4.81,"03-Sep-2026",181,"",""
"101","ABSLPSE","EQ",10.17,10.17,10.1,10.11,10.1,10.07,75639,7.65,"03-Sep-2026",315,"",""
"102","ABSMARINE","SM",290,310.1,290,307.15,309,289.6,130500,397.18,"03-Sep-2026",231,"",""
"103","ACC","EQ",1269,1280,1268,1272,1277,1266.6,93466,1191.18,"03-Sep-2026",7140,"",""
"104","ACCELYA","EQ",1141.2,1142,1125,1129.6,1127.1,1135.1,4291,48.58,"03-Sep-2026",687,"",""
"105","ACCENTMIC","SM",598.55,612,598,607.4,612,602.1,23000,139.03,"03-Sep-2026",39,"",""
"106","ACCPL","ST",210,210,202,202,202,205,7200,14.88,"03-Sep-2026",5,"",""
"107","ACCURACY","BE",4.24,4.31,4.06,4.22,4.26,4.26,48044,2,"03-Sep-2026",186,"",""
"108","ACE","EQ",1091,1155,1088.5,1145.5,1145,1090.9,330531,3728.57,"03-Sep-2026",20771,"",""
"109","ACEINTEG","EQ",17.87,17.87,16.81,17.02,17.31,17.27,1304,0.22,"03-Sep-2026",51,"",""
"110","ACGL","EQ",1799.8,1799.8,1765,1790.9,1782,1760,309,5.52,"03-Sep-2026",56,"",""
"111","ACI","EQ",499,510.85,489.35,495.2,497,494.1,666712,3357.5,"03-Sep-2026",26093,"",""
"112","ACL","EQ",43.92,43.99,43.02,43.58,43.9,43.92,11113,4.86,"03-Sep-2026",173,"",""
"113","ACMESOLAR","EQ",398.45,404.9,396.85,401.9,400.55,398.25,854705,3429.05,"03-Sep-2026",36397,"",""
"114","ACSTECH","BE",51.2,52.45,50.25,50.69,51.4,51.25,229078,118.09,"03-Sep-2026",404,"",""
"115","ACUTAAS","EQ",3149.7,3211.6,3149.7,3201,3208,3134.9,211905,6769.37,"03-Sep-2026",37448,"",""
"116","ADANIENSOL","EQ",1398,1412.8,1378,1385.7,1385.7,1396.6,1939729,26926.53,"03-Sep-2026",43497,"",""
"117","ADANIENT","EQ",2905,2920.5,2885.2,2901,2901,2891.8,816124,23673.17,"03-Sep-2026",48710,"",""
"118","ADANIGREEN","EQ",1300,1310.3,1278.6,1283.4,1283.4,1296,1133280,14657.52,"03-Sep-2026",30562,"",""
"119","ADANIPORTS","EQ",1694.9,1710.8,1681.8,1706.5,1706.5,1672.7,3370497,57413.93,"03-Sep-2026",88331,"",""
"120","ADANIPOWER","EQ",209,211.33,206.64,208.29,208.29,207.7,17538881,36684.14,"03-Sep-2026",91637,"",""
"121","ADDICTIVE","SM",44,44,42.9,43,43,44,34000,14.8,"03-Sep-2026",59,"",""
"122","ADDIND","EQ",86.9,88,75,76.69,75,85.29,2206,1.7,"03-Sep-2026",49,"",""
"123","ADFFOODS","EQ",269,269.95,263.85,267.5,267,267.7,59722,159.2,"03-Sep-2026",2229,"",""
"124","ADISOFT","SM",203,205,199.95,200,200,196.7,44800,90.64,"03-Sep-2026",53,"",""
"125","ADL","EQ",76,76,72.01,72.79,72.01,76.4,776,0.57,"03-Sep-2026",14,"",""
"126","ADOR","EQ",1730.3,1739.9,1708,1714.6,1708.7,1730.3,22575,388.41,"03-Sep-2026",3158,"",""
"127","ADROITINFO","EQ",10.61,10.61,10.26,10.31,10.5,10.26,10043,1.04,"03-Sep-2026",83,"",""
"128","ADSL","EQ",104.16,105.82,103.01,104.85,105,103.9,77592,81.08,"03-Sep-2026",1502,"",""
"129","ADVAIT","EQ",2159,2236.1,2115.5,2210.9,2198,2139,56826,1245.35,"03-Sep-2026",7984,"",""
"130","ADVANCE","EQ",118.89,121,116.85,118.53,118.09,117.89,99888,118.22,"03-Sep-2026",1387,"",""
"131","ADVANIHOTR","EQ",49.5,50,49.08,49.18,49.1,49.43,22473,11.11,"03-Sep-2026",339,"",""
"132","ADVENTHTL","EQ",136.45,137.75,134.21,134.98,134.93,136.89,86090,116.66,"03-Sep-2026",1104,"",""
"133","ADVENZYMES","EQ",293.8,298,293.8,296,297.55,292.9,118836,351.46,"03-Sep-2026",2052,"",""
"134","ADVIKCA","EQ",1.17,1.17,1.1,1.13,1.13,1.15,325275,3.69,"03-Sep-2026",274,"",""
"135","AEGISLOG","EQ",1255,1294.9,1235.5,1287.2,1287.9,1241.8,754823,9604.26,"03-Sep-2026",48248,"",""
"136","AEGISVOPAK","EQ",288,298.7,283.15,286.85,286.5,286.3,1926863,5616.31,"03-Sep-2026",36680,"",""
"137","AEPL","EQ",15.48,18.09,15.1,17.09,17.2,15.08,268429,45.42,"03-Sep-2026",1122,"",""
"138","AEQUS","EQ",246.5,256.2,244.61,247.23,246.6,245.62,5020432,12597.21,"03-Sep-2026",63237,"",""
"139","AEROENTER","EQ",141.4,147.44,140.46,142.86,143.54,140.46,671011,971.4,"03-Sep-2026",7670,"",""
"140","AEROFLEX","EQ",545.05,547.9,536.15,542.15,539,540.75,731290,3962.4,"03-Sep-2026",17938,"",""
"141","AERON","SM",78.3,79,77.85,78.8,78.8,75.25,60000,47.26,"03-Sep-2026",11,"",""
"142","AERONEU","EQ",81.6,82.5,78.6,78.99,79.39,80.7,38951,31.43,"03-Sep-2026",735,"",""
"143","AEROPLANE","EQ",180.1,188.21,177.07,188.07,188,179.25,633269,1162.63,"03-Sep-2026",4982,"",""
"144","AESTHETIK","SM",70.4,70.4,69.95,70,70,69,4000,2.8,"03-Sep-2026",4,"",""
"145","AETHER","EQ",1662.7,1692.8,1650.2,1654.7,1654.1,1646.4,137904,2299.89,"03-Sep-2026",17108,"",""
"146","AFCONS","EQ",285.1,296,285,294.7,293.75,285.1,973217,2853.67,"03-Sep-2026",23714,"",""
"147","AFFLE","EQ",1540,1540.2,1489.2,1519.2,1524,1517.9,1325612,19966.88,"03-Sep-2026",68511,"",""
"148","AFFORDABLE","EQ",163.88,163.88,159,159.68,161.75,159.41,12094,19.47,"03-Sep-2026",330,"",""
"149","AFIL","EQ",9.5,9.6,9.29,9.31,9.32,9.39,313894,29.4,"03-Sep-2026",633,"",""
"150","AFSL","EQ",214,214,206,208.77,211.8,210.47,3310,6.95,"03-Sep-2026",145,"",""
"151","AGARIND","EQ",451.9,456.2,439.15,440.5,441.8,450.55,41157,182.84,"03-Sep-2026",2460,"",""
"152","AGARWALEYE","EQ",514,522.9,505.9,511.45,513,514.25,755505,3870.47,"03-Sep-2026",34013,"",""
"153","AGARWALFT","SM",30,30,28.5,28.6,28.6,30,25500,7.55,"03-Sep-2026",11,"",""
"154","AGARWALTUF","SM",130.5,137,130.15,136.3,137,131,16800,22.42,"03-Sep-2026",14,"",""
"155","AGI","EQ",754.5,762.15,739.1,742.2,747,749.45,149192,1118.03,"03-Sep-2026",5103,"",""
"156","AGIIL","EQ",282.85,287,275.75,278.3,277.4,280.75,901682,2545.09,"03-Sep-2026",6788,"",""
"157","AGL","EQ",13.79,13.83,13.52,13.66,13.71,13.79,1278727,174.53,"03-Sep-2026",3060,"",""
"158","AGNI","SM",15.25,15.25,15.25,15.25,15.25,16,2500,0.38,"03-Sep-2026",1,"",""
"159","AGRITECH","EQ",102,102,101,101.1,101,100.9,2440,2.47,"03-Sep-2026",49,"",""
"160","AGROPHOS","EQ",25.75,27,25.1,26.19,26.16,24.99,33501,8.8,"03-Sep-2026",353,"",""
"161","AGSTRA","BZ",1.96,2.04,1.96,1.98,2,1.98,72282,1.45,"03-Sep-2026",205,"",""
"162","AHCL","EQ",15.47,16.25,15.47,15.6,15.6,15.56,5112726,812.93,"03-Sep-2026",6224,"",""
"163","AHIMSA","ST",25.8,25.8,25.8,25.8,25.8,25.8,27000,6.97,"03-Sep-2026",1,"",""
"164","AHLADA","EQ",38.3,38.3,37.02,37.51,37.98,37.27,2175,0.82,"03-Sep-2026",38,"",""
"165","AHLEAST","EQ",143.3,144.2,135,135.86,135.95,142.01,7776,10.68,"03-Sep-2026",238,"",""
"166","AHLUCONT","EQ",602.75,608.9,591.35,595.45,593.9,602.2,58695,351.5,"03-Sep-2026",4370,"",""
"167","AHLWEST","BE",530,535,510.1,512.05,530,535,393,2.09,"03-Sep-2026",15,"",""
"168","AIAENG","EQ",4201.2,4320,4182.1,4272.4,4266.7,4159.7,121873,5200.03,"03-Sep-2026",32618,"",""
"169","AIIL","EQ",514.6,522.15,508.25,519.05,517,507.45,263000,1356.16,"03-Sep-2026",11416,"",""
"170","AILIMITED","SM",21.25,21.25,20.25,21.25,21.25,20.25,15000,3.13,"03-Sep-2026",5,"",""
"171","AIMTRON","SM",1590,1624,1590,1620.35,1622.9,1583.45,13400,216.22,"03-Sep-2026",58,"",""
"172","AIRAN","EQ",15.11,15.11,14.67,14.8,14.83,14.83,37237,5.54,"03-Sep-2026",274,"",""
"173","AIROLAM","EQ",86.51,89,86.07,86.34,86.2,86.51,495,0.43,"03-Sep-2026",22,"",""
"174","AISL","SM",55.05,58.1,55.05,57.1,58.1,57.9,3000,1.69,"03-Sep-2026",4,"",""
"175","AJANTPHARM","EQ",3462.6,3536.7,3456.1,3521.1,3525,3481.7,42779,1500.59,"03-Sep-2026",12287,"",""
"176","AJAXENGG","EQ",573.5,584.75,567.55,579.75,576.45,570.65,50089,289.01,"03-Sep-2026",6106,"",""
"177","AJMERA","EQ",115,118.54,114,115.45,116.45,115.69,355294,415.49,"03-Sep-2026",4597,"",""
"178","AJOONI","EQ",3.72,3.77,3.71,3.71,3.72,3.72,109004,4.07,"03-Sep-2026",231,"",""
"179","AKANKSHA","SM",122.05,130.2,122.05,130.2,130.2,124,19000,24.59,"03-Sep-2026",17,"",""
"180","AKASH","EQ",25.98,25.98,24.57,24.92,24.88,25.2,2153,0.55,"03-Sep-2026",38,"",""
"181","AKCAPIT","EQ",1699.4,1730,1676.5,1697.4,1685,1699.4,182,3.09,"03-Sep-2026",79,"",""
"182","AKG","EQ",9.89,9.89,9.2,9.34,9.39,9.21,23251,2.16,"03-Sep-2026",101,"",""
"183","AKI","EQ",6.57,6.57,6.57,6.57,6.57,5.48,1291990,84.88,"03-Sep-2026",444,"",""
"184","AKIKO","SM",379.1,404,379.1,404,404,379.1,12000,47.33,"03-Sep-2026",14,"",""
"185","AKSHAR","EQ",0.42,0.43,0.42,0.42,0.43,0.42,550317,2.34,"03-Sep-2026",281,"",""
"186","AKSHARCHEM","BE",424,424,424,424,424,403.85,8564,36.31,"03-Sep-2026",119,"",""
"187","AKSHOPTFBR","BE",7.49,7.49,7.05,7.08,7.06,7.41,271880,19.5,"03-Sep-2026",441,"",""
"188","AKUMS","EQ",764.35,788,760.5,780.55,778,770.25,335921,2606.97,"03-Sep-2026",18333,"",""
"189","ALANKIT","EQ",8.12,8.19,7.89,8.02,8.02,7.96,74600,5.96,"03-Sep-2026",419,"",""
"190","ALBERTDAVD","EQ",876,883.9,865,870.15,878.1,871.7,1783,15.52,"03-Sep-2026",275,"",""
"191","ALCODIS","SM",71.85,71.85,71.85,71.85,71.85,67.8,625,0.45,"03-Sep-2026",1,"",""
"192","ALEMBICLTD","EQ",100.52,117.72,100.52,109.51,108.8,100.14,35036495,39497.44,"03-Sep-2026",148298,"",""
"193","ALFREDHE","EQ",2900,3025,2799.9,2898.3,3025,2884,89,2.53,"03-Sep-2026",25,"",""
"194","ALGOQUANT","EQ",63.8,65.21,63.69,64.27,64.16,63.8,984808,632.93,"03-Sep-2026",2066,"",""
"195","ALICON","EQ",678.95,687.9,666,684.55,680,665.5,18575,125.77,"03-Sep-2026",1109,"",""
"196","ALIVUS","EQ",1417.9,1439.4,1405,1418.8,1420,1417.9,79310,1123.92,"03-Sep-2026",7501,"",""
"197","ALKALI","BE",69.5,69.5,66.01,66.52,66.52,68.86,2188,1.48,"03-Sep-2026",44,"",""
"198","ALKEM","EQ",5210,5233.5,5157,5193,5193,5210,95991,4977.07,"03-Sep-2026",11429,"",""
"199","ALKYLAMINE","EQ",1981.8,2021.9,1975.5,2003.2,2004,1975.5,51387,1026.84,"03-Sep-2026",7745,"",""
"200","ALLCARGO","EQ",12.27,12.6,12.1,12.51,12.47,12.27,16724646,2068.64,"03-Sep-2026",15634,"",""
"201","ALLDIGI","EQ",796.55,804.55,790,801.65,801,796.55,4579,36.47,"03-Sep-2026",447,"",""
"202","ALLETEC","SM",127.55,138.5,127.55,133.25,132.6,126.3,39200,52.66,"03-Sep-2026",84,"",""
"203","ALLTIME","EQ",199.1,205,199.1,199.78,199.15,199.61,114574,230.83,"03-Sep-2026",2635,"",""
"204","ALMONDZ","EQ",17.43,17.99,17.43,17.66,17.54,17.43,284483,50.45,"03-Sep-2026",721,"",""
"205","ALOKINDS","EQ",7.79,8.14,7.45,7.53,7.59,7.73,61782463,4825.6,"03-Sep-2026",35602,"",""
"206","ALPA","EQ",63.79,64.6,63.05,63.3,63.3,63.13,5832,3.69,"03-Sep-2026",131,"",""
"207","ALPEXSOLAR","SM",868,894.6,868,877.75,882,866.85,37700,332.27,"03-Sep-2026",285,"",""
"208","ALPHA","EQ",53.94,54.49,53.94,54.27,54.3,53.94,690509,374.66,"03-Sep-2026",1828,"",""
"209","ALPHAETF","EQ",26.75,26.76,26.5,26.52,26.56,26.45,234356,62.29,"03-Sep-2026",631,"",""
"210","ALPHAGEO","BE",308,315,302.2,315,315,300,13073,40.83,"03-Sep-2026",231,"",""
"211","ALPINETEX","EQ",51.12,59.34,51.12,57.17,57.25,51.09,1147753,641.15,"03-Sep-2026",8126,"",""
"212","ALPL30IETF","EQ",27.62,28,27.6,27.76,27.8,27.62,310325,85.95,"03-Sep-2026",1205,"",""
"213","ALUFLUOR","EQ",502,504.05,495.1,502.15,502,502.55,10453,52.51,"03-Sep-2026",263,"",""
"214","ALUWIND","SM",49,49.8,48.5,48.5,48.5,47.1,7500,3.69,"03-Sep-2026",5,"",""
"215","AMAGI","EQ",575.45,575.45,560.5,562.35,565.8,572.8,87295,493.87,"03-Sep-2026",4694,"",""
"216","AMAL","EQ",764.95,764.95,747,749.8,750,749.7,2809,21.18,"03-Sep-2026",190,"",""
"217","AMANTA","BE",190.23,190.23,190.23,190.23,190.23,186.5,19977,38,"03-Sep-2026",54,"",""
"218","AMARJOTHI","EQ",159,159,153.05,158.81,158.9,156.13,360,0.56,"03-Sep-2026",27,"",""
"219","AMBAAUTO","SM",112,112.5,109.55,109.55,109.55,111.85,4000,4.44,"03-Sep-2026",4,"",""
"220","AMBALALSA","BE",44.94,45.5,43.51,43.67,43.51,44.1,24304,10.76,"03-Sep-2026",163,"",""
"221","AMBER","EQ",7445.5,7473,7365,7410,7410,7415,95945,7108.37,"03-Sep-2026",12219,"",""
"222","AMBICAAGAR","EQ",25.29,27.49,24.36,26.33,27.49,24.75,75462,19.31,"03-Sep-2026",249,"",""
"223","AMBIKCO","EQ",1629.2,1650,1625.6,1634.7,1636,1629.2,5755,94.4,"03-Sep-2026",627,"",""
"224","AMBUJACEM","EQ",404,405.05,401.8,405,405,402.7,918055,3700.25,"03-Sep-2026",11589,"",""
"225","AMCL","SM",360,373,351.05,363.5,373,365,7200,25.56,"03-Sep-2026",18,"",""
"226","AMDIND","EQ",57.4,60.99,56.61,58.51,57.73,57.39,160048,95.33,"03-Sep-2026",2227,"",""
"227","AMEYA","SM",108,108,105.6,107.15,107.15,109,6000,6.41,"03-Sep-2026",6,"",""
"228","AMIABLE","SM",61.2,77,61.2,77,77,65,4800,3.38,"03-Sep-2026",3,"",""
"229","AMJLAND","EQ",38.65,39.98,38.65,39.6,39.06,38.61,9245,3.66,"03-Sep-2026",88,"",""
"230","AMNPLST","EQ",181,181,173.61,176.07,175.15,180.32,4307,7.64,"03-Sep-2026",267,"",""
"231","AMRUTANJAN","EQ",502.75,515.45,502.75,507.35,505.1,500.25,67870,345.94,"03-Sep-2026",1336,"",""
"232","ANANDRATHI","EQ",2205,2224.2,2189.9,2205.3,2205.7,2198.3,130218,2865.52,"03-Sep-2026",19588,"",""
"233","ANANTAM","IV",106,106.43,105.65,106,106,106,16222,17.19,"03-Sep-2026",74,"",""
"234","ANANTRAJ","EQ",598,640.25,598,628.3,627,588.85,22186819,139701.64,"03-Sep-2026",331431,"",""
"235","ANAWIL","SM",391.8,397,379.95,382.5,384.95,390,136000,527.65,"03-Sep-2026",321,"",""
"236","ANDHRAPAP","EQ",61.11,65,61.11,63.29,63.5,61.09,750331,472.07,"03-Sep-2026",6209,"",""
"237","ANDHRSUGAR","EQ",99.99,102.4,97.5,101.29,101.75,99.2,1156631,1165.59,"03-Sep-2026",9724,"",""
"238","ANDREWYU","EQ",28.35,28.85,27.81,27.98,28.15,28.15,80346,22.72,"03-Sep-2026",348,"",""
"239","ANGELONE","EQ",280.35,288,280.35,286,286,279.25,4732927,13477.54,"03-Sep-2026",32862,"",""
"240","ANIKINDS","EQ",46.7,46.7,43.96,44.99,45.17,44.77,9572,4.27,"03-Sep-2026",247,"",""
"241","ANKITMETAL","BZ",1.7,1.74,1.68,1.69,1.7,1.71,10419,0.18,"03-Sep-2026",33,"",""
"242","ANLON","SM",649,658,641,658,658,645,4800,31.15,"03-Sep-2026",12,"",""
"243","ANMOL","EQ",10.14,10.14,9.97,10.04,10.12,9.97,23283,2.34,"03-Sep-2026",97,"",""
"244","ANNAPURNA","EQ",146,149,144.02,147.78,147.25,143.73,21152,30.97,"03-Sep-2026",296,"",""
"245","ANNU","BE",74.8,74.8,71.82,71.82,71.82,75.6,2067647,1493.25,"03-Sep-2026",8802,"",""
"246","ANONDITA","SM",1078,1105,1077,1099.9,1105,1060.85,51200,560.05,"03-Sep-2026",200,"",""
"247","ANSALAPI","BZ",3.25,3.32,3.23,3.31,3.24,3.26,11824,0.39,"03-Sep-2026",27,"",""
"248","ANSALBU","EQ",78.91,81.4,75.01,76.35,75.9,78.91,925,0.72,"03-Sep-2026",31,"",""
"249","ANTELOPUS","EQ",985,1075.1,965.4,1013.3,990.6,951.15,19196421,195647.36,"03-Sep-2026",521917,"",""
"250","ANTGRAPHIC","EQ",0.74,0.76,0.73,0.75,0.75,0.73,91374,0.67,"03-Sep-2026",161,"",""
"251","ANTHEM","EQ",940,955,932,950.7,950,934.5,701484,6624.02,"03-Sep-2026",25403,"",""
"252","ANUHPHR","EQ",79.3,81.7,78.1,79.68,79.99,78.94,93225,74.84,"03-Sep-2026",1375,"",""
"253","ANUP","EQ",1801.4,1820,1780,1808,1818,1799.8,16507,296.36,"03-Sep-2026",1987,"",""
"254","ANURAS","EQ",1240.3,1248.9,1235,1240.2,1240.2,1240.3,82580,1024.04,"03-Sep-2026",2051,"",""
"255","ANYA","SM",14.75,15.05,14.75,15.05,15.05,15.4,20000,2.99,"03-Sep-2026",4,"",""
"256","ANZEN","IV",130,130,130,130,130,129,25000,32.5,"03-Sep-2026",1,"",""
"257","AONEGOLD","EQ",14.1,14.33,14.1,14.28,14.25,13.98,427830,61,"03-Sep-2026",1698,"",""
"258","AONELIQUID","EQ",1075.31,1075.31,1075.29,1075.29,1075.29,1075.16,14549,156.45,"03-Sep-2026",94,"",""
"259","AONENIFTY","EQ",10.44,10.44,9.81,9.89,9.9,9.85,118021,11.73,"03-Sep-2026",1066,"",""
"260","AONESILVER","EQ",8.64,8.85,8.64,8.79,8.81,8.64,268580,23.67,"03-Sep-2026",1045,"",""
"261","AONETMMQ50","EQ",10.36,10.37,10.28,10.28,10.37,10.31,71292,7.35,"03-Sep-2026",188,"",""
"262","AONETOTAL","EQ",11.79,11.94,11.79,11.85,11.9,11.83,155842,18.52,"03-Sep-2026",1075,"",""
"263","APARINDS","EQ",16941,17772,16940,17704,17687,16813,208669,36626.86,"03-Sep-2026",56004,"",""
"264","APCL","EQ",100.15,101.49,100,100.1,100.1,100,3882,3.89,"03-Sep-2026",59,"",""
"265","APCOTEXIND","EQ",632.3,658,627.65,650.4,652.5,628.65,349149,2256.43,"03-Sep-2026",11407,"",""
"266","APEX","EQ",370,381.6,363.3,376.75,377.9,367.25,224093,834.98,"03-Sep-2026",8641,"",""
"267","APEXECO","ST",266,268.45,265,265,265,256,4800,12.83,"03-Sep-2026",6,"",""
"268","APLAPOLLO","EQ",2230,2232,2136.5,2159.4,2159.4,2210,1385174,29937.23,"03-Sep-2026",64085,"",""
"269","APLLTD","EQ",833.5,833.5,801.1,803.65,804.6,826.9,163761,1330.93,"03-Sep-2026",11879,"",""
"270","APOLLO","EQ",384,389.75,380.8,383.25,382.5,382.65,3215994,12413.16,"03-Sep-2026",23462,"",""
"271","APOLLOHOSP","EQ",8690,8785.5,8655.5,8692,8692,8719,241427,21050.06,"03-Sep-2026",27976,"",""
"272","APOLLOPIPE","EQ",598.1,619.8,595.1,614.55,618,599.05,162498,988.19,"03-Sep-2026",6343,"",""
"273","APOLLOTYRE","EQ",435.7,439.8,433.1,433.85,434.75,434.15,197622,862.04,"03-Sep-2026",9882,"",""
"274","APOLSINHOT","EQ",1238.9,1239,1212,1233.1,1236.1,1221.2,697,8.57,"03-Sep-2026",62,"",""
"275","APRAMEYA","SM",116.5,120.95,115,120.3,120.95,120.6,8000,9.32,"03-Sep-2026",16,"",""
"276","APS","SM",245.1,252,244,245,245,249.35,13250,32.73,"03-Sep-2026",50,"",""
"277","APSISAERO","ST",599.35,599.35,599.35,599.35,599.35,587.6,2400,14.38,"03-Sep-2026",2,"",""
"278","APTECHT","BE",90.1,92.95,90.1,90.97,90.8,90.78,45018,41.08,"03-Sep-2026",385,"",""
"279","APTUS","EQ",255.55,260.19,253.6,257.31,256.98,254.28,1420310,3654.46,"03-Sep-2026",35473,"",""
"280","AQYLON","EQ",19.8,21.64,19.66,21.59,21.64,20.61,1582720,335.78,"03-Sep-2026",2300,"",""
"281","ARCHIDPLY","EQ",106.52,108,103.6,105.99,106,106.52,19078,20.24,"03-Sep-2026",180,"",""
"282","ARCHIES","EQ",13.02,13.32,12.85,12.91,12.96,12.94,9243,1.2,"03-Sep-2026",97,"",""
"283","ARCIIL","SM",38,38,37,37.9,37.9,39,7000,2.62,"03-Sep-2026",7,"",""
"284","ARCL","EQ",230,235,224.1,228.3,232.5,230,58,0.13,"03-Sep-2026",14,"",""
"285","ARDEE","EQ",56.79,57.73,54.48,54.84,54.96,56.4,4822946,2689.12,"03-Sep-2026",18861,"",""
"286","ARE&M","EQ",873.7,879.4,858,860.4,861.3,871.25,352946,3055.58,"03-Sep-2026",20141,"",""
"287","ARENTERP","EQ",34.9,35.1,34.5,35.06,35.1,34.7,635,0.22,"03-Sep-2026",18,"",""
"288","ARFIN","EQ",88.29,89.65,87.05,89.09,89.17,87.87,1004336,894.85,"03-Sep-2026",2611,"",""
"289","ARHAM","SM",203.05,215,200,214.45,215,206.1,99000,206.97,"03-Sep-2026",56,"",""
"290","ARIES","EQ",500,507.2,488.5,496.6,494.65,495.35,60328,301.28,"03-Sep-2026",2328,"",""
"291","ARIHANT","EQ",890,959.35,890,920.65,937,900.3,2144,19.81,"03-Sep-2026",187,"",""
"292","ARIHANTACA","SM",474.65,500,474.65,496,496,477,3600,17.51,"03-Sep-2026",7,"",""
"293","ARIHANTCAP","EQ",78.68,79.98,77.57,78.52,78.76,78.48,163522,129,"03-Sep-2026",1648,"",""
"294","ARIHANTSUP","EQ",249,249,231.35,236.15,236.7,247.75,30352,73.03,"03-Sep-2026",381,"",""
"295","ARIS","EQ",128.5,132.89,127,129.43,129.89,128.31,1628246,2104.28,"03-Sep-2026",10647,"",""
"296","ARKADE","EQ",119,124.69,119,124.17,123.9,117.93,374251,457.49,"03-Sep-2026",3799,"",""
"297","ARMANFIN","EQ",1954.5,2004.9,1945,1991.9,2000,1947.2,21713,430.73,"03-Sep-2026",3828,"",""
"298","ARMOUR","ST",18,18,17.6,18,18,18,6000,1.07,"03-Sep-2026",3,"",""
"299","AROGRANITE","EQ",24.5,25.05,24.5,24.97,24.98,24.61,2282,0.56,"03-Sep-2026",28,"",""
"300","ARROWGREEN","BE",773,796.9,771,777.4,777,771.2,38395,300.47,"03-Sep-2026",892,"",""
"301","ARSHIYA","BZ",0.68,0.74,0.68,0.73,0.73,0.71,594134,4.14,"03-Sep-2026",211,"",""
"302","ARSSBL","EQ",511.9,520,508.05,514.95,515.8,508.3,106069,545.81,"03-Sep-2026",4917,"",""
"303","ARTEMISMED","EQ",322,324.4,317.5,319.85,319,320.7,95982,307.38,"03-Sep-2026",4724,"",""
"304","ARTNIRMAN","EQ",40.45,41.08,39.05,40.43,40.99,40.25,396,0.16,"03-Sep-2026",23,"",""
"305","ARUNAYA","SM",13.9,15.5,13.9,14.6,14.6,14.2,24000,3.57,"03-Sep-2026",11,"",""
"306","ARVEE","EQ",167.46,173.37,165,165,165,165.81,1083,1.82,"03-Sep-2026",52,"",""
"307","ARVIND","EQ",575,575,562,567,567,574.05,455606,2584.69,"03-Sep-2026",21877,"",""
"308","ARVINDFASN","EQ",461.15,461.2,449.9,454.3,457,461.15,132745,604.89,"03-Sep-2026",11961,"",""
"309","ARVINDPORT","SM",32.05,32.05,31.95,32,32,33.5,16500,5.28,"03-Sep-2026",7,"",""
"310","ARVSMART","EQ",644.95,648.95,635.55,639,640.25,642.4,23247,149.36,"03-Sep-2026",1191,"",""
"311","ARYAMAN","EQ",622.4,638,605,626.5,638,639.95,532,3.26,"03-Sep-2026",22,"",""
"312","ASAHIINDIA","EQ",955.7,965,949.5,962.25,963.05,951.05,118263,1134.94,"03-Sep-2026",11322,"",""
"313","ASAHISONG","BE",374.3,380,368.05,368.8,368.6,367.9,14633,54.7,"03-Sep-2026",172,"",""
"314","ASAL","EQ",474.5,488,474.5,486.3,487.9,473.4,13566,65.46,"03-Sep-2026",587,"",""
"315","ASALCBR","EQ",708.3,712,690,696.05,694,703.8,22698,159.08,"03-Sep-2026",1996,"",""
"316","ASHALOG","SM",63.9,63.9,63.25,63.25,63.25,62,36000,23,"03-Sep-2026",2,"",""
"317","ASHAPURMIN","EQ",554.8,562.65,545.85,547.95,548.5,550.5,284037,1569.74,"03-Sep-2026",12946,"",""
"318","ASHIANA","EQ",369.8,371,366,366.55,366.2,368.3,14643,53.78,"03-Sep-2026",624,"",""
"319","ASHIKAG","BE",425.95,433.9,420.35,429.25,429.9,425.95,7207,30.92,"03-Sep-2026",119,"",""
"320","ASHIMASYN","EQ",18.25,18.25,17.62,17.88,17.99,17.83,34870,6.24,"03-Sep-2026",209,"",""
"321","ASHOKA","EQ",117.39,118.44,116.15,117.32,117.45,117.39,964821,1134.12,"03-Sep-2026",6864,"",""
"322","ASHOKAMET","EQ",14.15,14.15,13.2,13.47,13.57,13.49,13117,1.79,"03-Sep-2026",94,"",""
"323","ASHOKLEY","EQ",168.5,169.35,166.05,169.35,169.35,167.9,9119654,15301.6,"03-Sep-2026",47886,"",""
"324","ASHWINI","SM",183,183,180,180,180,186,3000,5.45,"03-Sep-2026",3,"",""
"325","ASIANENE","EQ",509.45,528.4,499.5,523,522.9,504.1,855583,4449.14,"03-Sep-2026",23549,"",""
"326","ASIANHOTNR","EQ",380.4,389,373.95,383.85,385,379.9,23687,90.86,"03-Sep-2026",976,"",""
"327","ASIANPAINT","EQ",2530,2544,2515.1,2541.6,2541.6,2527.5,589499,14916.76,"03-Sep-2026",39745,"",""
"328","ASIANTILES","EQ",50.29,50.35,49.47,49.96,50.05,50.16,5861094,2927.56,"03-Sep-2026",9521,"",""
"329","ASIANTNE","EQ",10.15,10.15,9.67,9.76,9.76,9.83,3167,0.31,"03-Sep-2026",51,"",""
"330","ASKAUTOLTD","EQ",624,639.5,620.2,632.2,634.9,623.85,205122,1294.16,"03-Sep-2026",8734,"",""
"331","ASMS","BE",7.02,7.36,6.92,7.11,7.2,7.01,194582,13.85,"03-Sep-2026",514,"",""
"332","ASPINWALL","EQ",258,264,252,257.55,263.9,259.85,4005,10.19,"03-Sep-2026",107,"",""
"333","ASPIRE","SM",12.8,13.8,12.8,13.05,13.3,13.45,68000,8.76,"03-Sep-2026",33,"",""
"334","ASSAMENT","EQ",831,831,831,831,831,819,1,0.01,"03-Sep-2026",1,"",""
"335","ASTAR","EQ",581.15,590,577,578.5,577,590,23,0.13,"03-Sep-2026",13,"",""
"336","ASTEC","EQ",571.1,581,570.1,573.25,570.4,572.55,10624,61.07,"03-Sep-2026",868,"",""
"337","ASTERDM","EQ",768,789,754.05,787,785.3,759.9,3077930,23938.93,"03-Sep-2026",89360,"",""
"338","ASTRAL","EQ",1493,1497,1476.7,1495.2,1495.2,1487,640757,9522.86,"03-Sep-2026",20959,"",""
"339","ASTRAMICRO","EQ",1650,1684,1645.1,1665.1,1666,1641.8,162924,2716.5,"03-Sep-2026",15880,"",""
"340","ASTRAZEN","EQ",6868,6960,6835.5,6940.5,6947,6868,4139,286.07,"03-Sep-2026",1563,"",""
"341","ASTRON","BZ",3.05,3.1,2.92,3,3.06,2.98,29095,0.88,"03-Sep-2026",59,"",""
"342","ATALREAL","EQ",26.13,26.45,25.75,25.9,25.9,25.53,9781101,2530.64,"03-Sep-2026",5392,"",""
"343","ATAM","EQ",54.4,56.39,54.25,54.79,54.41,54.78,5818,3.19,"03-Sep-2026",149,"",""
"344","ATCENERGY","ST",22.5,22.5,22.5,22.5,22.5,22.85,1200,0.27,"03-Sep-2026",1,"",""
"345","ATGL","EQ",618.8,622,612.95,614.05,614,614.95,486903,3001.57,"03-Sep-2026",14343,"",""
"346","ATHERENERG","EQ",1673.4,1675,1629.9,1638.9,1638.9,1686.1,4163125,68441.39,"03-Sep-2026",99909,"",""
"347","ATL","EQ",23.77,24.89,23.77,24.26,24.3,23.8,163316,39.7,"03-Sep-2026",1475,"",""
"348","ATLANTAA","EQ",39.3,39.96,39.2,39.86,39.26,39.21,27112,10.73,"03-Sep-2026",851,"",""
"349","ATLANTAELE","EQ",1860,1925,1817.9,1886.4,1892,1838.9,253182,4787.95,"03-Sep-2026",24854,"",""
"350","ATLASCYCLE","EQ",96.4,98.49,94.51,95.44,96.44,95.05,2994,2.87,"03-Sep-2026",115,"",""
"351","ATLPP","E1",9.2,9.2,8.25,9.1,9.1,9.09,2102,0.18,"03-Sep-2026",15,"",""
"352","ATMASTCO","SM",139.2,146.05,139,139.75,139.05,139.1,17200,24.39,"03-Sep-2026",40,"",""
"353","ATUL","EQ",6486,6642.5,6446,6469,6461,6485.5,54621,3565.49,"03-Sep-2026",15052,"",""
"354","ATULAUTO","EQ",467.3,470.8,457.5,461.3,462,466.4,161354,747.76,"03-Sep-2026",4693,"",""
"355","AUBANK","EQ",1082,1083.3,1066.1,1072,1072,1077.9,506657,5427.29,"03-Sep-2026",32757,"",""
"356","AUGMONT","EQ",975,979.95,912,922.7,916.4,952.85,3652464,34646.19,"03-Sep-2026",96061,"",""
"357","AURIONPRO","EQ",693,704,684,686.45,684.5,693,170083,1175.06,"03-Sep-2026",8538,"",""
"358","AUROIMPEX","SM",28.6,28.65,28,28.65,28.65,27.3,14400,4.11,"03-Sep-2026",9,"",""
"359","AUROPHARMA","EQ",1656.1,1666.6,1626.6,1637.3,1637.3,1648.2,920206,15166.91,"03-Sep-2026",49343,"",""
"360","AURUM","EQ",224.95,228.85,224.01,224.76,224.5,224.95,45123,101.83,"03-Sep-2026",1907,"",""
"361","AURUS","EQ",4.55,4.69,4.55,4.62,4.66,4.64,8380,0.38,"03-Sep-2026",58,"",""
"362","AUSL","SM",23.65,25.8,23.65,25.8,25.8,24.65,22000,5.63,"03-Sep-2026",2,"",""
"363","AUSOMENT","EQ",162,162,153.51,159.95,160,156.45,15371,24.43,"03-Sep-2026",150,"",""
"364","AUSTENG","EQ",125,125,122.1,124.7,124.7,121.4,263,0.33,"03-Sep-2026",15,"",""
"365","AUTOAXLES","EQ",1749,1749,1692.6,1705.4,1705,1732.5,4117,70.9,"03-Sep-2026",692,"",""
"366","AUTOBEES","EQ",288.88,290.9,288,288.19,288.3,288.88,147286,425.45,"03-Sep-2026",2716,"",""
"367","AUTOIETF","EQ",29.24,29.24,28.66,28.91,29.02,28.96,698330,202.2,"03-Sep-2026",2223,"",""
"368","AUTOIND","EQ",84.46,98.4,84.46,92.75,93.5,84.68,1837130,1715.22,"03-Sep-2026",13634,"",""
"369","AVADHSUGAR","EQ",814.75,845,812.05,831.1,831,811.7,152917,1267.17,"03-Sep-2026",7085,"",""
"370","AVALON","EQ",2235.4,2265.4,2139.3,2248.6,2255,2189.6,462178,10191.99,"03-Sep-2026",43202,"",""
"371","AVANA","ST",151,152.9,148.1,152.4,152.9,155.85,14000,21.04,"03-Sep-2026",7,"",""
"372","AVANCE","EQ",0.83,0.84,0.82,0.82,0.83,0.82,4293598,35.5,"03-Sep-2026",1173,"",""
"373","AVANTEL","EQ",157.09,158.85,156,156.5,156.7,156.81,469993,738.09,"03-Sep-2026",6639,"",""
"374","AVANTIFEED","EQ",805.9,810,791.9,795.85,797,801.2,274215,2187.54,"03-Sep-2026",15496,"",""
"375","AVG","BE",171.4,174.98,170.2,171.3,171,171.42,13721,23.59,"03-Sep-2026",95,"",""
"376","AVIANSH","SM",104,104.5,104,104.5,104.5,104,2000,2.09,"03-Sep-2026",2,"",""
"377","AVIENCE","SM",277,278.8,269.5,270.5,269.5,272.5,16800,45.9,"03-Sep-2026",27,"",""
"378","AVL","EQ",600.05,618.35,597.1,600.4,599.55,599.85,183361,1112.12,"03-Sep-2026",13061,"",""
"379","AVONMORE","EQ",12.95,13.79,12.85,13.12,13.1,13.1,262918,34.8,"03-Sep-2026",885,"",""
"380","AVPINFRA","SM",58.25,59,58,58.4,58,57.95,14400,8.41,"03-Sep-2026",13,"",""
"381","AVROIND","EQ",9.25,9.6,8.05,8.97,8.69,9.13,1477571,135,"03-Sep-2026",2283,"",""
"382","AVTNPL","EQ",87.36,97,87.35,91.64,92.04,87.16,1865936,1747.65,"03-Sep-2026",16683,"",""
"383","AWFIS","EQ",257,259.4,254.9,256.5,256,256.4,157192,402.97,"03-Sep-2026",4779,"",""
"384","AWHCL","EQ",373,376.25,371,371.4,371.5,372.95,39713,148.13,"03-Sep-2026",2236,"",""
"385","AWL","EQ",192,193.19,190.1,190.79,190.26,191.25,1055619,2022.56,"03-Sep-2026",18679,"",""
"386","AXISBANK","EQ",1265,1278.9,1260.2,1267,1267,1253.9,3309215,42095.59,"03-Sep-2026",84824,"",""
"387","AXISCADES","EQ",1709.9,1745,1679,1730.4,1727.2,1689.7,204487,3520.08,"03-Sep-2026",14410,"",""
"388","AXITA","EQ",8.01,8.53,8.01,8.01,8.02,7.97,1959553,159.44,"03-Sep-2026",1411,"",""
"389","AXTEL","EQ",397,397,394.8,394.8,395,396.75,2503,9.91,"03-Sep-2026",85,"",""
"390","AYE","EQ",172.95,183.5,170.09,180.61,182,171.34,1898393,3413.37,"03-Sep-2026",23689,"",""
"391","AYMSYNTEX","EQ",312,325,308.55,317.25,317.9,312.5,177069,563.33,"03-Sep-2026",4707,"",""
"392","AZAD","EQ",2800,2827.8,2741.2,2766.9,2766,2785.8,265346,7365.11,"03-Sep-2026",19487,"",""
"393","AZADIND","EQ",89.55,91,87.21,90.32,90.99,89.09,20933,18.82,"03-Sep-2026",403,"",""
"394","BABAFP","SM",24.85,25.9,24.85,25.5,25.9,21.6,20800,5.29,"03-Sep-2026",13,"",""
"395","BAFNAPH","BE",307.5,307.5,301.85,301.85,301.85,308,4454,13.54,"03-Sep-2026",57,"",""
"396","BAGFILMS","EQ",4.37,4.4,4.2,4.32,4.29,4.32,82008,3.54,"03-Sep-2026",195,"",""
"397","BAGMANE","RR",106.13,106.5,105.05,106.38,106.47,106.13,565623,599.47,"03-Sep-2026",15372,"",""
"398","BAHETI","SM",846,858,840,849.45,846,840.9,13125,111.55,"03-Sep-2026",27,"",""
"399","BAIDFIN","EQ",9.99,10.15,9.95,10.1,10.08,9.99,63798,6.45,"03-Sep-2026",237,"",""
"400","BAJAJ-AUTO","EQ",12191,12191,11920,11920,11920,12130,304296,36730.84,"03-Sep-2026",31778,"",""
"401","BAJAJCON","EQ",488,511.95,484.75,508.95,511.95,484.55,1590658,8013.84,"03-Sep-2026",33755,"",""
"402","BAJAJELEC","EQ",324,336,324,334.2,335.55,323.6,146224,484.89,"03-Sep-2026",4224,"",""
"403","BAJAJFINSV","EQ",1998,1998,1970,1992.1,1992.1,1990,440070,8719.1,"03-Sep-2026",30102,"",""
"404","BAJAJHCARE","EQ",330,339.9,324.6,325.2,325,329,159404,527.95,"03-Sep-2026",3935,"",""
"405","BAJAJHFL","EQ",82.96,83.47,82.5,82.95,83.02,82.78,2477489,2054.42,"03-Sep-2026",24725,"",""
"406","BAJAJHIND","EQ",21.91,22.55,21.85,22.08,22.04,21.84,37086853,8223.56,"03-Sep-2026",45760,"",""
"407","BAJAJHLDNG","EQ",11070,11260,11028,11165,11165,11100,114534,12767.61,"03-Sep-2026",18110,"",""
"408","BAJAJINDEF","EQ",221.34,226,220,220.84,221.79,221.34,10047,22.25,"03-Sep-2026",374,"",""
"409","BAJAJST","EQ",350.05,374.95,350,361.5,362.45,352,22260,80.39,"03-Sep-2026",536,"",""
"410","BAJEL","EQ",186,187.67,183.1,185.69,186.25,185.3,149050,276.38,"03-Sep-2026",2414,"",""
"411","BAJFINANCE","EQ",1057.1,1059.7,1043.2,1049,1049,1055.9,6626755,69595.86,"03-Sep-2026",86333,"",""
"412","BALAJEE","EQ",26.98,26.98,26,26.15,26.22,26.25,28150,7.35,"03-Sep-2026",201,"",""
"413","BALAJIPHOS","SM",119.9,121.5,107,108.25,108,116,31000,35.9,"03-Sep-2026",29,"",""
"414","BALAJITELE","EQ",91.49,92.79,90.35,91.31,91.2,91.09,48642,44.53,"03-Sep-2026",693,"",""
"415","BALAMINES","EQ",2400,2432,2375.1,2417.8,2428,2390.1,113802,2735.94,"03-Sep-2026",12327,"",""
"416","BALAXI","EQ",26.99,26.99,24.41,25.8,25.42,25.01,222864,57.01,"03-Sep-2026",1064,"",""
"417","BALKRISHNA","EQ",17,17.89,17,17.48,17.49,16.7,24679,4.34,"03-Sep-2026",94,"",""
"418","BALKRISIND","EQ",2333.6,2385,2305.2,2327.3,2322,2329.1,435290,10199.9,"03-Sep-2026",58955,"",""
"419","BALMLAWRIE","EQ",176.5,177.41,176.5,176.93,177.07,176.06,78208,138.39,"03-Sep-2026",1392,"",""
"420","BALPHARMA","EQ",85.5,90.5,85.13,87.71,87.65,85.65,55530,49.35,"03-Sep-2026",593,"",""
"421","BALRAMCHIN","EQ",670.5,722,665.05,704.35,703.45,669.75,8596034,60237.48,"03-Sep-2026",144210,"",""
"422","BALUFORGE","EQ",588,622,563.2,570.35,570.2,578.4,3284539,19310.27,"03-Sep-2026",53957,"",""
"423","BANARBEADS","EQ",113.1,116.5,112.05,114.85,114.85,114.15,1785,2.03,"03-Sep-2026",55,"",""
"424","BANARISUG","EQ",3884.8,3969,3850,3874.7,3855,3864.8,1510,58.81,"03-Sep-2026",279,"",""
"425","BANCOINDIA","EQ",621,622,613.6,616.9,619,613.6,66260,409.12,"03-Sep-2026",6361,"",""
"426","BANDHANBNK","EQ",163.49,168.18,162.66,164.23,164.23,161.52,6048725,10029.57,"03-Sep-2026",33991,"",""
"427","BANG","EQ",34.34,34.84,33.4,34.17,33.98,33.49,52743,17.95,"03-Sep-2026",474,"",""
"428","BANK10ADD","EQ",16.85,16.99,16.85,16.96,16.97,16.78,12847,2.18,"03-Sep-2026",62,"",""
"429","BANK10BETF","EQ",20.69,20.69,20.69,20.69,20.69,20.61,222,0.05,"03-Sep-2026",1,"",""
"430","BANKA","EQ",81,81,74.11,75.27,74.56,77.2,3118,2.37,"03-Sep-2026",52,"",""
"431","BANKADD","EQ",59.14,59.23,58.82,58.95,58.83,58.56,53619,31.65,"03-Sep-2026",67,"",""
"432","BANKBARODA","EQ",241.57,244.16,240.16,240.44,240.44,241.2,4789865,11585.97,"03-Sep-2026",36330,"",""
"433","BANKBEES","EQ",594.06,598.3,594.06,596.02,596.49,592.76,612190,3654.94,"03-Sep-2026",5392,"",""
"434","BANKBETA","EQ",59.57,59.73,59.36,59.58,59.62,59.23,111827,66.66,"03-Sep-2026",386,"",""
"435","BANKBETF","EQ",58.35,58.93,57.19,58.4,58.54,58.06,7667,4.49,"03-Sep-2026",284,"",""
"436","BANKETF","EQ",586.42,588.5,584.68,586,586.32,583.37,16567,97.3,"03-Sep-2026",251,"",""
"437","BANKIETF","EQ",59.5,59.5,58.9,59.14,59.1,58.77,1641019,972.05,"03-Sep-2026",1875,"",""
"438","BANKINDIA","EQ",143.9,146.15,142.5,145,145,143.1,8139407,11811.14,"03-Sep-2026",37934,"",""
"439","BANKNIFTY1","EQ",60.49,60.49,59.6,59.75,59.6,59.3,117333,70.2,"03-Sep-2026",679,"",""
"440","BANKPSU","EQ",86.46,87.25,86.3,86.33,86.38,85.6,17899,15.52,"03-Sep-2026",62,"",""
"441","BANSALWIRE","EQ",322.9,322.9,316.8,319,319.4,319.75,61033,194.45,"03-Sep-2026",2607,"",""
"442","BANSWRAS","EQ",119.64,122.5,116.65,117.78,117.17,118.99,31789,37.77,"03-Sep-2026",526,"",""
"443","BARFLEX","SM",60,60.9,60,60.9,60.9,60,4000,2.42,"03-Sep-2026",2,"",""
"444","BASF","EQ",3829.9,3897.9,3810.2,3832.4,3855,3811,12087,464.64,"03-Sep-2026",2993,"",""
"445","BASILIC","SM",197.8,197.8,192.3,193.95,194,192.05,10500,20.46,"03-Sep-2026",35,"",""
"446","BASML","BE",24.77,25.4,24.77,25.02,25.25,25,24384,6.11,"03-Sep-2026",63,"",""
"447","BATAINDIA","EQ",671.45,680.25,671.1,677.4,676,670.45,88601,598.64,"03-Sep-2026",6682,"",""
"448","BATLIBOI","EQ",93.99,93.99,87,88.39,88.11,93.57,65800,59.75,"03-Sep-2026",1244,"",""
"449","BAWEJA","ST",25.8,25.95,25.8,25.95,25.95,25.8,6400,1.66,"03-Sep-2026",5,"",""
"450","BAYERCROP","EQ",3998.9,4009,3936,3960.8,3967,3979.5,19211,763.3,"03-Sep-2026",3806,"",""
"451","BBETF0432","EQ",1349.99,1349.99,1342.01,1342.98,1343,1340.67,14956,200.86,"03-Sep-2026",31,"",""
"452","BBL","EQ",2311,2329.6,2289.2,2298.3,2305,2288.2,22074,508.38,"03-Sep-2026",2615,"",""
"453","BBNPNBETF","EQ",57.16,58.42,57.03,57.15,57.3,57.44,2204,1.27,"03-Sep-2026",24,"",""
"454","BBNPPGOLD","EQ",148.45,148.75,147.25,147.5,148.3,144.65,126705,186.77,"03-Sep-2026",68,"",""
"455","BBOX","EQ",732.85,737.4,718.55,720.9,718.65,725.2,236720,1721.06,"03-Sep-2026",14465,"",""
"456","BBTC","EQ",1504.5,1515.1,1495,1501.6,1504,1492.7,54804,825.22,"03-Sep-2026",3962,"",""
"457","BBTCL","EQ",224.33,234.5,224.33,233.77,234,223.45,6752,15.65,"03-Sep-2026",250,"",""
"458","BCG","EQ",8.98,9.09,8.94,9,9.06,8.92,2582976,232.31,"03-Sep-2026",2851,"",""
"459","BCLIND","EQ",36.27,36.69,36.07,36.22,36.09,36.07,304892,110.8,"03-Sep-2026",2385,"",""
"460","BCONCEPTS","EQ",165,168,160.5,165.43,168,165.27,13611,22.33,"03-Sep-2026",679,"",""
"461","BCPL","EQ",68,68,67.34,67.77,67.5,67.85,5527,3.74,"03-Sep-2026",240,"",""
"462","BDL","EQ",1253.7,1271.9,1250,1257.7,1257.7,1253.7,600045,7557.84,"03-Sep-2026",26832,"",""
"463","BEACON","SM",83.2,88.1,83.2,87.3,87.4,86.65,15000,12.97,"03-Sep-2026",14,"",""
"464","BEARDSELL","EQ",25.4,26.38,24.9,25.41,25.85,24.94,11874,2.99,"03-Sep-2026",252,"",""
"465","BECTORFOOD","EQ",231.44,231.79,223.19,229.41,231.42,228.31,1222039,2791.85,"03-Sep-2026",17370,"",""
"466","BEDMUTHA","EQ",106.4,113,104.1,112.23,112.9,107.96,11259,12.15,"03-Sep-2026",160,"",""
"467","BEEKAY","EQ",404,420,404,419.55,415.55,404.3,2983,12.34,"03-Sep-2026",65,"",""
"468","BEL","EQ",406.05,410.3,405.15,408.6,408.6,405.75,7803527,31860.39,"03-Sep-2026",80255,"",""
"469","BELLACASA","EQ",247.86,247.86,236,239.51,240,242.9,31365,74.76,"03-Sep-2026",681,"",""
"470","BELRISE","EQ",236.86,239.2,235.37,238.11,237.25,234.31,3416101,8128.14,"03-Sep-2026",44868,"",""
"471","BEML","EQ",2050,2090,2031.6,2079.4,2066.1,2032.4,801498,16582.13,"03-Sep-2026",49128,"",""
"472","BENARAS","EQ",10200,10249,10160,10200,10200,10155,96,9.78,"03-Sep-2026",24,"",""
"473","BENGALASM","EQ",6470,6600,6212,6375,6437.5,6474,2123,134.67,"03-Sep-2026",433,"",""
"474","BEPL","EQ",127.5,131.5,127.42,129.74,129.6,127.29,2284069,2966.42,"03-Sep-2026",18411,"",""
"475","BERGEPAINT","EQ",489,497,485.4,491.4,489.3,488.05,188441,925.35,"03-Sep-2026",12165,"",""
"476","BESTAGRO","EQ",20,20.7,19.86,20.34,20.4,18.82,4461640,908.85,"03-Sep-2026",9130,"",""
"477","BETA","EQ",2145,2285,2145,2258.9,2280,2137,27003,602.24,"03-Sep-2026",3461,"",""
"478","BEWLTD","SM",48.25,49.5,48,49.3,49,48.5,8500,4.15,"03-Sep-2026",15,"",""
"479","BFINVEST","EQ",456.9,488,452.65,469.45,472.6,452.95,195623,928.91,"03-Sep-2026",7946,"",""
"480","BFSI","EQ",27.38,27.38,26.9,27.02,27,26.84,178176,48.33,"03-Sep-2026",582,"",""
"481","BFUTILITIE","EQ",500.05,585.8,500.05,544,540,500.65,4460017,25161.61,"03-Sep-2026",92710,"",""
"482","BGRENERGY","BE",246.5,246.5,232.54,238.44,237.4,244.77,96478,227.1,"03-Sep-2026",1141,"",""
"483","BHADORA","ST",105.15,109.95,104,108.1,106.5,105,18000,19.24,"03-Sep-2026",14,"",""
"484","BHAGCHEM","EQ",269.7,269.7,264.75,266.3,267,268.1,38601,102.84,"03-Sep-2026",751,"",""
"485","BHAGERIA","BE",284.9,290.15,277,290.15,290.15,276.35,390157,1123.36,"03-Sep-2026",2055,"",""
"486","BHAGYANGR","EQ",385.2,385.2,371.2,373.45,374.1,380.4,83095,312.82,"03-Sep-2026",2839,"",""
"487","BHANDARI","EQ",2.98,3.06,2.92,3,3.01,2.98,171835,5.16,"03-Sep-2026",264,"",""
"488","BHARATCOAL","EQ",34.42,34.43,33.75,33.8,33.9,33.92,3742097,1271.81,"03-Sep-2026",13955,"",""
"489","BHARATFORG","EQ",2025,2033,1978.3,1981,1981,2031.8,1921003,38341.85,"03-Sep-2026",39860,"",""
"490","BHARATGEAR","BE",102.59,106,102.09,104.49,104.5,102.08,20885,21.87,"03-Sep-2026",183,"",""
"491","BHARATRAS","EQ",1217,1218.9,1179,1184.2,1188,1203.3,33577,398.86,"03-Sep-2026",2897,"",""
"492","BHARATSE","EQ",213.89,217,212.02,213.69,213.8,214,91773,196.4,"03-Sep-2026",1676,"",""
"493","BHARATWIRE","EQ",175.5,181.99,175.5,180.42,180,175.76,114006,204.35,"03-Sep-2026",2747,"",""
"494","BHARTIARTL","EQ",1855.6,1869,1855.6,1869,1869,1862.8,3700992,69051.01,"03-Sep-2026",82528,"",""
"495","BHARTIHEXA","EQ",1524,1534.9,1501,1505.6,1504.9,1531.1,54312,819.7,"03-Sep-2026",6112,"",""
"496","BHEL","EQ",428.5,432.7,424.05,431.8,431.8,427.5,5980404,25672.25,"03-Sep-2026",59745,"",""
"497","BI","BE",88.89,91.39,87.04,91.29,91.39,87.04,25313,22.64,"03-Sep-2026",153,"",""
"498","BIGBLOC","EQ",41.1,42.5,40.51,41.29,42.05,41.24,29104,12.01,"03-Sep-2026",561,"",""
"499","BIKAJI","EQ",595,595.35,584.2,587.15,586.6,590.2,218603,1283.82,"03-Sep-2026",12701,"",""
"500","BIKEWO","ST",109.9,109.9,101.4,102.9,101.4,104.7,108000,113.41,"03-Sep-2026",47,"",""
"501","BIL","EQ",862.8,930,862.8,915.85,919.6,893.2,21553,196.33,"03-Sep-2026",983,"",""
"502","BILVYAPAR","BE",3.92,4.08,3.91,3.98,3.98,3.9,2400,0.1,"03-Sep-2026",27,"",""
"503","BIMETAL","EQ",640.95,641,621,630.45,631,638.9,392,2.46,"03-Sep-2026",34,"",""
"504","BIOCON","EQ",402.5,405.7,400.6,402,402,401,1279896,5151.99,"03-Sep-2026",15068,"",""
"505","BIOFILCHEM","EQ",32.1,32.68,31.71,31.97,32.44,31.95,23209,7.4,"03-Sep-2026",149,"",""
"506","BIOPOL","SM",39.5,43.6,39.5,43.6,43.6,41.55,250800,104.22,"03-Sep-2026",125,"",""
"507","BIRET","RR",341.79,346.95,339,342.37,344.99,341.39,432726,1477.06,"03-Sep-2026",11182,"",""
"508","BIRLACABLE","BE",347.8,358.65,347.2,358.65,358.65,341.6,172631,614.83,"03-Sep-2026",1176,"",""
"509","BIRLACORPN","EQ",880,886.1,866.55,880.9,876,867.4,28649,251.24,"03-Sep-2026",3104,"",""
"510","BIRLAMONEY","EQ",126.5,129,126.49,127.15,127.2,126.47,14480,18.45,"03-Sep-2026",406,"",""
"511","BIRLANU","EQ",1427.1,1445.5,1420,1423.5,1426,1422.3,7403,105.98,"03-Sep-2026",845,"",""
"512","BIRLAPREC","EQ",42.77,51.67,42.75,51.67,51.67,43.11,984427,496.52,"03-Sep-2026",3643,"",""
"513","BLACKBUCK","EQ",581.7,585.8,572.65,582.4,580,581.65,185027,1072.33,"03-Sep-2026",12396,"",""
"514","BLACKROSE","BE",112.8,115,112.1,112.43,112.1,112.64,10041,11.33,"03-Sep-2026",100,"",""
"515","BLAL","EQ",164.98,165.23,161.81,161.93,162,163.27,32932,53.55,"03-Sep-2026",1011,"",""
"516","BLBLIMITED","EQ",17.11,17.4,16.18,16.96,16.81,17.11,444496,74.19,"03-Sep-2026",1150,"",""
"517","BLEL","EQ",448.8,465.5,443.2,454.25,452.5,445.25,1940745,8872.66,"03-Sep-2026",33833,"",""
"518","BLIL","EQ",72.11,72.95,71.92,72.47,72.25,72.11,91512,66.29,"03-Sep-2026",965,"",""
"519","BLISSGVS","BE",660,665,635,639.35,637,648.65,124902,806.12,"03-Sep-2026",2275,"",""
"520","BLKASHYAP","EQ",56.03,58.25,55.92,57.6,57.19,55.75,526293,300.92,"03-Sep-2026",2478,"",""
"521","BLS","EQ",235.5,242,234.23,240.15,238.8,235.22,1230544,2944.95,"03-Sep-2026",15542,"",""
"522","BLSE","EQ",325,325.6,319.65,323.65,324.1,322.85,148227,479.42,"03-Sep-2026",2212,"",""
"523","BLUECLOUDS","EQ",20.01,20.34,19.69,19.9,19.85,19.89,1111985,221.49,"03-Sep-2026",3031,"",""
"524","BLUECOAST","BE",22.01,23.17,22.01,23.16,23.16,22.07,1787,0.4,"03-Sep-2026",30,"",""
"525","BLUEDART","EQ",5008.5,5049.6,4981.1,5028.8,5030,5017.5,4042,202.64,"03-Sep-2026",1395,"",""
"526","BLUEJET","EQ",583.2,586.25,577,579,580.35,580.35,186895,1086.13,"03-Sep-2026",8230,"",""
"527","BLUEPEBBLE","SM",70,70.2,69.95,70,70,69.05,6800,4.76,"03-Sep-2026",13,"",""
"528","BLUESTARCO","EQ",1458.8,1508.9,1455.3,1485.7,1485.7,1445.3,480553,7157.92,"03-Sep-2026",28022,"",""
"529","BLUESTONE","EQ",813.4,827.9,798.05,804.9,802,813.4,349670,2833.56,"03-Sep-2026",15057,"",""
"530","BLUEWATER","ST",490,500,484.15,497.95,497.95,487,10000,49.18,"03-Sep-2026",9,"",""
"531","BLUSPRING","EQ",135.9,136.64,129.2,134.25,134.4,132.44,673766,899.02,"03-Sep-2026",8579,"",""
"532","BMETRICS","SM",37,37,32.25,34.7,34.7,35.85,5600,1.94,"03-Sep-2026",7,"",""
"533","BMLL","SM",164.9,166.65,155.15,162.3,163.7,160.9,73000,118.76,"03-Sep-2026",61,"",""
"534","BMWVENTLTD","EQ",56.23,56.23,55.01,55.13,55.15,55.23,26435,14.62,"03-Sep-2026",754,"",""
"535","BNAGROCHEM","EQ",225,230,217.51,226.73,220,225,15402,34.65,"03-Sep-2026",89,"",""
"536","BNALTD","BE",360,360,360,360,360,355.1,18,0.06,"03-Sep-2026",1,"",""
"537","BNKETFAXIS","EQ",593.9,596,592.47,593,593,589.07,6331,37.61,"03-Sep-2026",44,"",""
"538","BODALCHEM","EQ",145.89,159.99,145.8,150.76,150.2,145.45,10696354,16470.97,"03-Sep-2026",59252,"",""
"539","BOHRAIND","EQ",13.05,13.05,11.6,12.35,12.26,12.36,2562,0.32,"03-Sep-2026",46,"",""
"540","BOMDYEING","EQ",114.07,115.8,112.54,113.19,113.2,113.86,512234,583.27,"03-Sep-2026",3697,"",""
"541","BONLON","EQ",40.85,42.73,40.25,40.66,40.71,40.24,2507,1.03,"03-Sep-2026",57,"",""
"542","BORANA","EQ",308.25,309.85,290,300.35,305,304.9,24813,75.55,"03-Sep-2026",564,"",""
"543","BOROLTD","EQ",249.92,252.8,246.9,248.63,247.11,249.92,156355,390.94,"03-Sep-2026",4129,"",""
"544","BORORENEW","EQ",496.9,505.85,494.95,497.5,501,495.75,348456,1743.89,"03-Sep-2026",12799,"",""
"545","BOROSCI","EQ",132.6,138.1,131.81,134.93,137.99,131.31,103124,139.45,"03-Sep-2026",1850,"",""
"546","BOSCH-HCIL","EQ",1733.9,1808.9,1724.8,1777.7,1762.9,1733.9,87526,1550.24,"03-Sep-2026",8133,"",""
"547","BOSCHLTD","EQ",47230,47480,46720,47000,47000,47250,23197,10905.73,"03-Sep-2026",10173,"",""
"548","BOSS","SM",54.8,56.7,54.8,56.6,56.6,54,14000,7.83,"03-Sep-2026",7,"",""
"549","BPCL","EQ",318.4,321.95,317.2,320.05,320.05,319.6,4704414,15036.18,"03-Sep-2026",33649,"",""
"550","BPL","EQ",49.31,50.94,49.16,49.31,49.16,49.78,56854,28.23,"03-Sep-2026",572,"",""
"551","BPLPHARMA","EQ",1568.3,1568.3,1512.4,1520.8,1520,1518.2,897,13.64,"03-Sep-2026",101,"",""
"552","BRAHMINFRA","EQ",167.5,167.97,160.03,162.17,161.85,164.96,11052,18.18,"03-Sep-2026",454,"",""
"553","BRANDMAN","SM",188,188,170.4,172.55,173.95,184.95,32000,56.9,"03-Sep-2026",37,"",""
"554","BRIGADE","EQ",646.45,733,642.7,712.3,725,640,5390980,37343.32,"03-Sep-2026",127811,"",""
"555","BRIGHOTEL","EQ",58.75,59.39,58.7,58.95,58.9,58.42,55314,32.59,"03-Sep-2026",1515,"",""
"556","BRIGHTBR","EQ",257.95,260,250,254.6,257.75,258.25,2736,6.97,"03-Sep-2026",47,"",""
"557","BRITANNIA","EQ",5131.5,5146,5079,5130,5130,5154,225559,11555.72,"03-Sep-2026",20235,"",""
"558","BRNL","EQ",17.48,17.48,17,17.12,17.07,17.11,12834,2.21,"03-Sep-2026",157,"",""
"559","BROOKS","BE",65.15,65.95,64,64.15,64.16,65.1,24891,16.04,"03-Sep-2026",74,"",""
"560","BSE","EQ",3199.9,3316.5,3198.9,3306.1,3306.1,3168,6036100,197204.99,"03-Sep-2026",218721,"",""
"561","BSE500IETF","EQ",39.26,39.58,39.26,39.41,39.36,39.26,112026,44.16,"03-Sep-2026",753,"",""
"562","BSHSL","EQ",91.8,91.8,89,89.46,89.4,89.91,10598,9.52,"03-Sep-2026",128,"",""
"563","BSL","EQ",124,132.98,121.65,123.22,122.71,122.12,53035,67.83,"03-Sep-2026",793,"",""
"564","BSLGOLDETF","EQ",135.64,135.64,133.2,134.18,133.9,131.74,336861,451.82,"03-Sep-2026",2149,"",""
"565","BSLNIFTY","EQ",28.29,28.29,28.01,28.07,28.14,28.1,1249902,351.04,"03-Sep-2026",5355,"",""
"566","BSLSENETFG","EQ",76.51,77.94,76.51,77.15,77.5,77.23,5332,4.13,"03-Sep-2026",84,"",""
"567","BSOFT","EQ",295.25,297.55,290,293.25,294.5,294.4,633327,1857.85,"03-Sep-2026",16431,"",""
"568","BTML","EQ",8.24,8.59,8.08,8.49,8.5,8.08,406000,34.2,"03-Sep-2026",477,"",""
"569","BTTL","BE",42.09,43.5,40.5,42.66,42.9,42.09,4578,1.9,"03-Sep-2026",37,"",""
"570","BUILDPRO","EQ",1270,1297,1261.3,1288.8,1296.4,1261.8,22417,287.24,"03-Sep-2026",1635,"",""
"571","BULKCORP","ST",74,75.6,74,75.6,75.6,72,109200,82.52,"03-Sep-2026",25,"",""
"572","BURNPUR","EQ",20,20.54,19.96,20.54,20.54,19.57,68591,13.97,"03-Sep-2026",208,"",""
"573","BUTTERFLY","EQ",616.55,617.95,608,613.6,614,614.25,12917,79.07,"03-Sep-2026",760,"",""
"574","BVCL","EQ",43.49,43.49,42.62,43.14,43.14,42.93,4724,2.04,"03-Sep-2026",57,"",""
"575","BYKE","BE",31.73,32,31,31.9,31.9,31.72,35594,11.23,"03-Sep-2026",91,"",""
"576","C2C","SM",224,230,220.5,223.85,223.9,224.5,77400,172.7,"03-Sep-2026",341,"",""
"577","CALSOFT","BE",43.09,43.13,42,43.13,43.13,41.08,708394,305.25,"03-Sep-2026",2006,"",""
"578","CAMLINFINE","EQ",103.6,105,99,102.28,102.19,102.8,1859508,1886.27,"03-Sep-2026",17394,"",""
"579","CAMPUS","EQ",222.4,224.7,220.41,223.97,223.64,220.87,453448,1011.1,"03-Sep-2026",9869,"",""
"580","CAMS","EQ",745,752.15,737,747.4,747.4,741.85,1321035,9853.33,"03-Sep-2026",49843,"",""
"581","CANARYS","SM",24.3,26.2,24.3,25.8,25.8,25.3,80000,20.48,"03-Sep-2026",18,"",""
"582","CANBK","EQ",126.78,128.69,125.71,125.8,125.8,126.3,13360020,17003.08,"03-Sep-2026",71855,"",""
"583","CANFINHOME","EQ",804,806.1,792.6,804.95,805.2,795.3,245608,1967.07,"03-Sep-2026",10429,"",""
"584","CANHLIFE","EQ",154.67,155.2,152.9,154.31,154.2,152.81,190371,293.72,"03-Sep-2026",4838,"",""
"585","CANTABIL","EQ",238.1,240.1,237.5,237.74,237.95,236.6,54289,129.63,"03-Sep-2026",1028,"",""
"586","CAPACITE","EQ",205.1,211,205.1,208.88,210.01,205.02,183326,382.16,"03-Sep-2026",2656,"",""
"587","CAPILLARY","EQ",490,490,478.1,480.05,482,484,69647,335.98,"03-Sep-2026",4231,"",""
"588","CAPINVIT","IV",76.26,76.98,76,76.19,76.2,76.25,237318,181.22,"03-Sep-2026",2731,"",""
"589","CAPITALSFB","EQ",281.95,284.9,280.5,281.85,280.5,283.25,38166,107.7,"03-Sep-2026",502,"",""
"590","CAPLIPOINT","EQ",2712,2877.3,2663.1,2845,2835.1,2720.5,840705,23641.74,"03-Sep-2026",82371,"",""
"591","CAPTRUST","BE",19.76,19.99,19.1,19.76,19.99,19.76,48248,9.5,"03-Sep-2026",92,"",""
"592","CARBORUNIV","EQ",1077,1088.8,1070,1078,1072.2,1071.5,73895,797.89,"03-Sep-2026",6958,"",""
"593","CARERATING","EQ",1683,1718.8,1678.3,1708.4,1706.2,1683,25449,434.11,"03-Sep-2026",3733,"",""
"594","CARRARO","EQ",537,543.85,531.5,533.95,532.5,542,42953,230.67,"03-Sep-2026",5833,"",""
"595","CARTRADE","EQ",2949,3024,2888.7,2992.2,3012,2932.3,333812,9958.14,"03-Sep-2026",34925,"",""
"596","CARYSIL","EQ",1139.2,1165.8,1129.7,1157,1160,1139.2,58665,674.92,"03-Sep-2026",4548,"",""
"597","CASHIETF","EQ",1078.95,1078.95,1077.98,1077.99,1078,1077.86,1134897,12234.17,"03-Sep-2026",217,"",""
"598","CASTROLIND","EQ",186.5,186.95,185.22,186.42,186.65,186.08,875113,1628.95,"03-Sep-2026",15208,"",""
"599","CBAZAAR","ST",4.5,4.5,4.5,4.5,4.5,4.5,8000,0.36,"03-Sep-2026",1,"",""
"600","CCAVENUE","EQ",15.62,15.79,15.28,15.4,15.45,15.5,13443200,2072.41,"03-Sep-2026",10812,"",""
"601","CCCL","EQ",14.31,14.5,14.05,14.19,14.17,14.31,112121,15.99,"03-Sep-2026",397,"",""
"602","CCHHL","EQ",12.41,12.69,12.41,12.64,12.64,12.42,5408,0.68,"03-Sep-2026",78,"",""
"603","CCL","EQ",1091.6,1119.5,1089.7,1107.3,1101,1086.1,164624,1817.52,"03-Sep-2026",20253,"",""
"604","CDSL","EQ",1370,1397.3,1367,1394,1394,1365.2,921968,12763.09,"03-Sep-2026",33294,"",""
"605","CEATLTD","EQ",3355,3390,3310.1,3315.3,3320,3347.8,87197,2921.39,"03-Sep-2026",20462,"",""
"606","CEDAAR","ST",12.8,13.9,12.75,13.7,13.7,13.3,5000,0.67,"03-Sep-2026",5,"",""
"607","CEIGALL","EQ",341.05,357.5,337.55,347.55,346,340.6,2426828,8380.56,"03-Sep-2026",25568,"",""
"608","CEINSYS","EQ",701.35,713.8,675,678.65,679.65,697.9,82259,566.05,"03-Sep-2026",5492,"",""
"609","CELEBRITY","EQ",6.75,6.85,6.61,6.74,6.77,6.75,13050,0.88,"03-Sep-2026",55,"",""
"610","CELLECOR","SM",33,33,32,32.5,32.5,32.9,30000,9.67,"03-Sep-2026",9,"",""
"611","CELLO","EQ",348.4,349.95,341.05,343.45,341.6,347.6,235746,811.44,"03-Sep-2026",9269,"",""
"612","CELLPOINT","SM",15.5,15.5,15.35,15.35,15.35,16,3600,0.56,"03-Sep-2026",3,"",""
"613","CEMNTGROWW","EQ",14.58,14.78,14.5,14.64,14.63,14.53,89812,13.09,"03-Sep-2026",417,"",""
"614","CEMPRO","EQ",1242,1297.5,1227.5,1296.9,1297.5,1235.8,340226,4380.8,"03-Sep-2026",12387,"",""
"615","CENTENKA","EQ",620,635,608.95,616.65,612,602.35,1862847,11512.59,"03-Sep-2026",45489,"",""
"616","CENTEXT","EQ",22.6,22.9,21.05,21.24,21.49,22.49,446705,97.44,"03-Sep-2026",2097,"",""
"617","CENTRALBK","EQ",30.5,31.1,30.46,30.77,30.84,30.37,8184463,2524.29,"03-Sep-2026",21184,"",""
"618","CENTRUM","EQ",22.91,23.57,22.31,22.45,22.4,22.9,261942,59.41,"03-Sep-2026",561,"",""
"619","CENTUM","EQ",3600,3798.8,3585.1,3776.1,3770.9,3555.3,146069,5429.45,"03-Sep-2026",27318,"",""
"620","CENTURYPLY","EQ",748.45,755.75,744,749.2,750.95,748.45,21062,157.91,"03-Sep-2026",1729,"",""
"621","CERA","EQ",5660,5708.5,5640,5683.5,5690,5662.5,2058,116.73,"03-Sep-2026",954,"",""
"622","CEREBRAINT","BZ",2.62,2.66,2.5,2.6,2.6,2.57,69589,1.82,"03-Sep-2026",98,"",""
"623","CESC","EQ",147.5,151.11,147,147.96,148,146.44,1323923,1969.97,"03-Sep-2026",16775,"",""
"624","CEWATER","EQ",263.65,269.95,262.7,265.4,266.9,263.3,76096,202.57,"03-Sep-2026",2805,"",""
"625","CFEL","EQ",31.8,32.75,31.8,32.05,32.05,31.8,14389,4.66,"03-Sep-2026",51,"",""
"626","CGCL","EQ",255,272.75,254.3,271.7,272.1,256.6,13362145,35844.63,"03-Sep-2026",99929,"",""
"627","CGPOWER","EQ",879,900.65,875.4,895,895,877.75,2285287,20337.41,"03-Sep-2026",51636,"",""
"628","CGRAPHICS","SM",152,152,147.8,148.55,148.5,147.3,14400,21.51,"03-Sep-2026",18,"",""
"629","CGVAK","EQ",158.05,158.05,147.02,148.01,148.01,148.93,1518,2.29,"03-Sep-2026",48,"",""
"630","CHALET","EQ",905,905,889.5,890.75,890,897.95,44753,400.11,"03-Sep-2026",3958,"",""
"631","CHAMBLFERT","EQ",412.65,423.6,412.65,418.3,419,411.45,933299,3910.74,"03-Sep-2026",28078,"",""
"632","CHAMUNDA","SM",43.25,43.25,43.25,43.25,43.25,43.95,3000,1.3,"03-Sep-2026",1,"",""
"633","CHANDAN","SM",211.05,213.9,208.1,208.95,208.1,211.4,22400,47.07,"03-Sep-2026",28,"",""
"634","CHAVDA","SM",124,127.1,124,127.1,127.1,123.9,7000,8.79,"03-Sep-2026",7,"",""
"635","CHEMBOND","EQ",173.45,182.79,170,173.02,172,167.67,26644,45.65,"03-Sep-2026",494,"",""
"636","CHEMBONDCH","BE",269.45,272,255.5,259,259,261.4,3350,8.77,"03-Sep-2026",95,"",""
"637","CHEMCON","BE",202.25,202.25,196.05,201.29,201.5,199.61,23913,47.97,"03-Sep-2026",284,"",""
"638","CHEMCRUX","EQ",81.95,83.4,81.1,82.48,82.48,81.52,2775,2.28,"03-Sep-2026",66,"",""
"639","CHEMFAB","EQ",364.45,364.45,353.1,358,359.8,355.25,877,3.13,"03-Sep-2026",87,"",""
"640","CHEMICAL","EQ",30.23,30.57,30.22,30.29,30.31,30.07,160050,48.62,"03-Sep-2026",698,"",""
"641","CHEMPLASTS","EQ",170,173.7,166.15,167.03,167.3,169.83,180682,305.14,"03-Sep-2026",4606,"",""
"642","CHENNPETRO","EQ",1421.1,1470.8,1411.3,1440,1440,1414,1827672,26442.27,"03-Sep-2026",62997,"",""
"643","CHETANA","SM",43.95,43.95,43,43,43,43.9,9600,4.15,"03-Sep-2026",6,"",""
"644","CHEVIOT","EQ",1132.2,1155,1132.2,1143.1,1142,1150.6,550,6.29,"03-Sep-2026",75,"",""
"645","CHOICEGOLD","EQ",152,152,150.1,151.13,151.04,148.39,4955,7.51,"03-Sep-2026",116,"",""
"646","CHOICEIN","EQ",764.95,772.8,764,768.45,766.4,763.4,231618,1780.69,"03-Sep-2026",5846,"",""
"647","CHOLAFIN","EQ",1826,1858,1826,1849.3,1849.3,1825.9,805773,14825.81,"03-Sep-2026",55018,"",""
"648","CHOLAHLDNG","EQ",1499.7,1509.8,1470.3,1502.8,1507,1489,91933,1376.64,"03-Sep-2026",12724,"",""
"649","CIEINDIA","EQ",386.95,389,382.3,383.95,383.35,385,322875,1241.76,"03-Sep-2026",19289,"",""
"650","CIFL","EQ",20.43,21.29,20.07,20.17,20.25,20.41,84302,17.1,"03-Sep-2026",198,"",""
"651","CINELINE","EQ",89.05,90.1,88,89.83,90,88.18,35398,31.53,"03-Sep-2026",177,"",""
"652","CINEVISTA","EQ",14.75,14.75,14.12,14.19,14.12,14.4,1135,0.16,"03-Sep-2026",30,"",""
"653","CIPLA","EQ",1414,1415.4,1389.4,1394.7,1394.7,1412.8,549749,7688.96,"03-Sep-2026",35279,"",""
"654","CITIUSINVT","IV",114.97,115.6,114.42,115.03,115,114.52,281625,323.8,"03-Sep-2026",634,"",""
"655","CKKRETAIL","SM",157.95,157.95,157.95,157.95,157.95,160,800,1.26,"03-Sep-2026",1,"",""
"656","CLASSICEIL","SM",55.85,55.85,50.55,52.35,55.85,53.2,281600,153.91,"03-Sep-2026",66,"",""
"657","CLAYCRAFT","SM",160,160.1,158.1,159.85,160,161.8,18000,28.68,"03-Sep-2026",21,"",""
"658","CLEAN","EQ",868,874.8,850.3,852.95,850.95,863.15,582257,5003.46,"03-Sep-2026",25735,"",""
"659","CLEANMAX","EQ",1290,1359,1284.5,1298.7,1305,1257.6,703259,9297.96,"03-Sep-2026",40348,"",""
"660","CLEDUCATE","BE",62.1,62.1,57.92,59.53,59.99,60.96,12557,7.37,"03-Sep-2026",102,"",""
"661","CLSEL","EQ",303.4,310.9,301.15,304.8,304.9,301.4,93210,285.2,"03-Sep-2026",3594,"",""
"662","CLSL","ST",80.05,87.3,79,87.25,87.25,83.15,38000,31.58,"03-Sep-2026",19,"",""
"663","CMLL","EQ",499,514.05,495.6,501.4,502,495.45,656637,3295.43,"03-Sep-2026",10189,"",""
"664","CMNL","SM",118.05,122,118.05,121.95,122,120,4500,5.41,"03-Sep-2026",6,"",""
"665","CMPDI","EQ",223,241.9,223,239.66,239,222.97,6449983,15306.2,"03-Sep-2026",73706,"",""
"666","CMRGREEN","EQ",224.79,232,224.79,230.74,231,224.71,491856,1127.4,"03-Sep-2026",8482,"",""
"667","CMRSL","SM",66,69.7,66,69.7,69.7,66.4,9600,6.63,"03-Sep-2026",9,"",""
"668","CMSINFO","EQ",249.3,251.24,243.52,244.86,244.96,249.3,318805,785.47,"03-Sep-2026",9739,"",""
"669","CNL","EQ",1265.9,1268.9,1235,1243.4,1250,1259.6,14325,179.29,"03-Sep-2026",1284,"",""
"670","COALINDIA","EQ",422,428.5,416.8,420.05,420.05,417.85,15286175,64495.56,"03-Sep-2026",152664,"",""
"671","COASTCORP","EQ",39.96,42,39.92,41.93,42,39.4,124412,51.29,"03-Sep-2026",987,"",""
"672","COCHINSHIP","EQ",1466,1497.1,1465,1486.7,1486.7,1463,465350,6904.4,"03-Sep-2026",18214,"",""
"673","COCKERILL","EQ",8070.5,8117,7950,8080,8050,8005,3086,248.75,"03-Sep-2026",955,"",""
"674","COFFEEDAY","BE",29.6,31.3,28.56,31.3,31.3,29.81,1070286,331.07,"03-Sep-2026",1785,"",""
"675","COFORGE","EQ",1975,1975,1921.8,1971.8,1971.8,1965.7,1898378,37092.27,"03-Sep-2026",71128,"",""
"676","COHANCE","EQ",462,464.75,457.8,460.85,459.05,458.3,540229,2494.54,"03-Sep-2026",29872,"",""
"677","COLPAL","EQ",1863,1871.9,1845,1850,1850,1861.5,338701,6282.85,"03-Sep-2026",14458,"",""
"678","COMFINTE","EQ",6.15,6.4,6.1,6.19,6.21,6.23,153288,9.61,"03-Sep-2026",355,"",""
"679","COMMITTED","SM",326.15,345.6,326.15,345,345,349,10400,35.58,"03-Sep-2026",6,"",""
"680","COMMOIETF","EQ",99.46,100.3,99.07,99.41,99.07,99.26,38979,38.8,"03-Sep-2026",709,"",""
"681","COMPEAU","EQ",379.7,379.7,340,361.8,370,354,12987,45.73,"03-Sep-2026",334,"",""
"682","COMPINFO","BZ",1.07,1.12,1.04,1.07,1.09,1.07,13144,0.14,"03-Sep-2026",34,"",""
"683","COMPUSOFT","EQ",13.46,13.47,12.83,12.89,12.94,13.38,46892,6.14,"03-Sep-2026",281,"",""
"684","COMSYN","EQ",301.8,309.45,296.55,302.7,302.5,302.65,64663,195.49,"03-Sep-2026",1470,"",""
"685","CONCOR","EQ",511,516,507.25,508.85,508.85,510,495860,2532.16,"03-Sep-2026",9694,"",""
"686","CONCORDBIO","EQ",1450.9,1461.8,1435,1447.7,1450,1444.8,69958,1013.97,"03-Sep-2026",8234,"",""
"687","CONFIPET","EQ",82.55,88.27,82,84.28,83.99,82.55,7328054,6168.53,"03-Sep-2026",38490,"",""
"688","CONNPLEX","SM",218.55,232.5,215,223.35,219.35,213.15,123200,276.43,"03-Sep-2026",115,"",""
"689","CONS","EQ",12.1,12.1,12.01,12.01,12.02,12.06,7022,0.85,"03-Sep-2026",134,"",""
"690","CONSOFINVT","BE",278.9,279.55,270.1,274.6,278,266.25,12659,35.36,"03-Sep-2026",86,"",""
"691","CONSUMAXIS","EQ",120.49,122.25,119.64,119.64,119.64,120.12,4376,5.24,"03-Sep-2026",28,"",""
"692","CONSUMBEES","EQ",130,131.21,129.91,130.02,130.28,130.51,78215,101.88,"03-Sep-2026",1040,"",""
"693","CONSUMER","EQ",12.45,12.47,12.01,12.02,12.03,12.01,147858,17.81,"03-Sep-2026",259,"",""
"694","CONSUMIETF","EQ",121.11,121.53,120.8,121.06,121.25,121.08,2648,3.21,"03-Sep-2026",131,"",""
"695","CONTROLPR","EQ",609.5,610,590.2,600.3,602,603.3,20772,124.57,"03-Sep-2026",1602,"",""
"696","COOLCAPS","ST",23.6,23.6,22,23.35,23.5,22.5,171250,39.18,"03-Sep-2026",99,"",""
"697","CORALFINAC","EQ",32.05,33.89,32.05,32.94,32.5,32.36,11902,3.9,"03-Sep-2026",346,"",""
"698","CORDELIA","EQ",101.39,103.29,101.1,101.87,101.23,101.89,635189,649.45,"03-Sep-2026",4146,"",""
"699","CORDSCABLE","EQ",323.9,323.9,287.2,302.9,302.25,315.5,259816,795.02,"03-Sep-2026",4663,"",""
"700","COROMANDEL","EQ",1916,1952.3,1914.1,1931.3,1930,1914.6,106307,2050.83,"03-Sep-2026",12628,"",""
"701","CORONA","EQ",2063,2138,2041.8,2127.8,2134,2054.2,23122,487.47,"03-Sep-2026",3126,"",""
"702","COSMOFIRST","EQ",960,962.55,935.2,940.15,941,952.85,79402,749.23,"03-Sep-2026",8648,"",""
"703","COUNCODOS","BE",6.82,6.82,6.51,6.52,6.6,6.7,35217,2.32,"03-Sep-2026",139,"",""
"704","CPCAP","EQ",114.59,118.79,114.59,118.3,118,115.16,17059,20.08,"03-Sep-2026",358,"",""
"705","CPEDU","EQ",186.93,192.05,184.63,189.76,190.39,186.93,3530,6.71,"03-Sep-2026",102,"",""
"706","CPL","EQ",62.17,63.99,62,62.4,62.88,61.87,118923,74.77,"03-Sep-2026",442,"",""
"707","CPPLUS","EQ",3700,3770.1,3616.1,3751.3,3725,3721.4,167204,6215.82,"03-Sep-2026",25266,"",""
"708","CPS","SM",1160,1170,1160,1164,1164,1150,750,8.74,"03-Sep-2026",5,"",""
"709","CPSEETF","EQ",93.4,94.3,93.39,93.57,93.62,93.64,853002,801.06,"03-Sep-2026",5655,"",""
"710","CRAFTSMAN","EQ",11011,11315,11011,11220,11166,10999,35157,3936.25,"03-Sep-2026",8966,"",""
"711","CRAMC","EQ",252.85,254.7,250.05,251.2,251,252.85,292937,737.69,"03-Sep-2026",6883,"",""
"712","CRAVATEX","EQ",335,335,323.2,326.75,327.25,339,37,0.12,"03-Sep-2026",8,"",""
"713","CREATIVEYE","EQ",6.16,6.16,6,6.13,6.15,6.15,1136,0.07,"03-Sep-2026",27,"",""
"714","CREDENT","SM",354.95,356,326,336.5,337,355.6,121200,412.22,"03-Sep-2026",179,"",""
"715","CREDITACC","EQ",1405,1449,1400.5,1437.4,1437,1403.4,236730,3395.16,"03-Sep-2026",26373,"",""
"716","CREST","EQ",360.6,374,359,365.3,365,364.95,5698,20.77,"03-Sep-2026",189,"",""
"717","CRISIL","EQ",4725.2,4800,4712.8,4759.7,4741,4701.7,37114,1766.69,"03-Sep-2026",8146,"",""
"718","CRIZAC","EQ",165.99,166.5,162,162.27,162.12,165.3,220265,359.78,"03-Sep-2026",4938,"",""
"719","CROMPTON","EQ",228,229.61,226.06,226.51,226.51,227.72,1839272,4182.99,"03-Sep-2026",26233,"",""
"720","CROWN","EQ",109.9,114,109.14,111.8,111.95,108.27,18026,20.19,"03-Sep-2026",256,"",""
"721","CRSL","BE",2.61,2.61,2.61,2.61,2.61,2.74,156785,4.09,"03-Sep-2026",398,"",""
"722","CSBBANK","EQ",331.65,335,321.95,324.95,324,331.65,573086,1875.76,"03-Sep-2026",10657,"",""
"723","CSLFINANCE","EQ",243.99,245.59,240.6,243.86,244.7,239.05,28628,69.72,"03-Sep-2026",840,"",""
"724","CSM","EQ",96,96.42,93.2,94,94.45,95.94,52817,49.79,"03-Sep-2026",936,"",""
"725","CSSL","SM",91.1,93.2,89,90.15,90.5,92,30000,27.24,"03-Sep-2026",30,"",""
"726","CTE","BE",43.16,43.16,41.01,41.03,41.5,43.16,32413,13.48,"03-Sep-2026",187,"",""
"727","CUB","EQ",230.4,239.88,230.4,234.36,233.77,230.61,2859810,6775.73,"03-Sep-2026",48102,"",""
"728","CUBEINVIT","IV",157.47,158,156.26,157,157,156.94,520295,818.55,"03-Sep-2026",13251,"",""
"729","CUBEXTUB","EQ",76.11,78.2,76.11,76.41,76.21,76.07,22051,16.95,"03-Sep-2026",923,"",""
"730","CUDML","SM",103.75,104.95,103.75,104,104,103.75,5000,5.23,"03-Sep-2026",5,"",""
"731","CUMMINSIND","EQ",5088.5,5118,5035.5,5071,5071,5088.5,180394,9187.32,"03-Sep-2026",19869,"",""
"732","CUPID","EQ",281.85,283.2,277.05,279.95,280.25,280.7,7090318,19840.67,"03-Sep-2026",49531,"",""
"733","CURAA","EQ",66.1,69.4,66,66.2,66,67.04,295,0.2,"03-Sep-2026",11,"",""
"734","CURIS","SM",142,147,140.6,145.1,145.7,141.95,39000,56.75,"03-Sep-2026",37,"",""
"735","CYBERMEDIA","EQ",20.86,23.88,20.8,23.88,23.88,19.9,323193,76.38,"03-Sep-2026",601,"",""
"736","CYBERTECH","BE",134.4,134.5,132,132.27,132.35,133.35,7945,10.54,"03-Sep-2026",158,"",""
"737","CYIENT","EQ",1121.1,1128.9,1100.1,1111.3,1111,1122.2,370710,4124.29,"03-Sep-2026",22991,"",""
"738","CYIENTDLM","EQ",857.4,861,829.05,836.55,839.8,854.75,360250,3030.05,"03-Sep-2026",19702,"",""
"739","DABUR","EQ",379.9,381.55,377.45,380.7,380.7,379,2062074,7812.21,"03-Sep-2026",38270,"",""
"740","DAICHI","EQ",355.95,369.9,355.95,369.75,369.9,352.3,27561,101.41,"03-Sep-2026",648,"",""
"741","DALBHARAT","EQ",1790,1792,1763,1771.2,1776,1773.1,53528,949.41,"03-Sep-2026",11073,"",""
"742","DALMIASUG","EQ",458,473.95,453.05,461.05,458.15,456.55,240047,1109.08,"03-Sep-2026",7435,"",""
"743","DAMCAPITAL","EQ",144.95,148.2,144.16,145.28,145.39,144.16,182008,266.14,"03-Sep-2026",2436,"",""
"744","DAMODARIND","BE",28.95,29,28.01,28.98,29,28.71,3930,1.13,"03-Sep-2026",22,"",""
"745","DANGEE","EQ",2.95,3.1,2.88,2.94,2.93,2.87,142664,4.27,"03-Sep-2026",152,"",""
"746","DANISH","SM",852,899,851,874.15,875,852.25,39000,342.36,"03-Sep-2026",216,"",""
"747","DATAMATICS","EQ",764,782,750.2,774.85,770,763.95,140943,1084.31,"03-Sep-2026",7288,"",""
"748","DATAPATTNS","EQ",4525.1,4644.7,4525.1,4587.3,4595,4516.7,451510,20799.79,"03-Sep-2026",43314,"",""
"749","DAVANGERE","EQ",2.13,2.13,2.04,2.04,2.05,2.09,7138915,147.38,"03-Sep-2026",2549,"",""
"750","DBCORP","EQ",194.27,197,192.3,193.78,193.5,194.27,91897,178.28,"03-Sep-2026",2305,"",""
"751","DBEIL","BE",6.11,6.27,6.11,6.14,6.17,6.11,59400,3.67,"03-Sep-2026",226,"",""
"752","DBL","EQ",396,402.95,396,398.55,399.9,395.05,50108,200.3,"03-Sep-2026",2210,"",""
"753","DBOL","EQ",128.17,132.4,128.17,129.64,128.58,128.18,416415,542.67,"03-Sep-2026",6374,"",""
"754","DBREALTY","EQ",103.32,105.9,101.5,103.05,103,102.81,759130,785.85,"03-Sep-2026",5374,"",""
"755","DBSTOCKBRO","BE",29.8,29.84,29,29.07,29.36,30.3,17600,5.13,"03-Sep-2026",58,"",""
"756","DCAL","EQ",177.1,179.9,175.4,176.99,177.13,176.85,137643,244.32,"03-Sep-2026",2540,"",""
"757","DCBBANK","EQ",223.11,228.99,219.63,222.2,221.9,222.34,2828120,6301.37,"03-Sep-2026",37037,"",""
"758","DCG","SM",74.2,74.2,64,65.35,65.95,74.65,69600,46.78,"03-Sep-2026",55,"",""
"759","DCI","EQ",356,365,352.15,357.65,355.95,354.55,45235,163.18,"03-Sep-2026",1642,"",""
"760","DCM","BE",78,79.7,76.8,76.97,76.8,78.39,12362,9.53,"03-Sep-2026",60,"",""
"761","DCMFINSERV","EQ",5.06,5.29,4.88,5.09,5.1,5.21,21873,1.1,"03-Sep-2026",98,"",""
"762","DCMNVL","EQ",185.87,190.14,181,182.04,181.12,185.47,12770,24,"03-Sep-2026",310,"",""
"763","DCMSHRIRAM","EQ",1030,1045.9,1015,1019.2,1015.1,1028,102771,1050.68,"03-Sep-2026",6630,"",""
"764","DCMSIL","EQ",71.65,71.79,69,70.29,70.73,71.65,74767,52.3,"03-Sep-2026",805,"",""
"765","DCMSRIND","EQ",46.81,47.9,46,46.51,46.5,46.81,239232,112.93,"03-Sep-2026",1296,"",""
"766","DCW","EQ",47.5,47.5,45.65,46.3,46.39,47.61,2373414,1107,"03-Sep-2026",8318,"",""
"767","DCXINDIA","EQ",172.23,176,168.6,169.57,170,171.23,449946,768.7,"03-Sep-2026",5510,"",""
"768","DDEVPLSTIK","EQ",276.95,277.8,270,272.5,273.1,274.05,54757,150.21,"03-Sep-2026",1450,"",""
"769","DECCANCE","EQ",573.6,574.95,563.05,565.15,564.2,571.3,8957,50.66,"03-Sep-2026",341,"",""
"770","DECCANTRAN","SM",20.5,21,20.25,20.25,20.25,20.5,122400,25.66,"03-Sep-2026",9,"",""
"771","DECNGOLD","EQ",220,223.99,211.15,213.8,212.6,219.03,1232250,2679.77,"03-Sep-2026",14604,"",""
"772","DEEDEV","EQ",645.05,658.7,632.6,645.9,643.8,643.85,181285,1169.1,"03-Sep-2026",9291,"",""
"773","DEEM","ST",40.3,40.3,38.5,40.3,40.3,38.4,4000,1.58,"03-Sep-2026",4,"",""
"774","DEEP","EQ",36,37.6,35.22,36,36,35.24,2319,0.84,"03-Sep-2026",58,"",""
"775","DEEPAKFERT","EQ",1385,1411,1351.1,1355.9,1360,1416.7,816334,11220.51,"03-Sep-2026",56706,"",""
"776","DEEPAKNTR","EQ",1741.6,1757.8,1717,1725.3,1726.9,1734.1,225803,3918.38,"03-Sep-2026",23087,"",""
"777","DEEPINDS","EQ",712,749,704.1,744.85,749,693.65,1577916,11550.68,"03-Sep-2026",37344,"",""
"778","DEFENCE","EQ",82.64,82.64,81.08,81.45,81.49,80.63,219461,178.78,"03-Sep-2026",527,"",""
"779","DELAPLEX","SM",101.25,103,97.65,97.65,97.65,101.25,6600,6.65,"03-Sep-2026",11,"",""
"780","DELHIVERY","EQ",455,464.95,449.5,464.35,464.35,454.8,2530860,11644.95,"03-Sep-2026",30042,"",""
"781","DELPHIFX","BE",6.09,6.3,5.8,5.94,6,6.09,179783,10.74,"03-Sep-2026",463,"",""
"782","DELTACORP","EQ",57.06,57.77,55.96,56.25,56.18,56.95,680701,385.91,"03-Sep-2026",4327,"",""
"783","DELTAMAGNT","EQ",60.45,60.45,56.32,57.23,57.69,57.74,2575,1.47,"03-Sep-2026",78,"",""
"784","DELTIC","SM",35.5,36.35,35.1,35.8,35.8,35.25,9000,3.23,"03-Sep-2026",9,"",""
"785","DEN","EQ",28,28.28,27.61,27.87,28.15,27.85,162537,45.35,"03-Sep-2026",971,"",""
"786","DENEERS","SM",168.55,174,168.55,169.9,169.1,170,9600,16.35,"03-Sep-2026",12,"",""
"787","DENORA","EQ",821.25,832,813.5,824.55,822.5,816.95,2029,16.69,"03-Sep-2026",193,"",""
"788","DENTA","EQ",270.85,276.5,269.85,270.4,270,270.5,65093,177.42,"03-Sep-2026",1689,"",""
"789","DENTALKART","SM",401.15,401.15,400,400,400,399.05,750,3.01,"03-Sep-2026",3,"",""
"790","DEVIT","EQ",24.99,24.99,24.45,24.52,24.68,24.64,16846,4.15,"03-Sep-2026",156,"",""
"791","DEVX","EQ",33.75,34.14,31.8,32.13,32.45,33.01,311584,101.01,"03-Sep-2026",1549,"",""
"792","DEVYANI","EQ",139.31,140.15,136.3,138.05,137.8,138.07,1003158,1382.75,"03-Sep-2026",13005,"",""
"793","DGCONTENT","EQ",25.89,26.79,24.05,24.43,24.61,24.95,29382,7.28,"03-Sep-2026",214,"",""
"794","DHABRIYA","BE",510,522,505,513.3,515,506.5,5261,27,"03-Sep-2026",134,"",""
"795","DHAMPURSUG","EQ",171.5,178.67,171.1,177.05,175.61,170.67,996614,1757.81,"03-Sep-2026",13679,"",""
"796","DHANBANK","EQ",31.6,32.13,31.6,31.72,31.8,31.5,524601,167.14,"03-Sep-2026",1617,"",""
"797","DHANSA","SM",26.8,26.8,26.8,26.8,26.8,25.85,2000,0.54,"03-Sep-2026",1,"",""
"798","DHANUKA","EQ",999.7,1016,991.8,1010.15,1010,995.7,24589,248.31,"03-Sep-2026",1979,"",""
"799","DHARAN","BZ",0.14,0.14,0.13,0.13,0.14,0.13,26352664,36.75,"03-Sep-2026",2495,"",""
"800","DHARARAIL","ST",140.5,140.5,140,140.05,140.05,145.35,7000,9.81,"03-Sep-2026",7,"",""
"801","DHARIWAL","SM",23.8,23.8,23.8,23.8,23.8,22.7,54000,12.85,"03-Sep-2026",9,"",""
"802","DHARMAJ","EQ",269.3,270,265.75,269.05,268.3,270,24316,65.34,"03-Sep-2026",1074,"",""
"803","DHATRE","EQ",4.38,4.57,4.2,4.35,4.37,4.32,30291,1.34,"03-Sep-2026",134,"",""
"804","DHOOTTRANS","EQ",1525,1614.2,1513.2,1583.5,1578.5,1522.1,3630631,57432.72,"03-Sep-2026",191339,"",""
"805","DHRUV","EQ",23.05,23.84,22.5,23.45,23.45,23.4,3929,0.9,"03-Sep-2026",58,"",""
"806","DHUNINV","EQ",1011.6,1050,1011.6,1046.25,1048.5,1016.65,733,7.59,"03-Sep-2026",127,"",""
"807","DIACABS","BE",335,338,316,322.9,323.95,330.9,2065691,6684.68,"03-Sep-2026",32487,"",""
"808","DIAMINESQ","EQ",245.9,246,240.71,244.76,245.4,243.65,1720,4.2,"03-Sep-2026",83,"",""
"809","DIAMONDYD","EQ",1158.5,1163.8,1144,1159.8,1158,1155.2,22884,264.64,"03-Sep-2026",893,"",""
"810","DICIND","EQ",578.85,590.05,577.6,584,587,576.55,1685,9.87,"03-Sep-2026",144,"",""
"811","DIFFNKG","EQ",476,482.7,469.3,477.6,481.7,476.8,163564,776.8,"03-Sep-2026",4220,"",""
"812","DIGIDRIVE","EQ",17.7,17.97,17.65,17.8,17.8,17.69,5889,1.05,"03-Sep-2026",84,"",""
"813","DIGIKORE","SM",39.55,41,39,40,41,39.55,32400,13.06,"03-Sep-2026",62,"",""
"814","DIGISPICE","EQ",17.15,17.29,16.85,16.96,16.86,16.97,42290,7.19,"03-Sep-2026",171,"",""
"815","DIGITIDE","EQ",96.45,97.28,95,95.52,95.8,95.88,126363,121.25,"03-Sep-2026",1087,"",""
"816","DIGJAMLMTD","EQ",49.2,50,49.2,49.4,49.4,49.01,3972,1.96,"03-Sep-2026",43,"",""
"817","DISAQ","EQ",12070,12158,11700,11775,11725,12008,95,11.38,"03-Sep-2026",71,"",""
"818","DISHTV","EQ",2.64,2.67,2.61,2.61,2.62,2.65,1071320,28.26,"03-Sep-2026",995,"",""
"819","DIVGIITTS","EQ",1255,1309.5,1225.9,1235.2,1256.1,1244.4,180476,2272.51,"03-Sep-2026",14670,"",""
"820","DIVIDEND","EQ",35.73,35.73,35.5,35.55,35.55,35.51,1577,0.56,"03-Sep-2026",52,"",""
"821","DIVINEHIRA","ST",111.5,113.7,109,113.7,113.7,110,12000,13.35,"03-Sep-2026",10,"",""
"822","DIVISLAB","EQ",9253,9282,9184,9250,9250,9220,497269,45879.77,"03-Sep-2026",48305,"",""
"823","DIVOPPBEES","EQ",78.24,78.24,76.58,76.68,76.6,76.71,49896,38.33,"03-Sep-2026",776,"",""
"824","DIVYADHAN","ST",42.65,42.85,42.65,42.85,42.85,40.85,4000,1.71,"03-Sep-2026",2,"",""
"825","DIXON","EQ",14581,14670,14380,14445,14445,14590,259362,37714.28,"03-Sep-2026",45211,"",""
"826","DJML","EQ",72.94,73,68.91,70.71,70,72.22,180069,127.53,"03-Sep-2026",2351,"",""
"827","DLF","EQ",671,689.35,671,681.65,681.65,673.55,3400599,23171.13,"03-Sep-2026",54223,"",""
"828","DLINKINDIA","EQ",449.95,454.55,444.6,452.35,452.9,447.85,100221,451.59,"03-Sep-2026",3926,"",""
"829","DMART","EQ",3824.1,3824.1,3752,3763,3763,3813.4,186192,7032.67,"03-Sep-2026",20581,"",""
"830","DMCC","EQ",294,302.2,292.25,295.5,295.5,293.35,60702,180.87,"03-Sep-2026",1877,"",""
"831","DNAMEDIA","EQ",2.53,2.74,2.53,2.63,2.63,2.53,36858,0.97,"03-Sep-2026",117,"",""
"832","DODLA","EQ",1070,1090.8,1065,1069.9,1072,1065.3,17534,188.5,"03-Sep-2026",3422,"",""
"833","DOLATALGO","EQ",70.1,71.4,69.75,70.05,69.81,69.96,160330,112.84,"03-Sep-2026",890,"",""
"834","DOLLAR","EQ",263.7,268.45,261,265,266,262.35,58091,153.51,"03-Sep-2026",1553,"",""
"835","DOLLEX","SM",35.5,36.3,35,35,35,36.15,20000,7.1,"03-Sep-2026",5,"",""
"836","DOLPHIN","EQ",615.6,635.7,603.45,619.6,619,603.45,49332,309.33,"03-Sep-2026",1953,"",""
"837","DOMS","EQ",2207.1,2215.7,2194,2207.6,2204.9,2206.3,25864,570,"03-Sep-2026",7247,"",""
"838","DONEAR","EQ",83.3,90.99,83.1,88.56,89,83.46,59608,52.43,"03-Sep-2026",778,"",""
"839","DPABHUSHAN","EQ",1374.7,1412.1,1355,1359.4,1363.8,1370.4,23548,322.13,"03-Sep-2026",2645,"",""
"840","DPEL","SM",579.9,581,575,577.3,578.7,577.75,15000,86.8,"03-Sep-2026",26,"",""
"841","DPSCLTD","BE",7.56,7.69,7.2,7.27,7.33,7.41,67713,5,"03-Sep-2026",363,"",""
"842","DPWIRES","BE",154.99,158.1,153,153.99,153.95,155.3,3280,5.09,"03-Sep-2026",107,"",""
"843","DRAGARWQ","EQ",5450,5500,5303,5339,5305.5,5420,1168,63.3,"03-Sep-2026",416,"",""
"844","DRCSYSTEMS","EQ",13.86,14.1,13.17,13.42,13.23,13.59,56410,7.63,"03-Sep-2026",324,"",""
"845","DREAMFOLKS","EQ",67.49,67.8,65,66.33,66.45,66.39,33909,22.47,"03-Sep-2026",752,"",""
"846","DREDGECORP","EQ",1070.7,1082,1063.7,1074.7,1074.6,1060.9,65497,703.13,"03-Sep-2026",4470,"",""
"847","DRONE","SM",34.7,35,33.8,34,34,34.7,30500,10.44,"03-Sep-2026",55,"",""
"848","DRREDDY","EQ",1162,1164.3,1155,1155,1155,1156.5,338274,3921.31,"03-Sep-2026",26382,"",""
"849","DSFCL","BE",25.8,26.49,25.31,25.75,25.75,26.23,30199,7.81,"03-Sep-2026",109,"",""
"850","DSKULKARNI","BE",19.42,19.42,19.42,19.42,19.42,19.04,177,0.03,"03-Sep-2026",4,"",""
"851","DSSL","EQ",1016,1027,999,1003,1008.8,1016,40668,411.43,"03-Sep-2026",2070,"",""
"852","DTIL","BE",149.96,153.38,145,152.87,152.88,149.95,3612,5.38,"03-Sep-2026",119,"",""
"853","DUCOL","SM",115,115,109,109,109,115,43200,48.18,"03-Sep-2026",35,"",""
"854","DUCON","EQ",2.04,2.07,1.92,1.93,1.95,2.08,1623096,31.66,"03-Sep-2026",1326,"",""
"855","DUCON-RE1","BE",0.65,0.85,0.65,0.65,0.65,1.08,1337397,8.69,"03-Sep-2026",512,"",""
"856","DUGLOBAL","SM",24.2,25,23.85,25,25,23.85,15000,3.66,"03-Sep-2026",6,"",""
"857","DURLAX","SM",62.25,68,61,66.5,66.5,63,92000,57.85,"03-Sep-2026",34,"",""
"858","DVL","EQ",286.5,289,282.3,285.8,284,285.65,15949,45.64,"03-Sep-2026",564,"",""
"859","DWARKESH","EQ",49.1,50.25,48.71,49.32,49.16,48.78,3696590,1829.73,"03-Sep-2026",12949,"",""
"860","DYCL","EQ",538.2,549.5,520.45,544.3,541.5,535.55,711940,3832.59,"03-Sep-2026",18145,"",""
"861","DYNAMATECH","EQ",11400,11575,11215,11532,11559,11425,10815,1233.96,"03-Sep-2026",4544,"",""
"862","DYNAMIC","ST",137.9,141.8,137,141.7,141.8,135.05,20500,28.7,"03-Sep-2026",40,"",""
"863","DYNPRO","EQ",228.11,246.4,228.11,237.81,237.1,229.06,56324,135.94,"03-Sep-2026",657,"",""
"864","E2E","BE",605,616,590,592.7,592,608.45,473248,2837.87,"03-Sep-2026",10894,"",""
"865","E2ERAIL","SM",348.1,371,335,345.4,346,347.7,273600,966.79,"03-Sep-2026",251,"",""
"866","EASEMYTRIP","EQ",6.05,6.1,5.96,5.97,6,6,8428899,505.5,"03-Sep-2026",7244,"",""
"867","EASTSILK","BE",61.1,64.33,61.1,63.99,63.99,61.28,257,0.16,"03-Sep-2026",13,"",""
"868","EASTWEST","EQ",2.42,2.47,2.31,2.34,2.31,2.45,67138,1.6,"03-Sep-2026",160,"",""
"869","EBANK10","EQ",16.85,16.85,16.83,16.83,16.83,16.71,316,0.05,"03-Sep-2026",3,"",""
"870","EBANKNIFTY","EQ",58.36,58.37,57.93,58.22,58.22,57.83,5790,3.37,"03-Sep-2026",20,"",""
"871","EBBETF0430","EQ",1624.37,1624.37,1606.01,1607.71,1607.02,1606,3888,62.49,"03-Sep-2026",259,"",""
"872","EBBETF0431","EQ",1431.89,1442.34,1431.01,1439.55,1442.34,1431.77,2487,35.67,"03-Sep-2026",81,"",""
"873","EBBETF0433","EQ",1310.71,1313.43,1306,1309.36,1312.99,1309.22,3294,43.18,"03-Sep-2026",144,"",""
"874","EBGNG","EQ",645.8,648.2,615.5,622.1,621.8,641.8,1022172,6437.75,"03-Sep-2026",32211,"",""
"875","EBIX","BE",20.03,20.45,19.4,19.84,20.23,20.03,20898,4.17,"03-Sep-2026",65,"",""
"876","ECAPINSURE","EQ",23.89,23.89,23.57,23.77,23.73,23.76,61190,14.52,"03-Sep-2026",263,"",""
"877","ECLERX","EQ",2005,2050.1,1930.4,1971.7,1969,2004.5,265250,5248.16,"03-Sep-2026",23711,"",""
"878","ECOLINE","ST",180.05,180.05,174,180,180,178.25,21000,37.4,"03-Sep-2026",15,"",""
"879","ECORECO","EQ",468.2,468.2,453.1,456.1,454.1,454.45,5421,25.06,"03-Sep-2026",563,"",""
"880","ECOSMOBLTY","EQ",117.9,117.9,113.22,113.93,114.79,114.79,111472,128.27,"03-Sep-2026",924,"",""
"881","EDELWEISS","EQ",127.5,135.24,126.62,134.76,134.65,126.18,14107589,18704.51,"03-Sep-2026",63503,"",""
"882","EEPL","ST",134,137,132.85,135.05,135,136.25,8000,10.8,"03-Sep-2026",8,"",""
"883","EFACTOR","SM",181,181,175,175,175,182.05,1200,2.14,"03-Sep-2026",3,"",""
"884","EFCIL","EQ",199.5,202.19,196.36,200.84,201.57,199.12,266046,530.9,"03-Sep-2026",3988,"",""
"885","EFFWA","ST",353.9,370.4,353.9,368.15,366,352.8,25600,93.71,"03-Sep-2026",51,"",""
"886","EFORCE","SM",20.35,20.35,19.1,19.5,19.1,20.35,43200,8.6,"03-Sep-2026",27,"",""
"887","EGOLD","EQ",150.95,153.3,150.95,152.6,152,149.15,111548,170.24,"03-Sep-2026",547,"",""
"888","EICHERMOT","EQ",7715,7738.5,7597,7690,7690,7711.5,437245,33445.18,"03-Sep-2026",36307,"",""
"889","EIDPARRY","EQ",804,818.5,770.1,778.25,777.5,800.65,856235,6785.56,"03-Sep-2026",29183,"",""
"890","EIEL","EQ",192.9,197,192.9,195.66,196,192.36,360610,703.75,"03-Sep-2026",6742,"",""
"891","EIFFL","BE",278.6,278.6,278.6,278.6,278.6,284.25,543,1.51,"03-Sep-2026",10,"",""
"892","EIHAHOTELS","EQ",309.7,310,302.55,303.85,304.9,307.85,6048,18.45,"03-Sep-2026",375,"",""
"893","EIHOTEL","EQ",288.5,292.3,287.8,290.75,289.35,285.8,350687,1020.43,"03-Sep-2026",8083,"",""
"894","EIMCOELECO","EQ",2205.6,2315,2205.6,2280.4,2279,2194.6,88925,2024.84,"03-Sep-2026",8239,"",""
"895","EKC","EQ",106.7,108,105.84,107,107.25,106.25,91370,97.72,"03-Sep-2026",1359,"",""
"896","EKI","EQ",73.56,76.9,73.56,74.06,74.2,75.8,12977,9.69,"03-Sep-2026",278,"",""
"897","ELANTAS","EQ",12197,12277,11911,12114,12171,11904,2816,341.19,"03-Sep-2026",1126,"",""
"898","ELCIDIN","EQ",105500,107450,105500,106500,106500,107000,4,4.26,"03-Sep-2026",4,"",""
"899","ELDEHSG","EQ",794.2,800,778.85,790.45,793.7,794.25,681,5.43,"03-Sep-2026",27,"",""
"900","ELECON","EQ",418.75,457,418.5,435.95,436.5,416.6,7394075,32990.03,"03-Sep-2026",139607,"",""
"901","ELECTCAST","EQ",86,87.78,83.27,83.85,84.3,85.28,3252794,2765.12,"03-Sep-2026",26276,"",""
"902","ELECTHERM","EQ",1001.25,1007.6,977,979.9,985,1000.1,9319,92.03,"03-Sep-2026",408,"",""
"903","ELGIEQUIP","EQ",621,638.4,616.05,630.35,631.55,616.75,564479,3571.69,"03-Sep-2026",24460,"",""
"904","ELGIRUBCO","EQ",61.5,61.5,58.61,59.08,59.14,60.88,31696,18.91,"03-Sep-2026",520,"",""
"905","ELGNZ","SM",91,93,82.95,84.05,83,88.55,87000,76.12,"03-Sep-2026",77,"",""
"906","ELIN","EQ",96.55,96.91,95.1,95.26,95.15,95.26,57109,54.53,"03-Sep-2026",912,"",""
"907","ELIQUID","EQ",1046.24,1046.26,1046.24,1046.25,1046.26,1046.13,78143,817.57,"03-Sep-2026",35,"",""
"908","ELITECON","EQ",9.13,9.13,9.13,9.13,9.13,9.61,616110,56.25,"03-Sep-2026",2687,"",""
"909","ELLEN","EQ",318.95,333,315.55,330.45,330.1,313.3,468330,1529.9,"03-Sep-2026",9365,"",""
"910","ELM250","EQ",16.66,16.75,16.5,16.65,16.67,16.5,633105,105.47,"03-Sep-2026",168,"",""
"911","ELMDIV","EQ",36.44,36.53,36.3,36.38,36.38,36.08,1092,0.4,"03-Sep-2026",8,"",""
"912","ELPROINTL","EQ",174,175.4,172.06,174.44,173.82,173.86,57329,99.72,"03-Sep-2026",194,"",""
"913","EMAMILTD","EQ",373,373,362.3,368.2,368.75,368.05,996480,3676.13,"03-Sep-2026",21383,"",""
"914","EMAMIPAP","BE",109.26,112,108,110.4,111.3,109.31,24499,26.99,"03-Sep-2026",240,"",""
"915","EMAMIREAL","EQ",68.9,69.4,67,68.7,69.29,67.98,17524,12.13,"03-Sep-2026",201,"",""
"916","EMAPARTNER","SM",83.05,83.05,83.05,83.05,83.05,83.55,1000,0.83,"03-Sep-2026",1,"",""
"917","EMBASSY","RR",435.98,446.85,435.98,438.57,438.85,435.23,967048,4253.36,"03-Sep-2026",15670,"",""
"918","EMBDL","EQ",59.49,59.55,58.2,58.59,58.45,59.18,1578978,928.29,"03-Sep-2026",7644,"",""
"919","EMCURE","EQ",1874.9,1874.9,1838.4,1854.7,1842,1858.4,91447,1695.52,"03-Sep-2026",12125,"",""
"920","EMETAL","EQ",13.15,13.37,13.07,13.19,13.2,13.15,19954,2.62,"03-Sep-2026",45,"",""
"921","EMIL","EQ",178.91,183,173.97,176.16,176.05,176.44,1306494,2332.47,"03-Sep-2026",16122,"",""
"922","EMKAY","EQ",262.95,262.95,254.1,257.75,259,255.3,14690,37.76,"03-Sep-2026",376,"",""
"923","EMKAYTOOLS","SM",95.65,96.3,94.5,96.05,96.3,92,1350,1.29,"03-Sep-2026",8,"",""
"924","EMMBI","BE",91.41,93.24,88.55,90.17,91.05,91.41,6450,5.9,"03-Sep-2026",55,"",""
"925","EMMIL","SM",125,125,120.5,120.65,120.5,123.8,4000,4.87,"03-Sep-2026",14,"",""
"926","EMMVEE","EQ",325,328.6,324,326.4,325.5,324.7,594482,1939.79,"03-Sep-2026",16038,"",""
"927","EMPIND","EQ",1213,1213,1190.1,1195.9,1194.9,1196.9,4838,58.21,"03-Sep-2026",376,"",""
"928","EMPOWER","EQ",1.82,1.82,1.82,1.82,1.82,1.91,4402278,80.12,"03-Sep-2026",1596,"",""
"929","EMSLIMITED","EQ",386.3,397.8,382.5,387.35,387.5,386.8,356431,1387.19,"03-Sep-2026",9634,"",""
"930","EMUDHRA","EQ",527.1,531,514.8,519.85,516.6,522.15,72575,378.84,"03-Sep-2026",3569,"",""
"931","EMULTIMQ","EQ",41.82,42.25,41.56,41.77,42.11,41.65,22144,9.25,"03-Sep-2026",130,"",""
"932","ENCOMPAS","SM",251,251.5,242,248.65,250.5,250,3600,8.96,"03-Sep-2026",9,"",""
"933","ENDURANCE","EQ",2760,2811,2735.8,2754.7,2752.5,2755.9,98905,2730.91,"03-Sep-2026",13131,"",""
"934","ENERGY","EQ",38.46,39,38.12,38.41,38.34,38.22,690388,265.73,"03-Sep-2026",1125,"",""
"935","ENERGYAXIS","EQ",19.1,19.25,18.9,19.2,19.2,19.01,26272,5.02,"03-Sep-2026",82,"",""
"936","ENERGYDEV","EQ",15.8,15.97,15.4,15.5,15.53,15.65,22297,3.46,"03-Sep-2026",288,"",""
"937","ENEXT50","EQ",72.81,72.81,72.8,72.8,72.8,72.09,404,0.29,"03-Sep-2026",2,"",""
"938","ENFUSE","SM",188,188,160,160.75,161,160,3600,6.06,"03-Sep-2026",6,"",""
"939","ENGINERSIN","EQ",275.55,285.1,272.25,281.95,280.8,276.6,7395677,20803.34,"03-Sep-2026",88147,"",""
"940","ENIFTY","EQ",24.72,24.72,24.08,24.15,24.15,24.12,2291,0.55,"03-Sep-2026",62,"",""
"941","ENIL","EQ",101,103.6,99.45,99.61,99.56,100.28,113077,114.05,"03-Sep-2026",1193,"",""
"942","ENKEIWHEL","EQ",390,400.1,378.5,380.8,380,389.2,3915,15.04,"03-Sep-2026",201,"",""
"943","ENRIN","EQ",3148,3215,3118,3155.2,3148,3119.3,548283,17390.35,"03-Sep-2026",55241,"",""
"944","ENSER","SM",15,15.6,14.35,14.8,15.2,15.3,55000,8.4,"03-Sep-2026",11,"",""
"945","ENTERO","EQ",1810,1863,1795.2,1848,1848,1797.4,197997,3623.85,"03-Sep-2026",16331,"",""
"946","ENVIRO","SM",70,71.15,70,71.15,71.15,70,7000,4.92,"03-Sep-2026",5,"",""
"947","EPACK","EQ",187.53,193,187.53,189.08,190,187.53,465503,884.86,"03-Sep-2026",7335,"",""
"948","EPACKPEB","EQ",223.98,233.8,223.98,227.3,226.99,225.04,320754,735.95,"03-Sep-2026",6315,"",""
"949","EPIGRAL","EQ",1236.8,1254.8,1221.2,1236.7,1223,1230.6,39179,485.51,"03-Sep-2026",5085,"",""
"950","EPL","EQ",239,251,237.2,246.55,245.7,236.3,10298029,25421.82,"03-Sep-2026",84087,"",""
"951","EQUAL200","EQ",13.84,13.87,13.8,13.83,13.83,13.79,6066,0.84,"03-Sep-2026",46,"",""
"952","EQUAL50","EQ",330.61,330.83,328.86,329.56,329.74,329.92,3224,10.63,"03-Sep-2026",18,"",""
"953","EQUAL50ADD","EQ",341.5,342.39,340.01,340.57,340.39,341.16,19755,67.52,"03-Sep-2026",309,"",""
"954","EQUIPPP","BE",22.5,22.89,22.5,22.89,22.89,23.19,4043,0.91,"03-Sep-2026",11,"",""
"955","EQUITASBNK","EQ",74.49,74.8,72.61,73.04,72.82,73.45,1375803,1014.17,"03-Sep-2026",17490,"",""
"956","ERIS","EQ",1320,1336.7,1288.9,1303.5,1300,1288.9,74397,968.13,"03-Sep-2026",6753,"",""
"957","ESABINDIA","EQ",6132.5,6132.5,6029.5,6077.5,6074,6038.5,3007,182.55,"03-Sep-2026",1424,"",""
"958","ESAFSFB","BE",42.88,42.89,41.4,41.67,41.8,42.36,283668,118.82,"03-Sep-2026",1534,"",""
"959","ESCONET","SM",239.1,251,227.15,227.45,227.15,239.1,114800,274.43,"03-Sep-2026",220,"",""
"960","ESCORTS","EQ",3013.7,3030.5,2966,2978.2,2980,3019.4,56081,1672.14,"03-Sep-2026",10788,"",""
"961","ESENSEX","EQ",77.5,77.62,77.18,77.32,77.32,77,1528,1.18,"03-Sep-2026",13,"",""
"962","ESFL","SM",115.95,116.35,113,115.15,115.15,117.1,8280,9.54,"03-Sep-2026",23,"",""
"963","ESG","EQ",41.14,41.24,41.02,41.07,41.11,40.87,2443,1,"03-Sep-2026",42,"",""
"964","ESILVER","EQ",227.41,231.5,227.41,229.84,229.74,224.97,198942,457.61,"03-Sep-2026",1542,"",""
"965","ESPRIT","SM",65,65,62.05,63.5,63.5,65,16000,10.15,"03-Sep-2026",10,"",""
"966","ESSARSHPNG","EQ",16.73,17.09,16.73,16.87,16.98,16.73,114629,19.43,"03-Sep-2026",598,"",""
"967","ESSENTIA","EQ",1.04,1.08,1.04,1.05,1.06,1.04,3372468,35.58,"03-Sep-2026",620,"",""
"968","ESTER","EQ",94.5,95.69,93.25,94.03,94.75,94.05,48134,45.53,"03-Sep-2026",1018,"",""
"969","ETERNAL","EQ",327.8,331,324.15,324.8,324.8,327.3,15603719,51101.26,"03-Sep-2026",117295,"",""
"970","ETHOSLTD","EQ",2841,2858.9,2782,2793.1,2784,2839.4,15925,447.76,"03-Sep-2026",3666,"",""
"971","ETL","SM",1030.15,1098.1,1030.15,1098.1,1098.1,1100,300,3.19,"03-Sep-2026",2,"",""
"972","ETML","SM",80.25,85.15,80.05,82,82,80.8,10800,8.87,"03-Sep-2026",7,"",""
"973","EUREKAFORB","EQ",422.95,432.4,420.9,429.25,430,422.95,106127,454.74,"03-Sep-2026",5547,"",""
"974","EUROBOND","EQ",151,156,147.6,151.1,151,150.04,8000,12.1,"03-Sep-2026",277,"",""
"975","EUROPRATIK","EQ",262.15,270.95,259.55,267,266.1,260.05,188394,494.64,"03-Sep-2026",2736,"",""
"976","EUROTEXIND","BE",13.99,13.99,13.99,13.99,13.99,13.99,271,0.04,"03-Sep-2026",4,"",""
"977","EVEREADY","EQ",321.3,325.9,318.1,319.45,318.95,321.3,44636,143.38,"03-Sep-2026",1239,"",""
"978","EVERESTIND","BE",420,434.55,420,425.25,425.25,427.55,2837,12.17,"03-Sep-2026",78,"",""
"979","EVIETF","EQ",32.91,32.91,32.5,32.56,32.5,32.53,330379,107.87,"03-Sep-2026",813,"",""
"980","EVINDIA","EQ",32.61,33.18,32.04,32.67,32.74,32.61,164631,53.82,"03-Sep-2026",1421,"",""
"981","EXCELINDUS","EQ",1032,1045,1025.1,1034.9,1045,1027.4,4086,42.13,"03-Sep-2026",525,"",""
"982","EXCELLENT","ST",209,209,208.9,209,209,208.8,4800,10.03,"03-Sep-2026",3,"",""
"983","EXCELSOFT","EQ",70.66,71.4,69.77,70.66,70.56,69.62,253179,178.49,"03-Sep-2026",1318,"",""
"984","EXICOM","EQ",163,169.45,161.94,166.13,164.85,163.33,940775,1571.75,"03-Sep-2026",12553,"",""
"985","EXIDEIND","EQ",427.05,430,421.6,423,422.8,425.65,1330665,5648.33,"03-Sep-2026",25961,"",""
"986","EXIMROUTES","SM",107.1,107.1,107.1,107.1,107.1,108,1600,1.71,"03-Sep-2026",2,"",""
"987","EXPLEOSOL","EQ",903,911,885.1,898.75,900,890.85,54511,490.32,"03-Sep-2026",4963,"",""
"988","EXXARO","EQ",6.84,6.96,6.6,6.7,6.7,6.6,2472093,166.12,"03-Sep-2026",808,"",""
"989","FABTECH","EQ",147.84,150.22,146.21,147.33,147,147.84,93301,137.83,"03-Sep-2026",899,"",""
"990","FACT","EQ",804.3,813,796.95,800.2,803,804.3,155180,1247.62,"03-Sep-2026",11900,"",""
"991","FAIRCHEMOR","BE",670,670,661.1,661.1,661.1,674,2777,18.45,"03-Sep-2026",85,"",""
"992","FALCONTECH","SM",13,13,12.45,12.45,12.45,12.35,6000,0.76,"03-Sep-2026",5,"",""
"993","FASCINATE","ST",76.35,76.35,76.35,76.35,76.35,80.35,7200,5.5,"03-Sep-2026",9,"",""
"994","FAZE3Q","EQ",492.7,504.7,486.1,498.4,495,488.75,23417,115.98,"03-Sep-2026",624,"",""
"995","FCL","EQ",49.23,49.34,48.05,48.41,48.69,49.19,7728913,3782.82,"03-Sep-2026",19424,"",""
"996","FCSSOFT","EQ",1.46,1.48,1.44,1.44,1.45,1.45,1337312,19.46,"03-Sep-2026",952,"",""
"997","FDC","EQ",342,344.05,339.05,341.6,342.7,340.6,92294,314.87,"03-Sep-2026",4442,"",""
"998","FEDDERSHOL","EQ",46,46.6,45.99,46,46,45.99,729500,337.07,"03-Sep-2026",677,"",""
"999","FEDERALBNK","EQ",356.5,356.95,343.1,344.6,344.6,353.35,6683672,23188.86,"03-Sep-2026",74537,"",""
"1000","FEDFINA","EQ",157.9,159.98,156.26,157.86,156.4,157.57,643811,1020.84,"03-Sep-2026",7498,"",""
"1001","FEL","BZ",0.39,0.4,0.38,0.39,0.39,0.39,119682,0.46,"03-Sep-2026",77,"",""
"1002","FELDVR","BZ",2.27,2.27,2.12,2.2,2.2,2.23,501,0.01,"03-Sep-2026",16,"",""
"1003","FELIX","SM",194.05,197.9,190,194.2,195.3,189.7,119000,230.99,"03-Sep-2026",171,"",""
"1004","FERMENTA","EQ",537.75,537.75,495.2,502.3,500,520.65,102491,525.79,"03-Sep-2026",4611,"",""
"1005","FIBERWEB","EQ",26.45,26.45,25.55,25.91,25.8,25.76,14661,3.77,"03-Sep-2026",116,"",""
"1006","FIDEL","SM",140,141,137.15,139.05,137.15,141,5000,7,"03-Sep-2026",5,"",""
"1007","FIEMIND","EQ",2079,2079,2030,2036.9,2037,2052,52260,1067.69,"03-Sep-2026",6540,"",""
"1008","FILATEX","EQ",73,77.7,73,76.72,76.55,73.31,1567243,1194.66,"03-Sep-2026",10266,"",""
"1009","FILATFASH","EQ",0.18,0.19,0.18,0.18,0.19,0.18,15913721,29.43,"03-Sep-2026",1455,"",""
"1010","FINBUD","SM",126.2,132,126.2,128,128,126,13000,16.62,"03-Sep-2026",11,"",""
"1011","FINCABLES","EQ",1197.2,1279.8,1197.2,1272.9,1270.1,1191.2,1809176,22726.86,"03-Sep-2026",68739,"",""
"1012","FINEORG","EQ",5145.5,5229.5,5111.5,5179.5,5189.5,5146.5,15981,827.65,"03-Sep-2026",6930,"",""
"1013","FINIETF","EQ",32.77,32.82,32.55,32.65,32.69,32.43,180178,58.86,"03-Sep-2026",1876,"",""
"1014","FINKURVE","EQ",69.54,71,69.05,70.23,70.99,69.53,65810,46.15,"03-Sep-2026",1606,"",""
"1015","FINOPB","EQ",141.92,142.9,139.58,140.23,140.63,140.49,134565,189.61,"03-Sep-2026",1721,"",""
"1016","FINPIPE","EQ",158.75,159.39,157.2,158.9,159.24,157.84,338397,536.96,"03-Sep-2026",11192,"",""
"1017","FIRSTCRY","EQ",172.4,181.28,171.01,178.67,180.3,170.82,14287238,25257.01,"03-Sep-2026",126437,"",""
"1018","FISCHER","EQ",38.25,38.5,36.75,37.03,36.85,37.73,447981,168.62,"03-Sep-2026",2083,"",""
"1019","FIVESTAR","EQ",525,538,523.8,534.6,537.5,524.85,461736,2450.36,"03-Sep-2026",19663,"",""
"1020","FLAIR","EQ",247.3,249.8,246.42,248.11,248.99,247.14,38078,94.41,"03-Sep-2026",704,"",""
"1021","FLEXIADD","EQ",10.03,10.22,9.98,10.05,10.08,10.03,60203,6.03,"03-Sep-2026",269,"",""
"1022","FLEXITUFF","BE",2.39,2.49,2.37,2.4,2.48,2.39,27878,0.67,"03-Sep-2026",73,"",""
"1023","FLFL","BZ",1.23,1.25,1.18,1.22,1.24,1.23,64184,0.79,"03-Sep-2026",52,"",""
"1024","FLUOROCHEM","EQ",4728,4829,4675,4694.6,4688,4727.7,101082,4792.15,"03-Sep-2026",15271,"",""
"1025","FLYSBS","SM",633.25,657.95,617.5,625.25,620.1,634.65,63200,400.32,"03-Sep-2026",242,"",""
"1026","FMCGADD","EQ",46.45,46.45,46.15,46.22,46.38,46.45,32744,15.15,"03-Sep-2026",158,"",""
"1027","FMCGIETF","EQ",49.9,50.04,49.31,49.46,49.59,49.74,1316157,651.85,"03-Sep-2026",5868,"",""
"1028","FMGOETZE","EQ",617.8,617.8,602.55,613.7,614.5,612.4,1679963,10280.49,"03-Sep-2026",25141,"",""
"1029","FMNL","EQ",9.83,10,9.18,9.62,9.68,9.64,36240,3.43,"03-Sep-2026",81,"",""
"1030","FOCUS","BE",65.2,65.2,63.15,63.9,63.94,64.53,39770,25.43,"03-Sep-2026",294,"",""
"1031","FONEBOX","SM",95.25,95.25,95.25,95.25,95.25,99,1000,0.95,"03-Sep-2026",1,"",""
"1032","FOODSIN","EQ",55.18,56.5,54,56.06,56,54.78,241790,135.37,"03-Sep-2026",892,"",""
"1033","FORCAS","ST",240,248.95,237.05,237.05,237.05,239.95,11200,27.15,"03-Sep-2026",7,"",""
"1034","FORCEMOT","EQ",17650,17932,17455,17500,17500,17600,67963,12029.15,"03-Sep-2026",20455,"",""
"1035","FORGEAUTO","SM",100,100,100,100,100,95.25,4800,4.8,"03-Sep-2026",4,"",""
"1036","FORTIS","EQ",915,920,908.45,917.5,917.5,915,751728,6876.37,"03-Sep-2026",21584,"",""
"1037","FOSECOIND","EQ",6232.5,6408,6183.5,6372.5,6300,6183,13802,870.49,"03-Sep-2026",3511,"",""
"1038","FRACTAL","EQ",827.95,834,815,817.4,819.5,821.4,171106,1411.79,"03-Sep-2026",13884,"",""
"1039","FREDUN","EQ",1525.9,1525.9,1480,1488.3,1486,1505.8,9559,143.77,"03-Sep-2026",987,"",""
"1040","FRESHARA","ST",470,477.95,438.25,439.75,440,461.3,56400,255.13,"03-Sep-2026",85,"",""
"1041","FROG","ST",259.15,269.9,252,265.9,264,259.15,37200,98.62,"03-Sep-2026",66,"",""
"1042","FRONTSP","EQ",1259.9,1284.8,1247.5,1269.8,1275.7,1250.4,15627,198.35,"03-Sep-2026",1628,"",""
"1043","FSL","EQ",270.15,270.8,262.75,265.3,264.9,270.4,758826,2028.78,"03-Sep-2026",13709,"",""
"1044","FUSION","EQ",193.5,201,193.5,199.73,199.74,193.42,551845,1098.16,"03-Sep-2026",6988,"",""
"1045","FWSTC","SM",197,197,197,197,197,197,600,1.18,"03-Sep-2026",1,"",""
"1046","GABRIEL","EQ",1383,1403.9,1342,1345.8,1345,1384.9,302147,4125.53,"03-Sep-2026",26211,"",""
"1047","GAEL","EQ",170.8,172,167.7,170.88,170.25,170.8,830501,1412.1,"03-Sep-2026",10840,"",""
"1048","GAIL","EQ",173.19,174.67,172.01,174.67,174.67,173,6327095,10981.03,"03-Sep-2026",41371,"",""
"1049","GAJA","EQ",164.4,164.4,156.51,157.62,157.2,163.83,1287005,2059.71,"03-Sep-2026",12816,"",""
"1050","GAJANAND","SM",8.9,8.9,8.9,8.9,8.9,9.15,3000,0.27,"03-Sep-2026",1,"",""
"1051","GALAPREC","EQ",1055,1065,1020,1026.2,1024,1040.5,28284,295.19,"03-Sep-2026",2582,"",""
"1052","GALAXYSURF","EQ",2243.9,2290.5,2214.1,2251.6,2240,2223.1,32204,727.33,"03-Sep-2026",6048,"",""
"1053","GALLANTT","EQ",558,576,557.95,572.65,575,555.4,58030,329.78,"03-Sep-2026",5300,"",""
"1054","GANDHAR","EQ",268.5,270.95,264.05,267.4,268,265.95,788620,2110.58,"03-Sep-2026",9641,"",""
"1055","GANDHITUBE","EQ",885,905,885,902.55,897,896.4,5689,51.12,"03-Sep-2026",193,"",""
"1056","GANECOS","EQ",1015.9,1040,1001.9,1015.4,1025,1004.4,51654,523.03,"03-Sep-2026",5148,"",""
"1057","GANESHBE","BE",118,127,118,121.18,124.15,122.18,256310,316.15,"03-Sep-2026",1081,"",""
"1058","GANESHCP","EQ",170.01,174.9,167.09,168.82,169.85,167.47,151836,258.86,"03-Sep-2026",3244,"",""
"1059","GANESHHOU","EQ",763,774,761.3,765.5,765,762,11309,86.67,"03-Sep-2026",939,"",""
"1060","GANESHIN","ST",99.9,101.5,98.5,99.75,99.8,97.7,58400,58.12,"03-Sep-2026",47,"",""
"1061","GANGABATH","SM",20.8,21.1,20.3,20.75,20.8,20.6,33000,6.83,"03-Sep-2026",11,"",""
"1062","GANGAFORGE","EQ",1.82,1.85,1.76,1.76,1.76,1.85,7489255,133.17,"03-Sep-2026",2300,"",""
"1063","GANGESSECU","EQ",120,120,119.35,119.9,119.9,117.87,2101,2.52,"03-Sep-2026",15,"",""
"1064","GARFIBRES","EQ",816,818.05,795.15,800.05,799,814.75,23548,189.66,"03-Sep-2026",3963,"",""
"1065","GARUDA","EQ",176.78,181.22,175.52,178.88,178.37,174.34,1039892,1850.71,"03-Sep-2026",7612,"",""
"1066","GATECH","BE",0.95,0.95,0.95,0.95,0.95,1,5101632,48.47,"03-Sep-2026",4018,"",""
"1067","GATECHDVR","BE",0.5,0.51,0.5,0.5,0.5,0.52,440422,2.2,"03-Sep-2026",259,"",""
"1068","GATEWAY","EQ",53.3,55.03,53.11,54.5,54.21,53.1,1077297,585.89,"03-Sep-2026",5461,"",""
"1069","GAUDIUMIVF","BE",123.4,124.84,117.23,117.24,117.23,123.4,217233,256.95,"03-Sep-2026",1442,"",""
"1070","GAYAHWS","EQ",1.99,2.02,1.96,1.96,1.97,1.99,213064,4.2,"03-Sep-2026",226,"",""
"1071","GAYAPROJ","EQ",22.18,22.48,21.73,22.18,22.11,21.46,374215,82.61,"03-Sep-2026",924,"",""
"1072","GCHOTELS","ST",100,100,96.2,98.25,98,98.45,18000,17.69,"03-Sep-2026",30,"",""
"1073","GCSL","EQ",575.3,591.8,567,586.7,590.3,571.85,914248,5243.5,"03-Sep-2026",6375,"",""
"1074","GEECEE","BE",365.95,370,362.7,369.5,369.95,366.9,720,2.66,"03-Sep-2026",21,"",""
"1075","GEEKAYWIRE","EQ",28.99,29.9,28.42,29.39,29.75,27.86,263603,76.85,"03-Sep-2026",1559,"",""
"1076","GEMAROMA","EQ",165.6,166.9,161.06,162.22,161.17,164.17,82359,134.57,"03-Sep-2026",1580,"",""
"1077","GENCON","EQ",45.58,45.58,41.6,42.36,41.61,44.33,268546,118.05,"03-Sep-2026",981,"",""
"1078","GENESYS","EQ",222,227.6,220.13,222.63,223.03,219.87,397999,892.24,"03-Sep-2026",5938,"",""
"1079","GENSOL","BZ",16.99,17.5,16.8,17.17,17.05,16.86,68536,11.74,"03-Sep-2026",424,"",""
"1080","GENUSPAPER","EQ",12,12.54,11.91,12.44,12.48,11.96,144783,17.68,"03-Sep-2026",336,"",""
"1081","GENUSPOWER","EQ",339.5,343.45,336.9,339.7,339.8,336.15,2425640,8246.61,"03-Sep-2026",71082,"",""
"1082","GENXAI","SM",80,81.5,80,81.5,81.5,81.9,7200,5.79,"03-Sep-2026",6,"",""
"1083","GEOJITFSL","EQ",82.97,86.5,82.1,82.77,82.99,82.76,1016535,859.98,"03-Sep-2026",7605,"",""
"1084","GESHIP","EQ",1313.6,1360,1313.1,1353.6,1355,1305.6,1290655,17336.81,"03-Sep-2026",69601,"",""
"1085","GFLLIMITED","EQ",59.89,59.89,58.35,58.65,58.6,58.82,74467,43.92,"03-Sep-2026",1092,"",""
"1086","GGBL","SM",229,229.7,221.35,221.85,222,225.85,13200,29.63,"03-Sep-2026",41,"",""
"1087","GHCL","EQ",441.5,441.5,435.1,437.55,438,435.1,78070,341.39,"03-Sep-2026",3336,"",""
"1088","GHCLTEXTIL","EQ",140.4,142.8,137.51,138.02,138,139.35,567501,790.28,"03-Sep-2026",7169,"",""
"1089","GICHSGFIN","EQ",146,146,140.96,142.06,142.6,145.82,112085,159.84,"03-Sep-2026",1994,"",""
"1090","GICL","EQ",23.85,24.48,23.11,24,24.1,23.99,130911,31.14,"03-Sep-2026",396,"",""
"1091","GICRE","EQ",357,359.8,353.4,356.15,355.85,355.45,2236265,7954.35,"03-Sep-2026",22271,"",""
"1092","GILLANDERS","EQ",104,106,102.51,104.73,105,105.02,1466,1.53,"03-Sep-2026",68,"",""
"1093","GILLETTE","EQ",7355,7394.5,7330,7341,7346.5,7346,6217,456.94,"03-Sep-2026",2070,"",""
"1094","GILT10BETA","EQ",26.62,26.72,26.62,26.68,26.65,26.75,127,0.03,"03-Sep-2026",7,"",""
"1095","GILT5BETA","EQ",66.01,66.94,66.01,66.49,66.49,65.69,10011,6.66,"03-Sep-2026",5,"",""
"1096","GILT5YBEES","EQ",66.24,66.33,66.1,66.23,66.27,66.09,161269,106.85,"03-Sep-2026",433,"",""
"1097","GINNIFILA","BE",43.97,43.97,42.51,43.17,43.29,43.97,103042,44.52,"03-Sep-2026",184,"",""
"1098","GIPCL","EQ",207.9,211.71,205.3,208.04,207.51,205.94,1048615,2184.82,"03-Sep-2026",18885,"",""
"1099","GIRIRAJ","SM",78.6,78.6,78.5,78.55,78.5,74.9,3500,2.75,"03-Sep-2026",13,"",""
"1100","GJL","ST",245,246.75,236.05,246.75,246.75,235,8800,21.52,"03-Sep-2026",9,"",""
"1101","GKENERGY","EQ",132.2,133.49,129,129.55,129,131.04,309085,403.7,"03-Sep-2026",4328,"",""
"1102","GKSL","EQ",169.65,175.26,169.21,171.51,171.99,168.3,904734,1567.17,"03-Sep-2026",10316,"",""
"1103","GKWLIMITED","EQ",1560,1609.9,1560,1600,1600,1593.3,597,9.54,"03-Sep-2026",56,"",""
"1104","GLAND","EQ",2870,2948,2847.6,2907.9,2915,2868.4,189288,5476.74,"03-Sep-2026",24000,"",""
"1105","GLAXO","EQ",2962.4,2998,2930.4,2937.5,2944.2,2949.9,56012,1654.92,"03-Sep-2026",6775,"",""
"1106","GLENMARK","EQ",2470,2471.8,2425.1,2459,2459,2460,481343,11734.05,"03-Sep-2026",34285,"",""
"1107","GLFL","EQ",5.85,5.85,5.53,5.66,5.58,5.8,3188,0.18,"03-Sep-2026",25,"",""
"1108","GLOBAL","EQ",119.5,123.38,114.89,116.27,115.4,117.31,229487,272.92,"03-Sep-2026",2734,"",""
"1109","GLOBALE","EQ",11.7,11.7,10.73,11.38,11.39,11.23,1230,0.14,"03-Sep-2026",13,"",""
"1110","GLOBALPET","ST",154,159,153,157.15,159,154,15750,24.3,"03-Sep-2026",11,"",""
"1111","GLOBALVECT","EQ",144.9,144.9,140.6,142.65,142,142.93,6870,9.78,"03-Sep-2026",225,"",""
"1112","GLOBE","EQ",1.93,1.96,1.9,1.91,1.93,1.91,258785,4.99,"03-Sep-2026",286,"",""
"1113","GLOBECIVIL","EQ",46.84,49.48,46.2,48.92,48.91,46.84,128668,62.18,"03-Sep-2026",1166,"",""
"1114","GLOBUSSPR","EQ",923.1,928.05,911.55,919.65,915.15,908.75,61603,568,"03-Sep-2026",3677,"",""
"1115","GLOSTERLTD","EQ",585.35,599.8,585.35,590.75,597.8,585.35,619,3.64,"03-Sep-2026",52,"",""
"1116","GLOTTIS","EQ",62.12,63.39,62.12,62.31,62.25,62.22,26699,16.72,"03-Sep-2026",341,"",""
"1117","GMBREW","EQ",885.1,927.45,885.05,910.55,910,885.4,59999,545.88,"03-Sep-2026",4233,"",""
"1118","GMDCLTD","EQ",560,568.55,559.9,565.85,565.1,557.65,594866,3359.16,"03-Sep-2026",20522,"",""
"1119","GMMPFAUDLR","EQ",1079,1096.2,1062.7,1073.5,1072,1070,116085,1248.17,"03-Sep-2026",6581,"",""
"1120","GMRAIRPORT","EQ",95,96.87,94.31,96.87,96.87,93.99,11291487,10820.89,"03-Sep-2026",38767,"",""
"1121","GMRP&UI","EQ",91.17,92.4,89.63,91.69,91.5,91.14,1158458,1058.61,"03-Sep-2026",7072,"",""
"1122","GNA","EQ",536.1,542.25,526.05,531.8,537,532.4,162647,865.68,"03-Sep-2026",4519,"",""
"1123","GNFC","EQ",582.95,597,582.55,587.35,586.45,576.95,1022854,6025.86,"03-Sep-2026",25461,"",""
"1124","GNRL","EQ",95.1,99,95,96.72,98.97,94.84,148024,143.34,"03-Sep-2026",5476,"",""
"1125","GOACARBON","EQ",369.35,376,366.05,375.25,376,365.8,14664,54.6,"03-Sep-2026",667,"",""
"1126","GOCLCORP","EQ",417,448,412.9,422.95,417.1,391.7,6030677,26173.72,"03-Sep-2026",97979,"",""
"1127","GOCOLORS","EQ",326.8,327.6,320,322.55,322.55,323.35,47155,152.76,"03-Sep-2026",1772,"",""
"1128","GODAVARIB","EQ",237.7,249.7,236.61,245.25,247.76,237.3,182077,446.74,"03-Sep-2026",4225,"",""
"1129","GODFRYPHLP","EQ",2050,2055.5,2030,2045,2045,2025.4,123686,2526.71,"03-Sep-2026",11430,"",""
"1130","GODIGIT","EQ",258.3,260.1,256.25,257.85,257.75,258.4,78847,203.76,"03-Sep-2026",5567,"",""
"1131","GODREJAGRO","EQ",669.35,669.35,651.5,658.95,661,670.25,340057,2250.5,"03-Sep-2026",15423,"",""
"1132","GODREJCP","EQ",893,893,859.55,880,880,905,7283971,63581.52,"03-Sep-2026",121844,"",""
"1133","GODREJIND","EQ",1139,1161.4,1139,1154.3,1158.8,1138.8,50655,582.8,"03-Sep-2026",4849,"",""
"1134","GODREJPROP","EQ",1964,2056.7,1960,2001.5,2001.5,1970.7,1323927,26602.43,"03-Sep-2026",41218,"",""
"1135","GOKEX","EQ",770.9,777.65,763,767.65,769,770.1,98249,756.71,"03-Sep-2026",5711,"",""
"1136","GOKUL","EQ",41.68,42.89,41.3,41.95,41.35,41.37,223577,93.89,"03-Sep-2026",732,"",""
"1137","GOKULAGRO","EQ",234.25,236.5,232.92,234.91,235,234.19,137434,322.21,"03-Sep-2026",5551,"",""
"1138","GOLD1","EQ",127.88,128.94,126.74,127.48,127.45,124.77,2195932,2801.24,"03-Sep-2026",6644,"",""
"1139","GOLD360","EQ",148.95,149.95,147.55,149.4,149.15,145.6,16424,24.47,"03-Sep-2026",210,"",""
"1140","GOLDADD","EQ",14.87,14.96,14.72,14.84,14.85,14.51,9154560,1359.29,"03-Sep-2026",7461,"",""
"1141","GOLDAXIS","EQ",127.28,127.9,126.71,127.2,127.24,124.18,5116035,6521.26,"03-Sep-2026",4593,"",""
"1142","GOLDBEES","EQ",126.08,126.68,125.8,126.23,126.15,123.52,29706695,37514.37,"03-Sep-2026",80365,"",""
"1143","GOLDBETA","EQ",129.2,130.85,128,128.5,128.45,126,986899,1268.24,"03-Sep-2026",3659,"",""
"1144","GOLDBND","EQ",154.94,154.94,151.69,152.71,152.9,149.22,108180,165.23,"03-Sep-2026",382,"",""
"1145","GOLDCASE","EQ",23.99,24.14,23.95,24.03,24.02,23.51,8825091,2121.9,"03-Sep-2026",10187,"",""
"1146","GOLDENTOBC","BZ",24.5,25.39,24.5,25,25,24.27,555,0.14,"03-Sep-2026",10,"",""
"1147","GOLDETF","EQ",147.11,149.94,142.08,148.23,148.1,145.52,4711818,6981.82,"03-Sep-2026",10512,"",""
"1148","GOLDIAM","EQ",344.95,350,338.2,340.65,341.8,344.1,351901,1208.11,"03-Sep-2026",6685,"",""
"1149","GOLDIETF","EQ",130.34,133,130.01,130.75,130.66,127.84,7801338,10209.38,"03-Sep-2026",28714,"",""
"1150","GOLDSTAR","SM",8.05,8.2,7.7,7.7,7.7,7.85,67500,5.4,"03-Sep-2026",6,"",""
"1151","GOLDTECH","BE",46.99,48.4,46.51,47.1,47.64,47.28,6839,3.25,"03-Sep-2026",87,"",""
"1152","GOODLUCK","EQ",474.75,479,465,469.4,468.55,474.75,276349,1300.61,"03-Sep-2026",7870,"",""
"1153","GOODYEAR","EQ",740,751,735,736.7,735.55,736.1,2872,21.25,"03-Sep-2026",410,"",""
"1154","GOPAL","EQ",264.95,268.95,264.95,265.4,265,264.9,58481,155.66,"03-Sep-2026",5296,"",""
"1155","GOYALALUM","EQ",6.23,6.32,6.2,6.31,6.32,6.23,34142,2.14,"03-Sep-2026",253,"",""
"1156","GOYALSALT","SM",102,106.5,102,106.5,106.5,105,4800,5.06,"03-Sep-2026",7,"",""
"1157","GPECO","ST",407,422.3,402.1,422.3,422.3,402.2,34600,145.13,"03-Sep-2026",127,"",""
"1158","GPIL","EQ",240.99,243.08,237.22,239.9,240.2,239.39,966236,2312.29,"03-Sep-2026",13796,"",""
"1159","GPPL","EQ",164.15,168.39,164.15,165.43,165.4,164.44,2505934,4176.57,"03-Sep-2026",31040,"",""
"1160","GPTHEALTH","EQ",151.45,154.09,150,153.68,153.6,150.83,59077,90.09,"03-Sep-2026",1637,"",""
"1161","GPTINFRA","EQ",111.8,115.19,108.36,110.88,109.64,110.71,380682,427.19,"03-Sep-2026",4435,"",""
"1162","GRADIENTE","EQ",2.7,2.71,2.65,2.67,2.69,2.65,412547,11.05,"03-Sep-2026",183,"",""
"1163","GRANDOAK","EQ",34.42,35.45,34.1,34.98,35.25,34.58,4379,1.52,"03-Sep-2026",49,"",""
"1164","GRANULES","EQ",837.5,873.5,834,853.85,857,831.75,2829036,24144.44,"03-Sep-2026",64079,"",""
"1165","GRAPHISAD","SM",26.05,26.05,25.5,25.6,25.6,26,14400,3.73,"03-Sep-2026",11,"",""
"1166","GRAPHITE","EQ",730,737.9,712.95,721.3,721.6,726.6,889286,6463.76,"03-Sep-2026",28162,"",""
"1167","GRASIM","EQ",3275.1,3325.2,3275.1,3310,3310,3294.9,2310916,76337.42,"03-Sep-2026",63011,"",""
"1168","GRAUWEIL","EQ",70.2,72.04,70.06,70.84,70.7,70.06,153472,109.38,"03-Sep-2026",2790,"",""
"1169","GRAVISSHO","EQ",30.04,30.04,28,29.6,29,30.83,3944,1.14,"03-Sep-2026",55,"",""
"1170","GRAVITA","EQ",1750,1769.9,1680,1684.8,1685,1749.1,233119,3987.56,"03-Sep-2026",26730,"",""
"1171","GRCL","SM",570.15,570.15,570.15,570.15,570.15,590,250,1.43,"03-Sep-2026",1,"",""
"1172","GREAVESCOT","EQ",194.5,197.89,194.12,194.78,194.2,194.2,543561,1065.12,"03-Sep-2026",8693,"",""
"1173","GREENCHEF","SM",64.95,66.5,61.95,66.5,66.5,63.4,28800,18.46,"03-Sep-2026",35,"",""
"1174","GREENLAM","EQ",245.85,245.85,240.55,244.17,242,242.06,33496,81.42,"03-Sep-2026",1056,"",""
"1175","GREENLEAF","ST",110.05,110.05,110,110,110,112.8,14000,15.4,"03-Sep-2026",7,"",""
"1176","GREENPANEL","EQ",160.33,160.39,154.57,157.62,157.45,158,176802,277.14,"03-Sep-2026",3545,"",""
"1177","GREENPLY","EQ",286,300,286,293,294.9,283.7,270900,800.36,"03-Sep-2026",6230,"",""
"1178","GREENPOWER","EQ",9.22,9.3,9.13,9.19,9.17,9.16,1056207,97.19,"03-Sep-2026",3463,"",""
"1179","GRETEX","SM",247.5,247.5,247.5,247.5,247.5,260,750,1.86,"03-Sep-2026",1,"",""
"1180","GRINDWELL","EQ",1982,2004.6,1965,1974.4,1965,1967.5,13013,258.99,"03-Sep-2026",3392,"",""
"1181","GRINFRA","EQ",884.7,888,868,871.1,870.35,873.9,18846,165.49,"03-Sep-2026",1831,"",""
"1182","GRMOVER","EQ",86.1,87.56,85.35,85.81,85.98,86.03,822411,710.91,"03-Sep-2026",3136,"",""
"1183","GROBTEA","EQ",968.05,980,966,980,980,965.5,130,1.26,"03-Sep-2026",29,"",""
"1184","GROWW","EQ",190.26,191.28,188.6,190.24,190,189.88,18098427,34394.32,"03-Sep-2026",122369,"",""
"1185","GROWWCAPM","EQ",11.32,11.4,11.21,11.33,11.34,11.2,234054,26.47,"03-Sep-2026",586,"",""
"1186","GROWWCHEM","EQ",30.17,30.55,30.01,30.19,30.45,30.01,4385145,1337.49,"03-Sep-2026",566,"",""
"1187","GROWWDEFNC","EQ",95.89,97.2,95.68,96.61,96.59,95.89,202390,195.79,"03-Sep-2026",2238,"",""
"1188","GROWWEV","EQ",31.9,33,31.9,32.57,32.63,32.6,353245,114.96,"03-Sep-2026",1698,"",""
"1189","GROWWGOLD","EQ",14.95,15.07,14.74,14.91,14.94,14.58,1946252,290.53,"03-Sep-2026",3740,"",""
"1190","GROWWHOSPI","EQ",51.86,52.8,51.76,52.06,52.5,51.85,160096,83.22,"03-Sep-2026",729,"",""
"1191","GROWWLIQID","EQ",110.61,110.61,110.6,110.6,110.61,110.59,155595,172.1,"03-Sep-2026",173,"",""
"1192","GROWWLOVOL","EQ",10.3,10.48,10.3,10.34,10.37,10.3,3567,0.37,"03-Sep-2026",72,"",""
"1193","GROWWMC150","EQ",232.09,234.28,231.59,233.72,234.09,232.09,955,2.22,"03-Sep-2026",33,"",""
"1194","GROWWMETAL","EQ",12.5,12.7,12.36,12.48,12.43,12.48,421367,52.83,"03-Sep-2026",1145,"",""
"1195","GROWWMOM50","EQ",11.18,11.18,10.97,11.02,11.03,11.01,261550,28.81,"03-Sep-2026",423,"",""
"1196","GROWWN200","EQ",11.49,11.49,11.22,11.33,11.34,11.31,27490,3.11,"03-Sep-2026",219,"",""
"1197","GROWWNET","EQ",10.94,10.94,10.7,10.79,10.81,10.73,1203003,129.64,"03-Sep-2026",492,"",""
"1198","GROWWNIFTY","EQ",9.67,9.77,9.65,9.66,9.65,9.67,518106,50.25,"03-Sep-2026",3543,"",""
"1199","GROWWNXT50","EQ",73.23,73.69,73.03,73.45,73.56,73.23,14628,10.76,"03-Sep-2026",69,"",""
"1200","GROWWPOWER","EQ",11.3,11.38,11.24,11.32,11.31,11.18,1801267,204.29,"03-Sep-2026",1879,"",""
"1201","GROWWPSE","EQ",99.28,99.28,97.4,97.89,97.98,97.74,5696,5.58,"03-Sep-2026",122,"",""
"1202","GROWWPSUBK","EQ",84.94,86.72,84.94,85.33,85.04,85.36,3723,3.21,"03-Sep-2026",130,"",""
"1203","GROWWRAIL","EQ",28.05,28.2,26.52,28.05,28.12,27.9,290207,81.4,"03-Sep-2026",1958,"",""
"1204","GROWWRLTY","EQ",9.91,10.32,9.83,10.2,10.24,9.92,470254,48.11,"03-Sep-2026",645,"",""
"1205","GROWWSC250","EQ",10.58,10.69,10.58,10.66,10.66,10.58,43722,4.65,"03-Sep-2026",401,"",""
"1206","GROWWSLVR","EQ",22.64,23.22,22.42,22.55,22.52,22.08,3530966,801.63,"03-Sep-2026",2693,"",""
"1207","GRPLTD","EQ",2023.2,2023.5,1950.1,1979.7,2012,2008.9,1360,26.89,"03-Sep-2026",168,"",""
"1208","GRSE","EQ",2507,2536.5,2501,2509.8,2518,2495.1,270890,6822.2,"03-Sep-2026",18784,"",""
"1209","GRWRHITECH","EQ",7248,7248,7020,7100,7100,7202.5,36775,2613.2,"03-Sep-2026",9151,"",""
"1210","GSEC10IETF","EQ",264.24,264.24,261.88,262.5,262.5,263.42,2404,6.31,"03-Sep-2026",7,"",""
"1211","GSEC10YEAR","EQ",30.5,30.5,30.5,30.5,30.5,30.55,171,0.05,"03-Sep-2026",12,"",""
"1212","GSEC5IETF","EQ",66.57,66.57,66.06,66.51,66.52,66.25,807,0.54,"03-Sep-2026",27,"",""
"1213","GSFC","EQ",161.2,163.12,160.11,161.86,161.5,159.95,1747248,2828.95,"03-Sep-2026",24192,"",""
"1214","GSLSU","EQ",27.02,27.02,25.8,27.02,27.02,25.74,195129,52.51,"03-Sep-2026",440,"",""
"1215","GSMFOILS","SM",117,117,117,117,117,123.15,18500,21.65,"03-Sep-2026",26,"",""
"1216","GSPCROP","EQ",629.95,636.45,623,625.9,623.35,625.95,152659,962.58,"03-Sep-2026",3298,"",""
"1217","GSS","EQ",12.29,12.44,10.76,11.16,11.23,11.83,192431,22,"03-Sep-2026",597,"",""
"1218","GSTL","SM",10.85,11.95,10.85,11.9,11.9,11.4,8000,0.89,"03-Sep-2026",8,"",""
"1219","GTECJAINX","BE",29,29.29,28.85,28.85,28.85,28.9,1628,0.48,"03-Sep-2026",8,"",""
"1220","GTL","EQ",7.17,7.34,7.17,7.2,7.24,7.23,108118,7.8,"03-Sep-2026",376,"",""
"1221","GTLINFRA","EQ",1.16,1.18,1.16,1.16,1.17,1.16,25562440,298.6,"03-Sep-2026",11587,"",""
"1222","GTPL","EQ",57.25,58.5,56.31,57.93,58.1,56.17,85660,49.56,"03-Sep-2026",637,"",""
"1223","GUFICBIO","EQ",443,447.9,436.15,439.35,438.45,438.8,106657,471.47,"03-Sep-2026",5609,"",""
"1224","GUJALKALI","EQ",728,760,719,722.85,724,714.8,484763,3585.85,"03-Sep-2026",24754,"",""
"1225","GUJAPOLLO","EQ",338.45,350,337.7,347.95,348,337.7,12024,41.12,"03-Sep-2026",322,"",""
"1226","GUJENERGY","EQ",264.4,266.5,263.1,264.1,264.11,262.29,1183237,3131.95,"03-Sep-2026",31938,"",""
"1227","GUJRAFFIA","EQ",40.01,41.5,39.95,41.3,41.4,40,1211,0.49,"03-Sep-2026",30,"",""
"1228","GUJTHEM","EQ",420,435,412.85,425.1,425,413.05,1355455,5757.19,"03-Sep-2026",13686,"",""
"1229","GULFOILLUB","EQ",1130.3,1136.9,1106.4,1112.5,1114.4,1125,113660,1272.83,"03-Sep-2026",7281,"",""
"1230","GULFPETRO","BE",66.3,68.49,65.25,66.82,66.4,67.56,52255,35.09,"03-Sep-2026",310,"",""
"1231","GULPOLY","EQ",187,189.39,185.55,186.27,185.55,187.56,136406,255.18,"03-Sep-2026",2194,"",""
"1232","GURUNANAK","SM",35.5,35.5,35.15,35.15,35.15,36.9,6400,2.26,"03-Sep-2026",4,"",""
"1233","GVKPIL","BE",2.06,2.1,2.04,2.05,2.07,2.06,638042,13.19,"03-Sep-2026",830,"",""
"1234","GVPIL","EQ",640.95,663.75,635.6,663.75,663.75,632.15,148155,970.87,"03-Sep-2026",3609,"",""
"1235","GVPTECH","BE",8.24,8.73,8.22,8.25,8.26,8.33,93059,7.78,"03-Sep-2026",238,"",""
"1236","GVT&D","EQ",4276,4367,4242,4362,4362,4240,598422,25940.79,"03-Sep-2026",54576,"",""
"1237","GYFTR","EQ",188,193.9,177.22,180.23,180,183,54722,101.61,"03-Sep-2026",1456,"",""
"1238","HAL","EQ",4793,4810,4750,4765.6,4765.6,4780,401080,19155.91,"03-Sep-2026",28333,"",""
"1239","HALDER","EQ",294.05,295,270,284.9,276.05,293.9,23097,67.78,"03-Sep-2026",80,"",""
"1240","HALDYNGL","BE",143.95,146,139.02,144.65,144.13,142.55,62519,90.69,"03-Sep-2026",428,"",""
"1241","HALEOSLABS","EQ",1512.9,1512.9,1475,1482.1,1475,1481.4,193,2.87,"03-Sep-2026",35,"",""
"1242","HAMPTON","EQ",7.56,8.36,7.56,8.1,8.18,8.17,8932,0.72,"03-Sep-2026",83,"",""
"1243","HAPPSTMNDS","EQ",356,359.4,351.7,353.95,353.25,354.85,2072501,7360.32,"03-Sep-2026",34483,"",""
"1244","HAPPY","SM",83.4,87.95,79.5,86.65,87.95,82.85,68000,56.09,"03-Sep-2026",33,"",""
"1245","HAPPYFORGE","EQ",2345,2450,2271.3,2294.4,2295.2,2345.9,71280,1668.28,"03-Sep-2026",13002,"",""
"1246","HARDWYN","EQ",9.1,9.16,9.05,9.11,9.13,9.12,384105,34.95,"03-Sep-2026",814,"",""
"1247","HARIOMPIPE","EQ",349.9,357,345.3,355.45,356,348.6,82527,290.47,"03-Sep-2026",2336,"",""
"1248","HARRMALAYA","EQ",190.08,194.2,187.59,191.2,191,188.98,5889,11.29,"03-Sep-2026",335,"",""
"1249","HARSHA","EQ",451.8,453.9,445,451.05,451.35,450.75,91361,411.27,"03-Sep-2026",4267,"",""
"1250","HATHWAY","EQ",10.37,10.42,10.25,10.26,10.3,10.34,1152121,119.04,"03-Sep-2026",1905,"",""
"1251","HATSUN","EQ",1198.5,1198.5,1149,1160.8,1156.5,1193.6,53500,629.08,"03-Sep-2026",4396,"",""
"1252","HAVELLS","EQ",1200,1205.3,1190.1,1200,1200,1193,424610,5080.85,"03-Sep-2026",40609,"",""
"1253","HAVISHA","EQ",1.31,1.53,1.3,1.4,1.4,1.28,63829,0.88,"03-Sep-2026",164,"",""
"1254","HAWKINCOOK","EQ",8180.5,8351.5,8151.5,8297,8349,8194.5,920,75.73,"03-Sep-2026",350,"",""
"1255","HAZOOR","EQ",19.13,19.7,19,19.28,19.45,18.95,1662009,320.44,"03-Sep-2026",447,"",""
"1256","HBESD","EQ",75,75.1,75,75,75,75,837,0.63,"03-Sep-2026",15,"",""
"1257","HBLENGINE","EQ",664.05,670.6,660,665.55,667,660.2,559405,3721.04,"03-Sep-2026",19809,"",""
"1258","HBPOR","EQ",60,60,59.25,59.66,59.25,59.99,1673,1,"03-Sep-2026",30,"",""
"1259","HBSL","EQ",54.04,54.58,53.5,54.5,54.5,52.98,3738,2.03,"03-Sep-2026",48,"",""
"1260","HCC","EQ",23.2,23.68,22.81,23.13,23.11,23.08,22777015,5278.2,"03-Sep-2026",23627,"",""
"1261","HCG","EQ",699.55,708.5,697.55,703.45,703.05,699.3,258920,1812.06,"03-Sep-2026",6434,"",""
"1262","HCL-INSYS","EQ",10.41,10.6,9.9,10.14,10.16,10.32,355821,36.28,"03-Sep-2026",1145,"",""
"1263","HCLTECH","EQ",1345,1345,1308,1319,1319,1331.5,1515496,19949.13,"03-Sep-2026",47197,"",""
"1264","HDBFS","EQ",675.2,696.7,674.4,693.45,694.45,675.2,728505,5022.22,"03-Sep-2026",37992,"",""
"1265","HDFCAMC","EQ",2530,2535.4,2486,2510.8,2510.8,2525.7,746134,18625.96,"03-Sep-2026",41014,"",""
"1266","HDFCBANK","EQ",705,712.6,705,706.65,706.65,700.8,27770641,196706.4,"03-Sep-2026",293146,"",""
"1267","HDFCBSE500","EQ",37.56,38.2,37.45,37.73,37.6,37.55,2346292,881.17,"03-Sep-2026",345,"",""
"1268","HDFCGOLD","EQ",130.99,131,129.93,130.37,130.39,127.8,4948852,6454.38,"03-Sep-2026",10396,"",""
"1269","HDFCGROWTH","EQ",119.21,119.25,118.41,118.68,118.41,119.13,47334,56.21,"03-Sep-2026",146,"",""
"1270","HDFCLIFE","EQ",536.15,539.7,530.55,533.5,533.5,533,1356212,7237.64,"03-Sep-2026",29300,"",""
"1271","HDFCLIQUID","EQ",1077.36,1078.95,1076.37,1076.39,1076.39,1076.27,7886,84.89,"03-Sep-2026",33,"",""
"1272","HDFCLOWVOL","EQ",20.57,20.62,20.49,20.55,20.49,20.57,5165,1.06,"03-Sep-2026",66,"",""
"1273","HDFCMID150","EQ",23.42,23.63,23.31,23.53,23.6,23.4,385053,90.42,"03-Sep-2026",1180,"",""
"1274","HDFCMOMENT","EQ",31.21,31.23,30.96,31.07,31.19,30.9,50653,15.74,"03-Sep-2026",486,"",""
"1275","HDFCNEXT50","EQ",74.87,75,74.36,74.64,74.97,74.47,137273,102.61,"03-Sep-2026",676,"",""
"1276","HDFCNIF100","EQ",26.03,26.07,25.86,25.94,26.05,25.9,35883,9.33,"03-Sep-2026",221,"",""
"1277","HDFCNIFBAN","EQ",59.02,59.5,59.02,59.18,59.15,58.88,75739,44.94,"03-Sep-2026",428,"",""
"1278","HDFCNIFIT","EQ",33.12,33.4,32.8,33,33.17,33.07,140143,46.22,"03-Sep-2026",230,"",""
"1279","HDFCNIFTY","EQ",270.04,271.65,269.14,269.79,269.78,269.77,126774,342.47,"03-Sep-2026",1005,"",""
"1280","HDFCNIMEG","EQ",132.4,133.23,130.71,131.49,130.71,131.19,3029,4,"03-Sep-2026",85,"",""
"1281","HDFCPSUBK","EQ",86.78,87.49,86.14,86.33,86.14,85.92,52840,45.87,"03-Sep-2026",256,"",""
"1282","HDFCPVTBAN","EQ",28.07,28.5,28.07,28.31,28.23,28.18,161852,45.99,"03-Sep-2026",315,"",""
"1283","HDFCQUAL","EQ",58.85,58.85,58.5,58.52,58.62,58.82,7207,4.22,"03-Sep-2026",104,"",""
"1284","HDFCSENSEX","EQ",86.92,87.55,86.51,86.75,86.52,86.79,22075,19.23,"03-Sep-2026",583,"",""
"1285","HDFCSILVER","EQ",220.75,222.34,219,220.08,220,215.37,2513811,5546.5,"03-Sep-2026",9862,"",""
"1286","HDFCSML250","EQ",185.48,186.39,184.08,186.26,185.98,184.13,1329516,2472.62,"03-Sep-2026",38224,"",""
"1287","HDFCVALUE","EQ",125.89,126.08,125.2,125.5,125.5,125.43,9332,11.72,"03-Sep-2026",54,"",""
"1288","HDIL","BZ",1.54,1.54,1.5,1.51,1.5,1.52,207719,3.17,"03-Sep-2026",136,"",""
"1289","HEADSUP","EQ",6.83,7,6.68,6.69,6.82,6.83,1737,0.12,"03-Sep-2026",39,"",""
"1290","HEALTHADD","EQ",16.74,16.8,16.67,16.7,16.71,16.73,3536,0.59,"03-Sep-2026",74,"",""
"1291","HEALTHAXIS","EQ",171.27,171.27,168.14,168.69,169.54,170.11,5333,9.01,"03-Sep-2026",96,"",""
"1292","HEALTHCARE","EQ",21.28,22.1,21.28,21.63,21.68,21.71,24239,5.25,"03-Sep-2026",174,"",""
"1293","HEALTHIETF","EQ",172.36,172.36,169.8,170.09,170.1,170.65,137280,233.6,"03-Sep-2026",1235,"",""
"1294","HEALTHX","EQ",303.1,303.1,289,292.05,290.4,294.3,2711,7.94,"03-Sep-2026",103,"",""
"1295","HEALTHY","EQ",17.5,17.5,17,17.06,17.29,17.08,120488,20.57,"03-Sep-2026",883,"",""
"1296","HECPROJECT","EQ",119.99,123,115.7,121.34,123,116.09,7140,8.58,"03-Sep-2026",113,"",""
"1297","HEG","EQ",709.9,725.45,699.9,707.45,708,706.4,1656554,11793.04,"03-Sep-2026",32859,"",""
"1298","HEIDELBERG","EQ",158.99,159.98,158,158.19,158.02,157.87,225564,357.6,"03-Sep-2026",5577,"",""
"1299","HEMIPROP","EQ",127,128.31,124.9,125.93,125.82,126.61,240725,304.1,"03-Sep-2026",2957,"",""
"1300","HERANBA","EQ",174.64,179.78,174.64,175.93,175.3,175.23,34394,60.94,"03-Sep-2026",1228,"",""
"1301","HERITGFOOD","EQ",377,378.3,368.75,371.55,368.75,378.75,835388,3113.64,"03-Sep-2026",13465,"",""
"1302","HEROMOTOCO","EQ",5315,5315,5271,5308.5,5308.5,5300,524520,27765.92,"03-Sep-2026",34420,"",""
"1303","HESTERBIO","EQ",2176.5,2225,2176.5,2201.7,2183.6,2176.5,1969,43.25,"03-Sep-2026",309,"",""
"1304","HEXAGON","BE",67.4,67.7,64,66.42,66.8,66.14,286912,191.41,"03-Sep-2026",712,"",""
"1305","HEXATRADEX","EQ",157.5,160.99,157,158,158,157.91,713,1.13,"03-Sep-2026",33,"",""
"1306","HEXT","EQ",538,538,519.2,529.1,532,543.6,2916864,15416.97,"03-Sep-2026",52455,"",""
"1307","HFCL","BE",229.99,231.5,217.65,220.42,220.1,226.27,6710150,14959.35,"03-Sep-2026",34228,"",""
"1308","HGINFRA","EQ",473,481.95,473,479.9,479.1,471.8,29404,140.82,"03-Sep-2026",2066,"",""
"1309","HGM","EQ",48,53.4,46.01,51.54,50.3,48.34,34950,17.85,"03-Sep-2026",266,"",""
"1310","HGS","EQ",393.95,404,390.15,393,394.5,393.1,63039,248.18,"03-Sep-2026",833,"",""
"1311","HIGREEN","SM",126.95,126.95,122,122.55,122,124.8,12000,14.88,"03-Sep-2026",15,"",""
"1312","HIKAL","EQ",201.15,240.72,201.15,240.36,240.72,200.6,20195810,46631.82,"03-Sep-2026",198491,"",""
"1313","HILINFRA","EQ",44.64,45.6,44.01,44.68,44.99,43.56,49597,22.26,"03-Sep-2026",593,"",""
"1314","HILTON","EQ",19.45,19.45,18.54,18.71,18.75,18.79,108785,20.48,"03-Sep-2026",293,"",""
"1315","HIMATSEIDE","EQ",69.43,70.69,69.43,70.32,70.22,69.66,255420,179.19,"03-Sep-2026",2325,"",""
"1316","HINDADH","EQ",365,374,359.5,370.85,371.95,359.5,2354,8.65,"03-Sep-2026",117,"",""
"1317","HINDALCO","EQ",1014.5,1022.5,1002.1,1010,1010,1009.7,1459349,14730.42,"03-Sep-2026",47403,"",""
"1318","HINDALUMI","EQ",97.32,99.79,97.32,97.5,97.35,97.32,953,0.93,"03-Sep-2026",47,"",""
"1319","HINDCOMPOS","EQ",403.9,405.5,388.9,393.1,394,399.6,4938,19.55,"03-Sep-2026",281,"",""
"1320","HINDCON","EQ",22.76,24.75,22.76,24.28,24.29,23.16,65009,15.58,"03-Sep-2026",538,"",""
"1321","HINDCOPPER","EQ",526,528.8,517,518.5,517.8,520.95,5410660,28226.03,"03-Sep-2026",68098,"",""
"1322","HINDOILEXP","EQ",167.5,191,166.8,184.38,182.8,166.18,35250701,65248,"03-Sep-2026",203744,"",""
"1323","HINDPETRO","EQ",358,361.6,357.35,361.35,361.35,359,2429261,8723.2,"03-Sep-2026",22488,"",""
"1324","HINDUNILVR","EQ",1978.9,1978.9,1959.9,1962,1962,1975,1638341,32187.73,"03-Sep-2026",63224,"",""
"1325","HINDWAREAP","EQ",182.08,187,182,185.82,186.99,182.08,62127,114.88,"03-Sep-2026",2303,"",""
"1326","HINDZINC","EQ",593,599,584.5,587.95,587.95,588.4,3896295,22976.13,"03-Sep-2026",44812,"",""
"1327","HIRECT","EQ",1223.8,1247,1212,1235.8,1240,1218.5,31919,392.66,"03-Sep-2026",2779,"",""
"1328","HISARMETAL","EQ",161.2,164.75,159.02,162.81,163.89,159.8,4035,6.57,"03-Sep-2026",119,"",""
"1329","HITECH","EQ",77.14,77.2,74.8,75.15,75.13,76.54,3272267,2468.58,"03-Sep-2026",15727,"",""
"1330","HITECHCORP","BE",334.5,338,332.5,337,337,336.55,3078,10.35,"03-Sep-2026",43,"",""
"1331","HITECHGEAR","BE",570.25,590,551.3,575.55,571,569.2,6391,36.39,"03-Sep-2026",78,"",""
"1332","HLEGLAS","EQ",315,328,314.05,320.05,318.55,314.1,184860,595.3,"03-Sep-2026",3782,"",""
"1333","HLVLTD","EQ",6.47,6.64,6.3,6.41,6.43,6.3,210227,13.66,"03-Sep-2026",757,"",""
"1334","HMAAGRO","EQ",21.09,21.29,20.63,20.93,20.9,20.89,934486,195.25,"03-Sep-2026",2044,"",""
"1335","HMT","BZ",68.83,70.45,67.48,69.07,69.6,67.48,27753,19.22,"03-Sep-2026",332,"",""
"1336","HMVL","BE",86.5,88.5,86.11,86.49,86.21,87.33,7154,6.22,"03-Sep-2026",46,"",""
"1337","HNDFDS","EQ",625,634,618.1,626.9,626,622.8,46887,293.97,"03-Sep-2026",3569,"",""
"1338","HNGSNGBEES","EQ",471,471.8,468,468.46,468.84,468.63,69325,325.41,"03-Sep-2026",3482,"",""
"1339","HOACFOODS","ST",877.6,965,877.55,965,965,923.7,5250,48.24,"03-Sep-2026",14,"",""
"1340","HOLMARC","SM",104.4,105,102.55,104.95,105,107,6000,6.25,"03-Sep-2026",7,"",""
"1341","HOMEFIRST","EQ",1197.1,1218,1187.9,1201.4,1208.8,1196.7,114599,1380.66,"03-Sep-2026",12856,"",""
"1342","HONASA","EQ",471.7,480.25,468.35,477.05,476.85,469.95,649479,3092.07,"03-Sep-2026",21478,"",""
"1343","HONAUT","EQ",35040,35515,34800,35265,35310,35170,3070,1076.16,"03-Sep-2026",1325,"",""
"1344","HONDAPOWER","EQ",1980,1999,1966.4,1986.4,1990,1976.1,2223,44.12,"03-Sep-2026",435,"",""
"1345","HORIZONIND","EQ",56.71,57.19,55.01,55.69,55.12,56.57,6343272,3538.55,"03-Sep-2026",28939,"",""
"1346","HPAL","EQ",34.3,36.1,34.3,35.4,35.79,35.01,55030,19.38,"03-Sep-2026",983,"",""
"1347","HPIL","EQ",123,123,122.01,122.01,122.01,122.01,260,0.32,"03-Sep-2026",16,"",""
"1348","HPL","EQ",300,304.1,299.8,303.25,303,297.35,73447,221.9,"03-Sep-2026",2568,"",""
"1349","HPTL","SM",347.25,347.25,315.95,329.75,333.25,330.75,79200,252.37,"03-Sep-2026",51,"",""
"1350","HRHNEXT","SM",23.55,24.8,23.45,24.8,24.8,24.65,22500,5.51,"03-Sep-2026",6,"",""
"1351","HRYNSHP","EQ",101.95,101.95,99,100.75,100,102,788,0.79,"03-Sep-2026",55,"",""
"1352","HSBCGOLD","EQ",137,137.9,131.12,132.53,132.38,130.24,16687,22.23,"03-Sep-2026",77,"",""
"1353","HSCL","EQ",662.15,665.9,658.45,662,660,659.6,2750945,18193.41,"03-Sep-2026",35977,"",""
"1354","HTEL","BE",77,77.9,74.63,74.73,75,78.55,2290257,1730.01,"03-Sep-2026",11873,"",""
"1355","HTMEDIA","EQ",26.57,26.78,25.67,26.56,26.11,26.19,137891,36.53,"03-Sep-2026",279,"",""
"1356","HUBTOWN","EQ",181,196.29,180.71,192.2,192.65,180.6,1634944,3116.14,"03-Sep-2026",18932,"",""
"1357","HUDCO","EQ",181.82,184.69,179.15,181.07,181,178.35,5301907,9679.5,"03-Sep-2026",48067,"",""
"1358","HUHTAMAKI","EQ",261.45,263,255.2,258.2,258.15,261.35,114978,297.03,"03-Sep-2026",2639,"",""
"1359","HVAX","SM",670,670,640,669.95,669.95,660,1050,6.99,"03-Sep-2026",7,"",""
"1360","HYBRIDETF","EQ",10.07,10.07,10.06,10.07,10.07,10.03,5867,0.59,"03-Sep-2026",20,"",""
"1361","HYBRIDFIN","BE",16.52,16.8,16.31,16.6,16.6,16.6,2519,0.42,"03-Sep-2026",34,"",""
"1362","HYUNDAI","EQ",2172,2184.8,2147.6,2152,2152,2154.4,784430,16960.56,"03-Sep-2026",40500,"",""
"1363","IBLFL","SM",55.15,60.9,55.15,60.9,60.9,58,32000,18.11,"03-Sep-2026",4,"",""
"1364","IBULLSLTD","EQ",26.15,26.48,25.57,25.84,25.85,25.96,4200832,1086.14,"03-Sep-2026",10834,"",""
"1365","ICDSLTD","EQ",63.4,64.96,62.6,64.96,64.96,59.06,109707,70.7,"03-Sep-2026",1426,"",""
"1366","ICELCO","SM",117.45,126.95,112.6,119.25,120,114.9,94800,113.79,"03-Sep-2026",66,"",""
"1367","ICEMAKE","EQ",737.85,744.95,725.05,739.25,739.85,739.7,18455,135.27,"03-Sep-2026",1152,"",""
"1368","ICICIAMC","EQ",2998.9,3011,2951.1,2980,2976,2973.3,507302,15138.57,"03-Sep-2026",37908,"",""
"1369","ICICIB22","EQ",116.09,116.09,113.75,114.03,114.17,113.81,96486,110.36,"03-Sep-2026",2358,"",""
"1370","ICICIBANK","EQ",1438.3,1452,1430,1430,1430,1426.5,10503351,151262.99,"03-Sep-2026",167924,"",""
"1371","ICICIGI","EQ",1541.4,1541.4,1510.1,1521.7,1521.7,1537,541112,8223.39,"03-Sep-2026",24281,"",""
"1372","ICICIPRULI","EQ",504.5,504.5,492.5,495.05,495.05,499.5,501149,2492.03,"03-Sep-2026",28936,"",""
"1373","ICIL","EQ",448,448.05,435,437.35,436.5,447.15,313057,1383.4,"03-Sep-2026",12396,"",""
"1374","ICRA","EQ",4949,4952.1,4841.1,4889.3,4875,4891.3,23447,1145.29,"03-Sep-2026",3387,"",""
"1375","IDBI","EQ",92.25,93.45,91.6,91.97,91.85,91.55,5622919,5201.33,"03-Sep-2026",27491,"",""
"1376","IDEA","EQ",14.63,14.72,14.44,14.48,14.48,14.53,261299227,38017.47,"03-Sep-2026",339546,"",""
"1377","IDEAFORGE","EQ",770.95,791.1,770.95,776.55,777.85,769.75,164699,1284.18,"03-Sep-2026",11243,"",""
"1378","IDENTICAL","SM",18.45,19.3,17.5,19.1,19.3,17,22000,4.11,"03-Sep-2026",11,"",""
"1379","IDFCFIRSTB","EQ",85.09,88.1,85.04,87.5,87.5,85.09,48178595,41955.02,"03-Sep-2026",90121,"",""
"1380","IDFNIFTYET","EQ",273.81,273.81,264.5,265.31,268,267.14,632,1.68,"03-Sep-2026",67,"",""
"1381","IEML","ST",41.15,41.15,39.5,40.3,40.15,41.3,46500,18.65,"03-Sep-2026",75,"",""
"1382","IEX","EQ",119.3,120.2,118.92,119.15,119.15,118.86,1683930,2011.36,"03-Sep-2026",19722,"",""
"1383","IFBAGRO","EQ",917,917,886,889.05,886.2,897.65,3609,32.18,"03-Sep-2026",251,"",""
"1384","IFBIND","EQ",1300,1322.1,1285.3,1311.8,1310,1296,32742,427.15,"03-Sep-2026",5039,"",""
"1385","IFCI","EQ",98.21,101.66,94.5,95.91,95.7,98.32,166355112,163688.63,"03-Sep-2026",418481,"",""
"1386","IFGLEXPOR","EQ",208.47,211.82,203.99,207.44,208.93,207.95,23913,49.52,"03-Sep-2026",861,"",""
"1387","IGARASHI","EQ",418,423.85,414.2,416.25,416.9,415,33667,141.2,"03-Sep-2026",1380,"",""
"1388","IGCL","EQ",74.09,74.79,72.1,73.27,72.5,73.27,91466,67.2,"03-Sep-2026",2643,"",""
"1389","IGIL","EQ",329.4,330,321.2,325.95,327,327.2,497239,1618.15,"03-Sep-2026",24062,"",""
"1390","IGL","EQ",148.15,150.06,148.15,149.42,149.21,147.94,680077,1015.89,"03-Sep-2026",16324,"",""
"1391","IGPL","EQ",546.4,551.8,540.1,548.85,549.95,546.4,66953,366.07,"03-Sep-2026",1816,"",""
"1392","IIFL","EQ",638.3,655.95,637.7,643.4,640,633.25,5167110,33480.57,"03-Sep-2026",73964,"",""
"1393","IIFLCAPS","EQ",338.35,341.5,337.55,338.05,338,338.3,111508,377.78,"03-Sep-2026",3673,"",""
"1394","IITL","EQ",152.01,155.8,148.75,151.92,149.1,150.05,88604,135.54,"03-Sep-2026",772,"",""
"1395","IKIO","EQ",206,209.9,206,208.31,208,206.14,140015,291.48,"03-Sep-2026",2995,"",""
"1396","IKS","EQ",1740.9,1763.8,1717.9,1732.4,1738,1744.1,61480,1064.36,"03-Sep-2026",7773,"",""
"1397","IL&FSENGG","BZ",34.55,35.49,34.55,35,35,34.1,43003,15.05,"03-Sep-2026",43,"",""
"1398","IL&FSTRANS","BZ",2.26,2.26,2.09,2.11,2.15,2.19,62744,1.34,"03-Sep-2026",83,"",""
"1399","IMAGICAA","EQ",55.49,56.23,54.11,54.55,54.11,54.61,646922,357.25,"03-Sep-2026",2667,"",""
"1400","IMFA","EQ",1295,1312,1273.1,1281.7,1284.8,1289.1,98826,1271.22,"03-Sep-2026",8455,"",""
"1401","IMPAL","EQ",1102.1,1120.1,1083.1,1087.8,1092.9,1102.1,813,8.92,"03-Sep-2026",86,"",""
"1402","IMPEXFERRO","BZ",4.63,4.63,4.63,4.63,4.63,4.54,34985,1.62,"03-Sep-2026",18,"",""
"1403","INA","EQ",89.11,91.78,88.5,89.03,89.6,89.37,396368,355.94,"03-Sep-2026",3771,"",""
"1404","INCREDIBLE","EQ",32.78,32.78,31.4,32.13,32.1,32.08,5335,1.71,"03-Sep-2026",79,"",""
"1405","INDBANK","EQ",30.8,31.1,28.1,28.71,28.77,31.1,719248,207.44,"03-Sep-2026",3352,"",""
"1406","INDGN","EQ",603.55,605,597.05,600.15,600,600.15,376522,2262.7,"03-Sep-2026",13547,"",""
"1407","INDHOTEL","EQ",727,733.85,720,732,732,727.7,2138130,15560.73,"03-Sep-2026",26750,"",""
"1408","INDIACEM","EQ",358.3,362.95,356.1,358.8,359.55,358.3,57565,206.8,"03-Sep-2026",4034,"",""
"1409","INDIAGLYCO","BE",248,248,248,248,248,236.2,6436,15.96,"03-Sep-2026",137,"",""
"1410","INDIAMART","EQ",1749.9,1758.6,1726.1,1729.5,1728,1740.8,39380,683.21,"03-Sep-2026",5261,"",""
"1411","INDIANB","EQ",882.5,906.7,882.45,888.75,888.75,878.8,1755640,15714.2,"03-Sep-2026",45096,"",""
"1412","INDIANCARD","EQ",209.92,214.89,209.92,214.82,214.85,209.92,1016,2.15,"03-Sep-2026",24,"",""
"1413","INDIANHUME","EQ",400.55,405,385.5,390.7,387,388.7,97316,384.04,"03-Sep-2026",3207,"",""
"1414","INDIASHLTR","EQ",659.95,678.4,654,673.1,671,651.2,85059,567.75,"03-Sep-2026",5921,"",""
"1415","INDIGO","EQ",5035,5047,4925,4980,4980,5020,801486,39847.98,"03-Sep-2026",48703,"",""
"1416","INDIGOPNTS","EQ",1162,1189,1162,1183.1,1184,1171,58264,686.16,"03-Sep-2026",9437,"",""
"1417","INDIGRID","IV",175.6,175.6,174.9,175.07,174.91,175.22,382915,670.69,"03-Sep-2026",12590,"",""
"1418","INDIQUBE","EQ",195,200.08,191.62,193.09,193.01,193.17,48384,94.53,"03-Sep-2026",1359,"",""
"1419","INDNIPPON","EQ",1078.4,1123.8,1059.1,1109.4,1115.1,1064.3,31339,342.9,"03-Sep-2026",2126,"",""
"1420","INDOAMIN","BE",122.9,125.9,121.05,124.28,124.7,122.38,54693,67.89,"03-Sep-2026",326,"",""
"1421","INDOBORAX","EQ",506.15,529,504.7,512.8,515,506.15,218538,1131.05,"03-Sep-2026",9149,"",""
"1422","INDOCO","EQ",273.36,283.5,266.38,272.56,272,273.77,1489787,4108.9,"03-Sep-2026",25399,"",""
"1423","INDOFARM","EQ",136,139,133.5,134.54,134.9,134.97,76779,103.96,"03-Sep-2026",1672,"",""
"1424","INDOKEM","EQ",587.05,657,587.05,628.7,630,597.55,13764,87.63,"03-Sep-2026",531,"",""
"1425","INDOMIM","EQ",899.9,933,888.2,922.4,923.95,888,2885760,26518.39,"03-Sep-2026",74105,"",""
"1426","INDORAMA","EQ",67.6,72.44,67.57,68.87,69.3,66.77,873235,612.07,"03-Sep-2026",9577,"",""
"1427","INDOSTAR","EQ",260,261.13,254.2,255.88,255,261.07,36649,94.04,"03-Sep-2026",647,"",""
"1428","INDOTECH","EQ",3615,3689.8,3588.3,3610.7,3624,3577.2,9485,343.55,"03-Sep-2026",1746,"",""
"1429","INDOTHAI","EQ",37.63,37.63,37.63,37.63,37.63,39.61,306871,115.48,"03-Sep-2026",991,"",""
"1430","INDOUS","EQ",78.15,81.99,78.15,78.82,78.8,78.15,3576,2.82,"03-Sep-2026",44,"",""
"1431","INDOWIND","EQ",9.15,9.15,8.98,9.05,9.09,8.98,51978,4.7,"03-Sep-2026",275,"",""
"1432","INDPRUD","EQ",6392,6392,6225,6325,6325,6275,71,4.45,"03-Sep-2026",16,"",""
"1433","INDRAMEDCO","EQ",355.6,360,352.35,356.35,358.1,352.35,148838,529.35,"03-Sep-2026",3751,"",""
"1434","INDSWFTLAB","EQ",366.85,376,363,372.7,372,366.85,536113,1986.73,"03-Sep-2026",8965,"",""
"1435","INDTERRAIN","EQ",31.4,31.4,30.16,30.22,30.49,30.16,9794,2.99,"03-Sep-2026",55,"",""
"1436","INDUSINDBK","EQ",980,1004.8,977.6,1004.8,1004.8,978,1959777,19519.87,"03-Sep-2026",34190,"",""
"1437","INDUSINVIT","IV",134.64,134.64,133.61,134.01,134.3,133.43,76902,103.04,"03-Sep-2026",8870,"",""
"1438","INDUSTOWER","EQ",380.5,381.3,373.35,374.95,374.95,379,4386555,16545.09,"03-Sep-2026",39226,"",""
"1439","INFINIUM","SM",253.5,255,245.5,250,250,259.95,6000,15.1,"03-Sep-2026",12,"",""
"1440","INFLUX","SM",283.6,298.4,283,290.4,294.85,283.85,16200,46.92,"03-Sep-2026",26,"",""
"1441","INFOBEAN","EQ",157.6,160.1,156.11,157.68,157.52,157.22,131868,207.35,"03-Sep-2026",2321,"",""
"1442","INFOLLION","SM",157.75,159.85,155,158.4,159.85,156.25,6800,10.72,"03-Sep-2026",13,"",""
"1443","INFOMEDIA","EQ",5.29,5.29,5.1,5.18,5.15,5.15,2481,0.13,"03-Sep-2026",25,"",""
"1444","INFRA","EQ",12,12.05,11.98,12.03,12.03,11.9,9374,1.13,"03-Sep-2026",107,"",""
"1445","INFRABEES","EQ",958.3,958.3,951.5,954.28,951.5,953.53,3722,35.52,"03-Sep-2026",375,"",""
"1446","INFRAIETF","EQ",95.9,95.9,94.46,94.72,94.95,94.55,68245,64.73,"03-Sep-2026",1855,"",""
"1447","INFY","EQ",1144,1144,1122.5,1130.3,1130.3,1140,5786250,65419.61,"03-Sep-2026",172536,"",""
"1448","INGERRAND","EQ",4889.5,4923.2,4808,4846.4,4840,4883.5,30432,1474.07,"03-Sep-2026",6085,"",""
"1449","INM","SM",147.05,150,147,148,150,156,3000,4.44,"03-Sep-2026",5,"",""
"1450","INNOMET","ST",276.95,276.95,276.95,276.95,276.95,271.55,195600,541.71,"03-Sep-2026",107,"",""
"1451","INNOVACAP","EQ",1134,1155.8,1101.9,1125.4,1134,1108.6,168214,1894.98,"03-Sep-2026",19196,"",""
"1452","INNOVANA","EQ",313,322.8,299.05,308.5,305.1,298.05,2656,8.3,"03-Sep-2026",172,"",""
"1453","INNOVISION","EQ",256.1,260,254.1,255.65,255,258.75,10702,27.41,"03-Sep-2026",827,"",""
"1454","INOXGREEN","EQ",165.6,173.44,161.66,171.01,172.05,164.25,1645262,2759.85,"03-Sep-2026",12986,"",""
"1455","INOXINDIA","EQ",2119,2195,2087.9,2176.2,2180,2099.4,224172,4818.66,"03-Sep-2026",23902,"",""
"1456","INOXWIND","EQ",71.9,74.56,70.54,74,74,70.59,39746918,28766.07,"03-Sep-2026",92953,"",""
"1457","INSECTICID","EQ",612.6,645,606.25,614.15,615,612.6,69910,435.99,"03-Sep-2026",2889,"",""
"1458","INSPIRE","SM",8.15,8.15,8.05,8.05,8.05,8.05,4000,0.32,"03-Sep-2026",2,"",""
"1459","INSPIRISYS","EQ",93,93.8,89,93.03,93.61,89.7,5997,5.56,"03-Sep-2026",80,"",""
"1460","INSUREIETF","EQ",15.12,15.2,15,15.04,15.12,15.1,402930,60.71,"03-Sep-2026",165,"",""
"1461","INTEGRITY","ST",171.05,171.05,171.05,171.05,171.05,174,1200,2.05,"03-Sep-2026",1,"",""
"1462","INTELLECT","EQ",679.75,684.7,675.8,678.3,678.35,679.25,187026,1271.93,"03-Sep-2026",12794,"",""
"1463","INTENTECH","EQ",82.68,82.68,79,79.54,79.01,80.09,9488,7.59,"03-Sep-2026",158,"",""
"1464","INTERARCH","EQ",1688.1,1712.8,1688.1,1701.2,1700,1687.5,30376,515.95,"03-Sep-2026",4168,"",""
"1465","INTERNET","EQ",14.56,14.61,14.48,14.52,14.58,14.65,99929,14.55,"03-Sep-2026",288,"",""
"1466","INTLCONV","EQ",81,81,78.61,79.44,78.71,79.65,42465,34.07,"03-Sep-2026",1461,"",""
"1467","INVENTURE","EQ",0.93,0.94,0.92,0.92,0.93,0.92,455822,4.22,"03-Sep-2026",308,"",""
"1468","INVICTA","SM",69.6,69.9,68.3,68.3,68.3,69.9,6400,4.44,"03-Sep-2026",4,"",""
"1469","INVPRECQ","BE",1293,1293,1275,1280,1280,1275,737,9.42,"03-Sep-2026",26,"",""
"1470","IOB","EQ",32.75,33.4,32.68,33.23,33.31,32.68,4746900,1571.93,"03-Sep-2026",17708,"",""
"1471","IOC","EQ",136.3,137.8,136.25,137.8,137.8,137,4941277,6764.73,"03-Sep-2026",33882,"",""
"1472","IOLCP","EQ",189.8,202.99,189.7,196.43,196.2,188.38,8448743,16790.32,"03-Sep-2026",82302,"",""
"1473","IONEXCHANG","EQ",384,392.8,380.15,382.2,384.6,382.1,434947,1687,"03-Sep-2026",15230,"",""
"1474","IPCALAB","EQ",1959.5,1978.2,1907.9,1956.1,1954,1956.5,301813,5850,"03-Sep-2026",25153,"",""
"1475","IPHL","SM",72,75,72,72.75,72.8,69.8,25200,18.47,"03-Sep-2026",16,"",""
"1476","IPL","EQ",136.55,138.85,136.52,137.5,137.79,136.45,83682,115,"03-Sep-2026",1274,"",""
"1477","IPRINGLTD","EQ",174,174,160.15,162.07,160.2,167.78,2066,3.41,"03-Sep-2026",134,"",""
"1478","IRB","EQ",19.21,20.04,19.21,19.67,19.73,19.18,40287061,7969.99,"03-Sep-2026",39572,"",""
"1479","IRBINVIT","IV",64.89,64.89,64.31,64.5,64.58,64.3,397154,256.86,"03-Sep-2026",3630,"",""
"1480","IRCON","EQ",118.8,120.71,118.4,118.69,118.6,118.25,1024866,1224.61,"03-Sep-2026",14986,"",""
"1481","IRCTC","EQ",474.95,477.8,473.6,474.6,475.6,472.6,401286,1909.3,"03-Sep-2026",15168,"",""
"1482","IREDA","EQ",113.3,114.55,112.91,113,113,112.55,3368996,3824.04,"03-Sep-2026",23525,"",""
"1483","IRFC","EQ",82.84,83.7,82.05,82.65,82.65,82.48,5718670,4745.6,"03-Sep-2026",35122,"",""
"1484","IRIS","EQ",244.88,260,244.88,253.93,256,245.8,49032,124.65,"03-Sep-2026",1528,"",""
"1485","IRISDOREME","EQ",58.75,61.6,57.99,59.98,60.24,58.39,1387961,825.03,"03-Sep-2026",6524,"",""
"1486","IRMENERGY","EQ",283.25,287.9,281.9,283.85,282.2,283.25,44116,125.46,"03-Sep-2026",1941,"",""
"1487","ISFT","EQ",86.8,88.9,84.01,84.79,84.2,87.81,117655,102.92,"03-Sep-2026",937,"",""
"1488","ISGEC","EQ",780,783.8,765.5,771.1,775.5,777.55,26623,205.32,"03-Sep-2026",2884,"",""
"1489","ISHANCH","EQ",44.45,50.48,44.45,45.4,45.1,43.77,281237,134.56,"03-Sep-2026",2649,"",""
"1490","ISTLTD","EQ",637,660,636,659.55,659.8,636.1,713,4.62,"03-Sep-2026",69,"",""
"1491","IT","EQ",34.76,34.76,34.1,34.19,34.28,34.36,140683,48.16,"03-Sep-2026",699,"",""
"1492","ITADD","EQ",32.8,32.81,32.52,32.67,32.7,32.9,10812,3.53,"03-Sep-2026",100,"",""
"1493","ITAXIS","EQ",343.66,343.66,338.5,339.76,339.66,343.11,1260,4.28,"03-Sep-2026",50,"",""
"1494","ITBEES","EQ",34.93,34.93,34.05,34.29,34.3,34.39,3867525,1325.03,"03-Sep-2026",12066,"",""
"1495","ITBETA","EQ",325.32,325.32,323.6,324.46,324.46,325.32,70,0.23,"03-Sep-2026",14,"",""
"1496","ITC","EQ",266.5,267.6,262.35,263,263,266.3,17813663,47115.97,"03-Sep-2026",179304,"",""
"1497","ITCHOTELS","EQ",159.42,160.89,159.25,160.25,160.7,158.63,796973,1273.78,"03-Sep-2026",14687,"",""
"1498","ITDC","EQ",637.5,652.3,637.5,643.35,645.5,637.15,44458,286.63,"03-Sep-2026",3346,"",""
"1499","ITETF","EQ",32.85,33.11,32.51,32.69,32.69,32.85,332470,108.97,"03-Sep-2026",549,"",""
"1500","ITI","EQ",268.5,271.45,268,268.45,269,267.7,109100,294.02,"03-Sep-2026",3633,"",""
"1501","ITIETF","EQ",34.67,34.67,34.07,34.24,34.22,34.38,319486,109.48,"03-Sep-2026",1190,"",""
"1502","ITL","EQ",363.2,368.85,360.5,362.4,366.65,363.2,460,1.67,"03-Sep-2026",22,"",""
"1503","IVALUE","EQ",241,244,235.05,236.18,235.76,238.38,135726,324.68,"03-Sep-2026",5237,"",""
"1504","IVC","EQ",10.99,10.99,9.8,10.09,10.09,9.59,2107399,215.3,"03-Sep-2026",2876,"",""
"1505","IVP","BE",210.9,214,204,206.25,206.6,209.8,18881,39.62,"03-Sep-2026",164,"",""
"1506","IVZBANKNF","EQ",57.68,57.68,57.34,57.42,57.42,57,388,0.22,"03-Sep-2026",6,"",""
"1507","IVZINGOLD","EQ",130.65,134.25,130.65,133.3,133.4,129.65,36383,48.44,"03-Sep-2026",243,"",""
"1508","IVZINNIFTY","EQ",281.16,281.16,274.31,274.66,274.81,274.31,1514,4.17,"03-Sep-2026",33,"",""
"1509","IVZSENSEX","EQ",78.16,78.16,76.54,76.63,76.63,76.57,243,0.19,"03-Sep-2026",10,"",""
"1510","IWARE","ST",447.95,462.25,447.95,462.25,462.25,440.25,11400,52.25,"03-Sep-2026",17,"",""
"1511","IWP","EQ",36,36,34,34.08,34,34.96,20184,6.93,"03-Sep-2026",83,"",""
"1512","IXIGO","EQ",158.93,164.19,157.79,162.15,163.6,156.42,2022149,3264.75,"03-Sep-2026",34948,"",""
"1513","IZMO","EQ",945.85,961,915,921.95,922,938.8,145199,1354.74,"03-Sep-2026",10148,"",""
"1514","J&KBANK","EQ",146.1,151.98,146,149.86,149.35,144.44,3645652,5468.77,"03-Sep-2026",47186,"",""
"1515","JAGRAN","EQ",61.44,61.49,61.02,61.23,61.37,61.03,131117,80.3,"03-Sep-2026",1331,"",""
"1516","JAGSNPHARM","EQ",237.4,249.57,237.01,243.02,244,237.03,300344,733.15,"03-Sep-2026",6470,"",""
"1517","JAIBALAJI","EQ",71.04,71.6,70.6,70.85,70.97,70.6,282615,201.18,"03-Sep-2026",2002,"",""
"1518","JAICORPLTD","EQ",98.61,100.45,98.35,99.15,99.56,98.01,296560,294.76,"03-Sep-2026",3522,"",""
"1519","JAINAM","SM",214,214,214,214,214,224.9,5500,11.77,"03-Sep-2026",10,"",""
"1520","JAINIK","SM",199.3,204.5,199.3,204.5,204.5,208,2400,4.85,"03-Sep-2026",2,"",""
"1521","JAINREC","EQ",284,289.6,278.55,279.8,281.85,282.15,927545,2626.02,"03-Sep-2026",19444,"",""
"1522","JAIPURKURT","EQ",26.55,26.55,25.14,25.82,25.6,26.3,20260,5.17,"03-Sep-2026",159,"",""
"1523","JALAN","ST",1.85,1.85,1.85,1.85,1.85,1.85,3000,0.06,"03-Sep-2026",1,"",""
"1524","JAMNAAUTO","EQ",121.1,122.85,120.89,122.04,121.8,120.29,999415,1218.04,"03-Sep-2026",10138,"",""
"1525","JARO","EQ",460,466.55,452.4,454.4,454,455.25,89014,408.56,"03-Sep-2026",2306,"",""
"1526","JASH","EQ",474.9,475,462,464.15,462,470.35,69457,324.01,"03-Sep-2026",4213,"",""
"1527","JAYAGROGN","EQ",231.3,241,227,230.83,234.8,229.57,24956,58.78,"03-Sep-2026",796,"",""
"1528","JAYBARMARU","EQ",125,125,121.5,121.81,121.55,122.44,111594,136.9,"03-Sep-2026",1607,"",""
"1529","JAYBEE","SM",86.3,88.3,84.3,84.95,85.9,86.3,23000,19.94,"03-Sep-2026",35,"",""
"1530","JAYKAY","EQ",168.8,171.29,165,166.46,165.1,169.4,204585,343.3,"03-Sep-2026",3517,"",""
"1531","JAYNECOIND","EQ",99.35,101.87,98.22,98.68,99.31,98.19,4240845,4237.56,"03-Sep-2026",26780,"",""
"1532","JAYSREETEA","EQ",100,102.59,97.15,99.31,99.78,99.79,76843,76.79,"03-Sep-2026",1068,"",""
"1533","JBMA","EQ",623.95,643.8,620.55,629.1,626.5,621.5,622084,3937.18,"03-Sep-2026",25046,"",""
"1534","JENBURPH","EQ",1040,1049.7,1027.3,1031.5,1030.1,1043.9,2668,27.55,"03-Sep-2026",36,"",""
"1535","JETFREIGHT","EQ",21.7,21.7,20.8,20.91,20.86,21.17,174209,36.85,"03-Sep-2026",1338,"",""
"1536","JEYYAM","ST",22.1,23.25,22.1,22.4,22.4,22.3,146000,33.05,"03-Sep-2026",36,"",""
"1537","JFLLIFE","SM",9.85,9.85,9.8,9.8,9.8,10.15,66000,6.47,"03-Sep-2026",5,"",""
"1538","JGCHEM","EQ",601.05,622.9,601.05,612.2,611,600.85,261636,1602.37,"03-Sep-2026",10234,"",""
"1539","JHS","EQ",7.81,8.04,7.81,7.86,7.9,7.81,37425,2.95,"03-Sep-2026",142,"",""
"1540","JINDALPHOT","EQ",1040,1040,1020,1026.2,1021,1027.6,1150,11.84,"03-Sep-2026",161,"",""
"1541","JINDALPOLY","EQ",680.2,691.4,674.05,683.7,676.7,686.25,14854,101.39,"03-Sep-2026",1273,"",""
"1542","JINDALSAW","EQ",314.5,315.3,306.9,310.85,310.4,309.15,1986928,6192.27,"03-Sep-2026",34771,"",""
"1543","JINDALSTEL","EQ",1165,1169,1134.7,1145,1145,1159.4,950251,10881.12,"03-Sep-2026",30302,"",""
"1544","JINDRILL","EQ",644.95,664.2,634.5,649.9,651,642.1,765112,5000.1,"03-Sep-2026",25376,"",""
"1545","JINDWORLD","EQ",40.52,48.22,40.52,48.15,48.22,40.19,110819795,50939.17,"03-Sep-2026",193423,"",""
"1546","JIOFIN","EQ",236.9,240.48,236.4,237.45,237.45,236.9,9293803,22109.63,"03-Sep-2026",47533,"",""
"1547","JISLDVREQS","EQ",20.8,21.66,20.6,21.03,21.2,20.97,211500,44.68,"03-Sep-2026",435,"",""
"1548","JISLJALEQS","EQ",28.32,28.9,28.05,28.16,28.15,28.24,1113582,316.76,"03-Sep-2026",3192,"",""
"1549","JITFINFRA","EQ",304.95,317.4,304.95,310.65,310.9,304.25,10978,34.04,"03-Sep-2026",456,"",""
"1550","JKCEMENT","EQ",4979.5,5123.5,4951,5039.5,5057,4979.5,53939,2691.3,"03-Sep-2026",6489,"",""
"1551","JKIL","EQ",485.95,490,484.85,487.7,486.55,483.5,25718,125.37,"03-Sep-2026",1198,"",""
"1552","JKIPL","EQ",107.15,108.37,105.2,105.66,105.21,107.56,7273,7.76,"03-Sep-2026",224,"",""
"1553","JKLAKSHMI","EQ",516.9,519.65,512,514.4,514.3,514.3,116502,599.43,"03-Sep-2026",9974,"",""
"1554","JKPAPER","EQ",397.95,414.8,396.85,410.15,411.15,395.2,1519421,6205.18,"03-Sep-2026",44914,"",""
"1555","JKTYRE","EQ",371.5,373,367.35,369.45,369,370.15,265679,985.15,"03-Sep-2026",9665,"",""
"1556","JLHL","EQ",287.6,295,287.35,290.3,288.6,287.65,38871,113.07,"03-Sep-2026",3750,"",""
"1557","JMA","EQ",89.7,93.33,89.7,92.24,93,90.56,8126,7.44,"03-Sep-2026",143,"",""
"1558","JMFINANCIL","EQ",130,135.5,129.53,134.53,134.8,129.39,5030649,6709.42,"03-Sep-2026",34833,"",""
"1559","JNKINDIA","EQ",419.15,433.6,419.15,431.45,430.75,420.9,64722,277.07,"03-Sep-2026",2245,"",""
"1560","JNPR","EQ",261,261,256.1,259.2,259.9,260.25,1056229,2731.59,"03-Sep-2026",46905,"",""
"1561","JOCIL","BE",152.8,153,147.55,152.89,152.9,150.79,3839,5.84,"03-Sep-2026",49,"",""
"1562","JPOLYINVST","EQ",1010,1024,996.1,1006.5,998.2,1011.9,6033,60.68,"03-Sep-2026",758,"",""
"1563","JPPOWER","EQ",16.46,16.6,16.09,16.14,16.18,16.37,28174660,4594.58,"03-Sep-2026",27215,"",""
"1564","JSFB","EQ",526.6,545.95,526.6,534.2,532,523.4,679587,3656.17,"03-Sep-2026",15398,"",""
"1565","JSL","EQ",734.9,741,726,738.4,740.5,734.9,1145373,8423.42,"03-Sep-2026",35469,"",""
"1566","JSLL","EQ",502,509.8,500,501.45,501,513.65,606645,3060.1,"03-Sep-2026",18432,"",""
"1567","JSWCEMENT","EQ",123.96,124.39,122.35,123.37,123.17,123.6,1584887,1951.58,"03-Sep-2026",18725,"",""
"1568","JSWDULUX","EQ",3180,3186.8,3140.1,3167.6,3175,3163.3,17816,563.82,"03-Sep-2026",4010,"",""
"1569","JSWENERGY","EQ",542.05,545.8,534.3,539.5,539.5,539.8,1829239,9889.57,"03-Sep-2026",39854,"",""
"1570","JSWHL","EQ",11541,12000,11415,11590,12000,11441,34428,3948.93,"03-Sep-2026",1160,"",""
"1571","JSWINFRA","EQ",332.15,337.35,331.2,334.1,335.7,332.1,2588755,8643.18,"03-Sep-2026",45795,"",""
"1572","JSWSTEEL","EQ",1315,1325,1295,1308,1308,1306,1291167,16901.83,"03-Sep-2026",39187,"",""
"1573","JTEKTINDIA","EQ",121.5,123.99,121.38,121.82,121.5,121.38,87989,107.47,"03-Sep-2026",1097,"",""
"1574","JTLIND","EQ",92.5,93.35,89,89.67,89.9,92.4,3040625,2769.07,"03-Sep-2026",18781,"",""
"1575","JUBLCPL","EQ",2231,2344.8,2217.1,2304.8,2304,2217.9,10182,232.95,"03-Sep-2026",1051,"",""
"1576","JUBLFOOD","EQ",486.5,488.45,480.5,482.9,482.9,486.5,391251,1888.45,"03-Sep-2026",11574,"",""
"1577","JUBLINGREA","EQ",687,701.05,686.9,690.55,690.5,683.6,156564,1087.93,"03-Sep-2026",10192,"",""
"1578","JUBLPHARMA","EQ",905,910.8,891.2,907.9,909.9,900.3,125766,1136.47,"03-Sep-2026",16408,"",""
"1579","JUNIORBEES","EQ",793.5,793.58,787,788.74,789.95,788.4,438702,3469.08,"03-Sep-2026",9146,"",""
"1580","JUNIPER","EQ",220,224.49,217,217.69,218,218.5,205874,454.49,"03-Sep-2026",4027,"",""
"1581","JUSTDIAL","EQ",704,708.95,692.1,697.35,693,697.85,181134,1266.1,"03-Sep-2026",5743,"",""
"1582","JWL","EQ",241,244.02,240.5,241.09,240.98,239.37,388324,939.48,"03-Sep-2026",10414,"",""
"1583","JYOTHYLAB","EQ",202.99,203.8,198.65,200.5,201,202.09,3571515,7166.84,"03-Sep-2026",21944,"",""
"1584","JYOTICNC","EQ",964.7,1039,964.2,1026.85,1030.1,955.65,3413377,34704.38,"03-Sep-2026",128496,"",""
"1585","JYOTIGLOBL","SM",39,39,38.5,38.5,38.5,37.3,4000,1.55,"03-Sep-2026",2,"",""
"1586","JYOTIRES","EQ",872.8,872.8,855,866.35,868,857.6,4557,39.39,"03-Sep-2026",478,"",""
"1587","JYOTISTRUC","EQ",9.81,9.97,9.66,9.8,9.89,9.79,4704461,459.89,"03-Sep-2026",4133,"",""
"1588","K2INFRA","ST",50,50,48.6,48.95,48.7,50,8400,4.14,"03-Sep-2026",14,"",""
"1589","KABRAEXTRU","EQ",570,591.75,561,564.8,564.95,559.95,185596,1069.16,"03-Sep-2026",7198,"",""
"1590","KAJARIACER","EQ",1261.9,1274.5,1250.6,1260.6,1255,1261.1,153508,1933.1,"03-Sep-2026",12698,"",""
"1591","KAKATCEM","EQ",110.1,112.4,110.1,110.67,110.61,110.5,678,0.75,"03-Sep-2026",23,"",""
"1592","KALAMANDIR","EQ",85.65,86.94,85.51,85.87,86.4,85.65,239873,206.81,"03-Sep-2026",2149,"",""
"1593","KALANA","SM",19.45,20,19.25,19.3,19.3,20.25,26000,5.06,"03-Sep-2026",10,"",""
"1594","KALPATARU","EQ",274.9,279,272,276.55,277.4,274.9,27610,75.92,"03-Sep-2026",890,"",""
"1595","KALYANIFRG","BE",1166.5,1169.3,1115.1,1125.25,1119.9,1113.65,7968,91.13,"03-Sep-2026",532,"",""
"1596","KALYANKJIL","EQ",592.95,597.5,583.35,585.3,585.3,590,7595621,44785.45,"03-Sep-2026",74092,"",""
"1597","KAMAHOLD","EQ",2349.3,2405.1,2327.2,2341.1,2341,2344.9,10909,258.55,"03-Sep-2026",2482,"",""
"1598","KAMANWALA","EQ",16.5,16.5,15.6,15.9,15.9,16,11984,1.96,"03-Sep-2026",23,"",""
"1599","KAMATHOTEL","EQ",232.79,234.61,215.92,217.66,217.99,232.74,186186,410.7,"03-Sep-2026",4460,"",""
"1600","KAMDHENU","BE",37.5,39.15,36.6,38.77,39,37.45,1196583,462.77,"03-Sep-2026",3536,"",""
"1601","KAMOPAINTS","EQ",4.45,4.57,4.39,4.53,4.55,4.46,222619,10.04,"03-Sep-2026",476,"",""
"1602","KANANIIND","EQ",1.58,1.58,1.48,1.51,1.53,1.53,134063,2.05,"03-Sep-2026",304,"",""
"1603","KANCHI","EQ",410.95,415.55,398,398.55,401,410.95,5328,21.49,"03-Sep-2026",418,"",""
"1604","KANCOTEA","EQ",57,57,54.2,56.79,56.79,54.67,444,0.24,"03-Sep-2026",8,"",""
"1605","KANDARP","SM",92,93.85,92,92.9,93.85,97.95,2000,1.86,"03-Sep-2026",2,"",""
"1606","KANORICHEM","BE",157.8,157.8,152.9,155.68,156,154.75,72495,112.96,"03-Sep-2026",158,"",""
"1607","KANPRPLA","EQ",253.4,263.95,253.35,256.4,253.55,253.35,17504,45.05,"03-Sep-2026",876,"",""
"1608","KANSAINER","EQ",195.09,196.91,194.4,195.11,194.8,194.82,72153,140.87,"03-Sep-2026",3897,"",""
"1609","KAPSTON","EQ",579,589,568.3,581.35,583,573.75,66846,388.95,"03-Sep-2026",2265,"",""
"1610","KARMAENG","EQ",38.5,38.5,37.39,37.7,37.7,37,722,0.27,"03-Sep-2026",30,"",""
"1611","KARNIKA","SM",116.95,117.5,115,115.55,115,114.6,39000,45.56,"03-Sep-2026",17,"",""
"1612","KARURVYSYA","EQ",348.8,358,347.65,350,351.6,346.6,2690048,9489.15,"03-Sep-2026",50011,"",""
"1613","KATARIA","SM",106.25,106.25,100.3,103.85,103.85,108.35,33000,34.27,"03-Sep-2026",35,"",""
"1614","KAUSHALYA","BE",872.75,889,860,864,864,872.75,175,1.52,"03-Sep-2026",19,"",""
"1615","KAVDEFENCE","EQ",56.7,56.7,54.7,56.15,56.34,55.31,94750,52.77,"03-Sep-2026",1332,"",""
"1616","KAYA","BE",337.95,338,324.2,328.7,330,335.2,3413,11.26,"03-Sep-2026",94,"",""
"1617","KAYNES","EQ",3591,3623.9,3469.5,3485,3485,3583,1053968,37125.96,"03-Sep-2026",68795,"",""
"1618","KAYTEX","SM",55.35,55.35,55.35,55.35,55.35,56,800,0.44,"03-Sep-2026",1,"",""
"1619","KCEIL","SM",80.2,80.2,77.5,79.1,79,80.55,21000,16.51,"03-Sep-2026",31,"",""
"1620","KCK","ST",14.95,15,14.25,14.9,14.9,14.8,82500,12.18,"03-Sep-2026",16,"",""
"1621","KCP","EQ",166.99,169.8,165,168.17,167.7,165.81,121670,203.32,"03-Sep-2026",1820,"",""
"1622","KCPSUGIND","BE",31.65,32.55,31.11,32.28,32.15,32,73001,23.33,"03-Sep-2026",216,"",""
"1623","KDDL","EQ",3852.3,3950,3836,3855.3,3859.6,3852.9,17047,664.59,"03-Sep-2026",3276,"",""
"1624","KDGREEN","EQ",52.51,53.4,50,51.81,52.5,51.06,16001,8.2,"03-Sep-2026",211,"",""
"1625","KDL","SM",89.15,92.95,89,90.5,90,89,19650,17.82,"03-Sep-2026",65,"",""
"1626","KEC","EQ",410,411.95,399.55,406.15,406,407.8,1132222,4592.49,"03-Sep-2026",28289,"",""
"1627","KECL","EQ",126.9,128.03,124.22,125.2,126.38,127.24,72900,92.03,"03-Sep-2026",1121,"",""
"1628","KEEPLEARN","EQ",1.98,1.99,1.84,1.9,1.86,1.9,40145,0.76,"03-Sep-2026",79,"",""
"1629","KEI","EQ",5209,5380,5171.5,5327,5327,5170,536022,28396.87,"03-Sep-2026",43663,"",""
"1630","KELLTONTEC","EQ",14.19,14.29,13.92,13.99,13.96,14.01,1017982,143.21,"03-Sep-2026",2463,"",""
"1631","KEN","SM",42.5,42.5,38.55,40,40,42.15,19200,7.67,"03-Sep-2026",16,"",""
"1632","KENNAMET","EQ",4611.2,4711,4510,4532.2,4545,4643.1,26620,1223.78,"03-Sep-2026",5915,"",""
"1633","KERNEX","EQ",1752,1752,1672.1,1709.6,1702.5,1736.4,188059,3195.5,"03-Sep-2026",13669,"",""
"1634","KESORAMIND","BE",11.15,11.15,11.05,11.05,11.05,11.27,161187,17.91,"03-Sep-2026",199,"",""
"1635","KEYFINSERV","EQ",251.85,256.7,248,248.7,248.25,255.25,1864,4.66,"03-Sep-2026",52,"",""
"1636","KFINTECH","EQ",934.05,942.5,923.85,927.7,927.7,929,475352,4425.52,"03-Sep-2026",45072,"",""
"1637","KHADIM","BE",115,115,114,115,115,116.11,13483,15.43,"03-Sep-2026",71,"",""
"1638","KHAICHEM","EQ",54.6,55.5,54,54.83,55,54,167687,92.17,"03-Sep-2026",1147,"",""
"1639","KHAITANLTD","EQ",174,178,158.6,162.41,165,160.8,34654,57.04,"03-Sep-2026",923,"",""
"1640","KHANDSE","EQ",17.56,18.4,17.55,18.11,18.24,17.56,6396,1.15,"03-Sep-2026",17,"",""
"1641","KHFM","SM",42.05,43.95,42.05,43.95,43.95,44.25,6200,2.66,"03-Sep-2026",4,"",""
"1642","KICL","EQ",5194,5339,5145.5,5212.5,5240,5215,2056,107.25,"03-Sep-2026",319,"",""
"1643","KILITCH","BE",167,173.71,167,172.52,173.4,171.37,8770,15.01,"03-Sep-2026",157,"",""
"1644","KIMS","EQ",755.2,775.3,755.2,767.85,768.9,753.65,377258,2891.48,"03-Sep-2026",16159,"",""
"1645","KINGFA","EQ",5958,6017.5,5860.5,5888,5900,5932,5834,346.33,"03-Sep-2026",2102,"",""
"1646","KIOCL","EQ",383.1,389.75,380,380.55,380,380.55,59141,227.18,"03-Sep-2026",1778,"",""
"1647","KIRANVYPAR","EQ",204,210,198,207.98,207.5,200,18827,38.86,"03-Sep-2026",275,"",""
"1648","KIRIINDUS","EQ",527,591.2,527,578.95,577.5,523.65,7182969,41291.51,"03-Sep-2026",143207,"",""
"1649","KIRLFER","EQ",459.75,461.9,445.9,454.55,455,460,117686,534.96,"03-Sep-2026",5748,"",""
"1650","KIRLOSBROS","EQ",1865,1887.5,1853,1881.3,1880.1,1847.7,19234,360.06,"03-Sep-2026",3709,"",""
"1651","KIRLOSENG","EQ",2190.5,2289,2115.1,2267.6,2260.4,2160.9,1330225,29512.38,"03-Sep-2026",91037,"",""
"1652","KIRLOSIND","EQ",3712.9,3764.2,3688.1,3724.7,3701,3699,3239,120.67,"03-Sep-2026",641,"",""
"1653","KIRLPNU","EQ",746,766.2,743.9,759.8,760,745.45,129681,982.45,"03-Sep-2026",11061,"",""
"1654","KISSHT","EQ",302,314,298.85,305.3,308,300.9,1786210,5511.16,"03-Sep-2026",58170,"",""
"1655","KITEX","EQ",126,126.68,123.1,123.64,123.35,124.77,427520,531.9,"03-Sep-2026",3653,"",""
"1656","KJMCFIN","EQ",63.1,67.38,62.1,66.46,66.93,64.37,562,0.35,"03-Sep-2026",14,"",""
"1657","KKCL","EQ",499.65,509,497.05,503.8,500,499.65,24896,125.13,"03-Sep-2026",1877,"",""
"1658","KKJEWELS","SM",98,99.5,98,99.5,99.5,97.1,2000,1.98,"03-Sep-2026",2,"",""
"1659","KLBRENG-B","EQ",450,464,450,453.25,451,443.25,386969,1768.66,"03-Sep-2026",8920,"",""
"1660","KLL","SM",24.75,25.5,24.65,24.65,24.65,24.75,21600,5.39,"03-Sep-2026",21,"",""
"1661","KMCSHIL","EQ",134.79,139,133.35,138,137.68,133.19,75512,103.47,"03-Sep-2026",1437,"",""
"1662","KMEW","EQ",2985,3175,2970.5,3150.4,3164,2951.6,131807,4090.85,"03-Sep-2026",20652,"",""
"1663","KMSUGAR","EQ",31.69,32.5,31.5,32,31.55,31.26,202541,64.77,"03-Sep-2026",1292,"",""
"1664","KNACK","EQ",188.45,192.75,187.95,188.37,188.76,187.43,667569,1266.95,"03-Sep-2026",5799,"",""
"1665","KNAGRI","EQ",210.95,210.95,204.54,206.23,207,209.46,12560,25.94,"03-Sep-2026",269,"",""
"1666","KNRCON","EQ",117.15,119.85,116.9,119.27,119.4,117.07,939009,1110.31,"03-Sep-2026",9443,"",""
"1667","KODYTECH","ST",1544,1590,1542.65,1567,1570,1542.65,9000,141.39,"03-Sep-2026",77,"",""
"1668","KOHINOOR","EQ",33.62,33.69,32.91,33.52,33.25,33.41,84055,28.03,"03-Sep-2026",1759,"",""
"1669","KOKUYOCMLN","EQ",77.7,79.9,77.7,78.44,78.7,77.84,14637,11.53,"03-Sep-2026",412,"",""
"1670","KOLTEPATIL","EQ",441.25,453.6,441.25,449.55,450,440.8,86270,387.42,"03-Sep-2026",3739,"",""
"1671","KONSTELEC","ST",65,65.25,62,62.05,62,62.35,65000,41.66,"03-Sep-2026",44,"",""
"1672","KONTOR","SM",54.9,54.9,52,53.5,53.5,55.95,12000,6.38,"03-Sep-2026",19,"",""
"1673","KOPRAN","EQ",220.89,239.6,218.84,232.24,231.01,218.81,1456374,3392.2,"03-Sep-2026",17808,"",""
"1674","KORE","SM",116,125.45,108,112.55,113,114.05,109250,128.16,"03-Sep-2026",194,"",""
"1675","KOTAKBANK","EQ",425,426.9,421.15,421.15,421.15,423.5,5991118,25378.95,"03-Sep-2026",99402,"",""
"1676","KOTARISUG","BE",30.11,30.87,29.11,30.53,30.5,30.11,59257,18.05,"03-Sep-2026",277,"",""
"1677","KOTHARIPET","EQ",131,133.85,128.5,129.02,128.74,129.17,52559,68.85,"03-Sep-2026",1191,"",""
"1678","KOTHARIPRO","EQ",68.19,68.99,67.44,67.58,68,68.19,2021,1.37,"03-Sep-2026",89,"",""
"1679","KOTIC","EQ",137.21,142.7,133.51,134.79,134,136.47,25043,34.16,"03-Sep-2026",510,"",""
"1680","KOTYARK","BE",30.79,32.16,30.05,32.16,32.16,30.63,132993,42.19,"03-Sep-2026",317,"",""
"1681","KOVAI","EQ",6032,6100,5990.5,6091.5,6080.5,6017.5,2136,129.54,"03-Sep-2026",592,"",""
"1682","KPEL","EQ",243.9,247.95,237,240.89,242,241.14,263957,634.8,"03-Sep-2026",4638,"",""
"1683","KPIGREEN","EQ",305,309.75,302.15,303.25,303.7,304.6,1051546,3192.02,"03-Sep-2026",12982,"",""
"1684","KPIL","EQ",1425.9,1452.7,1412.3,1417.7,1418,1410.5,230059,3290.52,"03-Sep-2026",26696,"",""
"1685","KPITTECH","EQ",591.05,592.4,580.55,583.5,583.5,588,975708,5693.95,"03-Sep-2026",22282,"",""
"1686","KPL","EQ",3428,3445,3290.2,3351.7,3327.5,3390.1,21875,732.49,"03-Sep-2026",2945,"",""
"1687","KPRMILL","EQ",1172,1196.4,1157.3,1175.4,1173,1167.4,302751,3559.95,"03-Sep-2026",20862,"",""
"1688","KRBL","EQ",427.45,429.7,421.9,424.9,424.95,424.4,256226,1088.8,"03-Sep-2026",7554,"",""
"1689","KREBSBIO","EQ",53.65,56.4,53.65,54.5,54.5,54.91,7124,3.9,"03-Sep-2026",42,"",""
"1690","KRIDHANINF","BE",2.1,2.16,2,2.01,2.01,2.06,126279,2.59,"03-Sep-2026",96,"",""
"1691","KRISHANA","EQ",188.13,190,184.5,186.37,186,188.06,378050,704.99,"03-Sep-2026",7958,"",""
"1692","KRISHCA","SM",164.7,164.7,161.75,161.95,161.75,164.7,12000,19.46,"03-Sep-2026",21,"",""
"1693","KRISHIVAL","EQ",411.95,414.2,407.95,413.5,414,410.35,13359,54.91,"03-Sep-2026",366,"",""
"1694","KRISHNADEF","EQ",1012,1021.1,991.1,1008.7,1012.6,1007.4,59717,601.28,"03-Sep-2026",5012,"",""
"1695","KRITI","EQ",61.8,61.84,60.06,60.94,60.94,60.9,2728,1.67,"03-Sep-2026",112,"",""
"1696","KRITIKA","EQ",5.35,5.48,5.32,5.39,5.38,5.39,73068,3.94,"03-Sep-2026",302,"",""
"1697","KRITINUT","EQ",85.9,86.87,82.5,83.36,84,84.3,8912,7.52,"03-Sep-2026",161,"",""
"1698","KRMAYURVED","SM",291.05,293.9,279.1,282.9,284.4,291.15,142000,403.34,"03-Sep-2026",100,"",""
"1699","KRN","EQ",1559,1566.6,1483.5,1505.9,1508.5,1534.8,200958,3033.74,"03-Sep-2026",17862,"",""
"1700","KRONOX","BE",185,191.8,182,183.37,184.01,189.68,78880,145.76,"03-Sep-2026",730,"",""
"1701","KROSS","EQ",209.4,213.6,207.02,211.34,211.88,207.52,208019,438.41,"03-Sep-2026",4827,"",""
"1702","KRSNAA","EQ",553.1,558.15,545,550.95,550.7,553.1,23065,127.04,"03-Sep-2026",1420,"",""
"1703","KRT","RR",110.3,115,109.74,113.51,112.8,110.03,63078724,71427.05,"03-Sep-2026",17746,"",""
"1704","KRYSTAL","EQ",666.9,669,655.9,661.95,663,667,8765,58.13,"03-Sep-2026",586,"",""
"1705","KSB","EQ",806.55,818.3,802.1,810.6,810.2,805.8,115080,932.61,"03-Sep-2026",7337,"",""
"1706","KSCL","EQ",745,748.95,738.75,744.8,747.5,738.75,45816,341.09,"03-Sep-2026",2697,"",""
"1707","KSE","EQ",179.15,182,178.2,180.29,180,177.04,6586,11.8,"03-Sep-2026",236,"",""
"1708","KSHINTL","EQ",958.35,1028.05,951.9,1022.7,1026,945.7,536933,5374.1,"03-Sep-2026",24735,"",""
"1709","KSHITIJ-RE","BE",0.07,0.07,0.07,0.07,0.07,0.06,2308478,1.62,"03-Sep-2026",754,"",""
"1710","KSHITIJPOL","EQ",3.15,3.15,3.15,3.15,3.15,3,2105614,66.33,"03-Sep-2026",671,"",""
"1711","KSL","EQ",906.6,953,906.6,950.2,949,904.3,226200,2134.28,"03-Sep-2026",12385,"",""
"1712","KSOLVES","EQ",279.1,279.1,270.55,271.5,271.2,273.2,17121,46.62,"03-Sep-2026",801,"",""
"1713","KSR","EQ",29.78,31.75,28.25,31.54,31.69,29.49,403387,126.54,"03-Sep-2026",344,"",""
"1714","KTKBANK","EQ",331.1,341.6,331.1,339.75,341.25,330.35,3036829,10286.63,"03-Sep-2026",30919,"",""
"1715","KUANTUM","EQ",71.31,76.25,71.3,75.16,75,71.23,222562,166.11,"03-Sep-2026",2250,"",""
"1716","KUSUMGAR","EQ",572,590.45,571,581.65,580,571.15,231009,1344.35,"03-Sep-2026",7467,"",""
"1717","KWIL","EQ",43.74,44.5,42.1,42.31,42.38,43.38,12570077,5435.14,"03-Sep-2026",43394,"",""
"1718","LADDERUP","EQ",54,54,47.05,51.7,52.9,50.06,232,0.12,"03-Sep-2026",12,"",""
"1719","LAGNAM","EQ",74,76.98,74,74.4,74.5,74.92,2879,2.15,"03-Sep-2026",60,"",""
"1720","LAHOTIOV","EQ",41.01,46.95,41.01,45.08,44.5,41.98,128066,57.59,"03-Sep-2026",891,"",""
"1721","LAKPRE","BZ",4.68,5.16,4.68,4.78,4.75,4.92,3998,0.2,"03-Sep-2026",58,"",""
"1722","LAKSHMIMIL","EQ",7980,8000,7700,7800,7800,7927,42,3.28,"03-Sep-2026",19,"",""
"1723","LAKSHYA","SM",84.5,84.5,83.65,83.65,83.65,83.55,3200,2.68,"03-Sep-2026",4,"",""
"1724","LAL","EQ",8.71,9.28,8.71,9,8.92,8.88,31906,2.88,"03-Sep-2026",111,"",""
"1725","LALITHAA","EQ",267.05,283,262.2,280.3,281.9,264.35,14643073,40375.26,"03-Sep-2026",123702,"",""
"1726","LALPATHLAB","EQ",1927.2,1934.9,1902.3,1925.2,1927,1916.1,168643,3242.41,"03-Sep-2026",29764,"",""
"1727","LAMBODHARA","EQ",135.6,139.92,134.02,137.47,139.8,133.45,9197,12.58,"03-Sep-2026",402,"",""
"1728","LAMOSAIC","ST",60.1,61.4,58.2,61.4,61.4,60.9,195000,118.7,"03-Sep-2026",90,"",""
"1729","LANCER","EQ",13,13.44,12.96,13.19,13.2,12.91,704727,93.4,"03-Sep-2026",1818,"",""
"1730","LANCORHOL","EQ",33.06,35.25,32.87,34.75,34.5,33.15,625911,216.01,"03-Sep-2026",3331,"",""
"1731","LANDMARK","EQ",497,511.55,490.6,498,500,494.9,50914,252.78,"03-Sep-2026",2925,"",""
"1732","LANDSMILL","EQ",0.68,0.69,0.67,0.67,0.68,0.68,1513906,10.3,"03-Sep-2026",775,"",""
"1733","LAOPALA","EQ",171.87,172.6,169.6,171.55,172,171.87,72820,124.59,"03-Sep-2026",1916,"",""
"1734","LARGEMID50","EQ",36.45,36.45,36.27,36.36,36.27,36.34,2661,0.97,"03-Sep-2026",15,"",""
"1735","LASA","EQ",6.9,6.98,6.81,6.82,6.82,6.78,25647,1.77,"03-Sep-2026",107,"",""
"1736","LASERPOWER","EQ",305.9,308.9,298.8,301.05,300.2,303.55,532586,1616,"03-Sep-2026",9392,"",""
"1737","LATENTVIEW","EQ",273.45,273.45,265.25,266,265.8,271,449716,1204.95,"03-Sep-2026",11957,"",""
"1738","LATTEYS","EQ",21.16,21.67,20.63,20.98,20.8,21.26,38038,8.06,"03-Sep-2026",221,"",""
"1739","LAURUSLABS","EQ",1864.9,1876.6,1852.6,1868.5,1868.5,1864,1506361,28067.42,"03-Sep-2026",31169,"",""
"1740","LAXMICOT","EQ",12.98,12.98,12.64,12.71,12.69,12.72,16923,2.15,"03-Sep-2026",57,"",""
"1741","LAXMIDENTL","EQ",196,200.98,194.05,199.2,198,194.58,72745,143.47,"03-Sep-2026",2420,"",""
"1742","LAXMIINDIA","EQ",126.07,137.4,126.07,128.13,128.99,125.93,842455,1119.17,"03-Sep-2026",14467,"",""
"1743","LCCINFOTEC","EQ",3.89,4,3.7,3.85,3.89,3.64,408915,15.94,"03-Sep-2026",547,"",""
"1744","LCL","EQ",543.8,560,531.4,553.45,555.5,540.85,932165,5050.58,"03-Sep-2026",39400,"",""
"1745","LEAPIND","EQ",158.9,160.3,151.7,152.41,152.4,157.68,4076195,6299.88,"03-Sep-2026",44883,"",""
"1746","LEENEE","BE",8.89,9,8.45,8.49,8.8,8.89,36925,3.19,"03-Sep-2026",71,"",""
"1747","LEMERITE","EQ",20.77,21.18,20.16,21.11,21,20.38,159140,32.91,"03-Sep-2026",255,"",""
"1748","LEMONTREE","EQ",106.41,107.1,104.7,104.89,105,106.18,2699116,2846.77,"03-Sep-2026",21794,"",""
"1749","LENSKART","EQ",672.95,681.65,663.5,672.45,671.9,668.9,5393527,36291.66,"03-Sep-2026",81322,"",""
"1750","LEXUS","EQ",13.96,14.34,13.39,13.54,13.5,13.96,24077,3.32,"03-Sep-2026",181,"",""
"1751","LFIC","EQ",138.3,138.3,134.6,135.28,135.8,135.91,233,0.32,"03-Sep-2026",20,"",""
"1752","LGBBROSLTD","EQ",1699.9,1750,1698,1716.2,1700,1699.9,28032,481.28,"03-Sep-2026",4267,"",""
"1753","LGEINDIA","EQ",1655,1672.5,1641,1662.3,1659,1653.2,230470,3818.26,"03-Sep-2026",23463,"",""
"1754","LGHL","EQ",180,181.97,174.18,178.95,179.49,175.77,9600,17.13,"03-Sep-2026",283,"",""
"1755","LIBAS","EQ",10.75,10.75,10.26,10.48,10.49,10.49,8408,0.88,"03-Sep-2026",92,"",""
"1756","LIBERTSHOE","EQ",236,239.73,233,234.3,235.5,234.79,30014,70.48,"03-Sep-2026",449,"",""
"1757","LICHSGFIN","EQ",542,555.95,536.6,554,554,541.25,5798155,31830.4,"03-Sep-2026",51416,"",""
"1758","LICI","EQ",411.8,417,411,416.9,416.9,408.25,5101486,21180.72,"03-Sep-2026",49290,"",""
"1759","LICMFGOLD","EQ",137.55,138.15,137.05,137.5,137.3,135.25,49111,67.64,"03-Sep-2026",567,"",""
"1760","LICNETFGSC","EQ",29.52,29.53,29.2,29.21,29.2,29.33,20923,6.16,"03-Sep-2026",80,"",""
"1761","LICNETFN50","EQ",270,270.9,267.49,267.67,267.49,267.6,64,0.17,"03-Sep-2026",21,"",""
"1762","LICNETFSEN","EQ",867,867,863.46,863.46,863.46,861.96,13,0.11,"03-Sep-2026",3,"",""
"1763","LICNFNHGP","EQ",276.33,276.92,273.98,276.04,276.08,274.97,292,0.8,"03-Sep-2026",15,"",""
"1764","LICNMID100","EQ",62.88,64.23,62.88,63.42,63.42,63.19,11453,7.3,"03-Sep-2026",95,"",""
"1765","LIKHITHA","EQ",213.99,213.99,201.41,202.9,203,202.76,39449,80.32,"03-Sep-2026",657,"",""
"1766","LINC","EQ",96.33,96.33,94,94.69,95.44,95.86,11563,10.95,"03-Sep-2026",295,"",""
"1767","LINCOLN","EQ",627.35,627.35,619,622.65,624.5,618.35,22964,142.94,"03-Sep-2026",1177,"",""
"1768","LINDEINDIA","EQ",6357,6418,6316,6373,6389,6352.5,16313,1039.69,"03-Sep-2026",5177,"",""
"1769","LIQGRWBEES","EQ",1054.15,1054.15,1054.13,1054.14,1054.15,1054.02,248754,2622.23,"03-Sep-2026",177,"",""
"1770","LIQUID","EQ",999.99,1000,999.99,999.99,1000,999.99,413120,4131.19,"03-Sep-2026",265,"",""
"1771","LIQUID1","EQ",1120.9,1122,1120.75,1121.04,1121.04,1120.9,1508631,16912.47,"03-Sep-2026",557,"",""
"1772","LIQUIDADD","EQ",1143.12,1143.14,1143.12,1143.13,1143.14,1142.98,799931,9144.3,"03-Sep-2026",343,"",""
"1773","LIQUIDBEES","EQ",1000,1000.01,999.62,1000,1000.01,1000,2625971,26259.81,"03-Sep-2026",4383,"",""
"1774","LIQUIDBETA","EQ",1006.7,1006.7,1006.7,1006.7,1006.7,1006.57,60,0.6,"03-Sep-2026",7,"",""
"1775","LIQUIDBETF","EQ",1097.26,1097.28,1097.26,1097.27,1097.27,1097.15,167806,1841.29,"03-Sep-2026",101,"",""
"1776","LIQUIDCASE","EQ",115.77,115.77,115.75,115.76,115.77,115.74,17734685,20530.42,"03-Sep-2026",13077,"",""
"1777","LIQUIDETF","EQ",1000,1000.01,999.99,999.99,1000,999.99,76426,764.26,"03-Sep-2026",263,"",""
"1778","LIQUIDIETF","EQ",999.99,1000.01,999.99,999.99,1000,999.99,335869,3358.69,"03-Sep-2026",180,"",""
"1779","LIQUIDPLUS","EQ",1101.62,1101.64,1101.62,1101.63,1101.62,1101.5,388017,4274.52,"03-Sep-2026",272,"",""
"1780","LIQUIDSBI","EQ",999.99,1000.01,999.99,1000.01,1000.01,1000,31769,317.69,"03-Sep-2026",18,"",""
"1781","LIQUIDSHRI","EQ",1119.97,1119.97,1119.95,1119.96,1119.97,1119.83,31694,354.96,"03-Sep-2026",26,"",""
"1782","LKPSEC","EQ",15.76,15.76,14.51,15.02,15,15.19,8972,1.34,"03-Sep-2026",91,"",""
"1783","LLOYDS","SM",57,57.5,57,57.5,57.5,57,3000,1.72,"03-Sep-2026",3,"",""
"1784","LLOYDSENGG","EQ",83.2,85.9,83.2,84.95,85.22,82.77,3707337,3153.4,"03-Sep-2026",18665,"",""
"1785","LLOYDSENT","EQ",71.24,72.9,71.24,71.97,71.75,70.96,1988111,1432.55,"03-Sep-2026",8737,"",""
"1786","LLOYDSME","EQ",1818,1859.4,1818,1848.7,1845,1813,320770,5910.75,"03-Sep-2026",37225,"",""
"1787","LMW","EQ",18801,19250,18500,18993,19010,18783,5846,1109.38,"03-Sep-2026",2299,"",""
"1788","LODHA","EQ",1209.8,1244.4,1205.3,1234,1234,1208.3,1694352,20783.11,"03-Sep-2026",55402,"",""
"1789","LOKESHMACH","EQ",341,385.8,341,360.3,361.5,339.9,212043,779.18,"03-Sep-2026",5047,"",""
"1790","LORDSCHLO","EQ",139.9,142.74,139,141.55,141.9,138.28,33665,47.52,"03-Sep-2026",611,"",""
"1791","LOTUSCHO","EQ",640.1,671,617,650.95,650.5,640.05,11659,75.87,"03-Sep-2026",826,"",""
"1792","LOTUSDEV","BE",174.25,184.74,174.25,184.64,184.74,175.95,469800,858.28,"03-Sep-2026",2236,"",""
"1793","LOTUSEYE","EQ",106.11,110,106.11,109.28,109.25,107.98,2415,2.63,"03-Sep-2026",150,"",""
"1794","LOVABLE","EQ",72.5,72.8,71.24,72.21,72.39,70.84,7609,5.49,"03-Sep-2026",198,"",""
"1795","LOWVOL","EQ",206.04,206.13,205.43,205.78,205.78,206.2,330,0.68,"03-Sep-2026",11,"",""
"1796","LOWVOL1","EQ",21.1,21.43,20.95,21.1,20.95,21.13,133286,28,"03-Sep-2026",164,"",""
"1797","LOWVOLIETF","EQ",22.48,22.48,21.94,21.98,22.04,22.04,4331145,953.83,"03-Sep-2026",1179,"",""
"1798","LOYALTEX","EQ",205,218.79,200,211.82,214.99,209,47,0.1,"03-Sep-2026",13,"",""
"1799","LPDC","EQ",7.05,7.05,6.22,6.69,6.7,6.68,65721,4.34,"03-Sep-2026",206,"",""
"1800","LRRPL","SM",87,87,86,86.9,86.9,86.35,16500,14.28,"03-Sep-2026",8,"",""
"1801","LT","EQ",3999.8,4027.7,3975,3975,3975,3981,940768,37618.4,"03-Sep-2026",55179,"",""
"1802","LTF","EQ",313.8,317.7,311.4,316.9,316.9,312.8,3194737,10060.93,"03-Sep-2026",31136,"",""
"1803","LTFOODS","EQ",445.8,445.8,434.9,442.55,442.85,442.45,442684,1953.69,"03-Sep-2026",17364,"",""
"1804","LTGILTBEES","EQ",29.87,29.9,29.84,29.86,29.84,29.82,638244,190.67,"03-Sep-2026",569,"",""
"1805","LTGILTCASE","EQ",30.6,30.6,30.36,30.42,30.45,30.36,97881,29.78,"03-Sep-2026",864,"",""
"1806","LTM","EQ",4581,4581,4506,4560,4560,4588,206556,9367.3,"03-Sep-2026",18519,"",""
"1807","LTTS","EQ",3540.9,3540.9,3467,3501.2,3509.9,3505,44558,1558.37,"03-Sep-2026",8821,"",""
"1808","LUMAXIND","EQ",6410,6487,6290,6380.5,6374.5,6347,11901,761.87,"03-Sep-2026",3673,"",""
"1809","LUMAXTECH","EQ",1997,2021,1951.6,1985.4,1994.9,1986.5,116862,2324.37,"03-Sep-2026",13892,"",""
"1810","LUMINO","EQ",110,118.99,106.54,110.32,111.2,82,178315729,201931.88,"03-Sep-2026",733594,"",""
"1811","LUPIN","EQ",2148,2159.9,2132,2132,2132,2155.2,474600,10166.62,"03-Sep-2026",34308,"",""
"1812","LUXIND","EQ",1167,1189.8,1163.5,1171.7,1171,1164.9,13633,159.98,"03-Sep-2026",1230,"",""
"1813","LXCHEM","EQ",170.31,177.7,170.23,175.58,174.95,169.55,1600299,2806.53,"03-Sep-2026",20803,"",""
"1814","LYKALABS","BE",75,76.83,73.9,76.83,76.83,75.33,23070,17.55,"03-Sep-2026",83,"",""
"1815","M&M","EQ",3200,3210,3150,3150,3150,3190,1826312,57948.91,"03-Sep-2026",78647,"",""
"1816","M&MFIN","EQ",369.25,378.85,367.1,376.05,374.95,368.85,1943334,7261.18,"03-Sep-2026",46483,"",""
"1817","MAANALU","EQ",119,121.55,118.21,120.77,119.5,118.15,47758,57.48,"03-Sep-2026",565,"",""
"1818","MACPOWER","EQ",1885.5,1949.9,1875.2,1944.1,1944.8,1883.6,23269,447.37,"03-Sep-2026",3823,"",""
"1819","MADHAV","EQ",35.49,35.5,34.8,34.84,35.2,35.25,1391,0.49,"03-Sep-2026",19,"",""
"1820","MADHAVBAUG","ST",160.4,160.4,160.3,160.3,160.3,160.8,1600,2.57,"03-Sep-2026",3,"",""
"1821","MADHAVIPL","EQ",7.72,8.21,7.72,7.92,7.9,7.97,87850,7.07,"03-Sep-2026",315,"",""
"1822","MADHUCON","BE",5.01,5.11,4.76,4.81,4.82,5.01,98743,4.76,"03-Sep-2026",130,"",""
"1823","MADHURKNIT","ST",85.75,85.75,85.75,85.75,85.75,90.25,2400,2.06,"03-Sep-2026",2,"",""
"1824","MADHUSUDAN","ST",231,233,226.15,232,231,231,22000,50.93,"03-Sep-2026",20,"",""
"1825","MADRASFERT","EQ",64.5,65.5,64.5,65.13,65,64.26,34508,22.49,"03-Sep-2026",507,"",""
"1826","MAFANG","EQ",207.08,207.08,207.08,207.08,207.08,209.39,91287,189.04,"03-Sep-2026",368,"",""
"1827","MAFATIND","EQ",121.39,125,121.01,123.24,123,122.57,30086,36.85,"03-Sep-2026",809,"",""
"1828","MAGADSUGAR","EQ",564.5,579.5,561.5,566.7,569.95,559.15,28860,164.42,"03-Sep-2026",2007,"",""
"1829","MAGNUM","EQ",19,19.44,19,19,19.09,19.18,12157,2.31,"03-Sep-2026",39,"",""
"1830","MAGSON","SM",183,184,171.95,184,184,181.05,27000,48.62,"03-Sep-2026",15,"",""
"1831","MAHABANK","EQ",83.15,87.35,82.82,86.32,86.32,82.4,48646685,41968.08,"03-Sep-2026",115177,"",""
"1832","MAHAPEXLTD","EQ",55.48,57,53.77,54.72,54.24,54.94,5308,2.91,"03-Sep-2026",105,"",""
"1833","MAHASTEEL","BE",1262,1278,1258.2,1258.2,1258.2,1324.4,649,8.17,"03-Sep-2026",73,"",""
"1834","MAHEPC","EQ",103.8,105,102.02,103.25,103.58,101.95,14309,14.79,"03-Sep-2026",330,"",""
"1835","MAHESHWARI","BE",70.71,72.88,70.71,72.88,72.88,71.88,6139,4.39,"03-Sep-2026",24,"",""
"1836","MAHICKRA","SM",294,295,283,295,295,291.5,8250,23.85,"03-Sep-2026",9,"",""
"1837","MAHKTECH","EQ",22.26,22.26,22.26,22.26,22.26,22.5,246332,54.83,"03-Sep-2026",2795,"",""
"1838","MAHLIFE","EQ",357.4,363.6,355.5,363.1,363,359,69350,250.06,"03-Sep-2026",3579,"",""
"1839","MAHLOG","EQ",395.95,403.75,392.05,400.3,401,392.45,105313,418.37,"03-Sep-2026",8157,"",""
"1840","MAHSCOOTER","EQ",13578,13729,13577,13639,13683,13560,991,135.19,"03-Sep-2026",480,"",""
"1841","MAHSEAMLES","EQ",666.95,682.5,649.75,653.5,650.15,665.05,497338,3306.65,"03-Sep-2026",26453,"",""
"1842","MAITHANALL","EQ",1038,1046.6,1020.2,1038.5,1036.3,1019.35,95607,988.55,"03-Sep-2026",5552,"",""
"1843","MAJESAUT","BE",354,356.7,351.1,352.7,356.25,353.65,2358,8.33,"03-Sep-2026",96,"",""
"1844","MAKEINDIA","EQ",167,167,165.24,165.47,165.88,164.96,22062,36.55,"03-Sep-2026",372,"",""
"1845","MAKERSL","EQ",188,200.97,182.06,200.77,200.97,182.7,9968,19.56,"03-Sep-2026",443,"",""
"1846","MAKS","SM",14.4,14.4,14.4,14.4,14.4,13.75,3000,0.43,"03-Sep-2026",1,"",""
"1847","MAL","SM",32.9,34.75,32.75,34.75,34.75,31.6,104000,35.31,"03-Sep-2026",45,"",""
"1848","MALLCOM","EQ",1025,1025,995,998.8,997,1021.15,4823,48.54,"03-Sep-2026",222,"",""
"1849","MALUPAPER","EQ",30.9,33.85,30.8,32.44,32.69,31.05,73407,23.84,"03-Sep-2026",484,"",""
"1850","MAMATA","EQ",404,407,401.6,404.55,403.2,401.15,28652,115.92,"03-Sep-2026",1140,"",""
"1851","MANAKALUCO","EQ",37.6,38.14,36.91,37.68,37.91,37.12,54631,20.58,"03-Sep-2026",667,"",""
"1852","MANAKCOAT","EQ",122,123.49,120.12,120.65,120.5,121.56,72641,88.19,"03-Sep-2026",1167,"",""
"1853","MANAKSIA","EQ",58.1,59.55,58.1,59.12,59.48,58.14,44734,26.39,"03-Sep-2026",418,"",""
"1854","MANAKSTEEL","EQ",112,114.76,106.1,111.91,110,109.3,656021,739.75,"03-Sep-2026",4374,"",""
"1855","MANALIPETC","EQ",83,90.89,82,89.73,89,82.76,39146179,34746.79,"03-Sep-2026",123878,"",""
"1856","MANAPPURAM","EQ",343.05,346.45,338.45,341,341,340.9,3304569,11252.72,"03-Sep-2026",39486,"",""
"1857","MANAV","SM",37.9,39.5,37.9,38.7,39.5,37.9,8000,3.1,"03-Sep-2026",2,"",""
"1858","MANBA","EQ",128.99,131,128.28,129.45,130.9,128.31,32969,42.64,"03-Sep-2026",664,"",""
"1859","MANCREDIT","EQ",237,237,226.21,231.4,236.7,227.79,39072,90.29,"03-Sep-2026",945,"",""
"1860","MANDEEP","SM",18,18,18,18,18,18.2,2000,0.36,"03-Sep-2026",1,"",""
"1861","MANGALAM","EQ",31.4,31.4,29.73,30.3,30.6,30.33,25497,7.72,"03-Sep-2026",220,"",""
"1862","MANGLMCEM","EQ",1090.1,1120,1090,1098.2,1101,1092.9,214044,2369.63,"03-Sep-2026",7938,"",""
"1863","MANINDS","EQ",751.25,799,748.1,793.4,789.2,744.85,1373550,10776.45,"03-Sep-2026",48503,"",""
"1864","MANINFRA","EQ",122.88,125.55,120.6,124.59,124.6,123.27,2550009,3159.85,"03-Sep-2026",13539,"",""
"1865","MANIPALHOS","EQ",715,733,708.2,726,726,709.9,4121899,29742.46,"03-Sep-2026",61044,"",""
"1866","MANKIND","EQ",2390,2390,2355.4,2368.8,2368.8,2391.5,98805,2338.21,"03-Sep-2026",10116,"",""
"1867","MANOMAY","EQ",230,230,223.81,226.83,226.47,224.52,348547,786.19,"03-Sep-2026",2742,"",""
"1868","MANORAMA","EQ",1869.8,1999,1840.8,1966.3,1970,1813.1,880433,16934.95,"03-Sep-2026",55990,"",""
"1869","MANORG","EQ",478,502.55,474.95,490.25,487.55,478.65,30981,152.34,"03-Sep-2026",1491,"",""
"1870","MANUFGBEES","EQ",164.09,164.34,163.01,163.81,164.34,163.07,2207,3.61,"03-Sep-2026",81,"",""
"1871","MANUGRAPH","BE",13.82,14.75,13.82,14.6,14.6,14.38,6502,0.92,"03-Sep-2026",22,"",""
"1872","MANYAVAR","EQ",547,582.5,543.7,568.2,565,544.1,1082083,6179.49,"03-Sep-2026",38804,"",""
"1873","MAPMYINDIA","EQ",992,998,963.1,968.6,970.7,982.6,137707,1344.77,"03-Sep-2026",12149,"",""
"1874","MARALOVER","EQ",54.25,55.69,54.01,55.26,55.69,54.13,7212,3.98,"03-Sep-2026",61,"",""
"1875","MARATHON","EQ",435.95,448.1,428,434.95,432.5,433.8,534426,2326.97,"03-Sep-2026",4105,"",""
"1876","MARCO","SM",33.55,33.55,30.3,32.2,31.25,33.7,18000,5.76,"03-Sep-2026",11,"",""
"1877","MARICO","EQ",829.35,832.85,817.8,827.4,827.4,829.35,1702965,14010.32,"03-Sep-2026",48537,"",""
"1878","MARINE","EQ",436,450,425.1,430.4,429.5,431.5,956446,4181.28,"03-Sep-2026",24373,"",""
"1879","MARKOLINES","EQ",172.3,175.1,170.4,171.34,170.6,172.66,261653,451.37,"03-Sep-2026",1402,"",""
"1880","MARKSANS","EQ",334.3,341,331,332.2,332.55,332.5,2726464,9147.88,"03-Sep-2026",47572,"",""
"1881","MARSONS","EQ",123.24,127.5,120.24,125.53,125.6,122.84,3153131,3885.67,"03-Sep-2026",19280,"",""
"1882","MARUSHIKA","SM",110,110,110,110,110,110,1200,1.32,"03-Sep-2026",1,"",""
"1883","MARUTI","EQ",12853,12927,12780,12857,12857,12849,362982,46704.06,"03-Sep-2026",50136,"",""
"1884","MASFIN","EQ",297,297,291.1,292.7,293,294.45,511563,1500.29,"03-Sep-2026",11724,"",""
"1885","MASKINVEST","EQ",146,146,142.4,143.55,143.55,146,31,0.04,"03-Sep-2026",4,"",""
"1886","MASON","SM",116.1,117.9,115.2,117.2,116.55,116.9,15500,18.08,"03-Sep-2026",29,"",""
"1887","MASPTOP50","EQ",79.26,79.26,79.26,79.26,79.26,80.22,88420,70.08,"03-Sep-2026",128,"",""
"1888","MASTEK","EQ",1780,1806,1757,1792.6,1794,1763,111140,1981.06,"03-Sep-2026",11549,"",""
"1889","MASTER","SM",416.25,431.95,416.25,426,426,430.65,3000,12.78,"03-Sep-2026",4,"",""
"1890","MASTERTR","EQ",81.81,82.77,80.51,81.03,80.6,80.85,196242,159.59,"03-Sep-2026",841,"",""
"1891","MATRIMONY","EQ",517.25,532,514.4,529.6,530.5,514.35,10374,54.52,"03-Sep-2026",736,"",""
"1892","MAWANASUG","EQ",149,154.7,145.14,146.27,146.5,147.87,552646,820.87,"03-Sep-2026",8596,"",""
"1893","MAXESTATES","EQ",523.15,536,510.2,530.7,532,520.65,150726,793.83,"03-Sep-2026",5900,"",""
"1894","MAXHEALTH","EQ",997,1000.6,985.5,994.9,994.9,994,674912,6689.04,"03-Sep-2026",28722,"",""
"1895","MAXIND","EQ",149,154.78,146.81,152.89,152.1,147.9,65958,100.17,"03-Sep-2026",1557,"",""
"1896","MAXVOLT","SM",331,336.4,328.2,328.4,328.4,333.25,14800,48.92,"03-Sep-2026",36,"",""
"1897","MAYURUNIQ","EQ",734.6,737.85,726.05,728.8,727.2,728.75,33473,244.63,"03-Sep-2026",2145,"",""
"1898","MAZDA","BE",260,274.35,256.3,272.85,273.8,261.3,52375,140.97,"03-Sep-2026",694,"",""
"1899","MAZDOCK","EQ",2459,2497.8,2459,2474,2474,2459,324406,8037.11,"03-Sep-2026",17354,"",""
"1900","MBAPL","EQ",162,162.99,155.53,162.08,161.51,159.07,1525913,2424.91,"03-Sep-2026",12186,"",""
"1901","MBECL","BE",246.57,246.57,246.57,246.57,246.57,234.83,5914,14.58,"03-Sep-2026",125,"",""
"1902","MBEL","EQ",269.9,280.55,263.5,275.45,274.9,266.1,215533,585.71,"03-Sep-2026",4029,"",""
"1903","MBLINFRA","EQ",23.34,24.5,22.8,24.44,24.5,23.34,66505,15.97,"03-Sep-2026",210,"",""
"1904","MCCHRLS-B","EQ",693,693,670,679.95,679.95,675.6,185,1.25,"03-Sep-2026",13,"",""
"1905","MCL","EQ",56.01,59.38,56.01,58.5,58.68,56.17,51926,30.08,"03-Sep-2026",1624,"",""
"1906","MCLEODRUSS","EQ",47.79,47.89,46.4,46.61,46.51,47.04,144985,68.23,"03-Sep-2026",990,"",""
"1907","MCLOUD","EQ",26.51,26.97,26.3,26.46,26.51,26.28,1640775,435.93,"03-Sep-2026",4470,"",""
"1908","MCX","EQ",3317,3333,3170.2,3170.2,3170.2,3286,2412959,77424.36,"03-Sep-2026",132351,"",""
"1909","MDL","ST",62,62,62,62,62,61.95,12000,7.44,"03-Sep-2026",4,"",""
"1910","MEDANTA","EQ",1444.9,1471.5,1410,1417.3,1425,1444.9,314253,4471.21,"03-Sep-2026",32579,"",""
"1911","MEDIASSIST","EQ",342,347.45,337.05,343.95,345.5,338.75,263298,906.99,"03-Sep-2026",6447,"",""
"1912","MEDICAMEQ","EQ",273,273,258,259.4,258,265.25,33679,88.39,"03-Sep-2026",914,"",""
"1913","MEDICAPQ","EQ",26.43,27,24,25.08,24.65,26.7,2755,0.71,"03-Sep-2026",31,"",""
"1914","MEDICO","EQ",39.23,40.3,39.11,39.5,39.61,39.33,60839,23.98,"03-Sep-2026",1042,"",""
"1915","MEDISTEP","SM",22.45,22.85,22.45,22.8,22.85,21.95,15000,3.39,"03-Sep-2026",5,"",""
"1916","MEDPLUS","EQ",667.8,670.05,648,660.65,664.7,659.95,189923,1248.23,"03-Sep-2026",8940,"",""
"1917","MEESHO","EQ",213.4,215.4,207.1,209.74,209.7,211.6,17240943,36297.5,"03-Sep-2026",111622,"",""
"1918","MEGASTAR","EQ",303.8,310.1,301.9,304.1,304,305.45,1074,3.26,"03-Sep-2026",61,"",""
"1919","MEGATHERM","SM",210,213,204,205.1,205.8,209.55,19200,40.07,"03-Sep-2026",43,"",""
"1920","MEIL","EQ",279,285.3,279,283.75,281.95,278.9,27751,78.44,"03-Sep-2026",696,"",""
"1921","MENNPIS","EQ",73.61,76,73.02,74.82,74.35,74.2,59859,44.57,"03-Sep-2026",1054,"",""
"1922","MENONBE","BE",297,308.55,289,308.55,308.55,293.9,118744,357.54,"03-Sep-2026",924,"",""
"1923","MEP","BZ",0.73,0.74,0.72,0.72,0.72,0.73,743857,5.4,"03-Sep-2026",131,"",""
"1924","MERCANTILE","EQ",25.05,29.37,24.25,25.55,25.06,25.59,538929,140.57,"03-Sep-2026",1501,"",""
"1925","MERCURYEV","EQ",38.87,38.87,36,36.67,37.3,36.66,66676,24.69,"03-Sep-2026",836,"",""
"1926","METAL","EQ",13.59,13.59,13.2,13.29,13.3,13.26,1416357,188.74,"03-Sep-2026",3763,"",""
"1927","METALIC","ST",134,138.9,127.25,137,135.1,132.3,104000,138.95,"03-Sep-2026",60,"",""
"1928","METALIETF","EQ",13.39,13.41,13.05,13.2,13.19,13.19,18275824,2416.94,"03-Sep-2026",8226,"",""
"1929","METROBRAND","EQ",901.25,919,901.25,915.65,909,900.65,11005,100.56,"03-Sep-2026",2475,"",""
"1930","METROGLOBL","EQ",137,137,133.3,137,137,132.95,789,1.07,"03-Sep-2026",18,"",""
"1931","METROPOLIS","EQ",586,593,581,591.9,591.25,582.2,123255,723.96,"03-Sep-2026",5768,"",""
"1932","MFML","EQ",18.26,19.25,18.26,18.36,18.26,18.57,1991,0.38,"03-Sep-2026",56,"",""
"1933","MFSL","EQ",1510,1540,1510,1537,1537,1505,266041,4081.8,"03-Sep-2026",19947,"",""
"1934","MGEL","BE",14.2,14.69,13.9,14.4,14.31,14.44,60727,8.67,"03-Sep-2026",168,"",""
"1935","MGL","EQ",1065.2,1078.9,1065.1,1066.4,1065.5,1065.2,84444,903.48,"03-Sep-2026",9316,"",""
"1936","MGSL","SM",78,82.95,71.5,74.55,75.05,77.55,30000,22.58,"03-Sep-2026",23,"",""
"1937","MHLXMIRU","BE",176,177,172.02,174.89,174.9,176.82,1536,2.68,"03-Sep-2026",54,"",""
"1938","MHRIL","EQ",208.99,208.99,206.61,207.91,207.3,206.59,78196,162.54,"03-Sep-2026",1884,"",""
"1939","MICEL","BE",37.48,37.48,37.48,37.48,37.48,38.24,76614,28.71,"03-Sep-2026",418,"",""
"1940","MICROPRO","SM",19.85,19.85,19.85,19.85,19.85,18.55,1600,0.32,"03-Sep-2026",1,"",""
"1941","MID150","EQ",24,24,23.51,23.63,23.6,23.56,191398,45.2,"03-Sep-2026",178,"",""
"1942","MID150BEES","EQ",242.99,242.99,238.98,240.14,240.5,239.07,325057,780.58,"03-Sep-2026",5219,"",""
"1943","MID150CASE","EQ",11.7,11.74,11.55,11.68,11.74,11.63,770174,89.99,"03-Sep-2026",3163,"",""
"1944","MIDBANKADD","EQ",17.43,17.52,17.43,17.52,17.52,17.33,1239,0.22,"03-Sep-2026",10,"",""
"1945","MIDCAP","EQ",18.47,18.69,17.01,18.52,18.58,18.47,374095,69.21,"03-Sep-2026",858,"",""
"1946","MIDCAPADD","EQ",23.21,23.33,23.14,23.14,23.14,23.17,10659,2.48,"03-Sep-2026",41,"",""
"1947","MIDCAPBETA","EQ",234.05,235,233.52,234.77,234.75,234,908,2.13,"03-Sep-2026",27,"",""
"1948","MIDCAPETF","EQ",23.8,23.88,23,23.75,23.77,23.63,2213465,525.41,"03-Sep-2026",4348,"",""
"1949","MIDCAPIETF","EQ",24.43,24.43,23.7,24.06,24.15,23.84,2381083,572.7,"03-Sep-2026",2063,"",""
"1950","MIDHANI","EQ",418,424.9,415.5,416.9,417,414.4,349584,1468.14,"03-Sep-2026",11155,"",""
"1951","MIDQ50ADD","EQ",25,25.5,25,25.06,25.23,25.1,23429,5.88,"03-Sep-2026",109,"",""
"1952","MIDSELIETF","EQ",19.9,20.08,19.83,19.92,19.97,19.88,215124,42.93,"03-Sep-2026",601,"",""
"1953","MIDSMALL","EQ",51.78,52.13,51.77,52.03,52.07,51.63,253256,131.72,"03-Sep-2026",636,"",""
"1954","MIDWESTLTD","EQ",1038.1,1060,1026,1054.3,1050,1036.9,33073,344.51,"03-Sep-2026",2923,"",""
"1955","MIEL","SM",12.4,12.4,12.3,12.3,12.3,12.4,4000,0.49,"03-Sep-2026",2,"",""
"1956","MIIL","EQ",728.05,733.45,711.1,718.4,722.5,722.55,75209,543.6,"03-Sep-2026",1486,"",""
"1957","MILKYMIST","EQ",250.62,268.69,246.35,252.89,252.55,252.04,44203953,113682.17,"03-Sep-2026",376426,"",""
"1958","MINALIND","BE",5.1,5.1,5,5.1,5.1,4.86,270637,13.8,"03-Sep-2026",186,"",""
"1959","MINDACORP","EQ",710.05,713,698.65,706.5,705.35,707.85,168823,1191.12,"03-Sep-2026",9414,"",""
"1960","MINDSPACE","RR",503.24,508.7,496.22,499.92,500,500.74,221116,1103.36,"03-Sep-2026",6723,"",""
"1961","MINDTECK","EQ",171,173.46,165.85,168.22,168,170.32,29644,50.14,"03-Sep-2026",579,"",""
"1962","MIRZAINT","EQ",30.86,31.76,30.76,30.99,30.9,30.84,57756,17.93,"03-Sep-2026",1080,"",""
"1963","MITCON","BE",78.86,78.86,76.01,78,78,78.76,2206,1.71,"03-Sep-2026",28,"",""
"1964","MITTAL","EQ",0.81,0.82,0.77,0.78,0.79,0.81,697470,5.55,"03-Sep-2026",473,"",""
"1965","MKEXIM","EQ",62,62.89,58.8,60.18,60.99,61.42,10578,6.4,"03-Sep-2026",155,"",""
"1966","MKPL","EQ",4.02,4.07,4,4.06,4.07,4,41793,1.69,"03-Sep-2026",332,"",""
"1967","MLKFOOD","EQ",82.91,85,82.15,82.62,82.5,83.15,2031,1.69,"03-Sep-2026",71,"",""
"1968","MMEL","SM",23.7,24.5,23.7,24.5,24.5,23.1,4000,0.96,"03-Sep-2026",2,"",""
"1969","MMFL","EQ",652.9,660.95,637.2,641.8,645.4,648.05,90623,586.83,"03-Sep-2026",4457,"",""
"1970","MMP","EQ",390.8,399.35,382.6,395.95,399,384.1,39929,156.64,"03-Sep-2026",1438,"",""
"1971","MMTC","EQ",62.89,63.59,62.13,62.32,62.3,62.1,1036048,650.94,"03-Sep-2026",7189,"",""
"1972","MMWL","EQ",13.78,14.83,13.78,14.07,13.85,14.13,37516,5.33,"03-Sep-2026",198,"",""
"1973","MNC","EQ",33.22,33.41,33.12,33.27,33.16,33.18,209803,69.86,"03-Sep-2026",344,"",""
"1974","MOALPHA50","EQ",56.71,57,56.06,56.62,56.55,56.15,5892,3.32,"03-Sep-2026",60,"",""
"1975","MOBANK10","EQ",16.79,17,16.79,16.9,16.95,16.79,2455,0.42,"03-Sep-2026",41,"",""
"1976","MOBIKWIK","EQ",186.39,191.59,184.7,190.61,190.6,185.32,809692,1523.65,"03-Sep-2026",11000,"",""
"1977","MOBILISE","SM",113.75,113.75,113.75,113.75,113.75,119.7,1600,1.82,"03-Sep-2026",1,"",""
"1978","MOCAPITAL","EQ",53.75,54.3,53.5,53.8,53.75,53.55,515456,277.26,"03-Sep-2026",1998,"",""
"1979","MODEFENCE","EQ",104.09,106.85,104.05,106.05,106.09,105.14,649836,690.97,"03-Sep-2026",5901,"",""
"1980","MODINATUR","EQ",341,349.5,331.05,334.3,344.95,340.8,6487,22.2,"03-Sep-2026",128,"",""
"1981","MODIRUBBER","EQ",128,135.01,124.02,131.83,133.31,123.8,8142,10.64,"03-Sep-2026",224,"",""
"1982","MODIS","EQ",380.85,389.5,374.25,379.1,377.5,379.1,122198,467.15,"03-Sep-2026",3778,"",""
"1983","MODISONLTD","EQ",520.65,544.9,494.65,494.65,494.65,520.65,583790,3000.2,"03-Sep-2026",13478,"",""
"1984","MODTHREAD","EQ",52.9,57.9,52,53.39,53.39,52.61,12521,6.86,"03-Sep-2026",178,"",""
"1985","MOENERGY","EQ",37.43,38.72,37.43,38.31,38.5,38.19,372208,142.97,"03-Sep-2026",570,"",""
"1986","MOGOLD","EQ",150.65,151.55,150.15,150.65,150.5,148.1,53546,80.77,"03-Sep-2026",389,"",""
"1987","MOGSEC","EQ",65.39,65.4,65.05,65.4,65.4,65.39,72565,47.42,"03-Sep-2026",36,"",""
"1988","MOHEALTH","EQ",52.5,52.68,51.96,52.17,52.25,52.02,84837,44.24,"03-Sep-2026",462,"",""
"1989","MOHITE","EQ",2.96,2.96,2.79,2.8,2.8,2.96,97222,2.78,"03-Sep-2026",173,"",""
"1990","MOHITIND","EQ",23.8,24.46,23.32,23.72,24.39,23.72,18575,4.39,"03-Sep-2026",109,"",""
"1991","MOIL","EQ",251.15,254.69,249.62,250.68,250.8,250.72,528154,1329.47,"03-Sep-2026",10687,"",""
"1992","MOINFRA","EQ",58.58,58.92,58.44,58.66,58.67,58.23,8477,4.97,"03-Sep-2026",59,"",""
"1993","MOIPO","EQ",48.56,48.83,48.41,48.74,48.68,48.32,15416,7.51,"03-Sep-2026",27,"",""
"1994","MOKSH","EQ",10.28,10.49,9.96,9.98,9.96,10.15,255005,25.85,"03-Sep-2026",455,"",""
"1995","MOL","EQ",66.25,68.8,65.97,67.52,67.46,65.75,3523765,2378.79,"03-Sep-2026",17430,"",""
"1996","MOLBIO","EQ",1120,1141.8,1103,1135.2,1133.3,1107.8,465643,5247.1,"03-Sep-2026",18982,"",""
"1997","MOLDTECH","BE",205,212.1,205,207.31,210,202.38,101481,212.78,"03-Sep-2026",1097,"",""
"1998","MOLDTKPAC","EQ",698,704.95,696.05,699.6,697.6,694.55,24366,170.77,"03-Sep-2026",1525,"",""
"1999","MOLOWVOL","EQ",36.15,36.88,35.92,36.35,36.2,35.98,18033,6.49,"03-Sep-2026",86,"",""
"2000","MOM100","EQ",68.3,68.67,67.93,68.18,68,67.97,200487,136.71,"03-Sep-2026",2129,"",""
"2001","MOM30IETF","EQ",31.32,31.49,31.22,31.27,31.4,31.15,456481,142.85,"03-Sep-2026",1374,"",""
"2002","MOM50","EQ",249.46,252.12,249.27,250.41,249.27,250.39,5668,14.21,"03-Sep-2026",93,"",""
"2003","MOMENTUM","EQ",31.03,31.62,31.03,31.37,31.22,31.04,107694,33.55,"03-Sep-2026",162,"",""
"2004","MOMENTUM30","EQ",30.98,30.98,30.65,30.65,30.76,30.63,2605,0.8,"03-Sep-2026",37,"",""
"2005","MOMENTUM50","EQ",54.49,54.63,54.08,54.25,54.08,54.08,736535,400.04,"03-Sep-2026",1496,"",""
"2006","MOMETAL","EQ",13.41,13.41,13.09,13.16,13.16,13.15,13095,1.73,"03-Sep-2026",30,"",""
"2007","MOMGF","EQ",163.14,163.3,162.6,162.74,162.74,161.8,501,0.82,"03-Sep-2026",20,"",""
"2008","MOMIDMTM","EQ",65.44,65.44,63.75,64.7,64.71,64.09,606954,391.37,"03-Sep-2026",432,"",""
"2009","MOMMIDCAP","EQ",12.62,13.19,10.8,13.02,13.05,12.98,2515473,327.24,"03-Sep-2026",485,"",""
"2010","MOMNC","EQ",32.21,32.31,32.11,32.29,32.29,32.29,5917,1.91,"03-Sep-2026",34,"",""
"2011","MOMOMENTUM","EQ",62.48,62.56,61.92,62.18,61.92,61.83,31547,19.6,"03-Sep-2026",351,"",""
"2012","MON100","EQ",323.86,323.86,323.86,323.86,323.86,328.83,418043,1353.87,"03-Sep-2026",1874,"",""
"2013","MON50EQUAL","EQ",33.21,33.27,32.99,33.16,33.19,33.13,2795,0.93,"03-Sep-2026",53,"",""
"2014","MONARCH","EQ",386.9,398.9,375.8,381.3,379.5,372.4,272328,1047.83,"03-Sep-2026",5885,"",""
"2015","MONEXT50","EQ",73.24,73.27,72.75,73.05,73.05,73.04,20622,15.01,"03-Sep-2026",56,"",""
"2016","MONEYBOXX","EQ",56.05,58.5,51,57.22,58.5,56,29252,16.4,"03-Sep-2026",199,"",""
"2017","MONIFTY100","EQ",25.33,25.37,25.16,25.17,25.33,25.21,8457,2.13,"03-Sep-2026",56,"",""
"2018","MONIFTY500","EQ",23.93,23.94,23.77,23.8,23.82,23.73,443431,105.66,"03-Sep-2026",1170,"",""
"2019","MONOLITH","SM",1264.95,1298,1234,1286.1,1289,1256.7,33000,417.12,"03-Sep-2026",128,"",""
"2020","MONQ50","EQ",141.73,141.73,141.73,141.73,141.73,144.06,11318,16.04,"03-Sep-2026",108,"",""
"2021","MONTECARLO","EQ",549.8,575.1,546.05,564.45,563.5,544.2,152765,860.2,"03-Sep-2026",4664,"",""
"2022","MOOILGAS","EQ",11.25,11.25,11.14,11.21,11.24,11.18,2492,0.28,"03-Sep-2026",32,"",""
"2023","MOPSE","EQ",100.49,100.49,98.95,99.4,99.37,98.52,637,0.63,"03-Sep-2026",13,"",""
"2024","MOQUALITY","EQ",199.11,199.53,199,199.01,199.53,199.66,119,0.24,"03-Sep-2026",16,"",""
"2025","MOREALTY","EQ",87.64,92.27,87,91.75,91.89,88.68,2487562,2278.44,"03-Sep-2026",3167,"",""
"2026","MOREPENLAB","EQ",112.5,118.55,109.6,117.45,117.4,111.97,33823982,39293.52,"03-Sep-2026",130716,"",""
"2027","MOS","ST",7.9,7.9,7.9,7.9,7.9,8.3,248000,19.59,"03-Sep-2026",52,"",""
"2028","MOSCHIP","EQ",216.5,218,212.88,213.57,213.9,215.84,1081135,2327.33,"03-Sep-2026",13572,"",""
"2029","MOSERVICE","EQ",30.9,30.98,30.64,30.64,30.64,30.61,2603,0.8,"03-Sep-2026",21,"",""
"2030","MOSILVER","EQ",225.01,228.84,225.01,227.19,227.39,222.79,91619,209.08,"03-Sep-2026",994,"",""
"2031","MOSMALL250","EQ",18.77,18.77,17.5,18.55,18.54,18.3,1932277,357.35,"03-Sep-2026",1755,"",""
"2032","MOTHERSON","EQ",164,164.34,161.35,162,162,163.3,8794139,14276.85,"03-Sep-2026",56628,"",""
"2033","MOTILALOFS","EQ",1020,1033.2,1006.8,1012.8,1012.8,1017.6,456816,4652.81,"03-Sep-2026",16569,"",""
"2034","MOTISONS","EQ",15.54,15.82,15.24,15.37,15.35,15.43,22301002,3443.01,"03-Sep-2026",14942,"",""
"2035","MOTOGENFIN","BE",27.64,27.99,27.5,27.97,27.97,27.51,10082,2.8,"03-Sep-2026",46,"",""
"2036","MOTOUR","EQ",77,77.98,77,77.89,77.6,77,35014,27.12,"03-Sep-2026",137,"",""
"2037","MOVALUE","EQ",113.5,113.87,111.77,112.8,112.47,112.33,76298,86.27,"03-Sep-2026",653,"",""
"2038","MOXSH","SM",99,99,99,99,99,103.6,3200,3.17,"03-Sep-2026",2,"",""
"2039","MPDL","BE",33.22,33.23,33.07,33.23,33.23,31.65,2759,0.92,"03-Sep-2026",19,"",""
"2040","MPEL","ST",25.85,26.05,25.85,26.05,26.05,24.85,6400,1.66,"03-Sep-2026",4,"",""
"2041","MPHASIS","EQ",2481.2,2489.3,2432,2471,2471,2480,408569,10013.83,"03-Sep-2026",25544,"",""
"2042","MPSLTD","EQ",2609,2643.8,2556.1,2620.6,2640,2594.6,13725,358.23,"03-Sep-2026",2331,"",""
"2043","MRF","EQ",132800,132800,130100,130510,131160,131880,6240,8157.22,"03-Sep-2026",4815,"",""
"2044","MRPL","EQ",175.21,179.99,174.5,175.99,176.4,175.22,9658885,17191.01,"03-Sep-2026",55005,"",""
"2045","MSCI360","EQ",10.07,10.14,9.91,10.06,10.06,10.07,2986,0.3,"03-Sep-2026",22,"",""
"2046","MSCIADD","EQ",29.45,29.57,29.37,29.37,29.37,29.41,2460,0.72,"03-Sep-2026",14,"",""
"2047","MSCIINDIA","EQ",29.86,29.89,29.59,29.71,29.59,29.74,3431,1.02,"03-Sep-2026",81,"",""
"2048","MSL","EQ",143,143,137.53,137.53,137.53,137.53,10,0.01,"03-Sep-2026",3,"",""
"2049","MSPL","EQ",36.48,37.48,35.05,35.34,35.5,36.14,1094788,397.26,"03-Sep-2026",3565,"",""
"2050","MSTCLTD","EQ",714,748.35,714,744.25,746,711.75,332350,2451.58,"03-Sep-2026",13517,"",""
"2051","MSUMI","EQ",36.71,37.2,36.5,37.03,37,36.6,6249596,2298.1,"03-Sep-2026",24167,"",""
"2052","MTARTECH","BE",6869.5,6945,6775,6820,6800,6872,44753,3053.87,"03-Sep-2026",7799,"",""
"2053","MTEDUCARE","BE",1.76,1.8,1.67,1.69,1.69,1.75,19275,0.33,"03-Sep-2026",44,"",""
"2054","MTNL","EQ",26.6,26.83,26.35,26.42,26.5,26.43,324235,86.03,"03-Sep-2026",1699,"",""
"2055","MUFIN","EQ",135.4,138.48,135.2,136.92,137,134.65,553156,757.96,"03-Sep-2026",2850,"",""
"2056","MUFTI","EQ",72.89,74.06,72,72.87,72.95,72.13,56681,41.4,"03-Sep-2026",939,"",""
"2057","MUKANDLTD","EQ",134.19,135.89,132.22,132.97,132.22,134.18,48639,65.1,"03-Sep-2026",732,"",""
"2058","MUKESHB","EQ",133.76,135,133,134,134,133.76,2606,3.49,"03-Sep-2026",13,"",""
"2059","MUKKA","EQ",26.99,28.92,26.9,28.72,28.84,26.85,3369622,954,"03-Sep-2026",11206,"",""
"2060","MUKTAARTS","BE",58.94,58.94,56.1,56.1,56.1,57.5,929,0.53,"03-Sep-2026",16,"",""
"2061","MULTICAP","EQ",16.78,16.8,16.73,16.75,16.74,16.68,116889,19.59,"03-Sep-2026",397,"",""
"2062","MUNISH","SM",85.9,86.2,82.55,82.55,82.55,83.15,69600,58.9,"03-Sep-2026",29,"",""
"2063","MUNJALAU","EQ",113.61,116.03,112.33,112.92,113,113.44,334364,379.69,"03-Sep-2026",3896,"",""
"2064","MUNJALSHOW","EQ",129.6,130.8,127.78,129.27,129,129.2,28163,36.35,"03-Sep-2026",391,"",""
"2065","MURUDCERA","EQ",30.35,30.6,29.6,29.97,29.81,29.88,6050,1.81,"03-Sep-2026",97,"",""
"2066","MUTHOOTCAP","EQ",241.22,252,241.22,243.75,244.86,241.22,14423,35.59,"03-Sep-2026",515,"",""
"2067","MUTHOOTFIN","EQ",2975,2985.9,2926.5,2926.5,2926.5,2937.7,566996,16754.13,"03-Sep-2026",29166,"",""
"2068","MUTHOOTMF","EQ",205.87,208,203.51,206.89,206.95,203.2,242554,498.54,"03-Sep-2026",3038,"",""
"2069","MVELECTRO","EQ",685,744.8,661.65,730.65,729,686.05,8739539,63087.69,"03-Sep-2026",160034,"",""
"2070","MVGJL","EQ",161.76,177.73,160.81,171.97,173.66,161.76,753678,1297.52,"03-Sep-2026",15887,"",""
"2071","MVKAGRO","SM",225.1,225.1,225.1,225.1,225.1,214.4,3900,8.78,"03-Sep-2026",10,"",""
"2072","MWL","EQ",39.6,39.9,38.81,39.08,39.25,39.2,531033,209.12,"03-Sep-2026",1766,"",""
"2073","MYMUDRA","SM",68.3,71,68.3,70,70,71,3600,2.51,"03-Sep-2026",3,"",""
"2074","MYSORPETRO","BE",120,126.05,118.1,124.89,126.05,120.05,10283,12.54,"03-Sep-2026",139,"",""
"2075","NACLIND","EQ",170.1,171.87,165.44,166.45,167.69,167.4,341726,571.67,"03-Sep-2026",5531,"",""
"2076","NAGREEKCAP","EQ",23.8,23.89,22.61,22.87,23.13,23.24,4720,1.1,"03-Sep-2026",92,"",""
"2077","NAGREEKEXP","EQ",21.7,21.88,20.8,21.3,21.35,21.35,16505,3.52,"03-Sep-2026",226,"",""
"2078","NAHARCAP","EQ",263,263,256.3,259.5,260,258.8,1304,3.37,"03-Sep-2026",61,"",""
"2079","NAHARINDUS","EQ",133.86,140.64,133.05,137.96,138.5,133.86,41039,56.63,"03-Sep-2026",735,"",""
"2080","NAHARPOLY","EQ",252.01,253.6,244.03,248.39,244.15,250.37,10170,25.31,"03-Sep-2026",238,"",""
"2081","NAHARSPING","EQ",294.5,298.45,291.05,293,293.25,294.95,19923,58.74,"03-Sep-2026",611,"",""
"2082","NAM-INDIA","EQ",1171.2,1180.2,1150.4,1164.9,1164.9,1171.5,1722843,20002.77,"03-Sep-2026",38749,"",""
"2083","NAMOEWASTE","ST",262,265.5,258,262.2,262.25,264,12800,33.56,"03-Sep-2026",16,"",""
"2084","NARMADA","EQ",13.63,15,13.4,13.62,13.53,13.63,420123,57.62,"03-Sep-2026",985,"",""
"2085","NATCAPSUQ","BE",218.5,226.98,218.5,226.98,226.98,216.18,18619,42.1,"03-Sep-2026",309,"",""
"2086","NATCOPHARM","EQ",843.3,849.95,835.8,838.3,838.3,843.25,217962,1828.34,"03-Sep-2026",23242,"",""
"2087","NATHBIOGEN","EQ",152.54,155.3,152.54,153.07,153.06,152.55,6355,9.77,"03-Sep-2026",159,"",""
"2088","NATIONALUM","EQ",374,378.5,370.55,374,374,370,3760490,14058.97,"03-Sep-2026",68506,"",""
"2089","NATIONSTD","EQ",104.5,107,99.32,104.75,104.2,103.94,39226,40.69,"03-Sep-2026",921,"",""
"2090","NAUKRI","EQ",1343.7,1348.9,1320.2,1330,1330,1343.7,450580,6005.95,"03-Sep-2026",23303,"",""
"2091","NAVA","EQ",564.2,569.2,554.3,557.2,557,560.75,224924,1262.6,"03-Sep-2026",9452,"",""
"2092","NAVINFLUOR","EQ",8552.5,8718,8500,8697,8700,8542.5,142402,12269.06,"03-Sep-2026",40923,"",""
"2093","NAVKARCORP","EQ",95.7,98.4,95.12,97.44,97.05,95.47,217243,210.09,"03-Sep-2026",1697,"",""
"2094","NAVKARURB","BE",0.89,0.9,0.87,0.89,0.9,0.89,318951,2.84,"03-Sep-2026",253,"",""
"2095","NAVNETEDUL","EQ",133.9,134,131.5,132.08,132.5,133.91,58172,77.15,"03-Sep-2026",1398,"",""
"2096","NAZARA","EQ",366.5,368.9,361.35,365.8,367.4,366,661018,2412.84,"03-Sep-2026",9947,"",""
"2097","NBCC","EQ",85.15,86.9,85.15,86.5,86.5,85,3561028,3068.66,"03-Sep-2026",19617,"",""
"2098","NBIFIN","EQ",2000,2055.1,1965,1983.4,1965,1986.2,341,6.83,"03-Sep-2026",40,"",""
"2099","NCC","EQ",143.5,147.5,143.5,147.24,147,142.53,1686749,2459.28,"03-Sep-2026",16825,"",""
"2100","NCLIND","EQ",174.95,178.5,174.81,177.36,176.75,174.94,29657,52.44,"03-Sep-2026",2844,"",""
"2101","NDGL","EQ",2795,2798,2755,2757.6,2757.6,2743.9,56,1.55,"03-Sep-2026",22,"",""
"2102","NDL","EQ",2.86,2.89,2.82,2.83,2.84,2.85,786673,22.48,"03-Sep-2026",1120,"",""
"2103","NDLVENTURE","EQ",124.88,124.88,120.13,123.01,123,120.91,13539,16.65,"03-Sep-2026",83,"",""
"2104","NDRAUTO","EQ",720.95,727.95,718.7,724.2,724,719.15,8085,58.38,"03-Sep-2026",780,"",""
"2105","NDRINVIT","IV",145,145,145,145,145,143,25000,36.25,"03-Sep-2026",1,"",""
"2106","NDTV","EQ",71.75,72.78,70.55,70.66,70.72,70.84,46817,33.28,"03-Sep-2026",626,"",""
"2107","NEAGI","EQ",3370.1,3370.1,3370.1,3370.1,3370.1,3370.1,1,0.03,"03-Sep-2026",1,"",""
"2108","NECCLTD","BE",16.8,17.68,16.8,17.63,17.65,16.9,203067,35.56,"03-Sep-2026",256,"",""
"2109","NECLIFE","EQ",12.15,12.65,12.1,12.17,12.22,12.31,274924,33.73,"03-Sep-2026",416,"",""
"2110","NELCAST","EQ",117.96,120.45,117.3,118.76,118.35,117.58,337600,400.43,"03-Sep-2026",3341,"",""
"2111","NELCO","EQ",936.6,963,930.5,933.75,931.2,929.65,218453,2067.3,"03-Sep-2026",8897,"",""
"2112","NEOCHEM","SM",93.2,98,93.2,96.1,96.1,98.5,13200,12.76,"03-Sep-2026",10,"",""
"2113","NEOGEN","EQ",2136.4,2170,2114,2137.1,2145,2136.4,69594,1487.37,"03-Sep-2026",14002,"",""
"2114","NEPHROCARE","SM",98.5,101.35,98,98,98,97,3200,3.17,"03-Sep-2026",8,"",""
"2115","NEPHROPLUS","EQ",693.3,712.3,686.1,706.75,707,692.7,198406,1394.63,"03-Sep-2026",8857,"",""
"2116","NEPTUNE","SM",178.6,178.6,174,174,174,178.5,5000,8.82,"03-Sep-2026",8,"",""
"2117","NESCO","EQ",1038.4,1050,1033.2,1044.8,1043.5,1038.4,47302,493.56,"03-Sep-2026",5660,"",""
"2118","NESTLEIND","EQ",1424.1,1424.1,1407,1416,1416,1425,660284,9333.61,"03-Sep-2026",34526,"",""
"2119","NETF","EQ",261.3,263.99,260.4,260.55,260.41,261.3,1922,5.02,"03-Sep-2026",156,"",""
"2120","NETWEB","EQ",5165,5375,5114,5270,5279,5110,2365927,124841.12,"03-Sep-2026",181434,"",""
"2121","NETWORK18","EQ",27.5,27.82,27.33,27.55,27.69,27.24,3195984,880.49,"03-Sep-2026",6381,"",""
"2122","NEUEON","BE",10.91,11.88,10.88,10.94,10.88,11.45,157819,17.38,"03-Sep-2026",179,"",""
"2123","NEULANDLAB","EQ",23075,23295,22810,22890,22900,22960,32650,7500.96,"03-Sep-2026",13760,"",""
"2124","NEWGEN","EQ",525,527.5,514.5,517.65,519.2,519.3,624729,3237,"03-Sep-2026",15527,"",""
"2125","NEWJAISA","ST",17.75,17.75,17.75,17.75,17.75,18.05,1500,0.27,"03-Sep-2026",1,"",""
"2126","NEXT30ADD","EQ",42.6,42.79,42.43,42.59,42.6,42.6,2929,1.25,"03-Sep-2026",62,"",""
"2127","NEXT50","EQ",771.14,771.14,753.28,755.13,756.12,752.34,19426,146.73,"03-Sep-2026",1090,"",""
"2128","NEXT50ADD","EQ",73.75,74.79,73.25,73.68,73.76,73.56,3326,2.44,"03-Sep-2026",43,"",""
"2129","NEXT50BETA","EQ",79.59,79.59,78.5,78.93,79.34,79.27,95865,75.71,"03-Sep-2026",558,"",""
"2130","NEXT50ETF","EQ",73.92,73.92,73.4,73.64,73.58,73.37,10559,7.78,"03-Sep-2026",73,"",""
"2131","NEXT50IETF","EQ",78.88,78.88,77,77.06,77.1,76.96,314238,242.68,"03-Sep-2026",3779,"",""
"2132","NEXTMEDIA","EQ",4.19,4.19,4,4,4,4.21,55549,2.25,"03-Sep-2026",149,"",""
"2133","NFL","EQ",70.3,70.94,70.11,70.33,70.28,69.98,404241,284.92,"03-Sep-2026",2572,"",""
"2134","NFPSAMPOOR","SM",21.45,21.45,20.5,20.5,20.5,21.45,6000,1.25,"03-Sep-2026",3,"",""
"2135","NGIL","EQ",40,41.4,39.28,40.24,40.85,39.41,13022,5.32,"03-Sep-2026",64,"",""
"2136","NGLFINE","EQ",2719.9,2999.8,2676,2940.8,2911,2688.7,69056,1977.33,"03-Sep-2026",10142,"",""
"2137","NH","EQ",1928.2,1929.4,1877,1882.2,1885.5,1922.7,120292,2280.17,"03-Sep-2026",18961,"",""
"2138","NHIT","IV",171,171,171,171,171,171,25000,42.75,"03-Sep-2026",1,"",""
"2139","NHPC","EQ",76.11,77.21,75.87,76.45,76.45,75.65,14041987,10750.39,"03-Sep-2026",28829,"",""
"2140","NIACL","EQ",198.7,203.82,192.87,195.33,195.05,199.11,6906382,13766.48,"03-Sep-2026",59041,"",""
"2141","NIBE","EQ",1373.9,1418.9,1310,1322,1310,1342.9,61410,819.13,"03-Sep-2026",4975,"",""
"2142","NIBL","EQ",31.65,32,30.65,30.76,30.76,31.08,1464,0.46,"03-Sep-2026",39,"",""
"2143","NICCOPAR","EQ",79.04,79.04,78,78.2,78,79.04,452,0.36,"03-Sep-2026",14,"",""
"2144","NIDAN","SM",12.9,15,12.9,14.85,14.7,12.75,81000,11.62,"03-Sep-2026",64,"",""
"2145","NIF100BEES","EQ",265.78,267.23,264.8,265.6,266,264.89,59036,157.09,"03-Sep-2026",688,"",""
"2146","NIF100IETF","EQ",27.98,28.11,27.89,27.93,27.9,27.96,75038,21.01,"03-Sep-2026",1033,"",""
"2147","NIF500BETA","EQ",38.06,38.3,37.45,37.45,37.45,37.31,1986,0.75,"03-Sep-2026",19,"",""
"2148","NIFTY1","EQ",266,268.24,264.87,265.42,265.9,265.54,45063,119.89,"03-Sep-2026",1058,"",""
"2149","NIFTY100EW","EQ",35.49,35.49,34.91,35,35.09,34.95,82606,28.93,"03-Sep-2026",172,"",""
"2150","NIFTYADD","EQ",252.18,253.64,251.48,251.97,252.43,252.18,6783,17.14,"03-Sep-2026",132,"",""
"2151","NIFTYAXIS","EQ",266.64,266.64,264.06,264.58,264.9,264.93,3036,8.06,"03-Sep-2026",190,"",""
"2152","NIFTYBEES","EQ",276.5,276.5,270,272.63,272.55,272.56,4418043,12070.06,"03-Sep-2026",42140,"",""
"2153","NIFTYBETA","EQ",265.49,267.61,264.75,264.92,267.61,265.48,76337,202.9,"03-Sep-2026",455,"",""
"2154","NIFTYBETF","EQ",247.43,248.67,245.59,245.83,246.5,246.26,964866,2377.45,"03-Sep-2026",1327,"",""
"2155","NIFTYCASE","EQ",9.85,9.85,9.58,9.59,9.62,9.61,400926,38.6,"03-Sep-2026",1596,"",""
"2156","NIFTYETF","EQ",261.36,261.8,259.7,260.05,259.7,260.05,68810,179.32,"03-Sep-2026",744,"",""
"2157","NIFTYIETF","EQ",273.1,273.1,270.6,270.98,270.99,271.22,680558,1848.72,"03-Sep-2026",9572,"",""
"2158","NIFTYJBLK","EQ",12.59,12.59,12.22,12.29,12.3,12.29,335371,41.24,"03-Sep-2026",620,"",""
"2159","NIFTYQLITY","EQ",21.48,21.66,21.28,21.36,21.46,21.39,60746,12.99,"03-Sep-2026",136,"",""
"2160","NIITLTD","EQ",97.99,98.88,97,97.57,97.12,97.33,169439,165.82,"03-Sep-2026",2134,"",""
"2161","NIITMTS","EQ",223.5,225.23,222,222.91,222.1,223.47,88845,198.41,"03-Sep-2026",2858,"",""
"2162","NIKITA","SM",73,73,70.1,71.55,70.1,75.05,8400,6.04,"03-Sep-2026",6,"",""
"2163","NILAINFRA","EQ",6.66,6.77,6.66,6.7,6.71,6.71,140905,9.43,"03-Sep-2026",543,"",""
"2164","NILASPACES","EQ",12.76,12.85,12.21,12.28,12.35,12.51,1904437,236.13,"03-Sep-2026",2675,"",""
"2165","NILE","EQ",1478.9,1485,1461.1,1470.5,1476.9,1471.5,1689,24.84,"03-Sep-2026",291,"",""
"2166","NILKAMAL","EQ",2072.8,2149.5,2035.7,2111.1,2128,2063.1,52362,1103.64,"03-Sep-2026",6463,"",""
"2167","NIMBSPROJ","EQ",163.07,163.07,151.93,151.93,151.93,159.92,2823,4.35,"03-Sep-2026",184,"",""
"2168","NINSYS","EQ",725,737,704,709.25,712.25,710.95,5444,38.98,"03-Sep-2026",841,"",""
"2169","NIPPOBATRY","EQ",321.2,330,321.2,324,323.6,323.1,705,2.29,"03-Sep-2026",67,"",""
"2170","NIRAJ","EQ",28.71,29.6,28.41,29.13,29.23,29,40900,11.84,"03-Sep-2026",145,"",""
"2171","NIRAJISPAT","BE",410,410,408.2,408.2,408.2,429.65,524,2.14,"03-Sep-2026",31,"",""
"2172","NIRLON","EQ",639.8,639.8,620,621.6,624.8,649.8,14704,91.74,"03-Sep-2026",1100,"",""
"2173","NIRMAN","SM",28.3,29,28,28.35,28.35,28.6,7800,2.21,"03-Sep-2026",25,"",""
"2174","NITCO","EQ",94.01,97.1,92.75,96.28,96.01,94.3,375686,356.57,"03-Sep-2026",3406,"",""
"2175","NITINSPIN","EQ",624.1,649.55,623.05,640.25,638,623.85,160161,1025.98,"03-Sep-2026",6098,"",""
"2176","NITIRAJ","EQ",209.94,209.94,198.25,205.13,209,206,1391,2.86,"03-Sep-2026",92,"",""
"2177","NITTAGELA","EQ",1624.5,1650,1603,1639.1,1610.3,1618.2,1826,29.52,"03-Sep-2026",406,"",""
"2178","NIVABUPA","EQ",80.73,81.69,80.21,80.73,80.89,80.73,531089,429.1,"03-Sep-2026",5923,"",""
"2179","NKIND","EQ",57,59.5,56.11,56.32,56.25,57,419,0.24,"03-Sep-2026",15,"",""
"2180","NLCINDIA","EQ",276.9,281.35,273.6,274.9,275.5,275.5,1025588,2833.74,"03-Sep-2026",40846,"",""
"2181","NMDC","EQ",85.76,86.87,84.19,84.19,84.19,85.75,13174732,11211.49,"03-Sep-2026",40278,"",""
"2182","NMSTEEL","SM",23.95,23.95,23.9,23.9,23.9,22.9,4800,1.15,"03-Sep-2026",3,"",""
"2183","NOCIL","EQ",171.5,175.1,170.21,171.8,172.25,169.95,590378,1019.36,"03-Sep-2026",6890,"",""
"2184","NOIDATOLL","EQ",4.5,4.5,4.18,4.27,4.28,4.11,97360,4.21,"03-Sep-2026",329,"",""
"2185","NORBTEAEXP","EQ",67.49,68.55,67.49,68.55,68.55,65.29,862,0.59,"03-Sep-2026",17,"",""
"2186","NORTHARC","EQ",302.7,308.5,299.8,304.6,304.65,299.7,1694057,5158.46,"03-Sep-2026",18202,"",""
"2187","NOVAAGRI","BE",23.86,24,23.39,23.55,23.6,23.51,44710,10.57,"03-Sep-2026",211,"",""
"2188","NOVARTIND","EQ",1610,1620.8,1585.6,1614.1,1608,1601.5,16580,266.64,"03-Sep-2026",1580,"",""
"2189","NPBET","EQ",287.67,306,287.67,292.64,306,285.57,41555,120.5,"03-Sep-2026",1199,"",""
"2190","NPST","EQ",1700,1730,1666.5,1718.4,1724.1,1690,80429,1371.09,"03-Sep-2026",5909,"",""
"2191","NRAIL","EQ",502.85,505,489,496.05,498,498.5,6835,33.86,"03-Sep-2026",225,"",""
"2192","NRBBEARING","EQ",452,459.55,441.2,451.05,453.5,453.55,187065,844.04,"03-Sep-2026",5471,"",""
"2193","NRL","BE",124.44,124.44,124.44,124.44,124.44,122,129262,160.85,"03-Sep-2026",190,"",""
"2194","NRVANDANA","SM",70,70,68.1,68.1,68.1,70,27000,18.66,"03-Sep-2026",7,"",""
"2195","NSIL","EQ",5700,5724,5635,5683,5696,5647.5,995,56.54,"03-Sep-2026",262,"",""
"2196","NSLNISP","EQ",46.1,46.6,45.12,45.4,45.47,45.69,4161680,1901.78,"03-Sep-2026",19347,"",""
"2197","NTCIND","EQ",134.7,134.7,131.88,132.95,134.35,134.95,907,1.2,"03-Sep-2026",45,"",""
"2198","NTPC","EQ",330.45,332.7,329.1,330.9,330.9,330,8100926,26796.23,"03-Sep-2026",123522,"",""
"2199","NTPCGREEN","EQ",88.25,89.59,87.9,88.73,88.82,88.12,3480259,3084.49,"03-Sep-2026",38348,"",""
"2200","NUCLEUS","EQ",738.75,744.9,735,740,740,740.65,8528,63.07,"03-Sep-2026",623,"",""
"2201","NURECA","BE",333,345.55,321.25,332.6,333.15,336.75,4468,14.83,"03-Sep-2026",170,"",""
"2202","NUVAMA","EQ",1870,1870,1800.2,1839.2,1837.5,1841,299410,5487.23,"03-Sep-2026",24716,"",""
"2203","NUVOCO","EQ",333,339.5,328.25,338.1,337.5,328.15,705546,2362.53,"03-Sep-2026",22691,"",""
"2204","NV20","EQ",13.91,14.02,13.89,13.94,13.91,13.91,79070,11.01,"03-Sep-2026",191,"",""
"2205","NV20BEES","EQ",140.63,140.63,138.58,139.13,138.58,139.66,12226,17.02,"03-Sep-2026",195,"",""
"2206","NV20IETF","EQ",13.55,13.7,13.53,13.55,13.58,13.55,227799,30.96,"03-Sep-2026",1526,"",""
"2207","NXST","RR",167.99,168.19,166.6,167.8,167.9,167.35,171991,288.06,"03-Sep-2026",4803,"",""
"2208","NXT-INFRA","IV",97,97,96.99,97,97,97,450000,436.5,"03-Sep-2026",10,"",""
"2209","NYKAA","EQ",337.4,339.05,331.7,334.2,334.2,337.4,2909741,9724.18,"03-Sep-2026",33228,"",""
"2210","OAL","EQ",463.9,503.7,460,502.3,503.7,457.95,162215,798.22,"03-Sep-2026",4817,"",""
"2211","OBCL","EQ",55.98,55.98,54.8,54.99,54.99,54.77,5857,3.22,"03-Sep-2026",52,"",""
"2212","OBEROIRLTY","EQ",1866.1,1912.7,1866.1,1902,1902,1866,1127326,21386.19,"03-Sep-2026",58356,"",""
"2213","OBSCP","SM",848.1,860,841.05,841.9,842.1,848.05,15200,128.91,"03-Sep-2026",38,"",""
"2214","OCCLLTD","BE",164.7,168.9,163.01,164.32,164.99,163.35,76796,127.55,"03-Sep-2026",412,"",""
"2215","ODIGMA","EQ",23.25,23.84,21.95,23.47,23.4,23.09,21840,5.06,"03-Sep-2026",549,"",""
"2216","ODYCORP","EQ",7.48,7.67,6.25,6.93,6.96,7.42,186245,13.05,"03-Sep-2026",731,"",""
"2217","OFSS","EQ",12190,12227,12013,12149,12149,12158,217661,26361.04,"03-Sep-2026",35271,"",""
"2218","OIL","EQ",498.15,499.65,487.35,490,490,498.15,1471365,7241.05,"03-Sep-2026",29344,"",""
"2219","OILCOUNTUB","BE",66.32,66.32,66.32,66.32,66.32,67.67,13880,9.21,"03-Sep-2026",38,"",""
"2220","OILIETF","EQ",11.31,11.38,11.3,11.33,11.32,11.3,1893627,214.57,"03-Sep-2026",1463,"",""
"2221","OLAELEC","EQ",39.35,39.7,37.11,37.47,37.45,38.98,66732839,25501.57,"03-Sep-2026",133011,"",""
"2222","OLECTRA","EQ",1247,1289.7,1240,1244.8,1245,1238.9,710407,8949.53,"03-Sep-2026",44797,"",""
"2223","OLIL","SM",421.9,421.9,405,408.65,405,411.8,23200,94.92,"03-Sep-2026",29,"",""
"2224","OMAXAUTO","EQ",188.49,189.47,181.35,183.59,183.5,187.09,41424,76.6,"03-Sep-2026",1185,"",""
"2225","OMAXE","EQ",133.58,135.8,125.51,127.29,126.5,132.67,5734642,7437.19,"03-Sep-2026",27222,"",""
"2226","OMFREIGHT","BE",88.08,90,87.5,89,89,88.08,2396,2.13,"03-Sep-2026",77,"",""
"2227","OMFURN","SM",56.5,56.5,56.5,56.5,56.5,56.5,1200,0.68,"03-Sep-2026",1,"",""
"2228","OMINFRAL","EQ",81.9,83.85,81.9,82.68,82.98,81.84,21253,17.56,"03-Sep-2026",494,"",""
"2229","OMNI","EQ",546.7,546.7,514.1,519.25,517.85,543.15,648674,3407.75,"03-Sep-2026",20714,"",""
"2230","OMPOWER","EQ",171.86,173.8,170.15,171.09,170.77,171.86,32744,56.11,"03-Sep-2026",507,"",""
"2231","ONDOOR","SM",286.05,294,280,291.55,294,286.05,7500,21.6,"03-Sep-2026",21,"",""
"2232","ONEGLOBAL","EQ",494,527.15,494,527.15,527.15,502.05,132633,692.09,"03-Sep-2026",642,"",""
"2233","ONELIFECAP","BE",32.03,32.91,31.56,31.98,32.13,31.93,4286,1.37,"03-Sep-2026",36,"",""
"2234","ONEPOINT","EQ",54.61,55.98,53.55,54.62,54.37,54.61,604182,328.86,"03-Sep-2026",2261,"",""
"2235","ONESOURCE","EQ",1559,1596.6,1546,1575.7,1583,1544.4,118656,1875.78,"03-Sep-2026",12762,"",""
"2236","ONGC","EQ",237.5,237.8,235,236,236,237.5,5175513,12213.15,"03-Sep-2026",48220,"",""
"2237","ONIDA","EQ",36.12,36.12,34.07,34.35,34.26,35.57,406531,141.79,"03-Sep-2026",1260,"",""
"2238","ONIXSOLAR","EQ",374.9,384,373,384,384,365.75,404235,1544.4,"03-Sep-2026",1288,"",""
"2239","ONMOBILE","BE",48,48,47.54,47.54,47.54,48.51,148588,71.04,"03-Sep-2026",513,"",""
"2240","ONWARDTEC","EQ",284.55,286.95,281.15,283.3,281.65,284.55,24237,69.03,"03-Sep-2026",542,"",""
"2241","ONYX","ST",38,39.25,37.95,39.25,39.25,39.9,50000,19.03,"03-Sep-2026",15,"",""
"2242","OPTIEMUS","EQ",573,584.8,556.5,564.85,567.25,571,174663,986.26,"03-Sep-2026",7931,"",""
"2243","OPTIFIN","EQ",13.47,15.79,12.85,14.98,14.91,13.16,353825,52.88,"03-Sep-2026",522,"",""
"2244","OPTIMYSTIX","SM",144.1,148.7,140.35,144.6,146,147.9,144800,206.57,"03-Sep-2026",104,"",""
"2245","OPTIVALUE","ST",167,167.5,164.9,165.8,166,168,22400,37.11,"03-Sep-2026",12,"",""
"2246","ORBTEXP","BE",241.4,243.82,235.23,238,238,240.76,824,1.97,"03-Sep-2026",25,"",""
"2247","ORCHASP","EQ",1.45,1.45,1.38,1.41,1.42,1.4,195516,2.77,"03-Sep-2026",132,"",""
"2248","ORCHPHARMA","EQ",936,954.75,931.1,934.65,942,938.05,33332,313.02,"03-Sep-2026",2260,"",""
"2249","ORIANA","SM",1235,1253.5,1225.1,1239.7,1240,1221.9,31125,386.33,"03-Sep-2026",328,"",""
"2250","ORICONENT","EQ",54.2,54.7,52.5,52.99,53.14,54.2,39578,21.32,"03-Sep-2026",650,"",""
"2251","ORIENTALTL","EQ",4.98,5.11,4.94,5.02,4.99,4.98,64115,3.21,"03-Sep-2026",222,"",""
"2252","ORIENTBELL","EQ",407,417,404.1,412.65,414.8,400.65,68349,281.61,"03-Sep-2026",2820,"",""
"2253","ORIENTCEM","EQ",128,129.49,127.75,128.48,128.25,127.7,74110,95.18,"03-Sep-2026",1100,"",""
"2254","ORIENTCER","EQ",43.91,44.8,43.22,43.94,44,43.78,100667,44.35,"03-Sep-2026",1551,"",""
"2255","ORIENTELEC","EQ",179.55,180.5,177.1,178.15,178.24,179.35,63982,114.3,"03-Sep-2026",1795,"",""
"2256","ORIENTHOT","EQ",140.6,142.35,140.11,141.96,141.9,141.32,597733,844.84,"03-Sep-2026",2505,"",""
"2257","ORIENTLTD","BE",80.1,83.78,80.07,83.77,83.72,82.5,633,0.51,"03-Sep-2026",20,"",""
"2258","ORIENTPPR","EQ",16.8,17.45,16.65,17.13,17.13,16.65,343727,58.34,"03-Sep-2026",1085,"",""
"2259","ORIENTTECH","EQ",237.1,242,237.1,238.75,239.9,236.36,76716,183.6,"03-Sep-2026",2190,"",""
"2260","ORIRAIL","EQ",126.4,127.7,123,125.72,125.9,125.37,66688,83.85,"03-Sep-2026",891,"",""
"2261","ORISSAMINE","EQ",4305,4389,4263,4290.3,4272,4308.6,3888,167.19,"03-Sep-2026",1259,"",""
"2262","ORKLAINDIA","EQ",587.55,596.45,583.8,588.5,592,590.9,55776,330.14,"03-Sep-2026",4048,"",""
"2263","ORTINGLOBE","EQ",15.05,15.77,15,15.02,15.02,15.43,2598,0.39,"03-Sep-2026",20,"",""
"2264","OSELDEVICE","SM",375,397,364.2,383.9,383.5,363.55,28800,110.43,"03-Sep-2026",121,"",""
"2265","OSIAHYPER","BE",2.46,2.5,2.41,2.48,2.48,2.46,256528,6.3,"03-Sep-2026",290,"",""
"2266","OSWALAGRO","EQ",37.2,37.39,36.12,36.88,37,36.89,19364,7.15,"03-Sep-2026",141,"",""
"2267","OSWALGREEN","EQ",20.5,20.67,19.55,19.86,20,20.46,165052,33.02,"03-Sep-2026",853,"",""
"2268","OSWALPUMPS","EQ",278.9,283.7,276.6,279.55,280,278.3,587134,1639.62,"03-Sep-2026",9612,"",""
"2269","OSWALSEEDS","EQ",11.99,12.1,11.51,11.92,11.86,11.8,56914,6.77,"03-Sep-2026",265,"",""
"2270","OWAIS","ST",84,84,80.8,80.8,80.8,82.4,15200,12.49,"03-Sep-2026",75,"",""
"2271","PACEDIGITK","EQ",165.15,168.89,165.15,166.23,166.3,164.88,423368,706.64,"03-Sep-2026",6026,"",""
"2272","PACIFICI","EQ",137.05,145.01,137.05,145,145,137.05,503,0.71,"03-Sep-2026",39,"",""
"2273","PAGEIND","EQ",36045,36320,35600,35865,35865,36200,37917,13666.55,"03-Sep-2026",14546,"",""
"2274","PAISALO","EQ",67.11,70.9,66.45,70.28,70.8,66.52,26082945,18158.72,"03-Sep-2026",47563,"",""
"2275","PAKKA","EQ",76.5,78.63,72.73,73.64,73.75,75.8,246145,184.75,"03-Sep-2026",4865,"",""
"2276","PALASHSECU","EQ",91.8,91.8,88.4,88.43,88.43,88.98,285,0.26,"03-Sep-2026",14,"",""
"2277","PALREDTEC","BE",52.8,55,50.66,53.2,53.2,52.8,2033,1.09,"03-Sep-2026",26,"",""
"2278","PANACEABIO","EQ",383.8,394,383.45,389.05,390.05,382.35,97503,380.04,"03-Sep-2026",3129,"",""
"2279","PANACHE","BE",525,525,514.55,525,525,525.05,3633,19,"03-Sep-2026",52,"",""
"2280","PANAMAPET","EQ",491.05,492.8,481.05,484.55,485,489.75,185627,901.96,"03-Sep-2026",5057,"",""
"2281","PANORAMA","EQ",41.11,47.5,41.1,45.83,45.3,41.59,1367199,620.46,"03-Sep-2026",5246,"",""
"2282","PANSARI","EQ",300,305.5,300,300,300,296.1,69,0.21,"03-Sep-2026",7,"",""
"2283","PAR","EQ",175,180,155.1,164.95,163.3,168.25,726345,1213.08,"03-Sep-2026",14194,"",""
"2284","PARACABLES","EQ",64.29,65.8,64,64.3,64.47,64.16,961457,623.08,"03-Sep-2026",6205,"",""
"2285","PARADEEP","EQ",157.4,158.49,152.31,153.53,153.65,156.19,3920239,6061.33,"03-Sep-2026",30848,"",""
"2286","PARAGMILK","EQ",256,259.5,252,254.2,254,254.9,663361,1693.2,"03-Sep-2026",9771,"",""
"2287","PARAMOUNT","SM",35,35.1,35,35.1,35.1,33.45,8400,2.95,"03-Sep-2026",7,"",""
"2288","PARAS","EQ",1414.9,1451.8,1405,1411.5,1411,1413.1,770921,11037.41,"03-Sep-2026",34335,"",""
"2289","PARASPETRO","EQ",2.15,2.21,2.04,2.13,2.13,2.11,87917,1.88,"03-Sep-2026",180,"",""
"2290","PARIN","SM",700,740,680,713.85,701,712.5,38750,274.2,"03-Sep-2026",106,"",""
"2291","PARKHOSPS","EQ",278.95,293.05,277.3,286.7,285.55,276.75,1466598,4234.55,"03-Sep-2026",20153,"",""
"2292","PARKHOTELS","EQ",114.4,114.4,112.05,113.14,113.25,114.05,142078,160.48,"03-Sep-2026",1136,"",""
"2293","PARNAXLAB","EQ",144.95,144.95,134.8,135.54,135,137.23,7999,11,"03-Sep-2026",75,"",""
"2294","PARSVNATH","BE",1.54,1.54,1.54,1.54,1.54,1.51,418224,6.44,"03-Sep-2026",72,"",""
"2295","PARTH","SM",528,546,528,537,537,542.05,15200,81.78,"03-Sep-2026",35,"",""
"2296","PARTYCRUS","SM",77.1,84,77.1,79.7,79.7,85,5000,4.03,"03-Sep-2026",5,"",""
"2297","PASHUPATI","EQ",84.22,84.22,82.6,83.1,83.1,83.06,9919,8.26,"03-Sep-2026",658,"",""
"2298","PASUPTAC","BE",65.66,67,64.1,66.79,66.8,64.64,173715,114.09,"03-Sep-2026",809,"",""
"2299","PATANJALI","EQ",347,347.15,340.3,342.9,342.9,345,2236883,7667.72,"03-Sep-2026",12819,"",""
"2300","PATELENG","EQ",26.9,27.48,26.9,27.11,27.1,26.86,2145797,584.21,"03-Sep-2026",5904,"",""
"2301","PATELRMART","EQ",216.42,225.5,216.42,220.58,220.5,216.42,49408,109.24,"03-Sep-2026",952,"",""
"2302","PATILAUTOM","SM",278,284.9,260,264.45,262.7,275.05,49800,135.1,"03-Sep-2026",80,"",""
"2303","PATINTLOG","BE",12.87,13.75,12.87,13.41,13.54,13.3,25622,3.45,"03-Sep-2026",127,"",""
"2304","PAUSHAKLTD","EQ",800,826.75,788.3,806.15,813,785.7,64991,526.65,"03-Sep-2026",4814,"",""
"2305","PAVNAIND","EQ",17.5,17.9,16.67,16.87,17,17.23,32064,5.48,"03-Sep-2026",289,"",""
"2306","PAYTM","EQ",1622.9,1638.8,1608.4,1637,1637,1619,1767936,28743.42,"03-Sep-2026",52530,"",""
"2307","PBMPOLY","EQ",59.26,60.2,58.21,58.67,59.3,59.26,366,0.22,"03-Sep-2026",23,"",""
"2308","PCBL","EQ",317,322.15,313.1,314.25,315,315.3,585739,1858.2,"03-Sep-2026",11591,"",""
"2309","PCCL","SM",425,444,414,440.55,443,416.85,69600,297.98,"03-Sep-2026",126,"",""
"2310","PCJEWELLER","EQ",10.23,10.79,10.17,10.52,10.45,10.18,440757053,46440.69,"03-Sep-2026",107538,"",""
"2311","PDMJEPAPER","EQ",91.17,96.18,90.06,94.57,95.5,90.92,371788,349.4,"03-Sep-2026",3859,"",""
"2312","PDSL","EQ",351.8,356.95,349.5,353.9,354,351.85,364473,1283.94,"03-Sep-2026",4685,"",""
"2313","PEARLPOLY","EQ",15.5,15.69,15.06,15.29,15.48,15.25,2625,0.4,"03-Sep-2026",49,"",""
"2314","PELATRO","SM",355,371,355,364,364,354.5,7500,27.43,"03-Sep-2026",18,"",""
"2315","PENIND","EQ",167.45,168.99,166.25,166.88,167.25,165.9,242938,406.47,"03-Sep-2026",3201,"",""
"2316","PENINLAND","BE",15.59,16.26,15.49,16.06,16.24,15.49,183633,29.45,"03-Sep-2026",277,"",""
"2317","PENTAGON","SM",74.85,74.85,72.95,74.85,74.85,62.4,32000,23.89,"03-Sep-2026",29,"",""
"2318","PERMAGN","EQ",870.1,897.9,870.1,876.6,875.05,871.55,3619,32.04,"03-Sep-2026",240,"",""
"2319","PERSISTENT","EQ",5632,5668,5501,5657,5657,5690,501616,28128.45,"03-Sep-2026",41534,"",""
"2320","PETRONET","EQ",289.2,293.2,289.2,289.5,289.5,289.2,1768347,5156.43,"03-Sep-2026",34040,"",""
"2321","PFC","EQ",349.2,351.75,343.3,345.5,345.5,346.5,8643025,29969.51,"03-Sep-2026",63558,"",""
"2322","PFIZER","EQ",4680,4695,4601,4643.7,4640,4627.6,10609,491.16,"03-Sep-2026",2920,"",""
"2323","PFOCUS","EQ",286.9,294,280.35,291.65,290.95,280.35,735719,2132.54,"03-Sep-2026",17159,"",""
"2324","PFS","EQ",27.05,27.4,27.05,27.11,27.1,27.12,223924,60.75,"03-Sep-2026",1229,"",""
"2325","PGEL","EQ",567,572.15,551.85,553.9,553.9,566,1028501,5748.99,"03-Sep-2026",24554,"",""
"2326","PGHH","EQ",7762.5,7809,7700,7725,7730,7762.5,11212,869.64,"03-Sep-2026",3228,"",""
"2327","PGHL","EQ",5680,5773,5646,5757.5,5761,5669.5,7533,431.18,"03-Sep-2026",2124,"",""
"2328","PGIL","EQ",2357.3,2365,2281,2329,2327,2361.6,61694,1427.48,"03-Sep-2026",9371,"",""
"2329","PGINVIT","IV",100.26,100.6,100,100.5,100.6,100.07,779136,781.73,"03-Sep-2026",4291,"",""
"2330","PHANTOMFX","SM",117.55,117.55,112.7,112.95,113,116.05,39000,44.48,"03-Sep-2026",101,"",""
"2331","PHARMABEES","EQ",28,28,27.34,27.37,27.45,27.56,4645980,1274.93,"03-Sep-2026",12069,"",""
"2332","PHOENIXLTD","EQ",1923,1971,1920.6,1960,1960,1920.1,540712,10565.49,"03-Sep-2026",29477,"",""
"2333","PHOENXINTL","EQ",28.6,32.5,28.6,29.48,29,31.39,3977,1.18,"03-Sep-2026",56,"",""
"2334","PHOGLOBAL","SM",15.55,15.55,14.25,14.25,14.25,14.2,10000,1.47,"03-Sep-2026",5,"",""
"2335","PICCADIL","EQ",627.7,631.4,609.4,620.5,620.2,622.25,209272,1298.13,"03-Sep-2026",9118,"",""
"2336","PIDILITIND","EQ",1633,1638.3,1621.2,1638.3,1638.3,1637,578059,9424.85,"03-Sep-2026",20618,"",""
"2337","PIGL","EQ",98.61,104,98.61,99.83,101,99.28,31832,31.98,"03-Sep-2026",596,"",""
"2338","PIIND","EQ",2394,2430.4,2381.6,2419.9,2419.9,2393,143355,3447.01,"03-Sep-2026",17827,"",""
"2339","PILANIINVS","EQ",4340,4389,4302.8,4354.5,4302.8,4325,743,32.37,"03-Sep-2026",159,"",""
"2340","PILITA","EQ",8.14,8.14,7.7,7.95,7.96,7.95,224313,17.84,"03-Sep-2026",127,"",""
"2341","PINELABS","EQ",164.2,165.2,155.1,156.5,156.25,162.32,17143077,27321.5,"03-Sep-2026",80531,"",""
"2342","PIONEEREMB","EQ",22,22,21.25,21.65,21.44,21.4,18142,3.94,"03-Sep-2026",99,"",""
"2343","PIONRINV","BE",79.99,80,75.55,80,80,76.43,1635,1.29,"03-Sep-2026",24,"",""
"2344","PIRAMALFIN","EQ",2186.5,2262,2186.5,2232.9,2220,2186.5,342240,7675.37,"03-Sep-2026",46842,"",""
"2345","PITTIENG","EQ",1099.8,1117.6,1096.1,1105.1,1100,1093,71944,797.62,"03-Sep-2026",5673,"",""
"2346","PIXTRANS","EQ",1767.1,1815,1767.1,1799.4,1789,1766.9,12213,218.67,"03-Sep-2026",1431,"",""
"2347","PKTEA","EQ",735.55,770,735,751.75,770,728.65,477,3.56,"03-Sep-2026",48,"",""
"2348","PLASTIBLEN","EQ",184.4,195,184.4,188.33,187.36,183.39,53281,101.55,"03-Sep-2026",1250,"",""
"2349","PLATIND","EQ",229.92,236.3,227.11,234.45,235,229.69,80134,185.77,"03-Sep-2026",1708,"",""
"2350","PLAZACABLE","EQ",61.74,64.5,60,62.62,62,61.8,281811,175.3,"03-Sep-2026",2813,"",""
"2351","PML","EQ",481,504,475,493.95,500.8,483.85,180,0.86,"03-Sep-2026",37,"",""
"2352","PNB","EQ",117.95,118.25,116.32,116.32,116.32,117,11831844,13890.26,"03-Sep-2026",39016,"",""
"2353","PNBGILTS","EQ",78.99,79.99,77.96,78.63,79.43,78.19,236635,186.78,"03-Sep-2026",1662,"",""
"2354","PNBHOUSING","EQ",1146,1157.9,1142.2,1145.5,1145.5,1141,405993,4672.83,"03-Sep-2026",19878,"",""
"2355","PNC","EQ",16.45,17.3,16.2,16.62,16.65,16.37,9145,1.51,"03-Sep-2026",164,"",""
"2356","PNCINFRA","EQ",180.88,185.59,180.8,182.97,182.95,180.89,579884,1062.79,"03-Sep-2026",11711,"",""
"2357","PNGJL","EQ",602,602.5,588,591.25,590,592.1,384815,2277.34,"03-Sep-2026",17786,"",""
"2358","PNGSREVA","EQ",527.7,527.7,514,516.3,519.95,521.7,54540,282.87,"03-Sep-2026",2025,"",""
"2359","POCL","EQ",480,485.2,472.9,476.1,475.9,479.2,372437,1777.7,"03-Sep-2026",7239,"",""
"2360","PODDARMENT","EQ",250.1,257.4,250.1,255.6,253.7,253.9,2257,5.72,"03-Sep-2026",82,"",""
"2361","POEL","EQ",147.56,149.68,143.26,144.2,143.53,144.62,43386,62.78,"03-Sep-2026",495,"",""
"2362","POKARNA","EQ",841.45,846.9,825.5,831.4,829,839.35,31919,266.6,"03-Sep-2026",1970,"",""
"2363","POLICYBZR","EQ",1853.9,1870,1834.4,1870,1870,1851.9,826275,15273.39,"03-Sep-2026",33095,"",""
"2364","POLYCAB","EQ",8879.5,8930,8787,8807.5,8807.5,8804,202650,17940.81,"03-Sep-2026",27588,"",""
"2365","POLYMED","EQ",1808.8,1808.8,1748.1,1768.7,1768.9,1783.8,142292,2519.92,"03-Sep-2026",17935,"",""
"2366","POLYPLEX","EQ",1195,1207.9,1190.4,1202.7,1203,1190.4,44615,535.5,"03-Sep-2026",3139,"",""
"2367","POLYSIL","SM",67,67.05,67,67.05,67.05,63.9,81000,54.31,"03-Sep-2026",50,"",""
"2368","POLYSPIN","EQ",29.99,29.99,28.1,28.35,28.35,28.77,1502,0.42,"03-Sep-2026",9,"",""
"2369","PONNIERODE","EQ",400.8,407,396,398.65,397,399.05,24795,99.62,"03-Sep-2026",1640,"",""
"2370","POONAWALLA","EQ",462.5,467.35,458.35,465.1,467.05,459.65,474848,2198.87,"03-Sep-2026",13918,"",""
"2371","POSITRON","SM",165.65,171.8,165.65,171,171.8,170.05,11700,19.86,"03-Sep-2026",24,"",""
"2372","POWERGRID","EQ",269.9,270.75,265.6,265.6,265.6,266.8,9826724,26340.31,"03-Sep-2026",89161,"",""
"2373","POWERICA","EQ",501.8,518.4,495,512.95,513,494.55,130051,663.91,"03-Sep-2026",4183,"",""
"2374","POWERINDIA","EQ",32390,32635,31910,32000,32000,32200,63981,20583.78,"03-Sep-2026",22254,"",""
"2375","POWERMECH","EQ",2454,2481.8,2388.5,2399.8,2404.3,2440,51674,1253.02,"03-Sep-2026",7868,"",""
"2376","PPAP","BE",260.65,265.95,255,256.7,259,261.05,11049,28.54,"03-Sep-2026",239,"",""
"2377","PPL","BE",256,260.3,255,257.4,258.25,257.1,15676,40.27,"03-Sep-2026",230,"",""
"2378","PPLPHARMA","EQ",214.93,216.9,211.81,214.49,214.26,213.78,2539339,5437.38,"03-Sep-2026",32487,"",""
"2379","PPSL","SM",2.8,2.85,2.75,2.85,2.85,2.85,186000,5.18,"03-Sep-2026",44,"",""
"2380","PRABHA","EQ",216.27,234.8,216.27,220.97,220.5,216.27,664638,1506.3,"03-Sep-2026",12013,"",""
"2381","PRADPME","BE",502.85,502.85,481.3,497.45,497.45,497.9,6445,31.77,"03-Sep-2026",64,"",""
"2382","PRAENG","EQ",25.77,26.68,25.01,25.75,25.84,24.86,460839,120.03,"03-Sep-2026",1118,"",""
"2383","PRAJIND","EQ",334.1,343.1,334.1,341.6,342,334.5,444586,1512.73,"03-Sep-2026",11500,"",""
"2384","PRAKASH","EQ",125,127,122.1,123.66,123.75,124.34,394140,490.28,"03-Sep-2026",3480,"",""
"2385","PRAKASHSTL","EQ",3.87,3.88,3.63,3.65,3.65,3.8,351711,12.96,"03-Sep-2026",660,"",""
"2386","PRAMARA","SM",103.45,111,101.25,103.25,102,105.45,42500,44.58,"03-Sep-2026",65,"",""
"2387","PRAMODINI","SM",118.9,119.8,114.6,115.25,115.5,117.1,45600,52.83,"03-Sep-2026",37,"",""
"2388","PRATHAM","SM",122,122,118.5,120,120,122,3200,3.82,"03-Sep-2026",5,"",""
"2389","PRAVEG","EQ",263.4,264.15,259,260.4,264,260.85,24422,63.68,"03-Sep-2026",951,"",""
"2390","PRAXIS","EQ",4.45,4.52,4.32,4.43,4.43,4.46,34644,1.53,"03-Sep-2026",174,"",""
"2391","PRECAM","EQ",123.33,126,121.5,122.1,122.01,122.87,166301,204.55,"03-Sep-2026",2831,"",""
"2392","PRECISION","ST",6.5,6.5,6.45,6.45,6.45,6.75,8000,0.52,"03-Sep-2026",3,"",""
"2393","PRECOT","EQ",692.2,709.3,689.35,699.9,699,692.2,4113,28.75,"03-Sep-2026",182,"",""
"2394","PRECWIRE","EQ",485.55,492.2,471.65,487.85,487.95,483.1,632850,3065.04,"03-Sep-2026",26241,"",""
"2395","PREMCO","EQ",388,391,385,385.55,385.45,383.75,528,2.05,"03-Sep-2026",38,"",""
"2396","PREMEXPLN","EQ",669.95,673.95,666.1,666.35,666.1,668.8,124897,834.59,"03-Sep-2026",1721,"",""
"2397","PREMIER","BE",2.82,2.89,2.63,2.64,2.63,2.76,34991,0.95,"03-Sep-2026",46,"",""
"2398","PREMIERENE","EQ",1004.8,1013.2,995.1,1008,1008,1000,543617,5471.6,"03-Sep-2026",18604,"",""
"2399","PREMIERPOL","EQ",90.07,94,89.6,92.35,92.64,89.79,242095,221.82,"03-Sep-2026",3468,"",""
"2400","PREMIUM","SM",40.95,41.2,40.95,41.2,41.2,40,9000,3.69,"03-Sep-2026",3,"",""
"2401","PRESSTONIC","SM",34,35,33.5,34.3,34.3,33.8,10400,3.56,"03-Sep-2026",12,"",""
"2402","PRESTIGE","EQ",1589,1641.4,1585.9,1615.2,1615.2,1582,918809,14932.18,"03-Sep-2026",23598,"",""
"2403","PRICOLLTD","EQ",775,782.2,763.15,768.4,766.55,767.75,188075,1449.63,"03-Sep-2026",11504,"",""
"2404","PRIMECAB","ST",199.25,200,192.85,200,200,203,33600,66.06,"03-Sep-2026",21,"",""
"2405","PRIMESECU","EQ",288.9,293,283,290.2,291.9,287.3,94334,272.93,"03-Sep-2026",490,"",""
"2406","PRIMO","EQ",20.91,21.33,20.5,20.68,20.94,20.8,118899,24.83,"03-Sep-2026",1177,"",""
"2407","PRINCEPIPE","EQ",287,290.3,284.5,289.5,290,285,108741,312.43,"03-Sep-2026",2168,"",""
"2408","PRISMX","EQ",0.52,0.56,0.51,0.52,0.53,0.51,233973,1.23,"03-Sep-2026",119,"",""
"2409","PRITI","BE",33.25,34,33.25,33.35,33.5,33.25,2413,0.81,"03-Sep-2026",48,"",""
"2410","PRITIKAUTO","BE",16.4,16.84,15.85,16.28,16.43,16.32,193350,31.19,"03-Sep-2026",505,"",""
"2411","PRIVISCL","EQ",3334.7,3409,3312.6,3373.5,3366.5,3335.3,49616,1674.11,"03-Sep-2026",9403,"",""
"2412","PRIZOR","ST",1172,1176.9,1153.85,1176.9,1176.9,1153.85,7600,88.75,"03-Sep-2026",19,"",""
"2413","PRLIND","SM",42,43,38.5,38.85,38.5,41.5,145000,57.61,"03-Sep-2026",104,"",""
"2414","PROFX","SM",76.1,76.1,76.1,76.1,76.1,76.8,3200,2.44,"03-Sep-2026",2,"",""
"2415","PROLIFE","SM",79,79,79,79,79,76,1500,1.19,"03-Sep-2026",3,"",""
"2416","PROPEQUITY","SM",210,210,210,210,210,210,1200,2.52,"03-Sep-2026",2,"",""
"2417","PROPSHOP","SM",69.5,70,68,69.6,68,68.45,40000,27.85,"03-Sep-2026",13,"",""
"2418","PROSTARM","EQ",133.39,133.39,129.1,129.73,130.45,131.56,113834,149.14,"03-Sep-2026",1755,"",""
"2419","PROTEAN","EQ",500,504.75,493,494.8,494.6,497.65,291982,1451.52,"03-Sep-2026",7754,"",""
"2420","PROZONER","EQ",46,47.99,45.41,46.42,46.89,46.49,351890,162.76,"03-Sep-2026",1051,"",""
"2421","PRSMJOHNSN","EQ",112,112.8,111.11,111.31,111.21,111.64,332067,370.74,"03-Sep-2026",4003,"",""
"2422","PRUDENT","EQ",3258.4,3365,3229.2,3328.5,3315.5,3237.4,18196,603.85,"03-Sep-2026",4307,"",""
"2423","PRUDMOULI","BE",16.13,16.6,15.85,16.49,16.49,15.81,4603,0.75,"03-Sep-2026",36,"",""
"2424","PSB","EQ",22.69,23.36,22.68,23.05,23.12,22.58,3074473,712.17,"03-Sep-2026",7550,"",""
"2425","PSFL","SM",33,33,32,33,33,32,8000,2.62,"03-Sep-2026",4,"",""
"2426","PSPPROJECT","EQ",865,877.75,856,861.95,862,858,27031,233.59,"03-Sep-2026",1756,"",""
"2427","PSRAJ","ST",78,80,78,80,80,76.35,57500,45.62,"03-Sep-2026",23,"",""
"2428","PSUBANK","EQ",85.25,86.69,83.97,85.36,85.23,85.25,116246,100.06,"03-Sep-2026",550,"",""
"2429","PSUBANKADD","EQ",86.75,87.55,86.09,86.59,86.09,85.97,25500,22.14,"03-Sep-2026",186,"",""
"2430","PSUBNKBEES","EQ",94.7,96.62,94.7,95.68,95.78,94.77,2544032,2445.98,"03-Sep-2026",4289,"",""
"2431","PSUBNKIETF","EQ",86.5,87.87,86.37,86.56,86.85,86.04,195452,170.11,"03-Sep-2026",988,"",""
"2432","PTC","EQ",156,157,154.6,155.25,155.25,155.44,794952,1238.82,"03-Sep-2026",10292,"",""
"2433","PTCIL","EQ",22715,24000,22550,23820,23635,22715,80704,18933.83,"03-Sep-2026",26727,"",""
"2434","PTL","EQ",38.96,38.99,38,38.22,38.29,38.45,35615,13.66,"03-Sep-2026",828,"",""
"2435","PUNJABCHEM","EQ",1097.5,1127,1092,1097,1100.9,1093.4,4770,52.62,"03-Sep-2026",540,"",""
"2436","PURPLEUTED","ST",400,407,390,396.65,393,405.7,14500,57.98,"03-Sep-2026",51,"",""
"2437","PURVA","EQ",212,213.76,210.08,211.09,210.41,209.79,101627,214.94,"03-Sep-2026",1698,"",""
"2438","PURVFLEXI","SM",47.1,49,46,48.2,46,48.4,26400,12.68,"03-Sep-2026",14,"",""
"2439","PUSHPA","SM",113.9,113.9,106.55,110,110,114.2,31000,34.27,"03-Sep-2026",17,"",""
"2440","PVP","EQ",59.61,64.9,59.44,64.9,64.9,61.81,3406240,2148.36,"03-Sep-2026",7071,"",""
"2441","PVRINOX","EQ",1220,1254,1209.6,1247.5,1244,1210,552239,6814.99,"03-Sep-2026",33281,"",""
"2442","PVSL","EQ",101.11,105.25,99,103.54,104.8,102.39,36902,37.93,"03-Sep-2026",1124,"",""
"2443","PVTBANIETF","EQ",28.38,28.38,27.85,28.15,28.25,27.84,3533824,996.39,"03-Sep-2026",1239,"",""
"2444","PVTBANK","EQ",27.99,28.01,27.84,27.85,28,27.6,31153,8.69,"03-Sep-2026",14,"",""
"2445","PVTBANKADD","EQ",28.26,28.55,28.13,28.38,28.41,28.02,601342,170.59,"03-Sep-2026",1379,"",""
"2446","PVTBKGROWW","EQ",27.76,28.09,27.56,27.74,28,27.76,21298,5.94,"03-Sep-2026",150,"",""
"2447","PWL","EQ",116.99,121.25,115.51,120.6,121,115.47,13968782,16676.07,"03-Sep-2026",51148,"",""
"2448","PYRAMID","EQ",158.29,158.37,152.5,154.87,154,155.64,205856,317.46,"03-Sep-2026",1815,"",""
"2449","QFIL","SM",63,63,63,63,63,60,2000,1.26,"03-Sep-2026",2,"",""
"2450","QGOLDHALF","EQ",126.36,128.63,126.04,126.98,126.5,123.84,94245,119.42,"03-Sep-2026",1198,"",""
"2451","QLINE","SM",626,659.75,622,637.6,641,619.55,330000,2114.9,"03-Sep-2026",638,"",""
"2452","QMSMEDI","BE",163.98,163.98,158.5,159.07,159,158.33,14022,22.57,"03-Sep-2026",113,"",""
"2453","QNIFTY","EQ",268,268,263.4,263.65,263.9,263.41,1075,2.84,"03-Sep-2026",105,"",""
"2454","QPOWER","EQ",1480,1494.5,1391.7,1424.1,1419.9,1455.6,345370,4906.24,"03-Sep-2026",17323,"",""
"2455","QUADFUTURE","EQ",419.85,441,416.7,425.6,427,415,715490,3080.81,"03-Sep-2026",19986,"",""
"2456","QUAL30IETF","EQ",21.34,21.34,21.03,21.07,21.03,21.1,67696,14.31,"03-Sep-2026",194,"",""
"2457","QUALITY30","EQ",20.74,20.81,20.69,20.75,20.75,20.74,13336,2.77,"03-Sep-2026",32,"",""
"2458","QUESS","EQ",380,383.8,362.1,366.55,368,379.25,435377,1602.72,"03-Sep-2026",15787,"",""
"2459","QUESTLAB","SM",86,86,84.75,84.8,84.8,84,3600,3.07,"03-Sep-2026",3,"",""
"2460","QUICKHEAL","BE",136.25,140.2,135,137.14,137.49,137.96,38972,53.86,"03-Sep-2026",535,"",""
"2461","QUICKTOUCH","SM",15.5,15.5,15.25,15.25,15.25,15.5,1500,0.23,"03-Sep-2026",3,"",""
"2462","QUINT","EQ",39.1,40.62,39.1,39.91,39.92,39.44,1242,0.49,"03-Sep-2026",52,"",""
"2463","QVCEL","SM",24.75,24.75,24.75,24.75,24.75,23.75,3200,0.79,"03-Sep-2026",2,"",""
"2464","RACE","EQ",101,101.99,99,100.94,100.94,100.36,53881,53.86,"03-Sep-2026",61,"",""
"2465","RACLGEAR","EQ",1517,1582.8,1517,1558.8,1562,1516.6,29137,453,"03-Sep-2026",3261,"",""
"2466","RADAAN","EQ",2.88,3,2.87,2.89,2.87,2.88,14626,0.42,"03-Sep-2026",69,"",""
"2467","RADHIKAJWE","EQ",70.5,73.89,70.1,71.32,71.8,71.6,1363874,986.21,"03-Sep-2026",10172,"",""
"2468","RADIANTCMS","EQ",39.24,41.07,39.24,39.87,39.9,39.18,472240,189.59,"03-Sep-2026",3558,"",""
"2469","RADICO","EQ",4489,4559,4442.5,4559,4559,4476.2,225508,10204.26,"03-Sep-2026",29173,"",""
"2470","RADIOCITY","EQ",6.49,6.49,6.22,6.24,6.22,6.32,42043,2.65,"03-Sep-2026",140,"",""
"2471","RADIOWALLA","ST",30.2,30.2,30.2,30.2,30.2,31.75,6400,1.93,"03-Sep-2026",4,"",""
"2472","RAILTEL","EQ",272.9,274,270.2,270.9,270.9,271.55,342611,931.81,"03-Sep-2026",8670,"",""
"2473","RAIN","EQ",206.29,214.8,205.24,211.71,210.8,205.66,5023422,10609.23,"03-Sep-2026",33247,"",""
"2474","RAINBOW","EQ",1440,1454.9,1430.5,1440.8,1453,1433,105674,1523.26,"03-Sep-2026",12426,"",""
"2475","RAJESHEXPO","BZ",80.5,83.46,80,83.46,83.46,79.49,215145,178.37,"03-Sep-2026",1599,"",""
"2476","RAJINDLTD","SM",65,65.4,63.55,63.55,63.55,63,7500,4.82,"03-Sep-2026",5,"",""
"2477","RAJMET","EQ",3.07,3.13,3.07,3.11,3.12,3.1,209644,6.51,"03-Sep-2026",567,"",""
"2478","RAJOOENG","BE",49,49.5,47.65,49.14,49.25,48.67,164514,80.56,"03-Sep-2026",528,"",""
"2479","RAJPALAYAM","EQ",805,810,795,799.7,796.1,794.1,2451,19.63,"03-Sep-2026",48,"",""
"2480","RAJPUTANA","SM",233.05,234,214.05,216.55,220,238.5,47500,105.53,"03-Sep-2026",75,"",""
"2481","RAJRATAN","EQ",495,508,491,495.1,494.35,490.45,100819,503.91,"03-Sep-2026",5537,"",""
"2482","RAJRILTD","BE",22.79,22.79,21.99,22.32,22.34,22.43,7620,1.69,"03-Sep-2026",138,"",""
"2483","RAJSREESUG","EQ",35.55,36.85,35.55,36.43,36.22,35.55,32654,11.91,"03-Sep-2026",356,"",""
"2484","RAJTV","EQ",8.49,9.25,8.49,8.49,8.49,8.93,96443,8.19,"03-Sep-2026",203,"",""
"2485","RALLIS","EQ",210.1,213,207.3,209.83,209.7,209.5,501264,1051.37,"03-Sep-2026",11029,"",""
"2486","RAMANEWS","EQ",31.89,32.8,30.5,32.35,32.35,31.2,39050,12.33,"03-Sep-2026",215,"",""
"2487","RAMAPHO","EQ",124.86,126.88,122.81,124.01,125,122.93,22471,28.06,"03-Sep-2026",410,"",""
"2488","RAMASTEEL","BE",4.1,4.1,4.09,4.09,4.09,4.17,1822095,74.64,"03-Sep-2026",2336,"",""
"2489","RAMBHAJO","EQ",246.9,253.8,239.32,244.26,244,246.17,1947346,4790.52,"03-Sep-2026",18115,"",""
"2490","RAMCOCEM","EQ",860.55,882.7,860.55,879.15,880,864.35,74858,653.14,"03-Sep-2026",5245,"",""
"2491","RAMCOIND","EQ",319.1,324.9,319.05,324,322.5,319.5,111578,359.62,"03-Sep-2026",2477,"",""
"2492","RAMCOSYS","EQ",583.1,592,580.05,586.55,587,579,65997,387.22,"03-Sep-2026",2618,"",""
"2493","RAMKY","EQ",343,358,339.55,351.35,349.3,340.85,70323,245.48,"03-Sep-2026",3421,"",""
"2494","RAMRAT","EQ",545,566.75,537.85,560.8,560,535.1,554324,3077.88,"03-Sep-2026",23164,"",""
"2495","RANASUG","EQ",15.08,15.75,14.91,15.15,14.91,14.9,467741,71.33,"03-Sep-2026",1710,"",""
"2496","RANEHOLDIN","EQ",1606,1666.3,1606,1635.3,1632,1605.2,13595,224,"03-Sep-2026",2364,"",""
"2497","RAPIDFLEET","SM",232.1,234.55,232,232,232,230,12600,29.36,"03-Sep-2026",18,"",""
"2498","RAPPID","SM",305,314,305,309.5,314,304.7,1200,3.71,"03-Sep-2026",2,"",""
"2499","RATEGAIN","EQ",883.85,889,854.55,869.75,874.8,875.35,544026,4723.48,"03-Sep-2026",24722,"",""
"2500","RATNA-RE","BE",9.9,9.9,9.9,9.9,9.9,16.45,213636,21.15,"03-Sep-2026",1453,"",""
"2501","RATNAMANI","EQ",2621.3,2719,2591.6,2669.7,2674.2,2634.3,51290,1365.39,"03-Sep-2026",10759,"",""
"2502","RATNAVEER","EQ",288,296,280.15,286.1,288,286.15,3090058,8885.06,"03-Sep-2026",16532,"",""
"2503","RAYMOND","EQ",672.2,765,672.2,757.9,753.8,667.25,16593917,124404.98,"03-Sep-2026",299719,"",""
"2504","RAYMONDLSL","EQ",656.45,666.4,644.45,647.85,647.35,650.3,342390,2234.46,"03-Sep-2026",21132,"",""
"2505","RAYMONDREL","EQ",511.4,538.95,511.4,536.75,538.5,506.05,844427,4467.36,"03-Sep-2026",19153,"",""
"2506","RBA","EQ",98.32,99.56,97.5,97.89,98.2,97.75,1587659,1560.56,"03-Sep-2026",7452,"",""
"2507","RBLBANK","EQ",397.05,410.7,395.65,408.1,408.1,389.4,19862463,80555.48,"03-Sep-2026",197770,"",""
"2508","RBMINFRA","SM",243,250,243,244.4,244,242.75,12000,29.51,"03-Sep-2026",52,"",""
"2509","RBS","SM",88.5,88.5,88.5,88.5,88.5,88.5,1600,1.42,"03-Sep-2026",2,"",""
"2510","RBZJEWEL","EQ",165,193.76,160,191.68,193.76,161.47,11694931,21288.75,"03-Sep-2026",93743,"",""
"2511","RCDL","SM",15,16,14.55,15.65,15.6,14.55,87000,13.65,"03-Sep-2026",26,"",""
"2512","RCDL-RE","ST",1.8,2.1,1.8,2.1,2.1,1.75,402000,8.41,"03-Sep-2026",67,"",""
"2513","RCF","EQ",114.27,116.34,114.21,114.52,114.51,113.94,1100137,1266.21,"03-Sep-2026",10523,"",""
"2514","RCOM","BE",0.8,0.8,0.79,0.79,0.8,0.79,1413315,11.24,"03-Sep-2026",1457,"",""
"2515","READYMIX","SM",78.65,82,76.3,78.2,76.3,78.65,23000,18.18,"03-Sep-2026",23,"",""
"2516","RECLTD","EQ",318,320.7,312.2,313.6,313.6,316.45,4295735,13575.65,"03-Sep-2026",28110,"",""
"2517","REDINGTON","EQ",368.9,376.65,364.6,372.45,373.55,363.2,9042679,33495.8,"03-Sep-2026",129578,"",""
"2518","REDTAPE","EQ",119.3,120,117.2,117.48,117.7,118.99,403601,476.18,"03-Sep-2026",6272,"",""
"2519","REFEX","EQ",278,284,276.2,279.25,279.2,277.45,138840,387.3,"03-Sep-2026",3318,"",""
"2520","REFRACTORY","SM",25.5,25.5,25.5,25.5,25.5,26.5,1000,0.26,"03-Sep-2026",1,"",""
"2521","REGAAL","EQ",91.7,91.7,88.5,89.17,89,90.78,111350,99.97,"03-Sep-2026",1014,"",""
"2522","REGENCERAM","EQ",36.8,36.8,35,36.47,36.5,35.24,6503,2.37,"03-Sep-2026",48,"",""
"2523","RELAXO","EQ",346.4,350.25,342.15,343.95,345.95,346.4,85583,295.65,"03-Sep-2026",4663,"",""
"2524","RELCHEMQ","EQ",114.89,117.4,111.99,116.77,117,111.7,2007,2.3,"03-Sep-2026",106,"",""
"2525","RELIABLE","EQ",140,142,137.97,141.26,139.65,138.74,29075,40.94,"03-Sep-2026",1611,"",""
"2526","RELIANCE","EQ",1313.1,1316.8,1302.5,1302.5,1302.5,1313.1,9721454,127224.56,"03-Sep-2026",158231,"",""
"2527","RELIGARE","EQ",248.99,255.46,247.61,251.89,250.25,248.06,849016,2142.14,"03-Sep-2026",22774,"",""
"2528","RELINFRA","BE",55.91,56.47,55.91,55.91,55.91,57.05,381075,213.4,"03-Sep-2026",1863,"",""
"2529","RELTD","EQ",152.13,161.81,152.13,159.15,159,152.13,253721,404.64,"03-Sep-2026",5322,"",""
"2530","REMSONSIND","EQ",95.99,96.36,90.2,95.05,94.1,94.88,114091,106.92,"03-Sep-2026",3249,"",""
"2531","REMUS","SM",903,921.95,891,894.1,891,885.3,8600,77.93,"03-Sep-2026",63,"",""
"2532","RENUKA","EQ",24.15,24.85,24,24.27,24.19,23.94,17941170,4393.24,"03-Sep-2026",26008,"",""
"2533","REPCOHOME","EQ",361,368,354,355.75,354.95,359.6,119019,428.56,"03-Sep-2026",1771,"",""
"2534","REPL","BE",67.49,67.49,64.01,65.96,66,64.3,1603,1.05,"03-Sep-2026",54,"",""
"2535","REPRO","EQ",316.4,329.45,316.4,323.15,322.25,318.4,8276,26.82,"03-Sep-2026",449,"",""
"2536","RESPONIND","EQ",150.09,154.54,150.09,151.87,151.46,150.47,66556,101.32,"03-Sep-2026",1636,"",""
"2537","RETAIL","EQ",17.21,17.95,16.82,17.45,17.48,17.29,1383,0.24,"03-Sep-2026",35,"",""
"2538","REXPRO","SM",39.4,39.4,39.4,39.4,39.4,37.55,1000,0.39,"03-Sep-2026",1,"",""
"2539","RFBL","ST",84,85.35,84,84.65,85.35,86.2,6000,5.08,"03-Sep-2026",2,"",""
"2540","RGL","EQ",138,139.93,136.41,137.12,137.45,137.79,293143,404.99,"03-Sep-2026",3213,"",""
"2541","RHETAN","EQ",23.12,23.12,23.11,23.11,23.12,21.02,10526861,2433.6,"03-Sep-2026",4782,"",""
"2542","RHFL","BZ",1.75,1.8,1.72,1.79,1.8,1.75,416348,7.39,"03-Sep-2026",754,"",""
"2543","RHIM","EQ",371,374,368.15,369.75,370,370.5,141692,526.03,"03-Sep-2026",5458,"",""
"2544","RHL","EQ",168.39,172,166.1,167.6,167.15,172.71,2006,3.39,"03-Sep-2026",46,"",""
"2545","RICHA","ST",81.95,81.95,81,81,81,80.2,2000,1.63,"03-Sep-2026",2,"",""
"2546","RICOAUTO","EQ",126.45,127.92,125.27,126.49,127,125.7,588850,744.86,"03-Sep-2026",4810,"",""
"2547","RIIL","EQ",749.95,765,747,752.95,753.5,743.75,43791,329.92,"03-Sep-2026",2130,"",""
"2548","RIIT","IV",122,122,120.81,121.4,121.49,121.48,780815,947.26,"03-Sep-2026",7076,"",""
"2549","RILINFRA","SM",35.5,36.15,34.8,35.1,35,35.55,7200,2.55,"03-Sep-2026",39,"",""
"2550","RIR","EQ",160,162.77,154,157.58,158,157.69,505055,797.49,"03-Sep-2026",1759,"",""
"2551","RISHABH","EQ",750,750,731.5,734.95,735.3,746,157075,1163.74,"03-Sep-2026",6921,"",""
"2552","RITCO","EQ",306.85,308.95,298.55,301,300.55,303.8,33916,102.74,"03-Sep-2026",830,"",""
"2553","RITES","EQ",212.95,215.78,212.94,213.78,214.9,212.6,278105,594.98,"03-Sep-2026",6273,"",""
"2554","RITEZONE","SM",19.65,19.65,19.65,19.65,19.65,18.75,1600,0.31,"03-Sep-2026",1,"",""
"2555","RKDL","EQ",18.74,18.74,18.04,18.32,18.39,18.25,5837,1.06,"03-Sep-2026",73,"",""
"2556","RKEC","EQ",21.56,23.07,21.35,21.64,21.6,21.56,23320,5.1,"03-Sep-2026",270,"",""
"2557","RKFORGE","EQ",731.2,742.5,722.65,726.85,726.9,726.1,443737,3245.34,"03-Sep-2026",15395,"",""
"2558","RKSWAMY","EQ",92.14,94.5,91.16,92,91.21,92.14,9985,9.23,"03-Sep-2026",421,"",""
"2559","RMC","EQ",225,237.33,220.11,225.97,226,221.42,85081,193.62,"03-Sep-2026",3467,"",""
"2560","RMDRIP","BE",21,21.74,21,21,21,21.06,160333,33.72,"03-Sep-2026",463,"",""
"2561","RML","EQ",1106.5,1131.9,1106.5,1127.4,1130,1103.7,11830,132.61,"03-Sep-2026",1281,"",""
"2562","RNBDENIMS","EQ",11.93,11.93,10.81,10.81,10.81,11.37,3089346,353.79,"03-Sep-2026",2344,"",""
"2563","RNFI","SM",300,304.9,297,299.75,298,296.05,48000,144.22,"03-Sep-2026",74,"",""
"2564","RNPL","SM",80,82,80,81.5,81.5,79.9,8400,6.83,"03-Sep-2026",6,"",""
"2565","ROCKINGDCE","SM",228.5,229,227.15,227.15,227.15,237.85,2250,5.14,"03-Sep-2026",9,"",""
"2566","ROCKPP","E1",72,72,66,70,66,71.5,3000,2.1,"03-Sep-2026",3,"",""
"2567","ROHLTD","EQ",299.2,301.05,296.3,298.5,298.1,296.8,6138,18.29,"03-Sep-2026",273,"",""
"2568","ROLEXRINGS","EQ",174.1,179,173.5,174.83,175,173.01,1379507,2424.58,"03-Sep-2026",12940,"",""
"2569","ROLLT","BE",3.95,4.17,3.89,4.17,4.17,3.98,497612,20.39,"03-Sep-2026",351,"",""
"2570","ROML","EQ",42.23,43.24,42.13,42.35,43.23,42.13,2992,1.27,"03-Sep-2026",41,"",""
"2571","ROSSARI","EQ",479.5,482.35,451.4,457,459.45,476.2,342764,1588.42,"03-Sep-2026",15928,"",""
"2572","ROSSELLIND","EQ",59.1,59.1,57.5,57.67,57.65,58.58,30862,17.88,"03-Sep-2026",551,"",""
"2573","ROSSTECH","EQ",1140,1144.7,1109.5,1116.3,1120,1134,121642,1371.58,"03-Sep-2026",6029,"",""
"2574","ROTO","EQ",64.6,65.49,63.2,63.76,63.7,64.8,208053,133.38,"03-Sep-2026",2201,"",""
"2575","ROUTE","EQ",501.3,515,501.3,503.65,503,499.7,115028,581.21,"03-Sep-2026",4188,"",""
"2576","ROXHITECH","SM",47.5,48,47,47.5,47.5,47.4,35200,16.68,"03-Sep-2026",16,"",""
"2577","RPEL","EQ",1791.9,1900,1779,1885.2,1889.7,1774.6,181647,3387.1,"03-Sep-2026",16727,"",""
"2578","RPGLIFE","EQ",2596.9,2698.9,2583.1,2652.4,2659,2564.9,25736,683.23,"03-Sep-2026",3208,"",""
"2579","RPOWER","EQ",22.16,22.51,21.97,22.03,22.1,22.05,10995033,2437.32,"03-Sep-2026",24107,"",""
"2580","RPPINFRA","EQ",55.43,56.78,54.95,55.04,54.95,55.57,52388,29.1,"03-Sep-2026",662,"",""
"2581","RPPL","BE",23.1,23.3,22.4,22.57,22.5,22.89,33159,7.5,"03-Sep-2026",97,"",""
"2582","RPSGVENT","EQ",841.75,850,831.1,833.3,836,839.7,48590,407.93,"03-Sep-2026",1417,"",""
"2583","RPTECH","EQ",809,819.8,805.05,815.65,812,806.1,130126,1057.32,"03-Sep-2026",7105,"",""
"2584","RRECL","EQ",138.5,145.6,130,138.37,138,138.85,3378,4.52,"03-Sep-2026",54,"",""
"2585","RRIL","EQ",16.56,17,16.5,16.71,16.75,16.64,13765,2.3,"03-Sep-2026",84,"",""
"2586","RRKABEL","EQ",2650,2685.9,2594,2617.7,2639,2630.4,686037,18007.51,"03-Sep-2026",54045,"",""
"2587","RSDFIN","BE",95.5,100.13,91.82,100.11,100.13,95.37,902,0.88,"03-Sep-2026",21,"",""
"2588","RSL","EQ",180,182.14,179.49,181.56,181.9,178.98,366889,662.75,"03-Sep-2026",3454,"",""
"2589","RSSOFTWARE","EQ",28.65,29.96,28.02,29.91,29.96,28.54,39888,11.74,"03-Sep-2026",336,"",""
"2590","RSWM","BE",210.6,217.28,210.6,217.28,217.28,206.94,137349,297.94,"03-Sep-2026",939,"",""
"2591","RSYSTEMS","EQ",254,257,251.16,252.64,253.33,253.96,126707,321.53,"03-Sep-2026",2808,"",""
"2592","RTNINDIA","EQ",29.66,29.9,27.21,27.43,27.65,29.59,7638164,2131.84,"03-Sep-2026",22414,"",""
"2593","RTNPOWER","EQ",7.45,7.54,7.2,7.24,7.27,7.39,29370107,2143.39,"03-Sep-2026",22962,"",""
"2594","RTSPOWR","EQ",88.66,93,88.66,90.4,91,88.66,934,0.84,"03-Sep-2026",35,"",""
"2595","RUBFILA","EQ",66.24,67.5,65,66.42,66.6,66.21,25569,16.99,"03-Sep-2026",489,"",""
"2596","RUBICON","EQ",1829.1,1839.7,1765,1775.7,1773,1828.8,233210,4173.54,"03-Sep-2026",21950,"",""
"2597","RUBYMILLS","BE",406.25,415,395.1,409.05,410,396.8,17521,71.94,"03-Sep-2026",332,"",""
"2598","RUCHINFRA","EQ",5.57,6.63,5.57,6.04,6.08,5.53,680209,41.88,"03-Sep-2026",1228,"",""
"2599","RUCHIRA","EQ",102.67,107,101.15,105.12,105.4,102.67,89470,93.41,"03-Sep-2026",1781,"",""
"2600","RUDRA","EQ",20.51,20.9,20.27,20.38,20.3,20.72,62063,12.71,"03-Sep-2026",178,"",""
"2601","RULKA","SM",107.25,110.45,107.25,109.6,110.4,106.1,1200,1.31,"03-Sep-2026",4,"",""
"2602","RUPA","EQ",144.1,146,143.23,144.43,144.79,143.15,83254,120.27,"03-Sep-2026",2991,"",""
"2603","RUSHIL","EQ",16.09,16.54,16.06,16.18,16.17,16.09,234777,38,"03-Sep-2026",763,"",""
"2604","RUSTOMJEE","EQ",379.15,384,374.8,381.75,376.15,379.15,50262,190.74,"03-Sep-2026",1872,"",""
"2605","RVHL","EQ",40.8,41.24,38.56,39.09,39,39.28,9326,3.76,"03-Sep-2026",104,"",""
"2606","RVNL","EQ",207.2,211.52,207.2,209.3,209.3,206,4061743,8513.01,"03-Sep-2026",34827,"",""
"2607","RVTH","EQ",720.15,739.1,715.15,729.05,729.05,723.85,207,1.5,"03-Sep-2026",33,"",""
"2608","S&SPOWER","EQ",322.45,337.5,305.9,319.85,320,322,3765,12.13,"03-Sep-2026",163,"",""
"2609","SAAKSHI","ST",317.7,317.7,306,312,312,310.9,13200,41.07,"03-Sep-2026",16,"",""
"2610","SAATVIKGL","EQ",417,435,415.1,421.65,421,417.25,143686,612.2,"03-Sep-2026",3529,"",""
"2611","SABAR","ST",9.05,9.05,9.05,9.05,9.05,8.65,65000,5.88,"03-Sep-2026",12,"",""
"2612","SACHEEROME","SM",420.2,459.95,420.2,455.45,456,420.1,28800,128.47,"03-Sep-2026",91,"",""
"2613","SADBHAV","EQ",8.09,8.22,7.83,8.03,8.02,8.07,130563,10.47,"03-Sep-2026",286,"",""
"2614","SADBHIN","BE",2.62,2.62,2.46,2.53,2.58,2.58,274344,6.91,"03-Sep-2026",209,"",""
"2615","SADHAV","SM",108.4,112.45,108.4,111.95,111.95,111.25,9000,9.99,"03-Sep-2026",15,"",""
"2616","SADHNANIQ","BE",2.7,2.7,2.67,2.67,2.67,2.71,1893197,50.66,"03-Sep-2026",457,"",""
"2617","SAFARI","EQ",1491,1524.8,1491,1509.5,1507,1497.2,22390,337.21,"03-Sep-2026",2227,"",""
"2618","SAFEENTP","SM",265.3,280,265.3,277.2,272,265.3,110500,304.08,"03-Sep-2026",155,"",""
"2619","SAGARDEEP","EQ",23.6,24,22.85,23.76,23.79,23.66,7514,1.77,"03-Sep-2026",50,"",""
"2620","SAGCEM","EQ",157.84,160.59,152.41,154.38,155.98,155.63,74452,116.12,"03-Sep-2026",1266,"",""
"2621","SAGILITY","EQ",46.95,47.3,46.67,46.8,46.8,46.7,12927418,6075.69,"03-Sep-2026",27903,"",""
"2622","SAHAJSOLAR","SM",101,102,99,99.4,99.5,100.25,9200,9.26,"03-Sep-2026",21,"",""
"2623","SAHANA","SM",915.15,936,907,927.9,928,916.9,14550,134.22,"03-Sep-2026",92,"",""
"2624","SAHASRA","ST",308.1,312.85,305,306.25,306.3,308,22400,69.16,"03-Sep-2026",48,"",""
"2625","SAHLIBHFI","EQ",88.1,91.95,84.01,89.12,90.99,86.36,170131,151.68,"03-Sep-2026",2414,"",""
"2626","SAHYADRI","EQ",357.95,360,352.25,359.4,360,356.2,6781,24.23,"03-Sep-2026",271,"",""
"2627","SAICAPI","EQ",147.9,168,146,157.05,159.1,140,2613,4.12,"03-Sep-2026",79,"",""
"2628","SAIFL","SM",4.85,4.95,4.8,4.95,4.9,4.85,3e+05,14.57,"03-Sep-2026",42,"",""
"2629","SAIL","EQ",196.5,200.04,194.26,197,197,196.5,17723024,35007.7,"03-Sep-2026",69541,"",""
"2630","SAILIFE","EQ",1588,1630,1559.9,1574.8,1579,1587,1633705,26158.11,"03-Sep-2026",102144,"",""
"2631","SAIPARENT","EQ",520,522.8,515.55,518.15,519,515.55,35674,185.32,"03-Sep-2026",1296,"",""
"2632","SAKAR","EQ",1000,1017,960.05,1006.95,1012,985.8,168154,1674.52,"03-Sep-2026",10172,"",""
"2633","SAKHTISUG","EQ",20.37,20.9,20.26,20.35,20.42,20.37,242541,50.02,"03-Sep-2026",1047,"",""
"2634","SAKSOFT","EQ",152,154.83,150.05,153.69,153.11,150.38,259461,397.31,"03-Sep-2026",4059,"",""
"2635","SAKUMA","EQ",1.61,1.64,1.44,1.58,1.6,1.6,1056846,16.65,"03-Sep-2026",1175,"",""
"2636","SALASAR","EQ",5.64,5.69,4.73,5.08,5.25,5.65,40156990,2048.82,"03-Sep-2026",27109,"",""
"2637","SALONA","EQ",263,271.85,259.05,262.9,259.5,262.45,63,0.17,"03-Sep-2026",16,"",""
"2638","SALSTEEL","EQ",80.5,83.8,78.25,82.04,83.7,82.04,677428,545.25,"03-Sep-2026",4124,"",""
"2639","SALZERELEC","EQ",538.55,544.9,531.9,537.3,537.1,535.85,29792,160.61,"03-Sep-2026",1675,"",""
"2640","SAMBANDAM","EQ",120,120.17,119.99,120,120,114.45,427,0.51,"03-Sep-2026",12,"",""
"2641","SAMBHAAV","EQ",6,6.14,5.71,6,6,6,4877,0.29,"03-Sep-2026",65,"",""
"2642","SAMBHV","EQ",127.18,130,126.4,129.64,129,126.18,824230,1061.61,"03-Sep-2026",8017,"",""
"2643","SAMHI","EQ",151.45,153.5,150.43,152.59,153.15,151.45,800313,1212.97,"03-Sep-2026",22892,"",""
"2644","SAMMAANCAP","EQ",153.4,154.98,151.55,153.7,153.48,152.31,6224479,9557.86,"03-Sep-2026",35060,"",""
"2645","SAMPANN","EQ",24.82,25.19,24.14,24.61,24.9,24.33,14901,3.69,"03-Sep-2026",149,"",""
"2646","SANATHAN","EQ",438.7,439.3,430,433.05,435,434,38259,165.75,"03-Sep-2026",1302,"",""
"2647","SANDESH","EQ",1050.3,1059,1041.1,1050.9,1050,1050,224,2.35,"03-Sep-2026",59,"",""
"2648","SANDHAR","EQ",635.75,642.95,625.1,627.85,626.7,633.75,85928,543.29,"03-Sep-2026",3913,"",""
"2649","SANDUMA","EQ",198,202.41,196.88,197.89,198,197,407132,808.72,"03-Sep-2026",8481,"",""
"2650","SANGAMIND","EQ",571.2,579.45,568.5,571.85,570,569.8,23015,131.68,"03-Sep-2026",2058,"",""
"2651","SANGANI","SM",55,55,52,52,52,54.6,15000,7.9,"03-Sep-2026",5,"",""
"2652","SANGHVIMOV","EQ",455.15,462.3,448.55,453,455,452.3,115506,524.66,"03-Sep-2026",5126,"",""
"2653","SANGINITA","BE",56.06,58.34,56.06,58.34,58.34,57.2,558179,322.68,"03-Sep-2026",251,"",""
"2654","SANOFI","EQ",3185,3220,3160,3190.8,3207.8,3157.4,14906,476.16,"03-Sep-2026",3245,"",""
"2655","SANOFICONR","EQ",4181,4287.9,4145,4205.4,4185,4182.4,7444,312.49,"03-Sep-2026",1625,"",""
"2656","SANSERA","EQ",3850.8,3892.2,3775,3789.6,3779.1,3810.6,88647,3384.99,"03-Sep-2026",14550,"",""
"2657","SANSTAR","EQ",110.5,112.2,107.15,108,108.44,109.91,174823,192.01,"03-Sep-2026",2105,"",""
"2658","SANWARIA","BZ",0.2,0.2,0.19,0.19,0.2,0.19,689299,1.34,"03-Sep-2026",134,"",""
"2659","SAPPHIRE","EQ",227.45,231.4,224.03,228.76,228.5,228.21,367836,838.66,"03-Sep-2026",9742,"",""
"2660","SAPPL","EQ",288.95,303.3,276,280.6,286,280,596,1.7,"03-Sep-2026",41,"",""
"2661","SARDAEN","EQ",494.9,509,492.05,506.55,504.85,491.05,382427,1924.38,"03-Sep-2026",13303,"",""
"2662","SAREGAMA","EQ",481.1,501,478.4,493.65,494.5,477.3,405441,1974.18,"03-Sep-2026",20098,"",""
"2663","SARLAPOLY","EQ",102.46,103.2,99.15,102.15,103.15,102.46,33737,34.27,"03-Sep-2026",1156,"",""
"2664","SARTELE","SM",88.45,92.85,88.4,91.35,91.4,89.85,81500,74.42,"03-Sep-2026",80,"",""
"2665","SARVESHWAR","EQ",3.4,3.4,3.34,3.35,3.36,3.34,742565,24.93,"03-Sep-2026",1129,"",""
"2666","SASKEN","EQ",1890,1945,1850.6,1902.4,1895.5,1885.5,12388,235.77,"03-Sep-2026",1658,"",""
"2667","SATECH","SM",35.65,39.8,35.65,38.4,38.8,37.05,15000,5.68,"03-Sep-2026",15,"",""
"2668","SATIA","EQ",57.15,62,57.01,60.37,59.9,57.12,657812,396.82,"03-Sep-2026",3382,"",""
"2669","SATIN","EQ",222.88,228.9,218.1,219.37,218.6,218.52,388149,863.89,"03-Sep-2026",8844,"",""
"2670","SATKARTAR","SM",121.95,126,117.55,118.2,118,121.7,38400,46.51,"03-Sep-2026",40,"",""
"2671","SATTVAENGG","SM",62,62,62,62,62,62,4800,2.98,"03-Sep-2026",2,"",""
"2672","SAURASHCEM","EQ",55.25,57.2,55.2,56.81,57,55.22,84733,47.68,"03-Sep-2026",1130,"",""
"2673","SAVY","SM",133.2,137,133,135.1,135.1,135,12000,16.14,"03-Sep-2026",10,"",""
"2674","SAWALIYA","SM",146,150.5,145,150.15,148,143.25,21600,32.15,"03-Sep-2026",15,"",""
"2675","SAYAJIHOTL","EQ",318.95,318.95,300,303.8,300,303,32,0.1,"03-Sep-2026",8,"",""
"2676","SAYAJIIND","EQ",119.89,120,119.89,119.89,119.89,117.48,111,0.13,"03-Sep-2026",7,"",""
"2677","SBC","EQ",42.98,43.75,42.78,43.25,43.14,42.81,8714926,3772.25,"03-Sep-2026",8972,"",""
"2678","SBCL","EQ",1062.9,1155.9,1052,1155.9,1155.9,1050.9,675189,7469.35,"03-Sep-2026",25564,"",""
"2679","SBFC","EQ",100,104.39,99.24,99.9,99.99,99.23,3008192,3044.94,"03-Sep-2026",24969,"",""
"2680","SBGLP","EQ",23.29,24.92,23.25,24.68,24.84,23.29,36830,8.88,"03-Sep-2026",231,"",""
"2681","SBIBPB","EQ",49.78,50.26,49.22,49.48,49.46,49.25,92284,46.12,"03-Sep-2026",390,"",""
"2682","SBICARD","EQ",641,667.4,641,661,661,635.15,3785886,25003.32,"03-Sep-2026",48867,"",""
"2683","SBIETFCON","EQ",122.48,122.48,120.08,120.31,121.08,121.2,2746,3.31,"03-Sep-2026",100,"",""
"2684","SBIETFIT","EQ",343.34,343.34,340.4,342.1,342.32,343.34,2610,8.94,"03-Sep-2026",137,"",""
"2685","SBIETFPB","EQ",285.69,288.25,282.98,285.51,285.87,282.98,20614,58.83,"03-Sep-2026",574,"",""
"2686","SBIETFQLTY","EQ",222.2,223.52,222.15,223.32,223.52,222.4,2010,4.48,"03-Sep-2026",36,"",""
"2687","SBIFUNDS","EQ",565.9,566.9,558.1,564,563,564.7,984775,5539.95,"03-Sep-2026",25267,"",""
"2688","SBILIFE","EQ",1724.9,1741.9,1708.9,1715,1715,1719.9,648581,11168,"03-Sep-2026",34833,"",""
"2689","SBILIQETF","EQ",1054.43,1054.45,1054.43,1054.43,1054.43,1054.3,13808,145.6,"03-Sep-2026",44,"",""
"2690","SBIMIDMOM","EQ",64.23,64.23,63.66,63.87,63.92,63.59,91467,58.42,"03-Sep-2026",178,"",""
"2691","SBIN","EQ",1028.9,1036,1021.1,1023.4,1023.4,1020.9,7371804,75835.92,"03-Sep-2026",174387,"",""
"2692","SBINEQWETF","EQ",33.17,33.32,33.09,33.13,33.26,33.13,45746,15.18,"03-Sep-2026",203,"",""
"2693","SBINMID150","EQ",23.49,23.49,23.18,23.32,23.33,23.12,42448,9.89,"03-Sep-2026",102,"",""
"2694","SBISILVER","EQ",220.81,227.92,215.28,225.5,225.49,220.81,1120159,2532.23,"03-Sep-2026",5643,"",""
"2695","SBISMLETF","EQ",18.42,18.57,18.34,18.47,18.53,18.24,62218,11.46,"03-Sep-2026",155,"",""
"2696","SBIVALETF","EQ",14.73,14.9,14.63,14.65,14.72,14.65,232054,34.16,"03-Sep-2026",68,"",""
"2697","SCANSTL","BE",59.23,59.99,58,58.82,59.3,58.02,26772,15.78,"03-Sep-2026",88,"",""
"2698","SCHAEFFLER","EQ",3971.3,3994.6,3947.7,3950.6,3952.9,3967.1,50015,1976.42,"03-Sep-2026",7187,"",""
"2699","SCHAND","EQ",135.49,138.9,134.11,136.73,136,134.2,15989,21.83,"03-Sep-2026",416,"",""
"2700","SCHNEIDER","EQ",1169.5,1202.2,1158,1191,1193.1,1169.5,351366,4155.23,"03-Sep-2026",21026,"",""
"2701","SCI","EQ",289.95,297.65,289.95,294.95,296.1,288.2,2179977,6429.73,"03-Sep-2026",34788,"",""
"2702","SCILAL","EQ",39.88,40.24,39.77,40.02,40.08,39.47,224963,89.94,"03-Sep-2026",1009,"",""
"2703","SCML","SM",82.75,85,82.75,83.2,82.75,83.95,46000,38.54,"03-Sep-2026",39,"",""
"2704","SCODATUBES","EQ",128.64,138.07,128.64,134.95,134.99,128.61,395401,532.16,"03-Sep-2026",4211,"",""
"2705","SCPL","BE",637,668.75,608.3,641.9,647,637.2,15984,102.43,"03-Sep-2026",644,"",""
"2706","SDBL","EQ",72.59,73.93,72.15,72.62,72.18,72.58,820282,597.71,"03-Sep-2026",2765,"",""
"2707","SDREAMS","SM",85,85.5,84,85.15,85.5,85,8000,6.78,"03-Sep-2026",6,"",""
"2708","SEAMECLTD","EQ",1750,1794.9,1720.8,1786.6,1786,1735.7,189284,3342.46,"03-Sep-2026",15508,"",""
"2709","SECMARK","EQ",144,150,140.4,148.46,149,142.78,1968,2.89,"03-Sep-2026",74,"",""
"2710","SECURKLOUD","EQ",17.3,18.1,17,17.41,17.69,17.35,17190,2.98,"03-Sep-2026",135,"",""
"2711","SEDEMAC","EQ",2886.6,2945,2858.1,2905.9,2906.1,2866.5,78970,2292.4,"03-Sep-2026",10442,"",""
"2712","SEIL","EQ",203.81,209.03,201,202.34,202.2,201.56,161132,328.83,"03-Sep-2026",1719,"",""
"2713","SEITINVIT","IV",122,122,122,122,122,122,50000,61,"03-Sep-2026",2,"",""
"2714","SEJALLTD","EQ",671,683.7,663,672.45,670.2,672.85,5132,34.4,"03-Sep-2026",330,"",""
"2715","SEKURITIND","EQ",117.6,117.6,113.98,114.67,114.51,113.7,50859,58.38,"03-Sep-2026",505,"",""
"2716","SEL","SM",310,313.95,303.05,305,305,299.9,1200,3.69,"03-Sep-2026",6,"",""
"2717","SELECTIPO","EQ",48.51,48.78,48.4,48.72,48.78,48.42,90986,44.31,"03-Sep-2026",91,"",""
"2718","SELMC","EQ",27.7,27.98,27.01,27.17,27.11,27.43,2630,0.72,"03-Sep-2026",57,"",""
"2719","SEMAC","EQ",290.55,290.55,290.55,290.55,290.55,292,1,0,"03-Sep-2026",1,"",""
"2720","SENCO","EQ",353,354.9,347.25,349.05,349.5,348.6,580287,2038.21,"03-Sep-2026",13498,"",""
"2721","SENORES","EQ",1450,1462.4,1424,1430.4,1430,1449.5,111671,1604.84,"03-Sep-2026",10573,"",""
"2722","SENSEXADD","EQ",79.15,79.48,79,79.18,79.18,79.03,412,0.33,"03-Sep-2026",16,"",""
"2723","SENSEXAXIS","EQ",79.62,80.05,79.3,79.67,80.05,79.56,1119,0.89,"03-Sep-2026",61,"",""
"2724","SENSEXBETA","EQ",847,854.98,847,849.27,847.22,846.66,1209,10.28,"03-Sep-2026",141,"",""
"2725","SENSEXETF","EQ",79.3,79.43,79.02,79.12,79.06,78.96,30438,24.12,"03-Sep-2026",186,"",""
"2726","SENSEXIETF","EQ",885.45,886.84,880.51,881.95,880.51,881.04,3088,27.28,"03-Sep-2026",267,"",""
"2727","SEPC","EQ",5.5,5.51,5.36,5.37,5.37,5.43,7960833,430.89,"03-Sep-2026",4304,"",""
"2728","SERVICE","SM",71.25,71.3,67.15,69.4,70.9,70.3,34000,23.54,"03-Sep-2026",14,"",""
"2729","SERVOTECH","EQ",79.65,81.29,79.5,80.25,80.27,79.47,295395,237.41,"03-Sep-2026",3323,"",""
"2730","SESHAPAPER","EQ",229.67,237.82,229.67,234.51,234.35,229.67,67311,157.66,"03-Sep-2026",1015,"",""
"2731","SETCO","BE",18.35,18.35,17.15,17.36,17.5,17.51,35578,6.25,"03-Sep-2026",158,"",""
"2732","SETF10GILT","EQ",264.67,264.99,263.01,263.85,263.85,263.88,13931,36.73,"03-Sep-2026",56,"",""
"2733","SETFGOLD","EQ",130.62,130.68,129.61,130.22,130.23,127.44,6068954,7903.39,"03-Sep-2026",10254,"",""
"2734","SETFNIF50","EQ",264.09,264.09,257.1,257.33,257.5,257.65,1944285,5009.82,"03-Sep-2026",5645,"",""
"2735","SETFNIFBK","EQ",588.97,593.73,588.96,591.31,591.77,587.97,39093,231.62,"03-Sep-2026",472,"",""
"2736","SETFNN50","EQ",784.74,787.8,781.25,783.6,784.4,779.13,12368,97.02,"03-Sep-2026",887,"",""
"2737","SETL","EQ",377.15,393.65,369.05,391.15,387.15,374.95,1063766,4089.81,"03-Sep-2026",14645,"",""
"2738","SETUINFRA","BZ",0.55,0.55,0.55,0.55,0.55,0.53,20621,0.11,"03-Sep-2026",22,"",""
"2739","SEYAIND","BE",12.37,12.37,12.02,12.06,12.06,12.25,5823,0.71,"03-Sep-2026",26,"",""
"2740","SFL","EQ",646.85,652.85,641.45,644.9,643.9,646.85,60462,391.57,"03-Sep-2026",6219,"",""
"2741","SFML","SM",21.6,22,21.6,22,22,21.65,3200,0.7,"03-Sep-2026",2,"",""
"2742","SGBAPR28I","GB",15100,15270,15100,15180.84,15170,14890.48,145,22.01,"03-Sep-2026",32,"",""
"2743","SGBAUG27","GB",15100,15239.98,15051.01,15105.26,15089.22,14959.21,34,5.13,"03-Sep-2026",23,"",""
"2744","SGBAUG28V","GB",14931,15270,14931,15112.39,15105.01,14871.55,1907,288.46,"03-Sep-2026",185,"",""
"2745","SGBAUG29V","GB",15156.56,15475,15156.56,15237.2,15228,15108.38,83,12.7,"03-Sep-2026",27,"",""
"2746","SGBAUG30","GB",15210,15389.44,15206,15281.42,15275,15021.48,80,12.24,"03-Sep-2026",38,"",""
"2747","SGBD29VIII","GB",15397,15397,15105,15239.92,15201,14961.64,152,23.2,"03-Sep-2026",44,"",""
"2748","SGBDC27VII","GB",15014.55,15200,15014.55,15150,15150,15090,12,1.82,"03-Sep-2026",10,"",""
"2749","SGBDE30III","GB",15176,15444.86,15176,15362.96,15360,15105.81,88,13.52,"03-Sep-2026",32,"",""
"2750","SGBDE31III","GB",15500.01,15675.92,15500.01,15542.74,15549.99,15314.62,427,66.51,"03-Sep-2026",113,"",""
"2751","SGBDEC26","GB",15150,15150,15150,15150,15150,15550,1,0.15,"03-Sep-2026",1,"",""
"2752","SGBFEB29XI","GB",15115.01,15160,15080,15093.5,15093.5,14849.66,68,10.29,"03-Sep-2026",18,"",""
"2753","SGBFEB32IV","GB",15650,15900,15650,15742.54,15762,15553.55,1201,189.21,"03-Sep-2026",288,"",""
"2754","SGBJ28VIII","GB",14851,15197.9,14846.31,15099.9,15099.9,14846.31,52,7.79,"03-Sep-2026",9,"",""
"2755","SGBJAN29IX","GB",14955.01,15220,14906.56,15111.99,15111.99,14865.81,434,65.77,"03-Sep-2026",66,"",""
"2756","SGBJAN29X","GB",15055.01,15135,15050,15108.22,15104,14891.07,89,13.43,"03-Sep-2026",28,"",""
"2757","SGBJAN30IX","GB",15110.05,15259.99,15110.05,15160.71,15156,14999.98,104,15.81,"03-Sep-2026",31,"",""
"2758","SGBJU29III","GB",15012.01,15175.1,15012.01,15120,15120,14862.97,68,10.3,"03-Sep-2026",20,"",""
"2759","SGBJUL27","GB",15149.99,15149.99,15149.99,15149.99,15149.99,15024.99,6,0.91,"03-Sep-2026",4,"",""
"2760","SGBJUL28IV","GB",15005.01,15191.98,14955.01,15116.01,15116.02,14843.67,343,51.86,"03-Sep-2026",57,"",""
"2761","SGBJUL29IV","GB",15115.5,15190,15115,15127.94,15116,14895.64,291,44.05,"03-Sep-2026",49,"",""
"2762","SGBJUN28","GB",15020.01,15275,15020.01,15131.45,15125,14850,98,14.85,"03-Sep-2026",31,"",""
"2763","SGBJUN29II","GB",15035.01,15200,15035.01,15135,15135,14868.88,55,8.34,"03-Sep-2026",24,"",""
"2764","SGBJUN30","GB",15200.5,15398,15152,15287.44,15281,14940.62,144,22,"03-Sep-2026",45,"",""
"2765","SGBJUN31I","GB",15301,15495.91,15301,15379.14,15372.13,15191.8,453,69.79,"03-Sep-2026",104,"",""
"2766","SGBMAR28X","GB",15160,15160,15160,15160,15160,15000,3,0.45,"03-Sep-2026",1,"",""
"2767","SGBMAR30X","GB",15001,15350,14906,15318.46,15340,14998,154,23.44,"03-Sep-2026",48,"",""
"2768","SGBMAR31IV","GB",15647.97,15647.97,15401.55,15413.07,15401.55,15234.75,63,9.73,"03-Sep-2026",23,"",""
"2769","SGBMAY28","GB",15249,15249,15115.01,15123.33,15130,14861.71,52,7.87,"03-Sep-2026",6,"",""
"2770","SGBMAY29I","GB",15000,15289.99,15000,15136.47,15132.01,14860.91,559,84.91,"03-Sep-2026",108,"",""
"2771","SGBMR29XII","GB",15001,15240,15001,15142.5,15150,14903.17,302,45.85,"03-Sep-2026",61,"",""
"2772","SGBN28VIII","GB",15295,15295,15101,15176,15152,14866.96,46,6.97,"03-Sep-2026",14,"",""
"2773","SGBNOV26","GB",15075.25,15150,15075.25,15150,15150,15151,11,1.66,"03-Sep-2026",4,"",""
"2774","SGBNV29VII","GB",15000,15248.11,15000,15158,15150,14885.57,191,28.99,"03-Sep-2026",38,"",""
"2775","SGBOC28VII","GB",15115.01,15187,15115,15185,15185,14870.41,52,7.88,"03-Sep-2026",11,"",""
"2776","SGBOCT27VI","GB",15150,15150,15150,15150,15150,14770,10,1.52,"03-Sep-2026",3,"",""
"2777","SGBSEP27","GB",15105,15299.99,15105,15251,15251,14915.02,96,14.66,"03-Sep-2026",5,"",""
"2778","SGBSEP28VI","GB",15020.01,15220,15020.01,15159.8,15172,14946.66,158,23.95,"03-Sep-2026",65,"",""
"2779","SGBSEP29VI","GB",15150,15649,15150,15352.09,15390,14891.34,117,17.97,"03-Sep-2026",41,"",""
"2780","SGBSEP31II","GB",15356.56,15690,15356.56,15509.43,15514.94,15303.26,420,65.1,"03-Sep-2026",119,"",""
"2781","SGFIN","EQ",678.9,689.5,672,676.8,676.4,674.6,82919,564.53,"03-Sep-2026",3745,"",""
"2782","SGIL","EQ",598.8,611.05,588.95,603.8,605.95,590.65,15558,93.27,"03-Sep-2026",394,"",""
"2783","SGL","EQ",10.95,10.95,10.12,10.26,10.31,10.21,4756,0.49,"03-Sep-2026",53,"",""
"2784","SGLRES","EQ",2.33,2.44,2.27,2.39,2.41,2.33,55677,1.31,"03-Sep-2026",140,"",""
"2785","SGMART","EQ",840,840,812.6,815.85,814.2,827.2,102121,838.12,"03-Sep-2026",6924,"",""
"2786","SGRL","EQ",678,699.95,678,684.1,687,685.65,21215,146.63,"03-Sep-2026",702,"",""
"2787","SHADOWFAX","EQ",254.75,260.9,253.2,259.9,259.3,253.55,2043099,5272.17,"03-Sep-2026",29250,"",""
"2788","SHAH","EQ",3.64,3.64,3.48,3.49,3.48,3.57,1834414,64.84,"03-Sep-2026",1062,"",""
"2789","SHAHALLOYS","BE",110.3,112,106.84,106.84,106.84,112.46,89140,95.71,"03-Sep-2026",265,"",""
"2790","SHAILY","EQ",3199,3278.6,3162.8,3267.1,3265,3172.5,114452,3715.14,"03-Sep-2026",14709,"",""
"2791","SHAKTIPUMP","EQ",473.45,478.8,470.1,472.2,473,472.35,291210,1376.43,"03-Sep-2026",13375,"",""
"2792","SHALBY","EQ",152,154,151.93,152.64,151.93,151.33,41367,63.15,"03-Sep-2026",994,"",""
"2793","SHALPAINTS","BE",79.4,81.55,79.4,81.55,81.55,77.67,91270,74.38,"03-Sep-2026",154,"",""
"2794","SHANKARA","EQ",147.33,148.4,146.77,147.09,147.05,147.33,135168,198.75,"03-Sep-2026",320,"",""
"2795","SHANKESH","EQ",98,99.36,95.7,97.4,97.6,97.95,4660673,4560.87,"03-Sep-2026",23975,"",""
"2796","SHANTI","EQ",6.75,6.75,6.3,6.31,6.3,6.29,5523,0.35,"03-Sep-2026",57,"",""
"2797","SHANTIGEAR","EQ",529.85,582.8,529.85,582.8,582.8,529.85,617083,3549.27,"03-Sep-2026",9907,"",""
"2798","SHANTIGOLD","EQ",246.9,252.5,242.73,245.05,245.7,243.3,1137453,2815.61,"03-Sep-2026",15274,"",""
"2799","SHARDACROP","EQ",784.9,784.9,771.1,772.75,774.95,778.3,62688,486.29,"03-Sep-2026",4746,"",""
"2800","SHARDAMOTR","EQ",877.9,889.95,875.2,877.9,878.15,875.7,24681,217.8,"03-Sep-2026",5438,"",""
"2801","SHARDUL","BE",54.9,54.95,53,53.77,53.78,53.03,21223,11.41,"03-Sep-2026",64,"",""
"2802","SHAREINDIA","EQ",169.98,170.33,169.01,169.27,169.5,168.48,60403,102.31,"03-Sep-2026",833,"",""
"2803","SHARIABEES","EQ",456.97,461.86,453,453.44,461.85,456.97,13628,61.91,"03-Sep-2026",570,"",""
"2804","SHBAJRG","EQ",156.99,160.89,156.9,160.83,160.88,155.07,1515,2.4,"03-Sep-2026",56,"",""
"2805","SHEEL","ST",64,64.5,64,64.5,64.5,61.65,12000,7.71,"03-Sep-2026",6,"",""
"2806","SHEETAL","SM",340.95,352,340.95,348,348,333.75,7000,24.16,"03-Sep-2026",14,"",""
"2807","SHEKHAWATI","BE",15.8,15.8,14.61,15.25,15.25,15.3,24808,3.76,"03-Sep-2026",103,"",""
"2808","SHEMAROO","BE",125.51,128.3,123.54,125.74,127,126.78,17118,21.78,"03-Sep-2026",48,"",""
"2809","SHERA","SM",173.55,193.35,173.55,182.4,182,176.3,129000,239.19,"03-Sep-2026",118,"",""
"2810","SHERVANI","EQ",342.75,342.75,310,315.05,316,342.75,282,0.9,"03-Sep-2026",43,"",""
"2811","SHETHJI","SM",187,193,187,190.25,192.95,186.55,98000,186.3,"03-Sep-2026",47,"",""
"2812","SHIGAN","SM",74,74.5,71.2,73.95,74,71.1,55500,40.51,"03-Sep-2026",12,"",""
"2813","SHILCTECH","EQ",3995.4,4097.7,3974,4041.6,4040,3995.4,13639,547.64,"03-Sep-2026",3080,"",""
"2814","SHILGRAVQ","EQ",155.1,155.1,148.1,150.42,149.99,155.12,7871,11.87,"03-Sep-2026",150,"",""
"2815","SHILPAMED","EQ",935,966.45,923.6,956.15,960,928.55,1865429,17761.81,"03-Sep-2026",72290,"",""
"2816","SHINDL","EQ",161.07,162.37,158.2,159.35,159,160.68,314669,502.44,"03-Sep-2026",845,"",""
"2817","SHIPROCKET","EQ",134.51,139.5,132.6,135.89,136,133.82,11756152,16014.35,"03-Sep-2026",72437,"",""
"2818","SHIVAAGRO","EQ",40.98,42.94,40,42.9,42.9,40.8,559,0.23,"03-Sep-2026",13,"",""
"2819","SHIVACEM","EQ",15.99,16.4,15.7,15.7,15.95,15.99,55110,8.84,"03-Sep-2026",304,"",""
"2820","SHIVALIK","BE",320.8,324,311,313.4,311,325.85,31028,98.06,"03-Sep-2026",502,"",""
"2821","SHIVAMAUTO","EQ",17.45,18.19,17.45,17.8,17.94,17.85,42692,7.57,"03-Sep-2026",101,"",""
"2822","SHIVAMILLS","EQ",62.49,62.49,60.22,61.58,61.69,61.15,483,0.29,"03-Sep-2026",16,"",""
"2823","SHIVATEX","EQ",179.61,186,179.61,182.22,182,180.51,18630,34.15,"03-Sep-2026",292,"",""
"2824","SHIVAUM","EQ",450,460,448,450,450,448.2,21740,97.86,"03-Sep-2026",68,"",""
"2825","SHK","EQ",148.37,151.89,146.11,150.14,149.89,148.37,363657,539.86,"03-Sep-2026",4648,"",""
"2826","SHKSIL","SM",33.7,36.5,33.7,34.25,34,33.8,28000,9.95,"03-Sep-2026",9,"",""
"2827","SHOPERSTOP","EQ",387.85,394.5,378.15,391.45,390.5,381.25,24851,96.01,"03-Sep-2026",1678,"",""
"2828","SHRADDHA","EQ",162.98,164,150.02,152.78,154.98,157.89,8688,13.49,"03-Sep-2026",274,"",""
"2829","SHRADHA","EQ",31.75,36,31.5,31.9,31.65,31.63,36952,11.86,"03-Sep-2026",103,"",""
"2830","SHREDIGCEM","EQ",73,75.69,71.57,74.28,73.65,70.95,276831,203.36,"03-Sep-2026",2111,"",""
"2831","SHREECEM","EQ",23680,24050,23575,23910,23910,23680,20001,4771.57,"03-Sep-2026",9110,"",""
"2832","SHREEDHAR","ST",109.8,116.75,109.05,112.55,109.05,111.2,56000,62.93,"03-Sep-2026",26,"",""
"2833","SHREEJISPG","EQ",648.9,671,637.05,664.25,662,643.4,2427502,15780,"03-Sep-2026",24663,"",""
"2834","SHREEKARNI","SM",408,408,382,386.65,382,395,4200,16.7,"03-Sep-2026",20,"",""
"2835","SHREEOSFM","SM",59,59,54.2,55.95,55.5,59,14000,7.79,"03-Sep-2026",14,"",""
"2836","SHREEPUSHK","EQ",469.05,489,464.1,477.45,479,468.05,121293,582.06,"03-Sep-2026",5078,"",""
"2837","SHREERAMA","EQ",41.97,47.44,41.36,44.52,44.12,41.13,371628,166.58,"03-Sep-2026",2534,"",""
"2838","SHREMINVIT","IV",101,101,100.5,100.5,100.5,101,825000,829.25,"03-Sep-2026",3,"",""
"2839","SHRENIK","BZ",0.29,0.29,0.28,0.29,0.29,0.28,447908,1.28,"03-Sep-2026",189,"",""
"2840","SHREYANIND","EQ",125.01,134,123.1,129.3,129.05,125.71,6985,8.89,"03-Sep-2026",176,"",""
"2841","SHRIAHIMSA","ST",486,486,473,473.1,473.1,485.6,6600,31.57,"03-Sep-2026",11,"",""
"2842","SHRIKANHA","SM",22.25,22.25,21.2,21.7,22.25,22.25,8000,1.73,"03-Sep-2026",5,"",""
"2843","SHRIKRISH","EQ",40,40,37.5,38.85,38.85,39.81,830,0.32,"03-Sep-2026",31,"",""
"2844","SHRINGARMS","EQ",217.01,219.8,217,217.28,219,216.23,290555,633.79,"03-Sep-2026",1489,"",""
"2845","SHRIPISTON","EQ",4603.5,4603.5,4518.1,4551.3,4554.9,4600.4,34532,1574.6,"03-Sep-2026",8820,"",""
"2846","SHRIRAMFIN","EQ",1056,1068.9,1038.6,1044.2,1044.2,1047,6236042,65232.65,"03-Sep-2026",104364,"",""
"2847","SHRIRAMPPS","EQ",75.62,77.1,75,75.68,76.27,75.68,1351752,1023.67,"03-Sep-2026",3275,"",""
"2848","SHRJAGP","EQ",630.45,639.25,618,621.3,620.5,615.55,241,1.51,"03-Sep-2026",26,"",""
"2849","SHUBHSHREE","SM",352.5,352.5,352,352,352,347.5,600,2.11,"03-Sep-2026",2,"",""
"2850","SHUKRAPHAR","EQ",47.37,54.9,47.1,51.93,52,46.79,8949935,4607.73,"03-Sep-2026",29534,"",""
"2851","SHYAMCENT","BE",4.85,5.05,4.85,4.96,5,5.02,47873,2.38,"03-Sep-2026",124,"",""
"2852","SHYAMDHANI","ST",52.95,54,52.95,54,54,52.95,8000,4.29,"03-Sep-2026",4,"",""
"2853","SHYAMMETL","EQ",1077.6,1101.9,1069.8,1076.4,1081,1072.6,661154,7157.88,"03-Sep-2026",14328,"",""
"2854","SHYAMTEL","EQ",11.35,11.5,11.05,11.42,11.35,11.12,6276,0.72,"03-Sep-2026",59,"",""
"2855","SICAGEN","EQ",57.93,59.5,57.93,58.65,58.45,57.93,32048,18.81,"03-Sep-2026",371,"",""
"2856","SICALLOG","BE",108.88,108.88,108.88,108.88,108.88,103.7,24495,26.67,"03-Sep-2026",64,"",""
"2857","SIDDHICOTS","SM",26.65,27.4,26.6,26.6,26.6,26.75,13200,3.56,"03-Sep-2026",10,"",""
"2858","SIDDHIKA","SM",215,223,215,223,223,215.4,1500,3.27,"03-Sep-2026",3,"",""
"2859","SIEL","EQ",30.88,32.98,30.88,30.89,30.88,32.5,3436,1.07,"03-Sep-2026",30,"",""
"2860","SIEMENS","EQ",4018.9,4111.9,4008.1,4030,4030,4018.9,388897,15770.82,"03-Sep-2026",38977,"",""
"2861","SIGACHI","EQ",32.69,33.55,32.3,32.55,32.48,32.53,2066857,678.64,"03-Sep-2026",6644,"",""
"2862","SIGIND","BE",71.99,72.49,69.05,71.14,71.2,71.58,15643,11.05,"03-Sep-2026",169,"",""
"2863","SIGMA","EQ",48.49,48.49,47,47.42,47.1,46.85,69898,33.22,"03-Sep-2026",826,"",""
"2864","SIGMAADV","BE",774.95,775,750,754.8,753.85,772.95,116874,884.83,"03-Sep-2026",2396,"",""
"2865","SIGNATURE","EQ",765.8,806.65,765.8,794.2,796,765.3,320785,2536.28,"03-Sep-2026",14215,"",""
"2866","SIGNORIA","ST",159,159,159,159,159,162,2000,3.18,"03-Sep-2026",1,"",""
"2867","SIGNPOST","EQ",244,247.95,240.15,245.45,246.5,242.7,54175,132.03,"03-Sep-2026",1970,"",""
"2868","SIKA","EQ",992.3,998.85,962.5,974.75,979,987.4,27776,271.72,"03-Sep-2026",2280,"",""
"2869","SIKKO","BE",5.27,5.35,5.17,5.33,5.34,5.19,215293,11.33,"03-Sep-2026",395,"",""
"2870","SIL","EQ",19.76,19.94,19.21,19.52,19.63,19.67,31449,6.14,"03-Sep-2026",254,"",""
"2871","SILGO","EQ",72.86,72.86,70.11,71.16,71.1,71.89,108662,76.95,"03-Sep-2026",669,"",""
"2872","SILINV","EQ",488.95,489.9,473,487.5,485.05,477.65,1040,5.03,"03-Sep-2026",79,"",""
"2873","SILKFLEX","SM",274.6,274.6,273,274.6,274.6,261.55,80000,219.65,"03-Sep-2026",59,"",""
"2874","SILKY","SM",71.15,71.15,65.85,69.95,69.95,69.4,3200,2.18,"03-Sep-2026",3,"",""
"2875","SILLYMONKS","EQ",16.39,16.39,15.99,16.24,16.25,15.99,11213,1.82,"03-Sep-2026",32,"",""
"2876","SILVER","EQ",225.2,232.75,225.2,229.64,229.05,225.17,968800,2232.69,"03-Sep-2026",7537,"",""
"2877","SILVER001","EQ",22.82,23.48,22,23.25,23.23,22.79,32911,7.56,"03-Sep-2026",93,"",""
"2878","SILVER1","EQ",22.33,22.51,21.87,22.28,22.26,21.87,78929377,17619.04,"03-Sep-2026",5908,"",""
"2879","SILVER360","EQ",224.62,230.98,224.62,226.38,226.21,222.54,7893,17.9,"03-Sep-2026",210,"",""
"2880","SILVERADD","EQ",22.26,22.5,22.15,22.19,22.15,21.71,5767771,1282.57,"03-Sep-2026",7466,"",""
"2881","SILVERAG","EQ",221.5,237.48,221.5,224.43,224,219.49,923743,2087.97,"03-Sep-2026",5418,"",""
"2882","SILVERAXIS","EQ",227.75,231,227.74,228.73,228,223.98,496540,1140.2,"03-Sep-2026",2189,"",""
"2883","SILVERBEES","EQ",220.05,221.99,219.41,219.88,219.69,215.45,16902866,37267.51,"03-Sep-2026",61439,"",""
"2884","SILVERBETA","EQ",220.6,224.61,220.6,221.96,222,217.48,824143,1836.9,"03-Sep-2026",4219,"",""
"2885","SILVERBND","EQ",230.01,232.68,230,230.37,231.35,226.02,20205,46.76,"03-Sep-2026",236,"",""
"2886","SILVERCASE","EQ",23.4,23.62,23.27,23.3,23.29,22.83,11485530,2684.63,"03-Sep-2026",6953,"",""
"2887","SILVERIETF","EQ",231.29,232.4,229.2,229.94,229.55,225.65,3361232,7737.93,"03-Sep-2026",15962,"",""
"2888","SILVERTUC","EQ",177,181,165.1,169.72,168,173.81,654744,1114.57,"03-Sep-2026",9984,"",""
"2889","SIMBHALS","BZ",7.96,7.96,7.95,7.95,7.95,8.11,2215,0.18,"03-Sep-2026",16,"",""
"2890","SIMCA","ST",257,258,257,257.65,257.3,258,4200,10.81,"03-Sep-2026",5,"",""
"2891","SIMPLEXINF","EQ",266,270.2,265.75,266.95,267.8,265.2,61855,165.5,"03-Sep-2026",1242,"",""
"2892","SIMPLXREA","EQ",139.5,139.5,139.5,139.5,139.5,136.68,1,0,"03-Sep-2026",1,"",""
"2893","SINCLAIR","EQ",82.1,85.29,82.1,83.85,84.19,82.67,88131,73.52,"03-Sep-2026",764,"",""
"2894","SINDHUTRAD","EQ",23.9,24.19,23.8,23.95,23.9,23.86,3060248,733.49,"03-Sep-2026",609,"",""
"2895","SINGERIND","EQ",74.64,76.9,73.26,75.88,76.5,74.64,127313,95.29,"03-Sep-2026",1050,"",""
"2896","SINTERCOM","EQ",77.1,80,76.57,79.61,80,76.54,8096,6.28,"03-Sep-2026",84,"",""
"2897","SIRCA","EQ",433.95,448.45,431.75,440.4,439,431.25,366522,1619.76,"03-Sep-2026",5832,"",""
"2898","SIS","EQ",433.7,441,430,435.85,433.6,430,773082,3366.97,"03-Sep-2026",16271,"",""
"2899","SITINET","BZ",0.3,0.3,0.29,0.29,0.3,0.29,607471,1.79,"03-Sep-2026",240,"",""
"2900","SIYSIL","EQ",550.25,561.8,550.25,558.65,555,550.35,24396,135.68,"03-Sep-2026",1711,"",""
"2901","SJLOGISTIC","SM",321.45,321.45,314.5,315.2,315.15,315,14750,46.72,"03-Sep-2026",55,"",""
"2902","SJS","EQ",2415.8,2432.7,2397,2411.1,2410,2403.8,91032,2196.45,"03-Sep-2026",9165,"",""
"2903","SJVN","EQ",64.52,66.05,64.26,64.98,65.15,63.92,2436292,1589.3,"03-Sep-2026",18471,"",""
"2904","SKFINDIA","EQ",1539.7,1550,1532.1,1540.6,1540,1532.1,18372,282.81,"03-Sep-2026",3151,"",""
"2905","SKFINDUS","EQ",3064,3131,3030,3062.8,3055,3039.2,63290,1949.07,"03-Sep-2026",18924,"",""
"2906","SKIPPER","EQ",541.2,553.95,539,546.9,547.9,537.15,413217,2256.34,"03-Sep-2026",12864,"",""
"2907","SKMEGGPROD","EQ",261.95,269.8,259.75,262.4,259.75,261.75,213171,565.87,"03-Sep-2026",4250,"",""
"2908","SKP","SM",148.25,149,146.05,146.6,146.95,148.1,69500,102.21,"03-Sep-2026",70,"",""
"2909","SKYGOLD","EQ",756.5,767.7,738.05,742,740,753.1,970851,7281.28,"03-Sep-2026",34078,"",""
"2910","SKYTECH","ST",44.5,44.5,44.5,44.5,44.5,46.8,3200,1.42,"03-Sep-2026",2,"",""
"2911","SKYWAYS","EQ",130.88,135.6,130,130.06,130.1,129.31,10064287,13263.19,"03-Sep-2026",65466,"",""
"2912","SLONE","ST",180.8,180.9,174.3,179.85,180.9,174.2,8800,15.8,"03-Sep-2026",16,"",""
"2913","SMALL250","EQ",18.25,18.59,18.25,18.51,18.53,18.34,171197,31.67,"03-Sep-2026",523,"",""
"2914","SMALLADD","EQ",18.47,18.56,18.45,18.56,18.56,18.33,43890,8.13,"03-Sep-2026",84,"",""
"2915","SMALLCAP","EQ",48.47,49.15,48.46,49.06,49.15,48.47,970576,475.45,"03-Sep-2026",2380,"",""
"2916","SMALLGROWW","EQ",49.14,49.34,48.86,48.96,48.95,48.58,14417,7.1,"03-Sep-2026",76,"",""
"2917","SMALLIETF","EQ",18.51,18.56,18.39,18.54,18.56,18.33,19171,3.54,"03-Sep-2026",93,"",""
"2918","SMARTEN","ST",55.5,57.3,54.85,54.85,54.85,54.75,4800,2.68,"03-Sep-2026",4,"",""
"2919","SMARTLINK","BE",207.05,214.94,206,212.72,212.46,209.37,3135,6.5,"03-Sep-2026",65,"",""
"2920","SMARTWORKS","EQ",531,535.45,529.45,531.4,530.05,525.45,23582,125.47,"03-Sep-2026",1182,"",""
"2921","SMCGLOBAL","EQ",79.37,80.4,79.02,79.42,79.49,79.37,416635,330.95,"03-Sep-2026",448,"",""
"2922","SML100CASE","EQ",11.46,11.46,11.3,11.41,11.46,11.24,1138307,129.55,"03-Sep-2026",1178,"",""
"2923","SMLMAH","EQ",5370,5790,5291,5726,5725,5318.5,246795,13890.84,"03-Sep-2026",39384,"",""
"2924","SMLT","EQ",65.87,65.87,63.5,64.59,64.9,64.61,15205,9.78,"03-Sep-2026",184,"",""
"2925","SMSPHARMA","EQ",373.05,376.4,368.55,374.15,374.1,373.05,57594,214.66,"03-Sep-2026",1774,"",""
"2926","SNEHAA","SM",46,47.7,44.5,46,46,46,5000,2.29,"03-Sep-2026",5,"",""
"2927","SNOWMAN","EQ",35.94,37,35.94,36.41,36.58,36.07,74329,27.18,"03-Sep-2026",1129,"",""
"2928","SNXT30BEES","EQ",42.55,42.6,42.33,42.43,42.43,42.6,4937,2.1,"03-Sep-2026",68,"",""
"2929","SNXT50BETA","EQ",95.9,96.14,93.5,95.56,95.09,94.97,1593,1.5,"03-Sep-2026",77,"",""
"2930","SOBHA","EQ",1245.8,1272.6,1240,1259.1,1266.4,1230.1,153978,1939.35,"03-Sep-2026",10599,"",""
"2931","SOCL","SM",29,29,29,29,29,29,1600,0.46,"03-Sep-2026",1,"",""
"2932","SOFTTECH","EQ",429.4,429.4,417,421.8,421.95,412.9,1906,8.06,"03-Sep-2026",28,"",""
"2933","SOLARA","EQ",643.55,647.6,625.1,629.85,629.6,640.35,226118,1437.35,"03-Sep-2026",8522,"",""
"2934","SOLARINDS","EQ",20635,21645,20630,21500,21500,20600,481869,103221.14,"03-Sep-2026",82659,"",""
"2935","SOLARWORLD","EQ",143.93,150.4,143.74,149.76,149.5,142.83,736863,1098.05,"03-Sep-2026",5095,"",""
"2936","SOLEX","EQ",718.5,749.4,712.6,728.95,728,712.95,57607,421.41,"03-Sep-2026",5142,"",""
"2937","SOMANYCERA","EQ",570.1,574.05,556.6,569.5,570.4,570.1,63243,358.26,"03-Sep-2026",2813,"",""
"2938","SOMATEX","EQ",92.75,92.75,88.87,92.75,92.75,88.34,35251,32.33,"03-Sep-2026",210,"",""
"2939","SOMICONVEY","EQ",95.99,95.99,90.65,92.21,93.4,90.45,11640,10.86,"03-Sep-2026",433,"",""
"2940","SONACOMS","EQ",785.5,804.9,785.05,800,800,782.65,1508741,12019.6,"03-Sep-2026",40328,"",""
"2941","SONAMAC","SM",33.95,34.1,33.95,34.1,34.1,32.5,12000,4.09,"03-Sep-2026",12,"",""
"2942","SONAMLTD","BE",73,73,67.87,67.87,67.87,71.44,96510,65.87,"03-Sep-2026",454,"",""
"2943","SONATSOFTW","EQ",290,293.35,283.5,284,284.6,289.3,812250,2332.65,"03-Sep-2026",20021,"",""
"2944","SONUINFRA","ST",42.3,42.35,42.15,42.35,42.35,40.35,31500,13.34,"03-Sep-2026",21,"",""
"2945","SOTL","EQ",743.05,759.25,732.8,737.35,737.2,752.6,514868,3819.47,"03-Sep-2026",18289,"",""
"2946","SOUTHBANK","EQ",45.88,48.3,45.83,47.7,47.74,45.74,29134346,13862.8,"03-Sep-2026",69939,"",""
"2947","SOUTHWEST","EQ",206.9,218,206.02,213.12,214.39,206.38,287767,614.3,"03-Sep-2026",4942,"",""
"2948","SPAL","EQ",1075,1090,1055,1062.8,1064.7,1072.4,47095,505.22,"03-Sep-2026",5195,"",""
"2949","SPANDANA","EQ",236.9,239.84,235.05,236.52,238,235.98,89455,211.99,"03-Sep-2026",2207,"",""
"2950","SPARC","EQ",199.58,205.9,198.5,202.54,201.9,199.58,1047061,2120,"03-Sep-2026",15164,"",""
"2951","SPCENET","EQ",3.11,3.27,3.11,3.24,3.27,3.1,989233,31.38,"03-Sep-2026",642,"",""
"2952","SPCL","SM",61.1,62.45,61.05,61.2,61.3,60.7,6600,4.05,"03-Sep-2026",11,"",""
"2953","SPEB","SM",94.85,94.85,94.5,94.5,94.5,92,4000,3.79,"03-Sep-2026",2,"",""
"2954","SPECIALITY","BE",139,140,135,135.67,137.99,138.09,10619,14.52,"03-Sep-2026",93,"",""
"2955","SPECTRUM","BE",2140,2255.7,2105,2255.7,2255.7,2148.3,10571,236.82,"03-Sep-2026",407,"",""
"2956","SPECTSTM","SM",57.95,57.95,56,56,56,58.45,4800,2.75,"03-Sep-2026",6,"",""
"2957","SPELS","EQ",148.68,152.5,147,148.61,149.37,148.68,30031,44.74,"03-Sep-2026",918,"",""
"2958","SPENCERS","EQ",28.41,29.9,28,28.57,28.6,28.51,60781,17.54,"03-Sep-2026",440,"",""
"2959","SPIC","EQ",69.26,71.9,69.01,71.13,70.85,69.09,1238148,878.01,"03-Sep-2026",6693,"",""
"2960","SPLIL","EQ",31.02,31.5,29.52,30.97,31.4,31.45,18016,5.57,"03-Sep-2026",133,"",""
"2961","SPLPETRO","EQ",721.1,727.5,717.55,725.8,726,721.85,33727,244.08,"03-Sep-2026",3073,"",""
"2962","SPMLINFRA","EQ",174.24,178,172.14,173.31,173.78,174.24,214542,373.12,"03-Sep-2026",2282,"",""
"2963","SPORTKING","EQ",227.55,233,225.75,230.6,231,225.74,377373,868.52,"03-Sep-2026",7589,"",""
"2964","SPUNWEB","SM",101.1,101.1,101.1,101.1,101.1,101.05,1200,1.21,"03-Sep-2026",1,"",""
"2965","SRD","EQ",39.4,39.8,38.11,39.66,39.59,38.63,10803,4.25,"03-Sep-2026",133,"",""
"2966","SREEL","EQ",254.96,262.3,252,258.96,262.3,253.7,14362,36.98,"03-Sep-2026",381,"",""
"2967","SRF","EQ",2602,2648,2597.2,2617,2617,2598.4,228501,5998.1,"03-Sep-2026",18407,"",""
"2968","SRGHFL","EQ",247.05,250,243.85,249.7,250,246.85,2157,5.31,"03-Sep-2026",85,"",""
"2969","SRHHYPOLTD","EQ",501.2,513,496.1,508.9,511.7,498.2,22896,115.83,"03-Sep-2026",975,"",""
"2970","SRIKPRIND","EQ",32,33.46,32,33.46,33.46,30.42,29069,9.58,"03-Sep-2026",153,"",""
"2971","SRIVASAVI","ST",75.8,76.8,75.8,76.65,76.8,73.8,5000,3.81,"03-Sep-2026",3,"",""
"2972","SRM","EQ",465.15,473.3,458.95,470.3,471.85,458.3,120862,564.88,"03-Sep-2026",4376,"",""
"2973","SRTL","EQ",36.61,38.25,35.87,36.72,36.6,36.99,109628,40.26,"03-Sep-2026",1114,"",""
"2974","SSDL","EQ",56.03,56.79,55,55.92,55.85,56.03,6565,3.66,"03-Sep-2026",211,"",""
"2975","SSEGL","SM",407,410.6,400.45,402.25,403.9,406.35,23800,96.57,"03-Sep-2026",88,"",""
"2976","SSFL","ST",253,265.65,253,265.65,265.65,253,10000,26.31,"03-Sep-2026",19,"",""
"2977","SSWL","EQ",353.4,366.6,351.3,360.8,358.05,349.7,2110565,7574.41,"03-Sep-2026",35618,"",""
"2978","STALLION","BE",214,215.97,207,207.61,207.05,212.45,275755,580.43,"03-Sep-2026",3752,"",""
"2979","STANLEY","EQ",136.9,138.1,135.51,137.46,137.95,135.41,48137,65.85,"03-Sep-2026",1205,"",""
"2980","STAR","EQ",1053.9,1073,1043.1,1053.6,1055.9,1047.8,189318,2005.28,"03-Sep-2026",10623,"",""
"2981","STARCEMENT","EQ",182,186,182,184.47,184.25,184.1,115959,213.9,"03-Sep-2026",3038,"",""
"2982","STARHEALTH","EQ",562.95,569.5,557.2,559.35,566,562.95,169205,950.18,"03-Sep-2026",13156,"",""
"2983","STARPAPER","EQ",148.3,155.5,148.3,154.47,154,147.16,21188,32.67,"03-Sep-2026",436,"",""
"2984","STARTECK","EQ",290,290,240.1,245.55,245.6,247.9,1646,4.17,"03-Sep-2026",173,"",""
"2985","STCINDIA","EQ",114,115.49,113.6,114.65,114.1,112.97,16144,18.53,"03-Sep-2026",449,"",""
"2986","STEELCAS","EQ",329.65,334.05,313.65,317.85,315,330.75,234990,750.17,"03-Sep-2026",5833,"",""
"2987","STEELCITY","EQ",82.31,86.69,82.31,86.47,86.5,82.31,23264,19.89,"03-Sep-2026",192,"",""
"2988","STEELXIND","EQ",10.69,11.52,10.52,11.31,11.35,10.61,9236654,1037.43,"03-Sep-2026",8745,"",""
"2989","STEL","EQ",629.9,629.9,602.3,606.95,612.9,601.45,1610,9.87,"03-Sep-2026",311,"",""
"2990","STERTOOLS","BE",220.06,226.99,218.4,220.78,224.39,220.06,22864,51.15,"03-Sep-2026",477,"",""
"2991","STLNETWORK","EQ",27.75,28.25,27.12,27.5,27.38,28.01,980994,271.51,"03-Sep-2026",2968,"",""
"2992","STLSTRINF","EQ",20.75,20.75,19,19.49,19.5,19.57,2313,0.46,"03-Sep-2026",40,"",""
"2993","STLTECH","BE",714.8,729,700,713.25,714,714.35,1043904,7477.73,"03-Sep-2026",50323,"",""
"2994","STOVEKRAFT","EQ",847,877,828.75,839.75,845.6,844.4,405321,3458.8,"03-Sep-2026",19781,"",""
"2995","STRIDERS","SM",64.5,66,64.5,66,66,62,9600,6.3,"03-Sep-2026",3,"",""
"2996","STUDDS","EQ",433,435.25,425.65,426.95,426,433.4,18826,80.82,"03-Sep-2026",1342,"",""
"2997","STUDIOLSD","SM",9.4,9.5,9.05,9.5,9.5,9.25,56000,5.16,"03-Sep-2026",20,"",""
"2998","STYL","EQ",386.1,394.45,384.65,387.05,387.6,386,37954,146.94,"03-Sep-2026",2310,"",""
"2999","STYLAMIND","EQ",3264.7,3302.4,3220,3240.9,3258.9,3264.8,22174,723.62,"03-Sep-2026",5319,"",""
"3000","STYLEBAAZA","EQ",402.9,403.75,393.25,394.85,395,395.45,920494,3668.86,"03-Sep-2026",8070,"",""
"3001","STYRENIX","EQ",1995,2042,1994.5,2007,2016,1990.8,42598,856.96,"03-Sep-2026",5629,"",""
"3002","SUBAHOTELS","SM",101,103,98.5,100,100,102.35,27600,27.53,"03-Sep-2026",23,"",""
"3003","SUBEXLTD","EQ",17.69,17.97,17.4,17.69,17.68,17.57,2201144,388.84,"03-Sep-2026",3842,"",""
"3004","SUBROS","EQ",708,714.8,702.7,705.85,709.5,706.8,26791,189.05,"03-Sep-2026",2109,"",""
"3005","SUDARCOLOR","EQ",393.95,400,387.05,388,388,388.75,8348,32.65,"03-Sep-2026",261,"",""
"3006","SUDARSCHEM","EQ",1249.9,1269.9,1240.3,1249.3,1249,1245.8,165084,2072.64,"03-Sep-2026",9626,"",""
"3007","SUDEEPPHRM","EQ",1241,1295.7,1238,1292.8,1292,1234,369818,4701.52,"03-Sep-2026",21848,"",""
"3008","SUKHJITS","EQ",158,160.84,156.15,157.71,157.61,157.74,5084,8.03,"03-Sep-2026",98,"",""
"3009","SULA","EQ",149.5,149.5,147,147.56,148,148.36,134101,198.26,"03-Sep-2026",2850,"",""
"3010","SUMAX","ST",108.25,112,104.95,110.65,111,110.45,655200,707.64,"03-Sep-2026",316,"",""
"3011","SUMEDHA","EQ",39.07,39.07,38.51,38.51,38.51,39.07,1789,0.69,"03-Sep-2026",5,"",""
"3012","SUMEETINDS","EQ",11.44,11.89,11.35,11.44,11.45,11.34,2381584,276.33,"03-Sep-2026",2316,"",""
"3013","SUMICHEM","EQ",511.6,515.25,495.4,498.35,497.75,505.15,255711,1286.94,"03-Sep-2026",12784,"",""
"3014","SUMIT","EQ",51.5,53.35,50.05,51.57,51.83,50.68,16207,8.3,"03-Sep-2026",699,"",""
"3015","SUMMITSEC","EQ",1416,1460.2,1405,1442.3,1453,1413.3,6550,93.46,"03-Sep-2026",482,"",""
"3016","SUNCLAY","EQ",1273.1,1299.9,1265,1291.3,1299.9,1272.6,3817,48.93,"03-Sep-2026",469,"",""
"3017","SUNDARAM","EQ",1.26,1.26,1.23,1.23,1.23,1.23,277541,3.45,"03-Sep-2026",267,"",""
"3018","SUNDARMFIN","EQ",4551,4622.4,4533.1,4578,4597,4557.2,35937,1644.57,"03-Sep-2026",10016,"",""
"3019","SUNDRMBRAK","BE",748.05,769.95,723.4,751,751,748,989,7.37,"03-Sep-2026",48,"",""
"3020","SUNDRMFAST","EQ",1201,1217.5,1192.4,1199.1,1201.9,1200.7,80543,970.42,"03-Sep-2026",10720,"",""
"3021","SUNDROP","EQ",653.8,662,648.5,656.4,654.1,653.8,6830,44.77,"03-Sep-2026",606,"",""
"3022","SUNFLAG","EQ",352,356.5,345.25,346.5,347.05,347.3,154701,541.31,"03-Sep-2026",3739,"",""
"3023","SUNLITE","SM",541.55,547,538,540.35,539.05,550,9000,48.65,"03-Sep-2026",29,"",""
"3024","SUNLOC","EQ",79.58,80,79.58,79.99,80,79.58,544,0.43,"03-Sep-2026",13,"",""
"3025","SUNPHARMA","EQ",1932,1936.8,1913,1916,1916,1931.7,1205188,23139.11,"03-Sep-2026",69430,"",""
"3026","SUNRAKSHAK","EQ",369.85,378,366,373.8,374.95,371.55,7380,27.52,"03-Sep-2026",248,"",""
"3027","SUNREST","SM",35,38.75,35,38.75,38.75,35,9600,3.48,"03-Sep-2026",6,"",""
"3028","SUNSHIEL","EQ",1170,1170,1133,1145.1,1149,1150,2400,27.46,"03-Sep-2026",99,"",""
"3029","SUNSHINE","EQ",450.5,457.65,435,438.8,438.55,445.8,1680558,7480.67,"03-Sep-2026",19016,"",""
"3030","SUNTECH","SM",42.4,42.4,41.05,41.05,41.05,43.85,25600,10.6,"03-Sep-2026",10,"",""
"3031","SUNTECK","EQ",295.9,300.65,295.9,297.75,297.1,295.5,94850,283.04,"03-Sep-2026",2705,"",""
"3032","SUNTV","EQ",462,466.9,460.1,465.9,465.95,460.6,179475,831.8,"03-Sep-2026",10999,"",""
"3033","SUPERHOUSE","EQ",168.54,170.78,165.15,168.74,169.98,168.37,4295,7.24,"03-Sep-2026",131,"",""
"3034","SUPERSPIN","BE",6.54,6.83,6.54,6.83,6.83,6.51,46779,3.15,"03-Sep-2026",99,"",""
"3035","SUPRAJIT","EQ",504.25,505.65,486,489.7,488.6,501.3,72817,358.26,"03-Sep-2026",5022,"",""
"3036","SUPREME","EQ",36.96,37.1,36.1,36.21,36.49,36.96,14721,5.37,"03-Sep-2026",173,"",""
"3037","SUPREMEENG","BZ",2.98,2.98,2.98,2.98,2.98,2.93,138558,4.13,"03-Sep-2026",87,"",""
"3038","SUPREMEIND","EQ",3530.7,3558.4,3472.6,3508.1,3508.1,3530.6,243267,8513.11,"03-Sep-2026",18752,"",""
"3039","SUPREMEINF","EQ",85.74,85.98,83.25,83.49,83.25,84.62,28151,23.82,"03-Sep-2026",1134,"",""
"3040","SUPREMEPWR","SM",215.55,222.2,215,219.1,221.05,214.75,51000,112.04,"03-Sep-2026",88,"",""
"3041","SUPRIYA","EQ",850,852.9,834,842.7,843.15,841.2,195699,1648.24,"03-Sep-2026",11974,"",""
"3042","SUPTANERY","BE",13.94,13.94,13.94,13.94,13.94,14.67,57815,8.06,"03-Sep-2026",493,"",""
"3043","SURAJEST","EQ",187.44,187.44,175.21,177.8,178,189.94,336506,609.2,"03-Sep-2026",5695,"",""
"3044","SURAJLTD","EQ",205,206.97,198.5,203.17,203.98,204.15,4063,8.26,"03-Sep-2026",117,"",""
"3045","SURAKSHA","EQ",340.15,343.75,337,339.6,340.4,340.35,67378,228.85,"03-Sep-2026",1771,"",""
"3046","SURANASOL","EQ",26.07,26.25,25.85,25.94,25.99,26.07,20061,5.21,"03-Sep-2026",329,"",""
"3047","SURANAT&P","EQ",16.03,16.6,16.03,16.21,16.19,16.03,24782,4.04,"03-Sep-2026",207,"",""
"3048","SURANI","SM",100,100,98,100,100,103.1,14000,13.98,"03-Sep-2026",15,"",""
"3049","SURYALA","EQ",419,423.9,403.6,407.7,410,414.95,1898,7.9,"03-Sep-2026",66,"",""
"3050","SURYALAXMI","EQ",60.6,60.6,59.12,60.03,60,60.6,2478,1.48,"03-Sep-2026",40,"",""
"3051","SURYAROSNI","EQ",216.6,220,215.4,216.66,216.7,216.3,267243,580.78,"03-Sep-2026",6210,"",""
"3052","SURYODAY","EQ",151.81,154.68,151.81,153.57,152.45,151.81,201297,309.3,"03-Sep-2026",2442,"",""
"3053","SUTLEJTEX","BE",38.89,40.7,38.51,38.96,39.05,38.77,15721,6.22,"03-Sep-2026",112,"",""
"3054","SUVEN","EQ",374,391,367.75,378.35,382,372.85,1692997,6386.02,"03-Sep-2026",52574,"",""
"3055","SUVIDHAA","EQ",2.11,2.14,1.91,2.06,2.04,2.11,104777,2.16,"03-Sep-2026",273,"",""
"3056","SUYOG","EQ",738.5,747.8,730.3,737.3,732,731.35,19414,143.14,"03-Sep-2026",1053,"",""
"3057","SUZLON","EQ",45.7,46.38,45.55,46.03,46.03,45.46,32563002,15002.03,"03-Sep-2026",54038,"",""
"3058","SVGLOBAL","EQ",130,144.01,124.99,144.01,144.01,120.01,16618,23.73,"03-Sep-2026",218,"",""
"3059","SVLL","BE",819.9,819.9,806,806,806,807,1033,8.42,"03-Sep-2026",21,"",""
"3060","SVPGLOB","EQ",3.67,3.69,3.5,3.59,3.59,3.62,90056,3.19,"03-Sep-2026",68,"",""
"3061","SWANCORP","EQ",287.75,290,282.75,284.1,283.2,285.4,839586,2407.57,"03-Sep-2026",11807,"",""
"3062","SWANDEF","BE",2566.9,2566.9,2322.5,2490,2566.9,2444.7,143233,3402.72,"03-Sep-2026",1615,"",""
"3063","SWARAJ","BE",370,370,353.5,354.5,358.4,357.4,81722,290.86,"03-Sep-2026",488,"",""
"3064","SWARAJENG","EQ",3560,3594.9,3541,3554.7,3550,3540.9,2871,102.18,"03-Sep-2026",720,"",""
"3065","SWARNSAR","EQ",35.75,35.75,34.11,35.48,35.49,34.11,2449,0.84,"03-Sep-2026",26,"",""
"3066","SWASTIK","ST",20,20,20,20,20,20,7200,1.44,"03-Sep-2026",5,"",""
"3067","SWELECTES","EQ",585.8,590.2,574.9,576.9,575,584.35,34091,197.54,"03-Sep-2026",1210,"",""
"3068","SWIGGY","EQ",265.35,275.25,261.35,269.3,269.3,267.7,56303392,151570.3,"03-Sep-2026",202964,"",""
"3069","SWISSMLTRY","BE",15.8,16,15.1,15.4,15.4,15.89,75051,11.49,"03-Sep-2026",257,"",""
"3070","SWSOLAR","EQ",187.27,191.6,187.02,187.79,188.2,187.16,616398,1161.52,"03-Sep-2026",8860,"",""
"3071","SYMBIOTEC","EQ",1115.05,1126.75,1068.55,1076.85,1078.95,1092.8,1921139,20957.07,"03-Sep-2026",80404,"",""
"3072","SYMPHONY","EQ",572,573.9,567.3,572.8,573.8,567.75,28239,161.25,"03-Sep-2026",1750,"",""
"3073","SYNCOMF","EQ",21.43,22.59,20.66,21.36,21.29,21.39,24871510,5458.54,"03-Sep-2026",45658,"",""
"3074","SYNGENE","EQ",398.8,403,397,400.8,400.35,398.6,375233,1499.21,"03-Sep-2026",18396,"",""
"3075","SYNOPTICS","ST",49.45,49.45,47,47,47,49.45,6600,3.12,"03-Sep-2026",11,"",""
"3076","SYRMA","EQ",1447.3,1460,1405.5,1452.8,1455.2,1434,566330,8147.67,"03-Sep-2026",31067,"",""
"3077","SYSTANGO","SM",234.5,239.95,229.05,230.1,229.3,232.25,24800,58.48,"03-Sep-2026",57,"",""
"3078","SYSTMTXC","BE",59.5,59.5,56,57.37,58,56.82,6188,3.57,"03-Sep-2026",64,"",""
"3079","TAALTECH","EQ",4500,4625,4432,4496,4517,4399.6,6900,312.93,"03-Sep-2026",1254,"",""
"3080","TAC","ST",430,446,430,437.25,435,427,41200,180.5,"03-Sep-2026",173,"",""
"3081","TAINWALCHM","EQ",208,210,207.25,207.63,207.5,207.48,653,1.36,"03-Sep-2026",45,"",""
"3082","TAJGVK","EQ",342.35,342.35,332.85,333.8,336.05,343.45,58168,195.58,"03-Sep-2026",2181,"",""
"3083","TAKE","EQ",13.17,13.17,13.17,13.17,13.17,13.86,183088,24.11,"03-Sep-2026",381,"",""
"3084","TALBROAUTO","EQ",409.95,417,409.4,412.15,413.15,407.4,75093,310.89,"03-Sep-2026",2885,"",""
"3085","TAMBOLIIN","BE",253.5,260,245.2,250,250,253,990,2.54,"03-Sep-2026",24,"",""
"3086","TANAA","EQ",297,297,279,282.35,281,281.5,16663,47.42,"03-Sep-2026",617,"",""
"3087","TANKUP","ST",1608.35,1608.35,1608.35,1608.35,1608.35,1576.85,2250,36.19,"03-Sep-2026",8,"",""
"3088","TANLA","EQ",529.95,536.55,509.8,514.8,515.8,527.85,920859,4775.42,"03-Sep-2026",32289,"",""
"3089","TARACHAND","EQ",47.11,48.99,47.11,48.33,48.99,47.63,70834,34.02,"03-Sep-2026",1229,"",""
"3090","TARAPUR","EQ",13.5,13.57,13.04,13.33,13.06,13.04,14785,1.96,"03-Sep-2026",160,"",""
"3091","TARC","EQ",121.1,127.85,121.1,124.19,124.2,121.29,1519411,1899.24,"03-Sep-2026",12885,"",""
"3092","TARIL","EQ",304.8,305.8,300,300.6,300.7,302,757858,2293.02,"03-Sep-2026",13433,"",""
"3093","TARMAT","EQ",65.29,67,63.56,64.49,64,62.78,453190,296.52,"03-Sep-2026",2213,"",""
"3094","TARSONS","EQ",346,349.4,333.1,336.5,336.45,345.35,197734,678.69,"03-Sep-2026",4331,"",""
"3095","TASTYBITE","EQ",10008,10420,9862,10052,10075,10008,4833,494.59,"03-Sep-2026",1439,"",""
"3096","TATACAP","EQ",364.85,372.8,364.75,371.85,372.2,364.75,768452,2844.84,"03-Sep-2026",23907,"",""
"3097","TATACHEM","EQ",637.15,646,630,641.35,643,633.95,356223,2272.22,"03-Sep-2026",11193,"",""
"3098","TATACOMM","EQ",1707,1722.5,1685,1696.4,1700.3,1710,228034,3864.72,"03-Sep-2026",17397,"",""
"3099","TATACONSUM","EQ",1012.5,1023,1008,1019.2,1019.2,1012,935640,9524.57,"03-Sep-2026",48691,"",""
"3100","TATAELXSI","EQ",3630,3637.1,3580,3580,3580,3609,83588,3009.99,"03-Sep-2026",11981,"",""
"3101","TATAGOLD","EQ",14.82,14.9,14.53,14.82,14.82,14.53,45769466,6788.92,"03-Sep-2026",67807,"",""
"3102","TATAINVEST","EQ",628.2,640.9,628.2,637.95,639.65,628.1,165245,1050.09,"03-Sep-2026",7498,"",""
"3103","TATAPOWER","EQ",366.55,370.75,362.75,365.7,365.7,364,5763428,21173.69,"03-Sep-2026",59583,"",""
"3104","TATASTEEL","EQ",184.11,187.65,182,184.2,184.2,183.85,21964971,40428.19,"03-Sep-2026",129694,"",""
"3105","TATATECH","EQ",810.05,824,802.85,805.1,804,813.25,794230,6432.16,"03-Sep-2026",27544,"",""
"3106","TATSILV","EQ",22.42,22.59,21.88,22.34,22.34,21.88,33644060,7541.95,"03-Sep-2026",39340,"",""
"3107","TATVA","EQ",1611,1639.5,1590,1596.2,1598.1,1616.9,21700,349.51,"03-Sep-2026",2991,"",""
"3108","TAURIAN","ST",500,514.8,500,506,506,509.6,12000,60.74,"03-Sep-2026",12,"",""
"3109","TBI","SM",71.85,74,71.05,72.7,73,71.15,70800,51.45,"03-Sep-2026",93,"",""
"3110","TBOTEK","EQ",1691.3,1743.9,1691.3,1733.7,1726,1700,112394,1935.91,"03-Sep-2026",14675,"",""
"3111","TBZ","EQ",414,457.15,402.3,437.15,443.95,418.25,6949776,29460.9,"03-Sep-2026",85143,"",""
"3112","TCC","EQ",234.47,236,230,233.13,235,233.31,156017,364.24,"03-Sep-2026",3541,"",""
"3113","TCI","EQ",876.05,896,865.15,870.9,868.5,869.1,15809,137.75,"03-Sep-2026",2888,"",""
"3114","TCIEXP","EQ",544,549.6,539.5,541.3,541,544.35,48096,261,"03-Sep-2026",804,"",""
"3115","TCIFINANCE","BE",15.5,15.5,15,15.08,15.3,15.2,8467,1.28,"03-Sep-2026",41,"",""
"3116","TCL","SM",126.65,126.65,123.2,123.6,123.2,125.7,8000,10.04,"03-Sep-2026",10,"",""
"3117","TCPLPACK","EQ",4010.3,4040,3921,3956.6,4000,4000.3,3872,153.58,"03-Sep-2026",1070,"",""
"3118","TCS","EQ",2353.6,2353.6,2316.1,2320.1,2320.1,2348,1892786,44147.1,"03-Sep-2026",90065,"",""
"3119","TDPOWERSYS","EQ",739.7,760.95,717.2,722.55,720,735.05,1644894,12089.67,"03-Sep-2026",65679,"",""
"3120","TEAMGTY","EQ",249.5,249.5,238.01,243.68,243.68,244.44,87,0.21,"03-Sep-2026",10,"",""
"3121","TEAMLEASE","EQ",1250.7,1264.2,1236.8,1250,1245,1252.7,46412,579.02,"03-Sep-2026",3148,"",""
"3122","TEAMTECH","ST",140,141,136,138,136,141,18000,25.08,"03-Sep-2026",8,"",""
"3123","TECH","EQ",33.91,33.91,33.59,33.82,33.83,34.14,33913,11.45,"03-Sep-2026",153,"",""
"3124","TECHD","SM",535,550,525.1,531,531.05,535.7,27300,146.33,"03-Sep-2026",84,"",""
"3125","TECHERA","SM",167.1,167.1,158.65,158.8,158.65,166.95,86400,139.53,"03-Sep-2026",99,"",""
"3126","TECHLABS","SM",118,119,115.05,118.3,118.7,117.65,5000,5.86,"03-Sep-2026",36,"",""
"3127","TECHM","EQ",1623,1625.6,1592,1598,1598,1623,1647483,26363.09,"03-Sep-2026",57407,"",""
"3128","TECHNOCRAF","EQ",382.5,383.85,368.35,373.2,372.1,376.1,1013523,3804.65,"03-Sep-2026",15086,"",""
"3129","TECHNOE","EQ",969.95,985,964.15,973.65,981.7,969.95,121380,1181.56,"03-Sep-2026",9650,"",""
"3130","TECHNVISN","EQ",5097.5,5197.5,5025,5136.5,5100,5112,93,4.76,"03-Sep-2026",51,"",""
"3131","TECILCHEM","EQ",10.01,10.25,9.7,9.98,9.98,9.89,26942,2.71,"03-Sep-2026",101,"",""
"3132","TEGA","EQ",1552,1561.9,1539,1552.8,1548.5,1539.7,41708,646.5,"03-Sep-2026",3693,"",""
"3133","TEJA","SM",232,247.5,232,240.3,240.5,238.05,69000,165.69,"03-Sep-2026",24,"",""
"3134","TEJASNET","EQ",552,579.9,551.3,567.45,568,548.85,6100353,34778.05,"03-Sep-2026",108752,"",""
"3135","TEMBO","EQ",56.8,57.24,55.85,55.94,56,56.67,902512,507.56,"03-Sep-2026",3071,"",""
"3136","TEMPSENS","EQ",577.5,584.95,556.05,568.55,567,566.3,5154377,29455.9,"03-Sep-2026",74533,"",""
"3137","TENNIND","EQ",524.4,526.05,514.3,515.7,516.75,519.8,642129,3337.78,"03-Sep-2026",35616,"",""
"3138","TERAI","EQ",130.3,133,124,124.3,124.3,133.98,155,0.19,"03-Sep-2026",11,"",""
"3139","TERASOFT","EQ",295.3,295.3,279.95,281.3,283,290.55,11763,33.64,"03-Sep-2026",601,"",""
"3140","TEXINFRA","EQ",115.34,118.74,113.99,116.7,115.37,113.96,629538,730.37,"03-Sep-2026",2985,"",""
"3141","TEXMOPIPES","EQ",45.41,46.35,45.25,45.49,45.5,45.67,14788,6.76,"03-Sep-2026",187,"",""
"3142","TEXRAIL","EQ",114.55,115.49,113.02,113.63,113.99,113.65,1428530,1632.7,"03-Sep-2026",12519,"",""
"3143","TFCILTD","EQ",146.35,147.3,142.9,146.71,146.75,146.14,12510406,18279.51,"03-Sep-2026",23951,"",""
"3144","TFL","EQ",12.46,12.78,12.24,12.56,12.78,12.44,5851,0.73,"03-Sep-2026",37,"",""
"3145","TGBHOTELS","EQ",9.85,9.85,9.32,9.69,9.72,9.67,2536,0.25,"03-Sep-2026",56,"",""
"3146","TGL","ST",18.75,18.75,18.4,18.4,18.4,18.75,14600,2.7,"03-Sep-2026",41,"",""
"3147","TGVSL","EQ",105,109.64,103.5,108.57,108.99,103.35,458900,492.85,"03-Sep-2026",3044,"",""
"3148","THACKER","BE",1049.95,1049.95,950,1002,1024,1000,25,0.24,"03-Sep-2026",11,"",""
"3149","THAKDEV","EQ",139,147,138.15,147,147,138.09,102,0.14,"03-Sep-2026",4,"",""
"3150","THANGAMAYL","EQ",5251,5341.5,5239,5295,5262,5238,61058,3229.58,"03-Sep-2026",14915,"",""
"3151","THEINVEST","EQ",96.89,99.48,93.3,98.1,98,94.6,9308,9.04,"03-Sep-2026",244,"",""
"3152","THEJO","EQ",2099.9,2109.8,2080,2091,2081,2098.7,1522,31.79,"03-Sep-2026",237,"",""
"3153","THELEELA","EQ",569.9,575.3,556.6,566.05,563,569.9,520191,2939.7,"03-Sep-2026",18265,"",""
"3154","THEMISMED","EQ",124.77,126.9,123.72,124.87,124.04,124.15,81469,102.14,"03-Sep-2026",1609,"",""
"3155","THERMAX","EQ",3780.3,3821.9,3710,3733.9,3717,3752.5,130678,4924.02,"03-Sep-2026",24208,"",""
"3156","THESL","ST",16.15,16.15,16.15,16.15,16.15,17,3000,0.48,"03-Sep-2026",1,"",""
"3157","THOMASCOOK","EQ",106.8,107.68,105.45,106.31,106.51,106.09,674590,716.94,"03-Sep-2026",5276,"",""
"3158","THOMASCOTT","EQ",267.05,267.95,259.85,260.95,260,267.05,32954,86.48,"03-Sep-2026",822,"",""
"3159","THYROCARE","EQ",579.65,582,572.35,578.65,578,576.75,189696,1096.3,"03-Sep-2026",23636,"",""
"3160","TI","EQ",556.2,556.65,540.9,544.25,541.9,552.35,287376,1576.17,"03-Sep-2026",8777,"",""
"3161","TICL","BE",8.29,8.29,8,8.08,8.09,8.23,59154,4.8,"03-Sep-2026",162,"",""
"3162","TIGERLOGS","EQ",28.66,30.19,28.25,29.22,29.4,28.25,113888,33.5,"03-Sep-2026",757,"",""
"3163","TIIL","EQ",3292.9,3379,3251.1,3267.4,3260,3262,34940,1153.79,"03-Sep-2026",7699,"",""
"3164","TIINDIA","EQ",2720,2735.4,2685.4,2735.4,2735.4,2720,210450,5692.46,"03-Sep-2026",20277,"",""
"3165","TIJARIA","EQ",7.79,9.09,7.78,9.09,9.09,7.58,671916,59.34,"03-Sep-2026",1127,"",""
"3166","TIL","BE",235.15,245,235.15,245,245,233.34,157841,385.35,"03-Sep-2026",401,"",""
"3167","TIMETECHNO","EQ",189,191.51,187.59,189.36,190,188.02,1971691,3733.73,"03-Sep-2026",17758,"",""
"3168","TIMEX","EQ",649,654.9,641.55,649.55,651.75,643.15,120673,783.04,"03-Sep-2026",11656,"",""
"3169","TIMKEN","EQ",3142.6,3148,3112,3124.8,3129,3134.5,14717,459.65,"03-Sep-2026",3478,"",""
"3170","TINNARUBR","EQ",1030,1056,1020.05,1036.8,1039.95,1020.05,54325,565.9,"03-Sep-2026",4105,"",""
"3171","TIPSFILMS","EQ",330.25,339.95,326.3,331.35,328.35,330.45,1781,5.95,"03-Sep-2026",163,"",""
"3172","TIPSMUSIC","EQ",632,662.4,630.3,652.05,647.5,631.45,304455,1987.04,"03-Sep-2026",20552,"",""
"3173","TIRUMALCHM","EQ",158,162.5,157.15,157.86,158.4,159.82,360451,576.34,"03-Sep-2026",5794,"",""
"3174","TIRUPATI","SM",295,324,295,324,324,310,625,1.88,"03-Sep-2026",5,"",""
"3175","TIRUPATIFL","BE",66.55,69.15,66,68.42,68.9,66.33,201524,138.17,"03-Sep-2026",734,"",""
"3176","TITAGARH","EQ",828,851,824.4,844.2,845,824.95,365854,3065.18,"03-Sep-2026",18389,"",""
"3177","TITAN","EQ",5057.5,5072.5,4952,5027,5027,5074,571600,28594.35,"03-Sep-2026",62879,"",""
"3178","TMB","EQ",911.95,947.5,911.95,942.45,935,906.6,296216,2781.64,"03-Sep-2026",16990,"",""
"3179","TMCV","EQ",450,462.5,447.65,460.35,460.55,447.45,7518097,34338.67,"03-Sep-2026",70035,"",""
"3180","TMPV","EQ",314,314.25,309.6,312,312,312.75,5195643,16195.5,"03-Sep-2026",60643,"",""
"3181","TNIDETF","EQ",91.05,92.39,90.49,91.01,91.26,91.29,907895,826.82,"03-Sep-2026",558,"",""
"3182","TNPETRO","EQ",135.74,141,133.41,137.81,136.5,133.73,3080772,4228.15,"03-Sep-2026",24522,"",""
"3183","TNPL","EQ",145.8,159.55,144.99,154.36,155,145.69,1697890,2619.38,"03-Sep-2026",22074,"",""
"3184","TNTELE","EQ",9,9,8.83,8.86,8.84,9,22844,2.03,"03-Sep-2026",112,"",""
"3185","TOKYOPLAST","EQ",77,77.95,75.12,77.79,77.79,77,387,0.29,"03-Sep-2026",11,"",""
"3186","TOLINS","EQ",92,93.73,91.3,91.94,92,91.91,35175,32.39,"03-Sep-2026",667,"",""
"3187","TOP100CASE","EQ",10.59,10.59,10.45,10.52,10.56,10.51,507193,53.44,"03-Sep-2026",1022,"",""
"3188","TOP10ADD","EQ",88.13,88.25,87.52,87.79,87.52,87.87,55616,48.97,"03-Sep-2026",716,"",""
"3189","TOP15IETF","EQ",9.8,9.96,9.79,9.82,9.85,9.8,122479,12.04,"03-Sep-2026",316,"",""
"3190","TOP20","EQ",8.91,8.93,8.88,8.88,8.88,8.9,23295,2.07,"03-Sep-2026",264,"",""
"3191","TORNTPHARM","EQ",5025,5025,4886.5,4905.5,4905.5,5012,328567,16186.46,"03-Sep-2026",27026,"",""
"3192","TORNTPOWER","EQ",1283.5,1327.4,1279.2,1289.3,1287,1248.9,2762103,36133.87,"03-Sep-2026",108254,"",""
"3193","TOTAL","EQ",71.65,71.65,70,70.31,70.99,69.06,2917,2.06,"03-Sep-2026",80,"",""
"3194","TOUCHWOOD","EQ",58.2,59.2,58.2,59.2,59.2,58.13,704,0.42,"03-Sep-2026",12,"",""
"3195","TOYAMSL","EQ",0.64,0.64,0.61,0.61,0.62,0.63,278952,1.75,"03-Sep-2026",165,"",""
"3196","TPHQ","BE",0.57,0.58,0.55,0.55,0.56,0.57,1120838,6.21,"03-Sep-2026",504,"",""
"3197","TPLPLASTEH","EQ",71.85,74.9,71.5,72.53,72.2,71.04,118232,85.69,"03-Sep-2026",1276,"",""
"3198","TRACXN","EQ",30.05,30.15,29.7,29.94,29.8,30.02,157689,47.27,"03-Sep-2026",642,"",""
"3199","TRANSCOR","EQ",24.92,25.7,24.92,24.97,25,24.92,2972,0.75,"03-Sep-2026",68,"",""
"3200","TRANSPEK","BE",1435,1435,1365,1390,1390,1384.9,1170,16.37,"03-Sep-2026",99,"",""
"3201","TRANSRAILL","EQ",431,435.55,425.8,427.45,427,427.15,279513,1202.12,"03-Sep-2026",10220,"",""
"3202","TRANSTEEL","SM",75.15,77.25,74,76.7,76.7,75.2,113000,86.52,"03-Sep-2026",89,"",""
"3203","TRANSWORLD","BE",163.6,169.67,163.25,169,169,166.35,4939,8.34,"03-Sep-2026",39,"",""
"3204","TRAVELFOOD","EQ",1279.9,1300,1265,1278.4,1280.9,1273.5,30371,387.24,"03-Sep-2026",3949,"",""
"3205","TREEHOUSE","EQ",6.31,6.31,5.81,6.22,6.25,6.12,30378,1.87,"03-Sep-2026",128,"",""
"3206","TREJHARA","EQ",144.8,150,143,145.99,145.21,144.78,34833,51.53,"03-Sep-2026",686,"",""
"3207","TREL","EQ",27.22,27.99,26.85,26.94,27,26.96,96090,26.04,"03-Sep-2026",3474,"",""
"3208","TRENT","EQ",2860,2879.8,2815.6,2815.6,2815.6,2852.3,520969,14820.27,"03-Sep-2026",28523,"",""
"3209","TRF","EQ",225.9,231.98,223.01,230.03,230.75,223.64,11947,27.06,"03-Sep-2026",460,"",""
"3210","TRIDENT","EQ",24.06,24.24,23.9,23.99,23.97,24.06,1720094,413.32,"03-Sep-2026",8782,"",""
"3211","TRIDHYA","ST",7.25,7.25,7.2,7.2,7.2,7.55,9000,0.65,"03-Sep-2026",3,"",""
"3212","TRIGYN","EQ",59.55,60.24,56.54,59.6,59.2,59.36,79037,46.3,"03-Sep-2026",991,"",""
"3213","TRITONV","EQ",1140,1148.8,1101.1,1115.5,1114,1124.4,2475,27.93,"03-Sep-2026",250,"",""
"3214","TRITURBINE","EQ",565.2,573.9,562.85,571.7,571.55,565.2,281796,1602.81,"03-Sep-2026",30445,"",""
"3215","TRIVENI","EQ",284.8,287,278.65,280.5,282.4,282.6,655024,1849.53,"03-Sep-2026",10356,"",""
"3216","TROM","SM",59.5,61,59.5,60.35,60.55,58,6600,3.98,"03-Sep-2026",10,"",""
"3217","TRU","EQ",4.1,4.16,3.93,4.08,4.05,4.07,64659,2.62,"03-Sep-2026",232,"",""
"3218","TRUALT","EQ",432,433.05,424.25,426.4,427.5,428.85,165202,707.62,"03-Sep-2026",5205,"",""
"3219","TRUST","SM",33,34,31.35,31.4,31.4,32.85,17400,5.57,"03-Sep-2026",24,"",""
"3220","TSC","ST",41.05,41.85,41,41,41,41.05,8000,3.3,"03-Sep-2026",4,"",""
"3221","TSFINV","EQ",405.15,408.8,402.6,406.05,407,403.15,21820,88.37,"03-Sep-2026",1163,"",""
"3222","TTKHLTCARE","EQ",1135,1145.9,1097,1103.2,1097,1131.5,26667,297.49,"03-Sep-2026",3102,"",""
"3223","TTKPRESTIG","EQ",593,593,579.7,583.95,583.15,586.25,39625,231.06,"03-Sep-2026",3415,"",""
"3224","TTL","EQ",6.79,6.95,6.58,6.86,6.94,6.75,250415,16.92,"03-Sep-2026",449,"",""
"3225","TTML","EQ",38.25,38.25,37.82,38.01,38.03,38,978489,371.75,"03-Sep-2026",5919,"",""
"3226","TUNWAL","SM",25.15,26.85,25.15,25.25,25.35,25.1,118000,30.19,"03-Sep-2026",50,"",""
"3227","TURTLEMINT","EQ",145,148.19,143.1,144.29,144,144.08,596945,868.76,"03-Sep-2026",12938,"",""
"3228","TUTIALKA","EQ",60.32,61.8,59.9,61,61,61.55,2495,1.52,"03-Sep-2026",62,"",""
"3229","TVSELECT","EQ",418,431.4,415.35,421.3,423,420.75,34274,144.34,"03-Sep-2026",1438,"",""
"3230","TVSHLTD","EQ",13150,13200,13052,13156,13142,13045,2091,274.73,"03-Sep-2026",820,"",""
"3231","TVSMOTOR","EQ",4204.9,4221.6,4151,4200,4200,4200,727008,30405.23,"03-Sep-2026",42778,"",""
"3232","TVSSCS","EQ",124.99,130.7,124.99,129.53,129.49,124.39,1073908,1375.67,"03-Sep-2026",15150,"",""
"3233","TVSSRICHAK","EQ",5426,5475,5211,5249,5290,5426,16332,863.36,"03-Sep-2026",3627,"",""
"3234","TVTODAY","EQ",110.06,114.17,110.06,111.14,111,112.12,17942,20,"03-Sep-2026",288,"",""
"3235","TVVISION","BE",3.47,3.47,3.31,3.4,3.4,3.31,35494,1.19,"03-Sep-2026",52,"",""
"3236","TWCGOLDETF","EQ",151.52,152.53,151.44,152.19,152.15,149.01,2660,4.05,"03-Sep-2026",99,"",""
"3237","UBL","EQ",1289,1325.4,1279.7,1284.2,1284,1282.6,161022,2083.4,"03-Sep-2026",14044,"",""
"3238","UCAL","BE",149.1,150,145.75,148.08,147.95,148.11,7103,10.54,"03-Sep-2026",106,"",""
"3239","UCL","ST",249.75,249.75,249.75,249.75,249.75,254.8,88000,219.78,"03-Sep-2026",5,"",""
"3240","UCOBANK","EQ",24.53,25.09,24.53,24.64,24.75,24.39,6948260,1724.01,"03-Sep-2026",18167,"",""
"3241","UDAYJEW","EQ",138,145,135.6,138.14,140,133.31,1667,2.33,"03-Sep-2026",55,"",""
"3242","UDS","EQ",234.7,238.71,230.42,236.61,238.71,231.44,1784517,4188.45,"03-Sep-2026",13648,"",""
"3243","UEL","EQ",227.9,230.1,223.53,230.1,230.1,219.15,13528,30.94,"03-Sep-2026",231,"",""
"3244","UFBL","BE",727,734.75,702.7,719.2,720.5,727.25,42814,308.35,"03-Sep-2026",955,"",""
"3245","UFLEX","EQ",702.5,708.25,671.05,686.7,683.9,701.8,534244,3674.74,"03-Sep-2026",27770,"",""
"3246","UFO","EQ",66.75,66.75,65.05,65.44,65.48,65.38,9838,6.46,"03-Sep-2026",230,"",""
"3247","UGARSUGAR","EQ",55.3,59.31,55.01,58.56,59.1,55.01,1345825,781.01,"03-Sep-2026",9336,"",""
"3248","UGROCAP","EQ",85.1,85.99,84.5,84.89,84.75,85.1,113260,96.32,"03-Sep-2026",1653,"",""
"3249","UHTL","ST",155.3,155.3,155.3,155.3,155.3,152.3,38000,59.01,"03-Sep-2026",7,"",""
"3250","UJJIVANSFB","EQ",64.25,65.22,62.6,62.99,62.9,63.64,21859923,13865.99,"03-Sep-2026",92838,"",""
"3251","ULTRACEMCO","EQ",11450,11450,11275,11275,11275,11393,247711,28082.16,"03-Sep-2026",35274,"",""
"3252","ULTRAMAR","EQ",443.9,443.9,428.25,435.15,436.2,441.35,92645,404.06,"03-Sep-2026",4019,"",""
"3253","UMAEXPORTS","BE",24.45,24.45,24.45,24.45,24.45,24.94,1177,0.29,"03-Sep-2026",22,"",""
"3254","UMESLTD","EQ",4.9,5.12,4.9,5,5,4.88,10967,0.55,"03-Sep-2026",117,"",""
"3255","UMIYA-MRO","EQ",98,99.39,96,96.84,96,97.39,26345,25.73,"03-Sep-2026",332,"",""
"3256","UNICHEMLAB","EQ",562,569.25,542.85,547.95,549,559.65,73499,406.48,"03-Sep-2026",3277,"",""
"3257","UNIDT","BE",226,226,214,221.96,223,221.27,9220,20.44,"03-Sep-2026",159,"",""
"3258","UNIECOM","EQ",85.95,87.38,85.7,85.93,85.89,85.83,118111,101.67,"03-Sep-2026",1220,"",""
"3259","UNIENTER","EQ",96.68,96.68,93.25,94.06,93.81,93.74,1277,1.21,"03-Sep-2026",53,"",""
"3260","UNIHEALTH","SM",725,729,709,719.95,719.95,717.6,3500,25.17,"03-Sep-2026",7,"",""
"3261","UNIINFO","EQ",11.45,11.54,10.89,11.26,11.46,11.45,1968,0.22,"03-Sep-2026",28,"",""
"3262","UNILEX","SM",27.45,27.45,27.45,27.45,27.45,26.5,4800,1.32,"03-Sep-2026",2,"",""
"3263","UNIMECH","EQ",1455.1,1497.8,1450.5,1465.3,1475,1451.9,136446,2008.16,"03-Sep-2026",8159,"",""
"3264","UNIONBANK","EQ",187.5,190.75,186.75,189,189,186.86,13672026,25857.23,"03-Sep-2026",59542,"",""
"3265","UNIONGOLD","EQ",150,150.35,149.1,149.6,149.65,145.95,969,1.45,"03-Sep-2026",97,"",""
"3266","UNIPARTS","EQ",888.15,909.45,888.15,899.9,895,886.35,128342,1155.35,"03-Sep-2026",8323,"",""
"3267","UNITDSPR","EQ",1474.2,1488.9,1448,1488.9,1488.9,1469.5,695331,10270.78,"03-Sep-2026",18463,"",""
"3268","UNITECH","EQ",3.77,3.78,3.67,3.71,3.72,3.74,4719384,174.79,"03-Sep-2026",2107,"",""
"3269","UNITEDPOLY","EQ",38.02,41.5,37.32,40.41,41.45,38.04,288213,113.64,"03-Sep-2026",587,"",""
"3270","UNITEDTEA","EQ",444,449.65,442.2,447.05,447,442.95,535,2.39,"03-Sep-2026",56,"",""
"3271","UNIVASTU","BE",163.85,168.73,157.09,168.4,165.31,160.7,131098,216.97,"03-Sep-2026",750,"",""
"3272","UNIVCABLES","EQ",1645,1655.2,1608.3,1626.8,1630.9,1628,74008,1205.36,"03-Sep-2026",9353,"",""
"3273","UNIVPHOTO","BE",464,467.25,455.05,467.25,467.25,445,1124,5.22,"03-Sep-2026",37,"",""
"3274","UNOMINDA","EQ",1244,1269,1235.8,1269,1269,1236,638835,7971.02,"03-Sep-2026",41964,"",""
"3275","UPHOT","EQ",1500,1500,1386.1,1387,1387,1459,393,5.5,"03-Sep-2026",22,"",""
"3276","UPL","EQ",579,586.15,578,585.35,585.35,578.45,1643846,9595.55,"03-Sep-2026",24052,"",""
"3277","URAVIDEF","BE",124,127,117.85,120.59,123.37,124.05,9194,11.27,"03-Sep-2026",221,"",""
"3278","URBAN","SM",121.35,123.4,115,119.85,119.85,121.35,25600,30.66,"03-Sep-2026",32,"",""
"3279","URBANCO","EQ",172.95,179.2,172.32,177.46,177.6,171.84,17445212,30830.86,"03-Sep-2026",108136,"",""
"3280","URJA","EQ",9.08,9.19,9.08,9.15,9.16,9.03,536229,48.95,"03-Sep-2026",1739,"",""
"3281","USASEEDS","SM",89,89,88.8,88.8,88.8,93.45,2568,2.28,"03-Sep-2026",5,"",""
"3282","USHAFIN","SM",49.8,51.35,49.5,51,51,49.4,62400,31.53,"03-Sep-2026",23,"",""
"3283","USHAMART","EQ",505,517.5,504.05,515.65,517,501.6,910413,4666.09,"03-Sep-2026",28219,"",""
"3284","USK","EQ",21.9,21.9,20.3,20.61,20.56,20.6,18299,3.77,"03-Sep-2026",235,"",""
"3285","UTIAMC","EQ",875,885,875,880.4,882,877,54346,478.25,"03-Sep-2026",5884,"",""
"3286","UTKAL","SM",46.9,46.9,46.9,46.9,46.9,44.7,20000,9.38,"03-Sep-2026",8,"",""
"3287","UTKARSHBNK","EQ",14.77,15.1,14.77,14.89,14.9,14.77,5780675,864.11,"03-Sep-2026",4371,"",""
"3288","UTLSOLAR","EQ",438.45,438.6,426.95,428.5,430,434.4,132816,571.71,"03-Sep-2026",6955,"",""
"3289","UTSSAV","ST",445,447,440,446,445,445,8400,37.22,"03-Sep-2026",13,"",""
"3290","UTTAMSUGAR","EQ",294,305.6,292.75,299,296.6,292.55,298171,896.42,"03-Sep-2026",7781,"",""
"3291","UWCSL","SM",110.25,110.25,110.25,110.25,110.25,105,1000,1.1,"03-Sep-2026",1,"",""
"3292","UYFINCORP","BE",19.5,20,19.5,19.93,20,19.3,134148,26.54,"03-Sep-2026",267,"",""
"3293","V2RETAIL","EQ",219.39,220.91,217,219,218.12,218.16,382107,835.16,"03-Sep-2026",10107,"",""
"3294","VADILALIND","EQ",7558,7675,7507.5,7615,7575,7559.5,10157,772.6,"03-Sep-2026",2824,"",""
"3295","VADILENT","EQ",10010,10500,9801,10495,10495,10019,139,14.13,"03-Sep-2026",22,"",""
"3296","VAIBHAVGBL","EQ",216,218,214.1,215.3,214.88,214.79,145408,314.53,"03-Sep-2026",5521,"",""
"3297","VAISHALI","EQ",8.25,8.48,8.02,8.36,8.38,8.06,92138,7.65,"03-Sep-2026",278,"",""
"3298","VAKRANGEE","EQ",5.8,5.84,5.75,5.8,5.8,5.76,606061,35.13,"03-Sep-2026",1242,"",""
"3299","VAL30IETF","EQ",15.24,15.24,15.09,15.14,15.2,15.08,160271,24.32,"03-Sep-2026",688,"",""
"3300","VALIANTLAB","BE",99.5,100.93,99,100.93,100.93,96.13,44968,45,"03-Sep-2026",215,"",""
"3301","VALIANTORG","BE",307.95,316.15,302.05,316.15,316.15,301.1,84153,262.63,"03-Sep-2026",657,"",""
"3302","VALUE","EQ",16.14,16.21,16.07,16.09,16.08,16.04,8793,1.42,"03-Sep-2026",104,"",""
"3303","VALUEAXIS","EQ",33.18,33.18,32.62,32.71,32.78,32.57,52202,17.12,"03-Sep-2026",313,"",""
"3304","VAML","EQ",440.7,444.8,433.45,435.85,435.8,437.1,4267390,18704.07,"03-Sep-2026",60281,"",""
"3305","VARDHACRLC","BE",43,43.5,41.4,43.27,42.82,42.7,51087,21.67,"03-Sep-2026",399,"",""
"3306","VARDMNPOLY","EQ",6.05,6.05,5.91,5.94,5.92,5.98,70755,4.21,"03-Sep-2026",195,"",""
"3307","VARROC","EQ",822.95,848.75,818.8,839.15,842.7,824.4,265169,2215.84,"03-Sep-2026",15344,"",""
"3308","VASCONEQ","EQ",30.19,31,29.53,30.05,29.9,30.11,307521,92.91,"03-Sep-2026",1368,"",""
"3309","VASUPRADA","EQ",102,102,102,102,102,97.2,105,0.11,"03-Sep-2026",3,"",""
"3310","VASWANI","EQ",48.03,49.4,46.16,46.52,46.88,47.82,55071,25.88,"03-Sep-2026",397,"",""
"3311","VBL","EQ",414,415.45,407.15,407.15,407.15,415,4325249,17748.21,"03-Sep-2026",55619,"",""
"3312","VCL","BE",1.66,1.66,1.66,1.66,1.66,1.74,190237,3.16,"03-Sep-2026",147,"",""
"3313","VEDAVAAG","EQ",18.28,18.5,18,18.14,18.3,18.28,10855,1.99,"03-Sep-2026",54,"",""
"3314","VEDL","EQ",272,274.75,268,270.5,270.5,270.7,5945928,16080.45,"03-Sep-2026",48680,"",""
"3315","VEDPOWER","EQ",34.9,35.1,34.2,34.29,34.22,34.72,11033569,3806.25,"03-Sep-2026",34378,"",""
"3316","VEEDOL","EQ",1477.4,1490.9,1456.8,1462.8,1466.9,1473.7,8548,125.52,"03-Sep-2026",1228,"",""
"3317","VEEKAYEM","SM",107,114.5,107,114.35,114.5,110.35,3500,3.88,"03-Sep-2026",7,"",""
"3318","VELJAN","BE",1805,1860,1805,1848.4,1850,1803.1,758,14.04,"03-Sep-2026",56,"",""
"3319","VENKEYS","EQ",1668,1713,1663.2,1677.1,1679,1659,86485,1459.59,"03-Sep-2026",8090,"",""
"3320","VENTIVE","EQ",578.8,588.55,578.8,585.7,588.05,578.8,81194,471.15,"03-Sep-2026",880,"",""
"3321","VENUSPIPES","EQ",1606,1651.2,1580,1594.8,1595,1605,75350,1209.25,"03-Sep-2026",5207,"",""
"3322","VENUSREM","BE",1620,1701.9,1620,1701.9,1701.9,1620.9,28866,488.21,"03-Sep-2026",917,"",""
"3323","VERANDA","EQ",248.99,250,241.5,242.27,242.45,243.92,132412,323.38,"03-Sep-2026",2236,"",""
"3324","VERTEXPLUS","SM",54,54,54,54,54,51.45,600,0.32,"03-Sep-2026",1,"",""
"3325","VERTIS","IV",115.5,115.5,105,115,115,115.25,275000,305.65,"03-Sep-2026",10,"",""
"3326","VERTOZ","EQ",39,39.49,38.5,38.63,38.88,38.59,44809,17.48,"03-Sep-2026",286,"",""
"3327","VESUVIUS","EQ",414.4,423.2,414.1,420,421,412.9,39305,164.84,"03-Sep-2026",2446,"",""
"3328","VETO","BE",126,129.99,126,127.97,127.5,126.02,15317,19.6,"03-Sep-2026",155,"",""
"3329","VGCL","EQ",55,55,52,52.36,52.74,53.59,904,0.49,"03-Sep-2026",34,"",""
"3330","VGINFOTECH","SM",143.55,147,142,143.75,143.8,144.65,16000,22.93,"03-Sep-2026",16,"",""
"3331","VGL","EQ",58,58.7,56.21,56.56,56.8,57.12,15988,9.16,"03-Sep-2026",201,"",""
"3332","VGUARD","EQ",344.05,345,336.25,339.25,339,341.2,586732,1990.85,"03-Sep-2026",15678,"",""
"3333","VHL","EQ",3570.4,3650,3531.2,3607.1,3606.9,3570.4,480,17.33,"03-Sep-2026",104,"",""
"3334","VHLTD","BE",116.94,120.45,116,116.39,116.4,115.25,32929,38.58,"03-Sep-2026",225,"",""
"3335","VHLTD-RE1","BE",0.25,0.35,0.15,0.35,0.35,0.25,13340,0.04,"03-Sep-2026",46,"",""
"3336","VIAZ","SM",73,73,67.5,67.5,67.5,70.1,4000,2.81,"03-Sep-2026",2,"",""
"3337","VICTORYEV","SM",15.2,15.2,15.2,15.2,15.2,15.15,3000,0.46,"03-Sep-2026",1,"",""
"3338","VIDHIING","EQ",341.15,346.9,339,342.8,344.95,342.9,8722,29.88,"03-Sep-2026",458,"",""
"3339","VIDYAWIRES","EQ",88.7,91,88.7,89.45,89.45,88.51,540972,484.98,"03-Sep-2026",4689,"",""
"3340","VIESL","SM",379.05,417.5,379.05,396.35,392.5,378.45,187200,759.94,"03-Sep-2026",163,"",""
"3341","VIGOR","ST",99.85,101.3,96,101.3,101.3,96.5,22400,22.22,"03-Sep-2026",14,"",""
"3342","VIJAYA","EQ",1478.3,1513.8,1478.3,1505.5,1496,1481.1,90795,1359.24,"03-Sep-2026",13048,"",""
"3343","VIJAYPD","SM",69.9,69.9,69.9,69.9,69.9,69,2000,1.4,"03-Sep-2026",1,"",""
"3344","VIJIFIN","BE",16.26,16.26,16.26,16.26,16.26,15.95,138388,22.5,"03-Sep-2026",46,"",""
"3345","VIJSOLX","EQ",666,719.9,657.5,684.4,684.25,689,523,3.66,"03-Sep-2026",35,"",""
"3346","VIKASECO","EQ",1.1,1.1,1.08,1.08,1.08,1.09,1211470,13.19,"03-Sep-2026",913,"",""
"3347","VIKASLIFE","EQ",1.25,1.31,1.25,1.3,1.31,1.26,1612232,20.75,"03-Sep-2026",8672,"",""
"3348","VIKRAMSOLR","EQ",169.26,172.4,166.2,171.65,171.9,169.15,3622539,6141.06,"03-Sep-2026",25751,"",""
"3349","VIKRAN","EQ",57.9,58.5,57.5,57.68,57.77,57.68,818426,474.06,"03-Sep-2026",3787,"",""
"3350","VILAS","SM",361.95,369,354.25,356.1,354.6,349,46750,170.23,"03-Sep-2026",165,"",""
"3351","VILINBIO","SM",51.7,51.7,50,51.7,51.7,49.25,1e+05,51.44,"03-Sep-2026",24,"",""
"3352","VIMTALABS","EQ",664,672,650,652.25,653,655.35,306724,2026.66,"03-Sep-2026",10012,"",""
"3353","VINATIORGA","EQ",1313,1320.4,1303.2,1313.7,1310,1313.8,25579,335.7,"03-Sep-2026",2755,"",""
"3354","VINCOFE","EQ",177,182.45,175.4,176.48,177.39,175.56,2671700,4790.96,"03-Sep-2026",21818,"",""
"3355","VINDHYATEL","EQ",2737,2810,2651,2736.2,2742,2737.1,130435,3594.02,"03-Sep-2026",13545,"",""
"3356","VINEETLAB","EQ",37.89,38.69,37.1,37.5,37.78,37.57,49880,18.74,"03-Sep-2026",295,"",""
"3357","VINNY","EQ",1.03,1.05,1.03,1.03,1.04,1.03,127643,1.32,"03-Sep-2026",147,"",""
"3358","VINSYS","ST",607,607,597,597,597,609,3000,18.05,"03-Sep-2026",12,"",""
"3359","VINYAS","SM",1560,1564,1510,1537.55,1550,1537.45,4600,70.69,"03-Sep-2026",38,"",""
"3360","VINYLINDIA","EQ",225.18,232.44,222.7,227.94,226.1,225.18,5387,12.24,"03-Sep-2026",216,"",""
"3361","VIPCLOTHNG","EQ",20.2,20.45,19.86,20.17,20.2,20.23,83694,16.9,"03-Sep-2026",180,"",""
"3362","VIPIND","EQ",304.4,312,304,310.35,310,304.4,236628,728.92,"03-Sep-2026",4227,"",""
"3363","VIPULLTD","BE",14.26,14.26,14.26,14.26,14.26,14.55,3245,0.46,"03-Sep-2026",22,"",""
"3364","VIRAT","EQ",403,458,403,429.5,440,437.8,1819,7.88,"03-Sep-2026",88,"",""
"3365","VIRINCHI","EQ",15.05,15.17,14.76,14.86,14.86,14.75,50726,7.55,"03-Sep-2026",145,"",""
"3366","VIRTUALG","BE",0.48,0.48,0.46,0.48,0.48,0.46,243550,1.16,"03-Sep-2026",158,"",""
"3367","VISACHROME","EQ",37.52,40.35,37.52,39.53,39.8,38.54,19076,7.54,"03-Sep-2026",138,"",""
"3368","VISAKAIND","EQ",88.65,92,88.51,90.5,89.8,87.84,192317,173.73,"03-Sep-2026",2333,"",""
"3369","VISAMAN","SM",64.6,64.6,64.6,64.6,64.6,67.95,1000,0.65,"03-Sep-2026",1,"",""
"3370","VISDEM","SM",94.7,94.7,94.7,94.7,94.7,94.7,1200,1.14,"03-Sep-2026",1,"",""
"3371","VISHAL","EQ",18.96,19.3,18.3,18.47,18.65,18.96,3006888,557.64,"03-Sep-2026",323,"",""
"3372","VISHNU","EQ",668,697.2,659.05,688.45,689.4,659.55,294149,2011.97,"03-Sep-2026",12156,"",""
"3373","VISHNUINFR","SM",159.1,162.1,159,160.55,159,160.7,4000,6.44,"03-Sep-2026",8,"",""
"3374","VISHWARAJ","EQ",5.86,6.09,5.86,5.93,5.92,5.87,495020,29.64,"03-Sep-2026",928,"",""
"3375","VISHWAS","ST",42.1,44.2,42.1,44.2,44.2,42.1,3200,1.38,"03-Sep-2026",2,"",""
"3376","VISL","EQ",37.48,37.55,36,36.07,36.18,37.15,15406099,5618.12,"03-Sep-2026",38149,"",""
"3377","VITAL","EQ",55.95,55.95,51.78,54.49,54.49,54.5,49646,26.94,"03-Sep-2026",40,"",""
"3378","VIVIANA","BE",750.4,774,747.7,766.4,772.9,750.4,15025,115,"03-Sep-2026",465,"",""
"3379","VIVIDEL","SM",1599,1690,1595,1631.55,1625.5,1595.35,66000,1070.37,"03-Sep-2026",226,"",""
"3380","VIVIDHA","EQ",0.51,0.52,0.49,0.5,0.5,0.5,376620,1.91,"03-Sep-2026",175,"",""
"3381","VIVIMEDLAB","BE",6.54,6.54,6.54,6.54,6.54,6.67,86192,5.64,"03-Sep-2026",49,"",""
"3382","VIVO","ST",155,155,151.05,151.05,151.05,159,3200,4.9,"03-Sep-2026",2,"",""
"3383","VIVOBIOT","EQ",18.16,18.79,17.8,18.7,18.7,18.21,11543,2.14,"03-Sep-2026",106,"",""
"3384","VIYASH","EQ",261,263.9,259.1,260.45,261,259.1,2922487,7661.19,"03-Sep-2026",19416,"",""
"3385","VLEGOV","BE",10.49,10.6,10.27,10.48,10.5,10.42,40043,4.2,"03-Sep-2026",165,"",""
"3386","VLINFRA","SM",26.5,26.5,26.5,26.5,26.5,26.6,1500,0.4,"03-Sep-2026",1,"",""
"3387","VLSFINANCE","EQ",247,247.78,245.01,246.57,247,244.32,13191,32.49,"03-Sep-2026",341,"",""
"3388","VMARCIND","SM",327.35,351.3,317.05,348.7,346.7,321.05,520500,1745.35,"03-Sep-2026",321,"",""
"3389","VMART","EQ",849,853.8,831.3,839.1,840,849.95,60549,509.82,"03-Sep-2026",6289,"",""
"3390","VMM","EQ",109.1,109.49,106.5,107.8,107.8,108.57,5360663,5758.43,"03-Sep-2026",23875,"",""
"3391","VMOBILE","SM",60.5,61,59.9,61,61,60.5,3200,1.94,"03-Sep-2026",4,"",""
"3392","VMSTMT","EQ",45.45,46,45,45.53,45.8,45.57,21069,9.63,"03-Sep-2026",353,"",""
"3393","VOEPL","EQ",556.65,561.1,537.55,545.9,546,548.55,64859,355.9,"03-Sep-2026",2440,"",""
"3394","VOGL","EQ",38.84,38.84,37.4,37.54,37.58,38.57,25866572,9810.85,"03-Sep-2026",48054,"",""
"3395","VOITHPAPR","EQ",1459.9,1486.9,1450,1480.2,1485,1466,356,5.24,"03-Sep-2026",68,"",""
"3396","VOLERCAR","SM",210,210,210,210,210,209.5,800,1.68,"03-Sep-2026",1,"",""
"3397","VOLTAMP","EQ",10682,11230,10614,11182,11210,10682,36916,4086.99,"03-Sep-2026",13361,"",""
"3398","VOLTAS","EQ",1158,1183,1151.7,1178,1178,1152.1,832678,9741.63,"03-Sep-2026",29927,"",""
"3399","VPRPL","EQ",35.5,38.65,35.49,35.99,35.9,35.15,1232938,453.93,"03-Sep-2026",7368,"",""
"3400","VR","SM",99,102,99,102,102,104,1600,1.62,"03-Sep-2026",4,"",""
"3401","VRAJ","EQ",122.42,123.69,122.4,122.71,122.75,122.41,6175,7.59,"03-Sep-2026",204,"",""
"3402","VRLLOG","EQ",302.45,302.65,295.65,297.85,297.15,299.85,123681,369.47,"03-Sep-2026",4354,"",""
"3403","VSCL","SM",21.95,21.95,21.95,21.95,21.95,23.1,3000,0.66,"03-Sep-2026",1,"",""
"3404","VSSL","EQ",368,374.4,360.15,363.95,366.15,362.1,176445,648,"03-Sep-2026",5846,"",""
"3405","VSTIND","EQ",208.62,209.4,207.02,207.96,208.21,207.59,94155,196.18,"03-Sep-2026",3180,"",""
"3406","VSTL","EQ",113.05,115.25,112,115.15,115,113.76,26197,29.92,"03-Sep-2026",462,"",""
"3407","VSTTILLERS","EQ",4206,4235,4150,4175.3,4185,4164.6,7339,307.21,"03-Sep-2026",1512,"",""
"3408","VTL","EQ",584.1,595.55,584.1,588.65,590,587.45,334048,1969.85,"03-Sep-2026",15846,"",""
"3409","VTMLTD","EQ",59.5,59.5,56.48,56.57,56.5,57.73,15018,8.56,"03-Sep-2026",94,"",""
"3410","WAAREEENER","EQ",2585,2601.3,2563,2579.9,2579.9,2581.1,439202,11303.63,"03-Sep-2026",31308,"",""
"3411","WAAREEINDO","EQ",265.75,278.15,265.75,274.85,275.5,264.95,177423,488.11,"03-Sep-2026",2506,"",""
"3412","WAAREERTL","EQ",854,857.6,844.5,847.9,849.6,853.25,124210,1054.76,"03-Sep-2026",8489,"",""
"3413","WABAG","EQ",2002.2,2034.8,1995,2011.1,2015,1987.8,641600,12932.73,"03-Sep-2026",24957,"",""
"3414","WAKEFIT","EQ",157.33,159.95,147.61,149.64,149.7,152.47,4484239,6908.54,"03-Sep-2026",44397,"",""
"3415","WALCHANNAG","EQ",206.61,213,205,206.13,206.9,206.09,412945,858.67,"03-Sep-2026",6292,"",""
"3416","WALPAR","SM",25.9,25.9,24.1,24.1,24.1,24.7,4000,1,"03-Sep-2026",2,"",""
"3417","WANBURY","EQ",248.4,249.5,241,243.35,245,245,91204,223.71,"03-Sep-2026",1962,"",""
"3418","WARDINMOBI","EQ",5.74,5.91,5.65,5.7,5.69,5.74,268947,15.46,"03-Sep-2026",877,"",""
"3419","WATERBASE","EQ",48.29,48.29,46.46,47.36,47.5,47.31,14599,6.95,"03-Sep-2026",237,"",""
"3420","WCIL","EQ",84.15,85.36,83.05,83.96,83.5,84.28,56194,47.21,"03-Sep-2026",1239,"",""
"3421","WEALTH","EQ",859,859,842.1,847.5,849,846.6,712,6.04,"03-Sep-2026",43,"",""
"3422","WEBELSOLAR","EQ",74.06,77.55,74.05,77.33,77.31,73.86,4052225,3111.51,"03-Sep-2026",15977,"",""
"3423","WEIZMANIND","EQ",74.7,74.99,71.2,74.21,73,74.78,507,0.37,"03-Sep-2026",54,"",""
"3424","WEL","EQ",78.5,79.77,77,79.37,79.6,75.98,3336040,2638.37,"03-Sep-2026",11613,"",""
"3425","WELCORP","EQ",2554.7,2676,2553.6,2641.6,2631.1,2523.5,4190711,110392.42,"03-Sep-2026",196824,"",""
"3426","WELENT","EQ",745,768,732.9,764.75,759,741.7,779650,5858.55,"03-Sep-2026",21201,"",""
"3427","WELINV","BE",2145.1,2187.9,2145,2187,2187,2145.1,182,3.91,"03-Sep-2026",25,"",""
"3428","WELSPLSOL","EQ",53.25,57.4,53.16,56.02,55.9,53.22,2473746,1391.44,"03-Sep-2026",11797,"",""
"3429","WELSPUNLIV","EQ",199.9,202.9,196.7,200.61,201.8,200.01,2611307,5220.02,"03-Sep-2026",52819,"",""
"3430","WENDT","EQ",8020,8450,8020,8307,8270,7991.5,11767,980.29,"03-Sep-2026",3444,"",""
"3431","WESTLIFE","EQ",548,555.5,534.8,540.55,539.95,547.55,35051,190.48,"03-Sep-2026",2353,"",""
"3432","WEWIN","EQ",44,44,42.3,42.53,42.51,42.76,1596,0.69,"03-Sep-2026",53,"",""
"3433","WEWORK","EQ",662.6,685.9,646.6,654.7,658,661.1,618239,4074.82,"03-Sep-2026",28064,"",""
"3434","WHBRADY","EQ",488.85,497.85,488.85,497.85,497.85,497,31,0.15,"03-Sep-2026",10,"",""
"3435","WHEELS","EQ",1555,1676.7,1554.9,1654.4,1655,1544.3,331834,5417.42,"03-Sep-2026",22785,"",""
"3436","WHIRLPOOL","EQ",804,809.6,793,804.4,805.65,800.2,118187,947.52,"03-Sep-2026",10162,"",""
"3437","WHITEFORCE","SM",38.5,38.5,38,38,38,40.5,3200,1.22,"03-Sep-2026",2,"",""
"3438","WILLAMAGOR","EQ",25.44,25.44,24.2,24.58,24.31,24.69,6044,1.52,"03-Sep-2026",32,"",""
"3439","WINDLAS","EQ",1105.35,1148,1090,1127.1,1123,1096.6,418192,4700.25,"03-Sep-2026",19943,"",""
"3440","WINDMACHIN","EQ",304.25,315,300,312.1,311,305.05,96840,298.68,"03-Sep-2026",1302,"",""
"3441","WINNY","SM",32.05,32.05,31,31,31,32.05,1000,0.32,"03-Sep-2026",2,"",""
"3442","WINSOL","SM",119,120,112.3,112.5,113,115,8800,10.25,"03-Sep-2026",19,"",""
"3443","WIPL","EQ",162.99,167,161.55,165.61,167,162.99,833,1.37,"03-Sep-2026",25,"",""
"3444","WIPRO","EQ",177.5,178.04,175.72,175.72,175.72,177.09,6496396,11492.63,"03-Sep-2026",52799,"",""
"3445","WOCKPHARMA","EQ",1904.6,1982,1891.4,1950.6,1950,1904.3,1056401,20556.45,"03-Sep-2026",64727,"",""
"3446","WOL3D","SM",130,130,130,130,130,130,1000,1.3,"03-Sep-2026",1,"",""
"3447","WOMANCART","ST",108.5,113,106,108.3,110.95,108.5,16400,17.92,"03-Sep-2026",36,"",""
"3448","WONDERLA","EQ",537,537,522.85,525.25,528,529.55,36306,191.53,"03-Sep-2026",1750,"",""
"3449","WORTHPERI","EQ",154.78,157.2,152.25,153.99,153.35,155.55,5840,9.04,"03-Sep-2026",210,"",""
"3450","WPIL","EQ",442.3,448.8,436.6,445.5,447.1,440.05,15497,68.6,"03-Sep-2026",1241,"",""
"3451","WSI","EQ",60.17,61.75,58.6,59.44,58.61,61.04,40208,24.09,"03-Sep-2026",890,"",""
"3452","WSTCSTPAPR","EQ",630.2,660,630.2,656.95,655,629.05,458615,2979.31,"03-Sep-2026",17079,"",""
"3453","WTICAB","SM",106.5,108,103.5,107,106.5,107,11000,11.74,"03-Sep-2026",17,"",""
"3454","XCHANGING","EQ",60.84,61.15,60.21,60.99,61.1,60.84,43159,26.22,"03-Sep-2026",700,"",""
"3455","XELPMOC","EQ",82,84.7,78,79.4,80,80.62,15209,12.19,"03-Sep-2026",375,"",""
"3456","XPROINDIA","EQ",1278,1314,1265,1280.3,1279.9,1285.6,221656,2864.03,"03-Sep-2026",11399,"",""
"3457","XTGLOBAL","EQ",30.3,35,29.73,31.58,31.25,29.73,309851,98.72,"03-Sep-2026",2061,"",""
"3458","XTRANET","EQ",195.55,201.68,193.14,195.2,195,193.68,560265,1102.52,"03-Sep-2026",8486,"",""
"3459","YAAP","SM",127.95,135,123.5,132,132,124,42000,54.57,"03-Sep-2026",42,"",""
"3460","YASHO","EQ",4188.9,4200,3952.8,4051.2,4115,4129.5,37189,1517.91,"03-Sep-2026",6016,"",""
"3461","YASHOPTICS","SM",121.1,121.1,121,121,121,121.1,12800,15.49,"03-Sep-2026",16,"",""
"3462","YATHARTH","EQ",967,972.2,955,962.3,962.5,966.5,139358,1341.87,"03-Sep-2026",8279,"",""
"3463","YATRA","EQ",115.07,115.88,112.01,113.08,112.5,114.15,977948,1115,"03-Sep-2026",11371,"",""
"3464","YCCL","SM",9.3,9.3,9.2,9.25,9.25,9.65,9000,0.83,"03-Sep-2026",3,"",""
"3465","YESBANK","EQ",22.15,22.54,22.11,22.54,22.54,22.15,57376675,12862.62,"03-Sep-2026",72674,"",""
"3466","YOGI","EQ",162.8,162.8,161.9,161.9,161.9,155.05,112,0.18,"03-Sep-2026",4,"",""
"3467","YUDIZ","SM",23.6,25.8,23.6,25.8,25.8,24.7,12000,2.85,"03-Sep-2026",5,"",""
"3468","YUKEN","EQ",975,1028.5,971.5,1010.05,1005,967.25,30893,310.8,"03-Sep-2026",2054,"",""
"3469","ZAGGLE","EQ",185,186.45,182,182.63,183,184.33,627168,1154.54,"03-Sep-2026",7213,"",""
"3470","ZEAL","SM",64,65,64,65,65,61.5,13800,8.85,"03-Sep-2026",4,"",""
"3471","ZEEL","EQ",91.08,92.82,90.6,91.64,91.56,90.57,13920936,12741.54,"03-Sep-2026",58408,"",""
"3472","ZEELEARN","BE",7.36,7.42,7.11,7.19,7.29,7.36,266569,19.33,"03-Sep-2026",423,"",""
"3473","ZEEMEDIA","EQ",8.27,8.36,8,8.11,8.13,8.23,1145013,93.83,"03-Sep-2026",1651,"",""
"3474","ZENITHDRUG","SM",40.05,41.4,39.8,39.85,39.8,40,20800,8.4,"03-Sep-2026",11,"",""
"3475","ZENITHEXPO","EQ",206.11,206.11,204.07,204.1,204.1,204.07,144,0.29,"03-Sep-2026",9,"",""
"3476","ZENITHSTL","EQ",5.34,5.39,5.3,5.37,5.39,5.29,30356,1.62,"03-Sep-2026",141,"",""
"3477","ZENSARTECH","EQ",463.9,468,455.6,465.45,467,460.55,934781,4315.51,"03-Sep-2026",29961,"",""
"3478","ZENTEC","EQ",1861,1866.4,1795,1810.3,1813.3,1829.1,226133,4141.12,"03-Sep-2026",17870,"",""
"3479","ZFCVINDIA","EQ",2572.2,2583.7,2520,2524.8,2524,2572.2,32790,835.38,"03-Sep-2026",5334,"",""
"3480","ZFSTEERING","EQ",669.75,674,666.45,667.75,666.5,667.1,2392,16.01,"03-Sep-2026",89,"",""
"3481","ZIMLAB","EQ",130,134.49,127,128.02,127.16,133.95,139007,182.53,"03-Sep-2026",2507,"",""
"3482","ZODIAC","EQ",241.5,244.79,236.1,240.22,241.9,240.3,11639,28.04,"03-Sep-2026",518,"",""
"3483","ZODIACLOTH","EQ",73.2,74.17,72.62,72.85,72.72,72.49,1762,1.29,"03-Sep-2026",62,"",""
"3484","ZOTA","EQ",1090,1105,1071.9,1101.2,1104,1078,40807,444.56,"03-Sep-2026",3404,"",""
"3485","ZSARACOM","EQ",10634,10634,10000,10227,10170,10437,323,32.93,"03-Sep-2026",97,"",""
"3486","ZTECH","SM",496.1,499.7,493,498,498,503,3600,17.85,"03-Sep-2026",12,"",""
"3487","ZUARI","EQ",223.48,227.29,223.05,225.04,224.2,222.86,86401,194.36,"03-Sep-2026",2081,"",""
"3488","ZUARIIND","EQ",271.5,275.65,271.05,273.2,273,270.8,28748,78.53,"03-Sep-2026",976,"",""
"3489","ZYDUSLIFE","EQ",1154.2,1157.8,1130.5,1143,1143,1154.2,962099,10954.6,"03-Sep-2026",25580,"",""
"3490","ZYDUSWELL","EQ",538,541.4,531.1,538.2,536.95,534.6,135712,729.73,"03-Sep-2026",15247,"",""
