"","SYMBOL","SERIES","OPEN","HIGH","LOW","CLOSE","LAST","PREVCLOSE","TOTTRDQTY","TOTTRDVAL","TIMESTAMP","TOTALTRADES","ISIN","X"
"1","20MICRONS","EQ",204.9,204.91,193,194.81,194.2,204.56,142707,281.73,"08-Oct-2026",3843,"",""
"2","21STCENMGM","EQ",40.05,41.07,40.05,41.07,41.07,39.12,27836,11.41,"08-Oct-2026",91,"",""
"3","360ONE","EQ",1067.2,1068.3,1038.3,1041.1,1041.1,1063,410285,4295.86,"08-Oct-2026",21550,"",""
"4","3BBLACKBIO","EQ",1629.9,1629.9,1511,1530,1530,1615.5,11870,183.33,"08-Oct-2026",1733,"",""
"5","3IINFOLTD","BE",23.22,23.3,22.67,23,23,23.3,157698,36.19,"08-Oct-2026",453,"",""
"6","3MINDIA","EQ",30850,31050,29915,30025,30140,30825,3002,912.41,"08-Oct-2026",1945,"",""
"7","3PLAND","EQ",30.8,31.2,30.72,30.77,30.72,30.8,693,0.21,"08-Oct-2026",36,"",""
"8","5PAISA","EQ",353,353.15,335.55,338.2,337.5,348,38686,132.7,"08-Oct-2026",2934,"",""
"9","601GS2030","GS",98,98,98,98,98,96.7,200,0.2,"08-Oct-2026",1,"",""
"10","603GS2029","GS",98.2,98.2,98.2,98.2,98.2,98.5,100,0.1,"08-Oct-2026",1,"",""
"11","610GS2031","GS",95.79,96,95.79,96,96,99.49,20,0.02,"08-Oct-2026",2,"",""
"12","613GS2028","GS",100.6,101,100,101,101,100.66,3998,4.02,"08-Oct-2026",4,"",""
"13","620GS2029","GS",99.3,99.3,99.3,99.3,99.3,98.5,21,0.02,"08-Oct-2026",1,"",""
"14","633GS2035","GS",98,98,98,98,98,100.35,1,0,"08-Oct-2026",1,"",""
"15","636GS2031","GS",98.99,98.99,98.11,98.96,98.11,99.5,104,0.1,"08-Oct-2026",4,"",""
"16","63MOONS","EQ",786.8,789.55,759.15,761.55,762,783.2,149584,1152.24,"08-Oct-2026",6992,"",""
"17","645GS2029","GS",99.62,99.62,99.62,99.62,99.62,101.6,1,0,"08-Oct-2026",1,"",""
"18","648GS2035","GS",96.5,96.5,94.57,96.5,96.5,96.6,1671,1.59,"08-Oct-2026",6,"",""
"19","653GS2031","GS",98.01,98.01,98.01,98.01,98.01,99.8,99,0.1,"08-Oct-2026",1,"",""
"20","654GS2032","GS",98.9,98.9,97.4,97.5,97.5,98.9,1506,1.49,"08-Oct-2026",6,"",""
"21","664GS2027","GS",101.11,101.5,101.11,101.5,101.5,106,202,0.2,"08-Oct-2026",4,"",""
"22","667GS2050","GS",91.5,91.5,91.45,91.45,91.45,91.45,27,0.02,"08-Oct-2026",4,"",""
"23","668GS2031","GS",101.25,101.25,101.25,101.25,101.25,97.7,1,0,"08-Oct-2026",1,"",""
"24","668GS2040","GS",97,97.25,96.66,96.66,96.66,97,20692,20,"08-Oct-2026",7,"",""
"25","675GS2029","GS",101.26,101.26,101.26,101.26,101.26,101,900,0.91,"08-Oct-2026",1,"",""
"26","676GS2061","GS",89.6,89.8,88.7,89.39,89.39,89.49,28899,25.86,"08-Oct-2026",71,"",""
"27","679GS2034","GS",98.7,98.7,97.5,98.7,98.7,97.5,154,0.15,"08-Oct-2026",3,"",""
"28","68GS2060","GS",92.2,92.2,91,91,91,91.8,2253,2.05,"08-Oct-2026",16,"",""
"29","690GS2065","GS",93.39,93.39,92.75,92.75,92.75,92.86,39483,36.66,"08-Oct-2026",52,"",""
"30","692GS2039","GS",98,98,98,98,98,98,34,0.03,"08-Oct-2026",3,"",""
"31","694GS2036","GS",102.05,102.49,101.26,101.74,101.74,101.12,4569,4.65,"08-Oct-2026",19,"",""
"32","695GS2061","GS",92.9,92.9,92.74,92.74,92.74,92.7,28,0.03,"08-Oct-2026",11,"",""
"33","697GR2034","GS",97.6,97.6,97.6,97.6,97.6,97.6,10000,9.76,"08-Oct-2026",4,"",""
"34","699GS2051","GS",95.5,95.5,95.5,95.5,95.5,96,502,0.48,"08-Oct-2026",3,"",""
"35","702GS2027","GS",102.89,102.89,102.89,102.89,102.89,102.45,1,0,"08-Oct-2026",1,"",""
"36","704GS2029","GS",103,103,103,103,103,102.7,5996,6.18,"08-Oct-2026",1,"",""
"37","706GS2028","GS",102.27,102.27,102.27,102.27,102.27,102.25,100,0.1,"08-Oct-2026",1,"",""
"38","706GS2041","GS",99.25,99.25,99.25,99.25,99.25,99.25,100,0.1,"08-Oct-2026",1,"",""
"39","709GS2054","GS",99,99,95.5,95.8,95.8,95.15,1002,0.96,"08-Oct-2026",3,"",""
"40","709GS2074","GS",94.75,94.75,94.25,94.46,94.35,94.79,12582,11.91,"08-Oct-2026",32,"",""
"41","710GS2029","GS",102.52,103.6,102.52,103.49,103.49,103,11841,12.2,"08-Oct-2026",14,"",""
"42","717GS2030","GS",102.99,103.89,102.99,103.89,103.89,103.05,5469,5.63,"08-Oct-2026",9,"",""
"43","718GS2037","GS",103.48,103.48,101.26,102.78,102.78,101.72,1004,1.02,"08-Oct-2026",6,"",""
"44","723GS2039","GS",101.95,102,101.5,101.5,101.5,102,10004,10.2,"08-Oct-2026",8,"",""
"45","724GS2055","GS",96.4,96.4,95.65,95.66,95.66,96.19,116224,111.91,"08-Oct-2026",39,"",""
"46","725GS2063","GS",96.4,96.4,95.85,96.01,95.99,96.27,209903,201.63,"08-Oct-2026",101,"",""
"47","726GS2029","GS",103.05,103.05,103.05,103.05,103.05,102.1,1,0,"08-Oct-2026",1,"",""
"48","726GS2032","GS",100.05,101.5,99.85,101,101,101.21,4300,4.33,"08-Oct-2026",9,"",""
"49","726GS2033","GS",101.49,101.49,101,101,101,101.49,994,1.01,"08-Oct-2026",4,"",""
"50","733GS2026","GS",102.84,103,102.84,102.99,102.99,102.84,2101,2.16,"08-Oct-2026",19,"",""
"51","734GS2064","GS",98.78,98.8,98.4,98.45,98.4,98.57,29263,28.84,"08-Oct-2026",29,"",""
"52","736GS2052","GS",98.45,98.45,98.45,98.45,98.45,98.45,20,0.02,"08-Oct-2026",1,"",""
"53","737GS2028","GS",103.1,103.1,103.1,103.1,103.1,104,1419,1.46,"08-Oct-2026",2,"",""
"54","738GS2027","GS",102.87,102.87,102.4,102.65,102.85,102.64,45934,47.12,"08-Oct-2026",36,"",""
"55","73GS2053","GS",97.45,97.45,97.1,97.4,97.4,97.44,13976,13.58,"08-Oct-2026",18,"",""
"56","740IIFCL33","N1",1150.15,1150.15,1150.1,1150.1,1150.1,1151.06,20,0.23,"08-Oct-2026",2,"",""
"57","741GS2036","GS",103.5,103.98,103.2,103.44,103.5,103.07,6102,6.33,"08-Oct-2026",14,"",""
"58","743GS2076","GS",98.25,98.25,97.75,97.8,97.75,98,23202,22.74,"08-Oct-2026",36,"",""
"59","746GS2073","GS",101.99,101.99,100,100,100,101.5,564,0.56,"08-Oct-2026",8,"",""
"60","74GS2062","GS",97.9,97.9,97.3,97.9,97.9,98,1007,0.98,"08-Oct-2026",7,"",""
"61","754GS2036","GS",104.76,104.76,104.1,104.45,104.1,104.76,536927,561.31,"08-Oct-2026",194,"",""
"62","763GS2056","GS",100.5,100.5,100,100.01,100,100.29,4711,4.72,"08-Oct-2026",15,"",""
"63","771GS2066","GS",103.15,103.25,102.91,102.99,102.99,103,8719,8.98,"08-Oct-2026",15,"",""
"64","772GS2055","GS",104,107,104,106,106,103.5,22,0.02,"08-Oct-2026",4,"",""
"65","795GS2032","GS",104.69,104.69,104.69,104.69,104.69,104.7,38167,39.96,"08-Oct-2026",1,"",""
"66","824GS2027","GS",103.2,103.25,103.2,103.25,103.25,101.6,2,0,"08-Oct-2026",2,"",""
"67","828GS2032","GS",104.51,105.25,104.5,105.25,105.25,110,2000,2.1,"08-Oct-2026",5,"",""
"68","833GS2036","GS",108.21,108.75,108.21,108.75,108.75,108.58,200,0.22,"08-Oct-2026",2,"",""
"69","83GS2042","GS",105.21,105.66,105.21,105.66,105.66,107,242,0.26,"08-Oct-2026",2,"",""
"70","883GS2041","GS",111.3,111.3,111.3,111.3,111.3,111.25,100,0.11,"08-Oct-2026",1,"",""
"71","92GS2030","GS",109.5,109.6,108.2,109.6,109.6,109.65,12124,13.17,"08-Oct-2026",23,"",""
"72","A2ZINFRA","EQ",13.91,13.91,13.58,13.72,13.66,14.1,234410,32.29,"08-Oct-2026",453,"",""
"73","AAATECH","EQ",108.3,109.39,103,103.44,103.15,106.79,319270,331.77,"08-Oct-2026",1499,"",""
"74","AADHARHFC","EQ",455.05,455.8,443.85,450.55,453.95,455.05,178210,801.88,"08-Oct-2026",8451,"",""
"75","AAKASH","EQ",8.39,8.4,8,8.2,8.22,8.24,53295,4.32,"08-Oct-2026",331,"",""
"76","AARADHYA","ST",121,124,121,124,124,122.35,3600,4.43,"08-Oct-2026",3,"",""
"77","AAREYDRUGS","EQ",106.24,108.79,103.37,103.89,103.37,108.81,436502,457.17,"08-Oct-2026",1628,"",""
"78","AARNAV","BE",37.01,37.5,35.3,35.54,35.51,37.01,5425,1.95,"08-Oct-2026",58,"",""
"79","AARON","EQ",122.45,124.88,120.2,121.05,121.75,122.5,5174,6.3,"08-Oct-2026",225,"",""
"80","AARTECH","BE",48.2,48.2,47,47.69,47.3,47.61,16769,7.95,"08-Oct-2026",73,"",""
"81","AARTIDRUGS","EQ",417.8,431.65,411.3,414,418,417.55,246945,1037.65,"08-Oct-2026",11084,"",""
"82","AARTIIND","EQ",493.2,502.6,476,478.05,478,491.25,700924,3420.62,"08-Oct-2026",31651,"",""
"83","AARTIPHARM","EQ",956,958.05,868.25,879.05,879.8,953.35,1140881,10197.41,"08-Oct-2026",67736,"",""
"84","AARTISURF","BE",493.35,493.35,481.2,485.8,485,493.35,2594,12.62,"08-Oct-2026",170,"",""
"85","AARVI","EQ",143,143,137.35,138.26,138.02,140.71,5006,7,"08-Oct-2026",150,"",""
"86","AASTHA","EQ",30.29,30.69,28.62,28.68,28.67,30.12,672748,194.46,"08-Oct-2026",3954,"",""
"87","AATMAJ","SM",22.95,22.95,22.95,22.95,22.95,22.05,2000,0.46,"08-Oct-2026",1,"",""
"88","AAVAS","EQ",1229.4,1229.4,1182,1190.5,1196,1231.7,43293,517.84,"08-Oct-2026",8629,"",""
"89","ABAN","BE",18.64,18.64,18,18.64,18.64,17.76,416166,76.89,"08-Oct-2026",1011,"",""
"90","ABANSENT","EQ",27.67,29.87,26.53,28.45,28.55,27.66,24469,6.89,"08-Oct-2026",427,"",""
"91","ABB","EQ",7005,7005.5,6750,6770,6770,7005,155147,10632.02,"08-Oct-2026",32824,"",""
"92","ABBOTINDIA","EQ",26090,26270,25475,25580,25530,26095,5523,1426.47,"08-Oct-2026",3218,"",""
"93","ABCAPITAL","EQ",373.2,374.75,367.8,368.65,368.65,372.1,4608495,17078.31,"08-Oct-2026",50175,"",""
"94","ABCOTS","EQ",195.9,195.9,189.02,190.67,190.5,192.07,1925,3.66,"08-Oct-2026",106,"",""
"95","ABDL","EQ",699.8,714.8,680.85,693.45,691,694.25,845151,5901.22,"08-Oct-2026",29810,"",""
"96","ABFRL","EQ",44.46,45.09,43.05,43.18,43.34,44.62,3988608,1746.19,"08-Oct-2026",22188,"",""
"97","ABGSEC","EQ",112.99,112.99,112.99,112.99,112.99,112.99,2,0,"08-Oct-2026",1,"",""
"98","ABH","SM",49.5,49.5,45.5,45.5,45.5,47.85,27600,12.78,"08-Oct-2026",23,"",""
"99","ABHAPOWER","SM",22.05,23.25,22.05,23.25,23.25,22.4,3200,0.72,"08-Oct-2026",2,"",""
"100","ABINFRA","BE",12.85,12.85,12.12,12.19,12.5,12.5,354926,44.09,"08-Oct-2026",256,"",""
"101","ABLBL","EQ",73.73,73.86,71.1,71.95,72.39,73.69,5937102,4321.61,"08-Oct-2026",24277,"",""
"102","ABMINTLLTD","BE",41.16,41.16,40.96,40.96,40.96,41.16,280,0.11,"08-Oct-2026",2,"",""
"103","ABMKNO","EQ",164.41,164.99,155,161.27,162.5,169,5804,9.42,"08-Oct-2026",77,"",""
"104","ABREL","EQ",1049.4,1060.2,1011.6,1018,1016.1,1049.4,187497,1920.18,"08-Oct-2026",18920,"",""
"105","ABSL10BANK","EQ",162.72,162.82,160.69,161.32,160.69,163.61,779,1.26,"08-Oct-2026",20,"",""
"106","ABSLAMC","EQ",1012.05,1024.6,996.2,1004.9,1005,1015.5,254248,2573.31,"08-Oct-2026",50094,"",""
"107","ABSLBANETF","EQ",56.73,56.73,55.85,55.92,55.88,56.5,166965,93.66,"08-Oct-2026",1833,"",""
"108","ABSLLIQUID","EQ",999.99,1000.01,999.99,1000,999.99,999.99,5791,57.91,"08-Oct-2026",17,"",""
"109","ABSLMSCIN","EQ",27.75,27.75,27.34,27.34,27.34,27.89,1338,0.37,"08-Oct-2026",12,"",""
"110","ABSLNN50ET","EQ",74.82,74.91,70.95,73.75,71.63,73.35,16688,12.06,"08-Oct-2026",281,"",""
"111","ABSLPSE","EQ",9.78,10.05,9.4,9.44,9.56,9.65,147191,13.95,"08-Oct-2026",871,"",""
"112","ABSMARINE","SM",322.1,323.25,312.6,314.45,315,324.35,56000,178.38,"08-Oct-2026",96,"",""
"113","ACC","EQ",1164.1,1165,1125.1,1130.1,1132,1165.5,139914,1599.67,"08-Oct-2026",14844,"",""
"114","ACCELYA","EQ",1109.9,1109.9,1090,1094.4,1096.9,1100.1,44431,488.19,"08-Oct-2026",2840,"",""
"115","ACCENTMIC","SM",670,670,643,645.6,647.15,666.65,51500,336.78,"08-Oct-2026",92,"",""
"116","ACCPL","ST",184.05,185.9,178.5,180,180,185.3,27600,50.42,"08-Oct-2026",20,"",""
"117","ACCURACY","EQ",4.2,4.25,4.02,4.12,4.16,4.17,56022,2.33,"08-Oct-2026",279,"",""
"118","ACE","EQ",1249.9,1249.9,1165,1179.8,1180.4,1249.9,394361,4733.99,"08-Oct-2026",27851,"",""
"119","ACEINTEG","EQ",17,17.15,16.45,16.45,16.45,16.84,837,0.14,"08-Oct-2026",37,"",""
"120","ACETEC","SM",134,134,129.5,132.7,132.7,140,3600,4.75,"08-Oct-2026",3,"",""
"121","ACEVECTOR","EQ",32.42,33.27,28.38,29.12,28.7,31.11,75616274,23577.26,"08-Oct-2026",162838,"",""
"122","ACGL","EQ",1703.8,1730,1670,1690.1,1695,1703.8,654,11.03,"08-Oct-2026",137,"",""
"123","ACI","EQ",480.95,480.95,460,462.2,463.05,476.2,225917,1048.36,"08-Oct-2026",11703,"",""
"124","ACL","EQ",39.2,39.93,38.82,38.97,39.3,39.41,6743,2.63,"08-Oct-2026",188,"",""
"125","ACMESOLAR","EQ",436.4,437.95,416.15,420.4,422.3,436.15,1067095,4506.82,"08-Oct-2026",35453,"",""
"126","ACSTECH","BE",71.83,71.83,71.83,71.83,71.83,73.29,36708,26.37,"08-Oct-2026",55,"",""
"127","ACUTAAS","EQ",3174.6,3182.2,3036,3056.7,3059,3174.2,358872,11056.45,"08-Oct-2026",36819,"",""
"128","ADANIENSOL","EQ",1328.9,1328.9,1241.2,1251.5,1251.5,1318.8,2431825,30738.42,"08-Oct-2026",106327,"",""
"129","ADANIENT","EQ",2740,2743,2547,2596,2596,2743,4400475,114554.74,"08-Oct-2026",183857,"",""
"130","ADANIGREEN","EQ",1342.7,1344.8,1208,1235.7,1235.7,1341.4,7489433,93170.57,"08-Oct-2026",167185,"",""
"131","ADANIPORTS","EQ",1749.9,1749.9,1674.2,1708,1708,1750.1,3344747,56674.2,"08-Oct-2026",137002,"",""
"132","ADANIPOWER","EQ",196,196.49,184.05,188,188,196.94,46457240,87388.74,"08-Oct-2026",237567,"",""
"133","ADDICTIVE","ST",41.85,43,41.8,42.2,43,42.8,26000,10.9,"08-Oct-2026",14,"",""
"134","ADDIND","EQ",75.39,78.8,72,72.46,72.12,73.88,3284,2.42,"08-Oct-2026",322,"",""
"135","ADFFOODS","EQ",292,292,278.1,288.3,288.05,291.7,118955,341.88,"08-Oct-2026",3785,"",""
"136","ADISOFT","SM",308.8,309.95,278,285.6,288.95,306.85,278400,794.08,"08-Oct-2026",307,"",""
"137","ADL","EQ",72.5,73.95,70.41,73.64,70.41,72.29,137,0.1,"08-Oct-2026",15,"",""
"138","ADOR","EQ",1563.5,1563.5,1470.4,1486.1,1500,1552.1,44086,661.23,"08-Oct-2026",5740,"",""
"139","ADROITIND","BE",215.1,218.99,212.45,212.45,212.45,223.63,245524,524.65,"08-Oct-2026",1936,"",""
"140","ADROITINFO","BE",11.87,12.47,11.38,11.56,11.68,11.97,223844,26.44,"08-Oct-2026",340,"",""
"141","ADSL","EQ",102.77,105,98.1,98.42,98.5,102.04,183260,182.9,"08-Oct-2026",3082,"",""
"142","ADVAIT","EQ",1910.8,1919.2,1860.2,1871.6,1870.7,1910.8,32228,606.12,"08-Oct-2026",4797,"",""
"143","ADVANCE","EQ",118.03,118.19,111.81,113.85,114.45,117.49,182223,208.27,"08-Oct-2026",1860,"",""
"144","ADVANIHOTR","EQ",47.51,48.36,47.02,47.23,47.13,47.91,14310,6.78,"08-Oct-2026",354,"",""
"145","ADVENTHTL","EQ",122.66,122.67,116.8,118.45,118.11,121.77,134084,159.25,"08-Oct-2026",3459,"",""
"146","ADVENZYMES","EQ",271.05,272.05,264,264.9,266.4,270.05,132497,353.02,"08-Oct-2026",4301,"",""
"147","ADVIKCA","EQ",1,1.02,0.96,0.98,1.01,0.98,157493,1.56,"08-Oct-2026",206,"",""
"148","AEGISLOG","EQ",1473.9,1473.9,1372.7,1382.3,1383,1460.2,880592,12354.44,"08-Oct-2026",59665,"",""
"149","AEGISVOPAK","EQ",294.95,295.25,282.95,285.2,284.6,294.25,1013795,2925.01,"08-Oct-2026",37889,"",""
"150","AEPL","EQ",15.29,15.84,14.65,14.85,15.1,15.04,8748,1.31,"08-Oct-2026",144,"",""
"151","AEQUS","EQ",287.75,289.4,265.6,268,266.95,288.15,5008002,13635.88,"08-Oct-2026",62182,"",""
"152","AEROENTER","EQ",130.79,130.79,123.9,125.45,125.04,129.01,412189,518.01,"08-Oct-2026",4998,"",""
"153","AEROFLEX","EQ",572.05,574.9,525.5,529,527.5,563.85,1597169,8641.13,"08-Oct-2026",55317,"",""
"154","AERON","SM",86.95,86.95,84.05,84.05,84.05,87.5,2000,1.71,"08-Oct-2026",2,"",""
"155","AERONEU","EQ",71,71,67.7,68.4,68.43,70.21,25597,17.72,"08-Oct-2026",801,"",""
"156","AEROPLANE","EQ",219.99,220.89,211.9,216.09,213,218.44,972495,2089.7,"08-Oct-2026",16021,"",""
"157","AESTHETIK","SM",67.05,69.7,67.05,69.45,69.7,67,8000,5.53,"08-Oct-2026",5,"",""
"158","AETHER","EQ",1787.6,1804.1,1736.9,1744.1,1739.2,1787.6,198493,3514.02,"08-Oct-2026",20447,"",""
"159","AFCONS","EQ",244,244.54,238,242.11,242.48,244.38,354259,855.49,"08-Oct-2026",9055,"",""
"160","AFFLE","EQ",1438,1450,1388.1,1401.4,1404,1436,151287,2136.85,"08-Oct-2026",20092,"",""
"161","AFFORDABLE","EQ",167,167,157,158.28,157,165.3,11017,17.63,"08-Oct-2026",630,"",""
"162","AFIL","EQ",7.52,7.69,7.46,7.58,7.57,7.54,109416,8.31,"08-Oct-2026",412,"",""
"163","AFSL","EQ",201,201.5,201,201,201,201,2929,5.89,"08-Oct-2026",80,"",""
"164","AGARIND","EQ",391.7,391.7,360.1,369.15,372.85,388.9,90828,335.36,"08-Oct-2026",3994,"",""
"165","AGARWALEYE","EQ",485.1,485.15,465.35,471,467,483.25,208641,988.25,"08-Oct-2026",11547,"",""
"166","AGARWALFT","SM",24.35,24.35,24.35,24.35,24.35,24.35,1500,0.37,"08-Oct-2026",1,"",""
"167","AGARWALTUF","SM",177.45,179,164,164.45,164.45,175.55,54000,91.78,"08-Oct-2026",42,"",""
"168","AGASTYAEN","BE",64.99,64.99,64.17,64.17,64.17,65.47,63983,41.39,"08-Oct-2026",120,"",""
"169","AGI","EQ",783.2,802.05,776.7,782.6,783,787.5,113112,890.26,"08-Oct-2026",9329,"",""
"170","AGIIL","EQ",258.3,258.3,248.2,250.05,250.6,257.15,403792,1021.43,"08-Oct-2026",4612,"",""
"171","AGL","EQ",14.5,14.5,12.05,12.15,12.12,12.63,3867954,490.59,"08-Oct-2026",4894,"",""
"172","AGNI","SM",14.3,14.9,14.1,14.2,14.2,14.3,22500,3.27,"08-Oct-2026",9,"",""
"173","AGRITECH","EQ",89.6,95.81,88,92.99,91.65,87.1,11900,11.06,"08-Oct-2026",402,"",""
"174","AGROPHOS","EQ",22.75,23.69,21.66,21.89,22.49,23.38,32299,7.2,"08-Oct-2026",281,"",""
"175","AGSTRA","BZ",2.37,2.37,2.37,2.37,2.37,2.41,65795,1.56,"08-Oct-2026",58,"",""
"176","AHCL","EQ",26.78,27.83,26.78,26.78,26.78,28.18,20145752,5427.06,"08-Oct-2026",14974,"",""
"177","AHLADA","EQ",38.4,38.4,36.31,36.78,37.6,38.8,7177,2.64,"08-Oct-2026",111,"",""
"178","AHLEAST","EQ",135.63,136,132.05,132.78,132.5,134.95,760,1.01,"08-Oct-2026",31,"",""
"179","AHLUCONT","EQ",557,561.05,550,554.05,553.8,561.5,71412,395.78,"08-Oct-2026",6874,"",""
"180","AHLWEST","BE",549,550,525.15,550,550,549.95,1374,7.54,"08-Oct-2026",11,"",""
"181","AIAENG","EQ",3851,3851,3726.9,3742.9,3750,3858,34411,1295.97,"08-Oct-2026",14116,"",""
"182","AIIL","EQ",547.9,554.95,545,550.1,549.5,549.65,115992,636.78,"08-Oct-2026",9043,"",""
"183","AILIMITED","SM",13.6,13.6,13.6,13.6,13.6,14.3,3000,0.41,"08-Oct-2026",1,"",""
"184","AIMTRON","SM",1860,1860,1780,1788.3,1784.1,1835.9,28600,514.55,"08-Oct-2026",135,"",""
"185","AIRAN","EQ",15.5,15.5,14.7,14.95,15.28,15.32,151582,22.73,"08-Oct-2026",519,"",""
"186","AIROLAM","EQ",92.89,92.89,85.05,86.52,86.49,91.07,3891,3.4,"08-Oct-2026",202,"",""
"187","AISL","SM",74.05,74.05,70.35,70.35,70.35,74.05,19800,14.02,"08-Oct-2026",20,"",""
"188","AJANTPHARM","EQ",3579,3580.4,3411.9,3435.6,3435,3569.8,83212,2875.05,"08-Oct-2026",20853,"",""
"189","AJAXENGG","EQ",579,586.25,567.7,571.25,575,582.75,75642,432.23,"08-Oct-2026",5605,"",""
"190","AJMERA","EQ",117,117.79,115.5,115.77,116,117.99,245670,286.35,"08-Oct-2026",2629,"",""
"191","AJOONI","EQ",3,3.07,2.99,3.01,3.01,3.01,245903,7.4,"08-Oct-2026",336,"",""
"192","AKANKSHA","SM",191,198.85,180.5,180.5,180.5,190,128000,240.37,"08-Oct-2026",101,"",""
"193","AKASH","EQ",25.16,25.25,24.16,24.45,24.2,24.66,9427,2.33,"08-Oct-2026",57,"",""
"194","AKCAPIT","EQ",1730.3,1749.2,1689.4,1728.4,1730,1747.2,1608,27.77,"08-Oct-2026",144,"",""
"195","AKG","EQ",9.38,9.49,9.31,9.4,9.4,9.38,5442,0.51,"08-Oct-2026",70,"",""
"196","AKI","BE",6.2,6.2,5.9,6.13,6.13,6.01,59557,3.59,"08-Oct-2026",162,"",""
"197","AKIKO","SM",434.55,434.55,395,401,400,413,25600,105.97,"08-Oct-2026",27,"",""
"198","AKSHAR","EQ",0.42,0.43,0.41,0.42,0.42,0.42,1065915,4.44,"08-Oct-2026",233,"",""
"199","AKSHARCHEM","BE",373,379.8,365,367.85,372.95,374.3,7627,28.21,"08-Oct-2026",130,"",""
"200","AKSHOPTFBR","BE",7.79,8,7.35,7.39,7.4,7.73,390619,29.49,"08-Oct-2026",501,"",""
"201","AKUMS","EQ",816.6,831.95,773.2,786.7,784.9,822.55,301314,2391.8,"08-Oct-2026",28526,"",""
"202","ALANKIT","EQ",7.59,7.85,7.58,7.6,7.6,7.71,159157,12.25,"08-Oct-2026",450,"",""
"203","ALBERTDAVD","EQ",810,817.3,781,793.9,790,812.75,6278,49.91,"08-Oct-2026",541,"",""
"204","ALCODIS","SM",61,61,56.6,56.6,56.6,61.95,3125,1.83,"08-Oct-2026",5,"",""
"205","ALEMBICLTD","EQ",103.39,103.48,99.01,99.72,99.01,103.57,602964,606.88,"08-Oct-2026",8712,"",""
"206","ALFREDHE","EQ",2819,2819,2740,2740,2740,2769.6,7,0.19,"08-Oct-2026",4,"",""
"207","ALGOQUANT","EQ",70.2,71,66.57,67.5,67.48,70.2,1585602,1082.76,"08-Oct-2026",4742,"",""
"208","ALICON","EQ",904.9,904.9,847.05,859,855,901.4,55487,479.9,"08-Oct-2026",4889,"",""
"209","ALIVUS","EQ",1370.2,1371.9,1320.3,1337.2,1336.5,1370.2,82770,1110.64,"08-Oct-2026",9969,"",""
"210","ALKALI","BE",88.7,92,88,89.15,89,88.71,4158,3.73,"08-Oct-2026",102,"",""
"211","ALKEM","EQ",5407,5407,5237.5,5249.5,5249.5,5350.5,281234,14863.84,"08-Oct-2026",35971,"",""
"212","ALKYLAMINE","EQ",1915.4,1915.4,1815,1827.3,1822,1918.9,85427,1588.57,"08-Oct-2026",12482,"",""
"213","ALLCARGO","EQ",10.28,10.28,9.93,9.99,10.05,10.28,4301600,433.43,"08-Oct-2026",4987,"",""
"214","ALLDIGI","EQ",782.3,787.45,774,782.75,774.4,783.8,6869,53.76,"08-Oct-2026",506,"",""
"215","ALLETEC","SM",118.9,120,116.7,118.25,119,119.45,20800,24.65,"08-Oct-2026",52,"",""
"216","ALLTIME","EQ",184.43,185.33,174.3,175.43,176.15,184.43,105803,187.4,"08-Oct-2026",2019,"",""
"217","ALMONDZ","BE",19.98,20.5,18.57,18.83,19,19.54,116135,22.33,"08-Oct-2026",240,"",""
"218","ALOKINDS","EQ",8.5,9.47,8.24,9,9.08,8.29,148792635,13531.82,"08-Oct-2026",419222,"",""
"219","ALPA","EQ",56.56,58.49,56,56.38,56,57.71,9222,5.24,"08-Oct-2026",208,"",""
"220","ALPEXSOLAR","SM",836,836,806.5,814.2,815,815.1,19900,161.87,"08-Oct-2026",133,"",""
"221","ALPHA","EQ",51.8,53.19,51.49,51.64,51.52,52.84,1800923,933.59,"08-Oct-2026",4844,"",""
"222","ALPHAETF","EQ",25.53,25.53,24.7,24.75,24.7,25.49,897897,223.96,"08-Oct-2026",1989,"",""
"223","ALPHAGEO","BE",254.3,255.55,245.1,250.7,251.8,254.3,2793,6.95,"08-Oct-2026",100,"",""
"224","ALPINETEX","EQ",46.64,46.64,44.8,45.11,45.33,46.04,106955,48.53,"08-Oct-2026",2343,"",""
"225","ALPL30IETF","EQ",25.78,25.81,25.2,25.31,25.42,25.78,185598,47.24,"08-Oct-2026",1778,"",""
"226","ALUFLUOR","EQ",658.15,661.95,640,645,641,649.15,8809,56.71,"08-Oct-2026",569,"",""
"227","ALUWIND","SM",47.15,47.25,45.55,46.5,46.55,48,24000,11.17,"08-Oct-2026",16,"",""
"228","AMAGI","EQ",559.1,570,554.75,555.3,556,561.45,136933,766.49,"08-Oct-2026",10356,"",""
"229","AMAL","EQ",813.35,813.35,762.1,774.8,783,798.05,19308,152.33,"08-Oct-2026",1670,"",""
"230","AMANTA","BE",202.9,204,196.73,196.76,196.73,207.08,67009,133.12,"08-Oct-2026",638,"",""
"231","AMARJOTHI","EQ",147.95,151.95,147.2,147.3,147.3,147.12,481,0.72,"08-Oct-2026",32,"",""
"232","AMBAAUTO","SM",115.5,115.5,110,112.4,112.4,111.25,13000,14.63,"08-Oct-2026",13,"",""
"233","AMBALALSA","BE",40.47,42,39.5,40.27,40,40.47,32501,13.23,"08-Oct-2026",204,"",""
"234","AMBANIORGO","SM",126.8,126.8,126.8,126.8,126.8,120.8,4000,5.07,"08-Oct-2026",3,"",""
"235","AMBER","EQ",6839.5,6839.5,6550,6555,6555,6925,241576,16088.58,"08-Oct-2026",31054,"",""
"236","AMBICAAGAR","EQ",23.99,23.99,22.25,23.31,23.4,23.53,8020,1.85,"08-Oct-2026",252,"",""
"237","AMBIKCO","EQ",1515.6,1539,1479.5,1483.3,1479.5,1504.9,4347,64.81,"08-Oct-2026",607,"",""
"238","AMBUJACEM","EQ",356.9,357.25,341,341,341,356.9,2489181,8673.46,"08-Oct-2026",38417,"",""
"239","AMCL","SM",365,365,354.8,354.95,354.8,370.15,12800,45.69,"08-Oct-2026",27,"",""
"240","AMDIND","BE",52.88,52.88,50.3,50.64,50.8,52.37,9188,4.7,"08-Oct-2026",118,"",""
"241","AMEYA","SM",159.9,162.4,156,162.05,162.4,154.7,12000,19.31,"08-Oct-2026",12,"",""
"242","AMJLAND","EQ",36.45,37.68,36.45,36.66,36.56,37.35,4161,1.54,"08-Oct-2026",84,"",""
"243","AMNPLST","EQ",172.6,178.8,163.35,165.87,165.85,172.6,16346,27.42,"08-Oct-2026",615,"",""
"244","AMRUTANJAN","EQ",521,523,502,503.05,504.7,521.55,49550,254.37,"08-Oct-2026",2564,"",""
"245","ANANDRATHI","EQ",2139,2155.9,2064.3,2138.9,2138.9,2127.2,1335549,28327.22,"08-Oct-2026",69257,"",""
"246","ANANTAM","IV",104,104.94,103,104.74,104.74,103,9372,9.79,"08-Oct-2026",81,"",""
"247","ANANTRAJ","EQ",615,616.9,567.55,582.5,584,612.15,1898871,11307.46,"08-Oct-2026",43735,"",""
"248","ANAWIL","SM",435.35,442.5,422,429.45,428.85,433.2,124400,538.02,"08-Oct-2026",270,"",""
"249","ANDHRAPAP","EQ",70.13,70.16,67,67.45,67.04,70.07,203935,138.86,"08-Oct-2026",1709,"",""
"250","ANDHRSUGAR","EQ",94.43,94.43,88.34,89.83,90.35,93.37,321145,293.41,"08-Oct-2026",8846,"",""
"251","ANDREWYU","EQ",24.65,24.87,24.16,24.3,24.4,24.63,51601,12.61,"08-Oct-2026",356,"",""
"252","ANGELONE","EQ",300.2,301.95,293.15,295,295,302,7127359,21181.05,"08-Oct-2026",41299,"",""
"253","ANIKINDS","EQ",44.52,45.2,41.55,42.2,41.8,45.65,23962,10.22,"08-Oct-2026",311,"",""
"254","ANKITMETAL","BZ",2.48,2.48,2.48,2.48,2.48,2.37,21413,0.53,"08-Oct-2026",20,"",""
"255","ANLON","SM",788,795,768,786,785,788,10400,81.12,"08-Oct-2026",25,"",""
"256","ANMOL","BE",13.29,13.33,12.64,12.67,12.65,13.03,30800,3.98,"08-Oct-2026",234,"",""
"257","ANNAPURNA","EQ",131.5,131.5,121.6,124,123.3,129.4,41485,53.18,"08-Oct-2026",899,"",""
"258","ANNU","EQ",45.64,47.26,45.05,46.33,46.7,45.53,600436,278.13,"08-Oct-2026",6073,"",""
"259","ANONDITA","SM",1073,1079,1045,1055,1055,1070.8,31800,335.87,"08-Oct-2026",156,"",""
"260","ANSALAPI","BZ",3.85,3.88,3.78,3.78,3.78,3.85,7419,0.28,"08-Oct-2026",25,"",""
"261","ANSALBU","EQ",84,86.19,81.6,82.42,81.6,84.5,2409,2.05,"08-Oct-2026",56,"",""
"262","ANTELOPUS","EQ",1141,1141,1095,1105.8,1108,1130.2,194209,2163.31,"08-Oct-2026",10588,"",""
"263","ANTGRAPHIC","EQ",0.71,0.71,0.69,0.69,0.69,0.7,72152,0.5,"08-Oct-2026",151,"",""
"264","ANTHEM","EQ",887.9,892,866,872.55,872,887.05,324946,2849.65,"08-Oct-2026",21908,"",""
"265","ANUHPHR","EQ",84.4,86.1,81.1,81.79,81.2,85.51,75558,62.56,"08-Oct-2026",1911,"",""
"266","ANUP","EQ",1545,1555.9,1490,1498.2,1496.1,1547,19281,291.37,"08-Oct-2026",3661,"",""
"267","ANURAS","EQ",1165.2,1170.9,1082.3,1097.7,1090,1165.1,588879,6577.23,"08-Oct-2026",24363,"",""
"268","ANZEN","IV",131,131,131,131,131,129.87,50000,65.5,"08-Oct-2026",2,"",""
"269","AONEGOLD","EQ",13.85,13.85,13.64,13.66,13.66,13.69,502418,68.71,"08-Oct-2026",1749,"",""
"270","AONELIQUID","EQ",1080.17,1080.18,1080.15,1080.17,1080.18,1080.02,15727,169.88,"08-Oct-2026",382,"",""
"271","AONENIFTY","EQ",9.57,9.57,9.18,9.21,9.23,9.34,238034,21.98,"08-Oct-2026",1505,"",""
"272","AONESILVER","EQ",8.35,8.39,8.22,8.25,8.27,8.36,597026,49.38,"08-Oct-2026",1500,"",""
"273","AONESTEELS","EQ",420.35,426.55,401.8,416.95,420,420.35,535838,2224.67,"08-Oct-2026",15398,"",""
"274","AONETMMQ50","EQ",10.04,10.04,9.76,9.79,9.83,10,37707,3.71,"08-Oct-2026",327,"",""
"275","AONETOTAL","EQ",11.39,11.39,11.05,11.07,11.14,11.3,347534,38.79,"08-Oct-2026",1246,"",""
"276","APARINDS","EQ",18296,18375,17600,17816,17795,18160,99697,17838.35,"08-Oct-2026",28541,"",""
"277","APCL","EQ",94.49,94.49,90.55,92.87,91.25,92.64,3010,2.79,"08-Oct-2026",122,"",""
"278","APCOTEXIND","EQ",597,598.7,575,576.9,575.05,592.7,59990,348.61,"08-Oct-2026",3354,"",""
"279","APEX","EQ",343.4,343.4,328.55,330.6,328.65,343.4,72204,241.39,"08-Oct-2026",4037,"",""
"280","APEXECO","ST",254,254,244.55,246.3,244.6,253.15,11200,27.72,"08-Oct-2026",13,"",""
"281","APLAPOLLO","EQ",2125,2125,2040,2040,2040,2135,253118,5258.58,"08-Oct-2026",25861,"",""
"282","APLLTD","EQ",833.8,835.1,797.95,800.5,800,833.8,171505,1382.78,"08-Oct-2026",14245,"",""
"283","APOLLO","EQ",413.95,415.65,391.7,395.15,393.55,414.75,6111236,24304.11,"08-Oct-2026",78537,"",""
"284","APOLLOHOSP","EQ",7869.5,7892,7607.5,7666,7666,7917,928942,71419.42,"08-Oct-2026",108474,"",""
"285","APOLLOPIPE","EQ",528.75,530.6,503.35,506.9,504.1,531.45,62109,318.84,"08-Oct-2026",3330,"",""
"286","APOLLOTYRE","EQ",406.25,406.85,398.65,401.7,401.3,407.6,400584,1612.04,"08-Oct-2026",19609,"",""
"287","APOLSINHOT","EQ",1161.2,1180,1149.9,1159.1,1176,1178.3,1070,12.39,"08-Oct-2026",100,"",""
"288","APOORVA","BE",32.84,32.9,32.84,32.89,32.89,33,25,0.01,"08-Oct-2026",3,"",""
"289","APRAMEYA","SM",111.4,111.4,111.4,111.4,111.4,114.3,500,0.56,"08-Oct-2026",1,"",""
"290","APS","SM",232.3,233,227.3,227.3,227.3,230,6500,14.93,"08-Oct-2026",25,"",""
"291","APSISAERO","ST",609.75,611.2,562.15,568.5,568.5,582.1,62400,372.43,"08-Oct-2026",39,"",""
"292","APTECHT","EQ",87,87.59,84.75,85.05,85,86.87,73175,62.67,"08-Oct-2026",1633,"",""
"293","APTUS","EQ",219.9,223,216,216.92,217.89,219.46,2083763,4571.01,"08-Oct-2026",50835,"",""
"294","AQYLON","EQ",16,16.2,15.67,15.77,15.88,15.79,200438,31.81,"08-Oct-2026",712,"",""
"295","ARABIAN","SM",100.05,100.05,93.15,95.45,95.45,102.5,10000,9.7,"08-Oct-2026",5,"",""
"296","ARCHIDPLY","EQ",104.75,104.75,100.51,101,100.63,102.73,11049,11.38,"08-Oct-2026",123,"",""
"297","ARCHIES","EQ",12.42,12.42,12,12.01,12.01,12.42,2576,0.31,"08-Oct-2026",71,"",""
"298","ARCIIL","SM",31.35,32.95,31.35,32,32,32.5,4000,1.28,"08-Oct-2026",4,"",""
"299","ARCIL","EQ",164.9,164.9,150.1,156.18,154.95,160.31,6175518,9645.45,"08-Oct-2026",91396,"",""
"300","ARCL","EQ",241.4,241.4,211.5,221.87,221,229.99,1607,3.6,"08-Oct-2026",74,"",""
"301","ARDEE","EQ",50.75,50.87,48.58,48.96,49.18,50.79,1426456,704.44,"08-Oct-2026",7618,"",""
"302","ARE&M","EQ",733.05,740.6,715,720.3,718,733.25,437641,3187.15,"08-Oct-2026",33710,"",""
"303","ARENTERP","EQ",31.52,33.09,31.52,32.87,32.87,32.44,250,0.08,"08-Oct-2026",29,"",""
"304","ARFIN","EQ",104.29,112.69,102.6,107.52,106.48,103.06,18357661,19786,"08-Oct-2026",107723,"",""
"305","ARHAM","SM",204,204,185,189.75,191.4,198.85,101000,195.06,"08-Oct-2026",79,"",""
"306","ARIES","BE",519,519,469.85,472.7,472.1,494.55,18759,89.7,"08-Oct-2026",328,"",""
"307","ARIHANT","EQ",927,940.8,904.35,939.75,940,929.9,2464,22.93,"08-Oct-2026",101,"",""
"308","ARIHANTCAP","EQ",98.5,98.5,95.06,95.62,95.15,97.38,749697,724.78,"08-Oct-2026",6009,"",""
"309","ARIHANTSUP","EQ",235.6,235.6,217.48,219.51,217.72,231.18,7208,16.13,"08-Oct-2026",703,"",""
"310","ARIS","EQ",142.5,142.97,134.58,136.42,136.9,142.31,548947,763.17,"08-Oct-2026",7570,"",""
"311","ARISTO","SM",94,94,94,94,94,94,800,0.75,"08-Oct-2026",1,"",""
"312","ARKADE","EQ",120.98,120.98,117,117.67,117,119.73,292344,346.88,"08-Oct-2026",3977,"",""
"313","ARMANFIN","EQ",1740,1750.9,1700,1703.9,1700.1,1741.2,27644,473.55,"08-Oct-2026",3989,"",""
"314","ARMEE","EQ",271,273.3,252.25,256.4,255.3,269.95,524567,1374.46,"08-Oct-2026",13342,"",""
"315","ARMOUR","SM",20,20,18.05,18.05,18.05,19.75,6000,1.16,"08-Oct-2026",3,"",""
"316","AROGRANITE","EQ",22.54,22.89,22.26,22.76,22.79,22.53,4137,0.94,"08-Oct-2026",57,"",""
"317","ARROWGREEN","EQ",899.9,899.9,841.05,847.45,854.85,893.35,32294,277.75,"08-Oct-2026",2863,"",""
"318","ARSHIYA","BZ",0.86,0.86,0.81,0.82,0.83,0.84,67752,0.57,"08-Oct-2026",67,"",""
"319","ARSSBL","EQ",574,574,535,537.55,535.5,571.15,320882,1772.96,"08-Oct-2026",10359,"",""
"320","ARTEMISMED","EQ",319.2,319.2,307.65,308.45,308.95,318.3,339500,1054.06,"08-Oct-2026",19349,"",""
"321","ARTNIRMAN","EQ",40.23,41.27,37.6,38,39,40.13,1446,0.56,"08-Oct-2026",46,"",""
"322","ARUNAYA","SM",13.8,13.85,13.8,13.85,13.85,13.8,4000,0.55,"08-Oct-2026",2,"",""
"323","ARVEE","EQ",210.26,220,210,212.08,210,211.79,4739,10.22,"08-Oct-2026",264,"",""
"324","ARVIND","EQ",528.1,528.1,500.45,510.5,511.6,529.3,1030883,5254.83,"08-Oct-2026",47761,"",""
"325","ARVINDFASN","EQ",398,400.25,389.15,392.1,390,397.95,236141,929.43,"08-Oct-2026",19229,"",""
"326","ARVINDPORT","SM",31,31,30,31,31,31.6,16500,5.05,"08-Oct-2026",11,"",""
"327","ARVSMART","EQ",609.25,624,600,608.5,605.4,612.5,62833,381.24,"08-Oct-2026",2358,"",""
"328","ARYAMAN","EQ",610,610,610,610,610,610,24,0.15,"08-Oct-2026",4,"",""
"329","ASAHIINDIA","EQ",980.05,980.05,934,938.8,944,976.25,75267,716.23,"08-Oct-2026",8635,"",""
"330","ASAHISONG","BE",384,384,362,364.1,363.6,376.4,8067,29.96,"08-Oct-2026",134,"",""
"331","ASAL","EQ",423.3,423.95,391.4,395.55,397.8,423.3,40416,162.42,"08-Oct-2026",1463,"",""
"332","ASALCBR","EQ",587.05,590.7,567,573.2,575.7,590.1,57765,333.14,"08-Oct-2026",3822,"",""
"333","ASHALOG","SM",60.05,60.05,60.05,60.05,60.05,63.85,1000,0.6,"08-Oct-2026",1,"",""
"334","ASHAPURMIN","EQ",488.2,491.45,467.55,469.35,469,488,370650,1768.12,"08-Oct-2026",12661,"",""
"335","ASHIANA","EQ",379.2,379.2,369,372.25,370,379.2,32813,122.49,"08-Oct-2026",1391,"",""
"336","ASHIKAG","BE",384,391,375.2,382.55,380.6,386.9,14718,56.14,"08-Oct-2026",133,"",""
"337","ASHIMASYN","EQ",14.51,14.93,13.5,14.08,14,14.51,181130,25.52,"08-Oct-2026",557,"",""
"338","ASHOKA","EQ",104.03,104.08,101.1,101.4,101.54,104.03,723525,737.25,"08-Oct-2026",11045,"",""
"339","ASHOKAMET","EQ",14.81,14.99,14.46,14.6,14.64,14.61,12937,1.89,"08-Oct-2026",117,"",""
"340","ASHOKLEY","EQ",149.5,149.8,144.52,145.02,145.02,149.2,15971379,23290.05,"08-Oct-2026",106813,"",""
"341","ASHUTOSH","SM",143,143,138.25,138.95,139.75,143.15,34800,48.84,"08-Oct-2026",27,"",""
"342","ASHWINI","SM",161,161,156,156.3,156.3,163,10000,15.72,"08-Oct-2026",7,"",""
"343","ASIANENE","EQ",481,481,453.3,459.45,458.2,480.15,262784,1215.26,"08-Oct-2026",12863,"",""
"344","ASIANHOTNR","EQ",339,339.25,325,329.5,337,330.25,4470,14.69,"08-Oct-2026",301,"",""
"345","ASIANPAINT","EQ",2364.4,2367,2311.6,2311.6,2311.6,2372.1,652405,15237.81,"08-Oct-2026",61304,"",""
"346","ASIANTILES","EQ",47.62,47.62,45.5,45.79,45.8,47.19,730857,336.64,"08-Oct-2026",2946,"",""
"347","ASIANTNE","EQ",9.07,9.19,8.05,8.21,8.1,9.07,28744,2.41,"08-Oct-2026",139,"",""
"348","ASKAUTOLTD","EQ",628.75,628.75,588,594.6,588,626.55,217664,1315.51,"08-Oct-2026",12400,"",""
"349","ASMS","EQ",6.08,6.08,5.8,5.81,5.8,5.95,111580,6.56,"08-Oct-2026",432,"",""
"350","ASPINWALL","EQ",243.5,248.98,236.72,241.52,238,241.65,8527,20.53,"08-Oct-2026",97,"",""
"351","ASSAMENT","EQ",789.55,789.55,789.55,789.55,789.55,789.55,10,0.08,"08-Oct-2026",1,"",""
"352","ASTAR","EQ",652,652,640,641.6,642,645.05,30,0.19,"08-Oct-2026",19,"",""
"353","ASTEC","EQ",740,740,710.1,714.75,722,748.2,34972,251.74,"08-Oct-2026",2638,"",""
"354","ASTERDM","EQ",677.1,682.65,674.9,677.15,677.05,680.3,1342683,9097.41,"08-Oct-2026",38065,"",""
"355","ASTRAL","EQ",1428,1452,1408.5,1408.5,1408.5,1427.7,579289,8287.96,"08-Oct-2026",36960,"",""
"356","ASTRAMICRO","EQ",1700,1701.1,1625,1630.8,1638.4,1701.1,260781,4313.49,"08-Oct-2026",21177,"",""
"357","ASTRAZEN","EQ",5950.5,5950.5,5675,5719.5,5715,5918,6824,394.68,"08-Oct-2026",2466,"",""
"358","ASTRON","BZ",2.84,2.88,2.75,2.78,2.75,2.84,22119,0.62,"08-Oct-2026",72,"",""
"359","ATALREAL","EQ",11.97,12.65,11.52,11.63,11.64,12.12,2019970,243.94,"08-Oct-2026",2172,"",""
"360","ATAM","EQ",55.95,55.96,54.03,54.91,55,55.26,2602,1.42,"08-Oct-2026",79,"",""
"361","ATCENERGY","SM",21,21.5,20.4,21,21.5,21,12000,2.51,"08-Oct-2026",9,"",""
"362","ATGL","EQ",585,585,560,562.2,560,581.9,736398,4199.63,"08-Oct-2026",31100,"",""
"363","ATHERENERG","EQ",1454.5,1469,1386,1406,1406,1455,2833297,40051.28,"08-Oct-2026",90591,"",""
"364","ATL","EQ",25.99,26.27,24.8,25.18,25.1,25.67,332015,84.19,"08-Oct-2026",2758,"",""
"365","ATLANTAA","EQ",36.19,36.5,34.61,35.15,35,35.47,28140,9.96,"08-Oct-2026",415,"",""
"366","ATLANTAELE","EQ",1896,1911.9,1755,1806.6,1806,1875.8,336989,6102.56,"08-Oct-2026",32434,"",""
"367","ATLASCYCLE","EQ",91,93.2,91,91.53,92.7,92.1,2671,2.46,"08-Oct-2026",118,"",""
"368","ATLPP","E1",9.04,9.9,8.75,8.78,8.77,9.04,4207,0.38,"08-Oct-2026",25,"",""
"369","ATMASTCO","SM",120.6,120.6,114,114.65,114.05,117.85,11600,13.42,"08-Oct-2026",26,"",""
"370","ATUL","EQ",6015.5,6022,5904,5923,5905,5999.5,25841,1541.97,"08-Oct-2026",7766,"",""
"371","ATULAUTO","EQ",429.7,432,407.1,410.35,408.95,426.25,93982,390.96,"08-Oct-2026",4778,"",""
"372","AUBANK","EQ",997.9,997.9,974,975,975,993.4,973635,9555.84,"08-Oct-2026",40154,"",""
"373","AUGMONT","EQ",1229,1277,1210.1,1274.1,1277,1216.2,807492,10025.62,"08-Oct-2026",23901,"",""
"374","AURIONPRO","EQ",616.8,624.3,595,596.55,598,612.8,110437,669.55,"08-Oct-2026",6678,"",""
"375","AUROIMPEX","ST",42.05,44,42.05,44,44,42.05,12800,5.58,"08-Oct-2026",8,"",""
"376","AUROPHARMA","EQ",1679.1,1681.9,1641,1645,1645,1682,439291,7257.28,"08-Oct-2026",31012,"",""
"377","AURUM","EQ",231.7,235.8,223.66,227.39,227,231.2,92988,212.39,"08-Oct-2026",2772,"",""
"378","AURUS","EQ",4.39,4.39,4.22,4.29,4.25,4.29,4562,0.2,"08-Oct-2026",94,"",""
"379","AUSL","SM",22.75,22.75,22.65,22.65,22.65,22.75,4000,0.91,"08-Oct-2026",2,"",""
"380","AUSOMENT","EQ",143,147,135.41,143.29,146.49,141.68,11429,16.1,"08-Oct-2026",133,"",""
"381","AUSTENG","EQ",161.74,164.67,150.61,151.39,152,161.74,10101,15.84,"08-Oct-2026",403,"",""
"382","AUTOAXLES","EQ",1648.5,1656.4,1605.7,1608.8,1608,1651.4,7522,121.62,"08-Oct-2026",578,"",""
"383","AUTOBEES","EQ",260.91,261.26,254,254.92,255.72,260.91,354659,910.51,"08-Oct-2026",6026,"",""
"384","AUTOIETF","EQ",26.14,26.14,25.45,25.53,25.62,26.14,762845,196.24,"08-Oct-2026",4010,"",""
"385","AUTOIND","EQ",83,83.39,79.01,80.06,80.88,83.38,72173,58.16,"08-Oct-2026",1490,"",""
"386","AVADHSUGAR","EQ",951,978.8,916.2,939.55,943.75,937.55,519526,4904.13,"08-Oct-2026",33221,"",""
"387","AVALON","EQ",2429.7,2432.5,2272.3,2302,2298,2429.7,267746,6271.35,"08-Oct-2026",33962,"",""
"388","AVANA","SM",141,143.95,137.05,137.95,138.9,139.6,14000,19.53,"08-Oct-2026",7,"",""
"389","AVANCE","EQ",0.78,0.79,0.77,0.78,0.79,0.78,3823054,29.73,"08-Oct-2026",1269,"",""
"390","AVANTEL","EQ",153.2,153.2,145,145.31,145.88,153.28,998810,1474.08,"08-Oct-2026",12425,"",""
"391","AVANTIFEED","EQ",723.05,724.8,695,698.65,698.95,722.3,154178,1090.39,"08-Oct-2026",13451,"",""
"392","AVATAR","SM",183.75,183.75,183.75,183.75,183.75,175.25,2000,3.68,"08-Oct-2026",1,"",""
"393","AVG","EQ",172.9,172.9,160.55,161.98,162.99,169.65,15027,24.85,"08-Oct-2026",416,"",""
"394","AVIANSH","SM",97.05,97.5,95.15,96.2,97.5,98,6000,5.79,"08-Oct-2026",6,"",""
"395","AVIENCE","SM",290,290,276,276.6,276,287.4,39600,110.32,"08-Oct-2026",62,"",""
"396","AVL","EQ",620,623.1,595.6,604.45,611.65,621.1,82911,501.3,"08-Oct-2026",9931,"",""
"397","AVONMORE","EQ",13.29,13.29,12.31,12.43,12.49,12.8,56134,7.03,"08-Oct-2026",372,"",""
"398","AVPINFRA","SM",56.55,56.6,53.3,53.5,53.35,55.6,32000,17.44,"08-Oct-2026",32,"",""
"399","AVROIND","EQ",6.18,6.29,5.61,5.87,5.87,6.13,294136,17.29,"08-Oct-2026",667,"",""
"400","AVTNPL","EQ",89.4,89.8,85.1,85.45,85.19,88.75,148749,128.46,"08-Oct-2026",2459,"",""
"401","AWFIS","EQ",253.04,253.04,235.75,238.12,238.06,250.75,465552,1117.9,"08-Oct-2026",11630,"",""
"402","AWHCL","EQ",348.7,348.75,335.25,339.25,342,348.7,124721,423.58,"08-Oct-2026",5929,"",""
"403","AWL","EQ",186.25,188,181.6,182.81,184.1,187.11,1298637,2395.04,"08-Oct-2026",20812,"",""
"404","AXIOMGAS","ST",43,44.1,43,44.1,44.1,42,304000,133.75,"08-Oct-2026",77,"",""
"405","AXISBANK","EQ",1244.7,1257,1232.6,1245,1245,1242.5,7360960,91639.8,"08-Oct-2026",225315,"",""
"406","AXISCADES","EQ",2245,2245,2063.5,2077.6,2080,2245.6,333272,7006.46,"08-Oct-2026",36229,"",""
"407","AXITA","EQ",7.53,7.53,7.4,7.41,7.41,7.44,265685,19.74,"08-Oct-2026",564,"",""
"408","AXTEL","EQ",432.05,439.75,432.05,432.8,432.75,435.5,5717,24.83,"08-Oct-2026",238,"",""
"409","AYE","EQ",166.63,170.37,158.85,160.79,160.92,167.63,822596,1349.58,"08-Oct-2026",30653,"",""
"410","AYMSYNTEX","EQ",276.55,278.6,271.15,271.75,271.15,277.5,44664,122.1,"08-Oct-2026",1235,"",""
"411","AZAD","EQ",3051,3052.7,2863.1,2883.7,2880,3048.2,603234,17706.68,"08-Oct-2026",58094,"",""
"412","AZADIND","EQ",85.99,85.99,81,82.56,83,82.85,20151,16.65,"08-Oct-2026",474,"",""
"413","BAFNAPH","BE",409.85,409.85,409.8,409.85,409.85,401.85,1108,4.54,"08-Oct-2026",19,"",""
"414","BAGDIGITAL","SM",109,110.4,107,110.4,110.4,110.15,12800,13.99,"08-Oct-2026",5,"",""
"415","BAGFILMS","EQ",4.14,4.16,4.04,4.07,4.08,4.12,117938,4.81,"08-Oct-2026",114,"",""
"416","BAGMANE","RR",106.97,107,106.25,106.52,106.5,106.62,552349,588.85,"08-Oct-2026",11633,"",""
"417","BAHETI","SM",721,731,680,693.4,700,712.65,24750,173.27,"08-Oct-2026",49,"",""
"418","BAIDFIN","EQ",10.46,10.73,9.9,10.17,10.14,10.21,60974,6.26,"08-Oct-2026",255,"",""
"419","BAJAJ-AUTO","EQ",9840,9894,9637,9637,9637,9884,198806,19351.57,"08-Oct-2026",32549,"",""
"420","BAJAJCON","EQ",485,509.8,480.3,489.15,489.95,483,972259,4822.01,"08-Oct-2026",32735,"",""
"421","BAJAJELEC","EQ",299.15,300.15,289.05,290.05,291.9,300.7,141208,414,"08-Oct-2026",7669,"",""
"422","BAJAJFINSV","EQ",1727.3,1738.6,1700,1708,1708,1743.3,1193738,20436.93,"08-Oct-2026",71621,"",""
"423","BAJAJHCARE","EQ",323.9,324,311.2,314.85,314,323.3,100994,318.75,"08-Oct-2026",3866,"",""
"424","BAJAJHFL","EQ",84.08,84.22,81.9,82.14,82.14,84.08,3402612,2820.83,"08-Oct-2026",35460,"",""
"425","BAJAJHIND","EQ",20.94,21.12,19.86,20.04,20.14,21.05,15262142,3124.49,"08-Oct-2026",26642,"",""
"426","BAJAJHLDNG","EQ",10630,10860,10600,10600,10600,10662,54532,5859.43,"08-Oct-2026",16998,"",""
"427","BAJAJINDEF","EQ",203.96,205.38,197.5,199.24,199,203.96,12059,24.18,"08-Oct-2026",686,"",""
"428","BAJAJST","EQ",328,333.95,322.1,324.3,326.9,331.4,10062,32.87,"08-Oct-2026",559,"",""
"429","BAJEL","EQ",162.49,162.49,155,156.63,157.7,162.34,231341,364.8,"08-Oct-2026",4964,"",""
"430","BAJFINANCE","EQ",956.5,962.75,946.3,955.95,955.95,963.85,9368412,89417.14,"08-Oct-2026",167725,"",""
"431","BALAJEE","EQ",24.39,25,23.02,23.77,23.61,23.97,55242,13.05,"08-Oct-2026",547,"",""
"432","BALAJITELE","EQ",89.84,90.06,85.35,86.08,86,89.18,95182,82.76,"08-Oct-2026",1460,"",""
"433","BALAMINES","EQ",2156,2168.4,2078,2085.5,2087.6,2155.9,254861,5372.56,"08-Oct-2026",25025,"",""
"434","BALAXI","EQ",22.81,23.4,21.05,22.09,22.16,22.38,61447,13.89,"08-Oct-2026",220,"",""
"435","BALKRISHNA","EQ",15.9,16.38,15.67,15.73,15.7,16,6065,0.96,"08-Oct-2026",62,"",""
"436","BALKRISIND","EQ",2014.8,2027.8,1976.6,1996.9,1999.4,2006.6,189701,3785.47,"08-Oct-2026",27952,"",""
"437","BALMLAWRIE","EQ",159.4,159.4,155.75,156.08,155.95,158.88,129306,202.67,"08-Oct-2026",4360,"",""
"438","BALPHARMA","BE",100.59,100.59,95.1,96.21,95.45,98.62,14562,14.36,"08-Oct-2026",144,"",""
"439","BALRAMCHIN","EQ",704.45,717.25,681.75,689.45,689.4,706.6,1408394,9885.92,"08-Oct-2026",41773,"",""
"440","BALUFORGE","EQ",509.4,509.4,487,489.45,488,507.5,555173,2738.23,"08-Oct-2026",20831,"",""
"441","BANARBEADS","EQ",110.27,112.99,110.27,110.28,110.27,110.27,1142,1.26,"08-Oct-2026",99,"",""
"442","BANARISUG","EQ",3386.9,3386.9,3300,3300,3300,3375.3,1106,36.57,"08-Oct-2026",126,"",""
"443","BANCOINDIA","EQ",601.05,605.35,588,588.9,593.1,600.2,55576,330.21,"08-Oct-2026",4293,"",""
"444","BANDHANBNK","EQ",163.29,163.29,154.13,155.54,155.54,162.99,14678826,23054.39,"08-Oct-2026",76305,"",""
"445","BANG","EQ",33.65,34.24,32.15,33.7,33.95,33.64,27413,9.18,"08-Oct-2026",281,"",""
"446","BANK10ADD","EQ",16.26,16.64,16.05,16.19,16.23,16.35,1685591,274.35,"08-Oct-2026",150,"",""
"447","BANK10BETF","EQ",20.1,20.34,19.51,19.61,19.57,20.15,51268,10.23,"08-Oct-2026",571,"",""
"448","BANKA","EQ",67.29,70,66.6,68.35,66.6,67.97,2311,1.58,"08-Oct-2026",57,"",""
"449","BANKADD","EQ",56.25,56.4,55.8,55.86,56.07,56.5,14529,8.15,"08-Oct-2026",100,"",""
"450","BANKBARODA","EQ",234.55,239.4,233.07,234,234,234.55,14608595,34530.86,"08-Oct-2026",126675,"",""
"451","BANKBEES","EQ",568.11,576.6,563.51,564.48,564.57,570.22,863939,4888.28,"08-Oct-2026",11102,"",""
"452","BANKBETA","EQ",56.79,57.24,56.29,56.37,56.63,57.03,214568,121.35,"08-Oct-2026",1980,"",""
"453","BANKBETF","EQ",56.31,56.31,55.4,55.41,55.45,56.09,26657,14.84,"08-Oct-2026",260,"",""
"454","BANKETF","EQ",562.7,562.7,555.05,555.21,556.63,561.26,22556,125.72,"08-Oct-2026",773,"",""
"455","BANKIETF","EQ",56.59,56.66,55.93,55.99,55.98,56.59,255389,143.71,"08-Oct-2026",1724,"",""
"456","BANKINDIA","EQ",134,135.49,131.9,132.35,132.35,133.55,5494158,7348.29,"08-Oct-2026",37562,"",""
"457","BANKNIFTY1","EQ",57.1,57.42,56.53,56.63,56.83,57.1,238345,135.34,"08-Oct-2026",2857,"",""
"458","BANKPSU","EQ",81.57,82.18,80.73,80.87,80.77,81.6,15812,12.9,"08-Oct-2026",116,"",""
"459","BANSALWIRE","EQ",328.75,329,309.7,313.2,313.35,324,189053,601.19,"08-Oct-2026",6216,"",""
"460","BANSWRAS","EQ",105.96,105.96,101.71,102.16,102.78,105.44,8825,9.12,"08-Oct-2026",351,"",""
"461","BARFLEX","SM",56.8,57,53.7,53.9,53.9,55.6,22000,12.14,"08-Oct-2026",10,"",""
"462","BASF","EQ",3470,3470,3336,3346.8,3340,3453.8,12322,418.12,"08-Oct-2026",3526,"",""
"463","BASILIC","SM",215.2,218,206.2,212,215,216.75,56700,120.91,"08-Oct-2026",95,"",""
"464","BASML","EQ",22.51,22.91,19.65,20.74,20.75,22.69,579977,119.78,"08-Oct-2026",1461,"",""
"465","BATAINDIA","EQ",617.1,617.1,601,603.35,605,615.1,91894,557.97,"08-Oct-2026",6656,"",""
"466","BATLIBOI","EQ",97.8,97.8,89,93.98,95.5,94.8,58777,54.07,"08-Oct-2026",1819,"",""
"467","BAWEJA","SM",26.45,26.5,25.75,25.85,26,25.25,8800,2.3,"08-Oct-2026",11,"",""
"468","BAYERCROP","EQ",3510,3522.3,3366.3,3381.6,3378,3491.5,46172,1573.92,"08-Oct-2026",13243,"",""
"469","BBETF0432","EQ",1332.5,1341.83,1332.5,1337.13,1338.75,1337,1249,16.71,"08-Oct-2026",57,"",""
"470","BBL","EQ",2050,2084.8,2009,2075.3,2070,2042,24984,510.61,"08-Oct-2026",3366,"",""
"471","BBNPNBETF","EQ",54.35,55.71,54.35,54.8,55.1,55.46,2025,1.12,"08-Oct-2026",31,"",""
"472","BBNPPGOLD","EQ",142.3,142.6,141.4,141.65,142,141.6,937,1.33,"08-Oct-2026",52,"",""
"473","BBOX","EQ",901,913.6,851.2,856.55,852.1,884.85,1783271,15634.74,"08-Oct-2026",73595,"",""
"474","BBTC","EQ",1269.4,1269.4,1215.1,1224.6,1219,1269.4,95885,1183.52,"08-Oct-2026",13536,"",""
"475","BBTCL","EQ",231.83,234.1,221.91,225.54,224,225.66,18589,42.16,"08-Oct-2026",669,"",""
"476","BCG","EQ",9.08,9.2,8.95,8.99,9.05,9.08,5967212,539.74,"08-Oct-2026",5329,"",""
"477","BCLIND","EQ",31.5,31.82,29.5,29.88,30.05,31.55,836004,253.02,"08-Oct-2026",5107,"",""
"478","BCONCEPTS","EQ",141,144.9,138.42,142.47,144.5,143.73,9968,14.18,"08-Oct-2026",344,"",""
"479","BCPL","EQ",66.2,67.2,64.8,64.91,65,66.43,11491,7.51,"08-Oct-2026",266,"",""
"480","BDL","EQ",1083.7,1087.6,1047.7,1050.5,1050.5,1085,853117,9041.77,"08-Oct-2026",33757,"",""
"481","BEARDSELL","EQ",22.54,22.68,21.75,21.77,21.75,22.22,39298,8.61,"08-Oct-2026",277,"",""
"482","BECTORFOOD","EQ",210.58,211.52,201,205.64,208,211.07,1021466,2093.86,"08-Oct-2026",35678,"",""
"483","BEDMUTHA","EQ",110,113.5,108,108.5,108,110.08,1657,1.82,"08-Oct-2026",64,"",""
"484","BEEKAY","EQ",434,438,415.3,421.05,421.6,440.05,684,2.92,"08-Oct-2026",52,"",""
"485","BEL","EQ",378,378.1,366.2,367.3,367.3,378.3,13373488,49519.47,"08-Oct-2026",170595,"",""
"486","BELLACASA","EQ",259,259.93,245,246.27,246,251.77,10817,27.24,"08-Oct-2026",1071,"",""
"487","BELRISE","EQ",246.31,246.6,233.27,234.8,234.6,246.31,1764665,4206.49,"08-Oct-2026",26002,"",""
"488","BEML","EQ",2010,2012,1908,1911.2,1914,2006.2,188955,3677.47,"08-Oct-2026",16820,"",""
"489","BENARAS","EQ",10112,10290,10112,10200,10200,10201,62,6.31,"08-Oct-2026",26,"",""
"490","BENGALASM","EQ",6001.5,6034,5900,5901.5,5900,6036,203,12.1,"08-Oct-2026",105,"",""
"491","BEPL","EQ",127.5,128.36,123.02,123.44,123.15,127.61,1029919,1285.36,"08-Oct-2026",8687,"",""
"492","BERGEPAINT","EQ",465.9,471,462.45,467.95,466.45,463.9,545378,2552.16,"08-Oct-2026",25137,"",""
"493","BESTAGRO","EQ",17.71,17.76,16.72,16.88,16.86,17.59,489980,84.06,"08-Oct-2026",2082,"",""
"494","BETA","EQ",2000,2000,1890,1898,1920,1991.4,24558,471.99,"08-Oct-2026",3557,"",""
"495","BEWLTD","SM",61,61,56.25,56.7,56.7,58.45,27000,15.77,"08-Oct-2026",35,"",""
"496","BFINVEST","EQ",441.2,441.2,425,426,425,439.1,10716,46.05,"08-Oct-2026",1091,"",""
"497","BFSI","EQ",26.11,26.11,25.55,25.6,25.68,25.99,98232,25.25,"08-Oct-2026",885,"",""
"498","BFUTILITIE","EQ",493.05,495.75,468.1,471.05,468.1,496.2,62569,299.14,"08-Oct-2026",2978,"",""
"499","BGRENERGY","BE",269,269,251,259.46,259.05,256.31,139109,364.41,"08-Oct-2026",1109,"",""
"500","BHADORA","ST",154,154,147.3,147.5,147.5,153.15,8400,12.78,"08-Oct-2026",6,"",""
"501","BHAGCHEM","EQ",232.99,235,220.2,222.87,220.45,235.82,481702,1114.15,"08-Oct-2026",3600,"",""
"502","BHAGERIA","EQ",387,387,365,367,366,377.55,160878,596.66,"08-Oct-2026",4541,"",""
"503","BHAGYANGR","BE",39,41.4,39,41.4,41.4,454.55,118087,48.25,"08-Oct-2026",269,"",""
"504","BHANDARI","EQ",2.83,2.84,2.75,2.76,2.76,2.78,81208,2.27,"08-Oct-2026",197,"",""
"505","BHARATCOAL","EQ",32,32.09,31.2,31.31,31.25,32.09,3090614,974.48,"08-Oct-2026",13829,"",""
"506","BHARATFORG","EQ",1836.7,1842,1778,1790.6,1790.6,1841.8,484831,8721.82,"08-Oct-2026",40286,"",""
"507","BHARATGEAR","BE",105.99,109.8,105,105.73,106.94,104.87,29967,32.19,"08-Oct-2026",284,"",""
"508","BHARATRAS","EQ",992.4,995.2,958,966.8,969.5,985.2,13280,129.59,"08-Oct-2026",1749,"",""
"509","BHARATSE","EQ",204.97,204.97,199.03,200.84,202,204.59,85980,172.8,"08-Oct-2026",3291,"",""
"510","BHARATWIRE","EQ",171.99,171.99,164.1,165.73,164.98,171.99,153125,256.81,"08-Oct-2026",4130,"",""
"511","BHARTIARTL","EQ",1847.8,1847.8,1789.7,1804.6,1804.6,1833.9,6582419,119264.97,"08-Oct-2026",221966,"",""
"512","BHARTIHEXA","EQ",1470,1538,1467.9,1500.7,1500,1477.9,373610,5646.77,"08-Oct-2026",51465,"",""
"513","BHEL","EQ",448.8,451.45,429.45,429.6,429.6,448.5,12838774,56409.57,"08-Oct-2026",126882,"",""
"514","BI","BE",95,95,92.87,92.87,92.87,94.75,2958,2.77,"08-Oct-2026",19,"",""
"515","BIGBLOC","EQ",36.3,36.9,34.46,34.63,35.24,36.47,76141,26.94,"08-Oct-2026",1130,"",""
"516","BIKAJI","EQ",483.4,488.05,466.75,468.65,469.4,483.55,146925,697.47,"08-Oct-2026",15299,"",""
"517","BIKEWO","ST",126.1,128,126.1,128,128,126.1,14000,17.69,"08-Oct-2026",7,"",""
"518","BIL","EQ",1073.95,1076.85,1042.65,1048.55,1043,1072.9,7802,82.45,"08-Oct-2026",646,"",""
"519","BILVYAPAR","BE",4.25,4.47,4.1,4.15,4.15,4.29,10988,0.48,"08-Oct-2026",37,"",""
"520","BIMETAL","EQ",635,640.05,635,638,638,640.65,96,0.61,"08-Oct-2026",6,"",""
"521","BIOCON","EQ",360.5,361.15,347.2,350,350,360,2135284,7502.97,"08-Oct-2026",38992,"",""
"522","BIOFILCHEM","EQ",30.01,30.8,28.55,29.52,29.4,30.43,10323,3.06,"08-Oct-2026",277,"",""
"523","BIOPOL","SM",53.25,53.25,48.7,49.9,49.9,52.25,14400,7.26,"08-Oct-2026",12,"",""
"524","BIRDYS","SM",77,77,77,77,77,79,1200,0.92,"08-Oct-2026",1,"",""
"525","BIRET","RR",329.95,329.99,321.6,323.16,322.7,329.6,1132603,3682.53,"08-Oct-2026",20288,"",""
"526","BIRLACABLE","EQ",384,384,365.8,366.9,369.5,385.05,319579,1190.35,"08-Oct-2026",8240,"",""
"527","BIRLACORPN","EQ",811.85,816.95,790.2,794.85,797.25,814.4,32855,263.59,"08-Oct-2026",3643,"",""
"528","BIRLAMONEY","EQ",119.98,119.98,111.35,113.14,113.5,118.98,30200,34.46,"08-Oct-2026",1420,"",""
"529","BIRLANU","EQ",1331,1331.7,1271.4,1284.7,1282.5,1321.3,14128,181.81,"08-Oct-2026",1807,"",""
"530","BIRLAPREC","BE",58.99,59,55.32,56.17,55.32,58.23,74736,42.03,"08-Oct-2026",607,"",""
"531","BLACKBUCK","EQ",617,617.95,586.5,587.6,588.5,616.4,195194,1166.41,"08-Oct-2026",14083,"",""
"532","BLACKROSE","EQ",112.9,112.9,107,107.27,107,110.78,13828,14.98,"08-Oct-2026",380,"",""
"533","BLAL","EQ",156.8,160,154.59,156.16,154.59,156.57,13851,21.63,"08-Oct-2026",442,"",""
"534","BLBLIMITED","EQ",17.25,17.25,16.52,16.69,16.61,16.91,61799,10.42,"08-Oct-2026",640,"",""
"535","BLEL","EQ",517,518.95,485.1,486.95,489.2,514.4,859991,4289.43,"08-Oct-2026",26584,"",""
"536","BLIL","EQ",65.78,65.79,64.62,64.92,65.02,65.28,39069,25.44,"08-Oct-2026",1661,"",""
"537","BLISSGVS","BE",693.95,693.95,660,667.7,667.1,681.55,146919,987.81,"08-Oct-2026",1748,"",""
"538","BLKASHYAP","EQ",53.24,54.39,51.68,52.14,52,53.94,326522,173.78,"08-Oct-2026",1696,"",""
"539","BLS","EQ",220.84,221.26,213.37,215.08,216.3,220.84,674812,1460.68,"08-Oct-2026",21163,"",""
"540","BLSE","EQ",156.15,160.8,155.2,157.55,156.75,158.2,1566257,2489.69,"08-Oct-2026",11116,"",""
"541","BLUECLOUDS","EQ",20.58,21.15,19.82,19.96,19.91,20.35,10852083,2213.83,"08-Oct-2026",23601,"",""
"542","BLUECOAST","EQ",22.49,22.49,20.42,20.63,22.48,22.49,1583,0.33,"08-Oct-2026",39,"",""
"543","BLUEDART","EQ",4555.2,4600.4,4545,4557,4558.3,4555.2,6512,297.04,"08-Oct-2026",2289,"",""
"544","BLUEJET","EQ",543.95,543.95,516,518.55,520,541.35,316481,1658.31,"08-Oct-2026",16560,"",""
"545","BLUEPEBBLE","ST",66.5,67,66.5,67,67,67,1200,0.8,"08-Oct-2026",3,"",""
"546","BLUESTARCO","EQ",1532.8,1543.5,1514.6,1519,1519,1530.1,232039,3542.41,"08-Oct-2026",17349,"",""
"547","BLUESTONE","EQ",835,835.95,795.1,799.25,800.95,831.1,505863,4083.17,"08-Oct-2026",24327,"",""
"548","BLUEWATER","ST",549,549,522.25,522.25,522.25,549.7,5000,26.38,"08-Oct-2026",5,"",""
"549","BLUSPRING","EQ",146.4,149,134.99,135.79,135,142.71,381601,537.26,"08-Oct-2026",5451,"",""
"550","BMETRICS","SM",36.6,36.6,35.05,35.05,35.05,38,4000,1.44,"08-Oct-2026",5,"",""
"551","BMISL","ST",123.95,133.65,120.95,132.5,133.65,127.3,686400,859.21,"08-Oct-2026",409,"",""
"552","BMLL","SM",158,158,153,155,155,159,19000,29.54,"08-Oct-2026",15,"",""
"553","BMWVENTLTD","EQ",50.11,50.7,49.52,49.72,50,50.11,51496,25.83,"08-Oct-2026",1557,"",""
"554","BNAGROCHEM","EQ",213.55,214.21,195,199.39,206,215.21,20042,39.95,"08-Oct-2026",266,"",""
"555","BNALTD","BE",358.05,363,358.05,363,363,368,304,1.09,"08-Oct-2026",2,"",""
"556","BNKETFAXIS","EQ",566.23,567.33,561.11,561.85,561.11,566.23,5560,31.25,"08-Oct-2026",28,"",""
"557","BODALCHEM","BE",184.99,186.85,174.94,174.95,174.94,184.14,369594,651.82,"08-Oct-2026",2249,"",""
"558","BOHRAIND","EQ",13.88,14.69,13.86,14.23,14.59,14.21,3768,0.53,"08-Oct-2026",18,"",""
"559","BOMDYEING","EQ",101.7,102.47,97.12,97.73,97.68,101.63,610988,606.86,"08-Oct-2026",7688,"",""
"560","BONLON","EQ",40,41,39,39.33,39.1,40.68,8843,3.54,"08-Oct-2026",106,"",""
"561","BORANA","EQ",270.8,271,255.55,259.8,263.8,270.7,19626,51.34,"08-Oct-2026",739,"",""
"562","BOROLTD","EQ",280.2,282.45,265.15,269.15,269.7,281.15,213742,584.2,"08-Oct-2026",5409,"",""
"563","BORORENEW","EQ",436.35,443,427.9,430.1,430.1,438.1,276426,1199.51,"08-Oct-2026",15142,"",""
"564","BOROSCI","EQ",115.03,115.51,107,108.11,107,115.03,99491,109.51,"08-Oct-2026",2364,"",""
"565","BOSCH-HCIL","EQ",1960,2037,1910,1943.8,1935,1948.1,102060,2008.63,"08-Oct-2026",17079,"",""
"566","BOSCHLTD","EQ",44410,44450,43000,43155,43155,44410,21529,9339.81,"08-Oct-2026",11634,"",""
"567","BPCL","EQ",295.1,295.15,282.95,286.25,286.25,296.35,7116001,20442.11,"08-Oct-2026",78009,"",""
"568","BPL","EQ",44.22,44.75,42.05,42.5,42.45,44.22,48022,20.61,"08-Oct-2026",1108,"",""
"569","BPLPHARMA","EQ",1899.6,1938.7,1850,1892.8,1890,1881.2,10327,196.22,"08-Oct-2026",1308,"",""
"570","BRACEPORT","SM",63,63,62.05,62.05,62.05,65,4800,2.99,"08-Oct-2026",3,"",""
"571","BRAHMINFRA","EQ",144,144.2,138,140.49,142.4,142.98,19989,28.13,"08-Oct-2026",307,"",""
"572","BRANDMAN","SM",164.4,169.75,164.4,169.1,169.75,162.15,4800,7.97,"08-Oct-2026",6,"",""
"573","BRIGADE","EQ",554.2,558.2,540.2,547.2,546,554.2,303610,1659.06,"08-Oct-2026",20724,"",""
"574","BRIGHOTEL","EQ",56.52,56.99,55.4,55.6,55.41,56.87,64682,36.14,"08-Oct-2026",3330,"",""
"575","BRIGHTBR","EQ",234,234,222.5,228,230,234,49,0.11,"08-Oct-2026",11,"",""
"576","BRITANNIA","EQ",4802,4844.7,4745.6,4745.6,4745.6,4780,193750,9288.39,"08-Oct-2026",26896,"",""
"577","BRNL","EQ",15.8,16,15.4,15.6,15.62,15.93,31808,4.96,"08-Oct-2026",393,"",""
"578","BROOKS","EQ",60,70.53,59.01,69.46,70.53,58.78,1508771,1045.59,"08-Oct-2026",7990,"",""
"579","BSE","EQ",3355,3389,3311,3334.8,3334.8,3356,4342269,145169.76,"08-Oct-2026",169151,"",""
"580","BSE500IETF","EQ",37.36,37.36,36.23,36.5,36.43,37.4,493285,180.5,"08-Oct-2026",1560,"",""
"581","BSHSL","EQ",77.1,81.9,75.56,78.36,77,78.25,11035,8.62,"08-Oct-2026",236,"",""
"582","BSL","EQ",121.24,121.24,119.1,119.57,119.51,120.04,107,0.13,"08-Oct-2026",20,"",""
"583","BSLGOLDETF","EQ",128.99,129.3,128.5,128.62,128.87,128.99,560355,722.64,"08-Oct-2026",1841,"",""
"584","BSLNIFTY","EQ",26.96,26.96,26.08,26.15,26.08,26.5,2651473,696.12,"08-Oct-2026",5397,"",""
"585","BSLSENETFG","EQ",73.49,73.51,72.02,72.28,72.39,73.15,2648,1.92,"08-Oct-2026",101,"",""
"586","BSOFT","EQ",278,285.7,271,271.8,271,278.05,3155620,8777.59,"08-Oct-2026",59625,"",""
"587","BTML","EQ",6.94,7.14,6.86,6.88,6.9,7.14,126415,8.75,"08-Oct-2026",219,"",""
"588","BTTL","BE",39.4,39.99,38,39,39,39.5,596,0.23,"08-Oct-2026",59,"",""
"589","BUILDPRO","EQ",259.7,260.3,234.1,250.2,251,1302,399108,987.61,"08-Oct-2026",14126,"",""
"590","BULKCORP","ST",79,79.25,78.9,79.1,78.9,79.85,12000,9.49,"08-Oct-2026",10,"",""
"591","BURNPUR","BE",14,14.48,13.6,13.66,13.71,14.11,39590,5.53,"08-Oct-2026",399,"",""
"592","BUTTERFLY","EQ",545.5,548.85,530,538.3,544.7,545,11489,62.23,"08-Oct-2026",858,"",""
"593","BVCL","EQ",40.69,41.38,40.5,41.15,40.99,40.69,12420,5.07,"08-Oct-2026",244,"",""
"594","BYKE","EQ",30.01,30.01,29.5,29.5,29.5,30.01,17459,5.18,"08-Oct-2026",116,"",""
"595","C2C","SM",175.65,178,174,175.2,178,178.7,58200,102.19,"08-Oct-2026",311,"",""
"596","CALSOFT","BE",36,36.04,33.61,34.25,34.5,35.11,108642,37.59,"08-Oct-2026",913,"",""
"597","CAMLINFINE","EQ",94.52,94.65,88.26,88.84,89.1,94.52,775653,698.38,"08-Oct-2026",8688,"",""
"598","CAMPUS","EQ",207.58,207.58,197,199,198.2,208.37,725417,1449.83,"08-Oct-2026",24395,"",""
"599","CAMS","EQ",691.6,691.6,662,662.5,662.5,694.6,1020764,6883.02,"08-Oct-2026",39962,"",""
"600","CANARYS","SM",27.45,27.45,26.1,27,27,27.45,36000,9.64,"08-Oct-2026",9,"",""
"601","CANBK","EQ",119.15,120.37,117.2,117.35,117.35,119.15,15108675,17926.3,"08-Oct-2026",86180,"",""
"602","CANFINHOME","EQ",727.3,731.4,714.15,723.75,722.5,727,193895,1401.6,"08-Oct-2026",25459,"",""
"603","CANHLIFE","EQ",147.29,148.5,141.06,145.56,143.1,146.06,1139709,1651.56,"08-Oct-2026",17908,"",""
"604","CANTABIL","EQ",227.51,236.6,226.5,232.76,235.5,228.22,108900,251.29,"08-Oct-2026",1723,"",""
"605","CAPACITE","EQ",182.68,182.69,176.1,177.19,176.7,181.72,173192,310.11,"08-Oct-2026",4557,"",""
"606","CAPILLARY","EQ",584,584,552,553.8,557.8,578.3,238910,1336.2,"08-Oct-2026",11911,"",""
"607","CAPINVIT","IV",77.98,77.98,76.22,76.66,76.97,77.89,720127,552.91,"08-Oct-2026",13842,"",""
"608","CAPITALSFB","EQ",274.2,280,266.05,268.95,273.95,274.2,36250,98.17,"08-Oct-2026",1440,"",""
"609","CAPLIPOINT","EQ",2649.1,2652.7,2529,2548.8,2539,2649.1,69987,1803.66,"08-Oct-2026",11081,"",""
"610","CAPTRUST","BE",22.9,23.12,22,23.08,23.12,22.02,132997,30.66,"08-Oct-2026",302,"",""
"611","CARBORUNIV","EQ",1264,1264,1205,1209.4,1205,1256.7,172823,2110.56,"08-Oct-2026",23105,"",""
"612","CARERATING","EQ",1591,1599.2,1530.2,1542.3,1535.8,1595.9,34961,546.91,"08-Oct-2026",4934,"",""
"613","CARRARO","EQ",533.95,534,505,509.8,510,533.85,123419,635.33,"08-Oct-2026",7213,"",""
"614","CARTRADE","EQ",2917.9,2927.5,2818.1,2837.9,2826,2914.7,162253,4661.87,"08-Oct-2026",27052,"",""
"615","CARYSIL","EQ",1007.9,1019,991.4,1011.8,1018,1007.5,106289,1067.56,"08-Oct-2026",8906,"",""
"616","CASHIETF","EQ",1082.66,1082.86,1082.66,1082.84,1082.86,1082.69,148401,1606.96,"08-Oct-2026",88,"",""
"617","CASTROLIND","EQ",196.5,198.09,194.32,196.08,196.12,197.15,2531668,4954.68,"08-Oct-2026",35393,"",""
"618","CCAVENUE","EQ",15.56,15.56,14.98,15.02,15.03,15.56,9784750,1486.43,"08-Oct-2026",13675,"",""
"619","CCCL","EQ",13.2,13.2,12.7,12.79,12.84,12.99,143389,18.44,"08-Oct-2026",449,"",""
"620","CCHHL","EQ",12.99,12.99,12.26,12.3,12.28,12.81,24485,3.07,"08-Oct-2026",196,"",""
"621","CCL","EQ",1050.6,1059.7,1041.9,1050.6,1055.5,1052.3,55123,578.79,"08-Oct-2026",9327,"",""
"622","CDSL","EQ",1270.5,1276.7,1247.2,1258,1258,1275,695430,8768.93,"08-Oct-2026",40059,"",""
"623","CEATLTD","EQ",3301.6,3306.4,3209.3,3226.2,3216,3301.9,40691,1322.47,"08-Oct-2026",8615,"",""
"624","CEDAAR","SM",12.4,12.7,12.4,12.7,12.7,11.55,29000,3.68,"08-Oct-2026",27,"",""
"625","CEIGALL","EQ",380,391,369.2,374.1,376.75,372.8,859874,3261.42,"08-Oct-2026",14404,"",""
"626","CEINSYS","EQ",699.75,699.75,658.5,666.45,666.9,691.15,38698,259.9,"08-Oct-2026",3403,"",""
"627","CELEBRITY","EQ",6.02,6.3,5.91,6,6.08,6.02,17611,1.07,"08-Oct-2026",103,"",""
"628","CELLECOR","SM",29.45,29.95,28.3,28.55,28.55,29.45,348000,100.98,"08-Oct-2026",66,"",""
"629","CELLO","EQ",386.8,391,373.65,375.7,377.15,390.65,1868274,7142.78,"08-Oct-2026",42578,"",""
"630","CEMNTGROWW","EQ",13.49,13.5,13.2,13.24,13.34,13.52,76658,10.2,"08-Oct-2026",564,"",""
"631","CEMPRO","EQ",1160,1202.9,1132.1,1140.8,1138,1137.8,553267,6482.77,"08-Oct-2026",52972,"",""
"632","CENTENKA","EQ",565,569.9,549.9,555.55,561,569.9,30530,170.74,"08-Oct-2026",3305,"",""
"633","CENTEXT","EQ",17.94,19.06,16.89,18.6,18.99,17.82,518161,93.01,"08-Oct-2026",1856,"",""
"634","CENTEXT-RE","BE",2.16,3.02,1.85,2.95,3.02,2.16,354069,8.77,"08-Oct-2026",568,"",""
"635","CENTRALBK","EQ",30.42,30.62,29.9,29.99,30,30.44,4709484,1421.85,"08-Oct-2026",14965,"",""
"636","CENTRUM","EQ",20.71,20.71,19.31,19.44,19.4,20.35,306946,60.19,"08-Oct-2026",881,"",""
"637","CENTUM","EQ",4330.3,4345.2,4021.7,4142.1,4154,4345.9,140841,5832.71,"08-Oct-2026",30089,"",""
"638","CENTURYPLY","EQ",689,689,657,659.85,657.1,683.5,35186,234.83,"08-Oct-2026",6658,"",""
"639","CERA","EQ",5038.5,5048.5,4925.5,4949.5,4934,5038.5,4494,223.97,"08-Oct-2026",1720,"",""
"640","CESC","EQ",131.18,132.37,128.31,128.73,128.7,131.18,1690507,2206.33,"08-Oct-2026",31759,"",""
"641","CEWATER","EQ",262.9,264.15,253.55,254.8,254,260.95,25788,66.24,"08-Oct-2026",1369,"",""
"642","CFEL","BE",44.5,46,44,44,44,44.44,8459,3.81,"08-Oct-2026",109,"",""
"643","CGCL","EQ",248.95,249.51,241,241.54,241.26,250.74,1133999,2760.69,"08-Oct-2026",15869,"",""
"644","CGPOWER","EQ",894,896.3,862,862.05,862.05,894.5,1549328,13507.8,"08-Oct-2026",61131,"",""
"645","CGRAPHICS","SM",158,159,150.2,150.9,150.2,153.45,15200,23.48,"08-Oct-2026",18,"",""
"646","CGVAK","EQ",136.49,140.06,133,137.73,137.99,133.8,5151,7.14,"08-Oct-2026",115,"",""
"647","CHALET","EQ",848,848.05,818.8,825.55,825,847.4,102997,852.24,"08-Oct-2026",11970,"",""
"648","CHAMBLFERT","EQ",396.4,397.05,376.1,378.65,378.95,396.35,715945,2750.13,"08-Oct-2026",36786,"",""
"649","CHANDAN","SM",247,255,237,237.5,237,247.9,55200,133.76,"08-Oct-2026",43,"",""
"650","CHAVDA","ST",54,55.5,54,55.5,55.5,56.3,12000,6.54,"08-Oct-2026",6,"",""
"651","CHEMBOND","EQ",188,191.9,180.1,181.76,182.35,188.56,2217,4.09,"08-Oct-2026",289,"",""
"652","CHEMBONDCH","BE",224.75,229.7,218.25,219.31,218.25,229.66,5372,11.94,"08-Oct-2026",89,"",""
"653","CHEMCON","EQ",222.16,222.87,213.76,215.12,214.06,220.59,47440,102.75,"08-Oct-2026",1111,"",""
"654","CHEMCRUX","EQ",87.97,87.97,83.81,86.03,85.69,87.16,5467,4.7,"08-Oct-2026",185,"",""
"655","CHEMFAB","EQ",345,345,325,327.6,328,331.8,4582,15.05,"08-Oct-2026",164,"",""
"656","CHEMICAL","EQ",28.46,28.65,27.95,28.04,28.08,28.36,278138,78.17,"08-Oct-2026",1426,"",""
"657","CHEMPLASTS","EQ",227.6,227.6,211.5,212.38,213.8,228.22,592736,1292.96,"08-Oct-2026",12958,"",""
"658","CHENNPETRO","EQ",1605,1625,1521.1,1531,1529,1612.3,6075729,95081.79,"08-Oct-2026",208230,"",""
"659","CHETANA","SM",37.25,37.3,37.05,37.05,37.05,39,30400,11.27,"08-Oct-2026",17,"",""
"660","CHEVIOT","EQ",1146.2,1159.2,1130,1138,1149.4,1148.4,1802,20.54,"08-Oct-2026",179,"",""
"661","CHOICEGOLD","EQ",145.27,146.18,145,145.09,145.04,145.27,50597,73.58,"08-Oct-2026",112,"",""
"662","CHOICEIN","EQ",723.75,726,708.1,710.65,708.2,723.7,152810,1094.98,"08-Oct-2026",4970,"",""
"663","CHOLAFIN","EQ",1550,1571.6,1543.1,1544,1544,1564.7,1539977,23952.1,"08-Oct-2026",79623,"",""
"664","CHOLAHLDNG","EQ",1408.4,1408.4,1353,1370.4,1358,1402.7,47048,652.41,"08-Oct-2026",8645,"",""
"665","CIEINDIA","EQ",377.35,378.95,370,371.65,371.45,378.7,172401,644.92,"08-Oct-2026",14630,"",""
"666","CIFL","EQ",21.35,21.35,19.61,20.17,20.6,20.97,119288,24.29,"08-Oct-2026",1985,"",""
"667","CINELINE","EQ",94.8,94.8,90,90.75,90,93.35,20344,18.8,"08-Oct-2026",335,"",""
"668","CINEVISTA","EQ",15.9,15.9,14.36,14.6,14.71,15.37,71458,10.82,"08-Oct-2026",354,"",""
"669","CIPLA","EQ",1323.2,1334.2,1292,1306.8,1306.8,1327.2,551708,7196.14,"08-Oct-2026",36632,"",""
"670","CITIUSINVT","IV",115.8,115.8,113.06,114.88,114.9,114.26,384959,441.35,"08-Oct-2026",2224,"",""
"671","CKKRETAIL","SM",171.5,171.5,167,168,168,168,4000,6.76,"08-Oct-2026",5,"",""
"672","CLASSICEIL","SM",49.6,50.65,49.6,50.3,50.4,49.5,11200,5.61,"08-Oct-2026",7,"",""
"673","CLAYCRAFT","SM",172,173.95,160,161.3,160,171.15,61200,100.93,"08-Oct-2026",95,"",""
"674","CLEAN","EQ",813.65,827.75,794.2,796.8,795.2,813.7,230719,1870.46,"08-Oct-2026",16549,"",""
"675","CLEANMAX","EQ",1390,1396.9,1322,1348.3,1348.2,1388.5,259581,3497.57,"08-Oct-2026",22481,"",""
"676","CLEDUCATE","EQ",52.51,52.51,47.86,49.84,49,53.12,66520,33.23,"08-Oct-2026",391,"",""
"677","CLSEL","EQ",296,296.5,286.1,289.25,290,295.15,44437,128.74,"08-Oct-2026",2057,"",""
"678","CLSL","ST",58,58,57.95,57.95,57.95,58,4000,2.32,"08-Oct-2026",2,"",""
"679","CMLL","EQ",534.85,534.85,508.5,515.15,517,531.95,286651,1475.16,"08-Oct-2026",5668,"",""
"680","CMPDI","EQ",209.07,212.65,205.11,206.65,205.11,209.05,2075231,4352.25,"08-Oct-2026",25631,"",""
"681","CMRGREEN","EQ",224.8,225.49,216.1,217.22,216.8,224.99,246318,540.46,"08-Oct-2026",5280,"",""
"682","CMSINFO","EQ",218.43,221.95,213.86,214.35,214.27,218.37,480125,1043.92,"08-Oct-2026",22283,"",""
"683","CNL","EQ",1085,1085,1056,1060.2,1061,1079,11895,126.07,"08-Oct-2026",968,"",""
"684","COALINDIA","EQ",414.5,414.5,403.85,409.35,409.35,414.5,5463875,22294.82,"08-Oct-2026",94157,"",""
"685","COASTCORP","EQ",36.9,36.91,34,34.25,34.3,36.98,97392,34.07,"08-Oct-2026",1636,"",""
"686","COCHINSHIP","EQ",1255.1,1256,1200,1200,1200,1255.1,940775,11485.44,"08-Oct-2026",44828,"",""
"687","COCKERILL","EQ",7913.5,7980,7700,7727.5,7710.5,7856,3217,250.74,"08-Oct-2026",1039,"",""
"688","COFFEEDAY","EQ",30.81,33.4,30,30.53,30.41,30.63,4260764,1359.9,"08-Oct-2026",15951,"",""
"689","COFORGE","EQ",1826,1870.6,1804.5,1814.3,1814.3,1822.2,1849205,34090.53,"08-Oct-2026",92465,"",""
"690","COHANCE","EQ",456,456,438.3,442.4,442,455.45,847656,3768.19,"08-Oct-2026",36040,"",""
"691","COLPAL","EQ",1760.2,1782,1735.7,1735.7,1735.7,1757.4,234538,4123.87,"08-Oct-2026",26144,"",""
"692","COMFINTE","EQ",6.49,6.49,6.2,6.23,6.23,6.37,82241,5.15,"08-Oct-2026",279,"",""
"693","COMMITTED","SM",302,309,302,309,309,309.95,1600,4.89,"08-Oct-2026",2,"",""
"694","COMMOIETF","EQ",93.13,93.13,90.2,90.32,90.4,93.13,104655,95.17,"08-Oct-2026",3918,"",""
"695","COMPEAU","EQ",362,362,362,362,362,362,1,0,"08-Oct-2026",1,"",""
"696","COMPINFO","BZ",1.1,1.1,1.05,1.06,1.07,1.1,1938,0.02,"08-Oct-2026",30,"",""
"697","COMPUSOFT","EQ",13.35,13.35,12.9,12.9,12.9,13.25,9235,1.2,"08-Oct-2026",143,"",""
"698","COMSYN","EQ",262.95,267.7,255.4,256.5,255.6,260.85,109386,284.76,"08-Oct-2026",2765,"",""
"699","CONCOR","EQ",441.8,444.8,433.25,434,434,439.75,1456360,6374.94,"08-Oct-2026",28366,"",""
"700","CONCORDBIO","EQ",1360,1371,1309.5,1330.8,1358,1359.7,181142,2432.2,"08-Oct-2026",25818,"",""
"701","CONFIPET","EQ",92,92.01,84.4,84.9,84.93,91.75,3728198,3231.24,"08-Oct-2026",27915,"",""
"702","CONNPLEX","SM",250.5,250.5,240.1,245,245,256.65,34400,84.95,"08-Oct-2026",36,"",""
"703","CONS","EQ",11.34,11.34,11.08,11.09,11.13,11.29,15766,1.76,"08-Oct-2026",252,"",""
"704","CONSOFINVT","BE",287.9,291.8,282.05,282.05,282.05,285,7491,21.47,"08-Oct-2026",39,"",""
"705","CONSUMAXIS","EQ",112.5,112.71,111,111.01,111.01,113.24,1771,1.98,"08-Oct-2026",32,"",""
"706","CONSUMBEES","EQ",122.49,122.49,119.81,120.01,120.4,122.49,78897,95.16,"08-Oct-2026",1465,"",""
"707","CONSUMER","EQ",11.49,11.49,10.97,10.99,10.99,11.26,104728,11.58,"08-Oct-2026",555,"",""
"708","CONSUMIETF","EQ",113.81,113.94,111.28,111.67,112.04,115.33,22636,25.35,"08-Oct-2026",461,"",""
"709","CONTI","SM",10.75,10.75,10.75,10.75,10.75,10.25,3333,0.36,"08-Oct-2026",1,"",""
"710","CONTROLPR","EQ",623.2,623.2,605,613.4,614.8,619.95,11503,70.23,"08-Oct-2026",1041,"",""
"711","COOLCAPS","SM",21.5,22.5,20.55,20.9,20.9,21.85,27500,5.86,"08-Oct-2026",21,"",""
"712","CORALFINAC","EQ",30.86,31.89,30.02,30.26,30.11,31.41,8645,2.64,"08-Oct-2026",169,"",""
"713","CORDELIA","EQ",112.76,113.7,102,102.9,103,109.52,1634458,1734.34,"08-Oct-2026",15689,"",""
"714","CORDSCABLE","BE",316.1,318,300.2,301.3,303,316,37971,115.74,"08-Oct-2026",682,"",""
"715","COREIN","ST",95.45,95.45,95.45,95.45,95.45,90.95,1600,1.53,"08-Oct-2026",1,"",""
"716","COROMANDEL","EQ",1740,1748.8,1662.2,1673.7,1671.9,1745.5,239886,4059.73,"08-Oct-2026",35137,"",""
"717","CORONA","EQ",2041,2041,1980.6,1993.5,2000,2041.1,15069,301.47,"08-Oct-2026",3387,"",""
"718","COSMOFIRST","EQ",830,831.75,799.05,812.7,817.5,831.95,57788,467.86,"08-Oct-2026",5108,"",""
"719","COUNCODOS","BE",6.65,6.65,6.21,6.31,6.5,6.53,179933,11.27,"08-Oct-2026",196,"",""
"720","CPCAP","EQ",155.22,160.33,151.12,152.17,151.7,155.22,59663,92.75,"08-Oct-2026",1157,"",""
"721","CPEDU","EQ",179.72,183.9,177.25,178.82,178.15,179.72,6078,10.96,"08-Oct-2026",88,"",""
"722","CPL","EQ",61.9,62.5,59.53,60.06,59.76,61.1,42251,25.6,"08-Oct-2026",448,"",""
"723","CPPLUS","EQ",4100,4100,3889.2,3972.2,3989,4064.9,272957,10782.74,"08-Oct-2026",36199,"",""
"724","CPS","SM",1100.4,1175,1097.25,1136.1,1175,1155,900,10,"08-Oct-2026",6,"",""
"725","CPSEETF","EQ",89.56,89.56,87.02,87.15,87.65,89.12,1247634,1093.93,"08-Oct-2026",11812,"",""
"726","CRAFTSMAN","EQ",10225,10225,9980,10038,10051,10198,56037,5638.14,"08-Oct-2026",18264,"",""
"727","CRAMC","EQ",231.18,231.18,220,220.79,220.9,229.52,347604,778.28,"08-Oct-2026",7591,"",""
"728","CRAVATEX","EQ",345.45,352,335.2,344.65,335.2,355.2,383,1.32,"08-Oct-2026",46,"",""
"729","CRAYONS","SM",23.5,24.65,23.5,23.55,23.55,23.5,4000,0.96,"08-Oct-2026",4,"",""
"730","CREATIVEYE","EQ",6.29,6.29,5.91,6,6,6.21,11465,0.71,"08-Oct-2026",74,"",""
"731","CREDENT","SM",365,370.3,361.3,368.05,370,370.45,14400,52.72,"08-Oct-2026",24,"",""
"732","CREDITACC","EQ",1240.9,1280,1231.9,1263.4,1258,1239.6,314609,3988.09,"08-Oct-2026",42360,"",""
"733","CREST","EQ",356.7,359.75,351.25,351.8,351.4,362.85,551,1.95,"08-Oct-2026",62,"",""
"734","CRESTO","BE",20.04,20.79,19.04,20,20,20.04,4826,0.94,"08-Oct-2026",36,"",""
"735","CRISIL","EQ",4495.2,4517.7,4391,4404,4391,4509.1,12843,569.83,"08-Oct-2026",6333,"",""
"736","CRIZAC","EQ",167.8,167.8,159.02,159.97,161.9,166.91,231178,376.29,"08-Oct-2026",4675,"",""
"737","CROMPTON","EQ",210.3,212.5,203.13,204.34,204.34,210.7,2157911,4465.67,"08-Oct-2026",39313,"",""
"738","CROWN","EQ",111.2,111.2,107.42,108.11,108,112.44,12871,14.01,"08-Oct-2026",256,"",""
"739","CRSL","BZ",2.1,2.1,2,2.07,2.08,2.06,168920,3.47,"08-Oct-2026",374,"",""
"740","CSBBANK","EQ",305.15,306.55,299.65,301.75,301.5,306.5,352293,1063.99,"08-Oct-2026",12984,"",""
"741","CSLFINANCE","EQ",209.99,209.99,199.99,202.53,201,206.94,18034,36.8,"08-Oct-2026",642,"",""
"742","CSM","EQ",93.9,93.9,89.33,90.35,90.91,91.82,241672,217.63,"08-Oct-2026",2466,"",""
"743","CSSL","SM",77.1,77.5,76.6,76.6,76.6,78.2,7000,5.38,"08-Oct-2026",5,"",""
"744","CTE","BE",37.02,37.02,36,36.51,37.02,37.02,3187,1.17,"08-Oct-2026",31,"",""
"745","CUB","EQ",223.49,225.47,219.74,220.07,220.2,222.12,2359128,5241.07,"08-Oct-2026",78560,"",""
"746","CUBEINVIT","IV",154.85,155.25,154,154.17,154.06,154.85,456252,706.81,"08-Oct-2026",12852,"",""
"747","CUBEXTUB","BE",162.8,165.27,161.5,165.27,165.27,157.4,240068,395.21,"08-Oct-2026",1734,"",""
"748","CUDML","SM",100,100,80.55,87.2,88.15,100.65,144000,128.64,"08-Oct-2026",127,"",""
"749","CUMMINSIND","EQ",4872.2,4877,4720,4740.9,4740.9,4872.2,224821,10734.99,"08-Oct-2026",31843,"",""
"750","CUPID","EQ",348.5,357,344,356.65,356.75,343.95,29558194,104355.67,"08-Oct-2026",230535,"",""
"751","CURAA","BE",71.89,71.89,69,69.38,69,71.89,345,0.24,"08-Oct-2026",16,"",""
"752","CURRENT","SM",91.2,91.2,91.2,91.2,91.2,91.6,1600,1.46,"08-Oct-2026",1,"",""
"753","CYBERMEDIA","BE",18.4,18.4,17.52,17.78,17.85,18.44,11713,2.08,"08-Oct-2026",52,"",""
"754","CYBERTECH","EQ",136,137.94,130.25,132.25,132,137.7,37739,50.41,"08-Oct-2026",1751,"",""
"755","CYIENT","EQ",1120.7,1129.5,1071.3,1084.7,1077.1,1115,425447,4670.26,"08-Oct-2026",34267,"",""
"756","CYIENTDLM","EQ",989,991.95,949.05,981.3,974.25,988.3,619329,6052.9,"08-Oct-2026",41312,"",""
"757","DABUR","EQ",382.8,386.65,376.8,376.8,376.8,383.55,874845,3337.38,"08-Oct-2026",33801,"",""
"758","DAICHI","BE",311.1,323.8,311.1,321.95,321.95,324.25,466,1.47,"08-Oct-2026",96,"",""
"759","DALBHARAT","EQ",1636.1,1658.4,1585.1,1592.9,1605,1640.1,75425,1210.41,"08-Oct-2026",15342,"",""
"760","DALMIASUG","EQ",449.5,456.3,425.1,428.95,432,447.65,198793,871.75,"08-Oct-2026",8586,"",""
"761","DAMCAPITAL","EQ",148.75,148.76,140.15,141.38,141.1,148.74,386479,553.31,"08-Oct-2026",7291,"",""
"762","DAMODARIND","BE",26.5,27,26.06,26.58,26.8,26.87,4084,1.07,"08-Oct-2026",20,"",""
"763","DANGEE","EQ",3.3,3.3,3.02,3.13,3.05,3.22,78899,2.49,"08-Oct-2026",136,"",""
"764","DANISH","SM",1059.4,1069.95,990,999.5,1002.7,1059.4,54600,563.98,"08-Oct-2026",260,"",""
"765","DATAMATICS","EQ",765.8,767,741.2,744.8,747.5,763.8,37472,282.88,"08-Oct-2026",2636,"",""
"766","DATAPATTNS","EQ",4253,4253,4080,4097.1,4110.7,4233.4,295706,12273.8,"08-Oct-2026",32723,"",""
"767","DAVANGERE","EQ",2.34,2.38,2.25,2.28,2.29,2.36,6282307,144.6,"08-Oct-2026",2724,"",""
"768","DBCORP","EQ",170.14,172.99,166.1,167.39,168.4,171.05,59442,100.78,"08-Oct-2026",2326,"",""
"769","DBEIL","EQ",6.78,6.78,6.3,6.39,6.36,6.55,666735,43.28,"08-Oct-2026",378,"",""
"770","DBL","EQ",408.85,409.2,395.5,397.4,395.5,409.25,89566,359.34,"08-Oct-2026",4133,"",""
"771","DBOL","EQ",141,143.09,134.72,140.43,141.4,140.25,472789,657.72,"08-Oct-2026",9051,"",""
"772","DBREALTY","EQ",89,89.2,84.36,84.72,84.5,88.79,1953440,1676.92,"08-Oct-2026",16271,"",""
"773","DBSTOCKBRO","BE",32.36,33.8,31.5,31.91,31.55,32.36,5720,1.86,"08-Oct-2026",70,"",""
"774","DCAL","EQ",153.25,153.25,146,146.66,147.6,152.46,152394,226.41,"08-Oct-2026",2851,"",""
"775","DCBBANK","EQ",201.19,201.99,195.62,196.56,197,201.19,1899693,3789.33,"08-Oct-2026",79578,"",""
"776","DCCL","SM",40,40,40,40,40,41.9,2000,0.8,"08-Oct-2026",1,"",""
"777","DCG","ST",71.55,72.55,71.5,71.85,71.5,74.8,10800,7.75,"08-Oct-2026",9,"",""
"778","DCI","EQ",342.1,349.85,332.3,345.2,345.05,342.1,141809,487.31,"08-Oct-2026",3663,"",""
"779","DCM","EQ",71.9,71.9,68.64,69.84,70.2,71.01,3384,2.37,"08-Oct-2026",170,"",""
"780","DCMFINSERV","EQ",4.77,5.4,4.77,4.88,4.8,5.15,40281,2.02,"08-Oct-2026",312,"",""
"781","DCMNVL","BE",171,172.65,165,167.94,170,172.99,11729,19.5,"08-Oct-2026",54,"",""
"782","DCMSHRIRAM","EQ",969.3,984,951,955.75,952.05,969.3,50809,490.37,"08-Oct-2026",7099,"",""
"783","DCMSIL","EQ",79.22,81,75,75.72,75,79.22,162798,126.63,"08-Oct-2026",2436,"",""
"784","DCMSRIND","EQ",39.81,40.5,38.26,38.42,38.32,39.81,213669,83.65,"08-Oct-2026",2052,"",""
"785","DCW","EQ",46.8,46.89,44.11,44.3,44.18,46.6,1204650,541.68,"08-Oct-2026",6201,"",""
"786","DCXINDIA","EQ",157.61,158.66,152,153.51,154,157.88,348701,536.77,"08-Oct-2026",6879,"",""
"787","DDEVPLSTIK","EQ",257.5,257.5,243.85,244.15,243.85,254.05,109111,270.23,"08-Oct-2026",2958,"",""
"788","DECCANCE","EQ",549.15,549.15,531.3,532.95,532.65,545.25,13594,72.91,"08-Oct-2026",508,"",""
"789","DECCANTRAN","SM",20.5,20.5,19.55,19.55,19.55,20.55,18000,3.64,"08-Oct-2026",15,"",""
"790","DECNGOLD","EQ",198,204,189.05,191.16,190.65,198.24,1511142,2959.66,"08-Oct-2026",24210,"",""
"791","DEEDEV","EQ",625,651.45,605.45,608.6,612,624.1,228401,1426.44,"08-Oct-2026",11548,"",""
"792","DEEM","SM",44.65,44.65,44.65,44.65,44.65,47,1000,0.45,"08-Oct-2026",1,"",""
"793","DEEP","BE",39.2,40.98,38.4,39.33,40,39.03,9660,3.89,"08-Oct-2026",89,"",""
"794","DEEPA","EQ",229,235.41,222.78,232.8,233.51,227.06,8368904,19309.37,"08-Oct-2026",98039,"",""
"795","DEEPAKFERT","EQ",1415,1415.1,1378.3,1390.2,1391,1415.4,269941,3761.51,"08-Oct-2026",26510,"",""
"796","DEEPAKNTR","EQ",1558.8,1616,1558.7,1584.1,1582.4,1553.9,631015,10065.53,"08-Oct-2026",51245,"",""
"797","DEEPINDS","EQ",790.8,791.85,765,777.6,769.8,795.6,347535,2695.02,"08-Oct-2026",22429,"",""
"798","DEFENCE","EQ",78.5,78.5,74.46,74.75,74.78,76.96,374221,280.21,"08-Oct-2026",1390,"",""
"799","DELAPLEX","SM",93.6,96.95,91.05,94,96.95,96.1,3600,3.36,"08-Oct-2026",6,"",""
"800","DELHIVERY","EQ",397.5,406.1,393,397,397,398.15,2102812,8374.36,"08-Oct-2026",29004,"",""
"801","DELPHIFX","BE",7.45,7.45,7.44,7.45,7.45,7.31,59623,4.44,"08-Oct-2026",45,"",""
"802","DELTACORP","EQ",82.25,82.3,77.4,78.32,78,82.37,9531081,7562.53,"08-Oct-2026",40332,"",""
"803","DELTAMAGNT","EQ",55.1,56.99,55.1,56.63,56.64,56.47,332,0.19,"08-Oct-2026",19,"",""
"804","DELTIC","SM",34.7,34.7,33.4,33.4,33.4,35,4000,1.37,"08-Oct-2026",4,"",""
"805","DEN","EQ",26.1,26.1,25,25.1,25.25,26.1,319502,81.24,"08-Oct-2026",1495,"",""
"806","DENEERS","SM",168,168.45,167.4,168.45,168.45,166.25,4800,8.06,"08-Oct-2026",7,"",""
"807","DENORA","EQ",717,732.2,698.85,717.35,728,720.65,13154,93.77,"08-Oct-2026",1404,"",""
"808","DENTA","EQ",265,265,255,258.7,260,263.7,64345,166.11,"08-Oct-2026",2817,"",""
"809","DENTALKART","SM",475.2,475.2,451.5,458,458,475.25,2750,12.75,"08-Oct-2026",11,"",""
"810","DEVIT","EQ",19.52,20.55,19.11,19.47,19.5,19.96,98244,19.15,"08-Oct-2026",1094,"",""
"811","DEVX","EQ",40.5,40.5,37.8,39.02,39,40.37,232147,89.64,"08-Oct-2026",2499,"",""
"812","DEVYANI","EQ",128.65,129.35,122.41,123.23,124.45,128.98,2021608,2515.64,"08-Oct-2026",18277,"",""
"813","DGCONTENT","EQ",23.82,24.25,23.2,23.68,23.69,24.16,5385,1.27,"08-Oct-2026",61,"",""
"814","DHABRIYA","BE",494,500.9,466,485.95,488,477.05,14513,70.64,"08-Oct-2026",254,"",""
"815","DHAMPURSUG","EQ",190.4,193,180.65,182.91,183.5,188.92,886547,1655.83,"08-Oct-2026",19851,"",""
"816","DHANBANK","EQ",32,33.74,31.41,32.65,32.65,32.83,6525785,2137.81,"08-Oct-2026",22942,"",""
"817","DHANLAXMI","SM",26.5,26.6,26.5,26.5,26.5,27,14000,3.71,"08-Oct-2026",7,"",""
"818","DHANSA","ST",29.3,29.3,28.85,28.85,28.85,28.2,12000,3.51,"08-Oct-2026",2,"",""
"819","DHANUKA","EQ",895.85,907,885.55,893.35,897.7,891.8,26889,241.06,"08-Oct-2026",6031,"",""
"820","DHARAN","BZ",0.14,0.15,0.13,0.13,0.14,0.14,11143672,15.26,"08-Oct-2026",1098,"",""
"821","DHARARAIL","SM",141.1,141.1,141.1,141.1,141.1,141.1,2000,2.82,"08-Oct-2026",2,"",""
"822","DHARIWAL","SM",27.65,28.8,27.65,28.6,28.6,28.4,39000,10.99,"08-Oct-2026",13,"",""
"823","DHARMAJ","EQ",265.25,267.2,258.35,263.1,265,267.35,67144,176.24,"08-Oct-2026",2365,"",""
"824","DHATRE","EQ",3.93,4.03,3.72,3.89,3.9,3.94,57864,2.26,"08-Oct-2026",163,"",""
"825","DHOOTTRANS","EQ",1469,1507.7,1427.2,1440.4,1429,1463.7,1187219,17450.69,"08-Oct-2026",59474,"",""
"826","DHRUV","EQ",19.98,21.41,19.98,20.94,20.72,19.47,13084,2.73,"08-Oct-2026",198,"",""
"827","DHUNINV","EQ",985.5,985.5,924,933.35,925,971.95,191,1.82,"08-Oct-2026",52,"",""
"828","DIACABS","BE",374.9,380,351.1,371.9,375,369.15,1005633,3679.31,"08-Oct-2026",11093,"",""
"829","DIAMINESQ","EQ",239.4,241.93,235,235.73,235,239.04,8649,20.66,"08-Oct-2026",88,"",""
"830","DIAMONDYD","EQ",1077,1087.3,1040.1,1044.7,1042.2,1079.2,19304,204.51,"08-Oct-2026",1451,"",""
"831","DICIND","EQ",618.7,619,593.75,600.75,605,610.35,489,2.94,"08-Oct-2026",76,"",""
"832","DIFFNKG","EQ",457.05,458.45,422.25,427.25,427.05,452.85,162474,705.89,"08-Oct-2026",7305,"",""
"833","DIGIDRIVE","EQ",18,18.38,17.5,17.51,17.51,18.1,39845,7.15,"08-Oct-2026",176,"",""
"834","DIGIKORE","SM",36.3,37.05,35.35,35.65,35.8,36.45,11200,4.02,"08-Oct-2026",22,"",""
"835","DIGISPICE","EQ",15.39,15.39,14.82,15.02,15.07,15.28,50597,7.64,"08-Oct-2026",158,"",""
"836","DIGITIDE","EQ",76.07,76.08,70.9,71.65,72.39,75.7,243269,175.21,"08-Oct-2026",3454,"",""
"837","DIGJAMLMTD","BE",46.95,47.55,46,47.55,47.55,47.5,5329,2.53,"08-Oct-2026",18,"",""
"838","DIRL","SM",9.5,9.5,9.5,9.5,9.5,9.5,6000,0.57,"08-Oct-2026",1,"",""
"839","DISAQ","EQ",11501,11793,11211,11359,11211,11419,43,4.95,"08-Oct-2026",28,"",""
"840","DISHTV","EQ",2.16,2.18,1.99,2.03,2.13,2.14,4479640,93.07,"08-Oct-2026",2287,"",""
"841","DIVGIITTS","EQ",1092.9,1092.9,1020.6,1025.6,1026,1092.9,109222,1142.97,"08-Oct-2026",9393,"",""
"842","DIVIDEND","EQ",33.54,33.54,32.8,32.86,32.9,33.54,12972,4.3,"08-Oct-2026",187,"",""
"843","DIVINEHIRA","ST",108.7,108.7,102.6,104.9,104.9,108,10800,11.23,"08-Oct-2026",8,"",""
"844","DIVISLAB","EQ",9588,9658,9355,9361,9361,9588,441895,41958.9,"08-Oct-2026",46059,"",""
"845","DIVOPPBEES","EQ",71.44,72.08,70.45,70.64,71.46,71.69,68257,48.37,"08-Oct-2026",1273,"",""
"846","DIXON","EQ",13060,13070,12632,12650,12650,13024,215841,27665.72,"08-Oct-2026",42103,"",""
"847","DJML","EQ",72.1,73.75,70.38,71.76,71.55,72.62,73424,52.81,"08-Oct-2026",1150,"",""
"848","DLF","EQ",653.8,653.8,634.15,636.95,636.95,656,4391406,28247.25,"08-Oct-2026",63030,"",""
"849","DLINKINDIA","EQ",419,419.15,405,406.7,409.95,419.2,53665,219.77,"08-Oct-2026",3522,"",""
"850","DMART","EQ",3635.2,3638,3560.1,3585,3585,3636,365999,13144.22,"08-Oct-2026",23383,"",""
"851","DMCC","EQ",356.05,360,334,337.1,336.1,356.05,251316,860.65,"08-Oct-2026",9251,"",""
"852","DNAMEDIA","EQ",2.49,2.5,2.35,2.44,2.45,2.47,60435,1.45,"08-Oct-2026",110,"",""
"853","DODLA","EQ",1019,1019,992,997.5,1017.9,1013.3,21678,216.59,"08-Oct-2026",2859,"",""
"854","DOLATALGO","EQ",62.2,62.2,59.25,59.72,59.49,61.68,129811,78.39,"08-Oct-2026",1930,"",""
"855","DOLLAR","EQ",278,281.85,271.65,279.55,280,278.95,257928,716.11,"08-Oct-2026",4011,"",""
"856","DOLLEX","EQ",38.19,38.19,36.8,37.21,37.5,37.49,10697,3.97,"08-Oct-2026",226,"",""
"857","DOLPHIN","EQ",657.4,657.4,615,620.05,628,652.9,23588,148.98,"08-Oct-2026",2179,"",""
"858","DOMS","EQ",2055,2080,2046.5,2057.4,2063,2058.9,15910,327.83,"08-Oct-2026",3643,"",""
"859","DONEAR","EQ",80,82,79.5,79.95,79.7,80.86,12755,10.24,"08-Oct-2026",294,"",""
"860","DPABHUSHAN","EQ",2246.9,2315.8,2150,2258.9,2260.2,2262.7,157486,3525.72,"08-Oct-2026",20347,"",""
"861","DPEL","SM",609,609,602,604.15,604.15,605.95,20500,124.14,"08-Oct-2026",37,"",""
"862","DPSCLTD","BE",6.41,6.55,6.13,6.37,6.42,6.44,128371,8.07,"08-Oct-2026",587,"",""
"863","DPWIRES","EQ",227.4,234.9,205.05,215.64,215,227.46,191324,417.9,"08-Oct-2026",4709,"",""
"864","DRAGARWQ","EQ",5200,5269,5132,5160.5,5178,5198,590,30.59,"08-Oct-2026",247,"",""
"865","DRCSYSTEMS","EQ",13.22,13.22,12.5,12.57,12.67,12.96,24661,3.15,"08-Oct-2026",232,"",""
"866","DREAMFOLKS","EQ",59.85,60.88,59,59.41,59.1,60.13,62315,37.17,"08-Oct-2026",1009,"",""
"867","DREDGECORP","EQ",935,963,893.3,905.05,900,931,173058,1600.24,"08-Oct-2026",12310,"",""
"868","DRONE","SM",33.75,33.75,32.6,32.75,32.75,33.05,17000,5.63,"08-Oct-2026",23,"",""
"869","DRREDDY","EQ",1197.3,1201.2,1167.2,1180,1180,1203.8,2278637,26912.55,"08-Oct-2026",71205,"",""
"870","DSFCL","BE",29.45,30.79,28.4,28.76,29.4,29.33,62883,18.63,"08-Oct-2026",241,"",""
"871","DSKULKARNI","BE",28.21,28.21,28.21,28.21,28.21,27.66,144,0.04,"08-Oct-2026",3,"",""
"872","DSSL","EQ",1052.4,1124.9,1023.9,1030.1,1027,1032.45,319949,3464.98,"08-Oct-2026",28049,"",""
"873","DTIL","BE",152.37,157,151,151.16,151,152.37,3189,4.89,"08-Oct-2026",41,"",""
"874","DUCON","EQ",1.56,1.56,1.42,1.44,1.43,1.49,2545594,37,"08-Oct-2026",855,"",""
"875","DUGLOBAL","SM",20.8,20.8,20.8,20.8,20.8,21.8,2500,0.52,"08-Oct-2026",1,"",""
"876","DURLAX","SM",60.3,62.9,60.3,61,60.8,61.95,56000,34.48,"08-Oct-2026",28,"",""
"877","DVL","EQ",275.3,277.6,268.1,270.25,268.1,275.9,6925,18.83,"08-Oct-2026",288,"",""
"878","DWARKESH","EQ",46.8,47.4,43.75,44,44.3,46.8,2242124,1016.57,"08-Oct-2026",8878,"",""
"879","DYCL","EQ",442.5,442.65,422.15,423.9,424,441.05,245975,1053.38,"08-Oct-2026",8650,"",""
"880","DYNAMATECH","EQ",13723,13859,13220,13391,13420,13723,21879,2931.47,"08-Oct-2026",10161,"",""
"881","DYNAMIC","SM",125,128,119,123.8,123.8,130.05,39000,47.3,"08-Oct-2026",40,"",""
"882","DYNPRO","EQ",227.93,229.79,220.1,223.23,228,226.7,6033,13.44,"08-Oct-2026",314,"",""
"883","E2E","BE",744,753.35,698,714.15,725,723.3,950336,6950.88,"08-Oct-2026",18672,"",""
"884","E2ERAIL","SM",305,305,290,290,290,305.3,59200,176.93,"08-Oct-2026",69,"",""
"885","EASEMYTRIP","EQ",5.78,5.87,5.77,5.78,5.78,5.86,6711837,389.35,"08-Oct-2026",5529,"",""
"886","EASTSILK","BE",71.92,71.92,67,69.75,71,68.5,202,0.14,"08-Oct-2026",9,"",""
"887","EASTWEST","EQ",2.36,2.36,2.27,2.32,2.33,2.35,16648,0.38,"08-Oct-2026",69,"",""
"888","EBANK10","EQ",16.15,16.16,16,16.09,16.09,16.32,221,0.04,"08-Oct-2026",12,"",""
"889","EBANKNIFTY","EQ",55.65,55.65,55.23,55.3,55.3,55.41,453,0.25,"08-Oct-2026",17,"",""
"890","EBBETF0430","EQ",1611.9,1611.9,1601.1,1609.82,1610,1605.78,25528,410.08,"08-Oct-2026",687,"",""
"891","EBBETF0431","EQ",1424.57,1431.46,1424.56,1426.59,1426.55,1423.34,3491,49.81,"08-Oct-2026",90,"",""
"892","EBBETF0433","EQ",1298.74,1303.51,1293.75,1300.7,1301,1298.74,2766,35.98,"08-Oct-2026",128,"",""
"893","EBGNG","EQ",735,740.4,689,692.15,690,731.35,884893,6235.66,"08-Oct-2026",42073,"",""
"894","EBIX","BE",17.26,17.5,16.6,16.82,16.87,17.26,63817,10.74,"08-Oct-2026",126,"",""
"895","ECAPINSURE","EQ",23.28,23.28,22.61,22.75,22.94,23.28,71734,16.31,"08-Oct-2026",435,"",""
"896","ECLERX","EQ",1890.4,1915.1,1828.8,1846.8,1874,1896,73080,1355.28,"08-Oct-2026",14117,"",""
"897","ECOLINE","SM",189.25,189.25,176.5,182,182,187.4,9000,16.45,"08-Oct-2026",8,"",""
"898","ECORECO","EQ",426.35,429.2,408.6,411.95,414,424.25,4649,19.34,"08-Oct-2026",570,"",""
"899","ECOSMOBLTY","EQ",108.5,109.8,105.31,107.43,106.01,108.24,53062,56.8,"08-Oct-2026",1382,"",""
"900","EDELWEISS","EQ",134.1,134.39,126.78,127.71,127.99,133.8,5719681,7405.53,"08-Oct-2026",47920,"",""
"901","EEPL","ST",132.1,133,131.5,133,133,133,7000,9.24,"08-Oct-2026",7,"",""
"902","EFACTOR","SM",205.55,206,192.5,197.55,200,194.65,20000,40.34,"08-Oct-2026",36,"",""
"903","EFCIL","EQ",173.8,173.8,167,167.07,167.34,173.8,248907,423.88,"08-Oct-2026",2679,"",""
"904","EFFWA","SM",342.05,351.05,341.3,347.15,345,341.5,27600,95.09,"08-Oct-2026",46,"",""
"905","EFORCE","SM",19.8,19.8,18.75,18.75,18.75,19.35,4800,0.93,"08-Oct-2026",4,"",""
"906","EGOLD","EQ",146.7,146.9,145.95,146.45,145.95,146.5,23821,34.9,"08-Oct-2026",711,"",""
"907","EICHERMOT","EQ",6936,6950,6767.5,6767.5,6767.5,6960,361283,24760.46,"08-Oct-2026",58519,"",""
"908","EIDPARRY","EQ",700,700,675,677.15,683.9,699.55,289574,1984.27,"08-Oct-2026",19786,"",""
"909","EIEL","EQ",187.01,187.01,180.01,180.96,181.05,187.41,360168,656.26,"08-Oct-2026",9751,"",""
"910","EIFFL","BE",257.5,261.85,257.5,261.85,261.85,257.5,378,0.98,"08-Oct-2026",8,"",""
"911","EIHAHOTELS","EQ",297.3,297.3,288,291.05,292.25,297.3,6532,18.99,"08-Oct-2026",572,"",""
"912","EIHOTEL","EQ",294,296,290.25,291.2,291,296.5,133690,392.77,"08-Oct-2026",6952,"",""
"913","EIMCOELECO","EQ",2250,2275.9,2198,2234.2,2242,2247.3,79547,1770.04,"08-Oct-2026",5449,"",""
"914","EKC","EQ",105.52,105.52,100.31,101.67,101,105.52,252138,257.45,"08-Oct-2026",3514,"",""
"915","EKI","BE",84.35,87.58,80.76,82.17,82.98,85.01,17631,14.52,"08-Oct-2026",345,"",""
"916","ELANTAS","EQ",14022,14100,13330,13597,13420,14022,1858,255.71,"08-Oct-2026",792,"",""
"917","ELCIDIN","EQ",100250,102700,99250,99260,99250,102900,16,16.01,"08-Oct-2026",15,"",""
"918","ELDEHSG","EQ",769,774,751,762.95,751,769,1046,7.94,"08-Oct-2026",33,"",""
"919","ELECON","EQ",442.4,442.4,415.1,416.95,417.9,441.25,719015,3048.44,"08-Oct-2026",28377,"",""
"920","ELECTCAST","EQ",78.93,78.99,74,74.26,74.3,78.73,2685874,2033.01,"08-Oct-2026",20054,"",""
"921","ELECTHERM","EQ",718.05,718.05,676,683.75,686.7,722.95,26579,184.13,"08-Oct-2026",1734,"",""
"922","ELEVATE","EQ",351,353.35,325.45,329.85,330.3,350,1725747,5765.03,"08-Oct-2026",62792,"",""
"923","ELGIEQUIP","EQ",599.75,600,576,579,576,602.05,245828,1440.54,"08-Oct-2026",17671,"",""
"924","ELGIRUBCO","EQ",58.13,58.44,53.2,54.24,54.69,57.85,51214,28.4,"08-Oct-2026",1106,"",""
"925","ELGNZ","SM",82.95,88,80.5,85.35,82.7,81.5,62000,51.8,"08-Oct-2026",46,"",""
"926","ELIN","EQ",79.1,79.1,74,75.56,76,77.07,92409,69.86,"08-Oct-2026",1958,"",""
"927","ELIQUID","EQ",1050.84,1050.99,1050.84,1050.97,1050.97,1050.83,33774,354.92,"08-Oct-2026",17,"",""
"928","ELITECON","EQ",7.75,7.84,7.18,7.2,7.23,7.53,4660153,342.18,"08-Oct-2026",6517,"",""
"929","ELLEN","EQ",365,370.7,343.95,350.4,352.85,365.75,755718,2678.38,"08-Oct-2026",15776,"",""
"930","ELM250","EQ",15.68,15.88,15.33,15.46,15.53,15.58,64649,10.01,"08-Oct-2026",474,"",""
"931","ELMDIV","EQ",34.38,34.38,33.92,33.92,33.92,34.51,224,0.08,"08-Oct-2026",10,"",""
"932","ELPROINTL","EQ",174.9,175.9,170,174.53,175,174.86,10448,18.12,"08-Oct-2026",176,"",""
"933","EMAMILTD","EQ",373.85,376.6,366.1,367.25,367,375.45,511099,1892.02,"08-Oct-2026",18954,"",""
"934","EMAMIPAP","BE",115.16,116.2,111.2,113.16,115,116.48,33443,37.87,"08-Oct-2026",333,"",""
"935","EMAMIREAL","EQ",65.25,71.5,65.25,67.76,68,69.12,13138,9.02,"08-Oct-2026",268,"",""
"936","EMAPARTNER","SM",80.05,80.05,80.05,80.05,80.05,80.05,7000,5.6,"08-Oct-2026",5,"",""
"937","EMBASSY","RR",428,433.94,428,431.27,430.2,435.3,384603,1659.44,"08-Oct-2026",17770,"",""
"938","EMBDL","EQ",57.49,59,55.6,56.26,56.06,57.19,4082534,2332.98,"08-Oct-2026",24869,"",""
"939","EMCURE","EQ",1905.1,1919.5,1838,1851.5,1838.3,1918,65719,1227.14,"08-Oct-2026",15344,"",""
"940","EMETAL","EQ",12.48,12.97,11.73,11.91,11.73,12.42,32213,3.86,"08-Oct-2026",140,"",""
"941","EMIL","EQ",212.1,212.14,192.1,193.31,194.67,211.54,4764152,9438.75,"08-Oct-2026",55679,"",""
"942","EMKAY","EQ",288.4,288.4,263.1,265.65,263.65,287.3,115131,312.67,"08-Oct-2026",3104,"",""
"943","EMMBI","EQ",85.62,88,84,85.32,85,85.62,14986,12.81,"08-Oct-2026",216,"",""
"944","EMMIL","SM",124,126.9,122,122.6,122.5,122.85,13000,16.22,"08-Oct-2026",33,"",""
"945","EMMVEE","EQ",306.55,314.2,299,302,300.4,305.8,2237909,6876.09,"08-Oct-2026",62237,"",""
"946","EMPIND","EQ",1044.6,1044.6,1015,1021.7,1024,1032.9,6369,65.48,"08-Oct-2026",230,"",""
"947","EMPOWER","EQ",1.8,1.84,1.8,1.83,1.84,1.76,22812366,418.46,"08-Oct-2026",4780,"",""
"948","EMSLIMITED","EQ",331.95,337.5,317.3,321.7,320.8,328.95,544671,1773.41,"08-Oct-2026",17125,"",""
"949","EMUDHRA","EQ",606.3,606.3,561.2,569.9,583.2,605.5,579645,3347.84,"08-Oct-2026",25345,"",""
"950","EMULTIMQ","EQ",40.72,40.85,39.2,39.34,39.36,40.72,59203,23.48,"08-Oct-2026",440,"",""
"951","ENCOMPAS","SM",239.05,252,239.05,249.8,252,249,5200,12.85,"08-Oct-2026",12,"",""
"952","ENDURANCE","EQ",2501.7,2512.4,2425,2433.5,2426,2513.4,78215,1918.14,"08-Oct-2026",17541,"",""
"953","ENERGY","EQ",37.72,37.72,35.86,35.93,35.99,36.98,413902,149.6,"08-Oct-2026",2139,"",""
"954","ENERGYAXIS","EQ",18.58,18.97,17.86,17.95,18.49,18.4,23060,4.14,"08-Oct-2026",128,"",""
"955","ENERGYDEV","EQ",14.75,14.75,13.77,14.14,14.02,14.57,19761,2.8,"08-Oct-2026",304,"",""
"956","ENEXT50","EQ",69.61,69.74,67.75,67.76,67.75,69.61,522,0.36,"08-Oct-2026",25,"",""
"957","ENGINERSIN","EQ",307.8,307.8,277.75,289,289.2,308.3,14479246,41454.93,"08-Oct-2026",180080,"",""
"958","ENIFTY","EQ",22.27,22.8,22.27,22.51,22.53,22.85,4624,1.05,"08-Oct-2026",70,"",""
"959","ENIL","EQ",92.97,93.2,91.27,91.51,91.4,92,5585,5.11,"08-Oct-2026",137,"",""
"960","ENKEIWHEL","EQ",396.15,396.15,380,390.1,393.95,388.45,1373,5.32,"08-Oct-2026",63,"",""
"961","ENRIN","EQ",3361.8,3377.7,3178.8,3180,3180,3344,420238,13693.35,"08-Oct-2026",52680,"",""
"962","ENSER","SM",15.45,15.45,14.75,14.95,15,15.5,105000,15.82,"08-Oct-2026",18,"",""
"963","ENTERO","EQ",1711.7,1719.9,1680,1688.8,1700,1713.3,63560,1077.37,"08-Oct-2026",7447,"",""
"964","ENVIRO","SM",71.55,71.55,69.1,69.75,69.75,71.55,18000,12.58,"08-Oct-2026",15,"",""
"965","EPACK","EQ",171.2,171.84,163.1,165.16,167,171.84,354621,591.74,"08-Oct-2026",6226,"",""
"966","EPACKPEB","EQ",267.44,269.18,255.75,256.33,256.5,267.44,1065154,2799.1,"08-Oct-2026",21401,"",""
"967","EPIGRAL","EQ",1038.4,1038.4,995.2,1012.2,1014,1030,29610,299.63,"08-Oct-2026",3080,"",""
"968","EPL","EQ",236,236,229.01,232.03,232.2,237.03,3290602,7621.39,"08-Oct-2026",84125,"",""
"969","EPWINDIA","SM",232,232,232,232,232,244,1200,2.78,"08-Oct-2026",1,"",""
"970","EQUAL200","EQ",13.03,13.03,12.72,12.82,12.75,13.03,131625,16.88,"08-Oct-2026",138,"",""
"971","EQUAL50","EQ",308.75,308.88,304,304.4,304.56,310.32,3575,10.9,"08-Oct-2026",90,"",""
"972","EQUAL50ADD","EQ",321.69,322.52,314.42,314.87,316.42,321.69,44712,141.5,"08-Oct-2026",738,"",""
"973","EQUIPPP","BE",22.75,22.75,21.27,21.31,21.27,22.38,5972,1.29,"08-Oct-2026",43,"",""
"974","EQUITASBNK","EQ",68.92,69.19,66.1,66.44,66.26,68.92,1079801,728.5,"08-Oct-2026",20060,"",""
"975","ERIS","EQ",1150.1,1187.4,1145.4,1155.1,1162,1145.8,465585,5408.81,"08-Oct-2026",33759,"",""
"976","ESABINDIA","EQ",5601,5632,5307.5,5360.5,5366,5627,5623,304.73,"08-Oct-2026",1711,"",""
"977","ESAFSFB","BE",43.54,43.54,40.54,42.17,42.19,42.67,905029,378.26,"08-Oct-2026",1671,"",""
"978","ESCONET","ST",247,247,232.25,232.25,232.25,244.45,18000,42.55,"08-Oct-2026",43,"",""
"979","ESCORTS","EQ",2804.9,2809,2727.8,2773.6,2754.1,2785.5,46619,1287.93,"08-Oct-2026",11165,"",""
"980","ESDS","EQ",1426.9,1426.9,1387.3,1426.9,1426.9,1359,3261278,46384.61,"08-Oct-2026",46990,"",""
"981","ESENSEX","EQ",73.17,73.17,72.09,72.15,72.14,73.17,1698,1.23,"08-Oct-2026",35,"",""
"982","ESFL","SM",112,113.25,110.5,111.2,111.2,114.15,27000,30.16,"08-Oct-2026",62,"",""
"983","ESG","EQ",38.73,38.73,38,38.01,38.07,38.73,13912,5.32,"08-Oct-2026",126,"",""
"984","ESILVER","EQ",217.51,218.65,214.65,215.67,215.95,218.59,40127,86.68,"08-Oct-2026",1436,"",""
"985","ESPRIT","SM",61.05,61.05,56.5,57,57,62.1,72000,42.35,"08-Oct-2026",43,"",""
"986","ESSARSHPNG","EQ",16.9,16.9,15.95,16.06,16.15,16.66,283463,46,"08-Oct-2026",1543,"",""
"987","ESSENTIA","EQ",1.01,1.02,1,1,1,1,1493223,15.02,"08-Oct-2026",735,"",""
"988","ESTER","EQ",95.8,97.95,90.36,94.67,97,94.55,157811,147.17,"08-Oct-2026",1665,"",""
"989","ETERNAL","EQ",328,328.4,317.5,319.05,319.05,328,18044786,58215.08,"08-Oct-2026",159915,"",""
"990","ETHOSLTD","EQ",2646,2679.3,2570.2,2600.3,2612.6,2634.8,39204,1030.74,"08-Oct-2026",8433,"",""
"991","ETL","SM",1115,1115,1085,1087.5,1085,1125,1200,13.19,"08-Oct-2026",8,"",""
"992","ETML","SM",72,72,69.55,70,70,69.9,4800,3.4,"08-Oct-2026",4,"",""
"993","EUREKAFORB","EQ",353,353,338,339.75,340.4,351.75,185554,643.64,"08-Oct-2026",6927,"",""
"994","EUROBOND","EQ",139.57,142.5,132,134.54,134,140.27,3604,4.9,"08-Oct-2026",99,"",""
"995","EUROPRATIK","EQ",178.01,183.93,170.35,173.98,176.95,179.12,330831,592.25,"08-Oct-2026",5974,"",""
"996","EUROTEXIND","EQ",15.59,15.61,15.32,15.32,15.32,16.12,17578,2.7,"08-Oct-2026",46,"",""
"997","EVENTIONS","ST",111,111,105.45,105.45,105.45,118,1681200,1866,"08-Oct-2026",584,"",""
"998","EVEREADY","EQ",325,325.1,317,318.6,324,320.5,166173,532.05,"08-Oct-2026",3269,"",""
"999","EVERESTIND","EQ",499.95,500.35,467.25,480.3,487.1,499.35,26977,129.44,"08-Oct-2026",1266,"",""
"1000","EVIETF","EQ",30.15,30.15,29.31,29.38,29.46,30.06,342045,100.87,"08-Oct-2026",1035,"",""
"1001","EVINDIA","EQ",30,30.17,29.3,29.37,29.33,30.07,231338,68.55,"08-Oct-2026",2665,"",""
"1002","EXCELINDUS","EQ",919.1,928.85,907.5,918.7,921,923.9,10049,92.4,"08-Oct-2026",740,"",""
"1003","EXCELLENT","ST",185,193,182.7,182.7,182.7,185,8000,14.97,"08-Oct-2026",5,"",""
"1004","EXCELSOFT","EQ",84.57,84.57,80.18,80.99,81.01,81.71,519593,423.39,"08-Oct-2026",4276,"",""
"1005","EXICOM","EQ",154.99,154.99,146.37,147.13,147.79,153.78,751647,1121.1,"08-Oct-2026",10401,"",""
"1006","EXIDEIND","EQ",402.8,406.95,392.85,394.9,395,402.95,1481428,5901,"08-Oct-2026",44536,"",""
"1007","EXIMROUTES","SM",87,91.4,87,91.4,91.4,84.4,4000,3.52,"08-Oct-2026",5,"",""
"1008","EXPLEOSOL","EQ",862.65,877,850,851.8,853,862.65,17272,147.93,"08-Oct-2026",1215,"",""
"1009","EXXARO","EQ",6.1,6.44,6.01,6.12,6.11,6.13,202766,12.49,"08-Oct-2026",431,"",""
"1010","FABTECH","EQ",141.14,141.88,137.21,138.98,140,143.03,28275,39.63,"08-Oct-2026",883,"",""
"1011","FACT","EQ",743.1,743.1,715.1,717.75,718.2,746.95,65738,477.76,"08-Oct-2026",6377,"",""
"1012","FAIRCHEMOR","EQ",715,767,712,720.9,713.9,703.85,104670,771.78,"08-Oct-2026",6962,"",""
"1013","FALCONTECH","SM",12,12.85,12,12.85,12.85,12.9,4800,0.59,"08-Oct-2026",4,"",""
"1014","FASCINATE","SM",89.75,89.75,84,89.05,89.75,85.5,277600,248.86,"08-Oct-2026",165,"",""
"1015","FAZE3Q","EQ",453.4,454.85,412.35,424.1,420.65,450.1,43028,183.32,"08-Oct-2026",2181,"",""
"1016","FCL","EQ",58.5,58.54,55.56,55.99,56,57.8,16262759,9156.01,"08-Oct-2026",59521,"",""
"1017","FCSSOFT","EQ",1.4,1.42,1.37,1.37,1.38,1.4,1266940,17.55,"08-Oct-2026",994,"",""
"1018","FDC","EQ",328.3,330,321.4,324.05,324.9,328.55,113874,369.51,"08-Oct-2026",6383,"",""
"1019","FEDDERSHOL","EQ",63.2,63.74,60.66,61.76,61.35,63.43,5042763,3141.18,"08-Oct-2026",21526,"",""
"1020","FEDERALBNK","EQ",323.5,326.35,319.5,321,321,323.5,10087249,32601.72,"08-Oct-2026",148680,"",""
"1021","FEDFINA","EQ",149.1,149.1,141.6,145.31,145.4,148.56,1166488,1691.01,"08-Oct-2026",22286,"",""
"1022","FEL","BZ",0.37,0.37,0.36,0.36,0.36,0.36,112856,0.41,"08-Oct-2026",96,"",""
"1023","FELDVR","BZ",2,2.03,1.94,1.95,1.95,2.04,1479,0.03,"08-Oct-2026",21,"",""
"1024","FELIX","SM",189,194.85,187.1,190,188.5,189.7,56000,106.84,"08-Oct-2026",42,"",""
"1025","FERMENTA","EQ",568.1,570.95,535.1,539.6,544.75,565.3,153492,843.79,"08-Oct-2026",5934,"",""
"1026","FIBERWEB","EQ",26.89,26.89,25.55,25.63,25.55,26.36,8886,2.31,"08-Oct-2026",139,"",""
"1027","FIDEL","SM",178,180.45,166.9,180.45,180.45,178,8000,14.03,"08-Oct-2026",8,"",""
"1028","FIEMIND","EQ",1810,1810,1742.5,1746.6,1743,1799.3,41058,722.62,"08-Oct-2026",5587,"",""
"1029","FILATEX","EQ",111.62,111.62,106.01,109.74,109.3,111.63,2775146,3015.62,"08-Oct-2026",20328,"",""
"1030","FILATFASH","EQ",0.18,0.19,0.18,0.18,0.19,0.18,19590372,35.6,"08-Oct-2026",1432,"",""
"1031","FINBUD","SM",121,124.95,120,120.5,120.5,122.5,16000,19.74,"08-Oct-2026",8,"",""
"1032","FINCABLES","EQ",1497.3,1499,1396.6,1402.2,1401,1483.5,719704,10250.74,"08-Oct-2026",51091,"",""
"1033","FINEORG","EQ",5650,5650,5354.5,5380.5,5365,5625.5,38476,2106.13,"08-Oct-2026",10288,"",""
"1034","FINIETF","EQ",30.35,30.39,29.81,29.92,29.97,30.68,506458,151.93,"08-Oct-2026",2296,"",""
"1035","FINKURVE","EQ",67.53,68.8,65.91,67.41,67.49,67.53,17804,11.92,"08-Oct-2026",455,"",""
"1036","FINOPB","EQ",134,150.95,134,145.53,143.51,128.76,26642006,38995.39,"08-Oct-2026",231074,"",""
"1037","FINPIPE","EQ",153,155,148.55,149.76,151.1,153.91,582621,878.39,"08-Oct-2026",16711,"",""
"1038","FIRSTCRY","EQ",172,172.2,166.1,168.56,168.95,172.2,2078375,3499.73,"08-Oct-2026",23581,"",""
"1039","FISCHER","EQ",32.61,32.7,31.25,31.96,32,32.63,449805,143.19,"08-Oct-2026",2067,"",""
"1040","FIVESTAR","EQ",507,509.9,500,502.2,500,509.35,444955,2245.03,"08-Oct-2026",20618,"",""
"1041","FLAIR","EQ",226.1,228.9,222,224.44,222.1,227.97,70493,158,"08-Oct-2026",2341,"",""
"1042","FLEXIADD","EQ",9.46,9.5,9.26,9.29,9.34,9.46,103022,9.65,"08-Oct-2026",557,"",""
"1043","FLEXITUFF","BE",3.2,3.25,3.2,3.25,3.25,3.19,32390,1.05,"08-Oct-2026",22,"",""
"1044","FLFL","BZ",0.97,1.01,0.94,0.96,0.95,0.98,44549,0.43,"08-Oct-2026",110,"",""
"1045","FLUOROCHEM","EQ",4575,4579.9,4416.2,4440.1,4450,4555.9,109797,4913.65,"08-Oct-2026",18235,"",""
"1046","FLYSBS","SM",623.2,653,600,618.5,617,631.5,56400,347.62,"08-Oct-2026",250,"",""
"1047","FMCGADD","EQ",44.9,45.16,44.01,44.19,44.31,45,8144,3.61,"08-Oct-2026",215,"",""
"1048","FMCGIETF","EQ",49,49,46.5,47.36,47.43,48.01,1043271,496.23,"08-Oct-2026",5840,"",""
"1049","FMGOETZE","EQ",445,445,432.6,434.85,432.6,441.15,126883,553.2,"08-Oct-2026",4849,"",""
"1050","FMNL","EQ",8.25,8.68,7.61,8.15,8.21,8.12,29030,2.35,"08-Oct-2026",188,"",""
"1051","FOCUS","EQ",56.76,56.76,52.25,54.96,54.8,56.26,48824,26.66,"08-Oct-2026",617,"",""
"1052","FONEBOX","ST",140.5,140.5,140.5,140.5,140.5,133.85,4000,5.62,"08-Oct-2026",4,"",""
"1053","FOODSIN","EQ",50.06,50.22,47.25,47.69,47.26,50.05,49131,23.8,"08-Oct-2026",984,"",""
"1054","FORCAS","ST",241.95,244.45,228.4,243.95,243.95,239.95,12800,30.18,"08-Oct-2026",7,"",""
"1055","FORCEMOT","EQ",17000,17032,16611,16700,16700,16956,49079,8241.4,"08-Oct-2026",17799,"",""
"1056","FORGEAUTO","SM",100,100,100,100,100,100,1200,1.2,"08-Oct-2026",1,"",""
"1057","FORTIS","EQ",779.1,779.1,762.35,763,763,779.1,1664438,12775.26,"08-Oct-2026",45328,"",""
"1058","FOSECOIND","EQ",6340,6464,6282,6343.5,6300,6373,11539,734.18,"08-Oct-2026",3233,"",""
"1059","FRACTAL","EQ",721,721.3,698,700.65,699.85,721.3,260764,1850.11,"08-Oct-2026",16774,"",""
"1060","FREDUN","EQ",1488,1665,1462.7,1531.7,1538,1473.9,1074150,16922.21,"08-Oct-2026",96640,"",""
"1061","FRESHARA","ST",415,418.95,394,395.9,399.5,410.85,22200,88.88,"08-Oct-2026",36,"",""
"1062","FROG","SM",252,252,240.5,242.8,243.5,253,18400,45.09,"08-Oct-2026",43,"",""
"1063","FRONTSP","EQ",1442.8,1442.8,1380,1395.9,1400,1431.2,24543,341.93,"08-Oct-2026",2780,"",""
"1064","FSL","EQ",263,282.85,260.1,266.35,263.4,259.2,19362338,52471.71,"08-Oct-2026",237622,"",""
"1065","FUSION","EQ",168.11,168.12,160.85,162.35,162.95,168.52,550556,900.1,"08-Oct-2026",11437,"",""
"1066","FWSTC","SM",195,207.5,195,204.15,205,204,129600,260.9,"08-Oct-2026",40,"",""
"1067","GABRIEL","EQ",1357.7,1357.7,1316.9,1335.4,1329,1346.9,168589,2253.25,"08-Oct-2026",21662,"",""
"1068","GAEL","EQ",162.98,163.45,157,158.47,157.54,162.98,820466,1303.49,"08-Oct-2026",28496,"",""
"1069","GAIL","EQ",170.11,170.6,166.3,167.7,167.7,170.71,7163700,11984.29,"08-Oct-2026",91607,"",""
"1070","GAJA","EQ",148,149.5,141.88,145.1,146,146.35,341010,494.04,"08-Oct-2026",5499,"",""
"1071","GALAPREC","EQ",1173.7,1173.7,1086,1103.2,1100,1161.4,52381,583.35,"08-Oct-2026",5234,"",""
"1072","GALAXYSURF","EQ",2434,2458,2376.1,2406.7,2422.6,2434,42011,1018.92,"08-Oct-2026",10281,"",""
"1073","GALLANTT","EQ",512,522.5,500.45,503.15,502,514.55,79564,404.81,"08-Oct-2026",4077,"",""
"1074","GANDHAR","EQ",301,303,289.35,296.45,300,299.2,1098034,3249.02,"08-Oct-2026",20446,"",""
"1075","GANDHITUBE","EQ",984.95,985,946,951.5,952,974.15,8708,83.05,"08-Oct-2026",779,"",""
"1076","GANECOS","EQ",998.9,998.9,959.1,961.3,965,998.9,59515,577.74,"08-Oct-2026",4163,"",""
"1077","GANESHBE","BE",119,119,111.9,111.9,111.9,117.78,862082,985.74,"08-Oct-2026",623,"",""
"1078","GANESHCP","EQ",161,161.24,150,150.66,150.5,158.87,775542,1203.81,"08-Oct-2026",6683,"",""
"1079","GANESHHOU","EQ",699,703.45,676.7,691.8,692.6,701.1,40397,277.46,"08-Oct-2026",2436,"",""
"1080","GANESHIN","SM",88.15,88.25,85,85.05,85.1,88.55,36000,31.16,"08-Oct-2026",43,"",""
"1081","GANGABATH","SM",21,22.95,20.85,22.55,22.85,21.6,90000,19.6,"08-Oct-2026",26,"",""
"1082","GANGAFORGE","EQ",1.59,1.65,1.51,1.51,1.53,1.58,2647191,41.55,"08-Oct-2026",1151,"",""
"1083","GANGESSECU","EQ",113.01,121,113.01,113.75,117,113.96,7456,8.65,"08-Oct-2026",103,"",""
"1084","GARFIBRES","EQ",773.75,780.2,750.6,765.15,755,773.75,17551,133.9,"08-Oct-2026",2502,"",""
"1085","GARUDA","EQ",172.56,172.77,164.74,165.42,166.4,172.55,305674,515.33,"08-Oct-2026",5131,"",""
"1086","GATECH","BE",0.6,0.62,0.59,0.59,0.61,0.62,16045021,96.13,"08-Oct-2026",4655,"",""
"1087","GATECHDVR","BE",0.47,0.48,0.46,0.46,0.47,0.47,442407,2.05,"08-Oct-2026",139,"",""
"1088","GATEWAY","EQ",51.73,51.81,50,50.33,50.7,51.65,883072,447.22,"08-Oct-2026",7639,"",""
"1089","GAUDIUMIVF","EQ",109.49,109.5,102.83,104.38,105.4,107.5,160202,166.92,"08-Oct-2026",3184,"",""
"1090","GAYAHWS","EQ",1.89,1.89,1.79,1.8,1.8,1.86,99734,1.83,"08-Oct-2026",230,"",""
"1091","GAYAPROJ","EQ",20.94,21,20,20,20,21.05,587679,119.59,"08-Oct-2026",2127,"",""
"1092","GCHOTELS","SM",115.05,121,104.5,115.05,115,115.7,66600,73.96,"08-Oct-2026",92,"",""
"1093","GCSL","EQ",693.25,699.7,681.45,697.75,698,689.7,479957,3326.24,"08-Oct-2026",4186,"",""
"1094","GEECEE","EQ",366.15,369,344.5,352.7,344.5,363.45,1344,4.81,"08-Oct-2026",134,"",""
"1095","GEEKAYWIRE","EQ",34,34,31.42,31.63,31.92,33.14,211046,69.38,"08-Oct-2026",1389,"",""
"1096","GEMAROMA","EQ",151.25,154.2,145,146.56,147.5,153.2,82737,123.12,"08-Oct-2026",1943,"",""
"1097","GENCON","EQ",36.26,37.14,36,36.34,36.45,37.04,293636,107.69,"08-Oct-2026",673,"",""
"1098","GENESYS","EQ",294.85,298.95,276.6,279.6,280,294.85,632691,1806.39,"08-Oct-2026",15332,"",""
"1099","GENSOL","BZ",11.78,11.78,11.16,11.16,11.16,11.74,152297,17.07,"08-Oct-2026",854,"",""
"1100","GENUSPAPER","EQ",10.69,10.69,10.1,10.29,10.28,10.47,30373,3.16,"08-Oct-2026",148,"",""
"1101","GENUSPOWER","EQ",302,302,287,288.2,288.95,301.05,1005127,2941.79,"08-Oct-2026",22785,"",""
"1102","GENXAI","SM",89,90,82,85.5,86,89,44400,38.17,"08-Oct-2026",37,"",""
"1103","GEOJITFSL","EQ",78,78,74.6,74.94,75.6,77.98,160147,121.21,"08-Oct-2026",2477,"",""
"1104","GERMAN","EQ",121.8,122.5,115,115.62,115.45,120.11,2633145,3104.38,"08-Oct-2026",26364,"",""
"1105","GESHIP","EQ",1567.9,1577,1528,1529.7,1528.5,1567.9,808062,12477.35,"08-Oct-2026",48081,"",""
"1106","GFLLIMITED","EQ",57.83,58.5,54.5,54.91,55,57.83,130840,73.54,"08-Oct-2026",2499,"",""
"1107","GFSTEELS","BE",41.43,41.43,41.43,41.43,41.43,40.62,13521,5.6,"08-Oct-2026",29,"",""
"1108","GGBL","SM",222,222,213.05,215,216.95,218.15,14400,31.36,"08-Oct-2026",45,"",""
"1109","GHCL","EQ",398.8,400.6,385,388.05,388,398.8,155133,607,"08-Oct-2026",9967,"",""
"1110","GHCLTEXTIL","EQ",130,130.01,124.5,125.1,125.31,130.04,238117,302.65,"08-Oct-2026",7576,"",""
"1111","GICHSGFIN","EQ",132.8,134.5,130.88,131.3,131.03,132.83,68313,90.36,"08-Oct-2026",1347,"",""
"1112","GICL","BE",21.19,21.19,20.28,21.05,20.8,21.34,66953,13.97,"08-Oct-2026",135,"",""
"1113","GICRE","EQ",316.55,317.65,308,309.1,310,316.55,438547,1361.2,"08-Oct-2026",18264,"",""
"1114","GILLANDERS","EQ",107.19,111.59,103.51,104.15,105,109.38,11619,12.42,"08-Oct-2026",222,"",""
"1115","GILLETTE","EQ",7220,7320,7107.5,7263.5,7290,7223.5,37501,2707.94,"08-Oct-2026",12840,"",""
"1116","GILT10BETA","EQ",26.28,26.43,25.92,26.21,26.36,26.15,403,0.11,"08-Oct-2026",13,"",""
"1117","GILT5BETA","EQ",66.38,66.38,65.45,66.34,66.34,66.25,1092,0.72,"08-Oct-2026",20,"",""
"1118","GILT5YBEES","EQ",65.62,65.62,65.43,65.46,65.44,65.54,650203,425.86,"08-Oct-2026",556,"",""
"1119","GINNIFILA","BE",41,41.69,40.3,40.33,40.95,40.99,25420,10.39,"08-Oct-2026",42,"",""
"1120","GIPCL","EQ",171.02,172.09,164.21,164.94,165,171.86,374712,625.12,"08-Oct-2026",6203,"",""
"1121","GIRIRAJ","SM",57.15,57.4,52.25,52.45,52.25,54.95,6500,3.48,"08-Oct-2026",19,"",""
"1122","GJL","ST",460.4,460.4,460.4,460.4,460.4,484.6,800,3.68,"08-Oct-2026",1,"",""
"1123","GKB","EQ",61.5,63.48,61.1,62.91,61.1,61.5,564,0.35,"08-Oct-2026",26,"",""
"1124","GKENERGY","EQ",113.01,115.04,111.52,113.17,113.4,114.63,240347,271.42,"08-Oct-2026",3517,"",""
"1125","GKSL","EQ",189.18,193,180,180.71,181,187.12,719355,1318.24,"08-Oct-2026",8648,"",""
"1126","GKWLIMITED","EQ",1550,1603.8,1526.1,1562.3,1570,1550.6,10689,167.09,"08-Oct-2026",193,"",""
"1127","GLAND","EQ",3162,3170.5,3049.5,3079.1,3061.9,3150.6,495007,15355.07,"08-Oct-2026",47528,"",""
"1128","GLASSWALL","EQ",266.3,272.8,259.2,267.1,270,262.25,9306343,24736.98,"08-Oct-2026",99523,"",""
"1129","GLAXO","EQ",2634,2647.1,2526.5,2534.4,2540,2634,64517,1655.6,"08-Oct-2026",12245,"",""
"1130","GLENMARK","EQ",2280,2284,2181.2,2192.2,2192.2,2282.3,816490,18128.09,"08-Oct-2026",40068,"",""
"1131","GLFL","EQ",5.69,5.94,5.14,5.6,5.16,5.43,13375,0.73,"08-Oct-2026",45,"",""
"1132","GLOBAL","EQ",145.85,145.85,139.8,141.41,141.19,144.79,147670,211.73,"08-Oct-2026",2540,"",""
"1133","GLOBALE","EQ",10.99,11.53,10.75,11.53,11.53,10.49,25811,2.96,"08-Oct-2026",54,"",""
"1134","GLOBALPET","SM",172,172,172,172,172,175,750,1.29,"08-Oct-2026",1,"",""
"1135","GLOBALVECT","EQ",127.19,127.39,123.1,124.2,123.3,125.94,6410,7.98,"08-Oct-2026",267,"",""
"1136","GLOBE","EQ",2.1,2.18,2.06,2.07,2.08,2.11,734494,15.69,"08-Oct-2026",282,"",""
"1137","GLOBECIVIL","EQ",40.89,42,40.51,40.82,40.69,40.89,20910,8.56,"08-Oct-2026",294,"",""
"1138","GLOBUSSPR","EQ",800.7,810.6,780.05,783.45,781.5,796.85,54907,436.19,"08-Oct-2026",5190,"",""
"1139","GLOSTERLTD","EQ",541,552.9,536,542.3,543,552.9,464,2.51,"08-Oct-2026",69,"",""
"1140","GLOTTIS","EQ",59.29,59.61,55.75,56.62,56.83,58.71,186055,106.17,"08-Oct-2026",1398,"",""
"1141","GMBREW","EQ",988,1010,880,887.45,890,984.95,1154788,10865.22,"08-Oct-2026",58230,"",""
"1142","GMDCLTD","EQ",477.9,485.9,462.1,463.35,463.5,477.1,1009088,4771.37,"08-Oct-2026",36993,"",""
"1143","GML","SM",16.65,16.65,16.65,16.65,16.65,16.65,2000,0.33,"08-Oct-2026",1,"",""
"1144","GMMPFAUDLR","EQ",1439.9,1445.4,1329.8,1340.4,1343,1438,282833,3849.19,"08-Oct-2026",31516,"",""
"1145","GMRAIRPORT","EQ",90.31,91,87.68,87.77,87.77,91.19,55866346,50065.12,"08-Oct-2026",93674,"",""
"1146","GMRP&UI","EQ",101.63,102.73,96.25,97.11,97.33,101.58,936381,926.68,"08-Oct-2026",11716,"",""
"1147","GNA","EQ",583.65,585.05,542.8,557.7,557.05,583.65,853670,4756.89,"08-Oct-2026",24799,"",""
"1148","GNFC","EQ",618,618.05,597.1,599.25,599.05,618.2,392723,2379.88,"08-Oct-2026",20598,"",""
"1149","GNRL","EQ",98.1,98.4,94.11,95.52,95.43,97.67,1196410,1137.35,"08-Oct-2026",1852,"",""
"1150","GOACARBON","EQ",403.6,415.5,391.45,394.8,393,407.8,27831,111.71,"08-Oct-2026",1639,"",""
"1151","GOCLCORP","EQ",367.6,367.6,355.25,357.6,358.5,367.85,46097,166.04,"08-Oct-2026",2517,"",""
"1152","GOCOLORS","EQ",306.15,306.15,292.2,296.9,295,306.15,42886,128.69,"08-Oct-2026",2258,"",""
"1153","GODAVARIB","EQ",225.1,228.29,217,221.02,219.99,226.24,72871,163.07,"08-Oct-2026",1969,"",""
"1154","GODFRYPHLP","EQ",1862,1866,1770,1771,1771,1862.4,284307,5122.68,"08-Oct-2026",26089,"",""
"1155","GODIGIT","EQ",264.75,266.4,260,261.45,262.1,264.75,280849,736.84,"08-Oct-2026",13863,"",""
"1156","GODREJAGRO","EQ",638,649.1,627.4,639.95,641.55,639.6,351869,2243.65,"08-Oct-2026",14767,"",""
"1157","GODREJCP","EQ",866.2,874.5,861.3,865,865,865.55,892378,7734.36,"08-Oct-2026",25296,"",""
"1158","GODREJIND","EQ",1019.1,1042.9,974.5,1002.4,995.2,1029,144753,1448.43,"08-Oct-2026",17572,"",""
"1159","GODREJPROP","EQ",1579,1580.4,1530,1534,1534,1580.2,866694,13389.63,"08-Oct-2026",69081,"",""
"1160","GOKEX","EQ",674.75,675,647.1,652.35,650,673,198105,1307.48,"08-Oct-2026",10482,"",""
"1161","GOKUL","EQ",38.52,39.04,37.21,37.8,37.5,38.97,153365,59.25,"08-Oct-2026",648,"",""
"1162","GOKULAGRO","EQ",212.99,216.6,204.4,205.54,207,212.42,182844,380.27,"08-Oct-2026",8730,"",""
"1163","GOLD1","EQ",122.7,122.7,121.91,122.19,122.26,122.3,1195878,1462.38,"08-Oct-2026",7005,"",""
"1164","GOLD360","EQ",142.15,143.65,142.15,143,143.25,142.75,4170,5.96,"08-Oct-2026",209,"",""
"1165","GOLDADD","EQ",14.24,14.28,14.19,14.22,14.21,14.24,5401057,769.17,"08-Oct-2026",6610,"",""
"1166","GOLDAXIS","EQ",122.29,122.38,121.56,121.77,121.94,121.9,397178,484.5,"08-Oct-2026",2653,"",""
"1167","GOLDBEES","EQ",121.43,121.49,120.7,120.94,121,121.08,17791469,21536.61,"08-Oct-2026",88125,"",""
"1168","GOLDBETA","EQ",123.7,123.7,122.85,123.15,123.3,123.25,584349,720.15,"08-Oct-2026",2028,"",""
"1169","GOLDBND","EQ",146.43,147.07,145.9,146.43,146.6,146.4,1448,2.12,"08-Oct-2026",163,"",""
"1170","GOLDCASE","EQ",23.15,23.15,22.98,23.01,23.04,23.05,14046361,3238.05,"08-Oct-2026",10145,"",""
"1171","GOLDENTOBC","BZ",22.84,22.85,21.72,22.08,22.01,22.85,2285,0.51,"08-Oct-2026",23,"",""
"1172","GOLDETF","EQ",142.89,142.89,142.01,142.24,142.25,142.57,757069,1078.07,"08-Oct-2026",5986,"",""
"1173","GOLDIAM","EQ",315.25,315.9,305,305.75,306.1,317,339067,1047.31,"08-Oct-2026",8064,"",""
"1174","GOLDIETF","EQ",125.55,125.9,125.09,125.32,125.39,125.44,7800446,9787.23,"08-Oct-2026",27561,"",""
"1175","GOLDSTAR","ST",10.55,10.55,10.55,10.55,10.55,11.1,236250,24.92,"08-Oct-2026",17,"",""
"1176","GOLDTECH","BE",42.21,42.21,40.8,40.8,40.8,41.4,6489,2.69,"08-Oct-2026",36,"",""
"1177","GOODLUCK","EQ",501.9,513.95,492.4,496.8,494.5,501.95,640719,3236.31,"08-Oct-2026",15271,"",""
"1178","GOODYEAR","EQ",685.05,688.85,676,677.05,678,685.05,3650,24.78,"08-Oct-2026",591,"",""
"1179","GOPAL","EQ",255.85,258.7,248.9,252.4,250,255.4,113725,286.17,"08-Oct-2026",4049,"",""
"1180","GOYALALUM","EQ",5.94,5.96,5.45,5.6,5.51,5.94,93153,5.3,"08-Oct-2026",823,"",""
"1181","GOYALSALT","SM",102,102,100,100,100,102,4200,4.23,"08-Oct-2026",7,"",""
"1182","GPECO","SM",454.95,462.35,420,423.85,428.9,454.45,24200,104.77,"08-Oct-2026",102,"",""
"1183","GPIL","EQ",215.01,215.5,204.52,205.63,205.1,214.31,1261703,2623.38,"08-Oct-2026",23732,"",""
"1184","GPPL","EQ",173.5,174.77,165.77,166.64,166.12,172.46,2201234,3727.93,"08-Oct-2026",42851,"",""
"1185","GPTHEALTH","EQ",145.03,145.61,138.15,140.12,140.5,146.34,147331,208.96,"08-Oct-2026",4110,"",""
"1186","GPTINFRA","EQ",130,130.2,120.1,121.19,121.79,130.06,474533,588.48,"08-Oct-2026",7440,"",""
"1187","GRADIENTE","BE",2.5,2.53,2.4,2.46,2.5,2.5,308363,7.53,"08-Oct-2026",200,"",""
"1188","GRANDOAK","EQ",36.3,36.4,34.02,36,36.4,34.96,1629,0.59,"08-Oct-2026",83,"",""
"1189","GRANULES","EQ",850,850,810.3,815.05,814,845.3,671015,5554.69,"08-Oct-2026",32596,"",""
"1190","GRAPHISAD","SM",22.55,23.8,22.55,23.8,23.8,24.7,2400,0.56,"08-Oct-2026",2,"",""
"1191","GRAPHITE","EQ",830.1,831,794.2,802.15,800,834.05,1148572,9261.27,"08-Oct-2026",41187,"",""
"1192","GRASIM","EQ",2909,2919.9,2853.5,2856.8,2856.8,2921.1,493070,14178.73,"08-Oct-2026",37296,"",""
"1193","GRAUWEIL","EQ",80.51,81.35,77.32,78,77.9,81.05,475568,374.42,"08-Oct-2026",3687,"",""
"1194","GRAVISSHO","BE",31,32.5,30,30.01,31,31,4080,1.23,"08-Oct-2026",31,"",""
"1195","GRAVITA","EQ",1496,1523.6,1475.1,1482.3,1484.6,1496,173491,2590.02,"08-Oct-2026",17109,"",""
"1196","GRCL","SM",572.85,572.85,550,550,550,570,750,4.18,"08-Oct-2026",3,"",""
"1197","GREAVESCOT","EQ",211.1,212.55,204.96,211.61,210.1,212,2122180,4442.42,"08-Oct-2026",31891,"",""
"1198","GREENASIA","ST",80.35,80.35,80.35,80.35,80.35,84.55,27200,21.86,"08-Oct-2026",14,"",""
"1199","GREENCHEF","SM",65.5,65.5,65,65,65,66.65,2400,1.56,"08-Oct-2026",3,"",""
"1200","GREENLAM","EQ",211.45,211.45,205.2,206.86,206.15,210.5,32345,67.21,"08-Oct-2026",1561,"",""
"1201","GREENLEAF","SM",106,109,106,109,109,108.8,5000,5.41,"08-Oct-2026",5,"",""
"1202","GREENPANEL","EQ",158,158,152.41,154.17,153.25,159.12,158414,245.14,"08-Oct-2026",3628,"",""
"1203","GREENPLY","EQ",311.6,311.6,301.25,305.7,306,310.75,108920,331.9,"08-Oct-2026",3786,"",""
"1204","GREENPOWER","EQ",8.64,8.69,8.31,8.34,8.35,8.65,2176694,183.56,"08-Oct-2026",4935,"",""
"1205","GRINDWELL","EQ",2020,2045,1984.9,2007,2039,2018.2,121957,2440.52,"08-Oct-2026",20948,"",""
"1206","GRINFRA","EQ",802.35,806.3,780,789.4,792.05,798.4,16925,134.41,"08-Oct-2026",2614,"",""
"1207","GRMOVER","EQ",80.87,82.99,77.5,79.68,80.6,81.19,1831769,1447.61,"08-Oct-2026",10444,"",""
"1208","GROBTEA","EQ",897.15,897.15,880,890.7,880,899.5,17,0.15,"08-Oct-2026",3,"",""
"1209","GROWW","EQ",197.37,198.52,189.74,192.6,193.2,197.75,21260958,41128.79,"08-Oct-2026",139872,"",""
"1210","GROWWCAPM","EQ",11.09,11.29,10.91,10.96,10.96,11.09,406149,44.75,"08-Oct-2026",991,"",""
"1211","GROWWCHEM","EQ",28.88,28.88,27.8,27.92,28.57,28.79,52477,14.75,"08-Oct-2026",607,"",""
"1212","GROWWDEFNC","EQ",92.52,92.52,89.4,89.86,90.03,92.51,313941,282.87,"08-Oct-2026",3687,"",""
"1213","GROWWEV","EQ",29.98,30.64,29.31,29.41,29.45,30.29,243634,71.97,"08-Oct-2026",2719,"",""
"1214","GROWWGOLD","EQ",14.36,14.36,14.26,14.27,14.29,14.31,957072,136.89,"08-Oct-2026",2655,"",""
"1215","GROWWHOSPI","EQ",46.93,47,45.53,45.81,46.65,46.7,360320,165.22,"08-Oct-2026",2317,"",""
"1216","GROWWLIQID","EQ",111.08,111.08,111.07,111.07,111.08,111.05,274931,305.39,"08-Oct-2026",197,"",""
"1217","GROWWLOVOL","EQ",9.96,9.96,9.58,9.61,9.67,9.76,16364,1.58,"08-Oct-2026",173,"",""
"1218","GROWWMC150","EQ",222.52,222.52,214.5,214.93,219.89,220.32,1891,4.07,"08-Oct-2026",51,"",""
"1219","GROWWMETAL","EQ",11.75,11.75,11.35,11.38,11.36,11.77,592751,68.01,"08-Oct-2026",1856,"",""
"1220","GROWWMOM50","EQ",10.7,10.73,10.45,10.54,10.64,10.7,188239,19.8,"08-Oct-2026",579,"",""
"1221","GROWWN200","EQ",10.75,10.75,10.5,10.53,10.7,10.71,102050,10.77,"08-Oct-2026",320,"",""
"1222","GROWWNET","EQ",10.11,10.34,9.94,9.99,10.05,10.28,332848,33.36,"08-Oct-2026",922,"",""
"1223","GROWWNIFTY","EQ",9.19,9.19,8.96,9.02,9.05,9.16,1607666,145.45,"08-Oct-2026",4941,"",""
"1224","GROWWNXT50","EQ",69.88,69.88,68.03,69,68.99,70.39,21846,14.99,"08-Oct-2026",175,"",""
"1225","GROWWPOWER","EQ",10.88,10.92,10.48,10.52,10.54,10.88,4375639,462.45,"08-Oct-2026",4730,"",""
"1226","GROWWPSE","EQ",94.98,94.98,90.84,91.25,92.5,93.53,7686,7.04,"08-Oct-2026",146,"",""
"1227","GROWWPSUBK","EQ",81.37,82.38,80.4,81.24,81.8,81.42,6156,4.99,"08-Oct-2026",134,"",""
"1228","GROWWRAIL","EQ",25.76,26.11,25.25,25.32,25.32,25.99,701608,178.94,"08-Oct-2026",4075,"",""
"1229","GROWWRLTY","EQ",9.21,9.21,8.8,8.87,8.95,9.21,372845,33.51,"08-Oct-2026",1073,"",""
"1230","GROWWSC250","EQ",10.57,10.57,10.11,10.16,10.17,10.36,141862,14.47,"08-Oct-2026",678,"",""
"1231","GROWWSLVR","EQ",21.44,21.45,21.06,21.11,21.13,21.41,1014039,215.2,"08-Oct-2026",2193,"",""
"1232","GRPLTD","EQ",1801,1825,1681,1728.7,1767.9,1847,8016,138.53,"08-Oct-2026",918,"",""
"1233","GRSE","EQ",2102,2105,2008.6,2014,2017,2102,516394,10556.39,"08-Oct-2026",39971,"",""
"1234","GRWRHITECH","EQ",6903.5,6998.5,6834.5,6929,6946,6903.5,34750,2408.64,"08-Oct-2026",10067,"",""
"1235","GSEC10ABSL","EQ",111.1,111.1,110.63,110.64,110.64,111.2,3,0,"08-Oct-2026",3,"",""
"1236","GSEC10IETF","EQ",261.68,261.68,258.58,258.58,258.58,259.19,1510,3.91,"08-Oct-2026",10,"",""
"1237","GSEC10YEAR","EQ",30.23,30.23,29.85,29.87,30.11,30.38,4209,1.26,"08-Oct-2026",18,"",""
"1238","GSEC5IETF","EQ",65.99,65.99,65.45,65.82,65.82,65.69,837,0.55,"08-Oct-2026",33,"",""
"1239","GSFC","EQ",149.79,150.13,146.01,146.5,146.53,149.73,745300,1100.78,"08-Oct-2026",9506,"",""
"1240","GSLSU","EQ",30.3,30.3,27.44,27.44,27.44,28.88,61808,17.39,"08-Oct-2026",555,"",""
"1241","GSMFOILS","SM",64.5,65.1,63.35,63.35,63.35,66.65,243000,155.06,"08-Oct-2026",273,"",""
"1242","GSPCROP","EQ",489,501.5,480.35,492.1,490.2,482.8,308253,1518.82,"08-Oct-2026",6290,"",""
"1243","GSPLTRANS","BE",111.75,116.8,111.75,111.75,111.75,117.63,1045573,1175.64,"08-Oct-2026",5998,"",""
"1244","GSS","EQ",10.35,10.38,10,10.23,10.26,10.22,24905,2.54,"08-Oct-2026",132,"",""
"1245","GSTL","SM",12,12,11.75,12,12,11.45,6000,0.72,"08-Oct-2026",5,"",""
"1246","GTECJAINX","EQ",35.7,35.7,34.22,35.51,35,35.69,10119,3.58,"08-Oct-2026",104,"",""
"1247","GTL","EQ",6.95,6.99,6.6,6.71,6.8,6.9,468402,31.57,"08-Oct-2026",833,"",""
"1248","GTLINFRA","EQ",1.07,1.09,1.05,1.05,1.06,1.07,22000323,234.91,"08-Oct-2026",10952,"",""
"1249","GTPL","EQ",56.2,56.2,53.62,54.56,54.6,55.92,26922,14.87,"08-Oct-2026",679,"",""
"1250","GUFICBIO","EQ",422.55,422.55,402,404.05,407,422.55,75557,308.63,"08-Oct-2026",3815,"",""
"1251","GUJALKALI","EQ",616,617,590.5,596.65,594,616,24120,145.19,"08-Oct-2026",2290,"",""
"1252","GUJAPOLLO","EQ",340.05,347.4,328.1,332,328.1,341.8,7499,25.39,"08-Oct-2026",906,"",""
"1253","GUJENERGY","EQ",228.48,229.27,219.04,219.86,219.99,228.48,2436601,5388.78,"08-Oct-2026",64910,"",""
"1254","GUJRAFFIA","EQ",43.87,46.2,42.5,43.47,43.5,42.37,13548,6.04,"08-Oct-2026",241,"",""
"1255","GUJTHEM","EQ",380.1,380.5,360.1,367.95,370,379.5,238012,872.82,"08-Oct-2026",6497,"",""
"1256","GULFOILLUB","EQ",1111.1,1111.1,1080.1,1089.3,1080.2,1118.6,42073,461.57,"08-Oct-2026",15095,"",""
"1257","GULFPETRO","BE",61.4,63,58.56,59.08,62.51,61.64,78062,46.49,"08-Oct-2026",348,"",""
"1258","GULPOLY","EQ",165.35,165.49,159.2,159.84,160.4,166.63,107005,172.04,"08-Oct-2026",1997,"",""
"1259","GURUNANAK","SM",32.7,32.7,32.5,32.5,32.5,32.7,3200,1.04,"08-Oct-2026",2,"",""
"1260","GVKPIL","BE",2.34,2.34,2.34,2.34,2.34,2.38,266024,6.22,"08-Oct-2026",365,"",""
"1261","GVPIL","EQ",717,717,648.5,656.15,660,698.15,401560,2695.68,"08-Oct-2026",20710,"",""
"1262","GVPTECH","BE",7.12,7.5,7.05,7.18,7.35,7.31,31364,2.26,"08-Oct-2026",223,"",""
"1263","GVT&D","EQ",4285.8,4285.9,4181,4200,4200,4316.3,517368,21804.48,"08-Oct-2026",57894,"",""
"1264","GYFTR","EQ",169.52,177,167.44,171.38,169.27,169.52,261249,449.88,"08-Oct-2026",10189,"",""
"1265","HAL","EQ",4756.7,4759.8,4620.5,4647.4,4647.4,4746.3,521431,24394.42,"08-Oct-2026",39062,"",""
"1266","HALDER","EQ",268,268,242.3,257.82,242.3,262.9,21882,57.36,"08-Oct-2026",411,"",""
"1267","HALDYNGL","EQ",141.78,143,137.32,140.89,140.02,140.78,80215,112.15,"08-Oct-2026",1136,"",""
"1268","HALEOSLABS","EQ",1590,1590,1550,1567.8,1574,1584.7,431,6.77,"08-Oct-2026",114,"",""
"1269","HAMPTON","EQ",8.37,8.37,8.03,8.09,8.1,8.24,4014,0.33,"08-Oct-2026",102,"",""
"1270","HAPPSTMNDS","EQ",304.6,315.6,299,300.2,300.95,304.6,1112264,3429.57,"08-Oct-2026",24585,"",""
"1271","HAPPY","SM",80,80,78.1,78.1,78.1,83,6000,4.74,"08-Oct-2026",3,"",""
"1272","HAPPYFORGE","EQ",1969.9,2003.1,1930.2,1940.9,1946.9,1934.3,73303,1436.72,"08-Oct-2026",12607,"",""
"1273","HARDWYN","EQ",9.16,9.21,9,9.13,9.03,9.17,796564,72.71,"08-Oct-2026",1028,"",""
"1274","HARIOMPIPE","EQ",340.65,341.2,326,326.55,326.05,338.15,77026,254.81,"08-Oct-2026",3485,"",""
"1275","HARRMALAYA","EQ",177.35,177.35,168.1,169.2,168.2,173.9,6138,10.42,"08-Oct-2026",204,"",""
"1276","HARSHA","EQ",461.5,463.8,435.55,442.4,443.1,460.4,186779,828.85,"08-Oct-2026",7625,"",""
"1277","HATHWAY","EQ",9.58,9.63,9,9.21,9.35,9.64,2182480,204.81,"08-Oct-2026",3699,"",""
"1278","HATSUN","EQ",1154.9,1154.9,1112,1120.7,1113,1148.1,24416,275,"08-Oct-2026",2577,"",""
"1279","HAVELLS","EQ",1060.5,1061.7,1023.2,1023.7,1023.7,1060.5,637800,6623.9,"08-Oct-2026",32550,"",""
"1280","HAVISHA","EQ",1.62,1.62,1.38,1.41,1.45,1.52,75846,1.13,"08-Oct-2026",232,"",""
"1281","HAWKINCOOK","EQ",7974,8079,7860,7979.5,7866,7973.5,843,67.06,"08-Oct-2026",345,"",""
"1282","HAZOOR","EQ",18.6,18.83,16.51,17.07,16.97,18.58,680287,118.87,"08-Oct-2026",2617,"",""
"1283","HBESD","EQ",76.68,78.55,74,74.4,74.25,77.06,17097,12.86,"08-Oct-2026",188,"",""
"1284","HBLENGINE","EQ",762.7,762.7,721.4,725.15,725.3,762.45,1321528,9710.36,"08-Oct-2026",50785,"",""
"1285","HBPOR","EQ",63.91,63.91,60,61.99,62.36,62.36,2573,1.61,"08-Oct-2026",70,"",""
"1286","HBSL","EQ",59.6,59.85,53.2,54.44,53.2,58.61,1073,0.61,"08-Oct-2026",33,"",""
"1287","HCC","EQ",19.8,19.85,18.68,18.75,18.82,19.8,21311169,4074.52,"08-Oct-2026",36093,"",""
"1288","HCG","EQ",653,662.85,635.2,638.75,643,657.6,67593,438.17,"08-Oct-2026",8430,"",""
"1289","HCL-INSYS","EQ",10.05,10.19,9.91,9.92,9.91,10.05,220010,22.02,"08-Oct-2026",778,"",""
"1290","HCLTECH","EQ",1185,1211.8,1176.9,1176.9,1176.9,1185,2500607,29867.33,"08-Oct-2026",110796,"",""
"1291","HDBFS","EQ",602.35,604,585.25,586.4,586.9,600.1,248709,1476.3,"08-Oct-2026",19042,"",""
"1292","HDFCAMC","EQ",2304,2316,2234.8,2245,2245,2314.8,970349,21951.71,"08-Oct-2026",54113,"",""
"1293","HDFCBANK","EQ",704.05,705.8,690.5,692.25,692.25,702.75,26808765,186265.82,"08-Oct-2026",406704,"",""
"1294","HDFCBSE500","EQ",36.43,36.43,34.65,34.96,34.93,35.55,897862,313.11,"08-Oct-2026",378,"",""
"1295","HDFCGOLD","EQ",125.22,125.56,124.73,125.02,125.12,125.19,2857218,3575.95,"08-Oct-2026",9221,"",""
"1296","HDFCGROWTH","EQ",108.88,109.06,107.1,108.44,107.81,108.34,31973,34.45,"08-Oct-2026",290,"",""
"1297","HDFCLIFE","EQ",545.1,549.4,542.05,544.5,544.5,546.05,2480224,13532.96,"08-Oct-2026",47786,"",""
"1298","HDFCLIQUID","EQ",1081.2,1081.22,1081.2,1081.2,1081.2,1081.05,26298,284.34,"08-Oct-2026",70,"",""
"1299","HDFCLOWVOL","EQ",19.13,19.23,18.85,19.03,19,19.2,4740,0.9,"08-Oct-2026",84,"",""
"1300","HDFCMID150","EQ",22.05,22.16,21.6,21.7,21.73,22.05,617255,134.53,"08-Oct-2026",1979,"",""
"1301","HDFCMOMENT","EQ",29.82,30.06,29.13,29.36,29.29,30.07,308112,90.84,"08-Oct-2026",17025,"",""
"1302","HDFCNEXT50","EQ",71.21,71.21,69.25,69.46,69.4,71.03,383000,266.88,"08-Oct-2026",1103,"",""
"1303","HDFCNIF100","EQ",24.5,24.5,24.08,24.13,24.19,24.55,68335,16.54,"08-Oct-2026",452,"",""
"1304","HDFCNIFBAN","EQ",56.78,56.83,56.07,56.19,56.34,56.71,210294,118.43,"08-Oct-2026",2186,"",""
"1305","HDFCNIFIT","EQ",29.95,30.29,29.51,29.56,29.54,29.61,355400,106.58,"08-Oct-2026",1824,"",""
"1306","HDFCNIFTY","EQ",248.66,259.06,248.66,251.1,250.2,255.04,367386,923.73,"08-Oct-2026",5433,"",""
"1307","HDFCNIMEG","EQ",123.33,123.33,118.05,118.94,118.63,123.33,97047,116.44,"08-Oct-2026",4079,"",""
"1308","HDFCPSUBK","EQ",80.58,82.39,79.94,80.78,81.09,81.58,44863,36.67,"08-Oct-2026",198,"",""
"1309","HDFCPVTBAN","EQ",27.69,27.69,27.32,27.42,27.53,27.75,74506,20.49,"08-Oct-2026",317,"",""
"1310","HDFCQUAL","EQ",54.79,54.98,53.95,54.02,54.24,54.96,32555,17.65,"08-Oct-2026",230,"",""
"1311","HDFCSENSEX","EQ",84.64,84.64,81.1,81.68,82.56,82.58,113251,92.62,"08-Oct-2026",1353,"",""
"1312","HDFCSILVER","EQ",208.39,209.05,205.15,205.84,205.97,208.83,2478343,5116.07,"08-Oct-2026",14407,"",""
"1313","HDFCSML250","EQ",180.59,181.48,175.8,176.41,176.7,180.77,2339240,4147.84,"08-Oct-2026",36801,"",""
"1314","HDFCVALUE","EQ",118.5,118.5,116.5,116.56,116.75,118.56,12066,14.11,"08-Oct-2026",194,"",""
"1315","HDIL","BZ",1.47,1.47,1.41,1.43,1.46,1.43,143965,2.08,"08-Oct-2026",143,"",""
"1316","HEADSUP","EQ",6.44,6.79,6.38,6.49,6.5,6.33,11310,0.74,"08-Oct-2026",191,"",""
"1317","HEALTHADD","EQ",16.32,16.32,15.83,15.84,15.91,16.32,100713,16.01,"08-Oct-2026",268,"",""
"1318","HEALTHAXIS","EQ",160.9,164.2,159.4,160,159.4,162.95,5238,8.44,"08-Oct-2026",109,"",""
"1319","HEALTHCARE","EQ",21.46,21.46,20.47,20.5,20.52,21.04,51033,10.53,"08-Oct-2026",382,"",""
"1320","HEALTHIETF","EQ",164.41,165.32,160.09,160.49,160.6,164.41,136809,221.19,"08-Oct-2026",3666,"",""
"1321","HEALTHX","EQ",288.95,317,288.95,292.9,293,284.15,60830,184.97,"08-Oct-2026",1881,"",""
"1322","HEALTHY","EQ",16.49,17,16.11,16.16,16.23,16.49,308216,50.24,"08-Oct-2026",1368,"",""
"1323","HECPROJECT","EQ",111.63,113.95,109.03,110.66,110.5,112.19,3746,4.16,"08-Oct-2026",82,"",""
"1324","HEGAM","EQ",248.21,248.22,236.1,237.17,237.8,246.99,955261,2289.58,"08-Oct-2026",22584,"",""
"1325","HEIDELBERG","EQ",127.1,127.11,125,125.48,125.3,127.49,152306,191.56,"08-Oct-2026",3493,"",""
"1326","HEMIPROP","EQ",113,113.4,108.62,109.24,109.65,112.87,273782,301.6,"08-Oct-2026",3493,"",""
"1327","HERANBA","EQ",170,170.61,161,162.05,161.2,169.27,62832,102.9,"08-Oct-2026",2395,"",""
"1328","HERITGFOOD","EQ",399.65,401.95,380.5,383.75,383.5,398.75,266260,1040.73,"08-Oct-2026",9003,"",""
"1329","HEROMOTOCO","EQ",4991.5,4991.5,4840.5,4856.5,4856.5,5004,490628,24033.29,"08-Oct-2026",55876,"",""
"1330","HEROMOTORS","EQ",171.02,171.54,161.51,164.35,163.6,170.84,22992210,38058.04,"08-Oct-2026",144125,"",""
"1331","HESTERBIO","EQ",2167.1,2174.9,2051,2069.9,2055.3,2167.2,2614,54.59,"08-Oct-2026",440,"",""
"1332","HEXAGON","BE",72.3,72.8,68.38,68.59,68.55,71.97,301712,210.47,"08-Oct-2026",1109,"",""
"1333","HEXATRADEX","EQ",159.49,159.49,154.08,155.1,156.8,157.01,1879,2.95,"08-Oct-2026",60,"",""
"1334","HEXT","EQ",503.1,519.9,503,511.4,513.05,505.5,360274,1847.58,"08-Oct-2026",19109,"",""
"1335","HFCL","BE",269,270,258.31,258.31,258.31,271.9,6335883,16611.43,"08-Oct-2026",52268,"",""
"1336","HGINFRA","EQ",416,416,400.15,403,400.15,416.15,77560,315.03,"08-Oct-2026",5093,"",""
"1337","HGM","EQ",39.99,39.99,39.4,39.83,39.83,40.05,318,0.13,"08-Oct-2026",19,"",""
"1338","HGS","EQ",360,364.45,357.2,358.95,359.25,363,7434,26.74,"08-Oct-2026",794,"",""
"1339","HIGREEN","SM",115.45,119.8,115.3,119.35,119.8,117.05,14400,16.95,"08-Oct-2026",15,"",""
"1340","HIKAL","EQ",226,226,211.1,212.21,212.5,225.24,509857,1097.24,"08-Oct-2026",16727,"",""
"1341","HILINFRA","EQ",48,48.45,46.24,47.69,47.77,47.6,254499,120.37,"08-Oct-2026",3134,"",""
"1342","HILTON","EQ",16.88,16.95,16.2,16.34,16.4,16.58,67908,11.19,"08-Oct-2026",325,"",""
"1343","HIMALAYAN","ST",73.5,76.8,73,76.8,76.8,76.8,52800,38.9,"08-Oct-2026",34,"",""
"1344","HIMATSEIDE","EQ",63.49,63.66,59.9,60.32,60.25,63.22,660832,404.47,"08-Oct-2026",5886,"",""
"1345","HINDADH","EQ",373,389.6,373,386.75,387.95,384.8,6339,24.47,"08-Oct-2026",60,"",""
"1346","HINDALCO","EQ",910,910.85,886.5,890.15,890.15,910.85,3807802,34048.88,"08-Oct-2026",97514,"",""
"1347","HINDALUMI","EQ",92.5,92.75,89.5,89.9,90.56,89.99,833,0.75,"08-Oct-2026",74,"",""
"1348","HINDCOMPOS","EQ",404.1,425,404.1,417,414,403.75,61165,253.71,"08-Oct-2026",2305,"",""
"1349","HINDCON","BE",27.14,29.98,27.14,29.95,29.95,28.56,259024,72.7,"08-Oct-2026",1018,"",""
"1350","HINDCOPPER","EQ",482,485.85,465,467.5,466.9,479.95,3671010,17438.78,"08-Oct-2026",65472,"",""
"1351","HINDOILEXP","EQ",171.01,174.99,167.55,169.4,169.75,171.88,532758,902.56,"08-Oct-2026",6385,"",""
"1352","HINDPETRO","EQ",342.5,342.75,326.05,326.6,326.6,343.15,12074362,40013.49,"08-Oct-2026",120177,"",""
"1353","HINDUNILVR","EQ",1860,1872,1837.2,1844.5,1844.5,1865.4,2027849,37520.19,"08-Oct-2026",145223,"",""
"1354","HINDWAREAP","EQ",170.19,171.88,168.75,169.01,168.75,170.19,102703,174.14,"08-Oct-2026",1483,"",""
"1355","HINDZINC","EQ",554,554,530.75,531.75,531.75,551,2064026,11133.75,"08-Oct-2026",38612,"",""
"1356","HIRECT","EQ",1119,1158.8,1090,1096.1,1109,1113.9,48780,548.89,"08-Oct-2026",4743,"",""
"1357","HISARMETAL","EQ",145.1,149,144,144.26,144,145.1,395,0.57,"08-Oct-2026",30,"",""
"1358","HITECH","EQ",73.9,74.2,70.2,70.8,70.5,73.9,540818,389.37,"08-Oct-2026",7236,"",""
"1359","HITECHCORP","BE",350.1,354.3,348,350.55,350,349.1,60899,214.08,"08-Oct-2026",296,"",""
"1360","HITECHGEAR","BE",565.5,581.3,561,562.05,562.05,565,3009,17.13,"08-Oct-2026",69,"",""
"1361","HLEGLAS","EQ",476,476,446,446,446,469.45,129147,583.12,"08-Oct-2026",4073,"",""
"1362","HLVLTD","EQ",6.12,6.2,6,6.06,6.1,6.12,265897,16.14,"08-Oct-2026",570,"",""
"1363","HMAAGRO","EQ",24.91,25.25,23.5,23.62,23.59,24.91,1306967,315.46,"08-Oct-2026",3460,"",""
"1364","HMT","BZ",57.85,58,54.61,56.02,56.74,57.25,20434,11.49,"08-Oct-2026",113,"",""
"1365","HMVL","BE",73.85,76.75,71.43,75.96,76.75,75.18,36513,27.03,"08-Oct-2026",215,"",""
"1366","HNDFDS","EQ",583.95,583.95,564,572.6,580,580.4,70895,406.54,"08-Oct-2026",4063,"",""
"1367","HNGSNGBEES","EQ",464.5,464.5,455,455.65,455.5,463.23,101779,464.63,"08-Oct-2026",4040,"",""
"1368","HOACFOODS","ST",967.55,967.55,967.55,967.55,967.55,948.6,1125,10.88,"08-Oct-2026",2,"",""
"1369","HOLMARC","SM",124.5,124.5,120,122,122,131.05,13500,16.42,"08-Oct-2026",10,"",""
"1370","HOMEFIRST","EQ",1086.2,1087,1054,1071.9,1079,1087.9,119792,1280.55,"08-Oct-2026",16115,"",""
"1371","HOMESFY","SM",127.65,128,127.65,128,128,127.65,600,0.77,"08-Oct-2026",2,"",""
"1372","HONASA","EQ",477,483.5,465,467.5,468.45,477.05,710408,3362.14,"08-Oct-2026",28638,"",""
"1373","HONAUT","EQ",33630,33635,32180,32465,32500,33345,3344,1089.52,"08-Oct-2026",1833,"",""
"1374","HONDAPOWER","EQ",1871.4,1891.4,1830,1839.8,1848,1871.4,2567,47.51,"08-Oct-2026",556,"",""
"1375","HORIZONIND","EQ",50,50.05,48.18,48.47,48.7,50.15,2433872,1193.96,"08-Oct-2026",11868,"",""
"1376","HPAL","EQ",34.62,35.18,32.16,33.5,33.64,34.62,106645,36.19,"08-Oct-2026",878,"",""
"1377","HPIL","EQ",114.1,118.59,113.5,116.48,116.48,116.49,1348,1.57,"08-Oct-2026",24,"",""
"1378","HPL","EQ",266,267.1,255,256.45,257.5,266.3,107096,277.36,"08-Oct-2026",4441,"",""
"1379","HPTL","ST",451.3,451.3,435,435,435,451.3,2400,10.73,"08-Oct-2026",4,"",""
"1380","HRYNSHP","EQ",94.19,96,92.5,96,96,94.1,805,0.76,"08-Oct-2026",47,"",""
"1381","HSBCGOLD","EQ",129,129.8,127.1,127.45,127.13,127.56,1602,2.04,"08-Oct-2026",53,"",""
"1382","HSCL","EQ",675.55,675.55,657.95,660.05,660.2,672.95,1268759,8396.48,"08-Oct-2026",21904,"",""
"1383","HTEL","EQ",90.6,103.72,90.16,97.27,94.01,87.94,47580825,46400.6,"08-Oct-2026",330315,"",""
"1384","HTMEDIA","EQ",22.65,22.7,21.81,22.06,21.9,22.59,83706,18.42,"08-Oct-2026",438,"",""
"1385","HUBTOWN","EQ",164.68,165.79,154,155.13,155.98,164.52,647056,1025.63,"08-Oct-2026",7551,"",""
"1386","HUDCO","EQ",161.5,161.9,156.4,156.99,157.25,161.79,3282320,5197.53,"08-Oct-2026",46674,"",""
"1387","HUHTAMAKI","EQ",230.2,232.2,223.05,225.67,227.4,231.19,99538,225.15,"08-Oct-2026",3925,"",""
"1388","HVAX","SM",720,720,700,705,705,716,1950,13.78,"08-Oct-2026",6,"",""
"1389","HYBRIDETF","EQ",9.81,9.81,9.65,9.67,9.69,9.84,104213,10.14,"08-Oct-2026",100,"",""
"1390","HYBRIDFIN","EQ",17.6,18.4,17.2,17.81,17.2,17.84,8407,1.5,"08-Oct-2026",60,"",""
"1391","HYUNDAI","EQ",1940,1946.1,1905.6,1915,1915,1945,336709,6476.31,"08-Oct-2026",27089,"",""
"1392","IBLFL","SM",61,64.45,59.8,62.15,64.45,62.9,16000,9.84,"08-Oct-2026",7,"",""
"1393","IBULLSLTD","EQ",34.4,38.89,32.78,34.88,35,32.49,80328946,27978.97,"08-Oct-2026",200725,"",""
"1394","ICDSLTD","BE",45.9,45.9,43.42,43.48,43.48,45.68,382,0.17,"08-Oct-2026",12,"",""
"1395","ICELCO","SM",117,119,115,117.65,118,119.5,122400,141.27,"08-Oct-2026",27,"",""
"1396","ICEMAKE","EQ",673.35,688.9,642.2,660.25,653.95,673.35,45004,303.31,"08-Oct-2026",3385,"",""
"1397","ICICIAMC","EQ",3055,3099.9,2982,3066.4,3055.1,3058.5,562837,17124.91,"08-Oct-2026",42347,"",""
"1398","ICICIB22","EQ",109.27,109.27,106.25,106.52,106.91,108.86,243725,260.83,"08-Oct-2026",4336,"",""
"1399","ICICIBANK","EQ",1350,1360.8,1340,1349,1349,1357.5,11277755,152240.53,"08-Oct-2026",226735,"",""
"1400","ICICIGI","EQ",1591,1628.6,1589.3,1624,1624,1590,896637,14515.95,"08-Oct-2026",33154,"",""
"1401","ICICIPRULI","EQ",458,458.05,448.75,457,457,457.5,1477630,6678.08,"08-Oct-2026",58298,"",""
"1402","ICIL","EQ",470,470,443.25,449,447.5,471.1,374799,1712.8,"08-Oct-2026",17723,"",""
"1403","ICRA","EQ",4346.3,4373.3,4295,4299.4,4309,4346.3,18820,815.65,"08-Oct-2026",4260,"",""
"1404","IDBI","EQ",85.67,85.9,82.81,83.18,83,85.67,3762899,3165.44,"08-Oct-2026",20731,"",""
"1405","IDEA","EQ",13.17,13.29,12.8,12.8,12.8,13.18,296467874,38467.99,"08-Oct-2026",522112,"",""
"1406","IDEAFORGE","EQ",701.1,707.75,662.45,669.2,674,700,269320,1826.43,"08-Oct-2026",15561,"",""
"1407","IDENTICAL","SM",17.5,18.5,17.5,18.5,18.5,18.75,4000,0.72,"08-Oct-2026",2,"",""
"1408","IDFCFIRSTB","EQ",79.49,79.49,78.01,78.46,78.46,79.54,17426267,13713.06,"08-Oct-2026",76236,"",""
"1409","IDFNIFTYET","EQ",249.45,250,245.25,248.66,250,250.44,945,2.34,"08-Oct-2026",53,"",""
"1410","IEML","ST",42.8,44.15,42.75,42.75,42.75,45,71000,30.39,"08-Oct-2026",66,"",""
"1411","IEX","EQ",105.71,106.33,103.5,103.75,103.75,105.85,3581560,3748.82,"08-Oct-2026",38357,"",""
"1412","IFBAGRO","EQ",870,880.05,846.45,866.95,852.2,875.35,5637,48.89,"08-Oct-2026",615,"",""
"1413","IFBIND","EQ",1222,1222,1180.5,1186.8,1194,1216,16892,201.87,"08-Oct-2026",2027,"",""
"1414","IFCI","EQ",64,69.8,63.3,66.43,66.09,64.03,216192035,146173.16,"08-Oct-2026",482054,"",""
"1415","IFGLEXPOR","EQ",183.9,184.49,177.2,179.72,178,183.05,23061,41.66,"08-Oct-2026",1302,"",""
"1416","IGARASHI","EQ",402,402.05,391.2,393.1,394.45,403.45,37801,149.5,"08-Oct-2026",1982,"",""
"1417","IGCL","EQ",59.29,59.29,55.5,55.61,55.5,57.75,311278,173.29,"08-Oct-2026",1347,"",""
"1418","IGIL","EQ",318.7,319.45,305.6,307.05,307.25,317.05,415597,1285.83,"08-Oct-2026",13659,"",""
"1419","IGL","EQ",145,146.69,140.1,142.03,141.16,146.35,1860599,2675.36,"08-Oct-2026",26221,"",""
"1420","IGPL","EQ",588,593.4,565.1,568.4,570,586.25,81670,473.09,"08-Oct-2026",3159,"",""
"1421","IIFL","EQ",591.4,592.3,566.3,579.15,581.35,588.55,1555838,8964.8,"08-Oct-2026",49754,"",""
"1422","IIFLCAPS","EQ",346,347.8,343.5,344.2,344.1,346.85,414332,1427.14,"08-Oct-2026",7344,"",""
"1423","IITL","EQ",130.34,132.79,127.01,128.19,131,130.75,97976,127.74,"08-Oct-2026",980,"",""
"1424","IKIO","EQ",192,192.98,180,181.05,180.7,191.05,210057,386.53,"08-Oct-2026",4795,"",""
"1425","IKS","EQ",1745,1791.6,1742.2,1751.1,1751,1737.4,236677,4178.12,"08-Oct-2026",25706,"",""
"1426","IL&FSENGG","BZ",39.5,40.05,38.57,38.57,38.57,40.6,12363,4.82,"08-Oct-2026",37,"",""
"1427","IL&FSTRANS","BZ",2,2.07,1.94,2.05,2.01,1.98,65927,1.34,"08-Oct-2026",101,"",""
"1428","IMAGICAA","EQ",49.08,49.08,46.75,47.11,47.5,48.72,525695,249.83,"08-Oct-2026",4459,"",""
"1429","IMFA","EQ",1183,1184.8,1139.9,1165.1,1158.5,1186.8,94157,1091.75,"08-Oct-2026",8017,"",""
"1430","IMPAL","EQ",1005,1010,994,996.5,994.1,1000.2,2072,20.75,"08-Oct-2026",275,"",""
"1431","INA","EQ",82.05,83.37,79,79.73,79.49,82,633313,506.62,"08-Oct-2026",6037,"",""
"1432","INCREDIBLE","EQ",31.3,32,29.62,30,30,31.47,23312,7.12,"08-Oct-2026",491,"",""
"1433","INDBANK","EQ",26.75,26.76,25.02,25.14,25.02,26.11,56275,14.45,"08-Oct-2026",839,"",""
"1434","INDGN","EQ",607.1,609.85,580,586.15,585.75,607.1,303851,1803.12,"08-Oct-2026",19698,"",""
"1435","INDHOTEL","EQ",731,732.25,710.3,711.65,711.65,731.3,2320806,16646.95,"08-Oct-2026",68392,"",""
"1436","INDIACEM","EQ",302.3,302.3,291,294.6,293.5,303.05,1138184,3372.21,"08-Oct-2026",15488,"",""
"1437","INDIAGLYCO","EQ",399,399,351.8,356.9,353.8,382.7,2966275,10957.99,"08-Oct-2026",70975,"",""
"1438","INDIAMART","EQ",1605.3,1607,1575,1602.7,1600.2,1605.3,71691,1142.49,"08-Oct-2026",13939,"",""
"1439","INDIANB","EQ",830.9,832,807.8,807.8,807.8,828.3,2115065,17316.31,"08-Oct-2026",46755,"",""
"1440","INDIANCARD","EQ",186.98,186.98,179,180.95,181.75,186.99,598,1.09,"08-Oct-2026",77,"",""
"1441","INDIANHUME","EQ",350,352.1,337,338.8,338.05,355.45,26750,91.69,"08-Oct-2026",1757,"",""
"1442","INDIASHLTR","EQ",630,650,630,643.5,642.7,633.85,71079,456.67,"08-Oct-2026",5697,"",""
"1443","INDIFRA","SM",11.65,11.65,11.65,11.65,11.65,11.1,4000,0.47,"08-Oct-2026",2,"",""
"1444","INDIGO","EQ",4975,4983.7,4782.2,4813.1,4813.1,4990,748671,36246.61,"08-Oct-2026",84320,"",""
"1445","INDIGOPNTS","EQ",1053.8,1071,1033,1035.7,1036.9,1060.2,59869,628.52,"08-Oct-2026",10635,"",""
"1446","INDIGRID","IV",169.78,169.78,166.99,167.58,167.45,168.96,1038910,1746.89,"08-Oct-2026",20845,"",""
"1447","INDIQUBE","EQ",192.51,199,190,191.89,192.2,194.57,36199,70.15,"08-Oct-2026",802,"",""
"1448","INDNIPPON","EQ",1231.4,1232.5,1169,1187.4,1195,1231.4,45280,539.04,"08-Oct-2026",5261,"",""
"1449","INDOAMIN","EQ",159.5,160.49,148.35,151.7,150.8,157.97,511210,789.05,"08-Oct-2026",8276,"",""
"1450","INDOBORAX","EQ",480.9,507.95,471.55,482.2,476,480.9,294787,1450.98,"08-Oct-2026",10883,"",""
"1451","INDOCO","EQ",248.85,248.85,235.1,236.9,236.9,246.55,139829,334.63,"08-Oct-2026",5286,"",""
"1452","INDOFARM","EQ",140.1,140.99,133.25,134.66,135.15,139.92,88097,119.8,"08-Oct-2026",2136,"",""
"1453","INDOKEM","EQ",600,697.1,600,692.8,697.1,580.95,587044,3957.45,"08-Oct-2026",16719,"",""
"1454","INDOMIM","EQ",1369,1374.4,1231.3,1238.6,1248.9,1359.9,2412867,30445.75,"08-Oct-2026",129029,"",""
"1455","INDORAMA","EQ",96.9,96.9,86.4,88.1,88,95.99,917283,826.78,"08-Oct-2026",10227,"",""
"1456","INDOSTAR","EQ",201.59,201.59,187.07,196.6,194.1,200.12,467933,908.07,"08-Oct-2026",7384,"",""
"1457","INDOTECH","EQ",3310,3373.2,3120,3148.8,3155,3323.3,25774,822.62,"08-Oct-2026",4041,"",""
"1458","INDOTHAI","EQ",42.68,42.68,38.68,38.68,38.68,40.71,1688109,674.73,"08-Oct-2026",5101,"",""
"1459","INDOUS","EQ",74.7,76.29,71.99,72.75,72.9,74.93,7922,5.86,"08-Oct-2026",788,"",""
"1460","INDOWIND","EQ",8.66,8.73,8.25,8.39,8.49,8.58,144689,12.19,"08-Oct-2026",673,"",""
"1461","INDPRUD","EQ",6250,6300,6225,6300,6300,6305,54,3.37,"08-Oct-2026",6,"",""
"1462","INDRAMEDCO","EQ",329.4,332.25,317.15,319.9,320.4,329.4,591365,1894.44,"08-Oct-2026",12173,"",""
"1463","INDSWFTLAB","EQ",391.5,394.15,359.35,366.1,363.4,391.1,820418,3048.46,"08-Oct-2026",19742,"",""
"1464","INDTERRAIN","EQ",29.61,29.61,29.15,29.15,29.16,29.22,12023,3.51,"08-Oct-2026",99,"",""
"1465","INDUSINDBK","EQ",876,877.95,857,864,864,874.9,1682277,14553.33,"08-Oct-2026",68710,"",""
"1466","INDUSINVIT","IV",132,132,128.21,128.5,128.5,131.01,304079,391.82,"08-Oct-2026",15775,"",""
"1467","INDUSTOWER","EQ",385.05,388.95,372.05,373,373,385.05,2309118,8744.58,"08-Oct-2026",35068,"",""
"1468","INFINIUM","ST",305.45,316.8,305.45,313,313,305.5,3500,10.84,"08-Oct-2026",6,"",""
"1469","INFLUX","SM",270,272.35,260,260.1,260.1,274.3,35400,94.44,"08-Oct-2026",55,"",""
"1470","INFOBEAN","EQ",147.2,153.36,144.9,146.17,149,147.24,221690,328.21,"08-Oct-2026",4622,"",""
"1471","INFOLLION","SM",162.8,172,160,170,170,162.8,14400,24.15,"08-Oct-2026",24,"",""
"1472","INFOMEDIA","EQ",5.43,5.49,5.18,5.45,5.48,5.41,11598,0.63,"08-Oct-2026",89,"",""
"1473","INFRA","EQ",11.44,11.44,11.13,11.15,11.15,11.47,81796,9.15,"08-Oct-2026",356,"",""
"1474","INFRABEES","EQ",905.74,907.85,879.22,881.81,885,905.74,16151,142.97,"08-Oct-2026",1144,"",""
"1475","INFRAIETF","EQ",89.11,90.68,87.22,87.61,87.94,89.87,129588,114.21,"08-Oct-2026",5679,"",""
"1476","INFY","EQ",1002,1012.65,992.9,997,997,992,14847874,148830.07,"08-Oct-2026",196492,"",""
"1477","INGERRAND","EQ",4115.3,4121.5,3982.1,4001.2,3989,4115.3,7994,324.2,"08-Oct-2026",2349,"",""
"1478","INM","SM",135,135,133,134,133,138.05,3600,4.82,"08-Oct-2026",3,"",""
"1479","INNOMET","ST",273.15,273.15,259.5,259.55,259.5,273.15,37200,97.53,"08-Oct-2026",48,"",""
"1480","INNOVACAP","EQ",1172,1172,1125,1129.5,1127,1166.2,39665,452.4,"08-Oct-2026",5790,"",""
"1481","INNOVANA","EQ",287.45,290.75,278.35,283.2,289.65,289.9,25642,73.36,"08-Oct-2026",723,"",""
"1482","INNOVISION","EQ",256,257.95,252.05,252.85,253.3,256,13968,35.63,"08-Oct-2026",455,"",""
"1483","INOXGREEN","EQ",135.17,135.17,108.7,115.08,116,135.87,43594723,49448.27,"08-Oct-2026",189353,"",""
"1484","INOXINDIA","EQ",2081.8,2081.8,2016.1,2039.3,2034,2082,150616,3079.73,"08-Oct-2026",26147,"",""
"1485","INOXWIND","EQ",67.1,67.4,62.43,62.43,62.43,67.1,21894766,14030.1,"08-Oct-2026",74895,"",""
"1486","INSECTICID","EQ",581.3,586.6,569,571.5,573.1,586.6,8344,48.26,"08-Oct-2026",729,"",""
"1487","INSPIRE","SM",10.85,10.85,10.85,10.85,10.85,10.35,8000,0.87,"08-Oct-2026",4,"",""
"1488","INSPIRISYS","EQ",84.1,85.99,81.6,84.39,85.98,83.74,2145,1.79,"08-Oct-2026",64,"",""
"1489","INSURADD","EQ",14.57,16.07,14.45,14.45,15.19,14.61,14897,2.17,"08-Oct-2026",31,"",""
"1490","INSUREIETF","EQ",14.65,14.74,14.46,14.48,14.51,14.68,885702,128.38,"08-Oct-2026",348,"",""
"1491","INTEGRITY","SM",191,191,191,191,191,191.5,1200,2.29,"08-Oct-2026",1,"",""
"1492","INTELLECT","EQ",591.35,603,564.05,567.35,566.5,591.35,467950,2704.89,"08-Oct-2026",28119,"",""
"1493","INTENTECH","EQ",82.49,84.14,79.29,82.44,82.05,80.92,14822,12.15,"08-Oct-2026",259,"",""
"1494","INTERARCH","EQ",1702,1712.9,1664.4,1694.4,1683,1700.9,68792,1164.59,"08-Oct-2026",8760,"",""
"1495","INTERNET","EQ",13.2,14.37,13.2,13.43,13.43,13.86,437423,59.46,"08-Oct-2026",408,"",""
"1496","INTLCONV","EQ",80.99,80.99,78,79.14,78.01,80.17,93149,74.39,"08-Oct-2026",863,"",""
"1497","INVENTURE","EQ",0.83,0.84,0.81,0.81,0.83,0.83,982151,8.1,"08-Oct-2026",359,"",""
"1498","INVPRECQ","BE",1600,1600,1514.8,1528.9,1549,1594.5,7202,110.8,"08-Oct-2026",256,"",""
"1499","IOB","EQ",31.03,31.19,30.4,30.48,30.45,31.03,1864731,574.03,"08-Oct-2026",16086,"",""
"1500","IOC","EQ",130.3,130.31,125.27,126.25,126.25,130,12167724,15460.29,"08-Oct-2026",115276,"",""
"1501","IOLCP","EQ",220.41,220.98,203.1,205.55,205.9,220.22,4159908,8755.81,"08-Oct-2026",51225,"",""
"1502","IONEXCHANG","EQ",402,402,388.3,392.15,393,402.4,209927,823.69,"08-Oct-2026",17501,"",""
"1503","IPCALAB","EQ",1940.9,1965.4,1923,1938.4,1925.1,1938.5,320842,6238.83,"08-Oct-2026",23561,"",""
"1504","IPHL","SM",67,71.95,67,68.8,68.8,70,22800,15.81,"08-Oct-2026",18,"",""
"1505","IPL","EQ",130.65,131.89,128.16,130.03,130,130.39,114837,148.46,"08-Oct-2026",2169,"",""
"1506","IPRINGLTD","EQ",143,143,138.2,138.23,138.2,144.94,495,0.69,"08-Oct-2026",23,"",""
"1507","IPSL","SM",187.1,210,187.1,204.95,210,204.9,2000,3.92,"08-Oct-2026",3,"",""
"1508","IRB","EQ",17.41,17.89,17.3,17.53,17.47,17.44,17723493,3116.35,"08-Oct-2026",26924,"",""
"1509","IRBINVIT","IV",63.86,63.94,63.6,63.77,63.7,63.85,341699,218.01,"08-Oct-2026",3428,"",""
"1510","IRCON","EQ",106.65,107.11,103,103.29,103.49,106.66,2132989,2230.9,"08-Oct-2026",32469,"",""
"1511","IRCTC","EQ",453.95,457.25,448,449.85,449.2,453.65,815679,3685.67,"08-Oct-2026",39293,"",""
"1512","IREDA","EQ",107.5,107.94,103.41,103.8,103.8,107.33,5964182,6287.71,"08-Oct-2026",46047,"",""
"1513","IRFC","EQ",76.24,76.29,74.12,74.3,74.3,76.15,9189122,6911.75,"08-Oct-2026",56933,"",""
"1514","IRIS","EQ",222.06,229.5,211,212.68,211,223.23,32848,70.94,"08-Oct-2026",771,"",""
"1515","IRISDOREME","EQ",60,60.84,57.34,58.71,58.16,59.26,313792,183.63,"08-Oct-2026",2833,"",""
"1516","IRMENERGY","EQ",265,272.65,254.3,256,255.1,263,123708,323.69,"08-Oct-2026",4792,"",""
"1517","ISFT","BE",99.49,100,95.2,98.35,97,99.49,23584,23.25,"08-Oct-2026",126,"",""
"1518","ISGEC","EQ",901.75,931.05,886.1,918.4,924.3,901.75,231042,2121.94,"08-Oct-2026",14386,"",""
"1519","ISHANCH","EQ",46.17,47.52,45.5,46.44,45.51,47.08,6797,3.14,"08-Oct-2026",145,"",""
"1520","ISTLTD","EQ",630,630,613,628.25,614.1,638.45,246,1.54,"08-Oct-2026",21,"",""
"1521","IT","EQ",31.35,31.58,30.65,30.76,30.99,30.74,292143,91.1,"08-Oct-2026",984,"",""
"1522","ITADD","EQ",29.99,30.08,29.44,29.53,29.66,29.58,32299,9.6,"08-Oct-2026",98,"",""
"1523","ITALIANE","SM",28.2,28.2,28,28,28,28.2,8000,2.24,"08-Oct-2026",4,"",""
"1524","ITAXIS","EQ",309.01,312.8,305.35,310.38,312,306.14,56833,175.63,"08-Oct-2026",81,"",""
"1525","ITBEES","EQ",30.94,31.5,30.72,30.8,30.89,30.9,9049333,2818.71,"08-Oct-2026",14280,"",""
"1526","ITBETA","EQ",297.15,298,290.86,291.6,290.86,291.72,73,0.22,"08-Oct-2026",12,"",""
"1527","ITC","EQ",264,264.65,253.15,255,255,265.7,53680318,137936.62,"08-Oct-2026",386129,"",""
"1528","ITCHOTELS","EQ",159,159.1,153.22,154.63,154.5,159.17,1255360,1962.34,"08-Oct-2026",21804,"",""
"1529","ITDC","EQ",677,677,652,661.55,657,671.75,70280,465.24,"08-Oct-2026",5785,"",""
"1530","ITETF","EQ",29.63,30.1,29.33,29.4,29.38,29.48,709878,210.74,"08-Oct-2026",843,"",""
"1531","ITI","EQ",245.25,245.39,236.15,237.18,236.97,245.84,121820,292.06,"08-Oct-2026",5699,"",""
"1532","ITIETF","EQ",31.2,31.55,30.73,30.79,30.75,30.91,769719,239.78,"08-Oct-2026",1342,"",""
"1533","ITL","EQ",373.95,379,362.55,364.85,369,372.8,6804,24.84,"08-Oct-2026",73,"",""
"1534","ITTL","ST",63.1,63.1,60.7,60.7,60.7,61.9,210,0.13,"08-Oct-2026",2,"",""
"1535","IVALUE","EQ",233.4,240.5,226.1,227.52,226.1,232.04,269787,635.63,"08-Oct-2026",6379,"",""
"1536","IVC","EQ",7.98,7.98,7.85,7.87,7.85,7.95,92979,7.36,"08-Oct-2026",745,"",""
"1537","IVP","BE",228.9,228.9,218.81,220.34,221,227.25,23800,52.7,"08-Oct-2026",193,"",""
"1538","IVZBANKNF","EQ",55.21,57.2,54.23,54.6,54.6,55.21,811,0.45,"08-Oct-2026",21,"",""
"1539","IVZINGOLD","EQ",127.7,128.1,127.2,127.75,127.65,127.7,113134,144.43,"08-Oct-2026",563,"",""
"1540","IVZINNIFTY","EQ",255.05,260,255.05,256.56,256.6,261.59,1342,3.44,"08-Oct-2026",56,"",""
"1541","IVZSENSEX","EQ",72.87,73.74,71.55,71.86,71.55,74.74,5775,4.16,"08-Oct-2026",58,"",""
"1542","IWARE","ST",371.65,371.65,360,360.05,360.05,370.5,10200,37.19,"08-Oct-2026",17,"",""
"1543","IWP","EQ",37.79,37.79,35.6,36.02,36.8,37.1,9564,3.47,"08-Oct-2026",104,"",""
"1544","IXIGO","EQ",158.7,159.44,151.5,153.96,154.29,158.27,2051064,3150.86,"08-Oct-2026",37968,"",""
"1545","IZMO","EQ",899.9,928.8,852.7,861.4,864,889.95,233706,2061.09,"08-Oct-2026",14128,"",""
"1546","J&KBANK","EQ",139.89,140.25,135.02,135.5,135.15,139.4,1889831,2594.43,"08-Oct-2026",35643,"",""
"1547","JAGRAN","EQ",62,62.3,61.1,61.42,61.5,62.05,172303,106.01,"08-Oct-2026",2234,"",""
"1548","JAGSNPHARM","EQ",236.9,237.79,228.81,231.7,229.05,235.4,49600,114.99,"08-Oct-2026",2236,"",""
"1549","JAIBALAJI","EQ",69.5,70,66.3,68.61,68.05,67.37,2662623,1822.98,"08-Oct-2026",11935,"",""
"1550","JAICORPLTD","EQ",89.61,90.39,84.58,86.52,86.46,90.9,1224849,1058.68,"08-Oct-2026",16549,"",""
"1551","JAINIK","ST",188,188,188,188,188,190,1200,2.26,"08-Oct-2026",1,"",""
"1552","JAINREC","EQ",295.15,296,279.15,281.05,280.7,295.15,839305,2394,"08-Oct-2026",19742,"",""
"1553","JAIPURKURT","EQ",29,34.2,28.99,32.4,32.39,28.5,1003604,331.8,"08-Oct-2026",5175,"",""
"1554","JALAN","ST",1.55,1.6,1.55,1.6,1.6,1.6,6000,0.09,"08-Oct-2026",2,"",""
"1555","JAMNAAUTO","EQ",151.05,151.99,145.11,147.95,146.58,151.77,4686358,6937.05,"08-Oct-2026",57080,"",""
"1556","JARO","EQ",415,416.25,402,404,403.3,414.4,51372,209.83,"08-Oct-2026",1944,"",""
"1557","JASH","EQ",592.6,592.6,563,565.85,568,586.15,212196,1211.23,"08-Oct-2026",10138,"",""
"1558","JAYAGROGN","EQ",214.2,216.59,208.16,208.96,209.5,213,10667,22.44,"08-Oct-2026",400,"",""
"1559","JAYBARMARU","EQ",136.2,138.3,125.35,128,128.1,132.78,888803,1149.85,"08-Oct-2026",12020,"",""
"1560","JAYBEE","SM",91.35,91.35,85,87,86.5,89.55,47000,40.97,"08-Oct-2026",81,"",""
"1561","JAYESH","SM",127,136,127,131,134,127.45,35000,46.61,"08-Oct-2026",22,"",""
"1562","JAYKAY","EQ",263.49,263.49,237.11,240.24,240,263.45,1932722,4713.89,"08-Oct-2026",28577,"",""
"1563","JAYKAYPP","E1",224.5,224.5,195.26,196.96,199.89,213.51,28394,57.84,"08-Oct-2026",587,"",""
"1564","JAYNECOIND","EQ",95.3,95.3,91,91.48,92,95.24,2278353,2117.98,"08-Oct-2026",22018,"",""
"1565","JAYSREETEA","EQ",83,84.66,82.05,82.32,82.94,83.41,15120,12.51,"08-Oct-2026",366,"",""
"1566","JBMA","EQ",545.1,549,524.5,526.6,527,547,213074,1139.07,"08-Oct-2026",13368,"",""
"1567","JENBURPH","EQ",890,1052,864,954.2,933.6,891.4,18745,184.65,"08-Oct-2026",1567,"",""
"1568","JETFREIGHT","EQ",19.71,19.93,18.66,19.03,19.24,19.72,128827,24.79,"08-Oct-2026",1773,"",""
"1569","JEYYAM","SM",22,22.5,21.1,21.75,21.75,22.25,48000,10.44,"08-Oct-2026",14,"",""
"1570","JGCHEM","EQ",654.85,674.75,633.2,638.7,639.7,654.95,259024,1666.82,"08-Oct-2026",11530,"",""
"1571","JHS","BE",10,10.4,9.55,9.63,9.62,9.98,134911,13.2,"08-Oct-2026",333,"",""
"1572","JINDALPHOT","EQ",1029,1031.7,1021.2,1021.2,1021.2,1032.8,902,9.26,"08-Oct-2026",105,"",""
"1573","JINDALPOLY","EQ",666,667,630.1,635.05,640.95,653.25,9768,62.9,"08-Oct-2026",884,"",""
"1574","JINDALSAW","EQ",280,280.05,267.25,270.2,270,281.9,1083251,2947.92,"08-Oct-2026",23866,"",""
"1575","JINDALSTEL","EQ",1061,1064.8,1001.1,1010,1010,1061,2144341,21767.09,"08-Oct-2026",75610,"",""
"1576","JINDRILL","EQ",599,599.4,572.1,575.8,575,598.1,150252,874.92,"08-Oct-2026",4964,"",""
"1577","JINDWORLD","EQ",44.4,44.49,42.7,42.94,43.05,44.83,1538743,666.23,"08-Oct-2026",6433,"",""
"1578","JIOFIN","EQ",215.8,216,210.3,211,211,216.44,10614368,22523.53,"08-Oct-2026",99130,"",""
"1579","JISLDVREQS","EQ",19.48,19.48,18.2,18.71,18.94,19.18,7763,1.45,"08-Oct-2026",290,"",""
"1580","JISLJALEQS","EQ",27.9,27.9,26.5,27.02,26.98,27.95,2711099,740.01,"08-Oct-2026",8681,"",""
"1581","JITFINFRA","EQ",286,286,264.05,269.55,267.3,278.3,25480,69.04,"08-Oct-2026",1282,"",""
"1582","JIWANRAM","SM",4,4,3.9,3.9,3.9,4.05,24000,0.95,"08-Oct-2026",3,"",""
"1583","JKCEMENT","EQ",5017,5018,4916,4966.5,4960,5047,68549,3401.74,"08-Oct-2026",7854,"",""
"1584","JKIL","EQ",442.2,443,430,432.15,430,442.2,250084,1086.05,"08-Oct-2026",5926,"",""
"1585","JKIPL","EQ",102,109,100,103.48,106.75,100.29,23506,23.98,"08-Oct-2026",427,"",""
"1586","JKLAKSHMI","EQ",471.65,475,461.45,470,473,471.65,117933,551.24,"08-Oct-2026",13390,"",""
"1587","JKPAPER","EQ",384,384,366.3,367.35,366.3,384.5,344435,1285.98,"08-Oct-2026",13314,"",""
"1588","JKTYRE","EQ",333.4,335.85,328.2,330.25,332.5,333.4,503166,1666.34,"08-Oct-2026",20774,"",""
"1589","JLHL","EQ",249.95,250.5,242.25,247.1,246.5,250,160279,395.32,"08-Oct-2026",7454,"",""
"1590","JMA","EQ",90.19,90.19,85.9,86.79,86.95,88.69,6939,6.04,"08-Oct-2026",162,"",""
"1591","JMFINANCIL","EQ",124.33,124.43,120.15,120.6,120.7,124.92,1967364,2405.11,"08-Oct-2026",30516,"",""
"1592","JNKINDIA","EQ",443.9,445.25,419.15,426.2,429.45,444.75,161836,689.76,"08-Oct-2026",7823,"",""
"1593","JNPR","EQ",282,282.9,272,274.45,275.05,280.65,555579,1534.87,"08-Oct-2026",16300,"",""
"1594","JOCIL","EQ",145.15,149.75,144,146.44,149.75,149.04,3096,4.53,"08-Oct-2026",60,"",""
"1595","JPOLYINVST","EQ",905.05,914.45,871.6,878.2,873,901.1,3207,28.38,"08-Oct-2026",567,"",""
"1596","JPPOWER","EQ",14.96,14.99,14.2,14.31,14.29,14.86,43370302,6310.82,"08-Oct-2026",688847,"",""
"1597","JSFB","EQ",500,504.5,480.5,482.3,484.5,500.1,600833,2951.47,"08-Oct-2026",26285,"",""
"1598","JSIPL","EQ",203.2,214.96,175.88,175.88,175.88,195.42,6841860,13301.95,"08-Oct-2026",59481,"",""
"1599","JSL","EQ",734.6,734.6,702.2,705.6,703.5,732.15,721953,5145.14,"08-Oct-2026",62455,"",""
"1600","JSLL","EQ",417.3,419.8,377.75,381.25,380,417.2,3804816,14975.37,"08-Oct-2026",102181,"",""
"1601","JSWCEMENT","EQ",112.51,113.35,110.55,112.97,112.91,112.14,2617489,2939.56,"08-Oct-2026",55556,"",""
"1602","JSWDULUX","EQ",3035,3051.6,2980.8,2989.1,2994.5,3028.1,14829,443.98,"08-Oct-2026",4008,"",""
"1603","JSWENERGY","EQ",484.05,484.5,465,466.85,466.85,485.45,1639708,7703.28,"08-Oct-2026",55675,"",""
"1604","JSWHL","EQ",11217,11299,11130,11158,11150,11272,1667,186.55,"08-Oct-2026",791,"",""
"1605","JSWINFRA","EQ",352,353.9,331.45,333.75,334,353.9,4831830,16335.42,"08-Oct-2026",115050,"",""
"1606","JSWSTEEL","EQ",1225.1,1229.6,1171.1,1175.2,1175.2,1230,3829207,45377.07,"08-Oct-2026",124933,"",""
"1607","JTEKTINDIA","EQ",114.05,115.26,111,113.1,113.4,114.46,155937,175.52,"08-Oct-2026",2076,"",""
"1608","JTLIND","EQ",90.62,90.62,83.15,83.81,83.3,88.2,4207348,3584.76,"08-Oct-2026",28574,"",""
"1609","JUBLCPL","EQ",1978.2,1993.5,1895.4,1927.2,1930,1988,14736,285.43,"08-Oct-2026",1867,"",""
"1610","JUBLFOOD","EQ",456.5,456.7,426.2,427.6,427.6,460.6,4370870,19098.7,"08-Oct-2026",74275,"",""
"1611","JUBLINGREA","EQ",641.95,642.95,616,620.3,619.4,642.55,201372,1262.62,"08-Oct-2026",15837,"",""
"1612","JUBLPHARMA","EQ",971,974.6,921.5,932.2,934.4,974.6,417017,3889.44,"08-Oct-2026",20850,"",""
"1613","JUNIORBEES","EQ",767.04,767.04,732.53,734.61,739.9,752,564944,4174.95,"08-Oct-2026",20503,"",""
"1614","JUNIPER","EQ",216.34,218.01,212.28,215.33,216.55,216.34,80750,173.17,"08-Oct-2026",2323,"",""
"1615","JUSTDIAL","EQ",661,662.45,625.4,631.65,632.3,657.4,69728,446.93,"08-Oct-2026",5246,"",""
"1616","JWL","EQ",222.5,223,216,216.43,216.4,223.56,705633,1542.92,"08-Oct-2026",18993,"",""
"1617","JYOTHYLAB","EQ",191,191.17,184.5,186.29,187.5,191.44,357455,667.76,"08-Oct-2026",16845,"",""
"1618","JYOTICNC","EQ",1069.2,1070.9,988.2,1009.9,1018,1071,1726011,17441.45,"08-Oct-2026",74199,"",""
"1619","JYOTIGLOBL","SM",42,42,39.5,39.5,39.5,43.85,88000,35.12,"08-Oct-2026",44,"",""
"1620","JYOTIRES","EQ",840.15,857.6,830,836.65,830,842.95,6180,52.16,"08-Oct-2026",806,"",""
"1621","JYOTISTRUC","EQ",9.03,9.28,8.7,8.75,8.75,9.03,6326738,566.22,"08-Oct-2026",5721,"",""
"1622","K2INFRA","SM",38.3,40.85,38.3,40.4,40.4,39.1,18600,7.52,"08-Oct-2026",23,"",""
"1623","KABRAEXTRU","BE",817.95,817.95,765.65,771.05,773,805.9,70015,542.39,"08-Oct-2026",1540,"",""
"1624","KAJARIACER","EQ",1228.4,1254.5,1209,1210.6,1211,1226.2,385389,4760.35,"08-Oct-2026",17545,"",""
"1625","KAKATCEM","EQ",107.1,107.1,102,102.33,102,105.95,1694,1.75,"08-Oct-2026",49,"",""
"1626","KALAMANDIR","EQ",77.06,77.11,73.5,74.3,74,77.01,409583,306.79,"08-Oct-2026",4310,"",""
"1627","KALANA","SM",17.55,18.35,17.5,17.95,17.95,17.6,28000,5.04,"08-Oct-2026",11,"",""
"1628","KALPATARU","EQ",269.2,269.2,256.4,259.9,260.8,267.3,32195,84.95,"08-Oct-2026",995,"",""
"1629","KALYANIFRG","BE",907,914.8,881.05,887.4,888,914.8,1982,17.66,"08-Oct-2026",145,"",""
"1630","KALYANKJIL","EQ",571.8,573,552.7,553.5,553.5,569,6140158,34529.42,"08-Oct-2026",69083,"",""
"1631","KAMAHOLD","EQ",2236,2255.9,2219.5,2227.6,2220,2236.2,1029,22.96,"08-Oct-2026",194,"",""
"1632","KAMATHOTEL","EQ",264.99,264.99,250.37,251.72,251.85,262.89,70365,179.57,"08-Oct-2026",2598,"",""
"1633","KAMDHENU","EQ",38.36,38.48,36.31,36.71,36.9,38.08,888363,330.08,"08-Oct-2026",6492,"",""
"1634","KAMOPAINTS","EQ",4.07,4.14,4.07,4.08,4.08,4.07,145052,5.94,"08-Oct-2026",409,"",""
"1635","KANANIIND","EQ",1.35,1.35,1.3,1.3,1.3,1.33,89261,1.18,"08-Oct-2026",157,"",""
"1636","KANCHI","EQ",381,381,365,366.25,366,378.15,1728,6.39,"08-Oct-2026",72,"",""
"1637","KANCOTEA","EQ",52,52.99,50.69,52.93,52.99,52.55,1713,0.9,"08-Oct-2026",17,"",""
"1638","KANDARP","SM",61,63.95,58.4,61.45,61.45,61,63000,37.73,"08-Oct-2026",60,"",""
"1639","KANOHAR","EQ",1070,1207.7,1040,1183.25,1161.05,1091.05,22128480,251477.49,"08-Oct-2026",658109,"",""
"1640","KANORICHEM","BE",183,183,176.35,177.5,177.5,180.75,11263,20.18,"08-Oct-2026",151,"",""
"1641","KANPRPLA","EQ",247.5,257.5,235.25,236.96,237.6,250.96,23392,58.24,"08-Oct-2026",822,"",""
"1642","KANSAINER","EQ",192.4,192.4,180,180.75,180.5,192.4,255858,473.01,"08-Oct-2026",10945,"",""
"1643","KAPSTON","EQ",545.45,554.85,535.05,542.4,544.1,545.45,34599,186.44,"08-Oct-2026",1496,"",""
"1644","KARAMTARA","EQ",417.8,421.6,376.05,393.8,394.2,416.65,4031111,15780.62,"08-Oct-2026",69382,"",""
"1645","KARMAENG","EQ",35,35.42,34,34.51,34.58,34.86,4388,1.52,"08-Oct-2026",129,"",""
"1646","KARNIKA","SM",121,127.85,121,124,124,120.2,42000,52.22,"08-Oct-2026",27,"",""
"1647","KARURVYSYA","EQ",330.1,336.8,328,329.2,330,330.1,2066032,6855.94,"08-Oct-2026",54612,"",""
"1648","KATARIA","ST",160.15,163,158,161.5,162.75,163.8,32400,52.27,"08-Oct-2026",25,"",""
"1649","KAUSHALYA","BE",838,838,815.15,820.25,837,820.15,20,0.16,"08-Oct-2026",7,"",""
"1650","KAVDEFENCE","BE",90.43,94.01,90,93.66,92.2,89.54,1181460,1104.69,"08-Oct-2026",3447,"",""
"1651","KAYA","BE",310,311,295.1,299.95,299.95,310,2421,7.25,"08-Oct-2026",54,"",""
"1652","KAYNES","EQ",3371,3378.5,3215.6,3233,3233,3365,1099748,36057.95,"08-Oct-2026",68061,"",""
"1653","KAYTEX","SM",55.75,57.25,55.75,57.15,57.25,57.75,6400,3.64,"08-Oct-2026",7,"",""
"1654","KCEIL","SM",76.5,78.65,75,76.75,76.05,76.65,27500,21.05,"08-Oct-2026",48,"",""
"1655","KCK","ST",15.65,16.2,15,15.75,15.95,15.45,540000,84.82,"08-Oct-2026",96,"",""
"1656","KCP","EQ",154.95,156.46,152,152.67,152.5,154.33,87248,133.63,"08-Oct-2026",1507,"",""
"1657","KCPSUGIND","BE",24.66,25,23.6,23.93,24,24.18,322407,78.62,"08-Oct-2026",518,"",""
"1658","KDDL","EQ",3985.6,4008.3,3840.3,3873.2,3898,3997.2,28459,1109.12,"08-Oct-2026",6861,"",""
"1659","KDGREEN","EQ",50.37,50.45,47.22,48.76,49.5,48.53,39827,19.45,"08-Oct-2026",1479,"",""
"1660","KDL","SM",38.55,38.55,38.55,38.55,38.55,40.55,5550,2.14,"08-Oct-2026",18,"",""
"1661","KEC","EQ",363.5,364,348,349.6,350,362.5,1237294,4380.57,"08-Oct-2026",49732,"",""
"1662","KECL","EQ",130.95,131.2,122.72,123.13,123,129.04,168702,212.56,"08-Oct-2026",2867,"",""
"1663","KEEPLEARN","EQ",1.86,1.89,1.71,1.84,1.85,1.86,81015,1.45,"08-Oct-2026",117,"",""
"1664","KEI","EQ",4668,4728,4578,4580,4580,4677.7,176120,8203.89,"08-Oct-2026",22201,"",""
"1665","KELLTONTEC","EQ",12.18,12.24,11.8,11.83,11.84,12.15,1595937,191.06,"08-Oct-2026",3943,"",""
"1666","KEN","SM",42.1,42.1,40.5,41.15,40.5,42.1,6000,2.48,"08-Oct-2026",5,"",""
"1667","KENNAMET","EQ",4221.8,4221.8,4071.4,4115.1,4103,4180.9,21123,869.16,"08-Oct-2026",5429,"",""
"1668","KERNEX","EQ",1779,1780.6,1690,1700.5,1695,1767.5,131811,2260.01,"08-Oct-2026",13122,"",""
"1669","KESORAMIND","EQ",10.99,11.23,10.41,10.56,10.69,10.81,370397,39.39,"08-Oct-2026",986,"",""
"1670","KEYFINSERV","EQ",240,243.79,234.5,238,238,240,489,1.16,"08-Oct-2026",36,"",""
"1671","KFINTECH","EQ",863.95,863.95,838.2,838.2,838.2,858,350743,2972.17,"08-Oct-2026",26148,"",""
"1672","KHADIM","BE",115,115,112.9,112.9,112.9,115.2,3053,3.49,"08-Oct-2026",24,"",""
"1673","KHAICHEM","EQ",48.82,49.45,47.26,47.6,47.7,48.82,336861,160.51,"08-Oct-2026",1345,"",""
"1674","KHAITANLTD","EQ",147.2,153.79,146.55,148.99,149.99,150.76,769,1.14,"08-Oct-2026",44,"",""
"1675","KHANDSE","EQ",17,17.45,16.8,17.21,17.4,17.16,166,0.03,"08-Oct-2026",11,"",""
"1676","KHERIAAUTO","ST",91.95,94,91.95,92.6,92.85,92.15,42000,39.09,"08-Oct-2026",34,"",""
"1677","KICL","EQ",4807.2,4831.9,4680,4692,4685,4881.9,1072,50.8,"08-Oct-2026",234,"",""
"1678","KILITCH","EQ",258,258,242,244.3,245,256.25,87295,215.37,"08-Oct-2026",2778,"",""
"1679","KIMS","EQ",694.3,695.75,678.8,687.15,687.9,693.95,473382,3250.32,"08-Oct-2026",32852,"",""
"1680","KINGFA","EQ",6997,6997,6715,6804,6793,6932.5,8335,566.76,"08-Oct-2026",2722,"",""
"1681","KIOCL","EQ",347.8,355.9,333.3,350.55,352,349.35,179285,621.42,"08-Oct-2026",6758,"",""
"1682","KIRANVYPAR","EQ",203,225.4,195,199.19,195,191.35,74812,161.03,"08-Oct-2026",2292,"",""
"1683","KIRIINDUS","EQ",556.7,560.95,537.65,542.55,542.1,556.25,438451,2394.26,"08-Oct-2026",12950,"",""
"1684","KIRLFER","EQ",473.85,473.85,460.8,464.65,465.9,473.8,158991,739.73,"08-Oct-2026",3930,"",""
"1685","KIRLOSBROS","EQ",1723,1723,1662.3,1667.2,1674,1712.8,38940,652.66,"08-Oct-2026",7523,"",""
"1686","KIRLOSENG","EQ",2230,2231,2131.5,2163,2153.1,2230.8,409305,8875.51,"08-Oct-2026",39219,"",""
"1687","KIRLOSIND","EQ",3510.2,3628.4,3425.9,3473.1,3441,3531.2,7953,279.87,"08-Oct-2026",1910,"",""
"1688","KIRLPNU","EQ",706.5,706.5,668,670.3,673,696.15,104467,708.27,"08-Oct-2026",11981,"",""
"1689","KISSHT","EQ",375,378.2,366.9,372.15,371.5,377.35,886460,3304.61,"08-Oct-2026",27622,"",""
"1690","KITEX","EQ",116.99,117.95,114.75,115.11,115.25,116.93,288348,333.92,"08-Oct-2026",3272,"",""
"1691","KJMCFIN","EQ",58.45,58.5,54.8,57.69,57,58.45,1390,0.79,"08-Oct-2026",37,"",""
"1692","KKCL","EQ",475.55,477.95,468.45,472.5,473.5,475.55,22954,108.39,"08-Oct-2026",967,"",""
"1693","KKJEWELS","SM",99,99,95.05,95.05,95.05,96.1,5000,4.88,"08-Oct-2026",5,"",""
"1694","KLBRENG-B","EQ",527.9,527.9,492.2,500.15,506.95,524.35,341466,1725.2,"08-Oct-2026",9609,"",""
"1695","KLL","ST",40.65,41.5,40.2,40.25,40.2,42.3,24800,10.05,"08-Oct-2026",24,"",""
"1696","KMCSHIL","EQ",185.5,185.5,176.21,177.28,177.58,183.22,315682,565.49,"08-Oct-2026",8788,"",""
"1697","KMEW","EQ",3230,3307,3168,3256.7,3262,3214,177999,5770.68,"08-Oct-2026",26112,"",""
"1698","KMSUGAR","BE",26.5,26.5,25.26,25.81,25.51,26.17,49892,12.81,"08-Oct-2026",282,"",""
"1699","KNACK","EQ",214,216.9,195.95,202.16,202.62,211.86,1684388,3485.4,"08-Oct-2026",20332,"",""
"1700","KNAGRI","EQ",208.1,212,199,202.6,203,205.9,9384,19.29,"08-Oct-2026",281,"",""
"1701","KNRCON","EQ",115.53,115.53,110.6,111.61,111.4,115.72,751097,846.88,"08-Oct-2026",10314,"",""
"1702","KODYTECH","ST",1515,1540,1456.8,1500.3,1500,1533.45,14300,211.69,"08-Oct-2026",87,"",""
"1703","KOHINOOR","EQ",29.5,29.85,28.2,28.88,28.98,29.42,107327,31.27,"08-Oct-2026",3173,"",""
"1704","KOKUYOCMLN","EQ",74.99,74.99,72.25,73.26,73.69,73,9143,6.7,"08-Oct-2026",315,"",""
"1705","KOLTEPATIL","EQ",438.9,438.9,422.1,423.4,423,435.9,46054,196.99,"08-Oct-2026",2022,"",""
"1706","KONSTELEC","ST",48.1,51.1,47.1,49,49,48.7,10000,4.91,"08-Oct-2026",10,"",""
"1707","KOPRAN","EQ",276.5,276.5,248.35,254.3,256,276.5,626846,1619.5,"08-Oct-2026",14774,"",""
"1708","KORE","ST",200,211.95,199.75,211.65,211.95,202.05,7250,14.89,"08-Oct-2026",17,"",""
"1709","KOTAKBANK","EQ",440,440,432.95,435,435,440,22068818,96290.15,"08-Oct-2026",275715,"",""
"1710","KOTARISUG","BE",25.86,26.7,25.4,25.86,25.6,25.94,25850,6.72,"08-Oct-2026",199,"",""
"1711","KOTHARIPET","EQ",127.46,127.78,118.35,121.1,122,126.56,69670,85.64,"08-Oct-2026",1824,"",""
"1712","KOTHARIPRO","EQ",65.08,66.15,63.3,63.51,64,65.08,9212,5.87,"08-Oct-2026",116,"",""
"1713","KOTIC","EQ",146.79,168.87,142.51,155.14,153.25,143.91,1027245,1636.36,"08-Oct-2026",15295,"",""
"1714","KOTYARK","EQ",31.94,32.05,30.5,31.06,30.5,31.1,273468,85.59,"08-Oct-2026",1084,"",""
"1715","KOVAI","EQ",5979.5,5979.5,5878.5,5891.5,5898.5,5919.5,6536,385.71,"08-Oct-2026",941,"",""
"1716","KPEL","EQ",214.22,214.22,206.2,206.87,207.49,212.89,201029,419.45,"08-Oct-2026",5156,"",""
"1717","KPIGREEN","EQ",333,333,318.15,323.25,326,334.45,882321,2876.75,"08-Oct-2026",25303,"",""
"1718","KPIL","EQ",1458.4,1458.4,1394.2,1401.5,1399,1458.4,120298,1708.82,"08-Oct-2026",14233,"",""
"1719","KPITTECH","EQ",484.25,493.85,470.1,471,471,484.25,1408072,6777.32,"08-Oct-2026",35789,"",""
"1720","KPL","EQ",3680,3680,3511.5,3533.3,3516.1,3681.2,27259,973.97,"08-Oct-2026",4843,"",""
"1721","KPRMILL","EQ",1096.9,1102.6,1050.1,1053.3,1050.1,1101.3,199692,2152.36,"08-Oct-2026",14229,"",""
"1722","KRBL","EQ",399.8,401.85,385,386.05,385.05,398.2,473055,1861.49,"08-Oct-2026",12829,"",""
"1723","KREBSBIO","EQ",59.4,59.48,57.3,57.96,57.35,59.72,13155,7.69,"08-Oct-2026",223,"",""
"1724","KRIDHANINF","EQ",1.86,1.98,1.82,1.82,1.82,1.86,18017,0.33,"08-Oct-2026",59,"",""
"1725","KRISHANA","EQ",192.7,192.7,187.18,188.69,189.3,191.38,293743,556.49,"08-Oct-2026",5613,"",""
"1726","KRISHCA","SM",211,211.5,198,198.2,198.2,207.75,9000,18.34,"08-Oct-2026",18,"",""
"1727","KRISHIVAL","EQ",400.25,400.25,372,383.7,382,397.4,30805,118.9,"08-Oct-2026",1168,"",""
"1728","KRISHNADEF","EQ",1245,1291.6,1170,1240.8,1230,1242.1,201821,2451.7,"08-Oct-2026",15452,"",""
"1729","KRITI","EQ",59.07,59.89,53.8,55.55,55.25,59.07,61801,34.29,"08-Oct-2026",675,"",""
"1730","KRITIKA","EQ",5.12,5.12,4.86,4.86,4.95,4.95,87603,4.31,"08-Oct-2026",389,"",""
"1731","KRITINUT","EQ",71,73.8,69.12,72.26,72.21,70.15,31575,22.71,"08-Oct-2026",520,"",""
"1732","KRMAYURVED","SM",273.25,279,272,274.35,274.2,275,79000,217.67,"08-Oct-2026",73,"",""
"1733","KRN","EQ",1519,1519,1408.5,1414.5,1415.4,1484.2,210590,3027.94,"08-Oct-2026",26294,"",""
"1734","KRONOX","BE",209,213,200.07,200.6,201,210.6,62960,129.99,"08-Oct-2026",547,"",""
"1735","KROSS","EQ",265,267.9,238.2,239.7,239.15,263.9,1075805,2664.06,"08-Oct-2026",27161,"",""
"1736","KRSNAA","EQ",550,550,526,531.95,534,548.1,47652,254.59,"08-Oct-2026",3319,"",""
"1737","KRT","RR",112.89,112.89,111.9,111.92,111.98,112.24,712868,798.66,"08-Oct-2026",21247,"",""
"1738","KRYSTAL","EQ",645.25,660.4,623.7,633.2,634,644.45,8739,55.58,"08-Oct-2026",628,"",""
"1739","KSB","EQ",802,803.15,775,776.7,778.8,801.5,89997,707.22,"08-Oct-2026",8997,"",""
"1740","KSCL","EQ",710,710,670.8,679,680,710.75,208432,1440.54,"08-Oct-2026",10567,"",""
"1741","KSE","EQ",179.8,179.8,174.3,175.48,176.82,176.84,9537,16.69,"08-Oct-2026",167,"",""
"1742","KSHINTL","EQ",1076,1076,1005.6,1017.7,1018.7,1072.3,320815,3281.47,"08-Oct-2026",29064,"",""
"1743","KSHITIJPOL","BE",4,4,3.65,3.68,3.75,3.81,9689720,366.5,"08-Oct-2026",2021,"",""
"1744","KSL","EQ",936,956.3,900.55,945.05,944.55,932.65,109467,1019.55,"08-Oct-2026",7707,"",""
"1745","KSOLVES","EQ",244,249.49,240,241.68,242,246.44,24042,58.57,"08-Oct-2026",1354,"",""
"1746","KSR","BE",37.56,37.56,35.81,35.9,35.9,37.56,26518,9.77,"08-Oct-2026",122,"",""
"1747","KTKBANK","EQ",325,326.8,316.4,320.8,322.25,326.45,2527395,8114.6,"08-Oct-2026",37924,"",""
"1748","KUANTUM","EQ",76.22,77.75,73,74.07,73.82,76.72,108276,80.89,"08-Oct-2026",1811,"",""
"1749","KUSUMGAR","EQ",638,638,587.05,608,625,626.85,462631,2805.52,"08-Oct-2026",16220,"",""
"1750","KWIL","EQ",38.15,38.19,36.5,36.91,36.99,38.06,7970741,2949.95,"08-Oct-2026",27727,"",""
"1751","LAGNAM","EQ",72.63,73.89,70.22,71.14,71.5,72.26,1308,0.94,"08-Oct-2026",51,"",""
"1752","LAHOTIOV","EQ",39.25,39.98,38.5,38.5,38.5,39.9,3197,1.24,"08-Oct-2026",48,"",""
"1753","LAKPRE","BZ",5,5.25,4.95,4.98,5.25,5.2,59,0,"08-Oct-2026",3,"",""
"1754","LAKSHMIMIL","EQ",7352,7747.5,7352,7634,7634,7715,9,0.68,"08-Oct-2026",6,"",""
"1755","LAKSHYA","SM",97.7,97.7,93.55,96,96,97.7,4000,3.81,"08-Oct-2026",5,"",""
"1756","LAL","EQ",8.69,8.79,8.42,8.53,8.58,8.61,196674,16.72,"08-Oct-2026",82,"",""
"1757","LALITHAA","EQ",395.5,397.95,375.15,376.45,375.15,394.85,6058030,22890.86,"08-Oct-2026",30162,"",""
"1758","LALPATHLAB","EQ",1945.1,1961,1888,1898.9,1897.8,1945.1,271926,5194.65,"08-Oct-2026",33910,"",""
"1759","LAMBODHARA","EQ",135.98,135.98,127.5,128.09,128.25,133.74,6952,9.07,"08-Oct-2026",382,"",""
"1760","LAMOSAIC","ST",47.1,48,45.05,46.75,48,47.2,69600,32.49,"08-Oct-2026",49,"",""
"1761","LANCER","EQ",11.19,11.28,10.78,10.83,10.86,10.98,148980,16.22,"08-Oct-2026",704,"",""
"1762","LANCORHOL","BE",31.93,31.93,29.84,29.99,30,31.41,81584,24.67,"08-Oct-2026",220,"",""
"1763","LANDMARK","EQ",485.45,485.45,461.3,468.65,466,480.95,86631,407.04,"08-Oct-2026",2961,"",""
"1764","LANDSMILL","BE",0.87,0.87,0.85,0.85,0.85,0.89,1460958,12.42,"08-Oct-2026",635,"",""
"1765","LAOPALA","EQ",155.5,156.2,152.71,153.98,154.5,155.04,77178,118.67,"08-Oct-2026",2595,"",""
"1766","LARGEMID50","EQ",34.24,34.24,33.76,33.76,33.76,34.37,12567,4.25,"08-Oct-2026",22,"",""
"1767","LASERPOWER","EQ",283.5,283.5,265.85,272.5,270,284.55,789645,2148.49,"08-Oct-2026",15839,"",""
"1768","LATENTVIEW","EQ",231,245,228.37,230.26,230.32,230.08,1565857,3692.57,"08-Oct-2026",24596,"",""
"1769","LATTEYS","EQ",22.29,22.29,20.6,20.91,20.7,21.87,47619,10.12,"08-Oct-2026",223,"",""
"1770","LAURUSLABS","EQ",2055,2055,1997.9,1997.9,1997.9,2052.8,1394208,28187.01,"08-Oct-2026",48762,"",""
"1771","LAXMICOT","EQ",12.6,13.05,12.6,12.62,12.6,12.8,8867,1.12,"08-Oct-2026",50,"",""
"1772","LAXMIDENTL","EQ",198,198,190.31,192.52,192.5,197.12,45528,87.62,"08-Oct-2026",1209,"",""
"1773","LAXMIINDIA","EQ",111.6,111.6,106,106.66,106.2,110.81,161733,174.04,"08-Oct-2026",2099,"",""
"1774","LCCINFOTEC","BE",3.46,3.46,3.3,3.39,3.42,3.46,17007,0.57,"08-Oct-2026",63,"",""
"1775","LCCPROJECT","EQ",143.09,150.4,143.09,145.08,144.8,143.97,913274,1336.15,"08-Oct-2026",12180,"",""
"1776","LCL","EQ",627.75,631.45,604,608.7,611,624.1,343343,2106.49,"08-Oct-2026",21630,"",""
"1777","LEAPIND","EQ",148.9,150.2,137.35,141.42,141,148.03,1307008,1887.95,"08-Oct-2026",22182,"",""
"1778","LEENEE","BE",7.3,7.65,7,7,7,7.34,8509,0.6,"08-Oct-2026",37,"",""
"1779","LEMERITE","EQ",19.99,19.99,18.37,18.77,19.15,19.26,176005,33.42,"08-Oct-2026",293,"",""
"1780","LEMONTREE","EQ",112.71,113.46,109.56,110.05,110,112.52,5897444,6544.27,"08-Oct-2026",64027,"",""
"1781","LENSKART","EQ",684.9,686,645.5,653.95,656,681.3,5023579,33126.79,"08-Oct-2026",100695,"",""
"1782","LEXUS","EQ",9.89,9.89,9,9.7,9.49,9.48,74806,7.15,"08-Oct-2026",315,"",""
"1783","LFIC","EQ",129,129.1,126,126.22,128,129,705,0.9,"08-Oct-2026",35,"",""
"1784","LGBBROSLTD","EQ",1714.9,1714.9,1659.9,1676.4,1665,1715.8,17854,298.81,"08-Oct-2026",3756,"",""
"1785","LGEINDIA","EQ",1782,1785,1705,1723,1705,1780.3,388141,6788.27,"08-Oct-2026",39352,"",""
"1786","LGHL","EQ",219.39,219.9,210.11,213.87,212,215.12,17192,37.01,"08-Oct-2026",587,"",""
"1787","LIBAS","EQ",11.6,11.98,10.9,11.39,11.79,11.55,21712,2.47,"08-Oct-2026",168,"",""
"1788","LIBERTSHOE","EQ",218.45,218.45,209,210.18,211.2,216.48,18127,38.4,"08-Oct-2026",885,"",""
"1789","LICHSGFIN","EQ",519.9,547.65,519.4,537,537,515.4,14555953,78465,"08-Oct-2026",102514,"",""
"1790","LICI","EQ",386.3,388,378.2,379.25,379.25,386.3,3328818,12702.62,"08-Oct-2026",45406,"",""
"1791","LICMFGOLD","EQ",132.25,132.55,131.65,131.8,132,132.25,26824,35.42,"08-Oct-2026",366,"",""
"1792","LICNETFGSC","EQ",28.2,29.22,28.2,28.92,28.93,28.93,127031,36.76,"08-Oct-2026",95,"",""
"1793","LICNETFN50","EQ",247.65,254.52,247.65,251.56,251.5,254,2083,5.24,"08-Oct-2026",45,"",""
"1794","LICNETFSEN","EQ",817,849.7,791.33,804.17,791.33,817.51,68,0.55,"08-Oct-2026",14,"",""
"1795","LICNFNHGP","EQ",260.56,268,250.09,252.43,251.02,260.56,587,1.51,"08-Oct-2026",47,"",""
"1796","LICNMID100","EQ",59.6,59.89,57.87,58.19,59.46,59.58,7238,4.25,"08-Oct-2026",120,"",""
"1797","LIKHITHA","EQ",229.02,238,224.02,226.08,231,234.14,49617,114.43,"08-Oct-2026",1629,"",""
"1798","LINC","EQ",87.9,87.95,83.3,84.57,84.95,86.84,17910,15.33,"08-Oct-2026",509,"",""
"1799","LINCOLN","EQ",563.2,579.45,548.55,561.7,566,563.85,28927,161.45,"08-Oct-2026",2043,"",""
"1800","LINDEINDIA","EQ",6098.5,6146.5,5990,6026,6000,6094,12243,739.75,"08-Oct-2026",3679,"",""
"1801","LIQGRWBEES","EQ",1057.39,1059,1056.25,1058.57,1058.59,1058.45,41466,438.93,"08-Oct-2026",232,"",""
"1802","LIQUID","EQ",999.99,1000,999.99,999.99,1000,999.99,293072,2930.72,"08-Oct-2026",275,"",""
"1803","LIQUID1","EQ",1128.65,1128.65,1125.96,1125.96,1125.97,1125.82,2322622,26152.03,"08-Oct-2026",1657,"",""
"1804","LIQUIDADD","EQ",1148.18,1148.2,1148.18,1148.18,1148.2,1148.02,570497,6550.38,"08-Oct-2026",447,"",""
"1805","LIQUIDBEES","EQ",1000,1000.01,999.99,1000,1000,1000,5906055,59060.87,"08-Oct-2026",5462,"",""
"1806","LIQUIDBETA","EQ",1011.11,1011.11,1011.11,1011.11,1011.11,1010.85,6,0.06,"08-Oct-2026",3,"",""
"1807","LIQUIDBETF","EQ",1103,1103,1102.06,1102.07,1102.08,1101.91,418277,4609.72,"08-Oct-2026",117,"",""
"1808","LIQUIDCASE","EQ",116.26,116.28,116.26,116.27,116.28,116.25,17621757,20488.98,"08-Oct-2026",12150,"",""
"1809","LIQUIDETF","EQ",1000,1000.01,999.99,999.99,1000.01,1000,122284,1222.84,"08-Oct-2026",217,"",""
"1810","LIQUIDIETF","EQ",1000,1000.01,999.99,999.99,1000,999.99,341684,3416.84,"08-Oct-2026",237,"",""
"1811","LIQUIDPLUS","EQ",1106.61,1106.63,1106.61,1106.61,1106.63,1106.47,414744,4589.63,"08-Oct-2026",359,"",""
"1812","LIQUIDSBI","EQ",999.99,1000.01,999.99,999.99,999.99,1000.01,7498,74.98,"08-Oct-2026",23,"",""
"1813","LIQUIDSHRI","EQ",1124.72,1124.72,1124.7,1124.71,1124.72,1124.55,9043,101.71,"08-Oct-2026",27,"",""
"1814","LKPSEC","EQ",13.7,13.97,13.55,13.62,13.71,13.65,6352,0.87,"08-Oct-2026",485,"",""
"1815","LLOYDS","SM",57.05,57.7,56.55,57.7,57.7,59.5,6000,3.41,"08-Oct-2026",6,"",""
"1816","LLOYDSENGG","EQ",101.47,101.48,95.45,96.18,96.21,101.1,13917134,13478.34,"08-Oct-2026",63820,"",""
"1817","LLOYDSENT","EQ",78.81,78.81,73.65,74.37,74.5,78.98,3657105,2752.06,"08-Oct-2026",17936,"",""
"1818","LLOYDSME","EQ",1844.6,1844.8,1764,1795.6,1789,1844.5,473935,8555.83,"08-Oct-2026",30369,"",""
"1819","LMW","EQ",16817,16870,16187,16346,16472,16819,4278,702.21,"08-Oct-2026",1939,"",""
"1820","LODHA","EQ",1109.1,1111.1,1065.6,1065.6,1065.6,1109.4,1712251,18574.67,"08-Oct-2026",55614,"",""
"1821","LOKESHMACH","EQ",465.6,488,442,447.85,445.5,465.45,424361,1977.38,"08-Oct-2026",14906,"",""
"1822","LORDSCHLO","EQ",140,143,135.12,136.01,137,139.5,11769,16.15,"08-Oct-2026",415,"",""
"1823","LOTUSCHO","EQ",655,724,650,658.9,653.7,646.85,76663,526.84,"08-Oct-2026",3602,"",""
"1824","LOTUSDEV","BE",238.6,242.6,231,233.73,231.6,242.92,521433,1224.03,"08-Oct-2026",5529,"",""
"1825","LOTUSEYE","EQ",116.6,116.6,113.61,113.94,114,114.84,2258,2.59,"08-Oct-2026",90,"",""
"1826","LOVABLE","EQ",70.09,71.5,67.01,67.23,67.01,68.73,8663,5.96,"08-Oct-2026",227,"",""
"1827","LOWVOL","EQ",191.56,191.62,188.55,189.02,189.02,192.52,570,1.08,"08-Oct-2026",20,"",""
"1828","LOWVOL1","EQ",19.57,19.68,19.22,19.22,19.22,19.57,79708,15.42,"08-Oct-2026",11932,"",""
"1829","LOWVOLIETF","EQ",20.67,20.67,20.13,20.18,20.34,20.53,7131131,1445.2,"08-Oct-2026",13367,"",""
"1830","LOYALTEX","EQ",205.2,206.6,205.2,206.55,206.55,208.02,391,0.81,"08-Oct-2026",13,"",""
"1831","LPDC","EQ",6.28,6.39,6.17,6.21,6.18,6.25,35412,2.2,"08-Oct-2026",114,"",""
"1832","LRRPL","SM",92,92.8,92,92.8,92.8,95.7,3000,2.77,"08-Oct-2026",2,"",""
"1833","LT","EQ",3698,3702,3607,3625.1,3625.1,3701.5,1690918,61531.9,"08-Oct-2026",127933,"",""
"1834","LTF","EQ",258,261.25,255.05,257.4,257.4,260.25,5991864,15452.9,"08-Oct-2026",57916,"",""
"1835","LTFOODS","EQ",418.4,420.35,404.15,405.45,404.15,418.2,250683,1031.67,"08-Oct-2026",14312,"",""
"1836","LTGILTBEES","EQ",29.52,29.52,29.44,29.45,29.45,29.51,2053169,605.27,"08-Oct-2026",671,"",""
"1837","LTGILTCASE","EQ",30.66,30.66,29.97,30.01,30.04,30.06,426767,128.18,"08-Oct-2026",373,"",""
"1838","LTM","EQ",3929.7,4003.3,3915,3915,3915,3930,398649,15814.02,"08-Oct-2026",30513,"",""
"1839","LTTS","EQ",3252,3356.2,3168.8,3176.6,3169.4,3252.1,53392,1743.06,"08-Oct-2026",12272,"",""
"1840","LUMAXIND","EQ",5465.5,5466,5260,5294,5285,5401.5,7039,373.82,"08-Oct-2026",1933,"",""
"1841","LUMAXTECH","EQ",1860.1,1860.1,1763.6,1770.2,1774.9,1849.2,143877,2580.06,"08-Oct-2026",19671,"",""
"1842","LUMINO","EQ",109,109.54,101.23,101.95,102.3,108.9,5015473,5237.35,"08-Oct-2026",28978,"",""
"1843","LUPIN","EQ",2012.9,2020.9,1936.9,1936.9,1936.9,2012.9,611469,12047.86,"08-Oct-2026",37710,"",""
"1844","LUXIND","EQ",1166,1166,1100,1108.5,1112,1157.5,19524,218.88,"08-Oct-2026",2539,"",""
"1845","LXCHEM","EQ",192,192.5,181.1,182.03,182.24,190.35,1570106,2900.96,"08-Oct-2026",29138,"",""
"1846","LYKALABS","BE",74.9,74.9,72.05,72.68,72.5,74.3,11178,8.21,"08-Oct-2026",95,"",""
"1847","M&M","EQ",2800,2806.1,2744.3,2751.2,2751.2,2800,3278766,90826.84,"08-Oct-2026",125160,"",""
"1848","M&MFIN","EQ",321.7,321.75,309.2,310.5,310.4,321.75,2187388,6916.22,"08-Oct-2026",103266,"",""
"1849","MAANALU","EQ",104.7,104.7,98.27,98.97,99.45,103.99,74422,74.41,"08-Oct-2026",1303,"",""
"1850","MACOBSTECH","SM",192.3,203.7,192.3,203.7,203.7,205.05,6400,12.66,"08-Oct-2026",7,"",""
"1851","MACPOWER","EQ",2082.1,2098.2,1951,1981,1980,2062.9,46860,933.61,"08-Oct-2026",7015,"",""
"1852","MADHAV","EQ",33.6,34.79,31.13,32.1,32.44,33.62,7474,2.43,"08-Oct-2026",180,"",""
"1853","MADHAVBAUG","ST",168.95,176,168.95,169.7,169.7,168.95,2000,3.41,"08-Oct-2026",5,"",""
"1854","MADHAVIPL","EQ",7.32,7.39,7.1,7.21,7.27,7.39,41409,3,"08-Oct-2026",236,"",""
"1855","MADHUCON","EQ",3.86,4.08,3.7,3.79,3.97,3.93,24640,0.94,"08-Oct-2026",86,"",""
"1856","MADHURKNIT","SM",57.8,58,55.25,57.4,57,57.45,79200,45.12,"08-Oct-2026",25,"",""
"1857","MADHUSUDAN","ST",232,232.65,223,224.5,226,230.2,14000,31.8,"08-Oct-2026",13,"",""
"1858","MADRASFERT","EQ",60,60,57.21,57.54,57.5,58.89,30906,17.92,"08-Oct-2026",813,"",""
"1859","MAFANG","EQ",299.95,307.49,265.51,280.37,282.5,295.01,2509797,7093.07,"08-Oct-2026",48856,"",""
"1860","MAFATIND","EQ",115.1,116.37,110.01,111.07,111.1,115.95,40912,46.1,"08-Oct-2026",1187,"",""
"1861","MAGADSUGAR","EQ",562.25,576.45,540,544.65,550,562.3,39991,222.45,"08-Oct-2026",2668,"",""
"1862","MAGNUM","EQ",18.49,18.49,17.61,17.82,18,18.18,31692,5.68,"08-Oct-2026",159,"",""
"1863","MAGSON","SM",182.9,182.9,180,180,180,183,2000,3.63,"08-Oct-2026",2,"",""
"1864","MAHABANK","EQ",84.15,84.5,82.05,82.05,82.05,84.15,9505081,7901.6,"08-Oct-2026",42357,"",""
"1865","MAHAPEXLTD","EQ",51.91,52.95,49.09,50.77,50,51.66,6954,3.54,"08-Oct-2026",125,"",""
"1866","MAHASTEEL","BE",1101,1120.3,1059.2,1086.9,1059.5,1114.9,3296,35.68,"08-Oct-2026",239,"",""
"1867","MAHEPC","EQ",97,99.79,96.5,98.16,97.29,98.37,15501,15.17,"08-Oct-2026",418,"",""
"1868","MAHESHWARI","EQ",71,71,70,70.72,71,71.2,5959,4.18,"08-Oct-2026",29,"",""
"1869","MAHKTECH","EQ",23.46,23.46,22.05,22.63,22.69,23,879558,199.36,"08-Oct-2026",6335,"",""
"1870","MAHLIFE","EQ",351.1,353.65,339.1,342.1,339.2,351.1,201761,693.04,"08-Oct-2026",7143,"",""
"1871","MAHLOG","EQ",411.15,411.15,393.1,395.4,395,411.15,164360,656.84,"08-Oct-2026",7765,"",""
"1872","MAHSCOOTER","EQ",12251,12300,12000,12048,12050,12242,6118,743.58,"08-Oct-2026",2175,"",""
"1873","MAHSEAMLES","EQ",704.55,704.55,641.15,644.25,644.85,692.75,538476,3568.26,"08-Oct-2026",32492,"",""
"1874","MAITHANALL","EQ",910,910.05,881,887.55,884,905.75,42951,383.98,"08-Oct-2026",2979,"",""
"1875","MAITREYA","SM",112.65,112.65,112.65,112.65,112.65,118.1,400,0.45,"08-Oct-2026",1,"",""
"1876","MAJESAUT","BE",375,375,362.45,365.55,367,367.6,1266,4.62,"08-Oct-2026",71,"",""
"1877","MAKEINDIA","EQ",156.8,156.8,151.1,151.43,151.26,155.25,39422,60.04,"08-Oct-2026",903,"",""
"1878","MAKERSL","EQ",180.01,185.9,176.51,179.5,179.5,179.21,3186,5.71,"08-Oct-2026",99,"",""
"1879","MAL","ST",38,38,36.8,36.8,36.8,38.55,3200,1.2,"08-Oct-2026",2,"",""
"1880","MALLCOM","EQ",900,909.75,892,900.85,901.8,902.1,1740,15.67,"08-Oct-2026",134,"",""
"1881","MALUPAPER","EQ",30.81,31.48,30.5,30.68,30.5,31.08,13051,4.03,"08-Oct-2026",128,"",""
"1882","MAMATA","EQ",393,396,384.1,385.7,384.5,395.95,30456,118.31,"08-Oct-2026",1861,"",""
"1883","MANAKALUCO","EQ",32,33.25,30.92,31.22,31.5,32.21,56163,17.71,"08-Oct-2026",572,"",""
"1884","MANAKCOAT","EQ",130.19,130.19,124.61,126.33,126,129.25,201412,255.1,"08-Oct-2026",2736,"",""
"1885","MANAKSIA","EQ",57.85,59.78,56.32,56.82,56.69,58.26,40757,23.6,"08-Oct-2026",1125,"",""
"1886","MANAKSTEEL","BE",109.11,112.94,105.43,106.14,105.43,110.97,47244,50.37,"08-Oct-2026",237,"",""
"1887","MANALIPETC","EQ",90.48,90.69,85.2,85.88,86.18,90.48,2439553,2116.25,"08-Oct-2026",16950,"",""
"1888","MANAPPURAM","EQ",308.1,309.7,303.65,304.15,304.15,308.9,1839807,5637.09,"08-Oct-2026",17677,"",""
"1889","MANBA","EQ",141.95,150.4,141.95,146.82,147.99,141.74,525646,775.06,"08-Oct-2026",9009,"",""
"1890","MANCREDIT","EQ",238.95,239.32,222,223.63,223,240.56,73180,166.59,"08-Oct-2026",1102,"",""
"1891","MANDEEP","SM",17.75,18,17.75,18,18,18,12000,2.15,"08-Oct-2026",6,"",""
"1892","MANGALAM","EQ",33.75,34,31.1,31.48,31.5,33.09,27243,8.72,"08-Oct-2026",331,"",""
"1893","MANGLMCEM","EQ",971.1,999.35,948,950.8,952.2,971.1,66709,648.57,"08-Oct-2026",3256,"",""
"1894","MANIKA","EQ",58,61.25,54.42,55.46,56.5,58.64,4757797,2745.32,"08-Oct-2026",31998,"",""
"1895","MANINDS","EQ",910.95,911.9,851,857.85,857.7,905.75,451881,3939.99,"08-Oct-2026",23917,"",""
"1896","MANINFRA","EQ",122,122,117.18,117.74,117.97,122.52,1717708,2050.86,"08-Oct-2026",7755,"",""
"1897","MANIPALHOS","EQ",700.1,703,678.1,684.05,684.05,699.15,724488,4969.35,"08-Oct-2026",38699,"",""
"1898","MANKIND","EQ",2501.1,2510.9,2347.6,2380,2380,2500,783247,18692.83,"08-Oct-2026",78867,"",""
"1899","MANOMAY","EQ",240,241,227.52,232.54,230.1,236.9,135011,315.17,"08-Oct-2026",3344,"",""
"1900","MANORAMA","EQ",1996,2049,1985,1998.5,1999.2,1996,195866,3960.75,"08-Oct-2026",25018,"",""
"1901","MANORG","EQ",438,445.4,419.1,427.25,425.6,438,11435,48.71,"08-Oct-2026",697,"",""
"1902","MANUFGBEES","EQ",155.39,155.39,148.5,149.43,149,153.85,16946,25.5,"08-Oct-2026",359,"",""
"1903","MANUGRAPH","BE",16.79,16.79,15.56,15.81,15.98,16.31,32567,5.18,"08-Oct-2026",214,"",""
"1904","MANYAVAR","EQ",500.95,510.7,486.15,489.9,490,500.2,135776,669.17,"08-Oct-2026",12126,"",""
"1905","MAPMYINDIA","EQ",895.4,909.1,870,874.7,874,896,90531,810.67,"08-Oct-2026",8049,"",""
"1906","MARALOVER","EQ",61,61,56.11,56.41,57.8,58.48,15494,9.16,"08-Oct-2026",218,"",""
"1907","MARATHON","EQ",379.55,379.55,358.4,361.2,360,377.7,62541,228.35,"08-Oct-2026",2579,"",""
"1908","MARC","ST",162.95,162.95,150.1,150.1,150.1,155.85,6000,9.19,"08-Oct-2026",5,"",""
"1909","MARCO","SM",29,29,28,28,28,29,3000,0.86,"08-Oct-2026",2,"",""
"1910","MARICO","EQ",788.2,794.15,774.3,777.25,777.25,787.25,565931,4418.62,"08-Oct-2026",35486,"",""
"1911","MARINE","EQ",473.9,473.9,446,452.6,453.9,476.4,1804249,8175.51,"08-Oct-2026",57743,"",""
"1912","MARKOLINES","EQ",170.26,170.79,161.81,164.44,166,169.6,114531,192.23,"08-Oct-2026",1044,"",""
"1913","MARKSANS","EQ",326.1,326.25,304.45,307.8,308,325.45,2348179,7304.46,"08-Oct-2026",56939,"",""
"1914","MARSONS","EQ",133.55,133.55,124.32,126.79,126.99,132.45,2972319,3827.74,"08-Oct-2026",21245,"",""
"1915","MARUSHIKA","SM",109.05,110,109.05,110,110,114,2400,2.63,"08-Oct-2026",2,"",""
"1916","MARUTI","EQ",11433,11463,11225,11228,11228,11450,431962,48771.81,"08-Oct-2026",51919,"",""
"1917","MASFIN","EQ",268.15,270.7,260.75,262.95,265,270.25,115672,305.87,"08-Oct-2026",5597,"",""
"1918","MASKINVEST","EQ",144.27,144.27,140,144.2,144.2,144.99,154,0.22,"08-Oct-2026",16,"",""
"1919","MASON","SM",101.5,101.5,98,98.2,98,101,25500,25.35,"08-Oct-2026",30,"",""
"1920","MASPTOP50","EQ",118.5,119.64,109.01,111.67,112,116.81,1562893,1768.37,"08-Oct-2026",20341,"",""
"1921","MASTEK","EQ",1630,1679,1612.1,1651.2,1648,1624.9,127423,2104.07,"08-Oct-2026",19687,"",""
"1922","MASTERTR","EQ",83.55,85.56,79.15,81.6,83,82.94,563079,466.76,"08-Oct-2026",4399,"",""
"1923","MATRIMONY","EQ",529.05,565.9,511.25,517.8,515,517.5,56966,307.16,"08-Oct-2026",2962,"",""
"1924","MAWANASUG","EQ",150.5,155.2,144,145.11,146.5,151.66,330517,491.34,"08-Oct-2026",6474,"",""
"1925","MAXESTATES","EQ",550.5,550.5,529.6,531.75,535.9,550.5,70271,375.81,"08-Oct-2026",4328,"",""
"1926","MAXHEALTH","EQ",900.5,903.6,870,873.4,873.4,908,2239281,19681.75,"08-Oct-2026",98599,"",""
"1927","MAXIND","EQ",162.8,162.8,152.5,158.42,159,162.27,138284,215.18,"08-Oct-2026",2401,"",""
"1928","MAXPOSURE","SM",34,34,34,34,34,34.6,2000,0.68,"08-Oct-2026",2,"",""
"1929","MAXVOLT","SM",440,443,424,425.9,424,442.6,42400,182.8,"08-Oct-2026",95,"",""
"1930","MAYASHEEL","SM",33,35.75,32.5,32.5,32.5,33,9000,3.04,"08-Oct-2026",3,"",""
"1931","MAYURUNIQ","EQ",766.5,766.5,740.3,749.9,750.1,762.85,78266,586.93,"08-Oct-2026",4311,"",""
"1932","MAZDA","BE",283.9,287.2,270.05,271.7,270.3,283.65,14234,39.3,"08-Oct-2026",197,"",""
"1933","MAZDOCK","EQ",2055,2060.9,1990,1990,1990,2064.4,683614,13750.6,"08-Oct-2026",43024,"",""
"1934","MBAPL","EQ",169.7,169.7,163,163.42,163.75,168.02,375576,620.02,"08-Oct-2026",6438,"",""
"1935","MBECL","BE",474.3,474.3,474.3,474.3,474.3,483.95,512,2.43,"08-Oct-2026",23,"",""
"1936","MBEL","EQ",290,290,261.6,265.56,264,290.6,961258,2639.32,"08-Oct-2026",25096,"",""
"1937","MBLINFRA","EQ",25,25.85,22.66,23.88,24.23,25.06,69631,16.6,"08-Oct-2026",437,"",""
"1938","MCCHRLS-B","EQ",679.2,683.5,645,675.15,677.9,672.55,194,1.29,"08-Oct-2026",40,"",""
"1939","MCL","EQ",55.99,55.99,53.28,53.75,53.43,55.27,24501,13.25,"08-Oct-2026",860,"",""
"1940","MCLEODRUSS","EQ",42.7,42.7,40.13,40.63,40.59,42,308898,127.36,"08-Oct-2026",1201,"",""
"1941","MCLOUD","EQ",24.61,25.04,24.06,24.3,24.45,24.76,1019479,249.38,"08-Oct-2026",2636,"",""
"1942","MCON","SM",39.5,42.75,39.3,41,41,40.9,11000,4.48,"08-Oct-2026",8,"",""
"1943","MCX","EQ",3360,3370.3,3246,3255.6,3255.6,3362.6,2036568,66872.53,"08-Oct-2026",103790,"",""
"1944","MDL","SM",59,59,59,59,59,58.35,10000,5.9,"08-Oct-2026",9,"",""
"1945","MEDANTA","EQ",1299,1309.3,1270.9,1276.5,1274,1294.1,144593,1862.27,"08-Oct-2026",20224,"",""
"1946","MEDIASSIST","EQ",301.95,301.95,293.7,295.2,295,300,88729,262.94,"08-Oct-2026",5581,"",""
"1947","MEDICAMEQ","BE",316.7,316.7,297.6,304.7,304.9,313.25,28503,86.21,"08-Oct-2026",296,"",""
"1948","MEDICAPQ","BE",24.99,25.6,24.15,24.29,25,24.5,428,0.11,"08-Oct-2026",16,"",""
"1949","MEDICO","EQ",22.65,22.65,21.5,21.83,22.3,22.37,124325,27.52,"08-Oct-2026",901,"",""
"1950","MEDPLUS","EQ",645,645,626.5,631.9,630,647.3,44614,283.84,"08-Oct-2026",5441,"",""
"1951","MEESHO","EQ",236.53,237,229.4,232.19,232.6,236.52,14862375,34393.95,"08-Oct-2026",93729,"",""
"1952","MEGAFLEX","SM",123,128,123,128,128,123,2000,2.51,"08-Oct-2026",2,"",""
"1953","MEGASTAR","EQ",315.15,315.15,290,292.31,290.25,309.06,9122,27.36,"08-Oct-2026",316,"",""
"1954","MEGATHERM","SM",252,256,246,247.95,249.9,248.65,14800,36.73,"08-Oct-2026",31,"",""
"1955","MEIL","EQ",275,275,263,266.2,268.4,274.4,31315,83.64,"08-Oct-2026",1241,"",""
"1956","MENNPIS","BE",71.6,71.6,69.21,69.99,70,72.11,15492,10.83,"08-Oct-2026",117,"",""
"1957","MENONBE","EQ",298.5,299.9,282.65,287.1,287.5,301.45,77881,225.1,"08-Oct-2026",5320,"",""
"1958","MEP","BZ",0.69,0.69,0.68,0.69,0.69,0.68,43052,0.3,"08-Oct-2026",34,"",""
"1959","MERCANTILE","EQ",22.33,23.79,20.52,20.7,20.67,22.33,4342,0.92,"08-Oct-2026",124,"",""
"1960","MERCURYEV","EQ",38.7,38.7,36.05,36.48,36.39,37.88,199519,73.68,"08-Oct-2026",2224,"",""
"1961","METAL","EQ",12.77,12.77,11.99,12.02,12,12.46,4182535,505.71,"08-Oct-2026",10943,"",""
"1962","METALIC","ST",169.5,172,161,161.25,166,169.45,112000,183.95,"08-Oct-2026",50,"",""
"1963","METALIETF","EQ",12.69,12.69,11.96,12.09,12.2,12.39,10298143,1247.59,"08-Oct-2026",17050,"",""
"1964","METROBRAND","EQ",825.1,849.9,817,840.65,841.1,825.1,43221,362.34,"08-Oct-2026",6593,"",""
"1965","METROGLOBL","EQ",128.5,132,124.58,126.28,126.1,132,941,1.19,"08-Oct-2026",47,"",""
"1966","METROPOLIS","EQ",544.7,545.9,521.1,525.85,529.45,541.45,157417,839.12,"08-Oct-2026",11336,"",""
"1967","MFML","EQ",18.39,20.98,18.29,18.3,18.29,18.39,12728,2.42,"08-Oct-2026",109,"",""
"1968","MFSL","EQ",1350,1361.4,1316,1322.4,1322.4,1345.1,519819,6909.69,"08-Oct-2026",33483,"",""
"1969","MGEL","EQ",15.83,16.15,15.51,15.9,16,15.71,336436,53.39,"08-Oct-2026",875,"",""
"1970","MGL","EQ",1040,1050.8,1028.3,1043.9,1046,1041.6,94398,980.91,"08-Oct-2026",15818,"",""
"1971","MGSL","SM",59.1,60,57.1,60,60,58.6,19200,11.28,"08-Oct-2026",15,"",""
"1972","MHLXMIRU","BE",171.95,176.41,161.1,167.82,166,168.01,5244,9.1,"08-Oct-2026",80,"",""
"1973","MHRIL","EQ",195.07,195.36,186.21,187.23,187.59,195.07,132243,250.73,"08-Oct-2026",5638,"",""
"1974","MICEL","BE",34,34,33.6,33.7,33.7,34.13,145908,49.29,"08-Oct-2026",520,"",""
"1975","MICROPRO","SM",16.05,16.25,16.05,16.25,16.25,16.75,4800,0.78,"08-Oct-2026",3,"",""
"1976","MID150","EQ",22.17,22.39,21.72,22.04,21.81,22.26,110438,24.2,"08-Oct-2026",425,"",""
"1977","MID150BEES","EQ",226.99,226.99,220.52,221.17,221.82,226.35,1622414,3603.9,"08-Oct-2026",14415,"",""
"1978","MID150CASE","EQ",11.07,11.07,10.73,10.75,10.8,11.02,1581075,171.27,"08-Oct-2026",4718,"",""
"1979","MIDBANKADD","EQ",16.26,16.69,15.96,16.07,15.96,16.34,212870,34.27,"08-Oct-2026",74,"",""
"1980","MIDCAP","EQ",17,17.85,16.87,16.97,17,17.32,598078,102.03,"08-Oct-2026",1824,"",""
"1981","MIDCAPADD","EQ",21.83,22.09,21.34,21.52,21.48,21.83,10311,2.21,"08-Oct-2026",162,"",""
"1982","MIDCAPBETA","EQ",219.66,222.39,215.35,219.23,222.24,223.5,1902,4.13,"08-Oct-2026",79,"",""
"1983","MIDCAPETF","EQ",22.4,22.41,21.8,21.83,21.82,22.34,4378583,962.15,"08-Oct-2026",11639,"",""
"1984","MIDCAPIETF","EQ",22.66,22.66,22.05,22.11,22.15,22.61,1048512,233.41,"08-Oct-2026",3696,"",""
"1985","MIDHANI","EQ",453.8,457.55,437.05,442.55,443.5,458.7,655965,2922.52,"08-Oct-2026",27717,"",""
"1986","MIDQ50ADD","EQ",23.74,23.75,23.2,23.38,23.32,23.74,21565,5.05,"08-Oct-2026",250,"",""
"1987","MIDSELIETF","EQ",18.5,18.52,18.06,18.1,18.1,18.47,184918,33.78,"08-Oct-2026",900,"",""
"1988","MIDSMALL","EQ",50.25,50.25,49,49.11,49,50.3,157649,77.81,"08-Oct-2026",1612,"",""
"1989","MIDWESTLTD","EQ",1050,1082.4,985.05,989.8,999.9,1067.15,73088,754.17,"08-Oct-2026",5985,"",""
"1990","MIEL","SM",11.9,11.9,11.9,11.9,11.9,12.5,4000,0.48,"08-Oct-2026",2,"",""
"1991","MIIL","EQ",672,675.2,655.1,670.85,667.9,667.5,54760,363.11,"08-Oct-2026",1564,"",""
"1992","MILKYMIST","BE",335,342.4,320.1,328.35,329.8,335.15,1790223,5882.32,"08-Oct-2026",16642,"",""
"1993","MINALIND","BE",4.01,4.01,4.01,4.01,4.01,4.09,5410,0.22,"08-Oct-2026",13,"",""
"1994","MINDACORP","EQ",639,639.2,629,635.15,635.5,639.45,193198,1226.76,"08-Oct-2026",16170,"",""
"1995","MINDSPACE","RR",494.8,498.8,490,490.99,490.98,493.59,248916,1229.05,"08-Oct-2026",8432,"",""
"1996","MINDTECK","EQ",141.7,142.55,133,135.08,134,140.12,45751,62.84,"08-Oct-2026",1784,"",""
"1997","MIRZAINT","EQ",27.85,27.97,27.24,27.44,27.49,27.85,55976,15.43,"08-Oct-2026",1276,"",""
"1998","MITCON","EQ",78.5,80.1,77.25,77.85,77.3,78.49,3676,2.87,"08-Oct-2026",80,"",""
"1999","MITTAL","EQ",0.73,0.73,0.68,0.69,0.69,0.72,1326303,9.33,"08-Oct-2026",425,"",""
"2000","MKEXIM","EQ",63.19,63.98,55.7,57.76,57.84,62,11651,6.93,"08-Oct-2026",215,"",""
"2001","MKPL","EQ",3.94,4.58,3.88,3.92,3.95,3.93,196664,7.98,"08-Oct-2026",395,"",""
"2002","MLKFOOD","EQ",86,86.4,84.6,85.15,85.9,85.7,4571,3.9,"08-Oct-2026",104,"",""
"2003","MMEL","SM",26.75,26.75,24.25,24.25,24.25,25.5,16000,4.13,"08-Oct-2026",8,"",""
"2004","MMFL","EQ",569,586,550.5,553.7,556.4,566.05,85497,486.77,"08-Oct-2026",5004,"",""
"2005","MMP","EQ",512,515.45,475.15,483.25,484.5,498.8,213115,1052.14,"08-Oct-2026",10129,"",""
"2006","MMTC","EQ",56.82,56.82,54.02,54.27,54.44,56.2,999275,549.18,"08-Oct-2026",9299,"",""
"2007","MMWL","EQ",19.78,19.78,19,19.77,19.78,17.99,1519214,299.52,"08-Oct-2026",1722,"",""
"2008","MNC","EQ",31.16,31.16,30.3,30.45,30.52,31.16,37215,11.43,"08-Oct-2026",610,"",""
"2009","MOALPHA50","EQ",54.91,55.73,53.36,53.59,53.57,54.91,6757,3.65,"08-Oct-2026",97,"",""
"2010","MOBANK10","EQ",16.31,16.31,16.11,16.15,16.15,16.25,4357,0.71,"08-Oct-2026",51,"",""
"2011","MOBIKWIK","EQ",247,249.1,234.52,244.52,244.9,256.08,18727942,45052.88,"08-Oct-2026",145083,"",""
"2012","MOCAPITAL","EQ",54.23,54.23,51.89,52.02,51.95,52.91,700832,366.58,"08-Oct-2026",3610,"",""
"2013","MODEFENCE","EQ",101.25,101.49,98.11,98.39,98.65,100.93,1452875,1437.33,"08-Oct-2026",13621,"",""
"2014","MODINATUR","EQ",299.6,323.8,284.7,288.65,296.9,299.6,23362,69.05,"08-Oct-2026",678,"",""
"2015","MODIRUBBER","EQ",118.9,119,117.51,118.67,119,118.87,584,0.69,"08-Oct-2026",30,"",""
"2016","MODIS","EQ",379.5,383.35,369.85,375.25,374,382.8,14117,53.15,"08-Oct-2026",511,"",""
"2017","MODISONLTD","BE",488.9,493.95,464.4,464.4,464.4,488.8,47493,223.63,"08-Oct-2026",1080,"",""
"2018","MODTHREAD","EQ",46.09,50.89,45.51,46.2,45.87,45.21,6795,3.23,"08-Oct-2026",108,"",""
"2019","MOENERGY","EQ",36.9,37.08,35.88,35.98,36.03,36.81,123530,44.63,"08-Oct-2026",1148,"",""
"2020","MOGOLD","EQ",145.65,145.65,144.5,144.6,145.1,144.95,15431,22.34,"08-Oct-2026",261,"",""
"2021","MOGSEC","EQ",64.87,64.95,64.3,64.77,64.77,64.87,8198,5.31,"08-Oct-2026",66,"",""
"2022","MOHEALTH","EQ",51.64,51.64,49.2,49.36,49.44,50.39,54881,27.32,"08-Oct-2026",866,"",""
"2023","MOHITE","EQ",2.48,2.49,2.42,2.45,2.46,2.47,25601,0.63,"08-Oct-2026",42,"",""
"2024","MOHITIND","EQ",22.57,22.98,22.01,22.01,22.57,22.57,14333,3.23,"08-Oct-2026",103,"",""
"2025","MOIL","EQ",236,238.49,228.7,229.58,230.5,236.4,506838,1180.6,"08-Oct-2026",11044,"",""
"2026","MOINFRA","EQ",56.2,56.2,54.02,54.59,54.72,56.18,20504,11.27,"08-Oct-2026",193,"",""
"2027","MOIPO","EQ",46.8,46.8,45.19,45.34,45.34,46.71,4879,2.22,"08-Oct-2026",50,"",""
"2028","MOKSH","EQ",9.54,9.75,9.1,9.17,9.11,9.52,85759,7.99,"08-Oct-2026",258,"",""
"2029","MOL","EQ",61.47,61.47,57.4,57.74,57.7,61.06,672128,397.12,"08-Oct-2026",5458,"",""
"2030","MOLBIO","EQ",1559,1583.8,1451.2,1479.2,1470,1544.7,2011925,30257.44,"08-Oct-2026",114612,"",""
"2031","MOLDTECH","BE",221,224.99,209.95,209.95,209.95,220.99,42530,90.35,"08-Oct-2026",960,"",""
"2032","MOLDTKPAC","EQ",670,671.8,645,652.1,654,667.2,73950,488.17,"08-Oct-2026",4616,"",""
"2033","MOLOWVOL","EQ",34.1,34.9,33.17,33.27,33.35,34.17,33095,11.02,"08-Oct-2026",74,"",""
"2034","MOM100","EQ",65.74,65.74,62.44,62.74,62.9,64.14,570879,359.83,"08-Oct-2026",4158,"",""
"2035","MOM30IETF","EQ",29.43,30.49,29.4,29.44,29.54,30.19,1268035,375.1,"08-Oct-2026",3409,"",""
"2036","MOM50","EQ",236.67,236.67,230.31,231.28,231.68,236.09,12211,28.38,"08-Oct-2026",181,"",""
"2037","MOMENTUM","EQ",30.17,30.17,29.27,29.32,29.69,30.17,164306,48.37,"08-Oct-2026",447,"",""
"2038","MOMENTUM30","EQ",29.74,29.83,28.75,28.99,29.01,29.74,40233,11.69,"08-Oct-2026",394,"",""
"2039","MOMENTUM50","EQ",52.97,53.21,51.6,51.71,51.86,52.97,728947,379.23,"08-Oct-2026",15485,"",""
"2040","MOMETAL","EQ",12.6,12.8,11.89,12.08,12.58,12.35,173547,20.82,"08-Oct-2026",306,"",""
"2041","MOMGF","EQ",151.92,151.92,148.35,149.22,149.06,152.85,1519,2.27,"08-Oct-2026",64,"",""
"2042","MOMIDMTM","EQ",62.55,62.55,60.71,60.95,60.97,62.23,58854,36.02,"08-Oct-2026",565,"",""
"2043","MOMMIDCAP","EQ",12.5,12.5,12.22,12.24,12.23,12.56,1421498,174.35,"08-Oct-2026",800,"",""
"2044","MOMNC","EQ",30.5,30.5,29.48,29.51,29.59,30.18,1028,0.31,"08-Oct-2026",43,"",""
"2045","MOMOMENTUM","EQ",59.78,59.98,58.47,58.67,58.73,59.98,91404,53.82,"08-Oct-2026",769,"",""
"2046","MOMSBELIEF","EQ",234.89,234.96,215.1,218.49,215.11,229.68,460625,1019.79,"08-Oct-2026",5413,"",""
"2047","MON100","EQ",337.49,337.5,320.42,325.15,326,332.06,1018267,3320.47,"08-Oct-2026",25895,"",""
"2048","MON50EQUAL","EQ",31.15,31.45,30.54,30.7,30.66,31.15,12371,3.8,"08-Oct-2026",139,"",""
"2049","MONARCH","EQ",348.5,348.5,327.1,330.05,332.95,347.15,95473,318.29,"08-Oct-2026",2506,"",""
"2050","MONEXT50","EQ",69,69.51,67.11,67.27,67.7,69.51,21959,14.87,"08-Oct-2026",130,"",""
"2051","MONEYBOXX","BE",52.72,54,51,51.5,51.5,52.72,17058,8.88,"08-Oct-2026",48,"",""
"2052","MONEYVIEW","EQ",64.4,64.56,55.66,57.89,56.72,60.46,375979634,227486.26,"08-Oct-2026",745059,"",""
"2053","MONIFTY100","EQ",23.8,23.8,23.4,23.63,23.71,23.84,80998,19.01,"08-Oct-2026",88,"",""
"2054","MONIFTY500","EQ",22.6,22.66,22.01,22.1,22.1,22.59,1018148,226.56,"08-Oct-2026",2513,"",""
"2055","MONOLITH","SM",1277,1309.9,1260,1271.1,1271.5,1271.95,28000,358.13,"08-Oct-2026",96,"",""
"2056","MONOPHARMA","SM",8,8.75,8,8.5,8.5,8.4,12000,1,"08-Oct-2026",6,"",""
"2057","MONQ50","EQ",261.7,272.3,221.05,243.73,241.99,258.57,3577769,8601.93,"08-Oct-2026",65639,"",""
"2058","MONTECARLO","EQ",529.7,529.7,512.75,514.7,514.5,525.7,24851,128.46,"08-Oct-2026",2273,"",""
"2059","MOOILGAS","EQ",10.97,10.97,10.36,10.46,10.42,10.98,66431,6.92,"08-Oct-2026",224,"",""
"2060","MOPSE","EQ",93.98,93.98,91.9,92.12,92,95.53,4286,3.97,"08-Oct-2026",87,"",""
"2061","MOQUALITY","EQ",188.19,188.19,182,182.84,184.98,188.19,4213,7.8,"08-Oct-2026",100,"",""
"2062","MOREALTY","EQ",81.84,83.12,80.1,80.26,80.5,82.77,580042,470.08,"08-Oct-2026",4114,"",""
"2063","MOREPENLAB","EQ",147.48,147.48,133.26,136.55,138.8,146.97,21277943,29728.49,"08-Oct-2026",117052,"",""
"2064","MOS","SM",6.6,6.6,6,6.05,6.05,6.3,616000,38.45,"08-Oct-2026",115,"",""
"2065","MOSCHIP","EQ",196.25,196.25,186,186.71,187.28,195.2,1250720,2376.84,"08-Oct-2026",20867,"",""
"2066","MOSERVICE","EQ",29.46,29.84,28.66,28.74,28.88,29.25,4903,1.42,"08-Oct-2026",97,"",""
"2067","MOSILVER","EQ",216.48,216.48,212.54,213.07,213,216.16,46870,100.2,"08-Oct-2026",794,"",""
"2068","MOSMALL250","EQ",18.03,18.03,17.5,17.58,17.64,17.95,1208467,213.44,"08-Oct-2026",3322,"",""
"2069","MOTHERSON","EQ",158.57,158.9,153.08,153.08,153.08,159.2,14700252,22810.17,"08-Oct-2026",83607,"",""
"2070","MOTILALOFS","EQ",1066.9,1066.9,1011.25,1014.3,1014.3,1067.9,789291,8142.94,"08-Oct-2026",26176,"",""
"2071","MOTISONS","EQ",17.84,17.84,17.45,17.57,17.62,17.68,13426360,2369.91,"08-Oct-2026",16768,"",""
"2072","MOTOGENFIN","EQ",25.78,26.98,25.18,25.21,25.26,25.3,11748,3.03,"08-Oct-2026",101,"",""
"2073","MOTOUR","EQ",76.22,76.22,73.5,73.82,73.51,76.15,34599,25.79,"08-Oct-2026",392,"",""
"2074","MOVALUE","EQ",106.5,106.56,104,104.61,105,106.5,63183,66.65,"08-Oct-2026",1112,"",""
"2075","MPDL","BE",25.87,25.88,25.87,25.87,25.87,26,1304,0.34,"08-Oct-2026",6,"",""
"2076","MPEL","SM",23,23.65,22.25,23.65,23.65,22.55,243200,57.3,"08-Oct-2026",94,"",""
"2077","MPHASIS","EQ",2299,2357.3,2280.8,2303.4,2303.4,2289,753211,17545.32,"08-Oct-2026",48328,"",""
"2078","MPIMANIPAL","EQ",378.75,378.75,348.75,361.8,366,377.6,1133413,4061.54,"08-Oct-2026",42786,"",""
"2079","MPSLTD","EQ",2675,2688.9,2542.2,2573.8,2575,2697.1,17669,456.75,"08-Oct-2026",3489,"",""
"2080","MRF","EQ",123585,123585,122000,122465,122100,123075,2651,3248.14,"08-Oct-2026",2154,"",""
"2081","MRIL","ST",65.6,65.6,65.55,65.55,65.55,69,8000,5.25,"08-Oct-2026",5,"",""
"2082","MRPL","EQ",182.5,183.73,170.78,173.85,173.7,182.86,13192536,23140.04,"08-Oct-2026",79224,"",""
"2083","MSCI360","EQ",9.51,9.53,9.33,9.37,9.37,9.51,2424,0.23,"08-Oct-2026",43,"",""
"2084","MSCIADD","EQ",27.6,27.71,27.21,27.32,27.32,27.88,925,0.25,"08-Oct-2026",171,"",""
"2085","MSCIINDIA","EQ",28.18,28.18,27.5,27.6,27.55,28.18,37276,10.33,"08-Oct-2026",240,"",""
"2086","MSL","EQ",147.85,148.59,133.1,136.69,134.85,145.69,579,0.82,"08-Oct-2026",70,"",""
"2087","MSPL","EQ",30.8,31.3,29.79,30.19,30.3,30.95,1032825,314.17,"08-Oct-2026",3968,"",""
"2088","MSTCLTD","EQ",707.85,710.05,665,668.4,667.1,698.75,196069,1334.56,"08-Oct-2026",8918,"",""
"2089","MSUMI","EQ",33.45,33.48,32.75,32.97,33.01,33.57,7113684,2354.64,"08-Oct-2026",31371,"",""
"2090","MTARTECH","BE",7814.5,7856,7597,7849.5,7850,7864.5,110779,8568.44,"08-Oct-2026",14417,"",""
"2091","MTEDUCARE","BE",1.73,1.73,1.61,1.69,1.7,1.65,50250,0.85,"08-Oct-2026",69,"",""
"2092","MTNL","EQ",23.6,23.72,22.52,22.81,22.9,23.55,1366574,312.78,"08-Oct-2026",5351,"",""
"2093","MUFIN","EQ",135.5,136.9,132.43,133.08,132.8,135.17,1006522,1355.66,"08-Oct-2026",7406,"",""
"2094","MUFTI","EQ",69.1,70.78,68,68.26,68.01,69.96,70824,48.95,"08-Oct-2026",1901,"",""
"2095","MUKANDLTD","EQ",186.38,186.38,171.49,174.29,174,185.92,528265,935.32,"08-Oct-2026",8248,"",""
"2096","MUKKA","BE",26.94,27.42,25.9,26.39,26.8,26.94,267091,70.95,"08-Oct-2026",745,"",""
"2097","MUKTAARTS","EQ",57.59,57.59,54.92,57,57,56.5,326,0.18,"08-Oct-2026",11,"",""
"2098","MULTICAP","EQ",16.02,16.02,15.57,15.61,15.62,15.95,306415,48.13,"08-Oct-2026",1259,"",""
"2099","MUNISH","SM",89,89,87.15,87.2,87.2,90,19200,16.82,"08-Oct-2026",9,"",""
"2100","MUNJALAU","EQ",105.05,105.24,100.97,101.51,101.49,105.44,295251,302.72,"08-Oct-2026",6369,"",""
"2101","MUNJALSHOW","EQ",124.1,126.89,120,120.7,120.98,125.58,38791,47.51,"08-Oct-2026",853,"",""
"2102","MURUDCERA","EQ",27.7,28.43,27,27.04,27.05,27.97,14408,3.97,"08-Oct-2026",150,"",""
"2103","MUTHOOTCAP","EQ",217.78,217.78,198.67,207.66,213.5,213.53,20264,41.83,"08-Oct-2026",932,"",""
"2104","MUTHOOTFIN","EQ",2650,2651.5,2559.6,2559.6,2559.6,2654.4,699689,18133.21,"08-Oct-2026",62205,"",""
"2105","MUTHOOTMF","EQ",179,179.63,167.41,168.21,168,172.91,459570,787.55,"08-Oct-2026",7339,"",""
"2106","MVELECTRO","EQ",929.5,929.5,856.35,879.25,874,920.25,1542045,13499.34,"08-Oct-2026",55793,"",""
"2107","MVGJL","EQ",214.9,219,207.1,208.29,208.5,212.39,275432,587.26,"08-Oct-2026",8554,"",""
"2108","MVKAGRO","SM",227.95,239.55,224,238.5,239.55,228.15,335100,784.01,"08-Oct-2026",226,"",""
"2109","MWL","EQ",42.04,42.04,40.31,40.76,41.25,42.04,238059,97.59,"08-Oct-2026",1077,"",""
"2110","MYMUDRA","SM",99.5,102.8,92.5,99.45,99,99.2,234000,233.2,"08-Oct-2026",118,"",""
"2111","MYSORPETRO","BE",116,116,112.8,113.04,112.8,117.06,709,0.81,"08-Oct-2026",24,"",""
"2112","NACLIND","EQ",132.5,132.88,128.05,129.1,129.34,132.6,338234,440.29,"08-Oct-2026",6140,"",""
"2113","NAGREEKCAP","EQ",28.25,28.25,26.78,27.26,27.5,27.25,9985,2.77,"08-Oct-2026",65,"",""
"2114","NAGREEKEXP","EQ",21.05,22.97,20.8,21.3,21.76,21.63,26269,5.61,"08-Oct-2026",296,"",""
"2115","NAHARCAP","EQ",246.79,252,230,230.64,232.9,241.99,3822,8.95,"08-Oct-2026",151,"",""
"2116","NAHARINDUS","EQ",135.9,135.9,124.5,125.25,125.3,133.93,20091,25.6,"08-Oct-2026",731,"",""
"2117","NAHARPOLY","EQ",223,224.9,220.01,223.85,224.39,222.13,1834,4.08,"08-Oct-2026",90,"",""
"2118","NAHARSPING","EQ",265,268.9,250,251.4,250.15,264.3,25450,65.6,"08-Oct-2026",688,"",""
"2119","NAM-INDIA","EQ",1055,1059.5,1032.6,1039.4,1039.4,1047.2,490778,5132.11,"08-Oct-2026",31679,"",""
"2120","NAMAN","ST",48.2,48.2,48.2,48.2,48.2,48.2,12800,6.17,"08-Oct-2026",11,"",""
"2121","NAMOEWASTE","SM",379.95,379.95,348,352.4,348,372.85,56800,204.31,"08-Oct-2026",68,"",""
"2122","NARMADA","EQ",11.5,12.06,11.1,11.15,11.2,11.35,465218,53.03,"08-Oct-2026",1394,"",""
"2123","NATCAPSUQ","BE",163.5,163.5,157.5,157.64,157.5,161.42,1265,2.01,"08-Oct-2026",37,"",""
"2124","NATCOPHARM","EQ",812.95,819,792.1,795.4,794.8,810.1,312124,2502.15,"08-Oct-2026",37128,"",""
"2125","NATHBIOGEN","EQ",138,138.45,134,136.1,135.77,136.87,6451,8.79,"08-Oct-2026",338,"",""
"2126","NATIONALUM","EQ",321.4,322,311.1,313.1,313.1,321.3,5007229,15779.36,"08-Oct-2026",73845,"",""
"2127","NATIONSTD","EQ",115.69,115.69,104.7,104.9,105.22,110.21,15649,16.53,"08-Oct-2026",572,"",""
"2128","NAUKRI","EQ",1221,1253.2,1182.8,1182.8,1182.8,1225.3,2180593,26198.06,"08-Oct-2026",114987,"",""
"2129","NAVA","EQ",570,571.5,539.1,544.5,546.1,570.45,569066,3149.51,"08-Oct-2026",31671,"",""
"2130","NAVINFLUOR","EQ",8475,8590,8400,8417.5,8402.5,8490,89654,7610.13,"08-Oct-2026",25890,"",""
"2131","NAVKARCORP","EQ",85.88,86.49,82.74,83.33,83.4,85.88,283352,237.02,"08-Oct-2026",5254,"",""
"2132","NAVKARURB","EQ",0.87,0.91,0.85,0.87,0.88,0.86,580968,5.05,"08-Oct-2026",303,"",""
"2133","NAVNETEDUL","EQ",123.66,123.79,120.76,121.66,121.99,123.95,51644,63.15,"08-Oct-2026",1521,"",""
"2134","NAZARA","EQ",377.85,396,374.3,376,376.8,378.45,3687557,14256.4,"08-Oct-2026",52271,"",""
"2135","NBCC","EQ",76.74,76.86,73.9,74,74,76.74,4958138,3721.33,"08-Oct-2026",31160,"",""
"2136","NBIFIN","EQ",1845.9,1869,1812,1813.9,1812,1839.3,97,1.79,"08-Oct-2026",38,"",""
"2137","NCC","EQ",126.88,126.88,119.01,119.93,119.7,126.88,3547134,4336.69,"08-Oct-2026",45238,"",""
"2138","NCLIND","EQ",163.93,164.5,160,160.54,160.2,163.93,88170,142.63,"08-Oct-2026",1078,"",""
"2139","NDGL","EQ",2393.8,2393.8,2299.9,2324,2319,2383.7,84,1.96,"08-Oct-2026",35,"",""
"2140","NDL","EQ",2.64,2.65,2.57,2.58,2.58,2.6,924178,24.11,"08-Oct-2026",1037,"",""
"2141","NDLVENTURE","EQ",120.26,122.69,117,117.51,119.09,120.26,7985,9.45,"08-Oct-2026",185,"",""
"2142","NDRAUTO","EQ",722,722,670,677.65,674,716.6,39373,269.58,"08-Oct-2026",1819,"",""
"2143","NDRINVIT","IV",151,151.5,151,151.5,151.5,153,150000,226.75,"08-Oct-2026",2,"",""
"2144","NDTV","EQ",67,67,63.59,64.35,65.5,66.48,96367,62.27,"08-Oct-2026",1778,"",""
"2145","NEAGI","EQ",3112.1,3194.6,3112.1,3194.6,3194.6,3284.4,5,0.16,"08-Oct-2026",5,"",""
"2146","NECCLTD","EQ",19.1,19.1,18.2,18.31,18.5,18.87,33977,6.28,"08-Oct-2026",270,"",""
"2147","NECLIFE","EQ",10.59,10.77,10.15,10.55,10.59,10.59,117526,12.27,"08-Oct-2026",370,"",""
"2148","NELCAST","EQ",150,150.84,132.31,141.52,139,146.29,1946820,2768.64,"08-Oct-2026",34854,"",""
"2149","NELCO","EQ",914.5,915.6,860,865,860,915.8,214964,1893.14,"08-Oct-2026",9818,"",""
"2150","NEOCHEM","SM",107,107,98,102.5,102.5,104.65,13200,13.35,"08-Oct-2026",11,"",""
"2151","NEOGEN","EQ",2435,2450,2370,2379.7,2370,2431.3,78074,1867.89,"08-Oct-2026",13273,"",""
"2152","NEPHROCARE","SM",85,85.9,80,82.8,83.5,84.75,30800,25.26,"08-Oct-2026",59,"",""
"2153","NEPHROPLUS","EQ",641.6,647.55,620.8,626.95,624.45,641.6,176599,1108.99,"08-Oct-2026",15693,"",""
"2154","NEPTUNE","SM",177,177,177,177,177,178.2,500,0.89,"08-Oct-2026",1,"",""
"2155","NESCO","EQ",1034,1038,1018,1027.8,1024,1028.9,63527,652.12,"08-Oct-2026",8467,"",""
"2156","NESTLEIND","EQ",1319.6,1345.2,1311.8,1319,1319,1324,1344650,17816.32,"08-Oct-2026",82433,"",""
"2157","NETF","EQ",245.53,246.11,242.18,242.25,244.39,246.55,4013,9.78,"08-Oct-2026",190,"",""
"2158","NETWEB","EQ",4696.9,4903,4667.8,4715.1,4736,4685.4,2348245,112450.14,"08-Oct-2026",193218,"",""
"2159","NETWORK18","EQ",25.65,25.7,24.25,24.39,24.5,25.7,4653625,1155.89,"08-Oct-2026",12181,"",""
"2160","NEUEON","BE",13,13.24,12.66,12.83,12.89,13.31,12085,1.55,"08-Oct-2026",103,"",""
"2161","NEULANDLAB","EQ",21655,21925,20925,21015,21015,21655,28994,6202.33,"08-Oct-2026",11831,"",""
"2162","NEWGEN","EQ",448.1,469.25,439.1,442.55,441.4,447.75,1175264,5327.96,"08-Oct-2026",42504,"",""
"2163","NEWJAISA","ST",14.9,16.3,14.9,16.1,16.3,15.65,30000,4.51,"08-Oct-2026",12,"",""
"2164","NEXT30ADD","EQ",39.78,39.81,39,39.03,39.81,39.96,5271,2.07,"08-Oct-2026",188,"",""
"2165","NEXT50","EQ",719.52,719.52,698.67,699.37,699.54,718.03,74496,524.62,"08-Oct-2026",5624,"",""
"2166","NEXT50ADD","EQ",69.71,69.74,68.22,68.32,68.51,69.98,5246,3.6,"08-Oct-2026",177,"",""
"2167","NEXT50BETA","EQ",75.08,75.08,73,73.27,73.69,75.08,93420,68.9,"08-Oct-2026",1131,"",""
"2168","NEXT50ETF","EQ",70,70.01,68.11,68.58,68.61,70.11,24495,16.9,"08-Oct-2026",351,"",""
"2169","NEXT50IETF","EQ",73.79,73.79,71.35,71.46,71.55,73.4,2292032,1651.45,"08-Oct-2026",10929,"",""
"2170","NEXTMEDIA","EQ",3.54,3.55,3.48,3.49,3.54,3.53,5684,0.2,"08-Oct-2026",27,"",""
"2171","NFL","EQ",63.5,63.65,61.15,61.34,61.3,63.76,816453,506.74,"08-Oct-2026",7161,"",""
"2172","NFPSAMPOOR","SM",20.3,20.3,19.5,19.55,19.5,20.3,14000,2.76,"08-Oct-2026",6,"",""
"2173","NGIL","EQ",36.51,38,36.51,37.75,37.74,37.37,584,0.22,"08-Oct-2026",19,"",""
"2174","NGLFINE","EQ",3157.1,3157.1,2975,2998.9,3043,3134.2,3947,119.84,"08-Oct-2026",980,"",""
"2175","NH","EQ",1726,1729.2,1680.2,1695.3,1680.2,1723.2,176338,3010.82,"08-Oct-2026",25231,"",""
"2176","NHIT","IV",168,168,168,168,168,168,25000,42,"08-Oct-2026",1,"",""
"2177","NHPC","EQ",72.5,72.88,71.1,71.65,71.65,72.5,10723011,7688.09,"08-Oct-2026",34055,"",""
"2178","NIACL","EQ",161.35,167.26,155.55,158.14,156.8,159.29,6834159,11090.33,"08-Oct-2026",79010,"",""
"2179","NIBE","EQ",1300,1300,1215,1224.7,1226,1270.1,86830,1076.5,"08-Oct-2026",6877,"",""
"2180","NIBL","EQ",31.98,32.1,30.66,30.97,31.5,31.37,6719,2.1,"08-Oct-2026",116,"",""
"2181","NICCOPAR","EQ",76.8,78.99,74.81,76.9,76.9,76.91,485,0.37,"08-Oct-2026",33,"",""
"2182","NIDAN","SM",12.85,13.5,12.85,13.5,13.5,13.05,4000,0.52,"08-Oct-2026",3,"",""
"2183","NIF100BEES","EQ",251.32,252.29,246.8,247.39,248.16,251.24,77347,192.43,"08-Oct-2026",1274,"",""
"2184","NIF100IETF","EQ",26.45,26.5,25.93,26.01,26.11,26.51,281570,73.46,"08-Oct-2026",1793,"",""
"2185","NIF500BETA","EQ",34.91,36.27,34.55,34.68,34.55,35.36,3621,1.27,"08-Oct-2026",39,"",""
"2186","NIFTY1","EQ",251.29,251.29,246.94,247.2,247.05,251.29,152789,378.75,"08-Oct-2026",2187,"",""
"2187","NIFTY100EW","EQ",33.38,33.38,32.37,32.51,32.51,33.38,124558,40.57,"08-Oct-2026",635,"",""
"2188","NIFTYADD","EQ",238.3,238.3,234,234.67,234,238.12,191114,449,"08-Oct-2026",271,"",""
"2189","NIFTYAXIS","EQ",244.23,251.33,244.23,246.72,246,250.5,587984,1458.82,"08-Oct-2026",600,"",""
"2190","NIFTYBEES","EQ",258.69,258.69,253.37,253.76,254.09,257.59,10595383,26985.61,"08-Oct-2026",154093,"",""
"2191","NIFTYBETA","EQ",250.97,251.89,246.66,247.32,249,250.97,89062,220.82,"08-Oct-2026",874,"",""
"2192","NIFTYBETF","EQ",232.89,232.89,228.45,229.55,228.46,232.77,4141,9.53,"08-Oct-2026",103,"",""
"2193","NIFTYCASE","EQ",9.16,9.16,8.93,8.96,8.98,9.09,2153640,193.44,"08-Oct-2026",3785,"",""
"2194","NIFTYETF","EQ",246.39,246.39,241.82,242.12,242.44,246.38,273528,664.06,"08-Oct-2026",1862,"",""
"2195","NIFTYIETF","EQ",257.35,257.35,252.17,252.65,253.1,256.5,1856758,4707.29,"08-Oct-2026",15526,"",""
"2196","NIFTYJBLK","EQ",11.9,11.9,11.38,11.43,11.44,11.61,174100,19.98,"08-Oct-2026",840,"",""
"2197","NIFTYQLITY","EQ",19.78,19.99,19.45,19.53,19.54,19.78,43804,8.57,"08-Oct-2026",262,"",""
"2198","NIITLTD","EQ",84.95,86.17,81.12,81.78,81.5,84.99,149727,123.56,"08-Oct-2026",2565,"",""
"2199","NIITMTS","EQ",204.29,204.29,197.63,200.01,200,203.37,114988,229.54,"08-Oct-2026",3569,"",""
"2200","NIKITA","SM",68.2,68.6,67.5,67.5,67.5,70.95,3600,2.45,"08-Oct-2026",3,"",""
"2201","NILAINFRA","EQ",6.54,6.65,6.47,6.47,6.47,6.63,111839,7.28,"08-Oct-2026",437,"",""
"2202","NILASPACES","EQ",11.35,11.37,10.76,11.01,11.14,11.35,555730,61.41,"08-Oct-2026",1419,"",""
"2203","NILE","EQ",1265,1294,1202.3,1216.4,1233,1258.6,5610,70.65,"08-Oct-2026",1016,"",""
"2204","NILKAMAL","EQ",1821.1,1890.8,1821.1,1854.3,1840.5,1831.7,27741,515.94,"08-Oct-2026",4253,"",""
"2205","NIMBSPROJ","EQ",185.23,190.79,184.2,189.88,186,191.61,31447,58.54,"08-Oct-2026",231,"",""
"2206","NINSYS","EQ",829.75,829.75,788.3,816.45,815,829.75,12531,100.89,"08-Oct-2026",878,"",""
"2207","NIPPOBATRY","EQ",318,319.9,310.3,311.7,310.6,316.05,471,1.48,"08-Oct-2026",86,"",""
"2208","NIRAJ","EQ",27.8,28.06,26.9,27.32,27.03,27.52,23394,6.35,"08-Oct-2026",83,"",""
"2209","NIRAJISPAT","BE",284,285.5,284,285.5,285.5,284.1,85,0.24,"08-Oct-2026",3,"",""
"2210","NIRLON","EQ",615.55,628.9,615.5,620,620,620.1,5724,35.57,"08-Oct-2026",353,"",""
"2211","NIRMAN","SM",28.8,28.8,26.5,26.65,26.85,28.2,9000,2.49,"08-Oct-2026",25,"",""
"2212","NITCO","EQ",82.16,82.29,78.64,78.9,79.45,82.75,416999,333.46,"08-Oct-2026",3299,"",""
"2213","NITINSPIN","EQ",615.6,615.6,595,596.4,595.05,615.6,79233,478.03,"08-Oct-2026",4968,"",""
"2214","NITIRAJ","EQ",214.98,214.98,202.5,203.69,204.99,213.86,643,1.32,"08-Oct-2026",51,"",""
"2215","NITTAGELA","EQ",1670.5,1697.9,1620.3,1652.2,1664,1668.4,2334,38.63,"08-Oct-2026",517,"",""
"2216","NITYAS","BE",80,84,77,83.99,84,75,7703838,6235.19,"08-Oct-2026",22306,"",""
"2217","NIVABUPA","EQ",78.85,83.5,76.49,77.83,77,77.38,10991966,8840.95,"08-Oct-2026",83031,"",""
"2218","NKIND","EQ",60.19,60.19,57,57,57,58.99,1609,0.92,"08-Oct-2026",21,"",""
"2219","NLCINDIA","EQ",250.85,250.85,240.5,241.45,241.3,250.35,1113004,2717.12,"08-Oct-2026",26663,"",""
"2220","NMDC","EQ",72.75,72.75,70.1,70.69,70.69,72.8,26538950,18902.34,"08-Oct-2026",82163,"",""
"2221","NMSTEEL","SM",21.65,23.2,21.65,23.2,23.2,23.3,12800,2.92,"08-Oct-2026",8,"",""
"2222","NOCIL","EQ",173.5,173.51,165.1,165.76,166.1,172.82,500059,840.12,"08-Oct-2026",8988,"",""
"2223","NOIDATOLL","EQ",3.74,4.09,3.54,3.83,3.8,3.67,330776,12.75,"08-Oct-2026",1148,"",""
"2224","NORBTEAEXP","EQ",61.36,63.99,59.52,61.99,61.99,61.36,2764,1.68,"08-Oct-2026",81,"",""
"2225","NORTHARC","EQ",291.9,292,278.85,280.7,282.05,293.75,757527,2154.52,"08-Oct-2026",15491,"",""
"2226","NOVAAGRI","EQ",22.24,22.59,21.5,21.95,21.92,22.24,31244,6.92,"08-Oct-2026",333,"",""
"2227","NOVARTIND","EQ",2041.5,2057.9,1970,1987.7,2008,2010.4,34524,689.86,"08-Oct-2026",4947,"",""
"2228","NPBET","EQ",281.53,281.53,279.11,279.11,279.11,281.53,494,1.38,"08-Oct-2026",20,"",""
"2229","NPST","EQ",1867.2,1867.2,1774,1790.2,1798,1854.9,64718,1165.65,"08-Oct-2026",6449,"",""
"2230","NRAIL","EQ",660.9,668,643.15,651.15,647,660.9,29846,194.32,"08-Oct-2026",2693,"",""
"2231","NRBBEARING","EQ",534.45,534.45,498.1,510.2,510,529.95,572093,2920.31,"08-Oct-2026",29875,"",""
"2232","NRL","BE",161,161,158.9,158.9,158.9,160.14,27444,44.09,"08-Oct-2026",130,"",""
"2233","NRVANDANA","SM",69.05,71,69,71,71,72,21000,14.58,"08-Oct-2026",7,"",""
"2234","NSIL","EQ",5212,5365.5,5055,5108,5066,5266.5,2222,114.72,"08-Oct-2026",495,"",""
"2235","NSLNISP","EQ",40.51,40.56,39,39.1,39.05,40.55,3495333,1387.62,"08-Oct-2026",17116,"",""
"2236","NTCIND","EQ",135.19,136.54,132,135.03,134,132.53,450,0.6,"08-Oct-2026",66,"",""
"2237","NTPC","EQ",316,316.4,308.45,309.7,309.7,316.75,12262742,38156.9,"08-Oct-2026",136271,"",""
"2238","NTPCGREEN","EQ",88.51,91.98,87.62,90.8,90.62,88.51,6500219,5872.87,"08-Oct-2026",49051,"",""
"2239","NUCLEUS","EQ",628.15,633.95,609.3,619.8,610.05,628.85,24065,149.6,"08-Oct-2026",1812,"",""
"2240","NURECA","BE",330.05,340,326.1,331.35,332,333.9,8042,26.93,"08-Oct-2026",202,"",""
"2241","NUVAMA","EQ",1807.8,1813.1,1721.1,1737.4,1733.9,1825.9,245430,4336.63,"08-Oct-2026",29171,"",""
"2242","NUVOCO","EQ",324.1,328.7,320.6,321.9,322,324.75,142319,460.17,"08-Oct-2026",14993,"",""
"2243","NV20","EQ",13.08,13.17,12.92,12.99,13,13.08,161083,20.92,"08-Oct-2026",370,"",""
"2244","NV20BEES","EQ",131.77,132.99,129.5,129.65,132.49,131.77,26603,34.58,"08-Oct-2026",412,"",""
"2245","NV20IETF","EQ",12.83,12.88,12.61,12.63,12.68,12.83,538863,68.25,"08-Oct-2026",1966,"",""
"2246","NXST","RR",164.95,165.98,164.5,164.82,164.7,164.66,286398,472.39,"08-Oct-2026",3342,"",""
"2247","NXT-INFRA","IV",99.8,99.8,98,98,98,98,1e+05,98.45,"08-Oct-2026",4,"",""
"2248","NYKAA","EQ",340.85,344.1,332.3,332.3,332.3,341.25,4233718,14286.88,"08-Oct-2026",79037,"",""
"2249","OAL","EQ",515,527.2,508,512,508.5,515.6,25390,131.21,"08-Oct-2026",1549,"",""
"2250","OBCL","EQ",57.56,57.56,54.56,54.84,54.98,57.56,9154,5.04,"08-Oct-2026",74,"",""
"2251","OBEROIRLTY","EQ",1730,1730,1663.3,1663.3,1663.3,1736,352318,5942.1,"08-Oct-2026",33772,"",""
"2252","OBSCP","SM",875,875,840,850.15,858.95,872.15,56800,485.75,"08-Oct-2026",135,"",""
"2253","OCCLLTD","BE",215.42,215.7,206.44,208.36,212,217.3,164531,344.97,"08-Oct-2026",1268,"",""
"2254","ODIGMA","EQ",20.7,21.91,20.46,20.67,20.75,20.9,7515,1.55,"08-Oct-2026",300,"",""
"2255","ODYCORP","EQ",6.76,6.98,6.51,6.86,6.69,6.7,7321,0.49,"08-Oct-2026",47,"",""
"2256","OFSS","EQ",10586,10812,10400,10400,10400,10576,174397,18550.19,"08-Oct-2026",34481,"",""
"2257","OIL","EQ",452,454.25,443.6,447,447,453.75,618269,2766.38,"08-Oct-2026",27638,"",""
"2258","OILCOUNTUB","BE",84.56,84.56,84.56,84.56,84.56,82.91,142655,120.63,"08-Oct-2026",148,"",""
"2259","OILIETF","EQ",10.85,10.85,10.5,10.51,10.57,10.78,1245891,131.79,"08-Oct-2026",4183,"",""
"2260","OLAELEC","EQ",36.02,36.08,32.7,34.63,35.04,36.32,163853977,56054.04,"08-Oct-2026",336354,"",""
"2261","OLECTRA","EQ",1085,1096.2,1037.1,1041.5,1047,1084.1,500948,5329.46,"08-Oct-2026",30655,"",""
"2262","OLIL","SM",440,441.5,439.95,440.65,440.65,441.35,12400,54.58,"08-Oct-2026",12,"",""
"2263","OMAXAUTO","EQ",206.85,212.79,196.6,200.16,196.6,206.85,44903,90.99,"08-Oct-2026",1093,"",""
"2264","OMAXE","EQ",105.8,106.85,96.61,98.42,98.4,107.01,534627,538.43,"08-Oct-2026",5971,"",""
"2265","OMFREIGHT","EQ",108,108,102,106.72,106.94,106.63,32040,33.91,"08-Oct-2026",485,"",""
"2266","OMFURN","SM",49.3,53.5,49.3,53.5,53.5,51.6,2400,1.23,"08-Oct-2026",2,"",""
"2267","OMINFRAL","EQ",72.45,72.99,67.39,68.86,68.5,72.45,116818,81.72,"08-Oct-2026",2082,"",""
"2268","OMNI","EQ",662.45,669.9,627.3,636.5,629.1,657.55,474250,3071.89,"08-Oct-2026",26138,"",""
"2269","OMPOWER","EQ",170,174.59,164.25,166.11,164.37,165.75,455548,773.44,"08-Oct-2026",8005,"",""
"2270","ONDOOR","SM",266.95,272,258,258.25,258,264,6600,17.65,"08-Oct-2026",18,"",""
"2271","ONEGLOBAL","EQ",604,606,555.65,561.3,556.05,585,21890,127.27,"08-Oct-2026",1438,"",""
"2272","ONELIFECAP","BE",48.9,49.51,47.5,49.51,49.51,47.16,100079,49.45,"08-Oct-2026",209,"",""
"2273","ONEPOINT","EQ",78.99,79.6,77.43,78.45,78.8,78.77,3031082,2377.14,"08-Oct-2026",13571,"",""
"2274","ONESOURCE","EQ",1528,1534.5,1462.5,1478.2,1477,1528.6,232650,3445.13,"08-Oct-2026",21920,"",""
"2275","ONGC","EQ",222.5,223,218.53,219.8,219.8,221.88,9471873,20802.94,"08-Oct-2026",116211,"",""
"2276","ONIDA","EQ",31,32.78,28.62,29.5,29.65,30.67,722888,218.82,"08-Oct-2026",2670,"",""
"2277","ONIXSOLAR","EQ",359,372.85,359,371.2,372.85,355.1,341416,1254.12,"08-Oct-2026",4506,"",""
"2278","ONMOBILE","BE",51.65,54.1,51.15,51.54,52,51.57,117593,62.35,"08-Oct-2026",677,"",""
"2279","ONWARDTEC","EQ",303.4,303.4,293.35,294.6,293.8,297.4,55959,166.5,"08-Oct-2026",1601,"",""
"2280","ONYX","ST",39.45,39.45,37.55,37.55,37.55,37.8,12000,4.59,"08-Oct-2026",5,"",""
"2281","OPTIEMUS","EQ",865,866.95,810.15,816.85,817,861.9,783987,6479.22,"08-Oct-2026",36011,"",""
"2282","OPTIFIN","EQ",14.29,14.55,14,14.29,14.39,14.58,17739,2.52,"08-Oct-2026",106,"",""
"2283","OPTIMYSTIX","SM",135.1,139.9,135.1,139.65,139.9,136.9,15200,20.86,"08-Oct-2026",16,"",""
"2284","OPTIVALUE","ST",235,235,226.1,226.1,226.1,238,35200,79.92,"08-Oct-2026",21,"",""
"2285","ORBTEXP","EQ",247,248.05,231.85,235.75,232.6,242.9,6792,16.2,"08-Oct-2026",257,"",""
"2286","ORCHASP","EQ",1.35,1.39,1.3,1.31,1.35,1.33,106190,1.43,"08-Oct-2026",164,"",""
"2287","ORCHPHARMA","EQ",1029.05,1029.05,975,981.2,990,1023.95,93627,927.92,"08-Oct-2026",21702,"",""
"2288","ORIANA","SM",308.2,308.2,292.05,294.9,292.5,303,218250,647.68,"08-Oct-2026",472,"",""
"2289","ORICONENT","EQ",53.25,53.25,50.15,50.72,51,52.27,37804,19.45,"08-Oct-2026",837,"",""
"2290","ORIENTALTL","EQ",4.8,4.88,4.76,4.79,4.8,4.83,93221,4.49,"08-Oct-2026",250,"",""
"2291","ORIENTBELL","EQ",433,442,412,413,413.7,432.55,91820,391.84,"08-Oct-2026",5461,"",""
"2292","ORIENTCABL","EQ",417,418,378.55,386.85,393,418.4,3679726,14735.92,"08-Oct-2026",85015,"",""
"2293","ORIENTCEM","EQ",113.55,113.88,109.7,110.08,111.1,113.21,216317,241.03,"08-Oct-2026",3838,"",""
"2294","ORIENTCER","EQ",43.5,43.99,41.2,41.94,42,42.87,57395,24.38,"08-Oct-2026",1443,"",""
"2295","ORIENTELEC","EQ",162.67,164.93,160.6,162.95,163.2,160.73,259935,422.48,"08-Oct-2026",5263,"",""
"2296","ORIENTHOT","EQ",142.11,142.7,138.08,139.12,138.08,143.06,188020,264.73,"08-Oct-2026",1923,"",""
"2297","ORIENTLTD","BE",76.5,80,76,80,80,77,1669,1.29,"08-Oct-2026",13,"",""
"2298","ORIENTPPR","EQ",16.04,16.04,15.6,15.73,15.75,15.99,119803,18.87,"08-Oct-2026",664,"",""
"2299","ORIENTTECH","EQ",240,250.29,233.25,234.94,235.8,239.8,1873315,4554.14,"08-Oct-2026",34332,"",""
"2300","ORIRAIL","EQ",121.25,121.99,118.05,119.28,118.5,120.66,49230,58.79,"08-Oct-2026",1194,"",""
"2301","ORISSAMINE","EQ",3551.5,3587.6,3450,3460.4,3480,3581.3,5515,192.73,"08-Oct-2026",1813,"",""
"2302","ORKLAINDIA","EQ",563,565.85,546,549.7,549,562.75,49803,277.86,"08-Oct-2026",3802,"",""
"2303","ORTINGLOBE","EQ",14.6,14.8,14,14.38,14.64,14.9,13680,1.95,"08-Oct-2026",38,"",""
"2304","OSELDEVICE","SM",390.9,390.9,363.1,367.5,365,388.4,13600,50.49,"08-Oct-2026",62,"",""
"2305","OSIAHYPER","BZ",1.95,1.95,1.82,1.84,1.86,1.91,334148,6.17,"08-Oct-2026",462,"",""
"2306","OSWALAGRO","EQ",32.74,33.46,31.5,31.96,32,32.74,35587,11.46,"08-Oct-2026",392,"",""
"2307","OSWALGREEN","EQ",19.65,19.66,18.79,19,18.96,18.99,66929,12.78,"08-Oct-2026",723,"",""
"2308","OSWALPUMPS","EQ",263,264.35,254.55,255.45,256.8,264.6,297453,767.71,"08-Oct-2026",6814,"",""
"2309","OSWALSEEDS","EQ",12.37,12.37,11.75,11.91,12.37,12.2,84638,10.08,"08-Oct-2026",346,"",""
"2310","OWAIS","SM",66.5,66.75,65.5,66.05,66.75,66.8,5100,3.38,"08-Oct-2026",22,"",""
"2311","PACEDIGITK","EQ",165.45,165.88,161,161.85,162,165.45,454268,737.6,"08-Oct-2026",6388,"",""
"2312","PACIFICI","EQ",134.81,138.5,130,133.01,133.01,138.59,223,0.3,"08-Oct-2026",17,"",""
"2313","PAGEIND","EQ",37565,37565,36450,36450,36450,37570,18034,6672.07,"08-Oct-2026",7259,"",""
"2314","PAISALO","EQ",83.8,84.63,79.33,81.13,80.39,84.23,11572512,9443.62,"08-Oct-2026",28777,"",""
"2315","PAKKA","EQ",72.37,72.5,70.98,71.69,71.52,72.37,83544,59.89,"08-Oct-2026",1174,"",""
"2316","PALASHSECU","EQ",87.8,88,84.01,87.1,86.01,87.99,1566,1.36,"08-Oct-2026",82,"",""
"2317","PALREDTEC","EQ",41.55,41.55,41.25,41.25,41.25,43.42,5894,2.44,"08-Oct-2026",33,"",""
"2318","PANACEABIO","EQ",357.1,358.6,342.6,344.5,348.5,357.6,77413,268.19,"08-Oct-2026",2405,"",""
"2319","PANACHE","BE",627.3,627.3,570,589.25,603,597.45,225061,1363,"08-Oct-2026",725,"",""
"2320","PANAMAPET","EQ",540.5,540.65,496.1,501.3,501,537,562620,2870.17,"08-Oct-2026",21301,"",""
"2321","PANCHMAHQ","EQ",280,280,261.6,269,276.7,285,662,1.78,"08-Oct-2026",41,"",""
"2322","PANORAMA","EQ",67,67,63,63.65,63.2,66.29,581967,374.35,"08-Oct-2026",2394,"",""
"2323","PANSARI","EQ",265,266.95,258,266.95,266.95,271,20,0.05,"08-Oct-2026",7,"",""
"2324","PAPADMALJI","ST",67,67,65.35,65.35,65.35,68.75,4800,3.16,"08-Oct-2026",3,"",""
"2325","PAR","BE",124.95,125,119.15,121.47,121.62,125.28,8825,10.71,"08-Oct-2026",153,"",""
"2326","PARACABLES","EQ",57.49,57.72,54.6,55.05,55.1,57.49,1051625,586.09,"08-Oct-2026",6885,"",""
"2327","PARADEEP","EQ",155,155,148.5,150.55,149.8,155.38,1424165,2158.26,"08-Oct-2026",18803,"",""
"2328","PARAGMILK","EQ",310,317,302,303.25,305,311.8,2092973,6478.07,"08-Oct-2026",31902,"",""
"2329","PARAGON","SM",54,54,50.25,50.25,50.25,53.05,12000,6.34,"08-Oct-2026",10,"",""
"2330","PARAMATRIX","SM",55,65.5,55,55.9,55,55,15600,9.11,"08-Oct-2026",13,"",""
"2331","PARAMOUNT","SM",38.1,38.1,38.1,38.1,38.1,40.1,4800,1.83,"08-Oct-2026",4,"",""
"2332","PARAS","EQ",1286.7,1288.7,1234.1,1241.9,1244,1286.1,518139,6503.07,"08-Oct-2026",32900,"",""
"2333","PARASPETRO","EQ",1.99,2.07,1.99,2.02,2.02,2.03,116049,2.36,"08-Oct-2026",204,"",""
"2334","PARIN","EQ",694.4,705,687,691.9,705,704.3,7071,49,"08-Oct-2026",373,"",""
"2335","PARKHOSPS","EQ",270.5,271.2,260.2,260.85,262.7,272.8,558323,1481.5,"08-Oct-2026",11137,"",""
"2336","PARKHOTELS","EQ",103.15,104.54,100.8,101.16,101.97,103.62,71842,73.25,"08-Oct-2026",1296,"",""
"2337","PARNAXLAB","EQ",113.79,118.6,111.65,113.07,113.02,111.54,1464,1.71,"08-Oct-2026",76,"",""
"2338","PARSVNATH","BE",2.29,2.29,2.29,2.29,2.29,2.25,17063,0.39,"08-Oct-2026",44,"",""
"2339","PARTH","SM",520,520,505,510.5,510,518.75,7200,36.74,"08-Oct-2026",18,"",""
"2340","PARTY-RE","ST",0.4,0.4,0.3,0.3,0.3,0.35,411846,1.54,"08-Oct-2026",161,"",""
"2341","PARTYCRUS","SM",96.2,99,96,96.35,96,96.2,12000,11.67,"08-Oct-2026",12,"",""
"2342","PASHUPATI","EQ",69.99,72.99,68.9,69.68,69.6,69.6,154220,108.23,"08-Oct-2026",4792,"",""
"2343","PASUPTAC","EQ",71,71.95,66.76,70.33,70.75,70.5,169057,116.96,"08-Oct-2026",2485,"",""
"2344","PATANJALI","EQ",360.25,361.05,350,355,355,360.95,3092753,10919.84,"08-Oct-2026",83115,"",""
"2345","PATELENG","EQ",25.71,25.75,24.8,24.88,24.94,25.74,2554873,643.11,"08-Oct-2026",8784,"",""
"2346","PATELRMART","EQ",228.8,232.89,223.01,229.61,232.89,227.86,157882,358.36,"08-Oct-2026",2680,"",""
"2347","PATILAUTOM","ST",355,367.75,337.1,344.95,342.5,353.15,37200,128.92,"08-Oct-2026",58,"",""
"2348","PATINTLOG","EQ",13.38,13.38,12.8,12.9,12.82,13.11,46346,6.03,"08-Oct-2026",317,"",""
"2349","PAUSHAKLTD","EQ",696.8,698,664.25,671.65,674.45,697.55,31455,212.41,"08-Oct-2026",3114,"",""
"2350","PAVNAIND","EQ",15.45,15.59,14.99,15.08,15,15.3,25589,3.88,"08-Oct-2026",169,"",""
"2351","PAYTM","EQ",1671,1671.4,1558.8,1641.5,1641.5,1732,17399723,282582.45,"08-Oct-2026",458165,"",""
"2352","PBMPOLY","EQ",58.89,64.99,58.73,60.24,58.73,57.75,129,0.08,"08-Oct-2026",16,"",""
"2353","PCBL","EQ",328.5,331.9,317.5,319.25,320,326.9,919958,2972.1,"08-Oct-2026",28123,"",""
"2354","PCCL","SM",411,420,411,415,415,412,2400,9.98,"08-Oct-2026",6,"",""
"2355","PCJEWELLER","EQ",13.49,14.38,13.42,13.9,13.92,13.14,859046354,119956.93,"08-Oct-2026",327950,"",""
"2356","PDMJEPAPER","EQ",95.74,96.68,91,92.37,92.9,96.36,147054,137.3,"08-Oct-2026",2792,"",""
"2357","PDSL","EQ",344.1,344.1,335.55,336.95,335.7,342,34294,116.05,"08-Oct-2026",3114,"",""
"2358","PEARLPOLY","EQ",17.77,17.77,16.78,17.09,16.9,17.55,8444,1.45,"08-Oct-2026",77,"",""
"2359","PELATRO","SM",361,365,361,365,365,375,1500,5.45,"08-Oct-2026",5,"",""
"2360","PENIND","EQ",180,180.06,170.27,171.89,172.01,180.85,684933,1188.26,"08-Oct-2026",12276,"",""
"2361","PENINLAND","EQ",14.78,14.78,13.75,14.6,14.64,14.66,334859,47.92,"08-Oct-2026",968,"",""
"2362","PENTAGON","ST",89.95,89.95,89.95,89.95,89.95,85.85,1000,0.9,"08-Oct-2026",1,"",""
"2363","PERMAGN","EQ",889.95,910,851,855.75,853.05,881.6,6417,56.48,"08-Oct-2026",840,"",""
"2364","PERNIASPOP","EQ",534.35,539.1,519.15,528.55,535,531.45,45054,236.86,"08-Oct-2026",1985,"",""
"2365","PERSISTENT","EQ",5504.5,5629,5430,5468,5468,5507,332743,18427.23,"08-Oct-2026",36621,"",""
"2366","PETRONET","EQ",295.95,296.95,288,288.5,288.5,297,2877618,8364.85,"08-Oct-2026",36150,"",""
"2367","PFC","EQ",326,331.8,322.85,323.7,323.7,325.55,6668472,21812.09,"08-Oct-2026",58618,"",""
"2368","PFIZER","EQ",3815.1,3817.7,3731,3750,3755,3815.1,22215,835.85,"08-Oct-2026",6243,"",""
"2369","PFOCUS","EQ",282.45,285.7,270,271.95,272,284,4320861,11999.88,"08-Oct-2026",39033,"",""
"2370","PFS","EQ",27.05,27.15,26.16,26.39,26.3,27.12,485875,129.22,"08-Oct-2026",5509,"",""
"2371","PGEL","EQ",520.2,532.45,510.5,510.6,510.6,522,1883752,9778.52,"08-Oct-2026",43076,"",""
"2372","PGHH","EQ",6929,6956,6778,6857,6792,6921,12144,833.98,"08-Oct-2026",4288,"",""
"2373","PGHL","EQ",5220,5239.5,5135.5,5156.5,5172,5234,5789,300.67,"08-Oct-2026",2826,"",""
"2374","PGIL","EQ",1278.8,1298.7,1262.1,1272.3,1270.1,1273.1,129386,1654.07,"08-Oct-2026",19076,"",""
"2375","PGINVIT","IV",102.88,102.88,102.17,102.54,102.6,102.48,1066652,1093.85,"08-Oct-2026",4886,"",""
"2376","PHANTOMFX","SM",98.05,116,97,110.8,111.5,96.7,122100,137.14,"08-Oct-2026",274,"",""
"2377","PHARMABEES","EQ",27.25,27.3,26.46,26.56,26.71,27.16,5378292,1436.6,"08-Oct-2026",13271,"",""
"2378","PHOENIXLTD","EQ",1850.9,1850.9,1771.2,1771.2,1771.2,1845.5,842456,15140.05,"08-Oct-2026",75338,"",""
"2379","PHOENXINTL","EQ",28.84,28.84,27.8,27.84,28.37,28.98,688,0.19,"08-Oct-2026",18,"",""
"2380","PHOGLOBAL","SM",14.15,14.8,14.15,14.8,14.8,14.7,6000,0.87,"08-Oct-2026",3,"",""
"2381","PICCADIL","EQ",597.8,597.8,569.2,573.1,576,589,125128,721.88,"08-Oct-2026",9387,"",""
"2382","PIDILITIND","EQ",1485,1498,1460.1,1460.1,1460.1,1488.5,985340,14549.13,"08-Oct-2026",58305,"",""
"2383","PIGL","EQ",97,97.36,95,96.22,96.95,97.09,15538,15.01,"08-Oct-2026",408,"",""
"2384","PIIND","EQ",2212.7,2212.7,2100,2100,2100,2210,246249,5253.26,"08-Oct-2026",31390,"",""
"2385","PILANIINVS","EQ",4139,4139,3920,3948.5,3943,4076.3,2215,88.67,"08-Oct-2026",401,"",""
"2386","PILITA","EQ",7.75,7.75,7.32,7.34,7.33,7.32,15008,1.11,"08-Oct-2026",78,"",""
"2387","PINELABS","EQ",175.05,176.4,168.66,169.79,169.8,177.67,21356083,36613.22,"08-Oct-2026",147221,"",""
"2388","PIONEEREMB","EQ",20.65,20.79,20.11,20.55,20.43,20.7,892,0.18,"08-Oct-2026",52,"",""
"2389","PIONRINV","BE",62.6,62.6,59.47,59.47,59.47,62.6,28618,17.02,"08-Oct-2026",74,"",""
"2390","PIRAMALFIN","EQ",1981.6,2009.5,1950,1956.4,1960,1981.5,388357,7688.89,"08-Oct-2026",26843,"",""
"2391","PITTIENG","EQ",1118.9,1119.1,1046.1,1066.1,1068,1118.4,151128,1618.83,"08-Oct-2026",10947,"",""
"2392","PIXTRANS","EQ",1803.2,1830.8,1729.5,1755.1,1760,1788.4,13876,244.1,"08-Oct-2026",2190,"",""
"2393","PKTEA","BE",899,935,897.2,899.9,899.5,944.4,806,7.38,"08-Oct-2026",73,"",""
"2394","PLASTIBLEN","EQ",207,207,199,199.47,199,205.09,57601,115.89,"08-Oct-2026",1267,"",""
"2395","PLATIND","EQ",202,202,193.01,195.17,197,200.56,48634,95.51,"08-Oct-2026",1757,"",""
"2396","PLAZACABLE","EQ",59,60,55,56.46,56,58.2,49972,29.15,"08-Oct-2026",1390,"",""
"2397","PML","EQ",477,480,453.5,453.5,453.5,483.85,17,0.08,"08-Oct-2026",6,"",""
"2398","PNB","EQ",114.73,117.45,113.71,115.29,115.29,114.59,20438240,23738.03,"08-Oct-2026",99544,"",""
"2399","PNBGILTS","EQ",72.24,72.24,66.8,68.39,68.49,71.52,853213,584.4,"08-Oct-2026",5919,"",""
"2400","PNBHOUSING","EQ",1143,1166.9,1131.2,1150,1150,1131,1912599,22137.65,"08-Oct-2026",56704,"",""
"2401","PNC","EQ",17.49,18.5,16.51,16.76,16.83,17.49,7617,1.31,"08-Oct-2026",232,"",""
"2402","PNCINFRA","EQ",136.99,138.7,132.3,134.49,133.1,136.93,1100367,1485.62,"08-Oct-2026",16139,"",""
"2403","PNGJL","EQ",600,606.6,582,586.3,588.8,597.05,414424,2462.08,"08-Oct-2026",21164,"",""
"2404","PNGSREVA","EQ",643.4,738,625,701.95,676.95,631,14908756,104613.34,"08-Oct-2026",361410,"",""
"2405","POCL","EQ",448.9,450,429.1,432.4,431.9,448.4,205003,893.44,"08-Oct-2026",7829,"",""
"2406","PODDARMENT","EQ",255,259,248,250.2,249,254.8,13749,34.68,"08-Oct-2026",515,"",""
"2407","POEL","EQ",135.35,136.35,125.1,128.25,128.5,135.86,29674,38.92,"08-Oct-2026",828,"",""
"2408","POKARNA","EQ",706.2,739.95,675.1,678.25,678,704.45,186379,1320.07,"08-Oct-2026",11187,"",""
"2409","POLICYBZR","EQ",1041,1047.5,995.3,996,996,1040,3262071,33063.9,"08-Oct-2026",74279,"",""
"2410","POLYCAB","EQ",8255,8394.5,8138,8151,8151,8310,367261,30296.03,"08-Oct-2026",46938,"",""
"2411","POLYMED","EQ",1609.8,1624.9,1584.3,1605.2,1617.9,1615,81847,1313.58,"08-Oct-2026",9374,"",""
"2412","POLYPLEX","EQ",1031.6,1031.6,992.1,998.9,1005,1023.3,40584,407.95,"08-Oct-2026",3348,"",""
"2413","POLYSIL","SM",55.75,58.5,55.75,55.9,55.9,55.75,4500,2.56,"08-Oct-2026",9,"",""
"2414","POLYSPIN","EQ",29.59,29.97,29.04,29.96,29.96,29,187,0.06,"08-Oct-2026",16,"",""
"2415","PONNIERODE","EQ",368,369,346.1,348.35,349.4,365.4,27567,97.86,"08-Oct-2026",1649,"",""
"2416","POOJALOGIS","ST",132.1,132.1,130,132.1,132.1,125.85,136800,180.61,"08-Oct-2026",95,"",""
"2417","POONAWALLA","EQ",448,449.15,433.25,437.9,437.4,448.9,1123865,4935.75,"08-Oct-2026",37046,"",""
"2418","POSITRON","SM",234.8,238.95,230.1,231.05,230.1,232.9,6300,14.76,"08-Oct-2026",20,"",""
"2419","POWERGRID","EQ",253.95,254,244.65,244.65,244.65,253.05,14409222,35749.04,"08-Oct-2026",124749,"",""
"2420","POWERICA","EQ",600.05,602.65,578.05,585,590,600.95,182738,1070.51,"08-Oct-2026",5239,"",""
"2421","POWERINDIA","EQ",31610,31625,30705,30935,30935,31610,72074,22358.05,"08-Oct-2026",24541,"",""
"2422","POWERMECH","EQ",2429,2486,2332.8,2445.9,2429,2429.3,70299,1696.44,"08-Oct-2026",10106,"",""
"2423","PPAP","BE",247.06,247.06,235.5,236.1,236.05,247.06,10222,24.36,"08-Oct-2026",108,"",""
"2424","PPL","EQ",243.5,255,241,243.65,243.95,247.6,30893,75.88,"08-Oct-2026",888,"",""
"2425","PPLPHARMA","EQ",203.5,203.5,196,196.43,196,203.01,1896685,3775.16,"08-Oct-2026",36044,"",""
"2426","PPSL","SM",2.7,2.8,2.7,2.8,2.8,2.8,12000,0.33,"08-Oct-2026",4,"",""
"2427","PRABHA","EQ",224.5,229.8,210,212.31,210.55,225.82,558092,1194.58,"08-Oct-2026",4099,"",""
"2428","PRADPME","EQ",609.05,621,579.95,587.75,588.9,620.9,53637,322.62,"08-Oct-2026",3336,"",""
"2429","PRAENG","EQ",19.15,20.05,18,18.17,18.3,19.37,78654,14.62,"08-Oct-2026",584,"",""
"2430","PRAJIND","EQ",300,301.95,286.7,289.75,290.5,300.4,763594,2235.87,"08-Oct-2026",28655,"",""
"2431","PRAKASH","EQ",118.05,118.31,115,115.31,115.08,118.31,386318,448.16,"08-Oct-2026",3784,"",""
"2432","PRAKASHSTL","EQ",3.38,3.49,3.36,3.41,3.41,3.43,68822,2.34,"08-Oct-2026",289,"",""
"2433","PRAMARA","SM",108,110.5,102.6,102.6,102.6,108,27000,28.77,"08-Oct-2026",31,"",""
"2434","PRAMODINI","SM",112.5,116.2,112.5,114.4,114,115.2,42000,47.93,"08-Oct-2026",33,"",""
"2435","PRANAV","EQ",95.15,101.65,94.22,95.73,95.7,94.22,6698570,6584.51,"08-Oct-2026",54418,"",""
"2436","PRANIK","SM",41.15,43.95,41.1,41.2,41.2,46,11200,4.65,"08-Oct-2026",7,"",""
"2437","PRASOLCHEM","EQ",883.1,899,855.2,878.2,886,878.9,554827,4896.63,"08-Oct-2026",36309,"",""
"2438","PRATHAM","SM",120.65,120.65,118,118.45,118,120.05,15600,18.55,"08-Oct-2026",15,"",""
"2439","PRAVEG","EQ",244.98,244.99,232,233.64,233,242.27,30247,71.95,"08-Oct-2026",959,"",""
"2440","PRAXIS","EQ",4.94,4.94,4.3,4.36,4.35,4.51,67104,2.99,"08-Oct-2026",165,"",""
"2441","PRECAM","EQ",113.96,114.78,109.26,109.92,109.26,113.85,88022,97.81,"08-Oct-2026",1952,"",""
"2442","PRECISION","ST",7,7,7,7,7,7,2000,0.14,"08-Oct-2026",1,"",""
"2443","PRECOT","EQ",613.5,619.75,586.3,590.65,600,613.1,6388,38.14,"08-Oct-2026",245,"",""
"2444","PRECWIRE","EQ",519,522.35,490.05,493.15,495,516.6,527519,2634.33,"08-Oct-2026",38110,"",""
"2445","PREMCO","EQ",398,405,381.3,395.65,401.9,397.15,1992,7.75,"08-Oct-2026",99,"",""
"2446","PREMEXPLN","EQ",686,691.9,685,689.05,689.95,687.05,283990,1957.13,"08-Oct-2026",7648,"",""
"2447","PREMIER","BE",2.76,2.8,2.61,2.61,2.61,2.74,3354,0.09,"08-Oct-2026",38,"",""
"2448","PREMIERENE","EQ",912.8,927.4,881,884.65,884.65,910,1266435,11377.38,"08-Oct-2026",39786,"",""
"2449","PREMIERPOL","EQ",104.6,106.7,97.5,98.25,99.7,101.23,1065254,1086.23,"08-Oct-2026",16198,"",""
"2450","PREMIUM","SM",43.5,44.5,43.5,43.5,43.5,44.3,57000,25.08,"08-Oct-2026",9,"",""
"2451","PRESSTONIC","ST",43.85,43.9,42.7,42.7,42.7,44.85,33600,14.48,"08-Oct-2026",35,"",""
"2452","PRESTIGE","EQ",1429.3,1436.6,1389.8,1411,1411,1429.3,1068811,15042.3,"08-Oct-2026",44399,"",""
"2453","PRICOLLTD","EQ",660,662.1,645.8,650.1,652.9,661.25,640387,4194.69,"08-Oct-2026",29879,"",""
"2454","PRIMECAB","ST",196,202,196,199,199,203,11200,22.34,"08-Oct-2026",7,"",""
"2455","PRIMESECU","EQ",293.7,299.7,280,296.5,299.7,295.8,62388,183.32,"08-Oct-2026",677,"",""
"2456","PRIMO","EQ",25.62,25.83,24.21,24.58,24.68,25.62,134784,33.73,"08-Oct-2026",960,"",""
"2457","PRINCEPIPE","EQ",257.45,257.85,248.5,249.25,249.7,256.65,104694,262.87,"08-Oct-2026",3329,"",""
"2458","PRIORITY","EQ",319.9,334.45,306.1,310.05,308,319.55,639455,2030.65,"08-Oct-2026",23099,"",""
"2459","PRISMX","EQ",0.49,0.53,0.49,0.49,0.5,0.49,248541,1.24,"08-Oct-2026",137,"",""
"2460","PRITI","EQ",33.2,33.2,31.61,31.66,31.65,32.2,1880,0.6,"08-Oct-2026",80,"",""
"2461","PRITIKA","SM",65,66,65,65,65,67.45,6000,3.92,"08-Oct-2026",3,"",""
"2462","PRITIKAUTO","EQ",16.05,16.43,15.3,15.41,15.4,16.18,237862,37.19,"08-Oct-2026",949,"",""
"2463","PRIVISCL","EQ",3519.2,3520.9,3425,3446.3,3454,3519.2,127460,4404.19,"08-Oct-2026",17323,"",""
"2464","PRIZOR","ST",1451.25,1451.25,1315.2,1411.85,1366,1382.15,79600,1124.57,"08-Oct-2026",142,"",""
"2465","PRLIND","SM",43.8,43.8,42.3,42.85,42.85,43.65,5000,2.15,"08-Oct-2026",5,"",""
"2466","PROFX","SM",68.05,68.05,68.05,68.05,68.05,68,3200,2.18,"08-Oct-2026",1,"",""
"2467","PROPEQUITY","SM",195,206.05,187,187,187,195,1800,3.53,"08-Oct-2026",3,"",""
"2468","PROSTARM","EQ",130.85,132.01,126,126.46,127.5,131.36,246602,315.46,"08-Oct-2026",3546,"",""
"2469","PROTEAN","EQ",669.95,672.4,635,638.7,640,669.95,559800,3644.78,"08-Oct-2026",23435,"",""
"2470","PROV","SM",1950,1950,1950,1950,1950,1961,160,3.12,"08-Oct-2026",2,"",""
"2471","PROZONER","EQ",52.6,54.3,51.68,52.5,52.5,54.06,216509,114.14,"08-Oct-2026",1178,"",""
"2472","PRSMJOHNSN","EQ",100.1,102,96.3,96.87,96.47,100.71,242512,237.97,"08-Oct-2026",5811,"",""
"2473","PRUDENT","EQ",3219,3250,3152.9,3210.6,3201,3223.3,32284,1033.18,"08-Oct-2026",7540,"",""
"2474","PRUDMOULI","EQ",14.49,14.49,13.46,13.9,13.81,13.54,3284,0.45,"08-Oct-2026",48,"",""
"2475","PSB","EQ",21.1,21.14,20.74,20.8,20.8,21.06,1119343,233.93,"08-Oct-2026",3552,"",""
"2476","PSFL","SM",31.65,31.65,31.65,31.65,31.65,32.5,2000,0.63,"08-Oct-2026",1,"",""
"2477","PSPPROJECT","EQ",774.1,774.1,743,747.45,751.1,765.6,53985,406.55,"08-Oct-2026",3541,"",""
"2478","PSRAJ","SM",99,100.35,93.5,98.85,99.7,99.4,50000,48.74,"08-Oct-2026",20,"",""
"2479","PSUBANK","EQ",81.72,81.72,80,80.39,80.56,80.92,604616,488.82,"08-Oct-2026",795,"",""
"2480","PSUBANKADD","EQ",81.72,82.42,81.01,81.16,81.41,81.72,10528,8.58,"08-Oct-2026",254,"",""
"2481","PSUBNKBEES","EQ",88.25,90.83,88.25,89.31,89.25,90.12,1101535,989.88,"08-Oct-2026",4693,"",""
"2482","PSUBNKIETF","EQ",80.69,82.48,80.69,81.1,81.49,82.34,153370,125.58,"08-Oct-2026",939,"",""
"2483","PTC","EQ",151.3,151.45,148,148.57,148.69,151.72,1768219,2635.59,"08-Oct-2026",22408,"",""
"2484","PTCIL","EQ",24685,24685,24105,24470,24480,24685,31950,7786.02,"08-Oct-2026",10968,"",""
"2485","PTL","EQ",38.2,38.25,37.6,37.79,38.17,38.2,30492,11.57,"08-Oct-2026",784,"",""
"2486","PULZ","SM",20.7,21.95,20.7,21.85,21.75,21.65,8000,1.71,"08-Oct-2026",4,"",""
"2487","PUNJABCHEM","EQ",1050,1050,1013.5,1026,1028.9,1044.1,3243,33.38,"08-Oct-2026",401,"",""
"2488","PURPLEUTED","SM",509,514,491,507.9,514,509.4,26750,134.09,"08-Oct-2026",96,"",""
"2489","PURVA","EQ",209.58,209.68,200.35,202.39,202.65,209.68,84126,172.21,"08-Oct-2026",1838,"",""
"2490","PURVFLEXI","SM",41.5,41.5,39.9,39.9,39.9,42,4800,1.93,"08-Oct-2026",6,"",""
"2491","PUSHPA","SM",115,121.35,112.05,113.05,112.05,115.55,214000,250.16,"08-Oct-2026",133,"",""
"2492","PVP","EQ",55,55,50.21,50.25,50.49,52.85,3494020,1806.42,"08-Oct-2026",10090,"",""
"2493","PVRINOX","EQ",1335.1,1342.4,1301,1309.2,1307.8,1343.8,661907,8723.43,"08-Oct-2026",39429,"",""
"2494","PVSL","EQ",94.6,95.99,90.5,92.06,92.5,95.37,80406,75.88,"08-Oct-2026",493,"",""
"2495","PVTBANIETF","EQ",27.49,27.5,27.13,27.18,27.28,27.5,3370596,919.49,"08-Oct-2026",2048,"",""
"2496","PVTBANK","EQ",27.14,27.17,26.9,26.96,26.96,27.19,896,0.24,"08-Oct-2026",52,"",""
"2497","PVTBANKADD","EQ",27.48,28.8,27.25,27.35,27.25,27.48,461573,126.42,"08-Oct-2026",1384,"",""
"2498","PVTBKGROWW","EQ",27.25,27.28,26.86,26.98,27.2,26.99,32528,8.82,"08-Oct-2026",98,"",""
"2499","PWL","EQ",138.69,141.38,136.34,140.48,141,139.57,15456696,21615.66,"08-Oct-2026",88542,"",""
"2500","PYRAMID","EQ",151.02,152.05,150,150.68,150.16,151.27,30856,46.54,"08-Oct-2026",797,"",""
"2501","QFIL","SM",47.3,47.3,47.3,47.3,47.3,49.75,1000,0.47,"08-Oct-2026",1,"",""
"2502","QGOLDHALF","EQ",121.3,121.75,121.05,121.22,121.22,121.3,160040,194.13,"08-Oct-2026",689,"",""
"2503","QLINE","SM",683.95,683.95,650,655.75,651.1,684.35,90000,595.34,"08-Oct-2026",203,"",""
"2504","QMSMEDI","BE",201.99,201.99,191,192.52,192,200.99,24667,47.8,"08-Oct-2026",244,"",""
"2505","QNIFTY","EQ",249.65,249.66,244.8,245.25,245.4,249.49,3012,7.42,"08-Oct-2026",169,"",""
"2506","QPOWER","EQ",1628.8,1630,1521,1532.2,1559.9,1615,347588,5397.66,"08-Oct-2026",33236,"",""
"2507","QUADFUTURE","EQ",535.25,535.25,502.5,505.75,506.85,534.4,462603,2361.77,"08-Oct-2026",16085,"",""
"2508","QUAL30IETF","EQ",19.67,19.69,19.25,19.28,19.37,19.62,219402,42.51,"08-Oct-2026",577,"",""
"2509","QUALIANCE","SM",179.9,183.9,177.5,179.4,179,175.45,44000,79.54,"08-Oct-2026",44,"",""
"2510","QUALITY30","EQ",19.17,19.28,18.88,18.93,18.99,19.24,25610,4.87,"08-Oct-2026",161,"",""
"2511","QUESS","EQ",328,331.2,317,320.75,321,328.4,268372,869.46,"08-Oct-2026",13182,"",""
"2512","QUESTLAB","SM",92.5,93,89,89,89,93.45,88800,80.2,"08-Oct-2026",15,"",""
"2513","QUICKHEAL","EQ",140.97,142.18,136.3,137.03,137,140.97,74138,102.54,"08-Oct-2026",1985,"",""
"2514","QUICKTOUCH","SM",14.55,15.2,13.85,15.2,15.2,14.55,5000,0.71,"08-Oct-2026",9,"",""
"2515","QUINT","BE",56.01,56.01,56.01,56.01,56.01,58.95,4511,2.53,"08-Oct-2026",33,"",""
"2516","QUINTEGRA","EQ",1.61,1.61,1.61,1.61,1.61,1.54,10010,0.16,"08-Oct-2026",4,"",""
"2517","QVCEL","SM",24.05,24.05,24.05,24.05,24.05,25,1600,0.38,"08-Oct-2026",1,"",""
"2518","RACE","EQ",103.76,104.9,98.3,101.06,101.6,103.75,28789,29.54,"08-Oct-2026",517,"",""
"2519","RACLGEAR","EQ",1588,1591.2,1481.9,1502,1502.4,1589.5,53215,802.41,"08-Oct-2026",7989,"",""
"2520","RADAAN","EQ",2.89,3,2.8,2.82,2.8,2.89,13419,0.39,"08-Oct-2026",77,"",""
"2521","RADHIKAJWE","BE",68.9,68.9,67.5,68.16,68.5,69.53,96544,65.79,"08-Oct-2026",707,"",""
"2522","RADIANTCMS","EQ",34.2,34.54,33.16,33.45,33.26,34.52,218721,73.8,"08-Oct-2026",1554,"",""
"2523","RADICO","EQ",4517.4,4539.9,4415,4415,4415,4495,202947,9095.62,"08-Oct-2026",26329,"",""
"2524","RADIOCITY","EQ",6.05,6.05,5.52,5.71,5.71,5.87,270231,15.48,"08-Oct-2026",224,"",""
"2525","RADIOWALLA","ST",28.6,28.6,28.6,28.6,28.6,29.15,4800,1.37,"08-Oct-2026",3,"",""
"2526","RAILTEL","EQ",254.65,255.35,247.7,248.1,249.4,254.65,544399,1363.12,"08-Oct-2026",20021,"",""
"2527","RAIN","EQ",220.4,220.45,210.45,211.6,212.8,218.95,3708119,7911.84,"08-Oct-2026",27546,"",""
"2528","RAINBOW","EQ",1267,1271.9,1222.6,1230.7,1225,1270.7,168525,2091.58,"08-Oct-2026",21806,"",""
"2529","RAJESHEXPO","BZ",61,62.5,59,59.37,59.5,61.02,153283,92.14,"08-Oct-2026",1906,"",""
"2530","RAJMET","EQ",3.11,3.18,3.03,3.06,3.08,3.1,288989,8.98,"08-Oct-2026",710,"",""
"2531","RAJOOENG","EQ",63.9,66.5,58.8,59.92,59.5,62.37,2689885,1689.32,"08-Oct-2026",18826,"",""
"2532","RAJPALAYAM","EQ",732,732,709.95,721,715,743.8,1085,7.8,"08-Oct-2026",83,"",""
"2533","RAJPUTANA","SM",202,209,195,203,203,200.05,18500,36.51,"08-Oct-2026",12,"",""
"2534","RAJRATAN","EQ",462.6,462.6,441,444.25,446,460.6,55360,248.92,"08-Oct-2026",4368,"",""
"2535","RAJRILTD","BE",20.81,20.81,20.81,20.81,20.81,20.41,3761,0.78,"08-Oct-2026",14,"",""
"2536","RAJSREESUG","EQ",27.89,28,27.13,27.26,27.4,27.4,106065,29.25,"08-Oct-2026",691,"",""
"2537","RAJTV","BE",10.35,10.92,10.01,10.01,10.01,10.53,171977,17.23,"08-Oct-2026",89,"",""
"2538","RALLIS","EQ",198.96,199.7,195.05,195.76,195.18,200.03,538125,1063.89,"08-Oct-2026",21607,"",""
"2539","RAMANEWS","EQ",28.98,29.48,28,28.59,28.17,28.98,22991,6.57,"08-Oct-2026",253,"",""
"2540","RAMAPHO","EQ",115,116,109.12,110.09,110.48,115.17,47033,52.44,"08-Oct-2026",990,"",""
"2541","RAMASTEEL","BE",4.15,4.15,4.15,4.15,4.15,4.23,755050,31.33,"08-Oct-2026",1264,"",""
"2542","RAMBHAJO","EQ",361.5,364.8,346,356.55,354.8,360.8,721735,2558.45,"08-Oct-2026",16823,"",""
"2543","RAMCOCEM","EQ",844.55,844.6,811.6,817.9,820.45,845,68677,565.61,"08-Oct-2026",4852,"",""
"2544","RAMCOIND","EQ",299.7,303.1,289.15,290.75,290.05,299.7,76507,224.97,"08-Oct-2026",2726,"",""
"2545","RAMCOSYS","EQ",576,576.9,535.65,537.45,537.7,574.35,88285,483.84,"08-Oct-2026",6316,"",""
"2546","RAMKY","EQ",282.4,283,266.4,269.8,272,281.7,46112,125.88,"08-Oct-2026",1656,"",""
"2547","RAMRAT","EQ",637.5,638.05,604.15,611.15,608.55,637.4,201976,1247.27,"08-Oct-2026",15220,"",""
"2548","RANASUG","EQ",13.82,13.96,13.42,13.46,13.45,13.82,243155,33.07,"08-Oct-2026",490,"",""
"2549","RANEHOLDIN","EQ",1549.7,1595,1501,1513.1,1528,1536.6,5799,88.26,"08-Oct-2026",769,"",""
"2550","RAPIDFLEET","SM",200,207.5,194.6,194.6,194.6,207,10200,20.39,"08-Oct-2026",17,"",""
"2551","RAPPID","SM",332.5,332.95,320.1,332.95,332.95,330,6000,19.7,"08-Oct-2026",10,"",""
"2552","RATEGAIN","EQ",855,867.95,828.4,830.95,830,854.55,148917,1255.17,"08-Oct-2026",9680,"",""
"2553","RATNAMANI","EQ",2523.9,2545,2448.5,2498.9,2545,2524.3,33970,841.63,"08-Oct-2026",7755,"",""
"2554","RATNAVEER","EQ",338.3,338.3,326.15,331.35,332.95,336.45,3247691,10802.43,"08-Oct-2026",33230,"",""
"2555","RAYMOND","EQ",1218.7,1226,1136.2,1167.1,1169.5,1206.7,1649827,19318.37,"08-Oct-2026",74618,"",""
"2556","RAYMONDLSL","EQ",625.05,625.15,593.9,596.4,601,624.85,302600,1828.1,"08-Oct-2026",12857,"",""
"2557","RAYMONDREL","EQ",705.45,706,676,679.9,679,701.8,688642,4716.65,"08-Oct-2026",22633,"",""
"2558","RBA","EQ",97,97,92.12,92.61,92.35,96.08,2294330,2154.08,"08-Oct-2026",27344,"",""
"2559","RBLBANK","EQ",413.9,413.9,400.7,400.7,400.7,412,2517494,10192.5,"08-Oct-2026",36933,"",""
"2560","RBMINFRA","SM",240,245.5,230,233.95,235,237.5,18200,43.12,"08-Oct-2026",79,"",""
"2561","RBS","SM",84,87,81,81,81,82,24800,21.01,"08-Oct-2026",24,"",""
"2562","RBZJEWEL","BE",204,207,190.25,193.98,195,199.38,72214,143.05,"08-Oct-2026",587,"",""
"2563","RCDL","SM",15.3,16.8,15.25,15.25,15.25,16.05,186000,29.7,"08-Oct-2026",48,"",""
"2564","RCF","EQ",107.8,107.85,103.1,103.5,103.3,107.58,1027602,1076.54,"08-Oct-2026",10721,"",""
"2565","RCOM","BE",0.85,0.86,0.84,0.85,0.86,0.85,2672034,22.76,"08-Oct-2026",1639,"",""
"2566","READYMIX","SM",58.8,59.8,57.05,59.2,59.75,55,32000,18.79,"08-Oct-2026",31,"",""
"2567","RECLTD","EQ",300.1,301.35,292.9,295,295,298.9,4540452,13516.12,"08-Oct-2026",49725,"",""
"2568","REDINGTON","EQ",406.2,406.2,384.8,388,388.1,406.5,2996766,11708.95,"08-Oct-2026",63601,"",""
"2569","REDTAPE","EQ",113.63,114.5,110.42,113.16,113,113.63,341916,385.03,"08-Oct-2026",14472,"",""
"2570","REFEX","EQ",264.1,266,256,258.7,257.7,266.35,148628,386.76,"08-Oct-2026",4453,"",""
"2571","REFRACTORY","SM",35.9,35.9,35.9,35.9,35.9,37.75,12000,4.31,"08-Oct-2026",7,"",""
"2572","REGAAL","EQ",85.92,85.92,83,83.34,83.52,85.49,152414,128.03,"08-Oct-2026",1845,"",""
"2573","REGENCERAM","EQ",32.24,32.24,30.66,30.86,31.38,31.66,6449,2.01,"08-Oct-2026",90,"",""
"2574","RELAXO","EQ",288.7,289.5,280.5,281.8,286,287.75,85915,244.77,"08-Oct-2026",8028,"",""
"2575","RELCHEMQ","EQ",115,115,111.2,111.33,111.21,114.19,2333,2.62,"08-Oct-2026",97,"",""
"2576","RELIABLE","EQ",141.03,141.51,135,139.76,140,141.58,5389,7.44,"08-Oct-2026",255,"",""
"2577","RELIANCE","EQ",1207.7,1208,1173,1178,1178,1207.7,13965493,165394.19,"08-Oct-2026",453556,"",""
"2578","RELIGARE","EQ",224.01,225.51,218.25,220.57,220.5,224.92,1313224,2913.01,"08-Oct-2026",11823,"",""
"2579","RELINFRA","BE",56.49,56.49,54.65,56.47,56.49,53.8,3885190,2193.87,"08-Oct-2026",6754,"",""
"2580","RELTD","EQ",151.2,152.67,142.3,143.81,142.85,148.58,175444,257.39,"08-Oct-2026",4037,"",""
"2581","REMSONSIND","EQ",101,103.39,97.25,98.95,97.25,104.02,402776,406.98,"08-Oct-2026",4170,"",""
"2582","REMUS","SM",883,1004,883,978.25,975,856.25,62400,601.75,"08-Oct-2026",441,"",""
"2583","RENTOMOJO","EQ",634.5,648,580.05,600.45,596.8,618.95,5134616,30639.06,"08-Oct-2026",116700,"",""
"2584","RENUKA","EQ",22.95,23.03,21.5,21.63,21.76,22.78,10343917,2299.02,"08-Oct-2026",19057,"",""
"2585","REPCOHOME","EQ",338.75,346,333.3,337.1,337.6,339.8,57505,194.39,"08-Oct-2026",3276,"",""
"2586","REPL","EQ",55,60.29,54.58,55.78,55.26,55.3,4633,2.6,"08-Oct-2026",117,"",""
"2587","REPRO","EQ",290.1,303.45,290.1,295.95,296.95,295.7,16784,49.97,"08-Oct-2026",1801,"",""
"2588","RESPONIND","EQ",158.4,159.59,152.55,152.99,154.1,159.73,103279,160.25,"08-Oct-2026",1754,"",""
"2589","RETAIL","BE",28.48,28.48,28.48,28.48,28.48,29.97,472,0.13,"08-Oct-2026",14,"",""
"2590","REXPRO","SM",33.65,33.65,33.6,33.6,33.6,33.6,3000,1.01,"08-Oct-2026",3,"",""
"2591","RFBL","ST",97,97,97,97,97,101.5,3000,2.91,"08-Oct-2026",1,"",""
"2592","RGL","EQ",168.47,169.58,153.41,155.63,158.7,168.47,994491,1571.39,"08-Oct-2026",10827,"",""
"2593","RHETAN","EQ",18.27,18.27,18.26,18.26,18.27,17.4,23550550,4301.88,"08-Oct-2026",3261,"",""
"2594","RHFL","BZ",1.58,1.58,1.54,1.54,1.56,1.56,364258,5.66,"08-Oct-2026",739,"",""
"2595","RHIM","EQ",370,370.05,362.9,367.1,369,369.45,602781,2208.59,"08-Oct-2026",18101,"",""
"2596","RHL","EQ",164,164.9,161,161.29,161,165.87,1596,2.59,"08-Oct-2026",38,"",""
"2597","RICOAUTO","EQ",123.05,123.46,117.26,117.88,117.9,123.45,683921,816.15,"08-Oct-2026",8343,"",""
"2598","RIIL","EQ",703.85,703.85,678.1,682.6,678.15,705.05,61986,428.08,"08-Oct-2026",4639,"",""
"2599","RIIT","IV",122.5,122.5,120.2,120.22,120.95,121,325660,392.58,"08-Oct-2026",5185,"",""
"2600","RILINFRA","SM",32.55,33.5,31.2,32.65,31.2,32.5,9200,3.01,"08-Oct-2026",35,"",""
"2601","RIR","EQ",184.45,185.01,172.32,173.34,174.76,183.81,1157446,2049.2,"08-Oct-2026",15355,"",""
"2602","RISHABH","EQ",678,678,640,644.9,650,674.2,194735,1279.42,"08-Oct-2026",13669,"",""
"2603","RITCO","EQ",285.05,285.75,271.35,272.5,271.5,284.05,33682,93.11,"08-Oct-2026",887,"",""
"2604","RITES","EQ",200,200.09,195,195.85,195.39,200.74,450741,889.28,"08-Oct-2026",16340,"",""
"2605","RITEZONE","SM",16.6,18.3,16.6,17.9,18.3,17.45,8000,1.38,"08-Oct-2026",5,"",""
"2606","RKDL","EQ",17,17.4,16,16.2,16.24,16.93,22334,3.68,"08-Oct-2026",207,"",""
"2607","RKEC","BE",20.47,20.89,20.02,20.47,20.45,20.89,11511,2.34,"08-Oct-2026",77,"",""
"2608","RKFORGE","EQ",715.3,716,693.1,700.75,693.15,716.4,647988,4566.05,"08-Oct-2026",20896,"",""
"2609","RKSWAMY","EQ",88,88,86.31,87.4,87.5,88.16,13636,11.84,"08-Oct-2026",331,"",""
"2610","RMC","EQ",199.8,199.8,185.1,186.46,187.5,196.41,49421,93.47,"08-Oct-2026",2451,"",""
"2611","RMDRIP","BE",22.66,22.66,21.55,21.62,21.68,22.68,397015,86.6,"08-Oct-2026",723,"",""
"2612","RML","EQ",1337,1345.4,1270.5,1279.6,1281,1336.4,42298,549.72,"08-Oct-2026",4724,"",""
"2613","RNBDENIMS","BE",8.86,9.05,8.55,8.69,8.65,9,165086,14.43,"08-Oct-2026",390,"",""
"2614","RNFI","SM",324,325,313.5,314.4,317.85,321.05,18600,59.69,"08-Oct-2026",26,"",""
"2615","RNPL","SM",83.65,83.65,75.75,75.75,75.75,79.7,31200,25.56,"08-Oct-2026",22,"",""
"2616","ROCKINGDCE","SM",212.4,225,205,220,225,212.4,7750,16.5,"08-Oct-2026",30,"",""
"2617","ROCKPP","E1",65,65,65,65,65,65,2000,1.3,"08-Oct-2026",1,"",""
"2618","ROHLTD","EQ",297,301.45,292.2,294.9,293,297.25,18187,54.22,"08-Oct-2026",614,"",""
"2619","ROLEXRINGS","EQ",183.2,183.2,165.12,170.14,170,183.67,4407699,7566.08,"08-Oct-2026",57268,"",""
"2620","ROLLT","BE",5.74,5.74,5.2,5.2,5.2,5.47,514636,27.67,"08-Oct-2026",488,"",""
"2621","ROML","EQ",42.34,42.34,41,41.16,41.13,43.2,1659,0.69,"08-Oct-2026",57,"",""
"2622","ROSSARI","EQ",425,425,408.05,409.8,410,422.9,54486,225.41,"08-Oct-2026",2942,"",""
"2623","ROSSELLIND","EQ",52.26,52.89,50.6,51.25,51.5,52.26,15327,7.88,"08-Oct-2026",367,"",""
"2624","ROSSTECH","EQ",1612.1,1622.4,1525.1,1570.1,1561,1622.4,227875,3556.43,"08-Oct-2026",25346,"",""
"2625","ROTO","EQ",62.05,62.19,60.4,60.73,61.19,62.35,215524,131.98,"08-Oct-2026",2411,"",""
"2626","ROUTE","EQ",426.5,433.75,412.1,414.8,415,426.5,205870,867.22,"08-Oct-2026",9394,"",""
"2627","ROXHITECH","SM",65.9,67.15,65.25,65.35,65.25,64.9,59200,39.06,"08-Oct-2026",34,"",""
"2628","ROYALARC","SM",149.5,149.5,149,149,149,153,3600,5.37,"08-Oct-2026",3,"",""
"2629","RPEL","EQ",1825,1834.9,1701,1717.2,1721,1820.9,106875,1871.34,"08-Oct-2026",12546,"",""
"2630","RPGLIFE","EQ",2892.8,2912,2795,2811.7,2830,2892.8,15873,450.82,"08-Oct-2026",2778,"",""
"2631","RPOWER","EQ",20.31,20.36,19.75,19.8,19.85,20.32,17859215,3574.54,"08-Oct-2026",30196,"",""
"2632","RPPINFRA","EQ",50.36,56.25,50.36,53.44,53,51.43,170869,91.99,"08-Oct-2026",2355,"",""
"2633","RPPL","BE",19.6,19.6,18.4,18.66,18.67,19.31,42970,7.98,"08-Oct-2026",110,"",""
"2634","RPSGVENT","EQ",864.85,881.6,830,844.65,847,870.15,51467,438,"08-Oct-2026",2872,"",""
"2635","RPTECH","EQ",939,951.3,889.6,898.8,902,939.7,289149,2621.52,"08-Oct-2026",24002,"",""
"2636","RRECL","EQ",135,135,133.96,133.96,133.96,124,3,0,"08-Oct-2026",3,"",""
"2637","RRIL","EQ",16.07,16.27,15.64,15.97,15.98,16.07,23411,3.74,"08-Oct-2026",92,"",""
"2638","RRKABEL","EQ",2701,2749.6,2666.3,2696.4,2703.6,2722.5,281306,7617.12,"08-Oct-2026",34141,"",""
"2639","RSDFIN","BE",88,90,88,90,90,92,258,0.23,"08-Oct-2026",5,"",""
"2640","RSL","EQ",174.51,175.6,171.5,171.94,171.5,174.51,311957,539.19,"08-Oct-2026",2205,"",""
"2641","RSSOFTWARE","EQ",30.5,30.99,27.04,28.66,28.5,30.04,69717,19.61,"08-Oct-2026",308,"",""
"2642","RSWM","EQ",202.5,204,188.1,195.79,195,203.83,121017,235.79,"08-Oct-2026",1798,"",""
"2643","RSYSTEMS","EQ",252.95,255.3,241.4,242.85,244.5,252.35,619012,1528.44,"08-Oct-2026",14306,"",""
"2644","RTL","SM",76,82.5,76,82.45,82.45,76.9,40000,31.2,"08-Oct-2026",20,"",""
"2645","RTNINDIA","EQ",25.95,25.95,24.87,25.03,24.98,25.78,807118,203.48,"08-Oct-2026",5303,"",""
"2646","RTNPOWER","EQ",6.7,6.73,6.36,6.43,6.42,6.7,14694768,959.7,"08-Oct-2026",17337,"",""
"2647","RTSPOWR","BE",103.8,113.65,103.8,113.65,113.65,108.24,10419,11.71,"08-Oct-2026",87,"",""
"2648","RUBFILA","EQ",64.78,64.79,62.95,63.72,64,64.9,27899,17.79,"08-Oct-2026",505,"",""
"2649","RUBICON","EQ",1575.6,1580.9,1521,1535.4,1538,1575.6,105152,1623.96,"08-Oct-2026",12197,"",""
"2650","RUBYMILLS","EQ",513.45,513.45,480.5,485.05,488,509.8,10015,49.53,"08-Oct-2026",710,"",""
"2651","RUCHINFRA","EQ",4.99,4.99,4.71,4.79,4.89,4.94,34449,1.67,"08-Oct-2026",208,"",""
"2652","RUCHIRA","EQ",102.2,103.49,99.8,100.35,100.26,103.15,19490,19.6,"08-Oct-2026",474,"",""
"2653","RUDRA","EQ",20.43,20.43,19.13,19.38,19.27,19.46,18509,3.63,"08-Oct-2026",195,"",""
"2654","RULKA","SM",101.05,103.9,100.25,101.85,102.9,102.05,8400,8.6,"08-Oct-2026",19,"",""
"2655","RUNWALENTR","EQ",279.45,283,258.9,263.2,268.9,279.1,724383,1944.9,"08-Oct-2026",19577,"",""
"2656","RUPA","EQ",128,128.18,122.87,124.14,124.88,127.62,308607,383.38,"08-Oct-2026",6621,"",""
"2657","RUSHIL","EQ",15.1,15.39,14.75,14.94,14.95,15.17,207758,31.13,"08-Oct-2026",752,"",""
"2658","RUSTOMJEE","EQ",383.45,393.9,356.4,359,358,379.3,341753,1305.45,"08-Oct-2026",9688,"",""
"2659","RVHL","EQ",38.08,39,36.89,37.31,37.87,37.38,15073,5.69,"08-Oct-2026",102,"",""
"2660","RVNL","EQ",195,195.6,186.9,187.2,187.2,195.87,5378212,10227.36,"08-Oct-2026",54554,"",""
"2661","RVTH","EQ",729.5,741.25,716.1,728.55,729.55,726.75,549,4,"08-Oct-2026",44,"",""
"2662","S&SPOWER","EQ",299.4,299.4,265.55,275.2,270,290.6,11740,32.71,"08-Oct-2026",504,"",""
"2663","SAAKSHI","ST",363.45,365,363.45,365,365,364,4800,17.51,"08-Oct-2026",5,"",""
"2664","SAATVIKGL","EQ",404.5,406,390.15,397.25,395,405.3,96156,380.99,"08-Oct-2026",2929,"",""
"2665","SAB","EQ",170,171,170,171,171,170,31,0.05,"08-Oct-2026",3,"",""
"2666","SACHEEROME","SM",499.5,501,482.1,489.35,489.35,500.35,22800,112.68,"08-Oct-2026",51,"",""
"2667","SADBHAV","EQ",7.02,7.02,6.6,6.72,6.73,6.92,151064,10.23,"08-Oct-2026",390,"",""
"2668","SADBHIN","EQ",2.63,2.72,2.54,2.67,2.64,2.6,165560,4.35,"08-Oct-2026",229,"",""
"2669","SADHAV","SM",111.5,111.5,107.5,108.5,109,111.55,9600,10.53,"08-Oct-2026",16,"",""
"2670","SADHNANIQ","BE",2.65,2.67,2.55,2.55,2.55,2.68,1314369,33.86,"08-Oct-2026",872,"",""
"2671","SAFARI","EQ",1313.4,1320.8,1280,1289.3,1288.9,1319.2,37258,484,"08-Oct-2026",7570,"",""
"2672","SAFEENTP","SM",260.45,260.45,248,251.45,251,260.45,35000,88.37,"08-Oct-2026",58,"",""
"2673","SAGARDEEP","EQ",22.59,22.97,22,22.4,22.97,22.18,7541,1.67,"08-Oct-2026",84,"",""
"2674","SAGCEM","EQ",145.55,145.98,140.1,144.37,142.03,143.91,48594,69.47,"08-Oct-2026",867,"",""
"2675","SAGILITY","EQ",43.8,44.04,43.23,43.35,43.35,43.11,22661142,9885.46,"08-Oct-2026",42612,"",""
"2676","SAHAJSOLAR","SM",89.5,89.5,84,85.1,85,88.55,19600,16.92,"08-Oct-2026",43,"",""
"2677","SAHANA","SM",915,929.8,867,884.65,870,915.5,61950,551.62,"08-Oct-2026",264,"",""
"2678","SAHASRA","SM",446.35,474.75,433.15,472.7,470.3,452.15,163200,748.39,"08-Oct-2026",369,"",""
"2679","SAHLIBHFI","EQ",78.8,80.8,77.15,77.91,77.99,76.31,7524,5.91,"08-Oct-2026",188,"",""
"2680","SAHYADRI","EQ",355.95,355.95,335.05,338.9,335.05,352.1,6520,22.46,"08-Oct-2026",413,"",""
"2681","SAICAPI","EQ",142.13,146,142.13,143.05,143,146.08,133,0.19,"08-Oct-2026",15,"",""
"2682","SAIFL","SM",4.15,4.25,4.05,4.15,4.2,4.15,76000,3.16,"08-Oct-2026",19,"",""
"2683","SAIL","EQ",175.65,175.65,165.76,166.25,166.25,174.31,13744496,23256.84,"08-Oct-2026",70098,"",""
"2684","SAILIFE","EQ",1563.4,1563.4,1499,1505.6,1503.2,1561.8,513978,7772.5,"08-Oct-2026",34722,"",""
"2685","SAIPARENT","EQ",521.8,521.8,497.05,500.45,502,521.65,108603,547.72,"08-Oct-2026",4634,"",""
"2686","SAJHOTELS","ST",28,28.5,28,28.5,28.5,27.9,34000,9.68,"08-Oct-2026",3,"",""
"2687","SAKAR","EQ",1020,1020,994,1002.4,1000.5,1020.1,88900,892.22,"08-Oct-2026",7187,"",""
"2688","SAKHTISUG","EQ",18.75,19,17.75,17.88,17.9,18.63,111995,20.4,"08-Oct-2026",810,"",""
"2689","SAKSOFT","EQ",138.51,141.75,130,132.8,131.67,139.08,354513,480.86,"08-Oct-2026",5922,"",""
"2690","SAKUMA","EQ",1.52,1.54,1.49,1.49,1.5,1.5,789369,11.9,"08-Oct-2026",720,"",""
"2691","SALASAR","EQ",4.17,4.2,4.03,4.09,4.11,4.17,2863815,117.52,"08-Oct-2026",3409,"",""
"2692","SALONA","EQ",274.7,278.95,262.1,277,277,276.55,311,0.84,"08-Oct-2026",41,"",""
"2693","SALSTEEL","EQ",87.99,90.76,84.41,88.93,85.55,86.44,1424858,1269.78,"08-Oct-2026",6707,"",""
"2694","SALZERELEC","EQ",525.1,525.1,508,510.3,508.5,521,40874,210.53,"08-Oct-2026",2661,"",""
"2695","SAMBHAAV","EQ",5.14,6,5.02,5.61,5.62,5.1,19639,1.05,"08-Oct-2026",127,"",""
"2696","SAMBHV","EQ",157.82,160.47,153.25,157.31,157.2,158.32,3138458,4900.45,"08-Oct-2026",29928,"",""
"2697","SAMHI","EQ",148.7,148.77,143,143.89,144.03,147.25,568252,825.33,"08-Oct-2026",8077,"",""
"2698","SAMMAANCAP","EQ",132.52,133.14,127.4,127.82,127.92,132.94,4883082,6334.37,"08-Oct-2026",28696,"",""
"2699","SAMPANN","EQ",24.39,24.39,23.51,23.78,23.55,23.96,8542,2.04,"08-Oct-2026",148,"",""
"2700","SANATHAN","EQ",520,524.15,499.5,502.65,503,522.85,52584,268.28,"08-Oct-2026",1942,"",""
"2701","SANDESH","EQ",1010,1015,988.5,990.35,991.5,1002.05,497,4.95,"08-Oct-2026",71,"",""
"2702","SANDHAR","EQ",557,564.55,530.05,534.15,538.9,561.3,107554,584.23,"08-Oct-2026",9503,"",""
"2703","SANDUMA","EQ",181,181.75,175.01,179.15,177,181.19,615550,1094.6,"08-Oct-2026",11418,"",""
"2704","SANGAMIND","EQ",625,640,600,602.95,601.75,624.05,26131,159.41,"08-Oct-2026",1460,"",""
"2705","SANGANI","SM",56,57.35,55,55,55,56.8,6000,3.39,"08-Oct-2026",3,"",""
"2706","SANGHVIMOV","EQ",412.5,412.5,385.6,389.2,391,410.65,469081,1850.4,"08-Oct-2026",13929,"",""
"2707","SANOFI","EQ",3032.3,3032.3,2967,2979.7,2967,3023.8,17459,521.67,"08-Oct-2026",4190,"",""
"2708","SANOFICONR","EQ",3722.9,3725.3,3573.4,3600.5,3595,3722.9,4312,156.41,"08-Oct-2026",1627,"",""
"2709","SANSERA","EQ",4250,4258,4102.5,4129.4,4130,4261.7,227040,9442.53,"08-Oct-2026",26139,"",""
"2710","SANSTAR","EQ",105,105.8,97.1,97.42,97.3,104.23,160837,161.59,"08-Oct-2026",2666,"",""
"2711","SANWARIA","BZ",0.19,0.19,0.18,0.18,0.18,0.18,387164,0.73,"08-Oct-2026",155,"",""
"2712","SAPPHIRE","EQ",214.05,214.84,203.1,205.11,204.5,215.03,613198,1282.2,"08-Oct-2026",15656,"",""
"2713","SAPPL","EQ",311.6,332.8,311.6,328.4,330,317.9,3119,10.18,"08-Oct-2026",139,"",""
"2714","SARDAEN","EQ",499.35,500.5,488.05,491.9,488.25,499.35,271539,1341.39,"08-Oct-2026",10159,"",""
"2715","SAREGAMA","EQ",506.75,506.75,479.2,481.85,482.1,503.75,315892,1550.98,"08-Oct-2026",14247,"",""
"2716","SARLAPOLY","EQ",97.8,97.8,93.5,93.69,93.5,96.7,64273,61.26,"08-Oct-2026",2400,"",""
"2717","SARTELE","SM",94.5,96.5,85,87.45,85,94.35,101000,91.96,"08-Oct-2026",159,"",""
"2718","SARVESHWAR","EQ",3.68,3.73,3.54,3.57,3.59,3.61,1709505,62.31,"08-Oct-2026",2186,"",""
"2719","SASKEN","EQ",1698,1698,1588,1598.1,1604,1665.1,23343,377.42,"08-Oct-2026",3173,"",""
"2720","SATECH","SM",37.6,38,36.2,36.2,36.2,37.55,7000,2.58,"08-Oct-2026",6,"",""
"2721","SATIA","EQ",69.49,69.49,66.62,67.64,68.1,69,173194,118.09,"08-Oct-2026",1809,"",""
"2722","SATIN","EQ",221.9,225.2,216.1,217.39,217.6,223.79,295806,650.06,"08-Oct-2026",7249,"",""
"2723","SATIPOLY","SM",34.85,34.85,32.6,33.5,32.6,34.3,1500,0.5,"08-Oct-2026",3,"",""
"2724","SATKARTAR","SM",158,162.9,143.75,143.75,143.75,159.7,132000,198.68,"08-Oct-2026",137,"",""
"2725","SATTVAENGG","SM",60.9,60.9,58.9,58.95,59,58.4,12800,7.6,"08-Oct-2026",7,"",""
"2726","SAURASHCEM","EQ",50.12,51.19,49.1,49.68,49.95,50.6,72985,36.49,"08-Oct-2026",1541,"",""
"2727","SAVY","SM",129.6,129.6,129.6,129.6,129.6,135,1200,1.56,"08-Oct-2026",1,"",""
"2728","SAWALIYA","SM",189.5,196.9,174.1,193.1,182.5,188.4,154200,290.09,"08-Oct-2026",117,"",""
"2729","SAYAJIHOTL","EQ",309,309,305,306.6,305,309,14,0.04,"08-Oct-2026",6,"",""
"2730","SAYAJIIND","EQ",114.41,115.41,114.41,115.41,115.41,116,129,0.15,"08-Oct-2026",4,"",""
"2731","SBC","EQ",62.28,64.4,61.63,63.21,63.3,61.77,17429844,11040.26,"08-Oct-2026",28089,"",""
"2732","SBCL","EQ",1089.3,1098.5,1040,1050.6,1055,1099.3,179885,1915.76,"08-Oct-2026",12915,"",""
"2733","SBFC","EQ",81.14,81.94,79.82,81.28,81.74,81.1,2262015,1832.73,"08-Oct-2026",16238,"",""
"2734","SBGLP","EQ",23.15,23.15,22,22.5,22.59,22.72,32378,7.29,"08-Oct-2026",289,"",""
"2735","SBIBPB","EQ",47.13,47.47,46.55,46.59,46.55,46.74,50772,23.83,"08-Oct-2026",356,"",""
"2736","SBICARD","EQ",555,559.45,547.65,547.65,547.65,557.4,925527,5119.87,"08-Oct-2026",35447,"",""
"2737","SBIETFCON","EQ",114.55,114.55,110.74,111.17,111.6,113.42,2187,2.45,"08-Oct-2026",100,"",""
"2738","SBIETFIT","EQ",312.56,314.15,306.5,308.48,306.5,308.87,3727,11.59,"08-Oct-2026",158,"",""
"2739","SBIETFPB","EQ",277.26,280,274.05,275.45,275.98,277.45,28750,79.22,"08-Oct-2026",740,"",""
"2740","SBIETFQLTY","EQ",206.14,212.48,202.5,204.35,203.57,206.3,1374,2.81,"08-Oct-2026",83,"",""
"2741","SBIFUNDS","EQ",501,505.4,498.45,499.95,499.5,501.2,893682,4482.25,"08-Oct-2026",32885,"",""
"2742","SBILIFE","EQ",1724,1724,1658.1,1682.5,1682.5,1726.1,1427096,23946.55,"08-Oct-2026",59064,"",""
"2743","SBILIQETF","EQ",1059.18,1059.2,1059.18,1059.18,1059.18,1059.04,115987,1228.51,"08-Oct-2026",65,"",""
"2744","SBIMIDMOM","EQ",62.23,62.23,59.7,60.02,60.21,61.62,43262,26.06,"08-Oct-2026",281,"",""
"2745","SBIN","EQ",953.9,953.9,937.5,940,940,954,7600646,71761.76,"08-Oct-2026",178104,"",""
"2746","SBINEQWETF","EQ",31.46,32,30.5,30.67,30.72,31.31,69497,21.37,"08-Oct-2026",423,"",""
"2747","SBINMID150","EQ",21.93,21.93,21.4,21.52,21.49,21.93,22090,4.77,"08-Oct-2026",170,"",""
"2748","SBISILVER","EQ",214.23,214.49,210.5,211.15,211.39,214.32,668406,1416.8,"08-Oct-2026",8233,"",""
"2749","SBISMLETF","EQ",17.5,17.95,17.5,17.56,17.58,17.95,110508,19.43,"08-Oct-2026",309,"",""
"2750","SBIVALETF","EQ",13.87,13.94,13.52,13.6,13.64,13.87,657425,90.43,"08-Oct-2026",184,"",""
"2751","SCANSTL","BE",50.21,50.21,48.5,48.68,49.99,50.06,15482,7.65,"08-Oct-2026",186,"",""
"2752","SCHAEFFLER","EQ",3796.9,3808,3725.5,3736.7,3737.5,3797,30762,1150.28,"08-Oct-2026",8580,"",""
"2753","SCHAND","EQ",146.45,146.45,141,141.85,141.45,144.15,13657,19.4,"08-Oct-2026",2082,"",""
"2754","SCHNEIDER","EQ",1256.2,1259,1185.2,1191.4,1196,1256.2,286019,3450.1,"08-Oct-2026",19958,"",""
"2755","SCI","EQ",285.1,288.35,276.1,280.75,278,285.35,3562846,10013.32,"08-Oct-2026",48610,"",""
"2756","SCILAL","EQ",37.59,39,36.15,36.95,37.19,37.85,375348,139.79,"08-Oct-2026",2344,"",""
"2757","SCML","SM",93.1,106,91.1,101.95,101,97.7,41000,40.75,"08-Oct-2026",34,"",""
"2758","SCODATUBES","EQ",122,122.52,119,119.69,119,122.88,191273,230.53,"08-Oct-2026",2640,"",""
"2759","SCPL","BE",615,625,602,608.85,606,609.2,5062,31.17,"08-Oct-2026",112,"",""
"2760","SDBL","EQ",73.08,74.9,70.1,70.48,70.8,73.08,810204,584.37,"08-Oct-2026",6791,"",""
"2761","SDREAMS","SM",82.25,84.7,82.25,83.5,84,84.75,5000,4.18,"08-Oct-2026",5,"",""
"2762","SEAMECLTD","EQ",1612.1,1627.9,1557.2,1572.7,1557.2,1610.9,50976,808.72,"08-Oct-2026",4524,"",""
"2763","SECLEDBETA","EQ",13.89,14.28,13.6,14.12,14.28,13.89,19813,2.72,"08-Oct-2026",52,"",""
"2764","SECMARK","EQ",141.95,141.95,137.4,139.8,139.8,139.69,370,0.52,"08-Oct-2026",14,"",""
"2765","SECURKLOUD","EQ",15.41,15.97,14.5,15.17,15.24,15.34,12600,1.91,"08-Oct-2026",214,"",""
"2766","SEDEMAC","EQ",3440,3440,3205,3232.1,3241,3425.6,148846,4885.09,"08-Oct-2026",22030,"",""
"2767","SEIL","EQ",186.39,186.4,176.3,178.12,178,185.98,270970,491.1,"08-Oct-2026",2171,"",""
"2768","SEITINVIT","IV",122,122,122,122,122,122,25000,30.5,"08-Oct-2026",1,"",""
"2769","SEJALLTD","EQ",704.9,765,671.2,678.55,675,680.55,57296,406.49,"08-Oct-2026",3486,"",""
"2770","SEKURITIND","EQ",110.99,110.99,106.47,107.41,107.5,109.99,17065,18.42,"08-Oct-2026",657,"",""
"2771","SEL","SM",320,320,320,320,320,320,400,1.28,"08-Oct-2026",2,"",""
"2772","SELECTIPO","EQ",46.39,46.39,45.14,45.21,45.14,46.55,39137,17.81,"08-Oct-2026",182,"",""
"2773","SELLOWRAP","SM",62.1,62.2,61.8,62,62,58.35,51200,31.74,"08-Oct-2026",10,"",""
"2774","SEMAC","EQ",230.05,237.8,212.75,217.81,221,236.38,2883,6.33,"08-Oct-2026",133,"",""
"2775","SENCO","EQ",346.05,358.8,330,337.1,330.3,320.6,48528473,167694.16,"08-Oct-2026",496560,"",""
"2776","SENORES","EQ",1389.6,1393.2,1311.2,1325.6,1329,1389.6,299845,4023.79,"08-Oct-2026",19576,"",""
"2777","SENSEXADD","EQ",76.07,76.07,73.89,74.01,74.19,75.12,5535,4.1,"08-Oct-2026",168,"",""
"2778","SENSEXAXIS","EQ",75.69,75.69,74.25,74.33,74.99,75.32,4136,3.09,"08-Oct-2026",102,"",""
"2779","SENSEXBETA","EQ",808.8,808.8,793,793.67,803.2,804.11,1798,14.34,"08-Oct-2026",168,"",""
"2780","SENSEXETF","EQ",75.4,75.4,73.63,73.92,74.01,75.05,65166,48.33,"08-Oct-2026",654,"",""
"2781","SENSEXIETF","EQ",834.17,835.94,820,822.46,825.5,836.45,17107,141.43,"08-Oct-2026",823,"",""
"2782","SEPC","EQ",5.03,5.03,4.9,4.93,4.93,5.03,6489296,321.3,"08-Oct-2026",4535,"",""
"2783","SERVOTECH","EQ",71.9,71.91,68.2,68.56,68.2,71.15,430990,298.53,"08-Oct-2026",4659,"",""
"2784","SESHAPAPER","EQ",230.6,234,228.5,229.99,229,231.31,60305,139.05,"08-Oct-2026",948,"",""
"2785","SETCO","BE",18.1,19,17.56,18.11,18,18.48,60117,10.85,"08-Oct-2026",324,"",""
"2786","SETF10GILT","EQ",261.04,261.37,259.27,260.51,261,260.15,3363,8.74,"08-Oct-2026",45,"",""
"2787","SETFGOLD","EQ",125.04,125.33,124.51,124.77,124.76,124.92,2925368,3651.85,"08-Oct-2026",9727,"",""
"2788","SETFNIF50","EQ",243.65,244.44,237.55,239.71,240.29,243.65,1176317,2831.46,"08-Oct-2026",9995,"",""
"2789","SETFNIFBK","EQ",564.93,565.43,558.28,559.43,558.87,566.09,305732,1711.06,"08-Oct-2026",2422,"",""
"2790","SETFNN50","EQ",745.75,746.17,726.55,728.39,730.11,746.57,54239,397.3,"08-Oct-2026",2309,"",""
"2791","SETL","EQ",426,429.45,408.35,408.35,408.35,429.8,790901,3248.6,"08-Oct-2026",8018,"",""
"2792","SETUINFRA","BZ",0.47,0.47,0.47,0.47,0.47,0.48,3945,0.02,"08-Oct-2026",11,"",""
"2793","SEYAIND","BE",12.67,12.86,12.36,12.75,12.75,12.61,7363,0.93,"08-Oct-2026",44,"",""
"2794","SFL","EQ",620.15,620.65,601,606.05,602.5,620.05,83651,508.59,"08-Oct-2026",6814,"",""
"2795","SFML","SM",19.05,20.4,18.65,20.4,20.4,20.2,9600,1.84,"08-Oct-2026",6,"",""
"2796","SGBAPR28I","GB",14827.18,14850,14735.3,14823.7,14845,14827.18,141,20.87,"08-Oct-2026",69,"",""
"2797","SGBAUG27","GB",14700,14775,14620.01,14637,14632.01,14600.59,41,6.02,"08-Oct-2026",19,"",""
"2798","SGBAUG28V","GB",14688.63,15000,14651.12,14770.5,14750,14688.67,884,130.17,"08-Oct-2026",171,"",""
"2799","SGBAUG29V","GB",14800,14823.76,14695.29,14701.22,14700,14812.5,85,12.53,"08-Oct-2026",41,"",""
"2800","SGBAUG30","GB",15000,15000.01,14802,14850,14850,14880,170,25.31,"08-Oct-2026",65,"",""
"2801","SGBD29VIII","GB",14712.01,14800,14700,14718.87,14710,14747.35,264,38.83,"08-Oct-2026",64,"",""
"2802","SGBDC27VII","GB",14780,14780,14670.01,14747.49,14749.99,14714.66,44,6.49,"08-Oct-2026",8,"",""
"2803","SGBDE30III","GB",14988.99,14988.99,14812,14861.29,14900,14825.4,364,54.15,"08-Oct-2026",75,"",""
"2804","SGBDE31III","GB",15120.01,15198.99,15044.41,15079.11,15093.99,15120.01,1319,199.29,"08-Oct-2026",240,"",""
"2805","SGBDEC26","GB",14649.99,14649.99,14603.12,14603.12,14603.12,14880,200,29.25,"08-Oct-2026",3,"",""
"2806","SGBFEB27","GB",14743.35,14743.35,14630,14650,14650,14670,112,16.41,"08-Oct-2026",10,"",""
"2807","SGBFEB28IX","GB",14555,14555,14555,14555,14555,14719,3,0.44,"08-Oct-2026",2,"",""
"2808","SGBFEB29XI","GB",14749,14749,14635.01,14660.19,14684.5,14675.6,46,6.74,"08-Oct-2026",17,"",""
"2809","SGBFEB32IV","GB",15381.01,15460,15351.02,15379.21,15351.5,15393.69,593,91.27,"08-Oct-2026",185,"",""
"2810","SGBJ28VIII","GB",14650,14650,14610.01,14623.34,14610.01,14615.02,3,0.44,"08-Oct-2026",2,"",""
"2811","SGBJAN29IX","GB",14666.52,14724.99,14645,14675,14675,14663,66,9.68,"08-Oct-2026",30,"",""
"2812","SGBJAN29X","GB",14889,14889,14665.01,14708.5,14708.5,14651.82,34,5,"08-Oct-2026",18,"",""
"2813","SGBJAN30IX","GB",14721.01,14750,14673,14713.99,14673,14714.25,95,13.99,"08-Oct-2026",43,"",""
"2814","SGBJU29III","GB",14633.03,14948.99,14633.03,14727.76,14711,14711,91,13.45,"08-Oct-2026",22,"",""
"2815","SGBJUL27","GB",14650,14650,14650,14650,14650,14702.74,2,0.29,"08-Oct-2026",1,"",""
"2816","SGBJUL28IV","GB",14665,14679,14623,14625.4,14625,14674.4,36,5.28,"08-Oct-2026",17,"",""
"2817","SGBJUL29IV","GB",14655.01,14749.99,14641.01,14670.01,14670.01,14651.55,141,20.71,"08-Oct-2026",35,"",""
"2818","SGBJUN27","GB",14685,14685,14685,14685,14685,14685,6,0.88,"08-Oct-2026",4,"",""
"2819","SGBJUN28","GB",14750,14750,14655,14698.24,14690,14690,43,6.32,"08-Oct-2026",13,"",""
"2820","SGBJUN29II","GB",14680,14775,14666,14672.57,14668,14661,67,9.86,"08-Oct-2026",17,"",""
"2821","SGBJUN30","GB",14850,14899.99,14815,14832.25,14878,14850,31,4.6,"08-Oct-2026",27,"",""
"2822","SGBJUN31I","GB",15005.12,15300,14952,15106.09,15099,14965.15,423,63.62,"08-Oct-2026",128,"",""
"2823","SGBMAR28X","GB",14630.01,14749.98,14618,14648.5,14644.85,14629.58,231,33.81,"08-Oct-2026",59,"",""
"2824","SGBMAR30X","GB",14802,14900,14800,14810,14810,14760,32,4.74,"08-Oct-2026",13,"",""
"2825","SGBMAR31IV","GB",14879.16,15079.99,14879.16,14930,14930,14879.16,65,9.71,"08-Oct-2026",28,"",""
"2826","SGBMAY28","GB",14657,14700,14655,14678.62,14680,14739.99,102,14.96,"08-Oct-2026",27,"",""
"2827","SGBMAY29I","GB",14754.98,14755,14670,14680.84,14692,14683.65,472,69.47,"08-Oct-2026",88,"",""
"2828","SGBMR29XII","GB",14630.01,14700,14630.01,14642.84,14640,14628,269,39.41,"08-Oct-2026",62,"",""
"2829","SGBN28VIII","GB",14800,14800,14681,14701.19,14700,14700,61,8.97,"08-Oct-2026",20,"",""
"2830","SGBNOV26","GB",14912.4,14912.4,14912.4,14912.4,14912.4,14620,1,0.15,"08-Oct-2026",1,"",""
"2831","SGBNV29VII","GB",14799,14799,14683,14703.61,14703,14700.3,52,7.65,"08-Oct-2026",21,"",""
"2832","SGBOC28VII","GB",14750,14899.99,14741,14752.38,14750,14716.33,1622,240.36,"08-Oct-2026",14,"",""
"2833","SGBOCT26","GB",14700,14700,14700,14700,14700,14699,18,2.65,"08-Oct-2026",2,"",""
"2834","SGBOCT27VI","GB",14605,14605,14605,14605,14605,14750,10,1.46,"08-Oct-2026",2,"",""
"2835","SGBSEP27","GB",14699.98,14699.98,14699.98,14699.98,14699.98,14749.98,2,0.29,"08-Oct-2026",1,"",""
"2836","SGBSEP28VI","GB",14661,14743.99,14625.01,14625.12,14625.01,14648.96,146,21.43,"08-Oct-2026",47,"",""
"2837","SGBSEP29VI","GB",14998.7,14998.7,14668.69,14684.7,14698,14722.76,224,33.19,"08-Oct-2026",67,"",""
"2838","SGBSEP31II","GB",14967.01,15500,14911.01,15021.47,14972.5,14967.01,1666,249.99,"08-Oct-2026",267,"",""
"2839","SGFIN","EQ",663.7,668.35,640.3,645.9,650.5,663.7,301459,1958.55,"08-Oct-2026",12674,"",""
"2840","SGIL","EQ",598.45,616.2,598.45,606.35,605,604.55,8692,52.71,"08-Oct-2026",607,"",""
"2841","SGL","EQ",9.12,9.39,9.12,9.14,9.13,9.09,19692,1.81,"08-Oct-2026",110,"",""
"2842","SGLRES","EQ",2.24,2.39,2.16,2.26,2.35,2.18,29601,0.67,"08-Oct-2026",131,"",""
"2843","SGMART","EQ",746.15,757.45,730.05,743.45,735.35,752.25,324541,2414.31,"08-Oct-2026",11773,"",""
"2844","SGRL","EQ",718.7,718.7,685,706.25,705,715.1,12417,86.78,"08-Oct-2026",1104,"",""
"2845","SHADOWFAX","EQ",293.5,293.55,284.25,286.1,288,292.85,3459278,9949.78,"08-Oct-2026",59982,"",""
"2846","SHAH","EQ",3.04,3.04,2.92,2.95,2.92,3.01,632080,18.77,"08-Oct-2026",657,"",""
"2847","SHAHALLOYS","BE",80.01,82.93,79.54,80,80,80.56,16123,13.01,"08-Oct-2026",79,"",""
"2848","SHAHINVEST","BE",158.48,158.48,158.48,158.48,158.48,166.82,26769,42.42,"08-Oct-2026",433,"",""
"2849","SHAILY","EQ",3086.8,3098,3035,3053,3063,3085.3,80256,2457.32,"08-Oct-2026",13853,"",""
"2850","SHAKTIPUMP","EQ",447,447.3,423,426.65,425.25,447.4,700324,3025.35,"08-Oct-2026",32473,"",""
"2851","SHALBY","EQ",134.62,134.62,130.02,130.42,130.44,134.62,87980,115.94,"08-Oct-2026",2081,"",""
"2852","SHALPAINTS","BE",78,78.5,73.23,76.16,75,77.08,180748,135.89,"08-Oct-2026",575,"",""
"2853","SHANKARA","EQ",120,120,114.01,115.3,115.01,119.98,58121,67.31,"08-Oct-2026",1847,"",""
"2854","SHANKESH","EQ",96.2,97.19,90.5,91.84,91.7,96.51,3033582,2837.91,"08-Oct-2026",20039,"",""
"2855","SHANTI","EQ",5.46,6.55,5.22,5.56,5.5,5.46,174486,10.17,"08-Oct-2026",166,"",""
"2856","SHANTIGEAR","EQ",580.05,595.65,556.75,557,558,586.05,36611,206.74,"08-Oct-2026",1809,"",""
"2857","SHANTIGOLD","EQ",342.75,361.35,333,350.65,350.9,341.05,5937219,20704.89,"08-Oct-2026",92124,"",""
"2858","SHANTIINOR","SM",201.05,206,193.1,202.45,203,205.4,126400,250.88,"08-Oct-2026",79,"",""
"2859","SHARDACROP","EQ",744,744,721.6,725.8,729,742.05,69664,506.64,"08-Oct-2026",6592,"",""
"2860","SHARDAMOTR","EQ",929,929,871,884.4,881.15,924.85,97687,869.4,"08-Oct-2026",8458,"",""
"2861","SHARDUL","BE",58.48,58.48,55.41,57.02,58,58.32,8531,4.89,"08-Oct-2026",62,"",""
"2862","SHAREINDIA","EQ",207.5,208.99,183.59,185.9,186.51,207.27,2231244,4295.92,"08-Oct-2026",28211,"",""
"2863","SHARIABEES","EQ",419.52,423.03,413.49,415.89,421,419.52,7427,31.02,"08-Oct-2026",615,"",""
"2864","SHBAJRG","EQ",169.95,169.95,155.82,161.66,160.2,168.8,3693,5.95,"08-Oct-2026",129,"",""
"2865","SHEEL","SM",60,60,60,60,60,61.5,4000,2.4,"08-Oct-2026",2,"",""
"2866","SHEETAL","SM",355,357,345,353.5,357,357.9,2000,7.04,"08-Oct-2026",4,"",""
"2867","SHEKHAWATI","BE",24.53,24.53,24.53,24.53,24.53,25.82,21239,5.21,"08-Oct-2026",63,"",""
"2868","SHEMAROO","EQ",110.56,113.28,101,102.95,102.32,111.11,15073,15.86,"08-Oct-2026",351,"",""
"2869","SHERA","SM",202.95,202.95,194,194.65,194,198.5,43000,85.04,"08-Oct-2026",38,"",""
"2870","SHERVANI","EQ",315.4,315.4,315,315,315,321.05,101,0.32,"08-Oct-2026",5,"",""
"2871","SHETHJI","SM",185,185,183.5,183.5,183.5,184.65,3000,5.53,"08-Oct-2026",3,"",""
"2872","SHIGAN","SM",70,72,63,63,63,65,13500,9.36,"08-Oct-2026",9,"",""
"2873","SHILCTECH","EQ",4010.8,4036.3,3916.6,3944,3946,4000.9,11499,455.84,"08-Oct-2026",2893,"",""
"2874","SHILGRAVQ","EQ",142.75,146.99,136.6,141.99,142.01,145.82,2956,4.15,"08-Oct-2026",40,"",""
"2875","SHILPAMED","EQ",1077.5,1077.5,1016,1025.3,1028,1071.2,677879,6984.33,"08-Oct-2026",38636,"",""
"2876","SHINDL","EQ",157.9,159.98,154.5,158.39,158.97,157.72,166158,261.19,"08-Oct-2026",874,"",""
"2877","SHIPROCKET","EQ",132.85,134.3,127.55,129.1,128.15,133.11,3966840,5178.93,"08-Oct-2026",43131,"",""
"2878","SHIVAAGRO","EQ",40,40,37.5,39.03,39.15,39.4,1957,0.76,"08-Oct-2026",31,"",""
"2879","SHIVACEM","EQ",13.24,13.24,12.81,12.95,13.08,13,120071,15.57,"08-Oct-2026",443,"",""
"2880","SHIVALIK","EQ",378.3,378.35,345,351.95,349,365.05,96828,342.95,"08-Oct-2026",4059,"",""
"2881","SHIVAMAUTO","EQ",16.95,17.8,16.6,16.84,16.77,16.68,41146,6.94,"08-Oct-2026",216,"",""
"2882","SHIVAMILLS","EQ",60.2,60.2,60,60.11,60.11,58.33,8,0,"08-Oct-2026",4,"",""
"2883","SHIVASHRIT","SM",117.8,117.8,111.2,115.15,115.25,114.95,55000,62.93,"08-Oct-2026",34,"",""
"2884","SHIVATEX","EQ",165.05,169.69,165.01,165.29,165.01,166.41,6270,10.35,"08-Oct-2026",46,"",""
"2885","SHIVAUM","EQ",553.55,554.4,550.2,551.5,550.2,551.4,848,4.67,"08-Oct-2026",51,"",""
"2886","SHK","EQ",141.62,144.99,134.9,136.13,136,141.62,593627,821.28,"08-Oct-2026",12570,"",""
"2887","SHOPERSTOP","EQ",395,395.45,380.9,384.7,383,392.4,21757,83.99,"08-Oct-2026",1620,"",""
"2888","SHRADDHA","EQ",162.5,168.8,157.2,158.87,161.5,163.31,29893,48.17,"08-Oct-2026",475,"",""
"2889","SHRADHA","EQ",30,30.7,29.11,30.03,30.2,30.78,13253,3.93,"08-Oct-2026",106,"",""
"2890","SHREDIGCEM","EQ",65,65,62,62.4,62.1,64.55,71395,44.96,"08-Oct-2026",1231,"",""
"2891","SHREECEM","EQ",21700,21830,21450,21600,21600,21780,32326,6989.33,"08-Oct-2026",13918,"",""
"2892","SHREEDHAR","ST",167.85,169.45,160,160,160,161.4,22000,36.93,"08-Oct-2026",11,"",""
"2893","SHREEJISPG","EQ",809,809.75,789,800.75,801,802.1,1184742,9491.64,"08-Oct-2026",9826,"",""
"2894","SHREEKARNI","SM",375,380.6,368,376.65,375,375,7500,28.19,"08-Oct-2026",11,"",""
"2895","SHREEOSFM","SM",47,57.3,47,56.35,57,56.05,7000,3.86,"08-Oct-2026",7,"",""
"2896","SHREEPUSHK","EQ",520,520,483.75,488.2,489.6,517.5,70560,350.1,"08-Oct-2026",3344,"",""
"2897","SHREERAMA","EQ",43.89,43.89,40.22,41.34,42.28,43.36,77759,32.44,"08-Oct-2026",618,"",""
"2898","SHREMINVIT","IV",102,102,102,102,102,102,75000,76.5,"08-Oct-2026",3,"",""
"2899","SHRENIK","BZ",0.27,0.28,0.27,0.27,0.27,0.27,439146,1.21,"08-Oct-2026",152,"",""
"2900","SHREYANIND","EQ",129.64,129.79,129,129.02,129,129,4589,5.92,"08-Oct-2026",39,"",""
"2901","SHRIAHIMSA","SM",425.05,427,418,422.25,420.9,430,10800,45.83,"08-Oct-2026",12,"",""
"2902","SHRIKANHA","SM",23.8,23.8,23.8,23.8,23.8,23.75,3200,0.76,"08-Oct-2026",1,"",""
"2903","SHRIKRISH","EQ",36.99,37,35,35,35,34.82,2045,0.75,"08-Oct-2026",57,"",""
"2904","SHRINGARMS","EQ",222.4,222.4,217.5,218.59,217.5,221.03,417072,914.57,"08-Oct-2026",5590,"",""
"2905","SHRIPISTON","EQ",4382.2,4430.5,4260.1,4270.4,4274.9,4411.6,90921,3909.33,"08-Oct-2026",21517,"",""
"2906","SHRIRAMFIN","EQ",950,951,917.25,917.25,917.25,948,6408257,59357.46,"08-Oct-2026",139408,"",""
"2907","SHRIRAMPPS","EQ",68.23,68.47,65.5,65.8,65.86,68.05,304667,202.28,"08-Oct-2026",3233,"",""
"2908","SHRJAGP","EQ",653.85,654.75,625,650.5,649.75,657.1,411,2.62,"08-Oct-2026",77,"",""
"2909","SHUBHLAXMI","SM",17.05,17.05,17.05,17.05,17.05,17,1000,0.17,"08-Oct-2026",1,"",""
"2910","SHUBHSHREE","SM",341.05,341.05,340,340,340,355.1,900,3.07,"08-Oct-2026",3,"",""
"2911","SHUKRAPHAR","EQ",69.47,70.4,66.23,66.78,67,68.32,7399313,4980.01,"08-Oct-2026",29374,"",""
"2912","SHYAMCENT","EQ",5.23,5.23,4.9,4.92,5.03,4.98,27036,1.34,"08-Oct-2026",161,"",""
"2913","SHYAMDHANI","SM",51.55,53,51.55,51.95,51.55,54,12000,6.23,"08-Oct-2026",6,"",""
"2914","SHYAMMETL","EQ",1067,1073,1053.4,1066.8,1072.9,1067.3,357787,3808.48,"08-Oct-2026",15130,"",""
"2915","SHYAMTEL","EQ",11,11.33,10.81,11.14,11.06,11.15,1601,0.17,"08-Oct-2026",31,"",""
"2916","SICAGEN","EQ",52.89,52.89,49,49.82,50.6,51.53,20368,10.16,"08-Oct-2026",206,"",""
"2917","SICALLOG","BE",88.3,89.99,85.25,85.57,85.99,88.3,19528,16.84,"08-Oct-2026",123,"",""
"2918","SIDDHICOTS","SM",26.9,26.9,26.9,26.9,26.9,25.9,1200,0.32,"08-Oct-2026",1,"",""
"2919","SIDDHIKA","SM",200,210.9,200,201,201,208,21000,42.68,"08-Oct-2026",13,"",""
"2920","SIEL","EQ",31.5,31.5,29.95,29.95,29.95,31.5,404,0.12,"08-Oct-2026",11,"",""
"2921","SIEMENS","EQ",3796.1,3799.5,3630,3639,3639,3793,240310,8858.74,"08-Oct-2026",27904,"",""
"2922","SIGACHI","EQ",29.36,29.62,28.5,28.57,28.53,29.36,1299436,374.44,"08-Oct-2026",4675,"",""
"2923","SIGIND","BE",61.75,61.75,58.15,58.16,58.15,61.19,13209,7.79,"08-Oct-2026",125,"",""
"2924","SIGMA","EQ",47,47,43.92,44.48,44.5,45.71,79357,35.87,"08-Oct-2026",1683,"",""
"2925","SIGMAADV","BE",1090,1091.6,1037.1,1037.1,1037.1,1091.6,164537,1717.49,"08-Oct-2026",4514,"",""
"2926","SIGNATURE","EQ",714.4,738.4,695,711.25,708,712.5,963963,6920.59,"08-Oct-2026",32737,"",""
"2927","SIGNPOST","EQ",267.45,267.45,258,260.75,258.55,267.45,28224,73.66,"08-Oct-2026",731,"",""
"2928","SIKA","EQ",1076.5,1076.5,1009.9,1028.7,1034.7,1068.6,27322,281.14,"08-Oct-2026",2518,"",""
"2929","SIKKO","BE",5.95,6.05,5.77,6.01,6,6.01,395871,23.46,"08-Oct-2026",523,"",""
"2930","SIL","EQ",16.15,16.65,15.23,15.81,15.8,15.62,45681,7.19,"08-Oct-2026",394,"",""
"2931","SILGO","EQ",70.16,70.99,68,69.75,70,70.16,154930,108.2,"08-Oct-2026",893,"",""
"2932","SILINV","EQ",461,474.8,460,462.1,468,464.1,9861,45.64,"08-Oct-2026",158,"",""
"2933","SILKFLEX","SM",273.1,282.05,261.1,261.15,261.1,281.3,13000,35.03,"08-Oct-2026",13,"",""
"2934","SILKY","SM",70,70,64.3,67.85,67,68,12800,8.61,"08-Oct-2026",16,"",""
"2935","SILVER","EQ",217.76,218.49,214.51,215.21,215.55,218.35,673146,1452.95,"08-Oct-2026",9263,"",""
"2936","SILVER001","EQ",22.13,22.13,21.77,21.8,21.84,22.03,19115,4.19,"08-Oct-2026",79,"",""
"2937","SILVER1","EQ",21.2,21.23,20.82,20.89,20.92,21.2,6493835,1366.43,"08-Oct-2026",5459,"",""
"2938","SILVER360","EQ",215,215.26,211.27,212.39,212.51,215.26,9838,20.98,"08-Oct-2026",490,"",""
"2939","SILVERADD","EQ",21.09,21.09,20.67,20.74,20.75,21.06,4662047,969.1,"08-Oct-2026",5983,"",""
"2940","SILVERAG","EQ",212.98,213.17,209.15,209.82,209.99,212.92,244484,514.47,"08-Oct-2026",2793,"",""
"2941","SILVERAXIS","EQ",217,217.9,213.6,214.62,214.14,217.45,529091,1139.98,"08-Oct-2026",2712,"",""
"2942","SILVERBEES","EQ",208.55,209.15,205.29,205.87,206.17,209.02,16854609,34863.39,"08-Oct-2026",84334,"",""
"2943","SILVERBETA","EQ",210.89,211.19,207.14,207.81,208,210.93,219458,458.26,"08-Oct-2026",4043,"",""
"2944","SILVERBND","EQ",219.25,219.52,215.44,215.97,215.61,219.27,12639,27.41,"08-Oct-2026",171,"",""
"2945","SILVERCASE","EQ",22.12,22.17,21.77,21.81,21.84,22.14,5342528,1171.26,"08-Oct-2026",7655,"",""
"2946","SILVERIETF","EQ",217.99,218.45,214.41,214.97,215.21,218.21,4523139,9749.67,"08-Oct-2026",21246,"",""
"2947","SILVERTUC","EQ",137.25,143.35,125,125.98,127.4,135.11,886816,1181.43,"08-Oct-2026",11660,"",""
"2948","SIMBHALS","BZ",8.15,8.15,8.15,8.15,8.15,7.77,8946,0.73,"08-Oct-2026",23,"",""
"2949","SIMCA","ST",331.65,338,331.65,338,338,321.95,28800,97.3,"08-Oct-2026",36,"",""
"2950","SIMPLEXINF","EQ",252,254.9,242,243.35,244,255.77,103509,254.53,"08-Oct-2026",3027,"",""
"2951","SIMPLXREA","EQ",125.4,125.4,125.4,125.4,125.4,119.43,1,0,"08-Oct-2026",1,"",""
"2952","SINCLAIR","EQ",74,75.47,74,74.83,74.94,75.1,12487,9.34,"08-Oct-2026",151,"",""
"2953","SINDHUTRAD","EQ",21.84,21.93,20.66,21.01,21.03,21.68,581767,123.05,"08-Oct-2026",1970,"",""
"2954","SINGERIND","EQ",77.45,77.45,75.1,75.8,75.1,77.45,94414,71.73,"08-Oct-2026",681,"",""
"2955","SINTERCOM","EQ",76.83,76.83,73,73.41,73.75,76.83,1091,0.82,"08-Oct-2026",58,"",""
"2956","SIRCA","EQ",413,413.15,400.5,402.2,401.5,413.7,80595,326.39,"08-Oct-2026",1831,"",""
"2957","SIS","EQ",415.1,418.85,407.3,411.4,413.45,413.3,121031,501.32,"08-Oct-2026",5522,"",""
"2958","SITINET","BZ",0.24,0.25,0.23,0.23,0.23,0.24,2135124,5.08,"08-Oct-2026",378,"",""
"2959","SIYSIL","EQ",554.65,558.6,537.1,542.55,545.65,554.45,20718,113.62,"08-Oct-2026",2511,"",""
"2960","SJLOGISTIC","SM",308.05,311.95,295,300.35,300.05,309.45,19750,60.02,"08-Oct-2026",68,"",""
"2961","SJS","EQ",2004,2014,1964.9,1980.3,1989,1982.6,174122,3457.04,"08-Oct-2026",24448,"",""
"2962","SJVN","EQ",56.6,56.6,54.01,54.24,54.2,56.36,4063317,2228.95,"08-Oct-2026",46301,"",""
"2963","SKFINDIA","EQ",1428,1432.9,1399,1407.7,1421.8,1428.9,45781,646.32,"08-Oct-2026",8176,"",""
"2964","SKFINDUS","EQ",2760.7,2760.7,2611.2,2622.6,2626,2745.1,41301,1103.01,"08-Oct-2026",11986,"",""
"2965","SKIPPER","EQ",539,540,515.2,517.5,517,541.35,813996,4264.78,"08-Oct-2026",26675,"",""
"2966","SKMEGGPROD","EQ",216,216.39,205.51,207.1,206,215.37,125375,264.08,"08-Oct-2026",2903,"",""
"2967","SKP","SM",167.5,167.8,166,166.65,167,171.2,45500,76,"08-Oct-2026",27,"",""
"2968","SKYGOLD","EQ",873.65,901.8,844.75,884.5,890,876.95,2677878,23413.32,"08-Oct-2026",87873,"",""
"2969","SKYTECH","SM",36.6,36.6,36.25,36.25,36.25,38.15,17600,6.43,"08-Oct-2026",8,"",""
"2970","SKYWAYS","EQ",114.99,117.31,110.01,111.14,110.7,114.72,2087847,2379.44,"08-Oct-2026",23138,"",""
"2971","SLONE","SM",145.05,151.5,139,141.85,139.15,149.45,4400,6.32,"08-Oct-2026",11,"",""
"2972","SMALL250","EQ",18.3,18.3,17.51,17.54,17.57,17.93,725495,127.99,"08-Oct-2026",1308,"",""
"2973","SMALLADD","EQ",18.49,18.49,17.55,17.59,17.55,18.04,69338,12.26,"08-Oct-2026",238,"",""
"2974","SMALLCAP","EQ",48.01,48.62,47.08,47.21,47.23,48.45,2021110,960.93,"08-Oct-2026",6654,"",""
"2975","SMALLGROWW","EQ",48.7,49.28,47.17,48.2,48.69,48.67,13591,6.49,"08-Oct-2026",158,"",""
"2976","SMALLIETF","EQ",18.27,18.27,17.55,17.56,17.86,17.91,136010,24.04,"08-Oct-2026",172,"",""
"2977","SMARTEN","SM",53.15,54.8,52.25,54.8,54.8,53.15,21600,11.38,"08-Oct-2026",15,"",""
"2978","SMARTLINK","BE",216.72,226.92,216.72,217.11,217.2,227.3,1750,3.86,"08-Oct-2026",48,"",""
"2979","SMARTWORKS","EQ",490.95,493,479,482.35,486,489.35,113656,552.45,"08-Oct-2026",7132,"",""
"2980","SMCGLOBAL","EQ",110.83,111,106,107.83,107.3,110.24,3775916,4096.86,"08-Oct-2026",26350,"",""
"2981","SML100CASE","EQ",11.07,11.11,10.79,10.81,10.84,11.06,1624872,176.7,"08-Oct-2026",2418,"",""
"2982","SMLMAH","EQ",6095,6123,5808,5850.5,5871,6095,57803,3413.89,"08-Oct-2026",13159,"",""
"2983","SMLT","EQ",73.94,76.8,73.94,76.26,75.62,73.94,40500,30.74,"08-Oct-2026",404,"",""
"2984","SMSPHARMA","EQ",472,472,445,446.75,448,468.85,748702,3391.55,"08-Oct-2026",17604,"",""
"2985","SMVD","SM",13.85,13.85,13.85,13.85,13.85,14.55,4040,0.56,"08-Oct-2026",1,"",""
"2986","SNEHAA","SM",43.45,43.45,43.45,43.45,43.45,43.5,1000,0.43,"08-Oct-2026",1,"",""
"2987","SNOWMAN","EQ",34.74,35.52,33.89,34.35,34.3,34.32,262456,91.35,"08-Oct-2026",1431,"",""
"2988","SNXT30BEES","EQ",39.8,39.8,38.77,38.88,39.04,39.83,11174,4.37,"08-Oct-2026",138,"",""
"2989","SNXT50BETA","EQ",89,90,86.81,87.67,87.93,89.63,5147,4.53,"08-Oct-2026",133,"",""
"2990","SOBHA","EQ",1197.8,1209.6,1168.7,1183.9,1185.8,1197.9,98897,1171.07,"08-Oct-2026",19484,"",""
"2991","SOCL","SM",28.5,28.5,27.65,28.2,28.5,28.8,9600,2.71,"08-Oct-2026",6,"",""
"2992","SOFTTECH","EQ",455,475,440.05,450.8,440.05,458.05,4927,22.81,"08-Oct-2026",194,"",""
"2993","SOLARA","EQ",683,683,652,654.9,655,683.7,169235,1120.91,"08-Oct-2026",8923,"",""
"2994","SOLARINDS","EQ",20010,20184,19610,19870,19870,20050,133296,26459.92,"08-Oct-2026",37082,"",""
"2995","SOLARWORLD","EQ",131.25,131.82,124,124.91,125.88,131.25,162392,205.48,"08-Oct-2026",3395,"",""
"2996","SOLEX","EQ",680.2,680.2,651,653.15,653,670.15,42226,278.47,"08-Oct-2026",3541,"",""
"2997","SOMANYCERA","EQ",624,624,592.3,600.6,599.1,621.15,76485,460.57,"08-Oct-2026",8651,"",""
"2998","SOMATEX","EQ",81.88,82.5,74,76.71,79,80.95,5610,4.41,"08-Oct-2026",208,"",""
"2999","SOMICONVEY","EQ",86.55,86.55,82.55,82.84,82.72,83.37,2708,2.26,"08-Oct-2026",93,"",""
"3000","SONA","BE",103,103,97,99.77,98.05,98.78,127288,126.79,"08-Oct-2026",931,"",""
"3001","SONACOMS","EQ",811,815.7,788.6,793,793,810.5,1805058,14391.82,"08-Oct-2026",42284,"",""
"3002","SONAL","EQ",84.4,88,73.35,85,85,80.46,581,0.46,"08-Oct-2026",18,"",""
"3003","SONAMAC","SM",30.5,30.5,30.2,30.2,30.2,31,5000,1.52,"08-Oct-2026",5,"",""
"3004","SONAMLTD","BE",71.79,71.79,69.5,69.97,70,70.15,105319,74.09,"08-Oct-2026",229,"",""
"3005","SONATSOFTW","EQ",249,258.8,238.3,240.9,239.4,248.1,1354336,3349.92,"08-Oct-2026",34506,"",""
"3006","SONUINFRA","SM",40.95,41,40.95,41,41,41,16500,6.76,"08-Oct-2026",2,"",""
"3007","SOTL","EQ",807.8,807.9,759.5,764.2,766.6,803.8,281955,2185.32,"08-Oct-2026",22246,"",""
"3008","SOUTHBANK","EQ",47.75,47.75,46.15,46.39,46.45,47.47,14721642,6853.12,"08-Oct-2026",36034,"",""
"3009","SOUTHWEST","EQ",193.95,196.67,185.2,187.46,187,193.95,51999,98.23,"08-Oct-2026",2095,"",""
"3010","SPAL","EQ",958.5,967.4,916.1,922.8,949,960.3,31720,294.62,"08-Oct-2026",4549,"",""
"3011","SPANDANA","EQ",217,218,208.11,209.1,209.74,218.19,91807,194.26,"08-Oct-2026",5200,"",""
"3012","SPARC","EQ",197,201.39,187.19,187.74,188,196.79,1270428,2435.81,"08-Oct-2026",35653,"",""
"3013","SPCENET","EQ",3.33,3.5,3.19,3.27,3.32,3.33,438872,14.35,"08-Oct-2026",459,"",""
"3014","SPCL","SM",60.3,60.85,58,60.15,60,60.3,12600,7.52,"08-Oct-2026",21,"",""
"3015","SPCON","SM",189,194.7,187.25,190,190,180,6000,11.41,"08-Oct-2026",5,"",""
"3016","SPECIALITY","BE",154,154.57,144.81,146.68,149,152.4,15554,23.15,"08-Oct-2026",165,"",""
"3017","SPECTRAA","ST",278,286.15,259.1,266.75,269,272.55,141600,389.27,"08-Oct-2026",108,"",""
"3018","SPECTRUM","BE",3780,3891,3710,3810.6,3800,3903.7,5196,196.3,"08-Oct-2026",1372,"",""
"3019","SPECTSTM","SM",61.6,61.6,58,60.5,60.5,60.1,3200,1.91,"08-Oct-2026",4,"",""
"3020","SPENCERS","EQ",28,28.19,27.02,27.11,27.03,27.87,28050,7.69,"08-Oct-2026",268,"",""
"3021","SPIC","EQ",63.99,63.99,61.3,61.77,62.13,63.06,185128,114.63,"08-Oct-2026",2280,"",""
"3022","SPLIL","EQ",29.04,30,27.6,30,30,29.05,11378,3.31,"08-Oct-2026",97,"",""
"3023","SPLPETRO","EQ",807.8,807.85,781.85,783.65,782,806.65,130060,1026.02,"08-Oct-2026",9037,"",""
"3024","SPMLINFRA","EQ",160.02,160.32,152.51,153.72,153.1,160.02,140256,217.24,"08-Oct-2026",2480,"",""
"3025","SPORTKING","EQ",202,202.51,194.4,196.39,197.25,201.71,209764,413.22,"08-Oct-2026",4695,"",""
"3026","SPPPOLY","SM",11.25,11.25,11.25,11.25,11.25,11.8,2000,0.23,"08-Oct-2026",1,"",""
"3027","SPUNWEB","SM",121,127.75,119,124.85,124.6,118.55,84000,104.42,"08-Oct-2026",59,"",""
"3028","SRD","EQ",38.4,38.4,36.8,37.21,37.54,37.81,10965,4.1,"08-Oct-2026",147,"",""
"3029","SREEL","BE",290,290,273.25,278.2,284,287.35,12733,35.62,"08-Oct-2026",263,"",""
"3030","SRF","EQ",2454.5,2528,2435.1,2485.2,2485.2,2460,303720,7582.37,"08-Oct-2026",29587,"",""
"3031","SRGHFL","EQ",125.87,126,120.28,120.97,120.8,126.61,12795,15.54,"08-Oct-2026",280,"",""
"3032","SRHHYPOLTD","EQ",550,558.4,533.15,534.75,533.5,549.15,16135,87.37,"08-Oct-2026",1014,"",""
"3033","SRIKPRIND","BE",26,26,24.7,24.7,24.7,26,3656,0.91,"08-Oct-2026",79,"",""
"3034","SRIT","BE",139.98,139.98,139.98,139.98,139.98,147.34,126366,176.89,"08-Oct-2026",1516,"",""
"3035","SRIVASAVI","ST",85.15,89.4,85.05,86.9,86.9,85.15,37000,32.48,"08-Oct-2026",34,"",""
"3036","SRM","EQ",420,422.95,403.1,406.3,404.85,421.45,30631,125.67,"08-Oct-2026",1330,"",""
"3037","SRTL","EQ",37.75,38.48,36.7,36.8,36.7,37.74,29215,10.87,"08-Oct-2026",377,"",""
"3038","SSDL","EQ",64.77,66.8,64.5,65.01,64.51,66.2,41662,27.32,"08-Oct-2026",920,"",""
"3039","SSEGL","SM",388.3,390.1,374,374.9,374.05,388.3,41400,156.65,"08-Oct-2026",174,"",""
"3040","SSFL","ST",289.05,300,278.25,298.5,296,289.05,8500,24.97,"08-Oct-2026",17,"",""
"3041","SSRETAIL","EQ",720.25,721.85,671.2,681.45,676.75,720.3,2574962,17912.34,"08-Oct-2026",70262,"",""
"3042","SSWL","EQ",425.95,426.1,405.8,410.5,412.9,424.2,1268927,5239.33,"08-Oct-2026",34010,"",""
"3043","STALLION","BE",223,228.5,216.42,219.62,221,227.81,505562,1116.19,"08-Oct-2026",2147,"",""
"3044","STANLEY","EQ",135.44,135.44,126.1,127.29,128,135,102266,133.1,"08-Oct-2026",2559,"",""
"3045","STAR","EQ",1100.6,1106.1,1067,1095.3,1080,1100.6,420852,4574.83,"08-Oct-2026",31126,"",""
"3046","STARCEMENT","EQ",174.3,175,167.62,169.65,170.44,174.88,222369,378.27,"08-Oct-2026",5142,"",""
"3047","STARHEALTH","EQ",556.9,568.95,542.65,545.5,543.5,553.85,407450,2259.65,"08-Oct-2026",25096,"",""
"3048","STARPAPER","EQ",153.8,153.8,147.7,149.08,149.1,151.5,7579,11.46,"08-Oct-2026",196,"",""
"3049","STARTECK","EQ",273.7,273.7,262.3,264.25,266.6,273.7,646,1.72,"08-Oct-2026",42,"",""
"3050","STCINDIA","EQ",104.5,105.45,101.11,102.08,101.39,104.5,12608,13.03,"08-Oct-2026",540,"",""
"3051","STEAMHOUSE","EQ",124.66,125.7,117.2,121.21,120.49,125.17,6184504,7478.75,"08-Oct-2026",97258,"",""
"3052","STEELCAS","EQ",371.4,375,356.55,360.25,361.75,373.3,85086,311.09,"08-Oct-2026",3949,"",""
"3053","STEELCITY","EQ",81.94,82.47,79.5,79.97,79.81,81.54,2943,2.38,"08-Oct-2026",174,"",""
"3054","STEELXIND","EQ",10.68,11.14,10.16,10.32,10.21,10.9,15980036,1702.31,"08-Oct-2026",14249,"",""
"3055","STEL","EQ",574,583.4,545.15,567.75,568.95,568.6,3395,19.09,"08-Oct-2026",422,"",""
"3056","STERTOOLS","EQ",218.79,235.99,218.79,231.69,232.4,218.79,129326,296.95,"08-Oct-2026",2812,"",""
"3057","STLNETWORK","EQ",50.6,50.6,46.96,48.07,48.39,49.43,9238203,4455.59,"08-Oct-2026",23275,"",""
"3058","STLSTRINF","EQ",22.5,23.85,21.5,22,22,22.5,3334,0.75,"08-Oct-2026",33,"",""
"3059","STLTECH","BE",1009.8,1017.9,979,1011.55,1005,1016.8,1604237,15966.44,"08-Oct-2026",48165,"",""
"3060","STOVEKRAFT","EQ",817.35,817.35,795.1,803.1,800.8,817.35,69116,554.17,"08-Oct-2026",4815,"",""
"3061","STRIDERS","SM",51.7,51.7,50,50,50,50,51200,25.63,"08-Oct-2026",4,"",""
"3062","STUDDS","EQ",421,428.05,410.2,416,418.95,420.45,92229,387.51,"08-Oct-2026",4040,"",""
"3063","STUDIOLSD","SM",8.6,8.6,8.6,8.6,8.6,8.55,8000,0.69,"08-Oct-2026",4,"",""
"3064","STYL","EQ",367.85,372,352.95,354.25,355.5,369.7,196259,715.19,"08-Oct-2026",5681,"",""
"3065","STYLAMIND","EQ",3350,3350,3220,3243.8,3220.3,3351.6,26161,852.8,"08-Oct-2026",6039,"",""
"3066","STYLEBAAZA","EQ",379.9,388,370.05,372.35,375,379.9,586747,2230.47,"08-Oct-2026",11297,"",""
"3067","STYRENIX","EQ",2008.7,2018.7,1970,1990.5,1990,2001.3,20229,402.77,"08-Oct-2026",3107,"",""
"3068","SUBAHOTELS","SM",90.15,92.85,90,90.1,90.1,92.4,12000,10.86,"08-Oct-2026",10,"",""
"3069","SUBEXLTD","EQ",19.15,19.15,18.3,18.41,18.47,19.15,5288891,984.98,"08-Oct-2026",13662,"",""
"3070","SUBROS","EQ",675.6,680.3,657,664.5,661.5,675.5,32055,213.6,"08-Oct-2026",2557,"",""
"3071","SUDARCOLOR","EQ",362.05,370.9,347.8,351.9,348,364.55,9998,35.63,"08-Oct-2026",741,"",""
"3072","SUDARSCHEM","EQ",1233,1240.1,1170,1176.8,1179.4,1226.6,357840,4275.48,"08-Oct-2026",24770,"",""
"3073","SUDEEPPHRM","EQ",1170.4,1184.9,1095,1114.9,1114,1170.4,208848,2335.57,"08-Oct-2026",27219,"",""
"3074","SUKHJITS","EQ",151.3,151.99,146.51,146.67,146.51,149.56,5904,8.74,"08-Oct-2026",403,"",""
"3075","SULA","EQ",133,133.48,130.05,130.58,130.05,133.41,159849,210.19,"08-Oct-2026",3905,"",""
"3076","SUMAX","SM",101.05,106,96.8,98.85,99.5,105.35,162000,160.85,"08-Oct-2026",116,"",""
"3077","SUMEDHA","EQ",43,43,41,41.95,41.95,43.05,2084,0.87,"08-Oct-2026",67,"",""
"3078","SUMEETINDS","EQ",12,12.04,11.4,11.4,11.4,12,1404962,162.25,"08-Oct-2026",1454,"",""
"3079","SUMICHEM","EQ",421.9,426.4,409.5,411.4,410.9,421.95,148881,620.33,"08-Oct-2026",11772,"",""
"3080","SUMIT","EQ",51.49,51.49,44.15,45.92,45.7,50.48,51096,23.37,"08-Oct-2026",600,"",""
"3081","SUMMITSEC","EQ",1310,1330.8,1297.2,1305,1305.5,1320.4,3943,51.81,"08-Oct-2026",437,"",""
"3082","SUNCLAY","EQ",1149.8,1149.8,1096.1,1100.8,1111.9,1131.8,4215,46.82,"08-Oct-2026",650,"",""
"3083","SUNDARAM","EQ",1.09,1.09,1.04,1.05,1.05,1.07,445554,4.7,"08-Oct-2026",268,"",""
"3084","SUNDARMFIN","EQ",4290,4350,4101,4110.6,4101,4301.2,65226,2715.38,"08-Oct-2026",17460,"",""
"3085","SUNDRMBRAK","EQ",667.1,678.85,661,669.7,661,667.05,237,1.58,"08-Oct-2026",27,"",""
"3086","SUNDRMFAST","EQ",1159.9,1159.9,1095.2,1108.3,1102.1,1127,103754,1162.63,"08-Oct-2026",12723,"",""
"3087","SUNDROP","EQ",731.25,752,726.4,743.55,745,745.9,39823,296.4,"08-Oct-2026",997,"",""
"3088","SUNFLAG","EQ",477,477,450.7,450.7,450.7,474.4,423244,1929.53,"08-Oct-2026",6184,"",""
"3089","SUNLITE","SM",675,675,634,635.5,635.05,671.15,15000,97.26,"08-Oct-2026",46,"",""
"3090","SUNLOC","EQ",71.39,72.5,70,72.5,72.5,70,32,0.02,"08-Oct-2026",8,"",""
"3091","SUNPHARMA","EQ",1788.1,1796,1745,1759.8,1759.8,1781,1605236,28283.83,"08-Oct-2026",95982,"",""
"3092","SUNRAKSHAK","EQ",361.15,362.1,349.6,353.8,353,356.9,5772,20.56,"08-Oct-2026",243,"",""
"3093","SUNREST","SM",38.5,38.5,36.75,36.75,36.75,38.5,4800,1.79,"08-Oct-2026",3,"",""
"3094","SUNSHIEL","EQ",1090.1,1117.4,1025,1048.3,1055,1103.5,1860,19.49,"08-Oct-2026",399,"",""
"3095","SUNSHINE","EQ",455.1,455.1,425,432.8,431,448.9,470121,2051.64,"08-Oct-2026",7110,"",""
"3096","SUNTECH","SM",36.9,36.9,36.5,36.5,36.5,36.75,4800,1.76,"08-Oct-2026",3,"",""
"3097","SUNTECK","EQ",278.3,278.3,270.65,271.6,273,278.15,102432,279.58,"08-Oct-2026",3529,"",""
"3098","SUNTV","EQ",634.9,639.8,610.5,614.2,614.05,636.5,1100802,6882.88,"08-Oct-2026",41067,"",""
"3099","SUPERHOUSE","EQ",154,155.99,150,152.11,154.94,154.93,1827,2.8,"08-Oct-2026",148,"",""
"3100","SUPERSPIN","BE",7.01,7.29,6.71,6.87,7.19,7.04,12037,0.82,"08-Oct-2026",32,"",""
"3101","SUPRAJIT","EQ",465,479.5,455.15,470.85,461.45,465.15,69105,322.23,"08-Oct-2026",4615,"",""
"3102","SUPREME","EQ",29.95,30.48,29.46,29.96,29.56,29.98,5937,1.77,"08-Oct-2026",224,"",""
"3103","SUPREMEENG","BZ",4.56,4.56,4.56,4.56,4.56,4.48,198476,9.05,"08-Oct-2026",98,"",""
"3104","SUPREMEIND","EQ",3567.7,3598.8,3462,3462,3462,3550,87986,3092.71,"08-Oct-2026",15223,"",""
"3105","SUPREMEINF","EQ",55.21,55.56,49.21,49.92,50.81,54.67,456795,232.91,"08-Oct-2026",2119,"",""
"3106","SUPREMEPWR","SM",267.5,277,250,252.6,253.8,260.05,204000,538.2,"08-Oct-2026",326,"",""
"3107","SUPRIYA","EQ",894.35,894.35,850.1,861.35,859,889.25,241403,2084.04,"08-Oct-2026",18119,"",""
"3108","SUPTANERY","BE",8.79,8.89,8.64,8.89,8.89,8.47,175945,15.59,"08-Oct-2026",525,"",""
"3109","SURAJEST","EQ",208.26,209.26,196,196.86,199,208.26,79684,159.57,"08-Oct-2026",2281,"",""
"3110","SURAJLTD","EQ",181.7,187.99,177.99,184.57,184,181.7,6983,12.64,"08-Oct-2026",240,"",""
"3111","SURAKSHA","EQ",324.05,324.05,307,309.4,315,321.7,63897,200.47,"08-Oct-2026",2438,"",""
"3112","SURANASOL","EQ",24.36,24.36,23.57,23.73,23.82,24.36,11613,2.77,"08-Oct-2026",309,"",""
"3113","SURANAT&P","EQ",16,16,15.6,15.61,15.8,15.76,18123,2.85,"08-Oct-2026",200,"",""
"3114","SURANI","SM",172,174.25,149.5,161.9,163,158.45,121000,204.69,"08-Oct-2026",285,"",""
"3115","SURYALA","EQ",377,383.3,376.25,376.35,379.95,376.25,670,2.52,"08-Oct-2026",9,"",""
"3116","SURYALAXMI","EQ",56.92,56.92,55.5,55.6,55.6,56.64,1795,1.01,"08-Oct-2026",34,"",""
"3117","SURYAROSNI","EQ",218.3,218.3,212,213,212,218.34,369129,791.91,"08-Oct-2026",6255,"",""
"3118","SURYODAY","EQ",155.8,156.31,148.54,149.05,149.5,155.54,144228,217.93,"08-Oct-2026",3431,"",""
"3119","SUTLEJTEX","EQ",36.6,37.28,35.16,35.25,35.17,36.57,26174,9.33,"08-Oct-2026",197,"",""
"3120","SUVEN","EQ",306.5,306.6,287.25,288.9,287.3,305.55,589929,1728.9,"08-Oct-2026",20198,"",""
"3121","SUVIDHAA","EQ",2.1,2.18,2.01,2.07,2.07,2.1,67624,1.39,"08-Oct-2026",173,"",""
"3122","SUYOG","EQ",665,673.65,640,643.3,640,672.85,11327,73.44,"08-Oct-2026",928,"",""
"3123","SUZLON","EQ",38.43,38.43,36.31,36.43,36.43,38.34,85701657,31779.26,"08-Oct-2026",193563,"",""
"3124","SVGLOBAL","EQ",141.69,143.11,136,136.06,139,138.95,393,0.54,"08-Oct-2026",22,"",""
"3125","SVLL","EQ",829.95,841.35,792.5,801.3,809.85,824.9,456,3.7,"08-Oct-2026",58,"",""
"3126","SVPGLOB","EQ",3.14,3.3,2.76,3.13,3.15,3,162953,5.1,"08-Oct-2026",273,"",""
"3127","SWANCORP","EQ",271.85,271.85,254.4,260.25,261,271.85,1229944,3217.72,"08-Oct-2026",23773,"",""
"3128","SWANDEF","BE",2703.1,2814.9,2670,2785.1,2670,2759.4,24580,677.37,"08-Oct-2026",1061,"",""
"3129","SWARAJ","BE",361,366,359.85,363.6,365.5,362,102500,371.68,"08-Oct-2026",195,"",""
"3130","SWARAJENG","EQ",3546.1,3546.1,3475,3491.6,3475.1,3546.1,9227,324.35,"08-Oct-2026",2221,"",""
"3131","SWARNSAR","EQ",40.79,42.45,37.9,39.1,38.81,40.01,10678,4.13,"08-Oct-2026",94,"",""
"3132","SWASTIK","ST",18.3,18.3,17.4,17.4,17.4,18.3,4800,0.86,"08-Oct-2026",4,"",""
"3133","SWASTIKAIN","BE",220.63,220.63,215,220.61,220.63,210.13,705500,1555.31,"08-Oct-2026",3730,"",""
"3134","SWELECTES","EQ",610,610,577.45,581.6,580,608.8,11348,66.83,"08-Oct-2026",963,"",""
"3135","SWIGGY","EQ",246,247.2,234,234.95,234.95,246,8382103,20068.64,"08-Oct-2026",51412,"",""
"3136","SWISSMLTRY","BE",14.5,14.5,13.8,13.92,13.9,14.19,145254,20.28,"08-Oct-2026",491,"",""
"3137","SWSOLAR","EQ",168.38,168.95,159.1,160.09,159.85,168.11,1067977,1738.78,"08-Oct-2026",13051,"",""
"3138","SYLVANPLY","SM",47.55,48.95,47.5,48.95,48.95,50,8000,3.83,"08-Oct-2026",4,"",""
"3139","SYMBIOTEC","EQ",1130,1143,1080.7,1093.8,1095.9,1135.6,645045,7070.11,"08-Oct-2026",40007,"",""
"3140","SYMPHONY","EQ",560,560,536.25,538.85,540,558.1,57974,315.72,"08-Oct-2026",4146,"",""
"3141","SYNCOMF","EQ",25.19,25.19,23.3,23.57,23.59,24.94,14107513,3366.98,"08-Oct-2026",28840,"",""
"3142","SYNGENE","EQ",363.7,363.7,345.2,346,346,360.3,333710,1167.77,"08-Oct-2026",15954,"",""
"3143","SYRMA","EQ",1752,1759.5,1657.6,1680.9,1680.8,1746.7,904837,15447.32,"08-Oct-2026",59339,"",""
"3144","SYSTANGO","SM",216.7,217.55,210,213.1,213.6,218.65,35200,74.67,"08-Oct-2026",71,"",""
"3145","SYSTMTXC","BE",73,73,73,73,73,72.69,10485,7.65,"08-Oct-2026",22,"",""
"3146","TAALTECH","EQ",1087.9,1088.6,1033,1041.5,1040,1087.9,59953,631.05,"08-Oct-2026",5140,"",""
"3147","TAC","ST",413.25,413.25,402.8,402.8,402.8,424,36400,147.15,"08-Oct-2026",114,"",""
"3148","TAINWALCHM","EQ",200.4,204.45,193.1,203.35,204,200.4,4962,9.74,"08-Oct-2026",92,"",""
"3149","TAJGVK","EQ",322.8,326.8,315,322.4,323.7,320.45,100851,323.75,"08-Oct-2026",4426,"",""
"3150","TAKE","EQ",12.72,12.72,12.72,12.72,12.72,12.12,166290,21.15,"08-Oct-2026",67,"",""
"3151","TALBROAUTO","EQ",417,420.95,402,405.35,410.1,417.05,141783,577.17,"08-Oct-2026",7026,"",""
"3152","TAMBOLIIN","BE",297.75,304.75,290.2,290.55,290.55,295,4485,13.1,"08-Oct-2026",42,"",""
"3153","TANAA","EQ",354,364.5,324.85,330.35,328.85,349.25,156930,545.28,"08-Oct-2026",8616,"",""
"3154","TANLA","EQ",491,501,488.25,493.35,494,494.55,367977,1818.08,"08-Oct-2026",17831,"",""
"3155","TARACHAND","EQ",46.75,46.96,46,46.11,46.5,46.26,80254,37.1,"08-Oct-2026",913,"",""
"3156","TARAPUR","EQ",13.8,13.82,12.4,13.82,13.82,11.52,146419,19.89,"08-Oct-2026",294,"",""
"3157","TARC","EQ",122.87,122.88,115.67,117.55,118.2,122.24,687814,809.35,"08-Oct-2026",4245,"",""
"3158","TARIL","EQ",289,289,279.25,282.75,283.8,289.15,1397291,3954.18,"08-Oct-2026",24716,"",""
"3159","TARMAT","EQ",56.79,57.87,54.85,55.15,55,56.78,5724,3.18,"08-Oct-2026",140,"",""
"3160","TARSONS","EQ",341.7,341.7,325.35,327.65,326.75,341.7,110553,368.91,"08-Oct-2026",4374,"",""
"3161","TASTYBITE","EQ",9374,9374,8960.5,8999,8964,9373,1591,144.94,"08-Oct-2026",711,"",""
"3162","TATACAP","EQ",318,320.2,311.5,314.9,312,320.55,1747230,5535.79,"08-Oct-2026",45997,"",""
"3163","TATACHEM","EQ",612,613.9,591,592.95,592.8,609.8,744076,4455.44,"08-Oct-2026",24826,"",""
"3164","TATACOMM","EQ",1655.2,1698.9,1632.3,1677.4,1685,1659.6,514789,8607.6,"08-Oct-2026",23465,"",""
"3165","TATACONSUM","EQ",966.4,974,947.3,951.9,951.9,968.5,873932,8349.42,"08-Oct-2026",39546,"",""
"3166","TATAELXSI","EQ",3090,3141.4,2996,2996,2996,3082.5,244061,7454.03,"08-Oct-2026",32134,"",""
"3167","TATAGOLD","EQ",14.25,14.28,14.2,14.21,14.24,14.23,25730797,3663.97,"08-Oct-2026",53377,"",""
"3168","TATAINVEST","EQ",614.05,617.85,606.4,609.3,607.4,615.3,525736,3205.4,"08-Oct-2026",22372,"",""
"3169","TATAPOWER","EQ",347,347.75,334,335.65,335.65,345.15,6295578,21257.57,"08-Oct-2026",90151,"",""
"3170","TATASTEEL","EQ",176.3,176.4,170.54,171.96,171.96,175.64,30689721,53076.78,"08-Oct-2026",215651,"",""
"3171","TATATECH","EQ",701.8,723,686.7,694.65,693.85,697.6,1754369,12466.54,"08-Oct-2026",77103,"",""
"3172","TATSILV","EQ",21.2,21.26,20.85,20.9,20.95,21.21,37689405,7911.32,"08-Oct-2026",52276,"",""
"3173","TATVA","EQ",1999.9,2008.7,1841.4,1855.6,1875.8,1991.2,140860,2689.32,"08-Oct-2026",18906,"",""
"3174","TAURIAN","ST",640,656.95,626,655,655,655.5,5600,35.87,"08-Oct-2026",7,"",""
"3175","TBI","SM",74.1,76.4,68.3,72.95,72.4,74,39000,28.29,"08-Oct-2026",55,"",""
"3176","TBOTEK","EQ",1728.7,1730,1653.9,1666.5,1674.9,1704.5,146903,2471.56,"08-Oct-2026",18072,"",""
"3177","TBZ","BE",594.9,595,564.55,566.65,570,594.25,190584,1090.36,"08-Oct-2026",3025,"",""
"3178","TCC","EQ",46.01,46.85,44.11,44.84,45.3,46.1,286728,129.11,"08-Oct-2026",2387,"",""
"3179","TCI","EQ",888.1,889,870.55,877.05,874.15,885.6,93239,819.06,"08-Oct-2026",5541,"",""
"3180","TCIEXP","EQ",499.75,499.75,475,477.2,478.95,499.75,52641,254.1,"08-Oct-2026",2704,"",""
"3181","TCIFINANCE","EQ",13.94,14.9,13.91,14.11,14.9,14.21,18972,2.68,"08-Oct-2026",125,"",""
"3182","TCL","SM",136,136,122.5,131,131,133.95,98400,126.44,"08-Oct-2026",50,"",""
"3183","TCPLPACK","EQ",4057.1,4265,3905.5,3994.4,3990,4031.5,37264,1535.36,"08-Oct-2026",8614,"",""
"3184","TCS","EQ",2104,2141.5,2060,2076,2076,2080.3,4288031,90216.93,"08-Oct-2026",161516,"",""
"3185","TDPOWERSYS","EQ",835,836,790.5,793.5,796.3,821.1,2548022,20574.28,"08-Oct-2026",95812,"",""
"3186","TEAMGTY","EQ",241.45,241.49,232,235.75,235,238.95,884,2.07,"08-Oct-2026",80,"",""
"3187","TEAMLEASE","EQ",1109,1109,1072.5,1076.9,1074.1,1101,14287,154.55,"08-Oct-2026",2061,"",""
"3188","TEAMTECH","ST",146.3,146.3,140,142.1,142.1,146.3,22000,31.62,"08-Oct-2026",11,"",""
"3189","TECH","EQ",30.89,31.08,30.31,30.48,30.46,30.48,11988,3.68,"08-Oct-2026",145,"",""
"3190","TECHD","SM",525.95,529,520.25,523.55,525,525.95,12600,66.05,"08-Oct-2026",39,"",""
"3191","TECHERA","SM",155.5,158,151.65,152.65,153.8,155.5,70400,108.04,"08-Oct-2026",84,"",""
"3192","TECHLABS","SM",115.85,116,109.5,111.2,111,111.85,17625,19.84,"08-Oct-2026",89,"",""
"3193","TECHM","EQ",1495,1525,1490,1496.2,1496.2,1491.1,1633921,24594.8,"08-Oct-2026",79689,"",""
"3194","TECHNOCRAF","EQ",488,489,466.1,472.5,472,486.4,936890,4429.01,"08-Oct-2026",16894,"",""
"3195","TECHNOE","EQ",991.1,994.9,940.1,942.7,942.9,988.3,191306,1825.94,"08-Oct-2026",21947,"",""
"3196","TECHNVISN","EQ",4210.1,4421,4210.1,4384.5,4410,4213.5,559,24.35,"08-Oct-2026",173,"",""
"3197","TECILCHEM","EQ",9.59,9.85,9.35,9.47,9.75,9.4,4173,0.4,"08-Oct-2026",36,"",""
"3198","TEGA","EQ",2121,2125.4,1952,1958.1,1958.2,2123.6,654228,13073.76,"08-Oct-2026",47936,"",""
"3199","TEJA","SM",218,218,205,206,205.2,218,13800,28.93,"08-Oct-2026",22,"",""
"3200","TEJASNET","EQ",467.95,467.95,447.25,451.15,452.7,466.7,1481274,6736.89,"08-Oct-2026",41953,"",""
"3201","TEMBO","EQ",56.4,57.19,54.95,55.91,56,56.42,980291,550.06,"08-Oct-2026",5767,"",""
"3202","TEMPSENS","EQ",573.9,583.35,555.15,561,557.1,578,2135205,12159.9,"08-Oct-2026",54215,"",""
"3203","TENNIND","EQ",481,481,465.45,468.8,468.65,480.4,723263,3406.36,"08-Oct-2026",58414,"",""
"3204","TERAI","EQ",110.41,119,110.2,116.68,118.5,113.5,1267,1.44,"08-Oct-2026",56,"",""
"3205","TERASOFT","EQ",223,226.9,215.41,217.16,220,226.04,22803,50.46,"08-Oct-2026",1324,"",""
"3206","TEXINFRA","EQ",121.25,122.34,119.9,120.04,120,121.24,113845,137.43,"08-Oct-2026",1798,"",""
"3207","TEXMOPIPES","EQ",52.75,54,51.08,51.42,52.4,52.58,94341,49.67,"08-Oct-2026",1377,"",""
"3208","TEXRAIL","EQ",115,115,106.61,107.08,107.49,114.74,3429622,3745.41,"08-Oct-2026",33365,"",""
"3209","TFCILTD","EQ",153.1,154.19,145.65,146.65,147,152.24,8707702,12900.65,"08-Oct-2026",44938,"",""
"3210","TFL","EQ",12.2,12.2,11.7,11.88,11.98,12.16,3302,0.39,"08-Oct-2026",35,"",""
"3211","TGBHOTELS","EQ",9.59,9.59,8.76,8.99,8.87,9.4,59376,5.48,"08-Oct-2026",146,"",""
"3212","TGL","ST",12.7,12.7,12.7,12.7,12.7,12.95,2200,0.28,"08-Oct-2026",10,"",""
"3213","TGVSL","EQ",127.25,127.88,118.3,120.82,121.82,126.26,319936,392.52,"08-Oct-2026",4831,"",""
"3214","THACKER","EQ",972,972,931,938.75,935,980,65,0.61,"08-Oct-2026",16,"",""
"3215","THAKDEV","EQ",133,133,133,133,133,134.39,2,0,"08-Oct-2026",2,"",""
"3216","THANGAMAYL","EQ",4840,4903.5,4786,4810.5,4797,4803,65435,3175.95,"08-Oct-2026",19467,"",""
"3217","THEINVEST","EQ",92.4,92.79,89,90.72,92.79,90.2,5391,4.87,"08-Oct-2026",97,"",""
"3218","THEJO","EQ",2100.4,2114,2055,2073.8,2055,2100.4,11248,235.03,"08-Oct-2026",767,"",""
"3219","THELEELA","EQ",604.45,605.5,584.05,586.95,587,602.45,253791,1495.69,"08-Oct-2026",26074,"",""
"3220","THEMISMED","EQ",116.56,116.56,108.35,108.71,109.5,115.47,57030,63.21,"08-Oct-2026",1410,"",""
"3221","THERMAX","EQ",3230.4,3230.4,3125.1,3138.1,3134,3230.4,75486,2388.69,"08-Oct-2026",21107,"",""
"3222","THESL","ST",14.75,14.75,14.75,14.75,14.75,15.5,3000,0.44,"08-Oct-2026",1,"",""
"3223","THOMASCOOK","EQ",100.5,101.45,98,98.53,98.75,100.54,328736,325.97,"08-Oct-2026",5410,"",""
"3224","THOMASCOTT","EQ",284.85,284.85,264.9,266.4,264.9,278.85,24790,67.21,"08-Oct-2026",868,"",""
"3225","THYROCARE","EQ",515.5,515.5,498,501,500,513.05,869553,4399.84,"08-Oct-2026",65406,"",""
"3226","TI","EQ",552.85,553.1,538.3,548.05,549.9,551.55,792792,4320.01,"08-Oct-2026",22832,"",""
"3227","TICL","BE",9.43,9.43,8.55,8.66,9,8.99,599782,53.84,"08-Oct-2026",493,"",""
"3228","TIGERLOGS","EQ",26.35,26.42,24.74,24.88,25,26.17,152277,38.37,"08-Oct-2026",1303,"",""
"3229","TIIL","EQ",2715.4,2720,2574,2581.9,2599.9,2715.4,38826,1016.56,"08-Oct-2026",5740,"",""
"3230","TIINDIA","EQ",2388,2400,2241,2241,2241,2388,772851,17756.53,"08-Oct-2026",55291,"",""
"3231","TIJARIA","BE",6.45,6.7,6.16,6.37,6.54,6.47,67013,4.23,"08-Oct-2026",325,"",""
"3232","TIL","BE",236,237.5,228.1,229.45,230.9,239.9,83596,192.75,"08-Oct-2026",559,"",""
"3233","TIMESCAN","SM",44.1,44.1,44.1,44.1,44.1,42,2000,0.88,"08-Oct-2026",1,"",""
"3234","TIMETECHNO","EQ",183.9,184.95,178.2,179.68,181.75,183.62,2316985,4230.35,"08-Oct-2026",20718,"",""
"3235","TIMEX","EQ",726,728,704.2,709.25,712,724.45,273241,1948.16,"08-Oct-2026",15871,"",""
"3236","TIMKEN","EQ",3144.6,3144.7,3005.2,3015.6,3017.9,3132,19814,605.9,"08-Oct-2026",6883,"",""
"3237","TINNARUBR","EQ",935,948.7,876,879.6,884.1,930.55,51054,454.21,"08-Oct-2026",5564,"",""
"3238","TIPSFILMS","EQ",330.1,330.1,311,318.2,317.9,328.75,14166,45.07,"08-Oct-2026",595,"",""
"3239","TIPSMUSIC","EQ",642.8,643,616.05,618.15,619,639.9,326790,2049.98,"08-Oct-2026",19833,"",""
"3240","TIRUMALCHM","EQ",147.9,148,141,142.84,142.7,147.91,247640,355.29,"08-Oct-2026",4672,"",""
"3241","TIRUPATIFL","BE",70,70.02,69.39,69.39,69.39,70.8,147853,103.19,"08-Oct-2026",290,"",""
"3242","TITAGARH","EQ",799.65,799.65,772.1,778,778.7,799.75,314209,2472.6,"08-Oct-2026",28989,"",""
"3243","TITAN","EQ",4380,4467,4359.5,4359.5,4359.5,4377,1490894,65739.9,"08-Oct-2026",127289,"",""
"3244","TMB","EQ",874.5,880,850.5,855.45,850.5,877.35,155002,1337.57,"08-Oct-2026",18582,"",""
"3245","TMCV","EQ",427.1,430.65,409,413.2,411.5,427.9,4430589,18607.02,"08-Oct-2026",97830,"",""
"3246","TMPV","EQ",283.45,284.35,273,273,273,283,7215586,20015.19,"08-Oct-2026",107271,"",""
"3247","TNIDETF","EQ",85,85,82.77,83.24,83.8,84.55,391527,327.68,"08-Oct-2026",480,"",""
"3248","TNPETRO","EQ",127.6,127.7,118,118.98,119.58,125.78,853194,1031.74,"08-Oct-2026",11009,"",""
"3249","TNPL","EQ",143.3,144.87,137.1,137.95,137.78,143.35,169808,238.33,"08-Oct-2026",4095,"",""
"3250","TNTELE","BE",9.44,9.44,9.44,9.44,9.44,9.93,19169,1.81,"08-Oct-2026",67,"",""
"3251","TOKYOPLAST","EQ",72.49,72.49,69.1,69.89,70,70.87,265,0.19,"08-Oct-2026",24,"",""
"3252","TOLINS","EQ",91,91,85.5,86.56,87,90.08,39432,34.43,"08-Oct-2026",1041,"",""
"3253","TOP100CASE","EQ",10.02,10.02,9.75,9.8,9.84,9.97,1069570,105.27,"08-Oct-2026",2069,"",""
"3254","TOP10ADD","EQ",83.7,83.7,82.3,82.5,82.83,83.76,261721,216.11,"08-Oct-2026",810,"",""
"3255","TOP15IETF","EQ",9.26,9.26,9.08,9.09,9.14,9.24,128543,11.75,"08-Oct-2026",264,"",""
"3256","TOP20","EQ",8.35,8.36,8.22,8.24,8.25,8.35,40472,3.35,"08-Oct-2026",355,"",""
"3257","TORNTPHARM","EQ",4713,4738,4592.3,4617.1,4617.1,4716.2,253761,11789.76,"08-Oct-2026",34299,"",""
"3258","TORNTPOWER","EQ",1231.4,1232.7,1195,1214.6,1212,1236.5,386016,4673.81,"08-Oct-2026",26949,"",""
"3259","TOTAL","BE",71.25,73,69.81,70.01,70.01,69.81,6831,4.91,"08-Oct-2026",41,"",""
"3260","TOUCHWOOD","EQ",59.01,59.01,58.41,58.54,58.41,59.61,288,0.17,"08-Oct-2026",23,"",""
"3261","TOYAMSL","EQ",0.73,0.74,0.71,0.73,0.74,0.71,727162,5.32,"08-Oct-2026",205,"",""
"3262","TPHQ","BE",0.47,0.48,0.45,0.45,0.47,0.47,884207,4.11,"08-Oct-2026",351,"",""
"3263","TPLPLASTEH","EQ",69,71,67.5,67.69,67.5,68.6,139751,96.1,"08-Oct-2026",1656,"",""
"3264","TRACXN","EQ",33.2,34.64,32.61,33.06,32.63,33.89,245101,81.72,"08-Oct-2026",3907,"",""
"3265","TRANSCOR","EQ",25.38,25.38,23.75,23.98,24,25.38,2824,0.68,"08-Oct-2026",75,"",""
"3266","TRANSPEK","BE",1405,1405,1343,1379.3,1379.9,1398.1,711,9.89,"08-Oct-2026",38,"",""
"3267","TRANSRAILL","EQ",484,486.5,469,472.15,471.6,479.3,858748,4109.38,"08-Oct-2026",30543,"",""
"3268","TRANSTEEL","SM",84.9,85.6,81.4,82,82,82.45,58000,47.81,"08-Oct-2026",34,"",""
"3269","TRANSWORLD","BE",155,157.89,152.01,152.68,152.01,155.05,3622,5.59,"08-Oct-2026",39,"",""
"3270","TRAVELFOOD","EQ",1189,1192,1161.5,1186.2,1180.1,1189.6,58790,691.38,"08-Oct-2026",11406,"",""
"3271","TREEHOUSE","EQ",5.67,5.88,5.65,5.65,5.65,5.78,17035,0.97,"08-Oct-2026",101,"",""
"3272","TREJHARA","EQ",127.47,132.5,121.21,124.43,123.25,127.48,22269,27.7,"08-Oct-2026",718,"",""
"3273","TREL","EQ",27.15,27.45,25.7,25.75,25.7,26.71,74657,19.44,"08-Oct-2026",1050,"",""
"3274","TRENT","EQ",2873.6,2936,2868.2,2876.3,2876.3,2890.3,1348808,39189.49,"08-Oct-2026",84736,"",""
"3275","TRF","EQ",199.5,199.5,191,191.78,191,198.02,13862,27.05,"08-Oct-2026",426,"",""
"3276","TRIDENT","EQ",22.16,22.32,21.8,21.83,21.9,22.31,3000810,660.02,"08-Oct-2026",13961,"",""
"3277","TRIGYN","EQ",51.1,52.8,51,51.59,52.39,51.63,19594,10.12,"08-Oct-2026",287,"",""
"3278","TRITONV","EQ",1050.2,1067,1025,1029.9,1035,1050.2,1621,16.83,"08-Oct-2026",185,"",""
"3279","TRITURBINE","EQ",527.05,529.95,512.2,516.45,517,531.45,371191,1921.17,"08-Oct-2026",26694,"",""
"3280","TRIVENI","EQ",245,253.86,236.17,237.86,238.75,245.13,1140719,2757.14,"08-Oct-2026",27966,"",""
"3281","TROM","SM",53.5,54.75,53.5,54.75,54.75,56.05,3600,1.95,"08-Oct-2026",6,"",""
"3282","TRU","EQ",4.34,4.99,4.21,4.36,4.4,4.25,56618,2.45,"08-Oct-2026",134,"",""
"3283","TRUALT","EQ",448.85,449.85,421.3,424.05,424.8,448.85,240421,1036.27,"08-Oct-2026",5902,"",""
"3284","TRUST","SM",25.5,25.7,24.95,25.65,25.6,24.7,5400,1.37,"08-Oct-2026",9,"",""
"3285","TSC","ST",46.5,46.5,46.5,46.5,46.5,48,2000,0.93,"08-Oct-2026",1,"",""
"3286","TSFINV","EQ",409.6,409.6,396.3,397.55,400,409.6,86481,347.63,"08-Oct-2026",4360,"",""
"3287","TTKHLTCARE","EQ",1038.9,1041.7,1000,1007,1006.5,1046.6,12569,128.12,"08-Oct-2026",1461,"",""
"3288","TTKPRESTIG","EQ",520,520,511.3,513,514,517.85,21480,110.37,"08-Oct-2026",2138,"",""
"3289","TTL","EQ",7.36,7.36,7.11,7.11,7.14,7.29,46785,3.35,"08-Oct-2026",141,"",""
"3290","TTML","EQ",34.01,34.14,32.7,32.95,32.83,34.01,2087316,695.48,"08-Oct-2026",11259,"",""
"3291","TUNWAL","SM",25.75,25.95,25.2,25.25,25.2,25.75,38000,9.69,"08-Oct-2026",18,"",""
"3292","TURTLEMINT","EQ",73.64,73.8,68.67,69.53,69.31,72.28,2028151,1420.15,"08-Oct-2026",14046,"",""
"3293","TUTIALKA","EQ",54.7,55.35,51.08,52.41,53.8,54.7,5395,2.83,"08-Oct-2026",86,"",""
"3294","TVSELECT","EQ",400,400,385,386.7,385,397,36839,143.71,"08-Oct-2026",2501,"",""
"3295","TVSHLTD","EQ",11799,11799,11475,11529,11489,11735,10643,1233.3,"08-Oct-2026",2514,"",""
"3296","TVSMOTOR","EQ",3921.4,3964,3839.4,3839.4,3839.4,3926,1018799,39843.35,"08-Oct-2026",66892,"",""
"3297","TVSSCS","EQ",130.4,130.4,124.85,125.92,126.45,130.4,648346,822.08,"08-Oct-2026",13171,"",""
"3298","TVSSRICHAK","EQ",4366.7,4399,4195.7,4255.2,4226,4354.1,5741,244.44,"08-Oct-2026",1614,"",""
"3299","TVTODAY","EQ",101.05,110,100.06,103.3,104.24,101.3,58342,61.08,"08-Oct-2026",1213,"",""
"3300","TVVISION","BE",2.7,2.7,2.49,2.61,2.62,2.59,48237,1.24,"08-Oct-2026",56,"",""
"3301","TWCGOLDETF","EQ",146.43,153.2,145.41,146,145.41,145.99,23866,34.84,"08-Oct-2026",192,"",""
"3302","UBL","EQ",1188.6,1211.5,1160,1162.7,1163.7,1185.7,93742,1105.7,"08-Oct-2026",13084,"",""
"3303","UCAL","BE",141.57,141.57,139,139.39,139,141.57,7148,9.98,"08-Oct-2026",63,"",""
"3304","UCOBANK","EQ",23.4,23.49,22.9,22.96,22.97,23.4,3559272,826.95,"08-Oct-2026",14289,"",""
"3305","UDAYJEW","EQ",162.01,172,161.21,168.73,167.02,161.13,163207,276.06,"08-Oct-2026",3355,"",""
"3306","UDS","EQ",218.11,221.05,207.35,210.09,208.9,218.11,257354,554.74,"08-Oct-2026",8141,"",""
"3307","UEL","EQ",179.22,195.4,175.01,195.4,195.4,177.64,31963,61.46,"08-Oct-2026",905,"",""
"3308","UFBL","BE",694.9,694.9,661.45,665.25,664,687.65,9406,63.76,"08-Oct-2026",442,"",""
"3309","UFLEX","EQ",644.25,644.25,613.7,617.05,622,643.15,102526,639.32,"08-Oct-2026",3714,"",""
"3310","UFO","EQ",56.35,58,54.2,54.9,55.3,56.88,46462,25.97,"08-Oct-2026",1177,"",""
"3311","UGARSUGAR","BE",58.4,58.95,55.53,55.53,55.53,58.45,193091,108.16,"08-Oct-2026",765,"",""
"3312","UGROCAP","EQ",81.29,81.29,79,79.72,79.5,81.28,114480,91.69,"08-Oct-2026",1873,"",""
"3313","UHTL","ST",207.8,207.8,207.8,207.8,207.8,203.75,14000,29.09,"08-Oct-2026",3,"",""
"3314","UJJIVANSFB","EQ",64.93,64.93,61.65,62.3,62.3,64.94,24673897,15395.01,"08-Oct-2026",59115,"",""
"3315","ULTRACEMCO","EQ",10660,10670,10426,10426,10426,10658,227189,23925.98,"08-Oct-2026",36720,"",""
"3316","ULTRAMAR","EQ",413,413,400.15,400.8,401.25,409.6,81846,329.15,"08-Oct-2026",1423,"",""
"3317","UMA","SM",17.1,17.1,17.1,17.1,17.1,18.4,4000,0.68,"08-Oct-2026",1,"",""
"3318","UMAEXPORTS","BE",19.56,20.2,19.56,19.88,20.07,20.07,26935,5.35,"08-Oct-2026",144,"",""
"3319","UMESLTD","EQ",4.68,4.68,4.43,4.57,4.5,4.51,17815,0.81,"08-Oct-2026",90,"",""
"3320","UMIYA-MRO","EQ",93.8,94.5,91,92.71,93.49,92.22,5649,5.25,"08-Oct-2026",96,"",""
"3321","UNICHEMLAB","EQ",548,568.95,526.1,530.9,529,546.2,164167,901.59,"08-Oct-2026",8298,"",""
"3322","UNIDT","EQ",231.5,231.5,220.64,226.24,223.04,227.34,19874,44.5,"08-Oct-2026",821,"",""
"3323","UNIECOM","EQ",83,83,78.72,79.9,80.84,82.61,322152,258.27,"08-Oct-2026",3538,"",""
"3324","UNIENTER","EQ",86.72,88,86.35,86.39,87,86.72,952,0.83,"08-Oct-2026",37,"",""
"3325","UNIHEALTH","SM",550,550,535,550,550,554.35,10000,54.59,"08-Oct-2026",18,"",""
"3326","UNIINFO","EQ",12.34,12.34,10.64,11.16,10.65,11.45,4350,0.49,"08-Oct-2026",69,"",""
"3327","UNILEX","SM",30,30,30,30,30,30.75,3200,0.96,"08-Oct-2026",2,"",""
"3328","UNIMECH","EQ",1854,1854,1721.7,1751.9,1765,1854.5,293889,5178.59,"08-Oct-2026",30605,"",""
"3329","UNIONBANK","EQ",172.05,174.57,171.2,171.51,171.51,173.15,6780803,11705.54,"08-Oct-2026",60469,"",""
"3330","UNIONGOLD","EQ",143.5,144.2,142.85,143.35,143.65,143.5,9605,13.77,"08-Oct-2026",634,"",""
"3331","UNIPARTS","EQ",806.6,822,771,776.6,778,812.3,153849,1211.27,"08-Oct-2026",13401,"",""
"3332","UNITDSPR","EQ",1344.9,1350,1308.1,1318.2,1318.2,1344,882097,11685.04,"08-Oct-2026",53278,"",""
"3333","UNITECH","EQ",4.16,4.16,3.99,4.01,4.04,4.1,3426526,139.48,"08-Oct-2026",14760,"",""
"3334","UNITEDPOLY","EQ",47.14,49.13,46.6,47.56,47,48.1,215130,102.25,"08-Oct-2026",1236,"",""
"3335","UNITEDTEA","EQ",424,424,403,403,403,408.85,2956,12.04,"08-Oct-2026",106,"",""
"3336","UNIVASTU","BE",129.9,132.89,127.05,129.79,130,129.81,32794,42.69,"08-Oct-2026",235,"",""
"3337","UNIVCABLES","EQ",1626.7,1626.7,1546.6,1549.9,1556,1633.1,103063,1610.94,"08-Oct-2026",12895,"",""
"3338","UNIVPHOTO","BE",499.85,499.85,456,456.2,475,479.95,920,4.34,"08-Oct-2026",40,"",""
"3339","UNOMINDA","EQ",1100,1105.8,1085,1085,1085,1104.8,479061,5243.91,"08-Oct-2026",23523,"",""
"3340","UPHOT","EQ",1530,1597,1465.1,1597,1597,1530,44,0.67,"08-Oct-2026",11,"",""
"3341","UPL","EQ",497.75,497.75,476.45,481.05,481.05,495,2055106,9945.23,"08-Oct-2026",53675,"",""
"3342","URAVIDEF","BE",102,102,101,101.99,101.99,102,488,0.5,"08-Oct-2026",13,"",""
"3343","URBAN","SM",119.95,120.05,117,118.5,118.5,121.75,11200,13.25,"08-Oct-2026",14,"",""
"3344","URBANCO","EQ",167.8,167.98,159.82,160.25,161.45,168.23,3360124,5466.11,"08-Oct-2026",31409,"",""
"3345","URJA","EQ",8.46,8.5,8.3,8.36,8.45,8.51,590341,49.52,"08-Oct-2026",2493,"",""
"3346","USHAFIN","ST",51.5,52,50.5,52,52,49.55,28800,14.87,"08-Oct-2026",17,"",""
"3347","USHAMART","EQ",519,519,499.8,503.95,503.6,520.25,510088,2588.04,"08-Oct-2026",22907,"",""
"3348","USK","EQ",18.77,20,18.5,18.72,18.65,18.4,22205,4.27,"08-Oct-2026",267,"",""
"3349","UTIAMC","EQ",896.9,897,875.45,877.2,875.45,892.3,71495,632.57,"08-Oct-2026",11152,"",""
"3350","UTKAL","ST",47,47,46.2,47,47,48.6,14000,6.53,"08-Oct-2026",7,"",""
"3351","UTKARSHBNK","EQ",13.98,13.98,13.5,13.64,13.52,13.98,5461414,743.7,"08-Oct-2026",6996,"",""
"3352","UTLSOLAR","EQ",434.8,434.8,407,409.2,411.95,431.75,281419,1170.41,"08-Oct-2026",15553,"",""
"3353","UTSSAV","SM",858,858,840,841.05,840,855,31800,268.81,"08-Oct-2026",46,"",""
"3354","UTTAMSUGAR","EQ",310,316.55,287.25,291.55,295.25,308.3,340072,1025.65,"08-Oct-2026",9191,"",""
"3355","UYFINCORP","BE",22.99,23.93,22.11,23.71,23.69,22.93,284258,65.85,"08-Oct-2026",553,"",""
"3356","V2RETAIL","EQ",162,163.91,153.5,154.87,155.1,163.95,4585965,7204.19,"08-Oct-2026",45355,"",""
"3357","VADILALIND","EQ",7287,7287,7041,7167.5,7220,7247,6377,455.46,"08-Oct-2026",2291,"",""
"3358","VADILENT","EQ",9875,9875,9822,9822,9822,9910,4,0.39,"08-Oct-2026",4,"",""
"3359","VAIBHAVGBL","EQ",200.75,209.98,197.33,199.55,203,200.75,1132315,2299.42,"08-Oct-2026",16240,"",""
"3360","VAISHALI","EQ",8.48,8.48,7.9,7.99,8.15,8.1,112532,9.14,"08-Oct-2026",283,"",""
"3361","VAKRANGEE","EQ",5.19,5.2,4.91,5.04,5.08,5.19,1445866,73.35,"08-Oct-2026",2213,"",""
"3362","VAL30IETF","EQ",14.29,14.29,13.98,13.99,14.05,14.29,363412,51.08,"08-Oct-2026",891,"",""
"3363","VALIANTLAB","BE",124.79,125,117.05,117.34,117.05,123.21,67041,80.18,"08-Oct-2026",383,"",""
"3364","VALIANTORG","EQ",483,483.05,445.5,450.6,445.5,479.85,128189,585.76,"08-Oct-2026",4598,"",""
"3365","VALUE","EQ",15.05,15.21,14.81,14.82,14.82,15.14,39577,5.9,"08-Oct-2026",192,"",""
"3366","VALUE360","SM",86.4,86.4,79,82.05,80,73.85,211200,174.32,"08-Oct-2026",148,"",""
"3367","VALUEAXIS","EQ",31.55,31.55,30,30.37,30.45,30.93,104875,31.92,"08-Oct-2026",693,"",""
"3368","VAML","EQ",394,394.8,372,374.45,373.65,394,6597010,25055.28,"08-Oct-2026",122061,"",""
"3369","VARDHACRLC","EQ",43.7,43.7,42.5,42.7,42.65,43.72,10409,4.46,"08-Oct-2026",163,"",""
"3370","VARDMNPOLY","EQ",5.4,5.5,5.13,5.25,5.32,5.4,192967,10.32,"08-Oct-2026",436,"",""
"3371","VARMORA","EQ",137.97,139.14,131.51,134.16,134,136.31,979661,1313.25,"08-Oct-2026",12959,"",""
"3372","VARROC","EQ",824.75,824.75,797,802.9,798,823.75,201786,1627.35,"08-Oct-2026",17054,"",""
"3373","VASCONEQ","EQ",32.09,32.24,30,30.34,30.39,32.33,731367,225.05,"08-Oct-2026",3662,"",""
"3374","VASUPRADA","EQ",98.99,98.99,98.97,98.97,98.97,95,239,0.24,"08-Oct-2026",4,"",""
"3375","VASWANI","EQ",44.29,45.1,43.26,43.37,43.99,43.8,9732,4.29,"08-Oct-2026",125,"",""
"3376","VBL","EQ",442,442,428.95,432,432,440.75,4361263,18899.84,"08-Oct-2026",73265,"",""
"3377","VCL","BE",1.58,1.62,1.51,1.56,1.58,1.55,581467,9.26,"08-Oct-2026",273,"",""
"3378","VDEAL","SM",112,112,112,112,112,108.95,600,0.67,"08-Oct-2026",1,"",""
"3379","VEDAVAAG","EQ",23,23.79,22.13,22.22,22.14,22.84,86178,19.92,"08-Oct-2026",823,"",""
"3380","VEDL","EQ",262,262.35,253.1,253.1,253.1,261.4,13299826,34091.11,"08-Oct-2026",109397,"",""
"3381","VEDPOWER","EQ",32.79,32.79,31.23,31.89,31.94,32.42,9960019,3175.03,"08-Oct-2026",38997,"",""
"3382","VEEDOL","EQ",1383,1384.4,1352,1357.8,1355,1383,9366,128.34,"08-Oct-2026",966,"",""
"3383","VEEGALAND","EQ",143.5,143.5,134.21,136.9,137,143.63,781582,1070.35,"08-Oct-2026",11980,"",""
"3384","VEEKAYEM","SM",108.5,113.85,108.5,112.6,113.85,103.5,13000,14.64,"08-Oct-2026",26,"",""
"3385","VELJAN","BE",2730,2790.7,2700,2762.9,2790.7,2657.9,6250,174.04,"08-Oct-2026",519,"",""
"3386","VENKEYS","EQ",1655.6,1660,1602.5,1608.2,1613,1655.6,21560,349.91,"08-Oct-2026",2813,"",""
"3387","VENTIVE","EQ",587,587,560.05,563.55,562,582.4,11108,62.95,"08-Oct-2026",1486,"",""
"3388","VENUSPIPES","EQ",2271.7,2347,2081.5,2119.8,2115,2238.5,525166,11732.63,"08-Oct-2026",44505,"",""
"3389","VENUSREM","BE",1765,1765,1681,1681,1681,1769.4,22311,378.89,"08-Oct-2026",1051,"",""
"3390","VERANDA","BE",32.2,32.76,31.9,32.76,32.76,31.2,86084,27.99,"08-Oct-2026",274,"",""
"3391","VERTIS","IV",115.5,115.5,114.05,114.5,114.5,115.75,375000,428.67,"08-Oct-2026",10,"",""
"3392","VERTOZ","EQ",33.33,34,30.12,32.43,32.24,33.06,127557,39.82,"08-Oct-2026",1155,"",""
"3393","VESUVIUS","EQ",408.4,410.45,402.75,406.65,408.8,409.7,108080,438.78,"08-Oct-2026",6359,"",""
"3394","VETO","EQ",138.49,140.24,134,135.63,134.05,138.49,57281,78.42,"08-Oct-2026",1098,"",""
"3395","VGCL","EQ",54.9,54.97,48.03,48.08,48.03,49.98,29574,14.91,"08-Oct-2026",267,"",""
"3396","VGINFOTECH","SM",142.75,142.75,137,137.05,137,136.6,23000,31.74,"08-Oct-2026",21,"",""
"3397","VGL","EQ",63,64.89,62.01,62.41,63,62.92,72892,45.69,"08-Oct-2026",613,"",""
"3398","VGUARD","EQ",301.95,302.15,291,291.85,291.5,302.15,274637,812.55,"08-Oct-2026",18254,"",""
"3399","VHL","EQ",3543.2,3625,3464,3578.8,3575,3598.8,2435,86.98,"08-Oct-2026",349,"",""
"3400","VHLTD","BE",131,136.1,131,136.1,136.1,129.62,159535,216.25,"08-Oct-2026",446,"",""
"3401","VIAZ","SM",85,88.9,85,87.65,88.9,84.9,54000,47.05,"08-Oct-2026",18,"",""
"3402","VICTORYEV","SM",13.45,13.45,13.4,13.4,13.4,13.75,6000,0.81,"08-Oct-2026",2,"",""
"3403","VIDHIING","EQ",348.7,353,328.5,331,330.1,348.2,29672,98.84,"08-Oct-2026",1320,"",""
"3404","VIDYAWIRES","EQ",103.5,104.8,97.5,98.03,98.4,100.62,4901890,4946.19,"08-Oct-2026",46107,"",""
"3405","VIESL","SM",355,356.95,350,354.9,354.9,364.95,12000,42.41,"08-Oct-2026",15,"",""
"3406","VIGOR","SM",68,72.85,66.85,72.15,72.85,70.35,49600,33.74,"08-Oct-2026",28,"",""
"3407","VIJAYA","EQ",1464.5,1472.7,1416.5,1431.1,1438,1462.4,87062,1257.74,"08-Oct-2026",13729,"",""
"3408","VIJAYPD","SM",99.95,100.05,88.2,88.9,89.5,96.1,70000,67.2,"08-Oct-2026",34,"",""
"3409","VIJIFIN","BE",12.36,13.66,12.36,12.84,12.98,13.01,2011322,256.66,"08-Oct-2026",1301,"",""
"3410","VIJSOLX","EQ",617.05,677,600,661,673.35,615.85,841,5.3,"08-Oct-2026",61,"",""
"3411","VIKASECO","EQ",1.02,1.03,1.01,1.01,1.02,1.02,1113238,11.3,"08-Oct-2026",999,"",""
"3412","VIKASLIFE","EQ",1.19,1.2,1.18,1.18,1.19,1.19,1810479,21.55,"08-Oct-2026",7211,"",""
"3413","VIKRAMSOLR","EQ",148.9,148.9,143,143.31,143.5,148.94,2341088,3391.98,"08-Oct-2026",26899,"",""
"3414","VIKRAN","EQ",57.8,57.99,55.51,56.76,57.15,57.85,619447,353.18,"08-Oct-2026",4534,"",""
"3415","VILAS","SM",384,404,372,393.15,394,386.65,44250,171.17,"08-Oct-2026",143,"",""
"3416","VILINBIO","ST",53.75,53.75,53.65,53.65,53.65,51.25,8000,4.3,"08-Oct-2026",2,"",""
"3417","VIMTALABS","EQ",567,567,550.8,553,554,567.2,113339,631.72,"08-Oct-2026",10032,"",""
"3418","VINATIORGA","EQ",1143,1149.9,1117.3,1120.8,1118,1142.3,47711,540.6,"08-Oct-2026",6369,"",""
"3419","VINCOFE","EQ",185,185,174.36,175.79,175.5,184.19,1055945,1876.77,"08-Oct-2026",15147,"",""
"3420","VINDHYATEL","EQ",2787,2845.9,2773,2776.7,2773,2810.1,72244,2018.83,"08-Oct-2026",6594,"",""
"3421","VINEETLAB","EQ",37.2,38,36.01,36.5,37.11,36.65,66511,24.29,"08-Oct-2026",444,"",""
"3422","VINNY","EQ",0.9,0.91,0.89,0.89,0.89,0.89,188304,1.69,"08-Oct-2026",141,"",""
"3423","VINOD","SM",37.25,37.25,37.25,37.25,37.25,39.2,4800,1.79,"08-Oct-2026",4,"",""
"3424","VINSYS","ST",577,581,573,573,573,572,2250,13.01,"08-Oct-2026",9,"",""
"3425","VINYAS","SM",1440,1484,1420,1444.7,1445,1440,12600,184.28,"08-Oct-2026",87,"",""
"3426","VINYLINDIA","EQ",216.6,216.6,207.62,209.8,209.59,215.53,6717,14.15,"08-Oct-2026",300,"",""
"3427","VIPCLOTHNG","EQ",20.02,20.6,19.56,19.97,19.85,20.02,36517,7.34,"08-Oct-2026",263,"",""
"3428","VIPIND","EQ",281.9,282.4,273.8,275.2,274,281.1,177297,492.42,"08-Oct-2026",5492,"",""
"3429","VIPULLTD","BE",9.85,9.85,9.36,9.36,9.36,9.85,195240,18.44,"08-Oct-2026",298,"",""
"3430","VIRAT","EQ",420.65,420.65,385,406.25,405.15,382.45,33561,139.69,"08-Oct-2026",1183,"",""
"3431","VIRINCHI","EQ",12.91,13.15,12.73,12.76,12.87,12.97,46640,5.99,"08-Oct-2026",213,"",""
"3432","VIRTUALG","BE",0.45,0.45,0.43,0.43,0.45,0.44,120069,0.53,"08-Oct-2026",178,"",""
"3433","VISACHROME","EQ",36.2,36.2,32,33.31,33.69,35.22,42270,14.32,"08-Oct-2026",478,"",""
"3434","VISAKAIND","BE",83.83,83.83,79.7,80.55,81.49,83.83,111651,90.36,"08-Oct-2026",1044,"",""
"3435","VISAMAN","SM",26.9,26.95,24.45,24.45,24.45,25.7,69000,17.71,"08-Oct-2026",58,"",""
"3436","VISDEM","SM",90.3,99.9,90.3,92.65,92.65,95.1,40800,38.48,"08-Oct-2026",13,"",""
"3437","VISHAL","EQ",17.13,17.5,16.02,16.48,16.7,17.13,67233,11.27,"08-Oct-2026",971,"",""
"3438","VISHNU","EQ",686.5,687.8,660.1,665.65,668.5,683.4,63015,420.31,"08-Oct-2026",3180,"",""
"3439","VISHNUINFR","SM",140.7,141.35,138,141.35,141.35,141.35,15500,21.85,"08-Oct-2026",9,"",""
"3440","VISHWARAJ","EQ",5.45,5.69,5.3,5.35,5.36,5.51,228071,12.41,"08-Oct-2026",499,"",""
"3441","VISHWAS","SM",42.15,42.15,42.15,42.15,42.15,44.35,1600,0.67,"08-Oct-2026",1,"",""
"3442","VISL","EQ",29.56,29.6,28.32,28.46,28.6,29.44,17950507,5157.44,"08-Oct-2026",43811,"",""
"3443","VITAL","EQ",52.9,52.9,52.5,52.5,52.5,52.87,49,0.03,"08-Oct-2026",11,"",""
"3444","VIVIANA","EQ",825,893.95,823,844.35,850,817.85,152795,1321.81,"08-Oct-2026",13057,"",""
"3445","VIVIDEL","SM",1750,1900,1702.15,1885.8,1885,1750,31200,566.32,"08-Oct-2026",122,"",""
"3446","VIVIDHA","EQ",0.5,0.52,0.5,0.5,0.51,0.5,216615,1.1,"08-Oct-2026",124,"",""
"3447","VIVIMEDLAB","BE",6.91,6.91,6.91,6.91,6.91,6.59,156192,10.79,"08-Oct-2026",81,"",""
"3448","VIVO","ST",150,150,150,150,150,146,1600,2.4,"08-Oct-2026",1,"",""
"3449","VIVOBIOT","EQ",15.1,15.79,14,14.51,14.4,15.1,74240,10.85,"08-Oct-2026",255,"",""
"3450","VIYASH","EQ",241.9,250.9,235.01,235.86,235.8,240.77,3818274,9261.3,"08-Oct-2026",45595,"",""
"3451","VLEGOV","EQ",9.49,9.7,9.25,9.44,9.45,9.37,66306,6.23,"08-Oct-2026",438,"",""
"3452","VLSFINANCE","EQ",228.6,234.5,227.1,228.67,230.55,229.97,2802,6.45,"08-Oct-2026",137,"",""
"3453","VMARCIND","SM",328,334,319,320.25,320,326.95,111000,361.86,"08-Oct-2026",72,"",""
"3454","VMART","EQ",805,825,786.05,811.15,822.85,806.2,85252,685.58,"08-Oct-2026",10209,"",""
"3455","VMM","EQ",100.1,100.15,96.8,97,97,100.5,17757126,17363.23,"08-Oct-2026",74938,"",""
"3456","VMOBILE","SM",54,54,51.1,51.8,51.8,55.8,13600,7.09,"08-Oct-2026",16,"",""
"3457","VMSTMT","EQ",45.81,47.05,44.36,44.66,44.8,45.76,36929,16.82,"08-Oct-2026",703,"",""
"3458","VNL","BE",215,215,204.25,204.25,204.25,220,647931,1384.15,"08-Oct-2026",4372,"",""
"3459","VOEPL","EQ",526.9,540,505.2,532.6,533.05,526.9,178943,949.01,"08-Oct-2026",8854,"",""
"3460","VOGL","EQ",31.1,31.21,29.56,29.87,29.8,31.11,27930239,8417.76,"08-Oct-2026",69921,"",""
"3461","VOITHPAPR","EQ",1437.9,1437.9,1395,1398.7,1395,1410.8,320,4.49,"08-Oct-2026",39,"",""
"3462","VOLERCAR","SM",220,220.05,215,217.75,220,219,38400,84.2,"08-Oct-2026",22,"",""
"3463","VOLTAMP","EQ",10620,10653,10304,10399,10455,10512,21128,2200.07,"08-Oct-2026",7347,"",""
"3464","VOLTAS","EQ",1053,1058.2,1024.1,1032,1032,1056.8,491244,5095.79,"08-Oct-2026",31306,"",""
"3465","VPRPL","EQ",28.95,28.95,26.83,27.4,27,28.32,385217,105.79,"08-Oct-2026",2601,"",""
"3466","VRAJ","EQ",121.58,122.39,118,119.85,120.4,121.86,8515,10.19,"08-Oct-2026",454,"",""
"3467","VRLLOG","EQ",284.7,289.5,283.2,284.1,283.8,285.1,148377,423.64,"08-Oct-2026",3663,"",""
"3468","VSCL","SM",19.65,19.65,19.65,19.65,19.65,20.4,3000,0.59,"08-Oct-2026",1,"",""
"3469","VSSL","EQ",398,398,375.1,376.15,376.3,393.75,64435,245.47,"08-Oct-2026",3252,"",""
"3470","VSTIND","EQ",201.34,203.1,200,200.86,201,201.33,108251,217.88,"08-Oct-2026",2746,"",""
"3471","VSTL","EQ",106.84,107.9,103.6,104.78,104.7,106.84,11836,12.46,"08-Oct-2026",352,"",""
"3472","VSTTILLERS","EQ",4375.6,4375.7,4180,4211.5,4260,4375.6,7052,298.5,"08-Oct-2026",2193,"",""
"3473","VTL","EQ",535.05,540.3,525.5,527.35,526.55,536.4,133897,711,"08-Oct-2026",12699,"",""
"3474","VTMLTD","EQ",33.69,34.4,30.3,31.58,31.5,34.11,204882,65.99,"08-Oct-2026",2518,"",""
"3475","WAAREEENER","EQ",2401,2404.5,2312,2317,2317,2401,611473,14282.32,"08-Oct-2026",45812,"",""
"3476","WAAREEINDO","EQ",209.9,209.9,196.8,197,196.81,207.15,211454,424.34,"08-Oct-2026",3590,"",""
"3477","WAAREERTL","EQ",815,817.95,790.55,795.95,797.8,812.45,133592,1067.93,"08-Oct-2026",12817,"",""
"3478","WABAG","EQ",2012.4,2019.9,1925.1,1934.1,1935.6,1998.3,459305,8988.73,"08-Oct-2026",43410,"",""
"3479","WAKEFIT","EQ",134.01,134.24,126.36,130.51,130,134.42,1006613,1302.47,"08-Oct-2026",14047,"",""
"3480","WALCHANNAG","EQ",226.8,227.8,205,208.01,207.11,223.99,1058874,2275.24,"08-Oct-2026",19176,"",""
"3481","WANBURY","EQ",198.7,201.44,193,194.2,194.99,198.7,362463,714.74,"08-Oct-2026",8025,"",""
"3482","WARDINMOBI","BZ",5.15,5.15,4.9,4.95,5,5.15,314844,15.75,"08-Oct-2026",807,"",""
"3483","WATERBASE","EQ",45.8,45.8,43.21,44.12,44.03,45.07,9752,4.33,"08-Oct-2026",207,"",""
"3484","WCIL","EQ",92.1,93.74,91.32,93.3,93.74,92.54,204979,189.64,"08-Oct-2026",2730,"",""
"3485","WEALTH","EQ",848,848,829,836.7,839.4,833.45,1105,9.25,"08-Oct-2026",110,"",""
"3486","WEBELSOLAR","EQ",69.4,69.4,65.8,66.4,66.3,69.13,2046719,1372.38,"08-Oct-2026",13963,"",""
"3487","WEIZMANIND","EQ",73.55,73.8,71.05,71.07,71.07,73.52,421,0.3,"08-Oct-2026",39,"",""
"3488","WEL","EQ",74.96,77.15,74.51,75.25,75.6,74.96,516439,392.25,"08-Oct-2026",2611,"",""
"3489","WELCORP","EQ",2699.4,2709.4,2593,2651.3,2650,2704.6,1394511,36782.34,"08-Oct-2026",73896,"",""
"3490","WELENT","EQ",742.25,748,713.5,732.35,740,740.75,436424,3170.46,"08-Oct-2026",20934,"",""
"3491","WELINV","BE",2352,2352,2352,2352,2352,2400,4,0.09,"08-Oct-2026",4,"",""
"3492","WELSPLSOL","EQ",51.6,51.6,48.61,48.92,48.9,51.31,726399,361.44,"08-Oct-2026",3332,"",""
"3493","WELSPUNLIV","EQ",236.21,236.94,223.15,225.07,226,235.86,2311267,5271.4,"08-Oct-2026",30574,"",""
"3494","WENDT","EQ",7991,7995.5,7671,7712,7719,7991,10076,783.89,"08-Oct-2026",3096,"",""
"3495","WESTLIFE","EQ",586.4,592.6,570.35,577.2,570.6,586.4,93935,546.28,"08-Oct-2026",7158,"",""
"3496","WEWIN","EQ",54,58,50.66,51.36,51.36,52.85,8402,4.57,"08-Oct-2026",174,"",""
"3497","WEWORK","EQ",665,678.8,653.2,664.1,671.15,673.15,188645,1245.63,"08-Oct-2026",18705,"",""
"3498","WHBRADY","EQ",477.15,478.75,470,471.75,470,467.8,17,0.08,"08-Oct-2026",5,"",""
"3499","WHEELS","EQ",2318.1,2345.9,2162.1,2208.2,2180,2283.9,246531,5523.54,"08-Oct-2026",23224,"",""
"3500","WHIRLPOOL","EQ",842,847.3,806.2,823.15,823.05,845.5,426408,3513.33,"08-Oct-2026",25285,"",""
"3501","WILLAMAGOR","EQ",21.74,22.07,19.6,19.91,19.6,21.63,10148,2.04,"08-Oct-2026",162,"",""
"3502","WINDLAS","EQ",1018.4,1024.5,979.6,991.6,999.2,1022,122795,1218.26,"08-Oct-2026",8653,"",""
"3503","WINDMACHIN","EQ",303,303,286.1,288.1,289.8,303.05,60638,177.84,"08-Oct-2026",2310,"",""
"3504","WIPL","EQ",166.4,166.4,160.61,160.69,160.61,163.27,32,0.05,"08-Oct-2026",10,"",""
"3505","WIPRO","EQ",159.55,162.21,158.38,158.38,158.38,159.6,19938747,31990.45,"08-Oct-2026",95509,"",""
"3506","WOCKPHARMA","EQ",2150.4,2159.8,2019,2029.6,2024,2150.4,769434,15881.37,"08-Oct-2026",55105,"",""
"3507","WOL3D","SM",137,137,137,137,137,140,2000,2.74,"08-Oct-2026",2,"",""
"3508","WOMANCART","ST",91.9,91.9,87.35,88.1,87.35,91.1,10800,9.68,"08-Oct-2026",24,"",""
"3509","WONDERLA","EQ",524.7,526.95,508.1,509.45,508.1,519.6,91227,471.7,"08-Oct-2026",6058,"",""
"3510","WORTHPERI","EQ",140.02,141.99,134.2,137.18,137.1,143.26,17832,24.78,"08-Oct-2026",340,"",""
"3511","WPIL","EQ",435.55,435.55,418.2,421,421.05,435.5,35923,153.09,"08-Oct-2026",1848,"",""
"3512","WSI","EQ",51,53.71,51,52.89,53.5,52.1,34724,18.33,"08-Oct-2026",423,"",""
"3513","WSTCSTPAPR","EQ",734.95,734.95,708.6,713.1,715,732.3,118388,849.16,"08-Oct-2026",6421,"",""
"3514","WTICAB","SM",98,98,95.2,96.65,95.25,96.5,10500,10.14,"08-Oct-2026",18,"",""
"3515","XCHANGING","EQ",61.04,61.55,58.85,58.96,59.45,61.04,59015,35.21,"08-Oct-2026",1206,"",""
"3516","XELPMOC","EQ",91.32,94.2,87.51,90.39,90.5,91.32,12486,11.34,"08-Oct-2026",447,"",""
"3517","XPROINDIA","EQ",1131.2,1131.2,1076.8,1088.1,1100,1130,38489,423.38,"08-Oct-2026",4324,"",""
"3518","XTGLOBAL","EQ",27.27,27.55,26.75,26.85,26.8,27.2,23916,6.5,"08-Oct-2026",203,"",""
"3519","XTRANET","EQ",307.7,307.7,287.55,287.6,287.55,302.65,428654,1254.8,"08-Oct-2026",7363,"",""
"3520","YAAP","SM",119,121,119,120,120,122.9,8000,9.57,"08-Oct-2026",7,"",""
"3521","YASHO","EQ",4350,4350,4094.7,4114.7,4125,4337.6,25520,1063.48,"08-Oct-2026",6540,"",""
"3522","YASHOPTICS","SM",126.2,126.2,125,125,125,130,6400,8.04,"08-Oct-2026",8,"",""
"3523","YATHARTH","EQ",1030.1,1034.4,1004,1014.2,1020,1032.7,210051,2138.41,"08-Oct-2026",21387,"",""
"3524","YATRA","EQ",101.37,101.99,94.55,96.1,95,101.59,930142,911.27,"08-Oct-2026",9372,"",""
"3525","YCCL","SM",8.15,8.15,8.15,8.15,8.15,8.15,3000,0.24,"08-Oct-2026",1,"",""
"3526","YESBANK","EQ",20.76,20.79,20.35,20.45,20.45,20.79,62706430,12869.29,"08-Oct-2026",77171,"",""
"3527","YOGI","EQ",162,162,156,156.35,159.99,161.86,549,0.86,"08-Oct-2026",13,"",""
"3528","YUDIZ","SM",22.95,22.95,21.75,21.75,21.75,22.85,2400,0.53,"08-Oct-2026",3,"",""
"3529","YUKEN","EQ",1218.5,1222.8,1122.9,1135.3,1130,1216.5,35706,415.89,"08-Oct-2026",3351,"",""
"3530","ZAGGLE","EQ",172,172.88,165.92,166.43,166.02,172.22,856733,1442.82,"08-Oct-2026",13473,"",""
"3531","ZEAL","SM",68.5,72.65,68.5,71.2,71.2,70.7,11400,7.89,"08-Oct-2026",7,"",""
"3532","ZEEL","EQ",70.7,71.93,68.1,68.37,68.48,70.12,15515933,10859.92,"08-Oct-2026",59391,"",""
"3533","ZEELEARN","EQ",6.2,6.38,5.83,6.2,6.24,6.29,368411,22.44,"08-Oct-2026",842,"",""
"3534","ZEEMEDIA","EQ",7.33,7.38,7.03,7.05,7.07,7.21,2171245,156.58,"08-Oct-2026",2040,"",""
"3535","ZENITHDRUG","SM",42.25,43.5,40.8,41.4,40.8,42.15,8000,3.35,"08-Oct-2026",9,"",""
"3536","ZENITHEXPO","EQ",188,188,177.5,180.05,182,186.63,62,0.12,"08-Oct-2026",9,"",""
"3537","ZENITHSTL","EQ",5.32,5.32,5.1,5.11,5.14,5.28,29243,1.52,"08-Oct-2026",125,"",""
"3538","ZENSARTECH","EQ",444.5,456.8,439.9,441.8,440,439.3,2373992,10673.95,"08-Oct-2026",65687,"",""
"3539","ZENTEC","EQ",1581,1619,1479.2,1514.2,1515.6,1580.2,587778,8886.1,"08-Oct-2026",49187,"",""
"3540","ZFCVINDIA","EQ",2172,2172,2081,2116.2,2081,2172.2,87649,1867.3,"08-Oct-2026",15827,"",""
"3541","ZFSTEERING","EQ",690,701.6,674,683.1,684,691.7,2385,16.25,"08-Oct-2026",232,"",""
"3542","ZIMLAB","EQ",149.69,149.69,140.1,140.53,141,146.61,105008,150.2,"08-Oct-2026",2462,"",""
"3543","ZODIAC","EQ",223,223,205,207.2,205,214.34,12285,25.88,"08-Oct-2026",852,"",""
"3544","ZODIACLOTH","EQ",67.71,67.71,65.81,66.19,66.13,67.71,8042,5.32,"08-Oct-2026",246,"",""
"3545","ZOTA","EQ",1336,1356.1,1303.7,1322.4,1324.6,1342.1,71414,949.13,"08-Oct-2026",6194,"",""
"3546","ZSARACOM","EQ",10282,10282,9850,9901,10000,10282,24,2.39,"08-Oct-2026",19,"",""
"3547","ZTECH","SM",471,478.5,460,466,466,471.5,6600,31.01,"08-Oct-2026",22,"",""
"3548","ZUARI","EQ",216.1,216.11,206.05,208.18,211,216.19,92293,193.59,"08-Oct-2026",2603,"",""
"3549","ZUARIIND","EQ",283.55,283.55,267.1,268.7,267.1,281.45,60511,164.75,"08-Oct-2026",2683,"",""
"3550","ZYDUSLIFE","EQ",1165,1166.9,1109.1,1112,1112,1153,1746342,19615.19,"08-Oct-2026",55036,"",""
"3551","ZYDUSWELL","EQ",503.65,507.55,492.5,495.8,497.7,507.55,91265,454.53,"08-Oct-2026",11766,"",""
