"","SYMBOL","SERIES","OPEN","HIGH","LOW","CLOSE","LAST","PREVCLOSE","TOTTRDQTY","TOTTRDVAL","TIMESTAMP","TOTALTRADES","ISIN","X"
"1","1018GS2026","GS",104.64,104.65,103.41,104.65,104.65,104.65,1760,1.83,"12-Aug-2026",12,"",""
"2","20MICRONS","EQ",183.35,188,183.01,184.13,183.52,185.92,106819,197.84,"12-Aug-2026",2831,"",""
"3","21STCENMGM","EQ",41.47,43.15,41.47,42.36,42.2,42.31,34769,14.67,"12-Aug-2026",123,"",""
"4","360ONE","EQ",1160,1167.5,1140,1161,1161,1168,997529,11504.7,"12-Aug-2026",21486,"",""
"5","3BBLACKBIO","EQ",1216.8,1270,1190,1251.1,1255,1208,5704,70.04,"12-Aug-2026",786,"",""
"6","3IINFOLTD","EQ",27.8,27.8,26.75,27.47,27.51,27.6,960631,262.34,"12-Aug-2026",2913,"",""
"7","3MINDIA","EQ",36300,36390,35760,35935,35865,36115,2637,947.89,"12-Aug-2026",1401,"",""
"8","3PLAND","EQ",32.2,32.2,31.6,31.99,32,32.17,3918,1.25,"12-Aug-2026",48,"",""
"9","5PAISA","EQ",377.35,392,376.55,387.05,388.5,377.35,70773,272.95,"12-Aug-2026",3980,"",""
"10","603GS2029","GS",100.36,100.36,97.8,98.21,98.31,100.36,451,0.45,"12-Aug-2026",7,"",""
"11","610GS2031","GS",100,101,98,98.01,101,97.71,500,0.49,"12-Aug-2026",3,"",""
"12","636GS2031","GS",102.1,102.5,102.1,102.5,102.5,102.1,2700,2.76,"12-Aug-2026",4,"",""
"13","63MOONS","EQ",858,880,826,867.4,879.8,858.65,382822,3251.51,"12-Aug-2026",13654,"",""
"14","648GS2035","GS",99.6,100.3,99,100.3,100.3,99.5,20050,19.98,"12-Aug-2026",5,"",""
"15","654GS2032","GS",100.79,100.9,100.79,100.86,100.9,100,27723,27.96,"12-Aug-2026",6,"",""
"16","662GS2051","GS",92.45,92.45,92.45,92.45,92.45,92.45,2,0,"12-Aug-2026",1,"",""
"17","664GS2035","GS",97.6,98,97.6,98,98,97.69,104,0.1,"12-Aug-2026",2,"",""
"18","667GS2035","GS",106,106,106,106,106,103.49,10000,10.6,"12-Aug-2026",1,"",""
"19","667GS2050","GS",98,98,91.8,92.8,92.8,93.69,10520,9.74,"12-Aug-2026",6,"",""
"20","668GS2033","GS",101,101,101,101,101,99.91,1,0,"12-Aug-2026",1,"",""
"21","668GS2040","GS",97.6,98.25,97,98.1,98.1,97.6,13960,13.63,"12-Aug-2026",9,"",""
"22","676GS2061","GS",93.6,93.75,93.5,93.74,93.75,93.7,43545,40.74,"12-Aug-2026",19,"",""
"23","679GS2031","GS",102,102,102,102,102,102.1,100,0.1,"12-Aug-2026",1,"",""
"24","679GS2034","GS",103,103,103,103,103,100.5,1,0,"12-Aug-2026",1,"",""
"25","679GS2034A","GS",98.85,98.85,98.85,98.85,98.85,98.84,1,0,"12-Aug-2026",1,"",""
"26","690GS2065","GS",94.12,94.74,94,94.59,94.74,93.92,15700,14.79,"12-Aug-2026",8,"",""
"27","692GS2039","GS",100.5,101,100.5,101,101,101,2000,2.02,"12-Aug-2026",3,"",""
"28","694GS2036","GS",101,102.5,101,101.5,101.5,102.5,304,0.31,"12-Aug-2026",5,"",""
"29","695GS2061","GS",94,94.3,93.7,93.7,93.7,93.8,261,0.24,"12-Aug-2026",7,"",""
"30","698GR2054","GS",94,94,92.4,92.4,92.4,96.9,101,0.09,"12-Aug-2026",3,"",""
"31","699GS2051","GS",96.5,96.5,95.6,95.95,95.95,95.6,14509,13.93,"12-Aug-2026",8,"",""
"32","704GS2029","GS",102.51,102.51,102,102,102,103.55,175,0.18,"12-Aug-2026",2,"",""
"33","706GS2028","GS",103.49,103.69,103.49,103.69,103.69,103.4,2170,2.25,"12-Aug-2026",2,"",""
"34","706GS2041","GS",99.96,100,99.96,100,100,101.75,900,0.9,"12-Aug-2026",2,"",""
"35","706GS2046","GS",102.5,102.5,102.5,102.5,102.5,102.5,1,0,"12-Aug-2026",1,"",""
"36","709GS2054","GS",96.99,97,95.5,96.26,96.01,96.3,10943,10.52,"12-Aug-2026",23,"",""
"37","709GS2074","GS",96.1,96.1,95.71,95.92,95.83,95.85,3438,3.3,"12-Aug-2026",12,"",""
"38","718GS2037","GS",107.05,107.05,102.8,103.85,103.85,102.66,4497,4.64,"12-Aug-2026",5,"",""
"39","71GS2034","GS",103.5,103.5,103.5,103.5,103.5,103.97,101,0.1,"12-Aug-2026",1,"",""
"40","723GS2039","GS",103.5,103.5,103.5,103.5,103.5,104.6,300,0.31,"12-Aug-2026",2,"",""
"41","724GS2055","GS",101.4,101.4,100.5,101.38,101.3,101.4,56644,57.24,"12-Aug-2026",37,"",""
"42","725GS2063","GS",97.99,97.99,97.66,97.67,97.88,97.59,107925,105.48,"12-Aug-2026",48,"",""
"43","726GS2032","GS",107,107,107,107,107,106.5,70,0.07,"12-Aug-2026",1,"",""
"44","726GS2033","GS",103,103.7,103,103.7,103.7,103,41130,42.36,"12-Aug-2026",10,"",""
"45","733GS2026","GS",101.61,101.61,101.55,101.55,101.55,102.2,1400,1.42,"12-Aug-2026",6,"",""
"46","734GS2064","GS",99.5,99.8,99.5,99.66,99.7,99.79,8100,8.06,"12-Aug-2026",10,"",""
"47","736GS2052","GS",103.75,103.75,103,103.75,103.75,103.75,2251,2.33,"12-Aug-2026",4,"",""
"48","737GS2028","GS",106.05,106.05,104.01,104.01,104.01,106.1,113,0.12,"12-Aug-2026",2,"",""
"49","738GS2027","GS",102.1,102.53,102.1,102.39,102.39,102.53,29065,29.74,"12-Aug-2026",11,"",""
"50","73GS2053","GS",99.9,99.9,99.6,99.86,99.88,99.57,24013,23.97,"12-Aug-2026",18,"",""
"51","740IIFCL33","N1",1148.03,1148.03,1148.03,1148.03,1148.03,1146.1,50,0.57,"12-Aug-2026",1,"",""
"52","741GS2036","GS",103.9,105.5,103.9,105.5,105.5,104.95,576,0.61,"12-Aug-2026",5,"",""
"53","743GS2076","GS",99.33,100,99.33,99.75,99.75,99.33,1237158,1230.82,"12-Aug-2026",463,"",""
"54","746GS2073","GS",101.2,101.2,100.15,100.9,100.9,101,2591,2.6,"12-Aug-2026",16,"",""
"55","74GS2062","GS",104,104,100.35,102,102,102,3170,3.27,"12-Aug-2026",10,"",""
"56","750GS2056","GS",101,101,100.05,100.05,100.05,101,1075,1.09,"12-Aug-2026",7,"",""
"57","754GS2036","GS",106.96,106.96,106.46,106.53,106.52,106.67,567306,604.89,"12-Aug-2026",96,"",""
"58","771GS2066","GS",104.2,104.9,103.85,104.08,104.05,104.3,10776,11.23,"12-Aug-2026",27,"",""
"59","813GS2045","GS",113.99,113.99,113.99,113.99,113.99,113.99,1,0,"12-Aug-2026",1,"",""
"60","824GS2027","GS",105.05,107.9,105.05,107.31,105.05,104.21,4531,4.82,"12-Aug-2026",6,"",""
"61","826GS2027","GS",103,103,103,103,103,102.8,25,0.03,"12-Aug-2026",1,"",""
"62","897GS2030","GS",111,111,111,111,111,111.76,200,0.22,"12-Aug-2026",2,"",""
"63","92GS2030","GS",114,114,114,114,114,114.63,1327,1.51,"12-Aug-2026",2,"",""
"64","A2ZINFRA","EQ",15.89,16.25,15.03,15.66,15.9,15.82,994478,153.11,"12-Aug-2026",1468,"",""
"65","AAATECH","EQ",97.98,100.95,94.03,94.54,94.14,97.98,11862,11.5,"12-Aug-2026",346,"",""
"66","AADHARHFC","EQ",498.2,506,496.1,502,497,501.55,240315,1203.68,"12-Aug-2026",10353,"",""
"67","AAKAAR","SM",56.05,56.05,56.05,56.05,56.05,57.6,1600,0.9,"12-Aug-2026",1,"",""
"68","AAKASH","EQ",8.9,9.1,8.88,8.94,8.93,9.11,203530,18.26,"12-Aug-2026",486,"",""
"69","AARADHYA","SM",71.05,71.05,71,71,71,74.3,2400,1.7,"12-Aug-2026",2,"",""
"70","AAREYDRUGS","BE",82,83.5,82,83.1,83,85.51,13598,11.28,"12-Aug-2026",96,"",""
"71","AARNAV","EQ",32,33.4,31.21,33.15,33.25,31.8,97252,31.77,"12-Aug-2026",897,"",""
"72","AARON","EQ",135.05,144.8,135.05,140.27,141,138.59,34176,48.25,"12-Aug-2026",1045,"",""
"73","AARTECH","BE",48.53,50.9,47.5,49.62,49.4,48.53,115973,57.04,"12-Aug-2026",330,"",""
"74","AARTIDRUGS","EQ",445.05,445.05,419.9,431.5,433,439.35,365458,1582.77,"12-Aug-2026",12839,"",""
"75","AARTIIND","EQ",510,534,503.25,530.9,532.95,505.3,5378998,28111.69,"12-Aug-2026",90229,"",""
"76","AARTIPHARM","EQ",875.5,930.95,875.1,888.7,894,883.7,3552033,32201.49,"12-Aug-2026",106624,"",""
"77","AARTISURF","EQ",582,625,557.5,612.45,607,572,241779,1443.91,"12-Aug-2026",9199,"",""
"78","AARVI","EQ",155.11,157.6,150,153.31,150,155.03,44294,68.12,"12-Aug-2026",531,"",""
"79","AASTHA","EQ",73,76.58,73,74.19,74,73.12,977862,726.71,"12-Aug-2026",5074,"",""
"80","AAVAS","EQ",1396.8,1433.3,1388.1,1416.2,1404.7,1396.8,70390,996.14,"12-Aug-2026",10107,"",""
"81","ABAN","BE",19.21,19.21,19.21,19.21,19.21,19.6,3284,0.63,"12-Aug-2026",34,"",""
"82","ABANSENT","EQ",27.57,27.57,27.57,27.57,27.57,26.26,4868,1.34,"12-Aug-2026",19,"",""
"83","ABB","EQ",7611.5,7741,7585.5,7710,7710,7611.5,224512,17249.46,"12-Aug-2026",31934,"",""
"84","ABBOTINDIA","EQ",28020,28250,27755,28140,28150,28020,11910,3343.65,"12-Aug-2026",5153,"",""
"85","ABCAPITAL","EQ",407.15,410.95,403.05,410.95,410.95,407.15,2350295,9525.38,"12-Aug-2026",28678,"",""
"86","ABCOTS","EQ",201,201,199,199.14,199,199.68,4577,9.14,"12-Aug-2026",118,"",""
"87","ABDL","EQ",622.6,622.9,603.05,614.15,614.4,619.8,460412,2800.68,"12-Aug-2026",12700,"",""
"88","ABFRL","EQ",58.8,59.1,57.02,57.16,57.25,58.63,5139419,2969.26,"12-Aug-2026",26685,"",""
"89","ABGSEC","EQ",114.58,115.15,114.58,115.15,115.15,114.57,31,0.04,"12-Aug-2026",2,"",""
"90","ABINFRA","EQ",10.89,11.5,10.6,11.1,11.16,10.81,15220917,1694.69,"12-Aug-2026",30816,"",""
"91","ABLBL","EQ",91.45,92.49,90.02,90.29,90.5,91.48,602100,547.57,"12-Aug-2026",6416,"",""
"92","ABMINTLLTD","EQ",63.07,63.07,61.32,63.07,63.07,52.56,29243,18.44,"12-Aug-2026",169,"",""
"93","ABMKNO","EQ",202.92,202.92,195,199.32,201.9,197.95,2163,4.26,"12-Aug-2026",29,"",""
"94","ABREL","EQ",1419.3,1419.4,1371.1,1375.4,1378,1400.8,52933,732.95,"12-Aug-2026",5608,"",""
"95","ABSL10BANK","EQ",169.65,170,168.8,170,170,169.49,109371,185.31,"12-Aug-2026",45,"",""
"96","ABSLAMC","EQ",1017.8,1042,1010.9,1038.6,1041.5,1019.7,161763,1663.62,"12-Aug-2026",12265,"",""
"97","ABSLBANETF","EQ",58.86,59.45,58.85,59.4,59.45,58.85,8327,4.93,"12-Aug-2026",172,"",""
"98","ABSLLIQUID","EQ",1000,1000.01,999.99,999.99,1000,1000.01,3880,38.8,"12-Aug-2026",21,"",""
"99","ABSLMSCIN","EQ",30.23,30.23,29.93,29.93,29.93,30.08,392,0.12,"12-Aug-2026",17,"",""
"100","ABSLNN50ET","EQ",79.22,79.35,77.95,78.43,78.4,78.4,18337,14.37,"12-Aug-2026",217,"",""
"101","ABSLPSE","EQ",10.23,10.3,10.15,10.26,10.29,10.23,241384,24.65,"12-Aug-2026",571,"",""
"102","ABSMARINE","ST",219.95,223,212.9,222.9,223,220.75,59500,131.23,"12-Aug-2026",69,"",""
"103","ACC","EQ",1349,1349,1324,1332.8,1335.9,1339.8,137292,1828.99,"12-Aug-2026",10690,"",""
"104","ACCELYA","EQ",1146,1149.7,1140,1142.3,1144,1146.6,3732,42.66,"12-Aug-2026",432,"",""
"105","ACCENTMIC","SM",546.25,563.5,546.25,560.45,561,548.95,42500,237.13,"12-Aug-2026",79,"",""
"106","ACCPL","ST",196.75,196.75,186.95,188.7,186.95,196.75,22800,43.75,"12-Aug-2026",18,"",""
"107","ACCURACY","BE",4.72,4.87,4.66,4.7,4.7,4.81,44955,2.12,"12-Aug-2026",180,"",""
"108","ACE","EQ",1073.3,1103.6,1062.3,1096.1,1097.9,1073.3,305682,3321.3,"12-Aug-2026",18476,"",""
"109","ACEINTEG","EQ",18.99,18.99,18.4,18.43,18.4,18.49,3060,0.56,"12-Aug-2026",22,"",""
"110","ACETEC","SM",129.15,129.15,123.9,123.9,123.9,126,2400,3.04,"12-Aug-2026",2,"",""
"111","ACI","EQ",513.65,514.4,504.3,506.05,507.8,513.55,117980,600,"12-Aug-2026",6992,"",""
"112","ACL","EQ",48.45,48.45,45,46.15,45.5,48.43,38751,18.16,"12-Aug-2026",474,"",""
"113","ACMESOLAR","EQ",369,375,367.5,372.6,372.9,368.45,647813,2409.5,"12-Aug-2026",17200,"",""
"114","ACSTECH","EQ",51.45,52.4,49.54,50.09,50.15,50.45,578863,294.42,"12-Aug-2026",2690,"",""
"115","ACUTAAS","EQ",3242,3285,3136.2,3153.4,3151,3246,159044,5081.95,"12-Aug-2026",23919,"",""
"116","ADANIENSOL","EQ",1628.5,1629.7,1570.2,1599,1599,1622,1586459,25212.47,"12-Aug-2026",46059,"",""
"117","ADANIENT","EQ",3020,3020,2943,2985.7,2985.7,2995.5,1160458,34448.68,"12-Aug-2026",49061,"",""
"118","ADANIGREEN","EQ",1370,1371,1315,1332.3,1332.3,1366,2152786,28698.22,"12-Aug-2026",55205,"",""
"119","ADANIPORTS","EQ",1669.8,1672.7,1640.4,1665,1665,1668.2,1494540,24710.3,"12-Aug-2026",77755,"",""
"120","ADANIPOWER","EQ",209,209.69,205.02,206.99,206.99,209,13943707,28813.7,"12-Aug-2026",80454,"",""
"121","ADDICTIVE","SM",40.15,40.15,40.15,40.15,40.15,40.15,500,0.2,"12-Aug-2026",1,"",""
"122","ADFFOODS","EQ",266.45,266.45,260.2,261.65,261.1,265.45,71300,187.3,"12-Aug-2026",2778,"",""
"123","ADISOFT","SM",178.95,182.45,177.55,179.65,179.65,182.8,11200,20.13,"12-Aug-2026",13,"",""
"124","ADL","EQ",72.28,72.8,70.12,70.21,70.21,70.19,845,0.6,"12-Aug-2026",31,"",""
"125","ADOR","EQ",1505.6,1510.3,1470,1478.7,1477,1505.6,14554,216.13,"12-Aug-2026",1924,"",""
"126","ADROITINFO","EQ",10.2,10.2,9.77,10.04,10.15,10.17,18961,1.89,"12-Aug-2026",131,"",""
"127","ADSL","EQ",113.35,114.42,112.87,113.25,113.75,114.09,75603,85.68,"12-Aug-2026",1759,"",""
"128","ADVAIT","EQ",2195,2195,2105.8,2117.7,2127,2180.9,39933,855.27,"12-Aug-2026",5375,"",""
"129","ADVANCE","EQ",122.21,124.9,117.01,118.01,117.7,122.21,457190,550.14,"12-Aug-2026",4793,"",""
"130","ADVANIHOTR","EQ",50.01,50.53,50,50.17,50.15,50.27,14978,7.52,"12-Aug-2026",372,"",""
"131","ADVENTHTL","EQ",144.8,144.8,141.1,143.21,143.66,143.66,76067,108.26,"12-Aug-2026",1455,"",""
"132","ADVENZYMES","EQ",304.5,308.85,294.5,301.65,302,298.3,400660,1203.72,"12-Aug-2026",8083,"",""
"133","AEGISLOG","EQ",1297.1,1322.9,1257.6,1264.5,1263,1297.6,836202,10776.73,"12-Aug-2026",35576,"",""
"134","AEGISVOPAK","EQ",280.2,280.25,272.8,273.55,275.35,280.55,442476,1221.9,"12-Aug-2026",8993,"",""
"135","AEPL","EQ",16.32,16.89,15.3,15.5,15.68,15.87,74354,11.76,"12-Aug-2026",535,"",""
"136","AEQUS","EQ",241,241,233.01,236.76,237.41,240.73,1480520,3504.22,"12-Aug-2026",22023,"",""
"137","AEROENTER","EQ",135,135,126,129.29,129.89,129.41,1019988,1336.32,"12-Aug-2026",9391,"",""
"138","AEROFLEX","EQ",426.4,450,423,446.55,446,422.65,1802936,7980.83,"12-Aug-2026",32265,"",""
"139","AERON","SM",79,80,79,80,80,79,8000,6.35,"12-Aug-2026",7,"",""
"140","AERONEU","EQ",88,88,83.2,84.07,84.95,84.06,42626,35.74,"12-Aug-2026",730,"",""
"141","AEROPLANE","EQ",182,184.8,175.21,183.63,183,182.92,885006,1605.08,"12-Aug-2026",7804,"",""
"142","AESTHETIK","SM",75,75,75,75,75,75,9000,6.75,"12-Aug-2026",3,"",""
"143","AETHER","EQ",1642.3,1644.6,1606,1612.7,1621,1634.2,106756,1736.32,"12-Aug-2026",10053,"",""
"144","AFCONS","EQ",265,279.3,264.4,267.95,267.95,263.65,5079574,13843.63,"12-Aug-2026",62822,"",""
"145","AFFLE","EQ",1690,1690,1656.9,1672.9,1666.1,1677.3,188627,3156.86,"12-Aug-2026",24171,"",""
"146","AFFORDABLE","BE",190.05,192.5,184.2,185.49,188,192.56,11476,21.4,"12-Aug-2026",228,"",""
"147","AFIL","EQ",9.55,10.15,9.55,9.75,9.9,9.76,1489061,147.15,"12-Aug-2026",1525,"",""
"148","AFSL","EQ",219.95,223,210.2,213.82,217.5,210.74,69788,151.95,"12-Aug-2026",1408,"",""
"149","AGARIND","EQ",514.65,524.2,498.15,507,505.5,512.1,45421,232.62,"12-Aug-2026",2710,"",""
"150","AGARWALEYE","EQ",509,514.95,501,511.45,511,542,48136246,241913.97,"12-Aug-2026",65591,"",""
"151","AGARWALTUF","SM",145,145,140.1,141.1,140.2,145.35,39600,56.12,"12-Aug-2026",32,"",""
"152","AGI","EQ",716.9,721.2,698,706,708,717.2,97630,689.94,"12-Aug-2026",4114,"",""
"153","AGIIL","EQ",301.8,304,296.7,300.6,301,300.15,1184916,3573.6,"12-Aug-2026",10916,"",""
"154","AGL","EQ",13.99,15.9,13.71,14.59,14.43,13.58,17463534,2561.13,"12-Aug-2026",37350,"",""
"155","AGNI","SM",16.25,16.6,16.25,16.25,16.25,17.1,20000,3.29,"12-Aug-2026",8,"",""
"156","AGRITECH","EQ",110,111,107.1,107.84,107.1,108.98,2978,3.24,"12-Aug-2026",120,"",""
"157","AGROPHOS","EQ",27.8,29,27.8,28.15,28.1,28.32,17284,4.91,"12-Aug-2026",150,"",""
"158","AGSTRA","BZ",2.05,2.07,1.98,2.02,2.06,2.03,140600,2.83,"12-Aug-2026",274,"",""
"159","AHCL","EQ",14.44,14.44,14.18,14.23,14.19,14.41,1068884,152.57,"12-Aug-2026",2490,"",""
"160","AHIMSA","ST",27.15,27.15,27.15,27.15,27.15,25.9,3000,0.81,"12-Aug-2026",1,"",""
"161","AHLADA","EQ",40.69,41.9,39,41.45,41.19,39.83,35520,14.53,"12-Aug-2026",228,"",""
"162","AHLEAST","EQ",144.5,145.5,141.16,141.5,142.37,141.16,1977,2.81,"12-Aug-2026",74,"",""
"163","AHLUCONT","EQ",836,836,804.75,809.1,809.5,833.95,29882,244.12,"12-Aug-2026",6135,"",""
"164","AHLWEST","BE",530,548,530,547.9,547.9,535,289,1.57,"12-Aug-2026",14,"",""
"165","AIAENG","EQ",4786,4824.4,4490.2,4523,4565,4781.6,150211,6921.9,"12-Aug-2026",34699,"",""
"166","AIIL","EQ",560.05,567.8,547.15,554.8,557,573.45,289425,1608.42,"12-Aug-2026",15118,"",""
"167","AILIMITED","SM",39.4,39.4,37.7,37.7,37.7,37.6,3000,1.16,"12-Aug-2026",2,"",""
"168","AIMTRON","SM",1620,1664.95,1531.05,1657.95,1660,1661.35,25600,417.92,"12-Aug-2026",108,"",""
"169","AIRAN","EQ",15,15.2,14.9,14.93,14.95,15,36169,5.42,"12-Aug-2026",208,"",""
"170","AIROLAM","EQ",89.1,94.5,89.1,91.35,91.6,91.85,1514,1.39,"12-Aug-2026",61,"",""
"171","AISL","SM",58,58,58,58,58,59,48600,28.19,"12-Aug-2026",24,"",""
"172","AJANTPHARM","EQ",3500,3555,3485,3541,3545.6,3507,82946,2925.33,"12-Aug-2026",17321,"",""
"173","AJAXENGG","EQ",566.25,570.95,561.7,566,565.05,567.35,28368,160.44,"12-Aug-2026",2138,"",""
"174","AJMERA","EQ",122.65,122.65,116.15,117.48,117.62,121.87,362536,429.04,"12-Aug-2026",3369,"",""
"175","AJOONI","EQ",3.84,3.9,3.78,3.84,3.85,3.81,162405,6.24,"12-Aug-2026",518,"",""
"176","AKANKSHA","SM",114.2,114.2,112.1,112.6,112.6,114.2,14000,15.79,"12-Aug-2026",11,"",""
"177","AKASH","EQ",26.5,26.88,26.31,26.4,26.38,26.5,4242,1.12,"12-Aug-2026",58,"",""
"178","AKCAPIT","EQ",1778,1778,1711,1728.6,1770,1717.4,1839,31.76,"12-Aug-2026",205,"",""
"179","AKG","EQ",8.99,8.99,8.53,8.69,8.65,8.7,17749,1.54,"12-Aug-2026",115,"",""
"180","AKI","EQ",4.38,4.43,4.21,4.26,4.26,4.31,73005,3.12,"12-Aug-2026",220,"",""
"181","AKIKO","ST",332.95,338.8,319.25,337.6,337.6,335.95,21600,71.2,"12-Aug-2026",26,"",""
"182","AKSHAR","EQ",0.42,0.42,0.4,0.4,0.41,0.41,949624,3.85,"12-Aug-2026",285,"",""
"183","AKSHARCHEM","BE",284,288,270,282.02,285,284.19,7488,21.19,"12-Aug-2026",126,"",""
"184","AKSHOPTFBR","BE",6.14,6.44,5.84,6.44,6.44,6.14,277114,17.17,"12-Aug-2026",433,"",""
"185","AKUMS","EQ",760.95,775,746.35,749.95,750,760.95,359719,2731.71,"12-Aug-2026",18537,"",""
"186","ALANKIT","EQ",8.39,8.41,8.01,8.22,8.34,8.14,123922,10.23,"12-Aug-2026",588,"",""
"187","ALBERTDAVD","EQ",789,804.95,775,777.3,778,788.85,7817,61.21,"12-Aug-2026",652,"",""
"188","ALCODIS","SM",68.05,68.05,67.6,67.6,67.6,68.4,1250,0.85,"12-Aug-2026",2,"",""
"189","ALEMBICLTD","EQ",86.5,86.5,83.31,84.79,84.2,86.73,341002,288.12,"12-Aug-2026",3490,"",""
"190","ALGOQUANT","EQ",67.84,67.84,66.87,67.28,67.2,67.44,971650,653.18,"12-Aug-2026",11628,"",""
"191","ALICON","EQ",730.15,782,722.25,772.95,769.5,728.55,170428,1299.5,"12-Aug-2026",7413,"",""
"192","ALIVUS","EQ",1393.6,1398.9,1346.2,1361,1354.8,1393.6,82193,1123.03,"12-Aug-2026",14295,"",""
"193","ALKALI","BE",67.84,68.5,66,68.18,68.18,67.84,3134,2.13,"12-Aug-2026",43,"",""
"194","ALKEM","EQ",5518,5534.5,5411.5,5480,5480,5527.5,110443,6016.85,"12-Aug-2026",18270,"",""
"195","ALKYLAMINE","EQ",1942,1945.9,1881.5,1889.8,1893.9,1947.4,48728,930.79,"12-Aug-2026",8878,"",""
"196","ALLCARGO","EQ",10.4,10.79,10.1,10.62,10.55,10.25,63586945,6693.97,"12-Aug-2026",115428,"",""
"197","ALLDIGI","EQ",810.15,810.15,800,804.45,804.4,809.85,14021,112.48,"12-Aug-2026",392,"",""
"198","ALLETEC","ST",134.95,134.95,130.15,131.45,134,134.3,27200,36.04,"12-Aug-2026",32,"",""
"199","ALLTIME","EQ",218.82,221.4,212.21,218.61,218.6,217.36,144424,310.94,"12-Aug-2026",2751,"",""
"200","ALMONDZ","EQ",14.2,15.16,14.04,14.55,14.65,14.17,65335,9.46,"12-Aug-2026",206,"",""
"201","ALOKINDS","EQ",11.85,11.88,11.73,11.78,11.81,11.84,2446953,288.53,"12-Aug-2026",5226,"",""
"202","ALPA","EQ",67.86,68.97,66.8,67.17,67.57,67.86,30798,20.8,"12-Aug-2026",261,"",""
"203","ALPEXSOLAR","SM",803.7,803.7,786.1,788.45,789,793.65,35700,282.13,"12-Aug-2026",198,"",""
"204","ALPHA","EQ",53.79,54.5,53.79,54.4,54.5,53.8,1008904,547.94,"12-Aug-2026",2511,"",""
"205","ALPHAETF","EQ",26.95,27.04,26.78,26.95,27.04,26.76,678765,182.79,"12-Aug-2026",890,"",""
"206","ALPHAGEO","EQ",286,315,285.5,306.39,304,284.94,359816,1097.56,"12-Aug-2026",9193,"",""
"207","ALPINETEX","EQ",62.3,63,60.8,61.62,61.64,62.27,202684,124.4,"12-Aug-2026",3132,"",""
"208","ALPL30IETF","EQ",28.5,28.5,28.36,28.37,28.39,28.41,149137,42.37,"12-Aug-2026",651,"",""
"209","AMAGI","EQ",664,669,636,638.75,639.1,659.5,187715,1216.61,"12-Aug-2026",10478,"",""
"210","AMANTA","BE",156.39,156.39,156.39,156.39,156.39,159.58,3858,6.03,"12-Aug-2026",50,"",""
"211","AMBAAUTO","SM",104.95,107.8,104,107.8,107.8,104.1,67000,70.34,"12-Aug-2026",30,"",""
"212","AMBALALSA","EQ",45.71,45.93,43,44.85,44.75,45.94,242541,107.95,"12-Aug-2026",1443,"",""
"213","AMBANIORGO","SM",111.9,111.9,110,110,110,111.9,23000,25.38,"12-Aug-2026",9,"",""
"214","AMBER","EQ",7078,7106,6951,6985,6985,7078.5,371574,25998.17,"12-Aug-2026",41634,"",""
"215","AMBICAAGAR","EQ",24.7,25.04,23.7,24.28,24.11,24.66,2679,0.65,"12-Aug-2026",52,"",""
"216","AMBIKCO","EQ",1642.6,1645,1582,1587.7,1590.1,1635.7,27517,442.06,"12-Aug-2026",2819,"",""
"217","AMBUJACEM","EQ",426.7,426.7,418.05,421,421,424,5400539,22724.72,"12-Aug-2026",49677,"",""
"218","AMCL","SM",390,390,390,390,390,395,2000,7.8,"12-Aug-2026",4,"",""
"219","AMDIND","EQ",51.6,53,48.3,51.18,51.49,51.94,35589,18.16,"12-Aug-2026",906,"",""
"220","AMEYA","SM",112,114.4,109.25,109.25,109.25,109,4000,4.45,"12-Aug-2026",4,"",""
"221","AMJLAND","EQ",39.66,40.51,38.8,39.38,39.3,40.73,10346,4.12,"12-Aug-2026",148,"",""
"222","AMNPLST","EQ",199.44,203,198.02,199.6,200,199.4,2237,4.46,"12-Aug-2026",95,"",""
"223","AMRUTANJAN","EQ",546,549.9,482.8,488.35,484,533.75,527871,2651.27,"12-Aug-2026",16130,"",""
"224","ANANDRATHI","EQ",2170,2222,2160.1,2189,2194,2158,577193,12656.16,"12-Aug-2026",36851,"",""
"225","ANANTAM","IV",108.5,108.5,104.95,106.45,105.61,105.48,73091,77.08,"12-Aug-2026",1061,"",""
"226","ANANTRAJ","EQ",609,620.2,600.15,614.65,613.25,606.25,1700060,10381.24,"12-Aug-2026",32745,"",""
"227","ANAWIL","ST",381.55,381.55,356.6,381.55,381.55,363.4,1467600,5517.2,"12-Aug-2026",1808,"",""
"228","ANDHRAPAP","EQ",60.31,60.79,59.27,59.41,59.4,60.28,265349,157.96,"12-Aug-2026",2062,"",""
"229","ANDHRSUGAR","EQ",100.49,100.49,96.63,98.1,98.5,99.2,679444,668.61,"12-Aug-2026",6650,"",""
"230","ANGELONE","EQ",290.75,291,285.25,291,291,291.4,4505655,12944.79,"12-Aug-2026",39785,"",""
"231","ANIKINDS","EQ",43.3,44.6,39.13,40.09,39.99,43.31,41347,16.98,"12-Aug-2026",490,"",""
"232","ANKITMETAL","BZ",1.52,1.58,1.5,1.58,1.58,1.51,48300,0.74,"12-Aug-2026",48,"",""
"233","ANLON","SM",646.15,646.15,621,621.25,622,690,24400,152.71,"12-Aug-2026",57,"",""
"234","ANMOL","EQ",10.23,10.43,10.07,10.28,10.3,10.26,12942,1.32,"12-Aug-2026",107,"",""
"235","ANNAPURNA","EQ",160,163.95,141.85,147.2,146,160.95,66223,99.58,"12-Aug-2026",1144,"",""
"236","ANONDITA","SM",1082,1088,1049.9,1075.4,1087,1068.85,14200,151.16,"12-Aug-2026",68,"",""
"237","ANSALAPI","BZ",3.58,3.64,3.52,3.59,3.6,3.57,39631,1.42,"12-Aug-2026",62,"",""
"238","ANTELOPUS","EQ",820,820.85,800,802.15,803.95,812.7,68367,553.57,"12-Aug-2026",4986,"",""
"239","ANTGRAPHIC","EQ",0.74,0.75,0.71,0.73,0.73,0.74,87370,0.64,"12-Aug-2026",145,"",""
"240","ANTHEM","EQ",898,898,875.65,878.4,880,891.65,425829,3763.43,"12-Aug-2026",20284,"",""
"241","ANUHPHR","EQ",77.83,78.5,77,77.18,77.55,77.76,64961,50.37,"12-Aug-2026",772,"",""
"242","ANUP","EQ",1925,1925,1864.3,1870.1,1867,1907.9,17734,334.03,"12-Aug-2026",2908,"",""
"243","ANURAS","EQ",1205.5,1212.9,1194.7,1204.4,1201.9,1209.3,146323,1763.66,"12-Aug-2026",3756,"",""
"244","ANYA","SM",15.35,15.4,15,15.4,15.4,15.5,40000,6.13,"12-Aug-2026",4,"",""
"245","AONEGOLD","EQ",14.38,14.38,14.15,14.27,14.28,14.17,266072,37.9,"12-Aug-2026",1187,"",""
"246","AONELIQUID","EQ",1072.19,1072.21,1072.19,1072.19,1072.21,1072.06,16563,177.59,"12-Aug-2026",108,"",""
"247","AONENIFTY","EQ",10.18,10.18,9.85,10.08,10.1,10.1,153274,15.43,"12-Aug-2026",1084,"",""
"248","AONESILVER","EQ",8.92,9.04,8.87,9.02,9,8.88,953721,85.51,"12-Aug-2026",1224,"",""
"249","AONETMMQ50","EQ",10.37,10.47,10.37,10.44,10.45,10.32,149444,15.61,"12-Aug-2026",308,"",""
"250","AONETOTAL","EQ",12.13,12.19,12,12.04,12.08,12.07,163268,19.68,"12-Aug-2026",1286,"",""
"251","APARINDS","EQ",16899,18465,16850,18000,18200,16748,378780,66169.18,"12-Aug-2026",73913,"",""
"252","APCL","EQ",105.4,107.49,103.12,103.68,104.75,104.27,8246,8.73,"12-Aug-2026",358,"",""
"253","APCOTEXIND","EQ",618,623.85,591,601.6,599.9,616.9,288795,1734.63,"12-Aug-2026",9664,"",""
"254","APEX","EQ",379.2,379.3,362.25,366.75,366.95,377.75,101850,373.47,"12-Aug-2026",4601,"",""
"255","APEXECO","ST",270,281.95,270,270,270,275.45,6400,17.56,"12-Aug-2026",8,"",""
"256","APLAPOLLO","EQ",2016.9,2018.8,1991.3,1997.1,1997.1,2012.7,714770,14328.34,"12-Aug-2026",32287,"",""
"257","APLLTD","EQ",838.85,852.6,833,841.65,844.1,838.85,142034,1193.95,"12-Aug-2026",9079,"",""
"258","APOLLO","EQ",389.7,391,378,379.85,379,388.7,3532851,13548.91,"12-Aug-2026",41437,"",""
"259","APOLLOHOSP","EQ",8750.5,8775.5,8507.5,8597,8597,8750.5,876688,75175.43,"12-Aug-2026",67442,"",""
"260","APOLLOPIPE","EQ",510,517,504.1,512.75,513.85,508.05,125063,639.16,"12-Aug-2026",4114,"",""
"261","APOLLOTYRE","EQ",443,448.25,441.35,445.15,444.3,443,560928,2493.83,"12-Aug-2026",11613,"",""
"262","APOLSINHOT","EQ",1223,1244.9,1200,1225.7,1227.6,1229.5,1741,21.14,"12-Aug-2026",334,"",""
"263","APRAMEYA","SM",143.05,143.05,140,140.25,140,148,11000,15.49,"12-Aug-2026",20,"",""
"264","APS","SM",249.5,250,244.3,244.7,245.1,247.55,9250,22.82,"12-Aug-2026",33,"",""
"265","APSISAERO","ST",494.55,494.55,489,494,494,484.9,51600,254.42,"12-Aug-2026",19,"",""
"266","APTECHT","BE",94.45,95,94,94.49,94.5,94.44,23103,21.81,"12-Aug-2026",256,"",""
"267","APTUS","EQ",258,258.15,253.05,254.75,254.3,256.7,1675606,4271.82,"12-Aug-2026",23739,"",""
"268","AQYLON","EQ",25.25,25.39,24.13,24.17,24.13,25.4,2680097,651.27,"12-Aug-2026",2668,"",""
"269","ARABIAN","SM",87,88.4,85.05,88,88,87,18000,15.63,"12-Aug-2026",9,"",""
"270","ARCHIDPLY","EQ",93,93.64,91.15,92.2,92.3,92.95,14860,13.73,"12-Aug-2026",249,"",""
"271","ARCHIES","EQ",14,14,13.7,13.91,13.91,13.81,2104,0.29,"12-Aug-2026",31,"",""
"272","ARCIIL","SM",36,36.1,35,35,35,36.05,7000,2.47,"12-Aug-2026",6,"",""
"273","ARDEE","EQ",72,73.19,65.8,67.12,67.33,53,130275850,90231.52,"12-Aug-2026",417636,"",""
"274","ARE&M","EQ",970.25,1017.3,962.2,969.4,969.8,970.25,5108022,50655.76,"12-Aug-2026",148403,"",""
"275","ARENTERP","EQ",40.95,40.95,36.02,37.29,38.8,39.45,2068,0.8,"12-Aug-2026",86,"",""
"276","ARFIN","EQ",84.15,85.56,83.91,84.74,84.4,85.08,1216860,1028.31,"12-Aug-2026",2966,"",""
"277","ARHAM","SM",192.6,194.45,190,193.1,193.7,193.7,23000,44.23,"12-Aug-2026",18,"",""
"278","ARIES","EQ",365,425,365,397.35,396.5,355.8,547284,2216.75,"12-Aug-2026",12840,"",""
"279","ARIHANT","EQ",1108.4,1110.2,1080.2,1096.8,1100,1119.2,1252,13.76,"12-Aug-2026",180,"",""
"280","ARIHANTCAP","EQ",74.83,75.27,74.3,74.82,74.93,74.76,47338,35.39,"12-Aug-2026",1000,"",""
"281","ARIHANTSUP","EQ",260.5,262.5,257.6,258.05,257.7,260.45,3719,9.64,"12-Aug-2026",144,"",""
"282","ARIS","EQ",133.76,137.9,133.5,135.55,135.7,133.76,1436154,1956.13,"12-Aug-2026",10470,"",""
"283","ARKADE","EQ",133,133.5,125.6,129.66,130,133.96,924444,1189.63,"12-Aug-2026",7138,"",""
"284","ARMANFIN","EQ",2010,2073.9,1954.2,2011,2006.6,2002.8,54184,1088.84,"12-Aug-2026",4900,"",""
"285","ARMOUR","ST",18.55,18.95,18.55,18.95,18.95,18.55,10000,1.87,"12-Aug-2026",4,"",""
"286","AROGRANITE","EQ",25.7,25.7,25,25.1,25.1,25.49,6757,1.7,"12-Aug-2026",47,"",""
"287","ARROWGREEN","BE",770,808,761.3,784.6,776,777.05,37391,294.03,"12-Aug-2026",582,"",""
"288","ARSHIYA","BZ",0.97,0.97,0.92,0.94,0.94,0.94,93295,0.87,"12-Aug-2026",73,"",""
"289","ARSSBL","EQ",509.15,510.75,484.25,495.8,498,509.15,165771,829.91,"12-Aug-2026",4667,"",""
"290","ARTEMISMED","EQ",314.9,323.45,300.1,316.3,321.5,313.3,724360,2231.46,"12-Aug-2026",15141,"",""
"291","ARTNIRMAN","EQ",43.97,43.97,40.61,42.39,41.16,41.51,2851,1.2,"12-Aug-2026",18,"",""
"292","ARUNAYA","ST",15.2,16.1,15.2,15.35,15.35,16,48000,7.42,"12-Aug-2026",14,"",""
"293","ARVEE","EQ",182,189.39,176,177.24,176,176.76,17422,31.92,"12-Aug-2026",652,"",""
"294","ARVIND","EQ",569.95,574.2,559,566.85,565.5,567.65,405680,2308.99,"12-Aug-2026",18006,"",""
"295","ARVINDFASN","EQ",451.15,451.15,438.3,444.15,443.9,447.5,174110,771.08,"12-Aug-2026",15790,"",""
"296","ARVINDPORT","SM",30.05,32.7,30.05,32.7,32.7,31,7500,2.38,"12-Aug-2026",4,"",""
"297","ARVSMART","EQ",650,667,644,665.55,663,636.4,261613,1724.81,"12-Aug-2026",10293,"",""
"298","ASAHIINDIA","EQ",903.15,906.9,879.1,891.5,890,901.65,133831,1189.64,"12-Aug-2026",8161,"",""
"299","ASAHISONG","BE",338.1,354,328,329.5,329.1,338.1,65981,221.44,"12-Aug-2026",509,"",""
"300","ASAL","EQ",505,513,497.15,502.95,499.85,508.5,19922,100.29,"12-Aug-2026",918,"",""
"301","ASALCBR","EQ",730.25,730.5,719.05,723.2,724.7,730.25,39226,283.93,"12-Aug-2026",2180,"",""
"302","ASCOM","ST",233.6,233.6,233.6,233.6,233.6,245.85,1000,2.34,"12-Aug-2026",2,"",""
"303","ASHALOG","SM",61.5,61.5,61.5,61.5,61.5,61.15,1000,0.62,"12-Aug-2026",1,"",""
"304","ASHAPURMIN","EQ",646.5,660,634.55,637.3,635.05,651.95,482223,3103.95,"12-Aug-2026",20615,"",""
"305","ASHIANA","EQ",375,386.6,372,380.8,377,381.3,114743,433.3,"12-Aug-2026",4578,"",""
"306","ASHIKAG","BE",428.8,439.25,415.1,439.25,439.25,418.35,40938,177.52,"12-Aug-2026",317,"",""
"307","ASHIMASYN","EQ",18.17,18.17,17.35,17.48,17.4,17.91,42906,7.54,"12-Aug-2026",253,"",""
"308","ASHOKA","EQ",116.45,116.5,113,113.9,114,116.99,1312834,1496.6,"12-Aug-2026",12537,"",""
"309","ASHOKAMET","EQ",14.09,14.09,13.85,13.93,13.9,14.09,11898,1.66,"12-Aug-2026",128,"",""
"310","ASHOKLEY","EQ",174.83,177.38,174.43,176.7,176.7,174.83,10612472,18610.13,"12-Aug-2026",72264,"",""
"311","ASHWINI","SM",195,199,195,196.25,196,195.55,9000,17.73,"12-Aug-2026",9,"",""
"312","ASIANENE","EQ",405,411.9,401.15,405.8,405.4,401.8,201456,817.8,"12-Aug-2026",6935,"",""
"313","ASIANHOTNR","EQ",310,316.7,302.1,304.1,302.15,312.6,12946,40.19,"12-Aug-2026",1324,"",""
"314","ASIANPAINT","EQ",2733.2,2748.4,2698.2,2740,2740,2735.5,648174,17673.98,"12-Aug-2026",49588,"",""
"315","ASIANTILES","EQ",53.7,55.49,52.53,53.12,53.5,52.85,8536751,4589.32,"12-Aug-2026",32257,"",""
"316","ASKAUTOLTD","EQ",654.25,660,646,651.2,652,654.25,185247,1207.73,"12-Aug-2026",8501,"",""
"317","ASMS","BE",7.44,7.44,7.18,7.22,7.3,7.36,77954,5.66,"12-Aug-2026",264,"",""
"318","ASPINWALL","EQ",246,246,236.15,237,237,241.21,1231,2.92,"12-Aug-2026",31,"",""
"319","ASPIRE","SM",13.8,13.8,13.8,13.8,13.8,14.45,2000,0.28,"12-Aug-2026",1,"",""
"320","ASTAR","EQ",600,600,582.1,588.55,582.1,590.05,10,0.06,"12-Aug-2026",4,"",""
"321","ASTEC","EQ",615.2,616.05,606,607.85,610.6,615.2,21701,132.55,"12-Aug-2026",1458,"",""
"322","ASTERDM","EQ",854.95,861.15,822.5,827.95,832,854.9,787879,6548.04,"12-Aug-2026",31279,"",""
"323","ASTRAL","EQ",1431.9,1464,1425.7,1464,1464,1424.9,398896,5767.44,"12-Aug-2026",25701,"",""
"324","ASTRAMICRO","EQ",1712.2,1749.3,1651.2,1665.4,1673,1703.7,531299,9000.51,"12-Aug-2026",28434,"",""
"325","ASTRAZEN","EQ",7982,7999,7870,7906.5,7882,7946.5,4956,393.2,"12-Aug-2026",1254,"",""
"326","ASTRON","BZ",3.56,3.65,3.51,3.55,3.55,3.6,8753,0.31,"12-Aug-2026",40,"",""
"327","ATALREAL","EQ",35.09,35.82,34.9,35.34,35.82,35.02,13344621,4697.74,"12-Aug-2026",8969,"",""
"328","ATAM","EQ",64,66,63.36,64.88,65.29,63.29,8256,5.34,"12-Aug-2026",125,"",""
"329","ATCENERGY","ST",24.9,24.9,24.9,24.9,24.9,24.9,3600,0.9,"12-Aug-2026",3,"",""
"330","ATGL","EQ",668,669.95,656.5,660.35,661,666.15,878468,5800.25,"12-Aug-2026",17209,"",""
"331","ATHERENERG","EQ",1531.7,1580,1511.1,1569.4,1572.6,1525.4,4521175,70242.56,"12-Aug-2026",128239,"",""
"332","ATL","EQ",26,26,24.32,24.66,24.72,24.58,209555,52.3,"12-Aug-2026",976,"",""
"333","ATLANTAA","EQ",44.5,44.5,41.8,42.13,41.8,44.7,164193,70.25,"12-Aug-2026",1554,"",""
"334","ATLANTAELE","EQ",1586,1699,1586,1660.4,1649.8,1586.3,219650,3642.87,"12-Aug-2026",22558,"",""
"335","ATLASCYCLE","EQ",98.27,101,96.56,96.98,96.75,97.37,16769,16.47,"12-Aug-2026",185,"",""
"336","ATLPP","E1",9,9,8.98,8.98,8.98,8.96,6300,0.57,"12-Aug-2026",38,"",""
"337","ATMASTCO","ST",147.85,151,146.5,148.55,148.55,146,11600,17.25,"12-Aug-2026",22,"",""
"338","ATUL","EQ",6851,6940,6785,6896.5,6879,6850,54244,3734.64,"12-Aug-2026",12151,"",""
"339","ATULAUTO","EQ",498,515,496.8,504,504.8,494.1,388251,1962.22,"12-Aug-2026",12906,"",""
"340","AUBANK","EQ",1070.9,1091.4,1062,1091.4,1091.4,1070.9,1572313,16927.76,"12-Aug-2026",31900,"",""
"341","AURIONPRO","EQ",728.4,729,710.25,718.75,720,727.15,140242,1008.4,"12-Aug-2026",8135,"",""
"342","AUROIMPEX","SM",25.5,25.5,25.2,25.2,25.2,26.5,46400,11.7,"12-Aug-2026",15,"",""
"343","AUROPHARMA","EQ",1658,1667,1652.3,1667,1667,1658,796061,13205.09,"12-Aug-2026",30110,"",""
"344","AURUM","EQ",229.15,229.15,223.5,226.04,224.97,228.56,84742,192.08,"12-Aug-2026",1597,"",""
"345","AURUS","EQ",4.63,4.9,4.63,4.64,4.65,4.7,13414,0.63,"12-Aug-2026",210,"",""
"346","AUSL","SM",25.85,25.85,25.35,25.85,25.85,24.65,8000,2.06,"12-Aug-2026",4,"",""
"347","AUSOMENT","EQ",139.11,142.09,135.52,141.4,141.9,141.95,5842,8.18,"12-Aug-2026",236,"",""
"348","AUTOAXLES","EQ",1803.8,1811.8,1788.3,1798.4,1805.9,1803.8,3844,69.12,"12-Aug-2026",637,"",""
"349","AUTOBEES","EQ",306.61,306.61,303.5,304.22,304,304.51,272735,831.27,"12-Aug-2026",2614,"",""
"350","AUTOIETF","EQ",31.13,31.13,30.17,30.49,30.48,30.52,721892,220.07,"12-Aug-2026",1917,"",""
"351","AUTOIND","BE",94.8,99.77,93.5,99.77,99.77,95.02,371033,367.52,"12-Aug-2026",754,"",""
"352","AVADHSUGAR","EQ",634.8,634.8,620,626.95,622,634.8,38188,238.13,"12-Aug-2026",1399,"",""
"353","AVALON","EQ",1940,2002.6,1927,1963.9,1973.7,1938.3,406426,8026.98,"12-Aug-2026",33044,"",""
"354","AVANA","ST",146.95,147,146,146,146,147.5,14000,20.52,"12-Aug-2026",6,"",""
"355","AVANTEL","EQ",160.24,161.24,157.28,158.23,158.55,160.27,617572,982.78,"12-Aug-2026",6933,"",""
"356","AVANTIFEED","EQ",844.15,873.45,829.9,868.25,868,859.8,727054,6191.48,"12-Aug-2026",36697,"",""
"357","AVATAR","ST",219,220,219,220,220,217.95,12000,26.38,"12-Aug-2026",6,"",""
"358","AVG","BE",202.3,207,195,201.8,200.05,199.06,12506,25.16,"12-Aug-2026",158,"",""
"359","AVIANSH","SM",104,104,104,104,104,104.5,1000,1.04,"12-Aug-2026",1,"",""
"360","AVIENCE","SM",243.25,251,242.55,250.9,251,248,28200,69.58,"12-Aug-2026",41,"",""
"361","AVL","EQ",615,622,604.9,617.4,621,616.1,155701,954.84,"12-Aug-2026",8214,"",""
"362","AVONMORE","EQ",11.35,11.71,11.22,11.37,11.49,11.36,192262,22.01,"12-Aug-2026",525,"",""
"363","AVPINFRA","SM",60.15,61.5,59.7,60,59.7,60.2,36000,21.84,"12-Aug-2026",30,"",""
"364","AVROIND","EQ",8.24,8.5,8,8.21,8.3,8.27,366782,30.11,"12-Aug-2026",910,"",""
"365","AVTNPL","EQ",71,71.35,70.05,70.26,70.05,70.24,25561,18.02,"12-Aug-2026",468,"",""
"366","AWFIS","EQ",267,275,264,274.05,274,266.65,230792,624.04,"12-Aug-2026",4575,"",""
"367","AWHCL","EQ",388.05,397.7,386.5,392.15,391,389.35,142056,558.49,"12-Aug-2026",6495,"",""
"368","AWL","EQ",192.86,195,191.3,194.24,194.6,192.86,1431527,2769.18,"12-Aug-2026",19024,"",""
"369","AXISBANK","EQ",1230,1234.9,1216.9,1230,1230,1229.8,7218881,88326.48,"12-Aug-2026",145880,"",""
"370","AXISCADES","EQ",1531,1575,1531,1543.4,1553.8,1545.5,75360,1170.34,"12-Aug-2026",6825,"",""
"371","AXITA","EQ",7.35,7.44,7.26,7.28,7.26,7.29,566985,41.47,"12-Aug-2026",1144,"",""
"372","AYE","EQ",178,181.89,173.87,176.96,178,178.78,599407,1061.29,"12-Aug-2026",13937,"",""
"373","AYMSYNTEX","EQ",250.55,260.9,240.35,253.2,254.2,255.85,98725,246.94,"12-Aug-2026",7815,"",""
"374","AZAD","EQ",2472.1,2495.4,2450.4,2479.5,2487,2472.1,218236,5400.88,"12-Aug-2026",17927,"",""
"375","BABAFP","SM",24.5,24.5,24.5,24.5,24.5,23.5,1600,0.39,"12-Aug-2026",1,"",""
"376","BAFNAPH","BE",269,269,268.3,268.3,268.3,273.75,3321,8.91,"12-Aug-2026",24,"",""
"377","BAGDIGITAL","SM",113,113,113,113,113,112,1600,1.81,"12-Aug-2026",1,"",""
"378","BAGFILMS","EQ",4.3,4.39,4.29,4.33,4.34,4.33,56027,2.43,"12-Aug-2026",160,"",""
"379","BAGMANE","RR",109,110.43,108.55,109.97,109.64,108.69,867829,952.1,"12-Aug-2026",16642,"",""
"380","BAHETI","SM",790.5,790.5,770,770,770,784,21375,166.54,"12-Aug-2026",30,"",""
"381","BAIDFIN","EQ",9.87,10,9.81,9.96,10,9.87,53786,5.34,"12-Aug-2026",125,"",""
"382","BAJAJ-AUTO","EQ",11729,11819,11678,11700,11700,11717,236192,27746.96,"12-Aug-2026",27628,"",""
"383","BAJAJCON","EQ",539.95,542.4,530.35,538.25,534,540.95,260282,1392.77,"12-Aug-2026",13414,"",""
"384","BAJAJELEC","EQ",361.45,368.9,358,363.95,366,360.35,333056,1213.86,"12-Aug-2026",8580,"",""
"385","BAJAJFINSV","EQ",2023,2028.4,2006.1,2020.5,2020.5,2032,571047,11498.36,"12-Aug-2026",51497,"",""
"386","BAJAJHCARE","EQ",330.6,331,323.35,327.45,326.9,328.6,77004,252.4,"12-Aug-2026",3395,"",""
"387","BAJAJHFL","EQ",85.6,85.62,84.62,84.76,84.79,85.18,1812989,1538.65,"12-Aug-2026",19227,"",""
"388","BAJAJHIND","EQ",18.16,18.45,17,17.87,17.88,18.06,7410218,1333.5,"12-Aug-2026",10548,"",""
"389","BAJAJHLDNG","EQ",11587,11587,11410,11579,11579,11550,21972,2527.89,"12-Aug-2026",6688,"",""
"390","BAJAJINDEF","EQ",230,234.9,224.1,233.62,234.9,226.51,26892,62.16,"12-Aug-2026",531,"",""
"391","BAJAJST","EQ",376,381.5,357.85,367.9,369,379.05,25044,92.6,"12-Aug-2026",1181,"",""
"392","BAJEL","EQ",191.99,198,187.22,192.77,193,189.07,609720,1177.83,"12-Aug-2026",10993,"",""
"393","BAJFINANCE","EQ",1093,1094.7,1080,1094.2,1094.2,1093.3,7054842,76626.9,"12-Aug-2026",116314,"",""
"394","BALAJEE","EQ",27.2,27.45,26.75,26.99,27.06,27.2,20195,5.45,"12-Aug-2026",212,"",""
"395","BALAJIPHOS","SM",89.85,89.85,89.85,89.85,89.85,89.45,1000,0.9,"12-Aug-2026",1,"",""
"396","BALAJITELE","EQ",90.76,91.95,90.5,91,90.7,90.76,153227,139.69,"12-Aug-2026",1381,"",""
"397","BALAMINES","EQ",2129,2148.9,2062.1,2080.9,2087,2123.7,101297,2118.64,"12-Aug-2026",10101,"",""
"398","BALAXI","EQ",23.76,24.2,23.5,24.05,24.07,23.65,11702,2.81,"12-Aug-2026",88,"",""
"399","BALCO","ST",18,18,18,18,18,17.15,3600,0.65,"12-Aug-2026",2,"",""
"400","BALKRISHNA","EQ",18,18,17.22,17.61,17.67,17.41,10286,1.8,"12-Aug-2026",72,"",""
"401","BALKRISIND","EQ",2498,2525,2475,2496.9,2500,2498.9,156973,3922.64,"12-Aug-2026",21680,"",""
"402","BALMLAWRIE","EQ",173.85,174.9,171,174.43,174.85,172.89,174627,301.65,"12-Aug-2026",2828,"",""
"403","BALPHARMA","EQ",87.9,91.5,86.04,90.5,90.94,86.99,34146,30.5,"12-Aug-2026",638,"",""
"404","BALRAMCHIN","EQ",623,626.1,592.55,604.7,601.95,627.8,1096131,6621.39,"12-Aug-2026",34690,"",""
"405","BALUFORGE","EQ",462,471,455,463,463.2,459,1012793,4697.29,"12-Aug-2026",18938,"",""
"406","BANARBEADS","EQ",115.38,117.71,112.65,113.33,113.06,115.38,5587,6.39,"12-Aug-2026",131,"",""
"407","BANARISUG","EQ",3460,3474.9,3410,3464.3,3465,3484.1,486,16.74,"12-Aug-2026",38,"",""
"408","BANCOINDIA","EQ",638,639.05,626.6,628.65,627.05,633.85,132463,834.8,"12-Aug-2026",10574,"",""
"409","BANDHANBNK","EQ",173.82,176.79,172.57,176,176,174,7049218,12369.75,"12-Aug-2026",29367,"",""
"410","BANG","EQ",29.91,30.44,29.1,29.6,29.5,29.99,9734,2.87,"12-Aug-2026",189,"",""
"411","BANK10ADD","EQ",17,17.3,16.86,17.24,17.24,17,65626,11.27,"12-Aug-2026",149,"",""
"412","BANK10BETF","EQ",20.93,20.96,20.82,20.83,20.83,20.93,1646,0.34,"12-Aug-2026",15,"",""
"413","BANKA","EQ",80.61,84.64,80,84.64,84.64,80.61,7278,6.08,"12-Aug-2026",45,"",""
"414","BANKADD","EQ",58.76,59.35,58.76,59.33,59.17,58.76,343335,203.57,"12-Aug-2026",96,"",""
"415","BANKBARODA","EQ",246,251.4,245.5,251,251,246.2,8298917,20730.22,"12-Aug-2026",63174,"",""
"416","BANKBEES","EQ",594.86,599.83,592.31,599.01,598.5,594.87,701165,4191.36,"12-Aug-2026",6058,"",""
"417","BANKBETA","EQ",59.24,59.96,59.24,59.88,59.89,59.38,24665,14.73,"12-Aug-2026",375,"",""
"418","BANKBETF","EQ",58.5,58.97,58.3,58.9,58.68,58.46,14796,8.69,"12-Aug-2026",162,"",""
"419","BANKETF","EQ",588.64,590.65,584.29,590.16,590.04,585.99,7143,42.01,"12-Aug-2026",159,"",""
"420","BANKIETF","EQ",59.26,59.5,58.82,59.43,59.3,59,306013,181.29,"12-Aug-2026",1647,"",""
"421","BANKINDIA","EQ",142.4,146.12,141.9,145.5,145.5,142.9,8946785,12962.86,"12-Aug-2026",37691,"",""
"422","BANKNIFTY1","EQ",59.7,60.2,59.49,60.15,60.02,59.69,183539,110.04,"12-Aug-2026",682,"",""
"423","BANKPSU","EQ",87.51,89.05,87.51,88.78,88.94,87.08,18250,16.19,"12-Aug-2026",102,"",""
"424","BANSALWIRE","EQ",326.9,333,319.9,323,323.2,319.9,203013,661.72,"12-Aug-2026",10504,"",""
"425","BANSWRAS","EQ",124.95,124.95,121.31,122,122,123.14,13965,17.07,"12-Aug-2026",221,"",""
"426","BARFLEX","SM",55,55,52,54.85,54.9,54.65,22000,11.92,"12-Aug-2026",10,"",""
"427","BASF","EQ",4022,4050,3980,3990.1,3992,4037.2,26790,1075.29,"12-Aug-2026",5775,"",""
"428","BASILIC","SM",197.75,205,197.75,200.35,201,197.55,20100,40.31,"12-Aug-2026",52,"",""
"429","BASML","BE",26.68,26.68,25.59,25.83,25.95,26.93,112964,29.17,"12-Aug-2026",322,"",""
"430","BATAINDIA","EQ",730,759.75,708,715.15,714.8,699.85,3783994,27596.66,"12-Aug-2026",99984,"",""
"431","BATLIBOI","EQ",85.8,93.35,85.06,91.37,90.6,84.6,363179,333.48,"12-Aug-2026",4305,"",""
"432","BAWEJA","ST",24.25,24.25,24.25,24.25,24.25,24.95,800,0.19,"12-Aug-2026",1,"",""
"433","BAYERCROP","EQ",4112.5,4127.5,4050.1,4114.6,4107.7,4116.1,33613,1375.57,"12-Aug-2026",7624,"",""
"434","BBETF0432","EQ",1352.82,1357.89,1352.82,1357.08,1356,1353.18,1121,15.2,"12-Aug-2026",40,"",""
"435","BBL","EQ",2334.9,2334.9,2290,2297.9,2301.7,2324.4,15469,356.28,"12-Aug-2026",2266,"",""
"436","BBNPNBETF","EQ",58.15,58.4,57.9,58.08,58.08,58.14,1424,0.83,"12-Aug-2026",17,"",""
"437","BBNPPGOLD","EQ",147.65,150.95,147.35,147.8,148,146.6,3455,5.1,"12-Aug-2026",65,"",""
"438","BBOX","EQ",729,795,721.5,772.1,756.6,743.35,550829,4145.64,"12-Aug-2026",28906,"",""
"439","BBTC","EQ",1484.3,1501.1,1484.3,1490.9,1485,1490.4,17917,267.54,"12-Aug-2026",2221,"",""
"440","BBTCL","EQ",225.93,225.93,221.41,224.22,224.2,224.76,2906,6.49,"12-Aug-2026",163,"",""
"441","BCG","EQ",9.87,10.01,9.7,9.87,9.8,9.88,5885197,578.27,"12-Aug-2026",5182,"",""
"442","BCLIND","EQ",37.03,38.7,36.06,37.48,38.25,37.08,606256,224.24,"12-Aug-2026",2588,"",""
"443","BCONCEPTS","EQ",175.98,175.99,166,170.13,172,175.78,21205,35.93,"12-Aug-2026",1234,"",""
"444","BCPL","EQ",69.3,71,68.5,69.7,70.06,69.53,13988,9.69,"12-Aug-2026",387,"",""
"445","BDL","EQ",1309,1340,1308,1340,1340,1307.6,1279928,16918.97,"12-Aug-2026",41051,"",""
"446","BEACON","SM",89.55,92,88.3,92,92,91.95,7000,6.29,"12-Aug-2026",6,"",""
"447","BEARDSELL","EQ",26.46,26.89,26,26.18,26.1,26.12,10627,2.79,"12-Aug-2026",106,"",""
"448","BECTORFOOD","EQ",241,243.39,233.52,242.35,242.03,240.62,2242467,5354.25,"12-Aug-2026",29678,"",""
"449","BEDMUTHA","EQ",117,118.8,115,117.16,118.67,116.93,4681,5.46,"12-Aug-2026",122,"",""
"450","BEEKAY","EQ",454,454,422,435.65,435.9,397.9,77407,337.41,"12-Aug-2026",2332,"",""
"451","BEL","EQ",406,406.25,399.3,405.7,405.7,405.85,13125672,52846.2,"12-Aug-2026",137742,"",""
"452","BELLACASA","EQ",240.44,248.16,239.11,241.74,240.28,243.28,5537,13.36,"12-Aug-2026",178,"",""
"453","BELRISE","EQ",255,268.2,253.61,261.35,262.2,253.97,9422315,24642.72,"12-Aug-2026",109165,"",""
"454","BEML","EQ",1920.1,1954.8,1891.4,1900.6,1901.5,1902.3,714898,13765.53,"12-Aug-2026",40137,"",""
"455","BENGALASM","EQ",6186,6217.5,6155,6206,6217.5,6204.5,404,25.07,"12-Aug-2026",43,"",""
"456","BEPL","EQ",122.5,122.86,120.1,120.54,120.45,122.53,779985,944.29,"12-Aug-2026",7145,"",""
"457","BERGEPAINT","EQ",539.8,564.9,535.9,559.8,558,534.95,1847256,10289.1,"12-Aug-2026",48048,"",""
"458","BESTAGRO","EQ",19.5,19.74,18.8,19.04,18.99,19.47,970466,186.35,"12-Aug-2026",3509,"",""
"459","BETA","EQ",2721,2807.9,2544.1,2559,2570,2668.3,110912,2958.19,"12-Aug-2026",14118,"",""
"460","BEWLTD","SM",52.45,52.45,51,51.2,51.65,49.35,18500,9.54,"12-Aug-2026",32,"",""
"461","BFINVEST","EQ",471.3,471.3,456,457,456.55,468.3,38808,178.72,"12-Aug-2026",2117,"",""
"462","BFSI","EQ",28,28,27.3,27.48,27.54,27.45,328425,89.84,"12-Aug-2026",819,"",""
"463","BFUTILITIE","EQ",561.2,562.8,553.05,560.2,561.95,561.55,32875,183.41,"12-Aug-2026",2117,"",""
"464","BGRENERGY","BE",260.45,261.9,255.05,256.4,255.05,260.45,12239,31.54,"12-Aug-2026",387,"",""
"465","BHADORA","ST",100,103.95,100,103.95,103.95,99,33600,34.6,"12-Aug-2026",24,"",""
"466","BHAGCHEM","EQ",284.5,286.3,279.1,280.35,279.15,286.6,40688,114.63,"12-Aug-2026",943,"",""
"467","BHAGERIA","BE",207,207,203.01,205.35,206.3,206.98,12301,25.12,"12-Aug-2026",157,"",""
"468","BHAGYANGR","EQ",384.35,386.25,375,379.1,378,386.3,76254,289.87,"12-Aug-2026",1415,"",""
"469","BHANDARI","BE",2.84,2.9,2.82,2.83,2.86,2.87,70357,2.01,"12-Aug-2026",159,"",""
"470","BHARATCOAL","EQ",33.84,34.14,33.68,33.78,33.83,33.86,3368883,1140.14,"12-Aug-2026",12095,"",""
"471","BHARATFORG","EQ",2051,2081.5,2042.9,2081.5,2081.5,2051,1981864,40938.52,"12-Aug-2026",77310,"",""
"472","BHARATGEAR","BE",103.7,105.5,103.05,103.62,103.5,105.03,18736,19.49,"12-Aug-2026",214,"",""
"473","BHARATRAS","EQ",1380,1380,1343.4,1360.3,1364.7,1383.9,9821,133.55,"12-Aug-2026",1371,"",""
"474","BHARATSE","EQ",234.8,247.5,231.17,235.29,236.37,231.58,635306,1528.69,"12-Aug-2026",15843,"",""
"475","BHARATWIRE","EQ",190.6,192.62,186.11,187.2,187.8,190.59,174138,327.64,"12-Aug-2026",3805,"",""
"476","BHARTIARTL","EQ",1908.6,1945,1901.3,1945,1945,1915.2,10871157,207727.62,"12-Aug-2026",133492,"",""
"477","BHARTIHEXA","EQ",1515.1,1515.4,1477.8,1486,1499,1515,267203,3980.03,"12-Aug-2026",12696,"",""
"478","BHEL","EQ",404.5,420.2,403.25,420,420,403,14607097,60311.25,"12-Aug-2026",117170,"",""
"479","BI","EQ",66.9,67,63.32,64.62,65.79,64.92,11761,7.58,"12-Aug-2026",133,"",""
"480","BIGBLOC","EQ",47.5,47.5,45.87,46,45.87,46.55,32054,14.86,"12-Aug-2026",424,"",""
"481","BIKAJI","EQ",619.95,621.35,606.15,609.6,609,619.85,122851,752.76,"12-Aug-2026",12713,"",""
"482","BIKEWO","ST",88,90.8,86,90.8,90.8,86.5,110000,99.27,"12-Aug-2026",51,"",""
"483","BIL","EQ",844,844,800,820.6,819.5,833.1,2415,19.78,"12-Aug-2026",206,"",""
"484","BILVYAPAR","BE",4.06,4.25,4.06,4.1,4.1,4.06,2102,0.09,"12-Aug-2026",18,"",""
"485","BIMETAL","EQ",648.9,656.25,645,647.95,645,648.9,201,1.3,"12-Aug-2026",24,"",""
"486","BIOCON","EQ",427.75,430.5,422.6,427.4,427.4,426,3793310,16227.03,"12-Aug-2026",41477,"",""
"487","BIOFILCHEM","EQ",33.33,33.39,32.16,32.67,32.45,32.64,2988,0.98,"12-Aug-2026",85,"",""
"488","BIOPOL","SM",103.3,103.3,97,101.35,101.9,99,57600,57.59,"12-Aug-2026",44,"",""
"489","BIRET","RR",346.8,346.95,343.5,345.68,345.6,344.97,434265,1498.11,"12-Aug-2026",8177,"",""
"490","BIRLACABLE","BE",280.26,294.27,280.26,294.17,294.27,280.26,290541,847.65,"12-Aug-2026",1987,"",""
"491","BIRLACORPN","EQ",901,906.95,890,904.4,904,898.2,37433,337.13,"12-Aug-2026",3942,"",""
"492","BIRLAMONEY","EQ",133.07,133.76,132.01,133.45,133.75,133.07,25717,34.12,"12-Aug-2026",720,"",""
"493","BIRLANU","EQ",1700,1715,1650,1667.8,1665,1684.8,22411,376.64,"12-Aug-2026",3184,"",""
"494","BIRLAPREC","EQ",36.9,39.49,35.51,37.67,38.2,35.75,101653,38.01,"12-Aug-2026",595,"",""
"495","BLACKBUCK","EQ",573.95,573.95,557.7,568.05,571,571.5,174316,986.27,"12-Aug-2026",11385,"",""
"496","BLACKROSE","BE",110.5,111.05,107.01,108.14,108.9,110.01,10575,11.43,"12-Aug-2026",153,"",""
"497","BLAL","EQ",171.1,172.43,170,170.9,171.6,171.76,15579,26.59,"12-Aug-2026",297,"",""
"498","BLBLIMITED","EQ",16.24,16.26,16.01,16.12,16.2,16.06,31461,5.06,"12-Aug-2026",91,"",""
"499","BLIL","EQ",70.75,71.4,70.75,70.93,70.78,70.88,67670,47.97,"12-Aug-2026",816,"",""
"500","BLISSGVS","BE",491.1,505.95,477.05,489.55,490,494.05,277203,1357.49,"12-Aug-2026",2975,"",""
"501","BLKASHYAP","EQ",54.2,55,51.15,52.61,52.17,53.99,1038405,550.62,"12-Aug-2026",5517,"",""
"502","BLS","EQ",261.64,264.5,259.51,262.88,262.75,260.86,1254241,3293.75,"12-Aug-2026",22187,"",""
"503","BLSE","EQ",319.7,322,308.65,316.65,315.1,317.65,743991,2359.01,"12-Aug-2026",10639,"",""
"504","BLUECHIP","EQ",1.75,1.75,1.75,1.75,1.75,1.72,26124,0.46,"12-Aug-2026",42,"",""
"505","BLUECOAST","BE",25.6,26.3,24.26,24.4,24.26,25.1,1328,0.33,"12-Aug-2026",13,"",""
"506","BLUEDART","EQ",5116,5145.5,5067,5093,5100,5092.5,8071,411.57,"12-Aug-2026",2280,"",""
"507","BLUEJET","EQ",591,591,578.55,587.1,588.85,590.7,312902,1829.29,"12-Aug-2026",10729,"",""
"508","BLUEPEBBLE","SM",71.5,76,71.5,74,74,76.8,6000,4.5,"12-Aug-2026",12,"",""
"509","BLUESTARCO","EQ",1497.9,1507.7,1471.3,1490,1490,1497.9,603509,8991.18,"12-Aug-2026",37653,"",""
"510","BLUESTONE","EQ",846,911,830.05,894.5,906.05,837.85,7488828,65847.67,"12-Aug-2026",169204,"",""
"511","BLUEWATER","ST",379.5,411,378.15,409.6,411,398.05,78000,302.73,"12-Aug-2026",73,"",""
"512","BLUSPRING","EQ",117.99,124,117.99,121.51,121.05,117.85,906199,1107.21,"12-Aug-2026",8435,"",""
"513","BMETRICS","SM",36,38.5,36,38.5,38.5,38.5,9600,3.57,"12-Aug-2026",10,"",""
"514","BMLL","SM",146.5,147.95,145,145.05,145,146.5,19000,27.76,"12-Aug-2026",17,"",""
"515","BMWVENTLTD","EQ",58.61,59.59,57.92,58.52,58.01,58.84,43361,25.33,"12-Aug-2026",750,"",""
"516","BNAGROCHEM","EQ",256.8,262,245.1,254.1,255,255.25,102060,255.98,"12-Aug-2026",240,"",""
"517","BNALTD","BE",390.3,414.8,388,391,391,399,242,0.96,"12-Aug-2026",18,"",""
"518","BNKETFAXIS","EQ",593.19,595.86,593.19,595.35,595.35,593.19,285,1.69,"12-Aug-2026",19,"",""
"519","BODALCHEM","BE",69.89,69.89,68.06,68.78,68.5,69.25,41879,28.95,"12-Aug-2026",317,"",""
"520","BOHRAIND","EQ",15.9,15.9,14.95,14.99,15.52,15.84,16078,2.47,"12-Aug-2026",74,"",""
"521","BOMDYEING","EQ",117,117.3,115.7,116.23,115.98,116.11,373580,435.01,"12-Aug-2026",3570,"",""
"522","BONLON","EQ",42.97,42.97,40.21,41.05,41.89,40.6,2057,0.85,"12-Aug-2026",73,"",""
"523","BORANA","EQ",340,340.1,324,329.05,332.6,328.1,48852,161.69,"12-Aug-2026",1306,"",""
"524","BOROLTD","EQ",246.44,250,240.01,241.57,244.45,244.65,29626,71.8,"12-Aug-2026",1425,"",""
"525","BORORENEW","EQ",565.1,581.35,562.05,573.45,576,562.5,759215,4356.65,"12-Aug-2026",22649,"",""
"526","BOROSCI","EQ",136,136.63,132.1,133.4,134.01,135.85,80846,108.61,"12-Aug-2026",1742,"",""
"527","BOSCH-HCIL","EQ",1690,1743.9,1666.7,1713.8,1702.5,1696.8,45514,776.14,"12-Aug-2026",5124,"",""
"528","BOSCHLTD","EQ",45040,46735,45040,46480,46480,45185,96508,44759.8,"12-Aug-2026",31457,"",""
"529","BOSS","SM",45.3,45.35,45.3,45.3,45.35,43.45,8000,3.63,"12-Aug-2026",2,"",""
"530","BPCL","EQ",317,318.5,311.5,317,317,317.8,6726295,21115.73,"12-Aug-2026",60502,"",""
"531","BPL","EQ",53.77,54,51.2,52.86,52.68,53.77,38094,20.17,"12-Aug-2026",1076,"",""
"532","BRANDMAN","SM",190,199.5,189.05,197.15,197.9,190,39200,76.13,"12-Aug-2026",42,"",""
"533","BRIGADE","EQ",605.5,607.65,585.45,592.95,592,605.1,308751,1833.67,"12-Aug-2026",14999,"",""
"534","BRIGHOTEL","EQ",60.27,60.27,59,59.41,59,59.8,46061,27.57,"12-Aug-2026",1049,"",""
"535","BRITANNIA","EQ",5598,5645.5,5560,5645.5,5645.5,5598,257865,14436.84,"12-Aug-2026",19961,"",""
"536","BRNL","EQ",17.56,18,17.26,17.6,17.5,17.48,17513,3.08,"12-Aug-2026",173,"",""
"537","BROOKS","BE",61,62.48,60.64,62.48,62.48,59.51,63114,39.25,"12-Aug-2026",219,"",""
"538","BSE","EQ",3605,3605.9,3501,3527,3527,3605,3896840,138020.47,"12-Aug-2026",154843,"",""
"539","BSE500IETF","EQ",39.92,40.05,39.81,39.97,39.93,40.04,81900,32.71,"12-Aug-2026",1175,"",""
"540","BSHSL","BE",87.9,92.6,87.51,90.51,90.6,88.34,12944,11.73,"12-Aug-2026",136,"",""
"541","BSL","EQ",125,125,122.1,123.08,122.51,122.76,1936,2.38,"12-Aug-2026",76,"",""
"542","BSLGOLDETF","EQ",136.88,136.88,133.82,134.53,134.38,133.55,2790558,3748.2,"12-Aug-2026",2572,"",""
"543","BSLNIFTY","EQ",28.75,29.46,28.5,28.66,28.83,28.75,726196,208.06,"12-Aug-2026",3853,"",""
"544","BSLSENETFG","EQ",80,80,78.04,78.39,78.71,79.3,3304,2.59,"12-Aug-2026",129,"",""
"545","BSOFT","EQ",320.9,321.9,312.15,313.3,312.6,320.3,1103074,3478.38,"12-Aug-2026",18139,"",""
"546","BTML","EQ",8.59,9.05,8.5,8.76,8.66,8.55,1108422,97.09,"12-Aug-2026",1580,"",""
"547","BTTL","BE",45.09,45.3,41.99,43.94,43.94,44.2,11499,4.94,"12-Aug-2026",52,"",""
"548","BUILDPRO","EQ",1269.9,1275.9,1234.3,1242.8,1236.4,1270,37351,469.29,"12-Aug-2026",2453,"",""
"549","BULKCORP","SM",63,63,63,63,63,63.95,1200,0.76,"12-Aug-2026",1,"",""
"550","BURNPUR","BE",21,21.35,20.29,20.29,20.29,21.35,38966,7.99,"12-Aug-2026",308,"",""
"551","BUTTERFLY","EQ",672.7,680,664.7,677.2,680,669.85,9716,65.24,"12-Aug-2026",961,"",""
"552","BVCL","EQ",41.79,41.79,40.8,41.25,40.81,41.41,7283,3,"12-Aug-2026",224,"",""
"553","BYKE","BE",32.99,33,31.35,31.61,32.5,32.95,93883,29.84,"12-Aug-2026",176,"",""
"554","C2C","SM",256.5,265,254.4,258.35,258.85,256.5,81300,210.25,"12-Aug-2026",337,"",""
"555","CALSOFT","BE",22.1,22.32,21.81,22.32,22.32,21.26,154567,34.34,"12-Aug-2026",396,"",""
"556","CAMLINFINE","EQ",119,119.84,107,107.94,108.3,125.5,6115766,6831.15,"12-Aug-2026",39385,"",""
"557","CAMPUS","EQ",218.99,220.1,217.1,219.03,218.99,218.82,530672,1157.64,"12-Aug-2026",8055,"",""
"558","CAMS","EQ",787,788.5,771,777.4,777.4,788,1156640,8967.37,"12-Aug-2026",34915,"",""
"559","CANARYS","SM",24.3,24.3,23,23.05,23.05,22.5,104000,24.29,"12-Aug-2026",15,"",""
"560","CANBK","EQ",130,133.11,129.6,132,132,130.3,26542679,35004.85,"12-Aug-2026",89675,"",""
"561","CANFINHOME","EQ",826,826.85,817.1,821.95,820,825.9,89754,737.69,"12-Aug-2026",6413,"",""
"562","CANHLIFE","EQ",149,150.29,146.91,147.6,147.9,149.35,388552,575.91,"12-Aug-2026",6251,"",""
"563","CANTABIL","EQ",228.09,230.6,226.6,228.63,226.6,227.6,64738,147.94,"12-Aug-2026",2627,"",""
"564","CAPACITE","EQ",211.73,211.73,208.22,209.05,208.33,211.12,161399,338.09,"12-Aug-2026",3053,"",""
"565","CAPILLARY","EQ",524,534.7,516.5,528.55,531.2,522.95,558490,2935.5,"12-Aug-2026",11814,"",""
"566","CAPINVIT","IV",75.71,76.13,75.46,75.89,76,75.31,436641,330.8,"12-Aug-2026",1847,"",""
"567","CAPITALSFB","EQ",296.9,296.9,291,291.8,291.5,295.2,7573,22.11,"12-Aug-2026",346,"",""
"568","CAPLIPOINT","EQ",2629.6,2672.1,2452,2472.4,2460,2629.6,427821,10904.73,"12-Aug-2026",57713,"",""
"569","CAPTRUST","BE",20.49,20.5,19.6,19.68,20.09,20.03,41439,8.29,"12-Aug-2026",108,"",""
"570","CARBORUNIV","EQ",1180,1196,1146.6,1154.2,1156.4,1173.8,282309,3287.22,"12-Aug-2026",28657,"",""
"571","CARERATING","EQ",1675.8,1723.3,1675.3,1687.6,1698,1688.6,44134,749.98,"12-Aug-2026",7731,"",""
"572","CARRARO","EQ",509.45,528.6,504.1,518,517,508.95,412049,2105.9,"12-Aug-2026",8812,"",""
"573","CARTRADE","EQ",2778,2789,2705,2714.6,2714.9,2763.6,165943,4547.28,"12-Aug-2026",21916,"",""
"574","CARYSIL","EQ",1205.9,1215,1171.2,1189.2,1187,1196.3,90488,1076.36,"12-Aug-2026",7336,"",""
"575","CASHIETF","EQ",1074.88,1074.9,1074.88,1074.89,1074.88,1074.75,159877,1718.51,"12-Aug-2026",68,"",""
"576","CASTROLIND","EQ",186.5,190.45,186.11,188.38,188.45,186.82,5108944,9624.27,"12-Aug-2026",35079,"",""
"577","CCAVENUE","EQ",16.5,16.6,15.85,16.05,16.1,16.42,15830282,2538.49,"12-Aug-2026",19736,"",""
"578","CCCL","EQ",15.94,15.94,15.12,15.27,15.35,15.56,167143,25.68,"12-Aug-2026",585,"",""
"579","CCHHL","EQ",12.71,12.71,12.31,12.36,12.36,12.46,12884,1.61,"12-Aug-2026",99,"",""
"580","CCL","EQ",1123.9,1140,1122,1135.5,1130.1,1123.6,93753,1059.42,"12-Aug-2026",9043,"",""
"581","CDSL","EQ",1349.8,1353.4,1333.1,1339,1339,1347,764487,10249.89,"12-Aug-2026",25395,"",""
"582","CEATLTD","EQ",3763,3773.7,3707.4,3723.1,3725,3750.2,60641,2262.27,"12-Aug-2026",9403,"",""
"583","CEDAAR","ST",16,16,16,16,16,16.7,8000,1.28,"12-Aug-2026",7,"",""
"584","CEIGALL","EQ",328.2,328.2,316.2,319.35,319.3,325.75,346338,1106.9,"12-Aug-2026",14065,"",""
"585","CEINSYS","EQ",776.65,787.3,736.35,748.6,754.95,796.05,221452,1662.5,"12-Aug-2026",14087,"",""
"586","CELEBRITY","EQ",6.98,6.98,6.85,6.86,6.93,6.91,4232,0.29,"12-Aug-2026",52,"",""
"587","CELLECOR","ST",29.35,30.85,28.6,30.3,30.4,30.1,333000,100.02,"12-Aug-2026",46,"",""
"588","CELLO","EQ",382.35,382.35,366.5,374.9,377.15,378.6,604740,2249.42,"12-Aug-2026",16408,"",""
"589","CELLPOINT","SM",16.05,16.65,16.05,16.65,16.65,16.05,2400,0.39,"12-Aug-2026",2,"",""
"590","CEMNTGROWW","EQ",15.42,15.55,15.12,15.2,15.24,15.27,113890,17.31,"12-Aug-2026",978,"",""
"591","CEMPRO","EQ",1270.9,1281.8,1249.5,1261.7,1255,1274.6,342032,4319.97,"12-Aug-2026",18558,"",""
"592","CENTENKA","EQ",605,612.4,602,604.1,602.1,604.1,87960,532.9,"12-Aug-2026",2890,"",""
"593","CENTEXT","EQ",22.03,22.16,21.01,21.11,21.01,22.03,278334,59.22,"12-Aug-2026",1398,"",""
"594","CENTRALBK","EQ",31.23,31.66,31,31.28,31.3,31.19,8874627,2782.97,"12-Aug-2026",14800,"",""
"595","CENTRUM","EQ",26.65,26.76,25,25.72,25.71,26.89,390735,100.39,"12-Aug-2026",1457,"",""
"596","CENTUM","EQ",3850,3920,3771.3,3794.7,3780.1,3821.2,41184,1586.51,"12-Aug-2026",7742,"",""
"597","CENTURYPLY","EQ",776.4,776.4,761.1,763.85,764.7,776.4,49860,381.78,"12-Aug-2026",8069,"",""
"598","CERA","EQ",6007,6033.5,5872.5,5885.5,5890,5984.5,9233,544.96,"12-Aug-2026",2545,"",""
"599","CEREBRAINT","BZ",2.69,2.79,2.61,2.7,2.71,2.74,221849,5.87,"12-Aug-2026",268,"",""
"600","CESC","EQ",160.96,162.84,160.4,162.43,162.21,161.01,720532,1163.69,"12-Aug-2026",12802,"",""
"601","CEWATER","EQ",258,266.9,254.05,261,266,275.2,247113,642.33,"12-Aug-2026",7381,"",""
"602","CGCL","EQ",235.85,237.7,226.18,228.75,229,235.46,2592162,5961.01,"12-Aug-2026",43235,"",""
"603","CGPOWER","EQ",881,888,872,888,888,881,1744914,15376.04,"12-Aug-2026",39194,"",""
"604","CGRAPHICS","SM",150,150,145.8,148.7,148.7,149.6,4800,7.12,"12-Aug-2026",6,"",""
"605","CHALET","EQ",817.2,827,811.8,822.2,824,821.2,79279,651,"12-Aug-2026",12277,"",""
"606","CHAMBLFERT","EQ",444.3,444.95,441.35,442.3,442.95,444.35,165429,732.34,"12-Aug-2026",5145,"",""
"607","CHAMUNDA","SM",42.9,42.9,41.05,41.35,41.35,40.35,9000,3.76,"12-Aug-2026",3,"",""
"608","CHANDAN","SM",240,242.4,230.6,235.1,234,240,28800,67.89,"12-Aug-2026",35,"",""
"609","CHAVDA","SM",135.65,135.7,135,135.05,135,135.1,35000,47.33,"12-Aug-2026",27,"",""
"610","CHEMBOND","BE",178.5,179.5,172.05,179.49,179.49,178.32,5152,9.14,"12-Aug-2026",64,"",""
"611","CHEMBONDCH","BE",259,274.83,253,274.82,274.83,261.75,62296,168.47,"12-Aug-2026",528,"",""
"612","CHEMCON","BE",191.6,195.7,189.5,192.3,190.01,189.55,10227,19.52,"12-Aug-2026",196,"",""
"613","CHEMFAB","BE",374.4,379.85,370.05,379.7,379.7,376.25,3387,12.62,"12-Aug-2026",37,"",""
"614","CHEMICAL","EQ",30.82,30.89,30.43,30.54,30.56,30.67,316689,96.65,"12-Aug-2026",1136,"",""
"615","CHEMPLASTS","EQ",171.99,185,171.74,182.35,181.38,171.68,834690,1506.55,"12-Aug-2026",14550,"",""
"616","CHENNPETRO","EQ",1418,1444,1370.1,1379.5,1377,1426.1,2824270,39746.92,"12-Aug-2026",81161,"",""
"617","CHETANA","ST",46.85,46.85,46.85,46.85,46.85,46.85,1600,0.75,"12-Aug-2026",1,"",""
"618","CHEVIOT","EQ",1230,1230,1152,1162.1,1152,1168.5,2233,26.42,"12-Aug-2026",400,"",""
"619","CHOICEGOLD","EQ",150.38,152.48,150.3,151.71,151.64,150.38,5616,8.5,"12-Aug-2026",133,"",""
"620","CHOICEIN","EQ",822.8,827.9,810.55,814.5,814,822.4,273711,2234.6,"12-Aug-2026",6616,"",""
"621","CHOLAFIN","EQ",1909.5,1917.6,1888.4,1917.6,1917.6,1914.4,540582,10259.53,"12-Aug-2026",30487,"",""
"622","CHOLAHLDNG","EQ",1619.4,1619.4,1400.1,1550.7,1578,1610.6,211407,3298.09,"12-Aug-2026",20263,"",""
"623","CIEINDIA","EQ",415.2,423,411,411.7,412.45,413,520775,2174.22,"12-Aug-2026",14637,"",""
"624","CIFL","EQ",22.33,22.45,21.72,21.92,22,22.12,95291,21.01,"12-Aug-2026",880,"",""
"625","CINELINE","EQ",89.9,91.1,88.3,89.34,89.2,88.03,23195,20.84,"12-Aug-2026",262,"",""
"626","CINEVISTA","EQ",15.32,15.32,14.65,14.82,14.82,15.1,7241,1.08,"12-Aug-2026",60,"",""
"627","CIPLA","EQ",1460,1468.8,1456.1,1463,1463,1463,621021,9087.45,"12-Aug-2026",45745,"",""
"628","CITIUSINVT","IV",110.65,112.76,110,110.79,112.3,110.19,180199,198.79,"12-Aug-2026",780,"",""
"629","CKKRETAIL","SM",149,149,149,149,149,145.05,800,1.19,"12-Aug-2026",1,"",""
"630","CLASSICEIL","SM",49.5,49.5,45.65,47.25,46.55,50.25,54400,25.82,"12-Aug-2026",31,"",""
"631","CLAYCRAFT","SM",162.55,164.55,159,159.8,159,165.25,37200,59.86,"12-Aug-2026",52,"",""
"632","CLCIND","BE",50,51.89,49.5,50.11,49.5,51.89,1016,0.52,"12-Aug-2026",14,"",""
"633","CLEAN","EQ",814.95,814.95,800.2,804.9,805,810,345999,2786.21,"12-Aug-2026",24012,"",""
"634","CLEANMAX","EQ",1278.9,1294.9,1230.6,1269.9,1266.4,1272.2,165891,2087.59,"12-Aug-2026",14052,"",""
"635","CLEDUCATE","BE",57.99,60.69,57.51,60,60,58.18,27032,16.15,"12-Aug-2026",108,"",""
"636","CLSEL","EQ",278,286,273.05,283.65,283.5,277.25,67158,187.44,"12-Aug-2026",1639,"",""
"637","CLSL","SM",74,74.45,74,74.45,74.45,74.5,4000,2.97,"12-Aug-2026",2,"",""
"638","CMLL","EQ",540,548,532.8,538.75,534.75,576.8,1682055,9075.13,"12-Aug-2026",27751,"",""
"639","CMNL","SM",108.1,113,108.1,109,109,111.55,77250,84.5,"12-Aug-2026",23,"",""
"640","CMPDI","EQ",251.9,253.8,244,246,246.45,250.09,1018220,2511.02,"12-Aug-2026",12744,"",""
"641","CMRGREEN","EQ",220.02,221,214.76,215.7,215.88,219.09,638667,1392.59,"12-Aug-2026",12025,"",""
"642","CMSINFO","EQ",263.05,264.45,253.4,255.6,255.2,266.1,1333828,3411.02,"12-Aug-2026",23894,"",""
"643","CNL","EQ",1130.2,1218.35,1130.2,1207.25,1205,1115.6,269539,3204.86,"12-Aug-2026",22942,"",""
"644","COALINDIA","EQ",412.6,413.7,408.2,409.3,409.3,412.6,4089147,16762.21,"12-Aug-2026",61660,"",""
"645","COASTCORP","EQ",42.49,42.71,41.25,41.65,42.25,42.32,92744,38.87,"12-Aug-2026",1213,"",""
"646","COCHINSHIP","EQ",1496,1514.9,1490,1506,1506,1496,622999,9364.77,"12-Aug-2026",25405,"",""
"647","COCKERILL","EQ",9695,9880.5,9602.5,9693.5,9696,9661.5,4817,468.09,"12-Aug-2026",1322,"",""
"648","COFFEEDAY","BE",30.59,30.63,29.7,29.91,30.17,30.46,493087,148.14,"12-Aug-2026",1296,"",""
"649","COFORGE","EQ",1819,1819.1,1780.4,1801.5,1801.5,1819,1592301,28678.88,"12-Aug-2026",53712,"",""
"650","COHANCE","EQ",465,468.35,443,444.35,443.05,463.95,517907,2333.42,"12-Aug-2026",30843,"",""
"651","COLPAL","EQ",2008,2008,1994,2005,2005,2008,318454,6378.41,"12-Aug-2026",16727,"",""
"652","COMFINTE","EQ",6.68,6.68,6.47,6.52,6.56,6.41,172071,11.26,"12-Aug-2026",378,"",""
"653","COMMITTED","ST",334,343.9,334,343.9,343.9,334.3,4000,13.46,"12-Aug-2026",3,"",""
"654","COMMOIETF","EQ",101.25,101.48,100.33,100.53,100.41,101.25,21734,21.88,"12-Aug-2026",461,"",""
"655","COMPINFO","BZ",1.07,1.12,1.06,1.07,1.07,1.07,5031,0.05,"12-Aug-2026",27,"",""
"656","COMPUSOFT","EQ",13.25,13.39,13.12,13.28,13.39,13.11,37255,4.93,"12-Aug-2026",106,"",""
"657","COMSYN","EQ",270.2,275,254.2,269.25,268.3,267.55,480470,1292.83,"12-Aug-2026",7304,"",""
"658","CONCOR","EQ",515,523.8,510.4,512.05,512.05,512,2354296,12215.24,"12-Aug-2026",48714,"",""
"659","CONCORDBIO","EQ",1435.4,1460,1424.4,1444.7,1445,1428.9,93615,1349.59,"12-Aug-2026",9789,"",""
"660","CONFIPET","EQ",78.71,78.91,72.51,73.82,73.1,78.42,4555642,3407.97,"12-Aug-2026",27702,"",""
"661","CONNPLEX","SM",201.8,202.9,201.8,202.45,202.5,202.1,16800,33.98,"12-Aug-2026",19,"",""
"662","CONS","EQ",12.56,12.56,12.39,12.45,12.46,12.55,32159,4.01,"12-Aug-2026",186,"",""
"663","CONSOFINVT","BE",274,281.9,272,278.8,278.8,274.7,2338,6.41,"12-Aug-2026",36,"",""
"664","CONSUMAXIS","EQ",125,126.27,123.92,125.92,124.8,125.3,4269,5.29,"12-Aug-2026",31,"",""
"665","CONSUMBEES","EQ",135.5,135.77,134,134.33,134.58,135.4,100635,135.24,"12-Aug-2026",1208,"",""
"666","CONSUMER","EQ",12.48,12.48,12.16,12.21,12.23,12.24,288920,35.24,"12-Aug-2026",382,"",""
"667","CONSUMIETF","EQ",125.77,125.78,124.49,124.84,125.4,125.92,44894,56.09,"12-Aug-2026",226,"",""
"668","CONTROLPR","EQ",563.7,571.3,563.7,567.5,566.5,569.7,17218,97.64,"12-Aug-2026",2150,"",""
"669","COOLCAPS","ST",20.8,21.5,19.8,20.95,21.5,20.8,85000,17.39,"12-Aug-2026",45,"",""
"670","CORALFINAC","EQ",32.74,33.99,32.51,32.86,33.15,33.34,171223,57.08,"12-Aug-2026",1099,"",""
"671","CORDELIA","EQ",833.75,837.5,818.45,825.5,821.5,833.75,82363,680.37,"12-Aug-2026",4033,"",""
"672","CORDSCABLE","BE",229,235,226,232.92,233,226.83,85496,198.17,"12-Aug-2026",691,"",""
"673","COROMANDEL","EQ",2074.7,2085.9,2052,2073.3,2079.5,2085.2,105488,2179.36,"12-Aug-2026",10098,"",""
"674","CORONA","EQ",2099,2144.9,2099,2135.9,2129.8,2101.7,16664,355.33,"12-Aug-2026",2912,"",""
"675","COSMOFIRST","EQ",939.65,944.45,902,909,912.55,930.3,70892,654.12,"12-Aug-2026",5399,"",""
"676","COUNCODOS","BE",5.83,6.05,5.83,5.96,5.98,6.04,21621,1.28,"12-Aug-2026",104,"",""
"677","CPCAP","EQ",115.2,134.8,115.2,131.81,134,116.12,221023,286.24,"12-Aug-2026",3618,"",""
"678","CPEDU","EQ",210.2,215,209,213.53,214.5,212.86,7478,15.95,"12-Aug-2026",292,"",""
"679","CPL","EQ",70,70.4,68.4,69.86,69.5,70,24042,16.61,"12-Aug-2026",515,"",""
"680","CPPLUS","EQ",3817,3965,3770.1,3899.1,3900,3805.5,287366,11162.32,"12-Aug-2026",38051,"",""
"681","CPS","SM",1040,1040,1040,1040,1040,1040,450,4.68,"12-Aug-2026",1,"",""
"682","CPSEETF","EQ",93.84,94.98,93.21,93.86,93.95,93.84,1031400,965.48,"12-Aug-2026",7654,"",""
"683","CRAFTSMAN","EQ",10360,10723,10326,10511,10550,10294,71285,7545.47,"12-Aug-2026",16130,"",""
"684","CRAMC","EQ",257,259.85,255.65,258.4,257.8,256.65,249804,644.67,"12-Aug-2026",8285,"",""
"685","CREATIVEYE","EQ",6.24,6.24,5.76,6.02,6.15,6.26,32020,1.93,"12-Aug-2026",212,"",""
"686","CREDITACC","EQ",1540,1560,1535,1545.4,1543,1540.3,310316,4807.35,"12-Aug-2026",16882,"",""
"687","CREST","EQ",371,374.8,360,363.35,366,368.65,5853,21.59,"12-Aug-2026",247,"",""
"688","CRISIL","EQ",4508.6,4522.8,4450,4507.1,4486,4480.8,28123,1265.41,"12-Aug-2026",6558,"",""
"689","CRIZAC","EQ",185.4,186.26,180.01,182.52,181.05,185.33,259977,472.3,"12-Aug-2026",6095,"",""
"690","CROMPTON","EQ",246,248.35,241.55,247.85,247.85,245.4,1952319,4777.7,"12-Aug-2026",20867,"",""
"691","CROWN","EQ",107.1,108.65,105.76,107.29,107.33,107.6,5045,5.38,"12-Aug-2026",172,"",""
"692","CSBBANK","EQ",326.05,326.2,317,319.2,319,324.55,247247,788.54,"12-Aug-2026",10728,"",""
"693","CSLFINANCE","EQ",225,228.49,219.99,224.18,225,224.21,24973,55.74,"12-Aug-2026",527,"",""
"694","CSM","EQ",101.84,102.88,101.11,101.79,102.45,102.72,149206,152.4,"12-Aug-2026",1190,"",""
"695","CSSL","SM",101,101,101,101,101,101,1000,1.01,"12-Aug-2026",1,"",""
"696","CTE","EQ",37.6,37.68,36.6,37.02,37,37.67,4567,1.69,"12-Aug-2026",46,"",""
"697","CUB","EQ",214,218.6,212.38,215.85,214.75,213.69,1867608,4046.34,"12-Aug-2026",34260,"",""
"698","CUBEINVIT","IV",159,159.5,158.6,159.09,159.05,158.98,745312,1185.07,"12-Aug-2026",38049,"",""
"699","CUBEXTUB","EQ",79.79,81.19,79,79.11,79.34,79.79,42146,33.69,"12-Aug-2026",1170,"",""
"700","CUDML","ST",114.05,114.05,114.05,114.05,114.05,120.05,32000,36.5,"12-Aug-2026",19,"",""
"701","CUMMINSIND","EQ",5366.5,5406.5,5330,5365,5365,5378.5,554039,29655.96,"12-Aug-2026",38867,"",""
"702","CUPID","EQ",281,290,279.42,289.87,290,276.65,48203967,138486.28,"12-Aug-2026",274197,"",""
"703","CURAA","EQ",73.55,75.5,73,73.71,75.5,73.55,93,0.07,"12-Aug-2026",8,"",""
"704","CYBERMEDIA","BE",16,16.34,16,16.28,16.3,16.34,5667,0.92,"12-Aug-2026",17,"",""
"705","CYBERTECH","BE",136.39,138,134,135.04,134,136.39,15002,20.33,"12-Aug-2026",258,"",""
"706","CYIENT","EQ",854.3,862.6,839,840.5,842,853.4,226541,1917.33,"12-Aug-2026",13249,"",""
"707","CYIENTDLM","EQ",712.1,715,682.05,688.95,688,709,370815,2585.28,"12-Aug-2026",17907,"",""
"708","DABUR","EQ",412.65,413.1,405.05,411.25,411.25,412.65,1677000,6834.91,"12-Aug-2026",40426,"",""
"709","DAICHI","EQ",332.85,332.85,308.25,311.25,310,319.9,1061,3.32,"12-Aug-2026",52,"",""
"710","DALBHARAT","EQ",1835.6,1844,1812,1841.4,1841.4,1835.6,89855,1642.91,"12-Aug-2026",6786,"",""
"711","DALMIASUG","EQ",408.3,411.9,398.05,410.1,411.75,408.3,210455,853.69,"12-Aug-2026",5106,"",""
"712","DAMCAPITAL","EQ",145,148.4,144.78,146.15,145.8,152.38,577422,844.56,"12-Aug-2026",7127,"",""
"713","DAMODARIND","BE",28.37,28.8,27.65,28.62,27.75,28.45,570,0.16,"12-Aug-2026",21,"",""
"714","DANGEE","EQ",2.98,3.07,2.95,2.96,2.95,2.98,29185,0.87,"12-Aug-2026",93,"",""
"715","DANISH","SM",777,784.9,755.05,762.1,757.1,769.35,20250,155.84,"12-Aug-2026",116,"",""
"716","DATAMATICS","EQ",865.5,872.25,851.3,862.95,857.7,862.7,225886,1936.61,"12-Aug-2026",5428,"",""
"717","DATAPATTNS","EQ",4403,4546.1,4399.9,4491,4504,4391.6,836820,37602.24,"12-Aug-2026",76983,"",""
"718","DAVANGERE","EQ",3.08,3.12,3.06,3.09,3.09,3.09,2779300,85.76,"12-Aug-2026",2937,"",""
"719","DBCORP","EQ",212.5,215.43,209.37,212.22,211.5,211.86,116431,247.11,"12-Aug-2026",2219,"",""
"720","DBEIL","BE",7.09,7.3,7.07,7.14,7.2,7.18,168303,12.06,"12-Aug-2026",333,"",""
"721","DBL","EQ",422.3,423.8,411.6,414.95,414,422.2,280623,1165.65,"12-Aug-2026",7520,"",""
"722","DBOL","EQ",113.62,117,113.62,114.11,113.81,114.64,36778,42.13,"12-Aug-2026",1195,"",""
"723","DBREALTY","EQ",114.8,115.5,112.51,113.27,113.45,114.17,346535,392.19,"12-Aug-2026",1559,"",""
"724","DBSTOCKBRO","BE",32.11,33.99,32.1,32.44,32.35,33.24,42250,13.64,"12-Aug-2026",50,"",""
"725","DCAL","EQ",193.43,193.9,186.5,191.15,190.74,193.43,233026,443.15,"12-Aug-2026",4437,"",""
"726","DCBBANK","EQ",186.05,191.73,186,188.24,187.7,185.02,984286,1863.01,"12-Aug-2026",13403,"",""
"727","DCCL","SM",49.5,49.5,49.5,49.5,49.5,47,8000,3.96,"12-Aug-2026",1,"",""
"728","DCG","SM",54.5,54.75,54,54.7,54.75,54.5,10800,5.87,"12-Aug-2026",9,"",""
"729","DCI","EQ",355.05,358.75,352.05,352.2,352.05,353,26636,94.47,"12-Aug-2026",746,"",""
"730","DCM","BE",81.25,83.75,81.25,82.17,82.05,83.75,372,0.31,"12-Aug-2026",24,"",""
"731","DCMFINSERV","EQ",5.59,5.59,4.95,5.09,5.11,5.13,37587,2.03,"12-Aug-2026",141,"",""
"732","DCMNVL","EQ",181.63,181.63,172.1,179.26,179.9,172.99,190940,342.06,"12-Aug-2026",1093,"",""
"733","DCMSHRIRAM","EQ",1010,1013,991,993.7,992,1007,47991,480.88,"12-Aug-2026",6989,"",""
"734","DCMSIL","BE",82.06,82.06,79,81.38,81.7,82.06,31656,25.33,"12-Aug-2026",204,"",""
"735","DCMSRIND","EQ",43.23,43.29,42,42.98,43.2,43.17,87842,37.68,"12-Aug-2026",718,"",""
"736","DCW","EQ",46.7,46.8,45.88,45.97,45.92,46.62,643999,297.28,"12-Aug-2026",2336,"",""
"737","DCXINDIA","EQ",178.02,180.63,175.5,177.01,178,178.02,372578,660.76,"12-Aug-2026",6021,"",""
"738","DDEVPLSTIK","EQ",290.25,303.9,288.55,290.85,290.95,290.3,227613,671.65,"12-Aug-2026",6369,"",""
"739","DECCANCE","EQ",565,570,525,549.9,554.9,558.5,98210,530.43,"12-Aug-2026",2442,"",""
"740","DECCANTRAN","SM",23,23,22.3,22.3,22.3,22.35,7200,1.63,"12-Aug-2026",5,"",""
"741","DECNGOLD","EQ",223.09,229,218.6,220.35,219,221.31,3120188,6993,"12-Aug-2026",31033,"",""
"742","DEEDEV","EQ",632,642,613.3,638.7,638,623.2,190766,1207,"12-Aug-2026",4027,"",""
"743","DEEM","ST",43.2,43.2,43.15,43.15,43.15,45.4,7000,3.02,"12-Aug-2026",7,"",""
"744","DEEPAKFERT","EQ",1503,1504,1450.6,1455.7,1452.5,1498,332955,4886.91,"12-Aug-2026",21932,"",""
"745","DEEPAKNTR","EQ",1779.8,1781,1711,1718.4,1713,1784.8,337575,5870.39,"12-Aug-2026",24838,"",""
"746","DEEPINDS","EQ",675,699,650,696.1,693.3,670.05,782421,5326.19,"12-Aug-2026",23214,"",""
"747","DEFENCE","EQ",80.69,81.09,80,80.68,80.74,80.69,160587,129.37,"12-Aug-2026",679,"",""
"748","DELAPLEX","SM",87,87,85,86,86,87,4800,4.12,"12-Aug-2026",7,"",""
"749","DELHIVERY","EQ",475.3,475.3,466.8,470.25,470.25,473.45,6123936,28684.89,"12-Aug-2026",58771,"",""
"750","DELPHIFX","BE",6.7,7.03,6.6,6.67,6.75,6.7,42491,2.87,"12-Aug-2026",149,"",""
"751","DELTACORP","EQ",64,64.01,60.39,60.71,60.5,63.27,2262213,1390.39,"12-Aug-2026",10847,"",""
"752","DELTAMAGNT","EQ",59.78,59.78,57.5,58.14,57.5,59.83,1222,0.71,"12-Aug-2026",56,"",""
"753","DELTIC","SM",35.7,36.5,35.2,35.5,35.5,35.6,12000,4.29,"12-Aug-2026",6,"",""
"754","DEN","EQ",27.3,27.3,26.74,26.99,26.96,27.21,397173,107.2,"12-Aug-2026",1716,"",""
"755","DENEERS","SM",170.5,170.5,160,163.25,160,169.25,44400,73.94,"12-Aug-2026",67,"",""
"756","DENORA","EQ",864,883.65,821.65,846.3,841.6,874.55,10603,90.41,"12-Aug-2026",885,"",""
"757","DENTA","EQ",332.35,334.15,322.25,323.1,323.75,332.55,146211,476.24,"12-Aug-2026",4626,"",""
"758","DENTALKART","SM",406,420.05,389,394.25,389,406.35,28000,114.31,"12-Aug-2026",77,"",""
"759","DEVIT","EQ",27.2,27.72,26.8,27.14,27.14,27.09,14615,3.96,"12-Aug-2026",186,"",""
"760","DEVX","EQ",36.08,36.08,34.56,34.99,35,35.76,94481,33.43,"12-Aug-2026",796,"",""
"761","DEVYANI","EQ",142.1,142.1,137,140.21,139.55,142.79,5819096,8127.14,"12-Aug-2026",32585,"",""
"762","DGCONTENT","EQ",25.5,25.77,24.81,24.87,24.84,25.53,50112,12.82,"12-Aug-2026",203,"",""
"763","DHAMPURSUG","EQ",158.1,162.77,156.01,159.23,159,158,462905,740.39,"12-Aug-2026",7291,"",""
"764","DHANBANK","EQ",32.73,32.93,32.41,32.5,32.6,32.73,271833,88.5,"12-Aug-2026",1173,"",""
"765","DHANSA","SM",20.5,20.5,20.5,20.5,20.5,20.5,2000,0.41,"12-Aug-2026",1,"",""
"766","DHANUKA","EQ",1040.4,1040.4,1018.1,1026.7,1028.8,1040.4,19166,196.47,"12-Aug-2026",3026,"",""
"767","DHARAN","BZ",0.16,0.16,0.14,0.15,0.16,0.15,42856102,67.82,"12-Aug-2026",1687,"",""
"768","DHARARAIL","ST",137.65,140,136,140,140,135.8,14000,19.25,"12-Aug-2026",12,"",""
"769","DHARIWAL","SM",24.5,24.9,22.5,22.5,22.5,24.95,417000,95.38,"12-Aug-2026",113,"",""
"770","DHARMAJ","EQ",279.85,284.4,273.15,278.45,280.2,280,106140,296.75,"12-Aug-2026",1873,"",""
"771","DHRUV","EQ",23.8,25.3,23,23.17,23,24.18,4568,1.06,"12-Aug-2026",70,"",""
"772","DHUNINV","EQ",988,988,961.15,972.2,980,964.7,1935,18.76,"12-Aug-2026",161,"",""
"773","DIACABS","BE",367,379,362,367.95,368,362,1355550,5035.91,"12-Aug-2026",12980,"",""
"774","DIAMINESQ","EQ",243.17,249.9,239.5,240.72,241.2,243.39,11124,26.93,"12-Aug-2026",451,"",""
"775","DIAMONDYD","EQ",1229,1229,1175.5,1192.6,1199.8,1207.5,27823,332.27,"12-Aug-2026",2303,"",""
"776","DICIND","EQ",529.95,529.95,497.65,505.8,513,511,1481,7.45,"12-Aug-2026",183,"",""
"777","DIFFNKG","EQ",384,385,356.75,362.6,363.65,372.85,445456,1634.8,"12-Aug-2026",14659,"",""
"778","DIGIDRIVE","EQ",18.38,18.44,17.62,17.79,17.96,17.79,31657,5.72,"12-Aug-2026",218,"",""
"779","DIGIKORE","SM",40.4,42.55,39.8,41.7,42.2,38.75,202000,83.09,"12-Aug-2026",257,"",""
"780","DIGISPICE","EQ",17.01,17.48,16.88,17.16,17.2,17.33,81288,13.86,"12-Aug-2026",151,"",""
"781","DIGITIDE","EQ",101.8,104.7,99.5,103.86,103.83,102.37,354509,362.84,"12-Aug-2026",3376,"",""
"782","DIGJAMLMTD","EQ",48.59,49.9,48.2,48.92,49.29,48.88,7275,3.55,"12-Aug-2026",65,"",""
"783","DISAQ","EQ",12017,12100,11580,11622,11651,12023,697,81.77,"12-Aug-2026",221,"",""
"784","DISHTV","EQ",2.83,2.83,2.75,2.81,2.83,2.81,876451,24.48,"12-Aug-2026",2546,"",""
"785","DIVGIITTS","EQ",1188.8,1288,1176.95,1231.95,1225,1076.4,2717226,33738.43,"12-Aug-2026",122349,"",""
"786","DIVIDEND","EQ",36.36,36.49,36.05,36.12,36.2,36.23,7857,2.85,"12-Aug-2026",54,"",""
"787","DIVINEHIRA","ST",108,108.5,105.3,106.8,108.3,106.85,44400,47.87,"12-Aug-2026",11,"",""
"788","DIVISLAB","EQ",8630,8674,8471.5,8600,8600,8578.5,559195,47950.95,"12-Aug-2026",49507,"",""
"789","DIVOPPBEES","EQ",80.6,80.6,78.3,79.25,79.92,79.56,38315,30.36,"12-Aug-2026",692,"",""
"790","DIXON","EQ",14061,14090,13670,13800,13800,14023,325889,44888.77,"12-Aug-2026",45776,"",""
"791","DJML","EQ",109.59,110.37,101.1,103.58,102.49,108.51,187294,196.42,"12-Aug-2026",2878,"",""
"792","DLF","EQ",653,661.75,644.55,661.75,661.75,650.1,2681958,17487.52,"12-Aug-2026",68828,"",""
"793","DLINKINDIA","EQ",435,435,422.85,425.95,423,432.45,90711,387.26,"12-Aug-2026",3902,"",""
"794","DMART","EQ",4035,4068.9,4020,4040,4040,4054.9,336886,13612.97,"12-Aug-2026",26077,"",""
"795","DMCC","EQ",300.05,306.85,295.8,299.3,302.9,302.15,120683,361.54,"12-Aug-2026",3826,"",""
"796","DNAMEDIA","EQ",2.81,2.81,2.61,2.72,2.7,2.78,23777,0.65,"12-Aug-2026",104,"",""
"797","DODLA","EQ",1054,1054,1038,1043.6,1042,1043.8,17436,181.99,"12-Aug-2026",6119,"",""
"798","DOLATALGO","EQ",70.15,71.2,69.1,69.81,69.79,70.18,79161,55.48,"12-Aug-2026",1248,"",""
"799","DOLLAR","EQ",290,293,274.65,277.3,278.9,288.65,232706,656.12,"12-Aug-2026",5489,"",""
"800","DOLLEX","SM",31.7,32.8,31,32.15,32.35,31.7,164000,51.46,"12-Aug-2026",20,"",""
"801","DOLPHIN","EQ",446,500,436.15,494.35,497.1,440.55,654932,3001.71,"12-Aug-2026",6469,"",""
"802","DOMS","EQ",2231.8,2247,2219.3,2242,2238.1,2231.8,24235,541.65,"12-Aug-2026",3358,"",""
"803","DONEAR","EQ",84,85.25,82.16,85,85,83.62,19300,16.24,"12-Aug-2026",279,"",""
"804","DPABHUSHAN","EQ",1470,1526.9,1395,1417.1,1421.1,1466.9,56163,805.88,"12-Aug-2026",4253,"",""
"805","DPEL","SM",533.9,565,532,559.75,561,528.2,49500,273.55,"12-Aug-2026",94,"",""
"806","DPSCLTD","BE",7.55,7.55,7.32,7.34,7.35,7.55,107262,7.93,"12-Aug-2026",413,"",""
"807","DPWIRES","BE",166.92,167.89,164,166.79,166.89,166.92,8365,13.81,"12-Aug-2026",111,"",""
"808","DRAGARWQ","EQ",5213,5475,5170,5311.5,5470,5314.5,2938,154.88,"12-Aug-2026",727,"",""
"809","DRCSYSTEMS","EQ",13.19,13.19,12.52,12.81,12.9,12.76,40002,5.15,"12-Aug-2026",319,"",""
"810","DREAMFOLKS","EQ",68.12,69.89,68.05,69.15,68.65,69.1,36476,25.01,"12-Aug-2026",930,"",""
"811","DREDGECORP","EQ",1059.5,1067.9,1027.7,1036.8,1050,1059.2,80369,836.6,"12-Aug-2026",4069,"",""
"812","DRONE","SM",39.15,39.15,38,38.1,38.05,39.4,27500,10.51,"12-Aug-2026",47,"",""
"813","DRREDDY","EQ",1206.8,1206.8,1190,1200,1200,1205,2366909,28370.58,"12-Aug-2026",64114,"",""
"814","DSFCL","BE",25.65,25.65,24.99,25.65,25.65,25.5,10669,2.71,"12-Aug-2026",53,"",""
"815","DSSL","EQ",1240.2,1258.3,1222.8,1238.9,1244,1239.8,19100,235.71,"12-Aug-2026",1847,"",""
"816","DTIL","EQ",137.95,143.5,134.1,140.5,142,138.44,20502,28.66,"12-Aug-2026",549,"",""
"817","DTL","SM",116,116,116,116,116,116,1200,1.39,"12-Aug-2026",1,"",""
"818","DUCOL","SM",109,109,107,107,107,108.8,1600,1.73,"12-Aug-2026",2,"",""
"819","DUCON","EQ",3.28,3.29,3.1,3.14,3.15,3.22,107494,3.39,"12-Aug-2026",382,"",""
"820","DUGLOBAL","SM",25,25,25,25,25,24.95,2500,0.63,"12-Aug-2026",1,"",""
"821","DURLAX","SM",52.1,58,52.1,56.85,55.85,54.7,212000,119.12,"12-Aug-2026",95,"",""
"822","DVL","EQ",289.6,290.7,264.81,270.6,272,287.81,35608,98.06,"12-Aug-2026",1377,"",""
"823","DWARKESH","EQ",41.48,42.22,41.13,41.56,41.6,41.68,683122,284.67,"12-Aug-2026",3036,"",""
"824","DYCL","EQ",445.95,464.95,440,454,453.85,441.2,1716733,7812.78,"12-Aug-2026",42505,"",""
"825","DYNAMATECH","EQ",10536,10828,10467,10674,10652,10600,29877,3201.01,"12-Aug-2026",14416,"",""
"826","DYNAMIC","ST",134.2,136.25,130.1,132.25,136.25,134.2,8500,11.23,"12-Aug-2026",15,"",""
"827","DYNPRO","EQ",262.15,267,260.5,262.1,263.5,260.1,9164,24.1,"12-Aug-2026",388,"",""
"828","E2E","BE",630.55,657.4,602.2,631.4,633,627.4,1123508,7104.78,"12-Aug-2026",16330,"",""
"829","E2ERAIL","ST",263.9,263.9,250.75,254.5,252.8,263.9,38400,97.97,"12-Aug-2026",47,"",""
"830","EASEMYTRIP","EQ",6.58,6.6,6.42,6.47,6.49,6.58,19904320,1290.69,"12-Aug-2026",9367,"",""
"831","EASTSILK","BE",69.45,69.45,65.98,65.98,65.98,69.45,904,0.61,"12-Aug-2026",27,"",""
"832","EBANK10","EQ",16.96,16.96,16.82,16.86,16.86,16.8,194,0.03,"12-Aug-2026",11,"",""
"833","EBANKNIFTY","EQ",57.77,58.36,57.77,58.32,58.32,58,225,0.13,"12-Aug-2026",24,"",""
"834","EBBETF0430","EQ",1619,1619,1610.01,1615.08,1616.99,1614.73,7537,121.7,"12-Aug-2026",256,"",""
"835","EBBETF0431","EQ",1434.11,1443.95,1433.92,1442.62,1443.25,1441.12,10457,150.83,"12-Aug-2026",104,"",""
"836","EBBETF0433","EQ",1327.7,1327.7,1318.01,1322.42,1322.45,1321.09,5757,76.07,"12-Aug-2026",129,"",""
"837","EBGNG","EQ",584,584,562.1,574.35,578,572.55,395288,2257.18,"12-Aug-2026",15742,"",""
"838","ECAPINSURE","EQ",23.78,23.78,23.54,23.68,23.7,23.66,35904,8.49,"12-Aug-2026",198,"",""
"839","ECLERX","EQ",1806,1822,1781.4,1810.2,1812,1795.6,98896,1787.14,"12-Aug-2026",10032,"",""
"840","ECOLINE","ST",193,193,185,189.25,190,191.85,18000,34.2,"12-Aug-2026",14,"",""
"841","ECOSMOBLTY","BE",129.12,132.4,125.76,125.76,125.76,132.37,117256,148.8,"12-Aug-2026",1019,"",""
"842","EDELWEISS","EQ",119.37,120.3,117.41,118.9,118.76,119.08,1403486,1663.96,"12-Aug-2026",12236,"",""
"843","EEPL","SM",155.5,155.5,140.75,145.05,144.75,156.35,177000,259.28,"12-Aug-2026",149,"",""
"844","EFACTOR","SM",185.5,202,185.5,189.95,189.9,185.35,7600,14.85,"12-Aug-2026",19,"",""
"845","EFCIL","EQ",177.6,182.32,175.41,178.02,179.4,177.84,449243,802.4,"12-Aug-2026",4562,"",""
"846","EFFWA","ST",366,366,354,360,360,366.4,16400,58.86,"12-Aug-2026",35,"",""
"847","EFORCE","SM",20.35,20.95,20.35,20.9,20.9,20.95,10800,2.25,"12-Aug-2026",6,"",""
"848","EGOLD","EQ",152.15,153.2,151.85,152.9,153,151.75,67385,102.94,"12-Aug-2026",535,"",""
"849","EICHERMOT","EQ",8000.5,8049,7940,8049,8049,8000,317282,25364.29,"12-Aug-2026",34031,"",""
"850","EIDPARRY","EQ",788,791.85,759,772.5,771,788.5,733425,5661.73,"12-Aug-2026",32641,"",""
"851","EIEL","EQ",212,212.89,200.84,203.13,203.4,213.97,2468285,5033,"12-Aug-2026",30260,"",""
"852","EIFFL","BE",311.55,311.55,282.1,293.75,297,296.85,23369,69.03,"12-Aug-2026",182,"",""
"853","EIHAHOTELS","EQ",296.95,296.95,291.5,292.85,293,295,9539,28.02,"12-Aug-2026",944,"",""
"854","EIHOTEL","EQ",300.35,302.5,297.7,298.5,298.05,302.35,142176,425.14,"12-Aug-2026",7514,"",""
"855","EIMCOELECO","EQ",1814,1814,1782,1795.1,1785.6,1806.4,6527,117.17,"12-Aug-2026",1098,"",""
"856","EKC","EQ",112,113.3,111.5,112.19,111.5,113.62,92282,103.73,"12-Aug-2026",1616,"",""
"857","ELANTAS","EQ",11840,11840,10880,11443.5,11401,11657.5,4628,525.19,"12-Aug-2026",1908,"",""
"858","ELCIDIN","EQ",113000,113000,109160,112500,112750,112150,25,27.98,"12-Aug-2026",23,"",""
"859","ELDEHSG","EQ",764.5,768.75,741.5,750.3,748.8,764.5,1254,9.49,"12-Aug-2026",85,"",""
"860","ELECON","EQ",433.3,443.1,428,441.45,441.2,436.4,486802,2118.26,"12-Aug-2026",16367,"",""
"861","ELECTCAST","EQ",73.6,74.3,71.92,73.56,73.97,73.56,1539684,1126.46,"12-Aug-2026",12303,"",""
"862","ELECTHERM","EQ",1016.2,1045,1001.4,1012.4,1014.9,1018.5,6998,71.06,"12-Aug-2026",695,"",""
"863","ELGIEQUIP","EQ",572,583.2,572,575.55,572.5,573.85,351146,2030.7,"12-Aug-2026",14518,"",""
"864","ELGIRUBCO","EQ",60.23,61.19,57.01,58.81,58.62,60.19,83761,49.82,"12-Aug-2026",1475,"",""
"865","ELGNZ","SM",91.5,91.5,85.2,87.8,87.7,88.15,22000,19.48,"12-Aug-2026",17,"",""
"866","ELIN","EQ",94.07,101,94,97.79,99,94.25,463918,454.27,"12-Aug-2026",6964,"",""
"867","ELIQUID","EQ",1043.25,1043.27,1043.25,1043.25,1043.25,1043.14,52864,551.5,"12-Aug-2026",19,"",""
"868","ELITECON","EQ",17.43,17.91,16.6,16.96,16.81,17.44,1943493,333.46,"12-Aug-2026",5013,"",""
"869","ELLEN","EQ",295,323.8,286.7,323.8,323.8,294.4,3412223,10830.67,"12-Aug-2026",31244,"",""
"870","ELM250","EQ",16.9,17.11,16.8,16.83,16.99,17.05,49292,8.31,"12-Aug-2026",295,"",""
"871","ELMDIV","EQ",37.63,37.63,36.13,36.75,36.5,36.89,6045,2.24,"12-Aug-2026",56,"",""
"872","ELPROINTL","EQ",174,178,174,174.49,174.37,174.84,34121,59.58,"12-Aug-2026",346,"",""
"873","EMAMILTD","EQ",402.3,402.5,395.9,397.25,396.35,402.3,407075,1620.21,"12-Aug-2026",21854,"",""
"874","EMAMIPAP","BE",115,115,110.6,112,111.06,112.35,20453,22.83,"12-Aug-2026",219,"",""
"875","EMAMIREAL","EQ",75,78.27,75,76.82,76.8,75.87,7929,6.08,"12-Aug-2026",63,"",""
"876","EMAPARTNER","SM",82.5,82.5,79.75,80.5,80.5,82.95,11000,8.87,"12-Aug-2026",11,"",""
"877","EMBASSY","RR",441,443.8,438.4,439.47,439.79,439.95,433095,1910.17,"12-Aug-2026",13702,"",""
"878","EMBDL","EQ",65,65.1,61.45,61.96,62,64.72,3861184,2419.69,"12-Aug-2026",16886,"",""
"879","EMCURE","EQ",2008.6,2023,1983.3,2009.6,2001,1998.7,214106,4310.23,"12-Aug-2026",21083,"",""
"880","EMETAL","EQ",13.17,13.27,13.14,13.21,13.25,13.11,4123,0.54,"12-Aug-2026",34,"",""
"881","EMIL","EQ",185.02,195,183.01,193.61,193,184.75,31604982,60155.11,"12-Aug-2026",144256,"",""
"882","EMKAY","EQ",238.99,250.9,234.95,246.85,245.02,238.99,48493,117.06,"12-Aug-2026",823,"",""
"883","EMKAYTOOLS","SM",88.25,92,88.25,90,90,88.05,1350,1.21,"12-Aug-2026",8,"",""
"884","EMMBI","BE",84.93,85.77,83.16,85,85,84.09,19724,16.57,"12-Aug-2026",24,"",""
"885","EMMIL","SM",120.85,121,117.05,119.5,119.5,120.85,5500,6.59,"12-Aug-2026",17,"",""
"886","EMMVEE","EQ",319,319.55,313.45,317.2,318.05,318.4,895867,2832.99,"12-Aug-2026",18378,"",""
"887","EMPOWER","BE",2.09,2.31,2.09,2.3,2.31,2.2,6683163,149.13,"12-Aug-2026",2535,"",""
"888","EMSLIMITED","EQ",392,395.4,380.2,382,381.25,393.9,174831,674.19,"12-Aug-2026",5700,"",""
"889","EMUDHRA","EQ",525.95,529.85,512.1,522.65,521.5,525.75,104577,545.21,"12-Aug-2026",5792,"",""
"890","EMULTIMQ","EQ",41.98,42.23,41.98,42.19,42.2,41.95,35037,14.76,"12-Aug-2026",147,"",""
"891","ENCOMPAS","SM",240.45,242.6,239.35,242.6,242.6,239.35,2800,6.76,"12-Aug-2026",5,"",""
"892","ENDURANCE","EQ",3006,3029,2984.2,3019.7,3028,2987.8,139376,4189.58,"12-Aug-2026",17169,"",""
"893","ENERGY","EQ",39.66,39.66,38.65,38.92,38.99,38.88,125233,48.64,"12-Aug-2026",812,"",""
"894","ENERGYDEV","EQ",16.08,17.24,16.08,16.72,16.79,16,62579,10.58,"12-Aug-2026",369,"",""
"895","ENEXT50","EQ",74.57,74.57,74.15,74.48,74.48,74.2,646,0.48,"12-Aug-2026",10,"",""
"896","ENFUSE","SM",190,190,178,178,178,169.95,1200,2.21,"12-Aug-2026",2,"",""
"897","ENGINERSIN","EQ",243.35,246.8,238,239.2,239,242.99,1264836,3056.03,"12-Aug-2026",19679,"",""
"898","ENIFTY","EQ",23.98,24.72,23.98,24.65,24.7,24.6,7803,1.92,"12-Aug-2026",66,"",""
"899","ENIL","EQ",102.02,102.98,100.5,101.33,101.31,101.59,51252,51.82,"12-Aug-2026",556,"",""
"900","ENRIN","EQ",3582,3612,3488,3562.1,3580,3563.8,445189,15758.97,"12-Aug-2026",50632,"",""
"901","ENSER","SM",13.8,14.4,13.05,14.35,14.35,13.8,25000,3.48,"12-Aug-2026",5,"",""
"902","ENTERO","EQ",1425.1,1459.8,1406.4,1420.3,1425,1427.2,234703,3361.22,"12-Aug-2026",19046,"",""
"903","ENVIRO","SM",76.95,76.95,73.5,75,75,76.95,45000,33.48,"12-Aug-2026",40,"",""
"904","EPACK","EQ",225,226,209.76,212.22,213,227.27,1222863,2651.49,"12-Aug-2026",18670,"",""
"905","EPACKPEB","EQ",247.15,248.5,234.1,236.4,237.5,247.15,893994,2140.57,"12-Aug-2026",11877,"",""
"906","EPIGRAL","EQ",1112,1120,1097.3,1101,1098.4,1106.9,21285,234.79,"12-Aug-2026",1763,"",""
"907","EPL","EQ",244.27,259.83,236.29,243.64,241.96,235.78,15355500,38176.04,"12-Aug-2026",161719,"",""
"908","EPWINDIA","ST",230,230,230,230,230,236.2,10800,24.84,"12-Aug-2026",5,"",""
"909","EQUAL200","EQ",14.07,14.08,13.99,14.04,14.05,14.07,206225,28.86,"12-Aug-2026",64,"",""
"910","EQUAL50","EQ",339.1,339.45,336.5,337.69,337.69,339.49,8827,29.83,"12-Aug-2026",32,"",""
"911","EQUAL50ADD","EQ",352.1,352.16,347.57,348.06,349.21,351.05,14172,49.39,"12-Aug-2026",3728,"",""
"912","EQUIPPP","BE",20.24,21.1,20.18,20.25,20.8,21.24,38681,7.85,"12-Aug-2026",86,"",""
"913","EQUITASBNK","EQ",74.6,74.78,73.5,74.57,74.53,74.78,1185790,880.65,"12-Aug-2026",9868,"",""
"914","ERIS","EQ",1395,1395,1341.3,1351.7,1350.9,1390.3,67924,921.95,"12-Aug-2026",12212,"",""
"915","ESABINDIA","EQ",6312,6400,5951,6023,5991,5820.5,66506,4055.89,"12-Aug-2026",18280,"",""
"916","ESAFSFB","BE",38.43,40.4,36.57,39.83,39.65,38.49,1687946,641.17,"12-Aug-2026",3037,"",""
"917","ESCONET","SM",190,190,163.95,176.35,179.8,182.15,79600,138.97,"12-Aug-2026",175,"",""
"918","ESCORTS","EQ",3128.9,3131,3097.5,3126,3119,3107,92021,2866.04,"12-Aug-2026",10082,"",""
"919","ESENSEX","EQ",78.96,79.04,77.91,78.99,79,78.96,2970,2.32,"12-Aug-2026",13,"",""
"920","ESFL","SM",127.8,130.1,127,129.25,130,124.95,16200,20.81,"12-Aug-2026",43,"",""
"921","ESG","EQ",42.14,42.22,41.8,42.06,42.1,42.23,56367,23.7,"12-Aug-2026",125,"",""
"922","ESILVER","EQ",233.56,236.3,232.46,236.29,234.93,231.75,422704,997.86,"12-Aug-2026",1609,"",""
"923","ESPRIT","SM",67,68.25,67,67.45,67.45,66.05,8000,5.4,"12-Aug-2026",5,"",""
"924","ESSARSHPNG","EQ",20,20,19.4,19.57,19.74,19.71,117294,23.1,"12-Aug-2026",657,"",""
"925","ESSENTIA","EQ",1.4,1.4,1.39,1.39,1.4,1.34,11778306,164.83,"12-Aug-2026",1401,"",""
"926","ESTER","EQ",102.07,103.09,95.8,96.27,96.7,104.5,595516,589.86,"12-Aug-2026",5552,"",""
"927","ETERNAL","EQ",318.95,318.95,312.6,314.05,314.05,318,19976751,62897.89,"12-Aug-2026",124381,"",""
"928","ETHOSLTD","EQ",2829.9,2853.9,2768.1,2790.3,2801.5,2829.3,19720,552.84,"12-Aug-2026",4503,"",""
"929","ETL","SM",981,1090,965.05,1030,1030,981,1500,15.63,"12-Aug-2026",9,"",""
"930","ETML","SM",82,83.75,81.3,82.1,82.1,83.85,8400,6.91,"12-Aug-2026",7,"",""
"931","EUREKAFORB","EQ",454.1,473.1,445.6,458.55,452,452.2,489669,2253.4,"12-Aug-2026",21209,"",""
"932","EUROBOND","EQ",161.22,163.76,161.13,162.34,162.1,161.22,8121,13.23,"12-Aug-2026",98,"",""
"933","EUROPRATIK","EQ",300,304.3,291.15,293.5,295.4,303,127671,379.09,"12-Aug-2026",2805,"",""
"934","EUROTEXIND","BE",13.39,13.9,13.39,13.9,13.9,13.65,400,0.06,"12-Aug-2026",4,"",""
"935","EVEREADY","EQ",354,359.9,351.3,353.7,351.5,357.35,53250,188.46,"12-Aug-2026",2232,"",""
"936","EVERESTIND","BE",465,482,461.1,472.4,471.1,470.9,13499,63.97,"12-Aug-2026",212,"",""
"937","EVIETF","EQ",34.87,34.87,34.03,34.19,34.34,34.19,194476,66.47,"12-Aug-2026",728,"",""
"938","EVINDIA","EQ",35.04,35.04,34.09,34.16,34.2,34.19,380955,130.38,"12-Aug-2026",1934,"",""
"939","EXCELINDUS","EQ",1034.4,1060,1022.65,1051,1045.5,1034.4,6458,67.09,"12-Aug-2026",797,"",""
"940","EXCELLENT","ST",207.5,210,207.5,210,210,207,9600,20.05,"12-Aug-2026",6,"",""
"941","EXCELSOFT","EQ",76.4,76.68,74.8,75.17,75.2,75.81,328439,247.33,"12-Aug-2026",2325,"",""
"942","EXICOM","EQ",144.79,146.49,140,141.73,141.7,143.95,993093,1412.88,"12-Aug-2026",10819,"",""
"943","EXIDEIND","EQ",485,495.25,482.35,490.65,491.8,483.35,4593999,22432.51,"12-Aug-2026",68315,"",""
"944","EXPLEOSOL","EQ",819.05,825,810.25,823.05,820.8,821.1,16428,134.38,"12-Aug-2026",1080,"",""
"945","EXXARO","EQ",6.1,6.25,6.1,6.18,6.24,6.14,112168,6.92,"12-Aug-2026",250,"",""
"946","FABTECH","EQ",147,149.5,145,145.81,145.5,147.64,94940,139.6,"12-Aug-2026",1811,"",""
"947","FACT","EQ",825.2,833.9,816,819.55,816,828.4,52303,431.06,"12-Aug-2026",3073,"",""
"948","FAIRCHEMOR","BE",734.45,760.1,730.3,730.3,730.3,745.2,20021,147.46,"12-Aug-2026",107,"",""
"949","FALCONTECH","SM",12,12.3,11.5,12.05,12.3,12.35,8400,1,"12-Aug-2026",7,"",""
"950","FAZE3Q","EQ",543.05,564,543.05,543.05,543.05,603.35,115519,631.32,"12-Aug-2026",1377,"",""
"951","FCL","EQ",43,44.95,41.7,42.65,43.1,42.99,20028758,8720.39,"12-Aug-2026",42887,"",""
"952","FCSSOFT","EQ",1.46,1.46,1.42,1.42,1.42,1.44,2269892,32.56,"12-Aug-2026",1085,"",""
"953","FDC","EQ",363,363.2,351,353.75,354.75,360.9,150265,534.91,"12-Aug-2026",7067,"",""
"954","FEDDERSHOL","EQ",42.02,42.5,40,41.04,41.18,41.86,380427,158.7,"12-Aug-2026",2238,"",""
"955","FEDERALBNK","EQ",354.55,357.65,353.8,356.85,356.85,354.55,3369817,11978.63,"12-Aug-2026",39975,"",""
"956","FEDFINA","EQ",155,155.51,150.93,151.84,151.01,154.63,879332,1344.18,"12-Aug-2026",8712,"",""
"957","FEL","BZ",0.39,0.39,0.38,0.38,0.39,0.38,108477,0.42,"12-Aug-2026",91,"",""
"958","FELDVR","BZ",2.45,2.57,2.33,2.33,2.33,2.45,5089,0.12,"12-Aug-2026",36,"",""
"959","FELIX","SM",189.9,189.9,186,187.75,186.65,186.85,37000,69.14,"12-Aug-2026",56,"",""
"960","FERMENTA","EQ",483.25,499.7,468,473.65,473.45,483.85,231376,1120.6,"12-Aug-2026",11736,"",""
"961","FIBERWEB","EQ",29.5,29.9,29.14,29.35,29.14,29.73,3898,1.15,"12-Aug-2026",112,"",""
"962","FICRF3GP","MF",578,578,578,578,578,578,6,0.03,"12-Aug-2026",1,"",""
"963","FIDEL","SM",136,137.25,133.05,135.95,135.95,137.3,20000,26.95,"12-Aug-2026",16,"",""
"964","FIEMIND","EQ",2604.1,2674.8,2582,2645.9,2645,2592.2,153129,4034.08,"12-Aug-2026",22692,"",""
"965","FILATEX","EQ",82.6,84,80.81,83.31,83.51,83.12,2332120,1921.79,"12-Aug-2026",12299,"",""
"966","FILATFASH","EQ",0.19,0.19,0.18,0.18,0.19,0.18,10590900,19.54,"12-Aug-2026",1641,"",""
"967","FINBUD","SM",138,144,135.25,143.1,144,140,37000,51.51,"12-Aug-2026",36,"",""
"968","FINCABLES","EQ",1240,1374,1233,1280.05,1269,1207.85,20153531,265223.94,"12-Aug-2026",603750,"",""
"969","FINEORG","EQ",5120.7,5369.8,5115.7,5265.1,5260.1,5120.7,108822,5760.85,"12-Aug-2026",17152,"",""
"970","FINIETF","EQ",34.34,34.34,33.25,33.39,33.42,33.51,376684,125.6,"12-Aug-2026",1409,"",""
"971","FINKURVE","EQ",60.54,62,59.5,61.39,61,60.02,13271,8.08,"12-Aug-2026",170,"",""
"972","FINOPB","EQ",163.65,164.65,159.1,160.46,159.5,162.47,374355,604.86,"12-Aug-2026",6203,"",""
"973","FINPIPE","EQ",162.8,163.74,161.1,161.35,161.18,162.66,422174,683.16,"12-Aug-2026",15900,"",""
"974","FIRSTCRY","EQ",215.05,216.39,213.33,214.47,214.8,214.08,341283,731.84,"12-Aug-2026",8392,"",""
"975","FISCHER","EQ",38.47,39,36.7,37.66,37.76,38.47,946216,358.14,"12-Aug-2026",1546,"",""
"976","FIVESTAR","EQ",545,555.5,545,554.4,554.85,546.25,263148,1451.57,"12-Aug-2026",12831,"",""
"977","FLAIR","EQ",247,252.8,245,249.45,248.1,248.3,196484,488.85,"12-Aug-2026",3271,"",""
"978","FLEXIADD","EQ",10.39,10.39,10.28,10.32,10.34,10.36,27909,2.89,"12-Aug-2026",239,"",""
"979","FLEXITUFF","BE",3.34,3.44,3.18,3.27,3.33,3.34,114193,3.76,"12-Aug-2026",133,"",""
"980","FLFL","BZ",1.2,1.26,1.19,1.19,1.19,1.2,16829,0.2,"12-Aug-2026",48,"",""
"981","FLUOROCHEM","EQ",4440,4695,4410,4565.8,4534,4416.2,979035,44934.2,"12-Aug-2026",132509,"",""
"982","FLYSBS","SM",460,471,449,455.5,456,461.2,194000,885.78,"12-Aug-2026",506,"",""
"983","FMCGADD","EQ",48.9,49.46,48.41,48.82,49.46,49.12,15067,7.33,"12-Aug-2026",122,"",""
"984","FMCGIETF","EQ",53.44,53.44,51.9,52.04,52.12,52.56,2412908,1256.14,"12-Aug-2026",7506,"",""
"985","FMGOETZE","EQ",482.1,492,482.1,487.2,489,487.4,28850,140.5,"12-Aug-2026",1087,"",""
"986","FMNL","BE",9.25,9.35,9.08,9.19,9.1,9.39,8770,0.8,"12-Aug-2026",31,"",""
"987","FOCUS","BE",67.6,69,67,67.22,67,67.69,18300,12.42,"12-Aug-2026",202,"",""
"988","FONEBOX","SM",96,96.6,96,96.6,96.6,96,3000,2.89,"12-Aug-2026",3,"",""
"989","FOODSIN","EQ",53.07,53.24,50.25,51.29,51,53.07,88525,46,"12-Aug-2026",898,"",""
"990","FORCAS","ST",188.65,188.65,183.5,188,188,183.8,20800,38.99,"12-Aug-2026",11,"",""
"991","FORCEMOT","EQ",18347,19399,18347,19269,19269,18330,240317,45889.43,"12-Aug-2026",53982,"",""
"992","FORGEAUTO","SM",112,112.75,112,112.35,112.05,112,8400,9.43,"12-Aug-2026",6,"",""
"993","FORTIS","EQ",935.25,936,879.1,900,900,935.2,4300020,38390.17,"12-Aug-2026",130595,"",""
"994","FOSECOIND","EQ",5500.5,5574.5,5481,5530.5,5520,5500.5,3207,177.51,"12-Aug-2026",607,"",""
"995","FRACTAL","EQ",828,832.75,812.15,823,825.1,828.3,147677,1212.7,"12-Aug-2026",10276,"",""
"996","FRESHARA","ST",375,375,357.35,359.4,357.35,376.15,41400,149.75,"12-Aug-2026",62,"",""
"997","FROG","ST",212.4,219.4,212.1,219.4,219.4,216.4,8800,18.81,"12-Aug-2026",16,"",""
"998","FRONTSP","EQ",1492.4,1575,1475,1509.5,1525,1481.7,82391,1257.53,"12-Aug-2026",8556,"",""
"999","FSL","EQ",280.65,280.65,272.25,274.5,274.4,279.6,1861664,5113.29,"12-Aug-2026",44660,"",""
"1000","FUSION","EQ",213.17,215.53,200.1,203.78,203.7,212.11,1242445,2539.29,"12-Aug-2026",21044,"",""
"1001","FWSTC","SM",197,197,195,195,195,190,1200,2.35,"12-Aug-2026",2,"",""
"1002","GABRIEL","EQ",1510,1510,1471.2,1476.8,1480,1501.4,188740,2798.09,"12-Aug-2026",14314,"",""
"1003","GAEL","EQ",169,169.7,165,165.36,165,168.87,583895,974.14,"12-Aug-2026",10162,"",""
"1004","GAIL","EQ",175.34,177.95,173.3,177.95,177.95,175.34,8976408,15671.26,"12-Aug-2026",48769,"",""
"1005","GALAPREC","EQ",1006.4,1030,988.2,993.6,989.3,1006.4,27827,278.95,"12-Aug-2026",2591,"",""
"1006","GALAXYSURF","EQ",2092,2092,2000,2022.4,2038,2043.1,9398,190.31,"12-Aug-2026",1940,"",""
"1007","GALLANTT","EQ",601.9,601.9,588.3,590.7,590.85,593.5,36891,218.35,"12-Aug-2026",2988,"",""
"1008","GANDHAR","EQ",242.01,242.82,235.01,236.28,236.5,243.41,930996,2214.74,"12-Aug-2026",10862,"",""
"1009","GANDHITUBE","EQ",933,969,922.15,957.75,969,931.3,39709,377.2,"12-Aug-2026",1740,"",""
"1010","GANECOS","EQ",1050,1074,1037.7,1069.6,1068,1049.1,85205,900.81,"12-Aug-2026",5742,"",""
"1011","GANESHBE","BE",115.85,116,110.91,112.26,112.25,116.74,202097,227.41,"12-Aug-2026",848,"",""
"1012","GANESHCP","EQ",162.85,164.85,160.5,162.26,162,161.7,51839,83.74,"12-Aug-2026",1369,"",""
"1013","GANESHHOU","EQ",766.15,771,751.25,765.5,762,763.95,14308,108.79,"12-Aug-2026",1125,"",""
"1014","GANESHIN","ST",115.05,116.5,113.85,113.9,113.85,117.1,20000,23,"12-Aug-2026",24,"",""
"1015","GANGABATH","SM",22.3,23,22,22.2,22.3,22.85,42000,9.43,"12-Aug-2026",14,"",""
"1016","GANGAFORGE","EQ",2.4,2.41,2.4,2.4,2.41,2.3,18650121,449.14,"12-Aug-2026",5438,"",""
"1017","GANGESSECU","EQ",117,119,113,118.31,119,118.06,5927,6.92,"12-Aug-2026",128,"",""
"1018","GARFIBRES","EQ",786.4,789.35,765,768.85,768.15,786.4,50951,393.51,"12-Aug-2026",5644,"",""
"1019","GARUDA","EQ",191.05,193.48,182.2,183.49,183.37,190.67,1066354,1987.86,"12-Aug-2026",15157,"",""
"1020","GATECH","BE",0.73,0.73,0.72,0.72,0.73,0.7,14611337,106.31,"12-Aug-2026",2739,"",""
"1021","GATECHDVR","BE",0.52,0.53,0.49,0.51,0.52,0.51,455211,2.31,"12-Aug-2026",142,"",""
"1022","GATEWAY","EQ",56.1,56.38,54.77,54.9,54.99,56.3,1657544,913.24,"12-Aug-2026",7328,"",""
"1023","GAUDIUMIVF","BE",123.28,123.28,123.28,123.28,123.28,125.79,29169,35.96,"12-Aug-2026",283,"",""
"1024","GAYAHWS","EQ",2,2,1.92,1.98,1.99,1.96,165138,3.28,"12-Aug-2026",287,"",""
"1025","GAYAPROJ","BE",19.11,19.45,19.01,19.2,19.25,19.5,198073,37.88,"12-Aug-2026",904,"",""
"1026","GCHOTELS","ST",101.8,102.9,99.75,99.8,99.75,104.95,43200,43.57,"12-Aug-2026",69,"",""
"1027","GCSL","EQ",466,514,452.05,502.2,498,465.8,1178047,5597.22,"12-Aug-2026",16482,"",""
"1028","GEECEE","BE",386,389.9,374,378,378,385.1,2340,8.85,"12-Aug-2026",49,"",""
"1029","GEEKAYWIRE","EQ",22.59,22.84,22.53,22.53,22.53,22.59,39280,8.86,"12-Aug-2026",215,"",""
"1030","GEMAROMA","EQ",181.5,181.65,169,170.59,172.48,181.45,152635,264.41,"12-Aug-2026",2040,"",""
"1031","GENCON","EQ",39.65,39.9,39.18,39.64,39.89,39.51,225585,89.26,"12-Aug-2026",1177,"",""
"1032","GENESYS","EQ",210.1,214,207.2,208,208,214.45,183143,383.01,"12-Aug-2026",4069,"",""
"1033","GENSOL","BZ",16.9,17.5,16.56,16.78,17,16.9,61819,10.47,"12-Aug-2026",606,"",""
"1034","GENUSPAPER","EQ",12.27,12.27,11.78,11.83,11.78,12.2,79715,9.53,"12-Aug-2026",376,"",""
"1035","GENUSPOWER","EQ",306.1,312.8,301.1,304.95,304.1,305.55,1569937,4800.22,"12-Aug-2026",23666,"",""
"1036","GENXAI","SM",76,76.9,74.55,75,75,78.1,14400,10.85,"12-Aug-2026",12,"",""
"1037","GEOJITFSL","EQ",77.09,78.17,74.67,77.7,78.05,76.78,412527,317.69,"12-Aug-2026",5311,"",""
"1038","GESHIP","EQ",1292,1297.7,1276.3,1281.9,1280.5,1292.6,522980,6720.53,"12-Aug-2026",31674,"",""
"1039","GFLLIMITED","EQ",48.8,49,47.13,47.9,48,47.27,43103,20.62,"12-Aug-2026",1226,"",""
"1040","GGBL","SM",246.1,250.95,238.1,240.95,239.95,246.1,43200,105.74,"12-Aug-2026",90,"",""
"1041","GHCL","EQ",432.25,434.95,429.25,431.35,432.2,432.25,86368,372.67,"12-Aug-2026",5200,"",""
"1042","GHCLTEXTIL","EQ",119.6,119.6,115.31,115.93,116.45,119.27,298267,348.18,"12-Aug-2026",3060,"",""
"1043","GICHSGFIN","EQ",151,151.27,148.4,149.41,149.31,150.42,80467,120.51,"12-Aug-2026",1006,"",""
"1044","GICL","EQ",21.8,22.6,20.88,22.27,22.22,21.7,626606,135.64,"12-Aug-2026",738,"",""
"1045","GICRE","EQ",355.75,358.5,352.8,355.85,355.5,355.7,420356,1493.05,"12-Aug-2026",10144,"",""
"1046","GILLANDERS","EQ",91.62,93.25,90.21,90.21,90.21,91.6,2199,2,"12-Aug-2026",39,"",""
"1047","GILLETTE","EQ",7660,7660,7581.5,7589.5,7585,7641.5,9849,748.41,"12-Aug-2026",2995,"",""
"1048","GILT10BETA","EQ",27.14,27.14,26.52,26.89,26.89,27.01,262,0.07,"12-Aug-2026",17,"",""
"1049","GILT5BETA","EQ",67.04,67.19,66.18,66.21,66.21,67.04,77,0.05,"12-Aug-2026",7,"",""
"1050","GILT5YBEES","EQ",66.16,66.46,66.15,66.35,66.34,66.37,154036,102.17,"12-Aug-2026",367,"",""
"1051","GINNIFILA","BE",45.5,45.5,43.29,44.05,44,45.1,58435,25.58,"12-Aug-2026",172,"",""
"1052","GIPCL","EQ",172,181.4,170.78,174.05,174.4,164.64,8115461,14399.46,"12-Aug-2026",83906,"",""
"1053","GIRIRAJ","SM",59.5,59.5,59.5,59.5,59.5,56.7,500,0.3,"12-Aug-2026",2,"",""
"1054","GJL","ST",217,217.15,217,217.15,217.15,206.85,5600,12.16,"12-Aug-2026",7,"",""
"1055","GKENERGY","EQ",131,131.75,127,128.05,128.6,130.73,450828,580.84,"12-Aug-2026",5451,"",""
"1056","GKSL","EQ",133.8,135.86,132.97,133.16,133.36,133.8,100848,134.55,"12-Aug-2026",1095,"",""
"1057","GKWLIMITED","EQ",1656.3,1679,1635,1638.3,1635,1655.3,885,14.63,"12-Aug-2026",39,"",""
"1058","GLAND","EQ",2924,2949.9,2860,2891.2,2875,2924.4,732471,21207.83,"12-Aug-2026",79135,"",""
"1059","GLAXO","EQ",2601,2624.9,2579.5,2620.2,2615,2601.9,64718,1693,"12-Aug-2026",12705,"",""
"1060","GLENMARK","EQ",2276,2310,2272.4,2290,2290,2276,464575,10659.43,"12-Aug-2026",21836,"",""
"1061","GLFL","EQ",5.89,5.9,5.66,5.88,5.9,5.62,5512,0.32,"12-Aug-2026",29,"",""
"1062","GLOBAL","EQ",81.6,104.65,81.6,102.94,103,100.12,252665,246.93,"12-Aug-2026",2828,"",""
"1063","GLOBALE","EQ",10.23,10.79,10.03,10.78,10.78,10.44,9187,0.94,"12-Aug-2026",79,"",""
"1064","GLOBALPET","ST",160,162,160,162,162,161,1500,2.42,"12-Aug-2026",2,"",""
"1065","GLOBALVECT","EQ",159.1,161.93,155.01,157.53,156.5,162.8,8955,14.09,"12-Aug-2026",418,"",""
"1066","GLOBE","EQ",2.03,2.07,1.86,2,2.03,2.04,2101182,41.05,"12-Aug-2026",855,"",""
"1067","GLOBECIVIL","EQ",44.89,45.25,41.56,43.11,43.5,44.35,153450,67.4,"12-Aug-2026",733,"",""
"1068","GLOBUSSPR","EQ",876.05,878.15,862.4,873.5,875,870.1,81489,707.51,"12-Aug-2026",4044,"",""
"1069","GLOSTERLTD","EQ",675.7,675.7,638.2,640.95,638.2,652.7,1481,9.59,"12-Aug-2026",162,"",""
"1070","GLOTTIS","BE",66.1,67.2,64.01,65.39,65.1,67,36652,24.04,"12-Aug-2026",379,"",""
"1071","GMBREW","EQ",900,904.45,890,896,897.9,900,19757,176.85,"12-Aug-2026",1559,"",""
"1072","GMDCLTD","EQ",602.9,617.15,600.5,603.2,602.45,603,2552352,15560.25,"12-Aug-2026",47729,"",""
"1073","GMMPFAUDLR","EQ",1003.8,1008.3,988,997.3,990.5,1003.8,89832,895.07,"12-Aug-2026",4839,"",""
"1074","GMRAIRPORT","EQ",105.11,106.29,102.15,104.55,104.55,105.11,18618816,19262.76,"12-Aug-2026",59256,"",""
"1075","GMRP&UI","EQ",95.82,97.4,95,96.73,96.95,95.82,689644,663.78,"12-Aug-2026",8690,"",""
"1076","GNA","EQ",541.7,556.4,537.05,552.6,554.8,537.35,341130,1870.4,"12-Aug-2026",8953,"",""
"1077","GNFC","EQ",549.85,556.4,548.9,551.05,550,548.4,449732,2481.36,"12-Aug-2026",13211,"",""
"1078","GNRL","EQ",111.94,116.2,111,114.3,114.51,110.09,357979,407.29,"12-Aug-2026",5398,"",""
"1079","GOACARBON","EQ",374.15,375.9,369.4,370.15,369.5,373.7,5172,19.19,"12-Aug-2026",469,"",""
"1080","GOCLCORP","EQ",433.8,443.95,425.2,431.8,432.6,429.55,148130,646.07,"12-Aug-2026",4963,"",""
"1081","GOCOLORS","EQ",323.05,324.6,320.55,323.35,323.25,323,69589,224.66,"12-Aug-2026",2052,"",""
"1082","GODAVARIB","EQ",270.95,272.75,260,261.6,262.7,273.6,416516,1095.37,"12-Aug-2026",9295,"",""
"1083","GODFRYPHLP","EQ",2223.5,2228.7,2150,2199,2199,2224.9,205693,4515.74,"12-Aug-2026",18366,"",""
"1084","GODIGIT","EQ",266.9,266.9,260.35,262.8,262.05,265.2,221410,581.25,"12-Aug-2026",13833,"",""
"1085","GODREJAGRO","EQ",552.4,554.85,546.15,552.25,550.3,546.4,92807,510.85,"12-Aug-2026",8334,"",""
"1086","GODREJCP","EQ",922.5,951.8,907.8,910,910,1025,22527411,208079.15,"12-Aug-2026",646347,"",""
"1087","GODREJIND","EQ",1304.8,1305,1219.1,1235.2,1231.8,1289.8,116124,1458.77,"12-Aug-2026",13493,"",""
"1088","GODREJPROP","EQ",2035,2042,1984,2015,2015,2037.9,466920,9372.65,"12-Aug-2026",33783,"",""
"1089","GOKEX","EQ",780,790.2,741,762.25,761,788.95,801501,6114.65,"12-Aug-2026",34827,"",""
"1090","GOKUL","EQ",40.7,40.7,39.25,39.53,39.41,40.1,150973,59.89,"12-Aug-2026",868,"",""
"1091","GOKULAGRO","EQ",227.83,239.49,225.45,236.6,236.2,226.03,845538,1962.87,"12-Aug-2026",9983,"",""
"1092","GOLD1","EQ",130.02,130.02,127.01,127.73,127.6,126.85,1649436,2101.25,"12-Aug-2026",7683,"",""
"1093","GOLD360","EQ",149.05,149.5,148.55,149.4,149.5,148.8,13283,19.8,"12-Aug-2026",327,"",""
"1094","GOLDADD","EQ",147.98,148.72,147.62,148.59,148.7,147.61,2068223,3067.35,"12-Aug-2026",13940,"",""
"1095","GOLDAXIS","EQ",127.62,127.64,126.69,127.48,127.5,126.37,896221,1140.72,"12-Aug-2026",2964,"",""
"1096","GOLDBEES","EQ",125.83,126.54,125.76,126.45,126.5,125.52,18273875,23060.5,"12-Aug-2026",65914,"",""
"1097","GOLDBETA","EQ",124.6,129.95,124.6,128.75,128.85,127.8,678882,872.03,"12-Aug-2026",2177,"",""
"1098","GOLDBND","EQ",152.26,153.98,151.81,152.8,152.53,152.26,10787,16.45,"12-Aug-2026",603,"",""
"1099","GOLDCASE","EQ",24.18,24.19,23.94,24.08,24.1,23.91,7516321,1805.34,"12-Aug-2026",8019,"",""
"1100","GOLDENTOBC","BZ",24.16,25.03,24.16,24.51,24.56,24.28,669,0.17,"12-Aug-2026",30,"",""
"1101","GOLDETF","EQ",147.85,149.44,147.82,148.52,148.56,147.57,1579799,2343.01,"12-Aug-2026",6959,"",""
"1102","GOLDIAM","EQ",387.9,387.9,369.05,372.85,372.3,384.05,898754,3366.02,"12-Aug-2026",17578,"",""
"1103","GOLDIETF","EQ",130.16,131.18,126.9,131.06,131.15,130.16,4669000,6105.32,"12-Aug-2026",25849,"",""
"1104","GOLDSTAR","SM",6.9,7.1,6.9,7,7.1,6.85,101250,7.05,"12-Aug-2026",9,"",""
"1105","GOLDTECH","BE",53.49,54.95,52.5,53.41,54,52.83,14278,7.64,"12-Aug-2026",133,"",""
"1106","GOODLUCK","EQ",1340,1349.9,1301,1305.6,1304,1330.5,360258,4756.62,"12-Aug-2026",18263,"",""
"1107","GOODYEAR","EQ",780,820,770,810.85,801,778.25,22705,180.97,"12-Aug-2026",1991,"",""
"1108","GOPAL","EQ",275.8,280.95,272,273.4,274.35,273.1,241136,666.77,"12-Aug-2026",6736,"",""
"1109","GOYALALUM","EQ",6.58,6.58,6.3,6.31,6.3,6.36,71794,4.6,"12-Aug-2026",482,"",""
"1110","GOYALSALT","SM",113,113,108.05,109.5,109.5,113.05,21600,23.7,"12-Aug-2026",22,"",""
"1111","GPECO","ST",413,416.85,407.15,407.5,407.5,403.85,6000,24.64,"12-Aug-2026",26,"",""
"1112","GPIL","EQ",234.18,234.95,228.31,228.99,229,232.18,1651494,3807.73,"12-Aug-2026",23796,"",""
"1113","GPPL","EQ",148.49,150.8,147.86,149.79,150.49,148.13,986838,1470.34,"12-Aug-2026",11996,"",""
"1114","GPTHEALTH","EQ",160.9,160.94,156.09,157.28,156.7,160.51,71280,112.13,"12-Aug-2026",2109,"",""
"1115","GPTINFRA","EQ",116.27,120.19,115.21,118.87,117,116.5,104185,122.95,"12-Aug-2026",1731,"",""
"1116","GRADIENTE","EQ",2.67,2.69,2.6,2.61,2.68,2.57,3791463,99.73,"12-Aug-2026",383,"",""
"1117","GRANDOAK","EQ",39.11,40.81,38.77,39.29,38.77,40.81,8213,3.21,"12-Aug-2026",69,"",""
"1118","GRANULES","EQ",857.5,870,854.4,864.8,862.5,861,283049,2441.31,"12-Aug-2026",13348,"",""
"1119","GRAPHISAD","SM",27.3,27.3,27.05,27.05,27.05,27.55,12000,3.25,"12-Aug-2026",9,"",""
"1120","GRAPHITE","EQ",730.1,742,721,726.25,724,730.85,672656,4930,"12-Aug-2026",20727,"",""
"1121","GRASIM","EQ",3325.1,3393.9,3270.6,3307.8,3307.8,3322.2,2309486,76945.96,"12-Aug-2026",114405,"",""
"1122","GRAUWEIL","EQ",68.16,68.16,66,67.1,67,67.67,256410,171.75,"12-Aug-2026",13220,"",""
"1123","GRAVISSHO","EQ",29,31.2,29,30.63,29.51,30.65,3768,1.14,"12-Aug-2026",26,"",""
"1124","GRAVITA","EQ",1789.9,1838.9,1755.5,1815.1,1820,1784.5,217427,3908.55,"12-Aug-2026",19317,"",""
"1125","GRCL","ST",498.95,508.5,498.95,508.5,508.5,485.2,1500,7.54,"12-Aug-2026",6,"",""
"1126","GREAVESCOT","EQ",198.1,198.49,190.57,193.76,193.8,197.78,1212348,2353.06,"12-Aug-2026",12909,"",""
"1127","GREENCHEF","SM",50.9,51,49,49,49,49.6,6400,3.2,"12-Aug-2026",5,"",""
"1128","GREENLAM","EQ",242.95,253.65,242.5,248.5,248.1,242.35,519672,1287.67,"12-Aug-2026",13118,"",""
"1129","GREENLEAF","ST",117.6,117.6,117.6,117.6,117.6,112,11000,12.94,"12-Aug-2026",9,"",""
"1130","GREENPANEL","EQ",184,185.2,176,176.66,176.02,183.59,574131,1025.93,"12-Aug-2026",15560,"",""
"1131","GREENPLY","EQ",279.55,281.5,275.5,276.65,275.55,278.85,41681,115.77,"12-Aug-2026",2363,"",""
"1132","GREENPOWER","EQ",9.71,9.73,9.5,9.54,9.55,9.73,1914469,183.88,"12-Aug-2026",3989,"",""
"1133","GRETEX","SM",300,300,300,300,300,300,34500,103.5,"12-Aug-2026",8,"",""
"1134","GRINDWELL","EQ",2079,2127.6,2079,2106.2,2103,2080.8,28826,608.92,"12-Aug-2026",5930,"",""
"1135","GRINFRA","EQ",876.65,887.05,870.45,881.95,885,880.15,32045,282.48,"12-Aug-2026",4195,"",""
"1136","GRMOVER","EQ",94.84,96.49,90.02,91.38,90.87,94.19,1610382,1478.84,"12-Aug-2026",8195,"",""
"1137","GROBTEA","EQ",895,991,895,919.6,915,895,1109,10.45,"12-Aug-2026",126,"",""
"1138","GROWW","EQ",193.7,198,192.4,197.28,197.3,193.5,25335276,49565.98,"12-Aug-2026",103180,"",""
"1139","GROWWCAPM","EQ",11.29,11.29,11.12,11.23,11.26,11.19,177403,19.9,"12-Aug-2026",613,"",""
"1140","GROWWCHEM","EQ",30.41,30.78,30.3,30.48,30.58,30.61,30661,9.36,"12-Aug-2026",240,"",""
"1141","GROWWDEFNC","EQ",96.45,96.7,95.24,96.33,96.2,95.92,161249,154.81,"12-Aug-2026",2077,"",""
"1142","GROWWEV","EQ",34.11,34.25,33.86,34.13,34.02,33.95,325847,111.12,"12-Aug-2026",1698,"",""
"1143","GROWWGOLD","EQ",14.97,14.98,14.86,14.93,14.95,14.81,1604950,239.34,"12-Aug-2026",3159,"",""
"1144","GROWWHOSPI","EQ",53.76,53.77,51.76,51.9,51.99,53.55,978519,510.62,"12-Aug-2026",3942,"",""
"1145","GROWWLIQID","EQ",110.05,110.31,110.05,110.3,110.31,110.29,88874,98.03,"12-Aug-2026",208,"",""
"1146","GROWWLOVOL","EQ",10.68,10.68,10.52,10.55,10.58,10.65,7272,0.77,"12-Aug-2026",109,"",""
"1147","GROWWMC150","EQ",236.79,239,232.01,232.18,232.01,236.79,2786,6.51,"12-Aug-2026",48,"",""
"1148","GROWWMETAL","EQ",12.51,12.7,12.3,12.39,12.4,12.51,491560,61.65,"12-Aug-2026",1188,"",""
"1149","GROWWMOM50","EQ",11.14,11.14,10.98,11.07,11.07,11,185413,20.51,"12-Aug-2026",451,"",""
"1150","GROWWN200","EQ",11.49,11.61,11.45,11.54,11.6,11.56,71141,8.19,"12-Aug-2026",256,"",""
"1151","GROWWNET","EQ",10.61,10.8,10.47,10.52,10.48,10.61,391714,41.24,"12-Aug-2026",862,"",""
"1152","GROWWNIFTY","EQ",9.78,9.99,9.78,9.86,9.9,9.88,612796,60.39,"12-Aug-2026",4305,"",""
"1153","GROWWNXT50","EQ",75.78,75.78,74.58,74.92,75.18,74.95,7253,5.43,"12-Aug-2026",105,"",""
"1154","GROWWPOWER","EQ",11.57,11.58,11.42,11.48,11.52,11.48,1791343,205.92,"12-Aug-2026",2206,"",""
"1155","GROWWPSE","EQ",98.27,100.4,98,100.4,100.4,98.98,16587,16.41,"12-Aug-2026",47,"",""
"1156","GROWWPSUBK","EQ",86.44,88.46,86.44,88.05,88.06,86.25,10061,8.85,"12-Aug-2026",81,"",""
"1157","GROWWRAIL","EQ",29.46,29.46,29.18,29.28,29.45,29.28,294972,86.42,"12-Aug-2026",2060,"",""
"1158","GROWWRLTY","EQ",9.96,10.05,9.85,9.9,9.98,9.96,229853,22.75,"12-Aug-2026",698,"",""
"1159","GROWWSC250","EQ",10.72,10.72,10.57,10.62,10.62,10.64,146065,15.53,"12-Aug-2026",537,"",""
"1160","GROWWSLVR","EQ",23.1,23.17,22.8,23.11,23.14,22.77,1862603,427.87,"12-Aug-2026",2470,"",""
"1161","GRPLTD","EQ",1926.1,1998.8,1920.3,1976.7,1986.8,1925.9,1435,28.28,"12-Aug-2026",304,"",""
"1162","GRSE","EQ",2579,2584,2546.6,2576.4,2577.7,2575.4,307019,7875.52,"12-Aug-2026",21566,"",""
"1163","GRWRHITECH","EQ",7040.5,7198.5,7000,7132.5,7120.5,7020.5,46023,3277.16,"12-Aug-2026",12728,"",""
"1164","GSEC10IETF","EQ",267.26,267.54,266.05,266.05,266.05,267.26,1334,3.55,"12-Aug-2026",7,"",""
"1165","GSEC10YEAR","EQ",31.04,31.04,30.25,30.65,30.65,30.53,2483,0.76,"12-Aug-2026",16,"",""
"1166","GSEC5IETF","EQ",66.4,67.51,66.28,66.55,66.45,66.4,12035,8.02,"12-Aug-2026",48,"",""
"1167","GSFC","EQ",162,163.72,159.04,160.69,160.41,161.34,905558,1464.15,"12-Aug-2026",13815,"",""
"1168","GSLSU","EQ",28.97,29.55,28.21,29.55,29.55,28.15,76139,22.22,"12-Aug-2026",350,"",""
"1169","GSMFOILS","SM",108.2,108.2,108.2,108.2,108.2,113.85,19500,21.1,"12-Aug-2026",31,"",""
"1170","GSPCROP","EQ",592.2,594.4,584.5,588.75,591.95,592.4,323005,1905.36,"12-Aug-2026",4429,"",""
"1171","GSS","EQ",13.62,13.62,13.21,13.27,13.23,13.61,24934,3.33,"12-Aug-2026",199,"",""
"1172","GTECJAINX","BE",30,30.7,29.45,29.45,29.45,30.99,4411,1.33,"12-Aug-2026",46,"",""
"1173","GTL","EQ",7.75,7.95,7.56,7.6,7.59,7.59,256106,19.82,"12-Aug-2026",829,"",""
"1174","GTLINFRA","EQ",1.24,1.25,1.22,1.23,1.23,1.24,21421097,263.86,"12-Aug-2026",9977,"",""
"1175","GTPL","EQ",52.99,54.99,52.99,53.94,54.55,52.56,147330,79.53,"12-Aug-2026",1543,"",""
"1176","GUFICBIO","EQ",434,439,420.3,424.9,426,431.1,112334,483,"12-Aug-2026",5058,"",""
"1177","GUJALKALI","EQ",670.05,677.55,666.05,672.45,670.85,677.35,35804,240.24,"12-Aug-2026",2726,"",""
"1178","GUJAPOLLO","EQ",345.05,350,345.05,347.3,350,352.65,3094,10.75,"12-Aug-2026",209,"",""
"1179","GUJENERGY","EQ",299.45,299.45,272.4,274.35,275,274.4,6836300,19139.75,"12-Aug-2026",107912,"",""
"1180","GUJRAFFIA","EQ",41.4,42.92,40.3,41.98,42.4,39.02,24987,10.46,"12-Aug-2026",303,"",""
"1181","GUJTHEM","EQ",360.4,363.95,352,352.65,353,362.05,34119,121.2,"12-Aug-2026",1971,"",""
"1182","GULFOILLUB","EQ",1200.8,1200.8,1171,1181.2,1180.1,1189.8,27354,322.53,"12-Aug-2026",3071,"",""
"1183","GULFPETRO","BE",63.74,64.15,62.1,62.75,62.5,62.33,353637,221.63,"12-Aug-2026",1090,"",""
"1184","GULPOLY","EQ",198.89,199.96,188.04,189.89,191,198.18,377543,726.25,"12-Aug-2026",7212,"",""
"1185","GURUNANAK","SM",41,41,41,41,41,42.45,1600,0.66,"12-Aug-2026",1,"",""
"1186","GVKPIL","BE",2.33,2.37,2.31,2.36,2.37,2.33,443420,10.45,"12-Aug-2026",701,"",""
"1187","GVPIL","EQ",766.15,798.25,766.15,794,794.5,760.25,439433,3482.08,"12-Aug-2026",12433,"",""
"1188","GVPTECH","EQ",7.06,7.24,7.04,7.13,7.05,7.06,76963,5.48,"12-Aug-2026",326,"",""
"1189","GVT&D","EQ",4429.1,4549,4374.9,4406.5,4406.5,4420,1048083,46698.85,"12-Aug-2026",78632,"",""
"1190","GYFTR","EQ",161.35,162,156.99,160.15,158.8,160.33,36123,57.42,"12-Aug-2026",943,"",""
"1191","HAL","EQ",4909,5055,4803.4,4995,4995,4909,2901166,143893.05,"12-Aug-2026",160442,"",""
"1192","HALDER","EQ",265.09,289,265.09,275.08,273,265.04,36579,100.58,"12-Aug-2026",906,"",""
"1193","HALDYNGL","BE",130.99,130.99,123,124.35,125,129.46,49133,61.25,"12-Aug-2026",360,"",""
"1194","HALEOSLABS","EQ",1415.4,1478,1415,1451.4,1450,1444.7,757,10.99,"12-Aug-2026",52,"",""
"1195","HAPPSTMNDS","EQ",394,394.65,384.75,390,390.5,394.35,583657,2270.32,"12-Aug-2026",19452,"",""
"1196","HAPPY","SM",66.45,66.45,65.75,65.75,65.75,66.45,4000,2.64,"12-Aug-2026",2,"",""
"1197","HAPPYFORGE","EQ",1907.8,2040,1907.8,2022.7,2030,1907.8,244242,4891.65,"12-Aug-2026",17896,"",""
"1198","HARDWYN","EQ",11.19,11.95,11.06,11.51,11.25,11.17,5272768,599.93,"12-Aug-2026",3976,"",""
"1199","HARIOMPIPE","EQ",394.75,397.95,385,392.7,395,392.65,112617,440.36,"12-Aug-2026",3256,"",""
"1200","HARRMALAYA","EQ",227.35,227.35,217.61,219.74,222.5,221.29,31265,69.15,"12-Aug-2026",721,"",""
"1201","HARSHA","EQ",410,410,395.45,399.9,401.9,410.45,254264,1020.99,"12-Aug-2026",9308,"",""
"1202","HATHWAY","EQ",10.76,10.85,10.62,10.67,10.68,10.76,1159753,124,"12-Aug-2026",2436,"",""
"1203","HATSUN","EQ",949.3,955,940,950.05,950,942.5,57776,548.73,"12-Aug-2026",2455,"",""
"1204","HAVELLS","EQ",1271.3,1276.9,1257.7,1265,1265,1274.4,420518,5327.35,"12-Aug-2026",20614,"",""
"1205","HAVISHA","EQ",1.41,1.41,1.34,1.39,1.38,1.38,36004,0.5,"12-Aug-2026",127,"",""
"1206","HAWKINCOOK","EQ",8190.5,8286.5,8105.5,8177.5,8210,8193,595,48.59,"12-Aug-2026",314,"",""
"1207","HBESD","EQ",74.01,78.5,74.01,74.99,75.35,75.79,1914,1.45,"12-Aug-2026",23,"",""
"1208","HBLENGINE","EQ",695.25,702.6,688,691.5,690,695.25,614610,4279.5,"12-Aug-2026",21423,"",""
"1209","HBSL","EQ",54.01,59.78,54.01,57.55,56.53,57.48,2964,1.72,"12-Aug-2026",70,"",""
"1210","HCC","EQ",20.24,20.24,19.71,20.04,20.12,20.05,18181740,3623.04,"12-Aug-2026",21011,"",""
"1211","HCG","EQ",735,738.95,724.15,736.5,737.5,738.95,183448,1344.84,"12-Aug-2026",14730,"",""
"1212","HCL-INSYS","EQ",11.6,12,10.8,11.78,11.8,11.44,543188,63.13,"12-Aug-2026",1162,"",""
"1213","HCLTECH","EQ",1370,1370,1340.4,1365.4,1365.4,1365.4,1418468,19248.59,"12-Aug-2026",42784,"",""
"1214","HDBFS","EQ",685.7,699.2,685,688.75,689.5,693.1,277748,1914.19,"12-Aug-2026",15460,"",""
"1215","HDFCAMC","EQ",2520,2520,2482.3,2490,2490,2515,889475,22162.94,"12-Aug-2026",43963,"",""
"1216","HDFCBANK","EQ",729,730.65,722,729,729,729,26993177,195747.77,"12-Aug-2026",525619,"",""
"1217","HDFCBSE500","EQ",38.55,38.55,37.9,38.22,38.3,38.62,879737,334.79,"12-Aug-2026",1075,"",""
"1218","HDFCGOLD","EQ",131.47,131.47,129.94,130.61,130.6,129.72,3549446,4628.09,"12-Aug-2026",8705,"",""
"1219","HDFCGROWTH","EQ",124.38,124.38,122.25,122.83,123.75,124.38,28517,35.03,"12-Aug-2026",268,"",""
"1220","HDFCLIFE","EQ",536,537.75,531.4,537,537,536,2392072,12771.76,"12-Aug-2026",44872,"",""
"1221","HDFCLIQUID","EQ",1073.33,1073.33,1073.31,1073.32,1073.31,1073.18,45955,493.25,"12-Aug-2026",41,"",""
"1222","HDFCLOWVOL","EQ",21.16,21.17,21.03,21.09,21.05,21.18,1356,0.29,"12-Aug-2026",42,"",""
"1223","HDFCMID150","EQ",24.01,24.01,23.65,23.76,23.75,23.9,716653,170.17,"12-Aug-2026",1623,"",""
"1224","HDFCMOMENT","EQ",31.69,31.73,31.41,31.57,31.43,31.34,266556,84.21,"12-Aug-2026",504,"",""
"1225","HDFCNEXT50","EQ",75.57,76.5,75.57,76,75.77,75.85,279736,212.53,"12-Aug-2026",683,"",""
"1226","HDFCNIF100","EQ",26.78,26.9,26.29,26.36,26.31,26.54,34304,9.05,"12-Aug-2026",280,"",""
"1227","HDFCNIFBAN","EQ",59.2,59.65,59.11,59.57,59.25,59.2,75973,45.1,"12-Aug-2026",734,"",""
"1228","HDFCNIFIT","EQ",34,34.03,33.16,33.45,33.6,33.83,109656,36.55,"12-Aug-2026",353,"",""
"1229","HDFCNIFTY","EQ",275.89,276.92,274.02,275.29,274.52,275.89,61940,170.5,"12-Aug-2026",740,"",""
"1230","HDFCNIMEG","EQ",131.49,133.82,131.03,131.46,132.99,131.09,27865,36.66,"12-Aug-2026",95,"",""
"1231","HDFCPSUBK","EQ",87.33,89.25,87.33,88.92,88.8,87.09,319821,284.31,"12-Aug-2026",455,"",""
"1232","HDFCPVTBAN","EQ",27.99,28.04,27.8,28,28,27.92,73893,20.61,"12-Aug-2026",467,"",""
"1233","HDFCQUAL","EQ",60.43,60.43,59.86,60.06,60.27,60.21,16092,9.65,"12-Aug-2026",103,"",""
"1234","HDFCSENSEX","EQ",88.05,89.11,87.95,88.36,88.25,88.66,45453,40.1,"12-Aug-2026",583,"",""
"1235","HDFCSILVER","EQ",222.6,226.2,222.49,225.88,225.78,222.6,3709394,8332.86,"12-Aug-2026",14329,"",""
"1236","HDFCSML250","EQ",184.95,186,183.5,184.44,184.37,184.95,1346528,2490.2,"12-Aug-2026",8720,"",""
"1237","HDFCVALUE","EQ",130.3,130.3,127.04,127.94,128,127.89,8568,10.94,"12-Aug-2026",88,"",""
"1238","HDIL","BZ",1.57,1.57,1.49,1.5,1.51,1.56,265163,4.05,"12-Aug-2026",243,"",""
"1239","HEADSUP","EQ",6.88,7.39,6.8,7.11,6.97,6.86,10735,0.76,"12-Aug-2026",85,"",""
"1240","HEALTHADD","EQ",16.85,16.89,16.69,16.74,16.75,16.85,16036,2.68,"12-Aug-2026",125,"",""
"1241","HEALTHAXIS","EQ",169.3,169.56,168.08,168.95,169.42,169.64,10322,17.42,"12-Aug-2026",94,"",""
"1242","HEALTHCARE","EQ",22.29,22.29,21.57,21.6,21.65,21.83,54281,11.76,"12-Aug-2026",294,"",""
"1243","HEALTHIETF","EQ",171.33,171.74,169.71,170.43,171.69,171.33,88813,151.24,"12-Aug-2026",1453,"",""
"1244","HEALTHX","EQ",307.75,307.75,292.5,293.9,293,301.05,5504,16.38,"12-Aug-2026",259,"",""
"1245","HEALTHY","EQ",17.39,17.39,17,17.06,17.13,17.1,241090,41.15,"12-Aug-2026",1070,"",""
"1246","HECPROJECT","EQ",138,138.6,135.1,136.01,136.15,137.99,5860,8,"12-Aug-2026",241,"",""
"1247","HEG","EQ",678.25,686.4,671,674.35,672.35,678.25,861879,5852.42,"12-Aug-2026",21779,"",""
"1248","HEIDELBERG","EQ",155,155.99,152.2,155.12,155.99,154.45,31064,47.97,"12-Aug-2026",1075,"",""
"1249","HEMIPROP","EQ",135.5,136.89,133.8,134.12,134.7,136.92,375144,506.67,"12-Aug-2026",2777,"",""
"1250","HERANBA","EQ",177,177,171,171.82,172,173.97,25124,43.29,"12-Aug-2026",782,"",""
"1251","HERITGFOOD","EQ",365,365,353.7,357.65,360,362.6,184769,661.91,"12-Aug-2026",7079,"",""
"1252","HEROMOTOCO","EQ",5875,5916,5844,5895,5895,5865.5,996651,58735.35,"12-Aug-2026",64575,"",""
"1253","HESTERBIO","EQ",2487.8,2500,2451,2465.3,2485,2487.8,5159,127.76,"12-Aug-2026",883,"",""
"1254","HEXAGON","BE",64.9,67,63,65.91,67,63.84,500920,329.11,"12-Aug-2026",1228,"",""
"1255","HEXATRADEX","EQ",158,161.7,156.5,156.82,157,158.24,2432,3.83,"12-Aug-2026",80,"",""
"1256","HEXT","EQ",565.05,579.4,552.5,566.95,578.9,565.15,209205,1176.06,"12-Aug-2026",9315,"",""
"1257","HFCL","EQ",215.4,223.61,215,221.52,221.05,214.24,28062533,61754.62,"12-Aug-2026",129292,"",""
"1258","HGINFRA","EQ",553,575.75,547.8,551.75,557,547.8,232826,1310.31,"12-Aug-2026",10105,"",""
"1259","HGM","EQ",49,49.3,47,48.11,49.19,48.66,5290,2.54,"12-Aug-2026",113,"",""
"1260","HGS","EQ",411.3,414.95,405.6,406.75,405.8,411.3,19030,77.63,"12-Aug-2026",1263,"",""
"1261","HIGREEN","SM",133.5,137.45,133.05,136.75,136.55,134.55,25600,34.66,"12-Aug-2026",29,"",""
"1262","HIKAL","EQ",217.98,218.35,211.1,212.84,211.95,217.98,242629,518.65,"12-Aug-2026",4735,"",""
"1263","HILINFRA","EQ",45,46,44.5,44.96,45.2,46.33,97591,43.85,"12-Aug-2026",1408,"",""
"1264","HILTON","BE",20.67,20.67,19.66,20,20.39,20.39,131126,26.37,"12-Aug-2026",381,"",""
"1265","HIMATSEIDE","EQ",76.32,77.75,76,76.16,76.2,76.31,417971,320.61,"12-Aug-2026",2924,"",""
"1266","HINDALCO","EQ",1063.2,1087.95,1056.9,1078.5,1078.5,1049.1,8786842,94843.55,"12-Aug-2026",158030,"",""
"1267","HINDCOMPOS","EQ",412.95,424.45,412.95,420.7,419.65,415,3970,16.67,"12-Aug-2026",312,"",""
"1268","HINDCON","EQ",22.96,23.65,21.11,22.04,22,22.96,25880,5.79,"12-Aug-2026",200,"",""
"1269","HINDCOPPER","EQ",530.85,569.9,529.6,547.7,548.5,533.3,36903374,204894.45,"12-Aug-2026",414526,"",""
"1270","HINDOILEXP","EQ",166.82,166.99,161.61,162.36,162.4,164.85,396114,646.69,"12-Aug-2026",3663,"",""
"1271","HINDPETRO","EQ",392,393,385.8,390,390,390.85,10513694,40888.4,"12-Aug-2026",68330,"",""
"1272","HINDUNILVR","EQ",2065,2072.1,2050.1,2063,2063,2064.9,995523,20467.75,"12-Aug-2026",48919,"",""
"1273","HINDWAREAP","EQ",210,210.6,187,204.88,205,210.03,1369339,2765.02,"12-Aug-2026",13238,"",""
"1274","HINDZINC","EQ",589.95,597.8,576.5,584.6,584.6,586.65,7584733,44710.46,"12-Aug-2026",78064,"",""
"1275","HIRECT","EQ",1222.2,1269.9,1186.4,1242.4,1258,1222.3,135027,1669.49,"12-Aug-2026",10531,"",""
"1276","HISARMETAL","EQ",157.95,157.95,147.1,149.4,149,155.38,9665,14.56,"12-Aug-2026",301,"",""
"1277","HITECH","EQ",84.15,84.76,77.28,77.75,77.96,84.18,3099037,2458.74,"12-Aug-2026",18077,"",""
"1278","HITECHCORP","BE",323.15,330.4,321,326.25,327.1,323.15,14905,48.61,"12-Aug-2026",121,"",""
"1279","HITECHGEAR","BE",547,551,532,550,550,547.85,5143,27.88,"12-Aug-2026",148,"",""
"1280","HLEGLAS","EQ",351,366,321,326.45,324,379.6,2273511,7799.9,"12-Aug-2026",54881,"",""
"1281","HLVLTD","EQ",7.4,7.4,7,7.14,7.24,7.22,154860,11.12,"12-Aug-2026",442,"",""
"1282","HMAAGRO","EQ",22.11,22.79,21.71,21.8,21.73,22.05,682442,149.93,"12-Aug-2026",2074,"",""
"1283","HMT","BZ",60.95,60.95,58.51,58.77,58.75,59.92,8561,5.07,"12-Aug-2026",76,"",""
"1284","HMVL","BE",91.97,92.89,91.1,91.77,91.97,91.61,14010,12.82,"12-Aug-2026",99,"",""
"1285","HNDFDS","EQ",578.7,599,575.7,595.25,596,578.2,123983,731.67,"12-Aug-2026",4020,"",""
"1286","HNGSNGBEES","EQ",486.55,486.55,480,480.32,480.05,484.47,108132,520.81,"12-Aug-2026",6047,"",""
"1287","HOACFOODS","ST",828,828,799.45,809.9,809.9,804.7,4500,36.24,"12-Aug-2026",12,"",""
"1288","HOLMARC","SM",105.15,108,105.15,107.95,108,109.95,5250,5.61,"12-Aug-2026",7,"",""
"1289","HOMEFIRST","EQ",1173.7,1187,1167.3,1181.2,1184.9,1176,91800,1082.57,"12-Aug-2026",8957,"",""
"1290","HONASA","EQ",467.45,477,461.3,467.4,467.45,467.3,987009,4620.95,"12-Aug-2026",34792,"",""
"1291","HONAUT","EQ",38000,38195,37520,37620,37520,37935,1435,540.92,"12-Aug-2026",870,"",""
"1292","HONDAPOWER","EQ",2116.3,2132.9,2100,2103,2100.3,2107.4,1815,38.35,"12-Aug-2026",315,"",""
"1293","HPAL","EQ",41.5,42.6,39.25,40.42,39.6,38.94,1285237,531.85,"12-Aug-2026",5714,"",""
"1294","HPIL","EQ",129.5,129.5,120.3,126.37,126.95,128.37,5225,6.56,"12-Aug-2026",123,"",""
"1295","HPL","EQ",326.15,330,321,322.25,321,326.15,101650,330.12,"12-Aug-2026",3325,"",""
"1296","HPTL","SM",324,324.45,295,295,295,309,18000,57.83,"12-Aug-2026",19,"",""
"1297","HRHNEXT","SM",23.8,23.8,23.8,23.8,23.8,25,1500,0.36,"12-Aug-2026",1,"",""
"1298","HSBCGOLD","EQ",133.23,133.35,131.05,132.83,133.35,131.92,2352,3.12,"12-Aug-2026",64,"",""
"1299","HSCL","EQ",760,764.95,756.1,762.4,762.3,755.5,2240303,17049.81,"12-Aug-2026",29396,"",""
"1300","HTMEDIA","EQ",27.31,27.69,26.41,26.74,26.65,27.35,93367,25.17,"12-Aug-2026",429,"",""
"1301","HUBTOWN","EQ",179.1,179.68,176.62,178.19,179.2,179.4,357763,638.52,"12-Aug-2026",4061,"",""
"1302","HUDCO","EQ",195.8,196.8,191.25,192.73,191.95,195.77,2361586,4576.44,"12-Aug-2026",20915,"",""
"1303","HUHTAMAKI","EQ",291.65,292.95,273.35,278.4,279,291.65,266172,747.54,"12-Aug-2026",6350,"",""
"1304","HYBRIDETF","EQ",10.15,10.19,10.14,10.19,10.19,10.17,6005,0.61,"12-Aug-2026",22,"",""
"1305","HYBRIDFIN","BE",17.25,18.5,17.25,17.82,17.5,17.75,7713,1.39,"12-Aug-2026",53,"",""
"1306","HYUNDAI","EQ",2192.7,2245,2192.7,2240,2240,2200,732935,16311.46,"12-Aug-2026",33704,"",""
"1307","IBLFL","SM",61,61,61,61,61,64,2000,1.22,"12-Aug-2026",1,"",""
"1308","IBULLSLTD","EQ",28.19,28.38,26.71,27.45,26.89,28.11,21450760,5864.92,"12-Aug-2026",12546,"",""
"1309","ICDSLTD","EQ",40.71,41.4,39.5,39.62,39.52,40.7,248,0.1,"12-Aug-2026",20,"",""
"1310","ICELCO","SM",133.9,153,133.9,144.7,144,132.75,177600,257.49,"12-Aug-2026",128,"",""
"1311","ICEMAKE","EQ",816.5,834.9,811.45,828.6,830,811.45,24217,200.08,"12-Aug-2026",2345,"",""
"1312","ICICIAMC","EQ",3028.5,3083.2,3020.5,3074.6,3082,3028.5,149452,4566.64,"12-Aug-2026",22427,"",""
"1313","ICICIB22","EQ",117,117,115.75,116.2,116.35,116.06,282901,328.54,"12-Aug-2026",2605,"",""
"1314","ICICIBANK","EQ",1429.4,1435,1418.6,1431.7,1431.7,1429.6,8201733,116932.09,"12-Aug-2026",131055,"",""
"1315","ICICIGI","EQ",1646.7,1649.6,1621,1635,1635,1643.5,745439,12205.15,"12-Aug-2026",24526,"",""
"1316","ICICIPRULI","EQ",501.5,506.4,494.5,506.4,506.4,501.5,1278410,6379.23,"12-Aug-2026",19547,"",""
"1317","ICIL","EQ",423,445.15,389.45,404.35,405.8,423.2,2410797,9975.98,"12-Aug-2026",71268,"",""
"1318","ICRA","EQ",5079.5,5160,5019.6,5131.5,5147,5069.4,18118,927.08,"12-Aug-2026",3037,"",""
"1319","IDBI","EQ",82.44,83.44,82.2,82.46,82.69,82.44,3078680,2545.28,"12-Aug-2026",16845,"",""
"1320","IDEA","EQ",12.93,13.69,12.83,13.5,13.5,12.89,772547405,102822.44,"12-Aug-2026",605103,"",""
"1321","IDEAFORGE","EQ",810.3,824.4,810.3,810.3,810.3,852.9,978535,7940.8,"12-Aug-2026",8849,"",""
"1322","IDENTICAL","SM",16.55,17.45,15,16.45,16.45,17.45,46000,7.45,"12-Aug-2026",22,"",""
"1323","IDFCFIRSTB","EQ",83.61,85.8,83.61,85.8,85.8,84.27,16618607,14135.8,"12-Aug-2026",51557,"",""
"1324","IDFNIFTYET","EQ",270.7,274.59,268.92,272.96,274.59,270.63,394,1.07,"12-Aug-2026",47,"",""
"1325","IEML","SM",41.55,41.55,39.6,40.5,40.5,41.55,136000,54.68,"12-Aug-2026",118,"",""
"1326","IEX","EQ",127,127.19,123.9,125.95,125.95,126,2436267,3046.89,"12-Aug-2026",27655,"",""
"1327","IFBAGRO","BE",1010,1035,985,1013.15,1021,990.1,8174,83.11,"12-Aug-2026",338,"",""
"1328","IFBIND","EQ",1370.5,1377.7,1347.2,1357.7,1360,1375.7,30250,411.98,"12-Aug-2026",3558,"",""
"1329","IFCI","EQ",75,75.29,72.71,73.51,73.47,75.7,14279371,10529.13,"12-Aug-2026",46224,"",""
"1330","IFGLEXPOR","EQ",219.9,224.77,212,212.93,212.05,218.24,31996,69.49,"12-Aug-2026",933,"",""
"1331","IGARASHI","EQ",457.7,459.3,445.5,447.85,449.5,457.8,80073,361.34,"12-Aug-2026",3059,"",""
"1332","IGCL","EQ",71.93,77.51,70,72.36,71.9,71.92,432956,313.27,"12-Aug-2026",3673,"",""
"1333","IGIL","EQ",351.5,351.95,339.9,343.25,345,347.2,301469,1034.72,"12-Aug-2026",13799,"",""
"1334","IGL","EQ",154,155,152.53,154.54,154.85,153.07,989560,1527.35,"12-Aug-2026",20651,"",""
"1335","IGPL","EQ",472.9,473.7,457.6,467,464.2,466.4,53511,249.31,"12-Aug-2026",2354,"",""
"1336","IIFL","EQ",622,628.7,615.2,625.75,627.5,619.25,959585,5968.11,"12-Aug-2026",24373,"",""
"1337","IIFLCAPS","EQ",334.8,338,333.9,335,338,334.8,207047,692.83,"12-Aug-2026",6394,"",""
"1338","IITL","EQ",146.48,147.61,144,146.68,147.61,145.41,101140,147.42,"12-Aug-2026",635,"",""
"1339","IKIO","EQ",207.7,216,205,214.9,215.5,203.64,598092,1267.62,"12-Aug-2026",8322,"",""
"1340","IKS","EQ",1753,1813.7,1740.2,1785.6,1776.2,1745,169710,3027.09,"12-Aug-2026",16722,"",""
"1341","IL&FSENGG","BZ",35.01,35.19,34.38,34.53,34.5,35.19,5368,1.87,"12-Aug-2026",27,"",""
"1342","IL&FSTRANS","BZ",2.17,2.17,2.07,2.11,2.12,2.17,18103,0.38,"12-Aug-2026",79,"",""
"1343","IMAGICAA","EQ",48.8,49.25,47.25,47.5,47.25,47.42,503033,242.73,"12-Aug-2026",2983,"",""
"1344","IMFA","EQ",1481,1505,1465,1470.7,1472,1481.6,131612,1953.26,"12-Aug-2026",13208,"",""
"1345","IMPAL","EQ",1093,1093,1061,1071.5,1066,1093.4,582,6.27,"12-Aug-2026",136,"",""
"1346","IMPEXFERRO","BZ",3.44,3.44,3.44,3.44,3.44,3.38,6220,0.21,"12-Aug-2026",11,"",""
"1347","INA","EQ",104.8,107.9,102,105.99,107,104.04,715013,748.53,"12-Aug-2026",6937,"",""
"1348","INCREDIBLE","EQ",33.08,33.08,32.25,32.76,32.25,32.36,420,0.14,"12-Aug-2026",30,"",""
"1349","INDBANK","EQ",32.99,33.59,32.7,33.22,33.2,32.69,45795,15.23,"12-Aug-2026",423,"",""
"1350","INDGN","EQ",569.9,577.7,562.8,565.4,567.55,567.6,439544,2490.6,"12-Aug-2026",14476,"",""
"1351","INDHOTEL","EQ",724,724,713.05,724,724,724,1298404,9313.96,"12-Aug-2026",24851,"",""
"1352","INDIACEM","EQ",385,390,383.35,385.5,383.5,383.8,124919,483.51,"12-Aug-2026",6411,"",""
"1353","INDIAGLYCO","EQ",1077,1085,1044,1049.4,1049.9,1073.1,103709,1098.9,"12-Aug-2026",8249,"",""
"1354","INDIAMART","EQ",1798,1810,1764.1,1784.6,1785,1784.3,139878,2496.43,"12-Aug-2026",28615,"",""
"1355","INDIANB","EQ",875.6,897.65,873.1,897,897,875.6,2076183,18523.44,"12-Aug-2026",59300,"",""
"1356","INDIANCARD","EQ",223.95,223.95,209.5,211.22,210.5,211.44,1118,2.36,"12-Aug-2026",151,"",""
"1357","INDIANHUME","EQ",383.35,389.5,373,375.35,374.4,386.05,30664,116.25,"12-Aug-2026",1557,"",""
"1358","INDIASHLTR","EQ",642.6,688.2,642.6,682.75,679,646.85,352904,2384.63,"12-Aug-2026",25423,"",""
"1359","INDIGO","EQ",5266.5,5333,5228,5333,5333,5284,215913,11372.34,"12-Aug-2026",23344,"",""
"1360","INDIGOPNTS","EQ",1127,1144.9,1116.1,1122.1,1127,1125.5,28881,325.91,"12-Aug-2026",4234,"",""
"1361","INDIGRID","IV",179,179,177.98,178.26,178.3,178.18,413285,737.36,"12-Aug-2026",3341,"",""
"1362","INDIQUBE","EQ",184.05,188,176.63,183.79,185.2,184.05,34840,63.74,"12-Aug-2026",810,"",""
"1363","INDNIPPON","EQ",1130,1174,1120.5,1163.2,1170,1132.1,29074,337.53,"12-Aug-2026",3269,"",""
"1364","INDOAMIN","BE",136,136,130,133.14,133,131.34,68679,91,"12-Aug-2026",454,"",""
"1365","INDOBORAX","EQ",435,464.2,430.1,449.05,451,433.4,505140,2269.26,"12-Aug-2026",17394,"",""
"1366","INDOCO","EQ",217.81,221.06,216,217.49,220,216.53,68570,149.39,"12-Aug-2026",1961,"",""
"1367","INDOFARM","EQ",151,151.09,145.76,148.9,148.8,150.31,138216,204.85,"12-Aug-2026",3243,"",""
"1368","INDOMIM","EQ",821.8,837.9,808.5,823.65,827.9,821.8,1315318,10806.91,"12-Aug-2026",36453,"",""
"1369","INDORAMA","EQ",58.4,60.35,57.07,58.16,57.34,58.05,239333,140.08,"12-Aug-2026",2715,"",""
"1370","INDOSTAR","EQ",252.1,252.1,242.85,246.5,247.2,248.55,78676,193.91,"12-Aug-2026",1879,"",""
"1371","INDOTECH","EQ",3670,3725,3539,3539,3539,3725.2,40977,1467.27,"12-Aug-2026",3001,"",""
"1372","INDOTHAI","EQ",85.4,85.4,85.4,85.4,85.4,89.89,71897,61.4,"12-Aug-2026",641,"",""
"1373","INDOUS","EQ",82.91,82.91,80,80.48,80.05,80.52,4864,3.94,"12-Aug-2026",189,"",""
"1374","INDOWIND","EQ",9.11,9.11,8.85,8.96,9,9.06,97672,8.73,"12-Aug-2026",438,"",""
"1375","INDPRUD","EQ",6450,6450,6262,6343.5,6270,6455,621,39.62,"12-Aug-2026",173,"",""
"1376","INDRAMEDCO","EQ",386.05,386.05,375.3,376.95,377.5,384.35,200127,756.34,"12-Aug-2026",5269,"",""
"1377","INDSWFTLAB","EQ",302.9,320.5,293,300,301.99,284.68,8635452,26328.61,"12-Aug-2026",102555,"",""
"1378","INDTERRAIN","EQ",31.58,32.74,31.27,31.31,31.79,31.9,22600,7.14,"12-Aug-2026",159,"",""
"1379","INDUSINDBK","EQ",1009,1022.7,1006.5,1017.5,1017.5,1008.9,915131,9290.16,"12-Aug-2026",23325,"",""
"1380","INDUSINVIT","IV",133.9,133.9,132.5,133.17,133,133.38,91585,122.38,"12-Aug-2026",3163,"",""
"1381","INDUSTOWER","EQ",370,385.2,369.75,383.4,383.4,369.35,10079537,37954.15,"12-Aug-2026",69568,"",""
"1382","INFINIUM","SM",224.5,234.45,223.5,229.85,230,215,13500,31.02,"12-Aug-2026",27,"",""
"1383","INFLUX","SM",290.05,299.8,290,297.45,299,290.05,21000,61.63,"12-Aug-2026",35,"",""
"1384","INFOBEAN","EQ",168.99,169.5,162.05,162.88,162.41,166.67,190816,313.58,"12-Aug-2026",3964,"",""
"1385","INFOLLION","SM",157.55,157.55,153.05,153.85,153.05,157.55,6000,9.29,"12-Aug-2026",15,"",""
"1386","INFOMEDIA","EQ",5.15,5.45,5.15,5.21,5.17,5.24,21510,1.12,"12-Aug-2026",78,"",""
"1387","INFRA","EQ",12.19,12.21,12.12,12.19,12.2,12.19,25828,3.14,"12-Aug-2026",148,"",""
"1388","INFRABEES","EQ",973.02,974.61,963.03,968.74,973.4,973.02,11408,110.29,"12-Aug-2026",657,"",""
"1389","INFRAIETF","EQ",96.98,96.98,95.89,96.26,96.4,96.7,86485,83.09,"12-Aug-2026",2940,"",""
"1390","INFY","EQ",1185.6,1190.4,1163.3,1176.1,1176.1,1190.7,7529777,88352.94,"12-Aug-2026",171090,"",""
"1391","INGERRAND","EQ",4305,4340,4275,4292.2,4275,4309.4,4191,180.76,"12-Aug-2026",1074,"",""
"1392","INM","SM",168,170,168,169,170,166,1200,2.03,"12-Aug-2026",2,"",""
"1393","INNOMET","ST",202.1,202.1,202.1,202.1,202.1,198.15,45000,90.95,"12-Aug-2026",21,"",""
"1394","INNOVACAP","EQ",1100.1,1120,986.5,1012.2,1014.5,1018.9,579709,6062.8,"12-Aug-2026",38033,"",""
"1395","INNOVANA","EQ",332.3,338.8,318,327.35,324,332.35,806,2.62,"12-Aug-2026",73,"",""
"1396","INNOVISION","EQ",285.2,292,274,288.6,287.7,285.2,99785,284.92,"12-Aug-2026",1763,"",""
"1397","INOXGREEN","BE",182.31,187.75,175.19,187.25,187.7,184.41,1069323,1985.85,"12-Aug-2026",3171,"",""
"1398","INOXINDIA","EQ",1925,1951.3,1897.7,1911.2,1905,1938,92266,1772.04,"12-Aug-2026",12194,"",""
"1399","INOXWIND","EQ",74.27,74.84,73.55,74,74,74.4,8299658,6145.88,"12-Aug-2026",29963,"",""
"1400","INSECTICID","EQ",628,638,622.6,628.6,632,636.55,25916,163.02,"12-Aug-2026",1593,"",""
"1401","INSPIRISYS","BE",96.91,96.91,96.91,96.91,96.91,102.01,2320,2.25,"12-Aug-2026",38,"",""
"1402","INSUREIETF","EQ",15.47,15.98,15.41,15.52,15.54,15.47,47724,7.39,"12-Aug-2026",104,"",""
"1403","INTELLECT","EQ",723.8,724.85,697.5,703.25,703.5,723.65,417539,2950.53,"12-Aug-2026",21318,"",""
"1404","INTENTECH","EQ",84,84,81,81.44,81.16,82.81,9550,7.8,"12-Aug-2026",273,"",""
"1405","INTERARCH","EQ",1698,1721.4,1680.2,1699.7,1715,1689.9,41994,713.09,"12-Aug-2026",4516,"",""
"1406","INTERNET","EQ",14.3,14.33,14.17,14.23,14.25,14.3,200516,28.53,"12-Aug-2026",204,"",""
"1407","INTLCONV","EQ",74.93,74.98,72.09,73.12,72.75,74.33,48433,35.64,"12-Aug-2026",923,"",""
"1408","INVENTURE","EQ",0.9,0.93,0.89,0.9,0.91,0.89,1283354,11.65,"12-Aug-2026",386,"",""
"1409","INVICTA","SM",75.05,75.05,73,73.05,73.1,77,17600,13.02,"12-Aug-2026",11,"",""
"1410","INVPRECQ","BE",1164,1164,1115,1135.3,1138,1141,2801,31.76,"12-Aug-2026",85,"",""
"1411","IOB","EQ",34.3,34.51,33.71,33.84,33.9,34.21,3192118,1089.82,"12-Aug-2026",10776,"",""
"1412","IOC","EQ",140.63,142.05,139.29,140.6,140.6,140,10106894,14205.11,"12-Aug-2026",59396,"",""
"1413","IOLCP","EQ",163.99,164.14,157.27,158.42,158.52,164.14,2000252,3193.07,"12-Aug-2026",18897,"",""
"1414","IONEXCHANG","EQ",381,381.55,375,376.85,378,380.9,266067,1004.95,"12-Aug-2026",12542,"",""
"1415","IPCALAB","EQ",1758.5,1784.4,1744,1766.6,1769,1748.4,149151,2626.59,"12-Aug-2026",13689,"",""
"1416","IPHL","SM",67.4,68.5,66,66.1,66,69,19200,12.85,"12-Aug-2026",16,"",""
"1417","IPL","EQ",142.57,143.35,141.72,142.09,142,143.22,122014,173.64,"12-Aug-2026",1814,"",""
"1418","IPSL","SM",236,236,215,215,215,221,1000,2.26,"12-Aug-2026",2,"",""
"1419","IRB","EQ",19.56,19.62,19.3,19.33,19.34,19.56,8884401,1718.63,"12-Aug-2026",22361,"",""
"1420","IRBINVIT","IV",64.45,64.54,63.5,63.7,63.69,64.21,551521,352.53,"12-Aug-2026",5483,"",""
"1421","IRCON","EQ",128.14,129.38,125.77,126.18,126.45,128.14,1396832,1771.11,"12-Aug-2026",17327,"",""
"1422","IRCTC","EQ",517.3,519.1,510,513.55,510.75,515.05,647305,3336.5,"12-Aug-2026",23587,"",""
"1423","IREDA","EQ",118.69,119,117,117.8,117.8,118.7,4344077,5112.38,"12-Aug-2026",29651,"",""
"1424","IRFC","EQ",87.91,88.35,87.49,88.26,88.26,87.91,5812334,5109.17,"12-Aug-2026",32104,"",""
"1425","IRIS","EQ",249.97,252.01,240,251.13,252,246.36,39761,97.86,"12-Aug-2026",665,"",""
"1426","IRISDOREME","EQ",56.37,57.25,56.15,56.83,57.09,56.32,789276,448.21,"12-Aug-2026",2039,"",""
"1427","IRMENERGY","EQ",305.8,306.85,292.05,295.15,293.65,302.55,128474,381.22,"12-Aug-2026",4208,"",""
"1428","ISFT","EQ",79,79.5,77.51,79.16,79.5,79.52,210173,165.69,"12-Aug-2026",226,"",""
"1429","ISGEC","EQ",800,803,741.05,746.3,746,806.95,219189,1660.56,"12-Aug-2026",17483,"",""
"1430","ISHANCH","EQ",50.75,50.8,49.44,50.18,50.44,50.31,8980,4.5,"12-Aug-2026",173,"",""
"1431","IT","EQ",35.22,35.34,34.47,34.66,34.8,35.22,294307,102.32,"12-Aug-2026",1344,"",""
"1432","ITADD","EQ",33.69,33.74,32.97,33.26,33.59,33.64,15117,5.02,"12-Aug-2026",125,"",""
"1433","ITALIANE","SM",32.7,32.9,30.65,30.65,30.65,31.35,12000,3.84,"12-Aug-2026",6,"",""
"1434","ITAXIS","EQ",348.89,350.31,342.4,346.37,349.99,349.5,5360,18.5,"12-Aug-2026",99,"",""
"1435","ITBEES","EQ",35.24,35.51,34.43,34.65,34.69,35.24,13117804,4554.1,"12-Aug-2026",22939,"",""
"1436","ITBETA","EQ",334.59,334.59,326.46,329.02,329.1,334.5,1305,4.3,"12-Aug-2026",64,"",""
"1437","ITC","EQ",279,279.55,275.4,276.15,276.15,279,12630816,35021.79,"12-Aug-2026",178580,"",""
"1438","ITCHOTELS","EQ",167,168.96,166.25,168.32,168.45,166.89,1579629,2649.4,"12-Aug-2026",24951,"",""
"1439","ITDC","EQ",676.95,761.75,667.15,721.05,718.5,676.65,3428743,25139.02,"12-Aug-2026",140099,"",""
"1440","ITETF","EQ",34.02,34.03,32.92,33.12,33.24,33.69,295478,97.92,"12-Aug-2026",1102,"",""
"1441","ITI","EQ",284,289.4,282.25,283.5,283,285.5,234439,667.79,"12-Aug-2026",6489,"",""
"1442","ITIETF","EQ",35.52,35.52,34.47,34.68,34.66,35.23,2350345,816.4,"12-Aug-2026",1986,"",""
"1443","ITTL","ST",66.6,66.6,66.6,66.6,66.6,67.9,210,0.14,"12-Aug-2026",2,"",""
"1444","IVALUE","EQ",275.7,286.45,275.7,283.45,285.9,278.05,274259,774.57,"12-Aug-2026",4773,"",""
"1445","IVC","EQ",8.3,9.8,8.3,8.56,8.55,8.37,446794,38.67,"12-Aug-2026",986,"",""
"1446","IVP","BE",180.05,185,178.7,180.49,181,179.29,20017,36.48,"12-Aug-2026",180,"",""
"1447","IVZINGOLD","EQ",133.15,133.45,132.55,133.2,132.55,132.55,17774,23.61,"12-Aug-2026",292,"",""
"1448","IVZINNIFTY","EQ",281,282,278.79,280.55,282,281.31,1004,2.81,"12-Aug-2026",52,"",""
"1449","IWARE","ST",455,465,450,454.5,450.3,456.6,12000,54.82,"12-Aug-2026",20,"",""
"1450","IWP","EQ",33.32,33.99,33.32,33.96,33.98,33.64,5149,1.74,"12-Aug-2026",53,"",""
"1451","IXIGO","EQ",183.95,183.95,177.67,178.37,178.6,183.5,465902,838.14,"12-Aug-2026",11095,"",""
"1452","IZMO","EQ",949.9,959.2,924.5,954.1,949.9,943.5,94262,883.61,"12-Aug-2026",6598,"",""
"1453","J&KBANK","EQ",157.19,157.94,155.26,157.48,157.4,156.86,1408763,2210.4,"12-Aug-2026",16733,"",""
"1454","JAGRAN","EQ",63.9,64.2,63,63.55,63.75,63.6,144334,91.46,"12-Aug-2026",1599,"",""
"1455","JAGSNPHARM","EQ",230.4,231.98,224.6,225.47,225.5,230.99,153442,347.04,"12-Aug-2026",3214,"",""
"1456","JAIBALAJI","EQ",66.6,67.53,65.01,65.81,65.5,66.88,218036,143.72,"12-Aug-2026",981,"",""
"1457","JAICORPLTD","EQ",102.7,106,100.73,104.15,105,102.67,525064,541.44,"12-Aug-2026",4555,"",""
"1458","JAINIK","SM",205.5,206,196.7,199.15,196.7,207.7,22800,45.76,"12-Aug-2026",19,"",""
"1459","JAINREC","EQ",298.95,306,297,303,304.5,297.75,1065167,3223.43,"12-Aug-2026",21102,"",""
"1460","JAIPURKURT","EQ",28.9,28.9,27.45,27.74,27.51,28.31,15349,4.28,"12-Aug-2026",136,"",""
"1461","JALAN","ST",1.65,1.65,1.65,1.65,1.65,1.65,6000,0.1,"12-Aug-2026",1,"",""
"1462","JAMNAAUTO","EQ",125.4,127.62,123.3,123.76,123.9,125.51,2078458,2600.08,"12-Aug-2026",26889,"",""
"1463","JARO","EQ",441.4,453,435.1,444.4,450.4,441.4,56568,249.58,"12-Aug-2026",2337,"",""
"1464","JASH","EQ",499.9,504.95,473.9,495.65,490.2,511.8,347068,1696.2,"12-Aug-2026",13493,"",""
"1465","JAYAGROGN","EQ",214.95,221,208.5,210.37,211.1,214.3,8449,18.02,"12-Aug-2026",274,"",""
"1466","JAYBARMARU","EQ",127.01,132.9,127,130.8,132.7,127.16,569514,740.94,"12-Aug-2026",6748,"",""
"1467","JAYBEE","SM",92,92,87,87.4,87,92.9,31500,28.06,"12-Aug-2026",55,"",""
"1468","JAYESH","SM",137.05,139,134.55,136,136,137,23000,31.64,"12-Aug-2026",17,"",""
"1469","JAYKAY","EQ",154.49,154.49,147.42,148.66,149.1,152.24,230844,345.49,"12-Aug-2026",4364,"",""
"1470","JAYNECOIND","EQ",92.7,93.66,89.57,90.67,90.34,93,2518788,2293.23,"12-Aug-2026",16759,"",""
"1471","JAYSREETEA","EQ",89,91.8,88.52,90.66,91,88.74,110538,99.87,"12-Aug-2026",1267,"",""
"1472","JBMA","EQ",647,650,622.5,627.35,629,643.9,336875,2132.66,"12-Aug-2026",15349,"",""
"1473","JETFREIGHT","EQ",22.9,23.07,22.45,22.7,22.8,22.42,95687,21.69,"12-Aug-2026",421,"",""
"1474","JEYYAM","ST",23.95,23.95,23.95,23.95,23.95,23.7,4000,0.96,"12-Aug-2026",2,"",""
"1475","JFLLIFE","SM",12.55,13.1,12.55,13.1,13.1,13.2,12000,1.54,"12-Aug-2026",2,"",""
"1476","JGCHEM","EQ",621.05,624.75,594,605.7,606,622.35,555453,3372.51,"12-Aug-2026",17244,"",""
"1477","JHS","EQ",9.01,9.24,8.16,8.82,8.84,9.06,179552,15.67,"12-Aug-2026",747,"",""
"1478","JINDALPHOT","EQ",1074.6,1074.6,1053,1057.2,1063.9,1064.1,1299,13.75,"12-Aug-2026",162,"",""
"1479","JINDALPOLY","EQ",648,692.45,637.5,666.55,661,629.5,221626,1501.31,"12-Aug-2026",6233,"",""
"1480","JINDALSAW","EQ",273.5,276.4,268.25,269.55,269.45,273.55,898986,2441.5,"12-Aug-2026",21906,"",""
"1481","JINDALSTEL","EQ",1096,1112,1093.2,1112,1112,1095,396526,4363.94,"12-Aug-2026",14943,"",""
"1482","JINDRILL","EQ",596.7,600.95,588.5,595.65,594.3,592.25,108377,643.43,"12-Aug-2026",5080,"",""
"1483","JINDWORLD","EQ",35.65,37.46,35.65,36.74,36.67,36.38,7686074,2816.72,"12-Aug-2026",18530,"",""
"1484","JIOFIN","EQ",252.75,256.05,249,256.05,256.05,252.75,13290344,33499.49,"12-Aug-2026",77312,"",""
"1485","JISLDVREQS","EQ",22.4,22.4,20.7,21.05,20.71,21.66,27590,5.85,"12-Aug-2026",173,"",""
"1486","JISLJALEQS","EQ",27.83,27.94,26.9,27.07,27.1,27.88,2474637,674.54,"12-Aug-2026",7007,"",""
"1487","JITFINFRA","EQ",355.9,356.8,342.6,348.4,349,348.7,16036,56.03,"12-Aug-2026",932,"",""
"1488","JKCEMENT","EQ",5359.5,5438.5,5290,5393.5,5371,5361,49895,2673.61,"12-Aug-2026",10232,"",""
"1489","JKIL","EQ",497.9,501.55,490,491.35,490.4,497.6,37171,183.36,"12-Aug-2026",1449,"",""
"1490","JKIPL","EQ",97.21,100.6,94.25,99.95,100,97.21,41023,40.11,"12-Aug-2026",364,"",""
"1491","JKLAKSHMI","EQ",551,553.2,547.75,549.3,548,549.25,75610,415.27,"12-Aug-2026",5413,"",""
"1492","JKPAPER","EQ",391.9,395.5,386.1,388.9,386.25,390.65,376041,1471.34,"12-Aug-2026",17047,"",""
"1493","JKTYRE","EQ",392.95,392.95,385.5,386.5,386,390.85,479266,1854.45,"12-Aug-2026",13073,"",""
"1494","JLHL","EQ",312.55,316.5,302.65,306.25,306.8,312.55,195568,605.59,"12-Aug-2026",10125,"",""
"1495","JMA","EQ",88.9,89,87,88.74,88.99,87.41,6666,5.87,"12-Aug-2026",122,"",""
"1496","JMFINANCIL","EQ",126.1,130.13,126.1,129.67,129.52,126.17,4221891,5436.41,"12-Aug-2026",29476,"",""
"1497","JNKINDIA","EQ",425,439,405.05,407.25,409.2,418.8,601506,2505.82,"12-Aug-2026",15393,"",""
"1498","JNPR","EQ",257,257.9,246.14,252.9,253.5,255.91,1388456,3510.77,"12-Aug-2026",21770,"",""
"1499","JOCIL","BE",146,149.4,145.51,148.41,148.94,150.9,2471,3.61,"12-Aug-2026",19,"",""
"1500","JPOLYINVST","EQ",1045,1073.8,1043,1046.4,1058,1040.4,6983,73.58,"12-Aug-2026",665,"",""
"1501","JPPOWER","EQ",17.72,17.84,17.55,17.73,17.83,17.75,24901247,4401.02,"12-Aug-2026",21458,"",""
"1502","JSFB","EQ",528,555.05,519,546.35,548.75,526.6,500850,2672.03,"12-Aug-2026",17561,"",""
"1503","JSL","EQ",728,742.2,712.5,737.9,739.95,725.1,486337,3542.15,"12-Aug-2026",27146,"",""
"1504","JSLL","EQ",539.25,541.45,505,511.5,509,539.2,888284,4642.72,"12-Aug-2026",36173,"",""
"1505","JSWCEMENT","EQ",131.52,132.45,130.2,130.55,130.58,131.52,836481,1094.09,"12-Aug-2026",10728,"",""
"1506","JSWDULUX","EQ",3169.9,3169.9,3080,3099.4,3100.1,3157,39483,1229.64,"12-Aug-2026",12063,"",""
"1507","JSWENERGY","EQ",561.4,563,552.2,558.75,558.75,563,1396161,7764.21,"12-Aug-2026",28146,"",""
"1508","JSWHL","EQ",11889,11902,11531,11572,11533,11941,2989,349.91,"12-Aug-2026",1351,"",""
"1509","JSWINFRA","EQ",341.85,355,339,346.6,348,341.85,8419123,29413.45,"12-Aug-2026",85389,"",""
"1510","JSWSTEEL","EQ",1285.9,1288.9,1268.2,1269.1,1269.1,1283.4,862476,10997.75,"12-Aug-2026",44102,"",""
"1511","JTEKTINDIA","EQ",141.16,141.33,138.38,139.46,139.49,141.16,90753,126.95,"12-Aug-2026",2203,"",""
"1512","JTLIND","EQ",76.79,77.43,75.05,75.44,75.25,76.79,1019870,775.91,"12-Aug-2026",8054,"",""
"1513","JUBLCPL","EQ",1900,2110,1876,1935.5,1893,1861.5,94499,1898.32,"12-Aug-2026",10796,"",""
"1514","JUBLFOOD","EQ",487,489,477.25,484.7,484.7,488.2,3122764,15040.89,"12-Aug-2026",50725,"",""
"1515","JUBLINGREA","EQ",733.1,738.2,714.3,716.2,717.2,733.1,254422,1840.64,"12-Aug-2026",14486,"",""
"1516","JUBLPHARMA","EQ",967.05,967.15,880,890.6,882,965,697403,6323.23,"12-Aug-2026",39469,"",""
"1517","JUNIORBEES","EQ",813.3,813.3,802.5,806.31,806.54,807.7,258176,2078.84,"12-Aug-2026",7108,"",""
"1518","JUNIPER","EQ",195.5,203,195.5,199.26,199.4,194.23,349711,699.61,"12-Aug-2026",7611,"",""
"1519","JUSTDIAL","EQ",700.95,707.65,673.6,687.45,683.5,694.95,160462,1111.47,"12-Aug-2026",5611,"",""
"1520","JWL","EQ",262,262.25,257.5,259.05,258.55,262.4,459989,1192.19,"12-Aug-2026",11273,"",""
"1521","JYOTHYLAB","EQ",203.5,203.5,190.11,200.27,200,204.04,3414689,6699.11,"12-Aug-2026",54697,"",""
"1522","JYOTICNC","EQ",804.95,832.35,802.6,818.85,819,805,757009,6193.05,"12-Aug-2026",28870,"",""
"1523","JYOTIGLOBL","SM",40.9,40.9,40.85,40.85,40.85,43,18000,7.35,"12-Aug-2026",9,"",""
"1524","JYOTISTRUC","EQ",11.25,11.29,10.97,11.05,11.1,11.27,3427345,380.61,"12-Aug-2026",3570,"",""
"1525","K2INFRA","ST",50.9,53.25,50.9,53.15,53.15,51.1,9000,4.69,"12-Aug-2026",14,"",""
"1526","KABRAEXTRU","EQ",505,516.85,488.8,494.9,494.8,508.7,170668,863.28,"12-Aug-2026",5081,"",""
"1527","KAJARIACER","EQ",1230,1259,1211.9,1252.2,1258.3,1225.6,541562,6738.63,"12-Aug-2026",24981,"",""
"1528","KAKATCEM","EQ",110.69,110.69,106,107.38,106.51,108.72,3404,3.69,"12-Aug-2026",106,"",""
"1529","KALAMANDIR","EQ",86.59,87.07,84.82,85.3,85.19,86.59,636951,544.91,"12-Aug-2026",4365,"",""
"1530","KALPATARU","EQ",293,296.95,285.3,285.65,285.3,287,66668,193.01,"12-Aug-2026",1949,"",""
"1531","KALYANIFRG","EQ",665,750,661.5,694.4,695.9,626.7,69135,490.75,"12-Aug-2026",3874,"",""
"1532","KALYANKJIL","EQ",605,608.6,585.05,596.7,596.7,602.2,9251306,55140.96,"12-Aug-2026",79436,"",""
"1533","KAMAHOLD","EQ",2471,2516.8,2465,2494.6,2500,2478.9,2279,56.63,"12-Aug-2026",308,"",""
"1534","KAMATHOTEL","EQ",177,179,174.61,177.76,178.95,176.01,61544,109.14,"12-Aug-2026",1354,"",""
"1535","KAMDHENU","BE",35.49,35.49,33.35,33.88,33.9,34.98,250043,85.23,"12-Aug-2026",572,"",""
"1536","KAMOPAINTS","EQ",4.61,4.61,4.53,4.56,4.59,4.55,204487,9.32,"12-Aug-2026",344,"",""
"1537","KANANIIND","EQ",1.45,1.6,1.45,1.56,1.58,1.46,163525,2.5,"12-Aug-2026",256,"",""
"1538","KANCHI","EQ",338.05,373.55,338.05,373.55,373.55,355.8,2471,9.1,"12-Aug-2026",79,"",""
"1539","KANDARP","SM",109,109,100,104.45,106.85,107,14000,14.79,"12-Aug-2026",11,"",""
"1540","KANORICHEM","BE",159.9,159.9,153.99,157.29,158.79,160.62,44710,70.12,"12-Aug-2026",448,"",""
"1541","KANPRPLA","EQ",218.7,234.1,214.5,232.45,234.1,215.92,101318,230.27,"12-Aug-2026",2698,"",""
"1542","KANSAINER","EQ",212.97,214.03,207.1,208.19,207.24,212.26,420252,885.82,"12-Aug-2026",11387,"",""
"1543","KAPSTON","EQ",579,585,562.55,578.2,584.5,563.4,88955,508.74,"12-Aug-2026",2621,"",""
"1544","KARMAENG","EQ",40.84,40.84,39.42,39.45,40.1,39.51,811,0.32,"12-Aug-2026",43,"",""
"1545","KARNIKA","SM",116,119,114.1,117.9,117.9,116.55,37000,43.17,"12-Aug-2026",26,"",""
"1546","KARURVYSYA","EQ",332.5,340,332.4,338.8,339.7,334.2,1752090,5900.74,"12-Aug-2026",35318,"",""
"1547","KATARIA","SM",97,98.95,96.05,96.05,96.05,97,2400,2.33,"12-Aug-2026",4,"",""
"1548","KAUSHALYA","BE",940,959,912,934.8,935,940,90,0.85,"12-Aug-2026",15,"",""
"1549","KAVDEFENCE","EQ",58.95,60.97,57.71,58.59,59.4,58.89,89442,52.63,"12-Aug-2026",1188,"",""
"1550","KAYA","EQ",289.2,318,284.65,306.7,305,289.2,185323,570.94,"12-Aug-2026",7054,"",""
"1551","KAYNES","EQ",3718.1,3860,3700.5,3828,3828,3717.7,1218140,46093.11,"12-Aug-2026",69181,"",""
"1552","KAYTEX","SM",56.65,59,56.65,59,59,57.65,9600,5.56,"12-Aug-2026",12,"",""
"1553","KCEIL","SM",79.2,83.15,79.2,80.9,80.9,81.45,12000,9.67,"12-Aug-2026",19,"",""
"1554","KCK","ST",16.2,16.55,15.05,16.3,16.3,15.8,497500,80.13,"12-Aug-2026",98,"",""
"1555","KCP","EQ",152,153.8,150.5,152.99,152,152.18,73619,112.15,"12-Aug-2026",2009,"",""
"1556","KCPSUGIND","BE",29,30.54,29,30.54,30.54,29.09,156105,47.3,"12-Aug-2026",309,"",""
"1557","KDDL","EQ",3842.2,3885,3790.9,3850.6,3871,3842.2,28584,1093.91,"12-Aug-2026",6593,"",""
"1558","KDL","SM",95.4,95.5,84.05,86.65,85.25,93.15,102900,89.2,"12-Aug-2026",420,"",""
"1559","KEC","EQ",450.8,453.7,439.85,441.8,443,450.75,1598645,7117.21,"12-Aug-2026",37933,"",""
"1560","KECL","EQ",152.99,152.99,142.81,145.51,145.3,148.52,275774,402.58,"12-Aug-2026",3813,"",""
"1561","KEEPLEARN","EQ",2.03,2.03,1.93,1.99,2.01,1.96,21628,0.43,"12-Aug-2026",42,"",""
"1562","KEI","EQ",5645,5754,5593.8,5754,5754,5645,454178,25762.65,"12-Aug-2026",44834,"",""
"1563","KELLTONTEC","EQ",13.98,13.98,13.73,13.83,13.84,13.98,882650,122.15,"12-Aug-2026",2513,"",""
"1564","KEN","SM",39.6,40,39.45,40,40,39.6,13200,5.25,"12-Aug-2026",9,"",""
"1565","KENNAMET","EQ",3326.1,3614.9,3230.7,3572.3,3580,3301.9,197969,6860.6,"12-Aug-2026",23636,"",""
"1566","KERNEX","EQ",2369.4,2387.7,2121.1,2170.5,2140,2387.3,530089,11952.29,"12-Aug-2026",27919,"",""
"1567","KESORAMIND","BE",12.11,12.11,12.11,12.11,12.11,12.35,167005,20.22,"12-Aug-2026",171,"",""
"1568","KEYFINSERV","EQ",259,266,253.3,261.85,262.15,254.5,1626,4.24,"12-Aug-2026",58,"",""
"1569","KFINTECH","EQ",938.05,938.05,916.1,922,922,935,319991,2953.05,"12-Aug-2026",11681,"",""
"1570","KHADIM","BE",91.39,91.99,89,89.43,89,89.82,18858,16.97,"12-Aug-2026",323,"",""
"1571","KHAICHEM","EQ",52,53.95,50.82,51.86,51.99,51.15,89797,46.74,"12-Aug-2026",913,"",""
"1572","KHAITANLTD","EQ",148.5,148.5,138.1,140.99,142,143.66,14228,20.2,"12-Aug-2026",512,"",""
"1573","KHANDSE","EQ",17.28,17.64,16.41,17.05,17.24,17.33,634,0.11,"12-Aug-2026",51,"",""
"1574","KHFM","SM",48.65,48.65,48.65,48.65,48.65,46,1550,0.75,"12-Aug-2026",1,"",""
"1575","KICL","EQ",5350,5459.5,5311,5419,5439,5350,827,44.48,"12-Aug-2026",206,"",""
"1576","KILITCH","BE",196.25,196.25,182,191.21,186,191.46,33559,63.14,"12-Aug-2026",233,"",""
"1577","KIMS","EQ",810.5,814.55,800,803.95,804.5,813.05,459515,3696.2,"12-Aug-2026",26440,"",""
"1578","KINGFA","EQ",5730,6077,5720,5949.5,5958,5708,53262,3125.8,"12-Aug-2026",15068,"",""
"1579","KIOCL","EQ",390.9,407.05,390,395.4,393.5,390.9,309155,1236.75,"12-Aug-2026",9689,"",""
"1580","KIRANVYPAR","EQ",198,200,194,196,196,196.83,1152,2.3,"12-Aug-2026",25,"",""
"1581","KIRIINDUS","EQ",429.95,449.45,417.05,434.45,434.8,426.7,1842255,8069.56,"12-Aug-2026",58108,"",""
"1582","KIRLFER","EQ",439.9,442.2,434.65,438.15,435,440.15,68556,301.53,"12-Aug-2026",2151,"",""
"1583","KIRLOSBROS","EQ",1972.5,1972.5,1895.2,1909.2,1904,1955.9,47986,924.73,"12-Aug-2026",7358,"",""
"1584","KIRLOSENG","EQ",2101.5,2122.4,2041.1,2053.4,2064,2101.5,449080,9317.34,"12-Aug-2026",35698,"",""
"1585","KIRLOSIND","EQ",3798,3870,3550.1,3769,3835,3722.6,81936,3015.69,"12-Aug-2026",11253,"",""
"1586","KIRLPNU","EQ",1498.8,1506,1480.3,1499,1493.5,1492,107924,1612.09,"12-Aug-2026",9359,"",""
"1587","KISSHT","EQ",295.05,298.5,289,292.75,291.7,295.45,1254071,3682.06,"12-Aug-2026",27568,"",""
"1588","KITEX","EQ",133.99,135.68,132.01,134.63,135,133.99,503454,672.54,"12-Aug-2026",5666,"",""
"1589","KKCL","EQ",536.5,536.5,520.05,523.6,533,532.6,16973,89.26,"12-Aug-2026",1421,"",""
"1590","KKJEWELS","SM",108,108,106,107.9,107.9,104.7,16000,17.06,"12-Aug-2026",8,"",""
"1591","KLBRENG-B","EQ",360.65,368.55,360,361.15,361.9,360.1,54077,196.23,"12-Aug-2026",2870,"",""
"1592","KLL","SM",22.75,22.75,22,22,22,23.1,15200,3.39,"12-Aug-2026",16,"",""
"1593","KMEW","EQ",2622.2,2638.2,2554.8,2599.8,2593,2621.1,41333,1071.26,"12-Aug-2026",6975,"",""
"1594","KMSUGAR","EQ",27.5,28.49,27.12,28,28,27.47,213844,59.56,"12-Aug-2026",828,"",""
"1595","KNACK","EQ",206.78,210.29,201,202.67,204.8,206.78,1201243,2451.79,"12-Aug-2026",12957,"",""
"1596","KNAGRI","EQ",203.04,203.04,200.42,201.28,202.5,204.6,3651,7.38,"12-Aug-2026",74,"",""
"1597","KNRCON","EQ",136.84,137.14,131.47,133.57,133.5,136.84,1269079,1693.92,"12-Aug-2026",14748,"",""
"1598","KODYTECH","ST",1379,1410.05,1350,1380,1364,1379,7700,106.04,"12-Aug-2026",57,"",""
"1599","KOHINOOR","EQ",23.49,23.49,22.98,23.13,23,23.04,55907,12.96,"12-Aug-2026",1524,"",""
"1600","KOKUYOCMLN","EQ",82.8,82.8,81,81.87,81.51,82.47,32420,26.49,"12-Aug-2026",533,"",""
"1601","KOLTEPATIL","EQ",516.95,519.8,472.05,492.7,494.9,516.6,815709,4058.53,"12-Aug-2026",18791,"",""
"1602","KONSTELEC","ST",63,63,62.7,62.9,62.9,61.4,47000,29.56,"12-Aug-2026",14,"",""
"1603","KONTOR","SM",62.85,62.95,61,61,61,61.45,2400,1.5,"12-Aug-2026",4,"",""
"1604","KOPRAN","BE",172.4,173.88,169,172.53,172.9,174.36,82102,140.81,"12-Aug-2026",993,"",""
"1605","KORE","SM",170,179.9,169,179.9,179.9,174.95,4750,8.13,"12-Aug-2026",15,"",""
"1606","KOTAKBANK","EQ",391,394.25,387.5,390.5,390.5,392.9,10733474,41898.03,"12-Aug-2026",103522,"",""
"1607","KOTARISUG","EQ",26,26.77,25.11,26.13,25.9,26.19,44740,11.59,"12-Aug-2026",290,"",""
"1608","KOTHARIPET","EQ",146,153.7,142,150.63,151,145.65,171773,255.63,"12-Aug-2026",2418,"",""
"1609","KOTHARIPRO","EQ",70.58,71,68.6,69.11,68.8,70.58,9184,6.37,"12-Aug-2026",169,"",""
"1610","KOTIC","EQ",149.93,153.67,147,147.47,147.01,149.93,4233,6.3,"12-Aug-2026",253,"",""
"1611","KOTYARK","BE",43,43.01,42,42.85,42.4,42.37,737651,314.53,"12-Aug-2026",1849,"",""
"1612","KOVAI","EQ",5870,5950,5820.5,5825.5,5830,5865.5,9806,574.21,"12-Aug-2026",2477,"",""
"1613","KPEL","EQ",270,271.2,255.35,259.6,260.4,271.25,627535,1643.18,"12-Aug-2026",16056,"",""
"1614","KPIGREEN","EQ",348,352.75,335.1,337.2,336.6,350.9,1775887,6080.82,"12-Aug-2026",43784,"",""
"1615","KPIL","EQ",1348.3,1468,1348.3,1396.8,1399,1347.7,3715117,52926.87,"12-Aug-2026",171841,"",""
"1616","KPITTECH","EQ",627,628,609,609.2,609.2,627,1196638,7361.36,"12-Aug-2026",24175,"",""
"1617","KPL","EQ",3300,3374.8,3240.1,3313.8,3306.1,3310.5,46929,1554.83,"12-Aug-2026",8960,"",""
"1618","KPRMILL","EQ",1103,1104,1085,1088.7,1087.5,1096.5,144628,1579.69,"12-Aug-2026",12356,"",""
"1619","KRBL","EQ",370.4,376.05,366,373.2,375,370.55,214572,794.83,"12-Aug-2026",7261,"",""
"1620","KREBSBIO","EQ",59.88,59.88,54.71,54.79,54.74,56,791,0.44,"12-Aug-2026",45,"",""
"1621","KRIDHANINF","BE",2.24,2.35,2.16,2.2,2.25,2.24,92972,2.12,"12-Aug-2026",89,"",""
"1622","KRISHANA","EQ",186.65,190.1,184.5,186.45,186.25,186.45,388061,725.36,"12-Aug-2026",7032,"",""
"1623","KRISHCA","SM",163.05,165,163,163,163,166.5,8000,13.1,"12-Aug-2026",13,"",""
"1624","KRISHIVAL","EQ",449.9,449.9,404,405.7,405,402.15,18653,76.2,"12-Aug-2026",660,"",""
"1625","KRISHNADEF","EQ",1170.5,1190.9,1138,1169,1190,1161.2,95055,1099.84,"12-Aug-2026",7389,"",""
"1626","KRITI","EQ",67,68.49,65,67.95,67.2,68.55,21718,14.51,"12-Aug-2026",404,"",""
"1627","KRITIKA","EQ",5.58,5.64,5.51,5.53,5.55,5.6,96354,5.35,"12-Aug-2026",388,"",""
"1628","KRITINUT","EQ",81,87,81,85.07,85.52,85.21,24385,20.74,"12-Aug-2026",219,"",""
"1629","KRMAYURVED","SM",301,308.9,292.1,304.95,305,300.25,69000,208.24,"12-Aug-2026",68,"",""
"1630","KRN","EQ",1295,1345,1294,1331.9,1335,1287.7,341240,4527.96,"12-Aug-2026",13275,"",""
"1631","KRONOX","EQ",169.96,178.73,167.3,173.93,173.35,167.14,717477,1248.31,"12-Aug-2026",9540,"",""
"1632","KROSS","EQ",201.99,211.5,200.58,204.77,204.5,202.17,948369,1962.35,"12-Aug-2026",14686,"",""
"1633","KRSNAA","EQ",575.1,577,563.2,573.75,570.8,574.8,147606,837.12,"12-Aug-2026",4222,"",""
"1634","KRT","RR",117.19,117.77,116.34,117.42,117.37,116.92,2232423,2621.61,"12-Aug-2026",9286,"",""
"1635","KRYSTAL","EQ",628,634,620,620.5,621.45,625.95,20395,127.27,"12-Aug-2026",944,"",""
"1636","KSB","EQ",811.85,814.45,785.05,788.05,787.9,811.85,89522,711.21,"12-Aug-2026",8478,"",""
"1637","KSCL","EQ",808.95,808.95,781.1,788.15,785,799,89601,710.41,"12-Aug-2026",5635,"",""
"1638","KSHINTL","EQ",988.95,1059.9,966,997.65,1000,988.95,1174005,11816.79,"12-Aug-2026",66082,"",""
"1639","KSHITIJPOL","EQ",2.75,2.92,2.75,2.84,2.85,2.79,975809,27.82,"12-Aug-2026",867,"",""
"1640","KSL","EQ",843.7,874.95,833.25,856.1,861,843.7,45448,390.4,"12-Aug-2026",4102,"",""
"1641","KSOLVES","EQ",275.9,277.75,271.05,273.3,272.5,275.15,28312,77.56,"12-Aug-2026",1463,"",""
"1642","KSR","EQ",27,27.99,26.56,26.8,26.8,27.11,9686,2.62,"12-Aug-2026",105,"",""
"1643","KTKBANK","EQ",303.5,314,301.2,313.7,313.25,302.85,3017208,9367.42,"12-Aug-2026",32420,"",""
"1644","KUANTUM","EQ",86,86.79,84.12,85.08,86,85.85,160582,136.47,"12-Aug-2026",876,"",""
"1645","KUSUMGAR","EQ",634,646,611,616.25,619,635.4,640856,4030.38,"12-Aug-2026",24687,"",""
"1646","KWIL","EQ",34.85,36.75,34.24,36.4,36.45,34.84,33564531,12062.57,"12-Aug-2026",62457,"",""
"1647","LAGNAM","EQ",82.58,83.27,78.35,80.5,80,82.73,6950,5.62,"12-Aug-2026",156,"",""
"1648","LAHOTIOV","EQ",44.5,44.99,43,43,43,44.19,4469,1.94,"12-Aug-2026",30,"",""
"1649","LAKPRE","BZ",4.76,4.76,4.51,4.55,4.55,4.72,104,0,"12-Aug-2026",3,"",""
"1650","LAKSHYA","SM",86,86.4,84,84,84,86.4,9600,8.17,"12-Aug-2026",10,"",""
"1651","LAL","EQ",8.67,9.1,8.52,8.82,8.82,8.67,228957,19.86,"12-Aug-2026",341,"",""
"1652","LALPATHLAB","EQ",1954.8,1988.9,1940,1953.3,1950,1949.9,351481,6893.91,"12-Aug-2026",35178,"",""
"1653","LAMBODHARA","EQ",114.11,116.39,113,113.8,113.5,114.88,3518,4.03,"12-Aug-2026",194,"",""
"1654","LAMOSAIC","ST",55.55,56.25,53.15,55.45,54.5,54.75,18600,10.22,"12-Aug-2026",21,"",""
"1655","LANCORHOL","EQ",27.98,27.98,25.76,25.95,25.98,27.72,145746,38.62,"12-Aug-2026",1710,"",""
"1656","LANDMARK","EQ",571.95,573.05,528,548.05,550,571.75,785083,4276.35,"12-Aug-2026",26388,"",""
"1657","LANDSMILL","EQ",0.78,0.78,0.76,0.77,0.78,0.78,3014954,23.22,"12-Aug-2026",824,"",""
"1658","LAOPALA","EQ",191.7,192,187.25,189.83,189,190.79,212255,401.33,"12-Aug-2026",4037,"",""
"1659","LASA","EQ",7.61,7.8,7.4,7.57,7.5,7.62,14261,1.09,"12-Aug-2026",118,"",""
"1660","LASERPOWER","EQ",289.95,289.95,279.3,281.55,281,289.05,1179002,3341.29,"12-Aug-2026",14472,"",""
"1661","LATENTVIEW","EQ",295.95,296.8,287.5,290.05,290,294.75,423620,1236.38,"12-Aug-2026",11921,"",""
"1662","LATTEYS","BE",20.4,20.4,19.5,20.09,20.1,19.73,24674,4.91,"12-Aug-2026",112,"",""
"1663","LAURUSLABS","EQ",1856.3,1862.3,1835,1850,1850,1858,1088545,20134.95,"12-Aug-2026",30940,"",""
"1664","LAXMICOT","EQ",14.43,14.77,13.51,13.95,13.99,14.41,29976,4.2,"12-Aug-2026",224,"",""
"1665","LAXMIDENTL","EQ",213,214,199,200.3,199.11,210.76,482580,978.43,"12-Aug-2026",12386,"",""
"1666","LAXMIINDIA","BE",140,143,135,135.83,135.05,139.25,216338,300.58,"12-Aug-2026",769,"",""
"1667","LCCINFOTEC","EQ",3.66,3.99,3.61,3.87,3.91,3.63,109930,4.25,"12-Aug-2026",186,"",""
"1668","LCL","EQ",503,524,493.55,514.55,520,499.95,666707,3387.07,"12-Aug-2026",14251,"",""
"1669","LEMERITE","EQ",23.71,23.75,23.01,23.25,23.34,23.35,252716,58.61,"12-Aug-2026",595,"",""
"1670","LEMONTREE","EQ",109.5,110.5,107.89,109.16,109.12,109.36,2941490,3200.4,"12-Aug-2026",52077,"",""
"1671","LENSKART","EQ",592.9,593.35,581.3,586.45,585,589.2,5027988,29626.28,"12-Aug-2026",52739,"",""
"1672","LEXUS","EQ",14.99,14.99,13.81,14.14,14.3,14.49,17384,2.5,"12-Aug-2026",145,"",""
"1673","LFIC","EQ",142,145,134,138.07,141.8,140.53,4439,6.15,"12-Aug-2026",146,"",""
"1674","LGBBROSLTD","EQ",1550.4,1610,1546.5,1602.4,1609,1549.2,41027,651.03,"12-Aug-2026",4144,"",""
"1675","LGEINDIA","EQ",1566.5,1584.4,1554,1578.8,1580,1566.5,291304,4566.56,"12-Aug-2026",29770,"",""
"1676","LGHL","EQ",198.71,202,194.61,200.45,201.98,195.06,10757,21.2,"12-Aug-2026",254,"",""
"1677","LIBAS","EQ",9.94,9.94,9.6,9.78,9.84,9.61,12356,1.21,"12-Aug-2026",112,"",""
"1678","LIBERTSHOE","EQ",242,246.4,240,240.4,241,245.3,22856,55.45,"12-Aug-2026",1054,"",""
"1679","LICHSGFIN","EQ",502.95,508,499.45,508,508,502,1559589,7847.8,"12-Aug-2026",33653,"",""
"1680","LICI","EQ",409,417,404.7,417,417,406,20957554,86254.83,"12-Aug-2026",113517,"",""
"1681","LICMFGOLD","EQ",137,138.45,137,137.55,137.9,136.9,41420,56.96,"12-Aug-2026",587,"",""
"1682","LICNETFGSC","EQ",29.78,29.78,29.52,29.54,29.53,29.57,8195,2.42,"12-Aug-2026",79,"",""
"1683","LICNETFN50","EQ",273.56,275.44,272.9,274.16,274.47,275.5,307,0.84,"12-Aug-2026",28,"",""
"1684","LICNETFSEN","EQ",884.09,886.37,874.47,883.05,883.05,884.09,101,0.89,"12-Aug-2026",9,"",""
"1685","LICNFNHGP","EQ",282.11,282.11,278.51,280.95,280.85,280.34,199,0.56,"12-Aug-2026",10,"",""
"1686","LICNMID100","EQ",64.52,64.89,63.68,64.51,64.52,64.52,3853,2.48,"12-Aug-2026",72,"",""
"1687","LIKHITHA","EQ",247.39,247.39,226.55,227.33,226.55,243.59,95998,225.56,"12-Aug-2026",2218,"",""
"1688","LINC","EQ",98.66,98.89,96.71,98.34,98.44,97.27,19459,19.08,"12-Aug-2026",298,"",""
"1689","LINCOLN","EQ",585,597.8,585,592.85,596,596.5,30057,178.19,"12-Aug-2026",1494,"",""
"1690","LINDEINDIA","EQ",6931,6931,6709.5,6777.5,6780,6972,48476,3298.81,"12-Aug-2026",10552,"",""
"1691","LIQGRWBEES","EQ",1051.2,1051.3,1051.2,1051.28,1051.3,1051.15,60790,639.08,"12-Aug-2026",151,"",""
"1692","LIQUID","EQ",999.99,1000,999.99,999.99,999.99,999.99,1514104,15140.97,"12-Aug-2026",1463,"",""
"1693","LIQUID1","EQ",1117.63,1117.78,1117.63,1117.77,1117.78,1117.63,587415,6565.95,"12-Aug-2026",565,"",""
"1694","LIQUIDADD","EQ",1139.88,1139.9,1139.88,1139.89,1139.9,1139.74,660672,7530.9,"12-Aug-2026",290,"",""
"1695","LIQUIDBEES","EQ",1000,1000.97,999.61,1000,1000.01,1000,1935134,19351.4,"12-Aug-2026",3517,"",""
"1696","LIQUIDBETF","EQ",1094.21,1094.23,1094.21,1094.22,1094.23,1094.09,244639,2676.88,"12-Aug-2026",229,"",""
"1697","LIQUIDCASE","EQ",115.42,115.44,115.42,115.43,115.43,115.41,14897272,17195.64,"12-Aug-2026",10656,"",""
"1698","LIQUIDETF","EQ",1000,1000.01,999.99,1000,1000.01,1000,434077,4340.79,"12-Aug-2026",187,"",""
"1699","LIQUIDIETF","EQ",1000.01,1000.01,999.99,999.99,1000,999.99,776574,7765.74,"12-Aug-2026",273,"",""
"1700","LIQUIDPLUS","EQ",1098.47,1098.49,1098.43,1098.47,1098.49,1098.33,1157633,12716.26,"12-Aug-2026",309,"",""
"1701","LIQUIDSBI","EQ",999.99,1000.01,999.99,999.99,999.99,1000,5824,58.24,"12-Aug-2026",18,"",""
"1702","LIQUIDSHRI","EQ",1116.93,1116.93,1116.91,1116.91,1116.91,1116.79,4346,48.54,"12-Aug-2026",16,"",""
"1703","LLOYDS","SM",68.75,68.75,66.15,66.15,66.15,66.15,4000,2.68,"12-Aug-2026",4,"",""
"1704","LLOYDSENGG","EQ",93.75,94.25,91,92.41,92.7,93.04,7926085,7322.54,"12-Aug-2026",34438,"",""
"1705","LLOYDSENT","EQ",80,80,77,77.89,78.03,80.48,3241276,2536.28,"12-Aug-2026",15596,"",""
"1706","LLOYDSME","EQ",1976.5,1983.1,1877.5,1893.6,1905,1986.2,1221771,23343.61,"12-Aug-2026",52428,"",""
"1707","LMW","EQ",17423,17625,17100,17550,17625,17323,6027,1050.84,"12-Aug-2026",2339,"",""
"1708","LODHA","EQ",1215,1217.6,1185,1209,1209,1212,1174178,14119.18,"12-Aug-2026",34568,"",""
"1709","LOKESHMACH","BE",347,348.5,347,348.5,348.5,354,13629,47.35,"12-Aug-2026",79,"",""
"1710","LORDSCHLO","EQ",139.9,145,136,137.71,137.02,140.54,14114,19.51,"12-Aug-2026",373,"",""
"1711","LOTUSDEV","BE",160.01,176.1,159.75,173.88,174,167.72,1556874,2618.61,"12-Aug-2026",3928,"",""
"1712","LOTUSEYE","EQ",119.8,119.8,116.1,117.62,117.6,119.78,8967,10.7,"12-Aug-2026",230,"",""
"1713","LOVABLE","EQ",72.2,73.7,72.16,72.83,73,73.22,4343,3.16,"12-Aug-2026",100,"",""
"1714","LOWVOL","EQ",211.89,211.89,210.75,210.75,210.75,211.95,109,0.23,"12-Aug-2026",6,"",""
"1715","LOWVOL1","EQ",21.69,21.69,21.48,21.5,21.49,21.73,1143550,246.62,"12-Aug-2026",218,"",""
"1716","LOWVOLIETF","EQ",22.81,22.81,22.54,22.61,22.65,22.8,2560685,578.33,"12-Aug-2026",1286,"",""
"1717","LOYALTEX","EQ",255,255,225.35,228.91,228.2,219.64,15005,36.39,"12-Aug-2026",578,"",""
"1718","LPDC","EQ",6.41,6.59,6.27,6.3,6.43,6.35,12466,0.8,"12-Aug-2026",117,"",""
"1719","LT","EQ",4038,4044.1,3990,4020,4020,4037.4,2226623,89132.93,"12-Aug-2026",109760,"",""
"1720","LTF","EQ",315,317.2,309.75,317.2,317.2,315.4,4688109,14661.98,"12-Aug-2026",61682,"",""
"1721","LTFOODS","EQ",419.35,432.1,417,426.7,427,419.3,502746,2146.18,"12-Aug-2026",18750,"",""
"1722","LTGILTBEES","EQ",30.1,30.1,30.01,30.05,30.05,30.01,613477,184.33,"12-Aug-2026",536,"",""
"1723","LTGILTCASE","EQ",30.7,30.7,30.55,30.64,30.64,30.58,27236,8.34,"12-Aug-2026",210,"",""
"1724","LTM","EQ",4850,4850,4691,4762.1,4762.1,4850,318929,15125.09,"12-Aug-2026",34353,"",""
"1725","LTTS","EQ",3652.7,3656.1,3557.7,3578.9,3580,3652.7,59654,2144.78,"12-Aug-2026",10754,"",""
"1726","LUMAXIND","EQ",6069.5,6189,5880.5,5966,5979,5996.5,39065,2353.55,"12-Aug-2026",9016,"",""
"1727","LUMAXTECH","EQ",2085,2110,2000.1,2039.3,2015,2076.3,1053290,21640.97,"12-Aug-2026",79394,"",""
"1728","LUPIN","EQ",2286.6,2287.8,2249.5,2281,2281,2278.9,861217,19462.15,"12-Aug-2026",38867,"",""
"1729","LUXIND","EQ",1252,1253.1,1200,1211.9,1214.9,1248.8,38011,462.93,"12-Aug-2026",3228,"",""
"1730","LXCHEM","EQ",175.35,176.46,171.93,172.85,173.3,174.89,490815,851.17,"12-Aug-2026",6633,"",""
"1731","LYKALABS","BE",67.5,67.5,66.75,66.8,66.8,68,2899,1.94,"12-Aug-2026",34,"",""
"1732","M&M","EQ",3460,3471.8,3403.6,3403.6,3403.6,3460.1,1834082,62757.8,"12-Aug-2026",111731,"",""
"1733","M&MFIN","EQ",398.35,410,392.5,395.85,395.5,398.8,4492168,17836.38,"12-Aug-2026",72102,"",""
"1734","MAANALU","EQ",120.5,131,120.5,125.01,124.36,123.16,148917,189.98,"12-Aug-2026",2232,"",""
"1735","MACOBSTECH","SM",209,209,209,209,209,210,1600,3.34,"12-Aug-2026",1,"",""
"1736","MACPOWER","EQ",1752.7,1799,1694.2,1726.3,1739,1754.3,22812,398.06,"12-Aug-2026",3109,"",""
"1737","MADHAV","EQ",34.41,35,34.27,34.27,34.27,34.84,2210,0.77,"12-Aug-2026",30,"",""
"1738","MADHAVBAUG","ST",180.3,187.4,180.3,187.4,187.4,186.15,3600,6.56,"12-Aug-2026",8,"",""
"1739","MADHAVIPL","EQ",7.12,7.25,7,7.05,7.07,7.22,169844,11.99,"12-Aug-2026",447,"",""
"1740","MADHUCON","BE",5.02,5.37,5.02,5.36,5.37,5.19,3471,0.18,"12-Aug-2026",21,"",""
"1741","MADHUSUDAN","ST",225,238.95,217.8,233.85,238.95,229.25,59000,132.99,"12-Aug-2026",49,"",""
"1742","MADRASFERT","EQ",67,67.06,65.02,65.49,65.16,66.86,29416,19.38,"12-Aug-2026",512,"",""
"1743","MAFANG","EQ",210.2,210.2,208.6,208.88,208.8,209.72,590048,1236.61,"12-Aug-2026",11743,"",""
"1744","MAFATIND","EQ",126.15,127.8,123.62,126.23,125.95,125.63,61199,76.55,"12-Aug-2026",1479,"",""
"1745","MAGADSUGAR","EQ",520.65,530.45,516,520.35,521,525.75,11813,61.45,"12-Aug-2026",726,"",""
"1746","MAGNUM","EQ",19.31,20.18,19.31,19.58,19.5,19.7,47871,9.41,"12-Aug-2026",87,"",""
"1747","MAGSON","SM",180.15,180.15,180,180,180,181.05,3000,5.4,"12-Aug-2026",3,"",""
"1748","MAHABANK","EQ",78.85,81.99,78.75,81.87,81.9,78.95,26570514,21592.1,"12-Aug-2026",73541,"",""
"1749","MAHAPEXLTD","EQ",55,59.8,54,56.84,57,52.98,147048,83.67,"12-Aug-2026",1620,"",""
"1750","MAHASTEEL","BE",1039.4,1039.4,987.6,994.6,991,1039.4,5673,56.4,"12-Aug-2026",174,"",""
"1751","MAHEPC","EQ",107.27,109.88,107.02,107.52,107.94,107.27,14406,15.56,"12-Aug-2026",356,"",""
"1752","MAHESHWARI","BE",74.39,74.39,71.56,73.05,73.05,73,10475,7.64,"12-Aug-2026",29,"",""
"1753","MAHICKRA","SM",261,280,235,261,261,265.05,10500,26.56,"12-Aug-2026",11,"",""
"1754","MAHKTECH","EQ",23.99,23.99,23.53,23.7,23.7,23.78,777537,184.62,"12-Aug-2026",5865,"",""
"1755","MAHLIFE","EQ",383,385.75,378.1,382.85,382.2,382.65,69600,266.49,"12-Aug-2026",6184,"",""
"1756","MAHLOG","EQ",411.35,414,402,406.95,410,409.35,188205,764.09,"12-Aug-2026",6324,"",""
"1757","MAHSCOOTER","EQ",13786,13786,13559,13640,13559,13786,1350,184.73,"12-Aug-2026",827,"",""
"1758","MAHSEAMLES","EQ",597.75,612.05,592.9,609.95,610.05,595,118552,714.82,"12-Aug-2026",9147,"",""
"1759","MAITHANALL","EQ",1005.6,1006,986,991.7,992.6,1005.6,41434,410.51,"12-Aug-2026",2125,"",""
"1760","MAITREYA","SM",119.55,120.2,119.55,120.2,120.2,112.5,1600,1.92,"12-Aug-2026",4,"",""
"1761","MAJESAUT","BE",400.6,400.6,400.6,400.6,400.6,421.65,3459,13.86,"12-Aug-2026",189,"",""
"1762","MAKEINDIA","EQ",169.1,169.69,168.41,169.02,169.08,169.1,32509,54.92,"12-Aug-2026",440,"",""
"1763","MAL","SM",30.4,30.4,29.05,29.85,29.7,30.45,41600,12.27,"12-Aug-2026",25,"",""
"1764","MALLCOM","EQ",995.3,1000,977,981.35,977,992,1292,12.75,"12-Aug-2026",140,"",""
"1765","MALUPAPER","EQ",32,32.29,31.52,31.56,31.56,31.6,2744,0.87,"12-Aug-2026",55,"",""
"1766","MAMATA","EQ",423.45,427,421,426.05,425.2,425.2,64203,272.94,"12-Aug-2026",1430,"",""
"1767","MANAKALUCO","EQ",42,42,38.73,39.32,39.2,42.47,292935,116.88,"12-Aug-2026",3024,"",""
"1768","MANAKCOAT","EQ",117.51,118.2,112.06,117.5,118.2,117.51,805369,922.17,"12-Aug-2026",3912,"",""
"1769","MANAKSIA","EQ",59,59.5,57.7,58.42,59.15,58.8,17745,10.35,"12-Aug-2026",262,"",""
"1770","MANAKSTEEL","EQ",88.94,88.94,81.1,82.75,83,84.71,572953,496.42,"12-Aug-2026",2014,"",""
"1771","MANALIPETC","EQ",65.5,69.28,65.5,67.39,67.1,65.53,1189183,802.29,"12-Aug-2026",7756,"",""
"1772","MANAPPURAM","EQ",369.95,369.95,351,352.6,352.6,360,31501308,112945.13,"12-Aug-2026",176050,"",""
"1773","MANAV","SM",24.45,24.45,24.45,24.45,24.45,24,4000,0.98,"12-Aug-2026",1,"",""
"1774","MANBA","EQ",132.63,134.8,130,131.44,130.63,133.4,33354,43.87,"12-Aug-2026",1160,"",""
"1775","MANCREDIT","EQ",247.1,248.09,243,243.44,246,247.05,41301,101.24,"12-Aug-2026",798,"",""
"1776","MANGALAM","EQ",26.93,27.48,26.93,27.27,27.13,26.93,15474,4.21,"12-Aug-2026",115,"",""
"1777","MANGLMCEM","EQ",906.15,907.75,891.05,903.75,904,906.15,17065,153.6,"12-Aug-2026",846,"",""
"1778","MANINDS","EQ",575,638.7,573,598.65,591.55,559.1,10838305,66693.78,"12-Aug-2026",250747,"",""
"1779","MANINFRA","EQ",113,116.49,107.11,108.55,108,111.36,5029976,5671.56,"12-Aug-2026",31143,"",""
"1780","MANIPALHOS","EQ",701.45,708.35,685.15,692.45,687.5,701.45,2196188,15255.83,"12-Aug-2026",35772,"",""
"1781","MANKIND","EQ",2418,2433.1,2381.3,2433.1,2433.1,2425,754503,18167.5,"12-Aug-2026",39427,"",""
"1782","MANOMAY","EQ",217.99,218.59,210.35,216.56,215.45,216.41,73452,158.66,"12-Aug-2026",972,"",""
"1783","MANORAMA","EQ",1599,1639.4,1594.6,1626,1622.6,1597.8,122560,1991.63,"12-Aug-2026",11435,"",""
"1784","MANORG","EQ",455,460,448.8,450.05,450,449.9,22206,100.52,"12-Aug-2026",550,"",""
"1785","MANUFGBEES","EQ",167,167.61,166.02,166.94,167.51,166.85,4435,7.38,"12-Aug-2026",122,"",""
"1786","MANUGRAPH","BE",15.26,15.96,15.26,15.42,15.75,15.99,7453,1.16,"12-Aug-2026",43,"",""
"1787","MANYAVAR","EQ",526.9,526.9,511,521.9,518.6,522,468600,2434.35,"12-Aug-2026",19967,"",""
"1788","MAPMYINDIA","EQ",1018.3,1020.1,986.6,996.2,995,1013.3,165017,1645.47,"12-Aug-2026",13947,"",""
"1789","MARALOVER","BE",54.2,54.2,52,52.96,53.55,53.2,6323,3.37,"12-Aug-2026",44,"",""
"1790","MARATHON","EQ",378.9,383.95,371.2,373.3,372.6,377.8,34628,130.17,"12-Aug-2026",1372,"",""
"1791","MARC","SM",132.1,132.1,123,128.65,130,132.1,9600,12.43,"12-Aug-2026",6,"",""
"1792","MARCO","SM",31.4,31.5,31.4,31.5,31.5,30.15,3000,0.94,"12-Aug-2026",2,"",""
"1793","MARICO","EQ",855,857.05,839.05,855,855,855,1770553,14974.08,"12-Aug-2026",42908,"",""
"1794","MARINE","EQ",349.7,355.3,341,347,347,349.7,870386,3008.81,"12-Aug-2026",13725,"",""
"1795","MARINETRAN","SM",17.05,17.05,17.05,17.05,17.05,16.25,8000,1.36,"12-Aug-2026",2,"",""
"1796","MARKOLINES","EQ",176.53,177.9,174,175.12,175,176.84,115552,203.74,"12-Aug-2026",1141,"",""
"1797","MARKSANS","EQ",280,320,277.45,312.6,309.7,278.95,47809908,148658.67,"12-Aug-2026",386092,"",""
"1798","MARSONS","EQ",102.89,104.76,100.25,103.16,103.15,102.19,1976838,2025.38,"12-Aug-2026",12060,"",""
"1799","MARUSHIKA","SM",112,112.1,111,111,111,114,3600,4.02,"12-Aug-2026",3,"",""
"1800","MARUTI","EQ",13990,14067,13875,13875,13875,13990,354408,49493.79,"12-Aug-2026",50131,"",""
"1801","MASFIN","EQ",302.3,305,299,302.85,305,300.1,80187,242.8,"12-Aug-2026",7956,"",""
"1802","MASON","SM",118.3,119.95,118.25,118.25,118.25,118.3,3000,3.56,"12-Aug-2026",5,"",""
"1803","MASPTOP50","EQ",80.96,80.96,80.61,80.96,80.96,81.09,408724,330.74,"12-Aug-2026",4314,"",""
"1804","MASTEK","EQ",1812.6,1831,1793.2,1819.1,1818,1812.6,53013,962.99,"12-Aug-2026",9083,"",""
"1805","MASTERTR","EQ",78.6,78.71,76.59,77.51,78.51,78.13,147885,114.82,"12-Aug-2026",1325,"",""
"1806","MATRIMONY","EQ",529.4,549.7,502,541.5,543.2,537.1,365358,1926.84,"12-Aug-2026",10031,"",""
"1807","MAWANASUG","EQ",115.17,116,111.1,111.99,112,115.17,265742,300.99,"12-Aug-2026",1755,"",""
"1808","MAXESTATES","EQ",421.45,426.7,412.5,420.65,422,426.65,59253,248.36,"12-Aug-2026",3780,"",""
"1809","MAXHEALTH","EQ",1030.8,1034.9,1001.5,1007.5,1007.5,1040,2762821,27933.35,"12-Aug-2026",72741,"",""
"1810","MAXIND","EQ",168.66,169.99,161,162.64,163.23,170.48,247434,404.42,"12-Aug-2026",5082,"",""
"1811","MAXPOSURE","SM",32.1,32.95,32.1,32.95,32.95,32.25,5000,1.62,"12-Aug-2026",4,"",""
"1812","MAXVOLT","ST",320,323.5,315,319.25,320,322.05,38800,123.6,"12-Aug-2026",97,"",""
"1813","MAYASHEEL","SM",39.6,39.6,38,38.25,38,36,15000,5.84,"12-Aug-2026",5,"",""
"1814","MAYURUNIQ","EQ",775.5,779.3,745.1,750.75,755,779.1,81890,622.02,"12-Aug-2026",5309,"",""
"1815","MAZDA","BE",240.12,249.5,235.61,240.54,241.9,244.92,18163,43.92,"12-Aug-2026",357,"",""
"1816","MAZDOCK","EQ",2554,2569.9,2485.9,2552,2552,2554,692659,17579.72,"12-Aug-2026",33253,"",""
"1817","MBAPL","EQ",165.96,170.94,164.49,165.75,165.99,165.49,582352,974.6,"12-Aug-2026",9454,"",""
"1818","MBEL","EQ",269.95,276,263.3,268.05,267.3,267.1,579001,1568.23,"12-Aug-2026",13490,"",""
"1819","MBLINFRA","EQ",24.36,24.94,24.35,24.57,24.55,24.52,25458,6.27,"12-Aug-2026",58,"",""
"1820","MCCHRLS-B","EQ",710,710,677,679.95,679.95,679.65,67,0.45,"12-Aug-2026",9,"",""
"1821","MCL","EQ",58.7,58.99,57.22,58.58,58.04,58.34,101885,59.14,"12-Aug-2026",3032,"",""
"1822","MCLEODRUSS","EQ",47.99,47.99,46.8,47.75,47.93,48.86,436901,207.28,"12-Aug-2026",1770,"",""
"1823","MCLOUD","EQ",28.9,29.7,27.8,29.08,28.55,28.91,2480178,722.64,"12-Aug-2026",6915,"",""
"1824","MCON","SM",40,40,40,40,40,40.15,1000,0.4,"12-Aug-2026",1,"",""
"1825","MCX","EQ",2965,2987.9,2880.1,2970.1,2970.1,2895,6169318,181673.38,"12-Aug-2026",218349,"",""
"1826","MDL","ST",64,64,64,64,64,63.75,1000,0.64,"12-Aug-2026",1,"",""
"1827","MEDANTA","EQ",1440.4,1446.7,1380,1393.5,1391,1440.4,243269,3436.73,"12-Aug-2026",27617,"",""
"1828","MEDIASSIST","EQ",346.3,355.95,343.55,352.05,351,346.25,124679,435.15,"12-Aug-2026",6295,"",""
"1829","MEDICAMEQ","EQ",237.95,249,235.2,238.98,235.35,236.96,24769,60,"12-Aug-2026",699,"",""
"1830","MEDICO","EQ",45.25,47.99,45.25,47.45,47.25,45.25,525021,244.26,"12-Aug-2026",1600,"",""
"1831","MEDIORG","SM",23.2,23.2,23.2,23.2,23.2,24.4,2000,0.46,"12-Aug-2026",1,"",""
"1832","MEDPLUS","EQ",680,690.5,672,675.05,672,679.15,166414,1131.03,"12-Aug-2026",8317,"",""
"1833","MEESHO","EQ",190.75,194.17,190.44,191.89,191.97,190.41,8383592,16110.72,"12-Aug-2026",59855,"",""
"1834","MEGAFLEX","SM",90.75,100,90.75,100,100,95.5,2000,1.91,"12-Aug-2026",2,"",""
"1835","MEGASTAR","EQ",320.2,330,310,319.95,313,319.45,7978,25.52,"12-Aug-2026",391,"",""
"1836","MEGATHERM","SM",198,204.95,191,194.35,194.5,198.3,59200,115.33,"12-Aug-2026",139,"",""
"1837","MEIL","EQ",270,277,270,274.95,276.9,270.15,33202,90.98,"12-Aug-2026",998,"",""
"1838","MENNPIS","EQ",73.74,74.05,71.15,72.14,71.6,73.28,101699,73.48,"12-Aug-2026",1199,"",""
"1839","MENONBE","BE",244,246,228.55,235.63,238.8,237.22,35816,85.71,"12-Aug-2026",767,"",""
"1840","MEP","BZ",0.6,0.6,0.6,0.6,0.6,0.59,3453,0.02,"12-Aug-2026",9,"",""
"1841","MERCANTILE","EQ",25.49,25.49,24.2,24.36,24.3,24.55,1426,0.35,"12-Aug-2026",25,"",""
"1842","MERCURYEV","EQ",35.44,35.44,34.63,35.02,35,34.71,63748,22.32,"12-Aug-2026",750,"",""
"1843","METAL","EQ",13.21,13.54,13.16,13.26,13.3,13.21,1521099,202.38,"12-Aug-2026",4805,"",""
"1844","METALIC","SM",113,118,106.25,108.9,108.05,111.7,267200,297.81,"12-Aug-2026",158,"",""
"1845","METALIETF","EQ",13.01,13.72,13.01,13.24,13.3,13.16,5890040,780.68,"12-Aug-2026",8025,"",""
"1846","METROBRAND","EQ",950.3,959.2,932,937.8,937.6,949.8,133770,1268.6,"12-Aug-2026",4813,"",""
"1847","METROGLOBL","EQ",137,137,132,133.05,134.88,134.46,1536,2.05,"12-Aug-2026",48,"",""
"1848","METROPOLIS","EQ",570,582.4,550.1,552.4,551.2,566.25,365205,2053.92,"12-Aug-2026",17308,"",""
"1849","MFML","EQ",19,19.04,18.6,18.64,18.63,18.78,5378,1.02,"12-Aug-2026",38,"",""
"1850","MFSL","EQ",1500.4,1531.6,1495,1516,1516,1499,489596,7422.46,"12-Aug-2026",32552,"",""
"1851","MGEL","BE",14.41,14.65,14.12,14.45,14.48,14.34,64451,9.25,"12-Aug-2026",166,"",""
"1852","MGL","EQ",1138,1138,1114,1118.5,1115,1134.3,55339,623.05,"12-Aug-2026",5042,"",""
"1853","MGSL","SM",69,70.5,69,70.5,70.5,73,4800,3.34,"12-Aug-2026",4,"",""
"1854","MHLXMIRU","EQ",162,171.42,162,171.42,171.42,155.84,147574,251.82,"12-Aug-2026",725,"",""
"1855","MHRIL","EQ",225.57,227,223.22,224.88,226.52,225.57,57137,128.41,"12-Aug-2026",3085,"",""
"1856","MICEL","BE",36.95,36.95,36,36.12,36.15,36.44,195569,70.82,"12-Aug-2026",1130,"",""
"1857","MICROPRO","SM",19,19,19,19,19,18.75,1600,0.3,"12-Aug-2026",1,"",""
"1858","MID150","EQ",23.88,23.89,23.72,23.81,23.88,23.88,25920,6.17,"12-Aug-2026",177,"",""
"1859","MID150BEES","EQ",244.84,244.84,241.78,242.77,243.29,242.81,520360,1261.38,"12-Aug-2026",11077,"",""
"1860","MID150CASE","EQ",11.87,11.87,11.7,11.8,11.81,11.79,1235831,145.73,"12-Aug-2026",3024,"",""
"1861","MIDBANKADD","EQ",17.36,17.45,17.3,17.45,17.45,17.35,1018,0.18,"12-Aug-2026",21,"",""
"1862","MIDCAP","EQ",19.09,19.09,18.59,18.72,18.8,18.72,511295,95.49,"12-Aug-2026",890,"",""
"1863","MIDCAPADD","EQ",23.51,23.55,23.38,23.53,23.55,23.53,12461,2.92,"12-Aug-2026",31,"",""
"1864","MIDCAPBETA","EQ",237.64,239.9,235.93,239.83,239.9,237.02,820,1.94,"12-Aug-2026",37,"",""
"1865","MIDCAPETF","EQ",23.98,24.1,23.89,23.99,24.08,23.98,1913020,458.31,"12-Aug-2026",4466,"",""
"1866","MIDCAPIETF","EQ",24.31,24.49,24.19,24.28,24.2,24.31,811710,196.8,"12-Aug-2026",2098,"",""
"1867","MIDHANI","EQ",427.75,438.6,400.15,408.45,403.7,427.75,2359127,9919.5,"12-Aug-2026",52164,"",""
"1868","MIDQ50ADD","EQ",25.92,25.92,25.5,25.63,25.64,25.68,77824,19.91,"12-Aug-2026",101,"",""
"1869","MIDSELIETF","EQ",19.88,19.96,19.73,19.85,19.81,19.84,160576,31.79,"12-Aug-2026",615,"",""
"1870","MIDSMALL","EQ",52.77,52.77,52.26,52.49,52.55,52.27,577422,302.84,"12-Aug-2026",770,"",""
"1871","MIDWESTLTD","EQ",1180,1215.9,1094.3,1112.4,1120,1174.1,91798,1054.78,"12-Aug-2026",6544,"",""
"1872","MILTON","SM",39.15,39.15,35.5,38.05,39.1,37.3,642400,230.13,"12-Aug-2026",21,"",""
"1873","MINDACORP","EQ",721.7,743.9,719.3,736.3,736.1,721.45,507767,3741.53,"12-Aug-2026",23043,"",""
"1874","MINDSPACE","RR",496.79,497,494.15,494.68,495.5,495.57,105630,523.16,"12-Aug-2026",8434,"",""
"1875","MINDTECK","EQ",192,196,178,180.65,179.89,192.75,157420,291.84,"12-Aug-2026",3965,"",""
"1876","MIRZAINT","EQ",32.89,32.99,32.01,32.16,32.12,32.74,124656,40.29,"12-Aug-2026",1050,"",""
"1877","MITCON","BE",77,78.48,73.15,77,77,77,5410,4.12,"12-Aug-2026",35,"",""
"1878","MITTAL","EQ",0.91,0.91,0.89,0.89,0.9,0.89,300303,2.71,"12-Aug-2026",245,"",""
"1879","MKPL","EQ",4.16,4.22,4.1,4.18,4.14,4.19,74702,3.12,"12-Aug-2026",340,"",""
"1880","MMEL","ST",28.55,28.55,25.9,25.9,25.9,27.2,14000,3.94,"12-Aug-2026",6,"",""
"1881","MMFL","EQ",642.9,656.2,632.05,636.85,640,643.15,100275,646.26,"12-Aug-2026",5059,"",""
"1882","MMP","EQ",340.65,349.5,336,345.2,346.5,338.15,48700,167.38,"12-Aug-2026",2183,"",""
"1883","MMTC","EQ",65.8,66.2,64.01,64.43,64.1,64.98,1977239,1286.65,"12-Aug-2026",11003,"",""
"1884","MMWL","EQ",16.25,16.25,15.16,15.24,15.5,15.95,20937,3.24,"12-Aug-2026",103,"",""
"1885","MNC","EQ",34.92,34.97,34.73,34.82,34.86,34.92,41775,14.54,"12-Aug-2026",353,"",""
"1886","MOALPHA50","EQ",56.66,56.68,56.25,56.4,56.4,56,13908,7.87,"12-Aug-2026",55,"",""
"1887","MOBANK10","EQ",16.8,17.2,16.8,16.95,16.95,16.93,9587,1.63,"12-Aug-2026",71,"",""
"1888","MOBIKWIK","EQ",212.9,213.14,206.1,207.01,207.5,212.2,666651,1393.57,"12-Aug-2026",8610,"",""
"1889","MOCAPITAL","EQ",53.51,53.83,53.2,53.64,53.69,53.51,809037,432.89,"12-Aug-2026",2502,"",""
"1890","MODEFENCE","EQ",106.23,106.31,104.58,105.7,105.32,105.17,1269680,1337.4,"12-Aug-2026",6634,"",""
"1891","MODINATUR","BE",399.95,401.5,390,390,390,392.1,2847,11.16,"12-Aug-2026",36,"",""
"1892","MODIRUBBER","EQ",119.5,122.06,119.5,120.85,122.06,121.29,789,0.95,"12-Aug-2026",39,"",""
"1893","MODIS","EQ",415,415,402,404.9,405.5,409.95,16211,66,"12-Aug-2026",814,"",""
"1894","MODISONLTD","BE",322.8,322.8,292.1,308.8,309,307.45,291029,919.24,"12-Aug-2026",1784,"",""
"1895","MODTHREAD","EQ",46.03,46.07,45.53,45.91,45.53,46.52,576,0.26,"12-Aug-2026",27,"",""
"1896","MOENERGY","EQ",38.82,39.33,33.3,38.87,38.95,38.82,135976,52.29,"12-Aug-2026",808,"",""
"1897","MOGOLD","EQ",150.6,151.45,150.45,151.3,151,150.2,33804,51.06,"12-Aug-2026",832,"",""
"1898","MOGSEC","EQ",65.6,65.9,65.3,65.4,65.6,65.42,2735,1.79,"12-Aug-2026",54,"",""
"1899","MOHEALTH","EQ",52.31,52.77,51.62,51.78,51.9,52.31,72614,37.66,"12-Aug-2026",749,"",""
"1900","MOHITIND","EQ",26,26.96,24.51,25.2,25.8,26.19,13190,3.38,"12-Aug-2026",167,"",""
"1901","MOIL","EQ",280,288.95,278.15,280.55,279.9,279.45,1135494,3217.89,"12-Aug-2026",23052,"",""
"1902","MOINFRA","EQ",59.89,60.93,59.65,60.03,59.91,59.85,3332,1.99,"12-Aug-2026",94,"",""
"1903","MOIPO","EQ",48.6,48.6,48.4,48.49,48.49,48.6,1563,0.76,"12-Aug-2026",33,"",""
"1904","MOKSH","EQ",10.88,10.88,10.5,10.54,10.64,10.69,29281,3.1,"12-Aug-2026",170,"",""
"1905","MOL","EQ",56.88,59.65,56,57.29,57.45,57.15,2268227,1315.57,"12-Aug-2026",13510,"",""
"1906","MOLDTECH","BE",182.75,191,173.62,180.65,179.1,182.75,138008,243.71,"12-Aug-2026",1081,"",""
"1907","MOLDTKPAC","EQ",678.85,689.15,675,685.45,685.85,678.85,31504,214.9,"12-Aug-2026",2713,"",""
"1908","MOLOWVOL","EQ",37.42,37.42,37.1,37.33,37.34,37.42,144718,53.77,"12-Aug-2026",52,"",""
"1909","MOM100","EQ",68.78,68.91,68.52,68.76,68.91,68.77,346105,237.82,"12-Aug-2026",2253,"",""
"1910","MOM30IETF","EQ",31.87,31.96,31.7,31.85,31.89,31.65,1336756,425.4,"12-Aug-2026",1402,"",""
"1911","MOM50","EQ",257.5,257.5,254.24,255.88,255.4,255.94,10312,26.34,"12-Aug-2026",116,"",""
"1912","MOMENTUM","EQ",31.63,31.79,31.4,31.7,31.75,31.47,44449,14.08,"12-Aug-2026",180,"",""
"1913","MOMENTUM30","EQ",31.11,31.39,31.11,31.22,31.14,31.11,92542,28.94,"12-Aug-2026",92,"",""
"1914","MOMENTUM50","EQ",54.22,54.77,54,54.72,54.77,54.22,713320,389.62,"12-Aug-2026",1469,"",""
"1915","MOMETAL","EQ",13.32,13.32,13.14,13.16,13.16,13.19,2640,0.35,"12-Aug-2026",20,"",""
"1916","MOMGF","EQ",166.46,166.8,165.5,165.54,165.5,166.58,898,1.49,"12-Aug-2026",39,"",""
"1917","MOMIDMTM","EQ",64.14,65.37,64.14,65.05,65.06,64.79,105085,68.45,"12-Aug-2026",285,"",""
"1918","MOMMIDCAP","EQ",13.02,13.18,13,13.11,13.18,12.96,1103236,144.55,"12-Aug-2026",339,"",""
"1919","MOMNC","EQ",33.87,33.87,33.65,33.8,33.8,33.9,4447,1.5,"12-Aug-2026",22,"",""
"1920","MOMOMENTUM","EQ",63.43,63.72,63,63.21,63.06,63.12,23102,14.63,"12-Aug-2026",328,"",""
"1921","MON100","EQ",331.16,331.16,331.16,331.16,331.16,331.95,105204,348.39,"12-Aug-2026",956,"",""
"1922","MON50EQUAL","EQ",34.67,34.67,33.52,34.08,34.65,34.37,17776,6.03,"12-Aug-2026",127,"",""
"1923","MONARCH","EQ",376.25,390,375.35,377.75,378,376.25,165266,630.5,"12-Aug-2026",3491,"",""
"1924","MONEXT50","EQ",75.89,75.89,74.05,74.54,74.55,74.82,14359,10.7,"12-Aug-2026",86,"",""
"1925","MONEYBOXX","EQ",61,62,60,60,60,62,28227,17.14,"12-Aug-2026",173,"",""
"1926","MONIFTY100","EQ",25.83,26.25,25.61,25.76,26.21,25.81,32104,8.27,"12-Aug-2026",64,"",""
"1927","MONIFTY500","EQ",23.75,24.37,23.75,24.21,24.3,24.23,853714,206.16,"12-Aug-2026",1467,"",""
"1928","MONOLITH","SM",861,950,861,935.8,950,860.25,111750,1024.32,"12-Aug-2026",291,"",""
"1929","MONQ50","EQ",148.2,148.2,148.2,148.2,148.2,148.92,10197,15.11,"12-Aug-2026",131,"",""
"1930","MONTECARLO","EQ",508,508,498.1,500.45,500,504.15,59178,297.48,"12-Aug-2026",1631,"",""
"1931","MOOILGAS","EQ",11.67,11.7,11.21,11.28,11.3,11.39,23743,2.69,"12-Aug-2026",75,"",""
"1932","MOPSE","EQ",101.48,101.96,99.16,100.27,100.2,100.02,11006,11.08,"12-Aug-2026",67,"",""
"1933","MOQUALITY","EQ",207.19,207.19,204.98,205.99,206,207.15,9389,19.28,"12-Aug-2026",45,"",""
"1934","MOREALTY","EQ",89.36,89.36,88.08,88.66,88.83,89.31,619787,548.23,"12-Aug-2026",3113,"",""
"1935","MOREPENLAB","EQ",77.09,77.57,72.56,73.46,73.45,76.89,13287951,9964.58,"12-Aug-2026",35042,"",""
"1936","MOS","ST",10.4,10.7,10.25,10.65,10.65,10.45,84000,8.85,"12-Aug-2026",18,"",""
"1937","MOSCHIP","EQ",207.86,208.61,204.5,205.19,205.24,207.86,852556,1751.88,"12-Aug-2026",11285,"",""
"1938","MOSERVICE","EQ",31.46,31.8,31.19,31.34,31.8,31.58,6312,1.97,"12-Aug-2026",75,"",""
"1939","MOSILVER","EQ",230.83,233.99,229.81,233.02,233.99,229.65,101634,235.68,"12-Aug-2026",1560,"",""
"1940","MOSMALL250","EQ",18.56,18.58,18.37,18.48,18.45,18.45,3559277,658.34,"12-Aug-2026",2504,"",""
"1941","MOTHERSON","EQ",170.1,171.83,168.62,169.5,169.5,169.26,15747026,26763.82,"12-Aug-2026",85442,"",""
"1942","MOTILALOFS","EQ",890.15,901,873.3,901,901,888,713954,6333.86,"12-Aug-2026",21590,"",""
"1943","MOTISONS","EQ",14.09,14.23,13.51,13.6,13.64,14.02,27928421,3887.19,"12-Aug-2026",23142,"",""
"1944","MOTOGENFIN","BE",26.8,26.8,26.06,26.64,26.64,26.25,4944,1.31,"12-Aug-2026",8,"",""
"1945","MOTOUR","EQ",80.4,80.4,79.61,80.14,80.15,80.4,13717,10.95,"12-Aug-2026",201,"",""
"1946","MOVALUE","EQ",115.45,115.99,114.84,115.78,115.21,115.28,75227,86.83,"12-Aug-2026",603,"",""
"1947","MPHASIS","EQ",2536,2540.1,2472,2537.6,2537.6,2530,366804,9149.44,"12-Aug-2026",20683,"",""
"1948","MPSLTD","EQ",2831,2887.9,2811,2871.9,2843,2849.2,27994,798.75,"12-Aug-2026",3828,"",""
"1949","MRF","EQ",131540,131985,130430,130785,130700,131125,4123,5396.83,"12-Aug-2026",2893,"",""
"1950","MRIL","ST",63.15,63.2,63.15,63.15,63.15,66.45,8000,5.05,"12-Aug-2026",5,"",""
"1951","MRPL","EQ",180.24,180.78,173.22,175.38,174.2,181.14,10085904,17929.57,"12-Aug-2026",55839,"",""
"1952","MSCI360","EQ",10.32,10.32,10.17,10.29,10.29,10.32,4277,0.44,"12-Aug-2026",27,"",""
"1953","MSCIADD","EQ",30.29,30.5,29.84,30.04,30.5,30.29,12396,3.72,"12-Aug-2026",39,"",""
"1954","MSCIINDIA","EQ",30.44,30.45,30.2,30.37,30.35,30.32,17351,5.26,"12-Aug-2026",71,"",""
"1955","MSPL","EQ",35.5,35.6,34.5,34.87,34.95,35.52,409960,143.24,"12-Aug-2026",2840,"",""
"1956","MSTCLTD","EQ",573.2,599,573,588.85,590,571,232536,1366.38,"12-Aug-2026",9012,"",""
"1957","MSUMI","EQ",41.01,41.2,40.56,41.04,40.98,41.01,9094596,3724.89,"12-Aug-2026",63260,"",""
"1958","MTARTECH","BE",6748,7199,6733,7111.5,7160,6893,217622,15203.7,"12-Aug-2026",25574,"",""
"1959","MTEDUCARE","BE",2.03,2.03,1.9,1.96,1.97,1.99,59513,1.15,"12-Aug-2026",51,"",""
"1960","MTNL","EQ",27.35,27.55,26.87,26.99,26.98,27.37,376690,102.12,"12-Aug-2026",2303,"",""
"1961","MUFIN","EQ",139.99,139.99,132,135.4,135,135.98,2414696,3278.81,"12-Aug-2026",16107,"",""
"1962","MUFTI","EQ",80.75,83.18,77.01,80.07,80.1,83.26,412623,326.66,"12-Aug-2026",4753,"",""
"1963","MUKANDLTD","EQ",140.01,143.8,134.39,135.56,136,140.61,1701821,2366.73,"12-Aug-2026",25250,"",""
"1964","MUKKA","EQ",23.9,24.9,23.53,24.18,24.5,23.78,695575,167.79,"12-Aug-2026",1892,"",""
"1965","MUKTAARTS","BE",57,58.49,56,56.56,56.56,57.18,2733,1.58,"12-Aug-2026",20,"",""
"1966","MULTICAP","EQ",17.31,17.31,16.9,16.94,16.95,16.97,128679,21.8,"12-Aug-2026",497,"",""
"1967","MUNISH","SM",85,86,83.95,86,86,87.25,67200,56.78,"12-Aug-2026",14,"",""
"1968","MUNJALAU","EQ",102,102.69,99.05,99.83,99.65,102.02,204799,206.22,"12-Aug-2026",2477,"",""
"1969","MUNJALSHOW","EQ",134.14,135.63,132,132.39,132.1,134.9,33323,44.49,"12-Aug-2026",621,"",""
"1970","MURUDCERA","EQ",32.34,32.5,31,31.8,32,31.79,36313,11.57,"12-Aug-2026",291,"",""
"1971","MUTHOOTCAP","EQ",261,262.38,257,259.83,258.25,259.4,11817,30.75,"12-Aug-2026",405,"",""
"1972","MUTHOOTFIN","EQ",2925.4,2932.9,2870.1,2876.3,2876.3,2915.9,822104,23749.15,"12-Aug-2026",48904,"",""
"1973","MUTHOOTMF","EQ",219.2,222.8,212.21,213.06,214,218.9,450472,968.34,"12-Aug-2026",6799,"",""
"1974","MVELECTRO","EQ",600.9,607.7,571.2,582.85,584.8,599.45,1534434,8939.4,"12-Aug-2026",33771,"",""
"1975","MVGJL","EQ",160.05,163.99,154.91,155.89,156.4,162.21,79302,125.43,"12-Aug-2026",1850,"",""
"1976","MVKAGRO","SM",256,256.6,253.6,253.6,253.6,266.9,59100,150.2,"12-Aug-2026",89,"",""
"1977","MWL","EQ",42.24,42.59,41.17,41.59,41.6,41.93,259389,108.08,"12-Aug-2026",945,"",""
"1978","MYMUDRA","SM",74.1,77,73.1,73.35,73.1,77,26400,19.78,"12-Aug-2026",17,"",""
"1979","NACLIND","EQ",177.48,177.48,170.5,171.27,170.77,176.6,503552,868.33,"12-Aug-2026",10389,"",""
"1980","NAGREEKCAP","EQ",22.35,23.7,22.3,22.8,22.7,23.22,1177,0.27,"12-Aug-2026",48,"",""
"1981","NAGREEKEXP","EQ",23.15,23.49,22.12,22.55,22.85,22.72,127445,29.48,"12-Aug-2026",434,"",""
"1982","NAHARCAP","EQ",257.4,265.2,254,256.15,254.5,264.58,2357,6.06,"12-Aug-2026",160,"",""
"1983","NAHARINDUS","EQ",127.85,128.85,118.4,119.95,119.1,128.85,88513,107.4,"12-Aug-2026",851,"",""
"1984","NAHARPOLY","EQ",250.7,254,246.05,249.95,253.45,250.7,21903,54.56,"12-Aug-2026",538,"",""
"1985","NAHARSPING","EQ",310.75,313.55,296.05,305.55,304.5,308.15,37219,112.84,"12-Aug-2026",1494,"",""
"1986","NAM-INDIA","EQ",1180.2,1183,1167.6,1182.3,1182.3,1171.3,639623,7514.53,"12-Aug-2026",19086,"",""
"1987","NAMOEWASTE","ST",258,270.95,251,270.9,270.9,259,62400,166.43,"12-Aug-2026",69,"",""
"1988","NARMADA","EQ",13.5,14.47,13.4,14.23,14.3,13.48,1171073,162.57,"12-Aug-2026",2961,"",""
"1989","NATCAPSUQ","EQ",167,167,156,159.08,158.59,165.35,21717,34.88,"12-Aug-2026",382,"",""
"1990","NATCOPHARM","EQ",907.95,922.15,906,915.3,917,907,270111,2470.74,"12-Aug-2026",18599,"",""
"1991","NATHBIOGEN","EQ",158.99,158.99,154.01,154.63,155.9,157.14,13153,20.4,"12-Aug-2026",307,"",""
"1992","NATIONALUM","EQ",398.5,422.2,398.5,420,420,388,34388331,143275.54,"12-Aug-2026",260528,"",""
"1993","NATIONSTD","EQ",164.5,164.5,164.5,164.5,164.5,173.15,2925,4.81,"12-Aug-2026",140,"",""
"1994","NAUKRI","EQ",1360.1,1364,1329.6,1339,1339,1360,1787437,24048.73,"12-Aug-2026",58921,"",""
"1995","NAVA","EQ",570.95,598.5,568.75,589.2,586.7,569.15,733849,4322.51,"12-Aug-2026",23328,"",""
"1996","NAVINFLUOR","EQ",8200,8444,8125.5,8356.5,8352.5,8156,290940,24296.15,"12-Aug-2026",37693,"",""
"1997","NAVKARCORP","EQ",98.61,100.36,98.61,100.05,100,99.67,230854,230.19,"12-Aug-2026",2077,"",""
"1998","NAVKARURB","BE",1.01,1.02,0.99,1,1.01,0.99,513721,5.11,"12-Aug-2026",244,"",""
"1999","NAVNETEDUL","EQ",132.6,136.01,131.22,134.9,134.15,132.75,254987,341.09,"12-Aug-2026",4337,"",""
"2000","NAZARA","EQ",354.55,358,350,352.2,353,355.4,674988,2384.56,"12-Aug-2026",7932,"",""
"2001","NBCC","EQ",93.8,94.14,90.9,92.17,92.17,93.8,11484423,10602.82,"12-Aug-2026",50685,"",""
"2002","NBIFIN","EQ",2200,2200,2049,2105.5,2090,2160.1,810,17.35,"12-Aug-2026",148,"",""
"2003","NCC","EQ",144.82,145.38,143.01,143.41,144,144.76,1041362,1496.42,"12-Aug-2026",12755,"",""
"2004","NCLIND","EQ",174.9,174.9,173,173.23,173,173.97,23006,40,"12-Aug-2026",2263,"",""
"2005","NDGL","EQ",2720,2909.1,2700,2850.2,2850,2717,872,25.05,"12-Aug-2026",142,"",""
"2006","NDL","EQ",2.29,2.38,2.26,2.34,2.37,2.32,748908,17.36,"12-Aug-2026",755,"",""
"2007","NDLVENTURE","EQ",126.83,130.99,125.85,127.03,128.79,128.02,460385,585.07,"12-Aug-2026",500,"",""
"2008","NDRAUTO","EQ",821.05,831.85,806.2,809.85,808.1,828.65,20149,165.02,"12-Aug-2026",1420,"",""
"2009","NDTV","EQ",76.95,76.95,75.42,76.11,76.55,76.95,101594,77.16,"12-Aug-2026",961,"",""
"2010","NEAGI","EQ",3138.4,3138.4,3138.4,3138.4,3138.4,3138.4,1,0.03,"12-Aug-2026",1,"",""
"2011","NECCLTD","BE",14.97,14.97,14.61,14.9,14.9,14.67,27475,4.07,"12-Aug-2026",101,"",""
"2012","NECLIFE","BE",10.55,10.95,10.5,10.8,10.78,10.5,169332,18.2,"12-Aug-2026",234,"",""
"2013","NELCAST","EQ",121.75,121.87,118.63,119.7,119.11,121.95,189919,228.06,"12-Aug-2026",1550,"",""
"2014","NELCO","EQ",999.6,1002.9,971.5,974.1,975,995.1,161030,1583.18,"12-Aug-2026",7162,"",""
"2015","NEOCHEM","ST",89.8,91,87.1,91,91,90.4,21600,19.38,"12-Aug-2026",18,"",""
"2016","NEOGEN","EQ",2099.7,2099.7,2016.2,2068.2,2080,2092.7,139950,2874.59,"12-Aug-2026",19002,"",""
"2017","NEPHROCARE","ST",87.65,87.65,87.65,87.65,87.65,83.5,8400,7.36,"12-Aug-2026",14,"",""
"2018","NEPHROPLUS","EQ",725,725,677,679.15,680.5,712.3,380577,2646.1,"12-Aug-2026",19876,"",""
"2019","NEPTUNE","SM",183,183,178.95,180,180,181.05,13500,24.35,"12-Aug-2026",22,"",""
"2020","NESCO","EQ",1050,1060,1034,1043.9,1036,1048.3,31445,327.67,"12-Aug-2026",3453,"",""
"2021","NESTLEIND","EQ",1503,1515.7,1495.3,1507,1507,1493.2,1990581,29937.98,"12-Aug-2026",47554,"",""
"2022","NETF","EQ",259.85,266.99,259.85,265.3,266.99,266.52,2801,7.43,"12-Aug-2026",236,"",""
"2023","NETWEB","EQ",4866,4907.9,4753,4837.4,4845.3,4859.8,613049,29583.38,"12-Aug-2026",54127,"",""
"2024","NETWORK18","EQ",29.09,29.12,28.57,28.71,28.73,29.14,2435163,700.87,"12-Aug-2026",7973,"",""
"2025","NEUEON","BE",15.54,15.54,15.54,15.54,15.54,14.8,9868,1.53,"12-Aug-2026",19,"",""
"2026","NEULANDLAB","EQ",22988,23100,22419,22510,22507,22955,53189,12079.32,"12-Aug-2026",21043,"",""
"2027","NEWGEN","EQ",555,555.65,525.5,535.2,534.35,555.1,1175816,6317.42,"12-Aug-2026",26661,"",""
"2028","NEWJAISA","ST",17.1,17.1,17.1,17.1,17.1,16.8,27000,4.62,"12-Aug-2026",4,"",""
"2029","NEXT30ADD","EQ",44.09,44.09,43.71,43.88,43.88,44,11427,5.01,"12-Aug-2026",55,"",""
"2030","NEXT50","EQ",775.02,775.02,765.3,767.82,773.11,771.15,55721,427.91,"12-Aug-2026",705,"",""
"2031","NEXT50ADD","EQ",74.99,75.09,74.53,74.8,74.8,74.99,1394,1.04,"12-Aug-2026",32,"",""
"2032","NEXT50BETA","EQ",81.18,81.18,80,80.29,80.12,80.43,97471,78.22,"12-Aug-2026",806,"",""
"2033","NEXT50ETF","EQ",73.33,78,73.33,75.37,75.1,75.22,20182,15.18,"12-Aug-2026",187,"",""
"2034","NEXT50IETF","EQ",79.49,79.49,78.03,78.61,78.71,78.79,659950,518.45,"12-Aug-2026",4803,"",""
"2035","NEXTMEDIA","EQ",3.72,3.85,3.65,3.79,3.8,3.7,12814,0.47,"12-Aug-2026",42,"",""
"2036","NFL","EQ",72.07,72.39,71.33,71.92,71.8,71.95,346984,249.24,"12-Aug-2026",2862,"",""
"2037","NFPSAMPOOR","SM",22.6,22.95,22.6,22.7,22.7,22.55,6000,1.37,"12-Aug-2026",3,"",""
"2038","NGIL","BE",41.48,42.33,40,40.78,40.5,41.52,88792,36.66,"12-Aug-2026",103,"",""
"2039","NGLFINE","EQ",3427.1,3602,3380,3409,3425,3447.7,11567,402.55,"12-Aug-2026",2299,"",""
"2040","NH","EQ",1848.8,1858.8,1819.4,1831.3,1836,1848.8,368370,6745.04,"12-Aug-2026",38243,"",""
"2041","NHIT","IV",168,170,168,170,170,171,75000,127,"12-Aug-2026",3,"",""
"2042","NHPC","EQ",76.65,76.85,76,76.85,76.85,76.95,7294107,5569.13,"12-Aug-2026",22137,"",""
"2043","NIACL","EQ",180,187.1,178.72,181.09,180.39,179.37,2560837,4677.64,"12-Aug-2026",29302,"",""
"2044","NIBE","EQ",1441,1460.9,1420,1445.7,1447,1434.2,74511,1075.68,"12-Aug-2026",5519,"",""
"2045","NIBL","EQ",33.5,33.5,32.45,32.94,33.3,33.34,17158,5.63,"12-Aug-2026",458,"",""
"2046","NIDAN","SM",13,14.1,13,13.8,13.5,13.25,10000,1.38,"12-Aug-2026",10,"",""
"2047","NIF100BEES","EQ",273.08,273.08,270.01,271.56,271.05,272.16,34616,93.89,"12-Aug-2026",653,"",""
"2048","NIF100IETF","EQ",28.67,28.67,28.43,28.56,28.66,28.67,99633,28.4,"12-Aug-2026",1291,"",""
"2049","NIFTY1","EQ",272.06,274.78,269.9,270.87,271.07,272.06,82693,223.91,"12-Aug-2026",1179,"",""
"2050","NIFTY100EW","EQ",35.05,36.4,35.05,35.71,35.71,35.95,50709,18.14,"12-Aug-2026",287,"",""
"2051","NIFTYADD","EQ",255.53,259.57,255.53,258.35,256.14,258.11,23301,59.74,"12-Aug-2026",135,"",""
"2052","NIFTYAXIS","EQ",271.22,272,269.01,270.5,272,271.21,4328,11.69,"12-Aug-2026",234,"",""
"2053","NIFTYBEES","EQ",279.93,279.93,277,278.32,278.64,279.13,5635248,15658.29,"12-Aug-2026",46173,"",""
"2054","NIFTYBETA","EQ",271.72,274.57,269.53,270.65,271.4,271.72,36036,97.3,"12-Aug-2026",447,"",""
"2055","NIFTYBETF","EQ",251.36,252.3,249.84,250.72,252,251.51,7618,19.04,"12-Aug-2026",55,"",""
"2056","NIFTYCASE","EQ",9.92,9.92,9.76,9.8,9.82,9.82,399468,39.1,"12-Aug-2026",1443,"",""
"2057","NIFTYETF","EQ",266.58,266.59,264.41,265.57,266.2,266.57,275925,732.17,"12-Aug-2026",1104,"",""
"2058","NIFTYIETF","EQ",277.99,277.99,275.6,276.8,277.5,277.66,496268,1371.1,"12-Aug-2026",10766,"",""
"2059","NIFTYQLITY","EQ",21.98,22.04,21.75,21.83,21.86,21.98,25191,5.5,"12-Aug-2026",192,"",""
"2060","NIITLTD","EQ",95.31,95.54,93.21,93.7,93.67,95.44,190674,179.16,"12-Aug-2026",2359,"",""
"2061","NIITMTS","EQ",247.28,247.28,240.47,243.73,242.01,245.48,80183,194.45,"12-Aug-2026",3045,"",""
"2062","NIKITA","SM",72,73.5,70.05,73.45,71.2,71.85,73200,53.71,"12-Aug-2026",15,"",""
"2063","NILAINFRA","EQ",7.37,7.49,7.2,7.29,7.32,7.37,142796,10.46,"12-Aug-2026",323,"",""
"2064","NILASPACES","EQ",12.38,12.78,12.05,12.09,12.17,12.24,583592,71.36,"12-Aug-2026",941,"",""
"2065","NILE","EQ",1515.7,1599.9,1515.7,1592.9,1599.9,1515.7,7863,122.57,"12-Aug-2026",1015,"",""
"2066","NILKAMAL","EQ",1869.8,1875,1820.9,1859.3,1842.5,1868.6,56775,1047.3,"12-Aug-2026",5405,"",""
"2067","NIMBSPROJ","EQ",181,184.99,179.01,184.99,184.99,185.49,267,0.48,"12-Aug-2026",11,"",""
"2068","NINSYS","EQ",730.65,745.3,704,720.3,725,730.65,3477,24.95,"12-Aug-2026",287,"",""
"2069","NIPPOBATRY","EQ",332,332,326,327.95,330.9,332.5,2347,7.73,"12-Aug-2026",165,"",""
"2070","NIRAJ","BE",28.91,29.3,28.91,29.19,29.19,29.03,35082,10.18,"12-Aug-2026",58,"",""
"2071","NIRLON","EQ",642.05,649.55,632,637.55,640,640.1,4051,25.97,"12-Aug-2026",357,"",""
"2072","NIRMAN","SM",34,34.7,31.1,31.95,31.8,34.15,67500,22.12,"12-Aug-2026",152,"",""
"2073","NITCO","EQ",97.14,98.48,93.85,96.81,96,97.14,647580,619.06,"12-Aug-2026",5252,"",""
"2074","NITINSPIN","EQ",563,569,535.5,537.8,538,564.15,116025,633.69,"12-Aug-2026",4638,"",""
"2075","NITIRAJ","EQ",211.6,211.6,205.02,208.5,205.02,209.51,1922,4,"12-Aug-2026",66,"",""
"2076","NITTAGELA","EQ",1621.5,1659.3,1579.8,1582.7,1587,1611.9,6221,99.68,"12-Aug-2026",911,"",""
"2077","NIVABUPA","EQ",85.01,85.63,83.5,84.09,83.5,85.47,552981,467.27,"12-Aug-2026",7856,"",""
"2078","NKIND","EQ",60.4,62.9,60.25,60.25,60.25,60.05,463,0.28,"12-Aug-2026",13,"",""
"2079","NLCINDIA","EQ",286.95,286.95,274.5,276.75,275,286.05,2980168,8323.43,"12-Aug-2026",41141,"",""
"2080","NMDC","EQ",85.87,86.07,84.89,85.9,85.9,85.45,18266091,15596.09,"12-Aug-2026",41891,"",""
"2081","NOCIL","EQ",165.96,166.4,162.73,163.44,163.63,165.96,520337,852.22,"12-Aug-2026",4748,"",""
"2082","NOIDATOLL","BE",4.14,4.24,4.01,4.09,4.14,4.15,63390,2.59,"12-Aug-2026",194,"",""
"2083","NORBTEAEXP","EQ",62.35,63.98,62,62.34,62,64.45,2002,1.25,"12-Aug-2026",45,"",""
"2084","NORTHARC","EQ",283.2,287.45,280.8,284.2,286,282.3,405745,1149.37,"12-Aug-2026",8102,"",""
"2085","NOVAAGRI","BE",24.6,25.15,24,24.74,24.5,24.3,53834,13.41,"12-Aug-2026",191,"",""
"2086","NOVARTIND","EQ",1605.4,1630,1584.1,1591.7,1599.9,1593.7,9409,150.75,"12-Aug-2026",1165,"",""
"2087","NPBET","EQ",284.21,284.36,282.11,282.97,282.97,283.63,2979,8.43,"12-Aug-2026",19,"",""
"2088","NPST","EQ",1435,1575,1416.3,1537.2,1530,1535.1,74068,1108.93,"12-Aug-2026",6781,"",""
"2089","NRAIL","EQ",523.85,527.9,521.05,522.6,523,519.9,5025,26.28,"12-Aug-2026",231,"",""
"2090","NRBBEARING","EQ",457,473.3,445.25,461.65,462.9,455.25,557944,2553.55,"12-Aug-2026",16938,"",""
"2091","NRL","BE",118,118,115,115.25,115.25,117.32,23933,27.86,"12-Aug-2026",137,"",""
"2092","NRVANDANA","ST",69.7,69.7,69.7,69.7,69.7,68.2,3000,2.09,"12-Aug-2026",1,"",""
"2093","NSIL","EQ",5600,5649,5454,5513.5,5537.5,5609,1290,71.57,"12-Aug-2026",281,"",""
"2094","NSLNISP","EQ",44.2,44.65,43.7,44,43.8,44.15,2802778,1237.07,"12-Aug-2026",12845,"",""
"2095","NTPC","EQ",338.45,341.35,335.35,339.45,339.45,338.45,10152704,34281.54,"12-Aug-2026",73484,"",""
"2096","NTPCGREEN","EQ",93.01,93.24,91.7,92.46,92.69,93.01,1946814,1795.43,"12-Aug-2026",17131,"",""
"2097","NUCLEUS","EQ",691.95,696.3,684.6,692.75,692.55,691.7,34074,236.21,"12-Aug-2026",1773,"",""
"2098","NURECA","BE",334.9,340.3,320.1,340.3,340.3,324.1,19796,66.9,"12-Aug-2026",379,"",""
"2099","NUVAMA","EQ",1722.9,1722.9,1673.3,1696.7,1700,1706.7,279558,4732.54,"12-Aug-2026",22650,"",""
"2100","NUVOCO","EQ",331.25,334.65,326.4,333.9,333.2,331.25,338524,1118.6,"12-Aug-2026",11879,"",""
"2101","NV20","EQ",14.33,14.33,14.07,14.21,14.14,14.23,71104,10.08,"12-Aug-2026",205,"",""
"2102","NV20BEES","EQ",142.81,143.45,141.1,142.61,141.15,141.8,16555,23.43,"12-Aug-2026",194,"",""
"2103","NV20IETF","EQ",13.94,13.94,13.74,13.79,13.77,13.85,197954,27.3,"12-Aug-2026",1483,"",""
"2104","NXST","RR",168.45,169,166.26,166.93,166.88,168.41,230805,386.9,"12-Aug-2026",6186,"",""
"2105","NYKAA","EQ",325.9,328.05,321.6,328.05,328.05,325,3832007,12474,"12-Aug-2026",47957,"",""
"2106","OAL","EQ",379,379,361.35,364.6,365,378.65,10610,39.18,"12-Aug-2026",514,"",""
"2107","OBCL","EQ",52.75,53.82,52.7,53,53,52.72,52099,27.49,"12-Aug-2026",30,"",""
"2108","OBEROIRLTY","EQ",1790,1799.9,1764.5,1799.9,1799.9,1793.6,172080,3053.6,"12-Aug-2026",14863,"",""
"2109","OBSCP","SM",765,800,742.05,789.95,800,760.15,90400,694.51,"12-Aug-2026",183,"",""
"2110","OCCLLTD","BE",158,158,148.09,148.61,150.8,155.88,133153,199.75,"12-Aug-2026",642,"",""
"2111","ODIGMA","EQ",22.51,23,22.31,22.31,22.5,22.62,8354,1.88,"12-Aug-2026",226,"",""
"2112","OFSS","EQ",11851,11899,11532,11679,11679,11896,244704,28622.98,"12-Aug-2026",45191,"",""
"2113","OIL","EQ",471.9,475.55,466.65,472,472,470.35,2772626,13065.69,"12-Aug-2026",35330,"",""
"2114","OILCOUNTUB","BE",59.9,61.45,57.8,58.23,58,60.51,15274,8.92,"12-Aug-2026",74,"",""
"2115","OILIETF","EQ",11.42,11.48,11.37,11.42,11.43,11.41,964231,110.03,"12-Aug-2026",1907,"",""
"2116","OLAELEC","EQ",39.85,40.81,39.29,39.86,39.9,39.66,40404612,16107.14,"12-Aug-2026",78558,"",""
"2117","OLECTRA","EQ",1394,1398.7,1375,1383.6,1383.8,1391.6,207608,2878.52,"12-Aug-2026",14247,"",""
"2118","OLIL","SM",430,430,413.9,419,419,416.8,5200,21.88,"12-Aug-2026",7,"",""
"2119","OMAXAUTO","EQ",208.95,213.5,194.31,207.28,207.8,203.92,288669,593.79,"12-Aug-2026",2888,"",""
"2120","OMAXE","EQ",83.03,83.39,80.8,81.98,81.77,83.03,331510,271.44,"12-Aug-2026",2714,"",""
"2121","OMFREIGHT","BE",98.5,98.5,92.6,95.89,96.25,94.24,22546,21.48,"12-Aug-2026",161,"",""
"2122","OMFURN","SM",57.45,57.45,57.45,57.45,57.45,59.95,1200,0.69,"12-Aug-2026",1,"",""
"2123","OMINFRAL","EQ",87.99,89.99,87.11,88.29,88.3,86.26,102478,90.42,"12-Aug-2026",1590,"",""
"2124","OMNI","EQ",601,606,565,573.35,571.9,598.25,1437605,8411.26,"12-Aug-2026",36626,"",""
"2125","OMPOWER","EQ",166,167.49,158.01,160.2,160.95,168.9,212124,341.44,"12-Aug-2026",3686,"",""
"2126","ONDOOR","SM",240,243,230.1,235,232,241,9000,21.25,"12-Aug-2026",26,"",""
"2127","ONELIFECAP","BE",32.11,32.8,30.37,30.61,30.5,31.96,97706,30.57,"12-Aug-2026",204,"",""
"2128","ONEPOINT","EQ",59.16,60.95,57,59.99,59.2,58.87,1859092,1116,"12-Aug-2026",6872,"",""
"2129","ONESOURCE","EQ",1598.9,1609.9,1530.1,1539.2,1533,1598.9,135574,2111.78,"12-Aug-2026",14725,"",""
"2130","ONGC","EQ",240,241.33,238.65,239.05,239.05,239.45,10695237,25618.08,"12-Aug-2026",69079,"",""
"2131","ONIDA","EQ",38.43,38.5,36.8,37.1,37.5,38.43,396256,148.98,"12-Aug-2026",1933,"",""
"2132","ONMOBILE","BE",65.62,65.62,65.62,65.62,65.62,66.95,25642,16.83,"12-Aug-2026",97,"",""
"2133","ONWARDTEC","EQ",287.75,289.25,279.15,285.9,289.25,286.05,27332,77.28,"12-Aug-2026",926,"",""
"2134","ONYX","ST",43.7,45.15,43.7,44.65,45,43.7,58000,25.61,"12-Aug-2026",20,"",""
"2135","OPTIEMUS","EQ",541,564,536.4,558.25,560,543.95,179725,986.26,"12-Aug-2026",6638,"",""
"2136","OPTIVALUE","ST",155,160.05,152.5,160.05,160.05,152.45,115200,183.45,"12-Aug-2026",51,"",""
"2137","ORBTEXP","BE",268.8,268.8,260.98,260.98,260.98,274.71,8420,22.1,"12-Aug-2026",146,"",""
"2138","ORCHASP","EQ",1.53,1.56,1.43,1.48,1.48,1.53,692583,10.23,"12-Aug-2026",362,"",""
"2139","ORCHPHARMA","EQ",1084,1089,1053.1,1063.3,1065.2,1078.55,49202,522.68,"12-Aug-2026",4971,"",""
"2140","ORIANA","SM",1392.1,1407.05,1365,1374.35,1376,1391.4,36600,505.41,"12-Aug-2026",410,"",""
"2141","ORICONENT","EQ",52.5,54.45,52.5,52.66,53,52.91,21738,11.53,"12-Aug-2026",338,"",""
"2142","ORIENTALTL","EQ",5.1,5.24,5,5.05,5.15,5.1,78590,4,"12-Aug-2026",317,"",""
"2143","ORIENTBELL","EQ",364,365.9,354.25,361.95,360,352.5,104366,376.99,"12-Aug-2026",2867,"",""
"2144","ORIENTCEM","EQ",134.1,134.57,132.38,133.55,134,134.13,237182,316.22,"12-Aug-2026",2272,"",""
"2145","ORIENTCER","EQ",43.76,43.76,41.1,41.75,41.45,42.9,52496,21.95,"12-Aug-2026",633,"",""
"2146","ORIENTELEC","EQ",191.5,191.68,188,189.79,189,190.68,236890,449.03,"12-Aug-2026",3982,"",""
"2147","ORIENTHOT","EQ",128.39,128.62,125.66,126.53,126.65,128.39,116457,147.66,"12-Aug-2026",1246,"",""
"2148","ORIENTLTD","BE",78.5,78.5,75.25,76,76,78.02,1015,0.78,"12-Aug-2026",24,"",""
"2149","ORIENTPPR","EQ",17.52,17.61,17.1,17.16,17.2,17.52,217696,37.58,"12-Aug-2026",776,"",""
"2150","ORIENTTECH","EQ",259.15,265.95,255.1,260,260.4,258.75,195705,507.99,"12-Aug-2026",4272,"",""
"2151","ORISSAMINE","EQ",4549.4,5199,4535.2,4839.4,4914,4504.8,596630,29957.87,"12-Aug-2026",88285,"",""
"2152","ORKLAINDIA","EQ",554.85,556.6,543.7,551.35,550.9,555,121851,669.75,"12-Aug-2026",9516,"",""
"2153","ORTINGLOBE","EQ",15.84,15.89,14.72,15.4,15.89,15.14,68089,10.62,"12-Aug-2026",133,"",""
"2154","OSELDEVICE","SM",406,406,395,401.95,402.5,403.15,27200,108.71,"12-Aug-2026",93,"",""
"2155","OSIAHYPER","BE",2.68,2.68,2.52,2.59,2.62,2.63,482173,12.41,"12-Aug-2026",616,"",""
"2156","OSWALAGRO","EQ",37.85,38.44,37,37.4,37.38,37.85,41103,15.33,"12-Aug-2026",456,"",""
"2157","OSWALGREEN","EQ",21.3,21.69,20.95,21.05,21.01,21.48,116893,24.66,"12-Aug-2026",726,"",""
"2158","OSWALPUMPS","EQ",305.25,307.95,299.4,301.15,301.2,306.35,425262,1283.77,"12-Aug-2026",9834,"",""
"2159","OSWALSEEDS","EQ",10.6,10.6,9.66,9.99,10.22,10.36,40399,4.11,"12-Aug-2026",222,"",""
"2160","OWAIS","ST",88,88.75,87,87.3,87.8,88.5,15100,13.27,"12-Aug-2026",96,"",""
"2161","PACEDIGITK","EQ",182.5,184.39,180.71,183.21,183.5,183.55,630612,1152.06,"12-Aug-2026",7498,"",""
"2162","PAGEIND","EQ",38440,38610,37695,38295,38295,38440,17278,6594.79,"12-Aug-2026",8052,"",""
"2163","PAISALO","EQ",68.9,69.7,68.5,68.75,68.68,69.31,5772773,3997.19,"12-Aug-2026",11866,"",""
"2164","PAKKA","EQ",72.49,72.49,70.7,70.76,70.75,71.07,24345,17.36,"12-Aug-2026",424,"",""
"2165","PALASHSECU","EQ",91.4,92.5,88,89.62,89,92.45,10054,9.04,"12-Aug-2026",190,"",""
"2166","PALREDTEC","BE",49.5,51.3,48.7,50.79,50,49.18,3403,1.72,"12-Aug-2026",32,"",""
"2167","PANACEABIO","EQ",401,404.15,391.9,399.85,398,402.2,225505,895.85,"12-Aug-2026",4016,"",""
"2168","PANACHE","BE",503.05,520,482.1,490.55,498,503.05,13746,69.05,"12-Aug-2026",276,"",""
"2169","PANAMAPET","EQ",555.6,599.6,456.45,480.55,478.1,545.5,11231024,59304.59,"12-Aug-2026",252104,"",""
"2170","PANSARI","EQ",320,327.85,311,322.5,323.65,314.9,906,2.92,"12-Aug-2026",85,"",""
"2171","PAR","EQ",103.7,103.7,99.25,103.14,103.7,100.4,16121,16.48,"12-Aug-2026",246,"",""
"2172","PARACABLES","EQ",67.98,69.36,65.45,68.22,68.16,67.89,1708709,1149.64,"12-Aug-2026",17098,"",""
"2173","PARADEEP","EQ",152,152.7,146.61,147.18,147.48,151.8,3085716,4595.28,"12-Aug-2026",27867,"",""
"2174","PARAGMILK","EQ",221.13,221.13,214.7,215.79,215.98,219.27,225650,489.44,"12-Aug-2026",4328,"",""
"2175","PARAGON","SM",48.6,49.5,48.6,49.5,49.5,48.6,2400,1.18,"12-Aug-2026",2,"",""
"2176","PARAMATRIX","SM",56,56,56,56,56,58.25,1200,0.67,"12-Aug-2026",1,"",""
"2177","PARAMOUNT","SM",35.3,35.3,35.3,35.3,35.3,35.3,1200,0.42,"12-Aug-2026",1,"",""
"2178","PARAS","EQ",1284,1308.8,1263.5,1280.7,1282.3,1284,590759,7589.5,"12-Aug-2026",24688,"",""
"2179","PARASPETRO","EQ",2.52,2.57,2.38,2.41,2.4,2.49,153152,3.75,"12-Aug-2026",308,"",""
"2180","PARIN","SM",699,699,697.95,697.95,698,701.25,2750,19.22,"12-Aug-2026",6,"",""
"2181","PARKHOSPS","EQ",282.55,288.35,281,283.2,283.2,282.55,552846,1574.64,"12-Aug-2026",9167,"",""
"2182","PARKHOTELS","EQ",119.6,119.6,118.31,118.9,119.24,118.63,65178,77.45,"12-Aug-2026",1213,"",""
"2183","PARSVNATH","BE",1.56,1.56,1.56,1.56,1.56,1.59,79168,1.24,"12-Aug-2026",147,"",""
"2184","PARTH","SM",516.9,516.9,492,500.9,492,507.6,8000,40.01,"12-Aug-2026",18,"",""
"2185","PARTYCRUS","SM",85,85,85,85,85,86.55,2000,1.7,"12-Aug-2026",1,"",""
"2186","PASHUPATI","EQ",84.62,84.8,83.5,83.9,84.1,84.15,7788,6.55,"12-Aug-2026",1435,"",""
"2187","PASUPTAC","BE",64.29,64.85,60.79,60.79,60.79,63.98,111369,68.33,"12-Aug-2026",420,"",""
"2188","PATANJALI","EQ",352.95,353.6,342.15,352.6,352.6,353,4146144,14349.17,"12-Aug-2026",31308,"",""
"2189","PATELENG","EQ",30.38,30.47,29.06,29.19,29.3,30.26,3775901,1113.32,"12-Aug-2026",10569,"",""
"2190","PATELRMART","EQ",226.94,229.9,219,220.18,220,225.96,254931,573.54,"12-Aug-2026",5553,"",""
"2191","PATILAUTOM","ST",226,226,215.15,218.7,217.05,223.75,42600,93.62,"12-Aug-2026",62,"",""
"2192","PATINTLOG","BE",14.09,14.5,13.81,13.99,14,14.23,49562,6.96,"12-Aug-2026",130,"",""
"2193","PAUSHAKLTD","EQ",686,715.4,675,697.3,713,689.1,32306,222.21,"12-Aug-2026",1945,"",""
"2194","PAVNAIND","EQ",19.72,19.73,18.6,18.74,18.62,18.66,19930,3.79,"12-Aug-2026",145,"",""
"2195","PAYTM","EQ",1593.7,1623.7,1591.3,1610,1610,1593.7,2609810,41847.79,"12-Aug-2026",92941,"",""
"2196","PCBL","EQ",323,323.55,313,316.45,313.5,322.15,848789,2700.36,"12-Aug-2026",12843,"",""
"2197","PCCL","SM",309,310,302,309,309,309.85,12000,36.92,"12-Aug-2026",12,"",""
"2198","PCJEWELLER","EQ",9.99,10,9.7,9.8,9.8,9.97,153619636,15069.42,"12-Aug-2026",51722,"",""
"2199","PDMJEPAPER","EQ",89.91,94.69,89.8,90.46,90.68,89.91,277013,253.95,"12-Aug-2026",3671,"",""
"2200","PDSL","EQ",378.8,381.95,366.6,379.4,380.2,376.5,107810,403.48,"12-Aug-2026",4903,"",""
"2201","PEARLPOLY","EQ",17.19,17.19,15.82,16.79,16.79,16.51,3742,0.61,"12-Aug-2026",41,"",""
"2202","PELATRO","SM",293.9,300,293.9,293.9,293.9,293.9,5700,16.89,"12-Aug-2026",14,"",""
"2203","PENIND","EQ",159.5,162.19,159.5,159.7,159.8,159.31,318048,509.35,"12-Aug-2026",2956,"",""
"2204","PENINLAND","BE",15.9,15.9,15.6,15.6,15.6,15.81,15025,2.37,"12-Aug-2026",45,"",""
"2205","PERFECT","SZ",2.35,2.35,2.35,2.35,2.35,2.45,3000,0.07,"12-Aug-2026",1,"",""
"2206","PERSISTENT","EQ",5530,5530,5390,5474,5474,5536,347580,18913.42,"12-Aug-2026",30606,"",""
"2207","PETRONET","EQ",277,281.9,277,279.85,279.85,277,1408161,3941.19,"12-Aug-2026",25272,"",""
"2208","PFC","EQ",381,381.65,375.3,376.5,376.5,381,12028949,45397.06,"12-Aug-2026",148798,"",""
"2209","PFIZER","EQ",4892,5149,4891.7,5017.6,5010,4898.5,148835,7555.27,"12-Aug-2026",25973,"",""
"2210","PFOCUS","EQ",282.5,285.3,265.4,268,269.4,281.55,867452,2354.05,"12-Aug-2026",16766,"",""
"2211","PFS","EQ",28.75,28.94,28.52,28.83,28.75,28.76,583930,167.89,"12-Aug-2026",2226,"",""
"2212","PGEL","EQ",616,620.8,604.25,614.65,614.65,616,2976044,18187.2,"12-Aug-2026",41600,"",""
"2213","PGHH","EQ",8470,8470,8430,8446,8450,8455,7911,668.16,"12-Aug-2026",1551,"",""
"2214","PGHL","EQ",6031.5,6050,5937,5950.5,5985,6031.5,5275,315.37,"12-Aug-2026",1751,"",""
"2215","PGIL","EQ",2425.1,2484.6,2400.1,2480.4,2482,2434.9,103039,2529.09,"12-Aug-2026",12246,"",""
"2216","PGINVIT","IV",100.49,100.49,99.9,100.02,100.2,99.97,1042767,1043.37,"12-Aug-2026",5911,"",""
"2217","PHANTOMFX","SM",143.5,144.4,140,140.4,141.85,143.6,19500,27.69,"12-Aug-2026",45,"",""
"2218","PHARMABEES","EQ",27.49,27.69,27.31,27.43,27.5,27.49,4941859,1354.23,"12-Aug-2026",11150,"",""
"2219","PHOENIXLTD","EQ",1906.2,1910,1870,1905,1905,1908.7,545788,10295.51,"12-Aug-2026",29771,"",""
"2220","PICCADIL","EQ",711,725.2,640.7,692.4,691.95,778.25,3217206,21624.24,"12-Aug-2026",96740,"",""
"2221","PIDILITIND","EQ",1685.8,1701.5,1679,1701.5,1701.5,1685.8,1724562,29184.65,"12-Aug-2026",51018,"",""
"2222","PIGL","EQ",111,114.99,111,112.52,112,110.33,179738,203.6,"12-Aug-2026",1840,"",""
"2223","PIIND","EQ",2700.5,2700.6,2457,2483,2483,2730,2138051,54517.13,"12-Aug-2026",118397,"",""
"2224","PILANIINVS","EQ",4409.2,4409.2,4320.2,4365,4359,4390.3,926,40.37,"12-Aug-2026",210,"",""
"2225","PILITA","EQ",8.36,8.7,8.3,8.31,8.42,8.37,38751,3.26,"12-Aug-2026",162,"",""
"2226","PINELABS","EQ",168.52,171.05,164.51,169.93,169.95,167.58,19985559,33557.25,"12-Aug-2026",100477,"",""
"2227","PIONEEREMB","EQ",22.84,23.39,22.41,22.77,22.41,22.84,1905,0.44,"12-Aug-2026",33,"",""
"2228","PIONRINV","BE",89,91.9,89,89.02,89,89,130,0.12,"12-Aug-2026",10,"",""
"2229","PIRAMALFIN","EQ",2114.7,2119.8,2060,2073.3,2065.5,2114.7,108943,2271.18,"12-Aug-2026",12955,"",""
"2230","PITTIENG","EQ",967.4,1055,961.05,1044.1,1049,960.35,696512,7158.71,"12-Aug-2026",35993,"",""
"2231","PIXTRANS","EQ",1961,1999,1928.1,1947,1945.2,1983,35188,689.52,"12-Aug-2026",4619,"",""
"2232","PKTEA","EQ",684,691.15,684,691,691,673.75,112,0.77,"12-Aug-2026",11,"",""
"2233","PLASTIBLEN","EQ",206,206.19,201,201.48,201,204.51,56867,115.34,"12-Aug-2026",1344,"",""
"2234","PLATIND","EQ",216.5,221.7,215.73,220.59,221.5,215.49,101415,222.04,"12-Aug-2026",2449,"",""
"2235","PLAZACABLE","EQ",51.15,51.15,48.75,51.15,51.15,48.72,75644,38.45,"12-Aug-2026",338,"",""
"2236","PML","EQ",512,525,495,495.75,512.4,508.8,395,2,"12-Aug-2026",30,"",""
"2237","PNB","EQ",113.95,119.5,113.72,118.98,118.98,114.03,51235935,60461.02,"12-Aug-2026",146329,"",""
"2238","PNBGILTS","EQ",80.19,81.79,80.01,80.41,80.2,80.13,231524,187.02,"12-Aug-2026",2409,"",""
"2239","PNBHOUSING","EQ",1141.9,1166,1140.5,1157.6,1157.6,1142.1,872646,10079.3,"12-Aug-2026",46990,"",""
"2240","PNC","EQ",19.15,19.15,18.75,18.9,18.9,19.1,15917,3.02,"12-Aug-2026",152,"",""
"2241","PNCINFRA","EQ",223.4,224.19,216.74,223.26,223.01,222.4,993122,2204.04,"12-Aug-2026",17577,"",""
"2242","PNGJL","EQ",630.4,633.45,608.5,617,615.55,630.4,764710,4706.95,"12-Aug-2026",24795,"",""
"2243","PNGSREVA","EQ",558,644,548.25,620.75,629.5,560.4,2136412,12832.55,"12-Aug-2026",61429,"",""
"2244","POCL","EQ",495.8,495.9,485,489.6,490.7,492.9,206232,1010.52,"12-Aug-2026",8520,"",""
"2245","PODDARMENT","EQ",272.85,274.8,260.2,263.55,261,272.95,7117,19.04,"12-Aug-2026",399,"",""
"2246","POKARNA","EQ",980,1024,967.25,988.95,989.3,979.35,152763,1523.04,"12-Aug-2026",10132,"",""
"2247","POLICYBZR","EQ",1733,1739,1691.2,1739,1739,1733,787209,13442.65,"12-Aug-2026",40407,"",""
"2248","POLYCAB","EQ",9125,9289,9090.5,9289,9289,9125,293852,27100.05,"12-Aug-2026",38236,"",""
"2249","POLYMED","EQ",1873,1913.7,1846.1,1869.4,1877,1863.9,219951,4126.82,"12-Aug-2026",19605,"",""
"2250","POLYPLEX","EQ",1259.5,1264,1169.8,1185.5,1189.6,1229.6,704313,8548.52,"12-Aug-2026",35480,"",""
"2251","POLYSIL","SM",86.75,86.75,78.55,78.55,78.55,82.65,283000,235.03,"12-Aug-2026",92,"",""
"2252","PONNIERODE","EQ",329.75,334.45,324.95,328.3,327.5,329.85,9159,30.07,"12-Aug-2026",334,"",""
"2253","POONAWALLA","EQ",489.95,492.25,482.1,484.1,483.1,487.2,726456,3524.4,"12-Aug-2026",19954,"",""
"2254","POSITRON","SM",174,174,160.3,169.55,169.8,167.7,16800,27.85,"12-Aug-2026",31,"",""
"2255","POWERGRID","EQ",267.95,270,266.3,269.45,269.45,267.95,6699919,17961.31,"12-Aug-2026",53799,"",""
"2256","POWERICA","EQ",529.85,564.2,529,559.35,561.5,528.35,348047,1915.47,"12-Aug-2026",11482,"",""
"2257","POWERINDIA","EQ",35000,35925,34730,35800,35800,35000,180600,64120.69,"12-Aug-2026",46650,"",""
"2258","POWERMECH","EQ",2430.9,2438.9,2400,2407,2405,2442.3,69969,1688.07,"12-Aug-2026",14331,"",""
"2259","PPAP","BE",280,304.55,275.55,299.05,304.55,290.05,54417,153.75,"12-Aug-2026",775,"",""
"2260","PPL","BE",267.95,275,261,265,266,266.1,25483,67.92,"12-Aug-2026",312,"",""
"2261","PPLPHARMA","EQ",214.2,216.96,209,210.24,209.4,214.19,2720946,5774.97,"12-Aug-2026",26329,"",""
"2262","PPSL","SM",3.3,3.3,3.25,3.3,3.3,3.15,102000,3.36,"12-Aug-2026",22,"",""
"2263","PRABHA","EQ",163.39,164,156.02,158.6,159,159.96,40444,64.58,"12-Aug-2026",588,"",""
"2264","PRADPME","BE",517.5,519.85,503,506.8,503,516.9,6625,33.78,"12-Aug-2026",103,"",""
"2265","PRAENG","EQ",19.95,20.32,19.69,19.86,19.93,19.86,25093,4.97,"12-Aug-2026",104,"",""
"2266","PRAJIND","EQ",329.9,332.5,324,324.35,324.1,329.9,296523,967.17,"12-Aug-2026",9560,"",""
"2267","PRAKASH","EQ",122,123.4,118.91,122.02,121.16,121.79,607428,734.85,"12-Aug-2026",6585,"",""
"2268","PRAKASHSTL","EQ",3.9,4,3.9,3.99,4,3.97,83370,3.31,"12-Aug-2026",256,"",""
"2269","PRAMARA","SM",114,114,107,107.45,107,107.6,10500,11.35,"12-Aug-2026",20,"",""
"2270","PRATHAM","SM",118.8,122,118.8,122,122,118.8,3200,3.85,"12-Aug-2026",8,"",""
"2271","PRAVEG","EQ",273.85,276.35,265,272.1,274,273.85,50919,137.17,"12-Aug-2026",2452,"",""
"2272","PRAXIS","EQ",7.2,7.2,6.52,6.92,6.89,7.05,85101,5.86,"12-Aug-2026",283,"",""
"2273","PRECAM","EQ",136.22,137.9,133,134.83,134.7,140.57,178282,241.23,"12-Aug-2026",3943,"",""
"2274","PRECISION","ST",8.45,8.45,8.15,8.15,8.15,8.55,4000,0.33,"12-Aug-2026",2,"",""
"2275","PRECOT","EQ",808.5,810.95,789.05,799.15,799.75,784,2217,17.76,"12-Aug-2026",173,"",""
"2276","PRECWIRE","EQ",412.5,430.5,406.4,422.3,421.85,414.2,652034,2745.24,"12-Aug-2026",25371,"",""
"2277","PREMCO","EQ",386.95,386.95,376,380.6,380.6,379.1,2339,8.94,"12-Aug-2026",78,"",""
"2278","PREMEXPLN","EQ",651.95,653.85,649,651.15,651,651.35,87050,566.72,"12-Aug-2026",1702,"",""
"2279","PREMIER","BE",2.97,2.97,2.76,2.88,2.89,2.9,14977,0.43,"12-Aug-2026",41,"",""
"2280","PREMIERENE","EQ",1049,1056,1021.4,1026.1,1026.1,1050,595125,6140.1,"12-Aug-2026",17596,"",""
"2281","PREMIERPOL","EQ",70.09,75,68,73.21,74.87,69.48,348294,248.1,"12-Aug-2026",3046,"",""
"2282","PREMIUM","SM",38.5,38.5,38.5,38.5,38.5,39,3000,1.16,"12-Aug-2026",1,"",""
"2283","PRESSTONIC","SM",31.7,32.4,31.3,32.15,32.2,31.75,14400,4.61,"12-Aug-2026",16,"",""
"2284","PRESTIGE","EQ",1592,1594,1555.3,1590.7,1590.7,1585.9,221177,3476.7,"12-Aug-2026",11319,"",""
"2285","PRICOLLTD","EQ",744,792.55,739.1,783.25,780.2,737.15,1368057,10647.93,"12-Aug-2026",52586,"",""
"2286","PRIMECAB","ST",191,191,181.45,187,187,191,35200,64.41,"12-Aug-2026",22,"",""
"2287","PRIMESECU","EQ",295,300.45,286.55,291.25,287.35,295.45,109629,324.37,"12-Aug-2026",1166,"",""
"2288","PRIMO","EQ",23.81,25.2,23.81,24.29,24.29,24.39,195358,48.37,"12-Aug-2026",1652,"",""
"2289","PRINCEPIPE","EQ",270.9,271.05,266.1,269.6,268.1,271.05,124999,336.13,"12-Aug-2026",3446,"",""
"2290","PRITI","BE",36.49,36.71,34.67,35.99,35.99,36.49,8126,2.89,"12-Aug-2026",112,"",""
"2291","PRITIKA","SM",63,63,63,63,63,60.9,2000,1.26,"12-Aug-2026",1,"",""
"2292","PRITIKAUTO","BE",17.97,17.97,17.02,17.33,17.32,17.66,70046,12.22,"12-Aug-2026",255,"",""
"2293","PRIVISCL","EQ",3582.1,3603.2,3552.5,3580.6,3577.8,3586.7,49047,1756.12,"12-Aug-2026",9554,"",""
"2294","PRIZOR","ST",877,898.85,844.9,860.15,855,889.35,27600,238.69,"12-Aug-2026",63,"",""
"2295","PRLIND","SM",44.65,44.65,43.65,44.4,44.5,43.95,31000,13.7,"12-Aug-2026",24,"",""
"2296","PROPSHOP","ST",61,63,58.05,62.7,63,60,144000,87.55,"12-Aug-2026",37,"",""
"2297","PROSTARM","EQ",148.64,149.55,140,142.5,142,147.56,256986,370.1,"12-Aug-2026",3686,"",""
"2298","PROTEAN","EQ",563.7,566.75,556.6,558.6,557,563.7,115011,643.27,"12-Aug-2026",4469,"",""
"2299","PROV","SM",1827,1880,1827,1857,1859,1827,880,16.25,"12-Aug-2026",11,"",""
"2300","PROZONER","EQ",42.58,44,41.51,41.97,41.7,42.58,146565,62.1,"12-Aug-2026",798,"",""
"2301","PRSMJOHNSN","EQ",109.46,110.5,105.4,106.04,106.1,108.59,685755,731.49,"12-Aug-2026",8257,"",""
"2302","PRUDENT","EQ",3404,3429.9,3340,3364.2,3340,3401.4,15772,533.47,"12-Aug-2026",4090,"",""
"2303","PRUDMOULI","BE",12.81,13.35,12.45,12.7,12.7,12.81,4320,0.55,"12-Aug-2026",15,"",""
"2304","PSB","EQ",23.72,24.13,23.64,23.73,23.81,23.74,1383232,329.93,"12-Aug-2026",3025,"",""
"2305","PSFL","SM",31,31,30.6,31,31,32,16000,4.94,"12-Aug-2026",6,"",""
"2306","PSPPROJECT","EQ",941.35,942.2,903.1,908,905.4,934.5,63244,578.75,"12-Aug-2026",3639,"",""
"2307","PSRAJ","ST",85.45,85.5,79.2,85.5,85.5,83.3,10000,8.39,"12-Aug-2026",4,"",""
"2308","PSUBANK","EQ",86.35,88.5,86.34,88.21,87.65,86.62,200641,176.36,"12-Aug-2026",698,"",""
"2309","PSUBANKADD","EQ",87.62,89.17,87.52,88.82,88.53,87.28,60562,53.77,"12-Aug-2026",251,"",""
"2310","PSUBNKBEES","EQ",96.45,98.59,96.08,98.27,98.24,96.45,3997530,3918.78,"12-Aug-2026",7226,"",""
"2311","PSUBNKIETF","EQ",87.65,89.5,87.55,89.13,89.43,87.43,307604,274.05,"12-Aug-2026",1096,"",""
"2312","PTC","EQ",172.03,172.07,165.05,165.41,165.9,171.95,2677463,4479.24,"12-Aug-2026",30124,"",""
"2313","PTCIL","EQ",18898,19063,18720,18895,19000,18906,6812,1286.17,"12-Aug-2026",2755,"",""
"2314","PTL","EQ",39.25,39.44,38.71,39.28,39.3,38.94,22161,8.68,"12-Aug-2026",487,"",""
"2315","PULZ","SM",22.35,22.45,22.35,22.45,22.45,23.45,4000,0.9,"12-Aug-2026",2,"",""
"2316","PUNJABCHEM","EQ",1102.1,1105.9,1090,1091.4,1090,1104,6288,68.87,"12-Aug-2026",915,"",""
"2317","PURPLEUTED","ST",310.65,331.8,304,328,331.8,316,38250,120.41,"12-Aug-2026",129,"",""
"2318","PURVA","EQ",211.5,214.6,209.6,212.55,210.5,212.31,63859,135.02,"12-Aug-2026",2015,"",""
"2319","PURVFLEXI","SM",53,53,52.4,52.4,52.4,55.15,1600,0.84,"12-Aug-2026",2,"",""
"2320","PUSHPA","SM",113,115.5,113,114,114,113.65,5000,5.69,"12-Aug-2026",5,"",""
"2321","PVP","EQ",35.73,35.73,33.61,34.15,33.99,34.46,994773,342.17,"12-Aug-2026",3263,"",""
"2322","PVRINOX","EQ",1155,1198.9,1155,1189.5,1195,1160.2,346505,4083.07,"12-Aug-2026",21495,"",""
"2323","PVSL","EQ",115,124,115,120.55,120.2,111.17,643833,779.37,"12-Aug-2026",7600,"",""
"2324","PVTBANIETF","EQ",27.78,27.79,27.55,27.76,27.79,27.63,916411,253.35,"12-Aug-2026",1528,"",""
"2325","PVTBANK","EQ",27.49,28.33,27.37,27.59,27.6,27.42,256281,70.18,"12-Aug-2026",92,"",""
"2326","PVTBANKADD","EQ",27.73,27.98,27.67,27.89,27.7,27.86,30899,8.59,"12-Aug-2026",117,"",""
"2327","PVTBKGROWW","EQ",27.26,27.62,27.26,27.41,27.41,27.55,15285,4.2,"12-Aug-2026",120,"",""
"2328","PWL","EQ",125.95,127.4,123.21,123.9,123.59,125.52,3295580,4111.93,"12-Aug-2026",26448,"",""
"2329","PYRAMID","EQ",172,174.28,156.2,162.42,163.24,170.75,237245,383.98,"12-Aug-2026",4593,"",""
"2330","QGOLDHALF","EQ",126.16,148,126.1,127.98,126.75,125.89,140458,178.64,"12-Aug-2026",871,"",""
"2331","QLINE","SM",530,543.9,530,531.8,532,537.85,43200,230.96,"12-Aug-2026",87,"",""
"2332","QMSMEDI","EQ",117.9,129.99,114.71,126.97,129.99,114.14,108120,132.25,"12-Aug-2026",1322,"",""
"2333","QNIFTY","EQ",269.6,269.6,267.4,268.21,268.8,269.7,798,2.14,"12-Aug-2026",55,"",""
"2334","QPOWER","EQ",1301.2,1301.2,1280.3,1294.5,1299,1239.3,894885,11621.2,"12-Aug-2026",20774,"",""
"2335","QUADFUTURE","EQ",351.2,364.1,348.8,355.8,353.2,356.9,317489,1130.74,"12-Aug-2026",11499,"",""
"2336","QUADPRO","SM",2.4,2.4,2.4,2.4,2.4,2.4,24000,0.58,"12-Aug-2026",2,"",""
"2337","QUAL30IETF","EQ",21.74,21.78,21.53,21.61,21.66,21.74,158670,34.22,"12-Aug-2026",248,"",""
"2338","QUALITY30","EQ",21.37,21.38,21,21.1,21.3,21.35,6612,1.4,"12-Aug-2026",44,"",""
"2339","QUESS","EQ",324,335.5,323.35,334.2,335.5,324.2,441540,1460.61,"12-Aug-2026",13235,"",""
"2340","QUICKHEAL","BE",153.9,153.9,148,149.66,150,151.36,28148,42.24,"12-Aug-2026",695,"",""
"2341","QUICKTOUCH","SM",21,21,21,21,21,21,1000,0.21,"12-Aug-2026",2,"",""
"2342","QUINT","EQ",38.8,39.84,36.16,37.92,37.94,38.44,2334,0.88,"12-Aug-2026",52,"",""
"2343","QVCEL","SM",24.1,24.9,24.1,24.9,24.9,24.8,3200,0.78,"12-Aug-2026",2,"",""
"2344","RACE","EQ",107,108.89,101,102.31,101,108.08,12964,13.38,"12-Aug-2026",232,"",""
"2345","RACLGEAR","EQ",1447.6,1449.8,1400,1411.5,1417,1419.8,20472,291.83,"12-Aug-2026",1848,"",""
"2346","RADAAN","EQ",3.02,3.1,3.01,3.01,3.06,3.02,2102,0.06,"12-Aug-2026",46,"",""
"2347","RADHIKAJWE","EQ",73.3,74.62,71.02,72.37,72.24,71.54,1844671,1333.36,"12-Aug-2026",12880,"",""
"2348","RADIANTCMS","EQ",38.23,38.68,37.5,38.09,37.63,38.23,48522,18.43,"12-Aug-2026",727,"",""
"2349","RADICO","EQ",4553,4553,4485,4533,4533,4545,236362,10690.64,"12-Aug-2026",32167,"",""
"2350","RADIOCITY","EQ",6.65,6.89,6.55,6.63,6.61,6.78,48995,3.28,"12-Aug-2026",173,"",""
"2351","RADIOWALLA","ST",26.05,26.05,26.05,26.05,26.05,25.55,1600,0.42,"12-Aug-2026",1,"",""
"2352","RAILTEL","EQ",287,287.7,284,285.8,286,287.3,309175,883.8,"12-Aug-2026",9703,"",""
"2353","RAIN","EQ",203.7,211.29,200.15,209.38,209.9,202.92,6310349,13116.4,"12-Aug-2026",45506,"",""
"2354","RAINBOW","EQ",1514,1516.4,1472.2,1482,1478.8,1504.1,66397,989.99,"12-Aug-2026",11567,"",""
"2355","RAJESHEXPO","BZ",82,83.45,80.7,83.13,83.1,83.16,92260,75.9,"12-Aug-2026",1182,"",""
"2356","RAJINDLTD","SM",68.9,68.9,65.5,67.5,67.5,68.65,37500,25.09,"12-Aug-2026",25,"",""
"2357","RAJMET","EQ",3.34,3.36,3.07,3.3,3.3,3.34,224209,7.4,"12-Aug-2026",583,"",""
"2358","RAJOOENG","BE",51.23,51.89,50.11,50.64,50.8,51.22,83467,42.53,"12-Aug-2026",629,"",""
"2359","RAJPALAYAM","EQ",822,839.9,822,838.1,839.85,822.1,1242,10.35,"12-Aug-2026",52,"",""
"2360","RAJPUTANA","SM",204,204,204,204,204,215,500,1.02,"12-Aug-2026",1,"",""
"2361","RAJRATAN","EQ",522.35,524.95,515,518.5,520.3,518.6,56723,294.67,"12-Aug-2026",3372,"",""
"2362","RAJRILTD","BE",22,22,21.6,21.68,21.7,22.04,6314,1.37,"12-Aug-2026",62,"",""
"2363","RAJSREESUG","EQ",30.67,31.25,30.32,31.09,31.23,30.67,17996,5.57,"12-Aug-2026",153,"",""
"2364","RAJTV","EQ",10.4,10.4,10,10.07,10,10.16,35726,3.63,"12-Aug-2026",222,"",""
"2365","RALLIS","EQ",212,212.1,207.53,209.41,209.14,211.5,1372270,2869.87,"12-Aug-2026",33405,"",""
"2366","RAMANEWS","EQ",33.36,34.5,33.11,33.47,33.5,33.36,19116,6.45,"12-Aug-2026",121,"",""
"2367","RAMAPHO","EQ",124.75,124.75,122.05,122.97,123.1,122.52,7832,9.63,"12-Aug-2026",257,"",""
"2368","RAMASTEEL","BE",4.58,4.58,4.58,4.58,4.58,4.67,457651,20.96,"12-Aug-2026",1298,"",""
"2369","RAMBHAJO","EQ",188.3,191.73,183.83,184.96,185.42,187.61,145792,271.54,"12-Aug-2026",2790,"",""
"2370","RAMCOCEM","EQ",938.4,940,914,918.55,919,934.05,210443,1941.82,"12-Aug-2026",10922,"",""
"2371","RAMCOIND","EQ",371.7,374.25,355.1,359.1,358,370.6,700935,2539.18,"12-Aug-2026",11981,"",""
"2372","RAMCOSYS","EQ",650.85,652.5,619.9,619.9,619.9,652.5,147493,921.43,"12-Aug-2026",3425,"",""
"2373","RAMKY","EQ",395.35,395.35,386,386.9,387.7,396.25,27075,105.39,"12-Aug-2026",1410,"",""
"2374","RAMRAT","EQ",454.8,476.85,449.8,473.95,473.5,449.5,777143,3670.58,"12-Aug-2026",14369,"",""
"2375","RANASUG","EQ",13,13.14,12.8,12.88,12.98,13,164403,21.35,"12-Aug-2026",525,"",""
"2376","RANEHOLDIN","EQ",1768.8,1824.5,1768.8,1801.7,1817.5,1776.2,13999,252.52,"12-Aug-2026",2158,"",""
"2377","RAPPID","SM",321,321,319.5,319.5,319.5,329,7800,24.96,"12-Aug-2026",11,"",""
"2378","RATEGAIN","EQ",912,935,909.3,932.65,934.25,908.85,342776,3177.16,"12-Aug-2026",19309,"",""
"2379","RATNAMANI","EQ",2255,2300,2223,2240.4,2258.5,2255,46513,1053.67,"12-Aug-2026",13952,"",""
"2380","RATNAVEER","EQ",207,216.5,206.01,210.01,210.35,206.16,4209276,8872.05,"12-Aug-2026",29868,"",""
"2381","RAYMOND","EQ",623.75,623.75,612.05,618.95,617,624.3,717601,4435.93,"12-Aug-2026",15337,"",""
"2382","RAYMONDLSL","EQ",729,729.6,712.8,716.45,719,725.8,113518,816.52,"12-Aug-2026",6184,"",""
"2383","RAYMONDREL","EQ",611,611,576,580.9,580,609.3,540310,3182.92,"12-Aug-2026",14417,"",""
"2384","RBA","EQ",93,95.35,92.32,93.82,93.64,92.65,5706033,5351.51,"12-Aug-2026",22645,"",""
"2385","RBLBANK","EQ",389.7,390.2,384.45,389.8,389.8,389.7,2289848,8876.33,"12-Aug-2026",26436,"",""
"2386","RBMINFRA","SM",260,262.5,249,252.1,250.35,259.15,24200,61.47,"12-Aug-2026",89,"",""
"2387","RBS","SM",90,90,88,90,90,90,10400,9.21,"12-Aug-2026",8,"",""
"2388","RBZJEWEL","EQ",148,149,139.9,141.21,142.5,154.46,227286,325.06,"12-Aug-2026",4623,"",""
"2389","RCDL","SM",29.95,30,29,29,29,29.95,57000,16.59,"12-Aug-2026",8,"",""
"2390","RCF","EQ",125.55,126.07,124,124.11,124.08,125.55,523390,652.03,"12-Aug-2026",8591,"",""
"2391","RCOM","BE",0.82,0.83,0.82,0.82,0.83,0.83,2238318,18.42,"12-Aug-2026",1247,"",""
"2392","READYMIX","SM",104,108.5,101.1,101.95,102,105.95,28000,29.03,"12-Aug-2026",28,"",""
"2393","RECLTD","EQ",344.7,347.2,339,346,346,344.7,11330857,38858.63,"12-Aug-2026",76346,"",""
"2394","REDINGTON","EQ",355,356.2,338,339.4,340.05,354.55,3024132,10461.19,"12-Aug-2026",39171,"",""
"2395","REDTAPE","EQ",128.61,128.61,124.5,125.87,126.63,127.59,455948,573.3,"12-Aug-2026",7642,"",""
"2396","REFEX","EQ",297,297.7,291.75,293.4,293.8,294.75,322872,950.3,"12-Aug-2026",5674,"",""
"2397","REFRACTORY","SM",25.3,25.3,25.25,25.25,25.25,26.55,15000,3.79,"12-Aug-2026",12,"",""
"2398","REGAAL","BE",86,89.44,85.1,87.69,87,86.54,221714,195.65,"12-Aug-2026",831,"",""
"2399","REGENCERAM","EQ",37.25,38.86,34.61,38.86,38.86,32.39,29812,11.48,"12-Aug-2026",153,"",""
"2400","RELAXO","EQ",422,439,412.55,417,419,421.65,837534,3586.9,"12-Aug-2026",28293,"",""
"2401","RELCHEMQ","EQ",129.9,129.9,113.9,119.75,120.79,126,16170,19.67,"12-Aug-2026",416,"",""
"2402","RELIABLE","EQ",151.86,151.86,138.25,140.37,140.2,147.07,21460,30.51,"12-Aug-2026",559,"",""
"2403","RELIANCE","EQ",1323.9,1329,1309.2,1329,1329,1323.9,7901012,104003.36,"12-Aug-2026",129875,"",""
"2404","RELIGARE","EQ",227.35,240.5,226.2,237.5,240.05,227.35,1145480,2675.11,"12-Aug-2026",14304,"",""
"2405","RELINFRA","BE",69.87,69.87,69.87,69.87,69.87,71.29,17432,12.18,"12-Aug-2026",227,"",""
"2406","RELTD","EQ",169.6,173.01,167,167.3,167,168.99,211904,359.89,"12-Aug-2026",3216,"",""
"2407","REMSONSIND","EQ",90.6,91.13,88,88.36,88.78,90.55,78612,70.56,"12-Aug-2026",1189,"",""
"2408","REMUS","SM",851,854.8,815,845.15,840,848.7,6700,56.1,"12-Aug-2026",42,"",""
"2409","RENUKA","EQ",22.21,22.25,21.9,21.99,21.97,22.19,2750061,606.64,"12-Aug-2026",6442,"",""
"2410","REPCOHOME","EQ",363.85,374.8,363.85,367.2,367.15,376.35,104340,384.84,"12-Aug-2026",3361,"",""
"2411","REPL","BE",65.96,65.96,64.01,64.07,64.09,66.03,3669,2.37,"12-Aug-2026",45,"",""
"2412","REPRO","EQ",339.75,339.75,314,316.95,316.2,332.15,42833,138.03,"12-Aug-2026",2650,"",""
"2413","RESPONIND","EQ",166,173.39,166,167.19,166.55,166.93,140777,239.06,"12-Aug-2026",2941,"",""
"2414","RETAIL","EQ",18.01,18.2,17.5,17.56,17.97,18.06,3551,0.64,"12-Aug-2026",44,"",""
"2415","REXPRO","SM",39.2,39.2,37.7,37.7,37.7,39.4,2000,0.77,"12-Aug-2026",2,"",""
"2416","RFBL","ST",96.15,96.2,96.15,96.2,96.2,91.65,24000,23.08,"12-Aug-2026",5,"",""
"2417","RGL","EQ",116.05,116.05,107.82,110.14,109.79,115.2,918270,1021,"12-Aug-2026",8612,"",""
"2418","RHETAN","EQ",26.82,27.5,26,26.17,26.12,27.01,11996072,3178.85,"12-Aug-2026",12219,"",""
"2419","RHFL","BZ",1.81,1.81,1.77,1.77,1.78,1.81,606890,10.84,"12-Aug-2026",922,"",""
"2420","RHIM","EQ",420,420,385,385.9,385.65,415.55,5130721,20324.75,"12-Aug-2026",88414,"",""
"2421","RHL","EQ",169.08,171.9,169,170,169.25,169.72,915,1.55,"12-Aug-2026",80,"",""
"2422","RICHA","ST",90,90,90,90,90,90,1000,0.9,"12-Aug-2026",1,"",""
"2423","RICOAUTO","EQ",143,145.44,124.92,127.99,128,144.19,8766179,11597.79,"12-Aug-2026",75012,"",""
"2424","RIIL","EQ",747,755.5,738,745.9,740.25,744.3,41500,309.07,"12-Aug-2026",1493,"",""
"2425","RIIT","IV",118.4,118.4,116.08,116.98,117.99,116.55,3719689,4349.39,"12-Aug-2026",2487,"",""
"2426","RILINFRA","SM",37.7,38.4,36.8,38.05,38.4,37.7,14000,5.25,"12-Aug-2026",56,"",""
"2427","RIR","EQ",178.97,185.15,172.25,176.8,175.5,176.13,673721,1208.54,"12-Aug-2026",12150,"",""
"2428","RISHABH","EQ",683,683.35,652,668.3,666.75,678.85,343137,2274.45,"12-Aug-2026",25513,"",""
"2429","RITCO","EQ",308.8,310,297.5,301.95,301.35,302.3,195859,590.8,"12-Aug-2026",6498,"",""
"2430","RITES","EQ",226.74,228,222.58,223.55,223.5,226.67,447470,1005.84,"12-Aug-2026",9758,"",""
"2431","RKDL","EQ",19.06,19.06,18,18.5,18.53,18.97,46540,8.53,"12-Aug-2026",233,"",""
"2432","RKEC","EQ",25.9,26,24.52,24.96,24.91,25.73,40796,10.22,"12-Aug-2026",229,"",""
"2433","RKFORGE","EQ",755.8,760,739.9,743.3,741.7,751.35,978319,7292.67,"12-Aug-2026",27118,"",""
"2434","RKSWAMY","EQ",102.9,107.5,100.61,100.78,101.45,104.97,76845,78.32,"12-Aug-2026",1136,"",""
"2435","RMC","EQ",287.9,319,285.05,302.2,305,283.2,232604,712.55,"12-Aug-2026",7049,"",""
"2436","RMDRIP","BE",17.45,18.09,17.25,17.75,18.01,17.57,1432100,257.38,"12-Aug-2026",599,"",""
"2437","RML","EQ",1096,1116.8,1091,1107.8,1105.4,1095.3,21453,237.08,"12-Aug-2026",2310,"",""
"2438","RNBDENIMS","EQ",8.82,9.09,8.82,8.94,8.92,8.98,156503,14.03,"12-Aug-2026",551,"",""
"2439","RNFI","SM",271.1,273.9,270,272.25,272,271.1,13800,37.41,"12-Aug-2026",18,"",""
"2440","RNPL","SM",84.25,84.25,76.55,76.55,76.55,80.55,9600,7.44,"12-Aug-2026",8,"",""
"2441","ROCKINGDCE","SM",159.4,164.5,157.4,161.95,160,166.9,7750,12.3,"12-Aug-2026",18,"",""
"2442","ROHLTD","EQ",312.2,312.2,306,307.4,308,312.2,19465,60.18,"12-Aug-2026",900,"",""
"2443","ROLEXRINGS","EQ",177.21,177.29,170.01,173.01,173,177.29,14359357,24956,"12-Aug-2026",102009,"",""
"2444","ROLLT","BE",3.15,3.25,2.97,3.22,3.15,3.1,587861,18.18,"12-Aug-2026",313,"",""
"2445","ROML","EQ",44.28,44.96,44.28,44.82,44.96,44.25,610,0.27,"12-Aug-2026",15,"",""
"2446","ROSSARI","EQ",503.9,510,498.6,505.4,501.5,504.9,40915,205.26,"12-Aug-2026",2270,"",""
"2447","ROSSELLIND","EQ",55.5,57.91,55.5,56.97,57,56.84,6134,3.48,"12-Aug-2026",171,"",""
"2448","ROSSTECH","EQ",1050.05,1092.35,1045,1089.5,1090,1066.65,183289,1962.71,"12-Aug-2026",10649,"",""
"2449","ROTO","EQ",69.4,69.4,66.75,67.04,67.09,68.9,365660,246.15,"12-Aug-2026",2952,"",""
"2450","ROUTE","EQ",531.05,531.15,515.7,518.55,517,530.1,146149,763.52,"12-Aug-2026",4786,"",""
"2451","ROXHITECH","SM",47.4,50,47.4,49.9,50,47.8,57600,28.1,"12-Aug-2026",32,"",""
"2452","ROYALARC","SM",162,168,158,168,168,157.9,57600,91.94,"12-Aug-2026",17,"",""
"2453","RPEL","EQ",1308.6,1308.6,1272.7,1289.3,1285,1301.9,39443,507.07,"12-Aug-2026",3344,"",""
"2454","RPGLIFE","EQ",2625,2645.8,2604,2612.7,2605.5,2633.4,6528,171.01,"12-Aug-2026",1230,"",""
"2455","RPOWER","EQ",23.72,23.8,23.3,23.38,23.43,23.62,15262302,3581.43,"12-Aug-2026",26121,"",""
"2456","RPPINFRA","EQ",60.3,60.3,58.3,58.78,59,58.56,1216276,711.85,"12-Aug-2026",1553,"",""
"2457","RPPL","BE",24.87,24.87,23.63,23.63,23.94,24.87,120689,28.64,"12-Aug-2026",220,"",""
"2458","RPSGVENT","EQ",900,905.3,876.05,884.55,884.25,903.05,34466,306.72,"12-Aug-2026",1386,"",""
"2459","RPTECH","EQ",894.1,894.1,844.45,854.9,848,887.8,297069,2557.21,"12-Aug-2026",19195,"",""
"2460","RRIL","EQ",17.47,17.47,16.5,16.97,17.05,16.87,12002,2.01,"12-Aug-2026",168,"",""
"2461","RRKABEL","EQ",2835,2844.9,2775,2789.6,2789.9,2812.8,234123,6564.43,"12-Aug-2026",22847,"",""
"2462","RSDFIN","BE",124.18,124.18,124.18,124.18,124.18,130.71,468,0.58,"12-Aug-2026",18,"",""
"2463","RSL","EQ",156,159,152.8,155.92,158,153.31,1172456,1830.92,"12-Aug-2026",6441,"",""
"2464","RSSOFTWARE","EQ",33.13,33.13,33.13,33.13,33.13,31.56,4185,1.39,"12-Aug-2026",24,"",""
"2465","RSWM","BE",205,206.8,201.8,204.38,203.05,207.84,18357,37.52,"12-Aug-2026",214,"",""
"2466","RSYSTEMS","EQ",244,244.95,239.1,240.1,240.3,244.95,222242,535.89,"12-Aug-2026",5334,"",""
"2467","RTNINDIA","EQ",30.68,31.02,30.02,30.26,30.14,30.68,2641745,804.48,"12-Aug-2026",4394,"",""
"2468","RTNPOWER","EQ",8.54,8.58,8.43,8.45,8.44,8.54,8677132,735.28,"12-Aug-2026",8884,"",""
"2469","RUBFILA","EQ",72.44,74.4,68,68.59,68.55,74.44,119162,83.43,"12-Aug-2026",1427,"",""
"2470","RUBICON","EQ",1659.9,1679.8,1625.1,1653.6,1645.2,1655.1,289009,4783.46,"12-Aug-2026",22350,"",""
"2471","RUBYMILLS","BE",368.9,380,357.25,372.65,373,367.35,7487,27.68,"12-Aug-2026",190,"",""
"2472","RUCHINFRA","EQ",5.96,6.08,5.67,5.77,5.8,5.83,36697,2.16,"12-Aug-2026",204,"",""
"2473","RUCHIRA","EQ",111.44,111.47,104.71,105.89,105.33,111.28,105207,112.86,"12-Aug-2026",1400,"",""
"2474","RUDRA","EQ",18.22,21.8,17.71,20.56,20.5,18.17,1714251,347.85,"12-Aug-2026",2572,"",""
"2475","RULKA","SM",112,113,104.3,110,110,110.25,3000,3.29,"12-Aug-2026",10,"",""
"2476","RUPA","EQ",159.92,160.59,154.31,155.59,155.89,158.76,100300,156.95,"12-Aug-2026",3563,"",""
"2477","RUSHIL","EQ",16.86,18.02,16.6,17.35,17.33,17.02,1231580,213.11,"12-Aug-2026",3002,"",""
"2478","RUSTOMJEE","EQ",370,377,367.05,374.3,374.1,370,51374,191.19,"12-Aug-2026",1794,"",""
"2479","RVHL","EQ",43.53,43.6,41.8,42.93,42.41,43.53,3059,1.31,"12-Aug-2026",68,"",""
"2480","RVNL","EQ",231.16,233.67,227.65,230,230,230,5612306,12919.19,"12-Aug-2026",41365,"",""
"2481","RVTH","EQ",743.95,743.95,719.6,721.3,720.55,713.05,1085,7.85,"12-Aug-2026",98,"",""
"2482","S&SPOWER","EQ",316.1,330.3,312.5,317.65,320.4,321.9,4176,13.43,"12-Aug-2026",141,"",""
"2483","SAAKSHI","ST",268,279.9,266,275.3,279.9,274.8,9000,24.44,"12-Aug-2026",12,"",""
"2484","SAATVIKGL","EQ",434.7,444.7,430.05,435.35,433.1,426.7,112853,491.71,"12-Aug-2026",3603,"",""
"2485","SABAR","SM",6.6,7.2,6.6,7.1,7.1,6.9,40000,2.78,"12-Aug-2026",8,"",""
"2486","SACHEEROME","SM",459,467,450,460,459,450.15,21300,97.93,"12-Aug-2026",67,"",""
"2487","SADBHAV","EQ",9.06,9.18,8.7,8.88,8.71,8.92,70228,6.31,"12-Aug-2026",270,"",""
"2488","SADBHIN","BE",2.66,2.67,2.56,2.62,2.63,2.61,104557,2.73,"12-Aug-2026",152,"",""
"2489","SADHAV","SM",120,120,118,118,118,120,3600,4.27,"12-Aug-2026",6,"",""
"2490","SADHNANIQ","BE",3.26,3.26,3.26,3.26,3.26,3.32,2917949,95.13,"12-Aug-2026",731,"",""
"2491","SAFARI","EQ",1502,1507,1476.8,1483.6,1477,1500.2,26166,389.85,"12-Aug-2026",5806,"",""
"2492","SAFEENTP","SM",240,240,230.7,234.4,231.5,240.65,48500,114.03,"12-Aug-2026",73,"",""
"2493","SAGARDEEP","EQ",24.8,25.23,24,24.39,24.57,24.69,8264,2.02,"12-Aug-2026",142,"",""
"2494","SAGCEM","EQ",174.1,177.98,173.5,175.15,175.85,175.06,28813,50.69,"12-Aug-2026",548,"",""
"2495","SAGILITY","EQ",43.02,43.5,42.69,43.31,43.48,43.02,12081362,5207.21,"12-Aug-2026",33148,"",""
"2496","SAHAJSOLAR","SM",108.35,113.5,108.35,109.2,109.2,108.4,10000,11.09,"12-Aug-2026",23,"",""
"2497","SAHANA","SM",805,806,780,787.3,785,801.25,25200,199.58,"12-Aug-2026",108,"",""
"2498","SAHASRA","ST",332.5,332.5,320,320.95,321.05,332.5,16400,52.93,"12-Aug-2026",36,"",""
"2499","SAHLIBHFI","EQ",76.8,79.5,76.7,79.04,78.49,75,3607,2.84,"12-Aug-2026",56,"",""
"2500","SAHYADRI","EQ",342.9,375,339,346.8,346.75,340.55,186684,664.03,"12-Aug-2026",3463,"",""
"2501","SAIFL","SM",4.95,5,4.95,4.95,5,5,196000,9.74,"12-Aug-2026",36,"",""
"2502","SAIL","EQ",172.69,175.9,171.16,174,174,173,18936094,32877.11,"12-Aug-2026",75979,"",""
"2503","SAILIFE","EQ",1446.4,1474,1443.3,1463.6,1462.1,1444.4,430058,6288.89,"12-Aug-2026",30084,"",""
"2504","SAIPARENT","EQ",580.95,589,514.05,552.4,549.85,573.5,349508,1957.34,"12-Aug-2026",15742,"",""
"2505","SAJHOTELS","ST",40.5,42.5,40.5,42.5,42.5,40.5,40000,16.92,"12-Aug-2026",11,"",""
"2506","SAKAR","EQ",962.4,963.95,925.15,935.8,940,953.75,77546,727.3,"12-Aug-2026",6900,"",""
"2507","SAKHTISUG","EQ",17.4,17.4,16.8,16.93,16.8,17.08,68669,11.67,"12-Aug-2026",398,"",""
"2508","SAKSOFT","EQ",163.77,164.99,162.5,163,162.5,164.6,259744,425.3,"12-Aug-2026",3594,"",""
"2509","SAKUMA","EQ",1.67,1.68,1.64,1.65,1.66,1.67,630510,10.43,"12-Aug-2026",695,"",""
"2510","SALASAR","EQ",5.79,5.83,5.7,5.76,5.79,5.79,2679015,154.06,"12-Aug-2026",2848,"",""
"2511","SALONA","EQ",249.88,255,247.07,254.95,255,248.65,1940,4.91,"12-Aug-2026",130,"",""
"2512","SALSTEEL","EQ",60.6,63.7,58.81,63.05,62.5,58.89,830005,513.31,"12-Aug-2026",5664,"",""
"2513","SALZERELEC","EQ",570,578.55,564.75,568.9,569.85,569.9,71508,406.67,"12-Aug-2026",3044,"",""
"2514","SAMBHAAV","EQ",6.81,7.06,6.61,6.69,6.86,6.56,32538,2.22,"12-Aug-2026",137,"",""
"2515","SAMBHV","EQ",118.98,118.99,116.83,118.45,118.43,118.62,592877,698.74,"12-Aug-2026",4406,"",""
"2516","SAMHI","EQ",164.81,166.5,164,164.51,164.48,164.81,655222,1080.43,"12-Aug-2026",8541,"",""
"2517","SAMMAANCAP","EQ",164.8,164.8,158.66,160.79,160.4,163.4,6698353,10786.5,"12-Aug-2026",25940,"",""
"2518","SAMPANN","EQ",26.75,27.25,26.31,26.41,26.42,26.65,9660,2.58,"12-Aug-2026",82,"",""
"2519","SANATHAN","EQ",512,512,468,475.85,470.05,501.4,108307,531.7,"12-Aug-2026",3458,"",""
"2520","SANDESH","EQ",1109.4,1109.4,1065.1,1080.75,1082,1085.25,2396,25.89,"12-Aug-2026",290,"",""
"2521","SANDHAR","EQ",621.95,644.85,619,626.5,627,621.95,245172,1551.2,"12-Aug-2026",11531,"",""
"2522","SANDUMA","EQ",204.4,207.28,201.49,202.89,203.25,204.39,684005,1395.3,"12-Aug-2026",10799,"",""
"2523","SANGAMIND","EQ",581,587.9,570,578.1,580,581.95,27222,156.57,"12-Aug-2026",2134,"",""
"2524","SANGANI","SM",50.6,50.7,50.6,50.7,50.7,48.3,19500,9.88,"12-Aug-2026",9,"",""
"2525","SANGHVIMOV","EQ",515,518.9,497.25,500.45,498.05,516.95,360614,1825.16,"12-Aug-2026",10879,"",""
"2526","SANGINITA","BE",55.64,55.64,55.64,55.64,55.64,56.77,42684,23.75,"12-Aug-2026",70,"",""
"2527","SANOFI","EQ",3304.5,3305.4,3232,3243.6,3244,3303.2,20847,679.43,"12-Aug-2026",3726,"",""
"2528","SANOFICONR","EQ",4530,4543.9,4465,4478.5,4465,4553,1361,61.09,"12-Aug-2026",512,"",""
"2529","SANSERA","EQ",3685.1,3933,3665.3,3878.3,3931,3685.1,328395,12516.08,"12-Aug-2026",41957,"",""
"2530","SANSTAR","EQ",112,113.49,110.05,111.92,112.99,111.88,130754,145.54,"12-Aug-2026",1859,"",""
"2531","SANWARIA","BZ",0.21,0.21,0.19,0.19,0.21,0.2,357897,0.72,"12-Aug-2026",150,"",""
"2532","SAPPHIRE","EQ",236.98,238.89,226.7,231.74,231.3,236.02,3516974,8204.48,"12-Aug-2026",36831,"",""
"2533","SAPPL","EQ",281.8,282.2,281.8,282.2,282.2,281.65,26,0.07,"12-Aug-2026",4,"",""
"2534","SARDAEN","EQ",497.35,499.75,487.9,489.45,490,495.85,170619,841.11,"12-Aug-2026",11227,"",""
"2535","SAREGAMA","EQ",529.1,529.5,514.05,516.05,515.3,529.1,178262,926.31,"12-Aug-2026",10782,"",""
"2536","SARLAPOLY","EQ",101.87,101.87,99.55,100.44,101.25,100.89,34730,34.97,"12-Aug-2026",456,"",""
"2537","SARTELE","SM",114.9,114.9,112.05,113.8,114,114.4,49500,56.01,"12-Aug-2026",86,"",""
"2538","SARVESHWAR","EQ",3.47,3.62,3.42,3.46,3.48,3.49,2465205,86.58,"12-Aug-2026",2760,"",""
"2539","SASKEN","EQ",2018.9,2018.9,1920,1926.4,1920,1982.6,16668,324.14,"12-Aug-2026",2762,"",""
"2540","SATECH","SM",33.95,35.25,33.95,35.25,35.25,32.05,41000,14.4,"12-Aug-2026",17,"",""
"2541","SATIA","EQ",60.05,62.06,60,61.53,61.5,60.99,53459,32.66,"12-Aug-2026",626,"",""
"2542","SATIN","EQ",225,225.39,220.89,223.41,223,225.04,384703,856.63,"12-Aug-2026",5877,"",""
"2543","SATIPOLY","ST",46,46,43.7,43.7,43.7,46,11000,4.83,"12-Aug-2026",16,"",""
"2544","SATKARTAR","SM",120,123,119.1,121.05,121,120,15200,18.41,"12-Aug-2026",14,"",""
"2545","SATTVAENGG","SM",81.75,81.75,75.05,77,77,79.55,24000,18.77,"12-Aug-2026",15,"",""
"2546","SAURASHCEM","EQ",61.06,61.23,59.2,60.93,61.05,60.89,131597,79.6,"12-Aug-2026",1597,"",""
"2547","SAVY","SM",127.5,130,127,128,128,130.65,7200,9.21,"12-Aug-2026",6,"",""
"2548","SAWALIYA","SM",288,293.9,288,288.2,288.2,287.2,33000,95.6,"12-Aug-2026",14,"",""
"2549","SAYAJIHOTL","EQ",328,328,328,328,328,313.05,1,0,"12-Aug-2026",1,"",""
"2550","SBC","EQ",41.49,42.06,33.56,40.19,40.23,41.51,43595847,16621.04,"12-Aug-2026",193019,"",""
"2551","SBCL","EQ",1060,1060,1017,1026.65,1027.05,1039.2,469720,4848.73,"12-Aug-2026",21681,"",""
"2552","SBFC","EQ",93.8,94.75,93.47,94.01,94,93.84,4553086,4288.9,"12-Aug-2026",19655,"",""
"2553","SBGLP","EQ",26.27,26.27,24.71,25.69,25.7,25.4,16564,4.21,"12-Aug-2026",80,"",""
"2554","SBIBPB","EQ",50.36,51.1,50.05,50.71,50.71,49.89,171464,87.12,"12-Aug-2026",524,"",""
"2555","SBICARD","EQ",650,656.6,644.4,656.6,656.6,650.05,535832,3489.69,"12-Aug-2026",23685,"",""
"2556","SBIETFCON","EQ",125.79,125.79,124.02,124.43,124.02,125.66,11216,13.97,"12-Aug-2026",113,"",""
"2557","SBIETFIT","EQ",353,353,344,346.76,344.65,351.39,13940,48.51,"12-Aug-2026",284,"",""
"2558","SBIETFPB","EQ",281,281,278.37,280.02,278.62,280.2,3321,9.27,"12-Aug-2026",96,"",""
"2559","SBIETFQLTY","EQ",228.65,228.65,225.72,227.59,225.72,228.67,1479,3.36,"12-Aug-2026",58,"",""
"2560","SBIFUNDS","EQ",570,570.9,563.1,568.8,570,568.45,1734065,9814.19,"12-Aug-2026",52166,"",""
"2561","SBILIFE","EQ",1840.8,1840.8,1816.5,1830,1830,1837.6,1053505,19247.98,"12-Aug-2026",41716,"",""
"2562","SBILIQETF","EQ",1051.4,1051.42,1051.4,1051.42,1051.42,1051.29,8316,87.44,"12-Aug-2026",27,"",""
"2563","SBIMIDMOM","EQ",64.97,64.97,63.75,64.63,64.5,64.2,173664,112.23,"12-Aug-2026",371,"",""
"2564","SBIN","EQ",1066,1085.5,1066,1082,1082,1066,17673922,190772.3,"12-Aug-2026",202405,"",""
"2565","SBINEQWETF","EQ",34.3,34.3,33.81,34.01,34.11,34.13,26760,9.08,"12-Aug-2026",277,"",""
"2566","SBINMID150","EQ",23.58,23.65,23.39,23.56,23.65,23.58,18539,4.36,"12-Aug-2026",115,"",""
"2567","SBISILVER","EQ",227,231.66,227,231.39,231.46,227.88,1320008,3038.58,"12-Aug-2026",8456,"",""
"2568","SBISMLETF","EQ",18.6,18.6,18.3,18.35,18.48,18.42,26073,4.8,"12-Aug-2026",165,"",""
"2569","SBIVALETF","EQ",15.11,15.13,14.97,15.05,15.05,15.13,9919,1.49,"12-Aug-2026",40,"",""
"2570","SCANSTL","BE",59.55,62.5,59.55,60.68,61,61.77,30759,18.71,"12-Aug-2026",158,"",""
"2571","SCHAEFFLER","EQ",4151.3,4189.9,4105.5,4125.8,4128.7,4151.3,60324,2506.68,"12-Aug-2026",16113,"",""
"2572","SCHAND","EQ",139.3,141,137,139.48,138.3,139.37,39265,54.28,"12-Aug-2026",1341,"",""
"2573","SCHNEIDER","EQ",1400,1439.8,1380,1431.9,1435,1403.3,418698,5933.85,"12-Aug-2026",34427,"",""
"2574","SCI","EQ",294,300.95,293.35,298.8,297.3,293.95,2156081,6422.98,"12-Aug-2026",23461,"",""
"2575","SCILAL","EQ",41,41.13,40.51,40.6,40.66,40.9,126870,51.72,"12-Aug-2026",994,"",""
"2576","SCML","SM",85,86,84.65,85,85,86.35,66000,56.09,"12-Aug-2026",47,"",""
"2577","SCODATUBES","EQ",141.09,141.09,133.2,133.63,134,140.06,252583,341.75,"12-Aug-2026",3777,"",""
"2578","SCPL","EQ",616.85,664,606.2,652.1,650,615.7,246811,1599.16,"12-Aug-2026",9369,"",""
"2579","SDBL","EQ",69.81,71.9,69.15,71.5,71.9,73.52,1604785,1134.98,"12-Aug-2026",9525,"",""
"2580","SDREAMS","SM",88,88,88,88,88,85.55,1000,0.88,"12-Aug-2026",1,"",""
"2581","SEAMECLTD","EQ",1561.2,1562.1,1489.1,1521.8,1520.1,1547.2,603244,9229.39,"12-Aug-2026",12988,"",""
"2582","SECMARK","EQ",130,131,124.6,127.77,124.6,125.07,2691,3.36,"12-Aug-2026",27,"",""
"2583","SECURKLOUD","EQ",19.3,19.5,17.65,18.64,18.7,19.04,12147,2.26,"12-Aug-2026",168,"",""
"2584","SEDEMAC","EQ",3120,3135,3012.6,3050,3060,3096.2,203000,6212.44,"12-Aug-2026",20362,"",""
"2585","SEIL","EQ",213,217.98,203.5,205.07,206.93,207.95,297597,624.53,"12-Aug-2026",3948,"",""
"2586","SEITINVIT","IV",124,124,124,124,124,126,5600000,6944,"12-Aug-2026",8,"",""
"2587","SEJALLTD","EQ",710,710,672.15,679.95,687.9,699.55,17103,116.59,"12-Aug-2026",810,"",""
"2588","SEL","SM",264,285.5,264,280.1,281,261.75,26400,73.96,"12-Aug-2026",57,"",""
"2589","SELECTIPO","EQ",48.72,48.72,48.28,48.57,48.6,48.48,41535,20.1,"12-Aug-2026",158,"",""
"2590","SELLOWRAP","SM",66,66.5,63.5,66.2,66.5,67,33600,21.63,"12-Aug-2026",19,"",""
"2591","SELMC","EQ",27.57,27.57,27.08,27.49,27.5,27.57,1218,0.33,"12-Aug-2026",37,"",""
"2592","SEMAC","BE",300,312.5,300,301.2,301.2,305.1,195,0.59,"12-Aug-2026",12,"",""
"2593","SENCO","EQ",376,379.45,343,345.65,346.5,401.25,7359766,26341.82,"12-Aug-2026",125050,"",""
"2594","SENORES","EQ",1475.7,1501,1455,1492.4,1495,1475.7,267987,3969.84,"12-Aug-2026",19431,"",""
"2595","SENSEXADD","EQ",80.85,80.98,79.94,80.26,80.98,80.85,707,0.57,"12-Aug-2026",35,"",""
"2596","SENSEXAXIS","EQ",79.77,82,79.77,81,82,81.43,3224,2.6,"12-Aug-2026",64,"",""
"2597","SENSEXBETA","EQ",869,870,857.75,863.94,862.25,866.54,2356,20.29,"12-Aug-2026",300,"",""
"2598","SENSEXETF","EQ",80.72,80.77,79.97,80.44,80.52,80.7,25034,20.1,"12-Aug-2026",363,"",""
"2599","SENSEXIETF","EQ",897.12,904.11,893.01,896.87,898,900.62,10261,91.91,"12-Aug-2026",450,"",""
"2600","SEPC","EQ",5.1,6.14,5.1,6.03,6.1,6.09,31291302,1846.63,"12-Aug-2026",26502,"",""
"2601","SERVICE","SM",61,61,61,61,61,61,4000,2.44,"12-Aug-2026",2,"",""
"2602","SERVOTECH","EQ",83.13,84.28,82.47,83.24,83.75,83.37,375768,312.18,"12-Aug-2026",4064,"",""
"2603","SESHAPAPER","EQ",232.21,234.95,229,232.62,231.96,233,23698,54.96,"12-Aug-2026",808,"",""
"2604","SETCO","BE",17.6,17.6,17.32,17.6,17.6,17.57,44827,7.83,"12-Aug-2026",90,"",""
"2605","SETF10GILT","EQ",266.99,266.99,265.25,265.84,266.79,266.45,2009,5.35,"12-Aug-2026",30,"",""
"2606","SETFGOLD","EQ",131.74,131.74,129.74,130.48,130.41,129.56,3657812,4765.01,"12-Aug-2026",9622,"",""
"2607","SETFNIF50","EQ",263.77,264.2,261.81,262.98,263.32,263.77,717458,1881.87,"12-Aug-2026",4258,"",""
"2608","SETFNIFBK","EQ",591.06,594.99,589.19,594.26,592.01,590.53,13405,79.47,"12-Aug-2026",312,"",""
"2609","SETFNN50","EQ",799.27,803,796.01,799.62,803,800.85,25786,205.89,"12-Aug-2026",1443,"",""
"2610","SETL","EQ",301.9,307,286,300.05,301,297.3,1920788,5730.88,"12-Aug-2026",24933,"",""
"2611","SETUINFRA","BZ",0.42,0.43,0.4,0.43,0.43,0.41,34117,0.15,"12-Aug-2026",43,"",""
"2612","SEYAIND","BE",12.92,12.92,12.5,12.5,12.5,12.75,6718,0.85,"12-Aug-2026",67,"",""
"2613","SFL","EQ",691.35,717.85,687.7,691.1,691.5,679.25,674656,4730.72,"12-Aug-2026",48186,"",""
"2614","SFML","SM",22.6,22.6,21,21.2,21,22.6,35200,7.7,"12-Aug-2026",16,"",""
"2615","SGBAPR28I","GB",15122,15200,15101,15124.18,15120,15070,28,4.24,"12-Aug-2026",18,"",""
"2616","SGBAUG27","GB",15048.93,15120,15048.93,15101,15101,15048.93,279,42.15,"12-Aug-2026",22,"",""
"2617","SGBAUG28V","GB",15100,15188.42,15076.01,15110.15,15130,15048.42,1318,199.39,"12-Aug-2026",202,"",""
"2618","SGBAUG29V","GB",15100,15200.01,15100,15173.55,15198,15050,137,20.8,"12-Aug-2026",33,"",""
"2619","SGBAUG30","GB",15137.01,15249.01,15137.01,15240.37,15240,15108.27,261,39.65,"12-Aug-2026",88,"",""
"2620","SGBD29VIII","GB",15070.01,15180,15070.01,15175,15175,15068.35,161,24.39,"12-Aug-2026",33,"",""
"2621","SGBDC27VII","GB",15150,15200,15100,15111,15111,15000,35,5.3,"12-Aug-2026",10,"",""
"2622","SGBDE30III","GB",15149,15200,15106.13,15175.73,15200,15080.88,281,42.63,"12-Aug-2026",52,"",""
"2623","SGBDE31III","GB",15402.1,15402.1,15276.01,15348.92,15350,15325.47,1449,222.3,"12-Aug-2026",269,"",""
"2624","SGBDEC26","GB",15030,15125.26,15030,15125.26,15125.26,15000,3,0.45,"12-Aug-2026",3,"",""
"2625","SGBFEB27","GB",15150,15150,15150,15150,15150,14997,5,0.76,"12-Aug-2026",1,"",""
"2626","SGBFEB28IX","GB",15002,15149.99,15002,15103.84,15090,15000,31,4.68,"12-Aug-2026",10,"",""
"2627","SGBFEB29XI","GB",15055.01,15125,15055.01,15122.66,15125,15011,31,4.68,"12-Aug-2026",15,"",""
"2628","SGBFEB32IV","GB",15399.99,15499.99,15331.01,15398.25,15400,15329.16,2346,361.31,"12-Aug-2026",330,"",""
"2629","SGBJ28VIII","GB",15099.98,15099.99,15099.98,15099.99,15099.99,14985,93,14.04,"12-Aug-2026",4,"",""
"2630","SGBJAN27","GB",15350,15350,15100,15100,15100,15000,2,0.3,"12-Aug-2026",2,"",""
"2631","SGBJAN29IX","GB",15100,15150,15050.01,15118.41,15130,14995.46,78,11.79,"12-Aug-2026",30,"",""
"2632","SGBJAN29X","GB",15040.01,15113.5,15040.01,15088.22,15085.25,14999.76,260,39.21,"12-Aug-2026",40,"",""
"2633","SGBJAN30IX","GB",15056,15299.99,15056,15149.14,15200,15054.72,44,6.67,"12-Aug-2026",23,"",""
"2634","SGBJU29III","GB",15005.01,15136,15003,15134.2,15135,15003,225,33.97,"12-Aug-2026",46,"",""
"2635","SGBJUL27","GB",15006,15099.9,14961.01,15099.9,15099.9,15050,21,3.16,"12-Aug-2026",6,"",""
"2636","SGBJUL28IV","GB",14997.5,15114,14997.5,15100,15100,14997.5,574,86.61,"12-Aug-2026",58,"",""
"2637","SGBJUL29IV","GB",15035.01,15349,14806,15125.04,15100,15033.85,1210,182.31,"12-Aug-2026",215,"",""
"2638","SGBJUN27","GB",15053.01,15053.01,15053.01,15053.01,15053.01,15050,2,0.3,"12-Aug-2026",1,"",""
"2639","SGBJUN28","GB",15050.01,15149.98,15050.01,15140,15140,15049.57,8,1.21,"12-Aug-2026",8,"",""
"2640","SGBJUN29II","GB",15200,15249.99,15050,15142.74,15082,15026.91,255,38.52,"12-Aug-2026",37,"",""
"2641","SGBJUN30","GB",14992.33,15199.99,14992.33,15176.38,15195,15067.67,153,23.1,"12-Aug-2026",41,"",""
"2642","SGBJUN31I","GB",15182.01,15317.98,15182.01,15257.06,15270,15152.25,545,83.15,"12-Aug-2026",153,"",""
"2643","SGBMAR30X","GB",15081,15190,15081,15133,15140,15074.82,125,18.92,"12-Aug-2026",30,"",""
"2644","SGBMAR31IV","GB",15300,15300,15135.11,15266.61,15261.29,15130.06,114,17.36,"12-Aug-2026",35,"",""
"2645","SGBMAY28","GB",14985.35,15190,14985.35,15100,15100,14985.35,64,9.65,"12-Aug-2026",22,"",""
"2646","SGBMAY29I","GB",15025.01,15125,14949.45,15120.19,15125,15024.57,186,28.05,"12-Aug-2026",56,"",""
"2647","SGBMR29XII","GB",15166.55,15270,15166.55,15230.15,15220.02,15166.55,344,52.41,"12-Aug-2026",57,"",""
"2648","SGBN28VIII","GB",15100,15189,15080,15140.36,15179,14999.73,71,10.73,"12-Aug-2026",37,"",""
"2649","SGBNOV26","GB",15100,15195,15001.01,15018.64,15001.01,14999.9,14,2.11,"12-Aug-2026",3,"",""
"2650","SGBNV29VII","GB",15006,15135,15006,15100,15100,15084,125,18.89,"12-Aug-2026",27,"",""
"2651","SGBOC28VII","GB",15050,15150,15050,15125,15149,15081.79,67,10.14,"12-Aug-2026",8,"",""
"2652","SGBOCT26","GB",15100,15134,15065.01,15134,15134,15048.33,17,2.57,"12-Aug-2026",5,"",""
"2653","SGBOCT27","GB",15005.01,15180,15005.01,15180,15180,15000.01,31,4.68,"12-Aug-2026",14,"",""
"2654","SGBOCT27VI","GB",14922.28,15220,14922.28,15100,15100,14997.27,42,6.32,"12-Aug-2026",9,"",""
"2655","SGBSEP27","GB",15200,15200,15200,15200,15200,15150,140,21.28,"12-Aug-2026",2,"",""
"2656","SGBSEP28VI","GB",15203,15250,15201,15227.75,15230,15169.58,80,12.18,"12-Aug-2026",31,"",""
"2657","SGBSEP29VI","GB",15200,15280,15200,15225.48,15225.02,15153.34,192,29.23,"12-Aug-2026",32,"",""
"2658","SGBSEP31II","GB",15276.46,15324.99,15203.2,15313.37,15324.98,15200.46,1113,169.81,"12-Aug-2026",222,"",""
"2659","SGFIN","EQ",665.2,665.2,639.9,651.45,651.05,660.2,328563,2127.36,"12-Aug-2026",12609,"",""
"2660","SGIL","EQ",605,606.9,600,600.15,600,608.6,5343,32.1,"12-Aug-2026",154,"",""
"2661","SGL","EQ",9.95,10.19,9.75,9.91,9.98,9.87,2041,0.2,"12-Aug-2026",28,"",""
"2662","SGMART","EQ",717.9,723,709,717.6,718,717.95,128136,918.21,"12-Aug-2026",6575,"",""
"2663","SHADOWFAX","EQ",249.03,252.31,244.22,247.39,248.44,249.03,4161609,10334.91,"12-Aug-2026",51305,"",""
"2664","SHAH","EQ",4.05,4.19,4.02,4.09,4.1,4.05,3743749,153.6,"12-Aug-2026",5357,"",""
"2665","SHAHALLOYS","EQ",71.98,72,70,71.46,71.88,69.7,6717,4.77,"12-Aug-2026",69,"",""
"2666","SHAILY","EQ",3457.9,3496.3,3402.5,3434,3450,3457.9,151320,5218.01,"12-Aug-2026",26130,"",""
"2667","SHAKTIPUMP","EQ",510,514,508,510.25,509,510.6,302641,1543.13,"12-Aug-2026",10698,"",""
"2668","SHALBY","EQ",161.5,161.5,156.24,157.28,157,161.67,97370,154.56,"12-Aug-2026",2117,"",""
"2669","SHALPAINTS","BE",84.1,85.89,82.5,82.9,83,83.87,111104,92.61,"12-Aug-2026",407,"",""
"2670","SHANKARA","EQ",143,143,140.02,141.84,141.5,142.22,324045,458.52,"12-Aug-2026",1324,"",""
"2671","SHANTI","EQ",6.26,6.44,6,6.24,6.28,6.09,67981,4.17,"12-Aug-2026",123,"",""
"2672","SHANTIGEAR","EQ",401.15,401.5,392.8,399.2,400,399.4,11092,44.21,"12-Aug-2026",742,"",""
"2673","SHANTIGOLD","EQ",225,232.15,218.13,230.2,231.7,227.77,1488878,3361.5,"12-Aug-2026",17539,"",""
"2674","SHARDACROP","EQ",803.3,808.85,795.05,797.85,798.8,806.4,142876,1145.33,"12-Aug-2026",8278,"",""
"2675","SHARDAMOTR","EQ",883.9,897.95,877.35,880.55,879.2,876.9,66149,585.79,"12-Aug-2026",6842,"",""
"2676","SHARDUL","BE",47.43,47.43,46,47.43,47.43,45.18,36045,17.09,"12-Aug-2026",146,"",""
"2677","SHAREINDIA","EQ",167.99,168.87,165,165.72,165.3,167.56,182206,302.71,"12-Aug-2026",2127,"",""
"2678","SHARIABEES","EQ",478.14,478.6,470.01,471.76,472.5,475.4,10763,50.81,"12-Aug-2026",510,"",""
"2679","SHBAJRG","EQ",187.95,187.95,176.35,178.4,178.05,181.38,3394,6.05,"12-Aug-2026",76,"",""
"2680","SHEETAL","SM",339,339,332,332,332,333,2000,6.69,"12-Aug-2026",4,"",""
"2681","SHEKHAWATI","EQ",18.4,19.82,18.4,19.82,19.82,16.52,627763,121.94,"12-Aug-2026",1448,"",""
"2682","SHEMAROO","BE",132,133,128.01,130.07,130.69,126.88,26178,34.44,"12-Aug-2026",185,"",""
"2683","SHERA","ST",169,169,163,163.2,163.2,163,40000,66.16,"12-Aug-2026",30,"",""
"2684","SHETHJI","ST",170,173.95,166.7,170.65,173.95,168.35,17000,29.01,"12-Aug-2026",17,"",""
"2685","SHILCTECH","EQ",3972,4069,3784.9,3854.3,3852,4581.7,318052,12397.52,"12-Aug-2026",50763,"",""
"2686","SHILPAMED","EQ",819.5,820.95,800.1,805.2,803.65,819.7,977909,7933.01,"12-Aug-2026",32377,"",""
"2687","SHINDL","EQ",165.88,167.02,159.45,163.82,161.98,164.67,165060,265.83,"12-Aug-2026",1399,"",""
"2688","SHIVALIK","BE",259.85,267.89,259.85,265.14,264.9,256.85,25676,68.06,"12-Aug-2026",246,"",""
"2689","SHIVAMAUTO","BE",17.1,17.1,17,17.1,17.1,17.24,12264,2.1,"12-Aug-2026",30,"",""
"2690","SHIVAMILLS","EQ",61.98,64,58.89,59.59,59.5,61.98,6740,4.08,"12-Aug-2026",101,"",""
"2691","SHIVASHRIT","SM",124.35,128,122,124.5,123.5,126.8,74000,92.14,"12-Aug-2026",37,"",""
"2692","SHIVATEX","EQ",162.22,164,161.06,161.18,161.06,163.84,1328,2.16,"12-Aug-2026",24,"",""
"2693","SHIVAUM","EQ",450,455,426.1,449.55,448.3,425.2,6877,30.68,"12-Aug-2026",238,"",""
"2694","SHK","EQ",173.5,177.06,168.22,170.89,170.93,172.69,675184,1171.06,"12-Aug-2026",9901,"",""
"2695","SHKSIL","SM",40,40,40,40,40,38.5,2000,0.8,"12-Aug-2026",1,"",""
"2696","SHOPERSTOP","EQ",429.85,431.95,418,423.9,418,427.7,38400,163.56,"12-Aug-2026",1566,"",""
"2697","SHRADHA","EQ",34.94,34.94,33.23,33.73,34,33.73,19492,6.63,"12-Aug-2026",209,"",""
"2698","SHREDIGCEM","EQ",72.23,72.23,70.35,71.12,70.5,72.24,24941,17.82,"12-Aug-2026",595,"",""
"2699","SHREECEM","EQ",25470,25570,25150,25570,25570,25510,19869,5028.86,"12-Aug-2026",7799,"",""
"2700","SHREEDHAR","ST",108.1,108.1,107,107,107,109.2,10000,10.76,"12-Aug-2026",5,"",""
"2701","SHREEJISPG","EQ",632.65,645.05,617.7,641.65,641,629.75,1099497,6956.14,"12-Aug-2026",11669,"",""
"2702","SHREEKARNI","SM",375,377.9,342,367.85,377.8,381.05,11250,40.3,"12-Aug-2026",62,"",""
"2703","SHREEOSFM","SM",57.2,60,57.2,60,60,57,19000,11.07,"12-Aug-2026",11,"",""
"2704","SHREEPUSHK","EQ",415.4,417.7,398,400.9,403,413.6,35145,143.5,"12-Aug-2026",1333,"",""
"2705","SHREERAMA","EQ",37.92,40,37.7,38.38,38.85,38.09,115769,45.16,"12-Aug-2026",1436,"",""
"2706","SHREMINVIT","IV",103.9,103.9,103.9,103.9,103.9,100,25000,25.98,"12-Aug-2026",1,"",""
"2707","SHRENIK","BZ",0.32,0.33,0.32,0.32,0.33,0.32,283396,0.92,"12-Aug-2026",185,"",""
"2708","SHREYANIND","EQ",140.85,145,139.01,142.53,140.65,140.15,6600,9.4,"12-Aug-2026",189,"",""
"2709","SHRIAHIMSA","ST",387,388,385.1,386.55,388,385,2400,9.29,"12-Aug-2026",4,"",""
"2710","SHRIKANHA","SM",21.8,21.8,21.6,21.6,21.6,21.6,3200,0.69,"12-Aug-2026",2,"",""
"2711","SHRIKRISH","EQ",40.5,42.71,40.01,40.83,41.39,40.63,208,0.08,"12-Aug-2026",11,"",""
"2712","SHRINGARMS","EQ",234.9,236,228.1,229.71,230,233.35,829910,1922.55,"12-Aug-2026",3266,"",""
"2713","SHRIPISTON","EQ",4419.1,4588,4400,4478.7,4460.5,4419.1,82738,3735.91,"12-Aug-2026",13652,"",""
"2714","SHRIRAMFIN","EQ",1135.5,1135.5,1117,1117.2,1117.2,1129.9,3582194,40297.39,"12-Aug-2026",58011,"",""
"2715","SHRIRAMPPS","EQ",86.25,86.52,82.62,83.3,82.76,86.26,720386,605.52,"12-Aug-2026",4239,"",""
"2716","SHRITECH","SM",60,60,60,60,60,60.75,2000,1.2,"12-Aug-2026",1,"",""
"2717","SHUBHLAXMI","SM",18.3,18.3,18.3,18.3,18.3,18.1,1000,0.18,"12-Aug-2026",1,"",""
"2718","SHUBHSHREE","SM",331.05,331.05,331.05,331.05,331.05,344,300,0.99,"12-Aug-2026",1,"",""
"2719","SHYAMCENT","BE",4.92,5.16,4.92,5.08,5.1,5.09,22706,1.15,"12-Aug-2026",127,"",""
"2720","SHYAMMETL","EQ",984.8,992.9,981.4,986.6,989,984.8,466532,4599.16,"12-Aug-2026",13609,"",""
"2721","SHYAMTEL","BE",14.12,14.99,14.12,14.4,14.99,14.82,4482,0.65,"12-Aug-2026",32,"",""
"2722","SICAGEN","EQ",60.9,63.8,57.99,60.67,61.85,60,131149,79.6,"12-Aug-2026",1480,"",""
"2723","SICALLOG","BE",109,112.52,104.99,111.81,112.52,107.17,47048,51.7,"12-Aug-2026",227,"",""
"2724","SIDDHICOTS","SM",28,28,28,28,28,28,1200,0.34,"12-Aug-2026",1,"",""
"2725","SIDDHIKA","SM",216.05,226.85,216.05,222,222,216.05,8500,19.11,"12-Aug-2026",11,"",""
"2726","SIEMENS","EQ",4022,4097.9,3991.7,4019,4019,4011,716413,28871.2,"12-Aug-2026",61106,"",""
"2727","SIGACHI","BE",25.99,26.8,25.81,26.52,26.6,25.81,1560364,408.47,"12-Aug-2026",1350,"",""
"2728","SIGIND","EQ",71.14,71.14,65.65,68.46,69,71.49,110819,75.8,"12-Aug-2026",903,"",""
"2729","SIGMA","EQ",48.25,48.25,45.11,46.05,46.1,47.13,124845,57.58,"12-Aug-2026",1373,"",""
"2730","SIGMAADV","BE",701.45,710,666.4,683.85,684.95,701.45,289657,1968.38,"12-Aug-2026",5300,"",""
"2731","SIGNATURE","EQ",814.9,814.9,801.05,807.95,805,814.9,171961,1384.93,"12-Aug-2026",3907,"",""
"2732","SIGNORIA","ST",166,166,166,166,166,171.05,1000,1.66,"12-Aug-2026",1,"",""
"2733","SIGNPOST","EQ",272.45,275.95,268,269.35,268.7,270.75,44169,120.1,"12-Aug-2026",1945,"",""
"2734","SIKA","EQ",1102,1122.3,1080.3,1111.6,1113.2,1102.6,18060,198.71,"12-Aug-2026",2358,"",""
"2735","SIKKO","BE",5.52,5.52,5.52,5.52,5.52,5.81,117248,6.47,"12-Aug-2026",329,"",""
"2736","SIL","EQ",21.09,21.5,18.66,19.38,19.49,20.91,236016,46.76,"12-Aug-2026",1591,"",""
"2737","SILGO","EQ",67.7,70.14,67.65,69.8,68.02,68.72,204438,141.06,"12-Aug-2026",1491,"",""
"2738","SILINV","EQ",426.5,430,419,424.35,425,426.5,1448,6.14,"12-Aug-2026",167,"",""
"2739","SILKFLEX","SM",202,210.15,202,210.15,210.15,200.15,9000,18.65,"12-Aug-2026",9,"",""
"2740","SILKY","SM",73.45,76.95,73,75,75,76.2,17600,12.94,"12-Aug-2026",20,"",""
"2741","SILLYMONKS","EQ",16.49,16.49,15.79,15.8,15.8,16.16,6080,0.97,"12-Aug-2026",58,"",""
"2742","SILVER","EQ",229.85,236,229.85,235.69,235.8,232.18,1159061,2716.48,"12-Aug-2026",9155,"",""
"2743","SILVER1","EQ",22.8,22.97,22.25,22.9,22.89,22.56,4832336,1099.56,"12-Aug-2026",4675,"",""
"2744","SILVER360","EQ",229.15,232.5,228.49,232.06,232,227.85,61118,140.73,"12-Aug-2026",788,"",""
"2745","SILVERADD","EQ",225.86,228.8,224.3,227.85,228.54,223.97,269027,610.74,"12-Aug-2026",3332,"",""
"2746","SILVERAG","EQ",227.27,230.15,226.36,229.95,230.15,226.69,323452,740.41,"12-Aug-2026",3148,"",""
"2747","SILVERAXIS","EQ",231.09,235.06,231,234.77,234.9,231.09,967657,2258.59,"12-Aug-2026",2817,"",""
"2748","SILVERBEES","EQ",222.83,226.16,222.42,225.76,225.87,222.32,27311475,61250.74,"12-Aug-2026",72613,"",""
"2749","SILVERBETA","EQ",224.85,228.29,224.6,228.02,227.36,224.85,416324,942.61,"12-Aug-2026",3924,"",""
"2750","SILVERBND","EQ",228.32,237.58,228.32,236.53,236,234.18,17946,42.38,"12-Aug-2026",269,"",""
"2751","SILVERCASE","EQ",24.15,24.15,23.59,23.93,23.94,23.57,11902596,2832.29,"12-Aug-2026",6600,"",""
"2752","SILVERIETF","EQ",232.5,236.05,232.25,235.61,235.48,232.14,4320270,10124.76,"12-Aug-2026",18130,"",""
"2753","SILVERTUC","EQ",207.11,208.76,203,205.88,205.9,206.52,490828,1007.76,"12-Aug-2026",6403,"",""
"2754","SIMBHALS","BZ",7.18,7.25,6.85,7.04,6.92,6.91,26661,1.9,"12-Aug-2026",83,"",""
"2755","SIMCA","SM",242.15,243.5,240.05,240.8,242,242.15,19800,47.78,"12-Aug-2026",31,"",""
"2756","SIMPLEXINF","EQ",257.21,261.59,248.66,252.31,252,263.49,173405,441.18,"12-Aug-2026",3666,"",""
"2757","SINCLAIR","EQ",76.52,77.87,76.52,77,77,77.6,8944,6.89,"12-Aug-2026",85,"",""
"2758","SINDHUTRAD","EQ",24.2,24.5,24.03,24.2,24.46,24.45,678929,164.95,"12-Aug-2026",952,"",""
"2759","SINGERIND","EQ",76,91.3,73.68,91.3,91.3,76.09,2216151,1903.07,"12-Aug-2026",9577,"",""
"2760","SINTERCOM","EQ",89.3,90,73.35,82.95,82.35,84.83,20233,16.37,"12-Aug-2026",314,"",""
"2761","SIRCA","EQ",442.6,443.6,431.9,435.9,434.3,442.35,369452,1610.79,"12-Aug-2026",4865,"",""
"2762","SIS","EQ",437.55,441.9,435,438.8,437.25,437.55,120755,530.59,"12-Aug-2026",7971,"",""
"2763","SITINET","BZ",0.29,0.3,0.28,0.29,0.3,0.29,310906,0.91,"12-Aug-2026",220,"",""
"2764","SIYSIL","EQ",632.9,638,624.9,630.9,630,632.25,47589,299.8,"12-Aug-2026",2680,"",""
"2765","SJLOGISTIC","SM",320,330,315,316.2,315,318.05,33750,108.74,"12-Aug-2026",119,"",""
"2766","SJS","EQ",2411,2478,2408.6,2436.8,2430.3,2402.8,152165,3710.97,"12-Aug-2026",17168,"",""
"2767","SJVN","EQ",67.25,67.47,66.96,67.11,67.01,67.24,1127777,757.51,"12-Aug-2026",10622,"",""
"2768","SKFINDIA","EQ",1527.2,1545,1510,1527.6,1530,1522.7,38956,594.19,"12-Aug-2026",6287,"",""
"2769","SKFINDUS","EQ",2640.1,2754,2605.1,2722.4,2625,2730,80353,2174.03,"12-Aug-2026",10622,"",""
"2770","SKIPPER","EQ",522.65,546.45,509.5,540.85,543.8,526.25,1183882,6299.63,"12-Aug-2026",32850,"",""
"2771","SKMEGGPROD","EQ",263,265.99,254.77,257.38,256,262.57,451587,1169.21,"12-Aug-2026",8923,"",""
"2772","SKP","SM",161.05,161.05,158.95,159.2,158.95,165,2000,3.2,"12-Aug-2026",4,"",""
"2773","SKYGOLD","EQ",797.9,840,793.1,833.1,838,790.05,1979236,16232.06,"12-Aug-2026",46424,"",""
"2774","SLONE","ST",140.5,141,137.45,138.85,141,144.65,4800,6.66,"12-Aug-2026",12,"",""
"2775","SMALL250","EQ",18.53,18.53,18.35,18.36,18.37,18.44,362385,66.65,"12-Aug-2026",1027,"",""
"2776","SMALLADD","EQ",18.77,18.77,18.42,18.45,18.48,18.8,196048,36.27,"12-Aug-2026",489,"",""
"2777","SMALLCAP","EQ",48.41,48.73,48.4,48.55,48.55,48.42,1237553,600.72,"12-Aug-2026",2566,"",""
"2778","SMALLGROWW","EQ",48.99,48.99,48.39,48.89,48.87,48.67,8647,4.2,"12-Aug-2026",87,"",""
"2779","SMALLIETF","EQ",18.41,18.64,18.31,18.4,18.4,18.41,43277,7.96,"12-Aug-2026",113,"",""
"2780","SMARTEN","ST",48.6,51,48.6,51,51,48.6,22800,11.55,"12-Aug-2026",13,"",""
"2781","SMARTLINK","BE",217.5,223,214.1,218.54,219.1,214.05,2261,4.89,"12-Aug-2026",29,"",""
"2782","SMARTWORKS","EQ",491.5,494.5,470.1,488.5,490.2,478.1,133870,648.97,"12-Aug-2026",5936,"",""
"2783","SMCGLOBAL","EQ",79.13,79.83,77.13,79.04,79.45,79.42,217678,170.7,"12-Aug-2026",1957,"",""
"2784","SML100CASE","EQ",11.57,11.57,11.26,11.28,11.3,11.29,582754,65.78,"12-Aug-2026",1265,"",""
"2785","SMLMAH","EQ",5200,5270,5125.5,5172,5162,5208.5,71634,3718.72,"12-Aug-2026",10427,"",""
"2786","SMLT","EQ",70,70.25,68.2,68.75,69.79,69.45,4047,2.81,"12-Aug-2026",145,"",""
"2787","SMSPHARMA","EQ",378.75,383.9,366,369.55,374,378.75,230141,856.92,"12-Aug-2026",4079,"",""
"2788","SNEHAA","SM",44.75,46,44.75,46,46,47.1,2000,0.91,"12-Aug-2026",2,"",""
"2789","SNOWMAN","EQ",38.63,40.5,38,39.12,39.25,38.62,165926,64.13,"12-Aug-2026",1534,"",""
"2790","SNXT30BEES","EQ",43.95,44.02,43.57,43.77,43.77,43.82,5165,2.26,"12-Aug-2026",65,"",""
"2791","SNXT50BETA","EQ",95.89,97.2,95.61,95.65,95.65,96.37,2872,2.76,"12-Aug-2026",97,"",""
"2792","SOBHA","EQ",1355,1355,1327,1333.7,1334,1342.1,55797,745.83,"12-Aug-2026",7619,"",""
"2793","SOCL","SM",27.8,27.8,27.8,27.8,27.8,28.05,1600,0.44,"12-Aug-2026",1,"",""
"2794","SOFTTECH","EQ",402,429.4,402,411.35,411,423.1,2432,10.06,"12-Aug-2026",29,"",""
"2795","SOLARA","EQ",514.2,515.2,503,505.6,505.6,508.7,57746,292.75,"12-Aug-2026",3002,"",""
"2796","SOLARINDS","EQ",18800,18800,18530,18730,18730,18770,92222,17214.93,"12-Aug-2026",17581,"",""
"2797","SOLARWORLD","EQ",165.5,166.56,160.62,161.37,161.45,164.61,548203,888.83,"12-Aug-2026",2867,"",""
"2798","SOLEX","EQ",914.9,914.9,893,899.55,897,909.5,25553,230.02,"12-Aug-2026",1783,"",""
"2799","SOMANYCERA","EQ",513,527.5,486.1,508.05,496.8,510.25,913797,4648.85,"12-Aug-2026",36960,"",""
"2800","SOMATEX","EQ",93.24,94.84,92.13,92.29,92.5,93.52,2567,2.39,"12-Aug-2026",84,"",""
"2801","SOMICONVEY","EQ",94.99,94.99,86.19,87.59,88,95.38,65763,58.15,"12-Aug-2026",1339,"",""
"2802","SONACOMS","EQ",801.05,807.7,797.4,804.5,804.5,800,1894549,15198.53,"12-Aug-2026",51120,"",""
"2803","SONAL","EQ",95,95,90,91,91,90.99,30,0.03,"12-Aug-2026",5,"",""
"2804","SONAMAC","SM",32.95,34.55,32.95,34.5,34.5,32.95,5000,1.71,"12-Aug-2026",5,"",""
"2805","SONAMLTD","EQ",57.5,57.5,54.26,54.7,54.51,54.72,39735,22.19,"12-Aug-2026",626,"",""
"2806","SONATSOFTW","EQ",333.9,334.65,322,323.45,322.45,333.9,771417,2527.36,"12-Aug-2026",17327,"",""
"2807","SONUINFRA","ST",39.45,39.45,39.45,39.45,39.45,41.45,1500,0.59,"12-Aug-2026",1,"",""
"2808","SOTL","EQ",702.05,713.25,684.05,695.9,700,700.05,308529,2147.51,"12-Aug-2026",10624,"",""
"2809","SOUTHBANK","EQ",45.81,46.56,45.6,46.22,46.26,45.81,6627720,3063.88,"12-Aug-2026",25695,"",""
"2810","SOUTHWEST","EQ",228.23,232.93,215,219.13,221.34,228.23,260525,581.34,"12-Aug-2026",6263,"",""
"2811","SPAL","EQ",1049.5,1049.5,971.3,975.9,978.7,1074.5,227439,2276.63,"12-Aug-2026",13672,"",""
"2812","SPANDANA","EQ",251.1,252.35,244.15,245,245.5,249.25,204596,504.81,"12-Aug-2026",7973,"",""
"2813","SPARC","EQ",206,206.64,201,202.21,202.1,205.26,733126,1487.77,"12-Aug-2026",10088,"",""
"2814","SPCENET","EQ",3.75,3.98,3.64,3.8,3.8,3.82,651448,24.5,"12-Aug-2026",672,"",""
"2815","SPCL","SM",66,66.9,64,64.1,64,65,24000,15.5,"12-Aug-2026",37,"",""
"2816","SPCON","SM",145,145,145,145,145,146.05,1200,1.74,"12-Aug-2026",1,"",""
"2817","SPEB","ST",88,88,88,88,88,86.6,2000,1.76,"12-Aug-2026",1,"",""
"2818","SPECIALITY","EQ",158.6,163.7,157.21,158.38,159,158.6,114955,184.78,"12-Aug-2026",1770,"",""
"2819","SPECTRUM","BE",2283.6,2332.1,2283.6,2283.6,2283.6,2403.7,5837,133.43,"12-Aug-2026",263,"",""
"2820","SPECTSTM","SM",60.75,61.2,60.75,60.9,60.8,64.15,12800,7.79,"12-Aug-2026",12,"",""
"2821","SPENCERS","EQ",31.61,32.44,31.37,31.78,31.95,31.53,98221,31.17,"12-Aug-2026",1583,"",""
"2822","SPIC","EQ",66.87,67.64,66.71,67.2,67.13,66.87,179034,120.06,"12-Aug-2026",1723,"",""
"2823","SPLIL","EQ",33.3,33.3,31.02,31.34,31.16,31.03,5598,1.8,"12-Aug-2026",105,"",""
"2824","SPLPETRO","EQ",685.9,731.7,684.55,725.65,728.65,685.25,502560,3618.86,"12-Aug-2026",20817,"",""
"2825","SPMLINFRA","EQ",186.43,194.3,183,191.34,190,186.43,377809,712.34,"12-Aug-2026",5868,"",""
"2826","SPORTKING","EQ",208.79,208.79,202.5,203.53,203.2,208.19,192829,395,"12-Aug-2026",4121,"",""
"2827","SPPPOLY","SM",11.6,12.5,11.6,12.5,12.5,12.15,4000,0.48,"12-Aug-2026",2,"",""
"2828","SPRL","SM",101.95,101.95,101.95,101.95,101.95,101.95,800,0.82,"12-Aug-2026",1,"",""
"2829","SPUNWEB","SM",102,102,100,101,101,102,10800,10.93,"12-Aug-2026",5,"",""
"2830","SRD","EQ",37.9,41,37.37,40.48,40.5,37.05,122292,48.01,"12-Aug-2026",512,"",""
"2831","SREEL","EQ",233.9,240.8,230.74,239.12,238,230.7,34299,81.41,"12-Aug-2026",859,"",""
"2832","SRF","EQ",2570.1,2594,2552,2585,2585,2570,276269,7101.29,"12-Aug-2026",20243,"",""
"2833","SRGHFL","EQ",277,281.75,273.05,274.05,278,272.1,491,1.36,"12-Aug-2026",40,"",""
"2834","SRHHYPOLTD","EQ",511,511,493,502,496,500.95,21324,107.32,"12-Aug-2026",829,"",""
"2835","SRIVASAVI","ST",86,86,86,86,86,86,1000,0.86,"12-Aug-2026",1,"",""
"2836","SRM","EQ",515,531.25,507.05,516.7,517.75,512.8,82291,427.97,"12-Aug-2026",2974,"",""
"2837","SRTL","EQ",40.12,40.5,39.55,39.82,39.78,40.08,22449,9,"12-Aug-2026",340,"",""
"2838","SSDL","EQ",54.5,65.77,54.45,65.03,65.77,54.81,383517,238.47,"12-Aug-2026",4431,"",""
"2839","SSEGL","SM",315,325.05,311.1,313.15,315,309.05,31000,98.02,"12-Aug-2026",136,"",""
"2840","SSFL","ST",245.95,245.95,240,243,243,241.75,3500,8.51,"12-Aug-2026",7,"",""
"2841","SSFLPP","E1",129.5,130,127,127.55,127.9,128.75,3575,4.57,"12-Aug-2026",86,"",""
"2842","SSWL","EQ",318.3,320,311.5,312.5,313,317.4,369223,1163.82,"12-Aug-2026",6880,"",""
"2843","STALLION","BE",229.25,253.35,229.25,253.35,253.35,241.3,875374,2065.88,"12-Aug-2026",3736,"",""
"2844","STANLEY","EQ",144.88,144.88,141.55,142.01,141.6,143.48,66790,95.39,"12-Aug-2026",2562,"",""
"2845","STAR","EQ",1004,1009.9,990,993.8,990,1002.8,101431,1015.52,"12-Aug-2026",9368,"",""
"2846","STARCEMENT","EQ",199.43,201.38,197.61,199.75,199.98,197.98,176109,351.5,"12-Aug-2026",4165,"",""
"2847","STARHEALTH","EQ",584.7,587.75,580.7,583.25,583.85,584.7,255220,1489.6,"12-Aug-2026",13138,"",""
"2848","STARPAPER","EQ",154.07,156,151.8,153.69,153,154.07,8494,13.06,"12-Aug-2026",252,"",""
"2849","STARTECK","EQ",257.9,259.75,254.45,257.25,259.75,259.8,7783,19.97,"12-Aug-2026",56,"",""
"2850","STCINDIA","EQ",119.5,120.85,117.12,117.37,117.3,119.01,44119,52.31,"12-Aug-2026",988,"",""
"2851","STEELCAS","EQ",331.2,333.2,324.9,329.75,333.2,328.4,114037,375.8,"12-Aug-2026",2702,"",""
"2852","STEELCITY","EQ",81.29,81.29,79,79.42,79.5,81.29,12058,9.6,"12-Aug-2026",227,"",""
"2853","STEELXIND","EQ",10.8,10.88,10.55,10.65,10.61,10.71,823913,87.45,"12-Aug-2026",1939,"",""
"2854","STEL","EQ",543,544.7,534,538.95,540.05,534.65,1726,9.29,"12-Aug-2026",105,"",""
"2855","STERTOOLS","BE",223.95,224.8,216.05,222.65,223.8,222.3,36115,79.57,"12-Aug-2026",543,"",""
"2856","STLNETWORK","EQ",26.87,26.87,25.82,26.17,26.29,26.15,923433,242.28,"12-Aug-2026",2207,"",""
"2857","STLTECH","BE",621.2,651,620,651,651,620,2563401,16458.62,"12-Aug-2026",34373,"",""
"2858","STOVEKRAFT","EQ",795,805,792.5,799.1,799.5,792.85,96008,766.18,"12-Aug-2026",5377,"",""
"2859","STUDDS","EQ",421,424.4,416.8,420.55,420.2,421.4,34475,144.97,"12-Aug-2026",2069,"",""
"2860","STUDIOLSD","SM",8.7,9.25,8.7,9.2,9.2,9.05,20000,1.81,"12-Aug-2026",10,"",""
"2861","STYL","EQ",412.45,417.9,402.35,410.85,411.5,412.45,133168,546.09,"12-Aug-2026",4690,"",""
"2862","STYLAMIND","EQ",3568.7,3572.9,3500,3544.7,3546.6,3568.7,16356,578.62,"12-Aug-2026",4569,"",""
"2863","STYLEBAAZA","EQ",356.5,362.8,340.1,351.3,353.95,353.45,985489,3447.69,"12-Aug-2026",7377,"",""
"2864","STYRENIX","EQ",2260,2260,2203.1,2215.5,2216.9,2230.5,31884,709.42,"12-Aug-2026",3384,"",""
"2865","SUBAHOTELS","SM",112,112.05,111.05,111.5,111.05,112.85,19200,21.44,"12-Aug-2026",14,"",""
"2866","SUBEXLTD","BE",13.77,14,13.3,13.47,13.6,13.97,1101623,149.69,"12-Aug-2026",1581,"",""
"2867","SUBROS","EQ",765.6,775,753.65,764.15,765,765.6,54886,418.7,"12-Aug-2026",3777,"",""
"2868","SUDARCOLOR","EQ",406,412.45,404,405.8,407.9,406.55,6067,24.73,"12-Aug-2026",256,"",""
"2869","SUDARSCHEM","EQ",1119.7,1123.1,1030.1,1044.7,1052,1110,436812,4700.7,"12-Aug-2026",25765,"",""
"2870","SUDEEPPHRM","EQ",1112,1146.3,1078.1,1103.75,1108,1108.4,275504,3076.97,"12-Aug-2026",13652,"",""
"2871","SUKHJITS","EQ",166,166,158.38,161.57,161.3,161.37,8040,12.97,"12-Aug-2026",429,"",""
"2872","SULA","EQ",152.31,153.62,150.25,151,150.92,152.3,370257,559.52,"12-Aug-2026",4877,"",""
"2873","SUMEETINDS","EQ",14.82,15.19,14.82,14.82,14.82,15.6,56881355,8439.95,"12-Aug-2026",5917,"",""
"2874","SUMICHEM","EQ",558.15,558.25,541.05,547.35,547,558.1,354667,1940.96,"12-Aug-2026",12399,"",""
"2875","SUMIT","EQ",56.8,56.8,50.11,51.75,52.35,52.32,43185,22.37,"12-Aug-2026",548,"",""
"2876","SUMMITSEC","EQ",1482,1482,1429,1446.3,1431.1,1463.9,3762,54.56,"12-Aug-2026",364,"",""
"2877","SUNCLAY","EQ",1226.7,1249.9,1184.6,1188.4,1187.3,1221.4,11020,132.78,"12-Aug-2026",1446,"",""
"2878","SUNDARAM","EQ",1.24,1.25,1.15,1.19,1.15,1.23,1559551,18.63,"12-Aug-2026",431,"",""
"2879","SUNDARMFIN","EQ",4477.9,4528,4401.5,4473.4,4514.4,4447.4,38609,1714.58,"12-Aug-2026",10944,"",""
"2880","SUNDRMBRAK","BE",800,813,800,800.45,800,799.8,1687,13.5,"12-Aug-2026",39,"",""
"2881","SUNDRMFAST","EQ",1210,1224.4,1199.15,1210,1217,1210.05,190308,2302.15,"12-Aug-2026",16606,"",""
"2882","SUNDROP","EQ",679.8,679.8,660.55,669.8,672.9,674.85,28339,188.49,"12-Aug-2026",680,"",""
"2883","SUNFLAG","EQ",372,374.6,355,359.6,362.45,369,276471,1003.89,"12-Aug-2026",8449,"",""
"2884","SUNLITE","SM",465,465,447,453.1,450.5,456.5,9000,40.68,"12-Aug-2026",30,"",""
"2885","SUNPHARMA","EQ",1942,1945.7,1926.8,1944,1944,1942,1536383,29715.74,"12-Aug-2026",64964,"",""
"2886","SUNTECH","ST",32.75,34,32.75,34,34,34,3200,1.07,"12-Aug-2026",2,"",""
"2887","SUNTECK","EQ",296.55,296.55,290.45,292.7,292,296.55,156209,457.02,"12-Aug-2026",3903,"",""
"2888","SUNTV","EQ",485,487.8,475.85,478.2,477,483.7,242137,1161.22,"12-Aug-2026",15227,"",""
"2889","SUPERHOUSE","EQ",160.04,162,158.2,158.53,158.2,160.89,3626,5.8,"12-Aug-2026",87,"",""
"2890","SUPERSPIN","BE",6,6,6,6,6,6.12,1265,0.08,"12-Aug-2026",8,"",""
"2891","SUPRAJIT","EQ",536.05,538.75,522.5,523.45,525.15,531.25,74691,393.29,"12-Aug-2026",5150,"",""
"2892","SUPREME","EQ",46.8,46.8,41.5,42.51,42.25,44.43,67105,29.15,"12-Aug-2026",697,"",""
"2893","SUPREMEENG","BZ",2.41,2.41,2.41,2.41,2.41,2.37,1675042,40.37,"12-Aug-2026",188,"",""
"2894","SUPREMEIND","EQ",3419.1,3459.9,3383,3459.9,3459.9,3435,102447,3502.19,"12-Aug-2026",11398,"",""
"2895","SUPREMEINF","EQ",86.49,87.49,82.16,83.89,82.31,85.46,36807,31.19,"12-Aug-2026",646,"",""
"2896","SUPREMEPWR","SM",196.15,202.3,182,189.3,186.6,196.7,108500,209.88,"12-Aug-2026",186,"",""
"2897","SUPRIYA","EQ",848.3,852.95,825.35,831.05,831,851,274814,2293.2,"12-Aug-2026",14646,"",""
"2898","SURAJEST","EQ",208.76,211.19,205.51,209.33,209.2,208.78,110654,231.04,"12-Aug-2026",1181,"",""
"2899","SURAJLTD","EQ",220,222.99,215.01,218.38,219,223.64,153,0.33,"12-Aug-2026",30,"",""
"2900","SURAKSHA","EQ",259.9,272,259.85,270.35,269.7,258.25,203580,546.05,"12-Aug-2026",2915,"",""
"2901","SURANASOL","EQ",26.3,26.48,25.7,25.88,25.75,26.3,42388,11.02,"12-Aug-2026",574,"",""
"2902","SURANAT&P","EQ",16.15,16.8,15.82,16.44,16.32,16.31,97151,16,"12-Aug-2026",911,"",""
"2903","SURANI","SM",99,99,83,89.95,89.95,99.2,19800,17.34,"12-Aug-2026",66,"",""
"2904","SURYALA","EQ",395.1,399,388.1,393.55,394.9,392.25,2217,8.68,"12-Aug-2026",51,"",""
"2905","SURYALAXMI","EQ",60,60,58,58.43,58.01,59.65,2010,1.18,"12-Aug-2026",69,"",""
"2906","SURYAROSNI","EQ",239.5,239.5,222.15,224.55,224.5,235.83,1627671,3709.51,"12-Aug-2026",31001,"",""
"2907","SURYODAY","EQ",163.65,163.65,159.54,160.89,160.99,163.66,417814,672.23,"12-Aug-2026",4820,"",""
"2908","SUTLEJTEX","BE",38.01,38.5,38.01,38.3,38.28,38.1,47788,18.27,"12-Aug-2026",69,"",""
"2909","SUVEN","EQ",343,343.1,327.05,330.55,328,340.5,466245,1545.91,"12-Aug-2026",12037,"",""
"2910","SUVIDHAA","EQ",2.57,2.57,2.52,2.54,2.55,2.54,28904,0.73,"12-Aug-2026",122,"",""
"2911","SUYOG","EQ",842.5,850,802.5,830.6,849,855.3,57663,479.31,"12-Aug-2026",2936,"",""
"2912","SUZLON","EQ",47.49,47.49,46.9,47.35,47.35,47.5,41760811,19683.23,"12-Aug-2026",71707,"",""
"2913","SVLL","BE",732.3,743.5,732.3,743.5,743.5,746.05,1078,7.99,"12-Aug-2026",25,"",""
"2914","SVPGLOB","BE",3.97,3.97,3.82,3.9,3.86,3.97,11084,0.43,"12-Aug-2026",26,"",""
"2915","SWANCORP","EQ",313,313,306.1,307.7,306.7,311.25,1125207,3467.34,"12-Aug-2026",11882,"",""
"2916","SWANDEF","BE",2568,2568,2445.2,2465.1,2489.9,2573.8,38191,945.86,"12-Aug-2026",1545,"",""
"2917","SWARAJ","SM",367.65,371.9,367.45,369.8,368.15,365.45,179500,664.42,"12-Aug-2026",197,"",""
"2918","SWARAJENG","EQ",3597.9,3629.9,3597.9,3608.9,3617,3597.9,7192,259.36,"12-Aug-2026",1065,"",""
"2919","SWASTIK","ST",18.65,18.65,18.65,18.65,18.65,18.9,2400,0.45,"12-Aug-2026",2,"",""
"2920","SWELECTES","EQ",687.95,696.75,678.05,690.5,690,688.95,37266,257.11,"12-Aug-2026",1180,"",""
"2921","SWIGGY","EQ",282,282,276,279.35,279.35,280.5,6996952,19472.02,"12-Aug-2026",45643,"",""
"2922","SWSOLAR","EQ",203.58,203.99,200.05,202.54,202,202.98,743629,1500.63,"12-Aug-2026",9334,"",""
"2923","SYLVANPLY","SM",50,50,50,50,50,50,2000,1,"12-Aug-2026",1,"",""
"2924","SYMPHONY","EQ",647.75,650,625.1,630.95,630.5,641.15,83762,532.98,"12-Aug-2026",4424,"",""
"2925","SYNCOMF","EQ",15.5,17.2,15.21,15.88,15.94,14.53,58681244,9497.92,"12-Aug-2026",219704,"",""
"2926","SYNGENE","EQ",410,411.8,403.8,408.65,409.2,407.25,591399,2413.59,"12-Aug-2026",25166,"",""
"2927","SYNOPTICS","ST",67.45,67.45,67.45,67.45,67.45,71,1200,0.81,"12-Aug-2026",2,"",""
"2928","SYRMA","EQ",1494.8,1514,1465.1,1473.3,1479.9,1494.8,749197,11144.83,"12-Aug-2026",35116,"",""
"2929","SYSTANGO","SM",218.5,221.95,216.5,217.5,217.5,218.5,5200,11.37,"12-Aug-2026",12,"",""
"2930","SYSTMTXC","BE",59.91,59.91,58.5,59.44,59.5,59.95,3607,2.14,"12-Aug-2026",43,"",""
"2931","TAALTECH","EQ",4400,4484.9,4132,4189,4250,4334.8,7591,321.32,"12-Aug-2026",1160,"",""
"2932","TAC","ST",503,503,480,489.25,490.7,490.15,23000,112.07,"12-Aug-2026",88,"",""
"2933","TAINWALCHM","EQ",201.05,207,199,203.94,204,203.21,4404,8.88,"12-Aug-2026",162,"",""
"2934","TAJGVK","EQ",356.2,357.4,350,352.85,352,358.7,76036,268.2,"12-Aug-2026",2896,"",""
"2935","TAKE","EQ",23.94,24.28,23.26,23.54,23.75,23.25,1578857,373.39,"12-Aug-2026",2876,"",""
"2936","TALBROAUTO","EQ",409.25,436,405,417.35,420,409.95,273558,1155.79,"12-Aug-2026",10582,"",""
"2937","TAMBOLIIN","BE",220.6,232,220.6,229.88,228.5,226.06,4177,9.53,"12-Aug-2026",23,"",""
"2938","TANKUP","ST",1180,1274.95,1180,1240,1240,1240.45,2250,27.88,"12-Aug-2026",9,"",""
"2939","TANLA","EQ",620.05,620.85,591.3,594.4,596.6,616.65,606531,3659.2,"12-Aug-2026",20102,"",""
"2940","TARACHAND","EQ",50.05,50.25,47.21,47.72,48.07,49.56,187072,90.48,"12-Aug-2026",1449,"",""
"2941","TARAPUR","EQ",14.7,15.5,13.9,14.04,14.36,14.56,56051,8.12,"12-Aug-2026",261,"",""
"2942","TARC","EQ",126.65,132.9,126.65,128.53,128.05,128.98,816652,1058.28,"12-Aug-2026",5748,"",""
"2943","TARIL","EQ",297,298.7,291,292.45,291.6,297.1,692010,2034.9,"12-Aug-2026",12899,"",""
"2944","TARMAT","EQ",55.1,56.8,54.9,55.09,54.95,56.81,8376,4.66,"12-Aug-2026",174,"",""
"2945","TARSONS","EQ",300.2,328.9,291,312.8,311,297.2,1619130,5161.17,"12-Aug-2026",37141,"",""
"2946","TASTYBITE","EQ",9360.5,9550,9225,9505.5,9506,9357,4553,427.33,"12-Aug-2026",881,"",""
"2947","TATACAP","EQ",367.2,370.5,364.8,367.05,367,367.2,1040104,3824.17,"12-Aug-2026",22711,"",""
"2948","TATACHEM","EQ",668.45,708.9,663,673.15,674,668.75,2753913,18815.03,"12-Aug-2026",72608,"",""
"2949","TATACOMM","EQ",1754,1754,1709.4,1736.2,1739,1746.1,195930,3384.14,"12-Aug-2026",18282,"",""
"2950","TATACONSUM","EQ",1077,1078,1054.3,1061.9,1061.9,1078,1713131,18190.6,"12-Aug-2026",62469,"",""
"2951","TATAELXSI","EQ",3799.9,3799.9,3685,3711.9,3711.9,3795,187415,6987.96,"12-Aug-2026",16509,"",""
"2952","TATAGOLD","EQ",14.75,14.94,14.74,14.85,14.86,14.74,53145837,7877.01,"12-Aug-2026",72515,"",""
"2953","TATAINVEST","EQ",685.8,714.8,677.3,680.65,679,688.75,662394,4563.73,"12-Aug-2026",27544,"",""
"2954","TATAPOWER","EQ",378.6,380,374.1,379.45,379.45,380,4430571,16704.25,"12-Aug-2026",55304,"",""
"2955","TATASTEEL","EQ",188.35,188.88,183.6,186.2,186.2,188.25,36484049,67657.19,"12-Aug-2026",171695,"",""
"2956","TATATECH","EQ",865.2,868.55,836,842.1,840.4,865.2,1473993,12555.61,"12-Aug-2026",50211,"",""
"2957","TATSILV","EQ",22.88,22.96,22.58,22.91,22.93,22.57,56194573,12800.53,"12-Aug-2026",47934,"",""
"2958","TATVA","EQ",1810,1829,1722.5,1732,1722.8,1785.5,53241,938.98,"12-Aug-2026",6555,"",""
"2959","TAURIAN","SM",425,440,418,430,430,429,48000,207.31,"12-Aug-2026",54,"",""
"2960","TBI","SM",61.15,61.8,58,58.55,58.95,61.15,63600,37.8,"12-Aug-2026",86,"",""
"2961","TBOTEK","EQ",1637.3,1647,1590,1596.6,1593.7,1639.7,91830,1485.05,"12-Aug-2026",9989,"",""
"2962","TBZ","EQ",270.7,271,232.5,236.9,238,282.05,4748902,11802.33,"12-Aug-2026",66452,"",""
"2963","TCC","EQ",267.9,268.95,250,252.1,251.65,266.75,46674,120.2,"12-Aug-2026",2397,"",""
"2964","TCI","EQ",930.7,932.95,910,913.65,913,935.35,21692,199.45,"12-Aug-2026",2530,"",""
"2965","TCIEXP","EQ",545.55,556.75,539.9,549.15,548.8,542.8,33547,182.79,"12-Aug-2026",901,"",""
"2966","TCIFINANCE","BE",14.23,15.28,14.23,14.91,14.86,14.81,6939,1.03,"12-Aug-2026",81,"",""
"2967","TCL","SM",118.8,123.95,118.8,120.25,120,118.25,27200,32.73,"12-Aug-2026",19,"",""
"2968","TCPLPACK","EQ",3788,4410.9,3701,4394.9,4401,3675.8,481743,20208.21,"12-Aug-2026",52916,"",""
"2969","TCS","EQ",2445.7,2445.8,2300.1,2349.7,2349.7,2445.7,7022647,164408.83,"12-Aug-2026",269920,"",""
"2970","TDPOWERSYS","EQ",1395,1530,1358.4,1480.1,1484,1275.6,11127581,162589.82,"12-Aug-2026",349970,"",""
"2971","TEAMGTY","EQ",219.01,227.9,215.05,220.28,220.01,224.8,28107,61.89,"12-Aug-2026",62,"",""
"2972","TEAMLEASE","EQ",1245,1263.3,1227.6,1257.2,1250,1246.6,15172,189.69,"12-Aug-2026",3527,"",""
"2973","TEAMTECH","ST",119.5,120,119.5,120,120,117.65,22000,26.39,"12-Aug-2026",10,"",""
"2974","TECH","EQ",34.72,34.86,33.98,34.15,34,34.82,5122842,1742.64,"12-Aug-2026",656,"",""
"2975","TECHD","ST",595.95,595.95,568,576.5,575.05,596.35,11100,64.52,"12-Aug-2026",36,"",""
"2976","TECHERA","SM",178,178,167,167.1,167,175.75,65600,110.82,"12-Aug-2026",76,"",""
"2977","TECHLABS","SM",124.75,124.8,118,120.45,118.25,119.1,19375,23.27,"12-Aug-2026",71,"",""
"2978","TECHM","EQ",1654,1657,1622.1,1625,1625,1643,3746023,61320.63,"12-Aug-2026",96686,"",""
"2979","TECHNOE","EQ",976.15,1009.2,975.7,983.05,984,1058.05,845640,8376.32,"12-Aug-2026",42787,"",""
"2980","TECHNVISN","EQ",5347.4,5444.9,5080.1,5146,5190,5347.4,1212,62.12,"12-Aug-2026",222,"",""
"2981","TECILCHEM","EQ",8.47,8.96,8.47,8.67,8.7,8.49,8178,0.71,"12-Aug-2026",68,"",""
"2982","TEGA","EQ",1656.5,1662.9,1621,1628.1,1634,1647.1,31706,516.88,"12-Aug-2026",3248,"",""
"2983","TEJA","SM",634,634,603.5,615.6,615.4,634,21600,134.19,"12-Aug-2026",33,"",""
"2984","TEJASNET","EQ",532,532.45,515.5,527.25,526.1,533.6,1282649,6707.27,"12-Aug-2026",28904,"",""
"2985","TEMBO","EQ",64,64.4,60,61.25,61,61.7,3117022,1964.84,"12-Aug-2026",11773,"",""
"2986","TENNIND","EQ",542,551,525,540.65,539,550.6,58478202,309978.19,"12-Aug-2026",170449,"",""
"2987","TERASOFT","EQ",400,400,351.05,370.65,373.4,415.95,126604,468.98,"12-Aug-2026",5204,"",""
"2988","TEXINFRA","EQ",112.46,114,110,111.09,111,112.23,34260,38,"12-Aug-2026",435,"",""
"2989","TEXMOPIPES","EQ",44.9,44.9,42.6,42.77,42.65,42.7,28031,12.19,"12-Aug-2026",264,"",""
"2990","TEXRAIL","EQ",107.34,108.25,106.61,107.76,108.25,107.34,773469,829.92,"12-Aug-2026",6020,"",""
"2991","TFCILTD","EQ",116,116,114.05,115.13,115.18,115.6,8796573,10139.82,"12-Aug-2026",11991,"",""
"2992","TFL","EQ",11.43,11.57,11.01,11.49,11.57,11.43,5088,0.58,"12-Aug-2026",56,"",""
"2993","TGBHOTELS","EQ",9.3,9.49,9.03,9.26,9.27,9.02,21212,1.97,"12-Aug-2026",80,"",""
"2994","TGL","ST",21,21.4,19.8,20.85,21.3,20.8,24800,5.08,"12-Aug-2026",62,"",""
"2995","THACKER","BE",1020.1,1020.1,1020.1,1020.1,1020.1,1049.2,3,0.03,"12-Aug-2026",3,"",""
"2996","THANGAMAYL","EQ",5236.5,5390,5235,5328,5342.5,5228,141031,7499.29,"12-Aug-2026",22514,"",""
"2997","THEINVEST","EQ",97.34,99.5,96.12,97.23,97.7,96.74,4478,4.34,"12-Aug-2026",65,"",""
"2998","THEJO","EQ",2100,2174.6,2080.4,2122.8,2110,2154.5,3576,76.29,"12-Aug-2026",596,"",""
"2999","THELEELA","EQ",513.7,523.7,494.4,499.75,504,512.25,312729,1601.31,"12-Aug-2026",21066,"",""
"3000","THEMISMED","EQ",113.11,114.7,105.7,108.64,107.3,113.11,83197,92.24,"12-Aug-2026",1327,"",""
"3001","THERMAX","EQ",4030.9,4099.6,3992,4083.3,4084,4025.7,241006,9770.62,"12-Aug-2026",41434,"",""
"3002","THOMASCOOK","EQ",110.35,110.35,106.49,107.08,107,109.43,1269201,1362.27,"12-Aug-2026",11372,"",""
"3003","THOMASCOTT","EQ",345.45,345.65,331.3,337.5,336,347.9,52371,176.22,"12-Aug-2026",1583,"",""
"3004","THYROCARE","EQ",649,662,637.6,642.95,642,649.35,1159737,7486.59,"12-Aug-2026",87850,"",""
"3005","TI","EQ",520,539,515.4,530.9,530,520.75,1733388,9200.13,"12-Aug-2026",46858,"",""
"3006","TICL","BE",10.05,10.09,9.54,9.66,9.79,10.04,121530,11.71,"12-Aug-2026",193,"",""
"3007","TIGERLOGS","BE",26.38,26.78,25.03,25.88,25.97,25.99,125760,32.8,"12-Aug-2026",372,"",""
"3008","TIIL","EQ",2650,2925,2650,2878.3,2909,2608.9,192964,5514.29,"12-Aug-2026",26120,"",""
"3009","TIINDIA","EQ",2780,2839,2746.2,2839,2839,2780,486582,13669.14,"12-Aug-2026",34156,"",""
"3010","TIJARIA","EQ",5.38,5.58,5.21,5.35,5.4,5.44,70286,3.77,"12-Aug-2026",230,"",""
"3011","TIL","BE",233.8,233.8,224,228.65,229,227.95,126867,289.47,"12-Aug-2026",529,"",""
"3012","TIMETECHNO","EQ",206.75,210.9,206.35,208.56,208.1,207.28,3032023,6329.42,"12-Aug-2026",22688,"",""
"3013","TIMEX","EQ",571.1,573.1,558.55,563.65,562.5,573.1,108031,611.16,"12-Aug-2026",8593,"",""
"3014","TIMKEN","EQ",3219.9,3252.6,3200,3235,3250,3211.6,44928,1448.5,"12-Aug-2026",7732,"",""
"3015","TINNARUBR","EQ",1134.1,1143,1065.6,1084.1,1089.8,1137.3,108242,1176.61,"12-Aug-2026",10253,"",""
"3016","TIPSFILMS","EQ",378,378.95,351.2,362,362,375.75,13247,48.19,"12-Aug-2026",644,"",""
"3017","TIPSMUSIC","EQ",677,680.35,666.4,674.3,674.6,669.1,171365,1155.09,"12-Aug-2026",10280,"",""
"3018","TIRUMALCHM","EQ",162.79,163.05,160.09,160.72,160.9,162.64,212072,341.84,"12-Aug-2026",2661,"",""
"3019","TIRUPATI","SM",338,340,338,340,340,340,8125,27.47,"12-Aug-2026",2,"",""
"3020","TIRUPATIFL","BE",69.2,69.98,64.8,66.49,66,68.21,267714,178.76,"12-Aug-2026",1231,"",""
"3021","TITAGARH","EQ",847.1,848.95,826,833.55,828,844.8,222868,1866.18,"12-Aug-2026",12634,"",""
"3022","TITAN","EQ",5128,5128,4992,5099,5099,5128,1105157,55860.15,"12-Aug-2026",76702,"",""
"3023","TMB","EQ",832.95,871.95,832.95,858.1,857,867,140341,1205.67,"12-Aug-2026",11148,"",""
"3024","TMCV","EQ",451,459.5,448.3,457.05,456.9,450.05,8148968,37025.8,"12-Aug-2026",140799,"",""
"3025","TMPV","EQ",348.4,351.25,334.2,343,343,347.6,22384343,76120.12,"12-Aug-2026",148617,"",""
"3026","TNIDETF","EQ",92.89,92.89,89.4,90.66,90.2,91.22,87448,79.08,"12-Aug-2026",668,"",""
"3027","TNPETRO","EQ",114,120.89,105.11,106.77,106.15,103.77,5595159,6267.2,"12-Aug-2026",38137,"",""
"3028","TNPL","EQ",154.99,161,152,154.5,155.5,154.02,636200,996.47,"12-Aug-2026",7119,"",""
"3029","TNTELE","EQ",9.21,9.67,9.03,9.09,9.14,9.21,10291,0.94,"12-Aug-2026",115,"",""
"3030","TOKYOPLAST","EQ",81,81,77.91,79.99,79.99,81.28,1161,0.91,"12-Aug-2026",6,"",""
"3031","TOLINS","EQ",102.47,103.5,97.6,100.6,101.01,102.47,48076,48.87,"12-Aug-2026",784,"",""
"3032","TOP100CASE","EQ",10.97,10.97,10.7,10.73,10.75,10.77,545277,58.48,"12-Aug-2026",977,"",""
"3033","TOP10ADD","EQ",89.55,89.55,87.95,88.46,88.99,89.2,260110,229.99,"12-Aug-2026",762,"",""
"3034","TOP15IETF","EQ",10.07,10.09,9.97,10,10.05,10.09,112785,11.29,"12-Aug-2026",290,"",""
"3035","TOP20","EQ",9.11,9.11,9.02,9.05,9.06,9.12,30079,2.72,"12-Aug-2026",162,"",""
"3036","TORNTPHARM","EQ",4864,4893.5,4824.5,4893,4893,4886,400740,19484.93,"12-Aug-2026",29431,"",""
"3037","TORNTPOWER","EQ",1335,1338.9,1311.4,1319,1321.8,1330.4,168475,2224.99,"12-Aug-2026",13782,"",""
"3038","TOTAL","EQ",65.5,66,63,65.08,65.49,63.61,6465,4.2,"12-Aug-2026",133,"",""
"3039","TOUCHWOOD","EQ",72.9,72.9,67.55,68.09,68.06,67.36,8095,5.59,"12-Aug-2026",69,"",""
"3040","TPHQ","EQ",0.42,0.42,0.41,0.41,0.42,0.41,1050624,4.34,"12-Aug-2026",284,"",""
"3041","TPLPLASTEH","EQ",76,78.42,75.51,76.25,77.5,75.89,128982,98.98,"12-Aug-2026",985,"",""
"3042","TRACXN","EQ",29.84,30.09,29.25,29.93,29.85,29.84,99288,29.43,"12-Aug-2026",744,"",""
"3043","TRANSPEK","BE",1175,1190,1135.7,1140.2,1170,1195.4,5896,67.66,"12-Aug-2026",287,"",""
"3044","TRANSRAILL","EQ",473.9,476,463.9,467.05,467.7,473.4,318603,1491.63,"12-Aug-2026",10267,"",""
"3045","TRANSTEEL","SM",110.55,111,101,101.75,101.5,111.1,124000,129.81,"12-Aug-2026",89,"",""
"3046","TRANSWORLD","BE",159.89,159.89,154.05,157.87,157.86,157.78,3243,5.05,"12-Aug-2026",73,"",""
"3047","TRAVELFOOD","EQ",1399,1404.4,1379.4,1390.1,1389.2,1389,35161,489.99,"12-Aug-2026",5385,"",""
"3048","TREEHOUSE","EQ",6.23,6.39,6.11,6.16,6.19,6.23,38631,2.39,"12-Aug-2026",62,"",""
"3049","TREJHARA","EQ",166,168,158,162.07,161,165.54,18901,30.87,"12-Aug-2026",1168,"",""
"3050","TREL","EQ",27.99,27.99,27,27.52,27.2,27.17,196352,53.93,"12-Aug-2026",1096,"",""
"3051","TRENT","EQ",3000,3019,2972.9,2987,2987,3000,692694,20725.28,"12-Aug-2026",38902,"",""
"3052","TRF","EQ",236.54,236.54,228.17,230.15,232,235.52,21695,50.19,"12-Aug-2026",916,"",""
"3053","TRIDENT","EQ",24.83,24.91,24.61,24.66,24.7,24.83,1954051,482.89,"12-Aug-2026",10005,"",""
"3054","TRIGYN","EQ",57,57,54.51,55.92,55.85,53.8,57252,32.02,"12-Aug-2026",1050,"",""
"3055","TRITURBINE","EQ",600,601.45,581,586.75,584,600.35,525830,3111.79,"12-Aug-2026",22970,"",""
"3056","TRIVENI","EQ",239,244,238.4,242.24,243.8,238.4,623829,1506.01,"12-Aug-2026",10038,"",""
"3057","TROM","SM",59.3,59.3,55.75,55.75,55.75,57,1800,1.04,"12-Aug-2026",3,"",""
"3058","TRU","EQ",4.4,4.44,4.22,4.33,4.42,4.39,62239,2.7,"12-Aug-2026",483,"",""
"3059","TRUALT","EQ",478.1,481.2,457.45,465.1,459.9,478.1,213395,997.67,"12-Aug-2026",5783,"",""
"3060","TRUST","SM",29.9,29.9,26.5,27,27,26.5,41400,11.46,"12-Aug-2026",44,"",""
"3061","TSC","ST",46.05,48.35,46.05,48.35,48.35,46.05,22000,10.59,"12-Aug-2026",10,"",""
"3062","TSFINV","EQ",427.5,431.65,414,417.65,421.25,428.8,96739,406.47,"12-Aug-2026",5971,"",""
"3063","TTKHLTCARE","EQ",1085.3,1133,1075.1,1103.4,1092,1085.3,33426,371.32,"12-Aug-2026",5392,"",""
"3064","TTKPRESTIG","EQ",590,599.15,581.2,586.3,585.95,589.95,51692,304.42,"12-Aug-2026",4501,"",""
"3065","TTL","EQ",5.89,6.05,5.6,5.92,5.9,5.74,203235,11.97,"12-Aug-2026",435,"",""
"3066","TTML","EQ",38.75,38.81,38,38.17,38.13,38.81,1103045,423.07,"12-Aug-2026",6843,"",""
"3067","TUNWAL","SM",26.75,26.8,26.3,26.3,26.3,26.45,34000,9.06,"12-Aug-2026",17,"",""
"3068","TURTLEMINT","EQ",127.16,138,125,132.31,132.77,125.88,2035339,2680.64,"12-Aug-2026",29702,"",""
"3069","TVSELECT","EQ",459.35,461.05,451,454.1,457,459.35,46841,212.65,"12-Aug-2026",2905,"",""
"3070","TVSHLTD","EQ",14607,14775,14500,14532,14593,14607,3030,443.74,"12-Aug-2026",1265,"",""
"3071","TVSMOTOR","EQ",4400,4427.8,4347.2,4375,4375,4400,911635,39954.22,"12-Aug-2026",64244,"",""
"3072","TVSSCS","EQ",126.95,137,126.74,129.03,129.41,126.11,3139526,4147.41,"12-Aug-2026",36001,"",""
"3073","TVSSRICHAK","EQ",3951.1,3951.1,3853,3868.2,3862.6,3944.7,3070,119.29,"12-Aug-2026",770,"",""
"3074","TVTODAY","EQ",114.55,116.8,111.44,114.07,113.2,114.15,32582,36.96,"12-Aug-2026",619,"",""
"3075","TVVISION","BE",4.12,4.12,3.84,3.91,3.9,4.04,35244,1.38,"12-Aug-2026",85,"",""
"3076","TWCGOLDETF","EQ",150.51,152.51,150.51,152.44,152.51,151.59,16184,24.64,"12-Aug-2026",186,"",""
"3077","UBL","EQ",1405,1405.5,1384,1388.3,1384.9,1400,54951,764.58,"12-Aug-2026",6193,"",""
"3078","UCAL","EQ",117.65,117.89,116,116.02,116.25,117.65,2470,2.88,"12-Aug-2026",98,"",""
"3079","UCL","ST",224.95,248.4,224.95,248.4,248.4,236.7,6000,13.97,"12-Aug-2026",3,"",""
"3080","UCOBANK","EQ",25.92,26.45,25.92,26.17,26.15,26.12,3124920,819.62,"12-Aug-2026",9458,"",""
"3081","UDS","EQ",208,211,201.61,210.06,209.8,208.28,507699,1063.47,"12-Aug-2026",8073,"",""
"3082","UEL","EQ",259.47,259.47,259.47,259.47,259.47,273.12,13502,35.03,"12-Aug-2026",396,"",""
"3083","UFBL","BE",775,810.8,770.5,779.8,790,811.05,95262,745.88,"12-Aug-2026",1128,"",""
"3084","UFLEX","EQ",498.3,504.2,493,497.75,496,497.05,72505,361.73,"12-Aug-2026",2779,"",""
"3085","UFO","EQ",68.77,68.99,67,68.68,68.82,67.66,29848,20.31,"12-Aug-2026",658,"",""
"3086","UGARSUGAR","EQ",45.6,45.6,43.52,44.15,44.03,45.51,219969,97.31,"12-Aug-2026",1801,"",""
"3087","UGROCAP","EQ",95.68,95.94,92.83,93.27,93.79,95.68,229604,215.71,"12-Aug-2026",2364,"",""
"3088","UHTL","ST",99.1,99.95,97,99,99,99,40000,39.5,"12-Aug-2026",12,"",""
"3089","UJJIVANSFB","EQ",70.39,72.68,70.23,72.38,72.35,70.14,18062565,12993.59,"12-Aug-2026",60573,"",""
"3090","ULTRACEMCO","EQ",11790,11891,11650,11891,11891,11780,328113,38459.88,"12-Aug-2026",48592,"",""
"3091","ULTRAMAR","EQ",389,399.85,389,395.9,395.05,388.1,40082,158.38,"12-Aug-2026",3471,"",""
"3092","UMAEXPORTS","BE",19.65,20.44,19.6,20.12,19.89,20.14,4762,0.95,"12-Aug-2026",48,"",""
"3093","UMESLTD","EQ",6.48,6.51,6.1,6.27,6.35,5.94,114107,7.26,"12-Aug-2026",338,"",""
"3094","UMIYA-MRO","EQ",88.5,89.9,88.5,89.8,89.8,88.61,1220,1.09,"12-Aug-2026",29,"",""
"3095","UNICHEMLAB","EQ",583.95,590.9,536.2,544.95,543,573.8,955511,5400.04,"12-Aug-2026",31519,"",""
"3096","UNIDT","BE",230.01,230.01,222.3,228.68,229.99,232.95,9729,21.92,"12-Aug-2026",109,"",""
"3097","UNIECOM","EQ",84.62,93.4,83.6,92.08,92.3,84.2,3575930,3237.11,"12-Aug-2026",21690,"",""
"3098","UNIENTER","EQ",98.15,98.15,95.5,97.08,97.17,96.92,3945,3.82,"12-Aug-2026",65,"",""
"3099","UNIHEALTH","SM",702,718,702,715,717,719.95,18000,128.05,"12-Aug-2026",34,"",""
"3100","UNIINFO","EQ",12.43,12.43,12,12.36,12.36,12.4,166,0.02,"12-Aug-2026",10,"",""
"3101","UNIMECH","EQ",1426.9,1441.8,1407.1,1418.5,1424.7,1421.4,89651,1276.04,"12-Aug-2026",8319,"",""
"3102","UNIONBANK","EQ",182.5,187.6,181.82,187,187,182.5,22005359,40932.57,"12-Aug-2026",98990,"",""
"3103","UNIONGOLD","EQ",150.9,150.9,148.2,149.9,149.6,148.65,6567,9.79,"12-Aug-2026",137,"",""
"3104","UNIPARTS","EQ",808.2,816,790.5,813.55,813.65,806.2,139656,1116.87,"12-Aug-2026",7392,"",""
"3105","UNITDSPR","EQ",1546.6,1546.6,1518.1,1535,1535,1548.7,450036,6857.3,"12-Aug-2026",20603,"",""
"3106","UNITECH","EQ",4.1,4.11,4.03,4.06,4.06,4.06,2081925,84.45,"12-Aug-2026",1515,"",""
"3107","UNITEDPOLY","BE",32.6,32.6,30,31.61,32,31.06,88730,27.46,"12-Aug-2026",143,"",""
"3108","UNITEDTEA","EQ",470,470,458,461.5,461,464.8,2820,13.01,"12-Aug-2026",176,"",""
"3109","UNIVASTU","BE",144.85,145.76,140.5,145.76,145.76,138.82,133985,195.14,"12-Aug-2026",669,"",""
"3110","UNIVCABLES","EQ",1680.1,1730,1664.5,1708.9,1700.2,1669.4,173152,2942.09,"12-Aug-2026",14654,"",""
"3111","UNIVPHOTO","BE",462.1,477.65,435,476.15,477.65,454.95,1290,6.02,"12-Aug-2026",76,"",""
"3112","UNOMINDA","EQ",1275,1278.7,1232.4,1232.4,1232.4,1275,520011,6483.37,"12-Aug-2026",24191,"",""
"3113","UPL","EQ",570.75,574.75,564.25,570.5,570.5,568,1452949,8265.74,"12-Aug-2026",27202,"",""
"3114","URAVIDEF","BE",112,112,106.7,107.07,108.78,109.99,4614,5,"12-Aug-2026",149,"",""
"3115","URBAN","SM",152,152,142,144.4,145,146.15,46400,67.45,"12-Aug-2026",49,"",""
"3116","URBANCO","EQ",139.01,141.28,137.39,139.05,140,139.75,1683235,2337.86,"12-Aug-2026",17049,"",""
"3117","URJA","EQ",9.54,9.7,9.5,9.51,9.5,9.64,611562,58.32,"12-Aug-2026",1774,"",""
"3118","USASEEDS","SM",86,90.8,86,90.8,90.8,90.5,1284,1.15,"12-Aug-2026",3,"",""
"3119","USHAFIN","SM",43.2,43.95,41,41,41,42.95,19200,8.2,"12-Aug-2026",11,"",""
"3120","USHAMART","EQ",514.4,516,499,502.9,501.4,509.9,415137,2110.85,"12-Aug-2026",14766,"",""
"3121","USK","EQ",21.49,21.95,21.1,21.47,21.57,21.49,8304,1.78,"12-Aug-2026",162,"",""
"3122","UTIAMC","EQ",907,924.9,907,917.1,915,905.8,186050,1702.5,"12-Aug-2026",9327,"",""
"3123","UTKAL","SM",46,48.4,45.5,48.4,48.4,46.15,64000,29.89,"12-Aug-2026",27,"",""
"3124","UTKARSHBNK","EQ",14.05,14.24,13.95,14.11,14.24,14,3007783,423.07,"12-Aug-2026",5263,"",""
"3125","UTLSOLAR","EQ",395.95,398.95,382.7,389,392,394.65,331296,1285.66,"12-Aug-2026",12728,"",""
"3126","UTSSAV","ST",511.5,512.5,511,512.4,512.05,520.5,6000,30.71,"12-Aug-2026",10,"",""
"3127","UTTAMSUGAR","EQ",251.9,255.98,248.21,253.53,252.1,252.88,74239,187.16,"12-Aug-2026",1983,"",""
"3128","UYFINCORP","BE",18.98,20,18.98,19.21,19.77,19.97,372149,70.93,"12-Aug-2026",340,"",""
"3129","V2RETAIL","EQ",225.15,225.15,217.8,219.82,219.4,224.32,566703,1255.54,"12-Aug-2026",14089,"",""
"3130","VADILALIND","EQ",7362,7362,7200,7246.5,7265,7361,14261,1035.02,"12-Aug-2026",4183,"",""
"3131","VAIBHAVGBL","EQ",236.2,238.4,231.25,232.85,232.95,237.65,410352,958.47,"12-Aug-2026",10339,"",""
"3132","VAISHALI","EQ",8.01,8.6,8.01,8.32,8.34,8.18,278492,23.33,"12-Aug-2026",512,"",""
"3133","VAKRANGEE","EQ",5.98,6,5.91,5.95,5.97,6,959283,57.09,"12-Aug-2026",1406,"",""
"3134","VAL30IETF","EQ",15.83,15.83,15.39,15.51,15.59,15.45,1027112,159.29,"12-Aug-2026",855,"",""
"3135","VALIANTLAB","EQ",74.76,74.76,74.76,74.76,74.76,71.2,11746,8.78,"12-Aug-2026",32,"",""
"3136","VALIANTORG","BE",314,325.3,314,325.3,325.3,309.85,165655,535.43,"12-Aug-2026",1088,"",""
"3137","VALUE","EQ",16.47,16.47,16.31,16.39,16.39,16.35,11834,1.94,"12-Aug-2026",43,"",""
"3138","VALUE360","SM",74.15,74.15,69,72,72,71.95,100800,72.2,"12-Aug-2026",25,"",""
"3139","VALUEAXIS","EQ",33.34,33.57,33.19,33.3,33.3,33.2,31134,10.38,"12-Aug-2026",424,"",""
"3140","VAML","EQ",464.65,476.95,460.1,461.45,461.5,463.5,10276140,48087.71,"12-Aug-2026",181303,"",""
"3141","VARDHACRLC","BE",44.7,45.39,43.5,44.63,44.5,44.11,37576,16.85,"12-Aug-2026",242,"",""
"3142","VARDMNPOLY","EQ",6.5,6.6,6.32,6.38,6.33,6.44,421044,26.95,"12-Aug-2026",540,"",""
"3143","VARROC","EQ",840,864.9,826.05,836.15,831.65,842.15,467591,3955.66,"12-Aug-2026",20945,"",""
"3144","VASCONEQ","EQ",32.4,32.45,29.53,31.26,31.25,32.03,1350368,418.34,"12-Aug-2026",4744,"",""
"3145","VASWANI","EQ",51.52,53.49,51.52,52.07,51.55,51.37,19033,9.96,"12-Aug-2026",147,"",""
"3146","VBL","EQ",439.15,440.5,434,440.5,440.5,437,1837489,8018.93,"12-Aug-2026",29789,"",""
"3147","VCL","EQ",1.53,1.54,1.43,1.54,1.54,1.47,1932641,29.3,"12-Aug-2026",437,"",""
"3148","VDEAL","SM",165.05,167.95,165,165.8,165.8,164.5,2400,3.98,"12-Aug-2026",4,"",""
"3149","VEDL","EQ",276.25,281,273,275.8,275.8,275,10568708,29172.67,"12-Aug-2026",88888,"",""
"3150","VEDPOWER","EQ",36.5,37.15,36.36,36.75,36.77,36.61,22883820,8402.04,"12-Aug-2026",49208,"",""
"3151","VEEDOL","EQ",1533,1550,1502,1513.4,1506.1,1531.3,17376,264.73,"12-Aug-2026",1745,"",""
"3152","VEEKAYEM","SM",116.9,116.9,116.85,116.85,116.85,122.95,1000,1.17,"12-Aug-2026",2,"",""
"3153","VELJAN","BE",1701.5,1759,1701.5,1715.7,1703.2,1700.1,199,3.45,"12-Aug-2026",39,"",""
"3154","VENKEYS","EQ",1575,1588,1504,1515.1,1514,1537.8,133915,2071.56,"12-Aug-2026",10002,"",""
"3155","VENTIVE","EQ",593,609.95,590.1,591.5,590.25,596.75,11394,67.64,"12-Aug-2026",1046,"",""
"3156","VENUSPIPES","EQ",1595.1,1610,1545,1563.8,1568,1597.3,88868,1390.49,"12-Aug-2026",8075,"",""
"3157","VENUSREM","BE",1539.8,1647.1,1530.3,1647,1647.1,1568.7,76658,1253.59,"12-Aug-2026",1726,"",""
"3158","VERANDA","EQ",249.9,253.45,245.3,251.35,250.1,248.15,265678,663.1,"12-Aug-2026",4336,"",""
"3159","VERTIS","IV",113,125,113,115,115,112.01,175000,207.75,"12-Aug-2026",6,"",""
"3160","VERTOZ","BE",35.5,36,35.2,35.49,35.7,35.89,43730,15.58,"12-Aug-2026",210,"",""
"3161","VESUVIUS","EQ",459.95,465.3,453.5,456.95,453.5,457.15,73515,337.27,"12-Aug-2026",4973,"",""
"3162","VETO","BE",121.95,122.93,120,120.46,120.77,121.68,19170,23.26,"12-Aug-2026",223,"",""
"3163","VGINFOTECH","SM",149.15,149.95,148.3,148.45,148.3,150.5,9000,13.41,"12-Aug-2026",9,"",""
"3164","VGL","EQ",62.5,63.19,60.02,60.14,60.13,60.76,38093,23.27,"12-Aug-2026",379,"",""
"3165","VGUARD","EQ",323.8,336.7,321.9,331.75,332,324.3,1980024,6582.04,"12-Aug-2026",28700,"",""
"3166","VHL","EQ",3491,3578,3491,3513,3510,3487.1,416,14.7,"12-Aug-2026",123,"",""
"3167","VHLTD","BE",132.99,132.99,129.1,129.62,129.5,129.91,16023,21.07,"12-Aug-2026",80,"",""
"3168","VIAZ","SM",63.8,63.8,63.8,63.8,63.8,60.8,18000,11.48,"12-Aug-2026",5,"",""
"3169","VICTORYEV","ST",16.7,16.95,16.35,16.9,16.95,16.6,33000,5.52,"12-Aug-2026",11,"",""
"3170","VIDHIING","EQ",315.7,317.5,313.05,314.95,317.5,315.7,7118,22.47,"12-Aug-2026",354,"",""
"3171","VIDYAWIRES","EQ",97.8,97.8,92.81,92.81,92.81,97.69,1171868,1097.34,"12-Aug-2026",3772,"",""
"3172","VIESL","SM",321,321,299,302.85,303.95,314.15,50400,153.26,"12-Aug-2026",61,"",""
"3173","VIGOR","ST",87,87.15,85.75,86.25,86.9,90.25,48000,41.28,"12-Aug-2026",30,"",""
"3174","VIJAYA","EQ",1428.2,1525,1421.1,1510.6,1524.9,1428.2,1399910,20737.53,"12-Aug-2026",83587,"",""
"3175","VIJAYPD","SM",60,63.35,59.4,63.35,63.35,62,20000,12.1,"12-Aug-2026",10,"",""
"3176","VIJIFIN","BE",11.92,11.92,11.92,11.92,11.92,11.69,72826,8.68,"12-Aug-2026",49,"",""
"3177","VIKASECO","EQ",1.12,1.12,1.1,1.11,1.11,1.11,1944983,21.59,"12-Aug-2026",928,"",""
"3178","VIKASLIFE","EQ",1.27,1.27,1.25,1.25,1.25,1.26,1091905,13.73,"12-Aug-2026",8300,"",""
"3179","VIKRAMSOLR","EQ",161.86,161.86,158.44,159.58,159.35,160.61,1311248,2090.43,"12-Aug-2026",14426,"",""
"3180","VIKRAN","EQ",67,68.88,65.5,66.12,65.99,73.64,7668032,5174.13,"12-Aug-2026",32315,"",""
"3181","VILAS","SM",355.6,358.55,348,349.5,348.5,355.1,15000,52.66,"12-Aug-2026",57,"",""
"3182","VILINBIO","SM",41.85,41.9,41.85,41.9,41.9,39.95,12000,5.03,"12-Aug-2026",3,"",""
"3183","VIMTALABS","EQ",648.9,660.45,625.45,627.15,627.9,643.25,195048,1240.33,"12-Aug-2026",8105,"",""
"3184","VINATIORGA","EQ",1310,1335.6,1300.2,1327.4,1327,1315.3,275358,3621.8,"12-Aug-2026",4180,"",""
"3185","VINCOFE","EQ",148.82,150.2,146,146.42,146.79,149,1172226,1735.75,"12-Aug-2026",8666,"",""
"3186","VINDHYATEL","EQ",2429,2600,2412.9,2582.7,2558,2429,174110,4443.6,"12-Aug-2026",17054,"",""
"3187","VINEETLAB","EQ",38.8,39.3,37.72,38.98,38.99,37.43,73758,28.89,"12-Aug-2026",282,"",""
"3188","VINNY","EQ",1.06,1.07,1.06,1.06,1.07,1.07,418561,4.45,"12-Aug-2026",112,"",""
"3189","VINSYS","ST",580,580,575,580,580,580,4250,24.61,"12-Aug-2026",15,"",""
"3190","VINYAS","SM",1372,1373,1350,1353.8,1350,1373.75,8700,117.82,"12-Aug-2026",56,"",""
"3191","VINYLINDIA","EQ",242.14,244,239.61,243.12,244,242.08,4792,11.58,"12-Aug-2026",233,"",""
"3192","VIPCLOTHNG","BE",20.1,20.68,20,20.42,20.53,20.21,36863,7.53,"12-Aug-2026",128,"",""
"3193","VIPIND","EQ",320,321.15,308.05,310.25,311,316.9,112036,349.26,"12-Aug-2026",2602,"",""
"3194","VIPULLTD","BE",13.75,13.75,13.75,13.75,13.75,13.1,29264,4.02,"12-Aug-2026",71,"",""
"3195","VIRINCHI","EQ",15.3,15.62,15.05,15.2,15.28,15.29,83123,12.63,"12-Aug-2026",250,"",""
"3196","VISACHROME","BE",37.56,37.99,36.1,37.5,37.5,37.56,9496,3.51,"12-Aug-2026",50,"",""
"3197","VISAKAIND","EQ",100.22,102,98.16,98.76,99.1,100.21,498772,497.76,"12-Aug-2026",5063,"",""
"3198","VISDEM","SM",80.7,88.05,78,78,78,79.5,3600,2.96,"12-Aug-2026",3,"",""
"3199","VISHNU","EQ",590,596.25,582.5,589.45,588.25,587.15,87223,512.99,"12-Aug-2026",3263,"",""
"3200","VISHNUINFR","SM",161,163,158.15,158.15,158.15,160.85,6500,10.5,"12-Aug-2026",10,"",""
"3201","VISHWARAJ","EQ",5.34,5.43,5.28,5.32,5.3,5.39,177684,9.49,"12-Aug-2026",349,"",""
"3202","VISHWAS","ST",38.15,38.2,38.15,38.15,38.15,40.15,9600,3.66,"12-Aug-2026",5,"",""
"3203","VISL","EQ",38.8,40.7,38.55,39.08,38.93,38.81,65157004,25794.26,"12-Aug-2026",97892,"",""
"3204","VITAL","BE",52.47,52.5,52.47,52.5,52.5,52.47,1552,0.81,"12-Aug-2026",13,"",""
"3205","VIVIANA","BE",698.35,724,661,706.9,718,691.35,41972,290.01,"12-Aug-2026",845,"",""
"3206","VIVIDEL","ST",1435,1487.5,1390,1470,1470,1454,16320,238.01,"12-Aug-2026",50,"",""
"3207","VIVIDHA","EQ",0.57,0.6,0.54,0.55,0.55,0.54,507391,2.85,"12-Aug-2026",227,"",""
"3208","VIVIMEDLAB","BE",5.3,5.33,5,5.02,5.03,5.12,86287,4.43,"12-Aug-2026",131,"",""
"3209","VIVO","SM",131.95,131.95,131.95,131.95,131.95,125.7,1600,2.11,"12-Aug-2026",1,"",""
"3210","VIYASH","EQ",262.7,267.8,258.55,262.75,263,261.45,2076289,5445.52,"12-Aug-2026",24701,"",""
"3211","VLEGOV","BE",10.32,10.32,10.32,10.32,10.32,10.53,11143,1.15,"12-Aug-2026",86,"",""
"3212","VLINFRA","SM",25.25,27.05,25.2,27.05,27.05,26.35,7500,1.95,"12-Aug-2026",5,"",""
"3213","VLSFINANCE","EQ",267.7,277,263.6,270.35,271,261.2,56004,151.62,"12-Aug-2026",1998,"",""
"3214","VMARCIND","SM",378.95,379.95,356,368.7,369,378,414000,1514.17,"12-Aug-2026",269,"",""
"3215","VMART","EQ",814.7,815.2,795,801.1,801.6,814.7,98907,793.45,"12-Aug-2026",9680,"",""
"3216","VMM","EQ",111,111,105.45,108,108,110.25,11426190,12266.26,"12-Aug-2026",40558,"",""
"3217","VMOBILE","SM",70.45,71.4,69,70,70,68,16800,11.88,"12-Aug-2026",20,"",""
"3218","VMSTMT","EQ",50.02,51.99,49.5,49.88,49.5,50.02,335119,170.59,"12-Aug-2026",1438,"",""
"3219","VOEPL","EQ",493,535.1,492.95,518.65,518.35,491,213883,1111.85,"12-Aug-2026",7199,"",""
"3220","VOGL","EQ",39.7,40.26,38,38.4,38.25,39.67,71829639,27931.08,"12-Aug-2026",104015,"",""
"3221","VOLERCAR","SM",220,222.1,209,221.5,222,217.1,172000,375.67,"12-Aug-2026",66,"",""
"3222","VOLTAMP","EQ",10056,10110,9982,10007,10001,10017,19049,1910.11,"12-Aug-2026",7636,"",""
"3223","VOLTAS","EQ",1280,1290,1266.1,1290,1290,1280,991550,12678.91,"12-Aug-2026",37564,"",""
"3224","VPRPL","EQ",40.31,40.4,35.55,37.25,37.09,40.69,2270413,842.53,"12-Aug-2026",8124,"",""
"3225","VRAJ","EQ",126.76,126.76,122,123.34,122.7,125.32,19611,24.37,"12-Aug-2026",628,"",""
"3226","VRLLOG","EQ",305.25,310.2,298.15,300.9,300.15,305.25,581608,1775.68,"12-Aug-2026",21099,"",""
"3227","VSCL","SM",21.75,22.95,21.75,21.75,21.75,22.85,12000,2.65,"12-Aug-2026",4,"",""
"3228","VSSL","EQ",332.6,341,326.45,331.1,330,332.7,123427,408.88,"12-Aug-2026",5467,"",""
"3229","VSTIND","EQ",218.96,219.46,217.8,218.2,218.69,218.96,136143,297.27,"12-Aug-2026",4406,"",""
"3230","VSTL","EQ",106.69,108,105.25,106.21,108,106.69,10586,11.23,"12-Aug-2026",305,"",""
"3231","VSTTILLERS","EQ",4450,4475.4,4416,4441.5,4444,4465.5,4692,208.46,"12-Aug-2026",1172,"",""
"3232","VTL","EQ",596.15,600.6,588.1,591.9,590,596,145328,862.17,"12-Aug-2026",9384,"",""
"3233","WAAREEENER","EQ",2704,2709.1,2650.9,2668,2668,2704,542431,14465,"12-Aug-2026",32399,"",""
"3234","WAAREEINDO","EQ",307.35,309.9,297.1,299.1,299,306.75,78992,237.31,"12-Aug-2026",2628,"",""
"3235","WAAREERTL","EQ",903,904.5,894,894.55,896.95,904.65,88268,792.05,"12-Aug-2026",6604,"",""
"3236","WABAG","EQ",1950,1965,1875,1903.6,1899,1950.1,821901,15851.53,"12-Aug-2026",38845,"",""
"3237","WAKEFIT","EQ",125.03,126,122.2,122.87,123.12,124.48,589186,726.65,"12-Aug-2026",4013,"",""
"3238","WALCHANNAG","EQ",237.4,242,229.4,232.26,236.4,232.8,1300831,3074.06,"12-Aug-2026",17720,"",""
"3239","WALPAR","SM",34.85,34.85,34.85,34.85,34.85,34.85,2000,0.7,"12-Aug-2026",1,"",""
"3240","WANBURY","EQ",243.5,271.95,230,262.75,262.7,254.3,2576174,6473.67,"12-Aug-2026",41662,"",""
"3241","WCIL","EQ",86.2,86.8,85,85.59,85.35,86.11,40440,34.69,"12-Aug-2026",1128,"",""
"3242","WEALTH","EQ",922.35,947,922.35,933.7,935,932.2,689,6.42,"12-Aug-2026",91,"",""
"3243","WEBELSOLAR","EQ",85.29,87.8,85.29,85.29,85.29,89.77,4071727,3487.84,"12-Aug-2026",13912,"",""
"3244","WEIZMANIND","EQ",77.98,78.49,77.5,77.94,78.39,77.98,888,0.69,"12-Aug-2026",30,"",""
"3245","WEL","EQ",134.5,139.6,131.5,135.04,137,134.5,1436570,1958.42,"12-Aug-2026",17658,"",""
"3246","WELCORP","EQ",1844.4,1873,1840,1867.6,1863,1836.9,583807,10852.95,"12-Aug-2026",29362,"",""
"3247","WELENT","EQ",574.5,579.5,568,574.05,570.35,572.3,122967,704.96,"12-Aug-2026",5075,"",""
"3248","WELINV","BE",1790,1880,1790,1830,1835,1800.6,143,2.66,"12-Aug-2026",11,"",""
"3249","WELSPLSOL","EQ",48.37,48.37,47.5,47.66,47.95,48.08,156451,74.94,"12-Aug-2026",1005,"",""
"3250","WELSPUNLIV","EQ",159.99,165.8,159.26,165.23,165.6,159.66,2292744,3741.16,"12-Aug-2026",21955,"",""
"3251","WENDT","EQ",8025,8070.5,7920,7954.5,8030,8017,3855,308.33,"12-Aug-2026",1089,"",""
"3252","WESTLIFE","EQ",583.45,599.1,571.3,594.7,595,583.45,83844,494.11,"12-Aug-2026",9031,"",""
"3253","WEWIN","BE",45.48,46.89,45.48,46.2,46.2,45.54,2230,1.02,"12-Aug-2026",19,"",""
"3254","WEWORK","EQ",717,724.15,704.05,708.6,709.45,719.95,85704,609.11,"12-Aug-2026",7289,"",""
"3255","WHEELS","EQ",1387,1421.1,1347.3,1360,1358,1382.4,88919,1222.77,"12-Aug-2026",7677,"",""
"3256","WHIRLPOOL","EQ",800,800,782.1,790.15,787,795.05,153449,1210.18,"12-Aug-2026",13216,"",""
"3257","WILLAMAGOR","EQ",26.8,26.8,25.85,26.25,26.25,25.4,517,0.13,"12-Aug-2026",11,"",""
"3258","WINDLAS","EQ",944.9,957.6,887.3,894.7,896,943.1,157341,1444.91,"12-Aug-2026",9287,"",""
"3259","WINDMACHIN","EQ",302.2,314.6,295.15,305.1,306.45,302.6,203775,619.7,"12-Aug-2026",3296,"",""
"3260","WINNY","SM",30.6,32.1,30.6,32.1,32.1,30.6,1000,0.31,"12-Aug-2026",2,"",""
"3261","WINSOL","SM",116,116,113.25,113.25,113.25,113.25,1200,1.38,"12-Aug-2026",3,"",""
"3262","WIPL","EQ",168.5,169.9,165.5,167.9,165.5,168.5,1288,2.16,"12-Aug-2026",20,"",""
"3263","WIPRO","EQ",184.51,185,181.91,183.94,183.94,184.6,8624548,15787.58,"12-Aug-2026",65622,"",""
"3264","WOCKPHARMA","EQ",1910,1915,1840,1847.4,1845,1909.4,577896,10788.06,"12-Aug-2026",29751,"",""
"3265","WOL3D","ST",138.5,138.5,131.1,131.1,131.1,138,5000,6.77,"12-Aug-2026",5,"",""
"3266","WOMANCART","SM",95.5,95.5,90.1,92.9,92.9,94.85,25600,23.62,"12-Aug-2026",63,"",""
"3267","WONDERLA","EQ",479.1,480.3,468.8,470.05,469.8,481.5,142721,672.82,"12-Aug-2026",8340,"",""
"3268","WORTHPERI","EQ",158.5,165.79,155.06,157.13,158.48,155.17,33723,53.79,"12-Aug-2026",637,"",""
"3269","WPIL","EQ",438.35,440.8,425,427.8,428,430.25,24423,105.45,"12-Aug-2026",1412,"",""
"3270","WSI","EQ",56.93,59.9,53.8,58.99,58.07,56.93,103443,59.15,"12-Aug-2026",1862,"",""
"3271","WSTCSTPAPR","EQ",602.05,645,574,624.55,616.9,597.1,2906450,18119.75,"12-Aug-2026",81080,"",""
"3272","WTICAB","SM",113.95,115.8,110.2,111.85,111.85,113.95,11000,12.36,"12-Aug-2026",20,"",""
"3273","XCHANGING","EQ",68.99,68.99,66.7,67.07,67.4,68.44,84472,56.83,"12-Aug-2026",1280,"",""
"3274","XELPMOC","EQ",81.26,82.5,79,79.78,81.14,81.66,10695,8.61,"12-Aug-2026",261,"",""
"3275","XPROINDIA","EQ",1127.9,1147,1085.5,1092,1093.3,1127.9,46224,509.83,"12-Aug-2026",3967,"",""
"3276","XTGLOBAL","EQ",31.52,32,31.21,31.91,31.75,31.17,65103,20.76,"12-Aug-2026",386,"",""
"3277","XTRANET","BE",154,157.67,142.67,156.18,157.5,150.17,947162,1420.56,"12-Aug-2026",7734,"",""
"3278","YAAP","SM",148.5,148.5,145,145,145,148.15,13000,18.99,"12-Aug-2026",11,"",""
"3279","YASHO","EQ",4390,4390,4207,4213,4210,4306.4,20489,873.33,"12-Aug-2026",3899,"",""
"3280","YASHOPTICS","SM",114,114,113.25,114,114,113.05,2400,2.73,"12-Aug-2026",3,"",""
"3281","YATHARTH","EQ",862.6,880,856.05,868.85,863,865.7,431376,3749.17,"12-Aug-2026",22363,"",""
"3282","YATRA","EQ",115,120.4,113.15,118.99,117.35,114.31,8462912,10010.89,"12-Aug-2026",41037,"",""
"3283","YCCL","SM",9.65,9.65,9.65,9.65,9.65,9.35,3000,0.29,"12-Aug-2026",1,"",""
"3284","YESBANK","EQ",22.75,22.98,22.62,22.98,22.98,22.75,68269921,15579.94,"12-Aug-2026",60772,"",""
"3285","YUDIZ","SM",25,25,25,25,25,24.75,1600,0.4,"12-Aug-2026",2,"",""
"3286","YUKEN","EQ",799,864.4,797.7,846.2,858,805.2,37575,316,"12-Aug-2026",3368,"",""
"3287","ZAGGLE","EQ",207.5,207.5,198.5,201.71,202,203.64,697796,1406.69,"12-Aug-2026",10126,"",""
"3288","ZEAL","SM",65.95,66,65.95,66,66,65,1200,0.79,"12-Aug-2026",2,"",""
"3289","ZEEL","EQ",92.5,98.85,90.26,97.52,98.1,91.56,45453756,43257.44,"12-Aug-2026",113225,"",""
"3290","ZEELEARN","BE",7.9,8.05,7.8,7.92,7.86,7.96,111585,8.85,"12-Aug-2026",268,"",""
"3291","ZEEMEDIA","EQ",7.05,7.2,6.91,7.15,7.16,7.05,1380313,97.81,"12-Aug-2026",1463,"",""
"3292","ZENITHDRUG","SM",42.05,42.05,41.7,41.8,41.7,43.85,2400,1,"12-Aug-2026",3,"",""
"3293","ZENITHEXPO","EQ",257.34,257.34,238.52,238.52,238.52,251.07,1223,3.03,"12-Aug-2026",95,"",""
"3294","ZENITHSTL","EQ",5.5,5.62,5.42,5.54,5.56,5.41,34701,1.92,"12-Aug-2026",232,"",""
"3295","ZENSARTECH","EQ",502.85,503,489.8,494.45,494.5,500.6,477614,2363.62,"12-Aug-2026",13896,"",""
"3296","ZENTEC","EQ",1826,1853,1810.1,1824.3,1823.4,1819.8,502987,9209.55,"12-Aug-2026",34143,"",""
"3297","ZFCVINDIA","EQ",2615,2644.7,2605.3,2613.4,2612.3,2615,38354,1008.17,"12-Aug-2026",7059,"",""
"3298","ZFSTEERING","EQ",665.6,672,650.05,667.3,672,661.6,3415,22.57,"12-Aug-2026",226,"",""
"3299","ZIMLAB","BE",108.34,111.5,106.51,107.92,108.99,110.53,37663,40.95,"12-Aug-2026",182,"",""
"3300","ZODIAC","EQ",250,253.95,244.1,245.15,244.65,250.95,7638,18.9,"12-Aug-2026",446,"",""
"3301","ZODIACLOTH","EQ",76,78.47,75.52,77.13,77.69,77.25,8032,6.21,"12-Aug-2026",114,"",""
"3302","ZOTA","EQ",1266.8,1274.9,1236.1,1249.6,1246,1257.6,209617,2605.04,"12-Aug-2026",4038,"",""
"3303","ZSARACOM","EQ",11600,11695,11204,11549,11550,11274,20,2.3,"12-Aug-2026",14,"",""
"3304","ZTECH","SM",520,530,503,506.7,505,510,15000,76.92,"12-Aug-2026",45,"",""
"3305","ZUARI","EQ",226.6,226.6,218.05,219.45,219.39,225.42,111345,246.19,"12-Aug-2026",3710,"",""
"3306","ZUARIIND","EQ",257,267.45,256.55,265.95,265,258.3,38173,100.72,"12-Aug-2026",1170,"",""
"3307","ZYDUSLIFE","EQ",1190,1205,1151,1205,1205,1191,4567528,54390.1,"12-Aug-2026",86025,"",""
"3308","ZYDUSWELL","EQ",507.95,512,501.95,507.55,506,506.1,217895,1108.04,"12-Aug-2026",11547,"",""
