"","SYMBOL","SERIES","OPEN","HIGH","LOW","CLOSE","LAST","PREVCLOSE","TOTTRDQTY","TOTTRDVAL","TIMESTAMP","TOTALTRADES","ISIN","X"
"1","1018GS2026","GS",104.74,104.74,104.1,104.3,104.3,104.65,4658,4.87,"14-Aug-2026",7,"",""
"2","20MICRONS","EQ",182.28,193,182,190.9,191,183.08,219809,415.61,"14-Aug-2026",4297,"",""
"3","21STCENMGM","EQ",44.04,44.05,42.35,44.05,44.05,43.19,20836,9.13,"14-Aug-2026",107,"",""
"4","360ONE","EQ",1179,1191.5,1167,1180,1180,1183,396813,4678.24,"14-Aug-2026",23944,"",""
"5","3BBLACKBIO","EQ",1181.2,1197.9,1140,1174.6,1175,1225.5,28814,337.5,"14-Aug-2026",2550,"",""
"6","3IINFOLTD","BE",26.8,27.5,25.59,26.95,27,26.93,734406,192.11,"14-Aug-2026",1547,"",""
"7","3MINDIA","EQ",36565,37300,35000,35340,35250,36165,20827,7483.71,"14-Aug-2026",10314,"",""
"8","3PLAND","EQ",32.5,32.5,31.55,32.18,32.35,32.33,1357,0.44,"14-Aug-2026",25,"",""
"9","591GS2028","GS",100.65,100.65,99.5,99.5,99.5,100.55,1286,1.28,"14-Aug-2026",2,"",""
"10","5PAISA","EQ",393.4,408.35,381.05,383.8,390,391.65,109705,431.88,"14-Aug-2026",4107,"",""
"11","610GS2031","GS",101,101,101,101,101,101,1,0,"14-Aug-2026",1,"",""
"12","636GS2031","GS",101,101,99.1,99.5,99.5,103,3707,3.72,"14-Aug-2026",15,"",""
"13","63MOONS","EQ",801.65,807,782,786.25,785,800.8,255921,2023,"14-Aug-2026",10243,"",""
"14","645GS2029","GS",101.9,101.9,101.9,101.9,101.9,102.12,1,0,"14-Aug-2026",1,"",""
"15","648GS2035","GS",99.04,99.25,99.04,99.25,99.25,99.6,1200,1.19,"14-Aug-2026",8,"",""
"16","654GS2032","GS",99.9,100,99.5,100,100,100,10660,10.66,"14-Aug-2026",6,"",""
"17","667GS2050","GS",92.8,92.8,92.01,92.11,92.11,92.8,1130,1.04,"14-Aug-2026",10,"",""
"18","668GS2040","GS",96.81,99.25,96.81,98.67,98.05,98.25,58306,57.29,"14-Aug-2026",18,"",""
"19","675GS2029","GS",101.6,101.6,101.6,101.6,101.6,101.64,48,0.05,"14-Aug-2026",2,"",""
"20","676GS2061","GS",94.8,94.8,93.51,94.35,94.35,93.9,35423,33.36,"14-Aug-2026",27,"",""
"21","679GS2034","GS",101.26,103,101.26,103,103,103,3099,3.17,"14-Aug-2026",4,"",""
"22","690GS2065","GS",94.95,95.9,94.9,95.9,95.9,94.9,5142,4.91,"14-Aug-2026",8,"",""
"23","694GS2036","GS",102.65,102.65,101.85,101.85,101.85,103,7021,7.15,"14-Aug-2026",3,"",""
"24","699GS2051","GS",96.8,96.8,95.91,95.91,95.91,95.95,64,0.06,"14-Aug-2026",3,"",""
"25","702GS2031","GS",103.5,103.5,103.5,103.5,103.5,102.85,1102,1.14,"14-Aug-2026",1,"",""
"26","706GS2028","GS",104.1,104.1,104.05,104.05,104.05,103.69,1151,1.2,"14-Aug-2026",2,"",""
"27","706GS2046","GS",106.99,106.99,106.99,106.99,106.99,102.5,1,0,"14-Aug-2026",1,"",""
"28","709GS2054","GS",98.25,98.25,96.5,96.99,96.99,96.47,39147,37.91,"14-Aug-2026",8,"",""
"29","709GS2074","GS",96,96.3,95.85,96.3,96.3,96.07,7226,6.95,"14-Aug-2026",12,"",""
"30","710GS2029","GS",105,105,105,105,105,103.5,100,0.11,"14-Aug-2026",1,"",""
"31","718GS2037","GS",106.99,106.99,103.5,103.8,103.8,103.22,21228,21.98,"14-Aug-2026",9,"",""
"32","719GS2060","GS",99.8,99.8,99,99,99,99.8,20,0.02,"14-Aug-2026",2,"",""
"33","724GS2055","GS",101.5,101.7,101.5,101.7,101.7,101.52,4500,4.57,"14-Aug-2026",3,"",""
"34","725GS2063","GS",98.5,99,98.4,98.59,98.6,98.21,2082850,2050.93,"14-Aug-2026",205,"",""
"35","726GS2032","GS",107,107,106.75,106.75,106.75,107,1820,1.94,"14-Aug-2026",4,"",""
"36","732GS2030","GS",103.46,104,103.46,104,104,103.01,200,0.21,"14-Aug-2026",2,"",""
"37","733GS2026","GS",101.59,101.59,101.59,101.59,101.59,101.55,200,0.2,"14-Aug-2026",1,"",""
"38","734GS2064","GS",100.4,100.59,100.03,100.5,100.5,100.34,63439,63.65,"14-Aug-2026",16,"",""
"39","737GS2028","GS",104.8,107,104.8,105,105,104.8,2102,2.21,"14-Aug-2026",6,"",""
"40","738GS2027","GS",102.4,102.5,102.24,102.32,102.5,102.39,21370,21.86,"14-Aug-2026",10,"",""
"41","73GS2053","GS",99.65,100.55,99.56,100.54,100.55,100.05,22486,22.52,"14-Aug-2026",14,"",""
"42","741GS2036","GS",105.05,105.05,105,105,105,105.27,20190,21.2,"14-Aug-2026",51,"",""
"43","743GS2076","GS",100.5,100.9,100.5,100.9,100.9,99.86,6100,6.15,"14-Aug-2026",5,"",""
"44","746GS2073","GS",101.2,101.3,101,101,101,100.89,1273,1.29,"14-Aug-2026",8,"",""
"45","74GS2062","GS",104,104,101,101.01,101.01,102,6345,6.41,"14-Aug-2026",15,"",""
"46","754GS2036","GS",106.81,107.35,106.8,107.17,107.2,106.81,791959,847.21,"14-Aug-2026",218,"",""
"47","762GS2039","GS",107.41,107.41,107.41,107.41,107.41,105.7,3359,3.61,"14-Aug-2026",4,"",""
"48","771GS2066","GS",104.6,105,104.55,105,105,104.53,5903,6.18,"14-Aug-2026",9,"",""
"49","813GS2045","GS",113.99,113.99,113.99,113.99,113.99,113.99,1,0,"14-Aug-2026",1,"",""
"50","828GS2032","GS",110,110,109,110,110,110.52,5399,5.94,"14-Aug-2026",16,"",""
"51","897GS2030","GS",111,111.2,111,111.2,111.2,113.98,4249,4.72,"14-Aug-2026",12,"",""
"52","92GS2030","GS",114.75,115,113.5,114.82,114.82,114.67,2527,2.9,"14-Aug-2026",6,"",""
"53","A2ZINFRA","EQ",14.7,15.18,14.58,14.72,14.9,14.97,176616,26.17,"14-Aug-2026",471,"",""
"54","AAATECH","EQ",90.36,92.5,90.36,92.18,92.4,90.36,12899,11.82,"14-Aug-2026",444,"",""
"55","AADHARHFC","EQ",499.4,503.1,497,498.2,498.65,503.2,159621,798.16,"14-Aug-2026",7237,"",""
"56","AAKAAR","SM",51,52.75,50.7,50.7,50.7,53.35,36800,18.72,"14-Aug-2026",23,"",""
"57","AAKASH","EQ",8.78,8.91,8.75,8.79,8.83,8.71,56830,5,"14-Aug-2026",243,"",""
"58","AARADHYA","SM",70.25,70.25,69.35,69.35,69.35,71.45,7200,5.03,"14-Aug-2026",3,"",""
"59","AAREYDRUGS","BE",84.39,87.5,81.21,83.87,82,84.49,176407,150.53,"14-Aug-2026",273,"",""
"60","AARNAV","EQ",32.81,32.91,30.96,31.46,31.4,32.91,47462,14.98,"14-Aug-2026",571,"",""
"61","AARON","EQ",140.95,145,134.07,135.46,137.5,140.95,13239,18.44,"14-Aug-2026",418,"",""
"62","AARTECH","BE",50.5,51.8,49.1,50.23,50.5,51.09,73254,36.77,"14-Aug-2026",181,"",""
"63","AARTIDRUGS","EQ",429,430,414.1,416.35,415,427.7,165069,694.97,"14-Aug-2026",6156,"",""
"64","AARTIIND","EQ",538.2,538.2,512.5,534.1,535,538.2,2578695,13580.22,"14-Aug-2026",47215,"",""
"65","AARTIPHARM","EQ",873,881.5,845.3,851.2,854.7,873.65,395281,3403.49,"14-Aug-2026",18415,"",""
"66","AARTISURF","EQ",645,677.7,632.15,658.55,651.3,645.85,103714,684.47,"14-Aug-2026",7208,"",""
"67","AARVI","EQ",154.01,158,152.7,153.47,153.01,154.78,12338,18.99,"14-Aug-2026",231,"",""
"68","AASTHA","EQ",74.1,75.47,73.5,74.31,74.33,74.53,321964,240.07,"14-Aug-2026",2775,"",""
"69","AATMAJ","SM",18.05,18.1,18.05,18.1,18.1,18.6,4000,0.72,"14-Aug-2026",2,"",""
"70","AAVAS","EQ",1431.8,1435.9,1385.2,1397.4,1394,1431.8,51565,725.59,"14-Aug-2026",11634,"",""
"71","ABAN","BE",18.46,18.46,18.46,18.46,18.46,18.83,1111,0.21,"14-Aug-2026",17,"",""
"72","ABANSENT","EQ",30.38,30.38,30.38,30.38,30.38,28.94,14445,4.39,"14-Aug-2026",38,"",""
"73","ABB","EQ",7710,7825,7639,7649,7649,7710,163080,12582.41,"14-Aug-2026",24337,"",""
"74","ABBOTINDIA","EQ",27800,27800,27000,27060,27040,27620,18516,5043.11,"14-Aug-2026",5492,"",""
"75","ABCAPITAL","EQ",405.6,408.2,401,401,401,407.7,1264602,5094.83,"14-Aug-2026",23940,"",""
"76","ABCOTS","EQ",201,201,198.9,199,198.9,199.03,3258,6.51,"14-Aug-2026",152,"",""
"77","ABDL","EQ",630.7,631.95,591.1,599.45,601,627.7,528711,3198.85,"14-Aug-2026",13645,"",""
"78","ABFRL","EQ",56.86,57.33,55.66,55.98,56.09,56.73,5318321,2996.76,"14-Aug-2026",25113,"",""
"79","ABGSEC","EQ",115.49,115.49,115.49,115.49,115.49,115.14,23,0.03,"14-Aug-2026",4,"",""
"80","ABHAPOWER","SM",24.65,25.65,24.35,25.65,25.65,24.65,9600,2.4,"14-Aug-2026",6,"",""
"81","ABINFRA","EQ",11.17,11.49,10.46,10.81,10.78,11.15,1387821,153.07,"14-Aug-2026",1383,"",""
"82","ABLBL","EQ",89.97,90.24,88.65,88.77,88.99,89.96,446038,398.23,"14-Aug-2026",6531,"",""
"83","ABMINTLLTD","EQ",72.8,72.8,62.44,62.44,62.44,69.37,23052,15.54,"14-Aug-2026",223,"",""
"84","ABMKNO","EQ",200,203,196.01,199.77,200,199.96,6433,12.83,"14-Aug-2026",32,"",""
"85","ABREL","EQ",1401,1427.9,1381.2,1402.9,1400,1393.8,201919,2822.94,"14-Aug-2026",16247,"",""
"86","ABSL10BANK","EQ",168.99,170.5,168.75,169.44,170.5,169.26,1787,3.02,"14-Aug-2026",40,"",""
"87","ABSLAMC","EQ",1030,1030,1010,1011.2,1011.8,1026.4,61108,622.37,"14-Aug-2026",10964,"",""
"88","ABSLBANETF","EQ",59.35,59.35,58.91,59.1,59.09,59.18,21376,12.63,"14-Aug-2026",167,"",""
"89","ABSLLIQUID","EQ",999.99,1000.01,999.99,1000,1000,1000,7248,72.48,"14-Aug-2026",32,"",""
"90","ABSLMSCIN","EQ",30.09,30.09,29.96,29.98,29.98,30,953,0.29,"14-Aug-2026",5,"",""
"91","ABSLNN50ET","EQ",78.78,78.78,78.32,78.48,78.5,78.18,4165,3.27,"14-Aug-2026",166,"",""
"92","ABSLPSE","EQ",10.3,10.3,10.2,10.21,10.2,10.28,148689,15.2,"14-Aug-2026",377,"",""
"93","ABSMARINE","ST",223.95,234.45,223.95,234.45,234.45,223.3,70500,164.13,"14-Aug-2026",116,"",""
"94","ACC","EQ",1332,1332,1319,1321.4,1321.5,1324.7,99400,1314.52,"14-Aug-2026",8003,"",""
"95","ACCELYA","EQ",1133.9,1147.9,1130.6,1139.7,1142.9,1133.9,3790,43.17,"14-Aug-2026",340,"",""
"96","ACCENTMIC","SM",570.95,585,570,583,583.5,569.35,69500,401.54,"14-Aug-2026",123,"",""
"97","ACCPL","ST",182,192,182,190.5,192,184.45,10800,20.31,"14-Aug-2026",8,"",""
"98","ACCURACY","BE",4.81,4.98,4.61,4.83,4.87,4.75,156944,7.68,"14-Aug-2026",243,"",""
"99","ACE","EQ",1079.1,1092.5,1076.5,1085.6,1090.5,1078.3,153417,1662.82,"14-Aug-2026",7661,"",""
"100","ACEINTEG","EQ",17.96,17.98,17.54,17.8,17.8,17.42,3254,0.58,"14-Aug-2026",68,"",""
"101","ACETEC","SM",125.95,129.15,125.95,127.05,129.15,121.5,3600,4.57,"14-Aug-2026",3,"",""
"102","ACI","EQ",511.95,511.95,501.15,503.3,504.95,509.25,85513,432.26,"14-Aug-2026",4774,"",""
"103","ACL","EQ",46.8,46.8,45.6,46.14,46.21,46.08,8242,3.81,"14-Aug-2026",161,"",""
"104","ACMESOLAR","EQ",374.55,379,372.15,374.1,372.4,374.5,440108,1652.62,"14-Aug-2026",13010,"",""
"105","ACSTECH","EQ",50.5,52.25,49.5,49.98,50,48.52,590961,298.6,"14-Aug-2026",1624,"",""
"106","ACUTAAS","EQ",3111,3255,3111,3235.6,3228.9,3110.6,331013,10631.22,"14-Aug-2026",37931,"",""
"107","ADANIENSOL","EQ",1588,1624,1575,1616,1616,1583,7047548,112905.56,"14-Aug-2026",84652,"",""
"108","ADANIENT","EQ",2965,3048,2950,3035.1,3035.1,2964.9,1666749,50223.87,"14-Aug-2026",61603,"",""
"109","ADANIGREEN","EQ",1319,1348,1315.1,1348,1348,1319,1093447,14595.4,"14-Aug-2026",29419,"",""
"110","ADANIPORTS","EQ",1658,1700,1657.2,1700,1700,1658,1978204,33340.41,"14-Aug-2026",68467,"",""
"111","ADANIPOWER","EQ",205.91,208.14,205,205.25,205.25,206.1,13864195,28578.99,"14-Aug-2026",86771,"",""
"112","ADDICTIVE","SM",38.9,42.15,38.9,42.15,42.15,40.15,7500,3.12,"14-Aug-2026",10,"",""
"113","ADFFOODS","EQ",262.9,268.1,259.4,262.45,265.05,261.85,127124,335.19,"14-Aug-2026",6961,"",""
"114","ADISOFT","SM",175.2,187,170,183.3,181,171.75,61600,110.2,"14-Aug-2026",72,"",""
"115","ADL","EQ",70.5,71.01,68.4,69.54,70.39,70.71,2535,1.74,"14-Aug-2026",35,"",""
"116","ADOR","EQ",1519.8,1582.2,1478.8,1538.5,1546.1,1500.3,74207,1148.48,"14-Aug-2026",6763,"",""
"117","ADROITINFO","EQ",9.62,10.4,9.62,9.81,9.81,9.94,13544,1.35,"14-Aug-2026",91,"",""
"118","ADSL","EQ",114,114.9,112.51,112.82,113.03,113.77,63785,72.38,"14-Aug-2026",1380,"",""
"119","ADVAIT","EQ",2095,2163.8,2080.6,2095.2,2107,2082.6,51469,1085.73,"14-Aug-2026",6660,"",""
"120","ADVANCE","EQ",119.1,120.79,118.24,118.79,118.5,119.2,82889,98.92,"14-Aug-2026",1409,"",""
"121","ADVANIHOTR","EQ",51.44,53.6,51,52.09,52.3,51.44,62739,33.16,"14-Aug-2026",473,"",""
"122","ADVENTHTL","EQ",142,144.14,139.1,141.58,142.2,143.3,92304,131.02,"14-Aug-2026",1716,"",""
"123","ADVENZYMES","EQ",301.7,308.75,299.25,304.3,303,300.85,343928,1046.32,"14-Aug-2026",6216,"",""
"124","AEGISLOG","EQ",1244,1290,1242,1265.4,1263,1247,515288,6547.98,"14-Aug-2026",23340,"",""
"125","AEGISVOPAK","EQ",273,274.7,267.8,269.1,269.55,271.5,403221,1094.13,"14-Aug-2026",9243,"",""
"126","AEPL","EQ",15.67,15.67,15.23,15.3,15.3,15.67,26872,4.12,"14-Aug-2026",225,"",""
"127","AEQUS","EQ",253,259,248.83,249.64,249.55,252.29,3888971,9872.86,"14-Aug-2026",50795,"",""
"128","AEROENTER","EQ",126,129.9,121.31,127.95,127.98,125.18,555683,700.99,"14-Aug-2026",6567,"",""
"129","AEROFLEX","EQ",448.95,464.8,448.95,459.85,459.75,448.25,1134930,5205.11,"14-Aug-2026",22250,"",""
"130","AERON","SM",76.05,76.05,76.05,76.05,76.05,77.5,3000,2.28,"14-Aug-2026",3,"",""
"131","AERONEU","EQ",83.14,88,82.91,86,84.51,84.21,25957,21.7,"14-Aug-2026",314,"",""
"132","AEROPLANE","EQ",191.36,195,188.01,192.14,188.3,191.36,319876,612.07,"14-Aug-2026",3162,"",""
"133","AESTHETIK","SM",74.9,74.9,71.5,71.5,71.5,74.85,9000,6.47,"14-Aug-2026",7,"",""
"134","AETHER","EQ",1588,1658,1582.5,1625.1,1629.9,1580.1,262061,4288.43,"14-Aug-2026",26396,"",""
"135","AFCONS","EQ",269.5,272.95,268.2,268.8,268.8,271.6,379340,1023.86,"14-Aug-2026",7817,"",""
"136","AFFLE","EQ",1643,1676.3,1632.5,1668.8,1670,1643,103119,1715.14,"14-Aug-2026",15941,"",""
"137","AFFORDABLE","BE",181.89,181.89,181.89,181.89,181.89,191.46,9572,17.41,"14-Aug-2026",190,"",""
"138","AFIL","EQ",9.76,10,9.61,9.68,9.76,9.9,280176,27.38,"14-Aug-2026",420,"",""
"139","AFSL","EQ",212.1,214.22,203,204.67,206.9,212.23,9359,19.38,"14-Aug-2026",301,"",""
"140","AGARIND","EQ",485,494,482,484.75,487,499.5,42780,207.82,"14-Aug-2026",1719,"",""
"141","AGARWALEYE","EQ",505,511.4,502,506.5,506.3,508.5,564021,2863.14,"14-Aug-2026",24200,"",""
"142","AGARWALFT","SM",34.95,34.95,34.95,34.95,34.95,36.75,1500,0.52,"14-Aug-2026",1,"",""
"143","AGARWALTUF","SM",145.2,145.2,141.25,142,142,143.75,7200,10.26,"14-Aug-2026",5,"",""
"144","AGI","EQ",701.9,710.7,701.9,703.8,704.7,701.9,30325,213.97,"14-Aug-2026",1687,"",""
"145","AGIIL","EQ",300,304.9,298.8,301.9,300.5,297.9,2533929,7652.06,"14-Aug-2026",16522,"",""
"146","AGL","EQ",14.95,15.19,14.5,14.91,14.75,14.83,2095582,311.15,"14-Aug-2026",5560,"",""
"147","AGNI","SM",16.5,16.5,15.6,15.6,15.6,16.1,12500,2,"14-Aug-2026",5,"",""
"148","AGRITECH","EQ",106.12,108.8,103,105.49,105,107.61,4189,4.42,"14-Aug-2026",195,"",""
"149","AGROPHOS","EQ",29,29,27.11,27.33,27.48,28.24,34399,9.55,"14-Aug-2026",290,"",""
"150","AGSTRA","BZ",2.06,2.06,1.97,2.01,2.04,2.03,149391,3,"14-Aug-2026",301,"",""
"151","AHCL","EQ",14.23,14.55,14.1,14.43,14.52,14.25,2724717,391.44,"14-Aug-2026",2506,"",""
"152","AHLADA","EQ",41,41.9,37.9,38.36,39,41.09,14833,5.74,"14-Aug-2026",264,"",""
"153","AHLEAST","EQ",144.89,144.89,136.21,138.12,140.7,141.35,4836,6.71,"14-Aug-2026",143,"",""
"154","AHLUCONT","EQ",822,848,815.15,837.35,840,819.95,39157,327.25,"14-Aug-2026",5004,"",""
"155","AHLWEST","BE",521,555,521,550,550,545,409,2.22,"14-Aug-2026",18,"",""
"156","AIAENG","EQ",4437.9,4629.9,4414.7,4482.8,4470,4435.1,97062,4428.87,"14-Aug-2026",22554,"",""
"157","AIIL","EQ",579.8,583,561.65,564.9,569,579.1,94880,541.29,"14-Aug-2026",6874,"",""
"158","AILIMITED","SM",35.85,35.85,35.85,35.85,35.85,37.7,1500,0.54,"14-Aug-2026",1,"",""
"159","AIMTRON","SM",1658,1740,1603.15,1731.15,1738,1647.75,53000,895.62,"14-Aug-2026",235,"",""
"160","AIRAN","EQ",15.44,15.99,15.05,15.26,15.4,14.99,155521,24.21,"14-Aug-2026",638,"",""
"161","AIROLAM","EQ",90,90,87.05,87.29,88,90.74,3802,3.36,"14-Aug-2026",85,"",""
"162","AISL","SM",58,58.1,58,58,58,58,36600,21.23,"14-Aug-2026",7,"",""
"163","AJANTPHARM","EQ",3620.9,3700.6,3603.1,3672.8,3686.9,3614.6,95494,3495.98,"14-Aug-2026",21171,"",""
"164","AJAXENGG","EQ",561,597.4,551.15,582.2,570,565.45,292385,1658.53,"14-Aug-2026",11006,"",""
"165","AJMERA","EQ",117.25,121.49,116.38,118.23,119,117.18,222043,264.35,"14-Aug-2026",2934,"",""
"166","AJOONI","EQ",3.75,4.03,3.75,3.86,3.89,3.77,302997,11.59,"14-Aug-2026",494,"",""
"167","AKANKSHA","SM",117.1,118.75,117.1,118.75,118.75,113.1,28000,33.2,"14-Aug-2026",22,"",""
"168","AKASH","EQ",26.23,26.6,24,24.6,24.36,26.23,51219,12.82,"14-Aug-2026",342,"",""
"169","AKCAPIT","EQ",1732.7,1772.5,1716.6,1737,1730.1,1697.8,1694,29.43,"14-Aug-2026",297,"",""
"170","AKG","EQ",8.3,8.8,8.3,8.72,8.77,8.72,19757,1.73,"14-Aug-2026",102,"",""
"171","AKI","EQ",4.22,4.31,4.01,4.15,4.11,4.23,119065,4.92,"14-Aug-2026",337,"",""
"172","AKIKO","ST",337.6,345,337.6,340,340,337.6,31200,106.21,"14-Aug-2026",26,"",""
"173","AKSHAR","EQ",0.42,0.42,0.4,0.41,0.42,0.4,375652,1.56,"14-Aug-2026",190,"",""
"174","AKSHARCHEM","BE",310.9,310.92,299.6,305.64,309.68,296.12,49946,154.47,"14-Aug-2026",442,"",""
"175","AKSHOPTFBR","BE",6.98,6.99,6.55,6.65,6.63,6.75,252450,17.11,"14-Aug-2026",339,"",""
"176","AKUMS","EQ",748.15,763.25,724.8,726.6,724.8,751.85,184803,1358.92,"14-Aug-2026",13679,"",""
"177","ALANKIT","EQ",8.01,8.5,8.01,8.29,8.16,8.11,99691,8.22,"14-Aug-2026",489,"",""
"178","ALBERTDAVD","EQ",801.9,819,788.45,812.5,804.05,802.1,11468,92.4,"14-Aug-2026",890,"",""
"179","ALCODIS","SM",61.05,61.05,61.05,61.05,61.05,67.6,625,0.38,"14-Aug-2026",1,"",""
"180","ALEMBICLTD","EQ",83.35,87.56,83.12,86.85,87.2,83.39,445111,380.95,"14-Aug-2026",3645,"",""
"181","ALGOQUANT","EQ",65.6,67,64.73,66,66.49,65.88,1250846,826.19,"14-Aug-2026",2405,"",""
"182","ALICON","EQ",745,749.65,708.15,719.6,719.5,741.35,58734,427.5,"14-Aug-2026",4333,"",""
"183","ALIVUS","EQ",1374.6,1394.9,1361.5,1386.7,1394.9,1374.6,83207,1146.55,"14-Aug-2026",11467,"",""
"184","ALKALI","BE",69.96,69.96,66.64,66.87,66.65,69.93,4994,3.37,"14-Aug-2026",58,"",""
"185","ALKEM","EQ",5432,5448,5175,5368,5368,5449.5,635598,33880.24,"14-Aug-2026",73420,"",""
"186","ALKYLAMINE","EQ",1923.1,1928.9,1904.4,1916.9,1919,1923.1,35382,677.56,"14-Aug-2026",5194,"",""
"187","ALLCARGO","EQ",10.1,10.43,9.76,10,10.01,10.07,22152371,2212.62,"14-Aug-2026",18748,"",""
"188","ALLDIGI","EQ",814.55,817.65,812,813.4,813.05,810.5,3792,30.86,"14-Aug-2026",336,"",""
"189","ALLETEC","ST",136,139,134,137,137,138,6000,8.2,"14-Aug-2026",14,"",""
"190","ALLTIME","EQ",218.69,219.79,215,215.54,215.1,216.84,20758,44.83,"14-Aug-2026",749,"",""
"191","ALMONDZ","EQ",14.45,14.56,14.11,14.3,14.5,14.22,73306,10.53,"14-Aug-2026",268,"",""
"192","ALOKINDS","EQ",11.79,11.79,11.61,11.62,11.65,11.71,1996993,232.77,"14-Aug-2026",4920,"",""
"193","ALPA","EQ",65.85,67.4,63.1,64.27,64.29,65.85,34944,22.5,"14-Aug-2026",615,"",""
"194","ALPEXSOLAR","SM",773.9,780,752.2,777.1,774,762,42800,330.15,"14-Aug-2026",286,"",""
"195","ALPHA","EQ",54.64,54.64,53.87,53.97,53.95,54.25,608263,328.53,"14-Aug-2026",2326,"",""
"196","ALPHAETF","EQ",26.8,26.85,26.66,26.67,26.66,26.8,240571,64.26,"14-Aug-2026",754,"",""
"197","ALPHAGEO","EQ",290.53,303.89,290.53,301.36,297,290.53,33009,98.06,"14-Aug-2026",878,"",""
"198","ALPINETEX","EQ",60,61.99,58.49,58.6,58.57,60.28,300193,178.82,"14-Aug-2026",3886,"",""
"199","ALPL30IETF","EQ",28.32,28.55,28.25,28.35,28.34,28.31,142917,40.54,"14-Aug-2026",673,"",""
"200","ALUWIND","SM",48.9,50.5,48.9,49.6,50.5,49.95,7500,3.72,"14-Aug-2026",5,"",""
"201","AMAGI","EQ",661.2,669,587.05,608.7,602.7,648.2,3361436,20901.57,"14-Aug-2026",81567,"",""
"202","AMANTA","BE",150.5,156.33,150.5,156.33,156.33,153.27,174084,266.74,"14-Aug-2026",253,"",""
"203","AMBAAUTO","SM",106,106,105.95,105.95,105.95,105.8,21000,22.26,"14-Aug-2026",3,"",""
"204","AMBALALSA","EQ",41.3,43.49,41.3,42.27,41.99,41.54,206876,88.24,"14-Aug-2026",1207,"",""
"205","AMBANIORGO","SM",110,115,110,115,115,110,4000,4.45,"14-Aug-2026",3,"",""
"206","AMBER","EQ",7170.5,7350,7055,7222,7222,7175,749611,54193.69,"14-Aug-2026",80818,"",""
"207","AMBICAAGAR","EQ",24.89,25,24.4,24.93,24.95,24.89,1234,0.31,"14-Aug-2026",22,"",""
"208","AMBIKCO","EQ",1584.1,1610,1571.1,1598.6,1595,1591.6,12600,200.84,"14-Aug-2026",1542,"",""
"209","AMBUJACEM","EQ",419.6,419.85,416,417.5,417.5,419.4,1586889,6622.9,"14-Aug-2026",20852,"",""
"210","AMCL","SM",375,392,375,392,392,384.1,2000,7.75,"14-Aug-2026",3,"",""
"211","AMDIND","EQ",57.2,58,54.3,54.8,54.7,55.9,60270,33.77,"14-Aug-2026",775,"",""
"212","AMEYA","SM",106.1,110,106.1,110,110,109.25,5000,5.38,"14-Aug-2026",3,"",""
"213","AMJLAND","EQ",39,39.74,38.6,39.36,38.6,39,2796,1.09,"14-Aug-2026",33,"",""
"214","AMNPLST","EQ",195.5,204.38,187.96,193.05,194.6,195.39,10698,21.04,"14-Aug-2026",478,"",""
"215","AMRUTANJAN","EQ",491.6,498.7,484.35,496.05,491.1,491.6,50767,248.98,"14-Aug-2026",3600,"",""
"216","ANANDRATHI","EQ",2209,2225,2167,2174.7,2172.2,2198.8,150902,3301.04,"14-Aug-2026",12994,"",""
"217","ANANTAM","IV",104.9,105.8,104.16,105.3,105.3,106.69,55519,58.33,"14-Aug-2026",307,"",""
"218","ANANTRAJ","EQ",629.9,631.45,618.5,629.95,630,627.05,1472651,9228.38,"14-Aug-2026",29468,"",""
"219","ANAWIL","ST",397,420.45,385.1,420.45,420.45,400.45,570400,2368.62,"14-Aug-2026",725,"",""
"220","ANDHRAPAP","EQ",60.98,60.99,59.35,59.69,59.95,60.43,85980,51.68,"14-Aug-2026",888,"",""
"221","ANDHRSUGAR","EQ",100.43,103,99.65,101.88,101.62,100.43,601583,610.57,"14-Aug-2026",5968,"",""
"222","ANGELONE","EQ",292,294.3,286.25,287.3,287.3,292,3898187,11278.36,"14-Aug-2026",33578,"",""
"223","ANIKINDS","EQ",41.9,43.2,40,42.69,42.65,40.62,13305,5.57,"14-Aug-2026",112,"",""
"224","ANKITMETAL","BZ",1.54,1.6,1.5,1.58,1.58,1.53,23856,0.38,"14-Aug-2026",30,"",""
"225","ANLON","SM",649,649,630,640,640,622,4400,28.19,"14-Aug-2026",10,"",""
"226","ANMOL","EQ",10.15,10.37,9.75,10.16,10.25,10.26,83657,8.38,"14-Aug-2026",360,"",""
"227","ANNAPURNA","EQ",157.85,157.85,150,152.6,151,153.8,63691,97.92,"14-Aug-2026",696,"",""
"228","ANONDITA","SM",1083,1120,1079.55,1117.85,1118.9,1066.95,34200,376.76,"14-Aug-2026",112,"",""
"229","ANSALAPI","BZ",3.59,3.59,3.45,3.45,3.45,3.52,12792,0.44,"14-Aug-2026",30,"",""
"230","ANTELOPUS","EQ",815.9,815.9,776.45,782.6,783,804.8,82586,653.28,"14-Aug-2026",4280,"",""
"231","ANTGRAPHIC","EQ",0.74,0.75,0.73,0.73,0.73,0.74,171040,1.26,"14-Aug-2026",141,"",""
"232","ANTHEM","EQ",870.6,892.7,865.65,890.1,892,874.9,390266,3439.8,"14-Aug-2026",19142,"",""
"233","ANUHPHR","EQ",78,78,76,76.21,76.11,76.99,46254,35.33,"14-Aug-2026",789,"",""
"234","ANUP","EQ",1860.9,1868,1838,1852.8,1850.3,1861,27254,505.11,"14-Aug-2026",3288,"",""
"235","ANURAS","EQ",1214,1233.8,1205,1209.4,1215,1207.8,597433,7266.33,"14-Aug-2026",17739,"",""
"236","ANYA","SM",14.5,15.2,14.5,15.15,15.2,15,75000,11.16,"14-Aug-2026",9,"",""
"237","ANZEN","IV",132.4,132.4,132.4,132.4,132.4,128,50000,66.2,"14-Aug-2026",2,"",""
"238","AONEGOLD","EQ",14.2,14.2,14,14.1,14.11,14.19,172867,24.29,"14-Aug-2026",1073,"",""
"239","AONELIQUID","EQ",1072.78,1072.79,1072.76,1072.78,1072.77,1072.34,18575,199.27,"14-Aug-2026",103,"",""
"240","AONENIFTY","EQ",10.32,10.32,10,10.05,10.05,10.07,148478,14.93,"14-Aug-2026",1012,"",""
"241","AONESILVER","EQ",8.84,8.96,8.71,8.82,8.84,8.83,270420,23.77,"14-Aug-2026",839,"",""
"242","AONETMMQ50","EQ",10.45,10.49,10.4,10.42,10.42,10.4,95553,9.96,"14-Aug-2026",210,"",""
"243","AONETOTAL","EQ",12.34,12.34,12.04,12.05,12.1,12.05,164699,19.87,"14-Aug-2026",1527,"",""
"244","APARINDS","EQ",17000,17118,16650,16691,16699,17225,175323,29534.35,"14-Aug-2026",45347,"",""
"245","APCL","EQ",104.51,104.51,101,103.55,103.8,101.01,4989,5.09,"14-Aug-2026",93,"",""
"246","APCOTEXIND","EQ",592.25,603,592,599.5,597.6,590.7,70028,418.14,"14-Aug-2026",4059,"",""
"247","APEX","EQ",425.1,441.2,403.15,426.35,425,367.7,9316207,40191.99,"14-Aug-2026",106872,"",""
"248","APEXECO","ST",283,297.15,276.5,290,290,283,28800,83.28,"14-Aug-2026",29,"",""
"249","APLAPOLLO","EQ",2060,2099,2037,2083.3,2083.3,2064.3,594481,12350.82,"14-Aug-2026",30129,"",""
"250","APLLTD","EQ",832.2,834.4,815.4,831.25,825,831.2,86735,717.79,"14-Aug-2026",16404,"",""
"251","APOLLO","EQ",390,396.55,386.4,393.55,390,389.7,5445787,21432.55,"14-Aug-2026",43353,"",""
"252","APOLLOHOSP","EQ",8615,8925,8588.5,8920.5,8920.5,8600,1275740,112744.96,"14-Aug-2026",129238,"",""
"253","APOLLOPIPE","EQ",507.15,514.3,506.95,510.85,512.25,508.45,73725,376.05,"14-Aug-2026",1987,"",""
"254","APOLLOTYRE","EQ",444.75,446.65,440.9,444.1,444,443.05,274273,1217.65,"14-Aug-2026",11383,"",""
"255","APOLSINHOT","EQ",1241.3,1242,1201,1208,1210,1232.8,833,10.19,"14-Aug-2026",140,"",""
"256","APRAMEYA","SM",141,142.9,135.35,139.85,139.9,140,22000,30.39,"14-Aug-2026",25,"",""
"257","APS","SM",241,245,236.3,244.95,245,242.45,12750,30.57,"14-Aug-2026",46,"",""
"258","APSISAERO","ST",474.5,491,474.5,490,490,484.15,14400,69.66,"14-Aug-2026",12,"",""
"259","APTECHT","BE",94.97,94.97,90,92.41,93.3,93.5,61511,56.87,"14-Aug-2026",553,"",""
"260","APTUS","EQ",253.5,253.8,249.05,250.5,250.85,253.8,784152,1966.83,"14-Aug-2026",30544,"",""
"261","AQYLON","EQ",23.7,23.79,22.5,22.93,22.85,23.36,398745,92.99,"14-Aug-2026",1954,"",""
"262","ARCHIDPLY","EQ",94.62,94.62,91.56,93.3,93.5,92.81,10833,10.07,"14-Aug-2026",139,"",""
"263","ARCHIES","EQ",14.14,14.19,13.51,13.76,13.67,13.7,24866,3.47,"14-Aug-2026",91,"",""
"264","ARCIIL","SM",36.8,38.25,36.8,37.8,37.8,34.8,13000,4.9,"14-Aug-2026",12,"",""
"265","ARDEE","EQ",64.78,64.78,58.61,59.15,59.09,64.87,22017200,13440.2,"14-Aug-2026",75152,"",""
"266","ARE&M","EQ",951,957,944.05,945.95,946.9,948.8,491377,4665.06,"14-Aug-2026",21081,"",""
"267","ARENTERP","EQ",39.7,39.8,36.51,38.99,39.19,39.25,2397,0.93,"14-Aug-2026",92,"",""
"268","ARFIN","EQ",84.96,85.45,81.4,84.05,82.51,83.43,2169848,1799.38,"14-Aug-2026",6048,"",""
"269","ARHAM","SM",188.9,191.9,185.05,189.5,190.45,188.9,60000,113.57,"14-Aug-2026",42,"",""
"270","ARIES","EQ",386.1,416.05,386.1,413.5,415,386.1,220076,896,"14-Aug-2026",8971,"",""
"271","ARIHANT","EQ",1071.6,1100,982,1048.5,1050,1072.5,4716,49.35,"14-Aug-2026",703,"",""
"272","ARIHANTACA","SM",550,550,490.1,499.55,499.55,480,7600,38.84,"14-Aug-2026",19,"",""
"273","ARIHANTCAP","EQ",74.63,74.66,73.75,74.14,74.45,74.96,43389,32.17,"14-Aug-2026",517,"",""
"274","ARIHANTSUP","EQ",252,253.8,238.05,247.55,245,251.75,3777,9.36,"14-Aug-2026",239,"",""
"275","ARIS","EQ",137.1,137.15,133.65,134.09,134.49,137.32,543522,736.14,"14-Aug-2026",6578,"",""
"276","ARKADE","EQ",136.92,138.59,132.1,133.34,133,136.92,492099,672.95,"14-Aug-2026",3276,"",""
"277","ARMANFIN","EQ",2025.2,2044,1964,1969.4,1965,2013.4,80602,1605.22,"14-Aug-2026",6295,"",""
"278","ARMOUR","ST",18.7,18.8,18.6,18.6,18.6,18.7,8000,1.5,"14-Aug-2026",4,"",""
"279","AROGRANITE","EQ",24.95,25.58,24.91,25.37,25.4,24.91,4944,1.25,"14-Aug-2026",72,"",""
"280","ARROWGREEN","BE",821.6,821.6,790,809.1,820,782.5,120662,987.23,"14-Aug-2026",1429,"",""
"281","ARSHIYA","BZ",0.94,0.96,0.91,0.94,0.95,0.92,77913,0.74,"14-Aug-2026",54,"",""
"282","ARSSBL","EQ",500,509.05,500,508.2,507.55,504.65,106068,535.47,"14-Aug-2026",2507,"",""
"283","ARTEMISMED","EQ",318.3,319,311.85,314.75,314.2,317.85,165255,520.48,"14-Aug-2026",5980,"",""
"284","ARTNIRMAN","EQ",42.39,42.52,41.06,41.07,41.06,41.19,463,0.19,"14-Aug-2026",24,"",""
"285","ARUNAYA","ST",15,15,14.6,14.6,14.6,15.35,6000,0.88,"14-Aug-2026",3,"",""
"286","ARVEE","EQ",167,169,161.07,166.01,164.99,168.72,1929,3.17,"14-Aug-2026",116,"",""
"287","ARVIND","EQ",552.9,578,538.05,571.85,567.2,555.65,1283356,7248.91,"14-Aug-2026",49818,"",""
"288","ARVINDFASN","EQ",446.45,453,443.55,447.85,451,449.9,154559,692.75,"14-Aug-2026",14686,"",""
"289","ARVINDPORT","SM",31.9,31.9,31.85,31.85,31.85,30.85,4500,1.43,"14-Aug-2026",3,"",""
"290","ARVSMART","EQ",667.4,671.2,653,655.6,655.5,663.15,72163,475.89,"14-Aug-2026",3733,"",""
"291","ASAHIINDIA","EQ",898,947,893.15,939.2,937.95,901,643741,6033.43,"14-Aug-2026",34221,"",""
"292","ASAHISONG","BE",363.2,363.2,358.35,361.9,362.05,345.95,18049,65.53,"14-Aug-2026",219,"",""
"293","ASAL","EQ",498.4,507.95,495.5,499.1,499.9,497.55,30947,154.65,"14-Aug-2026",1320,"",""
"294","ASALCBR","EQ",726,734.75,711,713.95,719,726.2,27325,197.09,"14-Aug-2026",2320,"",""
"295","ASHALOG","SM",59.95,62.2,59.95,59.95,59.95,60,10000,6.02,"14-Aug-2026",7,"",""
"296","ASHAPURMIN","EQ",612,616.5,599.25,603.45,607.5,613.65,450080,2724.15,"14-Aug-2026",19181,"",""
"297","ASHIANA","EQ",362,364.95,356,362.45,364.25,361.95,39279,141.32,"14-Aug-2026",1727,"",""
"298","ASHIKAG","BE",449.05,458.9,442,443.2,443,451.4,29616,132.62,"14-Aug-2026",195,"",""
"299","ASHIMASYN","EQ",17.53,17.99,17.01,17.13,17.02,17.53,62391,10.78,"14-Aug-2026",316,"",""
"300","ASHOKA","EQ",113,114.45,112.11,112.39,112.55,112.43,720685,812.43,"14-Aug-2026",11066,"",""
"301","ASHOKAMET","EQ",14.02,14.02,13,13.78,13.84,14.02,33257,4.51,"14-Aug-2026",220,"",""
"302","ASHOKLEY","EQ",177.11,179.5,169.75,171.64,171.64,176.23,39171573,68476.58,"14-Aug-2026",184443,"",""
"303","ASHWINI","SM",195,195,195,195,195,196.25,3000,5.85,"14-Aug-2026",3,"",""
"304","ASIANENE","EQ",399,399,366.4,374.4,374.25,410,1033788,3880.2,"14-Aug-2026",25912,"",""
"305","ASIANHOTNR","EQ",305,305,292.45,301.65,301.9,297.5,5425,16.3,"14-Aug-2026",354,"",""
"306","ASIANPAINT","EQ",2751,2751,2690.3,2696.3,2696.3,2755.5,667311,18089.87,"14-Aug-2026",44421,"",""
"307","ASIANTILES","EQ",53.18,53.64,49.64,50.55,50.7,53.16,5423667,2788.83,"14-Aug-2026",14245,"",""
"308","ASKAUTOLTD","EQ",645.8,655,641.55,644.7,642.6,649.45,148256,960.12,"14-Aug-2026",7286,"",""
"309","ASMS","BE",7.24,7.24,6.95,7.05,7.02,7.03,127092,8.94,"14-Aug-2026",369,"",""
"310","ASPINWALL","EQ",239,242,236,236,236,237.81,346,0.82,"14-Aug-2026",23,"",""
"311","ASPIRE","SM",15.1,15.1,15.1,15.1,15.1,14.45,2000,0.3,"14-Aug-2026",1,"",""
"312","ASTAR","EQ",612.3,619.95,585,600.85,600.95,600.25,63,0.38,"14-Aug-2026",17,"",""
"313","ASTEC","EQ",599.05,610.2,590.3,593.95,592.4,602.05,25874,155.14,"14-Aug-2026",1776,"",""
"314","ASTERDM","EQ",824.25,834.3,819.25,822.35,824,824.3,616929,5083.84,"14-Aug-2026",22503,"",""
"315","ASTRAL","EQ",1592,1597,1552.2,1556.3,1556.3,1592,889819,13992.39,"14-Aug-2026",31620,"",""
"316","ASTRAMICRO","EQ",1701.1,1756,1701.1,1739.3,1741,1700.9,361917,6278.21,"14-Aug-2026",20624,"",""
"317","ASTRAZEN","EQ",7834.5,7889.5,7730,7753,7730,7792.5,5616,437,"14-Aug-2026",1720,"",""
"318","ASTRON","BZ",3.5,3.55,3.38,3.49,3.52,3.5,26003,0.91,"14-Aug-2026",58,"",""
"319","ATALREAL","EQ",36.19,36.7,35.8,36.13,36.2,35.98,13879589,5030.2,"14-Aug-2026",12099,"",""
"320","ATAM","EQ",54.8,59.95,54.53,59.03,58.95,54.35,78794,46.11,"14-Aug-2026",1277,"",""
"321","ATCENERGY","ST",24.45,24.45,24.45,24.45,24.45,24.9,1200,0.29,"14-Aug-2026",1,"",""
"322","ATGL","EQ",655.15,661.2,652.05,654.05,656.15,655.05,469323,3078.33,"14-Aug-2026",14241,"",""
"323","ATHERENERG","EQ",1530,1541,1501.9,1511.5,1516,1526.5,2250949,34204.5,"14-Aug-2026",71529,"",""
"324","ATL","EQ",23.79,23.95,23.22,23.7,23.78,23.64,158605,37.23,"14-Aug-2026",1432,"",""
"325","ATLANTAA","EQ",39.5,41,39.5,40.02,39.9,39.38,72825,29.33,"14-Aug-2026",1465,"",""
"326","ATLANTAELE","EQ",1680,1734,1660,1680.8,1676.9,1648.9,173984,2944.41,"14-Aug-2026",23290,"",""
"327","ATLASCYCLE","EQ",97.1,97.1,94.53,96.41,96.5,96.62,4117,3.95,"14-Aug-2026",81,"",""
"328","ATLPP","E1",9,9,8.61,8.61,8.61,9.02,556,0.05,"14-Aug-2026",3,"",""
"329","ATMASTCO","ST",153,153,149.05,151,151,155.5,9600,14.49,"14-Aug-2026",21,"",""
"330","ATUL","EQ",6891,6939,6712,6729,6724,6903,26831,1812.67,"14-Aug-2026",6371,"",""
"331","ATULAUTO","EQ",500,509.85,492.3,494.6,492.95,500.15,105062,523.8,"14-Aug-2026",3417,"",""
"332","AUBANK","EQ",1098,1098,1078.6,1081.9,1081.9,1098,1009455,10954.75,"14-Aug-2026",23248,"",""
"333","AURIONPRO","EQ",735,743,726.8,734,733,733.95,180111,1324.57,"14-Aug-2026",6425,"",""
"334","AUROPHARMA","EQ",1662.4,1670,1621.9,1622.1,1622.1,1663.4,824842,13493.92,"14-Aug-2026",34453,"",""
"335","AURUM","EQ",225.1,236.8,218.4,220.47,219,225.24,313585,709.61,"14-Aug-2026",7822,"",""
"336","AURUS","EQ",4.58,4.85,4.5,4.74,4.78,4.58,33812,1.58,"14-Aug-2026",392,"",""
"337","AUSL","SM",26.5,26.5,26.5,26.5,26.5,25.85,2000,0.53,"14-Aug-2026",1,"",""
"338","AUSOMENT","EQ",153.9,153.9,143,147.06,145.99,148.18,2604,3.82,"14-Aug-2026",103,"",""
"339","AUTOAXLES","EQ",1790,1813.1,1779.5,1783,1785,1782.4,3591,64.34,"14-Aug-2026",675,"",""
"340","AUTOBEES","EQ",304.75,304.75,301.55,302.93,303.2,304.22,154252,466.87,"14-Aug-2026",2535,"",""
"341","AUTOIETF","EQ",29.71,30.55,29.71,30.38,30.43,30.48,440608,133.6,"14-Aug-2026",1841,"",""
"342","AUTOIND","BE",98.27,98.27,98.27,98.27,98.27,103.44,14583,14.33,"14-Aug-2026",124,"",""
"343","AVADHSUGAR","EQ",637.2,661,634,653.15,658,637.2,118094,764.49,"14-Aug-2026",3961,"",""
"344","AVALON","EQ",1939.1,1960,1921.7,1940.8,1935,1930.4,177125,3440.08,"14-Aug-2026",14427,"",""
"345","AVANA","ST",144.9,144.9,144.9,144.9,144.9,145,2000,2.9,"14-Aug-2026",1,"",""
"346","AVANTEL","EQ",160.8,160.96,158.1,158.5,158.36,160.16,543971,866.29,"14-Aug-2026",6121,"",""
"347","AVANTIFEED","EQ",830,883.15,830,861.4,861.5,856.95,942470,8121.73,"14-Aug-2026",40508,"",""
"348","AVATAR","ST",230.25,231,230.2,231,231,230,36000,83.07,"14-Aug-2026",11,"",""
"349","AVG","BE",209.37,210,200.1,205,205,207.3,8717,17.98,"14-Aug-2026",119,"",""
"350","AVIANSH","SM",104.75,104.75,104.75,104.75,104.75,104.5,1000,1.05,"14-Aug-2026",1,"",""
"351","AVIENCE","SM",245.5,248,244.95,247.3,248,249.95,5400,13.28,"14-Aug-2026",9,"",""
"352","AVL","EQ",618.85,630.7,614.7,624.65,625,618.85,94353,590.23,"14-Aug-2026",5400,"",""
"353","AVONMORE","EQ",12.39,12.85,12,12.35,12.45,11.98,445591,55.9,"14-Aug-2026",1010,"",""
"354","AVPINFRA","SM",60.5,61.2,60,60,60,60.25,30400,18.48,"14-Aug-2026",23,"",""
"355","AVROIND","EQ",8.6,9,8.21,8.63,8.29,8.49,460843,39.82,"14-Aug-2026",992,"",""
"356","AVTNPL","EQ",71.99,82.86,69.9,81.25,81.14,71.31,2546303,2042.58,"14-Aug-2026",19743,"",""
"357","AWFIS","EQ",279,279.9,265.4,266.55,265.7,272,639661,1732.29,"14-Aug-2026",15686,"",""
"358","AWHCL","EQ",395,396.1,387.5,390.3,389.05,393.5,78530,306.63,"14-Aug-2026",3956,"",""
"359","AWL","EQ",192,193,190.3,192.16,192.5,192.11,3033920,5820.22,"14-Aug-2026",17955,"",""
"360","AXISBANK","EQ",1216,1218.7,1208.6,1217.4,1217.4,1221.8,5557745,67460.22,"14-Aug-2026",231929,"",""
"361","AXISCADES","EQ",1416.1,1521.1,1416.1,1484.8,1489,1529.4,578240,8475.27,"14-Aug-2026",32952,"",""
"362","AXITA","EQ",7.33,7.39,7.26,7.27,7.27,7.25,239632,17.49,"14-Aug-2026",1018,"",""
"363","AYE","EQ",176.96,176.96,171.2,172.82,172,175.56,263036,457.78,"14-Aug-2026",5800,"",""
"364","AYMSYNTEX","EQ",261.75,276.6,258,266.75,266.8,256.45,110188,295.97,"14-Aug-2026",3176,"",""
"365","AZAD","EQ",2665.1,2735,2652.1,2717.8,2722.8,2665.1,621810,16860.26,"14-Aug-2026",40406,"",""
"366","BABAFP","SM",24.5,24.5,21.05,22.2,22.2,24.5,6400,1.45,"14-Aug-2026",4,"",""
"367","BAFNAPH","BE",257.7,257.7,257.7,257.7,257.7,262.95,618,1.59,"14-Aug-2026",13,"",""
"368","BAGDIGITAL","SM",111.9,111.9,111.9,111.9,111.9,113,1600,1.79,"14-Aug-2026",1,"",""
"369","BAGFILMS","EQ",4.69,4.8,4.16,4.52,4.57,4.69,197755,8.85,"14-Aug-2026",624,"",""
"370","BAGMANE","RR",108.5,108.5,106.91,107.72,107.4,109.65,856958,923.75,"14-Aug-2026",11232,"",""
"371","BAHETI","SM",789,790,770,786,783,783.25,52500,411.77,"14-Aug-2026",46,"",""
"372","BAIDFIN","EQ",9.86,10.14,9.81,9.9,9.95,9.99,87692,8.69,"14-Aug-2026",344,"",""
"373","BAJAJ-AUTO","EQ",11698,11785,11665,11700,11700,11661,241415,28303.26,"14-Aug-2026",36088,"",""
"374","BAJAJCON","EQ",526,532.55,498,500.6,499,527.65,961969,4927.74,"14-Aug-2026",27812,"",""
"375","BAJAJELEC","EQ",356.6,366.75,353.5,362.4,362.9,356.6,328959,1194.64,"14-Aug-2026",9577,"",""
"376","BAJAJFINSV","EQ",2033.5,2033.6,2006.6,2008.3,2008.3,2025,956605,19341.16,"14-Aug-2026",52601,"",""
"377","BAJAJHCARE","EQ",333.8,334.95,326.55,329.25,329.35,331.35,48898,160.87,"14-Aug-2026",1737,"",""
"378","BAJAJHFL","EQ",84.5,84.57,84.05,84.33,84.4,84.37,1348710,1137.03,"14-Aug-2026",13364,"",""
"379","BAJAJHIND","EQ",17.52,17.85,17.2,17.3,17.38,17.67,6182405,1077.84,"14-Aug-2026",10694,"",""
"380","BAJAJHLDNG","EQ",11540,11541,11387,11475,11475,11500,31456,3600.4,"14-Aug-2026",10499,"",""
"381","BAJAJINDEF","EQ",218,221.39,215.5,217.15,217.1,218.27,18781,40.93,"14-Aug-2026",588,"",""
"382","BAJAJST","EQ",370.35,375.55,360.3,362.15,361.5,370.25,22523,82.32,"14-Aug-2026",1223,"",""
"383","BAJEL","EQ",195.4,195.4,187.15,188.35,187.15,194.15,136565,259.99,"14-Aug-2026",3377,"",""
"384","BAJFINANCE","EQ",1090.8,1098.5,1085.2,1087,1087,1090.8,4225781,46109.06,"14-Aug-2026",59559,"",""
"385","BALAJEE","EQ",27.2,28.29,27.2,27.71,27.53,27.76,31846,8.8,"14-Aug-2026",171,"",""
"386","BALAJIPHOS","SM",87.1,89,87,89,89,89.85,91000,80.88,"14-Aug-2026",22,"",""
"387","BALAJITELE","EQ",100.5,104.38,91.1,92.38,91.1,92.52,1505126,1445.33,"14-Aug-2026",13559,"",""
"388","BALAMINES","EQ",2096.1,2153,2075.1,2133.8,2132,2095.9,96197,2033.3,"14-Aug-2026",10529,"",""
"389","BALAXI","EQ",23.6,24.23,23.53,24,24.01,23.99,25968,6.22,"14-Aug-2026",123,"",""
"390","BALKRISHNA","EQ",17.41,18,17,17.54,17.05,17.41,7983,1.4,"14-Aug-2026",72,"",""
"391","BALKRISIND","EQ",2410,2423.2,2350.1,2363.6,2371.9,2410,359889,8504.31,"14-Aug-2026",30463,"",""
"392","BALMLAWRIE","EQ",173.5,174.48,172.15,173.43,173,173.5,66889,116.05,"14-Aug-2026",1550,"",""
"393","BALPHARMA","EQ",86.65,89.01,86.25,87.05,87.23,88.24,16232,14.16,"14-Aug-2026",443,"",""
"394","BALRAMCHIN","EQ",620.95,633.4,616.25,624.85,625,619.65,363038,2264.72,"14-Aug-2026",14913,"",""
"395","BALUFORGE","EQ",450,506.9,449.15,493.75,496,446.25,8980616,44303.61,"14-Aug-2026",154319,"",""
"396","BANARBEADS","EQ",115.38,115.38,112.49,112.51,112.49,112.89,1135,1.3,"14-Aug-2026",45,"",""
"397","BANARISUG","EQ",3475,3523.5,3450,3450,3450,3462.5,721,25.03,"14-Aug-2026",59,"",""
"398","BANCOINDIA","EQ",627,629.9,613.35,618.1,614,626.8,111264,691.34,"14-Aug-2026",5710,"",""
"399","BANDHANBNK","EQ",175.5,176.3,173.51,174.55,174.55,175.9,2509360,4383.05,"14-Aug-2026",15411,"",""
"400","BANG","EQ",30,30.5,28.24,28.57,28.52,30.2,30980,8.96,"14-Aug-2026",254,"",""
"401","BANK10ADD","EQ",16.82,17.05,16.82,16.95,16.98,16.9,18412,3.11,"14-Aug-2026",74,"",""
"402","BANK10BETF","EQ",20.78,21,20.67,21,21,20.78,511,0.11,"14-Aug-2026",8,"",""
"403","BANKA","EQ",82,83,79.5,81.44,83,81.97,1410,1.15,"14-Aug-2026",25,"",""
"404","BANKADD","EQ",59.02,59.23,58.87,59.09,59.23,59.06,33487,19.72,"14-Aug-2026",63,"",""
"405","BANKBARODA","EQ",248,250.79,247.5,248.22,248.22,248,7812221,19460.53,"14-Aug-2026",51381,"",""
"406","BANKBEES","EQ",592.01,598.63,592.01,596.37,596,597.97,309671,1847.89,"14-Aug-2026",5507,"",""
"407","BANKBETA","EQ",59.85,59.85,59.39,59.5,59.67,59.65,118986,70.86,"14-Aug-2026",371,"",""
"408","BANKBETF","EQ",58.65,58.75,58.33,58.54,58.64,58.65,2558,1.5,"14-Aug-2026",125,"",""
"409","BANKETF","EQ",602.92,602.92,585.61,587.02,586.5,588.22,4017,23.59,"14-Aug-2026",180,"",""
"410","BANKIETF","EQ",59.31,59.32,59.02,59.22,59.24,59.31,216747,128.36,"14-Aug-2026",1070,"",""
"411","BANKINDIA","EQ",145,145,143.11,144.1,144.1,144.87,3859204,5562.64,"14-Aug-2026",32706,"",""
"412","BANKNIFTY1","EQ",61.38,61.38,59.59,59.77,59.81,59.89,72250,43.17,"14-Aug-2026",662,"",""
"413","BANKPSU","EQ",88.39,88.59,87.92,87.99,88.06,88.59,6062,5.35,"14-Aug-2026",103,"",""
"414","BANSALWIRE","EQ",325.95,325.95,316.6,318.25,318.9,323.55,58785,187.92,"14-Aug-2026",3803,"",""
"415","BANSWRAS","EQ",121.04,123,112.06,116.03,117.49,120.22,124733,144.72,"14-Aug-2026",3078,"",""
"416","BARFLEX","SM",55.95,56.9,55.95,56.9,56.9,54.05,4000,2.26,"14-Aug-2026",2,"",""
"417","BASF","EQ",4144.9,4158.5,4050,4077.9,4050,4134.2,25080,1028.88,"14-Aug-2026",5511,"",""
"418","BASILIC","SM",198.3,203,198.3,200.95,201,201.95,4500,9.02,"14-Aug-2026",15,"",""
"419","BASML","BE",24.88,25.1,23.69,24.74,24.75,24.93,53417,13.01,"14-Aug-2026",158,"",""
"420","BATAINDIA","EQ",732.45,767.95,725.4,755.7,756,727.65,2120239,16024.03,"14-Aug-2026",64243,"",""
"421","BATLIBOI","EQ",88.45,90.4,87.25,89.56,89.97,88.23,34795,30.67,"14-Aug-2026",661,"",""
"422","BAWEJA","ST",24.35,25.4,23.5,23.5,23.5,24.3,8800,2.11,"14-Aug-2026",10,"",""
"423","BAYERCROP","EQ",4095,4115.6,4036.2,4045.8,4047,4085.4,21236,862.43,"14-Aug-2026",4161,"",""
"424","BBETF0432","EQ",1350.92,1360,1350.92,1355.15,1355.1,1355.89,7626,103.34,"14-Aug-2026",71,"",""
"425","BBL","EQ",2319.9,2319.9,2280.2,2284.8,2285.8,2306.4,24593,563.62,"14-Aug-2026",5403,"",""
"426","BBNPNBETF","EQ",58.4,58.98,57.76,57.89,58,58.11,1194,0.69,"14-Aug-2026",20,"",""
"427","BBNPPGOLD","EQ",146.35,146.9,144.8,146.2,146.9,147.05,2439,3.54,"14-Aug-2026",71,"",""
"428","BBOX","EQ",841,841,790,795.85,801,832.5,784114,6311.39,"14-Aug-2026",27167,"",""
"429","BBTC","EQ",1478.9,1491.4,1464.9,1468.2,1466,1471.8,23135,341.55,"14-Aug-2026",3662,"",""
"430","BBTCL","EQ",237,252.55,231.25,244.64,243.9,231.03,46603,112.58,"14-Aug-2026",1233,"",""
"431","BCG","EQ",9.69,10.08,9.61,9.93,9.92,9.67,8073215,795.22,"14-Aug-2026",6468,"",""
"432","BCLIND","EQ",36.45,36.94,35.52,35.63,35.58,36.55,515345,184.8,"14-Aug-2026",3069,"",""
"433","BCONCEPTS","EQ",164.3,171.83,157.55,159.02,160,164.3,36170,58.31,"14-Aug-2026",1668,"",""
"434","BCPL","EQ",68.05,77.2,68.05,72.84,73.19,68.69,44007,32.21,"14-Aug-2026",845,"",""
"435","BDL","EQ",1381.6,1419.8,1347.3,1398,1398,1375.5,8457532,117047.46,"14-Aug-2026",206116,"",""
"436","BEACON","SM",88,88,88,88,88,90,1000,0.88,"14-Aug-2026",1,"",""
"437","BEARDSELL","EQ",24.9,25.9,24.56,24.72,24.71,24.9,31806,7.92,"14-Aug-2026",208,"",""
"438","BECTORFOOD","EQ",238.22,245.5,237.17,240.37,240.45,240.25,1285215,3118.3,"14-Aug-2026",18267,"",""
"439","BEDMUTHA","EQ",114.5,115,111.01,113.63,112.9,115.62,2165,2.47,"14-Aug-2026",39,"",""
"440","BEEKAY","EQ",445.35,461.95,430,435.35,435.05,440.5,3085,13.61,"14-Aug-2026",184,"",""
"441","BEL","EQ",410.45,412.5,408.25,410.8,410.8,410.5,7388147,30315.51,"14-Aug-2026",64385,"",""
"442","BELLACASA","EQ",237.39,237.4,214.68,223.74,223.9,239.51,40771,90.89,"14-Aug-2026",1682,"",""
"443","BELRISE","EQ",254.39,261,251.17,255.35,257,254.42,5210897,13420.15,"14-Aug-2026",62686,"",""
"444","BEML","EQ",1915,1925.7,1869.1,1874.4,1871,1910.6,171580,3242.48,"14-Aug-2026",16787,"",""
"445","BENGALASM","EQ",6090.5,6237.5,6090.5,6210,6215,6216,126,7.82,"14-Aug-2026",46,"",""
"446","BEPL","EQ",122.6,124.19,121.7,123.7,123.71,122.3,742282,915,"14-Aug-2026",6562,"",""
"447","BERGEPAINT","EQ",547,561,543,545.1,544.4,546.35,891866,4948.43,"14-Aug-2026",24834,"",""
"448","BESTAGRO","EQ",19.48,19.48,18.53,18.87,18.8,18.93,860444,163.65,"14-Aug-2026",1832,"",""
"449","BETA","EQ",2600,2600,2473,2550.7,2541,2595.2,14886,377.89,"14-Aug-2026",2438,"",""
"450","BEWLTD","SM",52.45,52.45,51.1,51.75,51.6,51.3,3500,1.81,"14-Aug-2026",7,"",""
"451","BFINVEST","EQ",468.6,499,456.6,463.45,461,464,216730,1030.67,"14-Aug-2026",6970,"",""
"452","BFSI","EQ",28.02,28.02,27.25,27.3,27.31,27.34,124394,33.98,"14-Aug-2026",761,"",""
"453","BFUTILITIE","EQ",559.3,564,525,533.6,535.05,560.3,527106,2819.81,"14-Aug-2026",16499,"",""
"454","BGRENERGY","BE",256.05,262,256.05,257.45,259.95,258.95,30954,80.01,"14-Aug-2026",327,"",""
"455","BHADORA","ST",100,105.5,100,105.4,105.4,100.5,142800,145.67,"14-Aug-2026",34,"",""
"456","BHAGCHEM","EQ",277,292.35,275.1,289.85,289.5,276.2,74053,210.9,"14-Aug-2026",1490,"",""
"457","BHAGERIA","BE",202.98,204.9,194,199.25,199,200.36,30048,60.01,"14-Aug-2026",361,"",""
"458","BHAGYANGR","EQ",361.1,381,357.6,364.3,363.5,370.4,162486,593.32,"14-Aug-2026",3554,"",""
"459","BHANDARI","BE",2.92,2.96,2.82,2.86,2.86,2.91,144790,4.18,"14-Aug-2026",206,"",""
"460","BHARATCOAL","EQ",33.9,33.98,33.64,33.69,33.73,33.9,2039542,689.06,"14-Aug-2026",8806,"",""
"461","BHARATFORG","EQ",2088,2090.7,2052.6,2065,2065,2088,804954,16635.09,"14-Aug-2026",53050,"",""
"462","BHARATGEAR","BE",103,103.95,102.6,103.28,103.48,102.33,12965,13.37,"14-Aug-2026",119,"",""
"463","BHARATRAS","EQ",1330,1349,1298,1302.6,1300.5,1366.4,34607,453.1,"14-Aug-2026",3608,"",""
"464","BHARATSE","EQ",248.5,251.78,242.36,248.05,245.7,245.25,421271,1044.07,"14-Aug-2026",10591,"",""
"465","BHARATWIRE","EQ",191.93,191.93,185,188.01,188.95,190.59,106265,199.48,"14-Aug-2026",2602,"",""
"466","BHARTIARTL","EQ",1939.1,2005.8,1932,1992.1,1992.1,1939.1,12282580,244138.34,"14-Aug-2026",311440,"",""
"467","BHARTIHEXA","EQ",1558,1633.7,1553.1,1621.1,1622,1565.5,349991,5653.36,"14-Aug-2026",31915,"",""
"468","BHEL","EQ",419.95,430,416.55,421.7,421.7,420,11362612,48253.04,"14-Aug-2026",97797,"",""
"469","BI","EQ",69.94,76.81,68.5,76.81,76.81,64.01,121676,91.86,"14-Aug-2026",300,"",""
"470","BIGBLOC","EQ",46,46,44.62,44.95,45.14,45.37,47243,21.26,"14-Aug-2026",542,"",""
"471","BIKAJI","EQ",617.95,622,607.95,613.3,613.8,616.9,282263,1737.83,"14-Aug-2026",8937,"",""
"472","BIKEWO","ST",99.8,100.05,91.5,100.05,100.05,95.3,284000,279.08,"14-Aug-2026",112,"",""
"473","BIL","EQ",839.8,850,810,837.4,833.3,850,19545,163.68,"14-Aug-2026",1448,"",""
"474","BILVYAPAR","BE",4.1,4.29,4.1,4.14,4.14,4.1,5758,0.25,"14-Aug-2026",17,"",""
"475","BIMETAL","EQ",629.05,633,625,628.6,628,639.4,315,1.98,"14-Aug-2026",52,"",""
"476","BIOCON","EQ",418,420.8,413.15,417,417,420,3992844,16633.23,"14-Aug-2026",36429,"",""
"477","BIOFILCHEM","EQ",32,32.75,31.8,31.84,32.01,31.8,2776,0.89,"14-Aug-2026",74,"",""
"478","BIOPOL","SM",100,102.9,88,94.15,94.4,99.5,204000,190.53,"14-Aug-2026",145,"",""
"479","BIRET","RR",346.5,346.5,342,345.07,345.99,346.23,232066,799.88,"14-Aug-2026",8616,"",""
"480","BIRLACABLE","BE",297,304,287.85,288.44,287.85,302.99,238984,696.76,"14-Aug-2026",3134,"",""
"481","BIRLACORPN","EQ",898.5,908.7,896.65,904.9,903.1,902.05,25173,227.6,"14-Aug-2026",2302,"",""
"482","BIRLAMONEY","EQ",132.6,134,131,131.88,131.32,131.96,26744,35.36,"14-Aug-2026",563,"",""
"483","BIRLANU","EQ",1625,1673.6,1545.2,1555.2,1575,1635.5,23294,368.48,"14-Aug-2026",2928,"",""
"484","BIRLAPREC","EQ",39.35,39.35,35.3,35.92,36.33,37.52,60302,22.07,"14-Aug-2026",431,"",""
"485","BLACKBUCK","EQ",578.2,582.55,568.1,571.15,571,576.8,197304,1137.09,"14-Aug-2026",12661,"",""
"486","BLACKROSE","BE",100.5,106.89,100,104.81,103,103.29,25608,25.98,"14-Aug-2026",260,"",""
"487","BLAL","EQ",171.42,172.9,169.81,171.49,172.9,170.4,12013,20.49,"14-Aug-2026",294,"",""
"488","BLBLIMITED","EQ",16.45,16.59,15.75,15.96,16.02,16.07,81886,13.24,"14-Aug-2026",817,"",""
"489","BLIL","EQ",71.49,71.49,70.52,70.94,71,70.7,42420,30.09,"14-Aug-2026",616,"",""
"490","BLISSGVS","BE",522,530.8,496.1,519.25,520.95,514,390435,2029.25,"14-Aug-2026",5774,"",""
"491","BLKASHYAP","EQ",52,52.54,51.31,51.62,51.88,51.81,281200,145.39,"14-Aug-2026",1267,"",""
"492","BLS","EQ",269.32,279.11,268.55,278.12,277.9,270.67,3214940,8858.68,"14-Aug-2026",43768,"",""
"493","BLSE","EQ",314,317.7,309.55,314.25,314,315.3,842849,2640.01,"14-Aug-2026",8640,"",""
"494","BLUECHIP","EQ",1.81,1.81,1.81,1.81,1.81,1.78,32318,0.58,"14-Aug-2026",45,"",""
"495","BLUECOAST","BE",25.05,25.05,23.74,24.49,24.49,24.98,1345,0.32,"14-Aug-2026",22,"",""
"496","BLUEDART","EQ",5160,5280,5070,5141,5150,5101,22745,1171.21,"14-Aug-2026",4759,"",""
"497","BLUEJET","EQ",597.2,599.25,582.95,584.5,586.05,594.6,571595,3365.85,"14-Aug-2026",14030,"",""
"498","BLUEPEBBLE","SM",72.5,72.5,72.5,72.5,72.5,72.2,800,0.58,"14-Aug-2026",2,"",""
"499","BLUESTARCO","EQ",1514,1527.5,1497.1,1508,1508,1514,322229,4852.89,"14-Aug-2026",17484,"",""
"500","BLUESTONE","EQ",874.3,888.3,835,845.25,845,874.3,2362537,20444.27,"14-Aug-2026",47305,"",""
"501","BLUEWATER","ST",410,424,410,413.45,416.9,416.05,13000,53.72,"14-Aug-2026",13,"",""
"502","BLUSPRING","EQ",116.45,116.45,107.44,111.07,111.35,115.49,771500,851.43,"14-Aug-2026",8173,"",""
"503","BMLL","SM",148.45,149.9,144.05,144.35,144.05,146.8,12000,17.58,"14-Aug-2026",12,"",""
"504","BMWVENTLTD","EQ",57.98,58.08,56.31,57.29,57.54,57.68,55064,31.67,"14-Aug-2026",1057,"",""
"505","BNAGROCHEM","EQ",245.3,245.3,243.95,244.95,244.95,246,513,1.25,"14-Aug-2026",19,"",""
"506","BNALTD","BE",385.1,385.1,380,380,380,385.1,223,0.85,"14-Aug-2026",10,"",""
"507","BNKETFAXIS","EQ",595.1,595.34,592.03,595.34,595.34,595.17,22,0.13,"14-Aug-2026",12,"",""
"508","BODALCHEM","BE",68.39,69,67.05,68.48,68.2,67.67,58847,40.15,"14-Aug-2026",307,"",""
"509","BOHRAIND","EQ",14.55,15.55,14.55,14.84,15.39,14.63,2541,0.38,"14-Aug-2026",33,"",""
"510","BOMDYEING","EQ",116.2,116.45,114,114.4,114.47,115.58,278685,319.97,"14-Aug-2026",3340,"",""
"511","BONLON","EQ",43.9,43.9,40.66,42.44,42.96,40.99,3612,1.52,"14-Aug-2026",108,"",""
"512","BORANA","EQ",320,326.8,302.05,319.95,317.25,319,28797,90.74,"14-Aug-2026",1082,"",""
"513","BOROLTD","EQ",242.7,245.69,237.05,238.55,237.05,243.97,40301,97.01,"14-Aug-2026",1538,"",""
"514","BORORENEW","EQ",582.8,582.8,568.2,577.05,573.55,579,280169,1610.38,"14-Aug-2026",10192,"",""
"515","BOROSCI","EQ",135.44,136.79,133.5,133.92,133.5,135.44,26600,35.93,"14-Aug-2026",957,"",""
"516","BOSCH-HCIL","EQ",1677,1693,1640.1,1654.2,1655,1685.1,36479,606.11,"14-Aug-2026",3798,"",""
"517","BOSCHLTD","EQ",46810,47315,46480,47100,47100,46750,33575,15768.04,"14-Aug-2026",13850,"",""
"518","BPCL","EQ",314.85,319.45,314.05,319.45,319.45,315,8035947,25517.3,"14-Aug-2026",47336,"",""
"519","BPL","EQ",51.95,51.95,48.82,49.54,49.98,50.85,110780,55.03,"14-Aug-2026",1760,"",""
"520","BRANDMAN","SM",186.1,186.1,173.8,181.6,181.6,193.1,44800,80.65,"14-Aug-2026",51,"",""
"521","BRIGADE","EQ",593,605.9,585.1,591.55,585.25,589.65,448246,2661.85,"14-Aug-2026",19346,"",""
"522","BRIGHOTEL","EQ",59.22,59.99,58.8,59.66,59.62,59.22,59039,35.07,"14-Aug-2026",1464,"",""
"523","BRITANNIA","EQ",5614.5,5630,5550,5558,5558,5615,246713,13794.8,"14-Aug-2026",17352,"",""
"524","BRNL","EQ",17.51,17.98,17.31,17.42,17.49,17.66,17554,3.07,"14-Aug-2026",234,"",""
"525","BROOKS","BE",63.02,64.9,62.32,62.41,62.89,65.6,34218,21.63,"14-Aug-2026",203,"",""
"526","BSE","EQ",3501,3502,3435,3447,3447,3502.8,3018212,104389.55,"14-Aug-2026",149200,"",""
"527","BSE500IETF","EQ",40.32,40.32,39.8,40.01,39.81,39.96,71412,28.55,"14-Aug-2026",1115,"",""
"528","BSHSL","BE",91,91,87.3,88.95,88.95,91,21088,19.04,"14-Aug-2026",65,"",""
"529","BSL","EQ",122.08,123.49,122,122.45,122,122.08,2049,2.51,"14-Aug-2026",59,"",""
"530","BSLGOLDETF","EQ",132.76,133.26,131.85,133.19,133.26,133.66,163430,217.04,"14-Aug-2026",1868,"",""
"531","BSLNIFTY","EQ",29.35,29.35,28.3,28.66,28.78,28.64,763106,218.66,"14-Aug-2026",3223,"",""
"532","BSLSENETFG","EQ",76.58,79.5,76.58,78.14,78.65,78.55,1274,1,"14-Aug-2026",115,"",""
"533","BSOFT","EQ",316,320.4,311,312.05,312.8,313.55,561496,1760.03,"14-Aug-2026",15866,"",""
"534","BTML","EQ",8.8,8.97,8.3,8.82,8.81,8.9,1063014,91.67,"14-Aug-2026",893,"",""
"535","BTTL","BE",42.74,43.19,40.75,43,43,42.32,3076,1.3,"14-Aug-2026",45,"",""
"536","BUILDPRO","EQ",1287.4,1287.9,1245,1248.6,1248,1268.4,40023,504.94,"14-Aug-2026",3406,"",""
"537","BULKCORP","SM",65,65,65,65,65,63,2400,1.56,"14-Aug-2026",2,"",""
"538","BURNPUR","BE",18.32,18.32,18.32,18.32,18.32,19.28,4498,0.82,"14-Aug-2026",93,"",""
"539","BUTTERFLY","EQ",681.3,685.95,670.05,677.9,670.05,682.45,7693,52.23,"14-Aug-2026",757,"",""
"540","BVCL","EQ",41,41.39,40.57,40.98,41,40.92,4219,1.73,"14-Aug-2026",70,"",""
"541","BYKE","BE",31,31.45,31,31.2,31.42,30.99,14054,4.37,"14-Aug-2026",47,"",""
"542","C2C","SM",258.5,258.5,246,253.55,254.7,257.25,92400,234.04,"14-Aug-2026",413,"",""
"543","CALSOFT","BE",24.6,24.6,24.6,24.6,24.6,23.43,151900,37.37,"14-Aug-2026",160,"",""
"544","CAMLINFINE","EQ",108,109.64,101.15,103.76,103.99,106.46,2698158,2795.75,"14-Aug-2026",24601,"",""
"545","CAMPUS","EQ",220,220.29,217.95,218.4,218.81,219.95,205173,449.22,"14-Aug-2026",5068,"",""
"546","CAMS","EQ",776,776,761.3,762.25,762.25,773,880470,6735.8,"14-Aug-2026",43740,"",""
"547","CANARYS","SM",22.85,23.35,22.15,22.25,22.25,22.85,52000,11.84,"14-Aug-2026",11,"",""
"548","CANBK","EQ",131.8,131.8,127.77,131.25,131.25,131.8,10082358,13168.51,"14-Aug-2026",46710,"",""
"549","CANFINHOME","EQ",822,823.15,815.1,820.8,823.15,821.85,90795,743.43,"14-Aug-2026",7015,"",""
"550","CANHLIFE","EQ",150.31,150.47,148.23,148.71,149.2,150.23,187916,279.9,"14-Aug-2026",3164,"",""
"551","CANTABIL","EQ",231.29,242.9,229.68,237.78,236.42,229.55,415090,990.82,"14-Aug-2026",5602,"",""
"552","CAPACITE","EQ",209.54,215.4,208.96,214.53,214.68,209.54,374962,798.77,"14-Aug-2026",6579,"",""
"553","CAPILLARY","EQ",536.25,544.8,531,538.05,539,531.05,398221,2142.66,"14-Aug-2026",9349,"",""
"554","CAPINVIT","IV",76.64,76.98,76.5,76.81,76.85,76.44,267138,205.06,"14-Aug-2026",2211,"",""
"555","CAPITALSFB","EQ",291.5,293.7,283.05,285.7,285.9,291.65,35013,101.15,"14-Aug-2026",773,"",""
"556","CAPLIPOINT","EQ",2502.8,2519.7,2460.6,2480.5,2489,2499.7,56745,1410.82,"14-Aug-2026",9212,"",""
"557","CAPTRUST","BE",21.65,21.69,20.03,21.23,21.4,20.66,143923,30.97,"14-Aug-2026",376,"",""
"558","CARBORUNIV","EQ",1179.2,1179.2,1132.3,1151.6,1153.8,1184.6,227617,2613.92,"14-Aug-2026",17419,"",""
"559","CARERATING","EQ",1732,1732,1699.3,1717.4,1705,1728.3,18199,312.07,"14-Aug-2026",3558,"",""
"560","CARRARO","EQ",524.55,528.85,512.3,514.65,517,524.55,63299,329.65,"14-Aug-2026",4588,"",""
"561","CARTRADE","EQ",2760.1,2804.5,2726.6,2797.8,2793,2757,177887,4956.68,"14-Aug-2026",21772,"",""
"562","CARYSIL","EQ",1207.3,1258.9,1175.2,1179.8,1181,1207.3,263338,3199.94,"14-Aug-2026",19568,"",""
"563","CASHIETF","EQ",1075.47,1075.49,1075.47,1075.49,1075.49,1075.03,351821,3783.74,"14-Aug-2026",127,"",""
"564","CASTROLIND","EQ",187.39,188,186.52,186.82,187.03,187.42,1409953,2639.21,"14-Aug-2026",26673,"",""
"565","CBAZAAR","ST",5,5,5,5,5,5.25,8000,0.4,"14-Aug-2026",1,"",""
"566","CCAVENUE","EQ",15.65,15.72,15.3,15.43,15.4,15.64,8361344,1298.27,"14-Aug-2026",12234,"",""
"567","CCCL","EQ",15.2,16.35,15.16,16,15.95,15.09,438225,69.61,"14-Aug-2026",962,"",""
"568","CCHHL","EQ",12.41,12.59,12.17,12.23,12.2,12.41,25622,3.16,"14-Aug-2026",196,"",""
"569","CCL","EQ",1143,1143.8,1130.1,1133.4,1135.4,1143,50093,569.85,"14-Aug-2026",9076,"",""
"570","CDSL","EQ",1355,1358.3,1338.3,1344.4,1344.4,1350,482964,6497.31,"14-Aug-2026",23029,"",""
"571","CEATLTD","EQ",3696,3715.8,3663.1,3688.8,3690,3696.5,34048,1254.25,"14-Aug-2026",6634,"",""
"572","CEDAAR","ST",15.05,15.35,14.6,15.35,15.35,15.35,27000,4.01,"14-Aug-2026",18,"",""
"573","CEIGALL","EQ",320,325.2,315.1,318.4,318.1,317.05,115105,367.96,"14-Aug-2026",4947,"",""
"574","CEINSYS","EQ",806.9,831.9,775.65,817.7,818.95,795,133155,1077.68,"14-Aug-2026",8474,"",""
"575","CELEBRITY","EQ",6.95,6.99,6.73,6.77,6.75,6.9,16666,1.14,"14-Aug-2026",103,"",""
"576","CELLECOR","ST",31,31.25,30.2,31.1,31,30.2,81000,25,"14-Aug-2026",25,"",""
"577","CELLO","EQ",371.9,379.75,368.45,377.6,378,369.75,543154,2042.01,"14-Aug-2026",13966,"",""
"578","CELLPOINT","SM",16.75,16.75,16.7,16.7,16.7,16,3600,0.6,"14-Aug-2026",3,"",""
"579","CEMNTGROWW","EQ",15.36,15.36,14.78,15,15.1,14.7,208476,31.21,"14-Aug-2026",906,"",""
"580","CEMPRO","EQ",1243.2,1298.8,1243.2,1298.8,1298.8,1237,305460,3936.85,"14-Aug-2026",23591,"",""
"581","CENTENKA","EQ",582,585.45,566,569.15,570,581.9,50424,289.52,"14-Aug-2026",2316,"",""
"582","CENTEXT","EQ",22,22,19.8,21.29,21.2,21.72,593271,125.46,"14-Aug-2026",1160,"",""
"583","CENTRALBK","EQ",31.36,31.48,31.3,31.4,31.4,31.36,3453194,1083.92,"14-Aug-2026",12257,"",""
"584","CENTRUM","EQ",25.11,26.49,24.65,25.77,25.33,24.63,356039,90.18,"14-Aug-2026",963,"",""
"585","CENTUM","EQ",3700,3874,3512.5,3538.5,3565,3791,175313,6399.19,"14-Aug-2026",29658,"",""
"586","CENTURYPLY","EQ",763.7,767.4,754,756.55,759.5,763.7,28704,217.81,"14-Aug-2026",3163,"",""
"587","CERA","EQ",5950,5979,5757,5872,5850,5925.5,57050,3376.78,"14-Aug-2026",2182,"",""
"588","CEREBRAINT","BZ",2.63,2.67,2.55,2.57,2.58,2.63,79075,2.05,"14-Aug-2026",150,"",""
"589","CESC","EQ",166.74,172,165.6,167.83,167.7,164.83,5557236,9335.41,"14-Aug-2026",49197,"",""
"590","CEWATER","EQ",265,273.2,261,264.65,264.9,261.6,121649,322.9,"14-Aug-2026",4263,"",""
"591","CGCL","EQ",231,233.87,225.81,226.52,227,231.12,2235455,5104.94,"14-Aug-2026",16777,"",""
"592","CGPOWER","EQ",886.55,892.55,878.2,890.15,890.15,886.55,1539330,13664.69,"14-Aug-2026",25818,"",""
"593","CGRAPHICS","SM",145.05,147,145.05,147,147,146.6,3200,4.67,"14-Aug-2026",3,"",""
"594","CHALET","EQ",826,828,814.35,825.1,825,823.75,71318,587.06,"14-Aug-2026",18575,"",""
"595","CHAMBLFERT","EQ",442.5,444.8,441.35,442.7,441.5,443.3,204506,905.91,"14-Aug-2026",8171,"",""
"596","CHANDAN","SM",234.05,251.35,234.05,248,248,241.4,55200,135.61,"14-Aug-2026",65,"",""
"597","CHAVDA","SM",135.65,137.8,135.15,135.6,135.15,135.1,13000,17.7,"14-Aug-2026",13,"",""
"598","CHEMBOND","BE",179.95,180,171,178.85,178.85,180,2395,4.18,"14-Aug-2026",69,"",""
"599","CHEMBONDCH","BE",272.34,277.99,266.5,269.06,267,272.32,12873,34.93,"14-Aug-2026",223,"",""
"600","CHEMCON","BE",190,192.89,188.52,191.14,190,191.26,13896,26.44,"14-Aug-2026",180,"",""
"601","CHEMFAB","BE",376.9,379.45,371.65,375.8,376,376.95,1831,6.89,"14-Aug-2026",25,"",""
"602","CHEMICAL","EQ",31,31.02,30.69,30.8,30.8,30.97,816455,251.92,"14-Aug-2026",979,"",""
"603","CHEMPLASTS","EQ",182.26,188,179.56,184.1,184,180.39,288034,530.67,"14-Aug-2026",5750,"",""
"604","CHENNPETRO","EQ",1341.8,1368.8,1311,1321.9,1319.1,1341.8,755166,10067.32,"14-Aug-2026",24743,"",""
"605","CHETANA","ST",47.45,47.8,47,47.5,47.8,46.85,8000,3.8,"14-Aug-2026",5,"",""
"606","CHEVIOT","EQ",1165.2,1166,1148,1159,1161,1158.8,764,8.85,"14-Aug-2026",158,"",""
"607","CHOICEGOLD","EQ",150.44,150.61,146.6,150.04,150.25,150.44,8345,12.48,"14-Aug-2026",97,"",""
"608","CHOICEIN","EQ",813,816.5,803,804.35,806,810.25,359840,2908.11,"14-Aug-2026",7879,"",""
"609","CHOLAFIN","EQ",1900.1,1913.7,1885,1894.4,1894.4,1927.9,626875,11915.33,"14-Aug-2026",41462,"",""
"610","CHOLAHLDNG","EQ",1583.7,1642.7,1560.4,1597.2,1598,1584.7,730857,11748.09,"14-Aug-2026",53680,"",""
"611","CIEINDIA","EQ",410,412,406.6,407.75,408,408.6,180153,736.62,"14-Aug-2026",14127,"",""
"612","CIFL","EQ",22.22,22.28,20.95,21.17,21,21.5,146283,31.24,"14-Aug-2026",804,"",""
"613","CINELINE","EQ",90.1,90.79,89.2,89.79,89.89,89.18,5534,4.96,"14-Aug-2026",90,"",""
"614","CINEVISTA","EQ",15.25,15.25,14.7,14.72,14.73,14.82,819,0.12,"14-Aug-2026",40,"",""
"615","CIPLA","EQ",1457.5,1474.3,1449.2,1450,1450,1458.8,784917,11457.74,"14-Aug-2026",35522,"",""
"616","CITIUSINVT","IV",111,111.99,110.65,111.3,111.1,110.93,1174127,1303.3,"14-Aug-2026",660,"",""
"617","CKKRETAIL","SM",145.05,148,144.95,146.5,144.95,145.05,104800,152.31,"14-Aug-2026",13,"",""
"618","CLASSICEIL","SM",49,49,47.25,47.3,47.3,48.5,4800,2.3,"14-Aug-2026",3,"",""
"619","CLAYCRAFT","SM",164,165,160,161.6,161.55,164.15,16200,26.3,"14-Aug-2026",25,"",""
"620","CLCIND","BE",49.99,51,48.11,50.43,50.98,48.58,23324,11.88,"14-Aug-2026",44,"",""
"621","CLEAN","EQ",842,843.85,818.15,821.5,821,836.35,331921,2750.88,"14-Aug-2026",14470,"",""
"622","CLEANMAX","EQ",1247,1281.9,1240.1,1248.5,1244.5,1254.9,68805,865.25,"14-Aug-2026",7882,"",""
"623","CLEDUCATE","BE",59.11,60,56.88,58.85,58.85,59.87,22999,13.36,"14-Aug-2026",107,"",""
"624","CLSEL","EQ",280,282.3,270.3,278.45,278,281.25,44815,124.9,"14-Aug-2026",1224,"",""
"625","CLSL","ST",74.3,77,74.25,77,77,78.15,16000,11.97,"14-Aug-2026",8,"",""
"626","CMLL","EQ",550,550,520.25,526.85,520.3,544.4,351891,1881.79,"14-Aug-2026",7363,"",""
"627","CMNL","SM",106,109,106,107,107,106,72000,77.68,"14-Aug-2026",16,"",""
"628","CMPDI","EQ",240.9,242.72,236.45,237.25,237.49,240.92,584039,1394.89,"14-Aug-2026",10070,"",""
"629","CMRGREEN","EQ",218.49,219.31,212,213.57,213.16,218.44,614699,1320.29,"14-Aug-2026",9149,"",""
"630","CMSINFO","EQ",265.95,267.95,262,263.45,263,265.95,910556,2410.91,"14-Aug-2026",12583,"",""
"631","CNL","EQ",1232.1,1253.1,1206.1,1243,1250,1226,51192,630.91,"14-Aug-2026",5066,"",""
"632","COALINDIA","EQ",409.8,410.4,405.6,407.1,407.1,410.5,5000302,20366.26,"14-Aug-2026",85473,"",""
"633","COASTCORP","EQ",41.7,44.27,40.87,41.82,42.43,41.7,203473,86.13,"14-Aug-2026",2118,"",""
"634","COCHINSHIP","EQ",1509.1,1524.2,1485,1496.5,1496.5,1507,1027659,15403.75,"14-Aug-2026",31410,"",""
"635","COCKERILL","EQ",8624,9040,8222,8578.5,8549,10101.5,115890,9998.78,"14-Aug-2026",24997,"",""
"636","COFFEEDAY","BE",29.49,29.59,28.51,28.82,28.9,29.2,384023,110.97,"14-Aug-2026",1295,"",""
"637","COFORGE","EQ",1830,1836.4,1804.2,1812,1812,1829,1580043,28692.06,"14-Aug-2026",52702,"",""
"638","COHANCE","EQ",444.95,448.7,438.5,440.65,442,444.2,388718,1718.31,"14-Aug-2026",18258,"",""
"639","COLPAL","EQ",1985.5,1989.2,1971.3,1981,1981,1995.5,153432,3035.27,"14-Aug-2026",15668,"",""
"640","COMFINTE","EQ",6.57,6.77,6.5,6.63,6.69,6.61,189750,12.65,"14-Aug-2026",369,"",""
"641","COMMITTED","ST",344,348,344,348,348,337,33600,116.81,"14-Aug-2026",20,"",""
"642","COMMOIETF","EQ",100.52,100.68,99.7,100.06,100.53,100.34,21474,21.47,"14-Aug-2026",961,"",""
"643","COMPINFO","BZ",1.1,1.13,1.04,1.1,1.1,1.09,29034,0.31,"14-Aug-2026",31,"",""
"644","COMPUSOFT","EQ",13.2,13.4,13.02,13.09,13.09,13.19,22945,3.01,"14-Aug-2026",133,"",""
"645","COMSYN","EQ",289.99,290.39,278.1,288.33,287.9,282.66,398994,1138.44,"14-Aug-2026",4595,"",""
"646","CONCOR","EQ",535,543.7,527,527,527,533.65,2639193,14145.44,"14-Aug-2026",49981,"",""
"647","CONCORDBIO","EQ",1461.6,1461.6,1428,1451.3,1443.3,1454.5,115788,1674.75,"14-Aug-2026",12387,"",""
"648","CONFIPET","EQ",73.96,73.96,71.56,71.99,71.92,73.8,1331828,963.71,"14-Aug-2026",6676,"",""
"649","CONNPLEX","SM",200,206.9,199,205.75,206,199.25,30400,61.65,"14-Aug-2026",35,"",""
"650","CONS","EQ",12.5,12.6,12.46,12.55,12.47,12.5,20896,2.62,"14-Aug-2026",107,"",""
"651","CONSOFINVT","BE",272,276.9,270,270,270,272.05,2302,6.25,"14-Aug-2026",22,"",""
"652","CONSUMAXIS","EQ",124.99,125.44,124.81,125.44,125.44,124.88,310,0.39,"14-Aug-2026",18,"",""
"653","CONSUMBEES","EQ",135.25,135.66,134.85,135.52,135.64,135.07,51690,70,"14-Aug-2026",802,"",""
"654","CONSUMER","EQ",12.26,12.33,12.24,12.29,12.26,12.26,566449,69.62,"14-Aug-2026",365,"",""
"655","CONSUMIETF","EQ",126.21,126.25,125.44,126,125.44,125.37,15056,18.97,"14-Aug-2026",191,"",""
"656","CONTROLPR","EQ",570.45,590.95,566.8,584.65,585.8,572.05,28911,168.06,"14-Aug-2026",2525,"",""
"657","COOLCAPS","ST",19.5,20.8,19.15,20,20,20.05,32500,6.37,"14-Aug-2026",18,"",""
"658","CORALFINAC","EQ",33.73,34.34,32.16,33.06,33.35,33.18,378398,127.28,"14-Aug-2026",1621,"",""
"659","CORDELIA","EQ",844.8,845.95,833,837.85,840,841.15,45213,378.72,"14-Aug-2026",2615,"",""
"660","CORDSCABLE","BE",224.8,224.99,214.51,218.51,219,225.8,50368,110.04,"14-Aug-2026",457,"",""
"661","COROMANDEL","EQ",2088,2106,2075.1,2095.3,2095,2088.8,85771,1797.17,"14-Aug-2026",9828,"",""
"662","CORONA","EQ",2113.2,2180.9,2113.2,2137.1,2128,2113.2,41202,886.55,"14-Aug-2026",5489,"",""
"663","COSMOFIRST","EQ",919,950,917.05,938.35,940,913.3,153451,1439.67,"14-Aug-2026",8026,"",""
"664","COUNCODOS","BE",6.25,6.5,6.25,6.45,6.5,6.25,92456,5.87,"14-Aug-2026",137,"",""
"665","CPCAP","EQ",139.35,142,125,126.57,126.1,140.18,72907,99.16,"14-Aug-2026",1835,"",""
"666","CPEDU","EQ",208.29,211.79,203.5,204.84,203.7,208.29,11138,23.07,"14-Aug-2026",583,"",""
"667","CPL","EQ",69.95,70.65,68,68.36,68.74,69.95,146727,100.86,"14-Aug-2026",997,"",""
"668","CPPLUS","EQ",3575,3616.6,3519,3519,3519,3704.2,68933,2432.68,"14-Aug-2026",3407,"",""
"669","CPS","SM",990.1,1092,988,1066.45,1092,1040,1650,17.25,"14-Aug-2026",9,"",""
"670","CPSEETF","EQ",94.2,94.57,93.75,93.85,93.99,94.37,548323,515.06,"14-Aug-2026",6682,"",""
"671","CRAFTSMAN","EQ",10370,10474,10205,10251,10212,10380,16667,1721.31,"14-Aug-2026",5229,"",""
"672","CRAMC","EQ",256.1,258.9,255.7,256.2,257,256.1,126260,324.88,"14-Aug-2026",3751,"",""
"673","CREATIVEYE","EQ",6.08,6.4,6.08,6.2,6.2,6.08,11448,0.7,"14-Aug-2026",63,"",""
"674","CREDITACC","EQ",1540,1566.9,1537,1549.4,1550,1542.4,306423,4768.72,"14-Aug-2026",20575,"",""
"675","CREST","EQ",372,372,355.35,360.8,356.2,364.05,2082,7.54,"14-Aug-2026",148,"",""
"676","CRISIL","EQ",4447.6,4482.8,4428.2,4475.9,4480,4466.4,14615,651.18,"14-Aug-2026",3644,"",""
"677","CRIZAC","EQ",181,181.69,177.38,179.32,180,180.31,169851,304.45,"14-Aug-2026",3239,"",""
"678","CROMPTON","EQ",245.1,248.5,243.15,248.3,248.3,248.15,1750971,4303.98,"14-Aug-2026",27373,"",""
"679","CROWN","EQ",109.41,110,107.16,107.94,108.9,108.87,4161,4.51,"14-Aug-2026",80,"",""
"680","CSBBANK","EQ",323.75,324.55,319,319.8,319.5,323.75,197144,632.56,"14-Aug-2026",17850,"",""
"681","CSLFINANCE","EQ",220.98,222.95,214.56,219,216.6,217.67,16143,35.37,"14-Aug-2026",463,"",""
"682","CSM","EQ",100.94,102.48,100,100.71,100.45,100.2,219390,222.64,"14-Aug-2026",1365,"",""
"683","CSSL","SM",99.5,99.5,99.5,99.5,99.5,98.05,1000,1,"14-Aug-2026",1,"",""
"684","CTE","EQ",37.8,39.19,36.7,38.83,38.99,37.5,13900,5.35,"14-Aug-2026",89,"",""
"685","CUB","EQ",209.25,212,208.01,208.64,208.73,210.52,1351730,2836.54,"14-Aug-2026",37091,"",""
"686","CUBEINVIT","IV",159.19,159.7,158.61,159.19,159.22,159.19,1450587,2309.94,"14-Aug-2026",27560,"",""
"687","CUBEXTUB","EQ",82.6,83.75,81,82.6,83.3,82.6,62184,51.24,"14-Aug-2026",1881,"",""
"688","CUDML","ST",102.95,112.5,102.95,112,112,108.35,177000,183.9,"14-Aug-2026",96,"",""
"689","CUMMINSIND","EQ",5348,5426,5339.5,5400,5400,5315,415052,22386.95,"14-Aug-2026",40663,"",""
"690","CUPID","EQ",295,299,288.01,293.88,293,294.86,25656653,75525.59,"14-Aug-2026",212591,"",""
"691","CURAA","EQ",70.9,79.31,70.3,71.35,71.35,71.7,354,0.26,"14-Aug-2026",27,"",""
"692","CYBERMEDIA","BE",16.78,16.9,16.25,16.49,16.5,16.72,9624,1.6,"14-Aug-2026",26,"",""
"693","CYBERTECH","BE",136.2,137.89,132.5,133.94,133.25,135.54,8668,11.71,"14-Aug-2026",180,"",""
"694","CYIENT","EQ",875,883.85,862.15,867.05,868.9,879.65,209193,1820.58,"14-Aug-2026",14102,"",""
"695","CYIENTDLM","EQ",725.9,725.9,690,696.65,702,728.15,391201,2761.85,"14-Aug-2026",18031,"",""
"696","DABUR","EQ",408,410.45,405.25,405.25,405.25,410,1463543,5978.19,"14-Aug-2026",17087,"",""
"697","DAICHI","EQ",335,339.8,314,336.25,335.95,323.75,16340,53.8,"14-Aug-2026",336,"",""
"698","DALBHARAT","EQ",1843.7,1849,1822.3,1842,1842,1834.6,83214,1531.64,"14-Aug-2026",7260,"",""
"699","DALMIASUG","EQ",430.9,441.75,416.65,422.4,423.9,427.35,434147,1856.29,"14-Aug-2026",9899,"",""
"700","DAMCAPITAL","EQ",148,148.83,144.9,145.32,145.6,148.06,193149,282.03,"14-Aug-2026",2630,"",""
"701","DAMODARIND","BE",28,28.9,27.19,27.5,28.5,28.5,4759,1.33,"14-Aug-2026",41,"",""
"702","DANGEE","EQ",2.93,2.99,2.9,2.95,2.96,2.89,21904,0.65,"14-Aug-2026",103,"",""
"703","DANISH","SM",759.7,769,744.15,763.15,769,759.7,22350,169.19,"14-Aug-2026",98,"",""
"704","DATAMATICS","EQ",866,907,862.65,866.25,866,861.7,279870,2473.5,"14-Aug-2026",15968,"",""
"705","DATAPATTNS","EQ",4545,4623.3,4440,4455.8,4470,4529.3,444565,20071.81,"14-Aug-2026",42038,"",""
"706","DAVANGERE","EQ",3,3.03,2.99,3.01,3.02,2.98,2489864,74.83,"14-Aug-2026",1430,"",""
"707","DBCORP","EQ",212.88,212.88,210,211.48,212.15,210.9,68092,144.17,"14-Aug-2026",2058,"",""
"708","DBEIL","BE",7.23,7.28,7.1,7.11,7.1,7.11,74032,5.3,"14-Aug-2026",186,"",""
"709","DBL","EQ",414,420.3,411,412.35,413.45,413.9,139760,579.36,"14-Aug-2026",5504,"",""
"710","DBOL","EQ",119.99,122.8,118.05,119.8,119.7,117.76,331361,398.19,"14-Aug-2026",4647,"",""
"711","DBREALTY","EQ",112.98,114,111.5,111.91,112.62,112.89,312740,351.38,"14-Aug-2026",1704,"",""
"712","DBSTOCKBRO","BE",32.64,33.9,32.63,32.63,32.64,32.61,57055,18.64,"14-Aug-2026",34,"",""
"713","DCAL","EQ",199,200.97,188.31,190.66,192.5,198.5,231995,448.96,"14-Aug-2026",5235,"",""
"714","DCBBANK","EQ",186.23,187.77,181.49,182.04,182.05,187.1,1196744,2196.02,"14-Aug-2026",10308,"",""
"715","DCCL","SM",46,46.4,45.05,46.4,46.4,47,6000,2.75,"14-Aug-2026",3,"",""
"716","DCG","SM",52.15,54.95,52.15,54.95,54.95,53.6,4800,2.57,"14-Aug-2026",4,"",""
"717","DCI","EQ",369.05,385.2,362,365.1,362,366.35,22771,84.46,"14-Aug-2026",931,"",""
"718","DCM","BE",82,84.2,81.8,82.66,82.5,82.76,8000,6.62,"14-Aug-2026",50,"",""
"719","DCMFINSERV","EQ",5.83,5.83,5.05,5.31,5.34,5.39,47606,2.59,"14-Aug-2026",656,"",""
"720","DCMNVL","EQ",177.05,179.98,176.01,179.27,179.75,175.79,10075,17.98,"14-Aug-2026",160,"",""
"721","DCMSHRIRAM","EQ",1009,1030,1002.1,1024.7,1021.1,1010,81052,828.49,"14-Aug-2026",10733,"",""
"722","DCMSIL","BE",84,84.49,80.01,82.36,84.49,83.17,37414,30.58,"14-Aug-2026",168,"",""
"723","DCMSRIND","EQ",41.3,43.13,41.3,42.24,42.49,41.71,169375,71.89,"14-Aug-2026",1543,"",""
"724","DCW","EQ",45,45.15,43.7,44.05,44.1,46.11,2073365,913.1,"14-Aug-2026",8516,"",""
"725","DCXINDIA","EQ",171.59,177.5,170.5,176.19,175.4,170.8,733083,1277.64,"14-Aug-2026",12249,"",""
"726","DDEVPLSTIK","EQ",286.9,288.65,276,276.95,277,285.3,256177,717.36,"14-Aug-2026",4709,"",""
"727","DECCANCE","EQ",542.1,550.6,541.8,545.35,547.5,542.95,7200,39.22,"14-Aug-2026",315,"",""
"728","DECCANTRAN","SM",22,22,22,22,22,22,1200,0.26,"14-Aug-2026",1,"",""
"729","DECNGOLD","EQ",228,238.5,223.65,225.46,224.75,224.82,4248141,9775.02,"14-Aug-2026",43070,"",""
"730","DEEDEV","EQ",634,641.15,622,631.95,632.7,629.7,79097,500.15,"14-Aug-2026",4302,"",""
"731","DEEPAKFERT","EQ",1462,1505.9,1456,1496.4,1490,1456.5,547795,8165.25,"14-Aug-2026",21556,"",""
"732","DEEPAKNTR","EQ",1709.9,1749.9,1694,1723.2,1729,1701.8,234652,4050.71,"14-Aug-2026",14235,"",""
"733","DEEPINDS","EQ",670,681.3,661.25,668.7,671,665.9,180967,1211.18,"14-Aug-2026",7436,"",""
"734","DEFENCE","EQ",82.21,82.68,81.69,82.46,82.48,82.21,140285,115.41,"14-Aug-2026",693,"",""
"735","DELAPLEX","SM",91.35,91.9,89,90,90,89,10200,9.2,"14-Aug-2026",17,"",""
"736","DELHIVERY","EQ",466.95,469.6,459.7,459.7,459.7,467,1469446,6824.75,"14-Aug-2026",19795,"",""
"737","DELPHIFX","BE",6.8,6.8,6.42,6.66,6.7,6.69,50288,3.31,"14-Aug-2026",104,"",""
"738","DELTACORP","EQ",61.05,61.22,60.45,60.54,60.5,60.94,452173,274.61,"14-Aug-2026",3003,"",""
"739","DELTAMAGNT","EQ",57.47,59.9,57.47,58.5,59,58.64,4451,2.61,"14-Aug-2026",114,"",""
"740","DELTIC","SM",34.25,35.4,34.25,34.5,34.5,35.9,4000,1.39,"14-Aug-2026",4,"",""
"741","DEN","EQ",27.7,27.75,27.17,27.51,27.65,27.69,217501,59.77,"14-Aug-2026",1075,"",""
"742","DENEERS","SM",165,172,160.4,172,172,164.35,13200,22.13,"14-Aug-2026",20,"",""
"743","DENORA","EQ",845,857.85,837.5,839.8,838.15,847.3,873,7.38,"14-Aug-2026",229,"",""
"744","DENTA","EQ",311,318.7,293.3,295.75,297,316.9,414592,1253.67,"14-Aug-2026",10661,"",""
"745","DENTALKART","SM",387.7,408,387.7,407,408,388.05,10500,41.61,"14-Aug-2026",38,"",""
"746","DEVIT","EQ",26.35,27.8,25.88,26.09,25.97,26.88,82509,21.73,"14-Aug-2026",678,"",""
"747","DEVX","EQ",34.15,34.15,32.75,32.85,32.76,33.67,144691,47.99,"14-Aug-2026",639,"",""
"748","DEVYANI","EQ",138.5,145,138.25,143.76,144,138.51,10735853,15412.14,"14-Aug-2026",63261,"",""
"749","DGCONTENT","EQ",24.85,25.48,24.35,24.57,24.57,24.85,48640,12.03,"14-Aug-2026",84,"",""
"750","DHAMPURSUG","EQ",161.99,168.63,160.1,160.93,160.95,161.73,575804,946.51,"14-Aug-2026",9935,"",""
"751","DHANBANK","EQ",32.4,32.5,32.17,32.34,32.23,32.26,463383,149.89,"14-Aug-2026",1479,"",""
"752","DHANLAXMI","SM",25.5,25.5,25.5,25.5,25.5,25.5,2000,0.51,"14-Aug-2026",1,"",""
"753","DHANSA","SM",21.5,21.5,20.1,20.1,20.1,20.5,8000,1.69,"14-Aug-2026",4,"",""
"754","DHANUKA","EQ",1010.1,1015.9,1005,1009.7,1012,1013.5,15110,152.62,"14-Aug-2026",1877,"",""
"755","DHARAN","BZ",0.17,0.17,0.16,0.16,0.17,0.16,11337112,18.53,"14-Aug-2026",1526,"",""
"756","DHARARAIL","ST",140,142,138,141.3,142,140,9000,12.59,"14-Aug-2026",9,"",""
"757","DHARIWAL","SM",18.25,19,18.25,18.25,18.25,20.25,1065000,194.43,"14-Aug-2026",182,"",""
"758","DHARMAJ","EQ",273.05,277.2,268.4,270.15,272.4,275,25569,69.34,"14-Aug-2026",1800,"",""
"759","DHRUV","EQ",24.5,24.79,23,23.97,23.96,23.63,10308,2.5,"14-Aug-2026",72,"",""
"760","DHTL","SM",32.5,33.15,32.5,33.15,33.15,31.6,83200,27.18,"14-Aug-2026",10,"",""
"761","DHUNINV","EQ",1060,1084.8,1045,1063.5,1046.9,1042.6,4490,47.82,"14-Aug-2026",458,"",""
"762","DIACABS","BE",368,372.9,354.05,368.5,368.9,367.5,1892463,6874.88,"14-Aug-2026",15171,"",""
"763","DIAMINESQ","EQ",240,252,238.04,242.06,241.11,240.04,5585,13.66,"14-Aug-2026",189,"",""
"764","DIAMONDYD","EQ",1187.8,1195,1167.1,1191.4,1186.2,1184.2,19266,228.24,"14-Aug-2026",1113,"",""
"765","DICIND","EQ",569.1,589,558,569.25,570.25,575.5,30634,175.21,"14-Aug-2026",1085,"",""
"766","DIFFNKG","EQ",391.15,405,388.15,391.95,393.8,391.15,193638,770.96,"14-Aug-2026",7707,"",""
"767","DIGIDRIVE","EQ",17.9,17.9,17,17.3,17.49,17.44,5922,1.02,"14-Aug-2026",156,"",""
"768","DIGIKORE","SM",39.85,43.5,37,41.8,41.8,40.15,130000,51.57,"14-Aug-2026",139,"",""
"769","DIGISPICE","EQ",17.31,17.95,17,17.06,17.12,17.59,72379,12.39,"14-Aug-2026",543,"",""
"770","DIGITIDE","EQ",102.06,103,99.75,100.09,100.22,103.55,318380,320.22,"14-Aug-2026",4446,"",""
"771","DIGJAMLMTD","EQ",49.48,51,47.37,50.38,49.65,48.49,20735,10.37,"14-Aug-2026",154,"",""
"772","DISAQ","EQ",11730,11737,11399,11661,11640,11597,788,91.35,"14-Aug-2026",302,"",""
"773","DISHTV","EQ",2.82,2.85,2.8,2.82,2.83,2.8,768098,21.67,"14-Aug-2026",921,"",""
"774","DIVGIITTS","EQ",1229.9,1318.8,1219.35,1301.05,1298,1219.75,598493,7675.28,"14-Aug-2026",40637,"",""
"775","DIVIDEND","EQ",36.26,36.26,35.84,35.97,35.96,36.26,10542,3.79,"14-Aug-2026",111,"",""
"776","DIVINEHIRA","ST",108,110,104.2,110,110,106.9,21600,23.26,"14-Aug-2026",17,"",""
"777","DIVISLAB","EQ",8499.5,8574.5,8465.5,8477,8477,8500,340336,29010.35,"14-Aug-2026",35860,"",""
"778","DIVOPPBEES","EQ",79.01,79.72,78.65,78.97,79.09,79.07,18943,14.94,"14-Aug-2026",635,"",""
"779","DIVYADHAN","ST",48,48,48,48,48,48.1,2000,0.96,"14-Aug-2026",1,"",""
"780","DIXON","EQ",14009,14209,13999,14130,14130,14035,206105,29110.9,"14-Aug-2026",34125,"",""
"781","DJML","EQ",115,115,101.2,106.78,104.7,104.69,476551,517.63,"14-Aug-2026",5410,"",""
"782","DLF","EQ",664,669.85,659.6,665,665,664,1527565,10168.68,"14-Aug-2026",31802,"",""
"783","DLINKINDIA","EQ",418.8,427.15,416.1,420.45,421,418.8,104316,439.82,"14-Aug-2026",3961,"",""
"784","DMART","EQ",4074.8,4098.9,4038,4060,4060,4070,357867,14546.54,"14-Aug-2026",30801,"",""
"785","DMCC","EQ",301.5,305.5,291.25,294.15,292.3,300.5,51685,152.77,"14-Aug-2026",1442,"",""
"786","DNAMEDIA","EQ",2.76,2.76,2.62,2.62,2.63,2.71,18927,0.5,"14-Aug-2026",85,"",""
"787","DODLA","EQ",1109.8,1134.7,1099.3,1109.4,1105,1109.8,47158,526.57,"14-Aug-2026",6683,"",""
"788","DOLATALGO","EQ",69.53,71,68.84,69.4,69.37,70.35,67191,46.77,"14-Aug-2026",790,"",""
"789","DOLLAR","EQ",272,280.2,271.1,273.5,273.45,271.75,113741,313.27,"14-Aug-2026",3008,"",""
"790","DOLLEX","SM",31.45,33,31.35,32.15,31.75,32.05,184000,57.92,"14-Aug-2026",11,"",""
"791","DOLPHIN","EQ",487,515,475.3,508.1,515,484.9,56783,284.26,"14-Aug-2026",2893,"",""
"792","DOMS","EQ",2230.5,2242.9,2202.3,2215.9,2210,2234.6,19246,427.98,"14-Aug-2026",3401,"",""
"793","DONEAR","EQ",85.1,94.1,84.16,87.28,87.5,85.06,84772,75.01,"14-Aug-2026",1012,"",""
"794","DPABHUSHAN","EQ",1366.9,1437,1340,1429.3,1435,1365.1,35766,496.36,"14-Aug-2026",3258,"",""
"795","DPEL","SM",570,574.95,555,569.4,572,567.35,47500,268.63,"14-Aug-2026",85,"",""
"796","DPSCLTD","BE",7.36,7.44,7.2,7.32,7.31,7.36,62112,4.54,"14-Aug-2026",330,"",""
"797","DPWIRES","BE",167,167.99,160.2,162.39,162,165.11,9513,15.49,"14-Aug-2026",186,"",""
"798","DRAGARWQ","EQ",5420.5,5427.5,5250,5403,5427.5,5418,1343,71.9,"14-Aug-2026",302,"",""
"799","DRCSYSTEMS","EQ",12.94,12.98,12.66,12.79,12.89,12.82,19607,2.51,"14-Aug-2026",222,"",""
"800","DREAMFOLKS","EQ",65.2,67.5,65.2,66.71,66.5,68.42,78829,52.49,"14-Aug-2026",1339,"",""
"801","DREDGECORP","EQ",1069.7,1190,1058.2,1166.4,1176,1064.4,1436038,16649.42,"14-Aug-2026",64102,"",""
"802","DRONE","SM",39.25,39.25,38,38.45,38.35,38.55,12000,4.62,"14-Aug-2026",23,"",""
"803","DRREDDY","EQ",1205.9,1205.9,1192.4,1200,1200,1206,2136998,25617.7,"14-Aug-2026",50919,"",""
"804","DSFCL","BE",25,25.49,25,25.25,25.25,25.14,22456,5.63,"14-Aug-2026",58,"",""
"805","DSKULKARNI","BE",13.3,13.3,13.3,13.3,13.3,12.67,98,0.01,"14-Aug-2026",3,"",""
"806","DSSL","EQ",1199.1,1230,1196.4,1196.4,1196.4,1259.3,54624,654.37,"14-Aug-2026",1762,"",""
"807","DTIL","EQ",138.4,138.4,134.32,135.52,135,133.96,3333,4.56,"14-Aug-2026",133,"",""
"808","DUCOL","SM",107,107,100,101.05,100,106.7,21600,22.14,"14-Aug-2026",24,"",""
"809","DUCON","EQ",3.02,3.17,3.02,3.09,3.1,3.01,188269,5.77,"14-Aug-2026",466,"",""
"810","DUGLOBAL","SM",27,27,24,25,25,25,70000,17.5,"14-Aug-2026",10,"",""
"811","DURLAX","SM",61,72,59.45,67.95,67,60,682000,454.61,"14-Aug-2026",262,"",""
"812","DVL","EQ",279,279,266.04,266.99,267.31,273.54,19218,51.95,"14-Aug-2026",912,"",""
"813","DWARKESH","EQ",42.85,44.48,42.71,42.95,42.95,42.82,1215110,529.07,"14-Aug-2026",5487,"",""
"814","DYCL","EQ",455,472.95,447.1,450.2,448.65,455.35,614949,2816.18,"14-Aug-2026",16457,"",""
"815","DYNAMATECH","EQ",10846,11300,10612,11188,11225,10810,25144,2776.72,"14-Aug-2026",9020,"",""
"816","DYNAMIC","ST",131,136,131,136,136,134.1,7500,10.06,"14-Aug-2026",15,"",""
"817","DYNPRO","EQ",236.35,236.75,229.1,231.85,231.65,237.3,15097,35.01,"14-Aug-2026",624,"",""
"818","E2E","BE",641.05,666.75,636,666.75,666.75,635,1171587,7728.16,"14-Aug-2026",16185,"",""
"819","E2ERAIL","ST",257.9,266.55,257.9,266.55,266.55,253.9,34400,90.7,"14-Aug-2026",41,"",""
"820","EASEMYTRIP","EQ",6.25,6.44,6.19,6.4,6.43,6.19,20584423,1301.42,"14-Aug-2026",10206,"",""
"821","EASTSILK","BE",59.56,59.56,59.56,59.56,59.56,62.69,310,0.18,"14-Aug-2026",7,"",""
"822","EBANK10","EQ",16.94,16.94,16.8,16.86,16.86,16.86,270,0.05,"14-Aug-2026",9,"",""
"823","EBANKNIFTY","EQ",58.04,58.25,58.04,58.22,58.22,58.33,119,0.07,"14-Aug-2026",16,"",""
"824","EBBETF0430","EQ",1619,1619,1611,1613.9,1613.3,1615.2,4518,72.94,"14-Aug-2026",267,"",""
"825","EBBETF0431","EQ",1444,1444,1441.2,1442.32,1443,1443.01,5099,73.55,"14-Aug-2026",71,"",""
"826","EBBETF0433","EQ",1318.29,1322.74,1316.03,1316.79,1317,1317.74,8149,107.32,"14-Aug-2026",118,"",""
"827","EBGNG","EQ",572,579.5,560.85,565.2,568,572.55,181918,1033.19,"14-Aug-2026",8031,"",""
"828","ECAPINSURE","EQ",23.93,23.93,23.65,23.76,23.78,23.82,25274,6,"14-Aug-2026",223,"",""
"829","ECLERX","EQ",1879,1925.4,1862.1,1897,1898.1,1869.4,179772,3416.16,"14-Aug-2026",16942,"",""
"830","ECOLINE","ST",190,193.9,182.3,186.65,193.9,190,5000,9.37,"14-Aug-2026",5,"",""
"831","ECOSMOBLTY","BE",115.06,123,113.51,120.26,119.8,119.48,180593,209.33,"14-Aug-2026",1542,"",""
"832","EDELWEISS","EQ",125,126,121.55,121.98,122,124.88,2099538,2590.97,"14-Aug-2026",19641,"",""
"833","EEPL","SM",149.75,149.75,137.15,140.1,137.15,149.75,34000,48.24,"14-Aug-2026",31,"",""
"834","EFACTOR","SM",195.05,200,195.05,196.5,196.5,195.05,4000,7.83,"14-Aug-2026",5,"",""
"835","EFCIL","EQ",177.25,182.08,177.25,179.92,179.99,178.55,293333,527.47,"14-Aug-2026",4663,"",""
"836","EFFWA","ST",371,371,361,361,361,361,4400,16.12,"14-Aug-2026",11,"",""
"837","EFORCE","SM",21.15,22.3,21,21,21,21,16800,3.65,"14-Aug-2026",13,"",""
"838","EGOLD","EQ",151.4,151.4,149.8,151.2,150.85,151.85,57533,86.79,"14-Aug-2026",580,"",""
"839","EICHERMOT","EQ",8100,8143,8030,8066.5,8066.5,8100,297145,24101.44,"14-Aug-2026",38007,"",""
"840","EIDPARRY","EQ",782.65,801.3,772.65,775.2,775.45,780.3,419179,3299.57,"14-Aug-2026",19241,"",""
"841","EIEL","EQ",203,204.12,195.67,196.73,197.5,203.08,895050,1778.7,"14-Aug-2026",14368,"",""
"842","EIFFL","BE",284.95,288,269.2,274.7,275.95,283.35,11180,30.82,"14-Aug-2026",126,"",""
"843","EIHAHOTELS","EQ",298.95,301.4,293.6,299.25,300,298.95,10893,32.42,"14-Aug-2026",771,"",""
"844","EIHOTEL","EQ",298.8,302.05,298.3,300.35,300.25,300.65,144245,433.39,"14-Aug-2026",6555,"",""
"845","EIMCOELECO","EQ",1910,2019.9,1900,2005.5,2018,1893.9,179460,3545.85,"14-Aug-2026",15435,"",""
"846","EKC","EQ",113.9,113.9,108.5,110.41,110.6,116.45,557041,616.52,"14-Aug-2026",6671,"",""
"847","ELANTAS","EQ",11499,12320,11351,11807.5,11830,11519,5875,705.29,"14-Aug-2026",2262,"",""
"848","ELCIDIN","EQ",110350,112115,108815,110390,112035,110350,19,21.07,"14-Aug-2026",19,"",""
"849","ELDEHSG","EQ",769.7,778.95,756,759.3,756,766.7,1819,13.87,"14-Aug-2026",84,"",""
"850","ELECON","EQ",440.6,445.2,425.2,432.35,429.9,443.3,406869,1773.59,"14-Aug-2026",10916,"",""
"851","ELECTCAST","EQ",72.79,73.1,70.46,70.74,70.75,72.85,864467,615.09,"14-Aug-2026",9346,"",""
"852","ELECTHERM","EQ",1012.2,1028.6,995,1003.5,1024.9,1011.5,8897,89.87,"14-Aug-2026",639,"",""
"853","ELGIEQUIP","EQ",590,619,585,609.5,609,576.55,6010479,36539.43,"14-Aug-2026",140914,"",""
"854","ELGIRUBCO","EQ",59,60.05,56.3,58.33,60.05,59.17,65656,38.08,"14-Aug-2026",1767,"",""
"855","ELGNZ","SM",89.55,89.65,86,86.05,86,90.45,38000,33.12,"14-Aug-2026",20,"",""
"856","ELIN","EQ",100.32,106,97.55,101.55,102,99.59,1012733,1045.04,"14-Aug-2026",9801,"",""
"857","ELIQUID","EQ",1043.81,1043.83,1043.81,1043.82,1043.82,1043.4,14208,148.3,"14-Aug-2026",16,"",""
"858","ELITECON","EQ",16.92,17.35,16.76,17.17,17.35,16.91,561983,95.75,"14-Aug-2026",2724,"",""
"859","ELLEN","EQ",340.05,343.95,330,332.6,332.75,337,690288,2314.24,"14-Aug-2026",15583,"",""
"860","ELM250","EQ",17.05,17.19,16.82,16.91,16.92,17.04,50221,8.51,"14-Aug-2026",213,"",""
"861","ELMDIV","EQ",36.99,37.35,36.75,36.87,36.89,36.96,2669,0.99,"14-Aug-2026",31,"",""
"862","ELPROINTL","EQ",174.02,175.62,174.02,174.85,175,174.73,6400,11.18,"14-Aug-2026",127,"",""
"863","EMAMILTD","EQ",401.95,407.4,401.15,403.3,403,402.4,288917,1165.79,"14-Aug-2026",12419,"",""
"864","EMAMIPAP","BE",111.99,111.99,108.56,109.16,109.1,110.91,27550,30.26,"14-Aug-2026",283,"",""
"865","EMAMIREAL","EQ",75.39,76.3,74.37,75.27,75,74.81,10815,8.21,"14-Aug-2026",168,"",""
"866","EMAPARTNER","SM",79.1,79.1,79.1,79.1,79.1,79,1000,0.79,"14-Aug-2026",1,"",""
"867","EMBASSY","RR",449.01,453.25,447.5,452.61,453.25,449.01,1020183,4596.51,"14-Aug-2026",20057,"",""
"868","EMBDL","EQ",62.1,62.4,61.5,61.62,61.78,62.28,965314,597.94,"14-Aug-2026",5291,"",""
"869","EMCURE","EQ",2009.6,2012,1925,1932.3,1928,2009.6,132011,2579.15,"14-Aug-2026",13250,"",""
"870","EMETAL","EQ",13.19,13.28,12.85,12.96,12.92,13.06,8984,1.16,"14-Aug-2026",72,"",""
"871","EMIL","EQ",191.78,194.5,186.1,189.44,189.05,191.78,3872427,7362.72,"14-Aug-2026",27912,"",""
"872","EMKAY","EQ",238.11,242.5,234.49,237.11,239,240.85,22111,52.19,"14-Aug-2026",972,"",""
"873","EMKAYTOOLS","SM",93,93,92,92.95,93,90,1950,1.81,"14-Aug-2026",8,"",""
"874","EMMBI","BE",85.85,86.5,84,85.72,85.01,85.35,5668,4.84,"14-Aug-2026",50,"",""
"875","EMMIL","SM",122,125.4,120.3,125,125,122,9000,11.23,"14-Aug-2026",21,"",""
"876","EMMVEE","EQ",322,323,317,321.5,321.5,323.65,1100704,3520.06,"14-Aug-2026",26128,"",""
"877","EMPOWER","BE",2.09,2.09,2.09,2.09,2.09,2.19,2760023,57.68,"14-Aug-2026",1176,"",""
"878","EMSLIMITED","EQ",375.65,376.55,359.05,362.7,362,369.15,214118,781.1,"14-Aug-2026",6957,"",""
"879","EMUDHRA","EQ",532.15,532.15,516.1,518.8,522.25,529.5,48785,255.1,"14-Aug-2026",3153,"",""
"880","EMULTIMQ","EQ",42.38,42.38,42.03,42.29,42.29,42.17,30176,12.71,"14-Aug-2026",109,"",""
"881","ENCOMPAS","SM",245,245,234.4,235.9,239,246,4000,9.52,"14-Aug-2026",10,"",""
"882","ENDURANCE","EQ",2920,2985.5,2878,2899,2904.7,2975.3,204866,5950.26,"14-Aug-2026",33146,"",""
"883","ENERGY","EQ",39.01,39.01,38.7,38.78,38.83,38.83,120297,46.69,"14-Aug-2026",763,"",""
"884","ENERGYDEV","EQ",16.58,17.7,16.26,16.85,16.94,16.42,49668,8.4,"14-Aug-2026",711,"",""
"885","ENEXT50","EQ",75,75,73.37,73.92,75,73.01,1332,0.99,"14-Aug-2026",30,"",""
"886","ENFUSE","SM",166,166,165,165.05,165.15,169,3000,4.96,"14-Aug-2026",5,"",""
"887","ENGINERSIN","EQ",245.5,253.4,241.3,243.68,243.3,240.58,7323273,18056.74,"14-Aug-2026",68573,"",""
"888","ENIFTY","EQ",24.61,24.64,24.48,24.63,24.63,24.62,2081,0.51,"14-Aug-2026",35,"",""
"889","ENIL","EQ",102.93,102.93,100.6,101.01,101,101.09,33401,33.73,"14-Aug-2026",336,"",""
"890","ENRIN","EQ",3561.1,3619,3522.8,3536.3,3532,3561.2,190991,6788.39,"14-Aug-2026",20283,"",""
"891","ENSER","SM",14,14.3,14,14.3,14.3,14.2,10000,1.42,"14-Aug-2026",2,"",""
"892","ENTERO","EQ",1456.8,1462,1411.7,1416.6,1422,1448,66873,958.25,"14-Aug-2026",7128,"",""
"893","ENVIRO","SM",75,76.95,74,74.45,74.45,74.35,9000,6.76,"14-Aug-2026",9,"",""
"894","EPACK","EQ",219.2,221.96,214.1,215.47,214.9,219.17,218167,473.95,"14-Aug-2026",3452,"",""
"895","EPACKPEB","EQ",239.95,239.95,225.6,229.7,230.4,238.55,1122008,2584.95,"14-Aug-2026",14218,"",""
"896","EPIGRAL","EQ",1124.7,1124.7,1091,1098.4,1097,1116.6,88349,971.02,"14-Aug-2026",3485,"",""
"897","EPL","EQ",247.8,252.5,243,244.6,243.5,247.24,1971775,4896.67,"14-Aug-2026",33068,"",""
"898","EPWINDIA","ST",219,219,211,215,215,218.5,13200,28.45,"14-Aug-2026",10,"",""
"899","EQUAL200","EQ",14.07,14.08,14.02,14.05,14.05,14.07,25510,3.59,"14-Aug-2026",53,"",""
"900","EQUAL50","EQ",337.69,338.15,337,337,337,338,2658,8.97,"14-Aug-2026",23,"",""
"901","EQUAL50ADD","EQ",347.91,349.75,347.71,349.22,349.75,347.9,10120,35.3,"14-Aug-2026",220,"",""
"902","EQUIPPP","BE",21.1,21.69,20.61,21.5,21.5,21,10515,2.26,"14-Aug-2026",26,"",""
"903","EQUITASBNK","EQ",76,76.01,74.26,74.52,74.55,75.95,1914335,1434.09,"14-Aug-2026",16331,"",""
"904","ERIS","EQ",1381,1381,1356.2,1358.5,1361.4,1380.3,39198,533.96,"14-Aug-2026",10246,"",""
"905","ESABINDIA","EQ",6222,6471,6179.5,6232,6224,6222.5,26609,1682.66,"14-Aug-2026",7069,"",""
"906","ESAFSFB","BE",40.35,40.6,37.76,38.62,39.15,39.67,706588,276.63,"14-Aug-2026",1691,"",""
"907","ESCONET","SM",213.3,213.3,206,213.3,213.3,193.95,130000,276.81,"14-Aug-2026",192,"",""
"908","ESCORTS","EQ",3080,3119,3080,3113.7,3111,3093.4,33698,1047.66,"14-Aug-2026",5238,"",""
"909","ESENSEX","EQ",81.73,81.73,78.35,78.75,78.54,80.13,6701,5.27,"14-Aug-2026",58,"",""
"910","ESFL","SM",133.8,135,130,134,134.5,133.35,21240,28.21,"14-Aug-2026",50,"",""
"911","ESG","EQ",41.97,42.09,41.9,42.06,42.05,41.97,15714,6.6,"14-Aug-2026",63,"",""
"912","ESILVER","EQ",235.57,235.57,227.58,231.22,231.54,230.95,19930,45.74,"14-Aug-2026",1223,"",""
"913","ESPRIT","SM",68,68,68,68,68,67,3200,2.18,"14-Aug-2026",1,"",""
"914","ESSARSHPNG","EQ",19.48,19.94,17.24,17.49,17.49,19.56,1168596,210.82,"14-Aug-2026",4541,"",""
"915","ESSENTIA","EQ",1.52,1.52,1.38,1.38,1.38,1.45,21721251,317.18,"14-Aug-2026",2146,"",""
"916","ESTER","EQ",102.15,104,100,101.02,101.9,101.66,291340,297.15,"14-Aug-2026",3531,"",""
"917","ETERNAL","EQ",317.8,325,316.8,318.5,318.5,318,30147388,96722.38,"14-Aug-2026",128717,"",""
"918","ETHOSLTD","EQ",2870,2870,2732.3,2747.4,2736.2,2808.6,14010,389.65,"14-Aug-2026",3249,"",""
"919","ETML","SM",83.75,83.75,83.75,83.75,83.75,83.75,1200,1.01,"14-Aug-2026",1,"",""
"920","EUREKAFORB","EQ",444.8,446.2,429.55,442.75,441.45,443.2,248786,1087.21,"14-Aug-2026",11992,"",""
"921","EUROBOND","EQ",168.3,168.3,157.5,158.44,159.55,165.25,10950,17.55,"14-Aug-2026",328,"",""
"922","EUROPRATIK","EQ",285.35,290,282,287.4,283.85,283.05,109371,310.26,"14-Aug-2026",3261,"",""
"923","EUROTEXIND","BE",13.4,13.92,13.4,13.92,13.92,13.65,209,0.03,"14-Aug-2026",4,"",""
"924","EVEREADY","EQ",359.45,362,351.55,356.5,356.7,357.2,42703,151.86,"14-Aug-2026",1163,"",""
"925","EVERESTIND","BE",471.8,471.8,455.25,456.65,455.25,463.85,5609,25.89,"14-Aug-2026",126,"",""
"926","EVIETF","EQ",34.42,34.42,34.08,34.12,34.15,34.27,264133,90.21,"14-Aug-2026",792,"",""
"927","EVINDIA","EQ",34.46,34.46,34.1,34.16,34.14,34.24,154187,52.7,"14-Aug-2026",1671,"",""
"928","EXCELINDUS","EQ",1035,1035,974.35,1013.65,1024.8,1039.35,34333,342.39,"14-Aug-2026",1945,"",""
"929","EXCELSOFT","EQ",75,75.07,73.6,73.96,73.81,74.72,296236,220.03,"14-Aug-2026",2834,"",""
"930","EXICOM","EQ",151.25,153.27,148.51,151.79,151.4,151.29,718365,1087.25,"14-Aug-2026",8676,"",""
"931","EXIDEIND","EQ",484.5,486.9,475.2,476.1,475.8,485.5,1563140,7478.26,"14-Aug-2026",38637,"",""
"932","EXIMROUTES","SM",108,108,107.1,107.1,107.1,107.25,4800,5.18,"14-Aug-2026",5,"",""
"933","EXPLEOSOL","EQ",821.5,837,808,815.95,815.95,821.25,22113,181.06,"14-Aug-2026",1186,"",""
"934","EXXARO","EQ",6.29,6.29,6.12,6.19,6.15,6.19,61847,3.83,"14-Aug-2026",225,"",""
"935","FABTECH","EQ",147,149.83,143.61,147.77,147,146.92,90677,133.89,"14-Aug-2026",1431,"",""
"936","FACT","EQ",819.9,831.6,794.55,807.7,805.2,818.95,385151,3123.33,"14-Aug-2026",14135,"",""
"937","FAIRCHEMOR","BE",701.4,701.5,701.4,701.4,701.4,715.7,15290,107.25,"14-Aug-2026",120,"",""
"938","FALCONTECH","SM",12.15,12.35,12.15,12.35,12.35,12.15,3600,0.44,"14-Aug-2026",3,"",""
"939","FAZE3Q","EQ",494.75,510,482.35,487.35,487.9,489.65,61021,300.84,"14-Aug-2026",2123,"",""
"940","FCL","EQ",41.66,43.5,41.66,43.36,43.5,41.66,9160593,3933.32,"14-Aug-2026",20135,"",""
"941","FCSSOFT","EQ",1.41,1.52,1.39,1.49,1.52,1.41,5045957,73.78,"14-Aug-2026",1619,"",""
"942","FDC","EQ",359.55,362.85,352.85,354.2,355.9,358.75,110958,395.53,"14-Aug-2026",7130,"",""
"943","FEDDERSHOL","EQ",41,42.5,40.16,42.18,42.5,41.13,196967,82.05,"14-Aug-2026",1997,"",""
"944","FEDERALBNK","EQ",352,354.6,351.05,351.3,351.3,352.45,2420967,8539.45,"14-Aug-2026",30766,"",""
"945","FEDFINA","EQ",152.1,153.96,150.5,150.87,151.45,152.21,554779,843.5,"14-Aug-2026",8100,"",""
"946","FEL","BZ",0.4,0.4,0.39,0.39,0.4,0.39,157741,0.63,"14-Aug-2026",114,"",""
"947","FELDVR","BZ",2.25,2.36,2.25,2.36,2.36,2.25,922,0.02,"14-Aug-2026",8,"",""
"948","FELIX","SM",190,193.5,186,190.6,189,189.85,37500,71.21,"14-Aug-2026",71,"",""
"949","FERMENTA","EQ",467,467,442,450.05,450,460.05,153117,689.22,"14-Aug-2026",5623,"",""
"950","FIBERWEB","EQ",30,30,28.9,29.02,29,29.62,9861,2.9,"14-Aug-2026",110,"",""
"951","FIDEL","SM",135.9,135.9,135.9,135.9,135.9,135.95,1000,1.36,"14-Aug-2026",1,"",""
"952","FIEMIND","EQ",2419.5,2439.9,2321,2350.4,2349,2412.3,269801,6346.87,"14-Aug-2026",27991,"",""
"953","FILATEX","EQ",81.71,83.39,81,81.39,81,82.29,1406935,1154.92,"14-Aug-2026",9256,"",""
"954","FILATFASH","EQ",0.18,0.19,0.18,0.18,0.19,0.18,15687091,29.17,"14-Aug-2026",1687,"",""
"955","FINBUD","SM",140.05,142.45,139.5,139.5,139.5,144,10000,14,"14-Aug-2026",10,"",""
"956","FINCABLES","EQ",1249.3,1283.95,1231.65,1246.85,1251.95,1249.3,1271289,15982.65,"14-Aug-2026",52199,"",""
"957","FINEORG","EQ",5166,5311.8,5126.7,5143.8,5160.3,5159.6,26767,1396.37,"14-Aug-2026",7687,"",""
"958","FINIETF","EQ",33.62,33.62,33.2,33.27,33.3,33.5,251280,83.76,"14-Aug-2026",1285,"",""
"959","FINKURVE","EQ",63.7,75.39,62.19,72.74,73.98,62.83,812183,587.27,"14-Aug-2026",3114,"",""
"960","FINOPB","EQ",158,158,149,150.24,149.46,163.7,1323230,2013.32,"14-Aug-2026",16632,"",""
"961","FINPIPE","EQ",162.5,162.87,158.84,159.24,159.6,161.91,345404,553.11,"14-Aug-2026",12716,"",""
"962","FIRSTCRY","EQ",220,222.5,204.75,206.09,205.9,214.14,4052569,8616.33,"14-Aug-2026",52039,"",""
"963","FISCHER","EQ",38.95,39.74,38.16,38.64,39,38.79,438494,169.93,"14-Aug-2026",2773,"",""
"964","FIVESTAR","EQ",544,552.95,535.1,550.2,546.25,545.2,336043,1828.55,"14-Aug-2026",13296,"",""
"965","FLAIR","EQ",256.3,256.3,251,253.9,254.95,254.75,51300,129.83,"14-Aug-2026",1317,"",""
"966","FLEXIADD","EQ",10.3,10.6,10.25,10.33,10.37,10.36,56842,5.87,"14-Aug-2026",294,"",""
"967","FLEXITUFF","BE",3.26,3.26,3.15,3.19,3.17,3.27,31307,1.01,"14-Aug-2026",98,"",""
"968","FLFL","BZ",1.21,1.24,1.17,1.2,1.2,1.21,66220,0.78,"14-Aug-2026",87,"",""
"969","FLUOROCHEM","EQ",4752.4,4898,4713.5,4737.8,4740,4714.7,476419,22998.59,"14-Aug-2026",53510,"",""
"970","FLYSBS","SM",452.5,455.6,440.1,441.45,441.55,453.45,244200,1085.43,"14-Aug-2026",378,"",""
"971","FMCGADD","EQ",48.92,49.15,48.81,48.89,49.15,49.16,2827,1.38,"14-Aug-2026",47,"",""
"972","FMCGIETF","EQ",52.66,52.66,52.26,52.36,52.44,52.43,2050319,1073.64,"14-Aug-2026",2486,"",""
"973","FMGOETZE","EQ",472,478.4,452.65,457.25,460,471.85,68948,319.77,"14-Aug-2026",2742,"",""
"974","FMNL","BE",9.5,9.5,9.02,9.18,9.4,9.29,2450,0.23,"14-Aug-2026",33,"",""
"975","FOCUS","BE",67.6,67.6,65.05,66.44,66.9,67.58,19503,12.89,"14-Aug-2026",165,"",""
"976","FONEBOX","SM",100.5,100.5,96.5,98.5,96.5,101.4,3000,2.98,"14-Aug-2026",3,"",""
"977","FOODSIN","EQ",53.05,58.8,53.05,57.21,57,53.94,259035,147.53,"14-Aug-2026",1799,"",""
"978","FORCAS","ST",199.95,202.95,191,202.85,202.95,194,19200,38.3,"14-Aug-2026",10,"",""
"979","FORCEMOT","EQ",18539,18666,18318,18361,18361,18525,48067,8846.33,"14-Aug-2026",12539,"",""
"980","FORTIS","EQ",905.9,929,897.6,929,929,906.15,1535625,14040.81,"14-Aug-2026",70988,"",""
"981","FOSECOIND","EQ",5900,5900,5405,5655,5697.5,5537.5,41929,2382.46,"14-Aug-2026",7059,"",""
"982","FRACTAL","EQ",809,838,784.35,834.35,836,810.75,509055,4138.2,"14-Aug-2026",19207,"",""
"983","FRESHARA","ST",351.8,360,345.3,355.15,356,353.4,10200,36.17,"14-Aug-2026",16,"",""
"984","FROG","ST",215.5,215.5,215,215.5,215.5,215.5,6800,14.65,"14-Aug-2026",12,"",""
"985","FRONTSP","EQ",1330,1338.2,1302.2,1330.3,1331.5,1312.9,34616,457.44,"14-Aug-2026",4402,"",""
"986","FSL","EQ",273.65,273.65,266.1,267.1,266.8,272.2,793587,2131.45,"14-Aug-2026",24586,"",""
"987","FUSION","EQ",205.25,206.56,194.5,198.55,199,204.6,1055366,2089.71,"14-Aug-2026",15676,"",""
"988","FWSTC","SM",195.5,198,195.5,197.75,197.75,197,12000,23.74,"14-Aug-2026",4,"",""
"989","GABRIEL","EQ",1440,1471.2,1440,1459,1454.8,1447.9,117649,1717.85,"14-Aug-2026",10147,"",""
"990","GAEL","EQ",170.02,174.95,168.1,172.81,172.51,170.18,1307854,2255.87,"14-Aug-2026",20281,"",""
"991","GAIL","EQ",175.4,175.4,173.45,174.9,174.9,175.9,4645490,8084.19,"14-Aug-2026",70864,"",""
"992","GALAPREC","EQ",1020,1027.8,995,1000.6,1001,1024.5,19775,198.68,"14-Aug-2026",2023,"",""
"993","GALAXYSURF","EQ",2412.5,2508.4,2391.2,2508.4,2508.4,2090.4,632628,15818.02,"14-Aug-2026",10014,"",""
"994","GALLANTT","EQ",581.25,590,574.05,582.05,586,573.45,80082,465.54,"14-Aug-2026",7990,"",""
"995","GANDHAR","EQ",243.03,247.66,241,245.57,244.68,244.75,807585,1974.99,"14-Aug-2026",10250,"",""
"996","GANDHITUBE","EQ",882.65,894,875.9,882.85,886,882.65,7689,68.27,"14-Aug-2026",453,"",""
"997","GANECOS","EQ",1064,1069.1,1028,1060.6,1063,1088.5,108518,1144.93,"14-Aug-2026",8125,"",""
"998","GANESHBE","BE",112,118.2,111.61,117.65,118,113.53,104144,121.45,"14-Aug-2026",446,"",""
"999","GANESHCP","EQ",160.94,166.1,159.1,160.54,160,162.43,239392,387.72,"14-Aug-2026",4175,"",""
"1000","GANESHHOU","EQ",823.35,845,818.55,835.6,845,816.8,63983,529.85,"14-Aug-2026",3739,"",""
"1001","GANESHIN","ST",114.5,114.5,110.5,110.55,110.5,111.3,31200,34.81,"14-Aug-2026",26,"",""
"1002","GANGABATH","SM",22.5,22.75,21.55,22.45,22.45,22.05,36000,8.01,"14-Aug-2026",11,"",""
"1003","GANGAFORGE","EQ",2.62,2.63,2.62,2.62,2.63,2.51,40584666,1066.31,"14-Aug-2026",10654,"",""
"1004","GANGESSECU","EQ",116.61,119.75,116.45,118.51,116.45,116.22,266,0.31,"14-Aug-2026",11,"",""
"1005","GARFIBRES","EQ",750.5,767.95,748.7,755.5,752.1,752.15,35907,271.56,"14-Aug-2026",5578,"",""
"1006","GARUDA","EQ",185.5,188.66,180.01,183.04,184,183.61,600750,1103.34,"14-Aug-2026",9743,"",""
"1007","GATECH","BE",0.77,0.77,0.76,0.76,0.77,0.74,22553287,173.48,"14-Aug-2026",6862,"",""
"1008","GATECHDVR","BE",0.48,0.5,0.47,0.49,0.49,0.49,514051,2.48,"14-Aug-2026",197,"",""
"1009","GATEWAY","EQ",55,55.25,54.8,54.86,54.85,55.02,587311,322.47,"14-Aug-2026",2842,"",""
"1010","GAUDIUMIVF","BE",123.23,123.23,123.23,123.23,123.23,125.74,42002,51.76,"14-Aug-2026",327,"",""
"1011","GAYAHWS","EQ",1.99,1.99,1.8,1.89,1.9,1.97,189418,3.61,"14-Aug-2026",506,"",""
"1012","GAYAPROJ","BE",21.16,21.16,21.16,21.16,21.16,20.16,589925,124.83,"14-Aug-2026",209,"",""
"1013","GCHOTELS","ST",94.6,94.6,91.65,93.05,93.4,95.35,22200,20.66,"14-Aug-2026",33,"",""
"1014","GCSL","EQ",517.7,523.95,507.05,517.75,518.55,515.95,665465,3438.42,"14-Aug-2026",6207,"",""
"1015","GEECEE","BE",375,380,370.05,371.6,371.05,374.9,1093,4.07,"14-Aug-2026",28,"",""
"1016","GEEKAYWIRE","EQ",23.45,23.45,22.53,22.6,22.91,23.08,117362,26.75,"14-Aug-2026",1506,"",""
"1017","GEMAROMA","EQ",163.27,172,163.27,167.2,166.35,174.9,304141,511.1,"14-Aug-2026",3566,"",""
"1018","GENCON","EQ",39.11,39.95,38.5,39.61,39.4,39.34,248025,98.36,"14-Aug-2026",1465,"",""
"1019","GENESYS","EQ",209.45,211.3,173.65,181.15,185.95,211.3,1572472,2970.39,"14-Aug-2026",25148,"",""
"1020","GENESYS-RE","BE",141,141,114,119.15,130,161.3,1288813,1588.58,"14-Aug-2026",4774,"",""
"1021","GENSOL","BZ",16.66,16.95,16.5,16.62,16.7,16.66,33415,5.58,"14-Aug-2026",470,"",""
"1022","GENUSPAPER","EQ",11.34,11.64,10.95,11.09,11,11.42,146933,16.36,"14-Aug-2026",513,"",""
"1023","GENUSPOWER","EQ",303.8,317,302.55,309.1,308.7,306.55,2241462,6984.32,"14-Aug-2026",32689,"",""
"1024","GENXAI","SM",78,79.7,78,79,79,78.05,9600,7.58,"14-Aug-2026",8,"",""
"1025","GEOJITFSL","EQ",81.45,81.45,78.78,80.37,80.38,79.9,407474,325.85,"14-Aug-2026",5800,"",""
"1026","GESHIP","EQ",1309,1310,1274.1,1284.5,1283,1298.8,517405,6645.9,"14-Aug-2026",40175,"",""
"1027","GFLLIMITED","EQ",52,52,49.53,50.79,50.3,51.3,76677,39.43,"14-Aug-2026",2458,"",""
"1028","GGBL","SM",235,235,223,232.1,233.95,237.2,69300,158.76,"14-Aug-2026",200,"",""
"1029","GHCL","EQ",431.45,433.7,427.1,429,429.75,431.1,130816,560.29,"14-Aug-2026",5733,"",""
"1030","GHCLTEXTIL","EQ",122.49,122.49,116.41,118.15,117.5,121.26,492714,582.15,"14-Aug-2026",5489,"",""
"1031","GICHSGFIN","EQ",139.62,142,139.35,141.08,140.79,139.62,103500,145.32,"14-Aug-2026",1190,"",""
"1032","GICL","EQ",22.79,23.7,22.2,23.05,23.15,22.79,411359,93.87,"14-Aug-2026",638,"",""
"1033","GICRE","EQ",348.2,353.15,347.05,352.1,352.3,348.2,705812,2471.25,"14-Aug-2026",16103,"",""
"1034","GILLANDERS","EQ",89,90.43,89,89,89,88.37,429,0.38,"14-Aug-2026",10,"",""
"1035","GILLETTE","EQ",7600,7669.5,7585,7600,7600,7595.5,9908,755.01,"14-Aug-2026",2611,"",""
"1036","GILT10BETA","EQ",27,27.04,26.6,27.03,27,26.92,761,0.21,"14-Aug-2026",17,"",""
"1037","GILT5BETA","EQ",66.92,66.92,66.87,66.87,66.87,66.92,10,0.01,"14-Aug-2026",4,"",""
"1038","GILT5YBEES","EQ",67.37,67.37,66.37,66.53,66.56,66.41,175108,116.42,"14-Aug-2026",286,"",""
"1039","GINNIFILA","BE",43,45.22,43,45.03,45.2,43.07,42593,18.94,"14-Aug-2026",142,"",""
"1040","GIPCL","EQ",175.8,176.9,173.4,175.77,175.63,175.97,461050,807.94,"14-Aug-2026",4843,"",""
"1041","GIRIRAJ","SM",65.55,65.55,65.55,65.55,65.55,62.45,1500,0.98,"14-Aug-2026",6,"",""
"1042","GJL","ST",210,230,209.95,229.35,230,221,11200,24.81,"14-Aug-2026",13,"",""
"1043","GKENERGY","EQ",129.4,130.4,127.3,127.64,128,128.39,307466,394.16,"14-Aug-2026",5732,"",""
"1044","GKSL","EQ",136.18,139,134.42,136.43,136.7,136.18,138973,190.09,"14-Aug-2026",1857,"",""
"1045","GKWLIMITED","EQ",1640,1640,1600,1609.1,1600,1636.4,332,5.37,"14-Aug-2026",54,"",""
"1046","GLAND","EQ",2950.4,3039.8,2946.6,2970.2,2969.9,2967.6,789574,23580.98,"14-Aug-2026",69622,"",""
"1047","GLAXO","EQ",2667,2697,2648,2688.8,2681.1,2667.7,94952,2543.21,"14-Aug-2026",9197,"",""
"1048","GLENMARK","EQ",2320,2341.6,2307.2,2318.4,2318.4,2320,629081,14616.75,"14-Aug-2026",24546,"",""
"1049","GLFL","EQ",5.83,5.83,5.57,5.6,5.83,5.85,1401,0.08,"14-Aug-2026",18,"",""
"1050","GLOBAL","EQ",103,107,101.65,106.42,105,102.48,118916,124.33,"14-Aug-2026",1008,"",""
"1051","GLOBALE","EQ",11,11.33,10.46,10.74,10.7,10.8,4110,0.45,"14-Aug-2026",36,"",""
"1052","GLOBALVECT","EQ",155.9,156.33,149.51,150.53,150.35,153.16,7788,11.81,"14-Aug-2026",362,"",""
"1053","GLOBE","EQ",2.05,2.05,1.99,1.99,2.01,2.03,400289,8.03,"14-Aug-2026",201,"",""
"1054","GLOBECIVIL","EQ",44.39,45.45,43.1,44.41,45.4,44.31,269022,119.75,"14-Aug-2026",492,"",""
"1055","GLOBUSSPR","EQ",874.65,883.35,869,871.05,870,874.65,35526,310.84,"14-Aug-2026",2672,"",""
"1056","GLOSTERLTD","EQ",649.05,667.5,634.1,634.65,634.1,649.05,1324,8.48,"14-Aug-2026",147,"",""
"1057","GLOTTIS","BE",64.73,66,62.82,65.02,65.3,64.73,31020,20.17,"14-Aug-2026",199,"",""
"1058","GMBREW","EQ",892.65,899.95,892,894.75,892.25,896.55,11904,106.48,"14-Aug-2026",1079,"",""
"1059","GMDCLTD","EQ",591,596,578.5,580.8,579.9,593.25,906062,5297.82,"14-Aug-2026",29770,"",""
"1060","GML","SM",19.65,19.85,19.1,19.8,19.8,18.95,52000,10.28,"14-Aug-2026",19,"",""
"1061","GMMPFAUDLR","EQ",1015,1053.8,997.05,1048.25,1039,1012.9,334486,3455.35,"14-Aug-2026",16623,"",""
"1062","GMRAIRPORT","EQ",103.07,103.47,101.51,101.51,101.51,103,8232504,8422.11,"14-Aug-2026",29700,"",""
"1063","GMRP&UI","EQ",99.4,99.5,96.5,97.07,97,99.43,930492,910.35,"14-Aug-2026",13838,"",""
"1064","GNA","EQ",540,549.3,538,542.7,544,538.65,283067,1540.55,"14-Aug-2026",6591,"",""
"1065","GNFC","EQ",550.1,570,549.35,568.95,569,550.4,908144,5124.09,"14-Aug-2026",25265,"",""
"1066","GNRL","EQ",114.5,115.1,110.5,111.34,110.5,114.45,108093,121.15,"14-Aug-2026",1493,"",""
"1067","GOACARBON","EQ",369,369.9,359,362.55,363.7,367.5,13807,50.2,"14-Aug-2026",963,"",""
"1068","GOCLCORP","EQ",417.55,418.1,394.1,397.1,396,430.9,148404,599.66,"14-Aug-2026",5467,"",""
"1069","GOCOLORS","EQ",330,331.95,326.25,327.5,328.5,331,48829,160.63,"14-Aug-2026",1536,"",""
"1070","GODAVARIB","EQ",254.6,259.1,245.8,247.25,247.95,254.6,203153,508.97,"14-Aug-2026",4652,"",""
"1071","GODFRYPHLP","EQ",2160,2167.9,2141.4,2149,2149,2160,121955,2623.56,"14-Aug-2026",11941,"",""
"1072","GODIGIT","EQ",258.1,262.95,258.1,259.65,260,260.05,124219,322.54,"14-Aug-2026",6828,"",""
"1073","GODREJAGRO","EQ",563,588.85,560.55,580.5,580,562.2,814850,4707.15,"14-Aug-2026",27486,"",""
"1074","GODREJCP","EQ",941.5,942.6,930,934.3,934.3,936.9,2075321,19447.11,"14-Aug-2026",43540,"",""
"1075","GODREJIND","EQ",1256.1,1283.1,1241,1252.5,1253.9,1255.6,60302,759.35,"14-Aug-2026",10505,"",""
"1076","GODREJPROP","EQ",2019,2032.2,1988.2,1990,1990,2028,447214,8950.87,"14-Aug-2026",20784,"",""
"1077","GOKEX","EQ",781.45,786.5,770.1,783.65,785,783,178167,1389.52,"14-Aug-2026",8565,"",""
"1078","GOKUL","EQ",40.2,40.2,38.61,38.87,39.29,39.34,176871,69.45,"14-Aug-2026",693,"",""
"1079","GOKULAGRO","EQ",236.5,237,230.62,231.65,232.44,235.34,241265,562.93,"14-Aug-2026",6619,"",""
"1080","GOLD1","EQ",125,126.49,123.74,126.35,126.4,126.92,1527268,1921.1,"14-Aug-2026",6868,"",""
"1081","GOLD360","EQ",147.9,147.9,146.45,147.4,147.35,148.5,12502,18.4,"14-Aug-2026",212,"",""
"1082","GOLDADD","EQ",147.57,147.57,145.45,147.07,147.1,147.57,230265,337.88,"14-Aug-2026",4415,"",""
"1083","GOLDAXIS","EQ",125.27,126.12,124.63,126.02,125.98,126.4,1133358,1417.76,"14-Aug-2026",3229,"",""
"1084","GOLDBEES","EQ",124.54,125.2,123.81,125.13,125.18,125.48,21344677,26546.97,"14-Aug-2026",69259,"",""
"1085","GOLDBETA","EQ",127.15,127.4,126.15,127.35,127.4,127.95,347116,440.23,"14-Aug-2026",2124,"",""
"1086","GOLDBND","EQ",151.5,151.5,149.5,151.22,150.78,151.75,64418,97.37,"14-Aug-2026",402,"",""
"1087","GOLDCASE","EQ",24.39,24.39,23.43,23.81,23.81,23.91,8268485,1960.61,"14-Aug-2026",9615,"",""
"1088","GOLDENTOBC","BZ",25.72,25.72,24.61,24.99,24.65,25.48,462,0.12,"14-Aug-2026",19,"",""
"1089","GOLDETF","EQ",146.88,147.25,145.7,147.18,147.2,147.72,673887,986.86,"14-Aug-2026",5630,"",""
"1090","GOLDIAM","EQ",362.9,371.35,355.2,365.65,366.5,362.8,2540560,9247.35,"14-Aug-2026",16568,"",""
"1091","GOLDIETF","EQ",126.67,129.69,126.66,129.6,129.64,129.92,4673870,6028.12,"14-Aug-2026",24753,"",""
"1092","GOLDKART","SM",95,95,95,95,95,95,5000,4.75,"14-Aug-2026",8,"",""
"1093","GOLDSTAR","SM",7.7,7.7,7.35,7.7,7.7,7.35,112500,8.62,"14-Aug-2026",10,"",""
"1094","GOLDTECH","BE",50.98,50.98,48.21,48.6,48.49,50.74,33830,16.61,"14-Aug-2026",216,"",""
"1095","GOODLUCK","EQ",1275,1328.6,1267.7,1324.7,1324.4,1269.8,347558,4535.54,"14-Aug-2026",19333,"",""
"1096","GOODYEAR","EQ",792,792,774.05,777.4,781,780.95,3346,26.05,"14-Aug-2026",462,"",""
"1097","GOPAL","EQ",277.95,279.05,272,272.15,273,276.65,155293,427.07,"14-Aug-2026",3889,"",""
"1098","GOYALALUM","EQ",6.4,6.6,6.36,6.51,6.6,6.4,53501,3.45,"14-Aug-2026",268,"",""
"1099","GOYALSALT","SM",108.95,109,107,107,107,105,15000,16.07,"14-Aug-2026",3,"",""
"1100","GPECO","ST",396,406.5,375.85,396.2,396.2,395.6,18600,72.57,"14-Aug-2026",55,"",""
"1101","GPIL","EQ",241.63,242.07,233.5,235.43,235.8,243.31,2146682,5069.53,"14-Aug-2026",36322,"",""
"1102","GPPL","EQ",153.75,160.85,153.37,158.68,158.06,151.75,7349923,11599.38,"14-Aug-2026",53688,"",""
"1103","GPTHEALTH","EQ",156.04,156.98,154.01,156.15,155.8,154.98,66664,103.47,"14-Aug-2026",3961,"",""
"1104","GPTINFRA","EQ",115.51,117.99,115,115.8,115.85,116.73,37076,42.91,"14-Aug-2026",893,"",""
"1105","GRADIENTE","EQ",2.73,2.78,2.71,2.72,2.72,2.66,1780823,48.97,"14-Aug-2026",262,"",""
"1106","GRANDOAK","EQ",39,39,37.2,38.24,37.2,37.42,1025,0.39,"14-Aug-2026",37,"",""
"1107","GRANULES","EQ",855,864.6,854,858.4,854,857.55,319463,2743.49,"14-Aug-2026",16424,"",""
"1108","GRAPHISAD","SM",26,26.5,26,26.5,26.5,26.5,8400,2.21,"14-Aug-2026",5,"",""
"1109","GRAPHITE","EQ",737.5,748.5,718.45,721.6,721.9,734.85,1190606,8709.15,"14-Aug-2026",29167,"",""
"1110","GRASIM","EQ",3264.8,3264.8,3221,3248.7,3248.7,3257,476082,15429.84,"14-Aug-2026",30207,"",""
"1111","GRAUWEIL","EQ",67,68,66.77,67.39,67.2,66.84,203896,137.15,"14-Aug-2026",5089,"",""
"1112","GRAVISSHO","EQ",29.05,29.99,29.05,29.18,29.99,29.28,2116,0.62,"14-Aug-2026",127,"",""
"1113","GRAVITA","EQ",1818.5,1825.4,1779,1794.3,1786,1819.7,111629,2012.52,"14-Aug-2026",12357,"",""
"1114","GRCL","ST",475.25,505,475.25,505,505,499,1500,7.46,"14-Aug-2026",5,"",""
"1115","GREAVESCOT","EQ",198.4,198.4,193.5,194.37,194,198.44,587124,1147.3,"14-Aug-2026",8810,"",""
"1116","GREENCHEF","SM",47.6,49.8,47.6,47.65,47.65,48.05,4800,2.32,"14-Aug-2026",6,"",""
"1117","GREENLAM","EQ",253.6,257.15,250.2,251.3,252,253.65,92793,234.64,"14-Aug-2026",4071,"",""
"1118","GREENLEAF","ST",124.25,125.2,116.85,125.2,125.2,119.7,18000,22.15,"14-Aug-2026",17,"",""
"1119","GREENPANEL","EQ",171.77,175.89,171.46,174.54,174.8,171.77,501546,869.33,"14-Aug-2026",12237,"",""
"1120","GREENPLY","EQ",284.55,289.85,280.15,280.95,281.05,284.55,50398,142.34,"14-Aug-2026",2121,"",""
"1121","GREENPOWER","EQ",9.51,9.63,9.49,9.53,9.54,9.55,1186490,113.13,"14-Aug-2026",2850,"",""
"1122","GRINDWELL","EQ",2146.3,2194,2135.1,2167.5,2162,2146.3,53403,1159.64,"14-Aug-2026",12810,"",""
"1123","GRINFRA","EQ",883.4,885,870.25,872.7,871.35,877.9,12129,106.17,"14-Aug-2026",1512,"",""
"1124","GRMOVER","EQ",90.1,90.99,89.01,89.66,90.09,90.05,922657,830.15,"14-Aug-2026",3584,"",""
"1125","GROBTEA","EQ",926.9,978,903.4,958.05,950,927,352,3.3,"14-Aug-2026",55,"",""
"1126","GROWW","EQ",198,198.25,194.6,196.17,196.66,197.99,11500813,22557.61,"14-Aug-2026",54327,"",""
"1127","GROWWCAPM","EQ",11.48,11.48,11.16,11.2,11.2,11.29,301213,33.8,"14-Aug-2026",720,"",""
"1128","GROWWCHEM","EQ",30.9,30.92,30.52,30.83,30.85,30.87,36697,11.29,"14-Aug-2026",206,"",""
"1129","GROWWDEFNC","EQ",96.73,98.39,96.73,98.09,97.55,97.94,206393,201.89,"14-Aug-2026",2594,"",""
"1130","GROWWEV","EQ",34.15,34.45,33.91,34.2,34.28,34.14,319130,108.76,"14-Aug-2026",1699,"",""
"1131","GROWWGOLD","EQ",14.67,14.8,14.61,14.77,14.79,14.82,4457083,655.89,"14-Aug-2026",3298,"",""
"1132","GROWWHOSPI","EQ",53.76,53.76,52,52.91,52.78,52.45,250947,131.96,"14-Aug-2026",1676,"",""
"1133","GROWWLIQID","EQ",110.37,110.37,110.36,110.36,110.37,110.31,126495,139.6,"14-Aug-2026",220,"",""
"1134","GROWWLOVOL","EQ",10.41,10.62,10.4,10.6,10.61,10.6,3826,0.4,"14-Aug-2026",77,"",""
"1135","GROWWMC150","EQ",235,236.32,234.45,236.07,236.07,234.71,601,1.42,"14-Aug-2026",24,"",""
"1136","GROWWMETAL","EQ",12.55,12.55,12.1,12.4,12.32,12.36,560618,69.13,"14-Aug-2026",1137,"",""
"1137","GROWWMOM50","EQ",11.21,11.21,10.93,10.98,11.03,11.06,561513,61.69,"14-Aug-2026",478,"",""
"1138","GROWWN200","EQ",11.47,11.59,11.39,11.55,11.57,11.47,40656,4.69,"14-Aug-2026",210,"",""
"1139","GROWWNET","EQ",10.39,10.7,10.39,10.62,10.55,10.6,517166,54.96,"14-Aug-2026",710,"",""
"1140","GROWWNIFTY","EQ",9.71,9.99,9.71,9.83,9.87,9.87,464753,45.76,"14-Aug-2026",3282,"",""
"1141","GROWWNXT50","EQ",75.48,75.48,74.03,74.65,74.84,74.74,4575,3.42,"14-Aug-2026",99,"",""
"1142","GROWWPOWER","EQ",11.78,11.78,11.45,11.49,11.52,11.5,2344438,269.78,"14-Aug-2026",2282,"",""
"1143","GROWWPSE","EQ",97.58,100.87,97.58,98.68,100.87,99.57,8830,8.72,"14-Aug-2026",71,"",""
"1144","GROWWPSUBK","EQ",84.85,88,84.85,87.54,88,87.83,8386,7.32,"14-Aug-2026",61,"",""
"1145","GROWWRAIL","EQ",29.36,29.45,29.11,29.21,29.24,29.3,301209,88.03,"14-Aug-2026",1926,"",""
"1146","GROWWRLTY","EQ",10.12,10.15,10,10.04,10.09,10.12,138314,13.93,"14-Aug-2026",382,"",""
"1147","GROWWSC250","EQ",10.72,10.75,10.56,10.63,10.65,10.61,72863,7.74,"14-Aug-2026",460,"",""
"1148","GROWWSLVR","EQ",22.48,22.7,22.33,22.66,22.7,22.66,1840661,414.9,"14-Aug-2026",2219,"",""
"1149","GRPLTD","EQ",1992.8,2023.9,1981.4,2009.5,2015,1992.7,2169,43.58,"14-Aug-2026",267,"",""
"1150","GRSE","EQ",2636,2665.7,2603.7,2618.6,2614.5,2632.3,433845,11431.01,"14-Aug-2026",25857,"",""
"1151","GRWRHITECH","EQ",7232,7267.5,7013,7088.5,7068,7230,42191,2992.9,"14-Aug-2026",8168,"",""
"1152","GSEC10IETF","EQ",265,267.11,265,267.11,267.11,267.12,50,0.13,"14-Aug-2026",2,"",""
"1153","GSEC10YEAR","EQ",30.77,30.77,30.55,30.55,30.55,30.68,809,0.25,"14-Aug-2026",15,"",""
"1154","GSEC5IETF","EQ",66.64,66.95,66.36,66.36,66.36,66.31,363,0.24,"14-Aug-2026",19,"",""
"1155","GSFC","EQ",159.1,160.78,158.02,160.25,160.01,158.6,641476,1025.02,"14-Aug-2026",13378,"",""
"1156","GSLSU","EQ",32.57,32.57,29.99,32.11,32.26,31.02,269390,86.48,"14-Aug-2026",1367,"",""
"1157","GSMFOILS","SM",97.7,97.7,97.7,97.7,97.7,102.8,38500,37.61,"14-Aug-2026",40,"",""
"1158","GSPCROP","EQ",596.25,600,590.4,596.25,594,591.7,248745,1483.53,"14-Aug-2026",3307,"",""
"1159","GSS","EQ",13.41,13.66,13.31,13.34,13.45,13.42,13440,1.81,"14-Aug-2026",85,"",""
"1160","GTECJAINX","BE",28.49,29.4,28.49,28.99,28.9,28,76208,22.39,"14-Aug-2026",37,"",""
"1161","GTL","EQ",7.65,7.85,7.56,7.66,7.63,7.65,173301,13.27,"14-Aug-2026",536,"",""
"1162","GTLINFRA","EQ",1.23,1.24,1.21,1.21,1.22,1.23,20958496,256.37,"14-Aug-2026",14122,"",""
"1163","GTPL","EQ",54.89,54.89,52.76,52.89,52.78,54.03,52617,28.08,"14-Aug-2026",879,"",""
"1164","GUFICBIO","EQ",433.7,437.75,415.1,422.2,420.5,430.25,165948,704.47,"14-Aug-2026",6472,"",""
"1165","GUJALKALI","EQ",694.35,700,684,698.2,696.35,694.35,62980,438.16,"14-Aug-2026",4936,"",""
"1166","GUJAPOLLO","EQ",343.6,350,300.5,341.95,341,347.25,13667,46.27,"14-Aug-2026",467,"",""
"1167","GUJENERGY","EQ",285,294.35,279.8,282.95,284,284.4,3458345,9941.87,"14-Aug-2026",46783,"",""
"1168","GUJRAFFIA","EQ",44.4,45.94,42.63,43.22,44.85,43.75,8106,3.57,"14-Aug-2026",186,"",""
"1169","GUJTHEM","EQ",347.25,352,345,348.75,349.8,347.25,30262,105.25,"14-Aug-2026",1369,"",""
"1170","GULFOILLUB","EQ",1176.7,1177.4,1148,1159.3,1162.1,1176.7,49635,575.36,"14-Aug-2026",4591,"",""
"1171","GULFPETRO","BE",62.79,62.79,60.06,61.65,62.05,61.72,136725,84.25,"14-Aug-2026",449,"",""
"1172","GULPOLY","EQ",189.18,193.5,187.49,188.08,188,190.12,241113,456.38,"14-Aug-2026",4509,"",""
"1173","GURUNANAK","SM",41.45,41.45,39,39,39,39.5,20800,8.34,"14-Aug-2026",8,"",""
"1174","GVKPIL","BE",2.33,2.38,2.33,2.36,2.33,2.34,611783,14.41,"14-Aug-2026",714,"",""
"1175","GVPIL","EQ",781.15,789.6,769.6,769.6,769.6,810.1,284769,2203.13,"14-Aug-2026",4515,"",""
"1176","GVPTECH","EQ",7.15,7.15,7,7.07,7.06,7.07,36140,2.56,"14-Aug-2026",175,"",""
"1177","GVT&D","EQ",4325.3,4367.7,4272,4350,4350,4304.7,785600,34013.12,"14-Aug-2026",56923,"",""
"1178","GYFTR","EQ",160,170,159.1,161.87,161.35,159.5,205712,337.66,"14-Aug-2026",4486,"",""
"1179","HAL","EQ",4940,5047,4924.2,5029.9,5029.9,4945,1537351,76703.48,"14-Aug-2026",73873,"",""
"1180","HALDER","EQ",285.71,308.05,281.21,301.9,305,285.71,41982,126.25,"14-Aug-2026",1181,"",""
"1181","HALDYNGL","BE",125.1,126.9,122.71,123.76,125,125.17,24455,30.55,"14-Aug-2026",199,"",""
"1182","HALEOSLABS","EQ",1475,1496.4,1460,1484.4,1489,1475,117,1.74,"14-Aug-2026",21,"",""
"1183","HAPPSTMNDS","EQ",394,426.45,390.15,420.2,420,394.8,6697476,27934.58,"14-Aug-2026",118428,"",""
"1184","HAPPY","SM",64,65.2,62.95,63.5,63.5,64,16000,10.17,"14-Aug-2026",7,"",""
"1185","HAPPYFORGE","EQ",2028,2105,2016.4,2089.6,2100,2007.6,214368,4471.06,"14-Aug-2026",24980,"",""
"1186","HARDWYN","EQ",11.5,11.87,11.32,11.33,11.33,11.51,501095,57.1,"14-Aug-2026",834,"",""
"1187","HARIOMPIPE","EQ",364.95,366.9,350.25,351.9,352.5,365.2,244003,868.58,"14-Aug-2026",6628,"",""
"1188","HARRMALAYA","EQ",209.07,209.5,197.49,198.81,199.4,222.68,56164,114.32,"14-Aug-2026",2284,"",""
"1189","HARSHA","EQ",407,416.85,402.05,412.25,411.05,405.4,96071,394.48,"14-Aug-2026",4958,"",""
"1190","HATHWAY","EQ",10.72,10.77,10.54,10.6,10.59,10.72,1411322,149.8,"14-Aug-2026",2301,"",""
"1191","HATSUN","EQ",951.2,990,951.2,980.8,980,963.95,82072,803.9,"14-Aug-2026",5443,"",""
"1192","HAVELLS","EQ",1270,1303.4,1262.2,1298,1298,1270,834715,10779.95,"14-Aug-2026",24948,"",""
"1193","HAVISHA","EQ",1.35,1.44,1.25,1.34,1.44,1.35,84707,1.12,"14-Aug-2026",130,"",""
"1194","HAWKINCOOK","EQ",8308,8450,8199.5,8351,8370,8305.5,1012,84.08,"14-Aug-2026",463,"",""
"1195","HBESD","EQ",78.73,78.73,74.5,76,76,78.34,7816,5.93,"14-Aug-2026",17,"",""
"1196","HBLENGINE","EQ",693.05,697.1,677.05,678.5,678.5,693.05,663865,4540.31,"14-Aug-2026",23873,"",""
"1197","HBSL","EQ",55.5,60,55.5,57.96,57.95,57.58,4918,2.88,"14-Aug-2026",97,"",""
"1198","HCC","EQ",19.7,20,19.63,19.82,19.86,20.07,10947392,2171.31,"14-Aug-2026",14258,"",""
"1199","HCG","EQ",721,726.1,711.25,714.3,714.3,721.4,86719,622.96,"14-Aug-2026",12921,"",""
"1200","HCL-INSYS","EQ",11.59,11.6,11.2,11.33,11.4,11.48,107641,12.24,"14-Aug-2026",508,"",""
"1201","HCLTECH","EQ",1372.8,1374.9,1346.5,1360,1360,1370,1033374,14063.96,"14-Aug-2026",58510,"",""
"1202","HDBFS","EQ",684.95,688.15,678.7,686.95,687.45,684.9,220359,1507.55,"14-Aug-2026",13379,"",""
"1203","HDFCAMC","EQ",2502.5,2507.2,2470.2,2485,2485,2499.5,1564593,38831.17,"14-Aug-2026",38969,"",""
"1204","HDFCBANK","EQ",725,729.6,723.5,727,727,725,20364131,148040.79,"14-Aug-2026",242796,"",""
"1205","HDFCBSE500","EQ",38.48,38.48,37.84,38.07,38.14,38.11,528792,201.32,"14-Aug-2026",200,"",""
"1206","HDFCGOLD","EQ",132.89,132.89,128.01,129.33,129.3,129.65,1763210,2269.99,"14-Aug-2026",8105,"",""
"1207","HDFCGROWTH","EQ",123.16,123.16,122.3,122.68,122.35,123.16,29206,35.81,"14-Aug-2026",130,"",""
"1208","HDFCLIFE","EQ",539.5,540,535.6,535.85,535.85,538.05,805941,4336.75,"14-Aug-2026",21350,"",""
"1209","HDFCLIQUID","EQ",1075,1075,1073.88,1073.88,1073.9,1073.45,42999,461.77,"14-Aug-2026",47,"",""
"1210","HDFCLOWVOL","EQ",21.1,21.15,21.05,21.05,21.05,21.13,2917,0.62,"14-Aug-2026",64,"",""
"1211","HDFCMID150","EQ",24.37,24.37,23.74,23.8,23.75,23.78,499891,118.97,"14-Aug-2026",1263,"",""
"1212","HDFCMOMENT","EQ",31.5,31.5,31.21,31.38,31.47,31.49,66967,21.02,"14-Aug-2026",589,"",""
"1213","HDFCNEXT50","EQ",78.07,78.07,75.83,76.05,75.85,76.17,335378,255.44,"14-Aug-2026",800,"",""
"1214","HDFCNIF100","EQ",26.33,26.44,26.33,26.37,26.33,26.33,30242,7.98,"14-Aug-2026",211,"",""
"1215","HDFCNIFBAN","EQ",59.3,59.54,59.17,59.29,59.5,59.43,194117,115.15,"14-Aug-2026",395,"",""
"1216","HDFCNIFIT","EQ",33.8,33.89,33.22,33.44,33.36,33.55,46523,15.57,"14-Aug-2026",224,"",""
"1217","HDFCNIFTY","EQ",282.08,282.08,274.13,275.17,274.53,275.2,21732,59.72,"14-Aug-2026",648,"",""
"1218","HDFCNIMEG","EQ",129.06,129.96,128.33,129.87,129.38,130.06,6963,9.02,"14-Aug-2026",78,"",""
"1219","HDFCPSUBK","EQ",89.14,89.14,87.86,88.2,87.86,88.7,48838,43.2,"14-Aug-2026",229,"",""
"1220","HDFCPVTBAN","EQ",27.89,27.91,27.75,27.82,27.9,27.91,191377,53.24,"14-Aug-2026",478,"",""
"1221","HDFCQUAL","EQ",60.19,60.28,59.94,60.07,60.13,60.08,5960,3.58,"14-Aug-2026",84,"",""
"1222","HDFCSENSEX","EQ",88.02,88.69,88.01,88.21,88.01,88.19,38920,34.35,"14-Aug-2026",439,"",""
"1223","HDFCSILVER","EQ",221.18,221.54,217.82,221.2,221.41,220.9,1703982,3747.22,"14-Aug-2026",11056,"",""
"1224","HDFCSML250","EQ",185.9,185.9,184.17,184.64,184.8,185.21,768149,1418.65,"14-Aug-2026",7662,"",""
"1225","HDFCVALUE","EQ",126.85,127.23,126.11,126.99,127.23,127.4,4160,5.27,"14-Aug-2026",107,"",""
"1226","HDIL","BZ",1.49,1.54,1.49,1.53,1.53,1.52,88088,1.34,"14-Aug-2026",153,"",""
"1227","HEADSUP","EQ",7.06,7.25,6.9,6.93,6.93,7.06,1836,0.13,"14-Aug-2026",34,"",""
"1228","HEALTHADD","EQ",17.1,17.1,16.64,16.68,16.68,16.69,36751,6.14,"14-Aug-2026",90,"",""
"1229","HEALTHAXIS","EQ",168.45,171.06,167.61,167.82,169,168.45,10610,17.92,"14-Aug-2026",105,"",""
"1230","HEALTHCARE","EQ",21.68,21.71,21.54,21.57,21.59,21.68,76256,16.49,"14-Aug-2026",194,"",""
"1231","HEALTHIETF","EQ",170.26,171.22,169.25,169.72,170.03,170.26,47746,81.07,"14-Aug-2026",1128,"",""
"1232","HEALTHX","EQ",295,295.15,288.05,290.15,288.05,294.7,2796,8.14,"14-Aug-2026",138,"",""
"1233","HEALTHY","EQ",17.26,17.26,16.94,17.03,17.05,17.06,171387,29.15,"14-Aug-2026",1020,"",""
"1234","HECPROJECT","EQ",137.5,148.39,123,130.05,130,137.91,101413,138.93,"14-Aug-2026",2258,"",""
"1235","HEG","EQ",691.5,711.2,685.3,701,699.2,687,3739354,26326.6,"14-Aug-2026",66048,"",""
"1236","HEIDELBERG","EQ",158.88,158.88,157.2,158.24,158.4,158.08,62829,99.14,"14-Aug-2026",959,"",""
"1237","HEMIPROP","EQ",132.55,134.53,132,132.34,132.41,132.98,229488,305.75,"14-Aug-2026",2007,"",""
"1238","HERANBA","EQ",167.8,174.53,167.8,169.76,170,167.8,51257,87.66,"14-Aug-2026",1839,"",""
"1239","HERITGFOOD","EQ",359,361.9,356.2,358,358,360.7,79355,285.31,"14-Aug-2026",4099,"",""
"1240","HEROMOTOCO","EQ",5830,5849,5765,5790,5790,5850,508239,29506.1,"14-Aug-2026",49740,"",""
"1241","HESTERBIO","EQ",2429.5,2464.8,2401,2414.4,2401,2460.7,3722,90.2,"14-Aug-2026",682,"",""
"1242","HEXAGON","BE",64.49,65,63.28,63.98,63.7,64.44,111505,71.21,"14-Aug-2026",508,"",""
"1243","HEXATRADEX","EQ",158.5,159.93,157,157.05,157,157.41,1712,2.7,"14-Aug-2026",38,"",""
"1244","HEXT","EQ",575.05,576.1,565.55,569.85,569.1,574.55,109375,622.47,"14-Aug-2026",5987,"",""
"1245","HFCL","EQ",228,230.7,220.7,223.11,222.76,227.36,16693107,37721.34,"14-Aug-2026",84569,"",""
"1246","HGINFRA","EQ",528.8,533.95,521,523.75,523,526.45,51203,269.15,"14-Aug-2026",3263,"",""
"1247","HGM","EQ",47.53,47.53,46,46.06,46.65,47.39,2472,1.15,"14-Aug-2026",67,"",""
"1248","HGS","EQ",402.4,410,402.4,408.65,410,404.7,12093,49.31,"14-Aug-2026",785,"",""
"1249","HIGREEN","SM",134.3,137.25,130.6,135.95,137,134.3,24000,32.13,"14-Aug-2026",30,"",""
"1250","HIKAL","EQ",217.5,223.99,216.5,217.99,219.8,216.35,253073,557.4,"14-Aug-2026",6025,"",""
"1251","HILINFRA","EQ",44.72,45.44,44.1,44.4,44.6,45.02,30457,13.6,"14-Aug-2026",524,"",""
"1252","HILTON","BE",20.24,20.44,19.8,19.9,19.97,20.04,45674,9.14,"14-Aug-2026",206,"",""
"1253","HIMATSEIDE","EQ",74.25,75.3,72.51,72.95,73,74.08,578666,425.49,"14-Aug-2026",6490,"",""
"1254","HINDALCO","EQ",1035.8,1036.8,1021.35,1029.5,1029.5,1046.25,3423326,35260.81,"14-Aug-2026",73592,"",""
"1255","HINDCOMPOS","EQ",415.35,416.45,406.1,410.25,410.05,414.55,4001,16.48,"14-Aug-2026",299,"",""
"1256","HINDCON","EQ",22.58,22.99,22.5,22.71,22.66,22.75,8941,2.03,"14-Aug-2026",128,"",""
"1257","HINDCOPPER","EQ",546.5,546.7,515,529.05,528.8,544.45,8696054,45842.78,"14-Aug-2026",115904,"",""
"1258","HINDOILEXP","EQ",157.79,157.79,149.92,152.1,152.29,157.99,849784,1294.69,"14-Aug-2026",7431,"",""
"1259","HINDPETRO","EQ",374,374.95,371,373.5,373.5,392.9,8013809,29881.58,"14-Aug-2026",96101,"",""
"1260","HINDUNILVR","EQ",2089,2090.9,2066.4,2077,2077,2092,1148419,23859.56,"14-Aug-2026",55127,"",""
"1261","HINDWAREAP","EQ",199.1,202.19,191.61,195.47,197,200.08,189530,371.99,"14-Aug-2026",4917,"",""
"1262","HINDZINC","EQ",575,575,557.8,561.9,561.9,578.35,4702210,26428.43,"14-Aug-2026",70458,"",""
"1263","HIRECT","EQ",1254,1272.1,1242.1,1256,1257,1253.3,66521,835.69,"14-Aug-2026",5226,"",""
"1264","HISARMETAL","EQ",152,153.86,149.35,151.22,149.35,149.94,1967,2.99,"14-Aug-2026",57,"",""
"1265","HITECH","EQ",79.13,79.74,77.81,78.22,78.4,79.16,284325,223.08,"14-Aug-2026",2671,"",""
"1266","HITECHCORP","BE",330,334,329,332.3,330.05,330.95,20257,66.89,"14-Aug-2026",106,"",""
"1267","HITECHGEAR","BE",567,567,542,550,550,552.25,1315,7.22,"14-Aug-2026",75,"",""
"1268","HLEGLAS","EQ",334.9,336.4,325.5,327.7,328,332.25,241233,794.64,"14-Aug-2026",7234,"",""
"1269","HLVLTD","EQ",6.99,7.04,6.9,6.98,7,6.94,156950,10.95,"14-Aug-2026",502,"",""
"1270","HMAAGRO","EQ",23,25.34,22,24.24,24.2,21.91,11840343,2895.75,"14-Aug-2026",32133,"",""
"1271","HMT","BZ",58,59,57.01,58.74,58.99,58.37,8076,4.7,"14-Aug-2026",63,"",""
"1272","HMVL","BE",89.5,89.5,86.2,86.64,87.18,89.61,24515,21.4,"14-Aug-2026",172,"",""
"1273","HNDFDS","EQ",595.3,600.4,587,591.4,588.8,596.65,62236,370.54,"14-Aug-2026",4404,"",""
"1274","HNGSNGBEES","EQ",492.01,492.01,479,482.66,483.6,480.01,58245,279.83,"14-Aug-2026",3277,"",""
"1275","HOACFOODS","ST",805,805,788,804,804,785.5,1875,14.96,"14-Aug-2026",5,"",""
"1276","HOLMARC","SM",107.1,107.1,105,107,107,109,8250,8.71,"14-Aug-2026",10,"",""
"1277","HOMEFIRST","EQ",1176.4,1187.9,1162.8,1176.5,1180,1175.3,71934,847.17,"14-Aug-2026",6602,"",""
"1278","HONASA","EQ",495.4,509.8,486.6,502.8,502,479.45,22425106,111481.76,"14-Aug-2026",261312,"",""
"1279","HONAUT","EQ",37000,37395,36725,37205,37200,37190,10176,3782.51,"14-Aug-2026",1532,"",""
"1280","HONDAPOWER","EQ",2105.3,2171.9,2105.3,2149.9,2152,2105.3,9540,204.35,"14-Aug-2026",1635,"",""
"1281","HPAL","EQ",36.89,36.89,35,35.15,35.28,37.33,91699,32.43,"14-Aug-2026",1250,"",""
"1282","HPIL","EQ",124,130.94,123.8,125.05,125.05,123.82,4652,5.96,"14-Aug-2026",82,"",""
"1283","HPL","EQ",317.7,320,314.7,317.45,317.4,318.4,93695,296.97,"14-Aug-2026",2604,"",""
"1284","HPTL","SM",309.75,309.75,309.75,309.75,309.75,295,1200,3.72,"14-Aug-2026",1,"",""
"1285","HRHNEXT","SM",24.65,24.95,24.15,24.9,24.95,23.8,10500,2.58,"14-Aug-2026",6,"",""
"1286","HSBCGOLD","EQ",131,131.43,130.01,131.42,131.42,131.9,76672,100.66,"14-Aug-2026",53,"",""
"1287","HSCL","EQ",781,794.5,775.15,781.05,781.05,778.15,3402990,26717.87,"14-Aug-2026",49961,"",""
"1288","HTMEDIA","EQ",26.52,26.84,26.07,26.37,26.3,26.51,82474,21.77,"14-Aug-2026",722,"",""
"1289","HUBTOWN","EQ",189.6,192,185.1,186.62,186.66,189.71,313667,586.19,"14-Aug-2026",3530,"",""
"1290","HUDCO","EQ",194,194.1,189.31,189.99,189.95,193.91,3880141,7391.2,"14-Aug-2026",24882,"",""
"1291","HUHTAMAKI","EQ",283.95,283.95,274.2,277.05,277.25,281.65,99049,275.03,"14-Aug-2026",2451,"",""
"1292","HYBRIDETF","EQ",10.18,10.18,10.14,10.16,10.16,10.18,139004,14.13,"14-Aug-2026",57,"",""
"1293","HYBRIDFIN","BE",17.86,17.9,17.31,17.47,17.9,17.94,3116,0.55,"14-Aug-2026",26,"",""
"1294","HYUNDAI","EQ",2225,2255,2191.6,2199,2199,2237.1,629978,13955.11,"14-Aug-2026",32754,"",""
"1295","IBLFL","SM",61,61,61,61,61,61,2000,1.22,"14-Aug-2026",1,"",""
"1296","IBULLSLTD","EQ",27.1,27.5,26.36,27.08,27.05,27.01,6881042,1849.49,"14-Aug-2026",8602,"",""
"1297","ICELCO","SM",137.2,138,134,134.2,134,137.2,32400,43.87,"14-Aug-2026",23,"",""
"1298","ICEMAKE","EQ",799,808,747.55,751.65,750,811.45,135770,1041.35,"14-Aug-2026",6866,"",""
"1299","ICICIAMC","EQ",3160,3160,3080,3097.9,3100,3147,255457,7954.58,"14-Aug-2026",21031,"",""
"1300","ICICIB22","EQ",115.9,116.78,115.44,115.64,115.8,116.32,239537,276.85,"14-Aug-2026",2844,"",""
"1301","ICICIBANK","EQ",1403,1417.8,1401,1417,1417,1406.8,6097934,85972.21,"14-Aug-2026",118817,"",""
"1302","ICICIGI","EQ",1633.8,1633.8,1616,1630,1630,1628,534759,8700.5,"14-Aug-2026",23142,"",""
"1303","ICICIPRULI","EQ",506,512,501,509.15,509.15,507,778149,3956,"14-Aug-2026",20433,"",""
"1304","ICIL","EQ",391.5,394.95,377.05,379.9,379,391.15,530561,2033.31,"14-Aug-2026",18919,"",""
"1305","ICRA","EQ",5200,5322,5160.8,5265.6,5285,5196.3,61407,3239.07,"14-Aug-2026",7879,"",""
"1306","IDBI","EQ",82.6,83.14,82.1,82.45,82.3,82.88,1946299,1607.96,"14-Aug-2026",14482,"",""
"1307","IDEA","EQ",13.53,14.19,13.49,14.11,14.11,13.51,778908986,108928.24,"14-Aug-2026",1020297,"",""
"1308","IDEAFORGE","EQ",778.1,820.85,770,820.85,820.85,781.8,786126,6323.1,"14-Aug-2026",16819,"",""
"1309","IDEALTECHO","SM",186.95,186.95,186.95,186.95,186.95,189,500,0.93,"14-Aug-2026",1,"",""
"1310","IDENTICAL","SM",15.7,16.35,15.7,15.95,15.95,15.7,14000,2.23,"14-Aug-2026",7,"",""
"1311","IDFCFIRSTB","EQ",86.42,86.52,85.53,85.69,85.69,86.55,7407001,6362.93,"14-Aug-2026",33830,"",""
"1312","IDFNIFTYET","EQ",273,273,264.3,267.57,265.71,269.14,4363,11.74,"14-Aug-2026",79,"",""
"1313","IEML","SM",37.8,43.7,37.8,42.35,42.5,39.75,88000,37.59,"14-Aug-2026",121,"",""
"1314","IEX","EQ",125.5,125.5,124,124.75,124.75,125.5,1246737,1552.01,"14-Aug-2026",18026,"",""
"1315","IFBAGRO","BE",1025,1040.5,975.5,1029.3,1034.9,1021,4317,44.27,"14-Aug-2026",203,"",""
"1316","IFBIND","EQ",1386.6,1401.5,1360,1383.6,1380,1386,39816,550.3,"14-Aug-2026",4831,"",""
"1317","IFCI","EQ",76.9,77.84,76.1,76.94,76.69,76.66,14123805,10861.91,"14-Aug-2026",38996,"",""
"1318","IFGLEXPOR","EQ",223.13,230,217.59,225.31,223.53,223.13,114598,259,"14-Aug-2026",2753,"",""
"1319","IGARASHI","EQ",451,461.5,447,457.05,458.8,450.65,87794,399.3,"14-Aug-2026",3260,"",""
"1320","IGCL","EQ",71.04,71.83,70.67,70.91,70.9,71.87,34480,24.49,"14-Aug-2026",404,"",""
"1321","IGIL","EQ",345.7,349.9,344.4,345.9,346.35,345.1,181161,629.17,"14-Aug-2026",10117,"",""
"1322","IGL","EQ",151.6,153.24,150.82,151.7,151.8,151.77,880808,1339.7,"14-Aug-2026",19352,"",""
"1323","IGPL","EQ",460.8,464.9,455.05,458.3,459.65,459.55,32865,151.3,"14-Aug-2026",1601,"",""
"1324","IIFL","EQ",635.95,641.65,627.05,631.15,631.5,635.95,967374,6130.69,"14-Aug-2026",17641,"",""
"1325","IIFLCAPS","EQ",334.4,337,334.25,335.2,335,334.9,112191,376.28,"14-Aug-2026",5132,"",""
"1326","IITL","EQ",146.83,148.2,146.02,147.69,147,146.41,98606,144.98,"14-Aug-2026",590,"",""
"1327","IKIO","EQ",211.5,211.51,202.77,204.97,205.18,211.13,163916,337.87,"14-Aug-2026",3245,"",""
"1328","IKS","EQ",1787,1848.1,1781.5,1840,1848,1781.5,214154,3916.22,"14-Aug-2026",24503,"",""
"1329","IL&FSENGG","BZ",35.5,36.75,35.5,36.73,36.75,35,13556,4.95,"14-Aug-2026",49,"",""
"1330","IL&FSTRANS","BZ",2.16,2.24,2.04,2.07,2.1,2.14,180557,3.77,"14-Aug-2026",78,"",""
"1331","IMAGICAA","EQ",47.02,48.4,46.81,47.66,47.5,47.22,570012,272.12,"14-Aug-2026",2850,"",""
"1332","IMFA","EQ",1450,1451,1401.6,1404.5,1406,1434.1,108093,1538.48,"14-Aug-2026",9585,"",""
"1333","IMPAL","EQ",1068.5,1095,1047.5,1068.3,1055,1059.2,2001,21.34,"14-Aug-2026",390,"",""
"1334","IMPEXFERRO","BZ",3.57,3.57,3.57,3.57,3.57,3.5,15300,0.55,"14-Aug-2026",5,"",""
"1335","INA","EQ",98.75,99.95,96.9,99.02,98.8,97.16,613257,601.9,"14-Aug-2026",6845,"",""
"1336","INCREDIBLE","EQ",31.28,32.99,31.28,32.23,32.25,31.92,2483,0.81,"14-Aug-2026",58,"",""
"1337","INDBANK","EQ",32.72,33.19,32.32,32.49,32.66,32.72,14295,4.67,"14-Aug-2026",235,"",""
"1338","INDGN","EQ",569.8,571.85,552.05,555.8,559.8,569.8,285759,1602.05,"14-Aug-2026",11723,"",""
"1339","INDHOTEL","EQ",717.9,723.65,715.1,720,720,721.75,1365381,9807.93,"14-Aug-2026",22916,"",""
"1340","INDIACEM","EQ",382,382.45,372.15,375.3,373.85,382,166712,628.5,"14-Aug-2026",11623,"",""
"1341","INDIAGLYCO","EQ",1060,1070.9,1045.9,1061.1,1067,1056.3,84957,897.79,"14-Aug-2026",6718,"",""
"1342","INDIAMART","EQ",1803.6,1815,1780,1789.9,1781,1803.6,81307,1458.41,"14-Aug-2026",17298,"",""
"1343","INDIANB","EQ",890,902.8,885.3,894.95,894.95,897,732478,6537.18,"14-Aug-2026",19554,"",""
"1344","INDIANCARD","EQ",215.55,224.39,215.55,223.09,223.7,215.61,1061,2.35,"14-Aug-2026",75,"",""
"1345","INDIANHUME","EQ",367.85,373,366.3,369.15,367.5,367.85,15220,56.3,"14-Aug-2026",991,"",""
"1346","INDIASHLTR","EQ",677.2,677.4,668.55,670.7,672,674.15,65964,442.86,"14-Aug-2026",5619,"",""
"1347","INDIGO","EQ",5370,5370,5310,5310,5310,5370,184350,9840.02,"14-Aug-2026",20539,"",""
"1348","INDIGOPNTS","EQ",1211.3,1220.9,1135.3,1148.7,1142.8,1130.4,2405565,28226.99,"14-Aug-2026",76021,"",""
"1349","INDIGRID","IV",178,179.7,178,178.75,178.75,177.94,1240353,2218.04,"14-Aug-2026",5870,"",""
"1350","INDIQUBE","EQ",184.68,184.68,178.2,180,180,183.34,50896,91.62,"14-Aug-2026",930,"",""
"1351","INDNIPPON","EQ",1123.5,1148.6,1118,1123.2,1129,1120.3,25550,289.23,"14-Aug-2026",2114,"",""
"1352","INDOAMIN","BE",130,132.69,127,130,130.8,130.17,43662,56.52,"14-Aug-2026",408,"",""
"1353","INDOBORAX","EQ",437.95,441.3,418.2,425.35,423,438.3,130210,553.16,"14-Aug-2026",4329,"",""
"1354","INDOCO","EQ",222.1,225.59,218,219.51,221.99,222.2,52231,115.55,"14-Aug-2026",1605,"",""
"1355","INDOFARM","EQ",147,149.85,145,145.78,147,146.87,120815,177.62,"14-Aug-2026",2198,"",""
"1356","INDOMIM","EQ",835,852.35,815.3,849.35,848,831.4,1678600,14011.91,"14-Aug-2026",47858,"",""
"1357","INDORAMA","EQ",57.07,57.99,55.52,56.09,55.52,57.07,120847,68.29,"14-Aug-2026",1330,"",""
"1358","INDOSTAR","EQ",248,248,237.2,239.25,241,248.8,299209,722.4,"14-Aug-2026",3824,"",""
"1359","INDOTECH","EQ",3412,3599,3412,3558.1,3536.1,3445.2,23020,818.56,"14-Aug-2026",2731,"",""
"1360","INDOTHAI","EQ",77.08,77.08,77.08,77.08,77.08,81.13,54315,41.87,"14-Aug-2026",451,"",""
"1361","INDOUS","EQ",79.74,82.82,76.75,81.01,82.82,77.54,8003,6.3,"14-Aug-2026",292,"",""
"1362","INDOWIND","EQ",8.9,9.08,8.61,8.81,8.82,9.01,144909,12.8,"14-Aug-2026",776,"",""
"1363","INDPRUD","EQ",6287,6329,6280,6280,6280,6286.5,90,5.66,"14-Aug-2026",25,"",""
"1364","INDRAMEDCO","EQ",371.5,376,371,373.4,373,371.9,153246,572.71,"14-Aug-2026",4960,"",""
"1365","INDSWFTLAB","EQ",296.63,305.9,293.55,304.18,304,296.63,618959,1860.25,"14-Aug-2026",10712,"",""
"1366","INDTERRAIN","EQ",31.8,32.47,31.05,31.1,31.05,32.08,12338,3.85,"14-Aug-2026",146,"",""
"1367","INDUSINDBK","EQ",1022.5,1026.6,1014.2,1020.8,1020.8,1024.7,1034094,10534.72,"14-Aug-2026",40662,"",""
"1368","INDUSINVIT","IV",133.7,135.47,132.7,133.2,132.99,132.72,411927,550.79,"14-Aug-2026",3057,"",""
"1369","INDUSTOWER","EQ",383.15,388.55,379.45,384.35,384.35,383.2,5956784,22961.61,"14-Aug-2026",43156,"",""
"1370","INFINIUM","SM",245.5,245.5,235.75,239.75,239.75,233.75,3500,8.37,"14-Aug-2026",6,"",""
"1371","INFLUX","SM",304,304,286.3,286.35,286.3,295.6,15600,45.46,"14-Aug-2026",21,"",""
"1372","INFOBEAN","EQ",162.37,163.5,161.11,162.4,162.42,163.39,77595,125.78,"14-Aug-2026",2052,"",""
"1373","INFOLLION","SM",151,160,151,159.95,160,153.45,5600,8.84,"14-Aug-2026",14,"",""
"1374","INFOMEDIA","EQ",5.49,5.49,5.07,5.16,5.15,5.37,4021,0.21,"14-Aug-2026",59,"",""
"1375","INFRA","EQ",12.23,12.3,12.22,12.27,12.27,12.23,34515,4.23,"14-Aug-2026",141,"",""
"1376","INFRABEES","EQ",968.22,979,967.88,976.93,979,968.22,9130,89.03,"14-Aug-2026",542,"",""
"1377","INFRAIETF","EQ",96.77,97.48,96.4,97.23,97.48,96.77,208992,202.98,"14-Aug-2026",3453,"",""
"1378","INFY","EQ",1170.4,1174.1,1158.9,1169.2,1169.2,1175,5844763,68204.54,"14-Aug-2026",136821,"",""
"1379","INGERRAND","EQ",4599,4768.7,4552.6,4608.7,4600,4606.4,127789,5963.98,"14-Aug-2026",15084,"",""
"1380","INM","SM",160,165,160,164.05,164,169,3600,5.88,"14-Aug-2026",6,"",""
"1381","INNOMET","ST",210.2,210.2,210.2,210.2,210.2,206.1,48600,102.16,"14-Aug-2026",61,"",""
"1382","INNOVACAP","EQ",1050,1052.2,1026.15,1036,1036.05,1047.5,54909,569.43,"14-Aug-2026",5951,"",""
"1383","INNOVANA","EQ",340,350,315.65,319.4,318,329.2,4667,15.23,"14-Aug-2026",312,"",""
"1384","INNOVISION","EQ",284.4,284.45,281.7,281.95,282,284,35367,100.12,"14-Aug-2026",618,"",""
"1385","INOXGREEN","EQ",187.1,188.5,180,187.07,186.5,186.96,1104816,2035.47,"14-Aug-2026",8758,"",""
"1386","INOXINDIA","EQ",1932.1,1974.6,1911.2,1943,1943.4,1941.9,130161,2517.29,"14-Aug-2026",12522,"",""
"1387","INOXWIND","EQ",73.99,75.2,73.2,73.67,73.67,74.1,6072136,4477.56,"14-Aug-2026",28667,"",""
"1388","INSECTICID","EQ",655,655,628.6,631.15,630,627.8,10436,66.47,"14-Aug-2026",770,"",""
"1389","INSPIRE","SM",9.05,9.05,9.05,9.05,9.05,9.5,6000,0.54,"14-Aug-2026",3,"",""
"1390","INSPIRISYS","BE",87.47,87.47,87.47,87.47,87.47,92.07,4707,4.12,"14-Aug-2026",67,"",""
"1391","INSUREIETF","EQ",15.42,15.51,15.35,15.47,15.51,15.42,55403,8.55,"14-Aug-2026",87,"",""
"1392","INTEGRITY","ST",160,160,160,160,160,156.8,1200,1.92,"14-Aug-2026",1,"",""
"1393","INTELLECT","EQ",701.05,703.7,695.1,700.6,698,701.05,165377,1157.2,"14-Aug-2026",8656,"",""
"1394","INTENTECH","EQ",81.08,82.45,80.04,80.34,80.04,80.87,11416,9.22,"14-Aug-2026",373,"",""
"1395","INTERARCH","EQ",1728.7,1745.2,1709,1736.2,1725,1728.7,28053,485.18,"14-Aug-2026",2815,"",""
"1396","INTERNET","EQ",14.67,14.67,14.26,14.27,14.26,14.38,189539,27.22,"14-Aug-2026",245,"",""
"1397","INTLCONV","EQ",73.25,79,72.2,75.72,79,73.06,214201,160.39,"14-Aug-2026",2669,"",""
"1398","INVENTURE","EQ",0.9,0.93,0.9,0.92,0.92,0.91,1304031,11.97,"14-Aug-2026",336,"",""
"1399","INVPRECQ","BE",1145,1251,1145,1217.3,1210,1192,11724,143.28,"14-Aug-2026",326,"",""
"1400","IOB","EQ",33.73,33.73,33.51,33.59,33.57,33.73,1958494,658.02,"14-Aug-2026",8624,"",""
"1401","IOC","EQ",140.85,140.85,138.82,139.4,139.4,141.5,9237608,12886.47,"14-Aug-2026",109117,"",""
"1402","IOLCP","EQ",165.7,169.5,158.76,165.58,166.5,166.02,2595681,4293.25,"14-Aug-2026",21504,"",""
"1403","IONEXCHANG","EQ",377.5,381.4,372.1,372.95,373.6,377.5,128670,482.86,"14-Aug-2026",7726,"",""
"1404","IPCALAB","EQ",1800.8,1805,1720,1734.2,1733,1796.3,390591,6812.62,"14-Aug-2026",27327,"",""
"1405","IPHL","SM",66,67.8,63.85,65.1,65.1,66,13200,8.67,"14-Aug-2026",11,"",""
"1406","IPL","EQ",141.3,142.32,140,140.52,140,141.92,91542,129.21,"14-Aug-2026",1658,"",""
"1407","IRB","EQ",19.2,19.35,19.06,19.26,19.27,19.21,5641520,1082.24,"14-Aug-2026",15028,"",""
"1408","IRBINVIT","IV",63.77,64.66,63.77,64.42,64.58,63.77,676861,434.24,"14-Aug-2026",3834,"",""
"1409","IRCON","EQ",125.7,126.25,124.5,124.79,125,125.9,761739,953.86,"14-Aug-2026",11706,"",""
"1410","IRCTC","EQ",504.45,507.25,495.3,497.5,497.1,504.45,920342,4586.85,"14-Aug-2026",37768,"",""
"1411","IREDA","EQ",117.01,117.7,116.15,116.25,116.25,117.4,3365825,3922.29,"14-Aug-2026",25284,"",""
"1412","IRFC","EQ",88.2,88.5,87.5,87.57,87.57,88.35,3841249,3372.5,"14-Aug-2026",26644,"",""
"1413","IRIS","EQ",241,246.77,237.01,238.99,238.51,240.72,9952,23.91,"14-Aug-2026",275,"",""
"1414","IRISDOREME","EQ",57.9,58.65,57.36,57.93,58,57.51,760524,441.43,"14-Aug-2026",2175,"",""
"1415","IRMENERGY","EQ",294,305,292.05,294.15,294,297.05,104580,310.66,"14-Aug-2026",4075,"",""
"1416","ISFT","EQ",77.89,84.5,77.89,82.33,82.14,76.71,129557,107.51,"14-Aug-2026",891,"",""
"1417","ISGEC","EQ",744.7,753.45,730,732.15,731,744.65,128277,950.18,"14-Aug-2026",7928,"",""
"1418","ISHAN","SM",0.45,0.45,0.45,0.45,0.45,0.45,48000,0.22,"14-Aug-2026",1,"",""
"1419","ISHANCH","EQ",50.8,50.99,47.25,48.17,48,50.16,25135,12.44,"14-Aug-2026",560,"",""
"1420","IT","EQ",33.87,35.05,33.87,34.75,34.79,34.74,277897,96.59,"14-Aug-2026",699,"",""
"1421","ITADD","EQ",33.4,33.4,32.97,33.3,33.11,33.23,16250,5.4,"14-Aug-2026",74,"",""
"1422","ITALIANE","SM",30.45,30.5,30.45,30.5,30.5,30.65,4000,1.22,"14-Aug-2026",2,"",""
"1423","ITAXIS","EQ",337.62,349.48,337.62,346,347.18,344.51,1773,6.12,"14-Aug-2026",70,"",""
"1424","ITBEES","EQ",35.35,35.35,34.5,34.81,34.83,34.77,5521357,1919.16,"14-Aug-2026",11974,"",""
"1425","ITBETA","EQ",330.17,330.84,327.45,328.81,328.81,330.98,3693,12.17,"14-Aug-2026",21,"",""
"1426","ITC","EQ",278.35,278.35,275.95,278.2,278.2,278.5,7338537,20338.26,"14-Aug-2026",150815,"",""
"1427","ITCHOTELS","EQ",167,167.87,163.94,164.93,165,166.99,1325268,2191.53,"14-Aug-2026",18360,"",""
"1428","ITDC","EQ",700,710,692.1,696.75,700,699.85,166881,1167.82,"14-Aug-2026",10413,"",""
"1429","ITETF","EQ",33.4,33.41,32.95,33.2,33.22,33.42,179371,59.54,"14-Aug-2026",668,"",""
"1430","ITI","EQ",280,284.95,274,276.75,276.85,281.4,281046,779.03,"14-Aug-2026",8686,"",""
"1431","ITIETF","EQ",34.8,35.03,34.53,34.84,34.84,34.78,255577,88.94,"14-Aug-2026",1074,"",""
"1432","IVALUE","EQ",279.35,283,275.35,278.8,275.35,281.5,76515,214.06,"14-Aug-2026",1971,"",""
"1433","IVC","EQ",8.35,8.53,7.99,8.27,8.3,8.53,312089,25.64,"14-Aug-2026",923,"",""
"1434","IVP","BE",178,178,174.01,174.84,176,178.64,21354,37.47,"14-Aug-2026",105,"",""
"1435","IVZINGOLD","EQ",131.55,131.6,129.95,131.4,131.6,132.05,13205,17.27,"14-Aug-2026",224,"",""
"1436","IVZINNIFTY","EQ",279.18,280.26,279,279.72,279.72,279.8,1080,3.02,"14-Aug-2026",35,"",""
"1437","IWARE","ST",437.15,444.95,431.3,433,433,454,21000,91.09,"14-Aug-2026",35,"",""
"1438","IWP","EQ",34.9,37,33.9,34.96,34.5,33.8,14259,5.01,"14-Aug-2026",132,"",""
"1439","IXIGO","EQ",172,175.45,171.6,174.03,174.17,171.35,603188,1047.19,"14-Aug-2026",12084,"",""
"1440","IZMO","EQ",946.6,949,928.1,939.45,937.85,949.75,55853,523.75,"14-Aug-2026",4757,"",""
"1441","J&KBANK","EQ",157,157.46,154.28,155.48,155.1,157.78,1261873,1973.8,"14-Aug-2026",16849,"",""
"1442","JAGRAN","EQ",63.37,63.41,62.3,62.46,62.68,62.92,182925,114.69,"14-Aug-2026",25203,"",""
"1443","JAGSNPHARM","EQ",231.7,231.95,225.55,226.55,225.9,230.02,35685,81.16,"14-Aug-2026",1489,"",""
"1444","JAIBALAJI","EQ",68.87,71.75,68.1,70.6,69.7,68.87,994397,698.23,"14-Aug-2026",3691,"",""
"1445","JAICORPLTD","EQ",103,104.62,100.21,100.63,100.8,104.76,555471,564.02,"14-Aug-2026",6702,"",""
"1446","JAINAM","SM",235,235,235,235,235,235,5000,11.75,"14-Aug-2026",5,"",""
"1447","JAINIK","SM",199.15,207.3,199.15,207,207,199.15,12000,24.73,"14-Aug-2026",10,"",""
"1448","JAINREC","EQ",302,307,291.55,293.4,292,301.45,1340227,3978.76,"14-Aug-2026",22439,"",""
"1449","JAIPURKURT","EQ",27.99,27.99,27,27.49,27.5,27.07,7843,2.16,"14-Aug-2026",55,"",""
"1450","JALAN","ST",1.65,1.65,1.65,1.65,1.65,1.65,3000,0.05,"14-Aug-2026",1,"",""
"1451","JAMNAAUTO","EQ",127.59,127.9,122.7,123.12,123.27,126.68,1610868,2003.28,"14-Aug-2026",15858,"",""
"1452","JARO","EQ",460.1,469,451,453.45,452.15,463.95,80971,369.59,"14-Aug-2026",2279,"",""
"1453","JASH","EQ",486,492,482.55,490.05,491.05,483.6,57648,281.17,"14-Aug-2026",4017,"",""
"1454","JAYAGROGN","EQ",226.37,228.63,221,222.54,222.1,226.37,4220,9.48,"14-Aug-2026",239,"",""
"1455","JAYBARMARU","EQ",133.23,133.53,126.9,127.86,127.94,133.53,344081,445.41,"14-Aug-2026",4267,"",""
"1456","JAYBEE","SM",86.2,86.95,84.95,86.5,86.5,86.2,11500,9.84,"14-Aug-2026",19,"",""
"1457","JAYESH","SM",135.5,144.9,135.5,144.9,144.9,135,2000,2.8,"14-Aug-2026",2,"",""
"1458","JAYKAY","EQ",150.19,160.24,149,155.87,157,149.1,508230,786.81,"14-Aug-2026",6731,"",""
"1459","JAYNECOIND","EQ",90.84,90.95,88.21,88.93,88.98,90.76,1515113,1359.53,"14-Aug-2026",12625,"",""
"1460","JAYSREETEA","EQ",89.5,92.79,88.11,92.04,92.3,90.08,93449,85.48,"14-Aug-2026",1446,"",""
"1461","JBMA","EQ",630.6,632.9,621.05,622.95,623,632.9,141101,884.13,"14-Aug-2026",9050,"",""
"1462","JETFREIGHT","EQ",23,23.42,22.11,22.23,22.33,22.29,152779,34.46,"14-Aug-2026",737,"",""
"1463","JEYYAM","ST",24.05,24.4,23.65,23.95,24.3,24.85,740000,177.53,"14-Aug-2026",27,"",""
"1464","JFLLIFE","SM",13.2,13.2,13.2,13.2,13.2,12.95,12000,1.58,"14-Aug-2026",2,"",""
"1465","JGCHEM","EQ",619.1,631.3,601.1,606.15,602,613,310507,1909.31,"14-Aug-2026",10351,"",""
"1466","JHS","EQ",8.4,9.1,8.4,8.95,8.98,8.61,71047,6.35,"14-Aug-2026",332,"",""
"1467","JINDALPHOT","EQ",1074.2,1077.1,1053,1057.7,1060.2,1074.2,1733,18.44,"14-Aug-2026",346,"",""
"1468","JINDALPOLY","EQ",651.5,652.9,630.15,636.3,637.8,651.5,19186,123.37,"14-Aug-2026",955,"",""
"1469","JINDALSAW","EQ",265.7,268.4,263.15,267.1,267.25,264.4,422666,1127.92,"14-Aug-2026",13317,"",""
"1470","JINDALSTEL","EQ",1098.9,1105.6,1086,1091.5,1091.5,1099.9,493678,5403.26,"14-Aug-2026",19659,"",""
"1471","JINDRILL","EQ",597.05,601.9,585.1,588,586,596.4,86607,512.36,"14-Aug-2026",4347,"",""
"1472","JINDWORLD","EQ",35.75,35.89,35,35.26,35.29,35.78,2581458,915.98,"14-Aug-2026",7488,"",""
"1473","JIOFIN","EQ",255.6,255.6,249.05,249.05,249.05,255.6,16541508,41568.76,"14-Aug-2026",90249,"",""
"1474","JISLDVREQS","EQ",20.96,21.8,20.75,21.02,20.83,20.95,10285,2.17,"14-Aug-2026",143,"",""
"1475","JISLJALEQS","EQ",27,27.13,26.4,26.49,26.55,27.08,1814788,483.66,"14-Aug-2026",5247,"",""
"1476","JITFINFRA","EQ",329,337.8,311.05,314.4,315.9,332.9,80091,255.32,"14-Aug-2026",3077,"",""
"1477","JIWANRAM","SM",5,5,4.75,4.8,4.9,5,18000,0.88,"14-Aug-2026",3,"",""
"1478","JKCEMENT","EQ",5349,5393.5,5275.5,5306.5,5286,5348.5,13544,718.22,"14-Aug-2026",3886,"",""
"1479","JKIL","EQ",499,503,496,497.65,496.5,498.3,40349,200.94,"14-Aug-2026",1361,"",""
"1480","JKIPL","EQ",100.9,102.99,97.11,100.75,102.9,99.46,8000,7.97,"14-Aug-2026",277,"",""
"1481","JKLAKSHMI","EQ",549.2,554.75,544.95,549.05,550,549.2,73119,401.15,"14-Aug-2026",4832,"",""
"1482","JKPAPER","EQ",395.3,395.55,377.5,379.9,378.6,393.55,343464,1312.11,"14-Aug-2026",11271,"",""
"1483","JKTYRE","EQ",384,385.8,382.1,384.1,384,383.5,974368,3739.89,"14-Aug-2026",13222,"",""
"1484","JLHL","EQ",315,318.9,313.15,315.75,318,316,61691,195.25,"14-Aug-2026",4635,"",""
"1485","JMA","EQ",91,91,87.01,87.84,87.7,89.6,11199,9.94,"14-Aug-2026",246,"",""
"1486","JMFINANCIL","EQ",129,129.8,126,126.43,126.5,129.37,1183496,1504.07,"14-Aug-2026",11151,"",""
"1487","JNKINDIA","EQ",429.85,459.95,425,456.25,458.55,413.15,1481681,6644.3,"14-Aug-2026",32245,"",""
"1488","JNPR","EQ",252.9,258.8,247.81,251.36,249,249.89,2046891,5181.84,"14-Aug-2026",26902,"",""
"1489","JOCIL","BE",153.99,153.99,145.4,146.28,146.1,149.59,1189,1.75,"14-Aug-2026",22,"",""
"1490","JPOLYINVST","EQ",1053.9,1076,985,1011.1,1007,1063.1,74132,764.17,"14-Aug-2026",3045,"",""
"1491","JPPOWER","EQ",17.55,17.9,17.3,17.39,17.39,17.54,40020775,7010.73,"14-Aug-2026",94428,"",""
"1492","JSFB","EQ",571.95,580,566.2,577.75,575,571.15,454213,2613.82,"14-Aug-2026",12836,"",""
"1493","JSL","EQ",736.1,741.35,733.65,737.85,739.45,735.4,273090,2017.38,"14-Aug-2026",18928,"",""
"1494","JSLL","EQ",529.4,536.25,515.5,521.35,518,529.35,359295,1890.83,"14-Aug-2026",15353,"",""
"1495","JSWCEMENT","EQ",131,131.36,128.2,130.02,130.12,131.08,1890822,2453.74,"14-Aug-2026",24718,"",""
"1496","JSWDULUX","EQ",3141,3179.2,3116.1,3167.4,3165,3123.5,11795,373.16,"14-Aug-2026",2944,"",""
"1497","JSWENERGY","EQ",557.2,561.75,554.95,560,560,558.6,1214322,6779.83,"14-Aug-2026",25400,"",""
"1498","JSWHL","EQ",11727,12017,11567,11874,11974,11670,5712,673.8,"14-Aug-2026",2052,"",""
"1499","JSWINFRA","EQ",341.3,341.35,336.05,339.15,339.5,341.35,2085129,7053.49,"14-Aug-2026",31304,"",""
"1500","JSWSTEEL","EQ",1267.3,1276.7,1260.3,1270,1270,1275,975420,12376.67,"14-Aug-2026",34890,"",""
"1501","JTEKTINDIA","EQ",132.66,133,128.52,131.71,131.01,133.32,292301,383.28,"14-Aug-2026",4137,"",""
"1502","JTLIND","EQ",76.64,76.66,74.9,75.24,75.15,76.64,2012124,1519.6,"14-Aug-2026",9886,"",""
"1503","JUBLCPL","EQ",2420,2479,2280.2,2407.5,2351,2322.6,170516,4038.3,"14-Aug-2026",14931,"",""
"1504","JUBLFOOD","EQ",495.35,521,495,504.1,504.1,491.55,12894239,65737.6,"14-Aug-2026",173688,"",""
"1505","JUBLINGREA","EQ",739.8,740,729.45,736.95,737,736.3,161001,1185.06,"14-Aug-2026",8120,"",""
"1506","JUBLPHARMA","EQ",891,894.95,860,865.8,862,890.5,221700,1942.15,"14-Aug-2026",19654,"",""
"1507","JUNIORBEES","EQ",815.1,815.1,794,807.81,808,807.69,586595,4740.81,"14-Aug-2026",7086,"",""
"1508","JUNIPER","EQ",193.81,195.88,192.4,192.98,192.51,193.82,140098,271.01,"14-Aug-2026",3202,"",""
"1509","JUSTDIAL","EQ",677.85,688.3,676.1,681,678,677.85,96374,658.03,"14-Aug-2026",3746,"",""
"1510","JWL","EQ",258.8,260.95,254.5,256.5,257,257.6,502956,1290.91,"14-Aug-2026",11949,"",""
"1511","JYOTHYLAB","EQ",200.51,200.62,196.66,199.36,200,199.98,301848,599.79,"14-Aug-2026",9049,"",""
"1512","JYOTICNC","EQ",838.7,841,822.4,826.9,829.4,832.55,681580,5651.03,"14-Aug-2026",20093,"",""
"1513","JYOTISTRUC","EQ",11.05,11.13,10.41,10.62,10.7,11.02,7186157,769.9,"14-Aug-2026",6925,"",""
"1514","K2INFRA","ST",50.75,51.5,50,50.5,50.5,51,5400,2.75,"14-Aug-2026",9,"",""
"1515","KABRAEXTRU","EQ",486.2,521.4,486.2,517.4,513,484.3,485584,2487.52,"14-Aug-2026",16014,"",""
"1516","KAJARIACER","EQ",1267,1275,1235.5,1253.4,1259,1260.9,321026,4037.72,"14-Aug-2026",24013,"",""
"1517","KAKATCEM","EQ",107.28,107.98,105.71,107.58,107.97,103.77,1131,1.21,"14-Aug-2026",70,"",""
"1518","KALAMANDIR","EQ",86.09,87.8,86,87.04,87.17,85.83,350643,304.95,"14-Aug-2026",2737,"",""
"1519","KALANA","SM",19.05,19.05,19.05,19.05,19.05,19.1,4000,0.76,"14-Aug-2026",2,"",""
"1520","KALPATARU","EQ",287.9,292.25,284.05,286.25,288,287.9,47881,137.97,"14-Aug-2026",1373,"",""
"1521","KALYANIFRG","EQ",668.3,668.3,629.65,643.5,635.4,667.25,6113,39.28,"14-Aug-2026",576,"",""
"1522","KALYANKJIL","EQ",614.45,619.7,605,608.25,608.25,613.4,7183291,43981.71,"14-Aug-2026",62827,"",""
"1523","KAMAHOLD","EQ",2475,2783.9,2435.4,2449.5,2448.2,2474.2,58635,1491.4,"14-Aug-2026",5877,"",""
"1524","KAMATHOTEL","EQ",188.8,197,188,195.87,196.99,187.54,217673,421.66,"14-Aug-2026",3629,"",""
"1525","KAMDHENU","BE",34.19,35.11,31.77,34.75,34.3,33.44,1026983,341.42,"14-Aug-2026",929,"",""
"1526","KAMOPAINTS","EQ",4.5,5.31,4.24,4.54,4.46,4.54,920413,40.5,"14-Aug-2026",2239,"",""
"1527","KANANIIND","EQ",1.6,1.6,1.44,1.49,1.47,1.52,221832,3.34,"14-Aug-2026",432,"",""
"1528","KANCHI","EQ",377.9,381,365,370.6,375,377.9,1663,6.22,"14-Aug-2026",82,"",""
"1529","KANDARP","SM",107,107,102.25,104.95,104.95,105.8,6000,6.22,"14-Aug-2026",6,"",""
"1530","KANORICHEM","BE",154.88,158.6,150,152.29,153.95,155.65,24723,37.98,"14-Aug-2026",192,"",""
"1531","KANPRPLA","EQ",261.68,264.01,250,251.18,250,260.38,88216,224.97,"14-Aug-2026",2422,"",""
"1532","KANSAINER","EQ",209.8,210.01,204.1,204.75,205.4,209.12,110705,228.83,"14-Aug-2026",3809,"",""
"1533","KAPSTON","EQ",593,593,585,588.4,590.5,585.1,56502,333.21,"14-Aug-2026",2198,"",""
"1534","KARMAENG","EQ",41.9,42.6,39.51,39.71,40.45,41.22,3116,1.27,"14-Aug-2026",99,"",""
"1535","KARNIKA","SM",115.75,118.95,115,118.95,118.95,118.3,21000,24.42,"14-Aug-2026",18,"",""
"1536","KARURVYSYA","EQ",335.5,336.2,331.1,331.75,331.25,335.95,687275,2289.17,"14-Aug-2026",23385,"",""
"1537","KATARIA","SM",97,97,97,97,97,96.3,600,0.58,"14-Aug-2026",1,"",""
"1538","KAUSHALYA","BE",901,939.9,901,907.2,907.2,928,423,3.84,"14-Aug-2026",26,"",""
"1539","KAVDEFENCE","EQ",58.4,58.5,56.15,56.96,57.39,57.29,75502,43.31,"14-Aug-2026",1072,"",""
"1540","KAYA","EQ",288,305,287.45,296.85,305,292.8,12712,37.42,"14-Aug-2026",547,"",""
"1541","KAYNES","EQ",3756.6,3788.9,3650,3660.2,3660.2,3760.5,683138,25262.88,"14-Aug-2026",45591,"",""
"1542","KAYTEX","SM",57.95,59.95,56.35,58.25,59.3,60.3,8800,5.06,"14-Aug-2026",11,"",""
"1543","KCEIL","SM",81.4,81.6,78.55,81.15,81,81.25,7000,5.64,"14-Aug-2026",14,"",""
"1544","KCK","ST",15.5,15.5,14.95,15.05,15.1,15.6,37500,5.69,"14-Aug-2026",12,"",""
"1545","KCP","EQ",154.78,161.49,150.99,156.22,154.5,154.78,365598,571.27,"14-Aug-2026",6504,"",""
"1546","KCPSUGIND","BE",30.27,31.41,29.12,30.49,29.96,30.27,227110,68.62,"14-Aug-2026",560,"",""
"1547","KDDL","EQ",3928.1,3949.9,3870.2,3930.2,3936.9,3945.9,20113,787.04,"14-Aug-2026",3846,"",""
"1548","KDL","SM",88,96.35,88,96.35,96.35,87.6,42150,39.82,"14-Aug-2026",165,"",""
"1549","KEC","EQ",445.1,446.25,438,439.9,440,444.65,610849,2686.65,"14-Aug-2026",27379,"",""
"1550","KECL","EQ",145.79,148,141,143.56,144,142.8,373366,537.25,"14-Aug-2026",6175,"",""
"1551","KEEPLEARN","EQ",2.04,2.04,1.79,1.83,1.84,1.84,32707,0.61,"14-Aug-2026",86,"",""
"1552","KEI","EQ",5770,5795,5672.2,5700,5700,5789,189387,10811.16,"14-Aug-2026",24943,"",""
"1553","KELLTONTEC","EQ",13.76,13.92,13.64,13.71,13.78,13.78,983381,135.32,"14-Aug-2026",2519,"",""
"1554","KEN","SM",40.1,44.95,40.1,43,43.5,40.1,168000,73.37,"14-Aug-2026",67,"",""
"1555","KENNAMET","EQ",3775,3775,3492.5,3513.3,3527,3674.1,164275,5978.39,"14-Aug-2026",18232,"",""
"1556","KERNEX","EQ",2225,2340,2001,2024.2,2046,2242.7,1262801,26850.35,"14-Aug-2026",90312,"",""
"1557","KESORAMIND","BE",11.64,11.87,11.64,11.7,11.7,11.87,287226,33.58,"14-Aug-2026",259,"",""
"1558","KEYFINSERV","EQ",270,270,265,267.2,268.75,265.65,3342,8.96,"14-Aug-2026",93,"",""
"1559","KFINTECH","EQ",929,946.5,911.7,940,940,929,813246,7571.29,"14-Aug-2026",21418,"",""
"1560","KHADIM","BE",94.54,98.59,94.07,98.59,98.59,93.9,75190,73.37,"14-Aug-2026",354,"",""
"1561","KHAICHEM","EQ",51.45,52.79,50.3,52.37,52.79,51.19,323529,168.37,"14-Aug-2026",1088,"",""
"1562","KHAITANLTD","EQ",143,143.4,139,139.18,139.24,143.13,4409,6.17,"14-Aug-2026",83,"",""
"1563","KHANDSE","EQ",16.91,18,16.71,17.7,17.7,17.1,125,0.02,"14-Aug-2026",22,"",""
"1564","KICL","EQ",5459,5462,5270,5305,5329,5459,1104,59.28,"14-Aug-2026",364,"",""
"1565","KILITCH","BE",181.66,181.66,181.66,181.66,181.66,191.22,7225,13.12,"14-Aug-2026",79,"",""
"1566","KIMS","EQ",809.9,827.95,804.1,809.1,808.8,807.55,414165,3356.36,"14-Aug-2026",22084,"",""
"1567","KINGFA","EQ",6000,6077.5,5777,5870,5900,6028.5,27699,1642.46,"14-Aug-2026",7743,"",""
"1568","KIOCL","EQ",384.9,397.6,382.1,389.55,386.55,384.85,156282,609.58,"14-Aug-2026",7091,"",""
"1569","KIRANVYPAR","EQ",199.31,201.31,196,201.18,201.29,200.31,2777,5.56,"14-Aug-2026",30,"",""
"1570","KIRIINDUS","EQ",417.95,419.6,409.6,411.45,410.05,414.65,174742,722.98,"14-Aug-2026",5519,"",""
"1571","KIRLFER","EQ",435.55,438.7,428,432.3,431,435.55,74535,322.25,"14-Aug-2026",4022,"",""
"1572","KIRLOSBROS","EQ",1936,1950,1900,1905.5,1915,1935.5,24200,464.69,"14-Aug-2026",3890,"",""
"1573","KIRLOSENG","EQ",2069.9,2111.9,2069.9,2100.1,2100,2059.9,304869,6386.75,"14-Aug-2026",29463,"",""
"1574","KIRLOSIND","EQ",3806.4,3826.3,3728.1,3754.4,3747,3806.4,2462,92.57,"14-Aug-2026",579,"",""
"1575","KIRLPNU","EQ",1510,1535.8,1489,1524.7,1526.9,1506.8,188824,2867.88,"14-Aug-2026",25242,"",""
"1576","KISSHT","EQ",300.9,311,296,309.5,307.5,300.9,1707351,5192.11,"14-Aug-2026",32414,"",""
"1577","KITEX","EQ",139.21,141,133.8,134.24,134.2,138.89,508982,689.13,"14-Aug-2026",5646,"",""
"1578","KKCL","EQ",524.1,528.9,511,512.7,514.8,521.4,44827,230.38,"14-Aug-2026",1303,"",""
"1579","KKJEWELS","SM",104,104,104,104,104,103.75,1000,1.04,"14-Aug-2026",1,"",""
"1580","KLBRENG-B","EQ",361.45,371,353.55,358.2,358,358.9,97180,349.86,"14-Aug-2026",3267,"",""
"1581","KLL","SM",21.45,22.15,21.4,22.15,22.15,21.3,4800,1.04,"14-Aug-2026",6,"",""
"1582","KMEW","EQ",2730,2815.8,2650.3,2730.8,2726,2709.8,159236,4367.23,"14-Aug-2026",23253,"",""
"1583","KMSUGAR","EQ",27.75,28.75,27.5,27.56,27.62,27.74,180341,50.71,"14-Aug-2026",1088,"",""
"1584","KNACK","EQ",205.5,211.9,205.25,208.02,208.25,204.56,1008256,2099.13,"14-Aug-2026",13590,"",""
"1585","KNAGRI","EQ",217.4,231,216.99,225.91,220,214.52,62154,140.59,"14-Aug-2026",1084,"",""
"1586","KNRCON","EQ",130.01,138.19,127.06,132.43,132.44,134.58,3965385,5279.55,"14-Aug-2026",39827,"",""
"1587","KODYTECH","ST",1360,1407,1360,1399,1399,1384.9,5400,75.27,"14-Aug-2026",40,"",""
"1588","KOHINOOR","EQ",23.11,27.72,22.97,27.72,27.72,23.1,982184,266.82,"14-Aug-2026",4829,"",""
"1589","KOKUYOCMLN","EQ",81.76,82.5,80.31,81.54,81.9,81.05,56037,45.52,"14-Aug-2026",895,"",""
"1590","KOLTEPATIL","EQ",490,490.6,472.65,477.7,474,491.9,162676,781.18,"14-Aug-2026",5330,"",""
"1591","KONSTELEC","ST",61.55,61.55,57.35,58.7,61.4,60,4000,2.38,"14-Aug-2026",4,"",""
"1592","KOPRAN","BE",184,190.2,182.5,190.2,190.2,181.15,147065,276.68,"14-Aug-2026",1053,"",""
"1593","KORE","SM",164.5,179,164.5,177,177,178.2,10250,18.15,"14-Aug-2026",12,"",""
"1594","KOTAKBANK","EQ",393.1,394.35,389.85,391.15,391.15,392.4,9519332,37317.13,"14-Aug-2026",125474,"",""
"1595","KOTARISUG","EQ",26.68,27,26.15,26.28,26.45,26.51,67646,17.94,"14-Aug-2026",358,"",""
"1596","KOTHARIPET","EQ",148.5,151.18,141.35,143.92,145.9,149.65,102829,151.07,"14-Aug-2026",1805,"",""
"1597","KOTHARIPRO","EQ",69.45,70.99,68.8,68.98,69,69.15,11706,8.11,"14-Aug-2026",190,"",""
"1598","KOTIC","EQ",144.16,147.9,143.08,146.18,145.45,144.18,15271,22.3,"14-Aug-2026",286,"",""
"1599","KOTYARK","BE",40.28,40.28,40.28,40.28,40.28,42.84,78790,31.74,"14-Aug-2026",516,"",""
"1600","KOVAI","EQ",5920,6083.5,5892,6038.5,6049,5891.5,7285,438.32,"14-Aug-2026",1803,"",""
"1601","KPEL","EQ",256,257,251,252.1,253.85,256.2,344649,870.57,"14-Aug-2026",6067,"",""
"1602","KPIGREEN","EQ",325,330,317,319,319,328.25,1330666,4276.15,"14-Aug-2026",30661,"",""
"1603","KPIL","EQ",1354.1,1387.9,1342.8,1352.2,1350,1365.1,319973,4364.66,"14-Aug-2026",23764,"",""
"1604","KPITTECH","EQ",623.6,625.4,610.85,614,614,620.5,640338,3944.12,"14-Aug-2026",15167,"",""
"1605","KPL","EQ",3364.8,3486,3280.3,3436.5,3400.1,3343,41296,1399.69,"14-Aug-2026",6768,"",""
"1606","KPRMILL","EQ",1087.3,1113.7,1081.1,1110,1105,1084.7,170694,1884.31,"14-Aug-2026",10860,"",""
"1607","KRBL","EQ",389.5,402,381.75,386.4,385.8,372.4,4140543,16232.77,"14-Aug-2026",72014,"",""
"1608","KREBSBIO","EQ",55.7,56,53.52,54.6,54.51,55.93,3920,2.16,"14-Aug-2026",84,"",""
"1609","KRIDHANINF","BE",2.34,2.34,2.2,2.22,2.23,2.24,33862,0.75,"14-Aug-2026",52,"",""
"1610","KRISHANA","EQ",188.99,192.3,187.01,190.68,190.4,188.94,806519,1538.11,"14-Aug-2026",10276,"",""
"1611","KRISHCA","SM",173.8,173.8,173.8,173.8,173.8,174,500,0.87,"14-Aug-2026",1,"",""
"1612","KRISHIVAL","EQ",407,409.95,405.5,406.6,409.4,405.9,12680,51.78,"14-Aug-2026",621,"",""
"1613","KRISHNADEF","EQ",1076,1093,1038,1077.7,1080,1073.5,162907,1728.89,"14-Aug-2026",12279,"",""
"1614","KRITI","EQ",66.25,71.7,66.25,67.77,67.5,68.84,4439,3.02,"14-Aug-2026",111,"",""
"1615","KRITIKA","EQ",5.71,5.71,5.54,5.59,5.67,5.71,112333,6.29,"14-Aug-2026",442,"",""
"1616","KRITINUT","EQ",84.95,84.95,81.11,82.16,83.4,82.92,11075,9.14,"14-Aug-2026",268,"",""
"1617","KRMAYURVED","SM",294.9,295,278,282.85,282,290.2,77000,221.2,"14-Aug-2026",60,"",""
"1618","KRN","EQ",1468.3,1468.3,1468.3,1468.3,1468.3,1398.4,407590,5984.64,"14-Aug-2026",2028,"",""
"1619","KRONOX","EQ",155,157.76,148.11,150.53,150.52,155.14,338385,512.05,"14-Aug-2026",6660,"",""
"1620","KROSS","EQ",202.5,211.94,202.5,210.2,209.95,203.05,826357,1729.16,"14-Aug-2026",14259,"",""
"1621","KRSNAA","EQ",557.95,586,557,575.3,573,556.75,273308,1564.27,"14-Aug-2026",17317,"",""
"1622","KRT","RR",116.75,117,115.7,115.98,115.9,116.46,1149074,1334.11,"14-Aug-2026",4108,"",""
"1623","KRYSTAL","EQ",622.3,623,620,620,620,620.1,16022,99.36,"14-Aug-2026",221,"",""
"1624","KSB","EQ",807.5,813.7,799.15,801.25,800.1,802.8,61194,491.72,"14-Aug-2026",8573,"",""
"1625","KSCL","EQ",761,784.3,755,779.95,777,772.3,165036,1277.5,"14-Aug-2026",7878,"",""
"1626","KSHINTL","EQ",1007.35,1039.4,1006.45,1028.6,1035.3,1001.45,327748,3341.73,"14-Aug-2026",18164,"",""
"1627","KSHITIJPOL","EQ",3.1,3.12,3.05,3.11,3.11,2.98,4329051,134.83,"14-Aug-2026",1177,"",""
"1628","KSL","EQ",860.25,866.95,832.1,838.95,835,860.3,35202,297.02,"14-Aug-2026",3285,"",""
"1629","KSOLVES","EQ",276.3,278,272.35,277.1,278,274.3,18161,49.96,"14-Aug-2026",1068,"",""
"1630","KSR","EQ",29.48,30.99,28,29.86,30,29.48,15229,4.38,"14-Aug-2026",225,"",""
"1631","KTKBANK","EQ",313,316,308.8,309.65,309.35,312.75,2960239,9235.55,"14-Aug-2026",29993,"",""
"1632","KUANTUM","EQ",79.9,82,79.87,80.66,80.01,79.9,164943,133.3,"14-Aug-2026",1340,"",""
"1633","KUSUMGAR","EQ",595.05,610.6,594.05,601.85,600,598.25,381572,2300.37,"14-Aug-2026",18008,"",""
"1634","KWIL","EQ",37.25,37.25,35.51,35.99,36,36.94,11770440,4252.18,"14-Aug-2026",23548,"",""
"1635","LAGNAM","EQ",79.02,79.95,77.22,78.79,79.94,78.29,11384,8.92,"14-Aug-2026",151,"",""
"1636","LAHOTIOV","EQ",42.9,42.9,41,41.03,41.4,41.53,7031,2.93,"14-Aug-2026",43,"",""
"1637","LAKPRE","BZ",4.8,4.8,4.8,4.8,4.8,4.76,85,0,"14-Aug-2026",1,"",""
"1638","LAL","EQ",9.13,9.13,8.61,8.8,8.99,8.81,16228,1.42,"14-Aug-2026",95,"",""
"1639","LALPATHLAB","EQ",1968.4,1968.4,1907.9,1916.3,1910,1968.4,229786,4420.73,"14-Aug-2026",25225,"",""
"1640","LAMBODHARA","EQ",113.7,115.72,111,111.54,112.85,113,4255,4.78,"14-Aug-2026",147,"",""
"1641","LAMOSAIC","ST",55.85,57.45,53.75,56.5,56,55.6,91200,51.05,"14-Aug-2026",53,"",""
"1642","LANCORHOL","EQ",28.9,29.59,27.5,28.88,28.75,27.85,207596,59.55,"14-Aug-2026",2528,"",""
"1643","LANDMARK","EQ",532,533.65,507.45,511.65,515.95,532,148999,771.67,"14-Aug-2026",5360,"",""
"1644","LANDSMILL","EQ",0.76,0.77,0.75,0.76,0.77,0.76,2005926,15.31,"14-Aug-2026",853,"",""
"1645","LAOPALA","EQ",194,195.2,191.05,192.51,192,194.26,167876,322.69,"14-Aug-2026",4377,"",""
"1646","LASA","EQ",7.49,7.55,7.25,7.41,7.39,7.52,10223,0.76,"14-Aug-2026",105,"",""
"1647","LASERPOWER","EQ",297.9,306.6,295.6,302.9,302.5,298,1688928,5099.44,"14-Aug-2026",20477,"",""
"1648","LATENTVIEW","EQ",286,289.8,283.5,285.2,285,285.25,197641,564.29,"14-Aug-2026",5464,"",""
"1649","LATTEYS","BE",21.64,21.64,20,20.59,20.79,20.89,87358,18.09,"14-Aug-2026",257,"",""
"1650","LAURUSLABS","EQ",1849.9,1853.2,1777.7,1787.3,1787.3,1851.7,1581352,28693.66,"14-Aug-2026",45572,"",""
"1651","LAXMICOT","EQ",13.89,14.47,13,13.42,13.63,13.89,33833,4.5,"14-Aug-2026",154,"",""
"1652","LAXMIDENTL","EQ",205.82,205.82,200.56,201.82,203,206.23,117987,238.27,"14-Aug-2026",3453,"",""
"1653","LAXMIINDIA","BE",124.13,128.89,122.59,124.38,125,129.04,251213,309.6,"14-Aug-2026",864,"",""
"1654","LCCINFOTEC","EQ",4.05,4.05,3.9,3.92,3.93,3.9,33273,1.32,"14-Aug-2026",95,"",""
"1655","LCL","EQ",533.95,542.4,523.2,528.95,530,534.35,271602,1442.78,"14-Aug-2026",7131,"",""
"1656","LEAPIND","EQ",165.9,167,143,144.93,146,159,92916431,145890.15,"14-Aug-2026",590818,"",""
"1657","LEMERITE","EQ",23.55,23.55,22.31,23.17,23.4,23.24,410983,95.03,"14-Aug-2026",804,"",""
"1658","LEMONTREE","EQ",109.05,109.74,108.53,108.92,108.7,109.05,2255426,2460.57,"14-Aug-2026",27715,"",""
"1659","LENSKART","EQ",597.75,616,597.75,611.85,612,596.9,8204077,50069.87,"14-Aug-2026",140244,"",""
"1660","LEXUS","EQ",14.05,14.3,13.51,13.57,13.57,13.81,9278,1.28,"14-Aug-2026",138,"",""
"1661","LFIC","EQ",139.31,143.1,139.31,140.21,140,140.15,1527,2.14,"14-Aug-2026",85,"",""
"1662","LGBBROSLTD","EQ",1590,1601.5,1580,1596.7,1593.6,1591.2,18048,287.24,"14-Aug-2026",2795,"",""
"1663","LGEINDIA","EQ",1620,1736.1,1611,1729.7,1736.1,1578.3,9832158,166476.77,"14-Aug-2026",341244,"",""
"1664","LGHL","EQ",198,199.81,178.5,182,181,196.44,53218,100.01,"14-Aug-2026",1860,"",""
"1665","LIBAS","EQ",10.02,10.02,9.52,9.72,9.73,9.81,29438,2.84,"14-Aug-2026",234,"",""
"1666","LIBERTSHOE","EQ",238,242,238,238.7,239.95,238.55,17825,42.75,"14-Aug-2026",450,"",""
"1667","LICHSGFIN","EQ",502,502.1,498,500,500,502,874975,4371.22,"14-Aug-2026",21521,"",""
"1668","LICI","EQ",411,416.15,406.25,413.5,413.5,412.15,14993510,61912.99,"14-Aug-2026",54040,"",""
"1669","LICMFGOLD","EQ",136.45,136.8,135.05,136.4,136.45,137.05,36493,49.59,"14-Aug-2026",535,"",""
"1670","LICNETFGSC","EQ",29.64,29.74,29.62,29.73,29.74,29.64,14623,4.34,"14-Aug-2026",80,"",""
"1671","LICNETFN50","EQ",274.56,274.57,272.36,273.15,273.15,273.2,770,2.1,"14-Aug-2026",33,"",""
"1672","LICNETFSEN","EQ",884.14,884.74,874.93,880,880,883.91,138,1.21,"14-Aug-2026",10,"",""
"1673","LICNFNHGP","EQ",280.92,281.77,278.73,278.73,278.73,280.31,74,0.21,"14-Aug-2026",9,"",""
"1674","LICNMID100","EQ",64.72,64.73,64.35,64.46,64.36,64.57,2725,1.76,"14-Aug-2026",65,"",""
"1675","LIKHITHA","EQ",229.75,231.79,215,217.17,220,227.74,57860,128.04,"14-Aug-2026",1369,"",""
"1676","LINC","EQ",98.99,100.39,96.72,97.92,99.5,97.88,16272,15.9,"14-Aug-2026",363,"",""
"1677","LINCOLN","EQ",638,644.4,609.3,613.4,612.1,619.5,134766,844.74,"14-Aug-2026",6740,"",""
"1678","LINDEINDIA","EQ",6735,6735,6645,6696,6700,6688.5,16630,1113.02,"14-Aug-2026",4323,"",""
"1679","LIQGRWBEES","EQ",1051.81,1051.83,1051.81,1051.81,1051.81,1051.42,73028,768.12,"14-Aug-2026",158,"",""
"1680","LIQUID","EQ",999.99,1000,999.99,999.99,1000,999.99,503451,5034.5,"14-Aug-2026",258,"",""
"1681","LIQUID1","EQ",1119,1119,1118.37,1118.38,1118.39,1117.91,757684,8473.78,"14-Aug-2026",600,"",""
"1682","LIQUIDADD","EQ",1140.44,1140.5,1140.44,1140.49,1140.49,1140.02,336323,3835.73,"14-Aug-2026",301,"",""
"1683","LIQUIDBEES","EQ",999.99,1000.01,999,1000,1000.01,999.99,2686770,26867.68,"14-Aug-2026",3707,"",""
"1684","LIQUIDBETF","EQ",1094.77,1094.79,1094.77,1094.78,1094.78,1094.34,209412,2292.6,"14-Aug-2026",167,"",""
"1685","LIQUIDCASE","EQ",115.5,115.5,115.48,115.49,115.48,115.43,17379135,20071.67,"14-Aug-2026",9226,"",""
"1686","LIQUIDETF","EQ",1000,1000.01,999.99,999.99,1000,1000,278309,2783.09,"14-Aug-2026",293,"",""
"1687","LIQUIDIETF","EQ",999.99,1000.01,955,998.9,999.99,999.99,419597,4192.34,"14-Aug-2026",304,"",""
"1688","LIQUIDPLUS","EQ",1098.63,1099.58,1098.63,1099.09,1099.09,1098.63,887203,9751.02,"14-Aug-2026",325,"",""
"1689","LIQUIDSBI","EQ",999.99,1000.01,999.99,1000,1000.01,1000.01,2803,28.03,"14-Aug-2026",17,"",""
"1690","LIQUIDSHRI","EQ",1117.48,1117.5,1117.48,1117.48,1117.5,1117.08,4818,53.84,"14-Aug-2026",24,"",""
"1691","LLOYDS","SM",65,65,62.9,62.9,62.9,66.2,6000,3.81,"14-Aug-2026",6,"",""
"1692","LLOYDSENGG","EQ",91.15,94.5,91.15,93.53,93.5,91.15,8313171,7769.73,"14-Aug-2026",33676,"",""
"1693","LLOYDSENT","EQ",76.39,77.87,75.68,76.49,76.43,76.04,3029612,2328.74,"14-Aug-2026",12955,"",""
"1694","LLOYDSME","EQ",1900,1933,1884.6,1918.6,1919,1898.4,370653,7107.38,"14-Aug-2026",17055,"",""
"1695","LMW","EQ",18735,19179,18403,18921,19100,18747,11951,2240.58,"14-Aug-2026",3682,"",""
"1696","LODHA","EQ",1237.9,1254.6,1227,1243.9,1243.9,1232.3,1145101,14233.07,"14-Aug-2026",25453,"",""
"1697","LOKESHMACH","BE",347,347.1,347,347.1,347.1,347,21428,74.36,"14-Aug-2026",101,"",""
"1698","LORDSCHLO","EQ",140.9,140.9,137.71,138.53,139.8,138.37,11935,16.59,"14-Aug-2026",254,"",""
"1699","LOTUSDEV","BE",174,175.9,166.01,172.45,172,174.03,1513363,2593.77,"14-Aug-2026",7344,"",""
"1700","LOTUSEYE","EQ",117.5,118.2,115,115.22,115,116.61,9918,11.5,"14-Aug-2026",222,"",""
"1701","LOVABLE","EQ",73.5,74,72,72.7,73,71.66,9153,6.67,"14-Aug-2026",127,"",""
"1702","LOWVOL","EQ",211.39,211.52,210.85,210.85,210.85,211.39,3184,6.72,"14-Aug-2026",8,"",""
"1703","LOWVOL1","EQ",21.58,21.88,21.5,21.58,21.68,21.58,973756,210.8,"14-Aug-2026",165,"",""
"1704","LOWVOLIETF","EQ",22.81,22.81,22.17,22.59,22.67,22.62,1220552,275.63,"14-Aug-2026",894,"",""
"1705","LOYALTEX","EQ",220,220.5,216,218.2,218.2,225.2,836,1.83,"14-Aug-2026",29,"",""
"1706","LPDC","EQ",8.62,9.05,8,8.12,8.15,7.56,1401701,120.44,"14-Aug-2026",3614,"",""
"1707","LT","EQ",4068.7,4072.5,4033.1,4057,4057,4070.7,934044,37858.71,"14-Aug-2026",56246,"",""
"1708","LTF","EQ",314.9,315.3,306,306.3,306.3,315.35,3682349,11361.35,"14-Aug-2026",39511,"",""
"1709","LTFOODS","EQ",418.95,425.95,418.35,419.8,421.3,418.95,345320,1457.42,"14-Aug-2026",18429,"",""
"1710","LTGILTBEES","EQ",30.15,30.15,30.08,30.12,30.13,30.09,1089898,328.31,"14-Aug-2026",576,"",""
"1711","LTGILTCASE","EQ",31.08,31.08,30.65,30.7,30.72,30.69,58682,18.02,"14-Aug-2026",219,"",""
"1712","LTM","EQ",4725,4801.2,4686.1,4715,4715,4765,189073,8939.63,"14-Aug-2026",19718,"",""
"1713","LTTS","EQ",3604.7,3604.7,3460,3476.8,3475.9,3604.7,142849,5006.08,"14-Aug-2026",21238,"",""
"1714","LUMAXIND","EQ",5886,5925,5773.5,5796.5,5800,5849,13046,761.35,"14-Aug-2026",3167,"",""
"1715","LUMAXTECH","EQ",1970,2055,1970,2025.7,2018,1987.5,261553,5311.61,"14-Aug-2026",28680,"",""
"1716","LUPIN","EQ",2255,2263.1,2230.1,2235,2235,2250.3,591412,13257,"14-Aug-2026",29924,"",""
"1717","LUXIND","EQ",1209.3,1216,1175,1188.1,1181,1209.3,38933,462.33,"14-Aug-2026",3196,"",""
"1718","LXCHEM","EQ",175,179.3,174.58,176.05,175.6,174.11,796176,1405.56,"14-Aug-2026",12318,"",""
"1719","LYKALABS","BE",67.5,67.5,66.64,66.7,66.7,68,3584,2.39,"14-Aug-2026",32,"",""
"1720","M&M","EQ",3425,3430,3378.3,3428.3,3428.3,3428.2,1032969,35230.62,"14-Aug-2026",75587,"",""
"1721","M&MFIN","EQ",398.9,400.45,388.9,390.1,389.6,396.4,1855407,7290.6,"14-Aug-2026",30198,"",""
"1722","MAANALU","EQ",123,125,118.81,120.15,120,121.7,44569,53.87,"14-Aug-2026",964,"",""
"1723","MACOBSTECH","SM",209,209,209,209,209,209,1600,3.34,"14-Aug-2026",1,"",""
"1724","MACPOWER","EQ",1752,1825,1725,1749.3,1753,1746.3,17852,315.12,"14-Aug-2026",2033,"",""
"1725","MADHAV","EQ",35.04,36.2,35.04,35.04,35.04,35.76,221,0.08,"14-Aug-2026",21,"",""
"1726","MADHAVBAUG","ST",184.05,184.05,179,179,179,185,800,1.45,"14-Aug-2026",2,"",""
"1727","MADHAVIPL","EQ",7.05,7.18,7.02,7.07,7.05,7.1,87530,6.23,"14-Aug-2026",282,"",""
"1728","MADHUCON","BE",5.51,5.51,5.25,5.3,5.3,5.25,35768,1.93,"14-Aug-2026",53,"",""
"1729","MADHUSUDAN","ST",222.15,234,222,224.35,233.45,227.3,27000,61.29,"14-Aug-2026",24,"",""
"1730","MADRASFERT","EQ",66.5,66.5,65.07,65.56,65.36,65.51,21016,13.78,"14-Aug-2026",501,"",""
"1731","MAFANG","EQ",207.39,207.39,207.39,207.39,207.39,208.59,84336,174.9,"14-Aug-2026",392,"",""
"1732","MAFATIND","EQ",126.98,127,119.6,122.55,122.2,126.5,143374,174.84,"14-Aug-2026",2505,"",""
"1733","MAGADSUGAR","EQ",544,560.15,537.55,543.3,543.95,542.85,26991,147.9,"14-Aug-2026",1130,"",""
"1734","MAGNUM","EQ",19.2,19.85,19,19.03,19.02,19.5,38658,7.48,"14-Aug-2026",111,"",""
"1735","MAGSON","SM",184,184,184,184,184,182,8000,14.72,"14-Aug-2026",1,"",""
"1736","MAHABANK","EQ",81.95,81.95,79.8,80.12,80.29,81.65,10900006,8761.84,"14-Aug-2026",46110,"",""
"1737","MAHAPEXLTD","EQ",53.8,53.8,49.25,50.41,50.1,54.74,73053,37.28,"14-Aug-2026",770,"",""
"1738","MAHASTEEL","BE",1033.8,1069.9,1028.7,1066,1055,1028.7,5720,59.96,"14-Aug-2026",165,"",""
"1739","MAHEPC","EQ",108.8,108.83,106.5,107.56,107.7,107.84,11162,11.98,"14-Aug-2026",301,"",""
"1740","MAHESHWARI","BE",72.5,72.55,70.1,72.5,72.5,73.01,24666,17.73,"14-Aug-2026",56,"",""
"1741","MAHICKRA","SM",281,301,278,295,295,285.05,9000,26.29,"14-Aug-2026",12,"",""
"1742","MAHKTECH","EQ",23.41,23.41,23.41,23.41,23.41,23.45,348941,81.69,"14-Aug-2026",255,"",""
"1743","MAHLIFE","EQ",386,386.4,383,384.9,384.3,383.75,43419,167.07,"14-Aug-2026",2391,"",""
"1744","MAHLOG","EQ",406,409.8,403.95,405.5,408,406,74988,305.15,"14-Aug-2026",4032,"",""
"1745","MAHSCOOTER","EQ",13340,13533,13262,13330,13388,13340,1291,172.66,"14-Aug-2026",636,"",""
"1746","MAHSEAMLES","EQ",610,615,606.5,612.45,610,612,85390,522.37,"14-Aug-2026",8493,"",""
"1747","MAITHANALL","EQ",974,997,967.6,971.25,970,974.05,28418,277.17,"14-Aug-2026",1759,"",""
"1748","MAITREYA","SM",124,124,122,122,122,124.15,1200,1.48,"14-Aug-2026",3,"",""
"1749","MAJESAUT","BE",372,398.5,364,378.5,377,380.6,16595,62.9,"14-Aug-2026",721,"",""
"1750","MAKEINDIA","EQ",168.62,169,168.18,168.82,168.69,168.91,25558,43.13,"14-Aug-2026",373,"",""
"1751","MAKS","SM",16.35,16.35,16.3,16.3,16.3,16.35,3000,0.49,"14-Aug-2026",2,"",""
"1752","MAL","SM",31.35,31.5,30.75,30.9,30.9,30.5,11200,3.49,"14-Aug-2026",7,"",""
"1753","MALLCOM","EQ",965,982.55,960,969.55,975,978.9,1937,18.81,"14-Aug-2026",205,"",""
"1754","MALUPAPER","EQ",32,32,31.4,31.63,31.45,31.74,602,0.19,"14-Aug-2026",27,"",""
"1755","MAMATA","EQ",420,435,420,426.5,429,425.6,94965,408.1,"14-Aug-2026",3218,"",""
"1756","MANAKALUCO","EQ",40.41,40.8,39.1,39.33,39.3,40.41,56618,22.54,"14-Aug-2026",736,"",""
"1757","MANAKCOAT","EQ",117.28,119,115.11,116.35,115.2,117.8,933858,1092.69,"14-Aug-2026",2675,"",""
"1758","MANAKSIA","EQ",60.7,60.7,58.02,59,59,59.5,17685,10.45,"14-Aug-2026",225,"",""
"1759","MANAKSTEEL","EQ",85.97,86.75,84.75,86.12,86,85.42,40175,34.34,"14-Aug-2026",479,"",""
"1760","MANALIPETC","EQ",71.13,74.45,69.01,69.27,69.19,68.83,4376876,3113.36,"14-Aug-2026",22452,"",""
"1761","MANAPPURAM","EQ",348,352,344.55,349,349,348.4,3722962,12994.23,"14-Aug-2026",25156,"",""
"1762","MANAV","SM",26.9,26.9,26.9,26.9,26.9,25.65,4000,1.08,"14-Aug-2026",1,"",""
"1763","MANBA","EQ",131,132.51,128.5,130.02,131.97,131.49,68384,89.39,"14-Aug-2026",961,"",""
"1764","MANCREDIT","EQ",245.74,246.55,236,238.07,237.07,241.86,47667,114.57,"14-Aug-2026",1242,"",""
"1765","MANDEEP","SM",20,20.1,19.2,19.2,19.2,20.15,54000,10.75,"14-Aug-2026",6,"",""
"1766","MANGALAM","EQ",29,29.9,27.6,28.07,28,27.79,41613,11.88,"14-Aug-2026",379,"",""
"1767","MANGLMCEM","EQ",900.8,905.2,891,896.35,896.4,902.85,21568,193.83,"14-Aug-2026",540,"",""
"1768","MANINDS","EQ",588.1,616,588.1,599.45,599,576.15,1277039,7735.86,"14-Aug-2026",34307,"",""
"1769","MANINFRA","EQ",107,108.56,105.11,106.15,106.2,104.77,1031223,1102.6,"14-Aug-2026",6332,"",""
"1770","MANIPALHOS","EQ",695.3,715,690.5,706.95,705.45,695.3,1401443,9826.25,"14-Aug-2026",32729,"",""
"1771","MANKIND","EQ",2412.5,2458,2412.5,2425.2,2425.2,2404.4,465158,11336.35,"14-Aug-2026",38245,"",""
"1772","MANOMAY","EQ",219.45,219.45,210.35,215.12,218,218.46,88951,192.65,"14-Aug-2026",2320,"",""
"1773","MANORAMA","EQ",1729,1868,1683.1,1737.1,1742,1614.1,7298393,129758.63,"14-Aug-2026",346006,"",""
"1774","MANORG","EQ",451.05,454.25,445.15,449.9,449.9,451.9,11519,51.7,"14-Aug-2026",387,"",""
"1775","MANUFGBEES","EQ",167.86,170,165.95,169.27,167.13,167.03,2141,3.57,"14-Aug-2026",85,"",""
"1776","MANUGRAPH","BE",15.7,16.29,15.5,15.59,16.2,16.19,37727,5.86,"14-Aug-2026",76,"",""
"1777","MANYAVAR","EQ",526,532.25,519.15,528.75,530,523,374338,1973.34,"14-Aug-2026",29655,"",""
"1778","MAPMYINDIA","EQ",993.7,999,985,989.7,985,993.7,69778,692.9,"14-Aug-2026",5440,"",""
"1779","MARALOVER","BE",53,53.69,51.1,53.1,52.99,53.41,3234,1.7,"14-Aug-2026",39,"",""
"1780","MARATHON","EQ",367.8,375,361.25,365.15,361.35,369.25,98450,359.83,"14-Aug-2026",2096,"",""
"1781","MARC","SM",130,130,130,130,130,130,1200,1.56,"14-Aug-2026",1,"",""
"1782","MARCO","SM",31.25,31.95,31.25,31.95,31.95,30.2,4500,1.42,"14-Aug-2026",3,"",""
"1783","MARICO","EQ",864.45,867.05,857.65,865.2,865.2,864.45,1050654,9073.1,"14-Aug-2026",26082,"",""
"1784","MARINE","EQ",372,388,362.25,370.7,371.9,371.2,1686077,6385.29,"14-Aug-2026",34156,"",""
"1785","MARINETRAN","SM",18,18,18,18,18,17.9,4000,0.72,"14-Aug-2026",1,"",""
"1786","MARKOLINES","EQ",179.15,179.5,173.83,175.12,173.83,177.46,65488,115.42,"14-Aug-2026",825,"",""
"1787","MARKSANS","EQ",301.15,336.6,300.75,333,335.85,303.4,20243407,65863.33,"14-Aug-2026",192146,"",""
"1788","MARSONS","EQ",102.3,109.9,101.75,104.52,104.45,102.58,3581844,3798.76,"14-Aug-2026",19665,"",""
"1789","MARUSHIKA","SM",106.1,117,106.1,116.4,117,116.1,15600,17.99,"14-Aug-2026",13,"",""
"1790","MARUTI","EQ",13905,13943,13760,13834,13834,13905,216810,30077.62,"14-Aug-2026",38309,"",""
"1791","MASFIN","EQ",305,305.95,300.35,301.5,301.3,303.65,71544,215.8,"14-Aug-2026",3830,"",""
"1792","MASKINVEST","EQ",148.13,148.13,148.13,148.13,148.13,147.4,1,0,"14-Aug-2026",1,"",""
"1793","MASON","SM",123.35,124.85,121,124.85,124.85,123.35,9500,11.68,"14-Aug-2026",11,"",""
"1794","MASPTOP50","EQ",80.72,80.72,80.72,80.72,80.72,80.55,40028,32.31,"14-Aug-2026",151,"",""
"1795","MASTEK","EQ",1833,1850,1805,1832.2,1840,1826.4,24933,454.41,"14-Aug-2026",4500,"",""
"1796","MASTER","SM",488,488,488,488,488,475,500,2.44,"14-Aug-2026",1,"",""
"1797","MASTERTR","EQ",78.02,80.77,77.52,78.38,78.5,78.66,142450,111.33,"14-Aug-2026",1033,"",""
"1798","MATRIMONY","EQ",539.9,542.9,528.05,538.4,538,538,61565,329.67,"14-Aug-2026",1344,"",""
"1799","MAWANASUG","EQ",115.18,122.7,114.8,116.04,115.65,116.36,319639,376.23,"14-Aug-2026",3020,"",""
"1800","MAXESTATES","EQ",442.8,455,435,441.95,442,439.55,95873,427.05,"14-Aug-2026",3606,"",""
"1801","MAXHEALTH","EQ",1013.3,1017.9,981.1,1008.6,1008.6,1013.3,4051822,40776.21,"14-Aug-2026",65677,"",""
"1802","MAXIND","EQ",158.54,158.84,149.5,151.13,151.51,157.39,243638,372.15,"14-Aug-2026",5488,"",""
"1803","MAXVOLT","ST",323.3,333.5,320,333.5,333.5,317.65,28000,92.7,"14-Aug-2026",65,"",""
"1804","MAYURUNIQ","EQ",759,767.45,742.25,744.4,747.25,755.45,50059,376.38,"14-Aug-2026",4269,"",""
"1805","MAZDA","BE",232.65,239.95,232.65,235.16,236,236.56,2678,6.32,"14-Aug-2026",116,"",""
"1806","MAZDOCK","EQ",2571,2603.7,2554,2580,2580,2571,1101261,28464.5,"14-Aug-2026",40073,"",""
"1807","MBAPL","EQ",166.5,170.59,166.5,168.46,168,168.12,427384,720.47,"14-Aug-2026",4546,"",""
"1808","MBEL","EQ",270.1,279,268.6,270.4,269.25,270,231776,632.82,"14-Aug-2026",8367,"",""
"1809","MBLINFRA","EQ",25.02,25.49,24.54,24.61,24.61,25.02,17395,4.32,"14-Aug-2026",115,"",""
"1810","MCCHRLS-B","EQ",699.8,700,675,679.35,680,677.3,97,0.67,"14-Aug-2026",14,"",""
"1811","MCL","EQ",56.61,58.6,56.61,57.2,57.42,57.71,52136,29.88,"14-Aug-2026",3595,"",""
"1812","MCLEODRUSS","EQ",46.98,46.98,45.99,46.27,46.11,46.48,119892,55.68,"14-Aug-2026",1061,"",""
"1813","MCLOUD","EQ",29.06,29.06,28.1,28.48,28.63,29.06,1019083,291.98,"14-Aug-2026",5508,"",""
"1814","MCON","SM",42.95,44,42.5,44,44,41.95,9000,3.92,"14-Aug-2026",9,"",""
"1815","MCX","EQ",2970,2977.4,2911.5,2911.5,2911.5,2970,1478383,43547.67,"14-Aug-2026",78528,"",""
"1816","MDL","ST",57.85,57.85,57.85,57.85,57.85,60.85,3000,1.74,"14-Aug-2026",3,"",""
"1817","MEDANTA","EQ",1410,1429.9,1390.4,1422.6,1429,1410.4,296264,4198.55,"14-Aug-2026",11636,"",""
"1818","MEDIASSIST","EQ",352.9,352.9,345,348.7,350,350.4,87125,303.7,"14-Aug-2026",2579,"",""
"1819","MEDICAMEQ","EQ",243.99,244.54,232.05,240.45,238,241.02,12895,30.9,"14-Aug-2026",580,"",""
"1820","MEDICO","EQ",47,47,43.63,45.58,44.8,47.86,572694,260.28,"14-Aug-2026",3399,"",""
"1821","MEDIORG","SM",24.85,24.85,24.35,24.35,24.35,24.35,8000,1.96,"14-Aug-2026",4,"",""
"1822","MEDPLUS","EQ",667.45,671.55,665,668.95,668,667.9,58139,388.54,"14-Aug-2026",3476,"",""
"1823","MEESHO","EQ",193.1,193.34,190.1,191.16,191.2,193.62,6853564,13130.83,"14-Aug-2026",63680,"",""
"1824","MEGASTAR","EQ",302,316.9,299.75,315.6,315.8,304.25,4965,15.28,"14-Aug-2026",313,"",""
"1825","MEGATHERM","SM",197,197,192.5,194.85,194.5,193.7,17200,33.49,"14-Aug-2026",39,"",""
"1826","MEIL","EQ",272.35,274.85,270,272.5,274.85,274.45,18631,50.75,"14-Aug-2026",777,"",""
"1827","MENNPIS","EQ",72.78,75,71.69,73.72,74,72.25,36121,26.35,"14-Aug-2026",506,"",""
"1828","MENONBE","BE",234.72,237.95,226,229.68,229.3,234.72,57837,132.81,"14-Aug-2026",443,"",""
"1829","MEP","BZ",0.62,0.62,0.62,0.62,0.62,0.61,4363,0.03,"14-Aug-2026",8,"",""
"1830","MERCANTILE","EQ",25.95,25.95,23.61,24.07,24.01,24.1,7196,1.77,"14-Aug-2026",72,"",""
"1831","MERCURYEV","EQ",35.08,36.4,34,36.08,36.25,34.6,140532,49.98,"14-Aug-2026",1319,"",""
"1832","METAL","EQ",12.8,13.45,12.8,13.12,13.09,13.13,2057548,268.71,"14-Aug-2026",4595,"",""
"1833","METALIC","SM",114.15,126,112.3,124.85,124,114.15,305600,368.38,"14-Aug-2026",187,"",""
"1834","METALIETF","EQ",12.84,13.11,12.84,13.07,13.11,13.1,7037859,915.99,"14-Aug-2026",9331,"",""
"1835","METROBRAND","EQ",940,947.9,930,944.1,938.6,943.8,24118,226.76,"14-Aug-2026",4424,"",""
"1836","METROGLOBL","EQ",135,147.95,133.5,146.11,145,132.32,23758,33.48,"14-Aug-2026",757,"",""
"1837","METROPOLIS","EQ",560,561,542.2,545.5,542.3,558.5,242030,1334.59,"14-Aug-2026",17904,"",""
"1838","MFML","EQ",19.23,19.65,18.61,19.34,19.35,19.23,2106,0.41,"14-Aug-2026",47,"",""
"1839","MFSL","EQ",1555,1574.9,1511.2,1538.1,1538.1,1512.4,3968114,61289.57,"14-Aug-2026",115097,"",""
"1840","MGEL","BE",14.65,14.65,14.3,14.43,14.48,14.28,16535,2.38,"14-Aug-2026",100,"",""
"1841","MGL","EQ",1127.4,1162.6,1127.4,1138.7,1140,1125.8,234621,2689.28,"14-Aug-2026",16477,"",""
"1842","MGSL","SM",69.8,82,69.8,77.9,77.9,68.4,16800,12.73,"14-Aug-2026",13,"",""
"1843","MHLXMIRU","EQ",202.4,203.41,186.97,188.77,190,188.56,81013,155.6,"14-Aug-2026",1153,"",""
"1844","MHRIL","EQ",225.87,229.99,223.88,226.62,229.98,223.88,91789,207.57,"14-Aug-2026",2833,"",""
"1845","MICEL","BE",36,36.79,35.75,36.55,36.64,36.31,121506,43.9,"14-Aug-2026",930,"",""
"1846","MID150","EQ",24.39,24.39,23.75,23.8,23.85,23.91,116034,27.62,"14-Aug-2026",184,"",""
"1847","MID150BEES","EQ",242,244.99,241.1,242.91,243.1,243.53,380128,923.68,"14-Aug-2026",5420,"",""
"1848","MID150CASE","EQ",12.12,12.12,11.79,11.81,11.85,11.83,1139811,134.66,"14-Aug-2026",3642,"",""
"1849","MIDBANKADD","EQ",17.47,17.47,17.34,17.39,17.39,17.47,5295,0.92,"14-Aug-2026",39,"",""
"1850","MIDCAP","EQ",18.78,18.82,18.65,18.7,18.7,18.74,332629,62.28,"14-Aug-2026",788,"",""
"1851","MIDCAPADD","EQ",23.56,23.59,23.51,23.53,23.54,23.44,8089,1.9,"14-Aug-2026",33,"",""
"1852","MIDCAPBETA","EQ",237.56,237.56,236.44,237.22,237.22,237.56,531,1.26,"14-Aug-2026",22,"",""
"1853","MIDCAPETF","EQ",24.01,24.5,23.94,23.98,23.99,24.01,928746,222.92,"14-Aug-2026",3919,"",""
"1854","MIDCAPIETF","EQ",24.36,24.47,24.25,24.33,24.37,24.36,602947,146.66,"14-Aug-2026",1939,"",""
"1855","MIDHANI","EQ",444,447.7,413.15,416.7,415,444.85,4346943,18298.48,"14-Aug-2026",69605,"",""
"1856","MIDQ50ADD","EQ",25.61,25.79,25.52,25.68,25.75,25.54,58296,14.94,"14-Aug-2026",118,"",""
"1857","MIDSELIETF","EQ",20,20,19.82,19.9,19.94,19.87,119642,23.79,"14-Aug-2026",527,"",""
"1858","MIDSMALL","EQ",52.29,52.76,52.1,52.19,52.18,52.47,143965,75.31,"14-Aug-2026",710,"",""
"1859","MIDWESTLTD","EQ",1130.2,1180.4,1119.1,1125.7,1128.6,1128.6,20513,234.24,"14-Aug-2026",1683,"",""
"1860","MIEL","SM",13,13,13,13,13,13,4000,0.52,"14-Aug-2026",2,"",""
"1861","MILTON","SM",35.65,38.6,35.5,38.6,38.6,36.8,547800,195.08,"14-Aug-2026",14,"",""
"1862","MINDACORP","EQ",716.7,769,716.7,720.05,720,712.05,4747307,35438.08,"14-Aug-2026",121854,"",""
"1863","MINDSPACE","RR",495.99,496.5,492.35,495.27,496,494.69,470718,2332.38,"14-Aug-2026",8958,"",""
"1864","MINDTECK","EQ",176.36,179.52,176.36,177.85,177.5,177.05,21771,38.72,"14-Aug-2026",942,"",""
"1865","MIRZAINT","EQ",31.7,32.5,31.6,31.73,31.65,32.14,116240,37.08,"14-Aug-2026",872,"",""
"1866","MITCON","BE",81,81,75.55,79.59,79.59,77.47,4095,3.22,"14-Aug-2026",46,"",""
"1867","MITTAL","EQ",0.91,0.92,0.9,0.91,0.92,0.92,152848,1.39,"14-Aug-2026",212,"",""
"1868","MKPL","EQ",4.21,4.21,4.1,4.13,4.17,4.17,118812,4.92,"14-Aug-2026",419,"",""
"1869","MMEL","ST",24.7,24.7,24.7,24.7,24.7,24.8,2000,0.49,"14-Aug-2026",1,"",""
"1870","MMFL","EQ",615.95,619.8,580.25,589.75,590,621.6,242897,1444.22,"14-Aug-2026",11544,"",""
"1871","MMP","EQ",337,348.4,331.55,337.5,336.8,337.9,46178,157.65,"14-Aug-2026",2190,"",""
"1872","MMTC","EQ",64.1,64.99,64,64.35,64.3,63.89,1263041,814.98,"14-Aug-2026",9964,"",""
"1873","MMWL","EQ",15.46,16.05,15,15.87,15.98,15.29,182890,28.9,"14-Aug-2026",392,"",""
"1874","MNC","EQ",35.08,35.26,34.67,34.79,34.85,35.26,95710,33.34,"14-Aug-2026",645,"",""
"1875","MOALPHA50","EQ",56.3,56.3,56,56.15,56.15,56.15,2766,1.55,"14-Aug-2026",40,"",""
"1876","MOBANK10","EQ",17.27,17.29,16.75,16.93,17,17.07,9548,1.62,"14-Aug-2026",167,"",""
"1877","MOBIKWIK","EQ",204.4,207.8,202.1,203.21,203.51,203.66,701717,1437.59,"14-Aug-2026",8739,"",""
"1878","MOBILISE","ST",107.05,107.05,107.05,107.05,107.05,111.7,1600,1.71,"14-Aug-2026",1,"",""
"1879","MOCAPITAL","EQ",53.74,53.8,53.11,53.26,53.24,53.72,758080,404.54,"14-Aug-2026",2657,"",""
"1880","MODEFENCE","EQ",107.47,107.95,106.81,107.64,107.5,107.46,1680578,1807.13,"14-Aug-2026",7604,"",""
"1881","MODINATUR","BE",398.05,403.9,388.05,400.65,401,398.05,11488,45.9,"14-Aug-2026",107,"",""
"1882","MODIRUBBER","EQ",120,120.5,118,119.33,118,119.36,820,0.97,"14-Aug-2026",35,"",""
"1883","MODIS","EQ",398.05,405,398.05,400.05,405,398.15,43066,172.29,"14-Aug-2026",388,"",""
"1884","MODISONLTD","BE",339.15,339.15,339.15,339.15,339.15,323,50260,170.46,"14-Aug-2026",198,"",""
"1885","MODTHREAD","EQ",49.8,49.8,46.01,48.28,48.47,45.36,560,0.27,"14-Aug-2026",18,"",""
"1886","MOENERGY","EQ",39.33,39.33,38.65,38.82,38.87,38.83,73730,28.58,"14-Aug-2026",634,"",""
"1887","MOGOLD","EQ",149.8,150.05,148.35,149.95,150.05,150.45,35441,52.88,"14-Aug-2026",389,"",""
"1888","MOGSEC","EQ",65.44,65.8,65.39,65.5,65.5,65.63,460,0.3,"14-Aug-2026",57,"",""
"1889","MOHEALTH","EQ",52.04,52.04,51.26,51.76,51.82,51.79,38464,19.88,"14-Aug-2026",451,"",""
"1890","MOHITIND","EQ",24.6,24.75,23.67,23.81,24.25,24.53,22005,5.29,"14-Aug-2026",161,"",""
"1891","MOIL","EQ",279.6,279.85,273.25,274.15,273.55,279.6,561480,1543.16,"14-Aug-2026",14647,"",""
"1892","MOINFRA","EQ",59.9,60.03,59.54,59.94,59.96,60.03,1538,0.92,"14-Aug-2026",62,"",""
"1893","MOIPO","EQ",49.05,49.05,48.52,48.76,48.84,48.96,768,0.38,"14-Aug-2026",41,"",""
"1894","MOKSH","EQ",10.75,10.77,10.23,10.53,10.7,10.61,57429,5.99,"14-Aug-2026",332,"",""
"1895","MOL","EQ",57.99,63.67,57.54,63.23,63.11,57.98,12711413,7848.65,"14-Aug-2026",51034,"",""
"1896","MOLDTECH","BE",185,189,184,185.54,186,188.42,38965,72.59,"14-Aug-2026",345,"",""
"1897","MOLDTKPAC","EQ",698,698,685,694.4,691,694.4,35526,245.48,"14-Aug-2026",2045,"",""
"1898","MOLOWVOL","EQ",37.3,37.99,37.15,37.36,37.38,37.57,4431,1.65,"14-Aug-2026",45,"",""
"1899","MOM100","EQ",69.01,69.2,68.7,68.86,68.99,69,209236,144.3,"14-Aug-2026",2091,"",""
"1900","MOM30IETF","EQ",31.73,31.81,31.57,31.65,31.61,31.72,230950,73.1,"14-Aug-2026",1411,"",""
"1901","MOM50","EQ",255.1,255.67,253.96,254.25,255.6,256.4,3147,8.02,"14-Aug-2026",106,"",""
"1902","MOMENTUM","EQ",32.35,32.35,31.38,31.65,31.89,31.57,19599,6.18,"14-Aug-2026",166,"",""
"1903","MOMENTUM30","EQ",31.21,31.24,31,31.17,31.24,31.21,170325,53.1,"14-Aug-2026",84,"",""
"1904","MOMENTUM50","EQ",54.67,54.74,54.22,54.41,54.5,54.67,345589,188.14,"14-Aug-2026",1592,"",""
"1905","MOMETAL","EQ",13.3,13.3,12.85,13.05,13.06,13.04,17506,2.26,"14-Aug-2026",33,"",""
"1906","MOMGF","EQ",165.87,167.42,165,165.88,167.42,167.42,799,1.32,"14-Aug-2026",31,"",""
"1907","MOMIDMTM","EQ",65.88,65.88,64.75,65.04,65.21,65.15,81382,53.02,"14-Aug-2026",315,"",""
"1908","MOMMIDCAP","EQ",13.39,13.39,13.01,13.02,13.02,13.09,739455,96.42,"14-Aug-2026",490,"",""
"1909","MOMNC","EQ",33.82,33.84,33.59,33.76,33.76,33.54,2495,0.84,"14-Aug-2026",23,"",""
"1910","MOMOMENTUM","EQ",63.43,63.7,62.74,62.96,63.1,63.12,34185,21.53,"14-Aug-2026",363,"",""
"1911","MON100","EQ",332.6,332.6,332.6,332.6,332.6,330.55,127466,423.95,"14-Aug-2026",989,"",""
"1912","MON50EQUAL","EQ",33.88,33.98,33.88,33.9,33.9,33.94,2339,0.79,"14-Aug-2026",36,"",""
"1913","MONARCH","EQ",380,406.95,377.85,390.6,389,379.35,874751,3463.42,"14-Aug-2026",15180,"",""
"1914","MONEXT50","EQ",74.6,74.83,74.35,74.66,74.63,74.29,2790,2.08,"14-Aug-2026",49,"",""
"1915","MONEYBOXX","EQ",57.76,59,57.25,58.49,59,57.76,1706,0.99,"14-Aug-2026",62,"",""
"1916","MONIFTY100","EQ",25.92,26.25,25.61,25.8,25.8,25.92,6591,1.7,"14-Aug-2026",65,"",""
"1917","MONIFTY500","EQ",24.27,24.37,24.12,24.21,24.27,24.22,290694,70.38,"14-Aug-2026",1125,"",""
"1918","MONOLITH","SM",967.6,973.95,905,950.25,940,967.6,192250,1824.89,"14-Aug-2026",552,"",""
"1919","MONOPHARMA","SM",8,8.2,8,8.2,8.2,7.85,10000,0.81,"14-Aug-2026",4,"",""
"1920","MONQ50","EQ",150.15,150.15,150.15,150.15,150.15,148.63,27732,41.64,"14-Aug-2026",158,"",""
"1921","MONTECARLO","EQ",505.9,513.9,502.05,508.4,508.75,504.7,47646,242.11,"14-Aug-2026",1899,"",""
"1922","MOOILGAS","EQ",11.38,11.38,11.19,11.21,11.21,11.23,1675,0.19,"14-Aug-2026",28,"",""
"1923","MOPSE","EQ",101.48,101.49,99.9,100.39,100.39,99.99,1737,1.75,"14-Aug-2026",31,"",""
"1924","MOQUALITY","EQ",205.02,205.38,204.37,205.35,205.35,205.94,1367,2.81,"14-Aug-2026",28,"",""
"1925","MOREALTY","EQ",89.95,90.32,89.31,89.67,89.5,89.94,476160,427.73,"14-Aug-2026",1456,"",""
"1926","MOREPENLAB","EQ",81.7,84.84,78.5,84.19,84.12,80.89,40157885,33148.11,"14-Aug-2026",103013,"",""
"1927","MOS","ST",10.3,10.65,10.15,10.15,10.15,10.65,148000,15.25,"14-Aug-2026",34,"",""
"1928","MOSCHIP","EQ",209.6,211.48,207,208.31,208.66,210.49,705281,1471.32,"14-Aug-2026",9172,"",""
"1929","MOSERVICE","EQ",31.19,31.42,31.19,31.4,31.4,31.25,1403,0.44,"14-Aug-2026",19,"",""
"1930","MOSILVER","EQ",228.37,229.68,225.25,229.02,229.68,228.92,28199,64.1,"14-Aug-2026",815,"",""
"1931","MOSMALL250","EQ",18.53,18.53,18.37,18.43,18.44,18.44,476071,87.65,"14-Aug-2026",1814,"",""
"1932","MOTHERSON","EQ",167.42,169.28,166.71,168.3,168.3,167.4,10509453,17675.37,"14-Aug-2026",74783,"",""
"1933","MOTILALOFS","EQ",900.05,905.95,890,903.7,903.7,897.5,473233,4261.87,"14-Aug-2026",14994,"",""
"1934","MOTISONS","EQ",14.76,17.5,14.48,16.75,16.72,14.62,410441404,66846.75,"14-Aug-2026",723120,"",""
"1935","MOTOGENFIN","BE",26.07,26.07,26.07,26.07,26.07,26.65,755,0.2,"14-Aug-2026",2,"",""
"1936","MOTOUR","EQ",80.49,80.7,79.7,80.18,80.4,80.17,16303,13.07,"14-Aug-2026",147,"",""
"1937","MOVALUE","EQ",115.79,115.9,113.97,114.71,114.88,115.22,76391,87.47,"14-Aug-2026",843,"",""
"1938","MOXSH","SM",109,109,109,109,109,106,1600,1.74,"14-Aug-2026",1,"",""
"1939","MPEL","ST",35,35,34.85,34.85,34.85,35.05,3200,1.12,"14-Aug-2026",2,"",""
"1940","MPHASIS","EQ",2537,2556.9,2501,2545,2545,2541,370677,9396.59,"14-Aug-2026",19222,"",""
"1941","MPSLTD","EQ",2750.1,2827.9,2750.1,2808.7,2816,2756.5,20957,585.17,"14-Aug-2026",2869,"",""
"1942","MRF","EQ",130985,133855,130560,133490,133235,130985,4857,6433.16,"14-Aug-2026",3274,"",""
"1943","MRPL","EQ",173.81,176.69,170,170.54,170.7,174.38,3410330,5876.21,"14-Aug-2026",21452,"",""
"1944","MSCI360","EQ",10.25,10.7,10.25,10.25,10.25,10.28,31972,3.31,"14-Aug-2026",31,"",""
"1945","MSCIADD","EQ",30,30,29.99,29.99,29.99,30.05,20,0.01,"14-Aug-2026",2,"",""
"1946","MSCIINDIA","EQ",30.33,30.4,30.18,30.38,30.33,30.33,41707,12.65,"14-Aug-2026",78,"",""
"1947","MSPL","EQ",33.51,33.87,33,33.48,33.5,34.03,685622,229.8,"14-Aug-2026",3618,"",""
"1948","MSTCLTD","EQ",579.55,628.8,578,623.4,625.5,580.7,831926,5073.92,"14-Aug-2026",25738,"",""
"1949","MSUMI","EQ",40.4,40.97,40.26,40.35,40.36,40.44,4647176,1885.53,"14-Aug-2026",30067,"",""
"1950","MTARTECH","BE",7268,7268,7020,7056,7049.5,7234,54652,3874.37,"14-Aug-2026",9794,"",""
"1951","MTEDUCARE","BE",1.97,1.97,1.8,1.87,1.87,1.89,30523,0.57,"14-Aug-2026",53,"",""
"1952","MTNL","EQ",26.54,26.69,26.3,26.35,26.36,26.54,460875,121.91,"14-Aug-2026",2589,"",""
"1953","MUFIN","EQ",136.99,138,134.76,135.54,135.91,136.47,655319,893.81,"14-Aug-2026",3396,"",""
"1954","MUFTI","EQ",79.87,80,78.01,78.2,78.55,79.31,58497,46.01,"14-Aug-2026",1310,"",""
"1955","MUKANDLTD","EQ",135.7,136.52,133.03,134.14,134.48,135.6,84973,114.12,"14-Aug-2026",1401,"",""
"1956","MUKKA","EQ",26.25,27.17,25.44,26.5,26.55,26.16,920331,242.53,"14-Aug-2026",3564,"",""
"1957","MUKTAARTS","BE",56,57.83,56,56.5,56.5,57.83,2538,1.45,"14-Aug-2026",22,"",""
"1958","MULTICAP","EQ",16.93,16.98,16.89,16.92,16.94,16.93,77676,13.15,"14-Aug-2026",509,"",""
"1959","MUNISH","SM",86.05,86.05,85.1,85.1,85.1,89.7,6000,5.13,"14-Aug-2026",5,"",""
"1960","MUNJALAU","EQ",122.06,125.23,116.68,120.53,120.7,119.37,24017145,29078.57,"14-Aug-2026",128715,"",""
"1961","MUNJALSHOW","EQ",140.5,143.3,137.3,138.21,137.93,140.08,76446,107.04,"14-Aug-2026",1193,"",""
"1962","MURUDCERA","EQ",30.5,31.25,30.32,30.5,30.41,30.57,15413,4.7,"14-Aug-2026",113,"",""
"1963","MUTHOOTCAP","EQ",260.5,260.87,254.97,255.41,255.05,258.1,3956,10.13,"14-Aug-2026",199,"",""
"1964","MUTHOOTFIN","EQ",2875.7,2883,2841.3,2842,2842,2875.7,514052,14657.33,"14-Aug-2026",41852,"",""
"1965","MUTHOOTMF","EQ",213,213.35,207.72,208.41,208.21,210.95,425096,892.16,"14-Aug-2026",7374,"",""
"1966","MVELECTRO","EQ",618.8,632,585,588.65,587.05,615.1,980894,5940.07,"14-Aug-2026",22636,"",""
"1967","MVGJL","EQ",155.97,160,154.83,157.14,156.7,155.54,31522,49.56,"14-Aug-2026",1135,"",""
"1968","MVKAGRO","SM",228.95,228.95,228.95,228.95,228.95,240.95,21300,48.77,"14-Aug-2026",23,"",""
"1969","MWL","EQ",41.69,41.9,40.33,41.28,41.05,41.28,221649,91.41,"14-Aug-2026",1040,"",""
"1970","NACLIND","EQ",172,172.9,165,166.54,166.98,172.19,652171,1090.53,"14-Aug-2026",14245,"",""
"1971","NAGREEKCAP","EQ",22.8,24.34,22.38,23.84,23.4,22.38,16605,3.93,"14-Aug-2026",165,"",""
"1972","NAGREEKEXP","EQ",23.49,25.49,22.9,24.32,24.47,22.64,525284,128.4,"14-Aug-2026",1745,"",""
"1973","NAHARCAP","EQ",259.98,259.98,253,256.06,257,257.7,1220,3.12,"14-Aug-2026",86,"",""
"1974","NAHARINDUS","EQ",123.71,123.75,119.5,122.04,121.15,120.29,12612,15.33,"14-Aug-2026",269,"",""
"1975","NAHARPOLY","EQ",254.9,254.95,236.35,243.3,241,249.45,18847,46.07,"14-Aug-2026",771,"",""
"1976","NAHARSPING","EQ",302.3,308.95,301.25,302,302.5,301.75,6077,18.39,"14-Aug-2026",264,"",""
"1977","NAM-INDIA","EQ",1170,1177.4,1159.6,1167.9,1167.9,1177,512668,5967.36,"14-Aug-2026",19064,"",""
"1978","NAMAN","SM",40.95,40.95,40.95,40.95,40.95,40.95,2400,0.98,"14-Aug-2026",3,"",""
"1979","NAMOEWASTE","ST",272,274.95,266.55,274,274,266.5,17600,47.89,"14-Aug-2026",22,"",""
"1980","NARMADA","EQ",14.85,15.3,14.72,15.19,15.21,14.8,1450147,218.87,"14-Aug-2026",3144,"",""
"1981","NATCAPSUQ","EQ",150.85,151.49,147.42,149.72,150.15,146.93,7278,10.86,"14-Aug-2026",313,"",""
"1982","NATCOPHARM","EQ",951.7,964.85,886.35,903.15,907,951.7,2494304,22687.6,"14-Aug-2026",104089,"",""
"1983","NATHBIOGEN","EQ",156,156,154,155.06,155.1,155.08,8765,13.58,"14-Aug-2026",197,"",""
"1984","NATIONALUM","EQ",378.6,384.95,375,376,376,400.5,14954594,56696.06,"14-Aug-2026",135176,"",""
"1985","NATIONSTD","EQ",148.47,148.47,148.47,148.47,148.47,156.28,1513,2.25,"14-Aug-2026",133,"",""
"1986","NAUKRI","EQ",1365,1367.1,1337,1343,1343,1357.3,1048678,14107.04,"14-Aug-2026",76516,"",""
"1987","NAVA","EQ",578.55,588.4,560.5,572.65,568.5,581.15,1150751,6615.79,"14-Aug-2026",37925,"",""
"1988","NAVINFLUOR","EQ",8340,8345.5,8213,8235,8236,8294,71116,5876.11,"14-Aug-2026",12904,"",""
"1989","NAVKARCORP","EQ",99.2,100.34,98.4,99.49,99,99.11,219651,218.02,"14-Aug-2026",1660,"",""
"1990","NAVKARURB","BE",1,1.03,0.96,0.99,0.99,1,332048,3.29,"14-Aug-2026",225,"",""
"1991","NAVNETEDUL","EQ",134.55,135,133.41,134.01,134,135.23,77803,104.37,"14-Aug-2026",1181,"",""
"1992","NAZARA","EQ",354.6,362,354.6,355.9,356,355.2,1553469,5568.97,"14-Aug-2026",15397,"",""
"1993","NBCC","EQ",91.99,92.46,89.1,89.15,89.15,92.07,10143348,9138.54,"14-Aug-2026",43325,"",""
"1994","NBIFIN","EQ",2093,2120,2077.1,2092.5,2085,2114.2,384,8.03,"14-Aug-2026",73,"",""
"1995","NCC","EQ",143.2,143.71,140.47,140.65,140.98,144.72,1330863,1888.46,"14-Aug-2026",17993,"",""
"1996","NCLIND","EQ",173.25,174.6,172.1,172.57,172.1,173.64,23482,40.56,"14-Aug-2026",2367,"",""
"1997","NDGL","EQ",2951,3140.9,2825.1,2927.9,2947.9,2918.7,1195,36.24,"14-Aug-2026",241,"",""
"1998","NDL","EQ",2.37,2.38,2.31,2.32,2.34,2.36,837890,19.57,"14-Aug-2026",906,"",""
"1999","NDLVENTURE","EQ",129.9,129.9,125.22,127.46,127.01,127.35,7223,9.18,"14-Aug-2026",196,"",""
"2000","NDRAUTO","EQ",808.8,822.5,796,817,819,808.8,29059,234.67,"14-Aug-2026",2085,"",""
"2001","NDRINVIT","IV",146.9,146.9,140,142.5,142.5,140,75000,107.35,"14-Aug-2026",3,"",""
"2002","NDTV","EQ",76,76.84,75.77,76.53,76.84,76.37,110333,84.04,"14-Aug-2026",960,"",""
"2003","NEAGI","EQ",3139,3139,3139,3139,3139,3138.4,18,0.57,"14-Aug-2026",6,"",""
"2004","NECCLTD","BE",15.1,15.15,14.85,15.1,15.15,14.98,16575,2.49,"14-Aug-2026",70,"",""
"2005","NECLIFE","BE",11.65,11.65,10.8,11,11.1,11.34,315029,36.06,"14-Aug-2026",421,"",""
"2006","NEELAM","SM",8.05,8.5,8.05,8.15,8.15,8.4,54000,4.47,"14-Aug-2026",9,"",""
"2007","NELCAST","EQ",118.22,119.7,117.6,117.78,118,118.63,57674,68.15,"14-Aug-2026",1546,"",""
"2008","NELCO","EQ",1050,1075.1,1014.1,1024.6,1026,1047.5,409428,4283.96,"14-Aug-2026",17962,"",""
"2009","NEOCHEM","ST",93,93,90,91,91,89.8,9600,8.84,"14-Aug-2026",8,"",""
"2010","NEOGEN","EQ",2139,2223.1,2112.2,2204.9,2220,2138.9,176126,3858.02,"14-Aug-2026",24496,"",""
"2011","NEPHROCARE","ST",93.75,93.75,87.4,87.4,87.4,92,56000,50.21,"14-Aug-2026",65,"",""
"2012","NEPHROPLUS","EQ",675.9,722,675.6,696.7,700,675.9,261296,1842.29,"14-Aug-2026",16738,"",""
"2013","NEPTUNE","SM",177.3,177.3,177.3,177.3,177.3,179.95,500,0.89,"14-Aug-2026",1,"",""
"2014","NESCO","EQ",1041.2,1051.4,1035,1038,1035.5,1041.2,17492,182.57,"14-Aug-2026",1853,"",""
"2015","NESTLEIND","EQ",1506.9,1515.8,1496.1,1499.1,1499.1,1506.9,1500577,22606.3,"14-Aug-2026",43287,"",""
"2016","NETF","EQ",258.76,267.84,258.76,264.83,265.53,265.4,658,1.74,"14-Aug-2026",116,"",""
"2017","NETWEB","EQ",5200,5269,4991.3,5007.2,5007,5181,1695255,86749.04,"14-Aug-2026",133527,"",""
"2018","NETWORK18","EQ",28.98,29.37,28.74,29.01,28.91,29.01,1774237,514.57,"14-Aug-2026",4790,"",""
"2019","NEUEON","BE",17.12,17.12,16,16.97,17.12,16.31,65737,11.09,"14-Aug-2026",183,"",""
"2020","NEULANDLAB","EQ",23100,23650,23030,23320,23330,23207,83744,19584.63,"14-Aug-2026",27529,"",""
"2021","NEWGEN","EQ",537,547.25,533.8,535.15,536.85,542.4,327706,1762.42,"14-Aug-2026",10943,"",""
"2022","NEWJAISA","ST",17.7,17.7,17.7,17.7,17.7,17.4,6000,1.06,"14-Aug-2026",3,"",""
"2023","NEXT30ADD","EQ",43.71,44.29,43.65,43.78,43.87,43.96,5286,2.31,"14-Aug-2026",85,"",""
"2024","NEXT50","EQ",774.37,774.37,767.64,770.84,770.34,770.52,15145,116.71,"14-Aug-2026",424,"",""
"2025","NEXT50ADD","EQ",75.07,75.19,74.84,75.1,74.84,75.1,2824,2.12,"14-Aug-2026",27,"",""
"2026","NEXT50BETA","EQ",80.11,80.73,80.1,80.2,80.6,80.1,150951,121.51,"14-Aug-2026",727,"",""
"2027","NEXT50ETF","EQ",75.37,75.43,75.09,75.24,75.43,75.26,4422,3.33,"14-Aug-2026",78,"",""
"2028","NEXT50IETF","EQ",79.13,79.13,78.24,78.58,78.88,78.87,836526,659.48,"14-Aug-2026",4000,"",""
"2029","NEXTMEDIA","EQ",3.83,3.94,3.74,3.86,3.87,3.83,2650,0.1,"14-Aug-2026",26,"",""
"2030","NFL","EQ",72.4,72.77,71.52,71.81,71.65,72.3,396176,285.04,"14-Aug-2026",3110,"",""
"2031","NFPSAMPOOR","SM",22.6,23,22.6,23,23,22.35,18000,4.12,"14-Aug-2026",7,"",""
"2032","NGIL","BE",40.11,42.48,40.11,42.26,42.25,41.98,17884,7.43,"14-Aug-2026",44,"",""
"2033","NGLFINE","EQ",3460.6,3529,3424.1,3454,3484,3435.5,3632,126.17,"14-Aug-2026",1049,"",""
"2034","NH","EQ",1840,1843.3,1815,1832.6,1831,1831,222945,4078.73,"14-Aug-2026",27546,"",""
"2035","NHIT","IV",168,168,168,168,168,168,25000,42,"14-Aug-2026",1,"",""
"2036","NHPC","EQ",77.52,77.95,76.8,76.9,76.9,77.5,3897275,3008.99,"14-Aug-2026",16447,"",""
"2037","NIACL","EQ",181.25,181.35,176.6,179.08,178.65,180.65,572844,1023.64,"14-Aug-2026",9877,"",""
"2038","NIBE","EQ",1496,1570,1467.7,1490.1,1472,1494,98084,1489.42,"14-Aug-2026",7001,"",""
"2039","NIBL","EQ",35.55,35.55,32.26,33.29,33.5,32.57,16702,5.62,"14-Aug-2026",467,"",""
"2040","NIDAN","SM",13,13.3,12.65,13.3,13.3,13,9000,1.17,"14-Aug-2026",8,"",""
"2041","NIF100BEES","EQ",271,272.73,268.81,271.73,272.33,271.23,49492,134.19,"14-Aug-2026",515,"",""
"2042","NIF100IETF","EQ",28.42,28.7,28.42,28.53,28.64,28.55,32823,9.36,"14-Aug-2026",1118,"",""
"2043","NIFTY1","EQ",270.72,271.2,269.71,270.84,270.89,270.72,47395,128.15,"14-Aug-2026",977,"",""
"2044","NIFTY100EW","EQ",35.13,36.3,35.13,35.85,35.92,35.85,27340,9.79,"14-Aug-2026",188,"",""
"2045","NIFTYADD","EQ",254.39,257.71,254.39,257.3,257.69,256.96,2147,5.51,"14-Aug-2026",114,"",""
"2046","NIFTYAXIS","EQ",270.67,270.67,269.02,270.39,270.55,270.16,2677,7.23,"14-Aug-2026",155,"",""
"2047","NIFTYBEES","EQ",279.99,279.99,277.24,278.35,278.62,278.16,3170444,8812.35,"14-Aug-2026",30458,"",""
"2048","NIFTYBETA","EQ",270.72,271.13,269.58,270.48,270.96,270.72,23962,64.77,"14-Aug-2026",421,"",""
"2049","NIFTYBETF","EQ",251.27,251.68,249.96,251.56,251.56,251.27,1173,2.94,"14-Aug-2026",55,"",""
"2050","NIFTYCASE","EQ",9.92,9.92,9.76,9.82,9.77,9.78,472245,46.28,"14-Aug-2026",1431,"",""
"2051","NIFTYETF","EQ",265.33,265.89,263.11,265.71,265.66,265.33,81743,217.06,"14-Aug-2026",809,"",""
"2052","NIFTYIETF","EQ",276.76,277.24,275.96,276.84,277.24,276.76,271480,750.66,"14-Aug-2026",8790,"",""
"2053","NIFTYQLITY","EQ",22.04,22.04,21.81,21.9,21.9,21.94,38467,8.46,"14-Aug-2026",254,"",""
"2054","NIITLTD","EQ",96.25,96.9,93.52,95.55,95.25,96.39,115693,110.05,"14-Aug-2026",1483,"",""
"2055","NIITMTS","EQ",244.41,246.78,237,240.96,241.52,242.63,92727,224,"14-Aug-2026",2951,"",""
"2056","NIKITA","SM",73.5,73.5,72.6,72.8,72.6,73.5,4800,3.51,"14-Aug-2026",4,"",""
"2057","NILAINFRA","EQ",7.22,7.3,7.1,7.14,7.15,7.22,191691,13.69,"14-Aug-2026",377,"",""
"2058","NILASPACES","EQ",12.15,13,12.01,12.31,12.37,11.93,894430,111.6,"14-Aug-2026",1708,"",""
"2059","NILE","EQ",1563.9,1563.9,1475,1487.3,1485,1536.6,10476,157.19,"14-Aug-2026",1278,"",""
"2060","NILKAMAL","EQ",1940,1950,1853.5,1860,1871,1932.7,36199,686.67,"14-Aug-2026",4882,"",""
"2061","NIMBSPROJ","EQ",179,182,176,180,180,177.16,25750,46.71,"14-Aug-2026",69,"",""
"2062","NINSYS","EQ",703.1,751,683.15,738.95,751,716.5,19081,137.72,"14-Aug-2026",1000,"",""
"2063","NIPPOBATRY","EQ",325,336.8,323.45,330.15,333.95,325.6,3152,10.4,"14-Aug-2026",110,"",""
"2064","NIRAJ","BE",28.74,29.45,28,28.2,28.55,29.47,110215,31.01,"14-Aug-2026",187,"",""
"2065","NIRLON","EQ",630,645,623.05,626.6,629.8,628.65,2544,16.07,"14-Aug-2026",269,"",""
"2066","NIRMAN","SM",31.95,31.95,30,30.6,30.5,32,37500,11.43,"14-Aug-2026",78,"",""
"2067","NITCO","EQ",91.95,93.79,91.5,93.26,93.34,91.86,248519,230.48,"14-Aug-2026",2164,"",""
"2068","NITINSPIN","EQ",534,558.95,534,552.95,554,531.9,195614,1076.48,"14-Aug-2026",7264,"",""
"2069","NITIRAJ","EQ",208.17,212,205,205.89,205,208.17,2561,5.28,"14-Aug-2026",108,"",""
"2070","NITTAGELA","EQ",1583.5,1640,1560.4,1607.4,1600,1575.9,6033,96.47,"14-Aug-2026",1101,"",""
"2071","NIVABUPA","EQ",84.19,84.21,82.37,82.72,82.9,84.18,625509,519.61,"14-Aug-2026",9675,"",""
"2072","NLCINDIA","EQ",274.8,277.3,271.65,275.4,276,274.35,1346829,3696.96,"14-Aug-2026",29351,"",""
"2073","NMDC","EQ",85.33,85.35,83.14,84.4,84.4,85,18589633,15610.13,"14-Aug-2026",51692,"",""
"2074","NMSTEEL","SM",22.9,24.6,22.9,23.55,23,23.1,6400,1.5,"14-Aug-2026",4,"",""
"2075","NOCIL","EQ",163.9,163.9,160.5,161.42,161.59,162.85,163388,264.68,"14-Aug-2026",2320,"",""
"2076","NOIDATOLL","BE",4.15,4.27,3.95,4.03,4.03,4.15,173118,6.97,"14-Aug-2026",333,"",""
"2077","NORBTEAEXP","EQ",62,63.8,60.82,63.02,63,60.82,3728,2.33,"14-Aug-2026",77,"",""
"2078","NORTHARC","EQ",285,288.4,280.05,281.35,281.85,286.5,403196,1141.08,"14-Aug-2026",7954,"",""
"2079","NOVAAGRI","BE",25.11,25.2,24.5,24.5,24.5,25.11,42410,10.48,"14-Aug-2026",160,"",""
"2080","NOVARTIND","EQ",1548.3,1675.1,1548.3,1582.5,1588.3,1548.3,16470,261.92,"14-Aug-2026",2471,"",""
"2081","NPBET","EQ",282.65,283.55,281.89,283.44,283.49,283.17,57,0.16,"14-Aug-2026",15,"",""
"2082","NPST","EQ",1648,1670,1572,1586.2,1587.9,1635.5,35535,572.99,"14-Aug-2026",3727,"",""
"2083","NRAIL","EQ",502.7,530.95,500,523.95,524,504.85,11295,58.09,"14-Aug-2026",846,"",""
"2084","NRBBEARING","EQ",470.95,474.85,457.05,458.9,459.4,467.2,288700,1337.9,"14-Aug-2026",8724,"",""
"2085","NRL","BE",116.9,117,116,117,117,117,47212,54.96,"14-Aug-2026",160,"",""
"2086","NRVANDANA","ST",66.1,69,66.1,69,69,69.45,69000,46.98,"14-Aug-2026",20,"",""
"2087","NSIL","EQ",5494.5,5559.5,5471,5496,5475,5494.5,663,36.51,"14-Aug-2026",251,"",""
"2088","NSLNISP","EQ",45.51,46.19,44,44.5,44.55,45.29,10079897,4545.74,"14-Aug-2026",37480,"",""
"2089","NTPC","EQ",343.65,343.65,337.5,340,340,344.25,7507624,25485.16,"14-Aug-2026",66641,"",""
"2090","NTPCGREEN","EQ",92.35,92.89,91.6,91.93,91.9,92.36,1345741,1237.06,"14-Aug-2026",12586,"",""
"2091","NUCLEUS","EQ",716.8,722.55,700.55,703.9,714.9,716.8,31196,221.74,"14-Aug-2026",1818,"",""
"2092","NURECA","BE",349.5,358,345,346.3,346,344.6,9598,33.72,"14-Aug-2026",270,"",""
"2093","NUVAMA","EQ",1713.4,1713.7,1644.4,1670.1,1667.6,1704.9,204091,3437.58,"14-Aug-2026",15775,"",""
"2094","NUVOCO","EQ",336,336,330.25,331.55,331.25,337,197592,657.67,"14-Aug-2026",11121,"",""
"2095","NV20","EQ",14.15,14.15,14,14.07,14.11,14.15,54664,7.69,"14-Aug-2026",202,"",""
"2096","NV20BEES","EQ",141.39,142,140.21,141.24,141.43,141.39,15473,21.74,"14-Aug-2026",225,"",""
"2097","NV20IETF","EQ",13.78,13.8,13.69,13.75,13.79,13.78,226612,31.11,"14-Aug-2026",1590,"",""
"2098","NXST","RR",169,169,167.25,168.02,168,168.88,225436,379.27,"14-Aug-2026",3841,"",""
"2099","NYKAA","EQ",329.95,332.9,328.55,331,331,331.15,2229320,7366.49,"14-Aug-2026",25908,"",""
"2100","OAL","EQ",355.2,373.45,345.35,348.1,346.5,356.65,23256,82.22,"14-Aug-2026",1140,"",""
"2101","OBCL","EQ",53.5,54.69,53.5,54.43,54.5,53.5,2494,1.35,"14-Aug-2026",43,"",""
"2102","OBEROIRLTY","EQ",1855,1863,1835.1,1846,1846,1846,259326,4792.58,"14-Aug-2026",16854,"",""
"2103","OBSCP","SM",820,921,802,852,855,819.05,283600,2485.82,"14-Aug-2026",650,"",""
"2104","OCCLLTD","BE",149.5,155.1,149.5,152.21,152,149.5,31447,47.98,"14-Aug-2026",331,"",""
"2105","ODIGMA","EQ",22.11,23.35,22.11,22.59,22.75,22.54,6721,1.52,"14-Aug-2026",186,"",""
"2106","OFSS","EQ",11449,11850,11318,11828,11828,11420,258662,30135.08,"14-Aug-2026",33197,"",""
"2107","OIL","EQ",478,478,465.8,468.5,468.5,479.8,1994908,9372.64,"14-Aug-2026",25413,"",""
"2108","OILCOUNTUB","BE",60.5,60.5,58.5,59.1,58.68,59.8,26314,15.66,"14-Aug-2026",86,"",""
"2109","OILIETF","EQ",11.43,11.43,11.35,11.37,11.38,11.38,1361509,154.92,"14-Aug-2026",1626,"",""
"2110","OLAELEC","EQ",39.6,39.79,38.46,38.73,38.58,39.67,33130857,12868.55,"14-Aug-2026",69316,"",""
"2111","OLECTRA","EQ",1330,1360.4,1311,1316.9,1315,1393.5,897090,11961.87,"14-Aug-2026",46274,"",""
"2112","OLIL","SM",411.3,429,411.3,422.4,424,415.75,14000,59.14,"14-Aug-2026",24,"",""
"2113","OMAXAUTO","EQ",205,211.93,203,204.96,203,203.57,61818,128.17,"14-Aug-2026",1156,"",""
"2114","OMAXE","EQ",103,108.61,95.51,99.14,98.1,98.37,18269128,18244.4,"14-Aug-2026",94810,"",""
"2115","OMFREIGHT","BE",98.5,99,93.16,97.1,97.5,98.06,11424,10.93,"14-Aug-2026",132,"",""
"2116","OMINFRAL","EQ",86.8,86.98,84.91,85.04,84.92,86.27,62807,53.85,"14-Aug-2026",1069,"",""
"2117","OMNI","EQ",585,597,575,579,577,586.5,443076,2598.16,"14-Aug-2026",14032,"",""
"2118","OMPOWER","EQ",170.73,172,167.46,169.95,172,170.73,101287,171.95,"14-Aug-2026",1656,"",""
"2119","ONDOOR","SM",243.45,249.9,243.45,244.85,249.9,243.7,1500,3.67,"14-Aug-2026",5,"",""
"2120","ONELIFECAP","BE",32.17,33.74,32.17,33.73,33.74,32.14,303047,101.85,"14-Aug-2026",124,"",""
"2121","ONEPOINT","EQ",59.2,59.28,57.44,58.38,57.8,59.42,1176128,683.99,"14-Aug-2026",5138,"",""
"2122","ONESOURCE","EQ",1566,1579,1533,1559.2,1545,1571.3,239351,3730.43,"14-Aug-2026",21699,"",""
"2123","ONGC","EQ",239.49,239.6,235.25,236.4,236.4,239.9,12128656,28700.51,"14-Aug-2026",116870,"",""
"2124","ONIDA","EQ",37,37.09,35.26,35.79,35.8,36.51,294820,105.84,"14-Aug-2026",2289,"",""
"2125","ONMOBILE","BE",63.03,63.03,63.03,63.03,63.03,64.31,11815,7.45,"14-Aug-2026",103,"",""
"2126","ONWARDTEC","EQ",289.5,289.5,280.45,284.05,285.1,287.4,17108,48.68,"14-Aug-2026",822,"",""
"2127","ONYX","ST",44.5,44.5,44,44,44,44,70000,30.82,"14-Aug-2026",10,"",""
"2128","OPTIEMUS","EQ",553,566.6,546.7,561.1,561.95,552.25,110782,617.04,"14-Aug-2026",4505,"",""
"2129","OPTIMYSTIX","ST",180,189,175,189,189,175,2879200,5189.25,"14-Aug-2026",1613,"",""
"2130","OPTIVALUE","ST",176.45,176.45,176.45,176.45,176.45,168.05,52800,93.17,"14-Aug-2026",20,"",""
"2131","ORBTEXP","BE",235.55,245,235.55,235.93,238.9,247.94,30608,72.49,"14-Aug-2026",220,"",""
"2132","ORCHASP","EQ",1.5,1.5,1.41,1.46,1.48,1.48,96412,1.41,"14-Aug-2026",168,"",""
"2133","ORCHPHARMA","EQ",1042,1070,1035,1045.65,1044,1033.9,64474,675.82,"14-Aug-2026",6940,"",""
"2134","ORIANA","SM",1349,1349,1290.05,1297.85,1299,1337.3,82875,1084.81,"14-Aug-2026",754,"",""
"2135","ORICONENT","EQ",51.79,53.61,51.55,53.12,53.3,51.79,25192,13.27,"14-Aug-2026",660,"",""
"2136","ORIENTALTL","EQ",5.05,5.28,5,5.13,5.11,5.05,67907,3.49,"14-Aug-2026",249,"",""
"2137","ORIENTBELL","EQ",357.3,357.3,346.65,350.75,352.45,357.3,11479,40.32,"14-Aug-2026",622,"",""
"2138","ORIENTCEM","EQ",132.39,133.27,131.61,132.55,132.73,132.76,281578,372.49,"14-Aug-2026",2099,"",""
"2139","ORIENTCER","EQ",42.5,44.6,40.06,43.38,43.58,41.6,197195,84.95,"14-Aug-2026",1964,"",""
"2140","ORIENTELEC","EQ",191.02,191.02,187,187.31,187,190.27,95167,179.04,"14-Aug-2026",1889,"",""
"2141","ORIENTHOT","EQ",123.2,127.19,123.2,124.2,123.55,123.72,254428,318.67,"14-Aug-2026",2255,"",""
"2142","ORIENTLTD","BE",75.01,76.2,73,74.11,74.11,75.01,2426,1.79,"14-Aug-2026",26,"",""
"2143","ORIENTPPR","EQ",17,17.07,16.85,16.88,16.86,17.01,237567,40.17,"14-Aug-2026",704,"",""
"2144","ORIENTTECH","EQ",253.8,260.3,253.55,258.55,259.8,254.75,118463,304.43,"14-Aug-2026",2949,"",""
"2145","ORISSAMINE","EQ",4976,5030,4805,4883.1,4850,5003.7,32045,1577.57,"14-Aug-2026",6619,"",""
"2146","ORKLAINDIA","EQ",547.65,552.5,542.6,549.75,545.05,543.3,132578,728.03,"14-Aug-2026",6563,"",""
"2147","ORTINGLOBE","EQ",16,16.2,15.51,15.8,15.8,16,8426,1.34,"14-Aug-2026",13,"",""
"2148","OSELDEVICE","SM",382,400,380,394.1,394.95,383.3,50600,197.4,"14-Aug-2026",156,"",""
"2149","OSIAHYPER","BE",2.43,2.5,2.41,2.46,2.47,2.53,468397,11.45,"14-Aug-2026",518,"",""
"2150","OSWALAGRO","EQ",37.66,38,37,37.78,37.89,37.66,29663,11.08,"14-Aug-2026",162,"",""
"2151","OSWALGREEN","EQ",21.21,21.46,20.95,20.99,20.95,21.33,63794,13.48,"14-Aug-2026",539,"",""
"2152","OSWALPUMPS","EQ",309.4,313,299,300.5,301.75,307.35,583995,1766.68,"14-Aug-2026",10353,"",""
"2153","OSWALSEEDS","EQ",11.79,12.15,11,12.15,12.15,10.13,952278,113.88,"14-Aug-2026",809,"",""
"2154","OWAIS","ST",82.9,82.9,78.85,78.85,78.85,82.95,35300,27.92,"14-Aug-2026",192,"",""
"2155","PACEDIGITK","EQ",180.95,183.9,178.99,180.92,181,180.93,557657,1014.11,"14-Aug-2026",7592,"",""
"2156","PAGEIND","EQ",37750,38290,36620,36750,36750,36520,119084,44450.54,"14-Aug-2026",44262,"",""
"2157","PAISALO","EQ",69.85,70.29,68.5,68.67,68.5,69.94,4853988,3353.1,"14-Aug-2026",10921,"",""
"2158","PAKKA","EQ",75.84,75.84,73,74.4,74.8,74.64,47224,35.08,"14-Aug-2026",1615,"",""
"2159","PALASHSECU","EQ",91,91,88.21,90.8,91,90.34,984,0.89,"14-Aug-2026",40,"",""
"2160","PALREDTEC","BE",51.5,53.5,51.2,51.8,51.8,51.35,13131,6.77,"14-Aug-2026",48,"",""
"2161","PANACEABIO","EQ",418.9,430,395.1,396.45,396.8,414.2,243984,1000.88,"14-Aug-2026",8202,"",""
"2162","PANACHE","BE",508.4,524.75,481.65,524.75,524.75,499.8,19738,102.22,"14-Aug-2026",284,"",""
"2163","PANAMAPET","EQ",499,499,477.5,482.6,483,488.2,787943,3814.99,"14-Aug-2026",15469,"",""
"2164","PANSARI","EQ",318.5,322.15,305,311.7,314,316.15,1023,3.24,"14-Aug-2026",97,"",""
"2165","PAR","EQ",98.2,103,98.2,102.25,102.73,99.41,7976,8.09,"14-Aug-2026",245,"",""
"2166","PARACABLES","EQ",68.73,70.5,61.83,65.27,65.38,68.69,5182492,3451.49,"14-Aug-2026",33136,"",""
"2167","PARADEEP","EQ",147.34,148.5,146.97,147.85,147.5,147.21,1220736,1803.17,"14-Aug-2026",15344,"",""
"2168","PARAGMILK","EQ",219.65,219.65,210,210.8,211.35,218.12,566489,1206.82,"14-Aug-2026",9134,"",""
"2169","PARAGON","SM",50,50,48.55,48.55,48.55,49.5,2400,1.18,"14-Aug-2026",2,"",""
"2170","PARAMOUNT","SM",35.3,35.3,35.3,35.3,35.3,35.3,1200,0.42,"14-Aug-2026",1,"",""
"2171","PARAS","EQ",1345,1400,1339.6,1377.5,1372,1342.2,2826601,39079.6,"14-Aug-2026",101669,"",""
"2172","PARASPETRO","EQ",2.48,2.49,2.34,2.36,2.39,2.44,115710,2.74,"14-Aug-2026",316,"",""
"2173","PARKHOSPS","EQ",283,284.55,279.5,281.35,281.9,281.1,206154,580.77,"14-Aug-2026",5525,"",""
"2174","PARKHOTELS","EQ",122,122,117,117.7,117.31,120.85,77360,91.73,"14-Aug-2026",1257,"",""
"2175","PARSVNATH","BE",1.5,1.5,1.5,1.5,1.5,1.53,168178,2.52,"14-Aug-2026",153,"",""
"2176","PARTH","SM",475,475,440,473.05,474.9,499.85,61600,281.43,"14-Aug-2026",129,"",""
"2177","PARTYCRUS","SM",83,83,83,83,83,83,1000,0.83,"14-Aug-2026",1,"",""
"2178","PASHUPATI","EQ",85.5,85.77,84.41,84.65,84.62,84.23,9420,8.01,"14-Aug-2026",1326,"",""
"2179","PASUPTAC","BE",61.93,61.93,58.11,58.97,59.6,60.41,46147,27.33,"14-Aug-2026",242,"",""
"2180","PATANJALI","EQ",353.85,353.85,347.2,352,352,353.85,2464334,8622.48,"14-Aug-2026",16227,"",""
"2181","PATELENG","EQ",28.53,28.79,28.3,28.45,28.39,28.57,1782968,508.12,"14-Aug-2026",5363,"",""
"2182","PATELRMART","EQ",213.11,221.39,212.5,219.62,219.97,215.51,48018,104.19,"14-Aug-2026",1451,"",""
"2183","PATILAUTOM","ST",217.95,217.95,207.3,214.2,215.85,216.7,34800,73.45,"14-Aug-2026",47,"",""
"2184","PATINTLOG","BE",13.35,14.47,13.35,13.91,13.98,13.82,53280,7.41,"14-Aug-2026",178,"",""
"2185","PAUSHAKLTD","EQ",751.4,756.6,720.05,740.8,740,745.45,54889,404.44,"14-Aug-2026",3340,"",""
"2186","PAVNAIND","EQ",19.5,19.5,17.67,17.94,17.9,19.07,56902,10.47,"14-Aug-2026",501,"",""
"2187","PAYTM","EQ",1644.2,1657.6,1603,1603,1603,1649.5,3221449,52317.18,"14-Aug-2026",94466,"",""
"2188","PCBL","EQ",314.8,317.2,308.75,309.8,310.85,314.7,626280,1959.79,"14-Aug-2026",10890,"",""
"2189","PCCL","SM",303,310,303,305.5,305.5,302.85,16000,49.21,"14-Aug-2026",33,"",""
"2190","PCJEWELLER","EQ",9.55,9.7,9.45,9.64,9.66,9.57,94796940,9078.33,"14-Aug-2026",33537,"",""
"2191","PDMJEPAPER","EQ",90,90.84,87,88.08,88,90.53,122515,108.05,"14-Aug-2026",2354,"",""
"2192","PDSL","EQ",371.2,378.5,368.6,369.85,372,372.15,29629,110.17,"14-Aug-2026",2237,"",""
"2193","PEARLPOLY","EQ",17.65,17.7,16.27,16.77,16.77,16.92,13287,2.25,"14-Aug-2026",106,"",""
"2194","PELATRO","SM",297.1,297.5,297.1,297.5,297.5,299.4,1800,5.35,"14-Aug-2026",6,"",""
"2195","PENIND","EQ",159,159,150.82,152.43,152.9,158.34,506119,781.59,"14-Aug-2026",9060,"",""
"2196","PENINLAND","BE",15.5,15.5,15.25,15.5,15.5,15.5,34189,5.26,"14-Aug-2026",70,"",""
"2197","PERSISTENT","EQ",5549,5618.5,5447,5580,5580,5523,633514,35174.99,"14-Aug-2026",37687,"",""
"2198","PETRONET","EQ",279.25,283.5,277.15,282.6,282.6,279.3,4682500,13155.9,"14-Aug-2026",40894,"",""
"2199","PFC","EQ",376.95,379.8,374.95,376,376,378.95,5851335,22027.64,"14-Aug-2026",57390,"",""
"2200","PFIZER","EQ",5036,5036,4864,4874.8,4864,4990.4,11698,575.4,"14-Aug-2026",3055,"",""
"2201","PFOCUS","EQ",276.75,279.2,267.6,269.6,269.7,274.3,255736,696.84,"14-Aug-2026",7956,"",""
"2202","PFS","EQ",28.55,28.59,27.92,28.35,28.3,28.62,362570,102.37,"14-Aug-2026",2394,"",""
"2203","PGEL","EQ",611.95,615.9,599.5,601,601,615,840464,5106.7,"14-Aug-2026",13739,"",""
"2204","PGHH","EQ",8487,8585,8418,8426.5,8431,8487,7264,614.74,"14-Aug-2026",1967,"",""
"2205","PGHL","EQ",5920,5985,5901,5932,5932,5923.5,20396,1209.21,"14-Aug-2026",5623,"",""
"2206","PGIL","EQ",2464.6,2495,2445.1,2474.6,2472,2464.9,50702,1254.06,"14-Aug-2026",6494,"",""
"2207","PGINVIT","IV",100.4,100.4,99.6,100.14,100.25,99.83,974996,975.28,"14-Aug-2026",5201,"",""
"2208","PHANTOMFX","SM",127,148.8,126,142.4,142.05,125.4,72300,102.76,"14-Aug-2026",173,"",""
"2209","PHARMABEES","EQ",27.49,27.72,27.19,27.25,27.25,27.45,3835127,1047.88,"14-Aug-2026",10827,"",""
"2210","PHOENIXLTD","EQ",1898.3,1900,1880.1,1890,1890,1898.5,204495,3867.08,"14-Aug-2026",17133,"",""
"2211","PHOGLOBAL","SM",15.8,15.8,15.8,15.8,15.8,15.85,2000,0.32,"14-Aug-2026",1,"",""
"2212","PICCADIL","EQ",661.6,675.45,639.5,641.9,642.95,660.5,652212,4232.72,"14-Aug-2026",22053,"",""
"2213","PIDILITIND","EQ",1690.1,1707.5,1684.4,1693,1693,1696.1,680220,11563.35,"14-Aug-2026",35213,"",""
"2214","PIGL","EQ",109.24,109.9,105.1,106.36,106.02,107.18,38955,41.62,"14-Aug-2026",1175,"",""
"2215","PIIND","EQ",2478.8,2505,2461,2490.1,2490.1,2494.3,352632,8780.07,"14-Aug-2026",25144,"",""
"2216","PILANIINVS","EQ",4549.5,4620,4534,4547,4535,4533.5,4873,223.31,"14-Aug-2026",806,"",""
"2217","PILITA","EQ",8.6,8.6,8.1,8.48,8.5,8.25,67790,5.63,"14-Aug-2026",175,"",""
"2218","PINELABS","EQ",167,169.1,164.3,164.86,165.56,166.58,7778096,12962.85,"14-Aug-2026",52128,"",""
"2219","PIONEEREMB","EQ",23.21,24,22.28,23.57,23.98,23.1,2918,0.67,"14-Aug-2026",64,"",""
"2220","PIONRINV","BE",84.99,84.99,81,81.2,81,84.99,903,0.74,"14-Aug-2026",25,"",""
"2221","PIRAMALFIN","EQ",2060,2075,2051,2057.7,2062.8,2069.6,67688,1394.82,"14-Aug-2026",10502,"",""
"2222","PITTIENG","EQ",1074,1092,1052.1,1059.8,1052.5,1061.8,111273,1191.21,"14-Aug-2026",6408,"",""
"2223","PIXTRANS","EQ",1917,1969,1881.5,1896.8,1898,1925.6,30304,580.98,"14-Aug-2026",3123,"",""
"2224","PKTEA","EQ",653.45,694,653.4,679.95,690,690,396,2.69,"14-Aug-2026",16,"",""
"2225","PLADAINFO","SM",9.05,9.1,9.05,9.1,9.1,9.5,21000,1.9,"14-Aug-2026",7,"",""
"2226","PLASTIBLEN","EQ",197.47,202.8,197.13,199.17,199.99,196.03,44465,88.42,"14-Aug-2026",999,"",""
"2227","PLATIND","EQ",222,222,212.71,215.42,215.1,217.8,31808,68.56,"14-Aug-2026",1160,"",""
"2228","PLAZACABLE","EQ",56.38,56.38,55.12,56.38,56.38,53.7,97124,54.68,"14-Aug-2026",448,"",""
"2229","PML","EQ",499.95,499.95,484.05,490,490,500,481,2.37,"14-Aug-2026",48,"",""
"2230","PNB","EQ",117.88,118.9,117.4,118,118,117.59,11249012,13288.97,"14-Aug-2026",57551,"",""
"2231","PNBGILTS","EQ",79.56,80.5,78.81,79.41,79.9,79.52,204045,161.89,"14-Aug-2026",2236,"",""
"2232","PNBHOUSING","EQ",1163,1166,1146.7,1150.5,1150.5,1164.8,207572,2397.17,"14-Aug-2026",17033,"",""
"2233","PNC","EQ",18.65,19.15,17.95,18.4,18.6,18.1,12221,2.25,"14-Aug-2026",264,"",""
"2234","PNCINFRA","EQ",219.39,220.85,216.2,217.92,218.5,219.39,541991,1180.56,"14-Aug-2026",15934,"",""
"2235","PNGJL","EQ",628.2,631.8,608.25,610.7,612.5,628.2,558445,3442.31,"14-Aug-2026",17337,"",""
"2236","PNGSREVA","EQ",603.8,603.8,565,571.75,570,608.5,318815,1849.16,"14-Aug-2026",14455,"",""
"2237","POCL","EQ",493.9,495.8,484.5,491.95,492.5,494.05,286907,1403.61,"14-Aug-2026",7449,"",""
"2238","PODDARMENT","EQ",262.45,269,259,264.2,267,267.6,7393,19.29,"14-Aug-2026",173,"",""
"2239","POKARNA","EQ",973.8,986.95,949,952.4,949,968.7,36935,353.7,"14-Aug-2026",2810,"",""
"2240","POLICYBZR","EQ",1743.4,1754.6,1732.1,1741,1741,1744,751002,13105.07,"14-Aug-2026",24972,"",""
"2241","POLYCAB","EQ",9297,9329,9225,9240,9240,9297,128223,11874.52,"14-Aug-2026",25208,"",""
"2242","POLYMED","EQ",1811.5,1819.2,1765,1786.2,1783.1,1812.8,139114,2482.53,"14-Aug-2026",12758,"",""
"2243","POLYPLEX","EQ",1162,1207.3,1160,1181.5,1180,1167.2,116987,1389.94,"14-Aug-2026",5900,"",""
"2244","POLYSIL","SM",70.95,70.95,70.95,70.95,70.95,74.65,4500,3.19,"14-Aug-2026",7,"",""
"2245","PONNIERODE","EQ",350,353.9,339.6,345.3,344,337.75,52974,184.07,"14-Aug-2026",1241,"",""
"2246","POONAWALLA","EQ",505.05,511.9,492.75,497.9,497,502.7,2731211,13699.59,"14-Aug-2026",54505,"",""
"2247","POSITRON","SM",166.9,169,162.15,168.5,169,166.9,10200,16.91,"14-Aug-2026",28,"",""
"2248","POWERGRID","EQ",267,268.2,265.75,266.05,266.05,266.6,6758273,18037.39,"14-Aug-2026",60775,"",""
"2249","POWERICA","EQ",580.4,580.4,542.7,549.95,555,572.8,127624,713.79,"14-Aug-2026",6133,"",""
"2250","POWERINDIA","EQ",35385,36230,35280,35700,35700,35360,113737,40665.04,"14-Aug-2026",36466,"",""
"2251","POWERMECH","EQ",2460,2478,2440.1,2455.2,2470,2459.9,35493,872.79,"14-Aug-2026",7397,"",""
"2252","PPAP","BE",287.9,295.3,283,291.9,290,289.75,11549,33.45,"14-Aug-2026",244,"",""
"2253","PPL","BE",261,277,260,274.35,276,264.4,70442,190.78,"14-Aug-2026",881,"",""
"2254","PPLPHARMA","EQ",203.4,215.85,202.01,206.64,208.25,212.67,11439262,23852.15,"14-Aug-2026",85555,"",""
"2255","PPSL","SM",3.15,3.15,3,3,3,3.15,138000,4.15,"14-Aug-2026",32,"",""
"2256","PRABHA","EQ",158.5,160,155,155.93,155.01,156.31,15282,23.92,"14-Aug-2026",282,"",""
"2257","PRADPME","BE",499,507.9,494.95,497.6,494.95,498.35,3722,18.61,"14-Aug-2026",56,"",""
"2258","PRAENG","EQ",19.7,21.09,19.7,20.2,20,19.79,24632,5.03,"14-Aug-2026",164,"",""
"2259","PRAJIND","EQ",321.55,347.7,321,335.25,335,321.55,6284959,21356.41,"14-Aug-2026",94610,"",""
"2260","PRAKASH","EQ",121.8,147.03,117.5,137.68,125.75,122.53,3123125,4227.01,"14-Aug-2026",16869,"",""
"2261","PRAKASHSTL","EQ",3.99,3.99,3.94,3.94,3.95,3.96,48632,1.93,"14-Aug-2026",202,"",""
"2262","PRAMARA","SM",107.9,109.75,105.25,107.75,107.75,107.9,27500,29.63,"14-Aug-2026",29,"",""
"2263","PRATHAM","SM",118,122,118,122,122,119.5,3200,3.89,"14-Aug-2026",6,"",""
"2264","PRAVEG","EQ",263.1,285.55,252.3,269.7,267.2,277.6,219208,592.37,"14-Aug-2026",4251,"",""
"2265","PRAXIS","EQ",6.9,6.9,6.13,6.21,6.24,6.68,398161,25.12,"14-Aug-2026",412,"",""
"2266","PRECAM","EQ",135,136.99,133.12,135,135,135.17,70647,94.95,"14-Aug-2026",1895,"",""
"2267","PRECISION","ST",8.85,8.85,8.1,8.65,8.65,8.5,124000,10.79,"14-Aug-2026",18,"",""
"2268","PRECOT","EQ",788,788,710.1,717.15,718,771.4,17344,126.82,"14-Aug-2026",1539,"",""
"2269","PRECWIRE","EQ",464,474.65,451.65,458.35,462,468.65,830337,3833.29,"14-Aug-2026",25454,"",""
"2270","PREMCO","EQ",375.5,386,375.5,385.95,385.8,377.35,384,1.47,"14-Aug-2026",37,"",""
"2271","PREMEXPLN","EQ",647.1,658.85,647.1,651.9,653.5,657.05,424986,2768.84,"14-Aug-2026",7311,"",""
"2272","PREMIER","BE",2.83,2.83,2.75,2.8,2.8,2.89,4322,0.12,"14-Aug-2026",25,"",""
"2273","PREMIERENE","EQ",1036,1038.8,1015,1017.3,1017.3,1035.8,535800,5465.98,"14-Aug-2026",20328,"",""
"2274","PREMIERPOL","EQ",72,74.94,71.31,73.55,74.5,72.48,122816,89.37,"14-Aug-2026",1434,"",""
"2275","PRESSTONIC","SM",31,31.5,29.4,29.65,29.95,31.65,46400,13.93,"14-Aug-2026",39,"",""
"2276","PRESTIGE","EQ",1620,1623.9,1582.4,1592.5,1592.5,1618.9,275252,4393.81,"14-Aug-2026",22350,"",""
"2277","PRICOLLTD","EQ",762.45,795,761.6,792.05,793,765,543858,4257.31,"14-Aug-2026",34694,"",""
"2278","PRIMECAB","ST",183.75,183.8,178,178,178,178,8000,14.44,"14-Aug-2026",5,"",""
"2279","PRIMESECU","EQ",286,291.05,280.6,281.95,280.6,289.35,18599,52.99,"14-Aug-2026",451,"",""
"2280","PRIMO","EQ",24.11,26.6,22.35,25.62,25.55,24.47,1299946,329.87,"14-Aug-2026",4198,"",""
"2281","PRINCEPIPE","EQ",281.6,289,280.25,284,283.7,281.6,336008,956.45,"14-Aug-2026",9514,"",""
"2282","PRITI","BE",35.69,36.85,34.31,35.79,36.85,35.93,7358,2.58,"14-Aug-2026",81,"",""
"2283","PRITIKA","SM",62,62,62,62,62,63,4000,2.48,"14-Aug-2026",2,"",""
"2284","PRITIKAUTO","BE",17.11,17.99,17.1,17.3,17.45,17.41,87481,15.24,"14-Aug-2026",363,"",""
"2285","PRIVISCL","EQ",3501,3541.5,3451.5,3482.2,3475,3528.8,61365,2153.36,"14-Aug-2026",9910,"",""
"2286","PRIZOR","ST",832.1,868,810,851,850,830.35,27600,231.79,"14-Aug-2026",65,"",""
"2287","PRLIND","SM",44.1,44.1,43,43.15,43,43.2,117000,50.73,"14-Aug-2026",67,"",""
"2288","PROFX","SM",79.8,80,78,80,80,79.8,32000,25.56,"14-Aug-2026",10,"",""
"2289","PROLIFE","SM",89.95,90.95,89.95,90.95,90.95,86.65,5000,4.53,"14-Aug-2026",10,"",""
"2290","PROPEQUITY","SM",215,220.5,215,220,220,234.5,3000,6.57,"14-Aug-2026",4,"",""
"2291","PROPSHOP","ST",64.55,68,64.25,66.55,67.9,65.7,40000,26.5,"14-Aug-2026",15,"",""
"2292","PROSTARM","EQ",136.25,139,132.01,134.39,135.3,135.82,229560,308.76,"14-Aug-2026",3586,"",""
"2293","PROTEAN","EQ",555.85,559.5,547.75,551.9,552,555.85,155533,857.63,"14-Aug-2026",5081,"",""
"2294","PROV","SM",1860,1860,1850,1860,1860,1860,400,7.42,"14-Aug-2026",4,"",""
"2295","PROZONER","EQ",41.6,42.5,40.69,42.02,42,41.46,151446,62.75,"14-Aug-2026",520,"",""
"2296","PRSMJOHNSN","EQ",105.51,106.2,105,105.12,105.6,105.43,381468,401.7,"14-Aug-2026",4143,"",""
"2297","PRUDENT","EQ",3315,3384.9,3249.5,3257.1,3300,3325,43980,1463.19,"14-Aug-2026",5345,"",""
"2298","PRUDMOULI","BE",13.6,13.6,12.66,13.35,13.35,13.32,15654,2.05,"14-Aug-2026",26,"",""
"2299","PSB","EQ",23.59,23.7,23.5,23.59,23.63,23.67,483499,114.08,"14-Aug-2026",2142,"",""
"2300","PSFL","SM",31.05,31.05,31.05,31.05,31.05,32,2000,0.62,"14-Aug-2026",1,"",""
"2301","PSPPROJECT","EQ",918,936.05,906.1,922.4,923,918.85,50643,467.36,"14-Aug-2026",3098,"",""
"2302","PSRAJ","ST",88,88.9,84.65,87.9,88,85.65,32500,28.22,"14-Aug-2026",13,"",""
"2303","PSUBANK","EQ",87.71,88.12,86.94,87.24,86.94,87.84,60337,52.75,"14-Aug-2026",419,"",""
"2304","PSUBANKADD","EQ",88.93,88.93,87.93,88.22,88.44,88.42,22992,20.31,"14-Aug-2026",226,"",""
"2305","PSUBNKBEES","EQ",97.9,98.71,97.31,97.52,97.52,98.11,1891699,1847.11,"14-Aug-2026",5495,"",""
"2306","PSUBNKIETF","EQ",89,89.23,88.09,88.46,88.18,88.78,125770,111.48,"14-Aug-2026",729,"",""
"2307","PTC","EQ",164.11,164.67,160.6,161.47,161.2,164.8,1981660,3200.23,"14-Aug-2026",25318,"",""
"2308","PTCIL","EQ",19235,19328,18921,19050,19100,19167,15593,2966.23,"14-Aug-2026",4971,"",""
"2309","PTL","EQ",39.38,39.38,38.45,38.64,38.65,38.83,56158,21.68,"14-Aug-2026",632,"",""
"2310","PULZ","SM",22.55,22.55,22.55,22.55,22.55,23.55,4000,0.9,"14-Aug-2026",2,"",""
"2311","PUNJABCHEM","EQ",1093.6,1104.9,1084.1,1094.8,1097,1094.2,2111,23.08,"14-Aug-2026",445,"",""
"2312","PURPLEUTED","ST",330,353,330,352.85,353,336.2,40750,142.88,"14-Aug-2026",99,"",""
"2313","PURVA","EQ",218.95,222.34,216,218.21,217.2,217.89,198836,437.63,"14-Aug-2026",5614,"",""
"2314","PUSHPA","SM",115,115,114,115,115,115.05,23000,26.44,"14-Aug-2026",17,"",""
"2315","PVP","EQ",35.96,36.78,35.12,35.43,35.42,36.67,577134,206.88,"14-Aug-2026",2246,"",""
"2316","PVRINOX","EQ",1176.1,1189.9,1165,1174,1165,1176.1,125565,1477.6,"14-Aug-2026",10054,"",""
"2317","PVSL","EQ",114.3,116.95,112.05,116.51,116.95,114.25,26108,30.08,"14-Aug-2026",831,"",""
"2318","PVTBANIETF","EQ",27.63,27.65,27.53,27.61,27.65,27.63,2019794,557.07,"14-Aug-2026",1166,"",""
"2319","PVTBANK","EQ",27.34,27.85,27.25,27.37,27.45,27.49,19096,5.21,"14-Aug-2026",33,"",""
"2320","PVTBANKADD","EQ",27.65,27.99,27.61,27.79,27.61,27.65,3093809,857.36,"14-Aug-2026",267,"",""
"2321","PVTBKGROWW","EQ",27.77,27.77,27.26,27.51,27.54,27.48,11852,3.25,"14-Aug-2026",96,"",""
"2322","PWL","EQ",118.51,119.62,115.6,117.12,117.6,118.22,5446152,6380.08,"14-Aug-2026",43526,"",""
"2323","PYRAMID","EQ",162,164.18,160,162.97,163.87,161.62,31718,51.46,"14-Aug-2026",1067,"",""
"2324","QGOLDHALF","EQ",127.28,127.28,124.01,125.29,125.35,126.52,153604,192.16,"14-Aug-2026",1060,"",""
"2325","QLINE","SM",530.05,539.95,529.75,532.8,531.35,530.85,30800,164.49,"14-Aug-2026",71,"",""
"2326","QMSMEDI","EQ",129.61,135,126,131.92,132.79,129.61,46602,60.88,"14-Aug-2026",1306,"",""
"2327","QNIFTY","EQ",268.4,269,268,268.8,268.8,268.41,628,1.69,"14-Aug-2026",46,"",""
"2328","QPOWER","EQ",1287.7,1290,1235.5,1249.3,1248,1278.1,190213,2405.51,"14-Aug-2026",9371,"",""
"2329","QUADFUTURE","EQ",364,368,358.25,360.45,361.5,362.2,147515,534.82,"14-Aug-2026",4539,"",""
"2330","QUAL30IETF","EQ",21.66,21.86,21.61,21.67,21.65,21.66,68631,14.87,"14-Aug-2026",180,"",""
"2331","QUALITY30","EQ",21.28,21.3,21.24,21.27,21.29,21.25,7428,1.58,"14-Aug-2026",21,"",""
"2332","QUESS","EQ",331.25,340,325.05,337.8,337.4,333.2,444663,1487.63,"14-Aug-2026",13513,"",""
"2333","QUESTLAB","SM",89.5,92,89,91.45,91.9,90.5,13200,12,"14-Aug-2026",11,"",""
"2334","QUICKHEAL","BE",150,152.99,148.2,149.09,150,149.5,40522,60.75,"14-Aug-2026",593,"",""
"2335","QUICKTOUCH","SM",19.5,19.8,19,19.1,19.05,19.95,7000,1.36,"14-Aug-2026",11,"",""
"2336","QUINT","EQ",37.16,38.84,36.7,37.56,37.74,37.54,3162,1.17,"14-Aug-2026",45,"",""
"2337","QVCEL","SM",24.9,24.9,24.9,24.9,24.9,24.25,1600,0.4,"14-Aug-2026",1,"",""
"2338","RACE","EQ",103.99,103.99,99.39,100.07,102,99.54,18793,18.98,"14-Aug-2026",95,"",""
"2339","RACLGEAR","EQ",1391,1416.9,1380,1387.3,1390,1389.7,19205,268.21,"14-Aug-2026",1916,"",""
"2340","RADAAN","EQ",3.08,3.1,2.99,3.06,3.07,2.99,17481,0.53,"14-Aug-2026",73,"",""
"2341","RADHIKAJWE","EQ",70.92,70.92,68.55,69.29,69.2,70.72,317500,221.81,"14-Aug-2026",3066,"",""
"2342","RADIANTCMS","EQ",36.75,36.75,35.86,36.08,35.93,36.77,145668,52.52,"14-Aug-2026",1262,"",""
"2343","RADICO","EQ",4670.5,4670.5,4575.6,4650,4650,4675.2,311862,14428.44,"14-Aug-2026",34423,"",""
"2344","RADIOCITY","EQ",6.8,6.94,6.61,6.71,6.72,6.64,25035,1.69,"14-Aug-2026",121,"",""
"2345","RADIOWALLA","ST",25.05,25.05,25.05,25.05,25.05,25.55,1600,0.4,"14-Aug-2026",1,"",""
"2346","RAILTEL","EQ",284,285.8,281.7,282.15,282.3,285.2,184599,522.32,"14-Aug-2026",5942,"",""
"2347","RAIN","EQ",211,213.19,206.25,208.69,207.6,213.99,3240000,6791.02,"14-Aug-2026",24376,"",""
"2348","RAINBOW","EQ",1453,1468,1414.5,1461.8,1464,1453,230835,3303.53,"14-Aug-2026",28623,"",""
"2349","RAJESHEXPO","BZ",81,82,81,81.62,81.6,80.99,55846,45.57,"14-Aug-2026",752,"",""
"2350","RAJINDLTD","SM",66.05,68,66.05,68,68,66.15,3000,2.01,"14-Aug-2026",2,"",""
"2351","RAJMET","EQ",3.27,3.3,3.1,3.21,3.24,3.28,335604,10.89,"14-Aug-2026",787,"",""
"2352","RAJOOENG","BE",51.2,51.2,50.1,50.98,51,50.89,66303,33.61,"14-Aug-2026",460,"",""
"2353","RAJPALAYAM","EQ",840,855,831,838.15,840,832.45,1697,14.27,"14-Aug-2026",140,"",""
"2354","RAJPUTANA","SM",206.15,215,206.15,215,215,206.15,2500,5.27,"14-Aug-2026",5,"",""
"2355","RAJRATAN","EQ",528,532.3,514,515.8,515.7,529.85,73116,378.8,"14-Aug-2026",3490,"",""
"2356","RAJRILTD","BE",21.6,21.74,20.9,21.7,21.7,21.32,12790,2.77,"14-Aug-2026",78,"",""
"2357","RAJSREESUG","EQ",33,34,32,32.67,32.58,32.83,34828,11.44,"14-Aug-2026",342,"",""
"2358","RAJTV","EQ",10.14,10.25,10,10.22,10.25,10.14,27304,2.78,"14-Aug-2026",99,"",""
"2359","RALLIS","EQ",213,216.2,211.12,212.48,212,212.94,825829,1768.5,"14-Aug-2026",18120,"",""
"2360","RAMANEWS","EQ",31.5,33.3,30.9,31.62,31.76,31.88,11064,3.51,"14-Aug-2026",234,"",""
"2361","RAMAPHO","EQ",120.11,120.89,118.84,119.85,120,120.05,21747,26.04,"14-Aug-2026",503,"",""
"2362","RAMASTEEL","BE",4.41,4.41,4.41,4.41,4.41,4.49,468955,20.68,"14-Aug-2026",1294,"",""
"2363","RAMBHAJO","EQ",182.45,184.4,173.1,177.79,178.2,182.62,220456,393.68,"14-Aug-2026",4194,"",""
"2364","RAMCOCEM","EQ",911.8,937.8,902.25,907.2,909.95,908.8,446773,4115.32,"14-Aug-2026",21802,"",""
"2365","RAMCOIND","EQ",358.2,361.9,352.9,356.95,356.8,357.4,170959,610.32,"14-Aug-2026",4336,"",""
"2366","RAMCOSYS","EQ",595.75,611,583.3,595.7,593,595.75,129582,771.83,"14-Aug-2026",7153,"",""
"2367","RAMKY","EQ",392.1,395,387,390.05,390,393.65,24128,94.08,"14-Aug-2026",855,"",""
"2368","RAMRAT","EQ",473.8,478.85,469,475.05,476,471.35,138081,655.4,"14-Aug-2026",5506,"",""
"2369","RANASUG","EQ",13.37,13.52,13.01,13.05,13.1,13.16,243663,32.22,"14-Aug-2026",704,"",""
"2370","RANEHOLDIN","EQ",1758.1,1779.9,1642,1674.4,1680,1777.4,44974,765.86,"14-Aug-2026",4327,"",""
"2371","RAPPID","SM",319.5,319.5,319,319,319,319,1800,5.75,"14-Aug-2026",3,"",""
"2372","RATEGAIN","EQ",888.9,944.9,888.5,942.6,941.8,885.05,639243,5938.54,"14-Aug-2026",23700,"",""
"2373","RATNAMANI","EQ",2282.2,2360.3,2281,2352,2358.6,2298,29086,682.96,"14-Aug-2026",8891,"",""
"2374","RATNAVEER","EQ",221,233.02,209,230.16,229,220,21537789,48413.41,"14-Aug-2026",151103,"",""
"2375","RAYMOND","EQ",643.5,644.8,630.25,635.45,632,642,273383,1737.65,"14-Aug-2026",7873,"",""
"2376","RAYMONDLSL","EQ",737.75,758,733,741.2,749,738.55,195702,1459.8,"14-Aug-2026",10990,"",""
"2377","RAYMONDREL","EQ",570.9,581.85,567.05,577.8,581.85,570.85,223402,1280.8,"14-Aug-2026",5752,"",""
"2378","RBA","EQ",98.5,102.1,96.79,99.08,99.07,98.35,12303317,12306.1,"14-Aug-2026",46015,"",""
"2379","RBLBANK","EQ",387.25,388.3,382.25,385,385,387.25,1471037,5668.69,"14-Aug-2026",21229,"",""
"2380","RBMINFRA","SM",245.05,249.9,243,245.3,245,250.55,20800,51.15,"14-Aug-2026",66,"",""
"2381","RBS","SM",92,93.45,91,93.45,93.45,90.4,7200,6.67,"14-Aug-2026",8,"",""
"2382","RBZJEWEL","EQ",139.39,142.09,139.23,140.84,140.01,140.04,31601,44.63,"14-Aug-2026",843,"",""
"2383","RCDL","SM",27.05,28.3,27.05,27.7,27.7,28.3,21000,5.82,"14-Aug-2026",7,"",""
"2384","RCF","EQ",126,126.79,123.6,124.05,123.67,124.47,1142528,1426.86,"14-Aug-2026",11124,"",""
"2385","RCOM","BE",0.81,0.82,0.8,0.81,0.82,0.8,3013940,24.55,"14-Aug-2026",2156,"",""
"2386","READYMIX","SM",113.5,113.5,103,104.45,104,103.05,5000,5.32,"14-Aug-2026",5,"",""
"2387","RECLTD","EQ",344.15,344.5,334.5,335,335,346.5,7298422,24566.06,"14-Aug-2026",80634,"",""
"2388","REDINGTON","EQ",346,347.7,332.65,334.05,334.35,346,1569582,5298.18,"14-Aug-2026",29417,"",""
"2389","REDTAPE","EQ",124.19,124.33,121.85,122.19,122.35,124.19,249769,305.68,"14-Aug-2026",5018,"",""
"2390","REFEX","EQ",293.4,302,291,297.25,296.65,293.4,390259,1158.8,"14-Aug-2026",7694,"",""
"2391","REFRACTORY","SM",25.6,25.6,25,25,25,25,2000,0.51,"14-Aug-2026",2,"",""
"2392","REGAAL","BE",87.3,87.5,81.75,86,86,86.03,86091,73.22,"14-Aug-2026",453,"",""
"2393","REGENCERAM","EQ",43.99,43.99,35.5,36.31,36.54,40.33,29386,11.02,"14-Aug-2026",577,"",""
"2394","RELAXO","EQ",409.6,420,394.2,396.25,396.5,419.45,463818,1871.11,"14-Aug-2026",16723,"",""
"2395","RELCHEMQ","EQ",124.9,124.9,117.99,118.99,118.06,119.09,6778,8.04,"14-Aug-2026",115,"",""
"2396","RELIABLE","EQ",144.6,144.6,136,139.86,139.78,143.47,317803,452.1,"14-Aug-2026",746,"",""
"2397","RELIANCE","EQ",1317,1317.5,1301.5,1310,1310,1317,10497358,137334.05,"14-Aug-2026",138435,"",""
"2398","RELIGARE","EQ",234,236.3,229.95,234.75,235,234.35,1513186,3540.86,"14-Aug-2026",12350,"",""
"2399","RELINFRA","BE",67.12,67.12,67.12,67.12,67.12,68.48,13785,9.25,"14-Aug-2026",144,"",""
"2400","RELTD","EQ",170.99,170.99,164,164.7,164,169.43,166613,276.72,"14-Aug-2026",2676,"",""
"2401","REMSONSIND","EQ",88.3,90.1,87.91,88.25,88.4,88.29,93316,82.72,"14-Aug-2026",993,"",""
"2402","REMUS","SM",896.95,917.95,892,897.35,892,878.95,30900,280.4,"14-Aug-2026",181,"",""
"2403","RENUKA","EQ",22.15,22.55,21.9,21.95,21.94,22.12,3607964,799.3,"14-Aug-2026",7406,"",""
"2404","REPCOHOME","EQ",362.5,369.95,356.3,357.55,356.6,362.1,70965,254.78,"14-Aug-2026",2664,"",""
"2405","REPL","BE",64.5,64.99,62.81,64,64,64.5,1164,0.74,"14-Aug-2026",21,"",""
"2406","REPRO","EQ",330,331.2,318,324.75,322.2,322.2,22325,72.32,"14-Aug-2026",1193,"",""
"2407","RESPONIND","EQ",167.5,170.8,164,165.9,164.1,168.71,78035,130.22,"14-Aug-2026",1616,"",""
"2408","RETAIL","EQ",17.31,19.8,17.31,19.03,17.6,18.24,7001,1.27,"14-Aug-2026",60,"",""
"2409","REXPRO","SM",37.7,38.05,37.7,38.05,38.05,39.55,6000,2.27,"14-Aug-2026",6,"",""
"2410","RGL","EQ",115,124.9,115,123.03,123.5,111.14,5684564,6900.73,"14-Aug-2026",40929,"",""
"2411","RHETAN","EQ",20.9,21.55,20.9,21.05,21.06,21.01,23892340,5047.89,"14-Aug-2026",15414,"",""
"2412","RHFL","BZ",1.79,1.81,1.77,1.78,1.78,1.79,340613,6.09,"14-Aug-2026",730,"",""
"2413","RHIM","EQ",393.55,394.55,378.05,379.85,380.95,391.65,581225,2226.11,"14-Aug-2026",20731,"",""
"2414","RHL","EQ",169.8,174.4,166.11,166.94,166.11,171.02,5723,9.57,"14-Aug-2026",150,"",""
"2415","RICHA","ST",90,90,90,90,90,90,1000,0.9,"14-Aug-2026",1,"",""
"2416","RICOAUTO","EQ",132.25,136.25,131.06,132,132.7,131.84,1561117,2079.82,"14-Aug-2026",13315,"",""
"2417","RIIL","EQ",744.8,745.9,735,743.6,740.1,744,28667,212.27,"14-Aug-2026",1732,"",""
"2418","RIIT","IV",117.36,120.39,116.04,118.89,119,117.54,390070,461.85,"14-Aug-2026",2187,"",""
"2419","RILINFRA","SM",37.25,38.55,36.55,37,37.1,37.25,13300,4.94,"14-Aug-2026",63,"",""
"2420","RIR","EQ",167.95,168.62,163.21,165.36,167,166.64,165640,274.01,"14-Aug-2026",3000,"",""
"2421","RISHABH","EQ",673.9,673.95,642,648.65,646,660.6,298554,1953.51,"14-Aug-2026",15128,"",""
"2422","RITCO","EQ",300,303,273.05,295.6,296.7,301.75,162454,480.46,"14-Aug-2026",4790,"",""
"2423","RITES","EQ",224.39,225.56,220.22,221.06,220.9,224.46,192372,427.67,"14-Aug-2026",6007,"",""
"2424","RITEZONE","SM",18.25,18.25,18.25,18.25,18.25,19.1,1600,0.29,"14-Aug-2026",1,"",""
"2425","RKDL","EQ",18.56,18.9,18.2,18.63,18.39,18.56,12485,2.31,"14-Aug-2026",80,"",""
"2426","RKEC","EQ",24.95,25.55,24.66,25.02,24.75,24.77,23050,5.76,"14-Aug-2026",108,"",""
"2427","RKFORGE","EQ",730,741.8,728.35,732.6,734.5,733.3,404732,2969.78,"14-Aug-2026",14890,"",""
"2428","RKSWAMY","EQ",98.35,99.05,94,94.59,95.45,98.35,40589,38.76,"14-Aug-2026",924,"",""
"2429","RMC","EQ",268.1,274.95,265,267,268,267.4,55955,151.03,"14-Aug-2026",1854,"",""
"2430","RMDRIP","BE",17.99,18.88,17.55,17.65,17.99,17.99,471888,85.38,"14-Aug-2026",881,"",""
"2431","RML","EQ",1120.5,1148.3,1102,1113.5,1115.1,1120.2,24084,271.1,"14-Aug-2026",2419,"",""
"2432","RNBDENIMS","EQ",8.88,9.34,8.81,8.93,8.92,8.92,116781,10.46,"14-Aug-2026",576,"",""
"2433","RNFI","SM",275.1,277,273,275.6,275.6,273.5,20400,56.2,"14-Aug-2026",24,"",""
"2434","RNPL","SM",83,83,83,83,83,80,1200,1,"14-Aug-2026",1,"",""
"2435","ROCKINGDCE","SM",162,182.8,162,180.65,182.8,168.7,5500,9.73,"14-Aug-2026",18,"",""
"2436","ROHLTD","EQ",315.75,316,311,312.35,311,315.75,7692,24.12,"14-Aug-2026",311,"",""
"2437","ROLEXRINGS","EQ",177.8,181.8,174.26,176.3,175.3,178.26,4236117,7551.41,"14-Aug-2026",33170,"",""
"2438","ROLLT","BE",3.18,3.27,2.97,3.02,3.02,3.12,580793,18.3,"14-Aug-2026",309,"",""
"2439","ROML","EQ",45,45,44.07,44.52,44.49,45.48,1130,0.5,"14-Aug-2026",49,"",""
"2440","ROSSARI","EQ",497.4,510,496.85,503,506.9,497.4,39908,200.06,"14-Aug-2026",1979,"",""
"2441","ROSSELLIND","EQ",55.77,56.8,55.04,55.58,55.2,55.77,18979,10.55,"14-Aug-2026",533,"",""
"2442","ROSSTECH","EQ",1057.15,1102,1057.15,1073.45,1074,1057.15,156621,1705.36,"14-Aug-2026",10060,"",""
"2443","ROTO","EQ",66.5,66.9,65.56,66.11,66.06,66.16,322644,213.28,"14-Aug-2026",2148,"",""
"2444","ROUTE","EQ",514,514,504,505.25,504.5,514.6,183802,932.83,"14-Aug-2026",7521,"",""
"2445","ROXHITECH","SM",54.75,58.9,54.75,58.45,57.7,54.75,132800,76.52,"14-Aug-2026",79,"",""
"2446","ROYALARC","SM",176,180.1,176,180,180,180,7200,12.88,"14-Aug-2026",6,"",""
"2447","RPEL","EQ",1399,1473,1389.6,1433.9,1432,1388.8,243416,3507.04,"14-Aug-2026",18609,"",""
"2448","RPGLIFE","EQ",2830.5,2843,2757.8,2782.3,2772,2830.5,14339,399.69,"14-Aug-2026",2208,"",""
"2449","RPOWER","EQ",23.3,23.4,22.91,22.98,23,23.22,11979556,2759.19,"14-Aug-2026",24915,"",""
"2450","RPPINFRA","EQ",61.9,61.9,58.51,59.65,59.31,59.63,53729,31.91,"14-Aug-2026",1378,"",""
"2451","RPPL","BE",23.56,24,22.55,23.33,23.4,23.56,11283,2.62,"14-Aug-2026",89,"",""
"2452","RPSGVENT","EQ",900,919,867,890.15,890.5,904.35,60010,532.33,"14-Aug-2026",2487,"",""
"2453","RPTECH","EQ",871.15,874.45,828.45,834.05,834,871.75,298989,2526.17,"14-Aug-2026",15601,"",""
"2454","RRIL","EQ",17,17.21,16.7,16.71,16.7,16.92,3947,0.67,"14-Aug-2026",54,"",""
"2455","RRKABEL","EQ",2830,2845,2765.4,2785.6,2786,2834.2,202673,5653.36,"14-Aug-2026",20110,"",""
"2456","RSDFIN","BE",112.1,112.1,112.09,112.09,112.09,117.98,3283,3.68,"14-Aug-2026",54,"",""
"2457","RSL","EQ",168.79,171.37,164.4,165.42,164.86,166.77,471828,787.3,"14-Aug-2026",5787,"",""
"2458","RSSOFTWARE","EQ",33.82,34.49,32.36,33.14,33.5,33.82,14042,4.68,"14-Aug-2026",126,"",""
"2459","RSWM","BE",203,203.05,197,199.1,199.1,201.06,24442,48.88,"14-Aug-2026",609,"",""
"2460","RSYSTEMS","EQ",242.4,244,238.5,241.8,242.5,242.7,98387,236.92,"14-Aug-2026",4032,"",""
"2461","RTNINDIA","EQ",30.39,30.42,30,30.05,30.14,30.41,1093480,329.65,"14-Aug-2026",3985,"",""
"2462","RTNPOWER","EQ",8.46,8.53,8.43,8.45,8.46,8.46,7177211,608.76,"14-Aug-2026",9502,"",""
"2463","RUBFILA","EQ",68.95,70.33,66,66.78,66.71,68.63,70873,48.07,"14-Aug-2026",955,"",""
"2464","RUBICON","EQ",1629.7,1650.7,1591.5,1619.1,1616.8,1620.7,257007,4165.89,"14-Aug-2026",20823,"",""
"2465","RUBYMILLS","BE",370,370.1,356,364.25,369.9,362.7,5510,20.24,"14-Aug-2026",135,"",""
"2466","RUCHINFRA","EQ",6.09,6.09,5.82,5.89,5.9,5.99,29272,1.73,"14-Aug-2026",144,"",""
"2467","RUCHIRA","EQ",103.5,106.19,102.7,104.09,104.16,101.99,23306,24.33,"14-Aug-2026",489,"",""
"2468","RUDRA","EQ",22.5,22.69,21.51,22.46,22.2,22.41,211866,47.12,"14-Aug-2026",627,"",""
"2469","RULKA","SM",110.95,110.95,107.2,107.6,107.2,108,1800,1.97,"14-Aug-2026",6,"",""
"2470","RUPA","EQ",153,153.5,150.05,151.05,151,153.87,166610,252.52,"14-Aug-2026",3371,"",""
"2471","RUSHIL","EQ",17.73,17.73,17.13,17.21,17.13,17.6,147456,25.56,"14-Aug-2026",707,"",""
"2472","RUSTOMJEE","EQ",372.1,375.85,368.95,371.45,374.8,373.5,27601,102.51,"14-Aug-2026",1106,"",""
"2473","RVHL","EQ",42.4,43.92,42.2,43.47,43,42.41,3990,1.73,"14-Aug-2026",43,"",""
"2474","RVNL","EQ",228,228.92,225.55,227.35,227.35,228.15,2580170,5854.91,"14-Aug-2026",25805,"",""
"2475","RVTH","EQ",719.8,739.4,709.3,729.9,730,714.85,2258,16.34,"14-Aug-2026",51,"",""
"2476","S&SPOWER","EQ",319.95,330,316.8,325.6,324.1,320.4,2613,8.5,"14-Aug-2026",77,"",""
"2477","SAAKSHI","ST",275.25,296.1,275.25,296.1,296.1,282,25800,75.67,"14-Aug-2026",33,"",""
"2478","SAATVIKGL","EQ",448,449,420.1,427.4,431,441.7,196637,854.18,"14-Aug-2026",7826,"",""
"2479","SACHEEROME","SM",450,465,450,452.2,452.1,453.65,6000,27.35,"14-Aug-2026",20,"",""
"2480","SADBHAV","EQ",8.77,8.9,8.45,8.54,8.64,8.81,180721,15.56,"14-Aug-2026",539,"",""
"2481","SADBHIN","BE",2.88,2.88,2.81,2.86,2.87,2.75,281382,8.09,"14-Aug-2026",229,"",""
"2482","SADHAV","SM",119.1,120.45,117,117.25,117,115.45,10800,12.89,"14-Aug-2026",18,"",""
"2483","SADHNANIQ","BE",3.14,3.14,3.14,3.14,3.14,3.2,1233310,38.73,"14-Aug-2026",426,"",""
"2484","SAFARI","EQ",1492.5,1505,1475.4,1498.5,1500.1,1492.4,30643,456.2,"14-Aug-2026",4699,"",""
"2485","SAFEENTP","SM",238.15,240.3,238.15,238.9,238.25,238.15,8000,19.14,"14-Aug-2026",15,"",""
"2486","SAGARDEEP","EQ",23.99,24.98,23.59,23.71,23.7,24.11,14347,3.42,"14-Aug-2026",142,"",""
"2487","SAGCEM","EQ",175.12,175.57,172.12,173.39,174.49,173.85,13416,23.35,"14-Aug-2026",508,"",""
"2488","SAGILITY","EQ",42.7,42.85,42,42.28,42.34,42.66,9663209,4085.39,"14-Aug-2026",28817,"",""
"2489","SAHAJSOLAR","SM",110,110,107.1,108.1,109.95,107.9,10800,11.7,"14-Aug-2026",20,"",""
"2490","SAHANA","SM",785,798,773,788,795,785.3,18150,142.41,"14-Aug-2026",77,"",""
"2491","SAHASRA","ST",318.05,319,312,317.15,319,318,18000,56.86,"14-Aug-2026",34,"",""
"2492","SAHLIBHFI","EQ",75.26,76,73.25,74.2,74.01,75.26,3304,2.5,"14-Aug-2026",40,"",""
"2493","SAHYADRI","EQ",369,374.3,358,360.1,361,365.05,15285,55.53,"14-Aug-2026",712,"",""
"2494","SAIFL","SM",5.15,5.15,5.05,5.1,5.1,5.1,96000,4.91,"14-Aug-2026",22,"",""
"2495","SAIL","EQ",167.99,171.6,158.73,169.51,169.51,168.68,28039740,46467.79,"14-Aug-2026",103784,"",""
"2496","SAILIFE","EQ",1456,1470.9,1437.8,1449.9,1442.5,1451.2,142027,2061.72,"14-Aug-2026",11215,"",""
"2497","SAIPARENT","EQ",563.15,568.95,550,551.65,553.25,563.15,76796,427.32,"14-Aug-2026",3919,"",""
"2498","SAJHOTELS","ST",43,43,42.5,42.5,42.5,42.5,4000,1.71,"14-Aug-2026",2,"",""
"2499","SAKAR","EQ",917,924.25,831.55,875.95,878,918.3,272747,2377.51,"14-Aug-2026",15732,"",""
"2500","SAKHTISUG","EQ",16.9,17.64,16.11,17.05,17.23,17.14,330181,56.42,"14-Aug-2026",980,"",""
"2501","SAKSOFT","EQ",170,170,165.05,165.71,166.5,168.34,254321,423.69,"14-Aug-2026",3617,"",""
"2502","SAKUMA","EQ",1.66,1.66,1.56,1.62,1.63,1.67,1094378,17.81,"14-Aug-2026",1191,"",""
"2503","SALASAR","EQ",5.8,6.09,5.74,5.96,5.98,5.9,7464628,445.35,"14-Aug-2026",4459,"",""
"2504","SALONA","EQ",256.02,264.76,255.07,259.62,260,258.4,1825,4.77,"14-Aug-2026",103,"",""
"2505","SALSTEEL","EQ",72.5,73.9,65,66.42,66,69.35,2066870,1453.46,"14-Aug-2026",13269,"",""
"2506","SALZERELEC","EQ",572.05,578.45,567.65,570.25,571.8,573.7,26144,149.44,"14-Aug-2026",1827,"",""
"2507","SAMBHAAV","EQ",6.58,6.65,6.4,6.5,6.65,6.58,10654,0.69,"14-Aug-2026",57,"",""
"2508","SAMBHV","EQ",116.9,122.4,116.9,121.06,120.9,117.11,1423310,1714.66,"14-Aug-2026",12138,"",""
"2509","SAMHI","EQ",164,165.99,163,163.37,163.26,164.77,367602,603.87,"14-Aug-2026",6698,"",""
"2510","SAMMAANCAP","EQ",160,162.9,152,152.39,152.25,161.83,22679522,35428.22,"14-Aug-2026",86555,"",""
"2511","SAMPANN","EQ",26.51,26.99,26,26.28,26.4,26.36,17344,4.55,"14-Aug-2026",96,"",""
"2512","SANATHAN","EQ",484.55,484.55,467,471.35,474.8,480.2,14711,69.75,"14-Aug-2026",1494,"",""
"2513","SANDESH","EQ",1082.05,1090,1072,1079.7,1082,1076.4,989,10.71,"14-Aug-2026",141,"",""
"2514","SANDHAR","EQ",620.45,648.6,616.45,639.85,640.45,615.15,348360,2220.97,"14-Aug-2026",13684,"",""
"2515","SANDUMA","EQ",202.2,203.43,197.11,198.01,198.5,201.93,689151,1370.38,"14-Aug-2026",10479,"",""
"2516","SANGAMIND","EQ",603,603,582.15,601,603,598.35,19506,116.46,"14-Aug-2026",1377,"",""
"2517","SANGANI","SM",55.85,55.85,55.45,55.45,55.45,53.2,7500,4.16,"14-Aug-2026",5,"",""
"2518","SANGHVIMOV","EQ",498,504.95,486.1,489.05,489,496.7,200600,989.81,"14-Aug-2026",7398,"",""
"2519","SANGINITA","BE",53.44,54,53.44,54,54,54.53,648064,347.69,"14-Aug-2026",792,"",""
"2520","SANOFI","EQ",3264,3297,3231,3242.9,3235.5,3248.6,6333,205.92,"14-Aug-2026",1659,"",""
"2521","SANOFICONR","EQ",4471.7,4499.9,4435,4444.9,4435,4471.7,1322,58.84,"14-Aug-2026",419,"",""
"2522","SANSERA","EQ",3837.9,4038,3795.5,3924.6,3926,3786,688015,27260.03,"14-Aug-2026",72950,"",""
"2523","SANSTAR","EQ",110,112.5,104.3,111.5,111.02,112.9,481369,526.25,"14-Aug-2026",6557,"",""
"2524","SANWARIA","BZ",0.21,0.21,0.19,0.2,0.21,0.2,211073,0.43,"14-Aug-2026",160,"",""
"2525","SAPPHIRE","EQ",233.3,239.57,231.5,234.72,234.61,233.29,1505065,3530.99,"14-Aug-2026",22009,"",""
"2526","SAPPL","EQ",275.05,300.05,275,277.95,288.9,278.75,1654,4.7,"14-Aug-2026",41,"",""
"2527","SARDAEN","EQ",520.7,534,512.75,531.15,533.85,523.3,1572136,8247.38,"14-Aug-2026",38101,"",""
"2528","SAREGAMA","EQ",535.65,536,515.2,527.3,530.25,531.65,747795,3925.72,"14-Aug-2026",31667,"",""
"2529","SARLAPOLY","EQ",100.5,102.9,100.5,101.19,102.4,101.55,34895,35.49,"14-Aug-2026",1259,"",""
"2530","SAROJA","SM",31.45,31.45,31.45,31.45,31.45,31.45,1600,0.5,"14-Aug-2026",1,"",""
"2531","SARTELE","SM",111,112.1,107.5,108.25,108,110.8,79000,86.4,"14-Aug-2026",135,"",""
"2532","SARVESHWAR","EQ",3.46,3.49,3.42,3.46,3.47,3.45,913699,31.53,"14-Aug-2026",1194,"",""
"2533","SASKEN","EQ",2037.9,2037.9,1951.5,1971.4,1955.5,2001.8,11470,227.87,"14-Aug-2026",1845,"",""
"2534","SATECH","SM",36.95,36.95,36.95,36.95,36.95,35.9,1000,0.37,"14-Aug-2026",1,"",""
"2535","SATIA","EQ",60.88,62,59.25,59.88,60.3,60.88,87134,53.08,"14-Aug-2026",1004,"",""
"2536","SATIN","EQ",219.89,229.08,219.55,225.54,223.95,221.12,397440,891.62,"14-Aug-2026",6529,"",""
"2537","SATKARTAR","SM",121.15,121.15,121,121,121,121.15,11200,13.55,"14-Aug-2026",10,"",""
"2538","SATTVAENGG","SM",76.25,76.3,74,74.4,74.05,74,16000,12.01,"14-Aug-2026",10,"",""
"2539","SAURASHCEM","EQ",60.8,62.16,59.25,60.34,60,61.34,127798,77.78,"14-Aug-2026",1148,"",""
"2540","SAVY","SM",128.1,133,128.1,132,132,131.75,6000,7.84,"14-Aug-2026",5,"",""
"2541","SAWALIYA","SM",290,290.2,278,284.7,285,286.35,115800,330.74,"14-Aug-2026",77,"",""
"2542","SAYAJIHOTL","EQ",327,327,327,327,327,325,2,0.01,"14-Aug-2026",1,"",""
"2543","SBC","EQ",39.41,39.67,38.11,38.6,38.94,38.55,12439208,4810.65,"14-Aug-2026",15418,"",""
"2544","SBCL","EQ",1010.65,1050,1006.9,1040.1,1040,1008.65,270327,2774.36,"14-Aug-2026",12948,"",""
"2545","SBFC","EQ",94.32,94.53,93.45,94.05,93.71,94.56,557926,524.94,"14-Aug-2026",11718,"",""
"2546","SBGLP","EQ",25.53,25.96,24.35,25.52,25.88,25.54,37932,9.61,"14-Aug-2026",153,"",""
"2547","SBIBPB","EQ",51.74,51.74,50.52,50.62,50.84,50.73,40839,20.72,"14-Aug-2026",348,"",""
"2548","SBICARD","EQ",641.2,642.95,629,633,633,641,1566601,9929.9,"14-Aug-2026",18534,"",""
"2549","SBIETFCON","EQ",126.97,126.97,125.24,125.56,125.56,125.61,4738,5.94,"14-Aug-2026",80,"",""
"2550","SBIETFIT","EQ",341.88,353.97,341.88,346.72,346.24,350.65,7388,25.66,"14-Aug-2026",167,"",""
"2551","SBIETFPB","EQ",279.9,280.2,278,279.76,280.2,279.31,3454,9.62,"14-Aug-2026",99,"",""
"2552","SBIETFQLTY","EQ",228.29,228.86,227.54,228.82,228.82,228.78,212,0.48,"14-Aug-2026",32,"",""
"2553","SBIFUNDS","EQ",563,563.5,555.5,559.1,559.05,563.5,1641085,9163.04,"14-Aug-2026",53872,"",""
"2554","SBILIFE","EQ",1812.8,1820.9,1789.4,1795,1795,1812,564182,10134.8,"14-Aug-2026",42180,"",""
"2555","SBILIQETF","EQ",1051.97,1051.99,1051.97,1051.98,1051.99,1051.57,197353,2076.12,"14-Aug-2026",118,"",""
"2556","SBIMIDMOM","EQ",64.5,65.07,64,64.17,64.31,64.5,238922,153.5,"14-Aug-2026",301,"",""
"2557","SBIN","EQ",1082,1082,1065.1,1067.7,1067.7,1083,6273501,67102.67,"14-Aug-2026",121961,"",""
"2558","SBINEQWETF","EQ",34.34,34.34,33.81,33.99,34.07,33.9,22429,7.62,"14-Aug-2026",177,"",""
"2559","SBINMID150","EQ",23.67,23.7,23.47,23.61,23.7,23.56,5153,1.21,"14-Aug-2026",79,"",""
"2560","SBISILVER","EQ",231.96,231.96,223.22,226.67,227.06,226.31,714638,1610.88,"14-Aug-2026",5469,"",""
"2561","SBISMLETF","EQ",18.46,18.46,18.28,18.35,18.4,18.39,17005,3.12,"14-Aug-2026",190,"",""
"2562","SBIVALETF","EQ",14.96,14.97,14.88,14.92,14.97,14.96,8178,1.22,"14-Aug-2026",51,"",""
"2563","SCANSTL","BE",61,61.2,57.12,59.75,59.12,59.92,28386,16.77,"14-Aug-2026",174,"",""
"2564","SCHAEFFLER","EQ",4117,4126,4026.1,4043.2,4040.6,4111.2,170338,6910.48,"14-Aug-2026",17578,"",""
"2565","SCHAND","EQ",137.5,139.99,136.01,137.86,137.95,138.67,26414,36.58,"14-Aug-2026",1028,"",""
"2566","SCHNEIDER","EQ",1370.3,1419.9,1358,1369.2,1370.2,1379.1,347152,4789.75,"14-Aug-2026",32933,"",""
"2567","SCI","EQ",295.6,298.35,291.05,292.25,293.3,294.45,1244758,3656.71,"14-Aug-2026",26881,"",""
"2568","SCILAL","EQ",40.59,40.96,40.11,40.32,40.3,40.65,155773,62.99,"14-Aug-2026",931,"",""
"2569","SCML","SM",81,84,80.4,84,84,81.7,74000,60.03,"14-Aug-2026",58,"",""
"2570","SCODATUBES","EQ",134.97,134.99,132.19,133.23,133,134.49,93783,125.19,"14-Aug-2026",1402,"",""
"2571","SCPL","EQ",628.2,665,605.7,653.05,650.2,628.2,113388,724.21,"14-Aug-2026",3950,"",""
"2572","SDBL","EQ",74.37,77.6,74,74.2,74.08,74.37,1106156,833.92,"14-Aug-2026",8444,"",""
"2573","SDREAMS","SM",85.55,88.55,85.55,87,87,88,6000,5.18,"14-Aug-2026",4,"",""
"2574","SEAMECLTD","EQ",1504.3,1557,1476.5,1541.9,1554,1532.3,140951,2162.31,"14-Aug-2026",7871,"",""
"2575","SECMARK","EQ",126.07,138.4,125.1,128.26,129,126.07,1180,1.51,"14-Aug-2026",35,"",""
"2576","SECURKLOUD","EQ",18.9,18.9,18.02,18.26,18.4,18.53,16852,3.07,"14-Aug-2026",124,"",""
"2577","SEDEMAC","EQ",3059.8,3183.5,3020.1,3152.9,3181,3059.8,159985,5015.95,"14-Aug-2026",19345,"",""
"2578","SEIL","EQ",206.94,214.2,202.65,212.71,211.49,204.9,433209,910.13,"14-Aug-2026",4111,"",""
"2579","SEJALLTD","EQ",678.95,686.95,665.05,679.9,680.35,678.95,4103,27.91,"14-Aug-2026",332,"",""
"2580","SEL","SM",300.55,319,300,314.8,318.4,306.65,31400,99.16,"14-Aug-2026",56,"",""
"2581","SELECTIPO","EQ",49.95,49.95,48.5,48.55,48.5,48.74,127013,61.76,"14-Aug-2026",143,"",""
"2582","SELLOWRAP","SM",66,68,66,68,68,67.5,4800,3.22,"14-Aug-2026",3,"",""
"2583","SELMC","EQ",27.2,28.2,27.2,27.6,27.93,27.51,3545,0.99,"14-Aug-2026",45,"",""
"2584","SEMAC","BE",331.95,331.95,312.25,326,312.25,316.25,279,0.9,"14-Aug-2026",23,"",""
"2585","SENCO","EQ",353,353.9,340.05,341.85,341.95,351.9,1086724,3771.49,"14-Aug-2026",20529,"",""
"2586","SENORES","EQ",1491.4,1509.9,1470.1,1477.7,1471.1,1491.4,99387,1478.8,"14-Aug-2026",9501,"",""
"2587","SENSEXADD","EQ",80.48,80.49,80.05,80.32,80.4,80.18,5157,4.14,"14-Aug-2026",23,"",""
"2588","SENSEXAXIS","EQ",82.5,82.5,80.59,80.92,81.23,81.23,2114,1.71,"14-Aug-2026",56,"",""
"2589","SENSEXBETA","EQ",863.78,864.53,860,862.82,864.53,863.06,642,5.54,"14-Aug-2026",117,"",""
"2590","SENSEXETF","EQ",80.47,80.64,80.23,80.58,80.62,80.3,7987,6.42,"14-Aug-2026",163,"",""
"2591","SENSEXIETF","EQ",897.03,904,892.54,898.14,901.09,897.03,9425,84.45,"14-Aug-2026",380,"",""
"2592","SEPC","EQ",5.97,5.97,5.75,5.77,5.77,5.87,8813725,510.94,"14-Aug-2026",6187,"",""
"2593","SERVICE","SM",63,63,63,63,63,63,2000,1.26,"14-Aug-2026",1,"",""
"2594","SERVOTECH","EQ",82.18,83.88,82.18,82.78,82.87,82.68,260314,215.29,"14-Aug-2026",2817,"",""
"2595","SESHAPAPER","EQ",229.05,234,226.02,232.04,231.48,229.34,26979,62.06,"14-Aug-2026",1040,"",""
"2596","SETCO","BE",17.5,17.5,17.22,17.22,17.22,17.5,19179,3.31,"14-Aug-2026",62,"",""
"2597","SETF10GILT","EQ",267.79,267.8,266,267.1,267.1,266.84,2942,7.88,"14-Aug-2026",38,"",""
"2598","SETFGOLD","EQ",128.75,129.15,127.71,129.06,129,129.54,2851695,3667.92,"14-Aug-2026",9463,"",""
"2599","SETFNIF50","EQ",262.84,263.25,260.01,263.05,262.99,262.84,402200,1056.31,"14-Aug-2026",3426,"",""
"2600","SETFNIFBK","EQ",591.82,593.39,590.01,592.3,592.55,592.87,12272,72.59,"14-Aug-2026",356,"",""
"2601","SETFNN50","EQ",801.14,805.15,794.81,799.65,799.9,801.14,32716,261.82,"14-Aug-2026",877,"",""
"2602","SETL","EQ",297.65,300.8,292.15,298.4,299.6,297.65,408670,1218.89,"14-Aug-2026",5729,"",""
"2603","SETUINFRA","BZ",0.41,0.44,0.4,0.42,0.44,0.42,58387,0.24,"14-Aug-2026",54,"",""
"2604","SEYAIND","BE",12.54,12.54,12.14,12.29,12.31,12.3,6139,0.76,"14-Aug-2026",44,"",""
"2605","SFL","EQ",699.4,705,691.5,699.95,697,695.95,141739,991.59,"14-Aug-2026",12337,"",""
"2606","SFML","SM",21.95,21.95,21.95,21.95,21.95,21.2,3200,0.7,"14-Aug-2026",2,"",""
"2607","SGBAPR28I","GB",14910,15076.01,14901,15015.07,15001,15088.31,223,33.38,"14-Aug-2026",81,"",""
"2608","SGBAUG27","GB",14982,15200,14900,15132.19,15200,14982,43,6.44,"14-Aug-2026",21,"",""
"2609","SGBAUG28V","GB",14998.89,15049.99,14916,15003.95,15049.99,15039.26,457,68.33,"14-Aug-2026",65,"",""
"2610","SGBAUG29V","GB",15050,15050,14951,14991.85,15000,15075.2,76,11.4,"14-Aug-2026",14,"",""
"2611","SGBAUG30","GB",15137,15180,15007.01,15160,15180,15213.76,75,11.33,"14-Aug-2026",31,"",""
"2612","SGBD29VIII","GB",15000,15032,14864,15005.5,15032,15060,100,14.96,"14-Aug-2026",45,"",""
"2613","SGBDC27VII","GB",14812.11,14999,14812.11,14999,14999,15030,7,1.05,"14-Aug-2026",4,"",""
"2614","SGBDE30III","GB",15020,15139.99,15000,15087.96,15072,15084.61,102,15.36,"14-Aug-2026",38,"",""
"2615","SGBDE31III","GB",15221.27,15359.99,15076.01,15306.06,15250,15297.76,937,142.03,"14-Aug-2026",186,"",""
"2616","SGBDEC26","GB",15035.71,15035.71,15035.71,15035.71,15035.71,15035.71,2,0.3,"14-Aug-2026",2,"",""
"2617","SGBFEB29XI","GB",14986,14986,14925,14984.88,14984.99,15000.65,35,5.24,"14-Aug-2026",15,"",""
"2618","SGBFEB32IV","GB",15298.89,15398.99,15166.01,15367.06,15350,15326.43,2563,390.77,"14-Aug-2026",292,"",""
"2619","SGBJ28VIII","GB",14950,14950,14950,14950,14950,15003.01,2,0.3,"14-Aug-2026",1,"",""
"2620","SGBJAN27","GB",15070,15075,15070,15074.5,15075,15100,21,3.17,"14-Aug-2026",3,"",""
"2621","SGBJAN29IX","GB",15000,15018.99,14913,14980,14980,15057.21,88,13.15,"14-Aug-2026",22,"",""
"2622","SGBJAN29X","GB",14951,14988,14935.01,14988,14988,15040.57,37,5.53,"14-Aug-2026",14,"",""
"2623","SGBJAN30IX","GB",14999.98,15055,14911.13,15055,15055,15055,291,43.59,"14-Aug-2026",40,"",""
"2624","SGBJU29III","GB",14997,15000,14912.01,14995.27,15000,15074.8,83,12.42,"14-Aug-2026",22,"",""
"2625","SGBJUL27","GB",14961.02,14961.02,14961.02,14961.02,14961.02,14961.02,1,0.15,"14-Aug-2026",1,"",""
"2626","SGBJUL28IV","GB",14980,14987,14924.1,14984.22,14987,15022.22,249,37.24,"14-Aug-2026",35,"",""
"2627","SGBJUL29IV","GB",15000,15000,14910.01,14987.27,14990,15026.32,229,34.24,"14-Aug-2026",33,"",""
"2628","SGBJUN27","GB",15006,15099.99,14901,14979.16,15099.99,15006,23,3.44,"14-Aug-2026",11,"",""
"2629","SGBJUN28","GB",14900,14900,14900,14900,14900,15120,1,0.15,"14-Aug-2026",1,"",""
"2630","SGBJUN29II","GB",15045,15045,15000,15033,15033,15043.26,7,1.05,"14-Aug-2026",5,"",""
"2631","SGBJUN30","GB",15000,15140,14902,15036.55,15139,15081.26,267,40,"14-Aug-2026",38,"",""
"2632","SGBJUN31I","GB",15098.9,15248.99,15025,15234.01,15246.99,15124.89,680,102.79,"14-Aug-2026",111,"",""
"2633","SGBMAR28X","GB",15125.01,15199.99,15075,15198.32,15199.99,15200,707,106.59,"14-Aug-2026",5,"",""
"2634","SGBMAR30X","GB",15100,15100,15089.9,15090,15090,15063.31,35,5.28,"14-Aug-2026",14,"",""
"2635","SGBMAR31IV","GB",15112,15275,15067,15235.7,15235.7,15190.57,106,16.06,"14-Aug-2026",16,"",""
"2636","SGBMAY28","GB",15049,15049,14880,14997.17,14999,15034.99,116,17.38,"14-Aug-2026",27,"",""
"2637","SGBMAY29I","GB",15000,15040,14920.01,15035.26,15030,15044.28,255,38.23,"14-Aug-2026",39,"",""
"2638","SGBMR29XII","GB",15051,15125.28,15050.01,15120.01,15120.01,15199.85,976,147.11,"14-Aug-2026",51,"",""
"2639","SGBN28VIII","GB",14985,15065,14912.14,15054.18,15065,15035.83,96,14.38,"14-Aug-2026",23,"",""
"2640","SGBNOV26","GB",15000,15000,15000,15000,15000,15039.39,11,1.65,"14-Aug-2026",3,"",""
"2641","SGBNV29VII","GB",14999,15044,14912,15023.84,15044,15054.15,188,28.19,"14-Aug-2026",28,"",""
"2642","SGBOC28VII","GB",14901,15080,14901,15026.33,15075,15060,121,18.11,"14-Aug-2026",21,"",""
"2643","SGBOCT26","GB",15100,15100,15100,15100,15100,15100,1,0.15,"14-Aug-2026",1,"",""
"2644","SGBOCT27","GB",14900,15038,14900,15038,15038,15100,4,0.6,"14-Aug-2026",4,"",""
"2645","SGBSEP27","GB",15100,15150,15100,15150,15150,15199.99,901,136.05,"14-Aug-2026",2,"",""
"2646","SGBSEP28VI","GB",15055,15140,15055,15138.46,15140,15198.67,405,61.13,"14-Aug-2026",70,"",""
"2647","SGBSEP29VI","GB",15052.11,15184,15050,15135.18,15149.1,15191.97,257,38.77,"14-Aug-2026",25,"",""
"2648","SGBSEP31II","GB",15175,15304.61,15100,15294.13,15250,15239.09,610,92.69,"14-Aug-2026",140,"",""
"2649","SGFIN","EQ",663.7,669,650,662.05,659.5,657.7,141224,933.18,"14-Aug-2026",6431,"",""
"2650","SGIL","EQ",538.75,567.15,534.05,560.85,567.15,538.75,41218,226.49,"14-Aug-2026",1988,"",""
"2651","SGL","EQ",9.98,9.98,9.67,9.73,9.73,9.74,2964,0.29,"14-Aug-2026",29,"",""
"2652","SGMART","EQ",757.4,757.4,735,735.85,735,747.15,174450,1297.83,"14-Aug-2026",8307,"",""
"2653","SHADOWFAX","EQ",250,253,248.51,251.33,251.82,248.25,2596502,6523.38,"14-Aug-2026",27737,"",""
"2654","SHAH","EQ",4.24,4.24,4.03,4.1,4.1,4.16,3426265,141.42,"14-Aug-2026",1229,"",""
"2655","SHAHALLOYS","EQ",74.38,74.38,70.55,72.11,72.4,74.38,7849,5.65,"14-Aug-2026",95,"",""
"2656","SHAILY","EQ",3407,3441.1,3340,3365,3366.5,3406.9,62751,2127.42,"14-Aug-2026",9473,"",""
"2657","SHAKTIPUMP","EQ",506.1,511.2,497.5,500.3,500.3,506.05,424782,2131.61,"14-Aug-2026",16493,"",""
"2658","SHALBY","EQ",155.4,157,151.7,152.91,153.03,156.15,94433,144.87,"14-Aug-2026",1981,"",""
"2659","SHALPAINTS","BE",91.39,91.39,91.39,91.39,91.39,87.04,202400,184.97,"14-Aug-2026",261,"",""
"2660","SHANKARA","EQ",140.51,141.51,140.51,141.04,141.01,141.39,23699,33.42,"14-Aug-2026",377,"",""
"2661","SHANTHALA","SM",18,18.2,17,18.2,18.2,18.5,3600,0.64,"14-Aug-2026",3,"",""
"2662","SHANTI","EQ",6.25,6.25,6.06,6.22,6.23,6.2,10180,0.63,"14-Aug-2026",87,"",""
"2663","SHANTI-RE","BE",18,23.66,11.05,23.52,23.66,16.9,236023,39.73,"14-Aug-2026",2475,"",""
"2664","SHANTIGEAR","EQ",397.2,400.85,396,397.45,396,394.3,11521,45.94,"14-Aug-2026",603,"",""
"2665","SHANTIGOLD","EQ",228.18,251.99,227.1,247.66,248.5,231.9,8748136,21343.63,"14-Aug-2026",92951,"",""
"2666","SHARDACROP","EQ",792.7,793.65,782.1,786.4,785.25,792.7,115668,909.97,"14-Aug-2026",8766,"",""
"2667","SHARDAMOTR","EQ",878.05,916.35,878.05,898.25,898,881.95,118577,1073.45,"14-Aug-2026",11065,"",""
"2668","SHARDUL","BE",52.29,52.29,52.29,52.29,52.29,49.8,10666,5.58,"14-Aug-2026",47,"",""
"2669","SHAREINDIA","EQ",173.31,178.42,170.4,174.47,173.5,173.31,509646,885.03,"14-Aug-2026",5949,"",""
"2670","SHARIABEES","EQ",473.8,474.99,467.45,471.72,474.88,471.45,3198,15.02,"14-Aug-2026",351,"",""
"2671","SHBAJRG","EQ",172.61,176.69,169,173.8,173.8,172.61,2372,4.07,"14-Aug-2026",69,"",""
"2672","SHEEL","ST",63,64,63,64,64,65.1,4000,2.54,"14-Aug-2026",2,"",""
"2673","SHEETAL","SM",334,335,325,326.6,325.5,333.4,6000,19.8,"14-Aug-2026",12,"",""
"2674","SHEKHAWATI","EQ",19.52,20,18.77,19.33,19.41,20.33,147630,28.73,"14-Aug-2026",493,"",""
"2675","SHEMAROO","BE",127,129.7,125.01,129.13,129,127.54,8916,11.38,"14-Aug-2026",38,"",""
"2676","SHERA","ST",169,172,169,170.55,171.9,169.6,50000,85.3,"14-Aug-2026",48,"",""
"2677","SHETHJI","ST",171.9,171.9,170,170.5,170,169.45,10000,17.06,"14-Aug-2026",9,"",""
"2678","SHILCTECH","EQ",3965,3965,3880.1,3904.2,3899.9,3954.8,22158,866.79,"14-Aug-2026",4433,"",""
"2679","SHILPAMED","EQ",811.6,825,810.05,822,822.5,807.05,1036681,8470.39,"14-Aug-2026",32416,"",""
"2680","SHINDL","EQ",162.99,165.59,161.54,163.32,164.95,161.99,32173,52.57,"14-Aug-2026",524,"",""
"2681","SHIVALIK","BE",262.95,269,255,267.99,269,260.24,35168,92.77,"14-Aug-2026",328,"",""
"2682","SHIVAMAUTO","BE",16.81,17.07,16.81,16.81,16.81,17.05,5963,1.01,"14-Aug-2026",32,"",""
"2683","SHIVAMILLS","EQ",62.96,62.96,59.15,62.2,62.48,60.06,2458,1.52,"14-Aug-2026",61,"",""
"2684","SHIVASHRIT","SM",126.8,126.8,122.5,125,125,123.05,29000,36,"14-Aug-2026",28,"",""
"2685","SHIVATEX","EQ",161,165.65,161,162.68,163.02,160.09,3819,6.21,"14-Aug-2026",51,"",""
"2686","SHIVAUM","EQ",453.95,474.05,437,447.1,460,445,3726,16.81,"14-Aug-2026",114,"",""
"2687","SHK","EQ",173.49,173.49,167.66,170.72,171.16,173.68,402676,684.74,"14-Aug-2026",5812,"",""
"2688","SHKSIL","SM",37,37,37,37,37,36.95,2000,0.74,"14-Aug-2026",1,"",""
"2689","SHOPERSTOP","EQ",424.9,438.3,420.15,424.35,421.25,427.9,41167,176.48,"14-Aug-2026",2994,"",""
"2690","SHRADHA","EQ",32.8,34.85,32,34.45,34.45,34.03,27544,9.32,"14-Aug-2026",158,"",""
"2691","SHREDIGCEM","EQ",72.4,73.1,71.8,71.91,71.84,72.05,56593,41.06,"14-Aug-2026",1461,"",""
"2692","SHREECEM","EQ",25260,25300,24600,24795,24795,25245,51210,12684.08,"14-Aug-2026",18510,"",""
"2693","SHREEDHAR","ST",114,117.45,114,117.45,117.45,111.9,32000,37.47,"14-Aug-2026",11,"",""
"2694","SHREEJISPG","EQ",664.75,666,642.8,653.4,654.8,654.85,598467,3917.18,"14-Aug-2026",9535,"",""
"2695","SHREEKARNI","SM",362.2,362.2,352.05,357.05,357,371.75,4200,14.97,"14-Aug-2026",18,"",""
"2696","SHREEOSFM","SM",60.3,61,59.4,59.4,59.4,60.2,5000,3.02,"14-Aug-2026",5,"",""
"2697","SHREEPUSHK","EQ",376.55,387.8,371,384.3,384,370,56016,213.8,"14-Aug-2026",2605,"",""
"2698","SHREERAMA","EQ",41.99,44.88,40.6,43.8,43.68,39.89,718477,312.46,"14-Aug-2026",4454,"",""
"2699","SHREMINVIT","IV",101.5,101.5,101.5,101.5,101.5,103.9,50000,50.75,"14-Aug-2026",2,"",""
"2700","SHRENIK","BZ",0.33,0.33,0.31,0.31,0.31,0.32,509203,1.6,"14-Aug-2026",200,"",""
"2701","SHREYANIND","EQ",133.9,139,129.01,130.27,131,133.26,11534,15.17,"14-Aug-2026",293,"",""
"2702","SHRIAHIMSA","ST",390,393.5,390,393.5,393.5,390,4800,18.86,"14-Aug-2026",5,"",""
"2703","SHRIKANHA","SM",23,23,22,22,22,22.65,36800,8.31,"14-Aug-2026",6,"",""
"2704","SHRIKRISH","EQ",42.08,42.08,40,40,40.01,40.08,433,0.17,"14-Aug-2026",9,"",""
"2705","SHRINGARMS","EQ",227.9,231,222.4,223.27,224,227.16,774766,1754.37,"14-Aug-2026",5523,"",""
"2706","SHRIPISTON","EQ",4455,4515.8,4455,4492.4,4473.5,4487.7,30922,1386.55,"14-Aug-2026",9187,"",""
"2707","SHRIRAMFIN","EQ",1130,1134.9,1118,1122,1122,1132.3,2463317,27758.42,"14-Aug-2026",57797,"",""
"2708","SHRIRAMPPS","EQ",78.01,78.84,77.69,78.11,78.1,78.01,448939,351.42,"14-Aug-2026",3210,"",""
"2709","SHRITECH","SM",59.25,61.9,59.25,61.9,61.9,59.1,6000,3.66,"14-Aug-2026",3,"",""
"2710","SHUBHSHREE","SM",316,328,316,328,328,320,900,2.88,"14-Aug-2026",3,"",""
"2711","SHUKRAPHAR","EQ",42.04,43.4,40.06,41.42,41,41.25,1113804,466.04,"14-Aug-2026",7701,"",""
"2712","SHYAMCENT","BE",4.98,5.1,4.88,4.99,4.98,5.04,41932,2.07,"14-Aug-2026",139,"",""
"2713","SHYAMDHANI","ST",57.25,57.25,54.35,54.35,54.35,57.2,48000,26.31,"14-Aug-2026",18,"",""
"2714","SHYAMMETL","EQ",978.7,1002.8,970,999.6,1002,978.7,691717,6829.79,"14-Aug-2026",11551,"",""
"2715","SHYAMTEL","BE",14.6,14.73,14.12,14.12,14.12,14.73,1003,0.14,"14-Aug-2026",14,"",""
"2716","SICAGEN","EQ",61.9,61.9,58,58.8,59,60.83,40997,24.43,"14-Aug-2026",566,"",""
"2717","SICALLOG","BE",119.9,119.9,111.53,115.73,115.5,117.4,46940,53.99,"14-Aug-2026",202,"",""
"2718","SIDDHICOTS","SM",27.05,28,27,28,28,28,8400,2.3,"14-Aug-2026",7,"",""
"2719","SIEMENS","EQ",3968.1,4052,3924,3940,3940,3987,299051,11898.83,"14-Aug-2026",27852,"",""
"2720","SIGACHI","BE",26.39,27.7,26.39,27.28,27.4,27.77,1325268,352.67,"14-Aug-2026",1650,"",""
"2721","SIGIND","EQ",69.99,70.05,65.88,66.32,65.9,68.58,46143,31.53,"14-Aug-2026",584,"",""
"2722","SIGMA","EQ",45.5,47.48,45.25,46.16,46.36,45.69,93516,43.11,"14-Aug-2026",1169,"",""
"2723","SIGMAADV","BE",652.8,672,652.8,660.1,664,687.15,367773,2408.67,"14-Aug-2026",4431,"",""
"2724","SIGNATURE","EQ",803.9,816.7,802.4,809.25,805,801.05,198454,1603.57,"14-Aug-2026",6072,"",""
"2725","SIGNORIA","ST",161,163,161,163,163,166.95,2000,3.24,"14-Aug-2026",2,"",""
"2726","SIGNPOST","EQ",269.5,270,265.55,267.4,268,267.5,31546,84.32,"14-Aug-2026",1310,"",""
"2727","SIKA","EQ",1104,1119,1092.4,1098.8,1099.9,1104,20787,229.51,"14-Aug-2026",2384,"",""
"2728","SIKKO","BE",5.6,5.97,5.55,5.56,5.59,5.79,761860,43.07,"14-Aug-2026",787,"",""
"2729","SIL","EQ",19.5,20,18.97,19.59,19.68,18.97,223482,43.66,"14-Aug-2026",951,"",""
"2730","SILGO","EQ",70.13,70.47,68.49,69.78,69.72,69.62,180949,125,"14-Aug-2026",959,"",""
"2731","SILINV","EQ",440,444,432,440.55,442,431.95,3766,16.56,"14-Aug-2026",209,"",""
"2732","SILKFLEX","SM",204.55,209.95,204.55,207,207,204.5,5000,10.36,"14-Aug-2026",5,"",""
"2733","SILKY","SM",72,73.55,71,72,72,75,16800,12.06,"14-Aug-2026",7,"",""
"2734","SILLYMONKS","EQ",16.5,16.5,15.3,15.63,15.92,16.25,8801,1.37,"14-Aug-2026",104,"",""
"2735","SILVER","EQ",233.4,233.4,227.6,231.05,231.3,230.94,747893,1717.92,"14-Aug-2026",6968,"",""
"2736","SILVER1","EQ",21.95,22.7,21.95,22.43,22.46,22.4,3208414,715.93,"14-Aug-2026",3678,"",""
"2737","SILVER360","EQ",227.32,228.21,224.5,227.36,227.01,227.32,12899,29.19,"14-Aug-2026",481,"",""
"2738","SILVERADD","EQ",224.8,224.8,219.62,223.12,223.6,222.78,224529,498.6,"14-Aug-2026",2757,"",""
"2739","SILVERAG","EQ",223.86,225.64,221.75,224.97,225.64,225.21,183612,410.43,"14-Aug-2026",2524,"",""
"2740","SILVERAXIS","EQ",234.58,234.58,226.73,229.93,230.2,229.98,261838,596.94,"14-Aug-2026",1738,"",""
"2741","SILVERBEES","EQ",219.23,221.51,217.9,221.22,221.5,220.97,20353939,44706.76,"14-Aug-2026",58773,"",""
"2742","SILVERBETA","EQ",223.17,223.89,220,223.3,223.46,223.17,397563,880.92,"14-Aug-2026",2993,"",""
"2743","SILVERBND","EQ",232,232.39,228.35,231.56,231.53,231.79,30089,69.62,"14-Aug-2026",168,"",""
"2744","SILVERCASE","EQ",23.34,23.5,22.97,23.45,23.5,23.44,11011330,2564.73,"14-Aug-2026",6332,"",""
"2745","SILVERIETF","EQ",235,235,227.56,230.92,231.13,230.87,2839963,6510.71,"14-Aug-2026",14922,"",""
"2746","SILVERTUC","EQ",206.32,214.5,205.63,209.29,208.75,206.32,593952,1252.75,"14-Aug-2026",10705,"",""
"2747","SIMBHALS","BZ",6.99,6.99,6.8,6.94,6.96,7,5509,0.38,"14-Aug-2026",33,"",""
"2748","SIMCA","SM",243.05,246.8,243.05,244.55,245,243,35400,86.15,"14-Aug-2026",17,"",""
"2749","SIMPLEXINF","EQ",250.2,254.11,249,250.1,252,250.75,50128,125.84,"14-Aug-2026",850,"",""
"2750","SINCLAIR","EQ",76.11,77.43,74.05,74.58,74.4,76.11,12369,9.33,"14-Aug-2026",517,"",""
"2751","SINDHUTRAD","EQ",23.81,25.25,23.4,23.64,23.51,23.79,1333718,320.48,"14-Aug-2026",2359,"",""
"2752","SINGERIND","EQ",87.8,88.4,82.38,83.22,82.4,85.3,228057,191.46,"14-Aug-2026",1684,"",""
"2753","SINTERCOM","EQ",84.4,84.4,81.29,82.46,84.2,80,2304,1.9,"14-Aug-2026",41,"",""
"2754","SIRCA","EQ",435,438.4,424.1,426.9,427.1,433.4,313908,1351.78,"14-Aug-2026",3620,"",""
"2755","SIS","EQ",438.5,439.2,425.2,429.65,427.5,434.8,266075,1155.06,"14-Aug-2026",9154,"",""
"2756","SITINET","BZ",0.28,0.3,0.28,0.29,0.3,0.29,779206,2.21,"14-Aug-2026",205,"",""
"2757","SIYSIL","EQ",646.1,646.1,633.4,637.4,637.95,641.4,51075,326.59,"14-Aug-2026",2532,"",""
"2758","SJLOGISTIC","SM",313,328,313,316.25,318,312.05,44500,142.7,"14-Aug-2026",139,"",""
"2759","SJS","EQ",2400,2588.9,2400,2532.5,2542.1,2405,459507,11598.21,"14-Aug-2026",44079,"",""
"2760","SJVN","EQ",67.13,67.51,66.99,67.21,67.28,67.13,1313507,882.75,"14-Aug-2026",11491,"",""
"2761","SKFINDIA","EQ",1598.3,1614.8,1563.1,1573.3,1566,1606.3,50759,805.42,"14-Aug-2026",6943,"",""
"2762","SKFINDUS","EQ",2738,2745,2676.9,2684.7,2684.5,2723.4,18899,511.27,"14-Aug-2026",4273,"",""
"2763","SKIPPER","EQ",542.75,545.15,521.15,525.35,525.5,545.75,358754,1906.74,"14-Aug-2026",16713,"",""
"2764","SKMEGGPROD","EQ",260.8,266,257.15,259.5,258.5,258.84,271363,710.76,"14-Aug-2026",5299,"",""
"2765","SKP","SM",160,162,160,162,162,161,3000,4.81,"14-Aug-2026",6,"",""
"2766","SKYGOLD","EQ",768.15,792,763.5,773.4,780,773.95,1180385,9175.2,"14-Aug-2026",32108,"",""
"2767","SLONE","ST",135,143,133.1,141.7,143,136.9,4000,5.53,"14-Aug-2026",10,"",""
"2768","SMALL250","EQ",18.83,18.83,18.3,18.34,18.35,18.38,392515,72.12,"14-Aug-2026",878,"",""
"2769","SMALLADD","EQ",18.51,18.51,18.38,18.44,18.47,18.49,103806,19.13,"14-Aug-2026",138,"",""
"2770","SMALLCAP","EQ",48.62,48.78,48.3,48.44,48.35,48.61,2190083,1061.83,"14-Aug-2026",3278,"",""
"2771","SMALLGROWW","EQ",48.37,49.29,48.33,48.7,48.6,48.89,4715,2.3,"14-Aug-2026",68,"",""
"2772","SMALLIETF","EQ",18.49,19.49,18.12,18.57,18.41,18.49,109273,20.16,"14-Aug-2026",203,"",""
"2773","SMARTEN","ST",49.9,50.95,48.05,48.05,48.05,49.9,14400,7.16,"14-Aug-2026",12,"",""
"2774","SMARTLINK","BE",220,232.05,220,225.51,225.1,221,9432,21.35,"14-Aug-2026",98,"",""
"2775","SMARTWORKS","EQ",496.3,500,486.1,488.75,489,492.7,120201,590.43,"14-Aug-2026",3671,"",""
"2776","SMCGLOBAL","EQ",79,79.89,78.55,79.46,79.85,79.07,636425,503.23,"14-Aug-2026",1185,"",""
"2777","SML100CASE","EQ",11.4,11.4,11.16,11.21,11.22,11.27,909546,102.24,"14-Aug-2026",1676,"",""
"2778","SMLMAH","EQ",5190,5360,5075,5134.5,5133,5172,145136,7559.06,"14-Aug-2026",18801,"",""
"2779","SMLT","EQ",67.96,72.89,67.95,71.61,71.03,67.95,51433,36.88,"14-Aug-2026",739,"",""
"2780","SMSPHARMA","EQ",366.4,366.65,360.15,361.35,362.1,365.3,128222,464.67,"14-Aug-2026",2691,"",""
"2781","SMVD","SM",15.3,15.3,15.3,15.3,15.3,14.6,4040,0.62,"14-Aug-2026",1,"",""
"2782","SNOWMAN","EQ",38.31,38.65,37.62,37.92,37.8,38.32,117197,44.55,"14-Aug-2026",945,"",""
"2783","SNXT30BEES","EQ",43.56,43.75,43.43,43.74,43.75,43.41,1225,0.53,"14-Aug-2026",41,"",""
"2784","SNXT50BETA","EQ",96.7,97.19,96.11,96.63,97,96.85,2839,2.75,"14-Aug-2026",77,"",""
"2785","SOBHA","EQ",1348.6,1348.6,1322,1328.2,1329,1342.6,33841,450.75,"14-Aug-2026",3788,"",""
"2786","SOCL","SM",29.1,29.2,28.5,28.75,28.75,28.5,11200,3.22,"14-Aug-2026",6,"",""
"2787","SOFTTECH","EQ",420,431,420,428.55,430.95,423.3,1339,5.7,"14-Aug-2026",39,"",""
"2788","SOLARA","EQ",515.75,527,509.05,512.3,510.05,518.35,76954,395.55,"14-Aug-2026",4385,"",""
"2789","SOLARINDS","EQ",20290,20314,19480,19969,19969,20324,487516,97023.16,"14-Aug-2026",113264,"",""
"2790","SOLARWORLD","EQ",165.17,167,155.4,158.1,157.5,164.14,326348,526.91,"14-Aug-2026",5781,"",""
"2791","SOLEX","EQ",890.25,933.45,857.65,879.85,873,883.75,85345,767.3,"14-Aug-2026",5207,"",""
"2792","SOMANYCERA","EQ",526.95,544,519.3,522.65,524.85,519.15,515694,2734.31,"14-Aug-2026",16464,"",""
"2793","SOMATEX","EQ",91.58,93.76,87.4,91.37,92,90.58,8654,7.94,"14-Aug-2026",184,"",""
"2794","SOMICONVEY","EQ",89.84,89.84,85.5,86.52,86.21,87.65,7398,6.39,"14-Aug-2026",223,"",""
"2795","SONACOMS","EQ",795.7,798.8,790,792,792,799.9,909039,7225.03,"14-Aug-2026",22429,"",""
"2796","SONAL","EQ",95,95,90,90.98,90.98,91,26,0.02,"14-Aug-2026",6,"",""
"2797","SONAMAC","SM",36,36,35.5,35.5,35.5,35,5000,1.79,"14-Aug-2026",5,"",""
"2798","SONAMLTD","EQ",54.5,56.3,54,55.38,55.82,53.74,44272,24.49,"14-Aug-2026",636,"",""
"2799","SONATSOFTW","EQ",327,333,318.65,325.9,326.9,326.4,599961,1947.9,"14-Aug-2026",15717,"",""
"2800","SONUINFRA","ST",38,38,36.3,36.5,36.5,37.6,18000,6.7,"14-Aug-2026",6,"",""
"2801","SOTL","EQ",682,713.75,680.2,699.15,705,681.9,302022,2120.71,"14-Aug-2026",9851,"",""
"2802","SOUTHBANK","EQ",45.63,46,45.55,45.74,45.56,45.66,3369025,1545.18,"14-Aug-2026",13024,"",""
"2803","SOUTHWEST","EQ",222.57,224.32,217.5,220.25,221,223.31,70342,155.04,"14-Aug-2026",2174,"",""
"2804","SPAL","EQ",965.05,971.65,927.65,937.3,935,960.25,91100,857.51,"14-Aug-2026",6651,"",""
"2805","SPANDANA","EQ",250.7,250.9,243.95,245.8,246.3,251,123196,303.7,"14-Aug-2026",4082,"",""
"2806","SPARC","EQ",204.35,206,196.57,197.98,198.97,204.28,945379,1890.52,"14-Aug-2026",13915,"",""
"2807","SPCENET","EQ",3.81,3.87,3.58,3.6,3.63,3.81,1033448,38.12,"14-Aug-2026",872,"",""
"2808","SPCL","SM",62.8,65.65,61.8,63.4,63.4,65.65,23400,14.82,"14-Aug-2026",34,"",""
"2809","SPCON","SM",140,142,128.05,128.05,128.05,144,3600,4.92,"14-Aug-2026",3,"",""
"2810","SPEB","ST",90.9,90.9,90.9,90.9,90.9,90,2000,1.82,"14-Aug-2026",1,"",""
"2811","SPECIALITY","BE",141.33,145,139.2,139.67,139.2,146.38,30974,43.52,"14-Aug-2026",290,"",""
"2812","SPECTRUM","BE",2309.9,2326.9,2236.9,2236.9,2236.9,2354.6,5544,125,"14-Aug-2026",303,"",""
"2813","SPECTSTM","SM",62.45,62.6,62.45,62.5,62.5,62.45,4000,2.5,"14-Aug-2026",5,"",""
"2814","SPENCERS","EQ",32.78,32.98,30.3,30.77,30.5,32,64377,20.09,"14-Aug-2026",1272,"",""
"2815","SPIC","EQ",67.8,68.78,67.5,67.68,67.72,67.85,296078,201.48,"14-Aug-2026",2404,"",""
"2816","SPLIL","EQ",31.5,32.5,31.26,31.72,31.98,31.96,5073,1.61,"14-Aug-2026",71,"",""
"2817","SPLPETRO","EQ",714.9,732.45,709.55,726.55,728,716.65,69436,502.99,"14-Aug-2026",4791,"",""
"2818","SPMLINFRA","EQ",186.26,191.76,186,190.56,190.6,186.78,134791,253.43,"14-Aug-2026",2785,"",""
"2819","SPORTKING","EQ",199.48,203.53,199,199.89,199.7,200.02,216911,436.15,"14-Aug-2026",6501,"",""
"2820","SPUNWEB","SM",99,99,99,99,99,98.65,1200,1.19,"14-Aug-2026",1,"",""
"2821","SRD","EQ",41,41.88,40.1,40.5,40.58,41.07,29105,11.89,"14-Aug-2026",158,"",""
"2822","SREEL","EQ",244.75,245.78,237,240.82,243.01,239.76,11063,26.6,"14-Aug-2026",319,"",""
"2823","SRF","EQ",2609,2616.7,2587.6,2606,2606,2608.7,168380,4376.77,"14-Aug-2026",17759,"",""
"2824","SRGHFL","EQ",277.25,282.15,262.55,266.8,264,275,2141,5.84,"14-Aug-2026",135,"",""
"2825","SRHHYPOLTD","EQ",498.1,505.3,496.1,496.55,496.15,494.1,8658,43.2,"14-Aug-2026",358,"",""
"2826","SRIVASAVI","ST",80,80,80,80,80,81.7,1000,0.8,"14-Aug-2026",1,"",""
"2827","SRM","EQ",489,495,477.65,483.7,482.1,501.1,172493,836.28,"14-Aug-2026",7061,"",""
"2828","SRTL","EQ",39.3,40,39.26,39.56,39.62,39.5,27479,10.87,"14-Aug-2026",523,"",""
"2829","SSDL","EQ",69.1,69.99,63.35,65.14,64.99,68.35,65020,43.77,"14-Aug-2026",1462,"",""
"2830","SSEGL","SM",309.85,311.5,295.5,304.5,306.5,303.65,52000,158.38,"14-Aug-2026",203,"",""
"2831","SSFL","ST",236.65,244.8,231.6,231.6,231.6,234.5,4500,10.79,"14-Aug-2026",9,"",""
"2832","SSFLPP","E1",124.95,131.95,123.7,124.2,124.9,124.95,4623,5.78,"14-Aug-2026",129,"",""
"2833","SSWL","EQ",310.6,317.6,310.3,312.9,313.1,310.55,369552,1156.86,"14-Aug-2026",7919,"",""
"2834","STALLION","BE",236,238,229.3,229.85,229.3,241.35,548328,1274.86,"14-Aug-2026",4953,"",""
"2835","STANLEY","EQ",145,148.39,135,136.22,135.75,145.28,376252,534.24,"14-Aug-2026",9166,"",""
"2836","STAR","EQ",988,994.8,960,967.8,968,989.2,168371,1645.37,"14-Aug-2026",13708,"",""
"2837","STARCEMENT","EQ",201.3,201.3,199.5,200.06,199.55,201.3,29918,59.96,"14-Aug-2026",1111,"",""
"2838","STARHEALTH","EQ",584.6,590.75,578.5,585.15,585,584.6,327484,1922.83,"14-Aug-2026",14136,"",""
"2839","STARPAPER","EQ",151.09,151.49,147.7,147.98,151,150.23,4357,6.53,"14-Aug-2026",127,"",""
"2840","STARTECK","EQ",264.65,267.65,255.05,257.05,255.45,264.5,7276,19.07,"14-Aug-2026",120,"",""
"2841","STCINDIA","EQ",117.11,118.49,116.01,116.7,116.72,116.33,36748,43.03,"14-Aug-2026",822,"",""
"2842","STEELCAS","EQ",356,357,345.35,351.85,353,354.15,120698,424.47,"14-Aug-2026",3605,"",""
"2843","STEELCITY","EQ",83.88,84.85,82,83.53,83.5,82.58,16557,13.87,"14-Aug-2026",192,"",""
"2844","STEELXIND","EQ",10.76,11.25,10.76,10.87,10.87,10.97,1637168,179.63,"14-Aug-2026",2118,"",""
"2845","STEL","EQ",566,584,557.9,581.2,583.9,560.4,5622,32.27,"14-Aug-2026",321,"",""
"2846","STERTOOLS","BE",221.8,224.9,218.1,223.95,224.75,221.8,21863,48.61,"14-Aug-2026",306,"",""
"2847","STLNETWORK","EQ",27.25,27.3,25.61,25.78,25.7,26.89,1257603,329.66,"14-Aug-2026",3569,"",""
"2848","STLTECH","BE",653,677.8,637,647.75,647.95,660.8,1136302,7377.98,"14-Aug-2026",18476,"",""
"2849","STOVEKRAFT","EQ",775.4,781.95,748,750.7,753,775.4,113529,862.65,"14-Aug-2026",5779,"",""
"2850","STRIDERS","SM",63.7,63.7,61.1,62.4,61.1,63.3,3200,2,"14-Aug-2026",2,"",""
"2851","STUDDS","EQ",437.25,437.25,424,425.25,426,434.05,25634,110.13,"14-Aug-2026",1604,"",""
"2852","STUDIOLSD","SM",9,9,8.65,8.65,8.65,9,8000,0.7,"14-Aug-2026",4,"",""
"2853","STYL","EQ",418.85,421,405.1,408.3,409.2,417.25,132777,549.07,"14-Aug-2026",4593,"",""
"2854","STYLAMIND","EQ",3632.7,3755.9,3610.7,3642,3643.7,3595.7,89719,3296.05,"14-Aug-2026",25301,"",""
"2855","STYLEBAAZA","EQ",350,365.25,342.6,365.25,365.25,347.9,2040177,7385.36,"14-Aug-2026",9838,"",""
"2856","STYRENIX","EQ",2193,2203.5,2173.1,2183.7,2186,2193,24549,537.64,"14-Aug-2026",2830,"",""
"2857","SUBAHOTELS","SM",115,116.3,112.8,115.95,116.3,114.1,18000,20.68,"14-Aug-2026",15,"",""
"2858","SUBEXLTD","BE",13.79,13.95,13.65,13.88,13.9,13.73,489559,67.69,"14-Aug-2026",1555,"",""
"2859","SUBROS","EQ",753,763.65,753,758.25,759.4,758.85,29299,222.41,"14-Aug-2026",1963,"",""
"2860","SUDARCOLOR","EQ",423.45,423.45,403.15,413.4,406.25,407.35,6791,27.69,"14-Aug-2026",315,"",""
"2861","SUDARSCHEM","EQ",1065,1131,1013.7,1118.1,1120,1052.8,3806017,40586.76,"14-Aug-2026",97828,"",""
"2862","SUDEEPPHRM","EQ",1129,1145.4,1080,1105.55,1100,1100.8,192483,2142.22,"14-Aug-2026",7825,"",""
"2863","SUKHJITS","EQ",163.15,163.15,159.2,159.78,159.9,160.31,3350,5.37,"14-Aug-2026",115,"",""
"2864","SULA","EQ",150.35,151.55,149,149.93,149.95,150.12,216285,324.25,"14-Aug-2026",3493,"",""
"2865","SUMEETINDS","EQ",13.89,14.78,13.65,14.77,14.78,14.08,25096413,3637.58,"14-Aug-2026",39812,"",""
"2866","SUMICHEM","EQ",544,567.4,542.85,564.95,565.3,543,487672,2717.73,"14-Aug-2026",20463,"",""
"2867","SUMIT","EQ",52.49,52.49,50.11,51.06,51.85,50.76,14937,7.64,"14-Aug-2026",460,"",""
"2868","SUMMITSEC","EQ",1440,1460,1435,1443.9,1447.5,1440.9,1460,21.1,"14-Aug-2026",301,"",""
"2869","SUNCLAY","EQ",1245,1277,1236.2,1249.9,1250,1243.8,5022,63.18,"14-Aug-2026",672,"",""
"2870","SUNDARAM","EQ",1.1,1.16,1.03,1.04,1.06,1.09,3800741,41.15,"14-Aug-2026",2111,"",""
"2871","SUNDARMFIN","EQ",4540,4540,4440,4470.5,4450.8,4546,28864,1292.8,"14-Aug-2026",8602,"",""
"2872","SUNDRMBRAK","BE",881.05,881.05,842,881.05,881.05,839.1,12596,110.88,"14-Aug-2026",265,"",""
"2873","SUNDRMFAST","EQ",1229,1243.35,1214.5,1217.6,1218.2,1229,139223,1704.63,"14-Aug-2026",14377,"",""
"2874","SUNDROP","EQ",663.2,668.9,658.1,660.1,663.95,663.2,9619,63.68,"14-Aug-2026",624,"",""
"2875","SUNFLAG","EQ",357.3,360.55,352.35,355.15,355,357.3,98181,349.37,"14-Aug-2026",2354,"",""
"2876","SUNLITE","SM",483.5,483.5,452.05,464.25,462.05,446.05,24300,112.7,"14-Aug-2026",76,"",""
"2877","SUNPHARMA","EQ",1932,1937,1914.7,1930,1930,1932,881282,16939.76,"14-Aug-2026",62630,"",""
"2878","SUNREST","SM",38.95,41.95,38.95,39.9,39.9,35.15,14400,5.81,"14-Aug-2026",9,"",""
"2879","SUNTECH","ST",34.9,34.9,33.1,33.15,33.1,33.25,27200,9.13,"14-Aug-2026",7,"",""
"2880","SUNTECK","EQ",297.7,302.4,295.1,299.05,298.5,299.35,103071,306.62,"14-Aug-2026",2927,"",""
"2881","SUNTV","EQ",490,493.6,481.45,484.6,484.85,487.9,326103,1583.46,"14-Aug-2026",10642,"",""
"2882","SUPERHOUSE","EQ",170,174,165,169.52,170.5,168,16710,28.39,"14-Aug-2026",544,"",""
"2883","SUPERSPIN","BE",5.77,5.77,5.77,5.77,5.77,5.88,2732,0.16,"14-Aug-2026",8,"",""
"2884","SUPRAJIT","EQ",526.5,534,522.9,524.6,527,524.15,130968,690.94,"14-Aug-2026",6864,"",""
"2885","SUPREME","EQ",43.17,43.17,40.56,41.61,41.51,42.12,20037,8.37,"14-Aug-2026",300,"",""
"2886","SUPREMEENG","BZ",2.33,2.33,2.33,2.33,2.33,2.37,52526,1.22,"14-Aug-2026",45,"",""
"2887","SUPREMEIND","EQ",3497,3585,3446.5,3558.9,3558.9,3497,239576,8484.02,"14-Aug-2026",19062,"",""
"2888","SUPREMEINF","EQ",92,93.96,88.16,90.87,91.97,89.15,94521,85.77,"14-Aug-2026",1568,"",""
"2889","SUPREMEPWR","SM",189.95,192,181.6,184.7,186.9,187.85,124500,231.8,"14-Aug-2026",218,"",""
"2890","SUPRIYA","EQ",745,813,740.45,791.65,790.05,813.5,1697782,13299.98,"14-Aug-2026",65024,"",""
"2891","SURAJEST","EQ",215.97,219,212.21,214.32,214.54,215.97,145939,313.41,"14-Aug-2026",1114,"",""
"2892","SURAJLTD","EQ",225,227.4,219,223.44,223.98,224.88,130,0.29,"14-Aug-2026",15,"",""
"2893","SURAKSHA","EQ",303,308,296.6,304.9,308,304.45,287250,870.45,"14-Aug-2026",9397,"",""
"2894","SURANASOL","EQ",25.9,25.9,25.36,25.6,25.5,25.81,52867,13.54,"14-Aug-2026",557,"",""
"2895","SURANAT&P","EQ",16.54,16.6,16.26,16.55,16.58,16.28,63166,10.43,"14-Aug-2026",261,"",""
"2896","SURANI","SM",91.95,101,89.9,99.95,100,88.95,128800,128.66,"14-Aug-2026",85,"",""
"2897","SURYALA","EQ",379.05,384.45,375,375.9,375,385.65,407,1.54,"14-Aug-2026",55,"",""
"2898","SURYALAXMI","EQ",57.72,57.72,56.01,56.24,56.6,57.44,391,0.22,"14-Aug-2026",26,"",""
"2899","SURYAROSNI","EQ",223.6,225.49,220.99,222.98,223.5,222.85,413187,921.47,"14-Aug-2026",6487,"",""
"2900","SURYODAY","EQ",156,157.79,151.1,152.06,153,156.39,658449,1014.28,"14-Aug-2026",6979,"",""
"2901","SUTLEJTEX","BE",38.1,38.49,38.01,38.09,38.01,38.35,18883,7.2,"14-Aug-2026",46,"",""
"2902","SUVEN","EQ",326.95,343.7,326.45,342.35,342.6,326.45,598704,2019.96,"14-Aug-2026",15752,"",""
"2903","SUVIDHAA","EQ",2.5,2.56,2.49,2.52,2.53,2.54,27292,0.69,"14-Aug-2026",102,"",""
"2904","SUYOG","EQ",825,849,812.15,831.75,848,829.95,10712,88.79,"14-Aug-2026",788,"",""
"2905","SUZLON","EQ",47.4,47.44,47,47.1,47.1,47.61,25913687,12228.58,"14-Aug-2026",50545,"",""
"2906","SVLL","BE",755,756.2,752,756.2,756.2,758.35,5114,38.61,"14-Aug-2026",18,"",""
"2907","SVPGLOB","BE",3.95,4,3.83,3.95,3.95,3.85,15908,0.62,"14-Aug-2026",30,"",""
"2908","SWANCORP","EQ",305,311.55,298.15,304.6,304.75,308.4,2167856,6630.67,"14-Aug-2026",28153,"",""
"2909","SWANDEF","BE",2439.9,2529.9,2420,2421,2430,2460.6,8093,197.52,"14-Aug-2026",508,"",""
"2910","SWARAJ","EQ",372.75,372.75,368.1,369.85,369.5,371.5,192684,714.36,"14-Aug-2026",1308,"",""
"2911","SWARAJENG","EQ",3606.1,3657.8,3606.1,3638.2,3635,3618.2,4830,175.41,"14-Aug-2026",997,"",""
"2912","SWASTIK","ST",19,19,19,19,19,19,1200,0.23,"14-Aug-2026",1,"",""
"2913","SWELECTES","EQ",663,667.95,613,616.75,617.9,681.25,83509,533.17,"14-Aug-2026",4516,"",""
"2914","SWIGGY","EQ",279,282.75,274.3,276.3,276.3,279.8,8088166,22463.33,"14-Aug-2026",41704,"",""
"2915","SWSOLAR","EQ",203.1,204.89,201.5,202.01,201.7,203.87,385192,779.86,"14-Aug-2026",5011,"",""
"2916","SYLVANPLY","SM",50,50,50,50,50,50,2000,1,"14-Aug-2026",1,"",""
"2917","SYMPHONY","EQ",632,634.5,618.2,621.3,623.5,631.25,79110,493.08,"14-Aug-2026",4076,"",""
"2918","SYNCOMF","EQ",15.4,15.67,14.8,14.92,14.9,15.24,4835194,729.21,"14-Aug-2026",9639,"",""
"2919","SYNGENE","EQ",401.2,402.75,397.5,401.45,401,401.3,497308,1991.94,"14-Aug-2026",17416,"",""
"2920","SYNOPTICS","ST",67.1,67.1,67.1,67.1,67.1,67.3,600,0.4,"14-Aug-2026",1,"",""
"2921","SYRMA","EQ",1480,1506.7,1452,1465.2,1460,1467.7,811337,11943.14,"14-Aug-2026",33514,"",""
"2922","SYSTANGO","SM",217.95,217.95,213,214.85,215,214.4,13600,29.2,"14-Aug-2026",31,"",""
"2923","SYSTMTXC","BE",58,60,56.71,59.71,60,58.2,6072,3.59,"14-Aug-2026",28,"",""
"2924","TAALTECH","EQ",4350,4350,4270,4280,4289.9,4293.3,3109,133.81,"14-Aug-2026",439,"",""
"2925","TAC","ST",487.9,487.9,456,462.65,467.45,479.6,41000,190.78,"14-Aug-2026",172,"",""
"2926","TAINWALCHM","EQ",202.95,212.76,202.94,205.78,206.8,203.28,11171,23.19,"14-Aug-2026",527,"",""
"2927","TAJGVK","EQ",349.2,350,341,341.65,342.25,350.9,87575,301.06,"14-Aug-2026",2838,"",""
"2928","TAKE","EQ",24.3,24.3,23.3,23.76,23.97,23.71,1451037,344.63,"14-Aug-2026",3138,"",""
"2929","TALBROAUTO","EQ",422,431.2,414.65,419.5,420.1,421.65,129290,545.96,"14-Aug-2026",3507,"",""
"2930","TAMBOLIIN","BE",244.5,245,235,243.99,244,239.2,22664,54.61,"14-Aug-2026",83,"",""
"2931","TANLA","EQ",586,593.5,578.25,582.05,582.75,584.25,317184,1848.97,"14-Aug-2026",15080,"",""
"2932","TARACHAND","EQ",48,48.7,47.5,47.89,48.04,47.87,50975,24.54,"14-Aug-2026",716,"",""
"2933","TARAPUR","EQ",14.98,14.98,14,14.48,14.31,14.43,15911,2.3,"14-Aug-2026",161,"",""
"2934","TARC","EQ",126.56,128.79,125,125.2,125.24,126.77,214664,271.67,"14-Aug-2026",2868,"",""
"2935","TARIL","EQ",292,305.9,291.15,298.05,298.2,292,3460818,10384.92,"14-Aug-2026",49270,"",""
"2936","TARMAT","EQ",68.5,69.65,57.44,58.7,59.22,64.68,613433,389.24,"14-Aug-2026",3774,"",""
"2937","TARSONS","EQ",312.7,375,311.9,360.3,371.1,312.7,9830521,34595.97,"14-Aug-2026",137363,"",""
"2938","TASTYBITE","EQ",9100.5,10470,9100,10005,9939,9090.5,226724,22911.39,"14-Aug-2026",48622,"",""
"2939","TATACAP","EQ",363.05,366.25,361.3,364.2,365.5,363.75,902119,3280.15,"14-Aug-2026",23603,"",""
"2940","TATACHEM","EQ",672.05,677,668.05,670.65,670.65,672.05,371285,2497.83,"14-Aug-2026",11848,"",""
"2941","TATACOMM","EQ",1758.2,1765,1714.4,1718.1,1720,1758.2,242658,4218.8,"14-Aug-2026",27365,"",""
"2942","TATACONSUM","EQ",1090.5,1093.4,1079.5,1079.5,1079.5,1090.5,1039725,11291.4,"14-Aug-2026",31084,"",""
"2943","TATAELXSI","EQ",3778.1,3809.5,3751.7,3772.7,3772.7,3778,93110,3513.03,"14-Aug-2026",10784,"",""
"2944","TATAGOLD","EQ",14.74,14.74,14.26,14.7,14.7,14.74,45166414,6607.77,"14-Aug-2026",57249,"",""
"2945","TATAINVEST","EQ",673,674,664.2,667.3,665.5,674.4,138702,928.32,"14-Aug-2026",8048,"",""
"2946","TATAPOWER","EQ",382.5,390.4,379.6,382.05,382.05,382.8,8187038,31634.97,"14-Aug-2026",57231,"",""
"2947","TATASTEEL","EQ",184,184.19,180,183.5,183.5,184.85,16131505,29409.13,"14-Aug-2026",106805,"",""
"2948","TATATECH","EQ",868,871.85,855.85,867.9,864,868.4,795292,6864.25,"14-Aug-2026",29349,"",""
"2949","TATSILV","EQ",22.38,22.49,22.07,22.45,22.49,22.41,30782811,6865.77,"14-Aug-2026",36950,"",""
"2950","TATVA","EQ",1709.6,1735.9,1683,1717.3,1724,1709.6,34277,586.66,"14-Aug-2026",4494,"",""
"2951","TAURIAN","SM",410,447,392.05,429,430,414.8,91200,385.01,"14-Aug-2026",106,"",""
"2952","TBI","SM",60.9,60.9,58.4,60,60,59.6,18600,11.14,"14-Aug-2026",27,"",""
"2953","TBOTEK","EQ",1606.4,1662.8,1600,1633.3,1630,1604.9,224139,3686.36,"14-Aug-2026",23778,"",""
"2954","TBZ","EQ",248.95,255,243.1,251.35,252,247.45,857584,2154.08,"14-Aug-2026",11181,"",""
"2955","TCC","EQ",254.7,267.85,251.05,259.55,256.05,254.7,56180,145.15,"14-Aug-2026",2422,"",""
"2956","TCI","EQ",915.5,923.6,912,915.2,916,924.2,10342,94.63,"14-Aug-2026",1084,"",""
"2957","TCIEXP","EQ",557.4,567,548.7,559.85,556.45,557.4,35028,193.58,"14-Aug-2026",1029,"",""
"2958","TCIFINANCE","BE",15,15.21,14.76,15.2,15.21,15.09,12010,1.81,"14-Aug-2026",111,"",""
"2959","TCL","SM",125,137,123.2,134.15,133.15,128,194400,245.4,"14-Aug-2026",63,"",""
"2960","TCPLPACK","EQ",4250.1,4250.1,4029.1,4088.8,4052,4255.2,15484,642.76,"14-Aug-2026",2312,"",""
"2961","TCS","EQ",2375.1,2390,2333.4,2361,2361,2375,2232160,52583.62,"14-Aug-2026",76239,"",""
"2962","TDPOWERSYS","EQ",1481,1505,1464,1484.6,1490,1481.6,759298,11250.69,"14-Aug-2026",36766,"",""
"2963","TEAMGTY","EQ",230,235,226.86,227.94,227,225.94,17597,40.25,"14-Aug-2026",118,"",""
"2964","TEAMLEASE","EQ",1250.8,1270,1244.3,1255,1249.4,1256.4,15117,190.11,"14-Aug-2026",2340,"",""
"2965","TEAMTECH","ST",118,118,116,116,116,120,8000,9.34,"14-Aug-2026",4,"",""
"2966","TECH","EQ",33.48,34.43,33.48,34.29,34.07,34.34,21457,7.34,"14-Aug-2026",336,"",""
"2967","TECHD","ST",582.65,590.35,575.3,575.5,575.5,582.65,4200,24.4,"14-Aug-2026",14,"",""
"2968","TECHERA","SM",178,178,168.6,169.4,170.9,173.15,24800,42.39,"14-Aug-2026",31,"",""
"2969","TECHLABS","SM",117,120,115,118.45,116.45,117,8875,10.48,"14-Aug-2026",43,"",""
"2970","TECHM","EQ",1635,1652,1614.4,1632.8,1632.8,1639,3398051,55153.17,"14-Aug-2026",58377,"",""
"2971","TECHNOCRAF","EQ",284,334.4,284,311.15,310.61,212,28679235,87973.46,"14-Aug-2026",328551,"",""
"2972","TECHNOE","EQ",988,993.55,964.95,968.4,968.75,983.6,153212,1496.78,"14-Aug-2026",10133,"",""
"2973","TECHNVISN","EQ",5673.4,5673.4,5134,5220.5,5176,5403.3,903,49.49,"14-Aug-2026",263,"",""
"2974","TECILCHEM","EQ",8.48,8.87,8.4,8.59,8.6,8.48,2825,0.25,"14-Aug-2026",38,"",""
"2975","TEGA","EQ",1667.1,1732.7,1663.9,1703.8,1695,1669.5,350386,5962.69,"14-Aug-2026",31332,"",""
"2976","TEJA","SM",607.75,607.75,530.05,541.85,533,613.1,98400,563.03,"14-Aug-2026",113,"",""
"2977","TEJASCARGO","SM",420.25,420.25,420.25,420.25,420.25,400.25,800,3.36,"14-Aug-2026",2,"",""
"2978","TEJASNET","EQ",543.7,546.85,534,538.5,535.2,540.2,832774,4487.78,"14-Aug-2026",20337,"",""
"2979","TEMBO","EQ",59.6,63,59.55,60.8,61,59.85,1028275,629.86,"14-Aug-2026",3699,"",""
"2980","TENNIND","EQ",539,541.5,532.15,538.25,541.4,533.4,987360,5300.26,"14-Aug-2026",22758,"",""
"2981","TERASOFT","EQ",346,370.15,340,345.65,355.85,352.9,27674,99.3,"14-Aug-2026",856,"",""
"2982","TEXINFRA","EQ",110,110.95,107.31,107.81,107.33,111.08,105511,114.9,"14-Aug-2026",828,"",""
"2983","TEXMOPIPES","EQ",46.04,47,45.5,46.03,45.9,46.44,58961,27.19,"14-Aug-2026",456,"",""
"2984","TEXRAIL","EQ",107.05,107.58,104.51,104.85,104.9,107.09,990482,1044.53,"14-Aug-2026",8017,"",""
"2985","TFCILTD","EQ",117.24,119.5,116.3,117.44,116.85,115.31,10567267,12479.79,"14-Aug-2026",24111,"",""
"2986","TFL","EQ",11.39,11.79,11.01,11.64,11.7,11.29,7855,0.89,"14-Aug-2026",74,"",""
"2987","TGBHOTELS","EQ",9.01,9.8,9.01,9.53,9.57,9.22,35776,3.37,"14-Aug-2026",120,"",""
"2988","TGL","ST",20.15,21,19.55,20.05,20.9,20.55,30200,6.04,"14-Aug-2026",68,"",""
"2989","THAKDEV","EQ",153,153,141.51,146.48,141.51,156.12,4,0.01,"14-Aug-2026",4,"",""
"2990","THANGAMAYL","EQ",5250,5470,5204,5427,5431.5,5270,112108,5990.05,"14-Aug-2026",15919,"",""
"2991","THEINVEST","EQ",102.45,103.8,98.3,99.99,100,96.2,18491,18.63,"14-Aug-2026",215,"",""
"2992","THEJO","EQ",2073.5,2115,2060,2104.9,2099,2072.6,4614,96.71,"14-Aug-2026",512,"",""
"2993","THELEELA","EQ",508.45,511.65,504.6,510.05,510.1,508.45,209132,1063.96,"14-Aug-2026",26802,"",""
"2994","THEMISMED","EQ",103.96,105.48,101.25,104.85,104.51,103.96,114390,118.05,"14-Aug-2026",1346,"",""
"2995","THERMAX","EQ",4006.4,4061.7,3934,4044.9,4052,4001.6,221825,8855.39,"14-Aug-2026",41362,"",""
"2996","THOMASCOOK","EQ",108.25,108.84,105.5,105.88,105.67,108,472048,502.6,"14-Aug-2026",4520,"",""
"2997","THOMASCOTT","EQ",326.3,350,323,346.9,349,326.3,205099,704.48,"14-Aug-2026",5487,"",""
"2998","THYROCARE","EQ",610,625,608,624.05,624.9,606,1262241,7829.48,"14-Aug-2026",28999,"",""
"2999","TI","EQ",553,583.75,550,568.75,570.85,553.7,3914329,22211.79,"14-Aug-2026",68772,"",""
"3000","TICL","BE",9.69,9.98,9.41,9.51,9.78,9.61,15175,1.46,"14-Aug-2026",75,"",""
"3001","TIGERLOGS","BE",25.95,25.95,25.1,25.46,25.45,25.49,396115,100.99,"14-Aug-2026",191,"",""
"3002","TIIL","EQ",3145,3299.9,3052,3088.7,3052,2887.6,697944,22010.22,"14-Aug-2026",76820,"",""
"3003","TIINDIA","EQ",2788,2788,2685,2733.5,2733.5,2780,539329,14753.94,"14-Aug-2026",36546,"",""
"3004","TIJARIA","EQ",5.86,6.4,5.42,6.03,5.96,5.86,374036,22.74,"14-Aug-2026",619,"",""
"3005","TIL","BE",227.6,238.95,224.45,238.95,238.95,227.6,173826,411.43,"14-Aug-2026",676,"",""
"3006","TIMETECHNO","EQ",198.4,199.5,191.1,193.27,193.5,204.04,3960759,7721.02,"14-Aug-2026",43057,"",""
"3007","TIMEX","EQ",540,544.65,522.2,524.65,524,539.15,236525,1255.04,"14-Aug-2026",13366,"",""
"3008","TIMKEN","EQ",3263,3316.5,3244.2,3275.8,3287.1,3260.3,24947,817.75,"14-Aug-2026",6657,"",""
"3009","TINNARUBR","EQ",1102.8,1105.9,1083,1089.7,1089.4,1108.1,32910,359.3,"14-Aug-2026",2855,"",""
"3010","TIPSFILMS","EQ",370.25,370.5,339,348.2,344.2,361.95,18019,63.62,"14-Aug-2026",820,"",""
"3011","TIPSMUSIC","EQ",675,679,664.2,670.9,670,671.95,147853,993.26,"14-Aug-2026",14119,"",""
"3012","TIRUMALCHM","EQ",161.2,161.63,156.3,159.66,158.8,160.8,382459,606.49,"14-Aug-2026",5255,"",""
"3013","TIRUPATIFL","BE",62.54,67.99,62.54,65.84,67.85,65.83,411575,265.99,"14-Aug-2026",1325,"",""
"3014","TITAGARH","EQ",850.75,853.95,830,831.35,833.9,850.75,280102,2342.69,"14-Aug-2026",11834,"",""
"3015","TITAN","EQ",5064,5090.5,5046.4,5056.2,5056.2,5063.7,587764,29809.55,"14-Aug-2026",50374,"",""
"3016","TMB","EQ",854.45,863.6,847.05,849.4,851.4,845.85,92788,792.21,"14-Aug-2026",6271,"",""
"3017","TMCV","EQ",474.8,486.3,470.45,474.3,473.9,474.8,10302331,49153.43,"14-Aug-2026",153162,"",""
"3018","TMPV","EQ",329,337.75,329,334.5,334.5,349.6,31933028,106222.02,"14-Aug-2026",294260,"",""
"3019","TNIDETF","EQ",90.1,92.39,90.1,91.51,90.9,91.13,117183,107.39,"14-Aug-2026",468,"",""
"3020","TNPETRO","EQ",110.65,112,108.65,110.93,110.55,110.59,363044,400.57,"14-Aug-2026",4258,"",""
"3021","TNPL","EQ",142.1,142.59,139.5,141.12,141.23,141.77,201360,282.95,"14-Aug-2026",3584,"",""
"3022","TNTELE","EQ",9.29,9.29,8.96,9.04,8.96,9.02,13899,1.26,"14-Aug-2026",83,"",""
"3023","TOKYOPLAST","EQ",79.59,79.89,78.5,78.5,79.89,80,1000,0.79,"14-Aug-2026",14,"",""
"3024","TOLINS","EQ",98.99,99,96.34,96.7,97.59,95.71,38458,37.34,"14-Aug-2026",920,"",""
"3025","TOP100CASE","EQ",10.91,10.91,10.66,10.74,10.74,10.74,725125,77.84,"14-Aug-2026",1119,"",""
"3026","TOP10ADD","EQ",88.89,89,88.32,88.85,88.99,88.46,50424,44.71,"14-Aug-2026",308,"",""
"3027","TOP15IETF","EQ",10.04,10.12,10,10.07,10.08,10.04,16774,1.68,"14-Aug-2026",135,"",""
"3028","TOP20","EQ",9.08,9.09,9.04,9.07,9.07,9.07,51436,4.67,"14-Aug-2026",104,"",""
"3029","TORNTPHARM","EQ",4888,4915.5,4833,4833,4833,4914.5,166892,8133.46,"14-Aug-2026",21516,"",""
"3030","TORNTPOWER","EQ",1317.9,1330.4,1307,1309.1,1309.5,1318,111913,1472.68,"14-Aug-2026",9017,"",""
"3031","TOTAL","EQ",63.03,65.4,62.3,64.17,62.37,63.03,28950,18.56,"14-Aug-2026",224,"",""
"3032","TOUCHWOOD","EQ",65,66.79,64,64.74,64.33,63.65,774,0.5,"14-Aug-2026",31,"",""
"3033","TPHQ","EQ",0.42,0.49,0.42,0.49,0.49,0.41,8857331,42.21,"14-Aug-2026",901,"",""
"3034","TPLPLASTEH","EQ",76.29,77.59,76.28,77.33,77.2,76.62,84720,65.26,"14-Aug-2026",469,"",""
"3035","TRACXN","EQ",29.6,29.85,29.32,29.61,29.79,29.57,67000,19.83,"14-Aug-2026",562,"",""
"3036","TRANSPEK","BE",1176,1220,1120,1125.8,1120,1175.9,2560,29.42,"14-Aug-2026",224,"",""
"3037","TRANSRAILL","EQ",473,475.75,468.1,468.95,469,472.95,179765,844.87,"14-Aug-2026",6553,"",""
"3038","TRANSTEEL","SM",87.6,92,85,88.1,86.05,91.25,147000,128.78,"14-Aug-2026",115,"",""
"3039","TRANSWIND","SM",13.15,13.15,13.15,13.15,13.15,13.15,8000,1.05,"14-Aug-2026",1,"",""
"3040","TRANSWORLD","BE",156.34,156.99,155,155.75,155.2,156.35,3764,5.85,"14-Aug-2026",73,"",""
"3041","TRAVELFOOD","EQ",1362.2,1385,1340,1364.9,1364.8,1394.3,70680,961.88,"14-Aug-2026",10213,"",""
"3042","TREEHOUSE","EQ",6.34,6.39,6.1,6.13,6.11,6.34,19864,1.24,"14-Aug-2026",90,"",""
"3043","TREJHARA","EQ",167.95,167.95,160,162.3,163.09,163.17,10102,16.49,"14-Aug-2026",299,"",""
"3044","TREL","EQ",26,26.5,25.57,25.93,26,26.13,60501,15.7,"14-Aug-2026",706,"",""
"3045","TRENT","EQ",2947.7,3020.6,2945,2978,2978,2990,1648536,49435.87,"14-Aug-2026",60064,"",""
"3046","TRF","EQ",232.19,234.49,229.55,230.71,230.1,232.19,13964,32.24,"14-Aug-2026",462,"",""
"3047","TRIDENT","EQ",24.6,24.88,24.14,24.34,24.45,24.66,3808007,931.34,"14-Aug-2026",14397,"",""
"3048","TRIGYN","EQ",56,56.67,55.71,56.07,56,56.02,24374,13.69,"14-Aug-2026",470,"",""
"3049","TRITURBINE","EQ",595.9,602.7,579,592.4,587,591.95,396736,2354.05,"14-Aug-2026",20463,"",""
"3050","TRIVENI","EQ",252,271,252,266.42,269.35,249.84,2421033,6375.91,"14-Aug-2026",41555,"",""
"3051","TROM","SM",55.7,55.7,55.45,55.45,55.45,55.7,2400,1.34,"14-Aug-2026",4,"",""
"3052","TRU","EQ",4.17,4.21,4,4.08,4.08,4.17,141655,5.77,"14-Aug-2026",525,"",""
"3053","TRUALT","EQ",493,494,479.85,481.6,482.6,489.35,232321,1130.58,"14-Aug-2026",7430,"",""
"3054","TRUST","SM",25.15,26,24.05,25.55,25.85,25.8,62400,15.64,"14-Aug-2026",78,"",""
"3055","TSC","ST",48.35,50.75,48.35,50.75,50.75,48.35,34000,17.21,"14-Aug-2026",8,"",""
"3056","TSFINV","EQ",421.15,421.15,412.1,415.45,415.85,418.05,64194,267.09,"14-Aug-2026",1911,"",""
"3057","TTKHLTCARE","EQ",1147.5,1170.7,1112,1157.7,1152,1139.1,28737,331.71,"14-Aug-2026",4736,"",""
"3058","TTKPRESTIG","EQ",595.5,603.7,594,595.9,598.9,600.95,31039,185.82,"14-Aug-2026",3182,"",""
"3059","TTL","EQ",6.1,6.35,6.01,6.14,6.19,6.2,371765,22.86,"14-Aug-2026",642,"",""
"3060","TTML","EQ",38.78,38.88,38.44,38.59,38.58,38.74,882700,341.02,"14-Aug-2026",5404,"",""
"3061","TUNWAL","SM",26.5,27,26.45,26.75,26.8,26.75,46000,12.29,"14-Aug-2026",20,"",""
"3062","TURTLEMINT","EQ",143,145.85,135.76,137.44,139,141.25,990909,1388.6,"14-Aug-2026",20594,"",""
"3063","TVSELECT","EQ",462.2,462.2,449.1,451.55,454.8,458.85,20686,93.81,"14-Aug-2026",1437,"",""
"3064","TVSHLTD","EQ",14429,14430,13925,13994,14000,14317,5164,728.13,"14-Aug-2026",1856,"",""
"3065","TVSMOTOR","EQ",4307.4,4340,4297.1,4307,4307,4342.2,560053,24206.34,"14-Aug-2026",52794,"",""
"3066","TVSSCS","EQ",127.11,128.15,122.91,123.39,123.3,127.54,704554,877.84,"14-Aug-2026",10999,"",""
"3067","TVSSRICHAK","EQ",4028.9,4628,3960,4478.1,4464,3994.9,711409,32011.11,"14-Aug-2026",88722,"",""
"3068","TVTODAY","EQ",113.23,113.99,112,112.42,112.52,113.23,16450,18.53,"14-Aug-2026",306,"",""
"3069","TVVISION","BE",4.04,4.2,4,4.15,4.15,4,26953,1.12,"14-Aug-2026",49,"",""
"3070","TWCGOLDETF","EQ",151,151,149.22,150.85,150.83,151.42,3411,5.13,"14-Aug-2026",200,"",""
"3071","UBL","EQ",1390.5,1396.4,1374.1,1376.6,1377,1389.7,48886,674.46,"14-Aug-2026",5963,"",""
"3072","UCAL","EQ",134.9,141.5,132.55,139.85,138.15,127.89,226474,311.17,"14-Aug-2026",3595,"",""
"3073","UCL","ST",244.2,260,244.15,260,260,257,6000,14.97,"14-Aug-2026",3,"",""
"3074","UCOBANK","EQ",26.01,26.08,25.93,26,26.04,26.09,2028065,527.16,"14-Aug-2026",9122,"",""
"3075","UDS","EQ",211.2,212.26,208.2,211.5,211,210.09,307712,649.13,"14-Aug-2026",4774,"",""
"3076","UEL","EQ",234.18,234.18,234.18,234.18,234.18,246.5,2876,6.74,"14-Aug-2026",154,"",""
"3077","UFBL","BE",746.4,794.5,732,754.9,765,765.5,48210,368.25,"14-Aug-2026",1954,"",""
"3078","UFLEX","EQ",494.15,503.45,482.2,488.4,483.2,493.8,150907,743.34,"14-Aug-2026",3767,"",""
"3079","UFO","EQ",66.58,67.89,66.58,67.14,67.1,67.39,10510,7.06,"14-Aug-2026",193,"",""
"3080","UGARSUGAR","EQ",48.99,52.26,48,48.19,48,46.49,1337931,669.5,"14-Aug-2026",7539,"",""
"3081","UGROCAP","EQ",93.08,94,90.35,93.34,93.2,92.4,253625,233.38,"14-Aug-2026",2733,"",""
"3082","UHTL","ST",101,104.2,101,102,102,100.1,14000,14.22,"14-Aug-2026",7,"",""
"3083","UJJIVANSFB","EQ",71.55,72.85,71.1,72.47,72.46,71.19,16653738,12033.53,"14-Aug-2026",58305,"",""
"3084","ULTRACEMCO","EQ",11657,11698,11587,11619,11619,11706,198920,23149.61,"14-Aug-2026",28843,"",""
"3085","ULTRAMAR","EQ",399.85,405.9,393.55,398.2,398.2,399.85,33524,134.24,"14-Aug-2026",3651,"",""
"3086","UMAEXPORTS","BE",21.8,22.14,20.04,21.59,22.1,21.09,74266,16.27,"14-Aug-2026",185,"",""
"3087","UMESLTD","EQ",5.99,6.28,5.74,5.82,5.82,5.99,16024,0.96,"14-Aug-2026",60,"",""
"3088","UMIYA-MRO","EQ",88.63,90,87.5,89.69,90,88.63,2725,2.42,"14-Aug-2026",41,"",""
"3089","UNICHEMLAB","EQ",548.2,548.2,531.5,540.2,543,542.4,95319,513.65,"14-Aug-2026",4009,"",""
"3090","UNIDT","BE",231.6,231.6,220.5,224.28,224.72,226.15,6890,15.32,"14-Aug-2026",78,"",""
"3091","UNIECOM","EQ",88.31,89.4,84.67,86.05,85.45,91.36,884372,765.04,"14-Aug-2026",8383,"",""
"3092","UNIENTER","EQ",99,99,94.5,95.36,95.49,95.18,5363,5.17,"14-Aug-2026",117,"",""
"3093","UNIHEALTH","SM",700.1,700.1,653,676.15,689,702.7,51000,344.77,"14-Aug-2026",88,"",""
"3094","UNIINFO","EQ",11.56,12.6,11.56,11.7,11.99,12.16,18341,2.15,"14-Aug-2026",63,"",""
"3095","UNIMECH","EQ",1446,1555,1434.1,1522.6,1524,1426.9,668915,10121.43,"14-Aug-2026",42927,"",""
"3096","UNIONBANK","EQ",187.33,189.34,186.39,187.38,187.38,186.5,17139005,32148.76,"14-Aug-2026",74258,"",""
"3097","UNIONGOLD","EQ",148.5,148.5,146.45,147.7,147.75,148.55,3702,5.45,"14-Aug-2026",93,"",""
"3098","UNIPARTS","EQ",824.4,829,805.45,816,816.45,824.3,79302,646.5,"14-Aug-2026",8132,"",""
"3099","UNITDSPR","EQ",1515.5,1545.5,1510.1,1536,1536,1515,603589,9275.97,"14-Aug-2026",25333,"",""
"3100","UNITECH","EQ",3.99,4.03,3.94,3.96,3.94,3.99,3338593,133.2,"14-Aug-2026",3038,"",""
"3101","UNITEDPOLY","BE",32.38,33.44,31.75,33.31,33.44,32.37,231518,76.42,"14-Aug-2026",200,"",""
"3102","UNITEDTEA","EQ",462.05,462.05,453,458.3,456.15,459.65,1196,5.47,"14-Aug-2026",93,"",""
"3103","UNIVASTU","BE",158.8,160.69,154.2,160.69,160.69,153.04,184862,294.8,"14-Aug-2026",1312,"",""
"3104","UNIVCABLES","EQ",1707,1739.2,1635,1644.4,1650,1702.2,132271,2207.93,"14-Aug-2026",14030,"",""
"3105","UNIVPHOTO","BE",455.4,480,445,472.6,480,457.8,1068,5.01,"14-Aug-2026",48,"",""
"3106","UNOMINDA","EQ",1240.3,1246.9,1230.1,1240,1240,1240,185823,2300.13,"14-Aug-2026",13173,"",""
"3107","UPL","EQ",568.2,568.2,558.05,563,563,568.15,1557252,8741.23,"14-Aug-2026",32899,"",""
"3108","URAVIDEF","BE",108,109.15,106,108.82,108.8,107.04,5492,5.91,"14-Aug-2026",121,"",""
"3109","URBAN","SM",152.5,152.5,146.3,147,147,148.55,4000,5.96,"14-Aug-2026",5,"",""
"3110","URBANCO","EQ",141,145.65,139.83,144.39,144.2,141.34,9659315,13857.23,"14-Aug-2026",68467,"",""
"3111","URJA","EQ",9.55,9.6,9.47,9.49,9.47,9.6,502528,47.87,"14-Aug-2026",1735,"",""
"3112","USASEEDS","SM",88,91.2,87,91.2,91.2,87,1712,1.53,"14-Aug-2026",4,"",""
"3113","USHAFIN","SM",40,43,40,43,43,44.4,6400,2.68,"14-Aug-2026",4,"",""
"3114","USHAMART","EQ",495,496.95,486.1,487.95,487.4,497.35,298728,1464.14,"14-Aug-2026",11465,"",""
"3115","USK","EQ",21.15,22.03,21.15,21.41,21.5,21.88,18403,3.96,"14-Aug-2026",161,"",""
"3116","UTIAMC","EQ",909,913.45,906.5,908.05,909.95,908.5,40938,372.47,"14-Aug-2026",4623,"",""
"3117","UTKAL","SM",53.3,53.3,52,53.3,53.3,50.8,58000,30.86,"14-Aug-2026",26,"",""
"3118","UTKARSHBNK","EQ",14.21,14.21,13.95,14.04,14.05,14.25,2900359,407.42,"14-Aug-2026",5987,"",""
"3119","UTLSOLAR","EQ",415,432.05,415,423.85,424.85,409.9,1117655,4747.72,"14-Aug-2026",31526,"",""
"3120","UTSSAV","ST",509,511.9,507,507.2,507.25,514.8,6600,33.6,"14-Aug-2026",11,"",""
"3121","UTTAMSUGAR","EQ",263.85,279.9,259.5,264.29,267,264.99,364386,987.44,"14-Aug-2026",8275,"",""
"3122","UYFINCORP","BE",20.16,21.15,20,21.08,21.05,20.16,205537,42.78,"14-Aug-2026",458,"",""
"3123","V2RETAIL","EQ",218.7,218.7,212,216.4,216.9,217.43,1916642,4131.63,"14-Aug-2026",30095,"",""
"3124","VADILALIND","EQ",7814,7894.5,7720.5,7749,7764,7781,21461,1673.28,"14-Aug-2026",5979,"",""
"3125","VAIBHAVGBL","EQ",233.1,236.25,227.3,228.3,228.7,233.4,368191,845.95,"14-Aug-2026",7822,"",""
"3126","VAISHALI","EQ",8.31,8.69,8.31,8.51,8.44,8.47,116620,9.9,"14-Aug-2026",296,"",""
"3127","VAKRANGEE","EQ",5.95,5.97,5.9,5.92,5.93,5.95,636697,37.65,"14-Aug-2026",1067,"",""
"3128","VAL30IETF","EQ",15.51,15.51,15.32,15.37,15.42,15.48,136930,21.05,"14-Aug-2026",665,"",""
"3129","VALIANTLAB","EQ",82.41,82.41,82.41,82.41,82.41,78.49,41064,33.84,"14-Aug-2026",43,"",""
"3130","VALIANTORG","BE",334.9,334.9,324.5,324.5,324.5,341.55,28548,94.11,"14-Aug-2026",226,"",""
"3131","VALUE","EQ",16.37,16.37,16.16,16.16,16.21,16.34,767343,124.02,"14-Aug-2026",279,"",""
"3132","VALUE360","SM",78,81.5,75.75,80.45,80.9,79,747600,604.87,"14-Aug-2026",73,"",""
"3133","VALUEAXIS","EQ",33.44,33.44,32.83,32.96,33.11,33.28,106516,35.14,"14-Aug-2026",537,"",""
"3134","VAML","EQ",450,450.65,440.1,443.8,443.4,450.65,5526133,24524.29,"14-Aug-2026",82543,"",""
"3135","VARDHACRLC","BE",44.9,44.9,43.9,44.61,44.8,44.06,14752,6.52,"14-Aug-2026",122,"",""
"3136","VARDMNPOLY","EQ",6.6,6.6,6.3,6.3,6.37,6.43,118954,7.6,"14-Aug-2026",324,"",""
"3137","VARROC","EQ",848,860,838.05,847.9,853.2,841.95,385330,3275.95,"14-Aug-2026",15962,"",""
"3138","VASCONEQ","EQ",31.75,31.96,31.1,31.82,31.9,31.41,217174,68.52,"14-Aug-2026",1063,"",""
"3139","VASWANI","EQ",51.51,52.9,51.51,52.17,52.12,53.04,7428,3.89,"14-Aug-2026",134,"",""
"3140","VBL","EQ",440.05,440.35,431.85,435,435,440.5,1811603,7872.49,"14-Aug-2026",28535,"",""
"3141","VCL","EQ",1.69,1.69,1.69,1.69,1.69,1.61,273928,4.63,"14-Aug-2026",91,"",""
"3142","VDEAL","SM",165.5,165.5,158,158,158,165,4200,6.75,"14-Aug-2026",6,"",""
"3143","VEDL","EQ",270,271.1,266.55,267.5,267.5,271.1,10612499,28491.74,"14-Aug-2026",68621,"",""
"3144","VEDPOWER","EQ",36.72,37.02,36.38,36.54,36.5,36.88,10410449,3810.78,"14-Aug-2026",30639,"",""
"3145","VEEDOL","EQ",1505.3,1530,1490.2,1512.9,1507.8,1497.9,12636,190.45,"14-Aug-2026",1490,"",""
"3146","VEEKAYEM","SM",114.05,114.05,114,114,114,120,2000,2.28,"14-Aug-2026",4,"",""
"3147","VELJAN","BE",1814.4,1880,1780,1824.3,1780,1801.4,533,9.78,"14-Aug-2026",56,"",""
"3148","VENKEYS","EQ",1536.5,1563.3,1517.7,1528,1532,1523,57364,882.06,"14-Aug-2026",4654,"",""
"3149","VENTIVE","EQ",586,600.65,579,582.95,594.4,588.45,44523,260.84,"14-Aug-2026",1802,"",""
"3150","VENUSPIPES","EQ",1583.1,1592.3,1560.4,1577.3,1568.2,1579.8,39532,622.34,"14-Aug-2026",3436,"",""
"3151","VENUSREM","BE",1815.7,1815.7,1750,1782.1,1780,1729.3,61640,1106.25,"14-Aug-2026",1891,"",""
"3152","VERANDA","EQ",243.4,249.9,239.45,245.9,246,242.8,253260,620.92,"14-Aug-2026",5958,"",""
"3153","VERTIS","IV",115,117,115,116,116,115,4e+05,465.25,"14-Aug-2026",10,"",""
"3154","VERTOZ","BE",36.4,36.4,35,35.58,35.84,35.99,62958,22.56,"14-Aug-2026",210,"",""
"3155","VESUVIUS","EQ",440,445.7,429.35,431.55,433,440,66857,292.13,"14-Aug-2026",4096,"",""
"3156","VETO","BE",125.95,127,122.2,123.88,124,124.13,25788,32.17,"14-Aug-2026",235,"",""
"3157","VGINFOTECH","SM",155.1,157,151.75,156.95,156.95,155,12000,18.62,"14-Aug-2026",12,"",""
"3158","VGL","EQ",60.18,60.18,57.15,58.66,58.99,59.89,11808,6.93,"14-Aug-2026",456,"",""
"3159","VGUARD","EQ",330.8,334.2,325.25,326.75,325.5,331.7,410582,1355.79,"14-Aug-2026",7650,"",""
"3160","VHL","EQ",3500,3535,3420,3439,3425,3454.9,488,16.85,"14-Aug-2026",129,"",""
"3161","VHLTD","BE",133.5,133.5,125.14,125.14,125.14,131.72,44049,56.41,"14-Aug-2026",141,"",""
"3162","VIAZ","SM",66.5,69.8,66.5,69.2,69.2,66.5,16000,10.91,"14-Aug-2026",6,"",""
"3163","VICTORYEV","ST",16.1,16.9,16.1,16.15,16.15,16.9,21000,3.43,"14-Aug-2026",7,"",""
"3164","VIDHIING","EQ",310.95,311.35,305.5,309.9,310,307.4,40855,126.46,"14-Aug-2026",829,"",""
"3165","VIDYAWIRES","EQ",88,91,87,89.45,89.41,88.17,1382877,1229.95,"14-Aug-2026",12618,"",""
"3166","VIESL","SM",297.35,313.85,297.35,311.05,306.35,307.5,21600,66.21,"14-Aug-2026",22,"",""
"3167","VIGOR","ST",88.2,90.95,88.2,90.95,90.95,87,12800,11.48,"14-Aug-2026",8,"",""
"3168","VIJAYA","EQ",1479,1508,1465,1474.1,1467.2,1486.5,130438,1937.35,"14-Aug-2026",13436,"",""
"3169","VIJAYPD","SM",63,63,57.1,58.55,57.1,62.95,10000,5.95,"14-Aug-2026",5,"",""
"3170","VIJIFIN","BE",12.39,12.39,12.39,12.39,12.39,12.15,64653,8.01,"14-Aug-2026",59,"",""
"3171","VIKASECO","EQ",1.12,1.12,1.09,1.09,1.1,1.11,2365506,26.13,"14-Aug-2026",1324,"",""
"3172","VIKASLIFE","EQ",1.26,1.26,1.24,1.25,1.24,1.25,2450513,30.72,"14-Aug-2026",8700,"",""
"3173","VIKRAMSOLR","EQ",163.46,163.99,158.92,160.15,160.5,163.46,1545227,2480.78,"14-Aug-2026",18601,"",""
"3174","VIKRAN","EQ",65.3,65.49,61.53,62.22,62.3,65.16,2288798,1439.39,"14-Aug-2026",13334,"",""
"3175","VILAS","SM",350,389.95,347,374.15,373.95,350.1,46500,172.28,"14-Aug-2026",164,"",""
"3176","VILINBIO","SM",43.5,43.5,43.5,43.5,43.5,41.9,4000,1.74,"14-Aug-2026",1,"",""
"3177","VIMTALABS","EQ",633.2,639.1,612.05,617,618,633.2,126069,782.13,"14-Aug-2026",5738,"",""
"3178","VINATIORGA","EQ",1343.9,1349.9,1332,1338.3,1345,1344.6,33228,445.38,"14-Aug-2026",3340,"",""
"3179","VINCOFE","EQ",146.5,152,145.89,148.05,148.6,146.65,2245773,3351.36,"14-Aug-2026",17489,"",""
"3180","VINDHYATEL","EQ",2431,2471.9,2375,2401.6,2410,2460.4,47655,1146.93,"14-Aug-2026",5516,"",""
"3181","VINEETLAB","EQ",40,40,37.02,37.29,37.77,38.44,63735,23.88,"14-Aug-2026",443,"",""
"3182","VINNY","EQ",1.06,1.08,1.05,1.06,1.07,1.06,526934,5.61,"14-Aug-2026",355,"",""
"3183","VINSYS","ST",570,579,570,579,579,569.25,3500,20.1,"14-Aug-2026",9,"",""
"3184","VINYAS","SM",1330,1400.1,1275,1383.55,1351,1320.15,17800,239.96,"14-Aug-2026",112,"",""
"3185","VINYLINDIA","EQ",234,242.84,233,238.64,238,240.46,4311,10.27,"14-Aug-2026",202,"",""
"3186","VIPCLOTHNG","BE",20.23,20.33,19.9,20.14,20.21,20.6,103405,20.72,"14-Aug-2026",155,"",""
"3187","VIPIND","EQ",306.7,309,298.7,299.8,300,307.7,254156,765.95,"14-Aug-2026",3947,"",""
"3188","VIPULLTD","BE",14.3,14.3,14.3,14.3,14.3,14.02,1308863,187.17,"14-Aug-2026",104,"",""
"3189","VIRINCHI","EQ",15.1,15.66,14.75,14.88,14.91,15.17,59473,8.94,"14-Aug-2026",311,"",""
"3190","VISACHROME","BE",37.46,37.85,36.13,36.89,37.85,37.29,12683,4.66,"14-Aug-2026",69,"",""
"3191","VISAKAIND","EQ",95.6,98.48,95,95.46,95.2,95.51,232565,224.01,"14-Aug-2026",2417,"",""
"3192","VISDEM","SM",84.9,85.85,84.6,85.85,85.85,85,3600,3.06,"14-Aug-2026",3,"",""
"3193","VISHNU","EQ",604,609.4,595.9,608.1,608,600.25,73188,442.21,"14-Aug-2026",3195,"",""
"3194","VISHNUINFR","SM",152.35,154.35,148,149.8,148,152.55,8000,11.99,"14-Aug-2026",14,"",""
"3195","VISHWARAJ","EQ",5.35,5.48,5.26,5.29,5.34,5.45,250320,13.41,"14-Aug-2026",759,"",""
"3196","VISL","EQ",38.8,39.2,36.86,36.87,36.94,38.79,26082607,9726.9,"14-Aug-2026",59377,"",""
"3197","VITAL","BE",54.6,54.6,54.5,54.5,54.5,53.55,6000,3.27,"14-Aug-2026",8,"",""
"3198","VIVIANA","BE",723.9,723.9,692,700.75,706.95,702.75,10588,74.82,"14-Aug-2026",240,"",""
"3199","VIVIDEL","ST",1499,1566.75,1499,1566.75,1566.75,1492.15,18480,286.86,"14-Aug-2026",72,"",""
"3200","VIVIDHA","EQ",0.58,0.58,0.53,0.54,0.56,0.55,173693,0.96,"14-Aug-2026",145,"",""
"3201","VIVIMEDLAB","BE",4.85,5.09,4.85,4.91,4.95,4.96,38513,1.89,"14-Aug-2026",91,"",""
"3202","VIVO","SM",145.4,145.4,145.4,145.4,145.4,138.5,3200,4.65,"14-Aug-2026",2,"",""
"3203","VIYASH","EQ",267.8,271.4,255,255.65,255.5,266.3,2194311,5696.44,"14-Aug-2026",28701,"",""
"3204","VLEGOV","BE",9.92,9.92,9.92,9.92,9.92,10.12,102058,10.12,"14-Aug-2026",177,"",""
"3205","VLINFRA","SM",27,27,25.75,25.85,25.85,27.05,4500,1.18,"14-Aug-2026",3,"",""
"3206","VLSFINANCE","EQ",269,269,257.2,259.15,259.4,265.15,6173,16.08,"14-Aug-2026",281,"",""
"3207","VMARCIND","SM",355,370,350.5,365.8,364.9,346.8,438000,1598.86,"14-Aug-2026",277,"",""
"3208","VMART","EQ",805,810.8,797.2,807.5,802,807.3,68695,554.5,"14-Aug-2026",11199,"",""
"3209","VMM","EQ",107,107.28,105.05,105.2,105.2,107,4906421,5188.44,"14-Aug-2026",43921,"",""
"3210","VMOBILE","SM",67,69,67,67.5,67.5,68,4800,3.25,"14-Aug-2026",6,"",""
"3211","VMSTMT","EQ",52.99,53.05,51.11,51.36,51.39,51.42,211486,110.02,"14-Aug-2026",661,"",""
"3212","VOEPL","EQ",501,511.95,489.5,506,509.8,499.05,116930,586.95,"14-Aug-2026",3848,"",""
"3213","VOGL","EQ",37.98,37.99,36.93,37.14,37.21,37.85,22132913,8248.41,"14-Aug-2026",41356,"",""
"3214","VOLTAMP","EQ",10054,10267,10001,10141,10076,10039.5,36544,3707.14,"14-Aug-2026",10567,"",""
"3215","VOLTAS","EQ",1292,1347.5,1290,1320.5,1320.5,1289.5,2374305,31385.42,"14-Aug-2026",63275,"",""
"3216","VPRPL","EQ",33.4,36,32.4,32.86,33.27,34.97,1434355,480.95,"14-Aug-2026",6422,"",""
"3217","VR","SM",151.3,151.3,151.3,151.3,151.3,144.3,400,0.61,"14-Aug-2026",1,"",""
"3218","VRAJ","EQ",122.17,124.99,122.17,122.97,123.1,123.96,10520,12.94,"14-Aug-2026",370,"",""
"3219","VRLLOG","EQ",298.9,303.25,295,296.3,297,301.65,137124,408.67,"14-Aug-2026",6665,"",""
"3220","VSCL","SM",23.85,23.9,23.85,23.9,23.9,22.8,9000,2.15,"14-Aug-2026",3,"",""
"3221","VSSL","EQ",327.5,356,327.5,353.35,355.45,327.15,784785,2733.22,"14-Aug-2026",15155,"",""
"3222","VSTIND","EQ",217.17,218.5,215.12,215.44,215.65,217.27,168118,364.01,"14-Aug-2026",3621,"",""
"3223","VSTL","EQ",107.46,108.5,106.81,107.91,108.49,106.88,10513,11.3,"14-Aug-2026",360,"",""
"3224","VSTTILLERS","EQ",4645.8,4709,4463.8,4511.6,4529.9,4601.4,31054,1422.13,"14-Aug-2026",6417,"",""
"3225","VTL","EQ",590,596.55,589.8,590.6,590.65,590.85,79833,472.75,"14-Aug-2026",8686,"",""
"3226","WAAREEENER","EQ",2703.9,2703.9,2660.1,2682,2682,2687,372863,9971.22,"14-Aug-2026",27195,"",""
"3227","WAAREEINDO","EQ",297.95,300.95,292.5,297.25,298,298.5,82694,244.65,"14-Aug-2026",2587,"",""
"3228","WAAREERTL","EQ",888,895.95,887.25,891.55,890,891.7,83960,747.38,"14-Aug-2026",6396,"",""
"3229","WABAG","EQ",1895,1985,1895,1904.6,1912,1885.6,571284,11095.73,"14-Aug-2026",40177,"",""
"3230","WAKEFIT","EQ",122.9,122.9,121,121.38,121.45,122.37,432281,525.3,"14-Aug-2026",3249,"",""
"3231","WALCHANNAG","EQ",225.99,230.49,222.98,224.8,226.5,225.56,449818,1015.5,"14-Aug-2026",7165,"",""
"3232","WANBURY","EQ",250,263,248.15,261.35,257,251.1,341962,886.39,"14-Aug-2026",6354,"",""
"3233","WCIL","EQ",88.49,89.2,86.18,86.55,86.3,88.23,42011,36.64,"14-Aug-2026",832,"",""
"3234","WEALTH","EQ",912.7,912.7,895,902.15,908.85,912.7,2189,19.84,"14-Aug-2026",339,"",""
"3235","WEBELSOLAR","EQ",86.81,86.81,84.32,85.1,84.99,87.1,1628457,1391.73,"14-Aug-2026",12911,"",""
"3236","WEIZMANIND","EQ",79.9,79.9,77.25,77.38,78.77,78.05,578,0.46,"14-Aug-2026",21,"",""
"3237","WEL","EQ",141.45,149,141.09,145.05,144,140,1044448,1520.32,"14-Aug-2026",9589,"",""
"3238","WELCORP","EQ",1889.8,1896,1854.3,1873.3,1868,1883.9,554562,10461.9,"14-Aug-2026",32095,"",""
"3239","WELENT","EQ",568.25,568.25,557.1,561.7,560.1,568.25,122164,685.68,"14-Aug-2026",5662,"",""
"3240","WELINV","BE",1968,1968,1848,1848,1848,1875,126,2.45,"14-Aug-2026",19,"",""
"3241","WELSPLSOL","EQ",48.59,48.6,47.75,47.96,47.76,48.19,113306,54.49,"14-Aug-2026",1046,"",""
"3242","WELSPUNLIV","EQ",170,178,162.84,164.06,164.1,159.83,73543291,126160.88,"14-Aug-2026",379103,"",""
"3243","WENDT","EQ",7961,8130,7905.5,7932,7946,7985,2611,208.74,"14-Aug-2026",871,"",""
"3244","WESTLIFE","EQ",592,597.75,576.25,582.9,581,588.75,38967,229.67,"14-Aug-2026",3950,"",""
"3245","WEWIN","BE",46.03,46.5,46,46.17,46.5,46.5,924,0.43,"14-Aug-2026",8,"",""
"3246","WEWORK","EQ",713.65,726.8,699.7,708.5,709.95,719.5,358599,2544.8,"14-Aug-2026",20672,"",""
"3247","WHEELS","EQ",1356,1447,1355,1435.6,1437,1353.6,178607,2539.19,"14-Aug-2026",12153,"",""
"3248","WHIRLPOOL","EQ",785,792.45,777,778.9,779.5,784.8,82859,649.18,"14-Aug-2026",6492,"",""
"3249","WILLAMAGOR","EQ",25.58,25.58,24.52,25.06,24.9,25.98,6216,1.56,"14-Aug-2026",60,"",""
"3250","WINDLAS","EQ",948.2,970,941.15,949.45,950,949.5,143016,1361.92,"14-Aug-2026",7172,"",""
"3251","WINDMACHIN","EQ",300,304.8,295,302.55,300,300.1,41354,123.63,"14-Aug-2026",1408,"",""
"3252","WINSOL","SM",116,116,106,110.8,110.8,116,13200,14.48,"14-Aug-2026",30,"",""
"3253","WIPL","EQ",170.9,170.9,167.81,167.98,167.81,167.19,24,0.04,"14-Aug-2026",6,"",""
"3254","WIPRO","EQ",183.55,185.84,183.1,184,184,183.1,7366162,13582.14,"14-Aug-2026",54338,"",""
"3255","WOCKPHARMA","EQ",1916,1959.3,1908.1,1932.7,1932.5,1912.9,480219,9308.58,"14-Aug-2026",22914,"",""
"3256","WOL3D","ST",143.5,144.5,143.5,144.5,144.5,137.65,12000,17.32,"14-Aug-2026",9,"",""
"3257","WOMANCART","SM",93.05,107,93,101.8,101.55,93.65,110800,113.45,"14-Aug-2026",189,"",""
"3258","WONDERLA","EQ",469.05,475.4,466.45,468.25,467,470.85,84053,396.63,"14-Aug-2026",9384,"",""
"3259","WORTHPERI","EQ",152,155.39,152,154.5,152.6,151.56,10235,15.76,"14-Aug-2026",200,"",""
"3260","WPIL","EQ",420.9,428.45,415,418.25,421,420.4,44872,188.51,"14-Aug-2026",2555,"",""
"3261","WSI","EQ",58.28,61.85,57.92,59.65,60.59,57.78,161661,96.66,"14-Aug-2026",3106,"",""
"3262","WSTCSTPAPR","EQ",609.7,616.45,604.65,611.35,611,606.1,192328,1171.45,"14-Aug-2026",6823,"",""
"3263","WTICAB","SM",112,114,108,108.6,108.95,111.65,11500,12.66,"14-Aug-2026",19,"",""
"3264","XCHANGING","EQ",64.68,64.74,63.21,63.88,64.11,65.74,103831,66.3,"14-Aug-2026",1270,"",""
"3265","XELPMOC","EQ",80.63,83,80,82.25,81.31,81.03,2476,2.02,"14-Aug-2026",131,"",""
"3266","XPROINDIA","EQ",1125.2,1134.5,1082.5,1097,1110,1115.6,27398,300.9,"14-Aug-2026",2533,"",""
"3267","XTGLOBAL","EQ",31.51,31.55,30.61,30.71,30.8,31.68,34773,10.71,"14-Aug-2026",514,"",""
"3268","XTRANET","EQ",148.5,176.78,148.5,172.5,173,150.4,2182519,3666.23,"14-Aug-2026",32496,"",""
"3269","YAAP","SM",143.05,143.05,139,142.75,142.75,144,19000,26.92,"14-Aug-2026",14,"",""
"3270","YASHO","EQ",4276.5,4445,4157.3,4215.7,4210,4276.5,49724,2141.69,"14-Aug-2026",6176,"",""
"3271","YATHARTH","EQ",845.1,849.9,824,844.7,849.8,845.1,286086,2393.99,"14-Aug-2026",16662,"",""
"3272","YATRA","EQ",117.48,119.44,110.71,114.01,113.7,116.11,3517860,4012.77,"14-Aug-2026",22079,"",""
"3273","YCCL","SM",9.65,9.65,9.65,9.65,9.65,9.65,3000,0.29,"14-Aug-2026",1,"",""
"3274","YESBANK","EQ",22.98,23,22.67,22.67,22.67,22.98,38939042,8885.48,"14-Aug-2026",51828,"",""
"3275","YUKEN","EQ",845.65,869,833.05,853.2,855.3,845.65,7707,66.03,"14-Aug-2026",637,"",""
"3276","ZAGGLE","EQ",201.4,203.76,199.76,200.59,201.5,201.04,778513,1564.46,"14-Aug-2026",8919,"",""
"3277","ZEEL","EQ",97,104.74,95.46,102.28,102,96.75,111249116,113809.54,"14-Aug-2026",312925,"",""
"3278","ZEELEARN","BE",8.47,8.47,8.05,8.13,8.19,8.31,258716,21.12,"14-Aug-2026",419,"",""
"3279","ZEEMEDIA","EQ",9.39,9.85,8.88,9.63,9.42,8.58,51464754,4843.24,"14-Aug-2026",140108,"",""
"3280","ZENITHDRUG","SM",43,44.65,43,44.65,44.65,43.4,3200,1.39,"14-Aug-2026",4,"",""
"3281","ZENITHEXPO","EQ",226.6,226.6,215.27,215.27,215.27,226.6,240,0.52,"14-Aug-2026",19,"",""
"3282","ZENITHSTL","EQ",5.61,5.61,5.46,5.59,5.54,5.54,60255,3.34,"14-Aug-2026",154,"",""
"3283","ZENSARTECH","EQ",498.65,501.7,490,490.8,491.4,498.65,573135,2819.65,"14-Aug-2026",19425,"",""
"3284","ZENTEC","EQ",1832.4,1878.5,1831.8,1857.2,1855,1831.8,410906,7633.14,"14-Aug-2026",27723,"",""
"3285","ZFCVINDIA","EQ",2616.2,2647.6,2608,2636.7,2625,2616.2,66941,1762.75,"14-Aug-2026",8022,"",""
"3286","ZFSTEERING","EQ",667.9,674.65,658.15,662.75,660.25,668.15,1616,10.78,"14-Aug-2026",137,"",""
"3287","ZIMLAB","BE",108,110.99,106.11,107.55,107,109.74,28778,31.14,"14-Aug-2026",161,"",""
"3288","ZODIAC","EQ",270.45,294.8,263,266.9,265.25,269.65,97594,271.86,"14-Aug-2026",3763,"",""
"3289","ZODIACLOTH","EQ",76.5,76.5,75,75.21,75.2,77,3364,2.53,"14-Aug-2026",80,"",""
"3290","ZOTA","EQ",1231.3,1236.1,1050.3,1131.3,1135,1241.3,399730,4555.8,"14-Aug-2026",22905,"",""
"3291","ZSARACOM","EQ",12793,12977,12000,12143,12200,12388,234,29.45,"14-Aug-2026",103,"",""
"3292","ZTECH","SM",505,544,480,528.5,525,519,78600,399.1,"14-Aug-2026",198,"",""
"3293","ZUARI","EQ",221.4,222,219.52,220.58,221,220.92,43233,95.45,"14-Aug-2026",1382,"",""
"3294","ZUARIIND","EQ",255,259,252.4,257.8,257.25,259.05,25986,66.49,"14-Aug-2026",878,"",""
"3295","ZYDUSLIFE","EQ",1168.9,1173.3,1135.2,1135.2,1135.2,1167.3,804336,9265.71,"14-Aug-2026",27287,"",""
"3296","ZYDUSWELL","EQ",505.95,513,504,510.3,510,505.45,116874,594.45,"14-Aug-2026",6565,"",""
