"","SYMBOL","SERIES","OPEN","HIGH","LOW","CLOSE","LAST","PREVCLOSE","TOTTRDQTY","TOTTRDVAL","TIMESTAMP","TOTALTRADES","ISIN","X"
"1","20MICRONS","EQ",201.29,206,194.05,203.23,204,201.29,142761,283,"16-Sep-2026",3703,"",""
"2","21STCENMGM","EQ",38.99,38.99,38.22,38.37,38.94,39,190,0.07,"16-Sep-2026",25,"",""
"3","360ONE","EQ",1051.2,1061.9,1042.4,1045.6,1045.6,1052.1,635279,6690.5,"16-Sep-2026",22800,"",""
"4","3BBLACKBIO","EQ",1355,1367.2,1285,1292.6,1293,1355.8,24554,320.61,"16-Sep-2026",3118,"",""
"5","3IINFOLTD","BE",23.33,25.1,23.3,25.02,25,23.99,579920,141.51,"16-Sep-2026",1378,"",""
"6","3MINDIA","EQ",31710,33550,31600,31935,31980,31590,27574,9020.61,"16-Sep-2026",14184,"",""
"7","3PLAND","EQ",31.01,31.58,29.65,31.28,31.48,30.8,1449,0.44,"16-Sep-2026",100,"",""
"8","574GS2026","GS",101.21,101.95,101.21,101.95,101.95,101.21,28,0.03,"16-Sep-2026",4,"",""
"9","5PAISA","EQ",313.2,319,307.2,316.85,316.65,313.2,33376,105.04,"16-Sep-2026",2006,"",""
"10","610GS2031","GS",99.09,99.99,99.09,99.75,99.75,99.5,1400,1.4,"16-Sep-2026",3,"",""
"11","620GS2029","GS",98.65,99.89,98.65,99.84,99.89,98.65,700,0.7,"16-Sep-2026",11,"",""
"12","633GS2035","GS",98.98,98.98,98.98,98.98,98.98,99.02,10,0.01,"16-Sep-2026",1,"",""
"13","636GS2031","GS",99.25,99.25,99.25,99.25,99.25,99.25,30,0.03,"16-Sep-2026",3,"",""
"14","63MOONS","EQ",869.65,875.45,824.55,848.15,839.5,864,268737,2286.09,"16-Sep-2026",14068,"",""
"15","648GS2035","GS",100,100,100,100,100,98.21,23,0.02,"16-Sep-2026",3,"",""
"16","667GS2035","GS",105.75,105.75,105.75,105.75,105.75,101,1,0,"16-Sep-2026",1,"",""
"17","667GS2050","GS",92.5,92.5,92.5,92.5,92.5,92.6,100,0.09,"16-Sep-2026",1,"",""
"18","668GS2033","GS",100,100,100,100,100,100,10,0.01,"16-Sep-2026",1,"",""
"19","668GS2040","GS",97.9,97.9,96.5,96.5,96.5,98,510,0.49,"16-Sep-2026",3,"",""
"20","675GS2029","GS",101.62,101.62,101.2,101.2,101.2,102.65,200,0.2,"16-Sep-2026",2,"",""
"21","676GS2061","GS",90,90,89.2,89.48,89.4,89.47,33732,30.18,"16-Sep-2026",52,"",""
"22","690GS2065","GS",92.79,93.35,92.79,93.35,93.35,92.66,2343,2.18,"16-Sep-2026",4,"",""
"23","692GS2039","GS",99.01,99.01,98.7,98.7,98.7,99.01,20,0.02,"16-Sep-2026",3,"",""
"24","694GS2036","GS",101.1,101.1,101,101.05,101.05,101.01,378,0.38,"16-Sep-2026",7,"",""
"25","695GS2061","GS",93,93,91.4,92.96,92.96,92,4109,3.76,"16-Sep-2026",12,"",""
"26","699GS2051","GS",96,96,95.6,95.6,95.99,96,11453,10.96,"16-Sep-2026",13,"",""
"27","702GS2027","GS",107,107,102.21,102.21,102.21,102.1,2415,2.47,"16-Sep-2026",3,"",""
"28","704GS2029","GS",102.55,102.57,102.55,102.57,102.57,103.2,7800,8,"16-Sep-2026",2,"",""
"29","706GS2028","GS",104.1,104.1,104,104,104,103.8,2575,2.68,"16-Sep-2026",2,"",""
"30","706GS2041","GS",101.95,101.95,101.95,101.95,101.95,99.98,5,0.01,"16-Sep-2026",1,"",""
"31","709GS2054","GS",95,95,94.5,94.95,94.9,94.97,14611,13.84,"16-Sep-2026",27,"",""
"32","709GS2074","GS",95,95,94.3,94.49,94.49,94.5,4559,4.31,"16-Sep-2026",24,"",""
"33","710GS2029","GS",103.26,104.2,103.26,104,104,104.9,15218,15.81,"16-Sep-2026",5,"",""
"34","717GS2030","GS",103.66,104.8,103.66,104.8,104.8,104,8633,8.96,"16-Sep-2026",3,"",""
"35","718GS2033","GS",102.1,102.1,100.7,101.05,100.7,103,4075,4.13,"16-Sep-2026",15,"",""
"36","718GS2037","GS",101.25,102.51,101.25,102.3,102.3,102,20408,20.86,"16-Sep-2026",22,"",""
"37","724GS2055","GS",96.2,96.2,95.91,96.06,96.19,95.9,12645,12.15,"16-Sep-2026",24,"",""
"38","725GS2063","GS",96.49,96.49,96,96.17,96.16,96.11,50489,48.54,"16-Sep-2026",72,"",""
"39","726GS2032","GS",101.8,102,101.5,101.73,101.52,102.01,10800,11,"16-Sep-2026",9,"",""
"40","726GS2033","GS",101.7,101.7,101.7,101.7,101.7,101.7,40,0.04,"16-Sep-2026",1,"",""
"41","732GS2030","GS",104,104,103.61,103.61,103.61,103.61,200,0.21,"16-Sep-2026",2,"",""
"42","733GS2026","GS",103.5,103.5,102.35,102.35,102.35,102.32,290,0.3,"16-Sep-2026",4,"",""
"43","734GS2064","GS",98.6,98.6,97.92,97.94,97.93,97.94,193291,189.42,"16-Sep-2026",91,"",""
"44","736GS2052","GS",98.75,98.75,98.61,98.67,98.61,98.75,10175,10.05,"16-Sep-2026",9,"",""
"45","737GS2028","GS",104.2,104.4,104.1,104.4,104.4,104.2,6000,6.25,"16-Sep-2026",4,"",""
"46","738GS2027","GS",102.54,102.65,102.3,102.48,102.48,102.54,11840,12.13,"16-Sep-2026",12,"",""
"47","73GS2053","GS",98,98,98,98,98,98.21,39164,38.38,"16-Sep-2026",41,"",""
"48","741GS2036","GS",103.25,104.1,103.25,104.1,104.1,103.23,6191,6.44,"16-Sep-2026",6,"",""
"49","743GS2076","GS",98.9,98.9,97.87,98.15,98.11,98.05,24843,24.41,"16-Sep-2026",50,"",""
"50","746GS2073","GS",101.99,101.99,101.99,101.99,101.99,101.2,1,0,"16-Sep-2026",1,"",""
"51","74GS2062","GS",102.49,102.49,99.5,99.83,101.48,102.49,801,0.8,"16-Sep-2026",4,"",""
"52","750GS2056","GS",101.5,102.9,101.5,102.9,102.9,102.9,953,0.97,"16-Sep-2026",16,"",""
"53","754GS2036","GS",105.23,105.7,105.08,105.17,105.18,105.08,320564,337.36,"16-Sep-2026",210,"",""
"54","771GS2066","GS",102.75,103.25,102.7,103.25,103.25,102.7,4090,4.21,"16-Sep-2026",16,"",""
"55","824GS2027","GS",101.7,101.7,101.65,101.68,101.65,102,72,0.07,"16-Sep-2026",3,"",""
"56","828GS2032","GS",107.7,107.7,107.7,107.7,107.7,107.7,4089,4.4,"16-Sep-2026",7,"",""
"57","83GS2040","GS",110.84,110.84,110.84,110.84,110.84,109,1550,1.72,"16-Sep-2026",4,"",""
"58","86GS2028","GS",105.09,106,105.09,106,106,108.39,428,0.45,"16-Sep-2026",3,"",""
"59","897GS2030","GS",111.6,112.5,111,112.26,112,112.18,3118,3.5,"16-Sep-2026",12,"",""
"60","92GS2030","GS",114.2,114.2,113.5,113.88,113.6,113.99,20239,23.03,"16-Sep-2026",36,"",""
"61","A2ZINFRA","EQ",15.2,15.51,14.56,14.7,14.74,15.11,255635,38.03,"16-Sep-2026",558,"",""
"62","AAATECH","EQ",92.81,94,90.81,92.54,92.1,91.98,230663,213.9,"16-Sep-2026",1474,"",""
"63","AADHARHFC","EQ",450,460.95,440.15,458.7,457.7,448.35,157363,714.8,"16-Sep-2026",10792,"",""
"64","AAKAAR","SM",63,63,63,63,63,63,1600,1.01,"16-Sep-2026",1,"",""
"65","AAKASH","EQ",8.72,8.99,8.72,8.82,8.95,8.83,60235,5.33,"16-Sep-2026",298,"",""
"66","AARADHYA","ST",138.35,138.35,133.1,133.65,133.65,140.1,27600,36.98,"16-Sep-2026",22,"",""
"67","AAREYDRUGS","EQ",101,101,94.15,99.94,100.49,98.82,483322,478.43,"16-Sep-2026",2708,"",""
"68","AARNAV","BE",29.8,31.27,28.32,31.24,31.24,29.79,14104,4.32,"16-Sep-2026",63,"",""
"69","AARON","EQ",123.18,126.89,120.96,124.71,125.6,123.18,14637,18.04,"16-Sep-2026",366,"",""
"70","AARTECH","BE",50.5,51.49,50,50.24,50.41,50.83,18889,9.51,"16-Sep-2026",102,"",""
"71","AARTIDRUGS","EQ",428,431.7,411,424.3,422.1,426.35,137839,581.23,"16-Sep-2026",7223,"",""
"72","AARTIIND","EQ",470.5,474.45,459.55,472.85,472.5,468.7,521378,2439.64,"16-Sep-2026",20544,"",""
"73","AARTIPHARM","EQ",785,819.8,765,813,812.45,789.45,378693,3017.79,"16-Sep-2026",28500,"",""
"74","AARTISURF","BE",505.75,518,488.25,500.45,500.05,513.2,18912,94.44,"16-Sep-2026",277,"",""
"75","AARVI","EQ",141.58,143.69,139.25,140.07,139.66,141.39,9027,12.7,"16-Sep-2026",240,"",""
"76","AASTHA","EQ",76.91,76.91,71.72,74.33,74.34,76.38,356386,264.48,"16-Sep-2026",3172,"",""
"77","AATMAJ","SM",19.25,19.25,19.25,19.25,19.25,19.25,2000,0.39,"16-Sep-2026",1,"",""
"78","AAVAS","EQ",1265,1289.4,1252.8,1282.5,1272.6,1270.3,61560,783.53,"16-Sep-2026",9690,"",""
"79","ABAN","BE",14.21,14.64,14.08,14.6,14.64,14.36,13955,2.02,"16-Sep-2026",118,"",""
"80","ABANSENT","EQ",27.82,28.14,26.92,27,26.92,27.83,4690,1.28,"16-Sep-2026",76,"",""
"81","ABB","EQ",7005,7051,6905.5,6980,6980,7005,115646,8065.48,"16-Sep-2026",20723,"",""
"82","ABBOTINDIA","EQ",26195,26450,25500,26125,26125,26125,5678,1483.11,"16-Sep-2026",3067,"",""
"83","ABCAPITAL","EQ",378.8,384.05,378,381.3,381.3,378.8,1287557,4911.31,"16-Sep-2026",29334,"",""
"84","ABCOTS","EQ",209,211.9,201.02,204.63,205.99,206.04,1377,2.8,"16-Sep-2026",83,"",""
"85","ABDL","EQ",635.15,655,619,647.55,647.5,631.6,1453879,9329.5,"16-Sep-2026",50119,"",""
"86","ABFRL","EQ",49.4,50.45,48.91,49.74,49.75,49.02,8057945,4010.78,"16-Sep-2026",25380,"",""
"87","ABGSEC","EQ",114.2,114.45,112.49,113.74,113.74,113.07,366,0.41,"16-Sep-2026",17,"",""
"88","ABH","SM",47.7,58.7,47.7,47.7,47.7,59.6,942000,478.28,"16-Sep-2026",319,"",""
"89","ABHAPOWER","SM",23.5,23.5,23.5,23.5,23.5,24,1600,0.38,"16-Sep-2026",1,"",""
"90","ABINFRA","BE",11.18,11.66,10.61,11.38,11.4,11.11,229237,25.72,"16-Sep-2026",340,"",""
"91","ABLBL","EQ",82.64,83.17,82.11,82.4,82.4,82.95,535560,442.23,"16-Sep-2026",7023,"",""
"92","ABMINTLLTD","BE",51,51,51,51,51,52,219,0.11,"16-Sep-2026",11,"",""
"93","ABMKNO","EQ",174.72,179.9,168.3,171.04,171.05,174.71,513,0.89,"16-Sep-2026",53,"",""
"94","ABREL","EQ",1232.8,1250.3,1207,1233.4,1234.9,1232.5,167844,2069.81,"16-Sep-2026",13132,"",""
"95","ABSL10BANK","EQ",168.85,168.85,162.13,164.83,163,165.51,677,1.12,"16-Sep-2026",37,"",""
"96","ABSLAMC","EQ",1032,1069.8,1004,1058.4,1066.2,1037.9,168606,1744.01,"16-Sep-2026",19478,"",""
"97","ABSLBANETF","EQ",56.74,57.81,56.74,57.68,57.62,57.4,59736,34.29,"16-Sep-2026",191,"",""
"98","ABSLLIQUID","EQ",1000.01,1000.01,999.99,1000,1000.01,999.99,2169,21.69,"16-Sep-2026",23,"",""
"99","ABSLMSCIN","EQ",28.76,28.76,28.45,28.46,28.46,28.67,322,0.09,"16-Sep-2026",10,"",""
"100","ABSLNN50ET","EQ",73,75.18,73,74.27,74.1,74.48,6880,5.1,"16-Sep-2026",198,"",""
"101","ABSLPSE","EQ",9.97,10.14,9.82,10,10.01,9.93,102027,10.12,"16-Sep-2026",388,"",""
"102","ABSMARINE","SM",303,303,270,292.7,293,303.5,112500,321.11,"16-Sep-2026",183,"",""
"103","ACC","EQ",1233,1235,1219.1,1226.6,1225.1,1225.2,85875,1053.41,"16-Sep-2026",12201,"",""
"104","ACCELYA","EQ",1112.2,1118.4,1106.1,1116.1,1118.2,1112.2,5452,60.69,"16-Sep-2026",627,"",""
"105","ACCENTMIC","SM",677.2,680,635,660.1,659,686.55,60500,398.62,"16-Sep-2026",110,"",""
"106","ACCPL","ST",209,211,208.05,208.8,208.05,219,19200,40.05,"16-Sep-2026",14,"",""
"107","ACCURACY","BE",4.47,4.52,4.47,4.49,4.5,4.38,69814,3.14,"16-Sep-2026",170,"",""
"108","ACE","EQ",1130,1158,1102,1149.7,1154,1132.1,425403,4834.5,"16-Sep-2026",31955,"",""
"109","ACEINTEG","EQ",18,18.39,17.22,17.61,17.99,17.75,2250,0.4,"16-Sep-2026",97,"",""
"110","ACGL","EQ",1726.1,1800.2,1726.1,1769.4,1761,1732.1,449,7.9,"16-Sep-2026",137,"",""
"111","ACI","EQ",456.9,468,446,461.45,463.6,455.25,236951,1087.69,"16-Sep-2026",15214,"",""
"112","ACL","EQ",42.55,43.5,41.9,42.7,42.79,42.55,14356,6.12,"16-Sep-2026",432,"",""
"113","ACMESOLAR","EQ",419.45,425.5,412,418,416.15,420.4,1349732,5648.03,"16-Sep-2026",39952,"",""
"114","ACSTECH","BE",59.39,61,56.5,60,60,59.45,189174,111.89,"16-Sep-2026",362,"",""
"115","ACUTAAS","EQ",3275,3359,3188.8,3344.7,3349,3266.2,243061,7998.04,"16-Sep-2026",40105,"",""
"116","ADANIENSOL","EQ",1347.6,1371.3,1341.6,1349.2,1349.2,1347.5,946914,12828.05,"16-Sep-2026",36323,"",""
"117","ADANIENT","EQ",2957,2972.9,2914.3,2920,2920,2928.6,764624,22466.19,"16-Sep-2026",38379,"",""
"118","ADANIGREEN","EQ",1253.9,1276.9,1245.6,1270.2,1270.2,1255,624972,7905.25,"16-Sep-2026",22289,"",""
"119","ADANIPORTS","EQ",1722.9,1737.9,1707,1723.8,1723.8,1713.8,1060410,18310.76,"16-Sep-2026",59463,"",""
"120","ADANIPOWER","EQ",202.1,205,200.4,202.34,202.34,202,12105905,24577.12,"16-Sep-2026",60128,"",""
"121","ADDICTIVE","SM",45,45,45,45,45,45.15,9000,4.05,"16-Sep-2026",7,"",""
"122","ADDIND","EQ",78.6,79.79,76.25,79,79,79,52,0.04,"16-Sep-2026",12,"",""
"123","ADFFOODS","EQ",261.45,274.95,248.8,267.15,271.3,261.3,159718,413.24,"16-Sep-2026",5494,"",""
"124","ADISOFT","SM",227,234,210,226.2,225,226.25,90400,200.2,"16-Sep-2026",105,"",""
"125","ADL","EQ",70.3,77.59,70.3,71.91,71.91,71.16,618,0.45,"16-Sep-2026",61,"",""
"126","ADOR","EQ",1545.3,1563.9,1487.1,1536.2,1542.5,1548.2,26973,412.12,"16-Sep-2026",3890,"",""
"127","ADROITINFO","EQ",11.15,11.49,10.64,11.2,11.49,11.04,58562,6.5,"16-Sep-2026",147,"",""
"128","ADSL","EQ",98.5,98.5,94.02,95.26,94.59,97.02,114360,109.15,"16-Sep-2026",2680,"",""
"129","ADVAIT","EQ",2004,2019.9,1941.5,1996.3,1995,2007,38672,767.14,"16-Sep-2026",5384,"",""
"130","ADVANCE","EQ",113.65,114.9,108.6,110.15,109.66,113.95,358473,402.78,"16-Sep-2026",1803,"",""
"131","ADVANIHOTR","EQ",48.01,48.99,46.75,47.18,47.04,47.98,31562,15.07,"16-Sep-2026",695,"",""
"132","ADVENTHTL","EQ",126.84,129.37,123.75,124.71,124.5,126.42,125781,157.88,"16-Sep-2026",2762,"",""
"133","ADVENZYMES","EQ",287.9,293.2,282.05,287.85,287.1,287.7,179412,518.52,"16-Sep-2026",4466,"",""
"134","ADVIKCA","EQ",0.96,0.99,0.95,0.97,0.97,0.98,461983,4.47,"16-Sep-2026",349,"",""
"135","AEGISLOG","EQ",1326.3,1395,1310.2,1381.2,1381.2,1323.5,1953104,26740.85,"16-Sep-2026",92381,"",""
"136","AEGISVOPAK","EQ",305,305,288.9,296.95,295.9,302,1920715,5717.58,"16-Sep-2026",54407,"",""
"137","AEPL","EQ",16.5,16.7,15.4,15.87,16.08,16.27,60080,9.61,"16-Sep-2026",341,"",""
"138","AEQUS","EQ",222.5,223.37,213.41,220.68,221,221.52,1712222,3743.31,"16-Sep-2026",24715,"",""
"139","AEROENTER","EQ",117.84,119.9,108,113.35,113.7,116.93,1723281,1944.95,"16-Sep-2026",17208,"",""
"140","AEROFLEX","EQ",495,495,456.85,481.1,486.35,507.6,4838168,22595.48,"16-Sep-2026",79449,"",""
"141","AERON","SM",79.4,80.75,78,80.75,80.75,81,13000,10.26,"16-Sep-2026",13,"",""
"142","AERONEU","EQ",67.5,70,63.72,64.95,64.06,67.94,96688,64.58,"16-Sep-2026",2399,"",""
"143","AEROPLANE","EQ",199.39,199.39,189.8,195.67,194.8,199.72,613769,1184.36,"16-Sep-2026",4012,"",""
"144","AESTHETIK","SM",70,70,67.5,68,68,69,25000,17.06,"16-Sep-2026",19,"",""
"145","AETHER","EQ",1588,1615.9,1552.7,1603.1,1598.9,1583.1,159140,2526.37,"16-Sep-2026",17548,"",""
"146","AFCONS","EQ",262.25,263.65,225.35,258.4,259,262.25,4434269,11197.3,"16-Sep-2026",70021,"",""
"147","AFFLE","EQ",1537,1546.8,1500.3,1535,1535,1536.4,124764,1910.4,"16-Sep-2026",17494,"",""
"148","AFFORDABLE","EQ",158,162.86,153.61,162.29,160.21,158.93,20433,32.47,"16-Sep-2026",582,"",""
"149","AFIL","EQ",8.43,8.6,8.31,8.37,8.33,8.54,371881,31.35,"16-Sep-2026",503,"",""
"150","AFSL","EQ",201.01,201.8,201,201.02,201,201.03,8483,17.05,"16-Sep-2026",80,"",""
"151","AGARIND","EQ",427.9,427.9,407.95,409.6,408.95,421,46733,192.38,"16-Sep-2026",2887,"",""
"152","AGARWALEYE","EQ",502.05,508.25,484.15,505,504,502.05,242956,1212.12,"16-Sep-2026",17113,"",""
"153","AGARWALTUF","SM",142.6,156,142.6,151.05,156,146.05,44400,66.44,"16-Sep-2026",26,"",""
"154","AGI","EQ",735.9,735.9,701.5,717.3,714.25,736.65,159416,1144.89,"16-Sep-2026",8952,"",""
"155","AGIIL","EQ",263,273,260.05,262.4,265,264.15,972027,2599.8,"16-Sep-2026",11410,"",""
"156","AGL","EQ",14.23,14.26,13.63,14.03,13.93,14.23,2126782,296.32,"16-Sep-2026",3588,"",""
"157","AGNI","SM",15.65,15.7,15.65,15.65,15.65,16.45,12500,1.96,"16-Sep-2026",5,"",""
"158","AGRITECH","EQ",102.44,102.44,97.25,98.1,98.5,97.57,1436,1.42,"16-Sep-2026",44,"",""
"159","AGROPHOS","EQ",24.29,24.29,22.63,23.18,23.19,23.47,12920,2.98,"16-Sep-2026",164,"",""
"160","AGSTRA","BZ",1.95,1.95,1.85,1.93,1.95,1.92,62151,1.2,"16-Sep-2026",147,"",""
"161","AHCL","EQ",20.2,20.5,19.6,20.04,19.95,20.18,46066495,9207.51,"16-Sep-2026",142781,"",""
"162","AHLADA","EQ",35.89,40.5,32.7,36.56,36.8,34.99,45748,16.05,"16-Sep-2026",389,"",""
"163","AHLEAST","EQ",135.01,136.99,133,136.06,136.99,133.56,838,1.13,"16-Sep-2026",37,"",""
"164","AHLUCONT","EQ",588,599,565.05,569.3,569.95,585.85,95786,549.61,"16-Sep-2026",6159,"",""
"165","AHLWEST","BE",503.9,531.7,491.05,530.65,531,506.4,1425,7.52,"16-Sep-2026",31,"",""
"166","AIAENG","EQ",3897.1,3907.7,3778,3805.8,3806,3899.3,133043,5078.63,"16-Sep-2026",40313,"",""
"167","AIIL","EQ",532,535.2,518.05,528.95,524,529.85,188360,996.01,"16-Sep-2026",11494,"",""
"168","AILIMITED","SM",19.1,19.1,19.1,19.1,19.1,19.1,3000,0.57,"16-Sep-2026",1,"",""
"169","AIMTRON","SM",1648.05,1648.05,1495,1606.4,1608,1656.35,72000,1132.06,"16-Sep-2026",351,"",""
"170","AIRAN","EQ",16.48,17.41,15.17,15.72,16.13,16.45,226075,36.1,"16-Sep-2026",830,"",""
"171","AIROLAM","EQ",85.8,90,85,88.54,90,84.21,11084,9.74,"16-Sep-2026",53,"",""
"172","AISL","SM",57.95,58,54.1,54.1,54.1,56.9,45600,26.33,"16-Sep-2026",10,"",""
"173","AJANTPHARM","EQ",3482.4,3530.8,3460,3508.9,3524,3510.4,116329,4078.86,"16-Sep-2026",18977,"",""
"174","AJAXENGG","EQ",579,582,555.1,566.55,566.1,581.6,76170,430.2,"16-Sep-2026",10467,"",""
"175","AJMERA","EQ",114.5,114.5,109.33,113.51,113.35,114.37,264603,296.02,"16-Sep-2026",3824,"",""
"176","AJOONI","EQ",3.41,3.44,3.08,3.3,3.32,3.43,463516,15.36,"16-Sep-2026",822,"",""
"177","AKANKSHA","SM",129.5,136.5,127.2,134.65,134,130,24000,32.07,"16-Sep-2026",22,"",""
"178","AKASH","EQ",24.55,25.14,24.15,24.18,24.18,24.56,4395,1.06,"16-Sep-2026",27,"",""
"179","AKCAPIT","EQ",1714.1,1755,1710,1715.4,1710,1714.1,1051,18.3,"16-Sep-2026",155,"",""
"180","AKG","EQ",10.53,10.68,10.41,10.55,10.5,10.48,3075,0.32,"16-Sep-2026",73,"",""
"181","AKI","BE",5.8,5.8,5.55,5.55,5.55,5.84,140368,7.84,"16-Sep-2026",332,"",""
"182","AKIKO","SM",429,429,425,425.15,426,430,28800,122.44,"16-Sep-2026",33,"",""
"183","AKSHAR","EQ",0.41,0.42,0.4,0.42,0.42,0.41,548513,2.26,"16-Sep-2026",190,"",""
"184","AKSHARCHEM","BE",389.1,395,381.75,381.95,381.75,401.8,11907,45.52,"16-Sep-2026",132,"",""
"185","AKSHOPTFBR","BE",8.32,8.32,7.94,7.96,8,8.35,257587,20.6,"16-Sep-2026",517,"",""
"186","AKUMS","EQ",759.2,775,746.4,772,771,765.65,235680,1803.03,"16-Sep-2026",13214,"",""
"187","ALANKIT","EQ",7.95,7.95,7.6,7.74,7.75,7.77,121612,9.45,"16-Sep-2026",742,"",""
"188","ALBERTDAVD","EQ",859.5,870.05,835,860.45,859.1,851.9,4783,40.45,"16-Sep-2026",231,"",""
"189","ALCODIS","SM",65,70,65,70,70,74,1250,0.84,"16-Sep-2026",2,"",""
"190","ALEMBICLTD","EQ",100.5,101.57,97.4,98.95,99,100.51,707870,700.81,"16-Sep-2026",9924,"",""
"191","ALFREDHE","EQ",2840,2860,2820,2820,2820,2820,7,0.2,"16-Sep-2026",7,"",""
"192","ALGOQUANT","EQ",64.13,65.65,64.01,65.15,65.2,64.13,1160108,753.12,"16-Sep-2026",2266,"",""
"193","ALICON","EQ",688.65,708.75,672.9,688.35,683,697.2,30853,210.72,"16-Sep-2026",2220,"",""
"194","ALIVUS","EQ",1350,1390.9,1317.6,1370.6,1362,1347.8,153204,2082.42,"16-Sep-2026",16052,"",""
"195","ALKALI","EQ",71,76.7,71,72.23,72.39,73.45,17465,12.8,"16-Sep-2026",248,"",""
"196","ALKEM","EQ",5170.5,5265.5,5148,5175,5175,5161,304188,15780.84,"16-Sep-2026",31265,"",""
"197","ALKYLAMINE","EQ",1775.7,1841.1,1740,1823.1,1830,1775.7,65315,1172.77,"16-Sep-2026",10914,"",""
"198","ALLCARGO","EQ",11.5,11.57,10.77,11.18,11.29,11.6,13509692,1495.26,"16-Sep-2026",16558,"",""
"199","ALLDIGI","EQ",803.5,803.5,783.2,792.5,800,799.5,2974,23.49,"16-Sep-2026",694,"",""
"200","ALLETEC","SM",130,130,125,125.7,125.4,127.75,12800,16.18,"16-Sep-2026",32,"",""
"201","ALLTIME","EQ",212.39,212.42,203.72,206.42,205.66,213.38,45105,93.48,"16-Sep-2026",1668,"",""
"202","ALMONDZ","EQ",17.6,18.45,16.7,18.01,18.23,16.84,535197,93.6,"16-Sep-2026",1147,"",""
"203","ALOKINDS","EQ",7.45,7.54,7.31,7.48,7.51,7.38,14625867,1089.14,"16-Sep-2026",10244,"",""
"204","ALPA","EQ",60.06,64.5,59.4,61.12,61.2,60.39,14768,8.9,"16-Sep-2026",252,"",""
"205","ALPEXSOLAR","SM",910,910,870,893.35,881,906.35,41300,366.08,"16-Sep-2026",329,"",""
"206","ALPHA","EQ",51.25,52.79,51.25,52.46,52.5,52.18,1649953,855.81,"16-Sep-2026",3814,"",""
"207","ALPHAETF","EQ",25.8,25.82,25.35,25.73,25.75,25.68,485775,124.76,"16-Sep-2026",920,"",""
"208","ALPHAGEO","BE",300,300,285.7,294.65,292.2,298.85,3440,10.09,"16-Sep-2026",137,"",""
"209","ALPINETEX","EQ",54.8,55.18,49.15,52.33,53.27,54.68,340439,176.37,"16-Sep-2026",2868,"",""
"210","ALPL30IETF","EQ",26.7,27.18,26.65,26.96,27.04,26.7,206822,55.57,"16-Sep-2026",855,"",""
"211","ALUFLUOR","EQ",490.2,495.25,477.3,494.2,495,492.55,6704,32.75,"16-Sep-2026",381,"",""
"212","ALUWIND","SM",46,46,46,46,46,46,1500,0.69,"16-Sep-2026",1,"",""
"213","AMAGI","EQ",565.8,576,564.05,569.3,570,569.4,270114,1541.48,"16-Sep-2026",15798,"",""
"214","AMAL","EQ",718,719,673.55,711.75,711.7,713.3,17598,122.43,"16-Sep-2026",1008,"",""
"215","AMANTA","BE",189.93,189.93,189.93,189.93,189.93,193.8,12454,23.65,"16-Sep-2026",67,"",""
"216","AMARJOTHI","EQ",147.5,149,141.65,149,149,148.09,2026,2.96,"16-Sep-2026",254,"",""
"217","AMBAAUTO","SM",99.25,99.25,98.3,98.35,98.5,98.35,25000,24.61,"16-Sep-2026",7,"",""
"218","AMBALALSA","BE",38.45,40,37.15,39.82,39.01,38.59,41423,16.25,"16-Sep-2026",190,"",""
"219","AMBER","EQ",6985.5,7009.5,6826.5,6930,6930,7000,142671,9865.94,"16-Sep-2026",25129,"",""
"220","AMBICAAGAR","EQ",25.6,25.6,24.4,24.57,25.28,24.94,5248,1.3,"16-Sep-2026",132,"",""
"221","AMBIKCO","EQ",1585.1,1587.7,1536.7,1564.9,1557,1579.6,11248,175.6,"16-Sep-2026",1510,"",""
"222","AMBUJACEM","EQ",382,385.45,379.55,381.05,381.05,381.75,1033371,3944.86,"16-Sep-2026",20118,"",""
"223","AMCL","SM",361,362,355,357.85,362,375,22400,79.81,"16-Sep-2026",22,"",""
"224","AMDIND","EQ",68.5,72.37,62.2,63.66,64,69.64,424928,289.19,"16-Sep-2026",5523,"",""
"225","AMEYA","SM",128.45,132.8,125.9,129.35,129.35,126.5,22000,28.83,"16-Sep-2026",21,"",""
"226","AMJLAND","EQ",37.94,37.94,36,36.43,36.4,37.21,1943,0.72,"16-Sep-2026",115,"",""
"227","AMNPLST","EQ",169.75,169.75,160,160.4,160,165.52,2735,4.42,"16-Sep-2026",211,"",""
"228","AMRUTANJAN","EQ",489.6,493.7,476.5,490.4,489,489.6,54792,266.42,"16-Sep-2026",2484,"",""
"229","ANANDRATHI","EQ",2180,2211,2150,2206.2,2205,2183.9,279080,6100.87,"16-Sep-2026",45708,"",""
"230","ANANTAM","IV",106.01,106.99,106,106.08,106.48,106.83,43835,46.52,"16-Sep-2026",124,"",""
"231","ANANTRAJ","EQ",585,594.9,576.85,583.5,583.4,585.9,2951237,17338.74,"16-Sep-2026",39928,"",""
"232","ANAWIL","SM",424.95,429,400,418.85,418.95,429.4,157600,656.56,"16-Sep-2026",358,"",""
"233","ANDHRAPAP","EQ",71.64,74.01,70,73.32,73.15,71.64,769224,556.9,"16-Sep-2026",6650,"",""
"234","ANDHRSUGAR","EQ",94.01,94.33,91.21,93.39,93.66,94.66,311145,287.74,"16-Sep-2026",9236,"",""
"235","ANDREWYU","EQ",25.65,26.78,25.11,25.88,25.94,25.65,59473,15.35,"16-Sep-2026",470,"",""
"236","ANGELONE","EQ",295,299.3,291.6,293.5,293.5,297.5,2878370,8483.59,"16-Sep-2026",36237,"",""
"237","ANIKINDS","EQ",40.03,43.78,40.03,42.86,43.4,40.58,17664,7.41,"16-Sep-2026",219,"",""
"238","ANKITMETAL","BZ",1.67,1.67,1.67,1.67,1.67,1.64,1896,0.03,"16-Sep-2026",4,"",""
"239","ANLON","SM",672.75,688,672.75,675,675,672.75,1200,8.14,"16-Sep-2026",3,"",""
"240","ANMOL","EQ",15.99,16,13.75,14.39,14.52,15.27,346560,50.01,"16-Sep-2026",1804,"",""
"241","ANNAPURNA","EQ",138.43,138.5,132.55,134.56,136.8,137.39,23446,31.96,"16-Sep-2026",725,"",""
"242","ANNU","BE",52.67,52.67,52.67,52.67,52.67,55.44,94002,49.51,"16-Sep-2026",1231,"",""
"243","ANONDITA","SM",1154.9,1184,1112,1158.05,1159.7,1140.9,65800,757.25,"16-Sep-2026",271,"",""
"244","ANSALAPI","BZ",3.43,3.46,3.36,3.46,3.46,3.4,15835,0.54,"16-Sep-2026",47,"",""
"245","ANSALBU","EQ",86.99,86.99,78,80.11,79.08,84,2850,2.29,"16-Sep-2026",43,"",""
"246","ANTELOPUS","EQ",1071.05,1214.45,996.1,1170.95,1173,1057.8,4319113,49570.57,"16-Sep-2026",193013,"",""
"247","ANTGRAPHIC","EQ",0.74,0.74,0.72,0.72,0.72,0.74,115447,0.84,"16-Sep-2026",144,"",""
"248","ANTHEM","EQ",939.95,953.75,903,908.45,914,942.85,1023044,9412.44,"16-Sep-2026",84075,"",""
"249","ANUHPHR","EQ",89.5,91.99,87.01,89.22,89.01,90.33,141288,126.92,"16-Sep-2026",3395,"",""
"250","ANUP","EQ",1625,1667.4,1582,1637,1631,1616.1,22345,364.07,"16-Sep-2026",4113,"",""
"251","ANURAS","EQ",1179.5,1195.7,1160.5,1178.3,1177,1170.4,435775,5136.33,"16-Sep-2026",18220,"",""
"252","ANYA","SM",15.25,15.5,15.25,15.3,15.5,15.25,25000,3.83,"16-Sep-2026",4,"",""
"253","ANZEN","IV",129.2,129.8,129.2,129.8,129.8,129.3,175000,226.63,"16-Sep-2026",7,"",""
"254","AONEGOLD","EQ",14.3,14.43,14.06,14.1,14.12,14.5,802872,113.36,"16-Sep-2026",2620,"",""
"255","AONELIQUID","EQ",1077.03,1077.03,1077.01,1077.02,1077.03,1076.87,40763,439.03,"16-Sep-2026",91,"",""
"256","AONENIFTY","EQ",9.81,9.81,9.55,9.61,9.6,9.58,165860,15.93,"16-Sep-2026",1181,"",""
"257","AONESILVER","EQ",8.66,8.78,8.66,8.73,8.76,8.66,423225,36.97,"16-Sep-2026",1023,"",""
"258","AONETMMQ50","EQ",10.2,10.2,9.86,10.01,9.99,10,46091,4.58,"16-Sep-2026",274,"",""
"259","AONETOTAL","EQ",11.75,11.75,11.43,11.55,11.5,11.52,461967,53.22,"16-Sep-2026",1043,"",""
"260","APARINDS","EQ",16610,17200,16015,17075,17073,16550,108334,18080.95,"16-Sep-2026",36635,"",""
"261","APCL","EQ",101.5,101.5,96.15,99.18,99.5,99.4,5331,5.28,"16-Sep-2026",122,"",""
"262","APCOTEXIND","EQ",582.7,591.1,560.85,581.1,583.95,576.7,157464,906.87,"16-Sep-2026",8752,"",""
"263","APEX","EQ",354.1,366.2,341.05,347.95,349.75,358.95,151673,528.84,"16-Sep-2026",7121,"",""
"264","APEXECO","ST",253,255,246,255,255,258.9,9600,23.78,"16-Sep-2026",12,"",""
"265","APLAPOLLO","EQ",2115,2132.9,2041.3,2120,2120,2119.3,925656,19342.88,"16-Sep-2026",39470,"",""
"266","APLLTD","EQ",817.3,839.95,813.2,825.3,827,824.75,136463,1129.57,"16-Sep-2026",12534,"",""
"267","APOLLO","EQ",386.6,388.5,361.4,370.35,368.9,386.6,12109247,44774.21,"16-Sep-2026",144063,"",""
"268","APOLLOHOSP","EQ",8756,8792.5,8672.5,8696.5,8696.5,8714,232987,20290.45,"16-Sep-2026",50622,"",""
"269","APOLLOPIPE","EQ",519,519.95,496.5,508.9,506.5,520.2,370429,1885.09,"16-Sep-2026",10405,"",""
"270","APOLLOTYRE","EQ",410.95,429.55,402.15,411.95,411.95,406.2,2697223,11153.52,"16-Sep-2026",77957,"",""
"271","APOLSINHOT","EQ",1220.6,1220.6,1185,1185.8,1185,1214.5,722,8.63,"16-Sep-2026",139,"",""
"272","APOORVA","EQ",28.3,28.36,28.3,28.36,28.36,27.02,22,0.01,"16-Sep-2026",3,"",""
"273","APRAMEYA","SM",110.25,125,110.25,112.3,124,112,16500,18.53,"16-Sep-2026",8,"",""
"274","APS","SM",233.4,233.4,226.6,230.75,230,233.35,17250,39.69,"16-Sep-2026",65,"",""
"275","APSISAERO","ST",588.1,588.1,588.1,588.1,588.1,600.1,6000,35.29,"16-Sep-2026",4,"",""
"276","APTECHT","BE",86.38,87.8,85.5,86.97,87.29,86.38,20893,18.09,"16-Sep-2026",306,"",""
"277","APTUS","EQ",241.95,243.5,235.36,239.91,241,244.83,3168614,7572.68,"16-Sep-2026",51125,"",""
"278","AQYLON","EQ",20.4,20.55,19.68,19.71,19.68,20.71,608668,121.24,"16-Sep-2026",1664,"",""
"279","ARABIAN","SM",81.65,82,81.65,82,82,78.1,6000,4.91,"16-Sep-2026",3,"",""
"280","ARCHIDPLY","EQ",99,101.98,97.05,100.22,99.08,100.21,11540,11.5,"16-Sep-2026",249,"",""
"281","ARCHIES","EQ",12.41,12.41,12.15,12.21,12.3,12.29,3618,0.44,"16-Sep-2026",52,"",""
"282","ARCIIL","SM",36,36,36,36,36,36,2000,0.72,"16-Sep-2026",2,"",""
"283","ARCL","EQ",275.5,275.5,250.35,274.16,273.99,262.39,19792,54.18,"16-Sep-2026",254,"",""
"284","ARDEE","EQ",47.48,48.83,46.5,47.42,47.39,47.78,3672515,1747.66,"16-Sep-2026",17908,"",""
"285","ARE&M","EQ",798,805.85,789,791.55,793.85,799.55,408549,3255.74,"16-Sep-2026",27163,"",""
"286","ARENTERP","EQ",34.3,34.3,31.1,32.6,32.6,32.64,486,0.16,"16-Sep-2026",31,"",""
"287","ARFIN","EQ",82.72,83.45,80.84,82.68,82.28,82.72,725579,600.84,"16-Sep-2026",3102,"",""
"288","ARHAM","SM",215.9,216,200.95,202.25,208.95,209,56000,114.73,"16-Sep-2026",50,"",""
"289","ARIES","BE",476.85,483,456.55,480.7,478,473.3,14050,65.99,"16-Sep-2026",285,"",""
"290","ARIHANT","EQ",867.05,879.4,841,862.25,877.15,858.8,969,8.31,"16-Sep-2026",195,"",""
"291","ARIHANTACA","SM",490,500,490,498.75,500,495,16000,79.8,"16-Sep-2026",7,"",""
"292","ARIHANTCAP","EQ",81.45,83.5,79.55,80.45,80,81.45,579106,474.46,"16-Sep-2026",3847,"",""
"293","ARIHANTSUP","EQ",216.1,224,209.05,220.45,224,213.95,2643,5.75,"16-Sep-2026",143,"",""
"294","ARIS","EQ",120.97,121,115.75,116.53,117,120.63,605692,711.99,"16-Sep-2026",6270,"",""
"295","ARKADE","EQ",116.81,117.9,114.5,115.76,115.99,116.42,113779,132.27,"16-Sep-2026",1501,"",""
"296","ARMANFIN","EQ",1918.2,1948,1806.6,1873.5,1898,1918.1,67060,1245.89,"16-Sep-2026",11953,"",""
"297","AROGRANITE","EQ",23.76,23.84,21,22.55,22.55,22.98,13812,3.09,"16-Sep-2026",565,"",""
"298","ARROWGREEN","EQ",848,952.75,827,907.45,906,838.55,311513,2800.59,"16-Sep-2026",14226,"",""
"299","ARSHIYA","BZ",0.79,0.79,0.76,0.77,0.77,0.78,82915,0.64,"16-Sep-2026",65,"",""
"300","ARSSBL","EQ",485.9,514.75,470.55,496.95,495.6,479.65,261121,1285.75,"16-Sep-2026",10994,"",""
"301","ARTEMISMED","EQ",330.55,333.7,306.6,325.25,323.2,330.55,533825,1712.6,"16-Sep-2026",23130,"",""
"302","ARTNIRMAN","EQ",40.99,40.99,39.12,39.97,40.69,39.78,917,0.37,"16-Sep-2026",29,"",""
"303","ARUNAYA","SM",14,14.3,14,14.3,14.3,14,4000,0.57,"16-Sep-2026",2,"",""
"304","ARVEE","EQ",172.8,173.45,162,168.27,172.98,168.6,3355,5.65,"16-Sep-2026",141,"",""
"305","ARVIND","EQ",553,561.9,532.6,548.05,549.85,550.6,980782,5412.04,"16-Sep-2026",46093,"",""
"306","ARVINDFASN","EQ",426,429.5,414.95,416.35,416.1,428.5,249848,1049.6,"16-Sep-2026",14812,"",""
"307","ARVINDPORT","SM",38.3,39.5,38.3,38.8,38.8,38.45,21000,8.2,"16-Sep-2026",12,"",""
"308","ARVSMART","EQ",564.15,564.2,546.05,549.2,549.05,564.15,106214,587.29,"16-Sep-2026",3986,"",""
"309","ARYAMAN","EQ",610,634,610,610,610,632,170,1.05,"16-Sep-2026",11,"",""
"310","ASAHIINDIA","EQ",953.95,957,920,951.8,955,958.8,147987,1391.74,"16-Sep-2026",10900,"",""
"311","ASAHISONG","BE",354,360,341.2,347.95,348,354.55,8191,28.7,"16-Sep-2026",187,"",""
"312","ASAL","EQ",447.85,450,431.05,444.55,443.25,447.85,13551,59.82,"16-Sep-2026",782,"",""
"313","ASALCBR","EQ",662,673.45,644.55,649.55,650.2,661.9,40568,264.73,"16-Sep-2026",3659,"",""
"314","ASHALOG","SM",58.05,60,58,59.95,59.95,63.85,5000,2.94,"16-Sep-2026",5,"",""
"315","ASHAPURMIN","EQ",515.05,523.75,505.9,515.7,518,518.4,340216,1753.86,"16-Sep-2026",12026,"",""
"316","ASHIANA","EQ",346.2,354.4,332.95,348.35,344.65,341.9,47881,162.46,"16-Sep-2026",1557,"",""
"317","ASHIKAG","BE",402.2,413.9,396,407.05,407.8,406.6,38477,155.53,"16-Sep-2026",208,"",""
"318","ASHIMASYN","EQ",16.52,17.19,16.1,16.29,16.25,16.78,28662,4.73,"16-Sep-2026",277,"",""
"319","ASHOKA","EQ",111.37,111.67,107.37,108.76,108.81,111.37,768105,836.65,"16-Sep-2026",8550,"",""
"320","ASHOKAMET","EQ",15.15,15.18,14.11,14.5,14.65,15.14,149476,21.54,"16-Sep-2026",887,"",""
"321","ASHOKLEY","EQ",157.4,158.21,154.75,156.5,156.5,156.65,10320454,16165.47,"16-Sep-2026",54686,"",""
"322","ASHUTOSH","ST",156.9,159,149.1,150.6,150.05,156.9,214800,323.4,"16-Sep-2026",154,"",""
"323","ASHWINI","SM",172,172,172,172,172,172,1000,1.72,"16-Sep-2026",1,"",""
"324","ASIANENE","EQ",482.85,510.25,457.75,494.1,490.1,485.25,736572,3573.34,"16-Sep-2026",31551,"",""
"325","ASIANHOTNR","EQ",385,399,363.05,388.55,385.85,385.45,33702,128.69,"16-Sep-2026",1626,"",""
"326","ASIANPAINT","EQ",2405.1,2444.5,2397.4,2416.6,2416.6,2402.8,591671,14375.39,"16-Sep-2026",41932,"",""
"327","ASIANTILES","EQ",50,50.17,48.45,49.93,49.99,50.03,994691,492.28,"16-Sep-2026",3702,"",""
"328","ASIANTNE","EQ",9.25,9.49,8.66,9.19,9.4,8.69,11228,1.03,"16-Sep-2026",86,"",""
"329","ASKAUTOLTD","EQ",607.65,625,596.5,617.9,616,604.7,209278,1281.16,"16-Sep-2026",16406,"",""
"330","ASMS","BE",6.81,7.07,6.81,6.86,6.89,6.82,234509,16.25,"16-Sep-2026",293,"",""
"331","ASPINWALL","EQ",252.05,259.9,241.55,250.3,250.3,250.85,2282,5.7,"16-Sep-2026",71,"",""
"332","ASPIRE","SM",12.45,13.45,12.45,12.45,12.45,13.1,26000,3.26,"16-Sep-2026",13,"",""
"333","ASSAMENT","EQ",785.65,785.65,785.65,785.65,785.65,826.95,1,0.01,"16-Sep-2026",1,"",""
"334","ASTAR","EQ",485,581.9,485,560.7,552,562.5,197,1.09,"16-Sep-2026",46,"",""
"335","ASTEC","EQ",673.6,673.6,640.55,661.95,668.9,673.7,34108,224.05,"16-Sep-2026",2711,"",""
"336","ASTERDM","EQ",741,746.8,729.05,741.2,742,741.25,982120,7263.47,"16-Sep-2026",52413,"",""
"337","ASTRAL","EQ",1376,1388.3,1357.6,1382.5,1382.5,1379.6,523897,7214.2,"16-Sep-2026",45245,"",""
"338","ASTRAMICRO","EQ",1601,1638.8,1537.1,1621.9,1623.4,1593.8,418082,6686.33,"16-Sep-2026",30033,"",""
"339","ASTRAZEN","EQ",6671,6898.5,6650.5,6703,6690,6695.5,17007,1146.38,"16-Sep-2026",4631,"",""
"340","ASTRON","BZ",3.04,3.07,2.9,2.94,3.03,2.99,71583,2.15,"16-Sep-2026",98,"",""
"341","ATALREAL","EQ",14.58,15.84,14.4,14.44,14.44,14.4,6944853,1029.03,"16-Sep-2026",7650,"",""
"342","ATAM","EQ",53.7,65,52.92,62.15,62.1,54.67,168740,101.31,"16-Sep-2026",2524,"",""
"343","ATCENERGY","ST",21,21,21,21,21,21.1,9600,2.02,"16-Sep-2026",4,"",""
"344","ATGL","EQ",581,597.25,580.25,586.5,588,580.15,838761,4939.43,"16-Sep-2026",31242,"",""
"345","ATHERENERG","EQ",1557.9,1574.8,1521.1,1567.5,1567.5,1568.5,3578038,55342.7,"16-Sep-2026",135248,"",""
"346","ATL","EQ",24.33,24.83,23.12,23.89,23.9,24.33,233170,55.45,"16-Sep-2026",1844,"",""
"347","ATLANTAA","EQ",36.36,36.79,35.01,36.46,36.1,36.74,27184,9.78,"16-Sep-2026",518,"",""
"348","ATLANTAELE","EQ",1680,1686.9,1623.9,1655,1661,1660,78831,1304.34,"16-Sep-2026",10225,"",""
"349","ATLASCYCLE","EQ",90.55,93.69,90.23,92.35,92.3,91.02,10762,9.9,"16-Sep-2026",241,"",""
"350","ATLPP","E1",8.85,9.89,8.71,9.5,9.5,8.81,1933,0.17,"16-Sep-2026",22,"",""
"351","ATMASTCO","SM",126.05,129.55,123.25,123.35,123.8,126.05,5200,6.5,"16-Sep-2026",11,"",""
"352","ATUL","EQ",6000,6140.5,5995,6076,6060,6081.5,17089,1037.35,"16-Sep-2026",5216,"",""
"353","ATULAUTO","EQ",443,443,427.2,436.4,438,438.45,63313,274.5,"16-Sep-2026",4262,"",""
"354","AUBANK","EQ",1030,1038.1,1015.1,1033.2,1033.2,1028,1013402,10449.45,"16-Sep-2026",45264,"",""
"355","AUGMONT","EQ",836.2,851.45,812.1,833.05,837,832.25,732796,6103.52,"16-Sep-2026",22820,"",""
"356","AURIONPRO","EQ",706,706,685,688,685.2,698.65,96488,667.61,"16-Sep-2026",7398,"",""
"357","AUROIMPEX","SM",30.65,30.65,30.65,30.65,30.65,29.2,4800,1.47,"16-Sep-2026",3,"",""
"358","AUROPHARMA","EQ",1657.1,1657.1,1623,1643,1643,1660,522849,8575.44,"16-Sep-2026",34589,"",""
"359","AURUM","EQ",220,221.78,215.4,219.81,219.07,221.36,89898,197.32,"16-Sep-2026",1468,"",""
"360","AURUS","EQ",4.93,4.99,4.72,4.83,4.85,4.85,24491,1.19,"16-Sep-2026",128,"",""
"361","AUSL","SM",23.05,23.05,23.05,23.05,23.05,24.25,4000,0.92,"16-Sep-2026",2,"",""
"362","AUSOMENT","EQ",154.5,155,144.15,149.9,155,151.73,5638,8.38,"16-Sep-2026",189,"",""
"363","AUSTENG","EQ",130,130,121.5,126.95,129.48,127.31,2381,3,"16-Sep-2026",92,"",""
"364","AUTOAXLES","EQ",1666,1686.3,1646,1659,1663.5,1661.6,2634,43.77,"16-Sep-2026",549,"",""
"365","AUTOBEES","EQ",279.06,280.35,275.98,279.35,279.57,278.31,210833,587.27,"16-Sep-2026",2372,"",""
"366","AUTOIETF","EQ",27.81,28.09,27.71,27.97,27.98,27.91,382894,106.9,"16-Sep-2026",1662,"",""
"367","AUTOIND","EQ",78.97,79,75.9,77.5,78.25,79.11,255516,197.97,"16-Sep-2026",2976,"",""
"368","AVADHSUGAR","EQ",740,740,709.1,726.2,721.2,732.7,99568,717.56,"16-Sep-2026",7041,"",""
"369","AVALON","EQ",2150,2260,1980,2216.1,2250,2160.7,935133,19618.45,"16-Sep-2026",108528,"",""
"370","AVANA","ST",144,147.7,138.5,138.5,138.5,144,14000,19.87,"16-Sep-2026",6,"",""
"371","AVANCE","EQ",0.8,0.82,0.79,0.79,0.8,0.81,4352430,34.78,"16-Sep-2026",1567,"",""
"372","AVANTEL","EQ",144.5,147.9,138.8,141.89,142.8,144.5,1229880,1746,"16-Sep-2026",19149,"",""
"373","AVANTIFEED","EQ",774.15,782.2,759.75,770.35,769.15,771.95,188352,1448.21,"16-Sep-2026",15790,"",""
"374","AVATAR","ST",229.9,229.9,229.9,229.9,229.9,242,6000,13.79,"16-Sep-2026",3,"",""
"375","AVG","BE",176.99,176.99,163.15,163.75,167.58,169.21,11620,19.69,"16-Sep-2026",115,"",""
"376","AVIANSH","SM",101,101.5,101,101.5,101.5,100.2,2000,2.03,"16-Sep-2026",2,"",""
"377","AVIENCE","SM",340.1,345.95,325,337.45,338,349.6,37200,124.64,"16-Sep-2026",61,"",""
"378","AVL","EQ",603.1,625.65,602.15,620.6,621.5,611.2,133409,820.51,"16-Sep-2026",9691,"",""
"379","AVONMORE","EQ",13.61,13.83,12.9,13.06,13,13.79,280829,37.36,"16-Sep-2026",1173,"",""
"380","AVPINFRA","SM",58.5,58.5,56.5,56.9,56.6,58.4,41600,23.8,"16-Sep-2026",41,"",""
"381","AVROIND","EQ",7.5,8.04,7.47,7.92,7.77,7.66,207019,16.23,"16-Sep-2026",530,"",""
"382","AVTNPL","EQ",86.24,88,84.42,85.72,87.45,86.24,126738,109.03,"16-Sep-2026",2378,"",""
"383","AWFIS","EQ",275.15,275.9,264.2,271.1,269.9,275.15,621355,1676.95,"16-Sep-2026",18051,"",""
"384","AWHCL","EQ",354.1,355.25,337.55,345.5,340.35,354.1,191949,660.48,"16-Sep-2026",9245,"",""
"385","AWL","EQ",183.15,183.76,180.47,181.94,181.15,183.14,844193,1538.74,"16-Sep-2026",23993,"",""
"386","AXISBANK","EQ",1230,1252.5,1223.7,1241,1241,1222.9,5799541,72119.91,"16-Sep-2026",180816,"",""
"387","AXISCADES","EQ",1727,1736.9,1641.1,1684.5,1690,1717.7,158521,2661.71,"16-Sep-2026",16128,"",""
"388","AXITA","EQ",8.04,8.12,7.97,7.99,8,8,495132,39.64,"16-Sep-2026",726,"",""
"389","AXTEL","EQ",416.5,441.05,416.5,435.1,435.1,429.65,4299,18.67,"16-Sep-2026",177,"",""
"390","AYE","EQ",179.91,182.64,176.3,180.12,179.25,177.25,728043,1309.54,"16-Sep-2026",18608,"",""
"391","AYMSYNTEX","EQ",272,295.5,261.25,270.8,270.5,269.1,318398,870.13,"16-Sep-2026",9981,"",""
"392","AZAD","EQ",2719,2719,2555,2581.7,2585.5,2704.9,683850,17760.11,"16-Sep-2026",62877,"",""
"393","AZADIND","EQ",84.95,89.86,82.45,84.36,84.01,84.11,28956,24.43,"16-Sep-2026",438,"",""
"394","BABAFP","SM",20.9,24.8,20.9,24.15,24.3,20.7,24000,5.6,"16-Sep-2026",12,"",""
"395","BAFNAPH","BE",308.1,309,308.1,309,309,307.3,6535,20.15,"16-Sep-2026",53,"",""
"396","BAGFILMS","EQ",4.44,4.44,4.3,4.36,4.36,4.35,30908,1.34,"16-Sep-2026",95,"",""
"397","BAGMANE","RR",110.28,110.88,108.15,109.9,109.8,109.89,1975285,2169.47,"16-Sep-2026",14408,"",""
"398","BAHETI","SM",776,800,741,744.5,758,780.75,43125,327.02,"16-Sep-2026",105,"",""
"399","BAIDFIN","EQ",10.08,10.44,9.9,10.35,10.38,10.08,55486,5.67,"16-Sep-2026",554,"",""
"400","BAJAJ-AUTO","EQ",11425,11596,11379,11593,11593,11424,305528,35102.83,"16-Sep-2026",45105,"",""
"401","BAJAJCON","EQ",499.55,507.2,493.05,498.05,498,503.8,490370,2451.06,"16-Sep-2026",19571,"",""
"402","BAJAJELEC","EQ",328.3,328.35,319.05,322.55,322.25,328.4,93301,301.56,"16-Sep-2026",4405,"",""
"403","BAJAJFINSV","EQ",1864,1874.8,1832.9,1837,1837,1855.5,613789,11343.95,"16-Sep-2026",41587,"",""
"404","BAJAJHCARE","EQ",324,324,313.05,321.1,321.05,320.9,95502,304.92,"16-Sep-2026",8238,"",""
"405","BAJAJHFL","EQ",83.78,83.78,82.4,82.96,83,84,2504935,2078.82,"16-Sep-2026",24697,"",""
"406","BAJAJHIND","EQ",19.86,19.95,19.27,19.81,19.94,19.71,16263903,3192.22,"16-Sep-2026",19397,"",""
"407","BAJAJHLDNG","EQ",11011,11090,10925,10930,10930,11100,25570,2811.02,"16-Sep-2026",6487,"",""
"408","BAJAJINDEF","EQ",220.78,220.78,214.01,215.36,216.78,220.69,13163,28.42,"16-Sep-2026",496,"",""
"409","BAJAJST","EQ",360,365.6,345.05,351.65,362.5,365.3,10917,39.21,"16-Sep-2026",684,"",""
"410","BAJEL","EQ",171.94,171.94,165,169.16,168.8,168.87,121724,204.56,"16-Sep-2026",2812,"",""
"411","BAJFINANCE","EQ",1010.5,1019.3,1006.2,1006.2,1006.2,1009.2,4190272,42413.14,"16-Sep-2026",102822,"",""
"412","BALAJEE","EQ",24.52,25.4,24.24,24.43,24.4,24.96,24774,6.09,"16-Sep-2026",350,"",""
"413","BALAJIPHOS","SM",113,113,113,113,113,113,1000,1.13,"16-Sep-2026",1,"",""
"414","BALAJITELE","EQ",95.48,96.42,91.8,92.1,92,95.48,211758,196.9,"16-Sep-2026",2495,"",""
"415","BALAMINES","EQ",2128.3,2172,2081,2149.8,2151,2105.7,165267,3526.99,"16-Sep-2026",23991,"",""
"416","BALAXI","EQ",23.01,24.33,22.5,23.33,23.29,23.12,19590,4.57,"16-Sep-2026",131,"",""
"417","BALCO","SM",20.9,20.9,20.9,20.9,20.9,19.95,4800,1,"16-Sep-2026",4,"",""
"418","BALKRISHNA","EQ",16.89,17.14,16.1,16.53,16.32,16.73,6336,1.05,"16-Sep-2026",96,"",""
"419","BALKRISIND","EQ",2124.5,2140,2100.1,2124.9,2110.5,2129,151993,3224.16,"16-Sep-2026",19680,"",""
"420","BALMLAWRIE","EQ",162.67,163.81,160.7,162.1,162.6,164.24,158413,256.4,"16-Sep-2026",3203,"",""
"421","BALPHARMA","EQ",107.88,110,96.51,101.33,102.02,107.44,125428,126.71,"16-Sep-2026",1414,"",""
"422","BALRAMCHIN","EQ",674.9,685,657.3,682.6,684,677.1,936692,6300.41,"16-Sep-2026",24944,"",""
"423","BALUFORGE","EQ",496,500,470,483.25,481.55,498.2,1000368,4827.42,"16-Sep-2026",26970,"",""
"424","BANARBEADS","EQ",112,113.4,108,109.65,110,110.92,1067,1.17,"16-Sep-2026",109,"",""
"425","BANARISUG","EQ",3401,3405,3196.5,3267.2,3261,3411.1,3218,104.94,"16-Sep-2026",732,"",""
"426","BANCOINDIA","EQ",588.4,598.95,578.05,593.15,594.3,587.65,144353,850.91,"16-Sep-2026",11775,"",""
"427","BANDHANBNK","EQ",173.24,173.62,169.33,172.5,172.5,172.45,8261916,14202.09,"16-Sep-2026",37358,"",""
"428","BANG","EQ",33.65,33.66,32.01,32.45,32.41,32.29,13063,4.27,"16-Sep-2026",190,"",""
"429","BANK10ADD","EQ",16.47,16.6,16.46,16.46,16.46,16.45,80293,13.29,"16-Sep-2026",84,"",""
"430","BANK10BETF","EQ",20.26,20.55,20.26,20.4,20.41,19.81,1871,0.38,"16-Sep-2026",36,"",""
"431","BANKA","EQ",77.86,79.8,77.7,77.83,77.7,77.86,285,0.22,"16-Sep-2026",12,"",""
"432","BANKADD","EQ",57.51,57.75,57.29,57.52,57.49,57.51,98870,56.85,"16-Sep-2026",132,"",""
"433","BANKBARODA","EQ",233.25,235.29,232.33,234.98,234.98,232.7,5789637,13556.35,"16-Sep-2026",53633,"",""
"434","BANKBEES","EQ",583.84,584.34,578.84,582.68,583,579.33,324940,1890.48,"16-Sep-2026",5784,"",""
"435","BANKBETA","EQ",57.49,58.53,57.49,58.14,58.1,58.08,84054,48.86,"16-Sep-2026",315,"",""
"436","BANKBETF","EQ",57.17,57.43,56.78,57.1,57.01,57.02,58830,33.6,"16-Sep-2026",271,"",""
"437","BANKETF","EQ",573.7,575.11,570,573.59,572.91,571.28,7305,41.8,"16-Sep-2026",873,"",""
"438","BANKIETF","EQ",58.65,58.65,57.43,57.75,57.84,57.5,491834,284.04,"16-Sep-2026",1155,"",""
"439","BANKINDIA","EQ",138,139.35,136.85,137.81,137.81,137.61,5030108,6956.09,"16-Sep-2026",32978,"",""
"440","BANKNIFTY1","EQ",58.16,58.61,58.05,58.32,58.44,58.06,282711,165.05,"16-Sep-2026",598,"",""
"441","BANKPSU","EQ",80.91,83.65,80.91,83.22,83.47,82.56,4267,3.55,"16-Sep-2026",62,"",""
"442","BANSALWIRE","EQ",302.05,308.95,292.55,307.15,304.85,303.7,96192,290.52,"16-Sep-2026",6457,"",""
"443","BANSWRAS","EQ",110.03,113.93,107.56,109.34,108.85,110.03,16707,18.33,"16-Sep-2026",568,"",""
"444","BARFLEX","SM",59.5,62.5,58.5,60,60,60.7,16000,9.65,"16-Sep-2026",8,"",""
"445","BASF","EQ",3549.9,3585.9,3485,3558.4,3575.7,3539.4,15289,542.62,"16-Sep-2026",4550,"",""
"446","BASILIC","SM",184,184,165.5,179,179,187.45,165000,291.24,"16-Sep-2026",127,"",""
"447","BASML","BE",23.75,23.9,23.01,23.42,23.5,23.51,56936,13.33,"16-Sep-2026",92,"",""
"448","BATAINDIA","EQ",640,640,626.3,630.65,633.45,640.15,159770,1008.38,"16-Sep-2026",8597,"",""
"449","BATLIBOI","EQ",84.05,84.06,81,82.1,81.81,83.95,38877,31.99,"16-Sep-2026",652,"",""
"450","BAWEJA","SM",23,23,22.05,23,23,23,5600,1.28,"16-Sep-2026",4,"",""
"451","BAYERCROP","EQ",3949,3965.4,3885.3,3938.6,3937,3941.1,13378,525.13,"16-Sep-2026",3762,"",""
"452","BBETF0432","EQ",1338.5,1340.85,1334,1335.29,1338.99,1340.38,374,4.99,"16-Sep-2026",18,"",""
"453","BBL","EQ",2181,2231.3,2131.5,2178.2,2155,2180.1,22867,499.05,"16-Sep-2026",3394,"",""
"454","BBNPNBETF","EQ",56.34,57.6,56.34,56.63,56.63,56.44,1205,0.68,"16-Sep-2026",10,"",""
"455","BBNPPGOLD","EQ",144.8,147.4,144.8,146.4,146.15,144.8,7036,10.28,"16-Sep-2026",78,"",""
"456","BBOX","EQ",758,768.6,727.25,763.25,767,745.8,526729,3953.36,"16-Sep-2026",33484,"",""
"457","BBTC","EQ",1423.9,1428,1393,1416.7,1420,1416.4,36098,509.76,"16-Sep-2026",4355,"",""
"458","BBTCL","EQ",226.9,229.9,223,224,224,224.92,1138,2.56,"16-Sep-2026",76,"",""
"459","BCG","EQ",9.88,9.91,9.63,9.78,9.85,9.85,5047851,491.66,"16-Sep-2026",4193,"",""
"460","BCLIND","EQ",32.95,34.04,32.11,32.98,33.65,32.95,758362,251.4,"16-Sep-2026",5669,"",""
"461","BCONCEPTS","EQ",158,158,148,150.68,150.57,154.24,8925,13.43,"16-Sep-2026",446,"",""
"462","BCPL","EQ",68.57,68.65,66.55,67.33,68,68.27,3186,2.15,"16-Sep-2026",182,"",""
"463","BDL","EQ",1131.4,1138.9,1095,1136,1136,1135,1708626,19121.76,"16-Sep-2026",46805,"",""
"464","BEACON","SM",80.5,80.5,78,78,78,80.5,3000,2.38,"16-Sep-2026",3,"",""
"465","BEARDSELL","EQ",24.12,25.58,23.57,24.06,24.89,24.27,25008,6.14,"16-Sep-2026",214,"",""
"466","BECTORFOOD","EQ",226,226.16,214.21,220.16,220.4,223.4,2203845,4797.03,"16-Sep-2026",34418,"",""
"467","BEDMUTHA","EQ",104,104,98.2,102.28,102.5,104.42,16552,16.59,"16-Sep-2026",205,"",""
"468","BEEKAY","EQ",437,443.45,417.15,431.8,427,435.15,2215,9.43,"16-Sep-2026",261,"",""
"469","BEL","EQ",384.05,390.2,382.1,385.75,385.75,382.9,10138395,39236.39,"16-Sep-2026",115448,"",""
"470","BELLACASA","EQ",248,252.5,240,250.48,252,252.67,14860,36.57,"16-Sep-2026",979,"",""
"471","BELRISE","EQ",226.8,229.75,222.75,229.35,229.4,226.66,2897775,6576.63,"16-Sep-2026",43369,"",""
"472","BEML","EQ",1935.5,2007.8,1861.5,1991.9,1995,1939.3,422730,8195.45,"16-Sep-2026",42511,"",""
"473","BENARAS","EQ",11390,11395,10541,10789,10800,11001,284,31.04,"16-Sep-2026",70,"",""
"474","BENGALASM","EQ",6309,6337.5,6201,6319,6311,6286.5,302,19.09,"16-Sep-2026",147,"",""
"475","BEPL","EQ",122.98,126.08,118.32,124.92,124.79,120.69,1288886,1579.19,"16-Sep-2026",15177,"",""
"476","BERGEPAINT","EQ",449.1,450.7,444.15,448.15,449.9,447.1,163379,732.55,"16-Sep-2026",15082,"",""
"477","BESTAGRO","EQ",18.12,18.87,17.73,18.44,18.3,18.39,601821,109.59,"16-Sep-2026",2874,"",""
"478","BETA","EQ",2082.2,2094.7,2002.6,2064.9,2059.1,2105.2,13984,286.74,"16-Sep-2026",2329,"",""
"479","BEWLTD","SM",48.15,48.7,47.9,48.1,48.35,48.15,12500,6.02,"16-Sep-2026",21,"",""
"480","BFINVEST","EQ",431,439.8,425.55,432.05,433.5,435.5,14710,63.56,"16-Sep-2026",1292,"",""
"481","BFSI","EQ",25.52,26.34,25.52,26.27,26.32,26.18,149842,39.28,"16-Sep-2026",604,"",""
"482","BFUTILITIE","EQ",522.3,534.55,512,520.35,517,528.2,31854,165.82,"16-Sep-2026",1797,"",""
"483","BGRENERGY","BE",222,232,218,231.86,232,221.15,49930,112.47,"16-Sep-2026",603,"",""
"484","BHADORA","ST",125.55,125.55,119.45,123.8,123.8,125.7,18000,21.98,"16-Sep-2026",15,"",""
"485","BHAGCHEM","EQ",251,251.5,242,244.25,247.3,250,89444,219.45,"16-Sep-2026",1633,"",""
"486","BHAGERIA","BE",306.9,311,291.5,303.7,300,306.5,86277,258.89,"16-Sep-2026",849,"",""
"487","BHAGYANGR","EQ",405,425.25,387,425.25,425.25,405,328669,1364.62,"16-Sep-2026",8731,"",""
"488","BHANDARI","EQ",3,3,2.98,2.98,2.99,3,150895,4.51,"16-Sep-2026",153,"",""
"489","BHARATCOAL","EQ",32.4,32.59,31.81,32.23,32.29,32.4,3804118,1226.12,"16-Sep-2026",17327,"",""
"490","BHARATFORG","EQ",1879,1897.6,1850.4,1885,1885,1877.2,638432,11986.97,"16-Sep-2026",46960,"",""
"491","BHARATGEAR","BE",100.22,101.9,99.26,99.55,99.26,100.29,14060,14.05,"16-Sep-2026",170,"",""
"492","BHARATRAS","EQ",1139.4,1179.9,1101,1157.4,1158,1128.9,16438,186.79,"16-Sep-2026",2306,"",""
"493","BHARATSE","EQ",208.41,208.9,198.36,205.26,207,208.62,108419,220.46,"16-Sep-2026",5980,"",""
"494","BHARATWIRE","EQ",166.55,171.09,163.62,167.69,167.05,168.08,118340,197.85,"16-Sep-2026",4019,"",""
"495","BHARTIARTL","EQ",1835.8,1838,1818.6,1835,1835,1830.4,2925053,53590.01,"16-Sep-2026",105273,"",""
"496","BHARTIHEXA","EQ",1500,1505,1472.6,1479.3,1486,1505.5,52156,772.52,"16-Sep-2026",11059,"",""
"497","BHEL","EQ",415.45,417.4,406,410.6,410.6,412.85,7088021,29189.69,"16-Sep-2026",79331,"",""
"498","BI","BE",99,102.43,92.69,97.62,98.99,97.56,40895,40.13,"16-Sep-2026",241,"",""
"499","BIGBLOC","EQ",39.14,40,38,39.51,39.4,39.14,45536,17.83,"16-Sep-2026",574,"",""
"500","BIKAJI","EQ",545.25,547.7,532.75,540.95,540.5,541.6,69639,376.63,"16-Sep-2026",6085,"",""
"501","BIKEWO","ST",110.4,110.4,105,108.5,108.5,105.2,76000,82.22,"16-Sep-2026",37,"",""
"502","BIL","EQ",1029,1081.75,995,1036.25,1050,1027.55,12435,128.6,"16-Sep-2026",1389,"",""
"503","BILVYAPAR","BE",4,4.16,4,4.16,4.16,4.13,5760,0.24,"16-Sep-2026",23,"",""
"504","BIMETAL","EQ",620.05,659.65,605,638.65,636.75,640,819,5.2,"16-Sep-2026",114,"",""
"505","BIOCON","EQ",381,383.5,373.5,374.4,374.4,382,1763053,6659.29,"16-Sep-2026",34020,"",""
"506","BIOFILCHEM","EQ",33,33.71,33,33.13,33.1,33.65,11768,3.91,"16-Sep-2026",119,"",""
"507","BIOPOL","SM",47.75,48.15,45.7,48.15,48.15,45.9,51600,24.48,"16-Sep-2026",37,"",""
"508","BIRET","RR",335.88,341.5,335.21,340.28,340.9,336.47,563994,1913.39,"16-Sep-2026",12252,"",""
"509","BIRLACABLE","EQ",380.05,395,359.1,382.55,385,377.95,734776,2753.72,"16-Sep-2026",11755,"",""
"510","BIRLACORPN","EQ",816.1,818.3,789.9,803.9,800.2,810.25,86521,691.66,"16-Sep-2026",9294,"",""
"511","BIRLAMONEY","EQ",119.89,120.25,115.62,117.93,117.22,118.22,29866,35.23,"16-Sep-2026",935,"",""
"512","BIRLANU","EQ",1395.5,1407.3,1345,1387.1,1399,1395.5,11149,152.92,"16-Sep-2026",1466,"",""
"513","BIRLAPREC","BE",55.45,59.35,55.45,58.47,57.25,58.36,126575,71.52,"16-Sep-2026",690,"",""
"514","BLACKBUCK","EQ",612.05,624.1,594.75,619.05,619,611.9,892263,5460.96,"16-Sep-2026",43784,"",""
"515","BLACKROSE","BE",105.75,109.9,103.55,106.56,107.9,105.75,8591,9.1,"16-Sep-2026",122,"",""
"516","BLAL","EQ",160.5,163,159.21,161.99,162.8,161.01,12181,19.58,"16-Sep-2026",801,"",""
"517","BLBLIMITED","EQ",16.1,16.49,15.26,16.13,16.2,16.1,218177,34.45,"16-Sep-2026",699,"",""
"518","BLEL","EQ",435,436.7,415,428.4,428,439.65,591112,2508.38,"16-Sep-2026",17485,"",""
"519","BLIL","EQ",67.1,67.95,67.1,67.33,67.33,67.13,49188,33.13,"16-Sep-2026",1039,"",""
"520","BLISSGVS","BE",676.4,685.3,650.75,680.5,682.9,684.95,412619,2723.27,"16-Sep-2026",3395,"",""
"521","BLKASHYAP","EQ",51.6,51.79,49.89,51.33,51.25,51.5,373401,190.17,"16-Sep-2026",2295,"",""
"522","BLS","EQ",230,231.93,221.34,226.74,227.3,228.51,913859,2062.11,"16-Sep-2026",20341,"",""
"523","BLSE","EQ",306.1,315,300,313.55,312.5,310.1,420165,1301.11,"16-Sep-2026",11199,"",""
"524","BLUECLOUDS","EQ",19.24,19.74,18.85,19.59,19.7,19.19,1424515,276.73,"16-Sep-2026",3661,"",""
"525","BLUECOAST","EQ",21.21,21.21,21.09,21.09,21.09,21.09,829,0.18,"16-Sep-2026",7,"",""
"526","BLUEDART","EQ",4808.5,4868.9,4740.9,4850.5,4866,4843.5,10147,488.34,"16-Sep-2026",3167,"",""
"527","BLUEJET","EQ",553,575,543.75,565.05,563,550.65,1113127,6286.5,"16-Sep-2026",44612,"",""
"528","BLUEPEBBLE","SM",76,76.5,74.1,76.5,76.5,79.5,1200,0.91,"16-Sep-2026",3,"",""
"529","BLUESTARCO","EQ",1483.3,1515,1472,1504,1504,1483,525657,7890.79,"16-Sep-2026",35240,"",""
"530","BLUESTONE","EQ",838,863.8,798.2,856,858.05,828.55,806703,6719.79,"16-Sep-2026",37544,"",""
"531","BLUEWATER","ST",482.75,482.75,437,452,452,460,12000,53.83,"16-Sep-2026",11,"",""
"532","BLUSPRING","EQ",125,128.46,112.75,124.46,125.99,125.27,576465,698.87,"16-Sep-2026",4395,"",""
"533","BMWVENTLTD","EQ",51.21,59,50.7,51.8,51,51.61,652482,345.44,"16-Sep-2026",4244,"",""
"534","BNAGROCHEM","EQ",199.9,205,199.9,202.34,205,200.08,659,1.33,"16-Sep-2026",19,"",""
"535","BNALTD","BE",381.65,381.65,370,370,370,381.65,29,0.11,"16-Sep-2026",3,"",""
"536","BNKETFAXIS","EQ",577.46,582.47,576.74,579.81,578.72,577.46,558,3.24,"16-Sep-2026",33,"",""
"537","BODALCHEM","EQ",176.7,178.76,167.83,173.46,172.15,176.66,1821210,3118.01,"16-Sep-2026",13320,"",""
"538","BOHRAIND","EQ",13.79,13.79,13.5,13.5,13.5,13.71,640,0.09,"16-Sep-2026",17,"",""
"539","BOMDYEING","EQ",107.99,108.1,105.01,107.16,107.06,107.58,514540,550.23,"16-Sep-2026",6129,"",""
"540","BONLON","EQ",39.02,39.41,37.76,38.81,38.6,38.56,3542,1.38,"16-Sep-2026",69,"",""
"541","BORANA","EQ",303.5,309.35,298,303.05,301.55,303.5,38658,117.07,"16-Sep-2026",1023,"",""
"542","BOROLTD","EQ",248.33,250,240.64,246.76,245.75,248.33,131207,322.42,"16-Sep-2026",2597,"",""
"543","BORORENEW","EQ",460.7,461.85,443,446,452,461.3,710811,3189.9,"16-Sep-2026",43020,"",""
"544","BOROSCI","EQ",121.9,122.9,115.54,118.52,117.6,120.02,58547,69.29,"16-Sep-2026",1197,"",""
"545","BOSCH-HCIL","EQ",1667.4,1690,1631.6,1674.2,1689,1667.4,20673,343.88,"16-Sep-2026",2709,"",""
"546","BOSCHLTD","EQ",47100,48325,46850,47555,47555,47070,34806,16597.98,"16-Sep-2026",19545,"",""
"547","BOSS","SM",59.9,60,59.85,59.85,59.85,59.7,8000,4.79,"16-Sep-2026",4,"",""
"548","BPCL","EQ",301,304,298.1,303.35,303.35,298.65,4428358,13338.38,"16-Sep-2026",70482,"",""
"549","BPL","EQ",47.6,47.6,45.36,46.73,47,46.58,41913,19.41,"16-Sep-2026",695,"",""
"550","BPLPHARMA","EQ",1570,1570,1500,1509.8,1510,1543.4,515,7.83,"16-Sep-2026",86,"",""
"551","BRACEPORT","SM",50,53.9,50,53.9,53.9,53.85,3200,1.66,"16-Sep-2026",2,"",""
"552","BRAHMINFRA","EQ",158.44,158.44,142.1,155.58,156,151.6,5582,8.59,"16-Sep-2026",273,"",""
"553","BRANDMAN","SM",155,163.9,155,163.9,163.9,161.85,4800,7.68,"16-Sep-2026",6,"",""
"554","BRIGADE","EQ",612,630.15,598.6,626.85,628,612.25,264994,1635.89,"16-Sep-2026",15949,"",""
"555","BRIGHOTEL","EQ",56.31,56.9,55.75,55.85,55.85,56.14,101442,56.76,"16-Sep-2026",1772,"",""
"556","BRIGHTBR","EQ",245.05,252,232.25,252,252,248.5,585,1.47,"16-Sep-2026",26,"",""
"557","BRITANNIA","EQ",4947.5,5036.5,4933,4999.5,4999.5,4947.5,250873,12548.03,"16-Sep-2026",33293,"",""
"558","BRNL","EQ",16.59,16.95,16.05,16.24,16.24,16.31,29812,4.86,"16-Sep-2026",291,"",""
"559","BROOKS","EQ",64.49,64.7,59.13,61.02,61.31,63.09,51525,31.27,"16-Sep-2026",736,"",""
"560","BSE","EQ",3310,3317,3225,3240,3240,3310,2894042,94211.78,"16-Sep-2026",148107,"",""
"561","BSE500IETF","EQ",38.03,38.43,37.26,38.2,38.28,38.03,84303,32.14,"16-Sep-2026",1071,"",""
"562","BSHSL","EQ",85,88,84.46,84.78,85,85.42,11809,10.13,"16-Sep-2026",150,"",""
"563","BSL","EQ",119.89,119.89,117.81,117.97,117.91,119.35,1724,2.04,"16-Sep-2026",54,"",""
"564","BSLGOLDETF","EQ",132.2,133.15,132.2,132.9,132.73,131.88,312123,414.61,"16-Sep-2026",1002,"",""
"565","BSLNIFTY","EQ",27.5,28.01,27.02,27.47,27.72,27.33,964485,264.58,"16-Sep-2026",3819,"",""
"566","BSLSENETFG","EQ",74.46,76,74.46,75.9,76,75.22,3679,2.75,"16-Sep-2026",75,"",""
"567","BSOFT","EQ",286.2,287.8,279.3,281.25,281.45,286.45,1260023,3567.34,"16-Sep-2026",25603,"",""
"568","BTML","EQ",7.89,7.89,7.43,7.57,7.55,7.62,106229,8.05,"16-Sep-2026",255,"",""
"569","BTTL","BE",40.65,41.9,40.65,41.89,41.89,40.78,3263,1.34,"16-Sep-2026",22,"",""
"570","BUILDPRO","EQ",1289.9,1309.4,1252.7,1271,1273.8,1283,43132,548.38,"16-Sep-2026",4214,"",""
"571","BULKCORP","ST",85,85,85,85,85,83.2,1200,1.02,"16-Sep-2026",1,"",""
"572","BURNPUR","BE",15.2,16.67,15.09,16.67,16.67,15.88,75037,11.99,"16-Sep-2026",287,"",""
"573","BUTTERFLY","EQ",584,590,566,576.85,578,580.25,14048,81.04,"16-Sep-2026",955,"",""
"574","BVCL","EQ",41.44,41.54,40,40.71,40.38,40.8,13663,5.57,"16-Sep-2026",179,"",""
"575","BYKE","BE",30.55,30.8,29.7,29.77,29.8,30.17,31180,9.37,"16-Sep-2026",103,"",""
"576","C2C","SM",209.7,214,197,212.2,210.45,207.9,99600,203.31,"16-Sep-2026",417,"",""
"577","CADSYS","SM",46,46.2,46,46.05,46.2,44.1,1500,0.69,"16-Sep-2026",2,"",""
"578","CALSOFT","BE",36.6,37.4,35.97,35.97,35.97,37.86,64879,23.47,"16-Sep-2026",312,"",""
"579","CAMLINFINE","EQ",100,100.99,97.1,98.12,98,99.21,379806,374.98,"16-Sep-2026",5207,"",""
"580","CAMPUS","EQ",212,214.3,208.69,211.47,214,212.9,442078,932.71,"16-Sep-2026",6457,"",""
"581","CAMS","EQ",713,718.25,700.15,705.7,705.7,717.35,848314,5995.3,"16-Sep-2026",39485,"",""
"582","CANARYS","SM",23,23.4,22.65,23.15,23.15,23.5,32000,7.36,"16-Sep-2026",8,"",""
"583","CANBK","EQ",122.8,123.7,121.81,123.2,123.2,122.37,13945737,17144.83,"16-Sep-2026",65877,"",""
"584","CANFINHOME","EQ",790,791.95,769,771.95,770,784.8,289578,2257.26,"16-Sep-2026",14841,"",""
"585","CANHLIFE","EQ",150.2,154.54,147.27,153.92,154,151.78,545308,828.79,"16-Sep-2026",10246,"",""
"586","CANTABIL","EQ",240.6,243.2,237.02,238.95,240,240.3,227852,547.54,"16-Sep-2026",3380,"",""
"587","CAPACITE","EQ",190.37,191.44,185.25,186.88,187,189.57,290665,546.95,"16-Sep-2026",6983,"",""
"588","CAPILLARY","EQ",476.9,476.9,449.6,452.05,451,472.2,514440,2407.35,"16-Sep-2026",6491,"",""
"589","CAPINVIT","IV",77.15,77.15,76.8,76.88,76.85,76.87,164675,126.73,"16-Sep-2026",1456,"",""
"590","CAPITALSFB","EQ",270,275,269.05,273.25,272,269.7,6767,18.39,"16-Sep-2026",376,"",""
"591","CAPLIPOINT","EQ",2581,2606.7,2490.5,2583,2571,2570.6,212393,5428.99,"16-Sep-2026",23750,"",""
"592","CAPTRUST","BE",17.89,18.39,17.55,17.6,17.6,17.9,28068,5.02,"16-Sep-2026",41,"",""
"593","CARBORUNIV","EQ",1031.8,1055.5,1018.1,1051.6,1054.8,1031.8,96977,1010.39,"16-Sep-2026",12685,"",""
"594","CARERATING","EQ",1630.5,1659,1602.8,1652.5,1651,1635.7,28271,462.02,"16-Sep-2026",4887,"",""
"595","CARRARO","EQ",521,521,506.1,508.85,509.7,521,65060,332.14,"16-Sep-2026",4067,"",""
"596","CARTRADE","EQ",3037,3064.9,2856.7,2885.3,2907,3017.1,416850,12126.39,"16-Sep-2026",53959,"",""
"597","CARYSIL","EQ",1122,1131.6,1091.3,1118.4,1115.1,1126.8,74682,830.69,"16-Sep-2026",6583,"",""
"598","CASHIETF","EQ",1079.7,1079.7,1079.68,1079.68,1079.68,1079.56,105529,1139.39,"16-Sep-2026",135,"",""
"599","CASTROLIND","EQ",187.51,189.45,187.05,188.84,188.65,187.82,1359799,2562.73,"16-Sep-2026",31280,"",""
"600","CBAZAAR","SM",4.6,4.7,4.35,4.6,4.7,4.5,96000,4.37,"16-Sep-2026",12,"",""
"601","CCAVENUE","EQ",15.95,15.95,15.25,15.32,15.34,15.69,10593710,1640.17,"16-Sep-2026",14518,"",""
"602","CCCL","EQ",13.6,14.18,13.52,13.61,13.67,13.99,170456,23.26,"16-Sep-2026",477,"",""
"603","CCHHL","EQ",12.18,12.9,12.18,12.5,12.5,12.18,10753,1.36,"16-Sep-2026",172,"",""
"604","CCL","EQ",1056.2,1080.7,1043.6,1065.5,1064.6,1060.9,103629,1105.65,"16-Sep-2026",15434,"",""
"605","CDSL","EQ",1311,1319.9,1284,1299,1299,1311,1055453,13677.85,"16-Sep-2026",46466,"",""
"606","CEATLTD","EQ",3286,3324,3241.3,3305.6,3300,3282.5,48579,1598.38,"16-Sep-2026",9507,"",""
"607","CEDAAR","ST",12,12,11.4,11.4,11.4,12,34000,3.98,"16-Sep-2026",26,"",""
"608","CEIGALL","EQ",380,393.8,372,386.8,385.3,382.25,393782,1514.87,"16-Sep-2026",10050,"",""
"609","CEINSYS","EQ",674.95,686.75,665,673.05,669.9,676.6,58089,390.62,"16-Sep-2026",3939,"",""
"610","CELEBRITY","EQ",6.9,6.9,6.68,6.73,6.82,6.7,10862,0.74,"16-Sep-2026",55,"",""
"611","CELLECOR","SM",31,31,30.05,30.45,30.45,30.65,81000,24.61,"16-Sep-2026",18,"",""
"612","CELLO","EQ",328,329.95,319.45,323.4,325.15,327.55,212024,685.44,"16-Sep-2026",8705,"",""
"613","CELLPOINT","SM",15,15,14.45,14.45,14.45,15.5,4800,0.7,"16-Sep-2026",4,"",""
"614","CEMNTGROWW","EQ",14,14.08,13.73,13.85,13.91,13.95,171688,23.88,"16-Sep-2026",548,"",""
"615","CEMPRO","EQ",1218.3,1267.4,1209.1,1235.1,1231,1207.1,553547,6889.13,"16-Sep-2026",37969,"",""
"616","CENTENKA","EQ",553.15,565,535.8,561.45,557.85,550.4,51388,282.39,"16-Sep-2026",3344,"",""
"617","CENTEXT","EQ",19.81,20.1,18.67,19.49,19.31,19.98,633227,121.37,"16-Sep-2026",1538,"",""
"618","CENTRALBK","EQ",30.5,30.67,30.19,30.39,30.44,30.46,6327271,1927.33,"16-Sep-2026",24324,"",""
"619","CENTRUM","EQ",21.85,21.99,20.92,21.52,21.74,21.65,150400,32.22,"16-Sep-2026",529,"",""
"620","CENTUM","EQ",4049.5,4313.4,3900.2,4276.1,4261,4010.6,90062,3751.42,"16-Sep-2026",20933,"",""
"621","CENTURYPLY","EQ",713.5,727.9,689.1,719.9,719.15,711.05,144990,1022.09,"16-Sep-2026",10256,"",""
"622","CERA","EQ",5590.5,5708.5,5512,5646,5600,5572,9354,528.12,"16-Sep-2026",3181,"",""
"623","CESC","EQ",142,143,140.7,141.67,141.9,141.7,1662713,2355.08,"16-Sep-2026",29890,"",""
"624","CEWATER","EQ",278,278,256.4,259.35,259,276.15,95434,249.88,"16-Sep-2026",3365,"",""
"625","CFEL","EQ",47,47.49,43.15,46,46.52,47.41,66304,29.94,"16-Sep-2026",466,"",""
"626","CGCL","EQ",255,267.25,248.65,256.65,258.5,255.1,7620738,19741.88,"16-Sep-2026",77874,"",""
"627","CGPOWER","EQ",858,864.2,838.55,851.55,851.55,858,1882336,16064,"16-Sep-2026",58097,"",""
"628","CGRAPHICS","SM",136.1,141,136,138.65,138.65,138.35,19200,26.58,"16-Sep-2026",19,"",""
"629","CGVAK","EQ",148.7,148.7,141.6,144.11,146.95,144.31,1989,2.88,"16-Sep-2026",69,"",""
"630","CHALET","EQ",841,854.6,828.15,844.1,843.95,845.15,83424,704.35,"16-Sep-2026",9753,"",""
"631","CHAMBLFERT","EQ",415,415.5,401.4,409.1,409.9,416.65,603060,2462.58,"16-Sep-2026",39077,"",""
"632","CHAMUNDA","SM",41,43,41,43,43,41.3,12000,4.98,"16-Sep-2026",4,"",""
"633","CHANDAN","SM",191.1,205,191.05,204.3,205,191.05,53600,107.25,"16-Sep-2026",51,"",""
"634","CHAVDA","SM",121,124,120,123.45,123.5,123.55,15000,18.35,"16-Sep-2026",15,"",""
"635","CHEMBOND","EQ",199.4,199.4,176.8,190.06,190.98,195.52,20839,38.75,"16-Sep-2026",814,"",""
"636","CHEMBONDCH","BE",263,272,252.1,270.75,271.3,264.75,6762,17.79,"16-Sep-2026",177,"",""
"637","CHEMCON","BE",216.9,217.99,204.01,212.1,212.5,213.88,37182,77.86,"16-Sep-2026",606,"",""
"638","CHEMCRUX","EQ",81.87,82.6,78.05,81.14,81.85,80.23,3017,2.42,"16-Sep-2026",151,"",""
"639","CHEMFAB","EQ",358.4,366.8,353.1,358,355.05,372.15,2640,9.46,"16-Sep-2026",190,"",""
"640","CHEMICAL","EQ",29.66,29.66,28.45,28.91,28.99,28.94,294836,84.92,"16-Sep-2026",1304,"",""
"641","CHEMPLASTS","EQ",165,169.44,161,166.12,166.1,165.12,170758,281.59,"16-Sep-2026",3902,"",""
"642","CHENNPETRO","EQ",1472.7,1487,1412,1456,1455,1471.8,1363010,19749.31,"16-Sep-2026",57604,"",""
"643","CHEVIOT","EQ",1165,1179,1160.1,1175.1,1177,1172.3,1194,13.95,"16-Sep-2026",133,"",""
"644","CHOICEGOLD","EQ",151,151,149.11,150.06,149.89,149.29,10121,15.15,"16-Sep-2026",73,"",""
"645","CHOICEIN","EQ",740.35,741.6,722.5,725.65,722.75,740.4,204754,1496.12,"16-Sep-2026",6849,"",""
"646","CHOLAFIN","EQ",1800.7,1800.7,1756.3,1765.6,1765.6,1791.6,1312956,23222.76,"16-Sep-2026",67737,"",""
"647","CHOLAHLDNG","EQ",1501.5,1524,1485,1512.4,1515,1510.8,85920,1296.31,"16-Sep-2026",9943,"",""
"648","CIEINDIA","EQ",371.9,379.75,366.9,375.8,379.5,375,270941,1011.03,"16-Sep-2026",17252,"",""
"649","CIFL","EQ",19.42,20.63,18.56,20.2,20.27,19.53,375881,74.4,"16-Sep-2026",1408,"",""
"650","CINELINE","EQ",91.81,93.11,88,89.96,90,91.81,27119,24.32,"16-Sep-2026",527,"",""
"651","CINEVISTA","EQ",14.89,14.89,13.6,13.88,13.72,14.08,27038,3.82,"16-Sep-2026",230,"",""
"652","CIPLA","EQ",1351,1363.7,1344.3,1358,1358,1351,911572,12366.64,"16-Sep-2026",46589,"",""
"653","CITIUSINVT","IV",115.55,115.97,114.8,115.84,115.85,115.49,36998,42.77,"16-Sep-2026",110,"",""
"654","CKKRETAIL","SM",150,150,150,150,150,150.25,800,1.2,"16-Sep-2026",1,"",""
"655","CLASSICEIL","SM",51.15,53.2,51,51,51,53.65,243200,124.12,"16-Sep-2026",32,"",""
"656","CLAYCRAFT","SM",151.6,154.55,151.35,152.8,152.8,152.75,18600,28.44,"16-Sep-2026",26,"",""
"657","CLEAN","EQ",820.95,827.45,806.25,820,822,820.3,348006,2843.94,"16-Sep-2026",22537,"",""
"658","CLEANMAX","EQ",1303.1,1334.2,1265,1286.8,1282,1321.5,205827,2646.5,"16-Sep-2026",19273,"",""
"659","CLEDUCATE","EQ",56.01,57.39,54.29,56.94,57.39,57.14,9973,5.59,"16-Sep-2026",556,"",""
"660","CLSEL","EQ",281.6,305.95,274.1,298.25,290.1,281.6,200647,585.23,"16-Sep-2026",6534,"",""
"661","CLSL","ST",78.8,78.8,78.8,78.8,78.8,78.85,4000,3.15,"16-Sep-2026",2,"",""
"662","CMLL","EQ",477.85,484.6,468,475.4,475,474.7,380398,1815.51,"16-Sep-2026",8995,"",""
"663","CMNL","SM",112,114.95,110.3,114.95,114.95,112.2,3000,3.37,"16-Sep-2026",4,"",""
"664","CMPDI","EQ",204,207.98,199.99,203.77,204.5,203.74,1289252,2632.38,"16-Sep-2026",19569,"",""
"665","CMRGREEN","EQ",213.9,215.36,209.32,211.91,213,212.76,351172,745.77,"16-Sep-2026",11120,"",""
"666","CMRSL","SM",74.1,74.1,74.1,74.1,74.1,78,800,0.59,"16-Sep-2026",1,"",""
"667","CMSINFO","EQ",235.08,239,227.8,232.39,230.2,222.91,5544781,12925.08,"16-Sep-2026",80194,"",""
"668","CNL","EQ",1065,1088,1050,1065.5,1060,1068.6,27962,297.65,"16-Sep-2026",2816,"",""
"669","COALINDIA","EQ",419.25,423.45,417.6,422.25,422.25,419.25,7049685,29728.84,"16-Sep-2026",116779,"",""
"670","COASTCORP","EQ",37.25,37.69,35.6,36.18,36.4,37.32,73502,26.86,"16-Sep-2026",1020,"",""
"671","COCHINSHIP","EQ",1327.8,1330,1290.9,1319,1319,1325,1223182,16064.05,"16-Sep-2026",43123,"",""
"672","COCKERILL","EQ",8210,8298.5,7771,7877.5,7808,8286,18330,1447.59,"16-Sep-2026",5383,"",""
"673","COFFEEDAY","EQ",30.48,31,29.66,30.4,30.68,30.37,521794,158.76,"16-Sep-2026",2107,"",""
"674","COFORGE","EQ",1775,1784.4,1717,1766.7,1766.7,1775.5,3593943,62845.68,"16-Sep-2026",133740,"",""
"675","COHANCE","EQ",425.6,434.6,416.2,432.95,432.35,423.6,320413,1369.33,"16-Sep-2026",16432,"",""
"676","COLPAL","EQ",1833.9,1900.1,1830.1,1860,1860,1820.3,1465224,27451.98,"16-Sep-2026",64917,"",""
"677","COMFINTE","EQ",5.86,6.18,5.82,5.88,5.9,5.92,146074,8.57,"16-Sep-2026",327,"",""
"678","COMMOIETF","EQ",96.24,97,95.56,96.56,97,96.24,42166,40.62,"16-Sep-2026",1550,"",""
"679","COMPEAU","EQ",360,364.85,350,360.4,361.95,360,894,3.22,"16-Sep-2026",31,"",""
"680","COMPINFO","BZ",1.1,1.1,1.03,1.08,1.09,1.06,15794,0.17,"16-Sep-2026",40,"",""
"681","COMPUSOFT","EQ",13.18,13.18,12.73,12.84,12.75,12.91,16485,2.12,"16-Sep-2026",162,"",""
"682","COMSYN","EQ",289.8,301.45,271,294.75,294,289.8,839631,2457.47,"16-Sep-2026",10619,"",""
"683","CONCOR","EQ",484,491.3,480.7,488.8,488.8,483.7,443499,2158.88,"16-Sep-2026",12246,"",""
"684","CONCORDBIO","EQ",1470.1,1484.2,1428.1,1453.8,1441.2,1473,105795,1543.39,"16-Sep-2026",19096,"",""
"685","CONFIPET","EQ",85,88,82.1,86.58,86.45,86.1,2646137,2244.33,"16-Sep-2026",26778,"",""
"686","CONNPLEX","SM",246.5,259.7,239,253,253,245.1,70400,177.51,"16-Sep-2026",70,"",""
"687","CONS","EQ",11.67,11.79,11.65,11.67,11.67,11.71,12069,1.41,"16-Sep-2026",116,"",""
"688","CONSOFINVT","BE",300.4,308.4,300.15,303.15,308.4,302,1942,5.84,"16-Sep-2026",42,"",""
"689","CONSUMAXIS","EQ",116.84,117.6,116.54,117.03,117.03,116.94,723,0.85,"16-Sep-2026",23,"",""
"690","CONSUMBEES","EQ",125.81,129,125.58,127.09,126.29,126.43,136732,173.54,"16-Sep-2026",988,"",""
"691","CONSUMER","EQ",11.84,11.84,11.39,11.65,11.64,11.61,183784,21.37,"16-Sep-2026",268,"",""
"692","CONSUMIETF","EQ",117.68,118.69,117,117.91,118.69,117.9,20296,23.92,"16-Sep-2026",147,"",""
"693","CONTROLPR","EQ",570.3,596.05,563.2,591.5,594.75,574.8,39907,233.63,"16-Sep-2026",2249,"",""
"694","COOLCAPS","SM",24.9,25.4,24,25.15,25.35,24.9,70000,17.37,"16-Sep-2026",42,"",""
"695","CORALFINAC","EQ",32.93,33.41,32.03,32.4,32.32,32.77,7438,2.43,"16-Sep-2026",59,"",""
"696","CORDELIA","EQ",111,113.25,106.72,108.19,108,112.33,2468400,2654.13,"16-Sep-2026",11553,"",""
"697","CORDSCABLE","EQ",356.9,363.75,303.65,348.25,355,354.25,340527,1171.25,"16-Sep-2026",11255,"",""
"698","COROMANDEL","EQ",1939.1,1945,1910,1937.8,1944.5,1939.1,88917,1719.32,"16-Sep-2026",16933,"",""
"699","CORONA","EQ",2205.3,2245,2132,2143.6,2165,2217.9,28735,620.72,"16-Sep-2026",5257,"",""
"700","COSMOFIRST","EQ",860,898,842.5,878.05,862.8,861.35,56751,490.36,"16-Sep-2026",3220,"",""
"701","COUNCODOS","BE",6.6,6.6,6.22,6.49,6.49,6.44,36281,2.34,"16-Sep-2026",85,"",""
"702","CPCAP","EQ",141,143.05,138.45,140.77,141,140.17,42512,59.61,"16-Sep-2026",1405,"",""
"703","CPEDU","EQ",179.8,179.8,172.1,174.13,177.95,176.34,3045,5.3,"16-Sep-2026",82,"",""
"704","CPL","EQ",62.7,64.89,62.01,62.26,62.16,62.83,19954,12.58,"16-Sep-2026",371,"",""
"705","CPPLUS","EQ",3680,3699,3480.3,3547.7,3526.5,3663.4,315432,11104.51,"16-Sep-2026",54365,"",""
"706","CPS","SM",1162,1180,1152,1152,1152,1202,600,6.97,"16-Sep-2026",4,"",""
"707","CPSEETF","EQ",92.75,92.75,91.71,92.32,92.35,92.04,567759,523.31,"16-Sep-2026",6434,"",""
"708","CRAFTSMAN","EQ",11260,11329,10600,11040,11040,11099,56874,6202.78,"16-Sep-2026",23621,"",""
"709","CRAMC","EQ",231.75,234.45,226.6,228.55,229.5,232.4,435060,1001.95,"16-Sep-2026",8499,"",""
"710","CRAVATEX","EQ",316.55,338,312,323.1,338,319.5,311,1,"16-Sep-2026",13,"",""
"711","CRAYONS","SM",23.95,24.1,22.8,22.8,22.8,23,5000,1.17,"16-Sep-2026",5,"",""
"712","CREATIVEYE","EQ",5.87,5.87,5.56,5.59,5.7,5.74,4303,0.24,"16-Sep-2026",63,"",""
"713","CREDENT","SM",342,342,321.65,336.95,333.05,340.5,86400,285.04,"16-Sep-2026",97,"",""
"714","CREDITACC","EQ",1392.3,1423.8,1370,1416.5,1400.7,1409.6,188841,2649.42,"16-Sep-2026",30380,"",""
"715","CREST","EQ",357,360.95,355,359.95,359.9,354.65,14808,53.08,"16-Sep-2026",99,"",""
"716","CRESTO","EQ",16.89,16.89,16,16.34,16.38,16.05,13052,2.14,"16-Sep-2026",106,"",""
"717","CRISIL","EQ",4644,4644,4494.2,4578.8,4644,4596.9,72153,3307.69,"16-Sep-2026",12294,"",""
"718","CRIZAC","EQ",179.89,179.9,171.1,176.02,176.78,179.89,212621,372.16,"16-Sep-2026",4857,"",""
"719","CROMPTON","EQ",227.01,228.62,222.3,223.4,223.4,226.15,3565510,7982.89,"16-Sep-2026",38149,"",""
"720","CROWN","EQ",105.03,111,102.7,107.54,109,106.83,9902,10.53,"16-Sep-2026",338,"",""
"721","CRSL","BE",2.56,2.62,2.43,2.49,2.48,2.55,271930,6.72,"16-Sep-2026",580,"",""
"722","CSBBANK","EQ",297.9,337,297.8,328.75,328.7,296.35,8547841,27330.48,"16-Sep-2026",122428,"",""
"723","CSLFINANCE","EQ",216.51,217.8,210.5,214.26,216.8,215.37,76689,164.16,"16-Sep-2026",1273,"",""
"724","CSM","EQ",91.99,103.45,88.68,96.22,98,89.85,6076531,5947.87,"16-Sep-2026",45097,"",""
"725","CSSL","SM",88.45,88.45,88.4,88.4,88.4,85.5,2000,1.77,"16-Sep-2026",2,"",""
"726","CTE","BE",39.05,41.8,38.11,40.45,40.49,39.96,5211,2.04,"16-Sep-2026",50,"",""
"727","CUB","EQ",225,229,216.42,227.24,228.49,225.78,2169990,4876.26,"16-Sep-2026",40923,"",""
"728","CUBEINVIT","IV",156.75,157.1,156.69,156.84,156.82,156.88,165734,259.99,"16-Sep-2026",9095,"",""
"729","CUBEXTUB","EQ",75.85,75.98,74.5,75.09,74.5,75.08,23653,17.79,"16-Sep-2026",560,"",""
"730","CUDML","SM",102.55,108,102,107.45,108,105,10000,10.46,"16-Sep-2026",9,"",""
"731","CUMMINSIND","EQ",4863.5,4985,4844,4940,4940,4874,399690,19714.57,"16-Sep-2026",47734,"",""
"732","CUPID","EQ",284.5,287,276,280,279,284.4,8678314,24397.76,"16-Sep-2026",73845,"",""
"733","CURAA","EQ",75.5,79.4,75,75,75,75.5,162,0.12,"16-Sep-2026",15,"",""
"734","CURIS","ST",202.45,204,195.55,202,202,195.05,21000,42.22,"16-Sep-2026",20,"",""
"735","CURRENT","SM",81.3,85,81,81,81,82,17600,14.68,"16-Sep-2026",11,"",""
"736","CYBERMEDIA","BE",23.15,23.15,22.09,22.11,22.09,23.25,33623,7.51,"16-Sep-2026",123,"",""
"737","CYBERTECH","BE",140,142.5,138,141.16,140.5,140.43,7758,10.84,"16-Sep-2026",172,"",""
"738","CYIENT","EQ",1078.9,1079,1030.3,1054.5,1056,1078.9,488288,5114.4,"16-Sep-2026",41470,"",""
"739","CYIENTDLM","EQ",882.4,884.65,811.95,867.4,852.65,882.7,855768,7225.79,"16-Sep-2026",54460,"",""
"740","DABUR","EQ",386.85,389.45,382,382,382,384.9,1792878,6915.33,"16-Sep-2026",27785,"",""
"741","DAICHI","BE",334.8,337,315,329.8,329.8,328.6,1354,4.37,"16-Sep-2026",24,"",""
"742","DALBHARAT","EQ",1687.8,1704.5,1681,1693.6,1692,1687.4,58268,985.71,"16-Sep-2026",17653,"",""
"743","DALMIASUG","EQ",400,401.65,386.85,393.1,392.55,398.2,145925,573.93,"16-Sep-2026",7588,"",""
"744","DAMCAPITAL","EQ",139,141.2,134.39,135.99,136.4,138.93,231257,314.09,"16-Sep-2026",5179,"",""
"745","DAMODARIND","BE",28.24,28.55,27.11,28.2,28.2,28.53,5864,1.6,"16-Sep-2026",36,"",""
"746","DANGEE","EQ",2.84,2.92,2.7,2.73,2.74,2.78,38911,1.07,"16-Sep-2026",106,"",""
"747","DANISH","SM",980,980,876.35,915.45,915.1,976.05,67350,625.29,"16-Sep-2026",319,"",""
"748","DATAMATICS","EQ",761.05,767.45,739,755.55,751.9,766.25,69650,526.11,"16-Sep-2026",4423,"",""
"749","DATAPATTNS","EQ",4380.5,4386.7,4140,4321.7,4329,4358.8,1076930,46071.2,"16-Sep-2026",122016,"",""
"750","DAVANGERE","EQ",2.2,2.22,2.07,2.14,2.14,2.24,19163359,406.02,"16-Sep-2026",4002,"",""
"751","DBCORP","EQ",184.01,188.3,182.51,186.49,186.9,184.73,46883,87.4,"16-Sep-2026",1922,"",""
"752","DBEIL","EQ",6.94,6.97,6.51,6.74,6.71,6.79,121766,8.19,"16-Sep-2026",425,"",""
"753","DBL","EQ",401,415,390.4,406.2,406,399.6,309785,1253.53,"16-Sep-2026",12070,"",""
"754","DBOL","EQ",114.79,114.79,110.65,113.41,113.06,113.26,85045,96.3,"16-Sep-2026",1607,"",""
"755","DBREALTY","EQ",97.6,98.28,93.9,95.2,95,96.96,1376448,1310.38,"16-Sep-2026",10828,"",""
"756","DBSTOCKBRO","BE",27.8,28,27.51,27.99,27.99,27.8,1223,0.34,"16-Sep-2026",15,"",""
"757","DCAL","EQ",164.26,167.99,158.5,162.08,161.65,163.16,183948,296.53,"16-Sep-2026",3738,"",""
"758","DCBBANK","EQ",222.82,223.93,215.46,219.94,219.9,221.89,912819,2002.1,"16-Sep-2026",16689,"",""
"759","DCG","ST",81.7,84.65,77.65,83.95,83.95,81.7,37200,29.94,"16-Sep-2026",27,"",""
"760","DCI","EQ",266.9,280.8,255.6,264.15,265.8,264.7,376664,994.55,"16-Sep-2026",11430,"",""
"761","DCM","EQ",75.06,77.02,74.98,76.27,77,76.42,16150,12.25,"16-Sep-2026",60,"",""
"762","DCMFINSERV","EQ",5.21,5.21,4.85,5.14,5.14,5,18394,0.93,"16-Sep-2026",60,"",""
"763","DCMNVL","EQ",173.89,176.4,172.5,174.05,174.5,172.6,8488,14.76,"16-Sep-2026",268,"",""
"764","DCMSHRIRAM","EQ",990,1002,975.2,986.3,987.5,994.1,45772,452.79,"16-Sep-2026",6440,"",""
"765","DCMSIL","EQ",68.15,70.87,67.52,69.28,69.52,69.25,65734,45.31,"16-Sep-2026",686,"",""
"766","DCMSRIND","EQ",38.31,39.51,37.06,38.68,38.51,38.56,247070,94.11,"16-Sep-2026",3322,"",""
"767","DCW","EQ",44.55,44.84,43.19,44.26,44.21,44.72,851390,375.25,"16-Sep-2026",4989,"",""
"768","DCXINDIA","EQ",161.6,162.39,156.12,160.76,160.1,161.62,768094,1228.69,"16-Sep-2026",8931,"",""
"769","DDEVPLSTIK","EQ",253.15,255.1,245.6,252.2,251.5,250.65,86381,216.77,"16-Sep-2026",2715,"",""
"770","DECCANCE","EQ",562.4,579.95,555.55,570,571,566.05,26043,148.21,"16-Sep-2026",1083,"",""
"771","DECCANTRAN","SM",20.5,20.5,20,20,20,20.95,2400,0.49,"16-Sep-2026",2,"",""
"772","DECNGOLD","EQ",224,225.99,216.6,220.67,222.49,222.82,1128957,2484.18,"16-Sep-2026",19126,"",""
"773","DEEDEV","EQ",600,636.7,577.65,634.65,636.7,607.4,309277,1880.55,"16-Sep-2026",11203,"",""
"774","DEEM","ST",41.5,41.5,40.05,40.05,40.05,41.95,3000,1.22,"16-Sep-2026",3,"",""
"775","DEEP","EQ",46.59,47,42,43.47,43.45,45.13,33346,14.44,"16-Sep-2026",489,"",""
"776","DEEPA","EQ",173.99,174.49,164.79,171.82,172,169.14,3436863,5845.83,"16-Sep-2026",38598,"",""
"777","DEEPAKFERT","EQ",1297.9,1318.8,1269.1,1315,1318.6,1284.8,173758,2262.23,"16-Sep-2026",16840,"",""
"778","DEEPAKNTR","EQ",1562.8,1598,1546.2,1590.5,1595,1561.3,443065,6955.2,"16-Sep-2026",22742,"",""
"779","DEEPINDS","EQ",727.2,743.9,688,735.15,735,730.4,707797,5099.8,"16-Sep-2026",31015,"",""
"780","DEFENCE","EQ",77.67,77.67,75.35,76.93,76.85,76.88,472845,362.89,"16-Sep-2026",1551,"",""
"781","DELAPLEX","SM",98.8,100.9,96,98.95,100.9,95.95,4200,4.12,"16-Sep-2026",7,"",""
"782","DELHIVERY","EQ",418.05,428.15,414.6,421.8,421.8,420.5,3025177,12755.96,"16-Sep-2026",36976,"",""
"783","DELPHIFX","BE",5.7,5.8,5.3,5.46,5.48,5.54,94799,5.19,"16-Sep-2026",178,"",""
"784","DELTACORP","EQ",53.8,57.1,51.66,55.19,56.01,53.79,2596609,1399.34,"16-Sep-2026",13423,"",""
"785","DELTAMAGNT","EQ",57.45,57.45,52.2,54.88,54.99,55.65,7247,3.92,"16-Sep-2026",288,"",""
"786","DEN","EQ",26.47,26.68,26.12,26.42,26.35,26.62,231818,61.07,"16-Sep-2026",1180,"",""
"787","DENEERS","SM",166.55,166.55,160.6,162.65,164.95,168,10200,16.73,"16-Sep-2026",17,"",""
"788","DENORA","EQ",801.65,809.95,781.55,788.1,783.5,812.95,1735,13.77,"16-Sep-2026",282,"",""
"789","DENTA","EQ",276.6,296.3,267.35,282.05,281.15,276.3,300277,857.48,"16-Sep-2026",11402,"",""
"790","DENTALKART","SM",390,400,382.1,394.5,395,386.35,38250,149.27,"16-Sep-2026",63,"",""
"791","DEVIT","EQ",23.36,24.7,23.1,23.34,23.26,23.8,23973,5.66,"16-Sep-2026",549,"",""
"792","DEVX","EQ",32.16,34.9,32.16,33.96,33.6,33.3,110612,37.08,"16-Sep-2026",1277,"",""
"793","DEVYANI","EQ",135.53,137.9,135.16,136.69,136.01,136.22,1326172,1809.12,"16-Sep-2026",37157,"",""
"794","DGCONTENT","EQ",23.75,23.94,23.6,23.88,23.89,23.74,3051,0.73,"16-Sep-2026",47,"",""
"795","DHABRIYA","BE",498,510,478.55,482.45,485.8,503.7,3211,15.54,"16-Sep-2026",134,"",""
"796","DHAMPURSUG","EQ",157.4,157.4,150.1,152.74,153.38,156.61,665496,1014.5,"16-Sep-2026",13851,"",""
"797","DHANBANK","EQ",29.85,30.18,29.05,29.42,29.65,29.79,511194,150.86,"16-Sep-2026",2328,"",""
"798","DHANLAXMI","SM",23,23,22.9,23,23,23.6,8000,1.84,"16-Sep-2026",4,"",""
"799","DHANSA","SM",32.3,32.3,32.3,32.3,32.3,34,4000,1.29,"16-Sep-2026",2,"",""
"800","DHANUKA","EQ",959.7,974,931.2,961.85,968,956.5,38687,368.18,"16-Sep-2026",3697,"",""
"801","DHARAN","BZ",0.14,0.14,0.13,0.13,0.14,0.13,7585692,10.28,"16-Sep-2026",1080,"",""
"802","DHARARAIL","ST",147,147,147,147,147,153.45,1000,1.47,"16-Sep-2026",1,"",""
"803","DHARIWAL","SM",25.1,27,25.1,25.6,25.45,26.4,1014000,257.61,"16-Sep-2026",148,"",""
"804","DHARMAJ","EQ",268.3,271.95,266.15,269.4,270.7,268.25,48933,131.54,"16-Sep-2026",2263,"",""
"805","DHATRE","EQ",4.4,4.4,4.06,4.11,4.18,4.29,31101,1.28,"16-Sep-2026",172,"",""
"806","DHOOTTRANS","EQ",1525,1614.4,1400.4,1590.9,1570.9,1555.9,6172314,91737.42,"16-Sep-2026",240573,"",""
"807","DHRUV","EQ",21.76,22.88,21.04,21.46,21.04,22.14,10601,2.27,"16-Sep-2026",162,"",""
"808","DHTL","SM",29.4,29.4,29.4,29.4,29.4,30.9,800,0.24,"16-Sep-2026",1,"",""
"809","DHUNINV","EQ",980,988.6,962,977.2,979.7,978.45,429,4.2,"16-Sep-2026",91,"",""
"810","DIACABS","BE",383.8,404,368.15,394.75,396.35,387.5,1589608,6072.76,"16-Sep-2026",19926,"",""
"811","DIAMINESQ","EQ",259,261,248.62,256.19,253,251.8,7064,17.94,"16-Sep-2026",219,"",""
"812","DIAMONDYD","EQ",1097.3,1119.9,1088.8,1102.2,1100,1107.4,6122,67.41,"16-Sep-2026",751,"",""
"813","DICIND","EQ",600,623.6,590.05,610.3,610,593.15,3625,22,"16-Sep-2026",260,"",""
"814","DIFFNKG","EQ",429.9,435,415.1,428.7,423.15,427.25,112103,476.5,"16-Sep-2026",5612,"",""
"815","DIGIDRIVE","EQ",17.58,18.75,17.11,17.22,17.3,17.58,39847,7,"16-Sep-2026",253,"",""
"816","DIGIKORE","SM",41.7,41.8,38,39.35,39.35,39.25,21200,8.19,"16-Sep-2026",26,"",""
"817","DIGISPICE","EQ",16.13,16.92,15.8,16.45,16.7,16.33,136926,22.35,"16-Sep-2026",391,"",""
"818","DIGITIDE","EQ",85,88.08,82.6,86.25,86,85.06,188492,162.2,"16-Sep-2026",2581,"",""
"819","DIGJAMLMTD","BE",62.04,62.05,61.75,61.75,61.75,65,4217,2.61,"16-Sep-2026",30,"",""
"820","DISAQ","EQ",11705,11844,11602,11747,11844,11677,96,11.24,"16-Sep-2026",66,"",""
"821","DISHTV","EQ",2.62,2.75,2.61,2.66,2.68,2.62,3311191,88.34,"16-Sep-2026",2778,"",""
"822","DIVGIITTS","EQ",1106,1147.3,1062,1119.7,1125,1106.3,143879,1588.89,"16-Sep-2026",15554,"",""
"823","DIVIDEND","EQ",34.87,34.87,34.5,34.71,34.72,34.71,4182,1.45,"16-Sep-2026",70,"",""
"824","DIVINEHIRA","ST",111.5,111.5,103.55,107.8,107.8,109,24000,25.87,"16-Sep-2026",14,"",""
"825","DIVISLAB","EQ",9168,9180,8923,9158,9158,9198,878300,79748.13,"16-Sep-2026",83927,"",""
"826","DIVOPPBEES","EQ",75.24,75.24,74.18,74.62,74.7,74.4,32131,23.96,"16-Sep-2026",747,"",""
"827","DIXON","EQ",12985,13260,12850,13181,13181,13180,540673,70893.11,"16-Sep-2026",77228,"",""
"828","DJML","EQ",79.85,80.29,75.6,78.14,77.8,78.66,95259,74.21,"16-Sep-2026",1385,"",""
"829","DKEGL","SM",62.7,63.3,62.65,63.3,63.3,70,6000,3.77,"16-Sep-2026",3,"",""
"830","DLF","EQ",620.85,628.3,611.5,622.8,622.8,620.85,2223983,13808.57,"16-Sep-2026",35238,"",""
"831","DLINKINDIA","EQ",418.45,420.75,406.3,418,418.95,417.05,56870,235.79,"16-Sep-2026",3110,"",""
"832","DMART","EQ",3679,3730,3670,3720,3720,3680,464459,17203.02,"16-Sep-2026",34499,"",""
"833","DMCC","EQ",265.35,270.1,256.9,259.3,258.95,265.5,87873,228.61,"16-Sep-2026",2604,"",""
"834","DNAMEDIA","EQ",2.55,2.7,2.26,2.45,2.49,2.5,83926,2.08,"16-Sep-2026",133,"",""
"835","DODLA","EQ",1083.9,1094.8,1059.9,1063.6,1065,1080.3,13702,146.17,"16-Sep-2026",3713,"",""
"836","DOLATALGO","EQ",68.25,68.43,66.21,67.47,67.16,68.25,127563,85.95,"16-Sep-2026",1503,"",""
"837","DOLLAR","EQ",262.05,268.8,259.05,266.8,265,262.95,66963,177.22,"16-Sep-2026",2253,"",""
"838","DOLLEX","EQ",38.8,38.8,35.9,37,37,37.4,26844,9.86,"16-Sep-2026",211,"",""
"839","DOLPHIN","EQ",641.3,651,610,635.1,637,651.05,35409,224.04,"16-Sep-2026",2000,"",""
"840","DOMS","EQ",2102.6,2115.7,2061.3,2085.2,2099.8,2120.4,20224,420.83,"16-Sep-2026",4672,"",""
"841","DONEAR","EQ",82.46,83.5,82.01,82.06,82.3,82.46,10670,8.78,"16-Sep-2026",204,"",""
"842","DPABHUSHAN","EQ",1336.8,1340.9,1290,1321.6,1329.9,1337.5,17595,230.35,"16-Sep-2026",1744,"",""
"843","DPEL","SM",634.95,634.95,617,627.65,625,629,49500,310.58,"16-Sep-2026",82,"",""
"844","DPSCLTD","BE",7.06,7.2,6.92,7.07,7.19,7.05,46259,3.28,"16-Sep-2026",322,"",""
"845","DPWIRES","BE",141.39,145,141.39,143.49,144.97,145.39,5710,8.21,"16-Sep-2026",122,"",""
"846","DRAGARWQ","EQ",5157.5,5325,5104,5269.5,5325,5137,3151,163.32,"16-Sep-2026",395,"",""
"847","DRCSYSTEMS","EQ",12.95,12.95,12.4,12.48,12.5,12.75,41584,5.22,"16-Sep-2026",312,"",""
"848","DREAMFOLKS","EQ",67,67.7,65.05,65.33,65.1,66.76,61208,40.44,"16-Sep-2026",2602,"",""
"849","DREDGECORP","EQ",994.9,994.9,961.1,987.8,985,994,45490,446.48,"16-Sep-2026",4839,"",""
"850","DRONE","SM",32.5,33.6,32,33.15,33,32.3,14000,4.59,"16-Sep-2026",28,"",""
"851","DRREDDY","EQ",1142,1149.9,1133.9,1140,1140,1145,1120896,12814.8,"16-Sep-2026",47805,"",""
"852","DSFCL","BE",24.54,25.76,23.45,25.75,25.33,24.54,49571,12.27,"16-Sep-2026",164,"",""
"853","DSKULKARNI","BE",21.84,21.84,21.84,21.84,21.84,21.42,119,0.03,"16-Sep-2026",4,"",""
"854","DSSL","EQ",1047.5,1047.5,1011.6,1018.8,1024,1034.4,22429,228.68,"16-Sep-2026",2027,"",""
"855","DTIL","BE",141.3,141.3,133.2,137,137,138.3,3017,4.1,"16-Sep-2026",60,"",""
"856","DTL","SM",143,143,143,143,143,128,1200,1.72,"16-Sep-2026",1,"",""
"857","DUCOL","SM",118,122.4,115,122.4,122.4,122.6,11200,13.27,"16-Sep-2026",10,"",""
"858","DUCON","EQ",1.53,1.64,1.45,1.58,1.55,1.59,1986175,30.41,"16-Sep-2026",1235,"",""
"859","DURLAX","SM",57.7,60.55,56.1,57.15,57,57.75,1e+05,57.39,"16-Sep-2026",44,"",""
"860","DVL","EQ",280,281.95,270.9,275.2,281,282.7,15512,42.97,"16-Sep-2026",540,"",""
"861","DWARKESH","EQ",41.75,41.78,40.32,41.04,41.06,41.72,2115991,866.6,"16-Sep-2026",8664,"",""
"862","DYCL","EQ",436,438.15,416.65,433,432.5,432.6,387406,1659.03,"16-Sep-2026",13549,"",""
"863","DYNAMATECH","EQ",12000,12151,11500,12077,12105,12071,28785,3423.18,"16-Sep-2026",11085,"",""
"864","DYNAMIC","ST",130.2,134.8,128.35,133.4,133.4,135.1,14500,19.09,"16-Sep-2026",24,"",""
"865","DYNPRO","EQ",226.61,231.39,224.4,230.04,230.01,227.94,9782,22.34,"16-Sep-2026",295,"",""
"866","E2E","BE",565,608.8,550.9,599.75,600,579.85,1076626,6272.76,"16-Sep-2026",12601,"",""
"867","E2ERAIL","SM",378.4,381,348.15,354.2,350,378.4,254400,918.92,"16-Sep-2026",239,"",""
"868","EASEMYTRIP","EQ",5.79,5.88,5.76,5.78,5.78,5.78,14917947,865.89,"16-Sep-2026",6738,"",""
"869","EASTSILK","BE",65,65,60.33,61.24,61.24,63.5,151,0.09,"16-Sep-2026",12,"",""
"870","EASTWEST","EQ",2.3,2.33,2.27,2.33,2.33,2.3,10315,0.24,"16-Sep-2026",48,"",""
"871","EBANK10","EQ",16.1,16.77,16.09,16.52,16.53,16.26,940,0.15,"16-Sep-2026",11,"",""
"872","EBANKNIFTY","EQ",56.48,56.87,56.26,56.61,56.51,56.49,422,0.24,"16-Sep-2026",19,"",""
"873","EBBETF0430","EQ",1609,1609,1601.15,1604,1607.56,1603.74,7059,113.24,"16-Sep-2026",311,"",""
"874","EBBETF0431","EQ",1425.79,1431.98,1424.15,1427.29,1430,1425.49,5837,83.21,"16-Sep-2026",113,"",""
"875","EBBETF0433","EQ",1308.51,1311.36,1300.2,1309.64,1310.88,1305.8,4937,64.58,"16-Sep-2026",144,"",""
"876","EBGNG","EQ",675,679.9,625.6,645.55,647.1,671.45,1024574,6640.6,"16-Sep-2026",40407,"",""
"877","EBIX","BE",20,20,18.8,19.39,19.4,19.3,26923,5.17,"16-Sep-2026",120,"",""
"878","ECAPINSURE","EQ",22.95,23.16,22.54,23.03,23.16,22.95,41645,9.49,"16-Sep-2026",351,"",""
"879","ECLERX","EQ",1890.5,1968,1848.2,1961.2,1962.5,1894.8,182677,3531.1,"16-Sep-2026",28300,"",""
"880","ECOLINE","ST",170,172.9,170,172.9,172.9,173,5000,8.53,"16-Sep-2026",2,"",""
"881","ECORECO","EQ",427.4,429.85,415.1,425.1,422,427.4,11414,48.13,"16-Sep-2026",922,"",""
"882","ECOSMOBLTY","EQ",106.21,108.19,105.29,106.37,106.05,107.47,45900,48.99,"16-Sep-2026",1482,"",""
"883","EDELWEISS","EQ",127.7,128.5,123.87,126.74,126.35,127.4,6116820,7724.19,"16-Sep-2026",32284,"",""
"884","EEPL","ST",128,133,126,133,133,129.95,12000,15.64,"16-Sep-2026",12,"",""
"885","EFACTOR","SM",165,165,159.9,162.05,162.05,160,6400,10.38,"16-Sep-2026",15,"",""
"886","EFCIL","EQ",183.55,184.37,176.98,178.06,181,182.64,196331,353.09,"16-Sep-2026",3932,"",""
"887","EFFWA","SM",359,359,355,356.25,356.25,357.05,5600,19.94,"16-Sep-2026",9,"",""
"888","EFORCE","SM",19,19,17.4,18.75,18.75,19,31200,5.6,"16-Sep-2026",25,"",""
"889","EGOLD","EQ",150.05,151.1,150.05,150.95,151,149.65,43760,66.03,"16-Sep-2026",336,"",""
"890","EICHERMOT","EQ",7430,7524.5,7406,7500,7500,7452.5,316258,23608.95,"16-Sep-2026",36730,"",""
"891","EIDPARRY","EQ",702.75,707,685.5,703.05,702.85,702.75,314736,2195.34,"16-Sep-2026",21884,"",""
"892","EIEL","EQ",197.98,198.99,190.5,194.87,194.59,196.91,495754,961.58,"16-Sep-2026",9957,"",""
"893","EIFFL","BE",270.1,270.1,270.1,270.1,270.1,275.6,146,0.39,"16-Sep-2026",5,"",""
"894","EIHAHOTELS","EQ",284.4,288.85,278.1,287,287.5,281.3,17383,49.37,"16-Sep-2026",1080,"",""
"895","EIHOTEL","EQ",284.15,294,283.5,292.1,291.25,283.8,671193,1945.91,"16-Sep-2026",16771,"",""
"896","EIMCOELECO","EQ",2242.2,2339.9,2211.1,2277.1,2290.4,2242.2,58309,1326.81,"16-Sep-2026",6236,"",""
"897","EKC","EQ",98.8,99.7,96.49,98.75,98.2,98.8,186889,182.7,"16-Sep-2026",2877,"",""
"898","EKI","EQ",69,71,67,67.57,68.25,69.5,23169,15.82,"16-Sep-2026",488,"",""
"899","ELANTAS","EQ",13605,13676,12920,13436,13650,13481,3194,423.88,"16-Sep-2026",1786,"",""
"900","ELCIDIN","EQ",106300,108500,105305,107120,105570,102210,24,25.7,"16-Sep-2026",23,"",""
"901","ELDEHSG","EQ",775,775,754.2,769.15,769,780.3,890,6.8,"16-Sep-2026",102,"",""
"902","ELECON","EQ",413,413.05,402.4,407.35,407,413.5,162968,663.46,"16-Sep-2026",10123,"",""
"903","ELECTCAST","EQ",75.45,75.94,73.16,74.33,75.15,75.23,1233179,917.14,"16-Sep-2026",15602,"",""
"904","ELECTHERM","EQ",956.65,957.9,916.05,941.15,945,945.35,6788,63.55,"16-Sep-2026",595,"",""
"905","ELGIEQUIP","EQ",615,615.05,590.1,592.5,596,612.05,533822,3196.08,"16-Sep-2026",36110,"",""
"906","ELGIRUBCO","EQ",55.2,57.9,54.1,56.68,57.9,55.83,36113,19.96,"16-Sep-2026",818,"",""
"907","ELGNZ","SM",83,85.9,81.7,84.95,85.9,84.3,9000,7.48,"16-Sep-2026",9,"",""
"908","ELIN","EQ",86.3,89,83.97,88.71,88.99,87.15,185837,161.01,"16-Sep-2026",2733,"",""
"909","ELIQUID","EQ",1048.2,1048.2,1047.85,1047.85,1047.85,1047.72,10860,113.8,"16-Sep-2026",23,"",""
"910","ELITECON","EQ",8.83,8.9,8.15,8.15,8.15,8.57,2875950,241.56,"16-Sep-2026",4817,"",""
"911","ELLEN","EQ",356.5,390.6,343,374.65,376,355.1,2421472,9058.99,"16-Sep-2026",48731,"",""
"912","ELM250","EQ",16.1,16.19,15.97,15.99,15.97,16,58374,9.36,"16-Sep-2026",332,"",""
"913","ELMDIV","EQ",35.1,35.62,35.1,35.39,35.4,36.4,535,0.19,"16-Sep-2026",32,"",""
"914","ELPROINTL","EQ",174.14,174.5,173.5,173.51,173.52,172.85,7268,12.64,"16-Sep-2026",87,"",""
"915","EMAMILTD","EQ",375,376,365.8,369.3,369,373.7,1443979,5342.95,"16-Sep-2026",38052,"",""
"916","EMAMIPAP","BE",112.7,114.76,107.87,111.56,112,113,37534,41.09,"16-Sep-2026",278,"",""
"917","EMAMIREAL","EQ",67,68.9,66.31,66.31,66.31,67.45,8902,5.97,"16-Sep-2026",396,"",""
"918","EMAPARTNER","SM",80,80,75,79.9,79.9,79.1,45000,34.52,"16-Sep-2026",35,"",""
"919","EMBASSY","RR",439.95,440,436.5,439.58,439,439.48,554410,2432.78,"16-Sep-2026",15377,"",""
"920","EMBDL","EQ",55.4,55.5,53.31,53.68,53.6,55.01,1630746,878.08,"16-Sep-2026",8941,"",""
"921","EMCURE","EQ",2004,2013,1902.6,1931.9,1934.1,1993,248066,4802.97,"16-Sep-2026",25339,"",""
"922","EMETAL","EQ",12.86,13.2,12.6,12.99,13,12.74,5130,0.66,"16-Sep-2026",35,"",""
"923","EMIL","EQ",184.3,185.74,173.71,180.93,179.89,185.06,2115907,3804.68,"16-Sep-2026",33816,"",""
"924","EMKAY","EQ",243.5,243.85,235,242.3,240.25,241.45,15157,36.3,"16-Sep-2026",483,"",""
"925","EMKAYTOOLS","SM",94.75,97.8,91.55,93,93,94.75,1650,1.55,"16-Sep-2026",9,"",""
"926","EMMBI","BE",90.84,90.84,86.8,87.75,88.1,90.39,3884,3.46,"16-Sep-2026",55,"",""
"927","EMMIL","SM",119,119,116.75,117.05,116.75,118.9,10500,12.39,"16-Sep-2026",17,"",""
"928","EMMVEE","EQ",322.5,330.6,318.6,321.7,321,328.55,1366386,4426.86,"16-Sep-2026",28033,"",""
"929","EMPIND","EQ",1025,1034,1002.1,1026.9,1025,1038.3,1254,12.85,"16-Sep-2026",202,"",""
"930","EMPOWER","EQ",2.43,2.49,2.43,2.48,2.49,2.38,43769639,1085.27,"16-Sep-2026",8831,"",""
"931","EMSLIMITED","EQ",373.95,374.85,355.35,362.25,364,373.95,241061,872.33,"16-Sep-2026",7490,"",""
"932","EMUDHRA","EQ",625,677,600.35,642.3,626.2,592.85,30254888,198274.71,"16-Sep-2026",594678,"",""
"933","EMULTIMQ","EQ",40.6,41.6,39.57,39.95,39.77,40.58,135756,54.61,"16-Sep-2026",552,"",""
"934","ENCOMPAS","SM",258,260,255,256.55,260,260.25,42000,107.78,"16-Sep-2026",10,"",""
"935","ENDURANCE","EQ",2625,2659,2582,2628.4,2624,2614.6,72279,1894.75,"16-Sep-2026",12625,"",""
"936","ENERGY","EQ",38.15,38.15,37.16,37.54,37.55,37.4,512476,191.68,"16-Sep-2026",1035,"",""
"937","ENERGYAXIS","EQ",19.47,19.81,18.58,18.71,18.65,19.78,85128,16.12,"16-Sep-2026",238,"",""
"938","ENERGYDEV","EQ",14.2,14.83,14,14.08,14.06,14.27,33641,4.78,"16-Sep-2026",323,"",""
"939","ENEXT50","EQ",70.16,71,69.8,70.54,70.54,70,236,0.17,"16-Sep-2026",9,"",""
"940","ENFUSE","SM",147,153.95,147,153.95,153.95,146.5,1200,1.81,"16-Sep-2026",2,"",""
"941","ENGINERSIN","EQ",261.4,265.6,253.6,260.65,259.95,262.45,2212377,5720.77,"16-Sep-2026",43529,"",""
"942","ENIFTY","EQ",23.47,23.51,23.27,23.33,23.33,23.43,16917,3.96,"16-Sep-2026",54,"",""
"943","ENIL","EQ",101.9,102.79,99.26,100.34,100.1,100.4,7608,7.63,"16-Sep-2026",298,"",""
"944","ENKEIWHEL","EQ",398.55,398.55,388,390.2,391,398.55,247,0.97,"16-Sep-2026",52,"",""
"945","ENRIN","EQ",3028,3072,2968,3013.4,3022.9,3028.7,332338,10020.71,"16-Sep-2026",36794,"",""
"946","ENSER","SM",14.7,14.7,14.7,14.7,14.7,14.05,5000,0.74,"16-Sep-2026",1,"",""
"947","ENTERO","EQ",1785.1,1800.3,1666.8,1731.8,1735.4,1802.1,236406,4062.35,"16-Sep-2026",28786,"",""
"948","ENVIRO","SM",69.5,71.1,68.1,68.6,69,69.7,29000,19.99,"16-Sep-2026",23,"",""
"949","EPACK","EQ",177.34,181.32,175.04,178.09,178.43,177.7,354381,632.01,"16-Sep-2026",7356,"",""
"950","EPACKPEB","EQ",222.01,224,213.22,221.47,222,221.26,428491,940.65,"16-Sep-2026",9946,"",""
"951","EPIGRAL","EQ",1092.2,1092.2,1054.1,1084,1082.1,1092.2,21627,233.22,"16-Sep-2026",2663,"",""
"952","EPL","EQ",234.5,236.7,228,233.9,233,235.9,1925799,4471,"16-Sep-2026",43645,"",""
"953","EPWINDIA","ST",235,235,230.15,230.15,230.15,242.25,4800,11.14,"16-Sep-2026",4,"",""
"954","EQUAL200","EQ",13.36,13.36,13.2,13.34,13.34,13.33,29398,3.9,"16-Sep-2026",65,"",""
"955","EQUAL50","EQ",321.44,321.61,318.92,320.85,320.84,320.43,1416,4.55,"16-Sep-2026",23,"",""
"956","EQUAL50ADD","EQ",332,332.48,329.28,331.44,329.28,330.63,36479,120.99,"16-Sep-2026",315,"",""
"957","EQUIPPP","BE",23.4,24.5,22.71,24.39,24,23.4,48431,11.8,"16-Sep-2026",45,"",""
"958","EQUITASBNK","EQ",71.39,74.5,70.82,73.5,73.25,71.35,2177983,1582.95,"16-Sep-2026",14208,"",""
"959","ERIS","EQ",1296.2,1324.7,1282.8,1303.2,1298,1310.1,15100,196.5,"16-Sep-2026",3231,"",""
"960","ESABINDIA","EQ",5779,5779,5606,5675,5680,5751,3839,217.35,"16-Sep-2026",1640,"",""
"961","ESAFSFB","BE",38.81,39.88,37.11,38.96,39.33,38.98,464010,177.22,"16-Sep-2026",2449,"",""
"962","ESCONET","ST",225.2,225.2,225.2,225.2,225.2,237.05,6000,13.51,"16-Sep-2026",15,"",""
"963","ESCORTS","EQ",2840,2864.9,2791.1,2815.6,2809.9,2835.8,63932,1803.85,"16-Sep-2026",23977,"",""
"964","ESDS","EQ",1820,1820,1733.5,1733.5,1733.5,1824.7,1728190,30620.74,"16-Sep-2026",72214,"",""
"965","ESENSEX","EQ",74.9,76.01,74.8,75.27,75.27,75.4,72,0.05,"16-Sep-2026",18,"",""
"966","ESFL","SM",118.05,125.4,118.05,124.6,124.8,120.55,9360,11.52,"16-Sep-2026",24,"",""
"967","ESG","EQ",39.88,40,39.69,39.91,39.9,39.72,1627,0.65,"16-Sep-2026",39,"",""
"968","ESILVER","EQ",225.73,229.52,225.73,228.89,229.52,224,663442,1518.05,"16-Sep-2026",3658,"",""
"969","ESPRIT","SM",63.25,65.85,63.25,65.85,65.85,62,3200,2.07,"16-Sep-2026",2,"",""
"970","ESSARSHPNG","EQ",16.48,16.48,15.45,15.53,15.72,15.76,227399,35.79,"16-Sep-2026",937,"",""
"971","ESSENTIA","EQ",1.04,1.05,1.03,1.04,1.05,1.04,1782429,18.53,"16-Sep-2026",689,"",""
"972","ESTER","EQ",87.27,87.69,85.05,86.24,85.92,87.03,40282,34.75,"16-Sep-2026",1217,"",""
"973","ETERNAL","EQ",316.25,318.35,310.8,317,317,315.25,11286053,35602.52,"16-Sep-2026",79951,"",""
"974","ETHOSLTD","EQ",2602,2639,2520,2612.5,2600,2574.1,47503,1229.17,"16-Sep-2026",10372,"",""
"975","ETML","SM",80.1,80.2,79.9,80,79.9,80.05,22800,18.26,"16-Sep-2026",10,"",""
"976","EUREKAFORB","EQ",396,401.15,385,394.15,392,394.3,218699,858.99,"16-Sep-2026",8683,"",""
"977","EUROBOND","EQ",148,150,144.01,149.84,150,146.98,1652,2.43,"16-Sep-2026",67,"",""
"978","EUROPRATIK","EQ",241,249.35,233.5,240.05,249.35,240.5,153538,364.88,"16-Sep-2026",3242,"",""
"979","EUROTEXIND","BE",12.35,12.35,11.98,12.35,12.35,12.6,1333,0.16,"16-Sep-2026",11,"",""
"980","EVEREADY","EQ",337,341.8,327.9,333.95,334.1,336.75,61719,205.8,"16-Sep-2026",2407,"",""
"981","EVERESTIND","BE",399,405,390,401.35,403.5,399,2278,9.07,"16-Sep-2026",72,"",""
"982","EVIETF","EQ",31.74,33.33,31.11,31.84,31.56,31.35,59450,18.7,"16-Sep-2026",636,"",""
"983","EVINDIA","EQ",31.5,31.65,31.17,31.5,31.51,31.5,129716,40.79,"16-Sep-2026",1437,"",""
"984","EXCELINDUS","EQ",980.2,980.2,940.1,966.8,970,965.7,12959,123.68,"16-Sep-2026",1590,"",""
"985","EXCELLENT","ST",198,198,198,198,198,207,1600,3.17,"16-Sep-2026",1,"",""
"986","EXCELSOFT","EQ",78.59,82,75.31,80.17,79.93,77.63,2760983,2213.35,"16-Sep-2026",14588,"",""
"987","EXICOM","EQ",169.5,171.99,156.29,162.72,161,168.43,1815871,2950.28,"16-Sep-2026",26147,"",""
"988","EXIDEIND","EQ",407.8,419.65,407.8,415.5,414.55,409.2,2177347,9040.13,"16-Sep-2026",57858,"",""
"989","EXIMROUTES","SM",104,104,99,99.25,99,104,10400,10.39,"16-Sep-2026",13,"",""
"990","EXPLEOSOL","EQ",867,890,842,879.85,872,862.6,44424,382.77,"16-Sep-2026",3619,"",""
"991","EXXARO","EQ",6.48,6.48,6.22,6.25,6.29,6.35,128126,8.04,"16-Sep-2026",387,"",""
"992","FABTECH","EQ",145.75,146.68,142.52,145.66,146.02,146.3,55594,80.47,"16-Sep-2026",808,"",""
"993","FACT","EQ",754.55,756.35,740.05,749,748,754.55,76634,574.12,"16-Sep-2026",6063,"",""
"994","FAIRCHEMOR","BE",608,624.9,585.2,619.25,604.05,608.85,7995,48.35,"16-Sep-2026",567,"",""
"995","FALCONTECH","SM",12.6,13.2,12.6,13,13.1,12.9,28800,3.72,"16-Sep-2026",14,"",""
"996","FASCINATE","SM",48,48,48,48,48,50.5,15200,7.3,"16-Sep-2026",15,"",""
"997","FAZE3Q","EQ",467.85,475.05,445,447.2,449.8,467.85,33939,153.32,"16-Sep-2026",1344,"",""
"998","FCL","EQ",53.48,54.13,49.34,53.07,53.2,53.88,29438708,15205.31,"16-Sep-2026",97828,"",""
"999","FCSSOFT","EQ",1.43,1.43,1.4,1.41,1.42,1.42,1385664,19.55,"16-Sep-2026",968,"",""
"1000","FDC","EQ",350.7,358.8,340.05,350.2,350,349.7,238731,837,"16-Sep-2026",7965,"",""
"1001","FEDDERSHOL","EQ",49.5,52.25,49.5,50.81,50.9,49.14,4985896,2523.43,"16-Sep-2026",11826,"",""
"1002","FEDERALBNK","EQ",341.8,346,340.1,341.8,341.8,343,2857474,9790.13,"16-Sep-2026",51293,"",""
"1003","FEDFINA","EQ",153.51,155.62,148.41,150.76,150.2,153.51,854914,1289.85,"16-Sep-2026",11396,"",""
"1004","FEL","BZ",0.38,0.38,0.36,0.36,0.37,0.37,69844,0.26,"16-Sep-2026",99,"",""
"1005","FELDVR","BZ",2.05,2.05,2,2.05,2.05,2.05,2663,0.05,"16-Sep-2026",27,"",""
"1006","FELIX","SM",210.5,211,200.25,205.6,203.2,211.35,66000,135.17,"16-Sep-2026",100,"",""
"1007","FERMENTA","EQ",472.15,477.9,450,470,468,471,111404,518.9,"16-Sep-2026",5968,"",""
"1008","FIBERWEB","EQ",25.76,26.9,25.07,26.08,26.46,25.63,22525,5.83,"16-Sep-2026",199,"",""
"1009","FIDEL","SM",156.4,156.4,150,150,150,158,5000,7.64,"16-Sep-2026",4,"",""
"1010","FIEMIND","EQ",1938.1,1965,1913.7,1927.9,1940,1938.1,64556,1251.55,"16-Sep-2026",9020,"",""
"1011","FILATEX","EQ",81,88,80.3,87.22,88,82.41,4978051,4232.47,"16-Sep-2026",33647,"",""
"1012","FILATFASH","EQ",0.18,0.19,0.18,0.18,0.19,0.18,11830382,21.77,"16-Sep-2026",1583,"",""
"1013","FINBUD","SM",126,126.1,121.25,125,125,126.95,17000,21.21,"16-Sep-2026",16,"",""
"1014","FINCABLES","EQ",1344.2,1394.9,1299.1,1362.6,1362.8,1339.9,1264308,17103.49,"16-Sep-2026",62291,"",""
"1015","FINEORG","EQ",5115,5249,5037.5,5193,5140.5,5153.5,36658,1875.05,"16-Sep-2026",9348,"",""
"1016","FINIETF","EQ",31.65,31.83,31.28,31.61,31.74,31.64,202174,63.78,"16-Sep-2026",1202,"",""
"1017","FINKURVE","EQ",72.6,78.99,71.2,72.99,72.48,72.68,420501,317.51,"16-Sep-2026",5087,"",""
"1018","FINOPB","EQ",141.23,146.8,135.2,136.05,135.85,137.73,504308,702.41,"16-Sep-2026",7964,"",""
"1019","FINPIPE","EQ",152,152.76,148.05,151.05,150.52,151.33,388076,583.59,"16-Sep-2026",9372,"",""
"1020","FIRSTCRY","EQ",170.5,173.39,165.01,170.02,169.52,171.53,5950243,10098.41,"16-Sep-2026",58483,"",""
"1021","FISCHER","EQ",34.7,34.71,32.96,33.5,33.6,34.02,366426,123.17,"16-Sep-2026",1760,"",""
"1022","FIVESTAR","EQ",544.65,552.65,532.3,549.4,549.3,541.95,549733,3001.35,"16-Sep-2026",52577,"",""
"1023","FLAIR","EQ",234.1,236.17,228,231.89,231.2,233.73,67634,157.08,"16-Sep-2026",1951,"",""
"1024","FLEXIADD","EQ",9.69,9.73,9.6,9.68,9.71,9.67,133274,12.9,"16-Sep-2026",459,"",""
"1025","FLEXITUFF","BE",2.35,2.35,2.35,2.35,2.35,2.24,11329,0.27,"16-Sep-2026",34,"",""
"1026","FLFL","BZ",1.15,1.17,1.1,1.12,1.13,1.15,70205,0.78,"16-Sep-2026",95,"",""
"1027","FLUOROCHEM","EQ",4602,4620,4439.6,4533.6,4550,4601.3,104607,4736.52,"16-Sep-2026",16669,"",""
"1028","FLYSBS","SM",654.2,674.4,612,661.1,660,650.95,151400,974.52,"16-Sep-2026",450,"",""
"1029","FMCGADD","EQ",45.65,45.98,45.33,45.94,45.93,45.65,27665,12.64,"16-Sep-2026",72,"",""
"1030","FMCGIETF","EQ",48.5,49.2,48.49,49.14,49.17,48.49,1672884,820.56,"16-Sep-2026",4054,"",""
"1031","FMGOETZE","EQ",447.9,453.65,432.5,446.8,444,445.65,286717,1267.89,"16-Sep-2026",9503,"",""
"1032","FMNL","EQ",9.11,9.3,9.1,9.28,9.3,9.09,4137,0.38,"16-Sep-2026",57,"",""
"1033","FOCUS","BE",60.87,61.39,59.25,60.67,61,60.87,13908,8.37,"16-Sep-2026",191,"",""
"1034","FONEBOX","SM",136.15,136.5,126.1,132.55,135,131.25,27000,35.61,"16-Sep-2026",24,"",""
"1035","FOODSIN","EQ",52.64,53.98,49.15,51.98,51.96,53.49,138960,71.49,"16-Sep-2026",2707,"",""
"1036","FORCAS","ST",195.65,204.95,195.65,202.45,204.95,205.9,27200,53.61,"16-Sep-2026",14,"",""
"1037","FORCEMOT","EQ",17300,17501,17187,17383,17383,17245,56841,9861.24,"16-Sep-2026",17379,"",""
"1038","FORGEAUTO","SM",99.5,99.5,95.95,95.95,95.95,100.95,6000,5.8,"16-Sep-2026",5,"",""
"1039","FORTIS","EQ",880,880.1,861.4,870.3,870.3,880.1,1094839,9520.45,"16-Sep-2026",37379,"",""
"1040","FOSECOIND","EQ",6224.5,7040,6141,6846.5,6890,6223.5,178685,12101.88,"16-Sep-2026",41031,"",""
"1041","FRACTAL","EQ",750,751,735,738.6,739.5,748.1,166944,1238.96,"16-Sep-2026",11075,"",""
"1042","FREDUN","EQ",1322.5,1345.8,1195.2,1221.6,1222.9,1327.9,306726,3754.86,"16-Sep-2026",15302,"",""
"1043","FRESHARA","ST",440,451.95,437.75,444.5,444,460.75,30000,132.16,"16-Sep-2026",42,"",""
"1044","FROG","SM",265,296.85,265,290.95,294,265,82800,235.23,"16-Sep-2026",176,"",""
"1045","FRONTSP","EQ",1225,1225,1178.1,1185.8,1192.8,1226.6,22377,266.71,"16-Sep-2026",2864,"",""
"1046","FSL","EQ",278,280.95,268.5,277.75,279.5,283.35,4437986,12150.66,"16-Sep-2026",54576,"",""
"1047","FUSION","EQ",186.68,188.97,182.13,182.73,183.05,188.18,528710,974.63,"16-Sep-2026",13777,"",""
"1048","FWSTC","SM",180,180,180,180,180,185,1200,2.16,"16-Sep-2026",2,"",""
"1049","GABRIEL","EQ",1292.4,1309.4,1268.2,1295.7,1300,1300.5,275589,3554.38,"16-Sep-2026",33730,"",""
"1050","GAEL","EQ",159,159.51,152.64,157.16,157.81,158.72,1060772,1663.11,"16-Sep-2026",31087,"",""
"1051","GAIL","EQ",170.88,171.88,168.72,170.65,170.65,170.88,3949470,6727.32,"16-Sep-2026",55399,"",""
"1052","GAJA","EQ",142.73,144.45,137.5,138.83,139.75,142.55,551950,772.32,"16-Sep-2026",7514,"",""
"1053","GAJANAND","SM",7.95,7.95,7.95,7.95,7.95,8,3000,0.24,"16-Sep-2026",1,"",""
"1054","GALAPREC","EQ",986.6,1016.8,969,999.9,1007.8,992.1,30901,306.34,"16-Sep-2026",3981,"",""
"1055","GALAXYSURF","EQ",2112.9,2171.6,2078.7,2156.3,2160,2127.3,26358,562.23,"16-Sep-2026",5634,"",""
"1056","GALLANTT","EQ",539.6,542.9,521.5,524.95,526,534.65,147112,776.22,"16-Sep-2026",7852,"",""
"1057","GANDHAR","EQ",262.45,262.95,247.05,258.95,259.3,260.45,888416,2272.24,"16-Sep-2026",14700,"",""
"1058","GANDHITUBE","EQ",851,914.5,850,900.9,891.95,871.2,9851,87.22,"16-Sep-2026",764,"",""
"1059","GANECOS","EQ",1007,1016,983.2,1000.2,1002.1,1007,45692,457.65,"16-Sep-2026",3433,"",""
"1060","GANESHBE","BE",125,125,119.09,119.24,119.09,125.35,108181,129.82,"16-Sep-2026",621,"",""
"1061","GANESHCP","EQ",163.5,164.32,160.42,163.07,163,163.79,61120,99.26,"16-Sep-2026",1484,"",""
"1062","GANESHHOU","EQ",745.1,754.95,726.3,740.65,731.3,745.1,25380,186.62,"16-Sep-2026",1659,"",""
"1063","GANESHIN","ST",97.1,97.1,93,93.35,93.9,97.2,41600,39.44,"16-Sep-2026",39,"",""
"1064","GANGABATH","SM",19.2,20.05,19.2,20.05,20.05,20,12000,2.33,"16-Sep-2026",4,"",""
"1065","GANGAFORGE","EQ",1.64,1.65,1.58,1.59,1.6,1.63,1340813,21.56,"16-Sep-2026",1043,"",""
"1066","GANGESSECU","EQ",113.52,117,113,115.01,113.01,113.52,403,0.47,"16-Sep-2026",12,"",""
"1067","GARFIBRES","EQ",781.95,804.75,762.15,800.6,800.05,785.5,44337,348.79,"16-Sep-2026",5567,"",""
"1068","GARUDA","EQ",175.25,177.98,170.7,175.98,176.7,176.05,449765,784.21,"16-Sep-2026",7144,"",""
"1069","GATECH","BE",0.67,0.67,0.67,0.67,0.67,0.7,6062103,40.62,"16-Sep-2026",3449,"",""
"1070","GATECHDVR","BE",0.49,0.5,0.47,0.48,0.49,0.49,618204,2.97,"16-Sep-2026",247,"",""
"1071","GATEWAY","EQ",52.37,53.5,51.51,52.34,52.33,52.49,366855,191.35,"16-Sep-2026",3655,"",""
"1072","GAUDIUMIVF","EQ",115.01,118.9,111.4,116.42,116.8,114.42,135695,156.2,"16-Sep-2026",1616,"",""
"1073","GAYAHWS","EQ",1.92,1.93,1.81,1.84,1.88,1.88,205869,3.87,"16-Sep-2026",285,"",""
"1074","GAYAPROJ","EQ",26.4,27,24.85,24.85,24.85,26.15,1543449,388.77,"16-Sep-2026",3121,"",""
"1075","GCHOTELS","ST",100.5,110.65,100.15,108.7,110.65,105.4,54000,57.01,"16-Sep-2026",54,"",""
"1076","GCSL","EQ",604.6,604.6,560,594.75,594.9,601.55,1045600,6091.98,"16-Sep-2026",9179,"",""
"1077","GEECEE","BE",365,367.6,334.05,367.15,364,350.1,3782,13.62,"16-Sep-2026",84,"",""
"1078","GEEKAYWIRE","EQ",31.1,31.72,29.05,30.56,30.7,29.34,540043,164.27,"16-Sep-2026",3583,"",""
"1079","GEMAROMA","EQ",156.7,158.82,154,156.07,156.1,158.08,65058,101.64,"16-Sep-2026",1083,"",""
"1080","GENCON","EQ",42.98,42.98,38.11,39.02,38.32,39.67,364890,141.94,"16-Sep-2026",1675,"",""
"1081","GENESYS","EQ",289,295.88,270.1,276.71,278.79,285.51,1018076,2863.95,"16-Sep-2026",23295,"",""
"1082","GENSOL","BZ",17.48,17.48,16.64,16.84,17.09,16.94,34774,5.88,"16-Sep-2026",271,"",""
"1083","GENUSPAPER","EQ",11.38,11.74,10.87,11.11,11.2,11.38,117821,13.15,"16-Sep-2026",496,"",""
"1084","GENUSPOWER","EQ",306,307.2,291,301.55,300.7,306.5,1972232,5880.93,"16-Sep-2026",37410,"",""
"1085","GENXAI","SM",78,78.5,76.5,78.5,78.5,78,7200,5.57,"16-Sep-2026",6,"",""
"1086","GEOJITFSL","EQ",77.5,78,75.36,76.9,78,77.27,227487,174.08,"16-Sep-2026",3644,"",""
"1087","GESHIP","EQ",1390.4,1395,1358.8,1391.6,1392,1390.4,736615,10187.03,"16-Sep-2026",52300,"",""
"1088","GFLLIMITED","EQ",54.18,56.23,53.49,54.65,54.1,54.69,50994,27.75,"16-Sep-2026",987,"",""
"1089","GFSTEELS","BE",23.08,23.08,23.08,23.08,23.08,21.99,2929,0.68,"16-Sep-2026",18,"",""
"1090","GGBL","SM",208,210,202.05,207,207,206.65,31200,64.26,"16-Sep-2026",93,"",""
"1091","GHCL","EQ",423,424.5,415,418.85,420.5,423.15,128473,538.4,"16-Sep-2026",6630,"",""
"1092","GHCLTEXTIL","EQ",119,124.08,117.03,121.68,122.06,119.62,550150,665.89,"16-Sep-2026",10575,"",""
"1093","GICHSGFIN","EQ",135.4,136,132.94,134.92,136,134.89,64056,86.03,"16-Sep-2026",1344,"",""
"1094","GICL","BE",25,25,23.9,24.69,24.71,24.42,152986,37.59,"16-Sep-2026",162,"",""
"1095","GICRE","EQ",340.45,342.15,337,337.75,337.55,338.2,328457,1112.18,"16-Sep-2026",10764,"",""
"1096","GILLANDERS","EQ",102.4,105.01,102.4,103,103,102.91,3145,3.26,"16-Sep-2026",31,"",""
"1097","GILLETTE","EQ",7249,7295.5,7180,7275.5,7288,7248.5,7886,572.27,"16-Sep-2026",2814,"",""
"1098","GILT10BETA","EQ",26.08,26.61,26,26.59,26.59,26.21,464,0.12,"16-Sep-2026",14,"",""
"1099","GILT5BETA","EQ",66.57,66.99,65.61,66.79,66.79,65.66,838,0.56,"16-Sep-2026",13,"",""
"1100","GILT5YBEES","EQ",66.7,66.7,65.58,65.74,65.72,65.72,141028,92.68,"16-Sep-2026",368,"",""
"1101","GINNIFILA","BE",42.43,42.49,40.77,41.06,41.43,42.18,13767,5.68,"16-Sep-2026",64,"",""
"1102","GIPCL","EQ",187,191.75,181.1,185.14,186.34,188.31,490068,907.92,"16-Sep-2026",9535,"",""
"1103","GIRIRAJ","SM",93.1,93.1,84.3,84.3,84.3,88.7,13000,12.03,"16-Sep-2026",21,"",""
"1104","GJL","ST",292.95,292.95,291,292.05,292.05,279,4800,14.02,"16-Sep-2026",6,"",""
"1105","GKB","EQ",65.8,66.12,62.2,62.37,62.37,67.42,916,0.6,"16-Sep-2026",16,"",""
"1106","GKENERGY","EQ",122.5,123.6,119.61,119.91,120,123.57,358279,432.69,"16-Sep-2026",4190,"",""
"1107","GKSL","EQ",173.99,175.83,163.94,172.33,173,173.6,505195,861.22,"16-Sep-2026",7383,"",""
"1108","GKWLIMITED","EQ",1551,1607,1522.9,1589.2,1607,1554,251,3.96,"16-Sep-2026",51,"",""
"1109","GLAND","EQ",2877,2914.2,2792.4,2826.6,2812.5,2895.5,748751,21243.41,"16-Sep-2026",58816,"",""
"1110","GLASSWALL","EQ",194,229,185.2,214.85,216,182,50839300,105361.07,"16-Sep-2026",470443,"",""
"1111","GLAXO","EQ",2818,2878,2755.9,2856.2,2878,2818.9,85460,2407.38,"16-Sep-2026",13310,"",""
"1112","GLENMARK","EQ",2371.7,2425.8,2306.3,2410,2410,2371.7,677704,16038.66,"16-Sep-2026",43737,"",""
"1113","GLFL","EQ",5.4,5.4,5.01,5.35,5.35,5.26,5706,0.3,"16-Sep-2026",10,"",""
"1114","GLOBAL","EQ",127,131.98,124.5,128.89,128,126.23,214392,274.95,"16-Sep-2026",2851,"",""
"1115","GLOBALE","EQ",11.7,11.7,11.12,11.12,11.12,11.7,284,0.03,"16-Sep-2026",11,"",""
"1116","GLOBALVECT","EQ",129.5,134.39,125.5,126.96,125.68,129.84,9529,12.27,"16-Sep-2026",359,"",""
"1117","GLOBE","EQ",1.79,1.79,1.75,1.77,1.78,1.76,179969,3.19,"16-Sep-2026",228,"",""
"1118","GLOBECIVIL","EQ",44.9,45.44,42.03,42.56,43,43.5,61442,26.43,"16-Sep-2026",1318,"",""
"1119","GLOBUSSPR","EQ",825,844,810.9,839.05,838.95,820.55,57697,479.26,"16-Sep-2026",4488,"",""
"1120","GLOSTERLTD","EQ",575,589.9,570,578.95,583.7,575.1,465,2.69,"16-Sep-2026",73,"",""
"1121","GLOTTIS","EQ",59.03,59.03,57,58.01,58,59.03,34936,20.27,"16-Sep-2026",916,"",""
"1122","GMBREW","EQ",905.7,917,883.05,912.65,913.3,905.7,29171,264.67,"16-Sep-2026",2642,"",""
"1123","GMDCLTD","EQ",553.45,557,535.05,543.35,543,553.45,801915,4355.87,"16-Sep-2026",27217,"",""
"1124","GML","SM",16.35,17.45,16.35,17.45,17.45,16.9,6000,1,"16-Sep-2026",3,"",""
"1125","GMMPFAUDLR","EQ",1348,1355,1300.1,1335,1338,1348,586784,7812.27,"16-Sep-2026",40949,"",""
"1126","GMRAIRPORT","EQ",93.15,93.81,91.99,92.46,92.46,92.97,8814802,8169.27,"16-Sep-2026",50928,"",""
"1127","GMRP&UI","EQ",89.91,94.2,88.12,93.16,92.6,90.35,2290502,2104.79,"16-Sep-2026",20692,"",""
"1128","GNA","EQ",533,539.7,504.2,529.85,530.3,532.6,210288,1100.38,"16-Sep-2026",9316,"",""
"1129","GNFC","EQ",540.6,545.6,528.8,539.75,541.7,540.6,367982,1978.64,"16-Sep-2026",15823,"",""
"1130","GNRL","EQ",102.8,102.8,99.1,99.87,99.4,102.54,92414,92.75,"16-Sep-2026",2378,"",""
"1131","GOACARBON","EQ",388.75,400,384,390.6,387.5,384.9,37318,146.43,"16-Sep-2026",1714,"",""
"1132","GOCLCORP","EQ",440,440,415.85,428.4,429,435.65,199597,848.58,"16-Sep-2026",7494,"",""
"1133","GOCOLORS","EQ",306.8,310.2,298,303.6,304.85,304.9,79421,240.79,"16-Sep-2026",2828,"",""
"1134","GODAVARIB","EQ",226.63,258.87,224,236.94,238.44,226.63,9406369,23169.83,"16-Sep-2026",132041,"",""
"1135","GODFRYPHLP","EQ",1924,1938.7,1895,1934,1934,1915,167013,3206.18,"16-Sep-2026",14193,"",""
"1136","GODIGIT","EQ",252.6,254.95,248.25,250.9,250.1,251.5,155492,391.07,"16-Sep-2026",5393,"",""
"1137","GODREJAGRO","EQ",644,650,630.1,647.35,647,645.3,125139,800.25,"16-Sep-2026",6684,"",""
"1138","GODREJCP","EQ",856,876.85,856,863,863,857,1427742,12444.14,"16-Sep-2026",22881,"",""
"1139","GODREJIND","EQ",1107,1172,1078,1136.5,1136,1104,463606,5269.84,"16-Sep-2026",31484,"",""
"1140","GODREJPROP","EQ",1666.9,1703.7,1647.6,1665.3,1665.3,1659.3,783588,13149.71,"16-Sep-2026",44260,"",""
"1141","GOKEX","EQ",741.2,743.15,705.95,725.35,725,743.3,273049,1969.18,"16-Sep-2026",21367,"",""
"1142","GOKUL","EQ",40.65,40.65,38.75,39.39,39.35,39.92,157381,61.88,"16-Sep-2026",957,"",""
"1143","GOKULAGRO","EQ",219.8,219.96,213.01,218.43,219.49,218.69,222970,483.63,"16-Sep-2026",9921,"",""
"1144","GOLD1","EQ",125.53,126.35,125.53,126.08,126.27,124.66,3393728,4272.68,"16-Sep-2026",10272,"",""
"1145","GOLD360","EQ",146.2,147.8,137.15,147.35,147.8,145.8,130306,190.38,"16-Sep-2026",405,"",""
"1146","GOLDADD","EQ",14.72,14.77,14.63,14.69,14.68,14.5,3004420,441.17,"16-Sep-2026",3495,"",""
"1147","GOLDAXIS","EQ",125.79,125.98,125.4,125.92,125.94,124.35,1451503,1824.91,"16-Sep-2026",2217,"",""
"1148","GOLDBEES","EQ",124.6,125.05,124.43,124.91,125,123.62,13858810,17291.34,"16-Sep-2026",69426,"",""
"1149","GOLDBETA","EQ",127.35,127.4,126.65,127.15,127.4,126.05,386720,491.32,"16-Sep-2026",1804,"",""
"1150","GOLDBND","EQ",149.7,152.28,149.7,151.13,151.69,149.43,14446,21.81,"16-Sep-2026",155,"",""
"1151","GOLDCASE","EQ",23.68,23.82,23.68,23.78,23.78,23.51,6622272,1573.22,"16-Sep-2026",7788,"",""
"1152","GOLDENTOBC","BZ",25,25.29,23.77,23.77,23.77,25,3696,0.89,"16-Sep-2026",40,"",""
"1153","GOLDETF","EQ",146.77,147,146.33,146.81,147,145.49,1182514,1734.74,"16-Sep-2026",4574,"",""
"1154","GOLDIAM","EQ",324.7,329.95,317,321.8,322.9,324.15,408492,1317.28,"16-Sep-2026",12118,"",""
"1155","GOLDIETF","EQ",129.15,129.6,128.93,129.44,129.6,127.94,2824470,3652.43,"16-Sep-2026",20907,"",""
"1156","GOLDSTAR","SM",8.35,8.6,8.35,8.6,8.6,8.2,112500,9.6,"16-Sep-2026",10,"",""
"1157","GOLDTECH","BE",42.6,42.6,40.7,41.29,41.64,42.75,27399,11.3,"16-Sep-2026",181,"",""
"1158","GOODLUCK","EQ",519.15,527.05,495.5,510.3,504.1,519.15,533794,2700.07,"16-Sep-2026",20294,"",""
"1159","GOODYEAR","EQ",720,729.8,708.1,712.05,722.8,712.95,3200,22.89,"16-Sep-2026",468,"",""
"1160","GOPAL","EQ",249.3,257.95,248,254.4,252.25,249.3,117717,296.61,"16-Sep-2026",5075,"",""
"1161","GOYALALUM","EQ",5.93,6.08,5.81,5.9,5.95,5.93,32092,1.9,"16-Sep-2026",340,"",""
"1162","GOYALSALT","SM",105,105,102,103,103,102.6,2400,2.47,"16-Sep-2026",4,"",""
"1163","GPECO","SM",402,402,391.7,395,395,398.8,4800,19.01,"16-Sep-2026",21,"",""
"1164","GPIL","EQ",237.68,238,231.24,236.49,236,237.16,1238726,2903.48,"16-Sep-2026",19185,"",""
"1165","GPPL","EQ",162.15,163.3,158.35,162.24,162.49,161.18,1409967,2269.87,"16-Sep-2026",21942,"",""
"1166","GPTHEALTH","EQ",158.42,164.06,155,163.3,163,159.45,135814,219.22,"16-Sep-2026",3883,"",""
"1167","GPTINFRA","EQ",111.72,112.51,109.65,111,111,111.72,114845,127.68,"16-Sep-2026",1414,"",""
"1168","GRADIENTE","BE",2.49,2.49,2.34,2.34,2.34,2.46,270800,6.45,"16-Sep-2026",179,"",""
"1169","GRANDOAK","EQ",34.8,36.43,34,34.08,35.49,34.89,1703,0.59,"16-Sep-2026",176,"",""
"1170","GRANULES","EQ",869,872,829,835.6,855,872.6,2651978,22485.49,"16-Sep-2026",68121,"",""
"1171","GRAPHISAD","SM",25.3,25.8,25.3,25.5,25.5,25.3,6000,1.54,"16-Sep-2026",5,"",""
"1172","GRAPHITE","EQ",785,818.7,774.6,805.05,809,781.5,3021853,24199.3,"16-Sep-2026",81140,"",""
"1173","GRASIM","EQ",3190,3201.8,3159.1,3187,3187,3171,859973,27424.58,"16-Sep-2026",35055,"",""
"1174","GRAUWEIL","EQ",73.2,75.04,70.4,73.56,73.52,73.08,517563,378.54,"16-Sep-2026",4458,"",""
"1175","GRAVISSHO","EQ",49,49.9,42.28,42.37,42.67,46.97,94415,41.98,"16-Sep-2026",652,"",""
"1176","GRAVITA","EQ",1639.3,1646.5,1601.3,1622.7,1620,1639,100063,1626.05,"16-Sep-2026",13594,"",""
"1177","GRCL","SM",580,580,580,580,580,577.5,250,1.45,"16-Sep-2026",1,"",""
"1178","GREAVESCOT","EQ",186.05,187.7,178.71,185.64,186.88,187.13,949927,1746.03,"16-Sep-2026",13287,"",""
"1179","GREENCHEF","SM",69,71,65,68.5,68.5,69.75,13600,9.35,"16-Sep-2026",14,"",""
"1180","GREENLAM","EQ",227.7,232.08,221.67,230.86,229,226.57,29337,66.88,"16-Sep-2026",1173,"",""
"1181","GREENLEAF","ST",111.8,114.45,111.8,114.4,114.45,109.25,6000,6.79,"16-Sep-2026",6,"",""
"1182","GREENPANEL","EQ",152.7,154.25,148.51,152.77,153.1,151.24,620970,946.88,"16-Sep-2026",8052,"",""
"1183","GREENPLY","EQ",275,284.2,275,281.1,281.5,280.1,99357,277.58,"16-Sep-2026",3003,"",""
"1184","GREENPOWER","EQ",9.21,9.21,8.91,9.06,9.13,9.09,2506910,226.41,"16-Sep-2026",4774,"",""
"1185","GRINDWELL","EQ",1824.7,1867.9,1818.5,1852.9,1860,1825.9,21384,395.37,"16-Sep-2026",5156,"",""
"1186","GRINFRA","EQ",835,840.55,815.6,819.05,819.9,838.15,25372,208.29,"16-Sep-2026",3625,"",""
"1187","GRMOVER","EQ",82.6,83.85,79.34,82.02,80.55,82.7,1077928,878.42,"16-Sep-2026",7855,"",""
"1188","GROBTEA","EQ",959.4,959.4,938.2,938.95,938.2,941.7,13,0.12,"16-Sep-2026",8,"",""
"1189","GROWW","EQ",194,194.56,188.4,189.76,189.9,197.59,147977809,282943.93,"16-Sep-2026",223196,"",""
"1190","GROWWCAPM","EQ",11.1,11.15,10.85,11.03,11.05,11.1,832378,91.35,"16-Sep-2026",1577,"",""
"1191","GROWWCHEM","EQ",29.24,29.24,28.33,28.97,29.02,29.24,48615,14.01,"16-Sep-2026",385,"",""
"1192","GROWWDEFNC","EQ",91.97,93,89.23,91.79,92.98,91.97,460123,418.4,"16-Sep-2026",4506,"",""
"1193","GROWWEV","EQ",31.58,31.58,31.03,31.21,31.35,31.48,298822,93.45,"16-Sep-2026",1712,"",""
"1194","GROWWGOLD","EQ",14.75,14.78,14.7,14.76,14.76,14.6,1752135,258.37,"16-Sep-2026",3469,"",""
"1195","GROWWHOSPI","EQ",51.92,52.35,50.57,51.14,51.01,51.92,332991,170.35,"16-Sep-2026",1645,"",""
"1196","GROWWLIQID","EQ",110.87,110.87,110.76,110.76,110.77,110.75,243164,269.35,"16-Sep-2026",176,"",""
"1197","GROWWLOVOL","EQ",10.11,10.11,9.91,10.05,10,10.11,14072,1.41,"16-Sep-2026",88,"",""
"1198","GROWWMC150","EQ",225.3,227.99,221.53,224.33,222.08,226.5,399,0.89,"16-Sep-2026",46,"",""
"1199","GROWWMETAL","EQ",12.38,12.38,11.97,12.05,12.08,12.14,453032,54.81,"16-Sep-2026",1256,"",""
"1200","GROWWMOM50","EQ",10.65,10.69,10.46,10.66,10.68,10.65,155290,16.5,"16-Sep-2026",531,"",""
"1201","GROWWN200","EQ",10.92,11.25,10.82,10.94,11.25,10.92,53232,5.82,"16-Sep-2026",237,"",""
"1202","GROWWNET","EQ",10.64,10.94,10.49,10.72,10.94,10.7,1809603,192.36,"16-Sep-2026",762,"",""
"1203","GROWWNIFTY","EQ",9.44,9.45,9.33,9.43,9.44,9.41,752550,70.75,"16-Sep-2026",3369,"",""
"1204","GROWWNXT50","EQ",72.68,72.68,70.01,72.43,72.5,71.8,7750,5.5,"16-Sep-2026",129,"",""
"1205","GROWWPOWER","EQ",11.24,11.24,10.85,10.93,10.99,11.02,1833790,200.86,"16-Sep-2026",3230,"",""
"1206","GROWWPSE","EQ",97.68,97.68,94.85,95.52,97,96.11,3791,3.62,"16-Sep-2026",109,"",""
"1207","GROWWPSUBK","EQ",82.88,83.79,81.35,83.33,83.6,82.08,5330,4.41,"16-Sep-2026",148,"",""
"1208","GROWWRAIL","EQ",26.87,27,26.4,26.75,26.9,26.86,720691,192,"16-Sep-2026",4153,"",""
"1209","GROWWRLTY","EQ",9.39,9.39,9.05,9.28,9.2,9.22,366826,33.65,"16-Sep-2026",703,"",""
"1210","GROWWSC250","EQ",10.52,10.59,10.1,10.41,10.35,10.38,283009,29.16,"16-Sep-2026",765,"",""
"1211","GROWWSLVR","EQ",22.5,22.5,22.31,22.38,22.35,22,1498334,335.81,"16-Sep-2026",2634,"",""
"1212","GRPLTD","EQ",2046.2,2046.2,1916.1,1979.3,2000,2046.2,2182,42.86,"16-Sep-2026",372,"",""
"1213","GRSE","EQ",2370,2370,2290,2314.6,2316,2358.8,428399,9929.61,"16-Sep-2026",33448,"",""
"1214","GRWRHITECH","EQ",6625,6640,6392,6431,6409,6603.5,63165,4088.18,"16-Sep-2026",13118,"",""
"1215","GSEC10ABSL","EQ",111.24,111.92,111.24,111.92,111.92,112.59,16,0.02,"16-Sep-2026",2,"",""
"1216","GSEC10IETF","EQ",262.81,263.5,255,262.2,262.2,263.08,203235,534.37,"16-Sep-2026",57,"",""
"1217","GSEC10YEAR","EQ",30.04,30.47,30.04,30.19,30.19,30.05,1875,0.57,"16-Sep-2026",15,"",""
"1218","GSEC5IETF","EQ",66.17,66.74,65.56,65.62,65.62,65.85,3276,2.16,"16-Sep-2026",25,"",""
"1219","GSFC","EQ",151.85,152.24,147.15,149.16,149,151.55,1062067,1581.4,"16-Sep-2026",13768,"",""
"1220","GSLSU","EQ",27.15,28.77,27.11,27.51,27.9,28,34366,9.47,"16-Sep-2026",345,"",""
"1221","GSMFOILS","SM",81.75,85.85,81.75,85.85,85.85,81.8,269000,230.12,"16-Sep-2026",250,"",""
"1222","GSPCROP","EQ",473.1,489,472,482.95,488.95,472.35,504025,2407.46,"16-Sep-2026",6458,"",""
"1223","GSS","EQ",10.47,10.47,9.6,10.08,10.12,10.22,28633,2.87,"16-Sep-2026",212,"",""
"1224","GSTL","SM",10.45,10.95,9.95,10.95,10.95,10.45,25000,2.64,"16-Sep-2026",15,"",""
"1225","GTECJAINX","EQ",28.3,29,27.11,27.61,28.5,29.31,5433,1.53,"16-Sep-2026",41,"",""
"1226","GTL","EQ",7.01,7.25,6.95,7.1,7.1,7.08,144365,10.21,"16-Sep-2026",603,"",""
"1227","GTLINFRA","EQ",1.13,1.14,1.11,1.11,1.12,1.13,25238570,283.18,"16-Sep-2026",12027,"",""
"1228","GTPL","EQ",57.11,58.74,55.8,56.46,56.97,57.83,49981,28.46,"16-Sep-2026",958,"",""
"1229","GUFICBIO","EQ",424.45,424.45,404.1,419.85,420.9,425.1,112795,465.79,"16-Sep-2026",4678,"",""
"1230","GUJALKALI","EQ",692,709.55,674,696.5,695.1,692.7,88806,613.35,"16-Sep-2026",6872,"",""
"1231","GUJAPOLLO","EQ",340,344,332.2,338.1,340,340.85,50739,171.51,"16-Sep-2026",523,"",""
"1232","GUJENERGY","EQ",244.36,245.87,241.5,244.24,244,243.56,1082398,2636.49,"16-Sep-2026",24082,"",""
"1233","GUJRAFFIA","EQ",42.35,42.35,40.05,40.23,40.08,40.26,2348,0.96,"16-Sep-2026",48,"",""
"1234","GUJTHEM","EQ",425.9,427.95,401.95,412.6,410.25,430.45,394301,1620.09,"16-Sep-2026",14900,"",""
"1235","GULFOILLUB","EQ",1057.3,1065.2,1032.8,1057.2,1057,1057.3,25186,265.71,"16-Sep-2026",4709,"",""
"1236","GULFPETRO","BE",60,62.5,57.96,61.1,61.4,61.01,161491,94.87,"16-Sep-2026",487,"",""
"1237","GULPOLY","EQ",170.6,170.6,165.06,168.89,169.92,170.03,135723,227.81,"16-Sep-2026",2876,"",""
"1238","GVKPIL","BE",2.33,2.33,2.33,2.33,2.33,2.29,2042477,47.59,"16-Sep-2026",787,"",""
"1239","GVPIL","EQ",628.95,630,597.75,616.1,614.55,620.05,128227,789.81,"16-Sep-2026",6315,"",""
"1240","GVPTECH","BE",7.5,7.74,7.42,7.65,7.65,7.57,40085,3.02,"16-Sep-2026",194,"",""
"1241","GVT&D","EQ",4238.1,4315.7,4149.7,4267,4267,4246.9,717611,30400.46,"16-Sep-2026",80938,"",""
"1242","GYFTR","EQ",176.1,182.1,176.1,178.11,182,178.62,19937,35.58,"16-Sep-2026",378,"",""
"1243","HAL","EQ",4690,4709.6,4615.8,4695.6,4695.6,4695,679509,31762.38,"16-Sep-2026",54067,"",""
"1244","HALDER","EQ",258,288.5,258,285.95,276.65,265.9,21626,60.11,"16-Sep-2026",175,"",""
"1245","HALDYNGL","BE",140.26,144.8,138.5,140.91,142,141.68,52067,72.97,"16-Sep-2026",199,"",""
"1246","HALEOSLABS","EQ",1450.6,1524,1450.6,1507.9,1507,1488.9,2124,31.8,"16-Sep-2026",149,"",""
"1247","HAMPTON","EQ",8,8.72,7.85,8.55,8.12,7.95,314251,26.84,"16-Sep-2026",135,"",""
"1248","HAPPSTMNDS","EQ",327.85,333.9,322.85,327.45,327.25,325.6,953262,3133.38,"16-Sep-2026",17107,"",""
"1249","HAPPY","SM",84,84,78,82.9,82.9,84.2,72000,58.41,"16-Sep-2026",32,"",""
"1250","HAPPYFORGE","EQ",2065,2178,2065,2155.9,2164,2074.3,168189,3611.3,"16-Sep-2026",20890,"",""
"1251","HARDWYN","EQ",9.05,9.11,8.97,9.04,9.06,9.06,2829919,256.66,"16-Sep-2026",946,"",""
"1252","HARIOMPIPE","EQ",348,356.95,346.1,350.35,350,351.6,104808,367.51,"16-Sep-2026",4464,"",""
"1253","HARRMALAYA","EQ",182.7,182.7,176.44,178.71,177.76,182.6,4508,8.1,"16-Sep-2026",320,"",""
"1254","HARSHA","EQ",425,432.2,407.85,430,431,424.7,189658,803.5,"16-Sep-2026",7805,"",""
"1255","HATHWAY","EQ",9.94,10.12,9.86,10,10.03,9.95,1263943,126.17,"16-Sep-2026",2353,"",""
"1256","HATSUN","EQ",1273.1,1275,1206.1,1214,1220.2,1275,88440,1087.68,"16-Sep-2026",12115,"",""
"1257","HAVELLS","EQ",1093,1106.9,1084.8,1089.9,1089.9,1087,726459,7950.52,"16-Sep-2026",41262,"",""
"1258","HAVISHA","EQ",1.34,1.39,1.3,1.33,1.33,1.31,18072,0.24,"16-Sep-2026",99,"",""
"1259","HAWKINCOOK","EQ",8375,8375,8200,8296.5,8301,8381.5,1644,136.25,"16-Sep-2026",749,"",""
"1260","HAZOOR","EQ",18.8,19.29,18.01,18.51,18.99,18.74,194145,36.35,"16-Sep-2026",723,"",""
"1261","HBESD","EQ",69.01,74.01,69,71.02,71.02,71.5,319,0.23,"16-Sep-2026",34,"",""
"1262","HBLENGINE","EQ",719,719,692,704.65,703.7,720.15,831268,5840.96,"16-Sep-2026",30898,"",""
"1263","HBPOR","EQ",65,65,59,62.3,63,59.99,1402,0.88,"16-Sep-2026",66,"",""
"1264","HBSL","EQ",53.11,53.11,50.55,52.24,52,52.85,1508,0.79,"16-Sep-2026",42,"",""
"1265","HCC","EQ",21.4,21.44,20.64,21.04,21.13,21.32,21826373,4573.9,"16-Sep-2026",32496,"",""
"1266","HCG","EQ",678.3,684.3,644.95,674.15,671.05,678.3,241632,1605.78,"16-Sep-2026",17547,"",""
"1267","HCL-INSYS","EQ",10.15,10.15,10,10,10.03,10.01,104971,10.54,"16-Sep-2026",595,"",""
"1268","HCLTECH","EQ",1262.5,1284.6,1244.9,1253,1253,1253.7,3049093,38554.63,"16-Sep-2026",81049,"",""
"1269","HDBFS","EQ",664.7,678.8,662.7,678,678.5,664.7,294552,1984.87,"16-Sep-2026",14815,"",""
"1270","HDFCAMC","EQ",2383.1,2408.5,2360,2373.1,2373.1,2409,482108,11490.49,"16-Sep-2026",48205,"",""
"1271","HDFCBANK","EQ",714.9,725.4,710.85,721.5,721.5,716.55,27476943,197439.29,"16-Sep-2026",234534,"",""
"1272","HDFCBSE500","EQ",36,36.99,35.6,36.59,36.44,36.33,1443873,524.04,"16-Sep-2026",251,"",""
"1273","HDFCGOLD","EQ",128.8,129.39,128.61,129.11,129.25,127.88,2989552,3855.22,"16-Sep-2026",6735,"",""
"1274","HDFCGROWTH","EQ",117.75,117.75,113.71,115.2,114.95,115.75,6856,7.9,"16-Sep-2026",138,"",""
"1275","HDFCLIFE","EQ",522,534,517,530.2,530.2,516.1,3970025,20919.43,"16-Sep-2026",51711,"",""
"1276","HDFCLIQUID","EQ",1078.04,1078.06,1078.04,1078.05,1078.04,1077.91,24738,266.69,"16-Sep-2026",59,"",""
"1277","HDFCLOWVOL","EQ",19.87,19.95,19.63,19.8,19.74,19.87,3347,0.66,"16-Sep-2026",61,"",""
"1278","HDFCMID150","EQ",22.71,22.79,22.39,22.72,22.77,22.71,527369,119.24,"16-Sep-2026",1621,"",""
"1279","HDFCMOMENT","EQ",30.14,30.34,29.64,30.09,30.17,30.05,136259,40.66,"16-Sep-2026",762,"",""
"1280","HDFCNEXT50","EQ",70.73,72.43,70.73,72.13,72.4,72.18,128348,92.36,"16-Sep-2026",769,"",""
"1281","HDFCNIF100","EQ",25.18,25.28,25,25.24,25.28,25.18,38353,9.66,"16-Sep-2026",275,"",""
"1282","HDFCNIFBAN","EQ",57.69,58.03,57.54,57.93,58,57.69,45470,26.31,"16-Sep-2026",332,"",""
"1283","HDFCNIFIT","EQ",31.79,31.82,30.9,30.96,31.1,31.64,125151,39.14,"16-Sep-2026",351,"",""
"1284","HDFCNIFTY","EQ",262.7,262.84,261.08,262.14,262.84,261.49,1280964,3357.09,"16-Sep-2026",4070,"",""
"1285","HDFCNIMEG","EQ",130.7,130.7,125.73,127.21,126.85,136.31,141137,179.45,"16-Sep-2026",496,"",""
"1286","HDFCPSUBK","EQ",83.19,83.9,82.75,83.78,83.9,82.65,21240,17.73,"16-Sep-2026",167,"",""
"1287","HDFCPVTBAN","EQ",27.76,27.93,27.65,27.8,27.7,27.76,134447,37.28,"16-Sep-2026",283,"",""
"1288","HDFCQUAL","EQ",56.69,56.86,56.31,56.71,56.84,56.56,4138,2.34,"16-Sep-2026",58,"",""
"1289","HDFCSENSEX","EQ",83.98,84.8,83.92,84.78,84.8,84.58,59228,50.12,"16-Sep-2026",474,"",""
"1290","HDFCSILVER","EQ",217.75,219.27,217.75,218.6,218.64,214.48,2201761,4814.07,"16-Sep-2026",7280,"",""
"1291","HDFCSML250","EQ",181.32,182.66,176.51,181.06,182.35,180.83,3533603,6336.67,"16-Sep-2026",24130,"",""
"1292","HDFCVALUE","EQ",122.95,123.55,121.22,121.57,121.94,121.73,12694,15.45,"16-Sep-2026",104,"",""
"1293","HDIL","BZ",1.5,1.51,1.45,1.47,1.48,1.49,83164,1.23,"16-Sep-2026",212,"",""
"1294","HEADSUP","EQ",7.01,7.25,6.77,6.89,6.82,6.98,92166,6.38,"16-Sep-2026",151,"",""
"1295","HEALTHADD","EQ",16.48,17,16.19,16.29,16.36,16.5,20520,3.36,"16-Sep-2026",89,"",""
"1296","HEALTHAXIS","EQ",166.34,166.5,164.44,165.48,166.5,166.4,5023,8.31,"16-Sep-2026",77,"",""
"1297","HEALTHCARE","EQ",21.82,21.82,19.26,21.33,21.35,21.39,21058,4.47,"16-Sep-2026",195,"",""
"1298","HEALTHIETF","EQ",168.43,168.99,165.28,166.98,166.5,167.86,108076,180.15,"16-Sep-2026",4057,"",""
"1299","HEALTHX","EQ",306,306.9,293.95,298.1,300,305.55,3534,10.67,"16-Sep-2026",89,"",""
"1300","HEALTHY","EQ",16.84,17.15,16.6,16.77,16.9,16.84,358358,60,"16-Sep-2026",1121,"",""
"1301","HECPROJECT","EQ",117.53,118.11,111.4,114.45,113.7,117.53,13832,15.78,"16-Sep-2026",215,"",""
"1302","HEG","BE",214.1,225.25,214.1,215.05,217,225.35,3358403,7263.81,"16-Sep-2026",28622,"",""
"1303","HEIDELBERG","EQ",145.77,145.93,139.95,141.2,140.8,145.97,291016,411.24,"16-Sep-2026",6317,"",""
"1304","HEMIPROP","EQ",118.05,118.05,115.2,117.67,117.31,117.18,160025,187.06,"16-Sep-2026",2360,"",""
"1305","HERANBA","EQ",167.85,169.89,161.04,163.31,163.3,165.95,36171,58.97,"16-Sep-2026",1316,"",""
"1306","HERITGFOOD","EQ",393.85,413.6,384.3,408.65,409,393.85,775192,3107.06,"16-Sep-2026",21845,"",""
"1307","HEROMOTOCO","EQ",5200,5315,5186.5,5235,5235,5166,525693,27579.9,"16-Sep-2026",54212,"",""
"1308","HESTERBIO","EQ",2147,2305,2130,2207.7,2305,2171.8,4571,98.83,"16-Sep-2026",749,"",""
"1309","HEXAGON","BE",64.54,65.27,63,63.96,64,64.54,872829,564.94,"16-Sep-2026",714,"",""
"1310","HEXATRADEX","EQ",158.99,158.99,154,156.37,157,156.06,1415,2.22,"16-Sep-2026",77,"",""
"1311","HEXT","EQ",517,524.85,510,522.75,523.9,517.5,162429,843.91,"16-Sep-2026",12674,"",""
"1312","HFCL","BE",214.6,216.4,210.91,212.91,213,222.01,7489358,15935.71,"16-Sep-2026",37832,"",""
"1313","HGINFRA","EQ",471.9,473.95,460.1,461.5,461.15,471.8,54377,252.35,"16-Sep-2026",4245,"",""
"1314","HGM","EQ",46.79,47.5,46.2,46.81,46.81,46.77,2412,1.13,"16-Sep-2026",64,"",""
"1315","HGS","EQ",391.35,391.35,375.15,386.05,389,381.6,9360,35.71,"16-Sep-2026",736,"",""
"1316","HIGREEN","SM",120.9,122,120,120,120,121.5,6400,7.77,"16-Sep-2026",8,"",""
"1317","HIKAL","EQ",211.87,226,203.83,224.38,224.8,212.22,1817632,3956.29,"16-Sep-2026",32721,"",""
"1318","HILINFRA","EQ",43.99,43.99,41.9,43.83,43.75,43.6,78958,34.12,"16-Sep-2026",756,"",""
"1319","HILTON","EQ",17.01,17.93,17.01,17.52,17.5,17.29,72492,12.55,"16-Sep-2026",383,"",""
"1320","HIMATSEIDE","EQ",65.05,65.35,63.25,64.76,64.51,65.12,353499,227.37,"16-Sep-2026",4530,"",""
"1321","HINDADH","EQ",384,384,364,378.45,381,371.95,3121,11.76,"16-Sep-2026",118,"",""
"1322","HINDALCO","EQ",956.4,978.5,956.4,972.7,972.7,958.7,3439776,33416.88,"16-Sep-2026",85004,"",""
"1323","HINDALUMI","EQ",97,97,92,93.83,93.53,95.09,2229,2.1,"16-Sep-2026",118,"",""
"1324","HINDCOMPOS","EQ",378.2,380,367,374.3,374,379.45,2149,8.06,"16-Sep-2026",174,"",""
"1325","HINDCON","EQ",24.43,24.43,23.25,23.76,23.94,23.74,15512,3.69,"16-Sep-2026",162,"",""
"1326","HINDCOPPER","EQ",496,496.7,477.5,481.6,482.6,492.1,7244772,34963.06,"16-Sep-2026",135591,"",""
"1327","HINDOILEXP","EQ",175.5,183,170.1,180.44,181,175.72,971364,1715.3,"16-Sep-2026",13252,"",""
"1328","HINDPETRO","EQ",347,352.25,343.05,350.05,350.05,345.3,3786470,13217.11,"16-Sep-2026",43783,"",""
"1329","HINDUNILVR","EQ",1944.1,1977,1943.5,1962,1962,1938.1,1013304,19906.92,"16-Sep-2026",47179,"",""
"1330","HINDWAREAP","EQ",175.29,176.09,171,171.93,172,174.42,80014,138.25,"16-Sep-2026",2576,"",""
"1331","HINDZINC","EQ",564.8,573.55,561.2,567.5,567.5,560.9,2902624,16507.31,"16-Sep-2026",64717,"",""
"1332","HIRECT","EQ",1205.7,1215,1156.7,1182.6,1180.3,1204.9,53206,629.82,"16-Sep-2026",4699,"",""
"1333","HISARMETAL","EQ",158.7,158.75,155.5,155.5,155.5,155.53,203,0.32,"16-Sep-2026",6,"",""
"1334","HITECH","EQ",74,74.28,71.76,73.36,73.56,73.61,444665,325.3,"16-Sep-2026",4642,"",""
"1335","HITECHCORP","BE",330.4,335,329.4,330.5,330,327.9,8225,27.37,"16-Sep-2026",54,"",""
"1336","HITECHGEAR","BE",532,579,526,527.5,547.95,551.8,4707,26.16,"16-Sep-2026",74,"",""
"1337","HLEGLAS","EQ",391.5,433.8,388.05,416.85,421.8,395.4,1168248,4902.21,"16-Sep-2026",42868,"",""
"1338","HLVLTD","EQ",6.4,7,6.27,6.79,6.75,6.26,815269,54.62,"16-Sep-2026",1697,"",""
"1339","HMAAGRO","EQ",24.99,24.99,22.2,23.04,23.14,23.41,11554697,2659.97,"16-Sep-2026",28912,"",""
"1340","HMT","BZ",61.1,62.5,60.1,61.79,61.79,61.09,7809,4.76,"16-Sep-2026",72,"",""
"1341","HMVL","BE",78.03,79.5,77.01,78.31,78.33,78.03,4610,3.61,"16-Sep-2026",76,"",""
"1342","HNDFDS","EQ",596,612,593.5,606.45,604,598.15,85796,516.79,"16-Sep-2026",4352,"",""
"1343","HNGSNGBEES","EQ",470.08,470.08,462.8,464.42,464.8,465.43,57841,268.96,"16-Sep-2026",3223,"",""
"1344","HOACFOODS","ST",877.1,877.1,877.1,877.1,877.1,894.95,2250,19.73,"16-Sep-2026",6,"",""
"1345","HOLMARC","SM",108.4,110,108.4,110,110,114.1,7500,8.16,"16-Sep-2026",7,"",""
"1346","HOMEFIRST","EQ",1175.3,1187,1155.8,1175.9,1171.2,1175.3,144222,1691.35,"16-Sep-2026",14383,"",""
"1347","HONASA","EQ",457,472,449.35,469.3,471.6,457.25,736639,3403.92,"16-Sep-2026",26175,"",""
"1348","HONAUT","EQ",33600,34170,33510,33895,33940,33595,2373,804.02,"16-Sep-2026",1663,"",""
"1349","HONDAPOWER","EQ",1925,1931.9,1890,1922.9,1912,1926.6,1842,35.18,"16-Sep-2026",374,"",""
"1350","HORIZONIND","EQ",53.58,53.9,52.46,52.91,52.85,53.59,2695151,1425.37,"16-Sep-2026",12697,"",""
"1351","HPAL","EQ",35.36,36.88,34.4,35.64,35.99,35.41,52106,18.38,"16-Sep-2026",539,"",""
"1352","HPIL","EQ",120.51,120.51,119.77,120,120,119.77,417,0.5,"16-Sep-2026",25,"",""
"1353","HPL","EQ",283.25,283.3,274.05,278,276.1,283.2,116910,325.12,"16-Sep-2026",6128,"",""
"1354","HPTL","SM",366.5,393.75,366.5,393.75,393.75,375,10200,39.88,"16-Sep-2026",17,"",""
"1355","HRYNSHP","EQ",96.86,100,96.1,100,100,96.38,68,0.07,"16-Sep-2026",10,"",""
"1356","HSBCGOLD","EQ",133,133,130.07,131.51,131.33,130.59,240672,316.45,"16-Sep-2026",83,"",""
"1357","HSCL","EQ",640,657.25,636.3,652.8,653.8,637.25,4620164,29925.58,"16-Sep-2026",80995,"",""
"1358","HTEL","EQ",78.4,78.4,71.79,74.21,74.3,81.32,3861012,2894.33,"16-Sep-2026",15829,"",""
"1359","HTMEDIA","EQ",23.55,23.9,22.75,22.99,23,23.55,246224,56.89,"16-Sep-2026",788,"",""
"1360","HUBTOWN","EQ",173,180.09,169.11,176.39,175.98,173.18,380751,664.48,"16-Sep-2026",5993,"",""
"1361","HUDCO","EQ",169.02,171.2,167.11,169.73,169.3,168.92,985174,1669.95,"16-Sep-2026",23058,"",""
"1362","HUHTAMAKI","EQ",245.8,249.35,238.65,243.05,244,242.15,188067,460.07,"16-Sep-2026",7482,"",""
"1363","HVAX","SM",605.55,667.3,603.8,646.15,667.3,635.55,5850,35.62,"16-Sep-2026",13,"",""
"1364","HYBRIDETF","EQ",9.9,9.9,9.8,9.88,9.88,9.86,21981,2.16,"16-Sep-2026",63,"",""
"1365","HYBRIDFIN","BE",16.21,16.5,16.2,16.21,16.21,16.21,2859,0.47,"16-Sep-2026",14,"",""
"1366","HYUNDAI","EQ",2140,2182,2135.4,2155,2155,2140,733017,15840.11,"16-Sep-2026",53134,"",""
"1367","IBLFL","SM",61,61,61,61,61,61.2,2000,1.22,"16-Sep-2026",1,"",""
"1368","IBULLSLTD","EQ",28.81,28.81,27.9,28.79,28.81,27.44,62047779,17784.92,"16-Sep-2026",38138,"",""
"1369","ICDSLTD","BE",64.99,64.99,60.5,60.53,60.5,63.15,2838,1.74,"16-Sep-2026",28,"",""
"1370","ICELCO","SM",118.15,118.75,114.7,117,117,120.1,16800,19.66,"16-Sep-2026",12,"",""
"1371","ICEMAKE","EQ",690.3,690.4,668.2,671.8,673.95,695.55,43401,293.99,"16-Sep-2026",10249,"",""
"1372","ICICIAMC","EQ",3065,3105,3028,3086.3,3080,3065,293518,8995.02,"16-Sep-2026",40247,"",""
"1373","ICICIB22","EQ",113.56,113.56,110.97,111.78,111.82,111.33,8025440,8920.49,"16-Sep-2026",3007,"",""
"1374","ICICIBANK","EQ",1359,1361.4,1348,1358.8,1358.8,1350.4,9625762,130278.5,"16-Sep-2026",201506,"",""
"1375","ICICIGI","EQ",1440,1455.6,1429.9,1440,1440,1427.7,449383,6491.99,"16-Sep-2026",25132,"",""
"1376","ICICIPRULI","EQ",458,474,456.95,470,470,457.6,767677,3584.15,"16-Sep-2026",25390,"",""
"1377","ICIL","EQ",427,437.45,408.05,431.95,431,427.1,478937,2033.32,"16-Sep-2026",22284,"",""
"1378","ICRA","EQ",4679.1,4679.1,4578.1,4610,4608.5,4643.3,16982,784.82,"16-Sep-2026",5866,"",""
"1379","IDBI","EQ",83.7,83.7,81.53,82.95,82.9,82.95,12983831,10730.94,"16-Sep-2026",38166,"",""
"1380","IDEA","EQ",14.48,14.49,14.13,14.26,14.26,14.45,307898731,44037.4,"16-Sep-2026",482020,"",""
"1381","IDEAFORGE","EQ",704.25,712,684,702.35,706.95,704.25,284863,1987.74,"16-Sep-2026",15280,"",""
"1382","IDEALTECHO","SM",116,116,116,116,116,98.9,1000,1.16,"16-Sep-2026",1,"",""
"1383","IDFCFIRSTB","EQ",84.61,85.71,84.61,85.01,85.01,84.8,14275478,12181.21,"16-Sep-2026",57294,"",""
"1384","IDFNIFTYET","EQ",257.05,257.83,253,256.51,256.51,256.87,1148,2.94,"16-Sep-2026",39,"",""
"1385","IEML","ST",40.4,42,40,41.2,41.2,41.2,40500,16.4,"16-Sep-2026",30,"",""
"1386","IEX","EQ",112,112.41,110.35,112,112,112,3302102,3678.38,"16-Sep-2026",35730,"",""
"1387","IFBAGRO","EQ",843,873,842.6,861.4,867,861.1,3154,26.94,"16-Sep-2026",382,"",""
"1388","IFBIND","EQ",1260.1,1276,1235.5,1241.9,1238,1272,17335,216.46,"16-Sep-2026",3290,"",""
"1389","IFCI","EQ",77.2,77.39,73.01,75.06,75,76.95,114066406,85476.45,"16-Sep-2026",246557,"",""
"1390","IFGLEXPOR","EQ",200.5,201.8,192.91,198.27,197.01,200.33,16938,33.34,"16-Sep-2026",870,"",""
"1391","IGARASHI","EQ",432,443,421.65,428.4,433.25,437.05,509069,2195.25,"16-Sep-2026",17877,"",""
"1392","IGCL","EQ",66.59,67.5,64.02,65.27,65,65.59,120978,78.71,"16-Sep-2026",2559,"",""
"1393","IGIL","EQ",312,315.45,311.1,314.4,314.2,313.1,205329,644.8,"16-Sep-2026",15780,"",""
"1394","IGL","EQ",150,150.39,147.27,148.77,148.76,150.03,1025294,1521.68,"16-Sep-2026",29714,"",""
"1395","IGPL","EQ",519,536.45,508.65,533.3,535.8,525.25,55598,289.47,"16-Sep-2026",3155,"",""
"1396","IIFL","EQ",583.55,592.65,567.4,585.7,586,581.05,1242412,7186.13,"16-Sep-2026",42879,"",""
"1397","IIFL","T0",575,579,575,585.7,579,581.05,5000,28.95,"16-Sep-2026",2,"",""
"1398","IIFLCAPS","EQ",336.5,337.85,335.05,335.6,335.5,336.5,527710,1771.86,"16-Sep-2026",7266,"",""
"1399","IITL","EQ",146.5,152,144,147.77,146.05,148.84,197944,289.96,"16-Sep-2026",981,"",""
"1400","IKIO","EQ",211.06,213,199.19,202.78,202,211.06,500954,1016.85,"16-Sep-2026",8458,"",""
"1401","IKS","EQ",1767.1,1786.2,1744.9,1752,1758,1783,129237,2281.49,"16-Sep-2026",17516,"",""
"1402","IL&FSENGG","BZ",39.2,40.05,38.5,39.93,39.49,39.17,36753,14.51,"16-Sep-2026",95,"",""
"1403","IL&FSTRANS","BZ",1.96,1.99,1.83,1.95,1.95,1.92,190435,3.66,"16-Sep-2026",88,"",""
"1404","IMAGICAA","EQ",50.33,56.34,49.25,52.99,53.25,50.43,2106560,1102.54,"16-Sep-2026",7713,"",""
"1405","IMFA","EQ",1220,1259.4,1199.8,1246.1,1242.2,1220.8,104558,1288.8,"16-Sep-2026",12214,"",""
"1406","IMPAL","EQ",1068.1,1087.9,1056.3,1065,1062,1077.8,2141,22.83,"16-Sep-2026",224,"",""
"1407","IMPEXFERRO","BZ",5.38,5.38,5.38,5.38,5.38,5.28,60449,3.25,"16-Sep-2026",47,"",""
"1408","INA","EQ",86.93,88.93,84.2,86.95,87,86.93,989571,849.19,"16-Sep-2026",6633,"",""
"1409","INCREDIBLE","EQ",33.9,33.9,32.02,32.79,33.63,33.46,2468,0.81,"16-Sep-2026",143,"",""
"1410","INDBANK","EQ",27.68,27.68,25.01,25.68,25.53,26.71,80099,20.78,"16-Sep-2026",1071,"",""
"1411","INDGN","EQ",570.35,574.1,559,573.2,573.25,571.5,205000,1165.3,"16-Sep-2026",9785,"",""
"1412","INDHOTEL","EQ",716.25,719.55,706.75,713.4,713.4,715,1037515,7416.2,"16-Sep-2026",28175,"",""
"1413","INDIACEM","EQ",336,338.7,331.65,334.65,336,336,62151,208.13,"16-Sep-2026",4603,"",""
"1414","INDIAGLYCO","BE",266.2,266.2,266.2,266.2,266.2,280.2,39549,105.28,"16-Sep-2026",851,"",""
"1415","INDIAMART","EQ",1662,1768.8,1645.2,1706.3,1709.1,1659.5,365133,6290.82,"16-Sep-2026",31238,"",""
"1416","INDIANB","EQ",840,849.8,834.7,840,840,836.75,773817,6532.06,"16-Sep-2026",41260,"",""
"1417","INDIANCARD","EQ",209.42,218.71,206.05,214.96,214.96,207.35,463,0.97,"16-Sep-2026",40,"",""
"1418","INDIANHUME","EQ",350.45,359.9,341.25,349,348,354,22793,79.62,"16-Sep-2026",1811,"",""
"1419","INDIASHLTR","EQ",640.5,665,640.5,661.6,660,647.25,67155,440.76,"16-Sep-2026",7372,"",""
"1420","INDIGO","EQ",4799.5,4806,4701.5,4733.5,4733.5,4776,529301,25133.23,"16-Sep-2026",41659,"",""
"1421","INDIGOPNTS","EQ",1052.8,1106,1049.7,1081.6,1090,1061.9,80470,867.18,"16-Sep-2026",10701,"",""
"1422","INDIGRID","IV",173.19,173.85,173.19,173.32,173.19,173.19,376721,653.46,"16-Sep-2026",6240,"",""
"1423","INDIQUBE","EQ",200,202.74,190.01,200.15,200,199.43,59017,116.41,"16-Sep-2026",1369,"",""
"1424","INDNIPPON","EQ",1268,1298.2,1214.9,1240.5,1230.1,1279,189869,2341.81,"16-Sep-2026",14798,"",""
"1425","INDOAMIN","BE",122.67,126,117.7,123.06,124.4,122.67,31453,38.39,"16-Sep-2026",278,"",""
"1426","INDOBORAX","EQ",461.9,477.95,442.55,470.3,467,460.8,112370,516.22,"16-Sep-2026",7027,"",""
"1427","INDOCO","EQ",241.39,258,235,254,254,241.39,644188,1595.6,"16-Sep-2026",13133,"",""
"1428","INDOFARM","EQ",138,138,130,132.92,133.64,136.07,109186,144.81,"16-Sep-2026",2565,"",""
"1429","INDOKEM","EQ",614.75,625,555,606.55,605.2,611.7,9015,54.22,"16-Sep-2026",448,"",""
"1430","INDOMIM","EQ",970,970.1,922.55,946.1,949.25,975.65,2684652,25340.82,"16-Sep-2026",145258,"",""
"1431","INDORAMA","EQ",83.09,89.9,81.1,85.6,85.7,82.81,3645127,3126.66,"16-Sep-2026",35184,"",""
"1432","INDOSTAR","EQ",233.75,235.01,222.62,226.17,225.21,233.07,120640,273.03,"16-Sep-2026",2279,"",""
"1433","INDOTECH","EQ",3313.4,3404.8,3198.9,3373.3,3305,3377.2,47402,1581.34,"16-Sep-2026",4547,"",""
"1434","INDOTHAI","EQ",37.17,37.17,37.17,37.17,37.17,39.12,134685,50.06,"16-Sep-2026",826,"",""
"1435","INDOUS","EQ",81,81,76.1,77.16,77.38,78.29,3838,3.03,"16-Sep-2026",107,"",""
"1436","INDOWIND","EQ",8.92,9.09,8.66,8.95,9,8.9,47572,4.24,"16-Sep-2026",377,"",""
"1437","INDPRUD","EQ",6388,6388,6200,6240,6240,6081,17,1.07,"16-Sep-2026",10,"",""
"1438","INDRAMEDCO","EQ",356.25,360.3,351.25,356.55,358.2,354.55,171771,610.64,"16-Sep-2026",6525,"",""
"1439","INDSWFTLAB","EQ",376.65,379.7,320.2,363.9,361.1,378.75,1637019,5722.69,"16-Sep-2026",39974,"",""
"1440","INDTERRAIN","EQ",28.9,33.61,28.36,30.29,29.99,28.01,254442,80.83,"16-Sep-2026",1955,"",""
"1441","INDUSINDBK","EQ",957.7,961.1,944.5,946.5,946.5,956.5,1727406,16410.56,"16-Sep-2026",69311,"",""
"1442","INDUSINVIT","IV",132.34,132.69,131.21,131.47,131.5,132.35,107606,141.85,"16-Sep-2026",8097,"",""
"1443","INDUSTOWER","EQ",381,381.5,375.2,375.6,375.6,379,4050806,15326.44,"16-Sep-2026",41654,"",""
"1444","INFINIUM","SM",261.9,274.25,261.9,268,268,272.5,2500,6.7,"16-Sep-2026",5,"",""
"1445","INFLUX","SM",267.9,274,261,274,274,258.9,17400,46.68,"16-Sep-2026",26,"",""
"1446","INFOBEAN","EQ",155,156.12,148.03,150.98,151.5,153.13,182718,276.21,"16-Sep-2026",3031,"",""
"1447","INFOLLION","SM",150.35,157,150.35,155.9,157,156.65,2000,3.1,"16-Sep-2026",5,"",""
"1448","INFOMEDIA","EQ",5.98,5.98,5.11,5.5,5.57,5.18,9690,0.54,"16-Sep-2026",90,"",""
"1449","INFRA","EQ",11.56,11.58,11.43,11.56,11.56,11.55,24111,2.78,"16-Sep-2026",186,"",""
"1450","INFRABEES","EQ",928.75,928.75,918.65,926.01,928.75,925.85,12156,112.44,"16-Sep-2026",628,"",""
"1451","INFRAIETF","EQ",92.29,92.48,91.39,91.87,91.53,91.91,122117,112.21,"16-Sep-2026",3368,"",""
"1452","INFY","EQ",1082.5,1085.1,1053.5,1060,1060,1077,6230590,66490.65,"16-Sep-2026",199229,"",""
"1453","INGERRAND","EQ",4344.3,4355.9,4225,4261.9,4289,4344.3,33772,1439.7,"16-Sep-2026",9799,"",""
"1454","INM","SM",163,163,163,163,163,164.95,600,0.98,"16-Sep-2026",1,"",""
"1455","INNOMET","ST",288.65,289.9,288.65,289.5,289.5,288.65,40800,117.96,"16-Sep-2026",44,"",""
"1456","INNOVACAP","EQ",1124.2,1164.9,1080.2,1133.4,1145,1140.1,119085,1337.62,"16-Sep-2026",16076,"",""
"1457","INNOVANA","EQ",314.35,314.35,300.1,301.3,309.6,306.1,21908,66.96,"16-Sep-2026",441,"",""
"1458","INNOVISION","EQ",255.35,258.7,253.25,255.45,254.25,255.35,12512,31.86,"16-Sep-2026",683,"",""
"1459","INOXGREEN","EQ",173.22,174.42,165.94,173.11,172.5,173.22,1578858,2713.11,"16-Sep-2026",20697,"",""
"1460","INOXINDIA","EQ",2006,2043.9,1930.8,1978.9,1985,1992.8,707394,13980.65,"16-Sep-2026",92206,"",""
"1461","INOXWIND","EQ",74.35,74.5,72.67,74.5,74.5,74.35,5543694,4083.78,"16-Sep-2026",21529,"",""
"1462","INSECTICID","EQ",600.05,604.9,585,595.2,592.1,594.8,15018,89.19,"16-Sep-2026",1155,"",""
"1463","INSPIRISYS","EQ",84,84,78.2,83.31,83,81.78,5842,4.73,"16-Sep-2026",129,"",""
"1464","INSUREIETF","EQ",14.48,14.89,14.36,14.73,14.89,14.48,479614,69.96,"16-Sep-2026",181,"",""
"1465","INTELLECT","EQ",663,666.25,649,659.45,658.5,662.85,272239,1796.4,"16-Sep-2026",20830,"",""
"1466","INTENTECH","EQ",78,78,76,76.43,76,77.76,10622,8.14,"16-Sep-2026",310,"",""
"1467","INTERARCH","EQ",1681,1689.2,1625,1660.8,1651,1684.3,46273,765.23,"16-Sep-2026",5885,"",""
"1468","INTERNET","EQ",14.49,14.56,14.17,14.46,14.47,14.45,260561,37.17,"16-Sep-2026",235,"",""
"1469","INTLCONV","EQ",76.04,77.7,75.01,75.39,75.02,76.04,23067,17.45,"16-Sep-2026",1257,"",""
"1470","INVENTURE","EQ",0.91,0.92,0.88,0.88,0.9,0.91,415952,3.72,"16-Sep-2026",476,"",""
"1471","INVICTA","SM",65.05,66.7,65.05,65.1,65.1,67,8000,5.28,"16-Sep-2026",5,"",""
"1472","INVPRECQ","BE",1350.2,1350.2,1350.2,1350.2,1350.2,1377.7,4502,60.79,"16-Sep-2026",43,"",""
"1473","IOB","EQ",32.49,32.49,31.95,32.09,32.18,32.38,1804893,580.6,"16-Sep-2026",11579,"",""
"1474","IOC","EQ",132.79,134.97,131.7,134.75,134.75,132.03,10071835,13465.04,"16-Sep-2026",59668,"",""
"1475","IOLCP","EQ",182,197.9,173.55,194.57,196.71,179.52,8624277,16297.91,"16-Sep-2026",83658,"",""
"1476","IONEXCHANG","EQ",428.5,432,414.8,426.25,422.15,432,344615,1462.43,"16-Sep-2026",17193,"",""
"1477","IPCALAB","EQ",1963.3,1983,1905,1950.7,1936.1,1932.4,337123,6544.47,"16-Sep-2026",65590,"",""
"1478","IPHL","SM",70.05,72.55,70,72.55,72.55,71.25,9600,6.81,"16-Sep-2026",8,"",""
"1479","IPL","EQ",136,152.28,134.26,137.77,137.4,132.68,28419705,40885.53,"16-Sep-2026",217067,"",""
"1480","IPRINGLTD","EQ",137.02,142.89,133.02,138.34,142.89,137.02,965,1.32,"16-Sep-2026",26,"",""
"1481","IRB","EQ",19.2,19.2,18.66,19.05,19.03,19.18,9930904,1882.25,"16-Sep-2026",25242,"",""
"1482","IRBINVIT","IV",63.95,64.28,63.5,63.93,63.94,63.91,300318,191.3,"16-Sep-2026",3646,"",""
"1483","IRCON","EQ",109.5,109.65,107.54,108.51,108.41,109.42,1405153,1526.11,"16-Sep-2026",26627,"",""
"1484","IRCTC","EQ",457.2,458,446.5,452.95,453.1,458.55,1329707,5988.35,"16-Sep-2026",64512,"",""
"1485","IREDA","EQ",109,109.59,107.4,108.4,108.4,109,3083062,3343.97,"16-Sep-2026",25343,"",""
"1486","IRFC","EQ",79.41,79.58,78.16,78.95,78.95,79.15,9834178,7766.11,"16-Sep-2026",56850,"",""
"1487","IRIS","EQ",244.9,244.9,228.91,234.84,235.21,237.78,22712,53.12,"16-Sep-2026",939,"",""
"1488","IRISDOREME","EQ",57.51,59,55.62,58.18,58.99,58.09,724226,415.67,"16-Sep-2026",3956,"",""
"1489","IRMENERGY","EQ",265.15,267.9,258.45,264.15,266,266.5,59978,158.05,"16-Sep-2026",2565,"",""
"1490","ISFT","EQ",78.04,79.4,73.4,75.22,79.4,76.59,127841,96.83,"16-Sep-2026",1868,"",""
"1491","ISGEC","EQ",766.2,773,749.5,759.05,751.6,773.85,36890,280.46,"16-Sep-2026",5092,"",""
"1492","ISHANCH","EQ",44.7,48.9,43.5,47.12,47,43.73,32446,15.02,"16-Sep-2026",588,"",""
"1493","ISTLTD","EQ",650,650,631,650,650,661.2,170,1.09,"16-Sep-2026",33,"",""
"1494","IT","EQ",33.24,33.24,32.18,32.25,32.22,32.85,240611,78.1,"16-Sep-2026",916,"",""
"1495","ITADD","EQ",31.48,31.56,30.81,30.89,30.96,31.44,13383,4.16,"16-Sep-2026",144,"",""
"1496","ITALIANE","SM",31,31,31,31,31,31,2000,0.62,"16-Sep-2026",1,"",""
"1497","ITAXIS","EQ",327,327.01,319.8,320.41,322,325.36,865,2.8,"16-Sep-2026",42,"",""
"1498","ITBEES","EQ",33.35,33.35,32.25,32.3,32.38,32.87,8243115,2681.99,"16-Sep-2026",19774,"",""
"1499","ITBETA","EQ",312,312,304.57,305.8,304.57,312,757,2.34,"16-Sep-2026",27,"",""
"1500","ITC","EQ",259.4,264.9,259.3,264.15,264.15,258,15199856,39953.94,"16-Sep-2026",167323,"",""
"1501","ITCHOTELS","EQ",152.6,153.95,149.85,153.39,153.32,152.22,1635546,2490.13,"16-Sep-2026",36304,"",""
"1502","ITDC","EQ",645.45,669,633.45,656.75,666,653.45,97137,630,"16-Sep-2026",6655,"",""
"1503","ITETF","EQ",31.72,31.72,30.74,30.8,30.85,31.37,268691,83.43,"16-Sep-2026",834,"",""
"1504","ITI","EQ",256.1,257,251.65,255.5,256.1,255.4,182220,464.27,"16-Sep-2026",5951,"",""
"1505","ITIETF","EQ",33.05,33.09,32.2,32.27,32.45,32.87,371540,121.28,"16-Sep-2026",1373,"",""
"1506","ITL","EQ",375,375,356.2,367.7,367.9,367.5,206,0.75,"16-Sep-2026",29,"",""
"1507","IVALUE","EQ",226.18,235.99,226,230.45,230.4,225.7,273584,631.36,"16-Sep-2026",4696,"",""
"1508","IVC","EQ",7.61,7.82,7.56,7.76,7.81,7.92,493527,38.02,"16-Sep-2026",1451,"",""
"1509","IVP","BE",212.04,215,200,210.42,209.52,209.79,7256,15.07,"16-Sep-2026",119,"",""
"1510","IVZBANKNF","EQ",55.54,56.14,55.54,56.07,56.07,55.71,11194,6.27,"16-Sep-2026",14,"",""
"1511","IVZINGOLD","EQ",130.95,131.85,130.85,131.6,131.55,129.8,9928,13.03,"16-Sep-2026",213,"",""
"1512","IVZINNIFTY","EQ",266.8,267.46,266.02,267.21,267.32,267.04,343,0.92,"16-Sep-2026",21,"",""
"1513","IVZSENSEX","EQ",75.38,75.38,73.73,74.55,74.55,74.5,7635,5.68,"16-Sep-2026",44,"",""
"1514","IWARE","ST",420.4,420.4,399.25,403.35,407,420.25,27000,108.74,"16-Sep-2026",45,"",""
"1515","IWP","EQ",35.03,35.03,34.01,34.5,34.5,34.85,3659,1.26,"16-Sep-2026",134,"",""
"1516","IXIGO","EQ",161.02,162.99,156.14,160.53,160.9,161.02,568386,904.86,"16-Sep-2026",20602,"",""
"1517","IZMO","EQ",887,891.7,860,880,881,896.05,82400,721.83,"16-Sep-2026",6275,"",""
"1518","J&KBANK","EQ",145.18,148.79,144.1,147.66,147.88,144.75,3250203,4765.11,"16-Sep-2026",40384,"",""
"1519","JAGRAN","EQ",61.9,62.78,60.95,61.22,61.1,61.72,169560,103.97,"16-Sep-2026",1956,"",""
"1520","JAGSNPHARM","EQ",224.7,230.95,217.81,228.28,226.6,225.83,56466,126.76,"16-Sep-2026",3268,"",""
"1521","JAIBALAJI","EQ",61.65,64.81,61.01,64.05,64.1,62.25,814949,511.98,"16-Sep-2026",4963,"",""
"1522","JAICORPLTD","EQ",94.03,94.21,90.42,92.63,92,92.64,240050,220.97,"16-Sep-2026",3980,"",""
"1523","JAINIK","ST",199.4,200,199.4,200,200,200,86400,172.43,"16-Sep-2026",10,"",""
"1524","JAINREC","EQ",277,278.95,271.35,274.8,274.5,274.7,477646,1314.46,"16-Sep-2026",13157,"",""
"1525","JAIPURKURT","EQ",25.65,25.65,23.91,24.49,24.79,24.88,7292,1.77,"16-Sep-2026",108,"",""
"1526","JAKHARIA","ST",60,60,60,60,60,60.5,60000,36,"16-Sep-2026",1,"",""
"1527","JALAN","ST",1.75,1.75,1.75,1.75,1.75,1.8,3000,0.05,"16-Sep-2026",1,"",""
"1528","JAMNAAUTO","EQ",128.07,129.7,124.3,128.55,127.9,129.06,2491533,3169.87,"16-Sep-2026",62478,"",""
"1529","JARO","EQ",474,476.75,459.5,467.95,467,469.95,115000,540.86,"16-Sep-2026",3907,"",""
"1530","JASH","EQ",496,505.95,482.05,488.9,491.85,496.1,114592,561.01,"16-Sep-2026",3938,"",""
"1531","JAYAGROGN","EQ",227,234.9,217.52,231.66,234.4,227.39,36723,82.56,"16-Sep-2026",1488,"",""
"1532","JAYBARMARU","EQ",111,114.75,108.1,113.02,114,112.34,244009,273.3,"16-Sep-2026",7705,"",""
"1533","JAYBEE","SM",82.55,83,81.6,82.55,82.9,82.25,18500,15.25,"16-Sep-2026",34,"",""
"1534","JAYESH","SM",129.95,129.95,125.2,125.2,125.2,125.1,10000,12.58,"16-Sep-2026",7,"",""
"1535","JAYKAY","EQ",158.9,160.2,152.4,154.77,154,158.45,273295,424.62,"16-Sep-2026",5670,"",""
"1536","JAYNECOIND","EQ",88.2,89.21,86.72,87.35,87.21,88.63,2439408,2147.08,"16-Sep-2026",20949,"",""
"1537","JAYSREETEA","EQ",91.75,93.94,89,89.23,89.7,91.64,32419,29.17,"16-Sep-2026",484,"",""
"1538","JBMA","EQ",606,606,585,588.2,587.85,603.9,281220,1661.79,"16-Sep-2026",14435,"",""
"1539","JENBURPH","EQ",988,994.9,960.3,992,991.9,974.1,571,5.62,"16-Sep-2026",78,"",""
"1540","JETFREIGHT","EQ",19.86,20.28,19.8,19.9,19.8,20.03,68397,13.67,"16-Sep-2026",614,"",""
"1541","JGCHEM","EQ",568,589,544.95,582.9,584.9,564.65,277514,1582.3,"16-Sep-2026",14077,"",""
"1542","JHS","EQ",8.99,8.99,8.29,8.51,8.29,8.79,131649,11.34,"16-Sep-2026",366,"",""
"1543","JINDALPHOT","EQ",1085.1,1130,1075,1125.6,1125,1099.6,9876,109.92,"16-Sep-2026",720,"",""
"1544","JINDALPOLY","EQ",765,800,725.1,742.4,731.15,737.9,423769,3245.87,"16-Sep-2026",21673,"",""
"1545","JINDALSAW","EQ",290.5,291.75,275.7,281.25,281,289,2433275,6851.7,"16-Sep-2026",44752,"",""
"1546","JINDALSTEL","EQ",1088,1117,1085.4,1103,1103,1095,457237,5044.77,"16-Sep-2026",22320,"",""
"1547","JINDRILL","EQ",600.1,603.75,576.05,595.15,595.95,598.65,273892,1617.65,"16-Sep-2026",9199,"",""
"1548","JINDWORLD","EQ",49,50.63,47.9,49.16,49.3,49.44,6160770,3024.24,"16-Sep-2026",20881,"",""
"1549","JIOFIN","EQ",226.5,228.22,224.84,224.84,224.84,225.6,11926382,26989.74,"16-Sep-2026",74064,"",""
"1550","JISLDVREQS","EQ",20.3,21.78,20.3,21.49,20.71,20.67,19622,4.17,"16-Sep-2026",74,"",""
"1551","JISLJALEQS","EQ",29.05,29.34,28.58,29.07,28.87,29.23,1129976,328.02,"16-Sep-2026",3951,"",""
"1552","JITFINFRA","EQ",275.6,282.9,272.6,278,276.1,279.35,23711,65.77,"16-Sep-2026",938,"",""
"1553","JIWANRAM","SM",4,4,4,4,4,4.05,12000,0.48,"16-Sep-2026",2,"",""
"1554","JKCEMENT","EQ",4716,4872,4676,4750,4780,4712,61980,2941.84,"16-Sep-2026",16501,"",""
"1555","JKIL","EQ",475.25,490,466,480.4,477,473.15,50757,241.03,"16-Sep-2026",3678,"",""
"1556","JKIPL","EQ",96.19,98,95,96.72,96.95,95.18,11597,11.17,"16-Sep-2026",213,"",""
"1557","JKLAKSHMI","EQ",505,509.45,500.2,507.65,507,504.9,56959,288.27,"16-Sep-2026",6534,"",""
"1558","JKPAPER","EQ",403.5,420,396.8,417.35,418.25,402.1,708260,2923.06,"16-Sep-2026",17856,"",""
"1559","JKTYRE","EQ",343.1,350.6,339.55,343.3,344.5,345.25,475097,1635.4,"16-Sep-2026",23349,"",""
"1560","JLHL","EQ",273.3,282.7,273.3,276.85,278.1,275.55,117281,325.38,"16-Sep-2026",3904,"",""
"1561","JMA","EQ",90.7,93.8,89,90.3,90.15,88.96,10829,9.86,"16-Sep-2026",300,"",""
"1562","JMFINANCIL","EQ",121,121.5,118.05,120.46,120.83,121.21,2236471,2680.48,"16-Sep-2026",26617,"",""
"1563","JNKINDIA","EQ",410,426.4,394.9,407.2,403.2,415.05,305381,1250.82,"16-Sep-2026",8877,"",""
"1564","JNPR","EQ",267.1,275.4,259,261.8,262,264.5,995377,2658.15,"16-Sep-2026",39980,"",""
"1565","JOCIL","EQ",140,147,132.8,143,143,142.39,2416,3.46,"16-Sep-2026",101,"",""
"1566","JPOLYINVST","EQ",970.05,990.95,961,983.7,981.1,967.05,3276,31.96,"16-Sep-2026",584,"",""
"1567","JPPOWER","EQ",15.65,15.7,15.28,15.41,15.47,15.64,40588771,6279.85,"16-Sep-2026",231916,"",""
"1568","JSFB","EQ",488.65,512.5,477.4,506.6,509,488.65,604934,3009.79,"16-Sep-2026",17203,"",""
"1569","JSL","EQ",723.55,738.8,715,730.85,734.95,723.55,1372384,10021.96,"16-Sep-2026",71661,"",""
"1570","JSLL","EQ",500,501.95,485.1,497.05,496,500.25,485564,2406.19,"16-Sep-2026",26764,"",""
"1571","JSWCEMENT","EQ",116.91,117.16,115.03,116.52,116.5,116.88,1308484,1519.02,"16-Sep-2026",23161,"",""
"1572","JSWDULUX","EQ",3133.8,3172.4,3041,3082,3085,3133.8,10726,329.89,"16-Sep-2026",3743,"",""
"1573","JSWENERGY","EQ",506.6,510.95,503.05,504.7,504.7,505,1951623,9910.12,"16-Sep-2026",17989,"",""
"1574","JSWHL","EQ",11099,11109,10836,10935,10850,10967,2885,316.37,"16-Sep-2026",1385,"",""
"1575","JSWINFRA","EQ",326.45,330.85,317.9,325.55,326.8,325.85,2646886,8642.67,"16-Sep-2026",86733,"",""
"1576","JSWSTEEL","EQ",1244,1250.2,1227,1248.9,1248.9,1229.2,1803781,22414.41,"16-Sep-2026",39813,"",""
"1577","JTEKTINDIA","EQ",117.9,118.09,114.82,117.12,117.5,117.36,72080,84.22,"16-Sep-2026",1356,"",""
"1578","JTLIND","EQ",82,85.1,79.36,84.6,84.51,82.47,3752609,3128.47,"16-Sep-2026",25369,"",""
"1579","JUBLCPL","EQ",2097.6,2114.9,2052,2096.4,2081.4,2082,4036,83.99,"16-Sep-2026",620,"",""
"1580","JUBLFOOD","EQ",466,472,461.65,471,471,466,426648,1997.41,"16-Sep-2026",13439,"",""
"1581","JUBLINGREA","EQ",630.5,641.9,622.8,631.95,630,630.5,257245,1628.1,"16-Sep-2026",10436,"",""
"1582","JUBLPHARMA","EQ",1010,1010,977.5,1002.5,1005,1011.95,154099,1537.77,"16-Sep-2026",15404,"",""
"1583","JUNIORBEES","EQ",760,766.7,754.4,764.82,766.7,762.71,302310,2301.98,"16-Sep-2026",11180,"",""
"1584","JUNIPER","EQ",212,217.28,209.21,214.32,212.35,214.84,451284,962.6,"16-Sep-2026",6835,"",""
"1585","JUSTDIAL","EQ",655,679,648,673.7,669,661.85,106509,706.59,"16-Sep-2026",4687,"",""
"1586","JWL","EQ",233.5,233.5,225.65,228.67,228.9,231.17,792229,1813.94,"16-Sep-2026",17432,"",""
"1587","JYOTHYLAB","EQ",193,197,190.22,195.41,195.9,192.22,505369,983.2,"16-Sep-2026",13246,"",""
"1588","JYOTICNC","EQ",964,974.5,928.6,967.7,965.65,961.45,970603,9223.55,"16-Sep-2026",35428,"",""
"1589","JYOTIGLOBL","SM",47.5,48,47.5,48,48,48.45,4000,1.91,"16-Sep-2026",2,"",""
"1590","JYOTIRES","EQ",845.95,852,821.2,839.45,835.3,843.5,9126,76.17,"16-Sep-2026",908,"",""
"1591","JYOTISTRUC","EQ",9.22,9.25,8.9,9.02,9,9.21,8024275,724.77,"16-Sep-2026",8810,"",""
"1592","K2INFRA","ST",45.05,45.45,44,44.1,44.1,45.2,12600,5.61,"16-Sep-2026",15,"",""
"1593","KABRAEXTRU","EQ",640,650,585.8,628.1,624,650.85,651043,3958.03,"16-Sep-2026",13973,"",""
"1594","KAJARIACER","EQ",1213.6,1219.5,1179.1,1215.9,1215,1213.6,156466,1879.24,"16-Sep-2026",15163,"",""
"1595","KAKATCEM","EQ",107.76,109.8,107,108.44,109,109.69,1636,1.77,"16-Sep-2026",63,"",""
"1596","KALAMANDIR","EQ",78.99,79.86,76.7,77.78,78,78.97,467817,364.31,"16-Sep-2026",6053,"",""
"1597","KALANA","SM",18.15,18.5,18,18.25,18.25,18.5,10000,1.82,"16-Sep-2026",5,"",""
"1598","KALPATARU","EQ",253,260,250,256.3,257.6,255.45,27592,69.89,"16-Sep-2026",1140,"",""
"1599","KALYANIFRG","BE",1045,1045,992.1,994.7,997,1044.3,2723,27.1,"16-Sep-2026",201,"",""
"1600","KALYANKJIL","EQ",606.9,611.8,574.4,580.9,580.9,604.2,7484433,43905.26,"16-Sep-2026",115084,"",""
"1601","KAMAHOLD","EQ",2250,2275.9,2244.1,2249.9,2250,2269.7,3365,75.85,"16-Sep-2026",441,"",""
"1602","KAMANWALA","EQ",17.17,17.49,16.49,17.24,17.49,17,15,0,"16-Sep-2026",5,"",""
"1603","KAMATHOTEL","EQ",207.6,214.25,202,209.88,211.99,207.6,71866,150.56,"16-Sep-2026",3481,"",""
"1604","KAMDHENU","BE",38.26,39,36.76,38.83,38.7,38.66,1085219,410.25,"16-Sep-2026",1386,"",""
"1605","KAMOPAINTS","EQ",4.31,4.31,4.15,4.21,4.18,4.22,153248,6.46,"16-Sep-2026",658,"",""
"1606","KANANIIND","EQ",1.45,1.47,1.41,1.42,1.42,1.44,170523,2.44,"16-Sep-2026",232,"",""
"1607","KANCHI","EQ",391.5,391.5,382,388.5,391.4,392.5,690,2.67,"16-Sep-2026",74,"",""
"1608","KANCOTEA","EQ",55.4,55.4,55.3,55.3,55.3,56.8,11,0.01,"16-Sep-2026",3,"",""
"1609","KANDARP","SM",70.85,71.15,67.05,70.95,70.95,69.45,7000,4.93,"16-Sep-2026",7,"",""
"1610","KANOHAR","EQ",685.5,787,685.1,751.5,754,632,21611638,159168.47,"16-Sep-2026",745432,"",""
"1611","KANORICHEM","BE",187.02,187.02,169.5,186.97,187.02,178.12,214032,395.02,"16-Sep-2026",1566,"",""
"1612","KANPRPLA","EQ",247.5,270,243.15,265.85,264,246,27577,70.43,"16-Sep-2026",1106,"",""
"1613","KANSAINER","EQ",183.03,185.98,181.06,184.81,185.5,183.03,277695,510.96,"16-Sep-2026",7377,"",""
"1614","KAPSTON","EQ",565,580,540.85,577.15,580,563.45,43954,244.63,"16-Sep-2026",2677,"",""
"1615","KARMAENG","EQ",38.95,43.88,37.31,38.72,39,37.29,111633,44.45,"16-Sep-2026",1075,"",""
"1616","KARNIKA","SM",116.1,119.4,116.1,118.7,119.4,116.65,33000,38.65,"16-Sep-2026",20,"",""
"1617","KARURVYSYA","EQ",325.3,335.8,324.95,334.8,335.45,324.45,2316768,7681.39,"16-Sep-2026",43745,"",""
"1618","KATARIA","SM",148.1,150,145,149.45,150,148.1,13800,20.42,"16-Sep-2026",23,"",""
"1619","KAUSHALYA","BE",859.75,859.75,826,832.55,849,834.5,52,0.44,"16-Sep-2026",15,"",""
"1620","KAVDEFENCE","EQ",74.72,79.9,70.11,73.43,71.9,75.17,1471028,1115.48,"16-Sep-2026",14328,"",""
"1621","KAYA","BE",316.1,316.1,300.3,309.35,308.85,316.1,10338,31.42,"16-Sep-2026",121,"",""
"1622","KAYNES","EQ",3392,3411.3,3293,3385,3385,3392,723071,24306.2,"16-Sep-2026",59212,"",""
"1623","KCEIL","SM",75.05,76,74.3,76,76,75.3,33500,25.17,"16-Sep-2026",33,"",""
"1624","KCK","ST",14.95,14.95,14.25,14.8,14.9,14.95,172500,25.22,"16-Sep-2026",17,"",""
"1625","KCP","EQ",159.16,159.16,155.42,158.64,158.8,159.15,56006,88.36,"16-Sep-2026",1250,"",""
"1626","KCPSUGIND","BE",30,30.84,28.88,28.88,28.88,30.39,207502,60.5,"16-Sep-2026",439,"",""
"1627","KDDL","EQ",3732,3865,3732,3819,3818.2,3756.5,30057,1144.17,"16-Sep-2026",5763,"",""
"1628","KDGREEN","EQ",46.74,47.94,45.81,46.87,46.52,46.61,35148,16.43,"16-Sep-2026",528,"",""
"1629","KDL","SM",89,89.9,85.3,87.6,88.35,88.7,11700,10.26,"16-Sep-2026",56,"",""
"1630","KEC","EQ",407,409,395.2,397.55,397.5,406.9,812676,3262.24,"16-Sep-2026",26493,"",""
"1631","KECL","EQ",117.61,121.44,115.05,120.02,119.1,119.47,80550,95.48,"16-Sep-2026",2401,"",""
"1632","KEEPLEARN","EQ",1.89,1.92,1.77,1.83,1.83,1.89,44368,0.82,"16-Sep-2026",123,"",""
"1633","KEI","EQ",4484,4544.5,4468,4506,4506,4500,306662,13808.26,"16-Sep-2026",26650,"",""
"1634","KELLTONTEC","EQ",13.69,13.91,13.4,13.5,13.55,13.65,2802031,380.07,"16-Sep-2026",4719,"",""
"1635","KEN","SM",39.7,39.7,39.3,39.3,39.3,38,2400,0.95,"16-Sep-2026",2,"",""
"1636","KENNAMET","EQ",4290,4444,4100.2,4135.8,4120,4266.4,62456,2638.79,"16-Sep-2026",14196,"",""
"1637","KERNEX","EQ",1659,1679,1593,1648.3,1637,1656.3,213622,3491.45,"16-Sep-2026",14247,"",""
"1638","KESORAMIND","BE",12.1,13,11.97,12.36,12.5,12.6,995449,120.96,"16-Sep-2026",638,"",""
"1639","KEYFINSERV","EQ",250,250,241.05,246.25,246.65,246.6,760,1.87,"16-Sep-2026",94,"",""
"1640","KFINTECH","EQ",887.4,895.95,872.5,889,889,884.8,388510,3434.96,"16-Sep-2026",19019,"",""
"1641","KHADIM","BE",120.97,123,120.97,120.97,120.97,123.43,126912,154.38,"16-Sep-2026",68,"",""
"1642","KHAICHEM","EQ",50.89,51.9,49.41,50.47,50.69,50.6,158837,79.99,"16-Sep-2026",1604,"",""
"1643","KHAITANLTD","EQ",159,159,145,149.37,150.25,158.94,3814,5.69,"16-Sep-2026",130,"",""
"1644","KHANDSE","EQ",17.3,17.87,17,17.5,17.54,17.67,1408,0.25,"16-Sep-2026",39,"",""
"1645","KHFM","SM",43,43,43,43,43,44.8,1550,0.67,"16-Sep-2026",1,"",""
"1646","KICL","EQ",4821,4950,4746,4779.5,4770.5,4846.5,5039,241.05,"16-Sep-2026",444,"",""
"1647","KILITCH","BE",190.9,191.8,186,188.82,187.95,190.2,9185,17.36,"16-Sep-2026",114,"",""
"1648","KIMS","EQ",766.85,775,758.5,766.65,764.45,766.85,310465,2375.14,"16-Sep-2026",22482,"",""
"1649","KINGFA","EQ",5694,5980,5675.5,5889,5877,5754,18912,1100.63,"16-Sep-2026",6109,"",""
"1650","KIOCL","EQ",343,344.65,323.55,326.85,333,340.8,180378,596.92,"16-Sep-2026",7721,"",""
"1651","KIRANVYPAR","EQ",196,204,193,200.09,201.4,200.75,3730,7.5,"16-Sep-2026",202,"",""
"1652","KIRIINDUS","EQ",521,526.2,492,513.4,515,522.85,797157,4055.3,"16-Sep-2026",17365,"",""
"1653","KIRLFER","EQ",468,475.15,461.15,470.9,473.65,464.85,140176,657.07,"16-Sep-2026",8068,"",""
"1654","KIRLOSBROS","EQ",1735,1755,1698.2,1724.7,1711,1728,31065,536.53,"16-Sep-2026",6090,"",""
"1655","KIRLOSENG","EQ",2040.5,2111.2,1934,2040.5,2037.6,2041.6,473446,9454.83,"16-Sep-2026",60401,"",""
"1656","KIRLOSIND","EQ",3834.7,3865,3636.1,3770.2,3848.4,3834,15231,568.31,"16-Sep-2026",2676,"",""
"1657","KIRLPNU","EQ",698.15,701,676.55,695.2,695.05,698.15,142430,987.51,"16-Sep-2026",11460,"",""
"1658","KISSHT","EQ",341,349.25,329,342.65,341,339.55,1873189,6388.71,"16-Sep-2026",36347,"",""
"1659","KITEX","EQ",119,120.82,116.9,118.58,118.2,119.13,409195,485.13,"16-Sep-2026",5080,"",""
"1660","KJMCFIN","EQ",60.5,62.77,60.5,62.57,62.57,60.95,670,0.41,"16-Sep-2026",12,"",""
"1661","KKCL","EQ",498.7,498.7,483.95,485.55,484.1,498.6,33495,162.96,"16-Sep-2026",2257,"",""
"1662","KLBRENG-B","EQ",461.1,469.05,448,462.65,465,466,181219,829.24,"16-Sep-2026",6717,"",""
"1663","KLL","SM",25.3,25.3,23.6,24.2,24.2,24,13600,3.31,"16-Sep-2026",14,"",""
"1664","KMCSHIL","EQ",133.46,154,128.48,146.93,152.23,132.8,9088731,13237.32,"16-Sep-2026",74377,"",""
"1665","KMEW","EQ",2710,2758.7,2488.8,2708.7,2740,2730.5,240945,6284.69,"16-Sep-2026",36117,"",""
"1666","KMSUGAR","EQ",29.11,29.59,28.2,28.63,29,29.1,111052,31.8,"16-Sep-2026",781,"",""
"1667","KNACK","EQ",178.58,182.1,171.1,179.69,180.25,178.58,805422,1434.99,"16-Sep-2026",8538,"",""
"1668","KNAGRI","EQ",194.95,196.6,163.55,180.25,187.9,192.52,9108,16.92,"16-Sep-2026",166,"",""
"1669","KNRCON","EQ",121,122.82,117.49,121.82,122.51,121.22,1757894,2118.24,"16-Sep-2026",16304,"",""
"1670","KODYTECH","ST",1400,1435,1340.45,1420,1420,1411,9200,125.75,"16-Sep-2026",78,"",""
"1671","KOHINOOR","EQ",30.4,31.75,28.64,31.36,31,29.58,318617,97.01,"16-Sep-2026",3660,"",""
"1672","KOKUYOCMLN","EQ",76.64,78.36,76.1,76.6,76.11,77,27445,21.03,"16-Sep-2026",839,"",""
"1673","KOLTEPATIL","EQ",418,430.8,413.2,429.05,430.8,420.8,50440,213.23,"16-Sep-2026",3267,"",""
"1674","KONSTELEC","ST",60.4,60.4,60.4,60.4,60.4,60.4,1000,0.6,"16-Sep-2026",1,"",""
"1675","KOPRAN","EQ",251.5,274.78,237.78,260.86,261.5,249.9,14226630,37489.62,"16-Sep-2026",200465,"",""
"1676","KORE","ST",169,179.9,168.65,172.55,174.15,177.5,8500,14.82,"16-Sep-2026",13,"",""
"1677","KOTAKBANK","EQ",413.6,417.05,409.35,415,415,409.8,10898426,45230.8,"16-Sep-2026",87698,"",""
"1678","KOTARISUG","BE",27.05,27.5,26.8,27.19,26.93,27.48,28451,7.69,"16-Sep-2026",214,"",""
"1679","KOTHARIPET","EQ",131.81,134.62,130.02,133.03,133.29,130.35,66598,88.21,"16-Sep-2026",1804,"",""
"1680","KOTHARIPRO","EQ",66,66,63,64.14,64,65.03,9143,5.84,"16-Sep-2026",161,"",""
"1681","KOTIC","EQ",128.8,137.95,123.12,133.61,135.05,126.62,26388,34.39,"16-Sep-2026",585,"",""
"1682","KOTYARK","BE",32.98,33.39,31,32.16,33,32.49,157538,50.26,"16-Sep-2026",398,"",""
"1683","KOVAI","EQ",6019,6169,5974,6088,6094,6019,4040,244.58,"16-Sep-2026",1096,"",""
"1684","KPEL","EQ",210.5,214,206.52,210.32,210.31,210.24,208889,440.44,"16-Sep-2026",6065,"",""
"1685","KPIGREEN","EQ",279,280.4,271.9,276.35,275.45,277.15,657223,1813.88,"16-Sep-2026",17960,"",""
"1686","KPIL","EQ",1380,1395.3,1345.6,1390.9,1395,1380.2,100752,1386.01,"16-Sep-2026",20007,"",""
"1687","KPITTECH","EQ",563,566.4,553.1,555,555,563,831708,4636.46,"16-Sep-2026",21333,"",""
"1688","KPL","EQ",3420.1,3477.2,3137,3356,3394.9,3430.6,82018,2691.24,"16-Sep-2026",17297,"",""
"1689","KPRMILL","EQ",1117.2,1130.2,1080,1121.4,1120.5,1120.2,162171,1807.64,"16-Sep-2026",17851,"",""
"1690","KRBL","EQ",395,398.65,383.5,394.85,393.55,397.15,386919,1511.32,"16-Sep-2026",16027,"",""
"1691","KREBSBIO","EQ",55.5,57.8,54.66,55.65,56.36,56.27,5062,2.83,"16-Sep-2026",78,"",""
"1692","KRIDHANINF","EQ",1.95,1.95,1.85,1.89,1.9,1.94,63697,1.19,"16-Sep-2026",133,"",""
"1693","KRISHANA","EQ",177,185.8,171.21,183.67,183.5,177.2,1194736,2155.29,"16-Sep-2026",12264,"",""
"1694","KRISHCA","SM",158.35,159,156,158.95,159,159.4,17500,27.67,"16-Sep-2026",20,"",""
"1695","KRISHIVAL","EQ",421,421.5,417.75,419.4,420,419.5,6512,27.32,"16-Sep-2026",221,"",""
"1696","KRISHNADEF","EQ",1018.7,1034.1,975.8,1002.4,1001.1,1027.8,99852,1000.6,"16-Sep-2026",9095,"",""
"1697","KRITI","EQ",63,63,60.8,61.91,62,61.6,9680,6.02,"16-Sep-2026",73,"",""
"1698","KRITIKA","EQ",5.22,5.35,5,5.17,5.19,5.24,114539,5.91,"16-Sep-2026",477,"",""
"1699","KRITINUT","EQ",80,81,79,80.3,80.88,80.78,9859,7.86,"16-Sep-2026",141,"",""
"1700","KRMAYURVED","SM",316.5,316.5,295,297.4,296.55,316.05,221000,664.26,"16-Sep-2026",184,"",""
"1701","KRN","EQ",1491.8,1506.4,1438.3,1438.3,1438.3,1514,278536,4018.64,"16-Sep-2026",7612,"",""
"1702","KRONOX","BE",170.36,173.45,163.85,171.53,172.5,170.36,51269,86.1,"16-Sep-2026",512,"",""
"1703","KROSS","EQ",228.86,229.79,220.42,225.86,225.98,228.87,554517,1246.63,"16-Sep-2026",13180,"",""
"1704","KRSNAA","EQ",540,549,525,536.4,549,541.65,42893,229,"16-Sep-2026",4631,"",""
"1705","KRT","RR",113.46,113.7,112.75,113.17,113.52,113.46,1863820,2106.68,"16-Sep-2026",3018,"",""
"1706","KRYSTAL","EQ",611.95,668.5,600.25,655.6,655.05,607.8,174712,1140.67,"16-Sep-2026",3622,"",""
"1707","KSB","EQ",786,789.65,762,764.85,764,787.95,144252,1110.84,"16-Sep-2026",12222,"",""
"1708","KSCL","EQ",697,704.1,685.4,690.45,689,697.9,57444,399.28,"16-Sep-2026",4957,"",""
"1709","KSE","EQ",175.05,177.93,174.01,176.35,175.05,176.88,9240,16.24,"16-Sep-2026",255,"",""
"1710","KSHINTL","EQ",1052,1067,990.9,1060.35,1062.85,1058.85,397791,4099.83,"16-Sep-2026",41377,"",""
"1711","KSHITIJPOL","EQ",3.82,3.83,3.82,3.83,3.83,3.65,2313639,88.56,"16-Sep-2026",951,"",""
"1712","KSL","EQ",930.45,963.45,901.15,952,954,930.45,108914,1022.9,"16-Sep-2026",7986,"",""
"1713","KSOLVES","EQ",250,261.9,249,255.75,257,252.1,35656,90.06,"16-Sep-2026",1676,"",""
"1714","KSR","EQ",45.98,46.62,44.65,46.52,46.62,44.4,86153,39.32,"16-Sep-2026",805,"",""
"1715","KTKBANK","EQ",314.6,321.85,309.95,318.2,318,315.95,2085928,6588.03,"16-Sep-2026",32664,"",""
"1716","KUANTUM","EQ",77.13,77.13,75.25,75.69,75.25,75.99,49275,37.49,"16-Sep-2026",817,"",""
"1717","KUSUMGAR","EQ",550,557,533,549.2,549.4,552.35,146373,800.53,"16-Sep-2026",9790,"",""
"1718","KWIL","EQ",40.85,41.67,39.11,41.32,41.38,40.83,17948121,7273.14,"16-Sep-2026",43806,"",""
"1719","LADDERUP","EQ",66.8,66.8,60.2,60.94,60.6,66.88,10098,6.17,"16-Sep-2026",746,"",""
"1720","LAGNAM","EQ",71.03,72.99,69.13,71.3,71.25,71.15,977,0.69,"16-Sep-2026",92,"",""
"1721","LAHOTIOV","EQ",40.99,40.99,39.2,40.43,40.45,39.28,1636,0.65,"16-Sep-2026",35,"",""
"1722","LAKPRE","BZ",5.43,5.43,5.42,5.42,5.42,5.7,1515,0.08,"16-Sep-2026",8,"",""
"1723","LAKSHMIMIL","EQ",7760,7850,7554,7850,7850,7565,10,0.77,"16-Sep-2026",8,"",""
"1724","LAKSHYA","SM",79.6,80.35,79.6,80.35,80.35,77.55,4000,3.2,"16-Sep-2026",5,"",""
"1725","LAL","EQ",8.99,9.05,8.49,8.77,8.81,8.99,438065,37.85,"16-Sep-2026",262,"",""
"1726","LALITHAA","EQ",305.65,305.65,305.65,305.65,305.65,321.7,147338,450.34,"16-Sep-2026",3251,"",""
"1727","LALPATHLAB","EQ",1921,2038.6,1870,1895.7,1887.8,1906.4,1560989,30235.97,"16-Sep-2026",138013,"",""
"1728","LAMBODHARA","EQ",128.65,130.5,116.6,117.76,116.99,130.33,98400,117.13,"16-Sep-2026",1741,"",""
"1729","LAMOSAIC","ST",54,54,50.8,53.15,53.15,53.45,29400,15.3,"16-Sep-2026",40,"",""
"1730","LANCER","EQ",12.95,12.95,12.05,12.23,12.29,12.47,243216,29.78,"16-Sep-2026",688,"",""
"1731","LANCORHOL","BE",34.75,37,34.25,35.24,35.25,36.04,102134,35.88,"16-Sep-2026",361,"",""
"1732","LANDMARK","EQ",472,484,454.05,476.6,466.05,470.35,111985,528.07,"16-Sep-2026",6692,"",""
"1733","LANDSMILL","EQ",0.58,0.58,0.56,0.57,0.58,0.57,1288942,7.4,"16-Sep-2026",778,"",""
"1734","LAOPALA","EQ",162.13,162.13,155,156.01,155.5,160.63,336735,526.09,"16-Sep-2026",10751,"",""
"1735","LARGEMID50","EQ",35.06,35.2,34.95,35.19,35.19,35.06,1217,0.43,"16-Sep-2026",15,"",""
"1736","LASERPOWER","EQ",273.6,277.5,266.2,270.8,270.5,271.9,505982,1374.12,"16-Sep-2026",10916,"",""
"1737","LATENTVIEW","EQ",254.8,262.5,251.05,252.15,252.45,252.9,2075787,5347.98,"16-Sep-2026",41773,"",""
"1738","LATTEYS","EQ",20.52,20.99,20.12,20.65,20.65,20.52,20896,4.27,"16-Sep-2026",143,"",""
"1739","LAURUSLABS","EQ",1924.6,1940.4,1863.5,1905.5,1905.5,1926.9,2871410,54019.15,"16-Sep-2026",77043,"",""
"1740","LAXMICOT","EQ",12.59,13.45,12.54,13.22,13.4,12.63,27323,3.58,"16-Sep-2026",83,"",""
"1741","LAXMIDENTL","EQ",196.33,198.56,190.81,195.43,197.25,197.46,50757,98.7,"16-Sep-2026",1589,"",""
"1742","LAXMIINDIA","EQ",121.59,124.8,117.25,119.85,120.42,121.59,198799,238.65,"16-Sep-2026",2590,"",""
"1743","LCCINFOTEC","EQ",3.03,3.13,2.99,3.13,3.13,2.99,39224,1.22,"16-Sep-2026",126,"",""
"1744","LCL","EQ",532.8,535.9,504.4,523.8,525,535.5,495678,2565.59,"16-Sep-2026",17508,"",""
"1745","LEAPIND","EQ",134.61,135.85,128.55,134.71,134,134.61,2218348,2938.81,"16-Sep-2026",28193,"",""
"1746","LEENEE","BE",7.89,7.9,7.4,7.55,7.55,7.74,9611,0.73,"16-Sep-2026",40,"",""
"1747","LEMERITE","EQ",19.76,19.76,19.06,19.18,19.4,20.06,207689,40.02,"16-Sep-2026",449,"",""
"1748","LEMONTREE","EQ",102.8,103.59,100.88,103.26,103.29,102.58,1729566,1772.68,"16-Sep-2026",23016,"",""
"1749","LENSKART","EQ",688.4,689.9,667.25,675.85,680,685.4,6968307,47285.36,"16-Sep-2026",157842,"",""
"1750","LEXUS","EQ",12.99,13.75,12.99,13.52,13.21,12.75,19072,2.53,"16-Sep-2026",187,"",""
"1751","LFIC","EQ",138.9,138.95,128.9,131.3,130.45,136.64,11464,15.18,"16-Sep-2026",198,"",""
"1752","LGBBROSLTD","EQ",1701,1716,1671.1,1706.7,1708.3,1703.2,38929,657.1,"16-Sep-2026",4089,"",""
"1753","LGEINDIA","EQ",1630,1646.3,1599,1628.2,1622,1629.6,196075,3176.75,"16-Sep-2026",27040,"",""
"1754","LGHL","EQ",184.19,196,173.52,187.04,187.99,185.11,49456,91.85,"16-Sep-2026",692,"",""
"1755","LIBAS","EQ",11.9,11.9,11.3,11.47,11.47,11.43,193790,22.08,"16-Sep-2026",181,"",""
"1756","LIBERTSHOE","EQ",220,222,215,217.94,218.99,218.62,28444,61.78,"16-Sep-2026",895,"",""
"1757","LICHSGFIN","EQ",541.8,551.45,529.6,543,543,542,3693410,19981,"16-Sep-2026",40001,"",""
"1758","LICI","EQ",392,395.5,386.5,395.5,395.5,391.5,7015226,27515.13,"16-Sep-2026",105837,"",""
"1759","LICMFGOLD","EQ",135.1,136.7,135.1,135.6,135.6,133.95,315886,429.86,"16-Sep-2026",669,"",""
"1760","LICNETFGSC","EQ",29.23,29.4,29.05,29.2,29.18,29.23,1880,0.55,"16-Sep-2026",58,"",""
"1761","LICNETFN50","EQ",259.72,262.59,259.72,259.85,259.85,261,275,0.72,"16-Sep-2026",29,"",""
"1762","LICNFNHGP","EQ",272.7,275.65,271.1,275.01,275.02,270,296,0.8,"16-Sep-2026",11,"",""
"1763","LICNMID100","EQ",59.77,62.44,59.77,60.84,60.5,60.99,22005,13.41,"16-Sep-2026",235,"",""
"1764","LIKHITHA","EQ",225.55,239.95,207,227.33,228.8,222.22,378760,864.13,"16-Sep-2026",7452,"",""
"1765","LINC","EQ",95.5,95.5,89.5,90.37,91,95.02,29059,26.55,"16-Sep-2026",1106,"",""
"1766","LINCOLN","EQ",606.65,609.95,586.1,590.7,586.1,602.6,33110,196.52,"16-Sep-2026",1768,"",""
"1767","LINDEINDIA","EQ",6090,6150.5,6024.5,6089.5,6085,6080,12044,733.61,"16-Sep-2026",3381,"",""
"1768","LIQGRWBEES","EQ",1055,1055.66,1055,1055.64,1055.66,1055.53,95816,1011.49,"16-Sep-2026",220,"",""
"1769","LIQUID","EQ",999.99,1000,999.99,999.99,1000,999.99,154680,1546.79,"16-Sep-2026",192,"",""
"1770","LIQUID1","EQ",1122.67,1123.8,1122.3,1122.81,1122.81,1122.67,739768,8306.2,"16-Sep-2026",552,"",""
"1771","LIQUIDADD","EQ",1144.89,1144.91,1144.88,1144.88,1144.88,1144.75,308661,3533.82,"16-Sep-2026",360,"",""
"1772","LIQUIDBEES","EQ",999.99,1000.01,999.99,999.99,1000,999.99,3811884,38118.66,"16-Sep-2026",5296,"",""
"1773","LIQUIDBETA","EQ",1008.16,1008.16,1008.16,1008.16,1008.16,1008.02,132,1.33,"16-Sep-2026",8,"",""
"1774","LIQUIDBETF","EQ",1098.95,1098.95,1098.93,1098.94,1098.95,1098.82,123415,1356.26,"16-Sep-2026",109,"",""
"1775","LIQUIDCASE","EQ",115.95,115.95,115.93,115.93,115.95,115.92,21585579,25026.68,"16-Sep-2026",16205,"",""
"1776","LIQUIDETF","EQ",1000,1000.01,999.99,999.99,1000,999.99,159105,1591.05,"16-Sep-2026",244,"",""
"1777","LIQUIDIETF","EQ",1000,1000.01,999.99,999.99,1000,999.99,191381,1913.81,"16-Sep-2026",171,"",""
"1778","LIQUIDPLUS","EQ",1103.32,1103.34,1103.32,1103.32,1103.34,1103.18,571866,6309.54,"16-Sep-2026",425,"",""
"1779","LIQUIDSBI","EQ",999.99,1000,999.99,1000,1000,999.99,1823,18.23,"16-Sep-2026",15,"",""
"1780","LIQUIDSHRI","EQ",1121.58,1121.6,1121.58,1121.58,1121.58,1121.45,1086,12.18,"16-Sep-2026",12,"",""
"1781","LKPSEC","EQ",15.2,15.77,14.98,15.03,15.04,15.2,35001,5.32,"16-Sep-2026",302,"",""
"1782","LLOYDSENGG","EQ",79.71,81,77.68,80.02,80,79.71,4340426,3459.21,"16-Sep-2026",22252,"",""
"1783","LLOYDSENT","EQ",67.33,68.56,65.91,66.96,66.55,67.64,1910226,1283.43,"16-Sep-2026",11669,"",""
"1784","LLOYDSME","EQ",1780,1832.3,1765,1812.3,1814.9,1778.8,293730,5307.82,"16-Sep-2026",22356,"",""
"1785","LMW","EQ",17180,17700,16800,17617,17680,17103,7595,1319.07,"16-Sep-2026",3235,"",""
"1786","LODHA","EQ",1050,1090.6,1047.5,1087.4,1087.4,1064.8,1204027,12900.43,"16-Sep-2026",28981,"",""
"1787","LOKESHMACH","EQ",333,354.8,322.45,348.25,349,332.2,55160,188.24,"16-Sep-2026",2341,"",""
"1788","LORDSCHLO","EQ",131.5,136.48,130.31,133.49,134.88,131.1,6679,8.95,"16-Sep-2026",395,"",""
"1789","LOTUSCHO","EQ",580.65,584,560,561.7,566.9,574.9,2698,15.23,"16-Sep-2026",349,"",""
"1790","LOTUSDEV","BE",209.51,220.4,202.87,216.4,214,213.54,1914804,4031.52,"16-Sep-2026",6076,"",""
"1791","LOTUSEYE","EQ",113.25,115.59,110.01,114.94,115,110.59,10389,11.73,"16-Sep-2026",221,"",""
"1792","LOVABLE","EQ",71.9,71.99,68.16,69.75,69.32,70.91,16767,11.71,"16-Sep-2026",383,"",""
"1793","LOWVOL","EQ",198.55,199.39,198.07,199.39,199.39,198.22,1505,2.99,"16-Sep-2026",9,"",""
"1794","LOWVOL1","EQ",20.38,20.42,20.22,20.23,20.22,20.27,111209,22.64,"16-Sep-2026",14551,"",""
"1795","LOWVOLIETF","EQ",21.27,21.44,21.21,21.28,21.44,21.27,1400208,298.3,"16-Sep-2026",15487,"",""
"1796","LOYALTEX","EQ",210,210,203,209.99,210,210,156,0.33,"16-Sep-2026",10,"",""
"1797","LPDC","EQ",6.17,6.18,6.02,6.12,6.09,6.06,12980,0.79,"16-Sep-2026",103,"",""
"1798","LRRPL","SM",90.05,90.05,89,89,89,90.05,6000,5.39,"16-Sep-2026",4,"",""
"1799","LT","EQ",3844.2,3867.9,3799.9,3807.7,3807.7,3850.7,2038640,77970.36,"16-Sep-2026",122434,"",""
"1800","LTF","EQ",296.9,300.95,293.8,295.5,295.5,296.8,1797290,5337.82,"16-Sep-2026",21578,"",""
"1801","LTFOODS","EQ",423,424.25,408.95,417.75,420,421.05,320057,1332,"16-Sep-2026",17041,"",""
"1802","LTGILTBEES","EQ",29.66,29.74,29.64,29.7,29.7,29.67,794995,235.9,"16-Sep-2026",463,"",""
"1803","LTGILTCASE","EQ",30.82,30.82,30.2,30.28,30.27,30.22,180779,54.71,"16-Sep-2026",167,"",""
"1804","LTM","EQ",4349,4370,4233,4233,4233,4346.6,229957,9897.89,"16-Sep-2026",24050,"",""
"1805","LTTS","EQ",3340,3366,3293,3351.5,3342,3312.2,46682,1557.48,"16-Sep-2026",9310,"",""
"1806","LUMAXIND","EQ",5738.5,5800,5560,5760.5,5756,5766.5,11706,668.66,"16-Sep-2026",4806,"",""
"1807","LUMAXTECH","EQ",1990.2,2003.1,1905,1941.8,1949.7,1991.3,110575,2146.88,"16-Sep-2026",23360,"",""
"1808","LUMINO","EQ",102.99,102.99,98.05,100.29,100.95,103.16,9172632,9231.09,"16-Sep-2026",45727,"",""
"1809","LUPIN","EQ",2056.4,2074.1,2033.5,2045,2045,2063.2,789895,16165.58,"16-Sep-2026",49404,"",""
"1810","LUXIND","EQ",1057,1063.8,1030,1032.4,1036.1,1056.7,36476,379.51,"16-Sep-2026",2899,"",""
"1811","LXCHEM","EQ",168.01,174.18,165.11,171.73,172.05,167.83,1325333,2259.95,"16-Sep-2026",13815,"",""
"1812","LYKALABS","BE",80,80.11,79.9,80.11,80.11,81.25,10554,8.44,"16-Sep-2026",56,"",""
"1813","M&M","EQ",3044.6,3105.9,3044.6,3070,3070,3029.5,2390779,73678.45,"16-Sep-2026",113590,"",""
"1814","M&MFIN","EQ",342.5,347.35,341.1,345.05,346,342.3,1115347,3841.27,"16-Sep-2026",34864,"",""
"1815","MAANALU","EQ",106.14,107.87,101.8,103.41,104.45,106.14,73650,76.53,"16-Sep-2026",1439,"",""
"1816","MACOBSTECH","SM",205,205,204,204,204,195,42400,86.7,"16-Sep-2026",5,"",""
"1817","MACPOWER","EQ",1872,1930,1732.2,1889.6,1851.2,1882.3,53070,976.97,"16-Sep-2026",7161,"",""
"1818","MADHAV","EQ",35.01,35.01,34.5,34.5,34.5,35.18,378,0.13,"16-Sep-2026",22,"",""
"1819","MADHAVIPL","EQ",7.99,7.99,7.57,7.69,7.62,7.82,103376,7.98,"16-Sep-2026",298,"",""
"1820","MADHUCON","BE",4.31,4.31,3.95,3.99,3.95,4.15,41849,1.7,"16-Sep-2026",59,"",""
"1821","MADHURKNIT","SM",56,60,56,56.05,57.8,69.95,1153200,646.06,"16-Sep-2026",442,"",""
"1822","MADHUSUDAN","ST",239.1,244.95,235.85,239.5,242.5,240,12000,28.82,"16-Sep-2026",11,"",""
"1823","MADRASFERT","EQ",61.4,61.43,59.57,60.27,60.09,60.52,48477,29.22,"16-Sep-2026",1038,"",""
"1824","MAFANG","EQ",237.44,239.9,230,232.48,232.5,234.2,741752,1739.44,"16-Sep-2026",16117,"",""
"1825","MAFATIND","EQ",122.94,122.94,119.1,120.41,120.51,122.15,21676,26.06,"16-Sep-2026",861,"",""
"1826","MAGADSUGAR","EQ",520.15,520.2,494.1,505.7,505,520.15,25481,128.22,"16-Sep-2026",2830,"",""
"1827","MAGNUM","EQ",18.51,19.9,18.46,18.94,18.75,18.69,102635,19.67,"16-Sep-2026",433,"",""
"1828","MAGSON","SM",175,175,175,175,175,179.05,1000,1.75,"16-Sep-2026",1,"",""
"1829","MAHABANK","EQ",80.1,81.7,79.2,80.21,80.21,79.56,18702078,15039.03,"16-Sep-2026",48756,"",""
"1830","MAHAPEXLTD","EQ",54,58.02,52.67,54.88,54.9,53.15,24489,13.83,"16-Sep-2026",302,"",""
"1831","MAHASTEEL","BE",1236.1,1274,1229.8,1265.1,1229.8,1294.5,7469,93.34,"16-Sep-2026",361,"",""
"1832","MAHEPC","EQ",102.08,103.5,101,101.18,101.5,102.08,10621,10.81,"16-Sep-2026",246,"",""
"1833","MAHESHWARI","EQ",72.98,72.98,69.35,71.48,71,70.3,8631,6.15,"16-Sep-2026",73,"",""
"1834","MAHKTECH","EQ",21.74,22.74,21.4,21.5,21.54,21.74,1007198,217.69,"16-Sep-2026",6802,"",""
"1835","MAHLIFE","EQ",348.6,353.4,339,344.15,343.9,345.9,77651,266.6,"16-Sep-2026",6073,"",""
"1836","MAHLOG","EQ",383,390.5,380,386.8,385.1,387.25,122831,473.54,"16-Sep-2026",9146,"",""
"1837","MAHSCOOTER","EQ",13231,13231,12900,13123,13100,12882,3273,427.67,"16-Sep-2026",1238,"",""
"1838","MAHSEAMLES","EQ",701.1,702.05,674.15,692.95,693.2,701.1,217121,1492.33,"16-Sep-2026",14767,"",""
"1839","MAITHANALL","EQ",1010,1010,974.45,994.45,998,1006.05,70638,701.61,"16-Sep-2026",5894,"",""
"1840","MAITREYA","SM",116.05,122.45,114.95,114.95,114.95,116,2400,2.81,"16-Sep-2026",6,"",""
"1841","MAJESAUT","BE",364.95,364.95,357.5,362.7,362.5,357.9,1198,4.31,"16-Sep-2026",75,"",""
"1842","MAKEINDIA","EQ",160.98,160.98,157.23,159.39,159.2,158.97,39316,62.53,"16-Sep-2026",584,"",""
"1843","MAKERSL","EQ",174.98,179.98,174.98,177.92,179.98,173.77,376,0.67,"16-Sep-2026",47,"",""
"1844","MAL","SM",45,45,44,44,44,46.3,6400,2.83,"16-Sep-2026",4,"",""
"1845","MALLCOM","EQ",912,932.4,912,924.3,931.6,911.95,1187,10.95,"16-Sep-2026",179,"",""
"1846","MALUPAPER","EQ",33,33,31.05,31.66,31.56,32.96,28875,9.23,"16-Sep-2026",367,"",""
"1847","MAMATA","EQ",390.5,405.35,388,391.55,390.25,396.65,56046,221.18,"16-Sep-2026",3435,"",""
"1848","MANAKALUCO","EQ",36.49,36.49,34,35,35,35.47,82635,28.83,"16-Sep-2026",800,"",""
"1849","MANAKCOAT","EQ",124.19,126.9,119.5,125.96,124.55,124.19,382017,475.21,"16-Sep-2026",3235,"",""
"1850","MANAKSIA","EQ",67.12,67.3,64,64.41,64.7,68.01,102935,66.81,"16-Sep-2026",1684,"",""
"1851","MANAKSTEEL","BE",107.02,110,106.42,106.42,106.5,112.02,75116,80.3,"16-Sep-2026",304,"",""
"1852","MANALIPETC","EQ",80,85.5,79.5,82.37,82.6,80.19,2637453,2158.63,"16-Sep-2026",20069,"",""
"1853","MANAPPURAM","EQ",321.25,324.7,317.25,319.9,319.9,318.85,3120709,10015.71,"16-Sep-2026",52092,"",""
"1854","MANBA","EQ",133.76,135.99,125.55,130.67,131,133.87,93447,122.59,"16-Sep-2026",1285,"",""
"1855","MANCREDIT","EQ",220.5,221.69,210.99,215.24,219.99,215.36,135509,289.99,"16-Sep-2026",1902,"",""
"1856","MANDEEP","SM",17,17,17,17,17,17,2000,0.34,"16-Sep-2026",1,"",""
"1857","MANGALAM","EQ",33,33.79,31.2,31.98,31.9,33.54,56939,18.48,"16-Sep-2026",741,"",""
"1858","MANGLMCEM","EQ",978.3,998.3,972,988.8,997.9,989.4,54115,532.86,"16-Sep-2026",2957,"",""
"1859","MANILAM","SM",40.8,42,40.8,40.8,40.8,42,6000,2.47,"16-Sep-2026",3,"",""
"1860","MANINDS","EQ",808.2,808.55,745,790.3,787.4,808.2,2075576,16110.61,"16-Sep-2026",66720,"",""
"1861","MANINFRA","EQ",124.43,126.6,121.98,124.23,123.34,124.83,2441811,3041.24,"16-Sep-2026",15016,"",""
"1862","MANIPALHOS","EQ",701.9,719.95,690.4,714.6,712,701.7,1278055,8987.29,"16-Sep-2026",31277,"",""
"1863","MANKIND","EQ",2280.5,2300.7,2246,2246,2246,2280.5,650768,14740.44,"16-Sep-2026",19184,"",""
"1864","MANOMAY","EQ",228.15,230.81,221.28,223.85,222,228.71,129033,289.62,"16-Sep-2026",4754,"",""
"1865","MANORAMA","EQ",1986,1993.3,1876.1,1916.4,1910,1987.1,264064,5041.48,"16-Sep-2026",34461,"",""
"1866","MANORG","EQ",450.1,463.35,448.05,451.05,450,454.3,9573,43.45,"16-Sep-2026",438,"",""
"1867","MANUFGBEES","EQ",157.7,157.96,155.09,157.61,157.96,157.69,4901,7.68,"16-Sep-2026",137,"",""
"1868","MANUGRAPH","EQ",15.1,15.88,14.7,15.14,15.27,14.65,19649,3,"16-Sep-2026",258,"",""
"1869","MANYAVAR","EQ",560,563.65,543.25,554.7,556,566.65,245299,1350.92,"16-Sep-2026",15265,"",""
"1870","MAPMYINDIA","EQ",892.4,895.6,865.6,883.1,883.9,887.8,93593,825.57,"16-Sep-2026",7711,"",""
"1871","MARALOVER","EQ",59.7,61.89,58.06,59.42,59.2,60,31966,18.94,"16-Sep-2026",375,"",""
"1872","MARATHON","EQ",408.2,419.9,397.25,415.05,413,414,97373,397.37,"16-Sep-2026",3237,"",""
"1873","MARC","SM",148,153,148,150.65,153,143.15,31200,46.89,"16-Sep-2026",21,"",""
"1874","MARCO","SM",29,30.2,29,30.2,30.2,30,6000,1.79,"16-Sep-2026",4,"",""
"1875","MARICO","EQ",795.5,819.9,792.15,810.15,810.15,791.25,3237626,26338.1,"16-Sep-2026",104149,"",""
"1876","MARINE","EQ",383,383,352.65,373.3,372.85,376.75,1225207,4502.95,"16-Sep-2026",50943,"",""
"1877","MARINETRAN","ST",14.55,14.55,14.55,14.55,14.55,15.3,4000,0.58,"16-Sep-2026",1,"",""
"1878","MARKOLINES","EQ",163.36,172,159.53,170.59,170,163.08,451228,754.06,"16-Sep-2026",3712,"",""
"1879","MARKSANS","EQ",311.8,323.6,307.05,316.45,315.4,312.85,2264075,7135.51,"16-Sep-2026",52190,"",""
"1880","MARSONS","EQ",121.96,124.79,119.71,121.54,121.5,121.3,2019696,2458.26,"16-Sep-2026",12597,"",""
"1881","MARUSHIKA","SM",118,120,118,119.65,119.95,119,12000,14.36,"16-Sep-2026",10,"",""
"1882","MARUTI","EQ",12231,12367,12159,12166,12166,12231,312876,38366.15,"16-Sep-2026",48387,"",""
"1883","MASFIN","EQ",296.95,296.95,286,288.05,287.4,294.9,143175,414.05,"16-Sep-2026",7102,"",""
"1884","MASKINVEST","EQ",147.84,147.84,137,142.4,137,140.8,169,0.25,"16-Sep-2026",15,"",""
"1885","MASON","SM",112,114.25,112,112,112,110,6500,7.31,"16-Sep-2026",11,"",""
"1886","MASPTOP50","EQ",97.44,100.5,95.31,98.65,98.5,95.31,739743,726.58,"16-Sep-2026",9189,"",""
"1887","MASTEK","EQ",1642.1,1664.8,1622,1633.1,1633.9,1652.1,87363,1429.14,"16-Sep-2026",12726,"",""
"1888","MASTER","SM",394.25,410,394.25,400,400,415,8500,33.96,"16-Sep-2026",15,"",""
"1889","MASTERTR","EQ",88.16,89,84.84,85.38,85.65,87.55,496413,428.39,"16-Sep-2026",2877,"",""
"1890","MATRIMONY","EQ",497.8,536,497.8,533.4,536,497.8,40915,214.76,"16-Sep-2026",1889,"",""
"1891","MAWANASUG","EQ",128.69,128.69,122.81,125.16,125.25,129,292895,365.13,"16-Sep-2026",4419,"",""
"1892","MAXESTATES","EQ",568.3,573.85,545.25,572.1,571,568.9,132037,746.22,"16-Sep-2026",4075,"",""
"1893","MAXHEALTH","EQ",1036.4,1036.4,1021.6,1025,1025,1030,1600620,16457.02,"16-Sep-2026",31221,"",""
"1894","MAXIND","EQ",140,142.94,135.3,139.64,140.35,139.12,88956,124.86,"16-Sep-2026",8016,"",""
"1895","MAXPOSURE","SM",33,37.65,33,37.65,37.65,31.4,42000,15.08,"16-Sep-2026",37,"",""
"1896","MAXVOLT","SM",384.95,384.95,380,384.95,384.95,366.65,72800,280.15,"16-Sep-2026",150,"",""
"1897","MAYURUNIQ","EQ",751.15,751.15,719.45,741.2,737.35,745.2,113517,833.17,"16-Sep-2026",7107,"",""
"1898","MAZDA","BE",263.9,264.5,250,250.95,250,255.9,22311,57.04,"16-Sep-2026",208,"",""
"1899","MAZDOCK","EQ",2236,2288.6,2190,2231.9,2231.9,2236,545318,12118.35,"16-Sep-2026",33962,"",""
"1900","MBAPL","EQ",157.4,162.68,152.16,159.82,159.49,155.82,1546425,2445.55,"16-Sep-2026",16854,"",""
"1901","MBECL","BE",364.26,364.26,329.58,364.26,364.26,346.92,28195,102.21,"16-Sep-2026",265,"",""
"1902","MBEL","EQ",253.2,260.65,249.95,254.4,253,252.65,122018,310.85,"16-Sep-2026",6027,"",""
"1903","MBLINFRA","EQ",22.6,22.8,21.85,22.14,22.11,22.56,26480,5.9,"16-Sep-2026",356,"",""
"1904","MCCHRLS-B","EQ",650.1,699,650.1,660,660,675,5283,34.87,"16-Sep-2026",23,"",""
"1905","MCL","EQ",56.4,57.98,54.46,54.96,55,56.53,52469,29.02,"16-Sep-2026",1329,"",""
"1906","MCLEODRUSS","EQ",41.57,43.39,40.36,42.55,42.25,41.57,413950,173.41,"16-Sep-2026",1776,"",""
"1907","MCLOUD","EQ",25.9,26,24.84,25.17,25.25,25.58,1055531,266.41,"16-Sep-2026",3447,"",""
"1908","MCON","SM",40,40.7,39.45,39.45,39.45,41.2,10000,4,"16-Sep-2026",10,"",""
"1909","MCX","EQ",3170.2,3224.5,3056.6,3211.2,3211.2,3173.5,1971522,61949.88,"16-Sep-2026",111422,"",""
"1910","MEDANTA","EQ",1425,1425,1380.1,1404.6,1409.1,1418.1,227556,3189.69,"16-Sep-2026",29307,"",""
"1911","MEDIASSIST","EQ",312,318,308,312.5,315,309.9,118389,370.19,"16-Sep-2026",5562,"",""
"1912","MEDICAMEQ","EQ",315.35,354.4,290.55,345.5,343.95,318.2,248996,835.71,"16-Sep-2026",9258,"",""
"1913","MEDICAPQ","EQ",27.9,27.9,25.68,25.81,25.68,28.53,21492,5.61,"16-Sep-2026",194,"",""
"1914","MEDICO","EQ",35.75,36.98,35.11,35.33,35.35,35.68,139644,49.66,"16-Sep-2026",944,"",""
"1915","MEDIORG","SM",23.9,23.9,23.9,23.9,23.9,22.8,2000,0.48,"16-Sep-2026",1,"",""
"1916","MEDISTEP","SM",19.4,21.5,19.4,21.5,21.5,22.5,9000,1.87,"16-Sep-2026",3,"",""
"1917","MEDPLUS","EQ",656.05,660.65,645,656.1,654,656.3,114156,744.48,"16-Sep-2026",7708,"",""
"1918","MEESHO","EQ",212.4,214.5,207.61,213.26,213.1,212.4,9379846,19832.01,"16-Sep-2026",94620,"",""
"1919","MEGAFLEX","SM",96.25,96.25,96.25,96.25,96.25,96,1000,0.96,"16-Sep-2026",1,"",""
"1920","MEGASTAR","EQ",281.2,289.85,272.4,277.75,278.5,285.5,988,2.75,"16-Sep-2026",127,"",""
"1921","MEGATHERM","SM",270,270,253,267.1,267,265.25,18000,47.31,"16-Sep-2026",44,"",""
"1922","MEIL","EQ",273.2,274.7,262.55,268.6,270,276.55,44664,119.86,"16-Sep-2026",1414,"",""
"1923","MENNPIS","BE",75.17,75.5,72.05,74.2,75.5,75.17,26941,19.82,"16-Sep-2026",191,"",""
"1924","MENONBE","BE",299.9,300,289.15,297.15,294.75,304.35,53188,156.39,"16-Sep-2026",973,"",""
"1925","MEP","BZ",0.67,0.67,0.65,0.65,0.65,0.66,26731,0.17,"16-Sep-2026",28,"",""
"1926","MERCANTILE","EQ",22.97,22.97,21.62,22.13,22,22.02,5962,1.32,"16-Sep-2026",149,"",""
"1927","MERCURYEV","EQ",41,41.97,36.79,39.08,39.16,40.87,1101352,420.33,"16-Sep-2026",5484,"",""
"1928","METAL","EQ",13.12,13.19,12.68,12.88,12.88,12.8,2201316,282.73,"16-Sep-2026",6441,"",""
"1929","METALIC","ST",149,150,142.65,143,143,150.15,116800,168.16,"16-Sep-2026",68,"",""
"1930","METALIETF","EQ",12.77,12.9,12.64,12.85,12.87,12.77,4879226,623.47,"16-Sep-2026",8772,"",""
"1931","METROBRAND","EQ",951.75,955.35,934.55,948.3,941.85,944.45,24415,231.18,"16-Sep-2026",4541,"",""
"1932","METROGLOBL","EQ",131.01,135.3,131,132,132,134.31,1378,1.85,"16-Sep-2026",29,"",""
"1933","METROPOLIS","EQ",571,585,557.8,580.85,580,572.5,368661,2128.78,"16-Sep-2026",25400,"",""
"1934","MFML","EQ",19,19.38,18.98,19.34,19.35,18.68,700,0.13,"16-Sep-2026",17,"",""
"1935","MFSL","EQ",1425.9,1491.7,1423.6,1487.6,1487.6,1425.9,929997,13614.02,"16-Sep-2026",51649,"",""
"1936","MGEL","EQ",15.41,15.88,15.41,15.6,15.52,15.53,226843,35.29,"16-Sep-2026",397,"",""
"1937","MGL","EQ",1071,1084.5,1047,1080.1,1082,1071.7,99105,1055.34,"16-Sep-2026",16536,"",""
"1938","MGSL","SM",71.8,71.8,65.7,66.1,66.5,68.1,27600,18.93,"16-Sep-2026",21,"",""
"1939","MHHL","SM",32.2,32.2,32.2,32.2,32.2,33.85,4500,1.45,"16-Sep-2026",3,"",""
"1940","MHLXMIRU","BE",159.9,159.9,148.77,149.87,148.8,156.39,19920,29.94,"16-Sep-2026",181,"",""
"1941","MHRIL","EQ",194.59,196.02,188.21,193.51,192.6,192.4,103937,199.46,"16-Sep-2026",5204,"",""
"1942","MICEL","BE",34.4,34.4,34.3,34.3,34.3,34.79,58994,20.28,"16-Sep-2026",536,"",""
"1943","MID150","EQ",23.31,23.31,22.46,22.88,22.9,22.85,73931,16.78,"16-Sep-2026",317,"",""
"1944","MID150BEES","EQ",232.89,232.99,228.56,232,231.5,231.67,1289248,2976.48,"16-Sep-2026",11749,"",""
"1945","MID150CASE","EQ",11.06,11.35,11.06,11.3,11.35,11.29,2486914,278.8,"16-Sep-2026",3653,"",""
"1946","MIDBANKADD","EQ",17.18,18,16.94,17.22,18,17.07,220246,37.74,"16-Sep-2026",41,"",""
"1947","MIDCAP","EQ",18.12,18.28,17.76,18.01,18.07,18.03,479334,85.8,"16-Sep-2026",1139,"",""
"1948","MIDCAPADD","EQ",22.47,22.8,22.21,22.7,22.75,22.47,14535,3.26,"16-Sep-2026",39,"",""
"1949","MIDCAPBETA","EQ",233.75,233.75,224,226.47,226.8,231.44,42932,96.85,"16-Sep-2026",176,"",""
"1950","MIDCAPETF","EQ",23.04,23.04,22.59,22.97,22.93,22.91,3919731,894.98,"16-Sep-2026",8493,"",""
"1951","MIDCAPIETF","EQ",23.28,23.35,22.92,23.23,23.28,23.28,1018692,235.87,"16-Sep-2026",2410,"",""
"1952","MIDHANI","EQ",407.35,409.7,387.45,399.25,398.8,405.85,1623475,6459.65,"16-Sep-2026",44223,"",""
"1953","MIDQ50ADD","EQ",24.12,24.13,23.7,24.07,24.13,24.12,40535,9.71,"16-Sep-2026",287,"",""
"1954","MIDSELIETF","EQ",19.27,19.5,19.01,19.31,19.25,19.35,219935,42.22,"16-Sep-2026",774,"",""
"1955","MIDSMALL","EQ",50,50.45,49.42,50.31,50.34,50.28,663597,331.22,"16-Sep-2026",2133,"",""
"1956","MIDWESTLTD","EQ",974,989.9,951.6,975.3,977.7,974.3,14345,139.48,"16-Sep-2026",1882,"",""
"1957","MIIL","EQ",689.95,704.9,640.5,663,645,666.1,140872,937.68,"16-Sep-2026",5872,"",""
"1958","MILKYMIST","EQ",270,281.7,264.24,276.23,277,278.14,13428031,36229.49,"16-Sep-2026",81791,"",""
"1959","MILTON","SM",37.9,37.9,37.9,37.9,37.9,36.1,4400,1.67,"16-Sep-2026",2,"",""
"1960","MINALIND","BE",5.35,5.35,5.35,5.35,5.35,5.45,7324,0.39,"16-Sep-2026",52,"",""
"1961","MINDACORP","EQ",685.65,689.8,661.8,671.55,671.9,678.95,171805,1154.95,"16-Sep-2026",13196,"",""
"1962","MINDSPACE","RR",497.44,501.1,496.81,498.78,499,496.81,236993,1182.99,"16-Sep-2026",11136,"",""
"1963","MINDTECK","EQ",156,157.19,153,154.47,153.21,154.36,20656,31.99,"16-Sep-2026",802,"",""
"1964","MIRZAINT","EQ",29.5,29.94,28.51,29.02,28.8,29.4,83103,24.13,"16-Sep-2026",1149,"",""
"1965","MITCON","EQ",80,83.8,79.95,80.26,80,80,3757,3.04,"16-Sep-2026",69,"",""
"1966","MITTAL","EQ",0.79,0.79,0.76,0.77,0.79,0.77,1461130,11.38,"16-Sep-2026",449,"",""
"1967","MKEXIM","EQ",65.88,65.88,62.59,65.17,65.1,64.52,14202,9.14,"16-Sep-2026",304,"",""
"1968","MKPL","EQ",4,4.7,3.93,4.03,4.06,3.92,128524,5.25,"16-Sep-2026",473,"",""
"1969","MLKFOOD","EQ",80,80,75.43,75.59,76.9,78.84,2562,1.94,"16-Sep-2026",64,"",""
"1970","MMEL","SM",27.05,27.05,27.05,27.05,27.05,27,2000,0.54,"16-Sep-2026",1,"",""
"1971","MMFL","EQ",597,611.6,578.2,606.95,607.65,593.8,109301,651.39,"16-Sep-2026",5892,"",""
"1972","MMP","EQ",457.7,466.15,430.75,456.35,460,457.7,64179,288.65,"16-Sep-2026",3795,"",""
"1973","MMTC","EQ",61.38,61.38,59.07,59.8,59.82,60.77,1176490,703.88,"16-Sep-2026",10898,"",""
"1974","MMWL","EQ",13.77,13.9,13.09,13.12,13.25,13.77,23806,3.18,"16-Sep-2026",179,"",""
"1975","MNC","EQ",32.01,32.32,31.92,32.09,32.32,32.18,94848,30.54,"16-Sep-2026",467,"",""
"1976","MOALPHA50","EQ",53.33,55.46,52.44,54.34,54.8,54.04,141639,75.89,"16-Sep-2026",124,"",""
"1977","MOBANK10","EQ",16.51,16.73,16.48,16.62,16.64,16.42,2068,0.34,"16-Sep-2026",43,"",""
"1978","MOBIKWIK","EQ",213.99,213.99,195,198.37,197.9,200.86,10303576,20937.2,"16-Sep-2026",119019,"",""
"1979","MOCAPITAL","EQ",52.85,53.06,51.71,52.57,52.71,52.85,1181704,617.74,"16-Sep-2026",4634,"",""
"1980","MODEFENCE","EQ",101.77,101.77,98.07,100.52,100.65,100.76,3266265,3253.12,"16-Sep-2026",17417,"",""
"1981","MODINATUR","EQ",341.35,341.8,323,326,328.3,338,6152,20.29,"16-Sep-2026",397,"",""
"1982","MODIRUBBER","EQ",120.86,123.96,118,119.1,119.1,121.46,1276,1.53,"16-Sep-2026",64,"",""
"1983","MODIS","EQ",356,363.25,339.5,352.7,354.7,354.4,33729,117.38,"16-Sep-2026",1684,"",""
"1984","MODISONLTD","BE",460.1,468.6,454.25,455.05,454.25,478.15,80064,365.09,"16-Sep-2026",1121,"",""
"1985","MODTHREAD","EQ",51.04,52,48.5,51.45,51.49,52.13,1215,0.6,"16-Sep-2026",37,"",""
"1986","MOENERGY","EQ",37.66,37.98,37.17,37.45,37.37,37.48,88248,33,"16-Sep-2026",582,"",""
"1987","MOGOLD","EQ",149.5,151.9,149.05,149.35,149.8,149.25,31256,46.71,"16-Sep-2026",433,"",""
"1988","MOGSEC","EQ",64.69,65.61,64.61,64.82,65.34,65.01,9755,6.31,"16-Sep-2026",78,"",""
"1989","MOHEALTH","EQ",52.3,52.3,50.45,51.4,51.43,51.11,56997,29.05,"16-Sep-2026",541,"",""
"1990","MOHITE","EQ",2.54,2.99,2.48,2.61,2.6,2.54,79733,2.12,"16-Sep-2026",160,"",""
"1991","MOHITIND","EQ",24.1,24.45,22.01,23.23,23.35,23.68,4201,0.97,"16-Sep-2026",124,"",""
"1992","MOIL","EQ",238.5,239.6,234.06,237.36,238.55,238.54,726299,1717.74,"16-Sep-2026",12166,"",""
"1993","MOINFRA","EQ",57.52,57.53,56.84,57.35,57.35,57.41,2209,1.27,"16-Sep-2026",67,"",""
"1994","MOIPO","EQ",47.82,47.82,46.61,47.48,47.48,47.59,27647,13.05,"16-Sep-2026",46,"",""
"1995","MOKSH","EQ",10.01,10.3,9.76,9.93,9.99,10.01,71948,7.12,"16-Sep-2026",306,"",""
"1996","MOL","EQ",59.11,59.95,56.95,58.5,58.5,58.86,825563,480.9,"16-Sep-2026",6764,"",""
"1997","MOLBIO","EQ",1385,1437.6,1196.2,1307,1320.9,1356.8,8096253,104398.8,"16-Sep-2026",356625,"",""
"1998","MOLDTECH","BE",190.15,192.08,187.18,187.18,187.18,197.03,18831,35.31,"16-Sep-2026",346,"",""
"1999","MOLDTKPAC","EQ",652.1,670,633,661.45,663.05,652.1,40145,261.62,"16-Sep-2026",3090,"",""
"2000","MOLOWVOL","EQ",35.02,35.15,34.88,34.99,34.96,34.96,28354,9.93,"16-Sep-2026",42,"",""
"2001","MOM100","EQ",67.59,67.59,65.08,66.11,66.16,65.95,394657,259.25,"16-Sep-2026",2779,"",""
"2002","MOM30IETF","EQ",30.36,30.42,29.89,30.34,30.4,30.33,658877,198.9,"16-Sep-2026",2331,"",""
"2003","MOM50","EQ",245.93,245.93,242.44,243.84,243.5,243.41,6122,14.91,"16-Sep-2026",121,"",""
"2004","MOMENTUM","EQ",30.5,30.6,29.72,30.16,30.54,30.25,80126,24.09,"16-Sep-2026",397,"",""
"2005","MOMENTUM30","EQ",29.75,30.34,29.33,29.91,29.9,29.78,24629,7.3,"16-Sep-2026",87,"",""
"2006","MOMENTUM50","EQ",52.63,52.77,51.59,52.66,52.72,52.63,791696,413.52,"16-Sep-2026",16894,"",""
"2007","MOMETAL","EQ",12.58,13.27,12.54,12.71,12.82,12.74,32836,4.19,"16-Sep-2026",48,"",""
"2008","MOMGF","EQ",156.4,156.65,154.26,156.62,156.62,158.24,1032,1.61,"16-Sep-2026",45,"",""
"2009","MOMIDMTM","EQ",63.88,63.88,61.56,62.69,62.5,62.66,34693,21.63,"16-Sep-2026",358,"",""
"2010","MOMMIDCAP","EQ",12.62,12.66,12.4,12.6,12.61,12.58,868783,109.09,"16-Sep-2026",2993,"",""
"2011","MOMNC","EQ",31.12,31.8,30.95,31.38,31.29,31.12,11631,3.61,"16-Sep-2026",35,"",""
"2012","MOMOMENTUM","EQ",60.35,60.78,59.31,60.33,60.52,60.3,61164,36.68,"16-Sep-2026",458,"",""
"2013","MOMSBELIEF","BE",217.11,225.9,214.24,224.3,222,224.88,315661,686.19,"16-Sep-2026",653,"",""
"2014","MON100","EQ",338.88,338.88,325.1,326.77,327,330.62,688291,2254.81,"16-Sep-2026",21647,"",""
"2015","MON50EQUAL","EQ",32.26,32.75,31.93,32.27,32.22,32.22,3713,1.19,"16-Sep-2026",52,"",""
"2016","MONARCH","EQ",370.15,371,350.45,368.95,369,366.5,269952,986.43,"16-Sep-2026",3634,"",""
"2017","MONEXT50","EQ",70.37,72.5,69.51,71.64,70.82,70.14,9193,6.47,"16-Sep-2026",69,"",""
"2018","MONEYBOXX","EQ",49.43,49.43,49.43,49.43,49.43,44.94,16118,7.97,"16-Sep-2026",57,"",""
"2019","MONIFTY100","EQ",24.48,24.6,24.37,24.59,24.6,24.48,38426,9.4,"16-Sep-2026",69,"",""
"2020","MONIFTY500","EQ",23.19,23.35,22.88,23.15,23.19,23.19,593770,137.16,"16-Sep-2026",1686,"",""
"2021","MONOLITH","SM",1403.2,1449.95,1153.55,1390.95,1398,1420.35,157750,2073.41,"16-Sep-2026",547,"",""
"2022","MONOPHARMA","SM",8.7,8.7,8.55,8.55,8.55,8.95,4000,0.35,"16-Sep-2026",2,"",""
"2023","MONQ50","EQ",236.62,275.67,232,275.28,275.67,229.73,1389811,3589.97,"16-Sep-2026",21054,"",""
"2024","MONTECARLO","EQ",552.4,570,540.05,549.95,549.05,552.35,50125,273.83,"16-Sep-2026",2515,"",""
"2025","MOOILGAS","EQ",11.1,11.2,10.79,10.86,10.85,10.87,5392,0.59,"16-Sep-2026",48,"",""
"2026","MOPSE","EQ",97,103,97,97.76,97.58,99.1,3381,3.29,"16-Sep-2026",38,"",""
"2027","MOQUALITY","EQ",191.6,192.77,190.32,191.94,191.94,192.25,4136,7.95,"16-Sep-2026",31,"",""
"2028","MOREALTY","EQ",83,83.4,80.92,83.01,82.81,82.37,410066,336.78,"16-Sep-2026",2577,"",""
"2029","MOREPENLAB","EQ",106.45,116,97.04,114.73,114.15,106.22,39424210,42319.21,"16-Sep-2026",159523,"",""
"2030","MOS","ST",5.45,5.45,5.45,5.45,5.45,5.7,404000,22.02,"16-Sep-2026",57,"",""
"2031","MOSCHIP","EQ",203.02,204.36,195.02,199.16,198.51,203.02,1644416,3260.29,"16-Sep-2026",26505,"",""
"2032","MOSERVICE","EQ",30,30.11,29.9,30.11,30.11,30,2127,0.64,"16-Sep-2026",20,"",""
"2033","MOSILVER","EQ",224.4,226.41,224.4,225.55,225.26,221.93,37189,84.01,"16-Sep-2026",1310,"",""
"2034","MOSMALL250","EQ",17.99,18.04,17.58,17.94,17.97,17.98,2922112,520.31,"16-Sep-2026",2705,"",""
"2035","MOTHERSON","EQ",157.19,160.4,156.4,158.27,158.27,158.15,8769455,13936.2,"16-Sep-2026",88939,"",""
"2036","MOTILALOFS","EQ",982.4,989.9,963.8,976.5,976.5,990.8,771004,7537.41,"16-Sep-2026",28919,"",""
"2037","MOTISONS","EQ",15.46,16.87,15.02,16.62,16.65,15.47,93614476,15294.1,"16-Sep-2026",568618,"",""
"2038","MOTOGENFIN","EQ",25.1,25.8,24.61,25,25,25.15,8559,2.14,"16-Sep-2026",82,"",""
"2039","MOTOUR","EQ",75.27,75.29,74.22,75.02,75,75.27,10952,8.2,"16-Sep-2026",166,"",""
"2040","MOVALUE","EQ",109.5,111.84,108.69,109.92,110,109.39,42339,46.38,"16-Sep-2026",587,"",""
"2041","MOXSH","SM",90.3,95,90.3,95,95,93.9,3200,2.96,"16-Sep-2026",2,"",""
"2042","MPEL","ST",20.2,21,20.2,20.2,20.2,21.25,4800,0.98,"16-Sep-2026",3,"",""
"2043","MPEL-RE","ST",1.75,1.75,1.45,1.5,1.5,1.6,57600,0.96,"16-Sep-2026",17,"",""
"2044","MPHASIS","EQ",2379,2393.9,2316.7,2316.7,2316.7,2378,158994,3736.94,"16-Sep-2026",19506,"",""
"2045","MPSLTD","EQ",2545,2629.3,2473,2610.2,2605.2,2522.6,14772,377.1,"16-Sep-2026",3207,"",""
"2046","MRF","EQ",125880,127700,124615,125010,125100,125795,4959,6214.15,"16-Sep-2026",4026,"",""
"2047","MRIL","ST",76,79.8,72.55,79.8,79.8,76,115200,90.56,"16-Sep-2026",56,"",""
"2048","MRPL","EQ",167,170.6,164,166.11,165.32,166.81,7293502,12202.55,"16-Sep-2026",49434,"",""
"2049","MSCI360","EQ",9.81,9.98,9.76,9.87,9.87,9.77,3079,0.31,"16-Sep-2026",17,"",""
"2050","MSCIADD","EQ",28.49,28.63,28.47,28.63,28.63,28.56,314,0.09,"16-Sep-2026",6,"",""
"2051","MSCIINDIA","EQ",28.91,29,28.7,28.88,28.78,28.89,15530,4.48,"16-Sep-2026",89,"",""
"2052","MSL","EQ",139.9,139.9,120,136,136,140,1487,1.91,"16-Sep-2026",40,"",""
"2053","MSPL","EQ",32.51,33.84,31.8,33.48,33.5,32.96,561971,184.36,"16-Sep-2026",3263,"",""
"2054","MSTCLTD","EQ",707.85,710.85,671,703.55,700.2,701.2,248850,1719.25,"16-Sep-2026",13680,"",""
"2055","MSUMI","EQ",34.99,36.6,34.85,35.47,35.54,35.06,30692547,10962.75,"16-Sep-2026",75314,"",""
"2056","MTARTECH","BE",6690,6820,6600,6792,6800,6947,141307,9408.39,"16-Sep-2026",26964,"",""
"2057","MTEDUCARE","BE",1.75,1.82,1.74,1.74,1.74,1.83,13597,0.24,"16-Sep-2026",38,"",""
"2058","MTNL","EQ",24.03,24.14,23.3,23.84,23.95,23.7,597123,142.1,"16-Sep-2026",3545,"",""
"2059","MUFIN","EQ",132.99,132.99,125.02,130.56,132,132.49,724979,948.47,"16-Sep-2026",4404,"",""
"2060","MUFTI","EQ",72.99,73,71.61,72.34,72.12,72.49,43535,31.43,"16-Sep-2026",989,"",""
"2061","MUKANDLTD","EQ",135.2,136.27,129.91,134.89,134.05,135.62,134607,178.01,"16-Sep-2026",2852,"",""
"2062","MUKKA","EQ",31.1,31.31,29.26,29.53,29.59,31.39,1355601,405.98,"16-Sep-2026",7656,"",""
"2063","MUKTAARTS","BE",57.48,57.48,55.65,55.65,55.65,57.2,90,0.05,"16-Sep-2026",2,"",""
"2064","MULTICAP","EQ",16.21,16.42,16.08,16.23,16.23,16.22,127049,20.57,"16-Sep-2026",458,"",""
"2065","MUNISH","SM",94.55,96,92,92.3,92.3,97.5,37200,35.44,"16-Sep-2026",11,"",""
"2066","MUNJALAU","EQ",103.31,103.67,98.96,102.06,102.33,103.8,297064,301.61,"16-Sep-2026",9684,"",""
"2067","MUNJALSHOW","EQ",125.28,126.59,123.31,124.67,124.3,125.28,15812,19.76,"16-Sep-2026",531,"",""
"2068","MURUDCERA","EQ",29,29.8,28.16,28.6,28.61,29,11479,3.31,"16-Sep-2026",121,"",""
"2069","MUTHOOTCAP","EQ",222.9,235.26,216.54,234.02,234.65,222.9,34493,78.55,"16-Sep-2026",1117,"",""
"2070","MUTHOOTFIN","EQ",2726,2804.6,2725.2,2771.4,2771.4,2722.3,632020,17555.74,"16-Sep-2026",52224,"",""
"2071","MUTHOOTMF","EQ",187.98,192.3,185.34,187.41,188.9,187.61,216959,409.43,"16-Sep-2026",4205,"",""
"2072","MVELECTRO","EQ",777.1,845.7,736,819.05,828,777,4327351,34733.99,"16-Sep-2026",127052,"",""
"2073","MVGJL","EQ",196.04,209.9,185.15,207.16,206,196.05,672307,1353.65,"16-Sep-2026",16370,"",""
"2074","MVKAGRO","SM",270.65,280,270.65,270.65,270.65,284.85,371400,1006.26,"16-Sep-2026",391,"",""
"2075","MWL","EQ",41.11,41.26,38.52,39.74,39.21,41.03,1184673,472.12,"16-Sep-2026",5305,"",""
"2076","MYSORPETRO","BE",131,132.98,127.35,127.54,127.54,134.05,3476,4.46,"16-Sep-2026",64,"",""
"2077","NACLIND","EQ",150.14,154.25,144,151.18,150.7,149.92,774178,1155.03,"16-Sep-2026",14227,"",""
"2078","NAGREEKCAP","EQ",27.38,28.29,25.12,27.79,28.23,27.38,65647,17.85,"16-Sep-2026",486,"",""
"2079","NAGREEKEXP","EQ",21.41,22.43,20.7,21.25,21.16,21.61,31177,6.78,"16-Sep-2026",411,"",""
"2080","NAHARCAP","EQ",252,255.65,242.2,250.05,251,252.65,1758,4.38,"16-Sep-2026",93,"",""
"2081","NAHARINDUS","EQ",126.35,130.19,124,127.3,128.9,127.37,36593,46.6,"16-Sep-2026",655,"",""
"2082","NAHARPOLY","EQ",233,233,225,225.84,225,226.24,6869,15.55,"16-Sep-2026",221,"",""
"2083","NAHARSPING","EQ",262.5,268.2,258.1,261.8,262.9,261.65,17468,45.77,"16-Sep-2026",867,"",""
"2084","NAM-INDIA","EQ",1154,1158,1111.2,1124,1124,1153.1,1222983,13699.15,"16-Sep-2026",41101,"",""
"2085","NAMAN","SM",38,38,37.6,37.65,37.65,39,4000,1.51,"16-Sep-2026",4,"",""
"2086","NAMOEWASTE","ST",262,267.85,259.9,265.45,266.2,273.55,60000,157.08,"16-Sep-2026",73,"",""
"2087","NARMADA","EQ",14.1,14.1,13.5,13.77,13.61,13.85,216587,29.83,"16-Sep-2026",686,"",""
"2088","NATCAPSUQ","BE",179.99,179.99,171.41,172.54,172.5,180.43,12651,21.86,"16-Sep-2026",132,"",""
"2089","NATCOPHARM","EQ",813.1,828.75,801,813.3,815.95,819.15,492595,4003.94,"16-Sep-2026",37976,"",""
"2090","NATHBIOGEN","EQ",145,147.93,144.26,146.05,146.55,146.81,3309,4.83,"16-Sep-2026",113,"",""
"2091","NATIONALUM","EQ",352,357.75,350.1,356,356,350.55,3670150,13034.59,"16-Sep-2026",61740,"",""
"2092","NATIONSTD","EQ",113.7,115.78,108.54,109.21,113,114.25,22636,25.2,"16-Sep-2026",590,"",""
"2093","NAUKRI","EQ",1258.5,1274.3,1250.9,1256,1256,1261.5,788281,9952.65,"16-Sep-2026",52223,"",""
"2094","NAVA","EQ",538.8,554.7,535.05,548.3,546.7,536.95,290194,1589.81,"16-Sep-2026",21529,"",""
"2095","NAVINFLUOR","EQ",8212,8295,8100,8160.5,8110,8228,99485,8171.5,"16-Sep-2026",29437,"",""
"2096","NAVKARCORP","EQ",91.89,92.07,84.8,85.56,85,91.58,1883621,1632,"16-Sep-2026",10941,"",""
"2097","NAVKARURB","BE",0.87,0.9,0.83,0.86,0.85,0.87,986715,8.36,"16-Sep-2026",367,"",""
"2098","NAVNETEDUL","EQ",124.74,126,122.1,125.03,125.58,124.1,58197,72.16,"16-Sep-2026",1761,"",""
"2099","NAZARA","EQ",357.1,362.3,345.6,351.15,349.6,357.4,1068058,3756.44,"16-Sep-2026",25860,"",""
"2100","NBCC","EQ",81.2,81.54,79.72,81.41,81.41,80.69,5850166,4733.76,"16-Sep-2026",36564,"",""
"2101","NBIFIN","EQ",2049.5,2049.5,1965.3,1993.6,1978,1978.5,5174,102.11,"16-Sep-2026",40,"",""
"2102","NCC","EQ",137.31,137.85,133.78,135.01,135.4,137.33,1955001,2645.21,"16-Sep-2026",24491,"",""
"2103","NCLIND","EQ",173.99,173.99,168.6,172.42,173.5,173.02,38821,66.82,"16-Sep-2026",948,"",""
"2104","NDGL","EQ",2652.3,2680,2601,2668.6,2670,2655.5,71,1.89,"16-Sep-2026",20,"",""
"2105","NDL","EQ",2.79,3.2,2.64,2.89,2.85,2.75,1436754,39.74,"16-Sep-2026",1619,"",""
"2106","NDLVENTURE","EQ",120.01,123.01,115.89,116.65,116.2,118.87,36791,43.24,"16-Sep-2026",574,"",""
"2107","NDRAUTO","EQ",672.85,676.4,653.3,670.55,662.9,672.85,16270,108.05,"16-Sep-2026",1850,"",""
"2108","NDTV","EQ",71.91,71.91,68.75,69.74,69.51,70.43,40111,27.99,"16-Sep-2026",805,"",""
"2109","NECCLTD","BE",18.3,19.25,18.15,18.97,18.31,19.04,36124,6.77,"16-Sep-2026",127,"",""
"2110","NECLIFE","EQ",11.41,11.68,10.83,10.9,10.9,11.4,225810,24.73,"16-Sep-2026",616,"",""
"2111","NEELAM","SM",6.4,6.5,6.4,6.5,6.5,6.2,12000,0.77,"16-Sep-2026",2,"",""
"2112","NELCAST","EQ",105.22,106.99,102.32,103.85,104.7,104.91,66256,69.04,"16-Sep-2026",1452,"",""
"2113","NELCO","EQ",928,954.5,904.55,938.05,939,924.3,223586,2087.74,"16-Sep-2026",12892,"",""
"2114","NEOCHEM","SM",108,108,106.9,107.95,107.95,105.15,162000,174.45,"16-Sep-2026",24,"",""
"2115","NEOGEN","EQ",2302,2347.8,2202.9,2302.4,2302,2310.3,239255,5478.94,"16-Sep-2026",37164,"",""
"2116","NEPHROCARE","SM",92,96,91.55,95.85,96,95.4,12400,11.59,"16-Sep-2026",27,"",""
"2117","NEPHROPLUS","EQ",734.85,742.7,710.05,735.2,739.05,734.95,144067,1048.08,"16-Sep-2026",11794,"",""
"2118","NEPTUNE","SM",179,179,179,179,179,179,1000,1.79,"16-Sep-2026",1,"",""
"2119","NESCO","EQ",1093,1103.3,1053.6,1075.6,1095.4,1087.7,26040,278.63,"16-Sep-2026",4305,"",""
"2120","NESTLEIND","EQ",1369.2,1397,1368.7,1384.5,1384.5,1362,1631890,22638.7,"16-Sep-2026",93197,"",""
"2121","NETF","EQ",253.6,257.1,245,251.74,251.45,253.54,1490,3.77,"16-Sep-2026",135,"",""
"2122","NETWEB","EQ",4629.5,4638.5,4388,4562,4550,4614,1768403,79756.75,"16-Sep-2026",141142,"",""
"2123","NETWORK18","EQ",25.8,26.55,25.71,26.12,26.2,25.95,4777743,1248.2,"16-Sep-2026",10848,"",""
"2124","NEUEON","BE",11.37,11.37,10.82,11.09,11.36,11.38,35557,3.93,"16-Sep-2026",48,"",""
"2125","NEULANDLAB","EQ",22595,23125,21855,22625,22520,22595,50785,11393.9,"16-Sep-2026",21562,"",""
"2126","NEWGEN","EQ",502.4,507.9,487.3,492,492.5,499.35,531343,2630.84,"16-Sep-2026",20602,"",""
"2127","NEWJAISA","ST",17.5,18.45,16.8,18.45,18.45,17.6,19500,3.46,"16-Sep-2026",11,"",""
"2128","NEXT30ADD","EQ",41.48,41.77,41.07,41.24,41.34,41.59,4260,1.76,"16-Sep-2026",52,"",""
"2129","NEXT50","EQ",732,732,720,729.58,728.5,728.36,24081,174.81,"16-Sep-2026",4161,"",""
"2130","NEXT50ADD","EQ",70.58,71.09,70.38,70.74,70.74,70.86,17831,12.6,"16-Sep-2026",137,"",""
"2131","NEXT50BETA","EQ",76.45,76.72,75.16,76.34,76.5,76.45,150745,114.63,"16-Sep-2026",875,"",""
"2132","NEXT50ETF","EQ",71.39,71.39,70.38,70.93,71.39,71.39,11289,7.99,"16-Sep-2026",209,"",""
"2133","NEXT50IETF","EQ",76.4,76.4,73.56,74.61,74.82,74.54,732507,544.59,"16-Sep-2026",5334,"",""
"2134","NEXTMEDIA","EQ",3.83,3.83,3.7,3.8,3.81,3.83,14112,0.53,"16-Sep-2026",58,"",""
"2135","NFL","EQ",67,67.13,65.3,66.29,66.23,67.18,545072,360.39,"16-Sep-2026",3871,"",""
"2136","NFPSAMPOOR","SM",21.95,21.95,21.1,21.1,21.1,22,4000,0.86,"16-Sep-2026",2,"",""
"2137","NGIL","EQ",32.56,33.88,31.57,32.34,33.88,33.01,8245,2.64,"16-Sep-2026",89,"",""
"2138","NGLFINE","EQ",2543.2,2738.9,2505.1,2673.8,2680,2581.8,11725,310.98,"16-Sep-2026",2817,"",""
"2139","NH","EQ",1887.3,1887.3,1811,1851.6,1849.9,1894.9,401015,7374.37,"16-Sep-2026",68552,"",""
"2140","NHIT","IV",171,171,171,171,171,171,25000,42.75,"16-Sep-2026",1,"",""
"2141","NHPC","EQ",76,76.73,75.26,75.41,75.41,76.04,9639495,7292.04,"16-Sep-2026",44368,"",""
"2142","NIACL","EQ",186.6,187.1,179.15,184.19,184.44,185.41,3069621,5604.89,"16-Sep-2026",38329,"",""
"2143","NIBE","EQ",1224.4,1254.6,1188,1212,1224,1224.4,51046,617.44,"16-Sep-2026",4960,"",""
"2144","NIBL","EQ",31.21,31.64,30.74,30.88,30.9,31.06,6036,1.87,"16-Sep-2026",69,"",""
"2145","NICCOPAR","EQ",77.1,80.51,77.1,80.11,80.11,80.51,1639,1.31,"16-Sep-2026",21,"",""
"2146","NIDAN","SM",14,14,13.5,13.5,13.5,13.25,3000,0.41,"16-Sep-2026",3,"",""
"2147","NIF100BEES","EQ",261.2,261.2,256.19,258.67,258.25,257.93,270971,697.85,"16-Sep-2026",710,"",""
"2148","NIF100IETF","EQ",27,27.25,27,27.19,27.22,27.16,85738,23.3,"16-Sep-2026",1244,"",""
"2149","NIF500BETA","EQ",36.26,36.38,35.83,35.99,36.1,36.31,31278,11.31,"16-Sep-2026",28,"",""
"2150","NIFTY1","EQ",257.46,259.41,256.67,258.43,258.49,257.46,53512,138.11,"16-Sep-2026",1222,"",""
"2151","NIFTY100EW","EQ",34.59,34.99,33.59,34.33,34,33.91,148048,50.14,"16-Sep-2026",374,"",""
"2152","NIFTYADD","EQ",245.83,246.19,244.32,245.69,246.19,244.69,10290,25.23,"16-Sep-2026",195,"",""
"2153","NIFTYAXIS","EQ",258.31,258.31,256.46,257.65,257.77,257.17,24717,63.67,"16-Sep-2026",204,"",""
"2154","NIFTYBEES","EQ",264.58,266.28,262.79,265.02,265.2,264.58,6249520,16564.93,"16-Sep-2026",51162,"",""
"2155","NIFTYBETA","EQ",250.94,259.95,250.94,258.24,258.29,257.38,32014,82.48,"16-Sep-2026",370,"",""
"2156","NIFTYBETF","EQ",241.04,244,238.11,240.54,238.61,239.22,3109,7.45,"16-Sep-2026",102,"",""
"2157","NIFTYCASE","EQ",9.37,9.38,9.3,9.35,9.37,9.34,586025,54.78,"16-Sep-2026",1855,"",""
"2158","NIFTYETF","EQ",253.5,253.83,252,253.31,253.2,252.68,123040,311.34,"16-Sep-2026",809,"",""
"2159","NIFTYIETF","EQ",269.94,269.94,262.7,263.67,263.57,263.36,511272,1349.01,"16-Sep-2026",11195,"",""
"2160","NIFTYJBLK","EQ",12.21,12.21,11.85,12.07,12.18,11.92,164395,19.64,"16-Sep-2026",634,"",""
"2161","NIFTYQLITY","EQ",20.57,20.6,20.33,20.36,20.52,20.57,26136,5.34,"16-Sep-2026",187,"",""
"2162","NIITLTD","EQ",87.8,88.89,84.86,85.35,85.31,87.32,351938,303.76,"16-Sep-2026",4468,"",""
"2163","NIITMTS","EQ",232.02,232.02,222.16,223.79,227.2,232.02,88940,199.99,"16-Sep-2026",6399,"",""
"2164","NIKITA","SM",66.8,66.8,66.6,66.6,66.6,66.8,3600,2.4,"16-Sep-2026",3,"",""
"2165","NILAINFRA","EQ",6.57,6.74,6.4,6.57,6.59,6.57,155759,10.14,"16-Sep-2026",475,"",""
"2166","NILASPACES","EQ",12.04,12.8,11.81,12.56,12.59,12.23,1928596,237.96,"16-Sep-2026",3952,"",""
"2167","NILE","EQ",1468.3,1486.9,1431.1,1452.6,1473.8,1431.9,1356,19.68,"16-Sep-2026",290,"",""
"2168","NILKAMAL","EQ",2012.4,2012.4,1880,1920.5,1919,2017.9,41077,789.42,"16-Sep-2026",6593,"",""
"2169","NIMBSPROJ","EQ",174,178.5,167,174.99,178.5,170,42855,73.22,"16-Sep-2026",643,"",""
"2170","NINSYS","EQ",714.75,714.9,687.05,709.35,712.9,710.75,4210,29.59,"16-Sep-2026",513,"",""
"2171","NIPPOBATRY","EQ",326,326,317,323.55,323.9,320.85,1173,3.78,"16-Sep-2026",80,"",""
"2172","NIRAJ","EQ",27.85,28.55,27.33,27.61,27.61,27.58,13411,3.75,"16-Sep-2026",48,"",""
"2173","NIRAJISPAT","BE",300,300,300,300,300,300,5,0.02,"16-Sep-2026",1,"",""
"2174","NIRLON","EQ",598,602.75,591.8,593.6,592,600.65,1923,11.42,"16-Sep-2026",226,"",""
"2175","NIRMAN","SM",27.8,27.8,26.65,26.85,26.8,27.5,14700,3.96,"16-Sep-2026",36,"",""
"2176","NITCO","EQ",88.9,89.05,83.25,85.17,86.95,88.24,684232,585.16,"16-Sep-2026",4771,"",""
"2177","NITINSPIN","EQ",639.95,640.35,615.25,628,629.5,643.15,122404,763.77,"16-Sep-2026",6647,"",""
"2178","NITIRAJ","EQ",232,232,218.9,230.02,231,225.91,4246,9.7,"16-Sep-2026",113,"",""
"2179","NITTAGELA","EQ",1725.9,1779,1651.2,1756.9,1765.1,1693,11261,195.16,"16-Sep-2026",1327,"",""
"2180","NIVABUPA","EQ",81.5,81.79,79.08,79.55,79.8,81.5,1090983,872.67,"16-Sep-2026",18255,"",""
"2181","NKIND","EQ",52.2,59.89,50,57.62,57.6,55.52,1193,0.68,"16-Sep-2026",238,"",""
"2182","NLCINDIA","EQ",261.25,262,254.3,255.35,256.65,261.05,3109419,8008.03,"16-Sep-2026",55471,"",""
"2183","NMDC","EQ",80.8,81.09,79.45,80.32,80.32,80.5,9502607,7636.54,"16-Sep-2026",43644,"",""
"2184","NMSTEEL","SM",23.55,23.55,21.8,22.05,22,23.55,9600,2.13,"16-Sep-2026",6,"",""
"2185","NOCIL","EQ",184.2,186.86,179.21,181.95,181.48,183.6,1428895,2627.07,"16-Sep-2026",11738,"",""
"2186","NOIDATOLL","EQ",3.94,4.06,3.92,3.96,3.99,4.01,42388,1.68,"16-Sep-2026",190,"",""
"2187","NORBTEAEXP","EQ",64.5,67.72,64.5,64.56,64.56,64.5,1286,0.84,"16-Sep-2026",21,"",""
"2188","NORTHARC","EQ",294.15,298.5,285.45,295.9,297.5,294.2,749709,2197.06,"16-Sep-2026",12170,"",""
"2189","NOVAAGRI","EQ",22.49,22.97,22,22.32,22.34,22.49,44964,10.08,"16-Sep-2026",430,"",""
"2190","NOVARTIND","EQ",2164,2178.1,1980,1995.5,1981.5,2188,122942,2503.16,"16-Sep-2026",10803,"",""
"2191","NPBET","EQ",281.1,282.9,281.1,282.63,282.63,278.83,148,0.42,"16-Sep-2026",18,"",""
"2192","NPST","EQ",1730,1934,1673.5,1834.6,1822.5,1639.5,3028115,55845.71,"16-Sep-2026",215057,"",""
"2193","NRAIL","EQ",642,659.95,603.95,621.4,613.4,638.85,31432,198.94,"16-Sep-2026",1885,"",""
"2194","NRBBEARING","EQ",479,479.45,453.5,471.3,474.4,480.85,506012,2368.47,"16-Sep-2026",22040,"",""
"2195","NRL","BE",136,139,128.59,133.98,134,135.35,80531,107.64,"16-Sep-2026",443,"",""
"2196","NRVANDANA","SM",65,70.95,65,70.25,70.9,67,39000,27.03,"16-Sep-2026",12,"",""
"2197","NSIL","EQ",5489.5,5489.5,5312.5,5397.5,5387.5,5409.5,1168,62.88,"16-Sep-2026",300,"",""
"2198","NSLNISP","EQ",41.6,41.77,40.23,41.17,41.15,41.45,4104940,1679.67,"16-Sep-2026",18749,"",""
"2199","NTCIND","EQ",138.8,138.8,130.4,136.7,136.7,134.11,1147,1.55,"16-Sep-2026",114,"",""
"2200","NTPC","EQ",329.5,329.95,326.55,327,327,329.5,6556304,21524.74,"16-Sep-2026",57157,"",""
"2201","NTPCGREEN","EQ",85.8,87.9,85.16,87.59,87.7,85.86,1822934,1573.69,"16-Sep-2026",21015,"",""
"2202","NUCLEUS","EQ",690,697.65,689,692.45,694.75,696.4,9512,65.86,"16-Sep-2026",942,"",""
"2203","NURECA","BE",322.2,338.3,318,338.3,338.3,322.2,12352,41.33,"16-Sep-2026",244,"",""
"2204","NUVAMA","EQ",1661.6,1731,1649.8,1703.1,1700,1668.2,295864,4995.13,"16-Sep-2026",32212,"",""
"2205","NUVOCO","EQ",312.2,318.35,307.95,316.2,316,313.75,297862,935.97,"16-Sep-2026",12763,"",""
"2206","NV20","EQ",13.57,13.76,13.46,13.56,13.6,13.51,122989,16.66,"16-Sep-2026",237,"",""
"2207","NV20BEES","EQ",135.5,136.13,134.95,135.62,135,135.04,94023,127.4,"16-Sep-2026",242,"",""
"2208","NV20IETF","EQ",13.48,13.48,13.13,13.19,13.15,13.16,227362,30,"16-Sep-2026",1520,"",""
"2209","NXST","RR",167,167.4,165.95,166.46,166.4,166.93,542167,901.88,"16-Sep-2026",7497,"",""
"2210","NYKAA","EQ",336.2,338.3,323.55,325.6,325.6,336.2,4960142,16234.68,"16-Sep-2026",51942,"",""
"2211","OAL","EQ",510.95,527.85,478.1,508.85,510,510.95,28836,143.67,"16-Sep-2026",2611,"",""
"2212","OBCL","EQ",55.41,57.98,54.02,56.98,56.52,56.58,18956,10.73,"16-Sep-2026",140,"",""
"2213","OBEROIRLTY","EQ",1660,1717.3,1660,1706.9,1706.9,1668.5,599621,10201.65,"16-Sep-2026",36529,"",""
"2214","OBSCP","SM",922.05,922.05,835.05,885.2,888.5,926.7,116000,1007.36,"16-Sep-2026",275,"",""
"2215","OCCLLTD","BE",151,151,144.06,147.29,147.31,151.64,41985,61.15,"16-Sep-2026",346,"",""
"2216","ODIGMA","EQ",22.09,22.09,21.2,21.42,21.68,22.09,5887,1.26,"16-Sep-2026",324,"",""
"2217","ODYCORP","EQ",7.13,7.14,6.82,7.11,7.14,6.88,12042,0.85,"16-Sep-2026",59,"",""
"2218","OFSS","EQ",11840,11920,11399,11510,11510,11803,245645,28506.43,"16-Sep-2026",37636,"",""
"2219","OIL","EQ",485.5,489.5,481.4,487.6,487.6,485.6,1295800,6299.1,"16-Sep-2026",30814,"",""
"2220","OILCOUNTUB","BE",63.63,63.63,62.79,63,63,62.4,72754,45.84,"16-Sep-2026",74,"",""
"2221","OILIETF","EQ",11,11.09,10.96,11.06,11.08,11,804626,88.89,"16-Sep-2026",1697,"",""
"2222","OLAELEC","EQ",38,38.99,37.01,37.24,37.2,38.03,42359603,15889.36,"16-Sep-2026",101902,"",""
"2223","OLECTRA","EQ",1182.7,1190.4,1155,1168,1169.9,1179.2,265014,3101.52,"16-Sep-2026",20802,"",""
"2224","OLIL","SM",428.05,444.5,428,430.8,430,443.5,35200,151.33,"16-Sep-2026",36,"",""
"2225","OMAXAUTO","EQ",169.6,172.49,161.21,167.1,166.41,169,50833,84.32,"16-Sep-2026",976,"",""
"2226","OMAXE","EQ",118.04,118.9,113.71,115.07,114.5,118.04,726110,838.63,"16-Sep-2026",6669,"",""
"2227","OMFREIGHT","BE",83.5,88,83.5,87.49,87.5,86.51,4026,3.48,"16-Sep-2026",73,"",""
"2228","OMINFRAL","EQ",80.99,80.99,77.43,80.42,80.4,80.25,39905,31.76,"16-Sep-2026",1205,"",""
"2229","OMNI","EQ",543,549.8,527.05,539.5,538,540.3,284946,1533.6,"16-Sep-2026",13250,"",""
"2230","OMPOWER","EQ",165.35,168.19,162.1,164.82,165.95,168.2,96074,158.51,"16-Sep-2026",1541,"",""
"2231","ONDOOR","SM",275,295,264.95,280.45,275.1,277.95,12900,35.74,"16-Sep-2026",39,"",""
"2232","ONEGLOBAL","EQ",519.1,531.2,495,524.75,521,518.5,8604,43.89,"16-Sep-2026",696,"",""
"2233","ONELIFECAP","BE",33.2,33.99,32,32.33,33.6,33.15,4211,1.37,"16-Sep-2026",37,"",""
"2234","ONEPOINT","EQ",57.09,58.77,55.41,56.28,56,56.68,1943119,1099.62,"16-Sep-2026",10566,"",""
"2235","ONESOURCE","EQ",1595,1613.6,1563.2,1596.6,1592.2,1599.6,143256,2273.33,"16-Sep-2026",12244,"",""
"2236","ONGC","EQ",236.45,236.8,233.31,236.8,236.8,235.95,8748123,20565.94,"16-Sep-2026",69165,"",""
"2237","ONIDA","EQ",33,33.85,32.35,33.05,32.6,33.33,264250,87.33,"16-Sep-2026",2428,"",""
"2238","ONIXSOLAR","EQ",395.95,406.25,395.95,395.95,395.95,416.75,361158,1431.18,"16-Sep-2026",837,"",""
"2239","ONMOBILE","BE",49.95,51.81,49.52,51.81,51.81,49.35,60699,31.35,"16-Sep-2026",211,"",""
"2240","ONWARDTEC","EQ",280.5,288.9,274.8,278.6,277.5,281.55,16389,45.6,"16-Sep-2026",684,"",""
"2241","ONYX","ST",38,38,38,38,38,38,166000,63.08,"16-Sep-2026",16,"",""
"2242","OPTIEMUS","EQ",600,605,575,592.85,589.7,604.95,419440,2495.82,"16-Sep-2026",22991,"",""
"2243","OPTIFIN","EQ",13.85,14.44,12.53,13.29,13.84,13.85,45848,6.17,"16-Sep-2026",105,"",""
"2244","OPTIMYSTIX","SM",146,146,141,144.2,144.45,148.3,19200,27.45,"16-Sep-2026",22,"",""
"2245","OPTIVALUE","ST",189.8,195,189.75,189.75,189.75,199.7,57600,109.42,"16-Sep-2026",32,"",""
"2246","ORBTEXP","BE",232.01,241.72,223.01,224.59,229.9,234.42,7592,17.23,"16-Sep-2026",88,"",""
"2247","ORCHASP","EQ",1.68,1.71,1.54,1.6,1.62,1.58,529798,8.6,"16-Sep-2026",687,"",""
"2248","ORCHPHARMA","EQ",988,992.75,950.2,957.5,963.7,988.2,54989,530.48,"16-Sep-2026",5632,"",""
"2249","ORIANA","SM",1296.2,1296.2,1240.2,1250.75,1255,1270.75,39975,501.51,"16-Sep-2026",416,"",""
"2250","ORICONENT","EQ",51.7,52.8,51.2,51.38,51.35,51.31,43753,22.57,"16-Sep-2026",515,"",""
"2251","ORIENTALTL","EQ",5.03,5.11,4.95,5,5.03,5.02,62041,3.11,"16-Sep-2026",199,"",""
"2252","ORIENTBELL","EQ",390.45,395.85,377.6,384.2,386,390.45,47962,184.96,"16-Sep-2026",2748,"",""
"2253","ORIENTCEM","EQ",122.1,122.59,120.6,121.64,121.56,121.98,731583,888.18,"16-Sep-2026",6168,"",""
"2254","ORIENTCER","EQ",45.26,45.97,42.5,44.82,45.1,44.79,53183,23.67,"16-Sep-2026",1611,"",""
"2255","ORIENTELEC","EQ",168.2,171.32,166,168.4,168,169.17,119138,199.83,"16-Sep-2026",4066,"",""
"2256","ORIENTHOT","EQ",138.2,139.55,135.92,138.59,138.35,138.98,1125124,1552.71,"16-Sep-2026",6578,"",""
"2257","ORIENTLTD","BE",82.9,82.9,80,80,80,82.9,119,0.1,"16-Sep-2026",6,"",""
"2258","ORIENTPPR","EQ",16.7,16.94,16.55,16.79,16.81,16.69,267446,44.72,"16-Sep-2026",654,"",""
"2259","ORIENTTECH","EQ",242.28,245.76,230.56,233.32,234.5,242.28,241264,565.98,"16-Sep-2026",6608,"",""
"2260","ORIRAIL","EQ",120.2,121.9,115.1,119.85,119.9,119.03,131322,154.66,"16-Sep-2026",1849,"",""
"2261","ORISSAMINE","EQ",3877.9,3927,3795.5,3829.4,3826,3877.9,12535,481.82,"16-Sep-2026",2975,"",""
"2262","ORKLAINDIA","EQ",580,587.9,575,579.8,580,582.3,81754,474.66,"16-Sep-2026",3335,"",""
"2263","ORTINGLOBE","EQ",16.63,17.38,16.01,17.25,17.28,16.62,11645,2,"16-Sep-2026",35,"",""
"2264","OSELDEVICE","SM",357,369,350.55,363.35,360.3,361.9,14600,52.39,"16-Sep-2026",66,"",""
"2265","OSIAHYPER","BE",2.42,2.42,2.3,2.3,2.3,2.42,522012,12.1,"16-Sep-2026",589,"",""
"2266","OSWALAGRO","EQ",33.51,34.12,32.36,33.43,33.62,34.25,30937,10.4,"16-Sep-2026",947,"",""
"2267","OSWALGREEN","EQ",19.95,20.11,18.55,19.29,19.32,19.59,294796,56.29,"16-Sep-2026",1346,"",""
"2268","OSWALPUMPS","EQ",276.85,276.85,266.45,269.85,270.75,275.45,273819,740.52,"16-Sep-2026",7227,"",""
"2269","OSWALSEEDS","EQ",16.48,16.5,14.51,14.6,14.59,15.83,531007,81.46,"16-Sep-2026",1295,"",""
"2270","OWAIS","ST",73.8,76.6,73.8,76.45,76.6,75.1,4300,3.22,"16-Sep-2026",19,"",""
"2271","PACEDIGITK","EQ",153.6,155.29,150.25,152.5,152.8,153.6,657267,1008.54,"16-Sep-2026",9120,"",""
"2272","PACIFICI","EQ",136.1,136.1,136,136.1,136.1,136,1179,1.6,"16-Sep-2026",22,"",""
"2273","PAGEIND","EQ",34600,35035,34000,34275,34275,34580,33484,11483.42,"16-Sep-2026",11307,"",""
"2274","PAISALO","EQ",82.95,85.6,81.1,84.59,84.65,84.47,20996365,17587.8,"16-Sep-2026",51164,"",""
"2275","PAKKA","EQ",74.85,76,73.5,75.15,75.88,74.85,49342,36.62,"16-Sep-2026",1362,"",""
"2276","PALASHSECU","EQ",89,89,88,88,88,88.72,14,0.01,"16-Sep-2026",3,"",""
"2277","PALREDTEC","EQ",49.8,49.8,47.61,47.63,47.63,49.81,2041,0.98,"16-Sep-2026",49,"",""
"2278","PANACEABIO","EQ",374.9,378.9,361.95,367.15,369,375.75,107394,396.3,"16-Sep-2026",4337,"",""
"2279","PANACHE","BE",518.45,521,518.45,520,520,529,6894,35.77,"16-Sep-2026",33,"",""
"2280","PANAMAPET","EQ",447,454.75,436.85,451.55,451,450.75,187471,839.62,"16-Sep-2026",8722,"",""
"2281","PANCHMAHQ","EQ",304.85,304.85,267,295,295,293.4,180,0.5,"16-Sep-2026",19,"",""
"2282","PANORAMA","EQ",52.09,54.26,49.14,50.13,49.3,51.92,417500,214.03,"16-Sep-2026",2584,"",""
"2283","PANSARI","EQ",285,297,275,291.7,280,282.15,828,2.34,"16-Sep-2026",18,"",""
"2284","PAR","BE",127.55,130,127.19,127.19,127.19,133.88,19322,24.59,"16-Sep-2026",220,"",""
"2285","PARACABLES","EQ",61.3,62.09,58.96,60.83,61.11,61.31,1483208,897.08,"16-Sep-2026",9024,"",""
"2286","PARADEEP","EQ",149.46,149.94,145,146.84,147.19,149.34,1898179,2786.87,"16-Sep-2026",31822,"",""
"2287","PARAGMILK","EQ",252,272.45,246.3,269.1,270.6,252.15,2510039,6553.69,"16-Sep-2026",34313,"",""
"2288","PARAGON","SM",52,52.95,51,51.9,51.9,53.8,18000,9.37,"16-Sep-2026",15,"",""
"2289","PARAMATRIX","SM",57,57.5,57,57.5,57.5,61.2,3600,2.06,"16-Sep-2026",3,"",""
"2290","PARAMOUNT","SM",49.15,49.15,44.55,44.55,44.55,46.85,27600,13.06,"16-Sep-2026",21,"",""
"2291","PARAS","EQ",1351.8,1351.8,1252,1318.8,1321.5,1339.2,1223719,15888.74,"16-Sep-2026",59676,"",""
"2292","PARASPETRO","EQ",2.15,2.23,2.11,2.13,2.14,2.15,49817,1.07,"16-Sep-2026",175,"",""
"2293","PARIN","SM",703.95,703.95,680,697.25,702,710.7,4000,27.91,"16-Sep-2026",8,"",""
"2294","PARKHOSPS","EQ",278.65,281.55,273,276.4,276.8,279.15,858138,2379.15,"16-Sep-2026",12202,"",""
"2295","PARKHOTELS","EQ",107.74,108.24,105,105.85,105.71,106.83,132228,140.46,"16-Sep-2026",2092,"",""
"2296","PARNAXLAB","EQ",123,123.9,117.05,120.26,121.84,123.87,2002,2.42,"16-Sep-2026",66,"",""
"2297","PARSVNATH","BE",1.75,1.78,1.72,1.78,1.78,1.75,5743240,100.16,"16-Sep-2026",908,"",""
"2298","PARTH","SM",510,510,480,509,509,509.85,11600,57.79,"16-Sep-2026",22,"",""
"2299","PARTYCRUS","SM",94,95,94,94.5,94.5,90.55,5000,4.72,"16-Sep-2026",5,"",""
"2300","PASHUPATI","EQ",81.25,81.25,79.1,79.74,80.45,80.04,222499,178.08,"16-Sep-2026",2605,"",""
"2301","PASUPTAC","EQ",70.55,72.39,66.18,68.07,68.05,70.48,159716,109.65,"16-Sep-2026",1689,"",""
"2302","PATANJALI","EQ",339.05,367.4,337.5,365,365,338.55,28837966,102558.69,"16-Sep-2026",172436,"",""
"2303","PATELENG","EQ",26.09,26.21,25.38,25.62,25.7,26.08,1973986,506.99,"16-Sep-2026",7611,"",""
"2304","PATELRMART","EQ",206.07,209.9,201.25,202.92,203,207.44,144620,295.22,"16-Sep-2026",2332,"",""
"2305","PATILAUTOM","SM",305,320.5,280.1,307.3,299.75,302.9,184800,560.56,"16-Sep-2026",282,"",""
"2306","PATINTLOG","BE",13.14,13.79,12.71,13.78,13.77,13.14,95273,12.9,"16-Sep-2026",250,"",""
"2307","PAUSHAKLTD","EQ",682,725.55,675.05,715.35,705,682.8,64217,449.56,"16-Sep-2026",3586,"",""
"2308","PAVNAIND","EQ",15.1,16.2,14.96,15.14,15.35,15.32,134895,20.72,"16-Sep-2026",665,"",""
"2309","PAYTM","EQ",1830,1855.5,1731.1,1790,1790,1730,15413025,274295.13,"16-Sep-2026",295441,"",""
"2310","PCBL","EQ",314.15,320.9,310.25,317.1,316.7,314.05,859081,2719.09,"16-Sep-2026",26530,"",""
"2311","PCCL","SM",429,444.95,429,441.15,444.95,435.75,20800,91.13,"16-Sep-2026",42,"",""
"2312","PCJEWELLER","EQ",12.89,12.9,11.81,12.64,12.64,12.89,526445213,64578.1,"16-Sep-2026",280092,"",""
"2313","PDMJEPAPER","EQ",96.77,99.5,94.21,97.95,98,96.81,368391,358.14,"16-Sep-2026",5362,"",""
"2314","PDSL","EQ",332.15,342,325.15,336.65,337,334.25,79653,267.04,"16-Sep-2026",4633,"",""
"2315","PEARLPOLY","EQ",16.24,16.24,15.6,16.15,15.75,15.85,19450,3.13,"16-Sep-2026",48,"",""
"2316","PELATRO","SM",353.9,369.9,353.9,369.85,369.85,353.3,6600,23.8,"16-Sep-2026",19,"",""
"2317","PENIND","EQ",167.55,168.99,162,166.79,165.96,167.3,496686,819.78,"16-Sep-2026",8257,"",""
"2318","PENINLAND","EQ",15.67,15.67,14.18,14.62,14.55,14.98,151536,22.31,"16-Sep-2026",759,"",""
"2319","PENTAGON","ST",86.95,90,86.95,86.95,86.95,91.4,11000,9.63,"16-Sep-2026",5,"",""
"2320","PERMAGN","EQ",829,842.35,824.7,834.8,838.85,827.7,3090,25.72,"16-Sep-2026",329,"",""
"2321","PERNIASPOP","EQ",542,549.65,511.5,545.1,544.05,542,183715,985.09,"16-Sep-2026",7570,"",""
"2322","PERSISTENT","EQ",5522,5529.5,5390.5,5440,5440,5477.5,412053,22408.74,"16-Sep-2026",30246,"",""
"2323","PETRONET","EQ",281.6,284.95,278.25,282.1,282.1,283.95,692663,1957.07,"16-Sep-2026",28509,"",""
"2324","PFC","EQ",344,349.1,343.65,346,346,344,6079360,21104.47,"16-Sep-2026",47284,"",""
"2325","PFIZER","EQ",4052,4080,3955.5,4014.4,4011,4041.6,37281,1498.75,"16-Sep-2026",8763,"",""
"2326","PFOCUS","EQ",323,333.6,313.1,320.45,321.9,319,2349306,7637.07,"16-Sep-2026",57837,"",""
"2327","PFS","EQ",26.81,26.9,25.9,26.06,25.9,26.51,390809,102.19,"16-Sep-2026",1719,"",""
"2328","PGEL","EQ",515.25,527,513,523.85,523.85,518,768516,4010.66,"16-Sep-2026",17867,"",""
"2329","PGHH","EQ",7525,7659,7488,7611,7625,7507,8431,639.87,"16-Sep-2026",2858,"",""
"2330","PGHL","EQ",5365,5568,5365,5460,5440.5,5408,13561,746.1,"16-Sep-2026",4710,"",""
"2331","PGIL","EQ",1171.6,1237,1136.1,1179.9,1215,1141.4,439780,5170.32,"16-Sep-2026",46645,"",""
"2332","PGINVIT","IV",101.8,102,101.22,101.33,101.45,101.71,1216520,1235.5,"16-Sep-2026",6144,"",""
"2333","PHANTOMFX","SM",92.95,95,88.2,93.9,95,93.9,93300,85.08,"16-Sep-2026",121,"",""
"2334","PHARMABEES","EQ",26.26,27.1,26.26,26.95,26.99,26.94,3991876,1071.42,"16-Sep-2026",10506,"",""
"2335","PHOENIXLTD","EQ",1833.6,1864.1,1820.2,1855,1855,1833.6,473466,8754,"16-Sep-2026",26388,"",""
"2336","PHOENXINTL","EQ",28.4,28.4,27.8,28.1,28.4,28.4,1778,0.5,"16-Sep-2026",35,"",""
"2337","PHOGLOBAL","SM",13.9,14,13.9,14,14,14.2,4000,0.56,"16-Sep-2026",2,"",""
"2338","PICCADIL","EQ",584,597.35,572,593.05,590.15,585.65,178214,1042.75,"16-Sep-2026",10725,"",""
"2339","PIDILITIND","EQ",1521.2,1546.9,1521.2,1543.8,1543.8,1521.1,573360,8830.63,"16-Sep-2026",41321,"",""
"2340","PIGL","EQ",99.99,106,97.82,101.74,100.01,99.54,75040,76.28,"16-Sep-2026",1035,"",""
"2341","PIIND","EQ",2255,2287.2,2227.2,2256,2256,2255,160599,3630.66,"16-Sep-2026",15803,"",""
"2342","PILANIINVS","EQ",4090,4100,4026.9,4052.2,4041.5,4081.8,3729,151.39,"16-Sep-2026",742,"",""
"2343","PILITA","EQ",7.73,7.96,7.63,7.79,7.78,7.73,13479,1.04,"16-Sep-2026",77,"",""
"2344","PINELABS","EQ",198,198,175.3,185.71,185.78,193.8,112454490,207241.43,"16-Sep-2026",618662,"",""
"2345","PIONEEREMB","EQ",22.89,22.89,20.7,21.01,21.29,20.89,14083,3.04,"16-Sep-2026",165,"",""
"2346","PIONRINV","BE",83,83,82.85,82.85,82.85,87.21,550,0.46,"16-Sep-2026",6,"",""
"2347","PIRAMALFIN","EQ",2202.4,2237.2,2180.2,2201.1,2191.1,2224.4,405982,8950.83,"16-Sep-2026",24379,"",""
"2348","PITTIENG","EQ",1107.2,1110.7,1060,1101.4,1103.2,1109.3,136519,1483.98,"16-Sep-2026",11598,"",""
"2349","PIXTRANS","EQ",1739.8,1749.3,1711.6,1724.6,1720.5,1734,9230,159.8,"16-Sep-2026",2014,"",""
"2350","PKTEA","EQ",1020,1020,922.2,936.95,936,1024.6,5082,48.39,"16-Sep-2026",438,"",""
"2351","PLADAINFO","SM",12,12.45,12,12.45,12.45,11.9,6000,0.73,"16-Sep-2026",2,"",""
"2352","PLASTIBLEN","EQ",183.6,188.09,180.86,182.75,182.21,185.18,12425,22.78,"16-Sep-2026",478,"",""
"2353","PLATIND","EQ",220,220,211.41,217.03,215.59,218.88,26600,57.27,"16-Sep-2026",1028,"",""
"2354","PLAZACABLE","EQ",61.38,64,59.82,62.51,62.7,61.38,101173,62.36,"16-Sep-2026",1472,"",""
"2355","PML","EQ",495.85,496.1,495.8,496.1,496.1,498.55,180,0.89,"16-Sep-2026",7,"",""
"2356","PNB","EQ",114.73,117.48,114.63,116.8,116.8,114.7,18494065,21555.39,"16-Sep-2026",64723,"",""
"2357","PNBGILTS","EQ",76.5,80.24,74.03,77.91,78,76.29,627422,482.87,"16-Sep-2026",5915,"",""
"2358","PNBHOUSING","EQ",1143.4,1152.3,1126.9,1134,1134,1145,988137,11242.46,"16-Sep-2026",76748,"",""
"2359","PNC","EQ",16.46,16.9,16.1,16.17,16.15,16.38,3026,0.49,"16-Sep-2026",97,"",""
"2360","PNCINFRA","EQ",132,141.6,116.4,134.44,133.3,140.32,18753186,23669.63,"16-Sep-2026",191352,"",""
"2361","PNGJL","EQ",606,619.7,596.65,608.65,609,611.6,278105,1687.45,"16-Sep-2026",14973,"",""
"2362","PNGSREVA","EQ",497.55,506.5,481.7,496.95,498,494.2,133694,662.44,"16-Sep-2026",6356,"",""
"2363","POCL","EQ",435.3,468.35,427.6,452.9,452.15,435.3,1247116,5675.8,"16-Sep-2026",41038,"",""
"2364","PODDARMENT","EQ",275.95,279.9,265.65,267.15,266.1,270.1,1675,4.55,"16-Sep-2026",99,"",""
"2365","POEL","EQ",142.35,142.35,136.11,137.47,139,139.45,21498,29.67,"16-Sep-2026",509,"",""
"2366","POKARNA","EQ",750,765.8,740,750.5,749.9,758.25,70556,531.61,"16-Sep-2026",5326,"",""
"2367","POLICYBZR","EQ",1739.9,1847,1710.1,1827.1,1827.1,1736,2054206,36871.52,"16-Sep-2026",94699,"",""
"2368","POLYCAB","EQ",8129.5,8244,8072,8121.5,8121.5,8143.5,246715,20141.87,"16-Sep-2026",38586,"",""
"2369","POLYMED","EQ",1701.9,1716.7,1691.2,1704.6,1709.4,1704.6,116363,1984.17,"16-Sep-2026",11064,"",""
"2370","POLYPLEX","EQ",1093,1100,1054.6,1079.7,1082.5,1093.8,57907,623.99,"16-Sep-2026",3616,"",""
"2371","POLYSIL","SM",73.25,73.25,73.25,73.25,73.25,77.1,1000,0.73,"16-Sep-2026",2,"",""
"2372","POLYSPIN","EQ",28.95,28.95,28.95,28.95,28.95,28.95,50,0.01,"16-Sep-2026",2,"",""
"2373","PONNIERODE","EQ",351.8,370.45,343.1,359.55,361,351.8,23272,82.67,"16-Sep-2026",1884,"",""
"2374","POONAWALLA","EQ",434.5,434.95,428.1,432.45,431.5,434.6,679052,2932.2,"16-Sep-2026",26908,"",""
"2375","POSITRON","SM",174,179.8,171.6,179.6,179.7,174.7,4800,8.46,"16-Sep-2026",16,"",""
"2376","POWERGRID","EQ",264.1,266.35,262.8,262.8,262.8,262.8,7132902,18863.52,"16-Sep-2026",91741,"",""
"2377","POWERICA","EQ",536,547.1,516.75,540,538.2,532.75,112963,605.02,"16-Sep-2026",5993,"",""
"2378","POWERINDIA","EQ",30300,30400,29645,30200,30200,30790,93574,28134.15,"16-Sep-2026",35500,"",""
"2379","POWERMECH","EQ",2325.1,2334,2278.8,2296.5,2290,2336.4,41657,958.4,"16-Sep-2026",7218,"",""
"2380","PPAP","BE",229,235.95,222,234.35,233.5,228.05,10777,24.94,"16-Sep-2026",194,"",""
"2381","PPL","BE",282.95,282.95,262.1,272.25,273.7,277.45,23499,63.44,"16-Sep-2026",338,"",""
"2382","PPLPHARMA","EQ",203,207.96,198.86,202.37,203,203.47,2966781,6011.19,"16-Sep-2026",77320,"",""
"2383","PPSL","SM",2.9,2.9,2.85,2.9,2.9,2.95,105000,3.02,"16-Sep-2026",23,"",""
"2384","PRABHA","EQ",238,239.5,222.85,226.58,225.69,239.42,175244,403.46,"16-Sep-2026",3337,"",""
"2385","PRADPME","BE",456.5,456.5,445.9,446.1,445.9,469.35,8849,39.83,"16-Sep-2026",80,"",""
"2386","PRAENG","EQ",21.5,22.44,20.81,22.1,22.4,21.51,29615,6.41,"16-Sep-2026",205,"",""
"2387","PRAJIND","EQ",318,318,310,314,314,318,414802,1298.35,"16-Sep-2026",13278,"",""
"2388","PRAKASH","EQ",118,118.9,115.01,118.48,118.5,119.49,357885,418.63,"16-Sep-2026",5606,"",""
"2389","PRAKASHSTL","EQ",3.82,3.82,3.57,3.74,3.73,3.56,127516,4.72,"16-Sep-2026",383,"",""
"2390","PRAMARA","SM",90.9,92.7,85.65,88.15,85.65,88.3,66000,60.04,"16-Sep-2026",76,"",""
"2391","PRAMODINI","SM",115,122.85,109.5,117.05,118.5,115.15,778800,898.2,"16-Sep-2026",207,"",""
"2392","PRANAV","EQ",121,123.7,105.6,106.81,107.25,132,19882781,22207.81,"16-Sep-2026",154740,"",""
"2393","PRASOLCHEM","EQ",610,671,601,671,671,676,2214873,14081.82,"16-Sep-2026",92989,"",""
"2394","PRATHAM","SM",120,120,120,120,120,126.5,2000,2.4,"16-Sep-2026",2,"",""
"2395","PRAVEG","EQ",256.05,263.6,252.2,254,255.25,255.95,29166,74.32,"16-Sep-2026",882,"",""
"2396","PRAXIS","EQ",4.37,4.39,4.15,4.23,4.2,4.28,84702,3.62,"16-Sep-2026",144,"",""
"2397","PRECAM","EQ",113.6,114.96,111.61,112.81,112.5,113.69,126306,142.63,"16-Sep-2026",2616,"",""
"2398","PRECISION","ST",6.55,6.55,6.45,6.45,6.45,6.45,6000,0.39,"16-Sep-2026",3,"",""
"2399","PRECOT","EQ",643,660,643,654.45,660,656.1,586,3.81,"16-Sep-2026",82,"",""
"2400","PRECWIRE","EQ",440.05,445.5,420.3,439.6,443.9,440.05,436969,1899.84,"16-Sep-2026",21191,"",""
"2401","PREMCO","EQ",391.35,397,386.95,392.05,390.4,391.35,1105,4.35,"16-Sep-2026",49,"",""
"2402","PREMEXPLN","EQ",666.05,668.75,663.1,667.85,667.65,668.3,188663,1257.05,"16-Sep-2026",3145,"",""
"2403","PREMIER","BE",2.8,2.81,2.62,2.79,2.79,2.75,7955,0.22,"16-Sep-2026",24,"",""
"2404","PREMIERENE","EQ",940.4,944.2,888.1,899,899,945,3795481,34206.15,"16-Sep-2026",91292,"",""
"2405","PREMIERPOL","EQ",80.97,84.95,79,82.62,84.95,81.9,260231,211.64,"16-Sep-2026",4183,"",""
"2406","PREMIUM","SM",39.95,39.95,39.95,39.95,39.95,40,3000,1.2,"16-Sep-2026",1,"",""
"2407","PRESSTONIC","SM",29.7,30,28.5,29.7,29.7,29.4,14400,4.25,"16-Sep-2026",17,"",""
"2408","PRESTIGE","EQ",1418.9,1442,1409.1,1424,1424,1417,498204,7130.2,"16-Sep-2026",35315,"",""
"2409","PRICOLLTD","EQ",740,751.55,721,744.8,745,740.75,291807,2153.18,"16-Sep-2026",20912,"",""
"2410","PRIMECAB","ST",164.5,164.5,156.65,159.05,157.2,164.5,52800,84.7,"16-Sep-2026",31,"",""
"2411","PRIMESECU","EQ",276.05,288,275.05,283.75,285,277.5,18774,53.04,"16-Sep-2026",287,"",""
"2412","PRIMO","EQ",23.2,23.2,20.91,21.35,21.55,22.31,203469,43.66,"16-Sep-2026",3054,"",""
"2413","PRINCEPIPE","EQ",260.25,261.85,251.8,257.3,256.2,259.05,103383,265.39,"16-Sep-2026",3282,"",""
"2414","PRIORITY","BE",218,228.05,209.61,221.55,225,220.64,180110,387.43,"16-Sep-2026",1261,"",""
"2415","PRISMX","EQ",0.56,0.56,0.54,0.55,0.56,0.55,78577,0.43,"16-Sep-2026",107,"",""
"2416","PRITI","EQ",33.52,33.52,31,31.96,32.76,33.52,11013,3.53,"16-Sep-2026",168,"",""
"2417","PRITIKA","SM",64,64.5,63.5,64.5,64.5,64,22000,14.15,"16-Sep-2026",5,"",""
"2418","PRITIKAUTO","BE",14.8,14.89,14.23,14.48,14.42,14.47,150537,21.93,"16-Sep-2026",362,"",""
"2419","PRIVISCL","EQ",3468,3498.7,3383.1,3480.7,3452.5,3452.2,61992,2142.63,"16-Sep-2026",12547,"",""
"2420","PRIZOR","ST",1152.5,1152.5,1152.5,1152.5,1152.5,1176,400,4.61,"16-Sep-2026",1,"",""
"2421","PRLIND","SM",42.5,42.75,41,41.75,41.95,44.35,55000,22.86,"16-Sep-2026",45,"",""
"2422","PROFX","SM",70.3,70.3,70.3,70.3,70.3,71,1600,1.12,"16-Sep-2026",1,"",""
"2423","PROPSHOP","SM",69.55,74,69.55,73.25,73.25,72.45,30000,21.78,"16-Sep-2026",13,"",""
"2424","PROSTARM","EQ",126.12,130.69,124.03,127.95,128.45,126.04,202291,257.59,"16-Sep-2026",3734,"",""
"2425","PROTEAN","EQ",488,500.3,484.1,485.35,485.75,488.85,257806,1265.94,"16-Sep-2026",8121,"",""
"2426","PROV","SM",1675,1685,1650,1650,1650,1670,480,8,"16-Sep-2026",6,"",""
"2427","PROZONER","EQ",53.75,53.75,49.5,52.61,53.1,52.72,332568,171.82,"16-Sep-2026",2276,"",""
"2428","PRSMJOHNSN","EQ",112.4,115.8,111.05,114.54,114.4,112.14,529992,600.88,"16-Sep-2026",6250,"",""
"2429","PRUDENT","EQ",3232,3342.2,3190.2,3326.1,3320,3251.5,14577,479.74,"16-Sep-2026",5627,"",""
"2430","PRUDMOULI","BE",14.81,15.67,14.78,14.8,14.8,15.55,12013,1.78,"16-Sep-2026",35,"",""
"2431","PSB","EQ",22.35,22.45,22.11,22.25,22.39,22.38,895874,199.75,"16-Sep-2026",3007,"",""
"2432","PSPPROJECT","EQ",825.4,829,796.75,813.75,815,821.3,37931,308.82,"16-Sep-2026",2366,"",""
"2433","PSRAJ","SM",95.6,102.95,95.6,102.35,102.35,96.8,17500,17.78,"16-Sep-2026",7,"",""
"2434","PSUBANK","EQ",81.95,83.05,81.88,82.8,82.3,81.95,251844,208.29,"16-Sep-2026",461,"",""
"2435","PSUBANKADD","EQ",83.1,84.03,82.41,83.23,82.85,82.69,29062,24.26,"16-Sep-2026",175,"",""
"2436","PSUBNKBEES","EQ",91.25,92.6,91,92.21,92.28,91.25,803010,737.93,"16-Sep-2026",3732,"",""
"2437","PSUBNKIETF","EQ",83.2,84.06,82.84,83.7,83.4,83.08,51646,43.11,"16-Sep-2026",688,"",""
"2438","PTC","EQ",153,153.79,150.51,151.96,152,152.41,1795094,2731.06,"16-Sep-2026",23214,"",""
"2439","PTCIL","EQ",22615,22685,22120,22500,22380,22560,25652,5753.48,"16-Sep-2026",9172,"",""
"2440","PTL","EQ",38.25,38.64,37.75,38.05,37.9,38.15,25279,9.62,"16-Sep-2026",887,"",""
"2441","PULZ","SM",23.25,23.25,23.25,23.25,23.25,24.45,14000,3.26,"16-Sep-2026",7,"",""
"2442","PUNJABCHEM","EQ",1049.5,1080,1020.1,1071.2,1080,1041.2,5860,61.44,"16-Sep-2026",902,"",""
"2443","PURPLEUTED","ST",433.45,435,411.8,423.6,420,433.45,20000,84.11,"16-Sep-2026",69,"",""
"2444","PURVA","EQ",207.85,215.5,200.25,210.23,210.94,205.56,368141,766.52,"16-Sep-2026",7454,"",""
"2445","PURVFLEXI","SM",42.4,42.4,42.4,42.4,42.4,44.55,2400,1.02,"16-Sep-2026",1,"",""
"2446","PUSHPA","SM",104.6,105.5,103.5,105.5,105.5,107,56000,58.66,"16-Sep-2026",46,"",""
"2447","PVP","EQ",60.2,60.79,58.51,58.51,58.51,61.58,342199,201.3,"16-Sep-2026",1411,"",""
"2448","PVRINOX","EQ",1220,1264,1217.6,1254.6,1247.8,1221,456245,5695.11,"16-Sep-2026",27065,"",""
"2449","PVSL","EQ",98.02,101,97.51,99.32,98.35,97.93,10100,9.97,"16-Sep-2026",488,"",""
"2450","PVTBANIETF","EQ",27.75,28.5,27.36,27.94,27.99,27.51,1508749,416.97,"16-Sep-2026",1339,"",""
"2451","PVTBANK","EQ",27.23,27.45,27.15,27.41,27.41,27.28,11177,3.04,"16-Sep-2026",17,"",""
"2452","PVTBANKADD","EQ",27.26,28.5,27.09,27.73,27.7,27.64,146716,41.44,"16-Sep-2026",202,"",""
"2453","PVTBKGROWW","EQ",26.8,27.78,26.8,27.53,27.53,27.3,18943,5.17,"16-Sep-2026",68,"",""
"2454","PWL","EQ",130,130.8,125.27,127.53,127.6,130.72,6610404,8400.95,"16-Sep-2026",57757,"",""
"2455","PYRAMID","EQ",154.96,157,151.5,153.93,156.5,154.96,43737,67.13,"16-Sep-2026",1025,"",""
"2456","QGOLDHALF","EQ",125.84,125.92,124.9,125.15,125.15,124.36,236584,296.06,"16-Sep-2026",666,"",""
"2457","QLINE","SM",676,704.95,613,691.35,685,676.6,141600,938.24,"16-Sep-2026",334,"",""
"2458","QMSMEDI","BE",167,167,160,164.29,165,165.82,28905,47.39,"16-Sep-2026",236,"",""
"2459","QNIFTY","EQ",255,257,255,256.39,256.6,255.81,2924,7.49,"16-Sep-2026",152,"",""
"2460","QPOWER","EQ",1344,1422.9,1291.7,1422.9,1422.9,1355.2,493456,6726.42,"16-Sep-2026",27271,"",""
"2461","QUADFUTURE","EQ",484.6,497,466.95,491.95,492,484.6,1127715,5472.55,"16-Sep-2026",35080,"",""
"2462","QUAL30IETF","EQ",20.37,20.39,20.16,20.27,20.39,20.37,123139,24.99,"16-Sep-2026",276,"",""
"2463","QUALIANCE","ST",213.1,213.1,213.1,213.1,213.1,224.3,11000,23.44,"16-Sep-2026",10,"",""
"2464","QUALITY30","EQ",19.97,19.99,19.73,19.93,19.93,19.97,2463,0.49,"16-Sep-2026",139,"",""
"2465","QUESS","EQ",344.1,345,328.2,342.4,345,342.1,373895,1263.24,"16-Sep-2026",21815,"",""
"2466","QUESTLAB","SM",79,79,75,78,78,77,43200,32.96,"16-Sep-2026",25,"",""
"2467","QUICKHEAL","EQ",161,164.8,151.18,157.33,157.3,158.81,346174,541.2,"16-Sep-2026",5708,"",""
"2468","QUINT","EQ",57.88,57.88,57.88,57.88,57.88,48.24,41492,24.02,"16-Sep-2026",136,"",""
"2469","RACE","EQ",95,99,90,96.86,96.92,96.15,36959,35.88,"16-Sep-2026",339,"",""
"2470","RACLGEAR","EQ",1755,1892,1726.5,1852.4,1886.7,1755.2,258873,4687.13,"16-Sep-2026",29439,"",""
"2471","RADAAN","EQ",2.91,2.91,2.8,2.84,2.85,2.9,9341,0.27,"16-Sep-2026",69,"",""
"2472","RADHIKAJWE","BE",72,74.7,71.7,71.7,71.7,75.47,90970,65.44,"16-Sep-2026",929,"",""
"2473","RADIANTCMS","EQ",38.24,39.49,36.31,38.05,37.7,35.89,649686,244.85,"16-Sep-2026",3864,"",""
"2474","RADICO","EQ",4338.7,4466,4321.6,4466,4466,4360,278614,12274.01,"16-Sep-2026",29547,"",""
"2475","RADIOCITY","EQ",5.9,6.2,5.9,6.03,6.02,6.03,19490,1.18,"16-Sep-2026",109,"",""
"2476","RAILTEL","EQ",255,255,248,252.35,252,252.4,487737,1227.71,"16-Sep-2026",14604,"",""
"2477","RAIN","EQ",196.74,202.5,191.04,199.29,198.59,196.74,4448597,8799.21,"16-Sep-2026",36676,"",""
"2478","RAINBOW","EQ",1449.9,1464.7,1424.5,1457.2,1459.7,1453.7,55338,800.73,"16-Sep-2026",10525,"",""
"2479","RAJESHEXPO","BZ",76.3,78.48,75,76.74,77.59,76.47,90962,69.2,"16-Sep-2026",960,"",""
"2480","RAJINDLTD","SM",65.2,65.2,64,64.5,64.5,65.25,9000,5.82,"16-Sep-2026",6,"",""
"2481","RAJMET","EQ",3.14,3.18,3.12,3.13,3.13,3.14,123405,3.87,"16-Sep-2026",508,"",""
"2482","RAJOOENG","BE",54.99,54.99,51.27,52.26,51.27,53.96,169408,88.81,"16-Sep-2026",672,"",""
"2483","RAJPALAYAM","EQ",760,770,755,760,760,759,2946,22.32,"16-Sep-2026",33,"",""
"2484","RAJPUTANA","SM",200,203,198.5,198.5,198.5,204,3000,6.05,"16-Sep-2026",6,"",""
"2485","RAJRATAN","EQ",481,481,460.6,462.95,464,485.1,109075,509.37,"16-Sep-2026",7631,"",""
"2486","RAJRILTD","BE",20.97,20.97,20.58,20.91,20.93,20.97,2601,0.54,"16-Sep-2026",59,"",""
"2487","RAJSREESUG","EQ",33.14,33.15,30.51,31.24,31.22,32.82,75840,23.78,"16-Sep-2026",693,"",""
"2488","RAJTV","EQ",8.9,8.9,8.19,8.58,8.45,8.62,52656,4.45,"16-Sep-2026",295,"",""
"2489","RALLIS","EQ",200.85,203.98,196.81,202.65,203.09,200.82,662039,1333.69,"16-Sep-2026",18455,"",""
"2490","RAMANEWS","EQ",31.57,31.57,30,30.16,30.16,30.94,13260,4.03,"16-Sep-2026",114,"",""
"2491","RAMAPHO","EQ",118.5,119.49,113.86,115.18,115,118.86,46737,54.18,"16-Sep-2026",855,"",""
"2492","RAMASTEEL","BE",3.69,3.92,3.68,3.92,3.92,3.74,2722764,104.41,"16-Sep-2026",4405,"",""
"2493","RAMBHAJO","EQ",252.9,258,242.01,252.05,253.99,253.22,333413,825.65,"16-Sep-2026",5902,"",""
"2494","RAMCOCEM","EQ",859.55,868.8,849.2,863.15,862,859.55,270752,2331.1,"16-Sep-2026",19556,"",""
"2495","RAMCOIND","EQ",318.4,322.8,305.8,320.85,321.9,318.4,125109,396.59,"16-Sep-2026",3684,"",""
"2496","RAMCOSYS","EQ",566.9,567.8,543.95,558.65,557,567.8,62642,348.5,"16-Sep-2026",2760,"",""
"2497","RAMKY","EQ",315,318,308.85,311.75,310.3,314.8,39434,123.62,"16-Sep-2026",1515,"",""
"2498","RAMRAT","EQ",515,528,500.1,525.8,525,515.85,107130,552.98,"16-Sep-2026",5916,"",""
"2499","RANASUG","EQ",14.82,14.94,14.6,14.7,14.85,14.82,327889,48.21,"16-Sep-2026",534,"",""
"2500","RANEHOLDIN","EQ",1650.1,1662.4,1602.6,1630.3,1631.6,1669,7491,121.39,"16-Sep-2026",925,"",""
"2501","RAPIDFLEET","SM",220,224,220,224,224,230.1,6600,14.56,"16-Sep-2026",10,"",""
"2502","RAPPID","SM",305,313.9,298,308.9,313.9,306.05,14400,43.65,"16-Sep-2026",23,"",""
"2503","RATEGAIN","EQ",869,875,849.85,860.95,863,878.65,140820,1216.9,"16-Sep-2026",12259,"",""
"2504","RATNAMANI","EQ",2730,2730.5,2615.6,2695,2683.4,2691.4,33844,906.35,"16-Sep-2026",7892,"",""
"2505","RATNAVEER","EQ",280,294.9,275.2,286.75,286.1,289.6,11887521,33427.93,"16-Sep-2026",69579,"",""
"2506","RAYMOND","EQ",1000,1058,937.3,993.9,989.8,995.95,12662239,124537.46,"16-Sep-2026",390485,"",""
"2507","RAYMONDLSL","EQ",674.9,682.75,660.5,667.75,668,672.65,162589,1088.99,"16-Sep-2026",8367,"",""
"2508","RAYMONDREL","EQ",583,593.85,561.1,565.35,563,584,510026,2920.55,"16-Sep-2026",15341,"",""
"2509","RBA","EQ",95.23,96.58,93.1,95.83,95.92,95.23,2492691,2367.13,"16-Sep-2026",18658,"",""
"2510","RBLBANK","EQ",404.8,406.7,395.95,404,404,403.6,2607366,10460.42,"16-Sep-2026",29060,"",""
"2511","RBMINFRA","SM",290,294.4,285,290.75,290.3,285.95,11400,32.93,"16-Sep-2026",41,"",""
"2512","RBZJEWEL","BE",165.69,165.69,157.42,162.3,163,165.7,84411,134.78,"16-Sep-2026",819,"",""
"2513","RCDL","SM",13.45,14.45,13.45,13.85,14.05,13.8,36000,5.02,"16-Sep-2026",11,"",""
"2514","RCDL-RE","ST",3,3,2.2,2.65,2.7,2.5,1092000,25.81,"16-Sep-2026",19,"",""
"2515","RCF","EQ",109.15,109.85,107.27,108.77,108.8,108.59,1035985,1124.82,"16-Sep-2026",11217,"",""
"2516","RCOM","BE",1.09,1.09,1.01,1.01,1.01,1.06,3525359,36.3,"16-Sep-2026",2233,"",""
"2517","READYMIX","SM",71.65,71.65,70.2,70.2,70.2,71.55,2000,1.42,"16-Sep-2026",2,"",""
"2518","RECLTD","EQ",308.7,315.5,308.7,312.65,312.65,308.5,4651938,14570.06,"16-Sep-2026",36902,"",""
"2519","REDINGTON","EQ",378.95,389.9,371.2,388.15,387.65,378.95,5640367,21670.09,"16-Sep-2026",87941,"",""
"2520","REDTAPE","EQ",123,126.38,115.92,117.34,117.15,120.87,2138900,2547.48,"16-Sep-2026",25964,"",""
"2521","REFEX","EQ",265.55,269.95,258.1,260.9,261.5,265.85,260006,683.77,"16-Sep-2026",6731,"",""
"2522","REFRACTORY","SM",28.8,28.8,28.8,28.8,28.8,27.45,5000,1.44,"16-Sep-2026",5,"",""
"2523","REGAAL","EQ",79.96,81.01,77.71,80.59,81,79.72,120947,96.21,"16-Sep-2026",1321,"",""
"2524","REGENCERAM","EQ",34,34.9,32,33.1,33.1,34,2640,0.87,"16-Sep-2026",60,"",""
"2525","RELAXO","EQ",318,318.45,309.15,311.4,314.9,317.15,255746,800.09,"16-Sep-2026",6528,"",""
"2526","RELCHEMQ","EQ",123.71,129.4,115.27,116.66,116.4,120.7,42380,52.24,"16-Sep-2026",951,"",""
"2527","RELIABLE","EQ",136.4,137.45,133.61,136.05,136,134.92,57475,78.29,"16-Sep-2026",262,"",""
"2528","RELIANCE","EQ",1243,1255,1240,1240,1240,1235.3,10023997,125268.26,"16-Sep-2026",186504,"",""
"2529","RELIGARE","EQ",246.21,250.39,243.4,247.65,247.01,247.55,443966,1095.34,"16-Sep-2026",10973,"",""
"2530","RELINFRA","BE",51.54,52,51.54,51.54,51.54,52.59,79034,40.74,"16-Sep-2026",598,"",""
"2531","RELTD","EQ",148.2,150.99,143.41,147.96,150.99,148.9,58078,85,"16-Sep-2026",1476,"",""
"2532","REMSONSIND","EQ",92.13,94.53,88.48,92.34,92.87,92.13,72102,66.02,"16-Sep-2026",2861,"",""
"2533","REMUS","SM",870,875,835.1,866.35,870,884.8,7400,63.38,"16-Sep-2026",55,"",""
"2534","RENUKA","EQ",23.54,23.54,22.4,23.01,23.01,23.49,12297730,2806.9,"16-Sep-2026",20531,"",""
"2535","REPCOHOME","EQ",348.5,351.95,340.65,346.7,347.2,348.75,69215,238.79,"16-Sep-2026",2277,"",""
"2536","REPL","BE",59.35,59.97,56.55,57.61,58.98,59.51,7269,4.22,"16-Sep-2026",63,"",""
"2537","REPRO","EQ",290.05,306.6,288.1,297.95,296.5,296.4,20159,59.34,"16-Sep-2026",846,"",""
"2538","RESPONIND","EQ",162.54,164,158.06,161.57,160.9,160.82,394977,639.06,"16-Sep-2026",5472,"",""
"2539","RETAIL","EQ",17.39,17.4,16.32,16.78,16.66,17.76,3489,0.58,"16-Sep-2026",62,"",""
"2540","REXPRO","SM",35.3,35.3,35.15,35.15,35.15,37,2000,0.7,"16-Sep-2026",2,"",""
"2541","RFBL","ST",80.35,80.35,80.35,80.35,80.35,84.55,3000,2.41,"16-Sep-2026",1,"",""
"2542","RGL","EQ",149.29,153.79,146.4,149.5,150.32,151.77,585544,874.42,"16-Sep-2026",7946,"",""
"2543","RHETAN","EQ",21.67,21.67,21.67,21.67,21.67,22.81,118798,25.74,"16-Sep-2026",533,"",""
"2544","RHFL","BZ",1.87,1.87,1.79,1.79,1.8,1.85,464570,8.46,"16-Sep-2026",711,"",""
"2545","RHIM","EQ",361.7,366.7,360.5,363.6,363.4,361.6,123204,447.66,"16-Sep-2026",5428,"",""
"2546","RHL","EQ",170,177.95,170,173.24,171,175.23,807,1.42,"16-Sep-2026",49,"",""
"2547","RICOAUTO","EQ",129.45,129.45,123.62,125.86,126.4,128.58,903568,1140.82,"16-Sep-2026",10140,"",""
"2548","RIIL","EQ",701,708.95,681,693.65,688.1,697.25,38754,268.35,"16-Sep-2026",3021,"",""
"2549","RIIT","IV",120.3,120.3,119.52,119.8,119.7,119.49,99586,119.4,"16-Sep-2026",1963,"",""
"2550","RILINFRA","SM",34,34,32.25,32.75,32.55,33.55,5200,1.74,"16-Sep-2026",38,"",""
"2551","RIR","EQ",172,184,164.11,179.77,180,171.5,1024742,1818.48,"16-Sep-2026",19145,"",""
"2552","RISHABH","EQ",780,786.55,726.5,758.55,753.8,779.5,371434,2783.61,"16-Sep-2026",21147,"",""
"2553","RITCO","EQ",292.35,299.5,280.1,294.75,295,291.35,80345,232,"16-Sep-2026",2261,"",""
"2554","RITES","EQ",206.53,207.9,202.92,204.92,204.75,206.53,282038,577.67,"16-Sep-2026",9133,"",""
"2555","RKDL","EQ",18.59,18.59,17.49,17.94,17.76,18,17578,3.13,"16-Sep-2026",139,"",""
"2556","RKEC","EQ",19.25,19.94,18.45,19.01,19.01,19.43,42803,8.09,"16-Sep-2026",250,"",""
"2557","RKFORGE","EQ",684,693.9,659.1,688.8,690,688.2,507925,3444.02,"16-Sep-2026",24839,"",""
"2558","RKSWAMY","EQ",91,91.7,87.91,88.33,88,89.46,32265,28.71,"16-Sep-2026",667,"",""
"2559","RMC","EQ",202,208.32,194.1,206.41,208,201.09,40032,80.71,"16-Sep-2026",1843,"",""
"2560","RMDRIP","BE",23.79,23.79,22.33,23.23,23.5,23.5,1384412,322.7,"16-Sep-2026",627,"",""
"2561","RML","EQ",1320,1320,1229.8,1268.1,1263,1306.5,72986,918.76,"16-Sep-2026",7712,"",""
"2562","RNBDENIMS","BE",9,9.49,8.72,9.31,9.47,9.04,135099,12.19,"16-Sep-2026",372,"",""
"2563","RNFI","SM",324,336.95,300.1,315.4,315.1,323.5,18600,58.5,"16-Sep-2026",31,"",""
"2564","RNPL","SM",57.55,58,57.55,58,58,60.55,8400,4.86,"16-Sep-2026",6,"",""
"2565","ROCKINGDCE","SM",213.8,233.6,201.6,230,230,223.9,19000,41.17,"16-Sep-2026",59,"",""
"2566","ROHLTD","EQ",300.1,300.35,292,296.1,295,298.5,12894,38.17,"16-Sep-2026",692,"",""
"2567","ROLEXRINGS","EQ",166.43,169.7,160.74,168.53,167,166.47,952108,1580.25,"16-Sep-2026",14127,"",""
"2568","ROLLT","BE",4.98,5.19,4.98,5.19,5.19,4.95,932152,48.15,"16-Sep-2026",687,"",""
"2569","ROML","EQ",42.02,43.4,40.61,41.27,41.12,43,1543,0.64,"16-Sep-2026",64,"",""
"2570","ROSSARI","EQ",435.4,441.45,428.3,437.8,440,435.4,57741,251.48,"16-Sep-2026",3811,"",""
"2571","ROSSELLIND","EQ",56,57.44,54.65,55.35,55.49,56.65,18235,10.11,"16-Sep-2026",461,"",""
"2572","ROSSTECH","EQ",1270,1420,1219.5,1349.9,1349.9,1265.4,3386100,45880.35,"16-Sep-2026",203904,"",""
"2573","ROTO","EQ",63.32,63.32,60.15,62.13,62.14,63.01,267153,164.91,"16-Sep-2026",3056,"",""
"2574","ROUTE","EQ",484.9,488.1,471.3,480.7,484,481.9,283400,1359.3,"16-Sep-2026",7777,"",""
"2575","ROXHITECH","SM",43,43.85,43,43.55,43.3,43.75,16000,6.94,"16-Sep-2026",10,"",""
"2576","ROYALARC","SM",154,154,152,152,152,155,4800,7.32,"16-Sep-2026",4,"",""
"2577","RPEL","EQ",1648,1648,1507.2,1547,1558,1622.4,244936,3809.19,"16-Sep-2026",25810,"",""
"2578","RPGLIFE","EQ",2691.1,2760,2630.5,2739.1,2741.3,2718.8,14164,384.72,"16-Sep-2026",3080,"",""
"2579","RPOWER","EQ",21.03,21.18,20.51,20.78,20.88,21.03,18909477,3927.43,"16-Sep-2026",40355,"",""
"2580","RPPINFRA","EQ",55.25,55.5,53,53.56,53.5,54.72,98351,53.08,"16-Sep-2026",1406,"",""
"2581","RPPL","BE",20,21,19.15,20.98,20.99,20,22994,4.6,"16-Sep-2026",115,"",""
"2582","RPSGVENT","EQ",824.05,840.05,820,823.7,824.1,829.35,13165,108.85,"16-Sep-2026",921,"",""
"2583","RPTECH","EQ",801,814.35,768.2,794.45,791.7,797.35,308029,2415.1,"16-Sep-2026",18716,"",""
"2584","RRECL","EQ",124,136,124,135.57,136,123.7,707,0.93,"16-Sep-2026",19,"",""
"2585","RRIL","EQ",15.38,16.65,15.38,16.23,16.23,15.94,10727,1.72,"16-Sep-2026",140,"",""
"2586","RRKABEL","EQ",2398.9,2454,2340.2,2397.4,2398.2,2381.3,456841,11008.61,"16-Sep-2026",44641,"",""
"2587","RSDFIN","BE",93,93,93,93,93,93.1,51,0.05,"16-Sep-2026",2,"",""
"2588","RSL","EQ",181,184.25,171.41,180.84,180.9,181.63,510807,915.89,"16-Sep-2026",9340,"",""
"2589","RSSOFTWARE","EQ",29.6,30.2,29.52,29.92,29.65,29.6,27506,8.21,"16-Sep-2026",112,"",""
"2590","RSWM","BE",207.1,217,201.3,210.67,211.9,209.41,25672,53.03,"16-Sep-2026",180,"",""
"2591","RSYSTEMS","EQ",240.47,244.9,235.37,240.74,244,240.47,140217,337.59,"16-Sep-2026",4969,"",""
"2592","RTL","SM",74.5,82.9,72.35,82.9,82.9,77,26000,20.79,"16-Sep-2026",10,"",""
"2593","RTNINDIA","EQ",27.14,27.14,26.51,26.74,26.79,27.01,2671333,717.92,"16-Sep-2026",14356,"",""
"2594","RTNPOWER","EQ",6.99,7.22,6.96,7.03,7.04,6.99,29119691,2060.06,"16-Sep-2026",16679,"",""
"2595","RTSPOWR","EQ",91.6,93,68.88,83.72,83.3,86.1,2735,2.38,"16-Sep-2026",62,"",""
"2596","RUBFILA","EQ",64.64,67,62.25,65.04,65.01,63.56,70501,45.85,"16-Sep-2026",783,"",""
"2597","RUBICON","EQ",1802,1812.3,1712.1,1766.7,1780,1815.6,415964,7290.54,"16-Sep-2026",34307,"",""
"2598","RUBYMILLS","EQ",427.15,468.65,398.4,462.1,464,432.4,90742,401.94,"16-Sep-2026",3787,"",""
"2599","RUCHINFRA","EQ",5.51,5.51,5.16,5.22,5.16,5.41,73373,3.92,"16-Sep-2026",492,"",""
"2600","RUCHIRA","EQ",105.5,108.38,105.5,107.28,107,105.44,23506,25.2,"16-Sep-2026",607,"",""
"2601","RUDRA","EQ",20.79,20.79,19.85,20.08,20.02,20.16,59486,12.01,"16-Sep-2026",306,"",""
"2602","RULKA","SM",103.05,107,103,105,105,105,4500,4.74,"16-Sep-2026",15,"",""
"2603","RUPA","EQ",134,134.01,130,132.08,132.46,133.49,117220,154.13,"16-Sep-2026",4024,"",""
"2604","RUSHIL","EQ",15.59,15.85,15.06,15.33,15.37,15.59,380720,58.32,"16-Sep-2026",792,"",""
"2605","RUSTOMJEE","EQ",340.9,340.9,333.55,338.35,337.1,339.45,33205,112.28,"16-Sep-2026",1039,"",""
"2606","RVHL","EQ",39.35,39.55,38.2,39.43,39.55,39.16,2490,0.97,"16-Sep-2026",48,"",""
"2607","RVNL","EQ",199.05,200.19,195.15,197.5,197.5,199,4733889,9342.97,"16-Sep-2026",48301,"",""
"2608","RVTH","EQ",680.5,680.5,651,663,663,680.5,854,5.76,"16-Sep-2026",41,"",""
"2609","S&SPOWER","EQ",344.9,344.9,316.25,321.35,328.85,332.85,2830,9.05,"16-Sep-2026",115,"",""
"2610","SAAKSHI","ST",362.55,377.2,350.6,368.5,374,362,24600,90.75,"16-Sep-2026",36,"",""
"2611","SAATVIKGL","EQ",428.5,428.5,404,413.25,411,389.55,1244363,5180.76,"16-Sep-2026",22986,"",""
"2612","SACHEEROME","SM",488,506.9,464,501.65,506.9,480.7,39600,195.47,"16-Sep-2026",97,"",""
"2613","SADBHAV","EQ",7.79,7.79,7.45,7.6,7.6,7.67,137386,10.38,"16-Sep-2026",483,"",""
"2614","SADBHIN","EQ",2.42,2.59,2.42,2.55,2.56,2.47,162598,4.12,"16-Sep-2026",269,"",""
"2615","SADHAV","SM",107.6,108.9,107.05,107.45,107.45,107.6,5400,5.83,"16-Sep-2026",9,"",""
"2616","SADHNANIQ","BE",2.78,2.78,2.75,2.75,2.75,2.8,823455,22.74,"16-Sep-2026",253,"",""
"2617","SAFARI","EQ",1526.2,1535,1495,1520.5,1535,1532.1,31277,474.4,"16-Sep-2026",4484,"",""
"2618","SAFEENTP","SM",256.35,256.35,245.55,246.7,247.95,259.55,60000,149.2,"16-Sep-2026",117,"",""
"2619","SAGARDEEP","EQ",23.66,24.14,23.2,23.81,23.23,23.65,1209,0.28,"16-Sep-2026",31,"",""
"2620","SAGCEM","EQ",146.8,148.74,141.52,147.99,146.3,146.8,59078,85.55,"16-Sep-2026",1434,"",""
"2621","SAGILITY","EQ",45.93,46.2,44.75,45.02,45.02,45.6,11752528,5318.8,"16-Sep-2026",22721,"",""
"2622","SAHAJSOLAR","SM",94.05,97,94.05,95.4,95.55,94.05,7600,7.31,"16-Sep-2026",19,"",""
"2623","SAHANA","SM",896,900,850,864.55,868,899,24900,217.02,"16-Sep-2026",116,"",""
"2624","SAHASRA","SM",314,326.9,304,326.9,326.9,311.35,107600,345.4,"16-Sep-2026",240,"",""
"2625","SAHLIBHFI","EQ",79.9,79.9,75,78.94,79,77.91,18065,14.04,"16-Sep-2026",769,"",""
"2626","SAHYADRI","EQ",366.25,376.7,355,361.3,360.8,363.15,8746,31.68,"16-Sep-2026",539,"",""
"2627","SAICAPI","EQ",167,167,152.05,158.84,159.9,154.5,832,1.33,"16-Sep-2026",41,"",""
"2628","SAIFL","SM",4.45,4.45,4.2,4.25,4.3,4.35,232000,9.95,"16-Sep-2026",41,"",""
"2629","SAIL","EQ",173.79,174.9,170.5,173.55,173.55,173,9871840,17094.31,"16-Sep-2026",54215,"",""
"2630","SAILIFE","EQ",1539.8,1557.8,1494.4,1539.1,1541,1541.5,801004,12257.88,"16-Sep-2026",86126,"",""
"2631","SAIPARENT","EQ",511.3,519,491.25,516.45,510.6,506.35,101958,515.56,"16-Sep-2026",4817,"",""
"2632","SAJHOTELS","ST",35.15,35.3,35.15,35.15,35.15,37,6000,2.11,"16-Sep-2026",3,"",""
"2633","SAKAR","EQ",1137,1143.9,1042.7,1105.4,1090,1137.55,164430,1792.1,"16-Sep-2026",12190,"",""
"2634","SAKHTISUG","EQ",19.38,19.38,18.31,18.53,18.41,18.95,116936,21.74,"16-Sep-2026",583,"",""
"2635","SAKSOFT","EQ",142.29,143.21,137.62,141.18,141,142.25,225685,316.55,"16-Sep-2026",5055,"",""
"2636","SAKUMA","EQ",1.58,1.59,1.54,1.56,1.57,1.56,511864,7.97,"16-Sep-2026",760,"",""
"2637","SALASAR","EQ",4.78,4.97,4.72,4.93,4.93,4.81,5331409,259.59,"16-Sep-2026",4208,"",""
"2638","SALONA","EQ",255.9,264.9,250.1,264,264,257.15,1163,3.04,"16-Sep-2026",61,"",""
"2639","SALSTEEL","EQ",70.15,74.62,67.6,74.62,74.62,71.07,575115,405.56,"16-Sep-2026",5114,"",""
"2640","SALZERELEC","EQ",532.55,573.95,520,557.85,554,531.45,196809,1090.97,"16-Sep-2026",10888,"",""
"2641","SAMBANDAM","EQ",109.42,109.42,106.25,106.27,106.27,111.65,400,0.43,"16-Sep-2026",21,"",""
"2642","SAMBHAAV","EQ",5.85,5.98,5.63,5.89,5.89,5.67,13015,0.76,"16-Sep-2026",80,"",""
"2643","SAMBHV","EQ",129.55,130.27,123.75,128.4,128.11,128.96,2221545,2820.28,"16-Sep-2026",17139,"",""
"2644","SAMHI","EQ",152.05,164,149,160.27,160.03,152.73,4543499,7242.22,"16-Sep-2026",72206,"",""
"2645","SAMMAANCAP","EQ",142.1,143.28,139.96,142.19,141.85,141.96,4885236,6919.37,"16-Sep-2026",26078,"",""
"2646","SAMPANN","EQ",24.37,24.65,23.7,24.28,24.22,23.91,7222,1.74,"16-Sep-2026",93,"",""
"2647","SANATHAN","EQ",460,461.35,443.05,454.05,455,461.4,95303,430.93,"16-Sep-2026",5368,"",""
"2648","SANDESH","EQ",1010,1051,997,1032.3,1037.4,1018.8,1115,11.41,"16-Sep-2026",187,"",""
"2649","SANDHAR","EQ",616.35,616.35,577,583.25,584.9,610.35,313788,1851.53,"16-Sep-2026",17485,"",""
"2650","SANDUMA","EQ",182.34,183.49,178.2,180.6,180.79,181.98,619561,1120.43,"16-Sep-2026",14251,"",""
"2651","SANGAMIND","EQ",559.3,575.55,557.8,566.55,565.1,565.65,9376,52.95,"16-Sep-2026",747,"",""
"2652","SANGANI","SM",53.5,53.9,52.5,52.5,52.5,53.9,10500,5.55,"16-Sep-2026",3,"",""
"2653","SANGHVIMOV","EQ",403.7,411,395.3,408.25,407,401.5,277691,1122.83,"16-Sep-2026",12337,"",""
"2654","SANGINITA","BE",68.31,68.31,68.31,68.31,68.31,66.98,45896,31.35,"16-Sep-2026",126,"",""
"2655","SANOFI","EQ",3131,3149,3081,3111.2,3125.3,3131,18139,564.64,"16-Sep-2026",3824,"",""
"2656","SANOFICONR","EQ",4012.1,4039.3,3971,3990.4,3981.9,4055.3,1967,78.65,"16-Sep-2026",809,"",""
"2657","SANSERA","EQ",3870.4,3981.9,3800,3971.2,3975,3871.7,229404,8990.89,"16-Sep-2026",37481,"",""
"2658","SANSTAR","EQ",111.5,114.77,107.21,112.81,112.11,110.76,194156,216.69,"16-Sep-2026",3170,"",""
"2659","SANWARIA","BZ",0.2,0.2,0.18,0.2,0.2,0.19,825068,1.62,"16-Sep-2026",190,"",""
"2660","SAPPHIRE","EQ",223,226,219.92,223.32,223.03,222.37,241465,537.64,"16-Sep-2026",8826,"",""
"2661","SAPPL","EQ",299.75,299.75,271.05,274.65,271.05,287.6,575,1.58,"16-Sep-2026",53,"",""
"2662","SARDAEN","EQ",501,503,491.6,497.35,498.5,501.35,279078,1386.53,"16-Sep-2026",14005,"",""
"2663","SAREGAMA","EQ",485.5,498,475.2,486.55,482.1,485.5,380888,1857.59,"16-Sep-2026",16612,"",""
"2664","SARLAPOLY","EQ",96.8,98.75,93.5,95.22,95.88,96.7,78562,74.71,"16-Sep-2026",1258,"",""
"2665","SARTELE","SM",77.75,77.75,73.4,73.8,74.4,77.7,106000,79.71,"16-Sep-2026",161,"",""
"2666","SARVESHWAR","EQ",3.79,3.87,3.67,3.79,3.86,3.85,1724587,64.39,"16-Sep-2026",2236,"",""
"2667","SASKEN","EQ",1701.6,1736.8,1650.1,1681.5,1688.8,1722.2,27960,473,"16-Sep-2026",4414,"",""
"2668","SATECH","SM",44.9,47.95,43.85,43.9,43.9,43.85,24000,11.06,"16-Sep-2026",23,"",""
"2669","SATIA","EQ",66.17,68.5,65.33,68.11,68,66.51,101252,67.88,"16-Sep-2026",1115,"",""
"2670","SATIN","EQ",214.75,219.4,210,217.88,218.9,214.88,208980,448.41,"16-Sep-2026",4219,"",""
"2671","SATIPOLY","ST",35.1,35.1,35.1,35.1,35.1,36.9,500,0.18,"16-Sep-2026",1,"",""
"2672","SATKARTAR","SM",150.8,150.8,140,143.3,143.3,144.85,29600,42.91,"16-Sep-2026",32,"",""
"2673","SATTVAENGG","SM",63.45,63.45,60,61,61,62.1,9600,5.85,"16-Sep-2026",6,"",""
"2674","SAURASHCEM","EQ",52.8,55.88,51.8,52.33,52.25,53.03,122216,64.22,"16-Sep-2026",1614,"",""
"2675","SAVY","SM",131,136.25,130,135,135,135,4800,6.39,"16-Sep-2026",4,"",""
"2676","SAWALIYA","SM",158,159,155,159,159,158.3,7200,11.35,"16-Sep-2026",9,"",""
"2677","SAYAJIHOTL","EQ",326,329.25,315.1,319.1,319.1,322.7,104,0.33,"16-Sep-2026",12,"",""
"2678","SAYAJIIND","EQ",109.51,113,109,113,113,113.51,1049,1.15,"16-Sep-2026",17,"",""
"2679","SBC","EQ",47.7,48,45.75,47.63,47.74,47.73,9128975,4299.76,"16-Sep-2026",8303,"",""
"2680","SBCL","EQ",1020,1070.9,957.1,1057,1055.1,1020.2,529492,5402.54,"16-Sep-2026",30198,"",""
"2681","SBFC","EQ",94.44,95.24,92.43,93.66,94.7,94.43,611434,570.47,"16-Sep-2026",8515,"",""
"2682","SBGLP","EQ",21.11,22.01,20,21.49,21.75,21.33,39935,8.43,"16-Sep-2026",573,"",""
"2683","SBIBPB","EQ",47.71,48.94,47.53,48.27,48.26,47.72,57633,27.65,"16-Sep-2026",360,"",""
"2684","SBICARD","EQ",619.75,629.3,612.6,618.1,618.1,618.6,1306832,8069.74,"16-Sep-2026",29369,"",""
"2685","SBIETFCON","EQ",118.47,118.47,116.77,117.78,117,116.86,5383,6.32,"16-Sep-2026",84,"",""
"2686","SBIETFIT","EQ",328.71,329.4,322,322.23,322.88,328.26,2435,7.9,"16-Sep-2026",181,"",""
"2687","SBIETFPB","EQ",282.29,282.29,277.09,279.3,278.8,277.5,9739,27.11,"16-Sep-2026",75,"",""
"2688","SBIETFQLTY","EQ",214.05,214.46,211.88,213.75,213.75,214.04,1690,3.6,"16-Sep-2026",54,"",""
"2689","SBIFUNDS","EQ",537,537.5,525.3,530.1,530.5,536.5,941906,5001.58,"16-Sep-2026",46000,"",""
"2690","SBILIFE","EQ",1656.4,1705,1656.4,1697.9,1697.9,1654.1,835034,14064.28,"16-Sep-2026",48479,"",""
"2691","SBILIQETF","EQ",1056.09,1056.09,1056.07,1056.07,1056.09,1055.95,247158,2610.16,"16-Sep-2026",110,"",""
"2692","SBIMIDMOM","EQ",61.8,63.67,60.93,62.01,62.13,61.85,7808,4.81,"16-Sep-2026",158,"",""
"2693","SBIN","EQ",976,991.4,973.2,991.4,991.4,968,8609956,84799.81,"16-Sep-2026",175734,"",""
"2694","SBINEQWETF","EQ",32.33,32.47,32.02,32.21,32.24,32.24,74112,23.86,"16-Sep-2026",248,"",""
"2695","SBINMID150","EQ",22.46,22.58,22.21,22.48,22.58,22.35,15025,3.36,"16-Sep-2026",122,"",""
"2696","SBISILVER","EQ",223.19,224.75,223.19,224.07,224.23,220.12,859266,1925.49,"16-Sep-2026",4534,"",""
"2697","SBISMLETF","EQ",18.15,18.29,17.55,17.9,17.99,17.98,58946,10.45,"16-Sep-2026",268,"",""
"2698","SBIVALETF","EQ",14.28,14.45,14.21,14.35,14.45,14.28,12811,1.84,"16-Sep-2026",75,"",""
"2699","SCANSTL","BE",55.18,55.18,53.27,53.32,53.28,55.18,39951,21.41,"16-Sep-2026",63,"",""
"2700","SCHAEFFLER","EQ",3916.4,3955.5,3818.1,3898.9,3920,3916.4,33996,1320.99,"16-Sep-2026",10185,"",""
"2701","SCHAND","EQ",133.07,134.66,127.73,133.28,133,133.74,41303,54.34,"16-Sep-2026",1213,"",""
"2702","SCHNEIDER","EQ",1193.1,1215,1169.1,1198.6,1199,1193.1,304100,3636.32,"16-Sep-2026",40883,"",""
"2703","SCI","EQ",269.05,274,262.8,266.9,267.4,269.05,1491512,3980.71,"16-Sep-2026",30990,"",""
"2704","SCILAL","EQ",37.88,37.99,36.8,37.91,37.91,37.34,180889,67.9,"16-Sep-2026",1691,"",""
"2705","SCODATUBES","EQ",126.24,126.24,118.6,124.34,124.11,126.23,232154,285.09,"16-Sep-2026",3066,"",""
"2706","SCPL","BE",641,648,630,635.2,630,636.05,5340,33.94,"16-Sep-2026",192,"",""
"2707","SDBL","EQ",67.8,68,66.1,67.29,68,68.13,474100,318.55,"16-Sep-2026",4740,"",""
"2708","SDREAMS","SM",80.95,81,77.3,79.8,79.8,79.9,12000,9.44,"16-Sep-2026",12,"",""
"2709","SEAMECLTD","EQ",1736,1736,1660,1701.6,1702,1736.9,84964,1446.06,"16-Sep-2026",8707,"",""
"2710","SECMARK","EQ",134,160.25,133.9,143.74,143.1,142.98,9748,14.3,"16-Sep-2026",313,"",""
"2711","SECURKLOUD","EQ",16.89,17.5,16.2,17.06,17.39,16.78,57998,9.82,"16-Sep-2026",150,"",""
"2712","SEDEMAC","EQ",2963.8,3151.9,2896.9,3122.4,3130,2950.7,279820,8495.43,"16-Sep-2026",35845,"",""
"2713","SEIL","EQ",187.24,193.43,178.4,189.33,187.99,190.09,377063,698.19,"16-Sep-2026",4559,"",""
"2714","SEJALLTD","EQ",625.5,649.25,587.45,649.25,649.25,618.35,112760,697.53,"16-Sep-2026",626,"",""
"2715","SEKURITIND","EQ",108,108.9,106,107.25,107.79,106.86,17097,18.39,"16-Sep-2026",402,"",""
"2716","SEL","SM",350,369,350,365,365,363.85,4200,15.33,"16-Sep-2026",13,"",""
"2717","SELECTIPO","EQ",47.9,47.9,46.54,47.35,47.39,47.34,63204,29.72,"16-Sep-2026",136,"",""
"2718","SEMAC","EQ",272,272,261.05,269,269,269,202,0.54,"16-Sep-2026",23,"",""
"2719","SENCO","EQ",337.9,337.95,325.65,332.25,332,336.4,473765,1567.37,"16-Sep-2026",22637,"",""
"2720","SENORES","EQ",1424.2,1425,1355.6,1376.9,1370.3,1416.1,222954,3090.29,"16-Sep-2026",22153,"",""
"2721","SENSEXADD","EQ",76.82,77,76.53,76.9,76.9,76.77,496,0.38,"16-Sep-2026",23,"",""
"2722","SENSEXAXIS","EQ",77.26,77.52,76.75,77.33,77.38,77.2,3236,2.5,"16-Sep-2026",53,"",""
"2723","SENSEXBETA","EQ",818,827.64,813.89,818.38,816.4,824,3936,32.47,"16-Sep-2026",153,"",""
"2724","SENSEXETF","EQ",75.09,77.04,75.09,76.84,76.65,76.63,13863,10.65,"16-Sep-2026",227,"",""
"2725","SENSEXIETF","EQ",858.19,858.69,852.86,856.15,857.14,853.91,65446,560.36,"16-Sep-2026",437,"",""
"2726","SEPC","EQ",5.1,5.19,5,5.11,5.14,5.12,6615229,337.17,"16-Sep-2026",4561,"",""
"2727","SERVICE","SM",65.75,65.75,65.75,65.75,65.75,65.75,2000,1.32,"16-Sep-2026",1,"",""
"2728","SERVOTECH","EQ",72.68,75.8,71,73.24,72.95,72.86,897042,657.98,"16-Sep-2026",9178,"",""
"2729","SESHAPAPER","EQ",243.4,248.08,239.12,246.72,248,242.8,35200,86.05,"16-Sep-2026",940,"",""
"2730","SETCO","BE",17.23,17.5,16.6,16.95,17.43,17.23,35221,6.05,"16-Sep-2026",149,"",""
"2731","SETF10GILT","EQ",263,263,261.09,262.49,262.5,263.75,6229,16.3,"16-Sep-2026",41,"",""
"2732","SETFGOLD","EQ",128.51,128.98,128.29,128.88,128.9,127.57,3186743,4103.19,"16-Sep-2026",7246,"",""
"2733","SETFNIF50","EQ",251.88,252,248.6,250.64,250.45,250.09,674626,1690.61,"16-Sep-2026",6888,"",""
"2734","SETFNIFBK","EQ",570.35,579.48,570.35,577.41,576.8,575.11,12979,74.91,"16-Sep-2026",777,"",""
"2735","SETFNN50","EQ",759.57,760.05,748.3,758.2,760.05,756.99,39694,299.99,"16-Sep-2026",1658,"",""
"2736","SETL","EQ",422.55,422.55,422.55,422.55,422.55,444.75,64549,272.75,"16-Sep-2026",1223,"",""
"2737","SETUINFRA","BZ",0.63,0.63,0.62,0.62,0.62,0.63,8870,0.06,"16-Sep-2026",27,"",""
"2738","SEYAIND","BE",12.35,12.82,12.32,12.62,12.62,12.57,6377,0.81,"16-Sep-2026",28,"",""
"2739","SFL","EQ",662,675.7,659,663.05,661.85,668.25,158561,1053.05,"16-Sep-2026",14826,"",""
"2740","SFML","SM",20.5,20.5,20.5,20.5,20.5,21,1600,0.33,"16-Sep-2026",1,"",""
"2741","SGBAPR28I","GB",15018,15144.99,14999.99,15091.66,15065,14949.83,222,33.35,"16-Sep-2026",28,"",""
"2742","SGBAUG27","GB",14911.01,14970,14911.01,14950,14950,14858,42,6.28,"16-Sep-2026",15,"",""
"2743","SGBAUG28V","GB",14961,15035.8,14951,14964.31,14955.02,14907.92,531,79.47,"16-Sep-2026",94,"",""
"2744","SGBAUG29V","GB",15000,15089.99,14961.51,14994.72,15000,14916.62,104,15.62,"16-Sep-2026",41,"",""
"2745","SGBAUG30","GB",15011.01,15199,14900,14981.36,15000.01,14988.59,458,68.77,"16-Sep-2026",122,"",""
"2746","SGBD29VIII","GB",15000,15100,14983,14994.33,14983,14955.74,130,19.52,"16-Sep-2026",31,"",""
"2747","SGBDC27VII","GB",15000,15100,15000,15100,15100,14900,3,0.45,"16-Sep-2026",3,"",""
"2748","SGBDE30III","GB",15136.56,15248,15025,15100.33,15079.3,15122.65,472,71.23,"16-Sep-2026",118,"",""
"2749","SGBDE31III","GB",15350.56,15483.99,15321,15335.13,15330,15334.27,1001,153.85,"16-Sep-2026",241,"",""
"2750","SGBDEC26","GB",14752,15100,14752,15100,15100,15300,2,0.3,"16-Sep-2026",2,"",""
"2751","SGBFEB27","GB",15000,15000,15000,15000,15000,14900,10,1.5,"16-Sep-2026",1,"",""
"2752","SGBFEB29XI","GB",15005.01,15044.99,14915.01,14979.5,14980,14988.66,94,14.06,"16-Sep-2026",35,"",""
"2753","SGBFEB32IV","GB",15566.56,15743.99,15532,15648.82,15667.99,15554.95,1248,195.03,"16-Sep-2026",245,"",""
"2754","SGBJ28VIII","GB",14999,14999,14999,14999,14999,14900,2,0.3,"16-Sep-2026",1,"",""
"2755","SGBJAN27","GB",14870,14901,14870,14901,14901,14850,5,0.74,"16-Sep-2026",5,"",""
"2756","SGBJAN29IX","GB",14950,15094,14920,14970,14970,14905.81,210,31.41,"16-Sep-2026",33,"",""
"2757","SGBJAN29X","GB",14932.01,14990,14932.01,14970.01,14970.01,14925,153,22.9,"16-Sep-2026",28,"",""
"2758","SGBJAN30IX","GB",15000,15099.99,15000,15037.3,15088.99,14949.84,92,13.84,"16-Sep-2026",25,"",""
"2759","SGBJU29III","GB",14990,15000,14990,14995,14995,14920,38,5.7,"16-Sep-2026",6,"",""
"2760","SGBJUL28IV","GB",14922.5,14988.8,14910.01,14964.73,14950,14892.16,112,16.75,"16-Sep-2026",32,"",""
"2761","SGBJUL29IV","GB",14810.01,14998.5,14810.01,14990,14990,14900,357,53.4,"16-Sep-2026",44,"",""
"2762","SGBJUN27","GB",15000,15000,15000,15000,15000,14885.83,3,0.45,"16-Sep-2026",3,"",""
"2763","SGBJUN28","GB",15010,15010,14941,15007.61,15009.79,14921.74,107,16.03,"16-Sep-2026",12,"",""
"2764","SGBJUN29II","GB",14925.01,14999,14925.01,14998,14998,14911,34,5.09,"16-Sep-2026",16,"",""
"2765","SGBJUN30","GB",15002,15175,14990,15100,15100,14922.53,86,12.97,"16-Sep-2026",27,"",""
"2766","SGBJUN31I","GB",15166.56,15300.01,15155,15229.91,15177.01,15160.05,696,105.86,"16-Sep-2026",170,"",""
"2767","SGBMAR28X","GB",14999.99,15000,14880.3,15000,15000,14969.85,21,3.15,"16-Sep-2026",13,"",""
"2768","SGBMAR30X","GB",15060.01,15155,15000,15052.49,15051,15060,179,26.96,"16-Sep-2026",73,"",""
"2769","SGBMAR31IV","GB",15126.56,15299.99,15126.56,15191.75,15173.39,15120,193,29.27,"16-Sep-2026",53,"",""
"2770","SGBMAY28","GB",14960.5,15000,14950,14998.57,15000,14904.56,26,3.89,"16-Sep-2026",11,"",""
"2771","SGBMAY29I","GB",15050.01,15094.99,14965.02,15003.5,15001.01,14962.49,199,29.85,"16-Sep-2026",36,"",""
"2772","SGBMR29XII","GB",14901,14999.99,14901,14981.1,14999.99,14901,198,29.58,"16-Sep-2026",59,"",""
"2773","SGBN28VIII","GB",14825,15021,14825,15016.76,15021,14955,603,90.47,"16-Sep-2026",41,"",""
"2774","SGBNOV26","GB",15049.99,15049.99,14950,14950,14950,14945.65,16,2.41,"16-Sep-2026",2,"",""
"2775","SGBNV29VII","GB",14930,15145,14930,15055,15055,14915,306,45.94,"16-Sep-2026",43,"",""
"2776","SGBOC28VII","GB",15000.02,15150,15000.02,15149.22,15150,14950,619,93.59,"16-Sep-2026",41,"",""
"2777","SGBOCT27","GB",15000.05,15100,15000.05,15100,15100,15000,85,12.82,"16-Sep-2026",8,"",""
"2778","SGBOCT27VI","GB",15000,15100,15000,15100,15100,14905,167,25.21,"16-Sep-2026",7,"",""
"2779","SGBSEP27","GB",14925,14980,14925,14980,14980,14905.02,95,14.21,"16-Sep-2026",10,"",""
"2780","SGBSEP28VI","GB",15000,15000,14921,14959.67,14950,14884.61,438,65.55,"16-Sep-2026",278,"",""
"2781","SGBSEP29VI","GB",14941,14988,14920.11,14964.33,14950,14901.25,265,39.61,"16-Sep-2026",77,"",""
"2782","SGBSEP31II","GB",15311,15399,15241.01,15262.28,15256.01,15209.01,1082,165.25,"16-Sep-2026",147,"",""
"2783","SGFIN","EQ",629,636,600,618.2,623,629.75,226905,1397.77,"16-Sep-2026",10148,"",""
"2784","SGIL","EQ",585,594.2,565.9,581.5,580,590.9,5232,30.36,"16-Sep-2026",324,"",""
"2785","SGL","EQ",10.02,10.02,9.4,9.64,9.88,9.82,5093,0.5,"16-Sep-2026",69,"",""
"2786","SGLRES","EQ",2.4,2.46,2.33,2.44,2.45,2.35,14193,0.34,"16-Sep-2026",78,"",""
"2787","SGMART","EQ",716,739.95,678.1,697.65,696.1,722.1,699054,4863.19,"16-Sep-2026",32572,"",""
"2788","SGRL","EQ",663.8,665.95,630,648.65,642,657.6,14381,93.15,"16-Sep-2026",1059,"",""
"2789","SHADOWFAX","EQ",242.45,247.5,236,243.75,246.15,241.15,2089926,5083.46,"16-Sep-2026",41963,"",""
"2790","SHAH","EQ",3.39,3.4,3.31,3.34,3.34,3.35,822276,27.57,"16-Sep-2026",817,"",""
"2791","SHAHALLOYS","BE",89.6,94.4,89,90.56,90.12,91.05,16932,15.28,"16-Sep-2026",83,"",""
"2792","SHAILY","EQ",3180,3180,3040,3097.3,3107,3181.8,129716,4010.88,"16-Sep-2026",25647,"",""
"2793","SHAKTIPUMP","EQ",472.15,474.2,455,463.9,462.55,474.2,711934,3299.39,"16-Sep-2026",33297,"",""
"2794","SHALBY","EQ",137.21,138.54,131.81,135.74,134.15,137.21,244848,328.35,"16-Sep-2026",4037,"",""
"2795","SHALPAINTS","BE",82,83.5,78.4,81.92,82,81.79,146601,119.35,"16-Sep-2026",399,"",""
"2796","SHANKARA","EQ",147.51,149.82,147.51,149.24,149.4,149.83,42998,64.01,"16-Sep-2026",390,"",""
"2797","SHANKESH","EQ",95.96,95.99,87.31,89.55,90.19,94.35,5412485,4876.01,"16-Sep-2026",35896,"",""
"2798","SHANTHALA","SM",15.7,16,15.2,15.55,15.65,16.65,9600,1.5,"16-Sep-2026",8,"",""
"2799","SHANTI","EQ",6.17,6.3,5.9,6.06,6.06,6.1,17273,1.04,"16-Sep-2026",83,"",""
"2800","SHANTIGEAR","EQ",660.4,713,645.3,691.6,683.7,679.25,212317,1449.33,"16-Sep-2026",6883,"",""
"2801","SHANTIGOLD","EQ",247.9,253.99,238.82,243.95,242.65,247.89,1104713,2701.08,"16-Sep-2026",17310,"",""
"2802","SHANTIINOR","ST",195,195,184.45,185.35,184.45,194.15,240000,448.21,"16-Sep-2026",133,"",""
"2803","SHARDACROP","EQ",754.4,758.75,740.05,745.5,746.9,753.4,127529,954.63,"16-Sep-2026",9589,"",""
"2804","SHARDAMOTR","EQ",933.15,938.9,902.15,930.55,930,933.15,82323,756.54,"16-Sep-2026",9422,"",""
"2805","SHARDUL","BE",54.2,54.9,53.35,53.56,54,54.17,35121,18.95,"16-Sep-2026",156,"",""
"2806","SHAREINDIA","EQ",197.8,199.8,188.05,196.05,197.05,197.2,1855814,3580.58,"16-Sep-2026",18918,"",""
"2807","SHARIABEES","EQ",443.56,444,438.15,439.4,444,442.09,5901,25.96,"16-Sep-2026",372,"",""
"2808","SHBAJRG","EQ",156,156,147.98,151.35,151.97,153.96,1514,2.29,"16-Sep-2026",78,"",""
"2809","SHEEL","ST",58.3,60,58.3,60,60,61,26000,15.56,"16-Sep-2026",13,"",""
"2810","SHEETAL","SM",355.05,361,355,357.5,359,355,5500,19.7,"16-Sep-2026",11,"",""
"2811","SHEKHAWATI","BE",20.7,21.3,20.3,21.22,21.3,20.29,179202,37.59,"16-Sep-2026",317,"",""
"2812","SHEMAROO","BE",115.85,116.99,115,115.82,116,114.78,5633,6.52,"16-Sep-2026",61,"",""
"2813","SHERA","SM",189.95,189.95,176,182.45,181.05,183.1,51000,91.71,"16-Sep-2026",49,"",""
"2814","SHERVANI","EQ",350.1,350.1,332,332,332,349.5,33,0.12,"16-Sep-2026",18,"",""
"2815","SHETHJI","SM",182.1,194,180,191.6,190.15,185.4,19000,35.54,"16-Sep-2026",18,"",""
"2816","SHIGAN","SM",64.5,64.5,64.5,64.5,64.5,64.5,3000,1.94,"16-Sep-2026",1,"",""
"2817","SHILCTECH","EQ",4119.8,4150,3964.7,4016.5,4005.2,4078.3,12222,492.79,"16-Sep-2026",3482,"",""
"2818","SHILGRAVQ","EQ",163.25,163.25,153.05,154.88,153.05,159.62,811,1.27,"16-Sep-2026",59,"",""
"2819","SHILPAMED","EQ",909.9,945,874.85,928.05,934,911.9,1187365,10818.04,"16-Sep-2026",51170,"",""
"2820","SHINDL","EQ",160.12,164.39,160,163.05,163.26,161.48,128760,209.3,"16-Sep-2026",733,"",""
"2821","SHIPROCKET","EQ",126.95,128.33,120.31,123.66,123.6,127.82,9635180,11871.94,"16-Sep-2026",80666,"",""
"2822","SHIVAAGRO","EQ",37.72,41,36.5,39.89,39.89,37.9,1518,0.59,"16-Sep-2026",88,"",""
"2823","SHIVACEM","EQ",15.61,16.02,15.3,15.5,15.59,15.89,89358,13.93,"16-Sep-2026",407,"",""
"2824","SHIVALIK","EQ",355.7,406.55,341.85,389.15,390.3,353.9,289347,1098.15,"16-Sep-2026",15328,"",""
"2825","SHIVAMAUTO","EQ",16.54,16.9,16.1,16.33,16.65,16.54,28408,4.67,"16-Sep-2026",169,"",""
"2826","SHIVAMILLS","EQ",61.9,61.9,58.21,59.86,59,61.12,379,0.22,"16-Sep-2026",30,"",""
"2827","SHIVASHRIT","SM",117.1,119.3,117.05,117.25,117.25,119.35,24000,28.55,"16-Sep-2026",5,"",""
"2828","SHIVATEX","EQ",178.15,182,171.29,177.7,180.5,180.5,17665,31.44,"16-Sep-2026",200,"",""
"2829","SHIVAUM","EQ",475.8,475.8,469,469,469,470,1900,8.93,"16-Sep-2026",35,"",""
"2830","SHK","EQ",135.05,135.95,131,133.42,133.5,135.89,600690,800.92,"16-Sep-2026",9145,"",""
"2831","SHKSIL","SM",34.05,34.05,34,34,34,35.95,4000,1.36,"16-Sep-2026",2,"",""
"2832","SHOPERSTOP","EQ",398.35,400.9,381.15,395.3,393.1,398.5,70172,274.08,"16-Sep-2026",4972,"",""
"2833","SHRADDHA","EQ",156.5,156.5,144.53,152.97,154.85,151.89,3646,5.49,"16-Sep-2026",65,"",""
"2834","SHRADHA","EQ",33.88,34.9,30.51,31.49,31.16,29.97,107995,35.03,"16-Sep-2026",852,"",""
"2835","SHREDIGCEM","EQ",66,67.5,65,66.19,66.8,65.87,85455,56.5,"16-Sep-2026",1320,"",""
"2836","SHREECEM","EQ",21970,22235,21665,21795,21795,21905,21233,4642.2,"16-Sep-2026",10772,"",""
"2837","SHREEDHAR","ST",145.4,149.65,145,146.1,146,142.55,60000,88.41,"16-Sep-2026",30,"",""
"2838","SHREEJISPG","EQ",682,694.35,655.75,690.2,690.1,684,809303,5496.62,"16-Sep-2026",8782,"",""
"2839","SHREEKARNI","SM",377,377.5,365,366.2,365,365.05,22200,82.2,"16-Sep-2026",18,"",""
"2840","SHREEOSFM","SM",53,53,51.05,51.55,51.05,53,7000,3.66,"16-Sep-2026",7,"",""
"2841","SHREEPUSHK","EQ",501.45,514.85,482,506.95,508.5,501.45,123748,619.26,"16-Sep-2026",8004,"",""
"2842","SHREERAMA","EQ",44.97,44.97,43.5,43.98,43.75,44.23,53787,23.77,"16-Sep-2026",768,"",""
"2843","SHRENIK","BZ",0.29,0.3,0.28,0.29,0.3,0.29,322590,0.93,"16-Sep-2026",155,"",""
"2844","SHREYANIND","EQ",126.17,128,124,127.48,127.5,126.17,2846,3.6,"16-Sep-2026",106,"",""
"2845","SHRIAHIMSA","SM",450.2,459.95,438,447,447,457,20400,91.24,"16-Sep-2026",33,"",""
"2846","SHRIKANHA","SM",22.35,23.45,22.35,22.35,22.35,23.5,11200,2.52,"16-Sep-2026",7,"",""
"2847","SHRIKRISH","EQ",34.23,34.23,33.85,34,34,34.22,23,0.01,"16-Sep-2026",8,"",""
"2848","SHRINGARMS","EQ",212.25,217,205.17,209.49,208.98,211.05,236182,493.9,"16-Sep-2026",2179,"",""
"2849","SHRIPISTON","EQ",4243.1,4353.8,4150,4309.3,4310,4275.4,62702,2671.09,"16-Sep-2026",15497,"",""
"2850","SHRIRAMFIN","EQ",979,990.3,972.6,979,979,979.8,7221528,70667.58,"16-Sep-2026",91187,"",""
"2851","SHRIRAMPPS","EQ",70.02,71.39,69.25,70.57,70.88,70.41,363848,256.35,"16-Sep-2026",3118,"",""
"2852","SHRITECH","SM",58.95,59,58.95,59,59,58.55,4000,2.36,"16-Sep-2026",2,"",""
"2853","SHRJAGP","EQ",655,655,636,637.15,643.05,641.45,298,1.92,"16-Sep-2026",46,"",""
"2854","SHUBHSHREE","SM",341,350,341,350,350,360.7,900,3.12,"16-Sep-2026",3,"",""
"2855","SHUKRAPHAR","EQ",56.25,56.25,52.33,54.6,54.47,55.27,2286024,1235.11,"16-Sep-2026",9088,"",""
"2856","SHYAMCENT","BE",5.04,5.04,4.8,4.96,4.96,4.9,21867,1.07,"16-Sep-2026",78,"",""
"2857","SHYAMDHANI","ST",52.5,53.5,52.5,53.35,53.35,52.1,6000,3.19,"16-Sep-2026",3,"",""
"2858","SHYAMMETL","EQ",1050,1063.3,1019,1048,1060,1050.5,155947,1624.72,"16-Sep-2026",17599,"",""
"2859","SHYAMTEL","EQ",11.19,11.22,10.32,11.2,11.2,11.2,2765,0.29,"16-Sep-2026",21,"",""
"2860","SICAGEN","EQ",55.55,55.55,51.67,52.41,52.34,53.98,13515,7.12,"16-Sep-2026",131,"",""
"2861","SICALLOG","BE",95.9,95.9,91.3,93.07,93,94.42,14751,13.73,"16-Sep-2026",122,"",""
"2862","SIDDHICOTS","SM",26.1,26.5,26,26.5,26.5,26.9,9600,2.52,"16-Sep-2026",7,"",""
"2863","SIEL","EQ",32.98,32.98,31.5,31.5,31.5,31.5,60,0.02,"16-Sep-2026",4,"",""
"2864","SIEMENS","EQ",3764,3799.3,3682.4,3742,3742,3770,132688,4972.37,"16-Sep-2026",16036,"",""
"2865","SIGACHI","EQ",32,32.26,29.81,31.16,31,31.51,5298985,1632.54,"16-Sep-2026",16422,"",""
"2866","SIGIND","BE",71.8,71.8,67.5,67.94,69.3,68.99,3919,2.7,"16-Sep-2026",42,"",""
"2867","SIGMA","EQ",44,46.49,41.21,45.6,46,44.9,306226,133.09,"16-Sep-2026",3706,"",""
"2868","SIGMAADV","BE",790.85,824.9,758,817.05,819,794.65,250590,1979.3,"16-Sep-2026",5520,"",""
"2869","SIGNATURE","EQ",754.6,761.3,742.85,752.5,756.9,751.15,185649,1403.69,"16-Sep-2026",5005,"",""
"2870","SIGNORIA","ST",152,152,151.05,151.05,151.05,159,2000,3.03,"16-Sep-2026",2,"",""
"2871","SIGNPOST","EQ",264.65,271.2,255.1,263.55,261.2,264.65,64789,169.48,"16-Sep-2026",3366,"",""
"2872","SIKA","EQ",1026.55,1085.7,993.6,1052.2,1054.8,1040.05,62044,645.93,"16-Sep-2026",6679,"",""
"2873","SIKKO","BE",5.54,5.92,5.37,5.88,5.9,5.64,2331569,127.37,"16-Sep-2026",497,"",""
"2874","SIL","EQ",17.7,18,16.32,16.52,16.8,17.6,80915,13.55,"16-Sep-2026",908,"",""
"2875","SILGO","EQ",68.99,71.57,68.66,71.04,71.57,69.08,40113,28.12,"16-Sep-2026",648,"",""
"2876","SILINV","EQ",445,452,436.55,440.1,437,444.95,1033,4.58,"16-Sep-2026",119,"",""
"2877","SILKFLEX","SM",263.1,270,263,270,270,271.1,7000,18.62,"16-Sep-2026",6,"",""
"2878","SILKY","SM",72,72,68.1,69.95,69.95,69.95,3200,2.23,"16-Sep-2026",4,"",""
"2879","SILVER","EQ",227.49,228.96,227.49,228.18,227.9,224.06,736262,1680.65,"16-Sep-2026",5350,"",""
"2880","SILVER001","EQ",24.2,24.2,22.89,23.12,23.18,23,2914,0.68,"16-Sep-2026",48,"",""
"2881","SILVER1","EQ",22.11,22.31,22.1,22.2,22.22,21.78,18529177,4119.01,"16-Sep-2026",8527,"",""
"2882","SILVER360","EQ",224.3,226.1,224.15,225.16,226.1,222.74,32081,72.25,"16-Sep-2026",376,"",""
"2883","SILVERADD","EQ",22,22.12,21.92,22.04,22.06,21.61,4462291,983.81,"16-Sep-2026",4184,"",""
"2884","SILVERAG","EQ",220,223.36,220,222.76,222.92,218.62,249835,556.31,"16-Sep-2026",1744,"",""
"2885","SILVERAXIS","EQ",226.38,227.95,226.38,227.04,227,223.1,2272938,5166.56,"16-Sep-2026",6355,"",""
"2886","SILVERBEES","EQ",217.77,219.28,217.77,218.46,218.6,214.67,14593538,31912.17,"16-Sep-2026",47887,"",""
"2887","SILVERBETA","EQ",219.26,221.41,219.26,220.69,220.94,216.69,428878,946.47,"16-Sep-2026",2809,"",""
"2888","SILVERBND","EQ",227.7,229.99,227.7,229.24,228.58,224.95,31333,71.81,"16-Sep-2026",112,"",""
"2889","SILVERCASE","EQ",23.05,23.24,23,23.16,23.17,22.74,9484959,2197.17,"16-Sep-2026",6167,"",""
"2890","SILVERIETF","EQ",227.9,228.9,227.49,228.08,228,223.94,1819854,4153.51,"16-Sep-2026",11132,"",""
"2891","SILVERTUC","EQ",151.7,157,148.85,153.05,153.8,149.66,370310,570.51,"16-Sep-2026",6306,"",""
"2892","SIMBHALS","BZ",6.99,6.99,6.9,6.93,6.93,6.93,5980,0.41,"16-Sep-2026",24,"",""
"2893","SIMCA","ST",262,266.5,262,266.5,266.5,261.1,4800,12.64,"16-Sep-2026",8,"",""
"2894","SIMPLEXINF","EQ",240.6,250.2,233.05,248.85,247.8,242.85,165011,401.59,"16-Sep-2026",1634,"",""
"2895","SIMPLXREA","EQ",126.01,126.01,126.01,126.01,126.01,132.27,2,0,"16-Sep-2026",1,"",""
"2896","SINCLAIR","EQ",78.51,79.9,77.1,77.92,77.99,78.41,22330,17.36,"16-Sep-2026",476,"",""
"2897","SINDHUTRAD","EQ",23.53,23.97,22.8,23.35,23.7,23.53,608340,141.91,"16-Sep-2026",1288,"",""
"2898","SINGERIND","EQ",75.96,78.5,71.42,77.2,76.52,74.98,110528,82.78,"16-Sep-2026",1270,"",""
"2899","SINTERCOM","EQ",75.12,79,73.3,75.32,79,75.05,2902,2.16,"16-Sep-2026",78,"",""
"2900","SIRCA","EQ",419,420.95,399.8,403.25,402,418.15,225976,916.85,"16-Sep-2026",5493,"",""
"2901","SIS","EQ",418.4,426.85,410.65,415.9,412.5,414.9,461513,1945.92,"16-Sep-2026",11348,"",""
"2902","SITINET","BZ",0.28,0.28,0.27,0.28,0.28,0.27,239392,0.67,"16-Sep-2026",230,"",""
"2903","SIYSIL","EQ",521.05,529.35,508.35,516.05,521.5,520.95,41973,217.4,"16-Sep-2026",3668,"",""
"2904","SJLOGISTIC","SM",313.65,313.65,308,311.3,312,312.9,23250,72.09,"16-Sep-2026",66,"",""
"2905","SJS","EQ",2312,2334.3,2241.7,2297.2,2285,2311.7,97320,2218.32,"16-Sep-2026",19372,"",""
"2906","SJVN","EQ",64.55,64.55,63.2,64.06,64.29,64.58,1560643,996.6,"16-Sep-2026",15774,"",""
"2907","SKFINDIA","EQ",1501,1554.8,1488,1546.3,1548.4,1508.5,61886,946.14,"16-Sep-2026",6179,"",""
"2908","SKFINDUS","EQ",2840,2964.9,2802.4,2943,2935,2833.8,51270,1494.14,"16-Sep-2026",14002,"",""
"2909","SKIPPER","EQ",533,534.55,513.7,522.65,520.6,534.15,661514,3458.48,"16-Sep-2026",26356,"",""
"2910","SKMEGGPROD","EQ",232.95,234.05,224.1,229.6,231.05,231.9,247841,564.69,"16-Sep-2026",4976,"",""
"2911","SKP","SM",160.05,163.95,160,160,160,165.55,38000,61.33,"16-Sep-2026",42,"",""
"2912","SKYGOLD","EQ",791.35,824.35,774.8,792.6,789.9,789.4,704650,5604.99,"16-Sep-2026",37048,"",""
"2913","SKYTECH","SM",25.25,25.25,25.25,25.25,25.25,26.55,9600,2.42,"16-Sep-2026",6,"",""
"2914","SKYWAYS","EQ",111.74,114.5,108.54,113.42,113.29,111.29,1867585,2089.06,"16-Sep-2026",15753,"",""
"2915","SLONE","ST",170.1,170.1,170.1,170.1,170.1,177.75,400,0.68,"16-Sep-2026",1,"",""
"2916","SMALL250","EQ",18.42,18.42,17.57,17.9,17.96,17.98,1668162,297.81,"16-Sep-2026",1277,"",""
"2917","SMALLADD","EQ",18.2,18.47,17.67,17.99,18.07,18.11,292045,52.49,"16-Sep-2026",250,"",""
"2918","SMALLCAP","EQ",47.76,47.98,46.67,47.65,47.72,47.76,4252598,2011.46,"16-Sep-2026",6772,"",""
"2919","SMALLGROWW","EQ",47.85,48.18,46.85,47.62,47.49,47.85,7786,3.68,"16-Sep-2026",85,"",""
"2920","SMALLIETF","EQ",17.98,18.25,17.6,17.93,18,17.98,104207,18.62,"16-Sep-2026",200,"",""
"2921","SMARTEN","ST",53,53,49.4,52.9,52.9,52,14400,7.4,"16-Sep-2026",9,"",""
"2922","SMARTLINK","BE",227,230,221.74,222.57,228,233.41,14055,31.29,"16-Sep-2026",101,"",""
"2923","SMARTWORKS","EQ",521,525,503.3,520.2,525,518.7,69624,359.66,"16-Sep-2026",4208,"",""
"2924","SMCGLOBAL","EQ",81.93,82.04,78.83,80.57,80.32,81.94,959934,773.76,"16-Sep-2026",5667,"",""
"2925","SML100CASE","EQ",11.32,11.32,10.81,11.01,11,11.05,4609641,507.26,"16-Sep-2026",2277,"",""
"2926","SMLMAH","EQ",6200,6229.5,5941.5,5971.5,5960,6254,83297,5005.14,"16-Sep-2026",7916,"",""
"2927","SMLT","EQ",63.7,63.7,58.25,59.88,60,62.18,16782,10.05,"16-Sep-2026",278,"",""
"2928","SMSPHARMA","EQ",410.2,413.35,393.25,402.95,402.15,410.15,802591,3226.41,"16-Sep-2026",23718,"",""
"2929","SMVD","SM",15.35,15.35,15.35,15.35,15.35,16.15,4040,0.62,"16-Sep-2026",1,"",""
"2930","SNEHAA","SM",44,44.5,43.3,44.1,44.5,44.25,8000,3.51,"16-Sep-2026",8,"",""
"2931","SNOWMAN","EQ",36.39,36.39,34.15,34.54,34.44,35.03,128926,44.65,"16-Sep-2026",1244,"",""
"2932","SNXT30BEES","EQ",41.78,41.78,41.21,41.62,41.66,41.38,31627,13.11,"16-Sep-2026",74,"",""
"2933","SNXT50BETA","EQ",93,93,91,92.99,93,93,1859,1.71,"16-Sep-2026",90,"",""
"2934","SOBHA","EQ",1190,1194.7,1173.1,1181.8,1179.4,1192.7,77935,923.17,"16-Sep-2026",14709,"",""
"2935","SOCL","SM",28.3,29,28.3,29,29,28.75,8000,2.3,"16-Sep-2026",4,"",""
"2936","SOFTTECH","EQ",485,485,451.25,476.9,477.1,474.95,9640,44.9,"16-Sep-2026",239,"",""
"2937","SOLARA","EQ",715,730,669,711.5,730,715.8,730185,5096.09,"16-Sep-2026",32434,"",""
"2938","SOLARINDS","EQ",19400,19460,18480,18900,18900,19250,525092,98869.27,"16-Sep-2026",105562,"",""
"2939","SOLARWORLD","EQ",132,135,128.16,133.76,135,131.42,273416,360.91,"16-Sep-2026",8179,"",""
"2940","SOLEX","EQ",674.2,675.05,652.05,657.65,655,668.9,20235,133.64,"16-Sep-2026",2465,"",""
"2941","SOMANYCERA","EQ",542.55,561.9,529.65,555.15,556.7,550.8,103578,566.8,"16-Sep-2026",6230,"",""
"2942","SOMATEX","EQ",83.25,83.74,79.25,80.58,80.7,81.62,3656,2.96,"16-Sep-2026",142,"",""
"2943","SOMICONVEY","EQ",90.69,97.5,89.01,94.11,93.6,91.01,28525,26.57,"16-Sep-2026",717,"",""
"2944","SONACOMS","EQ",780.6,794.65,767,768,768,790,2589871,20043.62,"16-Sep-2026",46535,"",""
"2945","SONAL","EQ",86.05,87,86.05,86.11,86.1,90.5,145,0.12,"16-Sep-2026",6,"",""
"2946","SONAMAC","SM",32.1,32.15,32.1,32.15,32.15,33.5,3000,0.96,"16-Sep-2026",3,"",""
"2947","SONAMLTD","BE",74.78,74.78,70,71.44,72,72.55,36780,26.4,"16-Sep-2026",204,"",""
"2948","SONATSOFTW","EQ",287.95,289,274.1,276.9,278,281.3,2111366,5903.01,"16-Sep-2026",37369,"",""
"2949","SONUINFRA","ST",50.5,50.6,49.5,50,49.5,48.3,64500,32.54,"16-Sep-2026",21,"",""
"2950","SOTL","EQ",689,702.45,670,694.4,693,688.3,213789,1475.16,"16-Sep-2026",11074,"",""
"2951","SOUTHBANK","EQ",45.22,45.89,44.54,45.19,45.3,45,9001848,4061.34,"16-Sep-2026",36648,"",""
"2952","SOUTHWEST","EQ",201,203.24,193.72,198.58,198.82,201.59,286651,568.54,"16-Sep-2026",7069,"",""
"2953","SPAL","EQ",980,986.9,939.4,974.9,980,973.8,65492,628.9,"16-Sep-2026",5843,"",""
"2954","SPANDANA","EQ",227,229.39,222.35,225.8,225.44,226.96,152012,342.45,"16-Sep-2026",3402,"",""
"2955","SPARC","EQ",188,190.81,182,185.59,185.15,188,673294,1248.46,"16-Sep-2026",12045,"",""
"2956","SPCENET","EQ",3.34,3.4,3.23,3.24,3.25,3.27,474492,15.48,"16-Sep-2026",522,"",""
"2957","SPCL","SM",64.2,64.5,62.65,63.4,63.05,65.7,13800,8.76,"16-Sep-2026",20,"",""
"2958","SPEB","SM",89.15,89.15,89.15,89.15,89.15,91.2,2000,1.78,"16-Sep-2026",1,"",""
"2959","SPECIALITY","BE",137,138.98,133.3,135.06,135,137.63,15219,20.62,"16-Sep-2026",126,"",""
"2960","SPECTRUM","BE",3132.2,3132.5,3015,3083.7,3100,3173.6,19711,597.69,"16-Sep-2026",2892,"",""
"2961","SPENCERS","EQ",27.94,28.48,27.01,28.21,27.91,27.94,18839,5.22,"16-Sep-2026",449,"",""
"2962","SPIC","EQ",67.39,67.63,65.1,66.83,66.43,67.38,460572,305.88,"16-Sep-2026",4015,"",""
"2963","SPLIL","EQ",29.6,30.2,29.01,29.57,29.55,28.84,7018,2.08,"16-Sep-2026",59,"",""
"2964","SPLPETRO","EQ",789.35,798,769.3,792.7,793,789.35,175117,1369.7,"16-Sep-2026",14407,"",""
"2965","SPMLINFRA","EQ",169.05,173,163.54,172.03,173,168.47,122560,206.5,"16-Sep-2026",3055,"",""
"2966","SPORTKING","EQ",201,203.6,196.22,200.96,201.25,201.01,252465,507.04,"16-Sep-2026",8729,"",""
"2967","SPRL","SM",104,104,104,104,104,102,12000,12.48,"16-Sep-2026",2,"",""
"2968","SPUNWEB","SM",100,101.8,100,100.9,101.8,102.8,3600,3.62,"16-Sep-2026",3,"",""
"2969","SRD","EQ",39.59,40.19,38.73,40.09,40.15,39.3,45265,18.03,"16-Sep-2026",220,"",""
"2970","SREEL","BE",300.78,303,300.78,300.78,300.78,316.61,10682,32.14,"16-Sep-2026",131,"",""
"2971","SRF","EQ",2457.5,2508.5,2444.5,2480.1,2480.1,2455.2,159810,3974.02,"16-Sep-2026",23626,"",""
"2972","SRGHFL","EQ",126.4,138.2,126.4,126.4,126.4,140.4,350276,450.04,"16-Sep-2026",2733,"",""
"2973","SRHHYPOLTD","EQ",507,512.75,490.2,509.7,506.05,497.4,17233,86.76,"16-Sep-2026",1261,"",""
"2974","SRIKPRIND","BE",29,30.4,27.76,27.76,27.76,29.22,7914,2.23,"16-Sep-2026",65,"",""
"2975","SRIVASAVI","ST",71.9,71.9,69.05,69.3,69.05,71,6000,4.21,"16-Sep-2026",5,"",""
"2976","SRM","EQ",421.3,429.2,406.35,419.8,420,419.9,91640,382.49,"16-Sep-2026",4642,"",""
"2977","SRTL","EQ",37.51,37.8,36.56,36.86,36.57,37.55,15004,5.56,"16-Sep-2026",227,"",""
"2978","SSDL","EQ",60.22,62,59.2,59.7,60,60.22,11507,6.94,"16-Sep-2026",393,"",""
"2979","SSEGL","SM",411.65,425,405.05,419.15,422.7,417.1,128400,532.82,"16-Sep-2026",208,"",""
"2980","SSFL","ST",324.85,324.85,309,310.55,309.1,324.85,9500,29.75,"16-Sep-2026",19,"",""
"2981","SSWL","EQ",340.8,354,326,350.05,350.4,339,1772756,6038.33,"16-Sep-2026",51464,"",""
"2982","STALLION","BE",211.7,218.65,203.67,212.79,211.3,213.84,283630,594.13,"16-Sep-2026",2362,"",""
"2983","STANLEY","EQ",134.37,136.49,134.37,135.72,135.8,135.02,88725,119.95,"16-Sep-2026",1191,"",""
"2984","STAR","EQ",1153.4,1192,1102,1183.9,1190.8,1150.6,398309,4579.09,"16-Sep-2026",27616,"",""
"2985","STARCEMENT","EQ",184.93,187.89,183.6,187.3,187.89,184.93,254340,471.85,"16-Sep-2026",6273,"",""
"2986","STARHEALTH","EQ",540.8,549.45,531.05,545.7,549,540.8,589994,3197.61,"16-Sep-2026",48204,"",""
"2987","STARPAPER","EQ",163.99,169.5,160,161.46,163.5,160.27,10208,16.66,"16-Sep-2026",327,"",""
"2988","STARTECK","EQ",240.05,244,233.1,236.8,233.2,238.9,21,0.05,"16-Sep-2026",13,"",""
"2989","STCINDIA","EQ",112.6,112.6,110.1,111.08,111.07,111.26,11187,12.45,"16-Sep-2026",271,"",""
"2990","STEELCAS","EQ",309,314.65,292.2,299.25,293,312.75,290998,875.44,"16-Sep-2026",9270,"",""
"2991","STEELCITY","EQ",87.86,87.86,84.1,85.25,85,86.12,6573,5.6,"16-Sep-2026",178,"",""
"2992","STEELXIND","EQ",11.34,11.6,10.9,11.07,11.08,11.44,6088018,676.03,"16-Sep-2026",5654,"",""
"2993","STEL","EQ",597.05,605,596,602.05,602.65,597.9,4630,27.79,"16-Sep-2026",503,"",""
"2994","STERTOOLS","BE",212.64,216.8,209,212.51,214,212.64,13533,28.59,"16-Sep-2026",312,"",""
"2995","STLNETWORK","EQ",38.45,39.06,35.34,38.97,39.06,37.2,15347153,5724.77,"16-Sep-2026",24839,"",""
"2996","STLSTRINF","EQ",26.99,27.9,22.9,26.52,26.95,25.44,135722,34.24,"16-Sep-2026",1174,"",""
"2997","STLTECH","BE",809.95,849,809.95,818.05,818.5,852.55,2551038,20790.97,"16-Sep-2026",38758,"",""
"2998","STOVEKRAFT","EQ",797,833,797,828.55,822.35,804.7,109498,896.76,"16-Sep-2026",9492,"",""
"2999","STRIDERS","SM",58,58,58,58,58,57,11200,6.5,"16-Sep-2026",1,"",""
"3000","STUDDS","EQ",411,418,402.55,404.85,405,410.7,50715,206.69,"16-Sep-2026",4223,"",""
"3001","STUDIOLSD","SM",9.35,9.35,9,9.3,9.3,9.65,14000,1.29,"16-Sep-2026",7,"",""
"3002","STYL","EQ",361.25,364,345,361.2,362,360.2,106890,379.02,"16-Sep-2026",3932,"",""
"3003","STYLAMIND","EQ",3271.2,3299.9,3169.8,3188.1,3181,3281.2,33962,1090.34,"16-Sep-2026",7171,"",""
"3004","STYLEBAAZA","EQ",377,379.05,362.05,372.3,372.4,376.05,712655,2641.91,"16-Sep-2026",9086,"",""
"3005","STYRENIX","EQ",2020,2091.4,2015,2059.7,2060,2034.2,32782,671.99,"16-Sep-2026",4322,"",""
"3006","SUBAHOTELS","SM",94.55,94.55,90.55,92.15,91.2,94.55,28800,26.55,"16-Sep-2026",24,"",""
"3007","SUBEXLTD","EQ",20.5,20.94,19.3,19.59,19.72,20.44,15276187,3067.36,"16-Sep-2026",30322,"",""
"3008","SUBROS","EQ",683,690.45,666.2,678,677,682.55,30494,207.28,"16-Sep-2026",2913,"",""
"3009","SUDARCOLOR","EQ",376,376,370,370.5,370,375.1,2703,10.04,"16-Sep-2026",124,"",""
"3010","SUDARSCHEM","EQ",1175,1208.2,1148.1,1198.7,1197.9,1183.2,166126,1966.93,"16-Sep-2026",13183,"",""
"3011","SUDEEPPHRM","EQ",1125.8,1128.8,1085.6,1107.2,1100,1142.7,535162,5882.9,"16-Sep-2026",16275,"",""
"3012","SUKHJITS","EQ",163.5,163.5,158.08,159.22,161,161.72,44293,70.66,"16-Sep-2026",432,"",""
"3013","SULA","EQ",135,145.61,132.06,136.52,137.3,134.14,3167897,4429.45,"16-Sep-2026",33800,"",""
"3014","SUMAX","ST",121,123.55,119.6,119.6,119.6,125.85,194400,233.22,"16-Sep-2026",100,"",""
"3015","SUMEDHA","EQ",43.4,44.9,41.3,43.15,44.75,43.09,4562,1.97,"16-Sep-2026",70,"",""
"3016","SUMEETINDS","EQ",10.18,10.18,9.73,9.73,9.73,10.24,1666510,162.75,"16-Sep-2026",1519,"",""
"3017","SUMICHEM","EQ",454,457.3,446.75,454.05,454,451.95,183439,831.14,"16-Sep-2026",12314,"",""
"3018","SUMIT","EQ",51.2,51.2,48.71,50.56,50.83,50.61,29732,14.94,"16-Sep-2026",192,"",""
"3019","SUMMITSEC","EQ",1395,1403.1,1370,1391.7,1387.6,1393.6,1752,24.35,"16-Sep-2026",334,"",""
"3020","SUNCLAY","EQ",1241,1272.5,1198.3,1257.4,1252,1250.2,13674,169.57,"16-Sep-2026",1893,"",""
"3021","SUNDARAM","EQ",1.2,1.2,1.16,1.17,1.18,1.18,113701,1.34,"16-Sep-2026",215,"",""
"3022","SUNDARMFIN","EQ",4695,4696,4630.1,4672.4,4690,4695,51662,2407.68,"16-Sep-2026",11213,"",""
"3023","SUNDRMBRAK","BE",697,697,681,685.05,685,690.1,698,4.78,"16-Sep-2026",37,"",""
"3024","SUNDRMFAST","EQ",1226,1235.2,1204.4,1219.9,1216,1237.3,533381,6467.13,"16-Sep-2026",49829,"",""
"3025","SUNDROP","EQ",652,664.2,645.5,653.15,650.05,653.4,8010,52.15,"16-Sep-2026",380,"",""
"3026","SUNFLAG","EQ",325,347.75,325,339,341.9,331.55,213617,717.07,"16-Sep-2026",5020,"",""
"3027","SUNLITE","SM",630,658,554.1,650.25,654,635.95,70500,426.28,"16-Sep-2026",225,"",""
"3028","SUNLOC","EQ",76.49,76.49,73.49,73.49,73.49,76.49,22,0.02,"16-Sep-2026",4,"",""
"3029","SUNPHARMA","EQ",1843.6,1857.4,1837,1853.5,1853.5,1835,1370607,25358.72,"16-Sep-2026",97820,"",""
"3030","SUNRAKSHAK","EQ",366.05,374,359.85,370.55,374,362.45,9439,34.6,"16-Sep-2026",290,"",""
"3031","SUNREST","SM",37.1,38.9,37.1,37.95,37.4,37.1,8000,3.04,"16-Sep-2026",5,"",""
"3032","SUNSHIEL","EQ",1255,1255,1205,1213.8,1218,1209.3,2087,25.48,"16-Sep-2026",301,"",""
"3033","SUNSHINE","EQ",350.15,367.3,332.35,363.7,362.05,333.95,3704081,13132.44,"16-Sep-2026",51002,"",""
"3034","SUNTECH","SM",40.25,40.25,38,38.7,39.4,38.4,6400,2.52,"16-Sep-2026",4,"",""
"3035","SUNTECK","EQ",277.45,283.15,272,281.15,280,276.2,216291,600.97,"16-Sep-2026",6757,"",""
"3036","SUNTV","EQ",466.5,469,460,462.45,462,464.25,302447,1402.89,"16-Sep-2026",16904,"",""
"3037","SUPERHOUSE","EQ",176.75,176.75,166.11,167.48,169,169.83,5235,8.87,"16-Sep-2026",226,"",""
"3038","SUPERSPIN","BE",7.02,7.1,6.84,6.85,6.85,7.16,19102,1.33,"16-Sep-2026",29,"",""
"3039","SUPRAJIT","EQ",480.05,504.7,475.5,488.15,487.7,480.05,328298,1616.85,"16-Sep-2026",24386,"",""
"3040","SUPREME","EQ",33.2,34.45,31.68,32.08,31.9,32.98,23688,7.81,"16-Sep-2026",882,"",""
"3041","SUPREMEENG","BZ",3.45,3.45,3.45,3.45,3.45,3.39,580149,20.02,"16-Sep-2026",120,"",""
"3042","SUPREMEIND","EQ",3300,3346.6,3270,3300,3300,3300,84649,2811.16,"16-Sep-2026",12056,"",""
"3043","SUPREMEINF","EQ",84.5,84.5,79.35,79.66,79.41,81.4,29915,24.17,"16-Sep-2026",540,"",""
"3044","SUPREMEPWR","SM",202.25,207,195.4,204.75,205.6,209.4,108500,218.99,"16-Sep-2026",196,"",""
"3045","SUPRIYA","EQ",863.75,889.45,845.55,877.85,871.5,874.95,191677,1669.02,"16-Sep-2026",16937,"",""
"3046","SUPTANERY","BE",9.24,9.24,9.24,9.24,9.24,9.72,48995,4.53,"16-Sep-2026",189,"",""
"3047","SURAJEST","EQ",171,171,166,168.69,167.8,169.85,45106,75.97,"16-Sep-2026",1444,"",""
"3048","SURAJLTD","EQ",200,202.98,197.01,197.32,197.01,195.75,50,0.1,"16-Sep-2026",15,"",""
"3049","SURAKSHA","EQ",323,334,300,326.8,334,323.05,98905,319.83,"16-Sep-2026",3093,"",""
"3050","SURANASOL","EQ",25.27,25.7,24.61,25.01,24.76,25.02,16353,4.07,"16-Sep-2026",328,"",""
"3051","SURANAT&P","EQ",15.81,16,15.75,15.86,15.88,15.81,29453,4.67,"16-Sep-2026",264,"",""
"3052","SURANI","SM",87.5,87.5,87.5,87.5,87.5,87.5,200,0.18,"16-Sep-2026",1,"",""
"3053","SURYALA","EQ",393,401,381.5,386.85,381.5,401,99,0.4,"16-Sep-2026",10,"",""
"3054","SURYALAXMI","EQ",55.19,56.45,54.11,55.89,55.89,55.46,2635,1.46,"16-Sep-2026",37,"",""
"3055","SURYAROSNI","EQ",209.53,211.99,206.72,209.2,209.7,209.8,306174,641.95,"16-Sep-2026",7515,"",""
"3056","SURYODAY","EQ",146,146,142.01,143.61,143.9,144.81,146412,211.01,"16-Sep-2026",2668,"",""
"3057","SUTLEJTEX","BE",38.5,39,36.5,38.73,38.74,38.28,48820,18.48,"16-Sep-2026",84,"",""
"3058","SUVEN","EQ",335,342,324,336.45,334.7,333.45,521311,1735.55,"16-Sep-2026",18068,"",""
"3059","SUVIDHAA","EQ",2.28,2.34,2.05,2.21,2.2,2.28,152084,3.35,"16-Sep-2026",287,"",""
"3060","SUYOG","EQ",647.95,668.8,643.05,657.35,651,643.6,17252,112.9,"16-Sep-2026",1190,"",""
"3061","SUZLON","EQ",42.9,42.9,41.76,42.15,42.15,42.9,65021879,27452.69,"16-Sep-2026",102994,"",""
"3062","SVGLOBAL","EQ",130.2,137,124.26,134.03,133.97,131.84,582,0.74,"16-Sep-2026",27,"",""
"3063","SVLL","EQ",800.4,821,799.3,804.2,800.4,790.4,1647,13.39,"16-Sep-2026",101,"",""
"3064","SVPGLOB","EQ",3.49,3.49,3.33,3.41,3.36,3.39,25916,0.88,"16-Sep-2026",60,"",""
"3065","SWANCORP","EQ",289,297.75,284.15,292.85,293,292.6,1192992,3488.21,"16-Sep-2026",24301,"",""
"3066","SWANDEF","BE",2601.3,2720,2520.2,2687.2,2699,2650.5,17649,466.12,"16-Sep-2026",1133,"",""
"3067","SWARAJ","BE",303,303,302.5,302.5,302.5,318.4,23709,71.72,"16-Sep-2026",57,"",""
"3068","SWARAJENG","EQ",3556,3569.4,3510.1,3524.8,3513,3569.2,10589,375.03,"16-Sep-2026",2001,"",""
"3069","SWARNSAR","EQ",39,39.75,36.1,37.32,37.5,38.74,11771,4.49,"16-Sep-2026",86,"",""
"3070","SWASTIK","ST",15.85,15.9,15.85,15.9,15.9,16.65,2400,0.38,"16-Sep-2026",2,"",""
"3071","SWELECTES","EQ",554.2,559.4,533.1,543.45,535.25,551.4,9475,51.68,"16-Sep-2026",1170,"",""
"3072","SWIGGY","EQ",274.4,277.7,269.45,270.5,270.5,275,9369276,25451.19,"16-Sep-2026",81082,"",""
"3073","SWISSMLTRY","BE",14.65,15.24,14.5,14.66,14.6,14.73,94978,14.22,"16-Sep-2026",322,"",""
"3074","SWSOLAR","EQ",174.35,179.21,173.74,177.94,177.4,174.3,977482,1725.26,"16-Sep-2026",13260,"",""
"3075","SYMBIOTEC","EQ",1085,1087.9,1021.55,1042.8,1042.5,1080.1,766135,8023.15,"16-Sep-2026",44194,"",""
"3076","SYMPHONY","EQ",573.7,579.4,562.1,570.1,570,573.7,57599,329.08,"16-Sep-2026",3577,"",""
"3077","SYNCOMF","EQ",18.56,18.88,16.61,18.41,18.39,18.53,10523823,1890.38,"16-Sep-2026",22986,"",""
"3078","SYNGENE","EQ",376.1,382.4,374.2,380.1,380.4,378.85,267759,1015.39,"16-Sep-2026",18280,"",""
"3079","SYNOPTICS","ST",44.6,44.6,44.6,44.6,44.6,46.9,14400,6.42,"16-Sep-2026",10,"",""
"3080","SYRMA","EQ",1508.9,1522.8,1418,1511.2,1512,1507.7,1682259,24773.23,"16-Sep-2026",93612,"",""
"3081","SYSTANGO","SM",222.4,227.8,220,222.55,221.1,226.1,24000,53.24,"16-Sep-2026",47,"",""
"3082","SYSTMTXC","BE",69.58,71.5,69.58,71.25,71.25,70.99,10456,7.35,"16-Sep-2026",41,"",""
"3083","TAALTECH","EQ",5148,5200,4712.1,5121.2,5160.9,5012.4,14013,695.83,"16-Sep-2026",4041,"",""
"3084","TAC","ST",462,487.95,452.7,487.95,487.95,464.75,42600,202.05,"16-Sep-2026",166,"",""
"3085","TAINWALCHM","EQ",205.01,210.49,205,209.09,209,205,2499,5.23,"16-Sep-2026",35,"",""
"3086","TAJGVK","EQ",325.05,328.1,318.55,327.4,326.1,325.85,50327,162.93,"16-Sep-2026",1892,"",""
"3087","TAKE","EQ",19.41,19.41,17.57,17.67,17.57,18.49,1099505,204.69,"16-Sep-2026",2100,"",""
"3088","TALBROAUTO","EQ",419.85,429.45,410.05,418.8,418.8,421.3,207967,871.88,"16-Sep-2026",7741,"",""
"3089","TAMBOLIIN","BE",287.8,287.8,277,278.7,283,291.55,5882,16.36,"16-Sep-2026",72,"",""
"3090","TANAA","EQ",263.6,265.7,259.55,263.2,264,263.6,5701,15.01,"16-Sep-2026",490,"",""
"3091","TANKUP","ST",1584.7,1584.7,1584.7,1584.7,1584.7,1617,250,3.96,"16-Sep-2026",1,"",""
"3092","TANLA","EQ",495,503.4,484,487.55,489.5,490.55,529075,2605.2,"16-Sep-2026",19706,"",""
"3093","TAPIFRUIT","SM",46.55,46.55,46.55,46.55,46.55,49,750,0.35,"16-Sep-2026",1,"",""
"3094","TARACHAND","EQ",47.99,47.99,46.5,46.73,46.55,47.11,33440,15.71,"16-Sep-2026",895,"",""
"3095","TARAPUR","EQ",12.5,12.74,12.1,12.53,12.48,12.26,27522,3.42,"16-Sep-2026",204,"",""
"3096","TARC","EQ",125.05,129.24,124.1,128.81,128.74,126.61,437372,556.18,"16-Sep-2026",4605,"",""
"3097","TARIL","EQ",277.95,279.3,269.55,277.1,278.85,277.95,972056,2673.32,"16-Sep-2026",27343,"",""
"3098","TARMAT","EQ",57.27,58.71,57.02,57.47,57.95,58.29,15351,8.85,"16-Sep-2026",1057,"",""
"3099","TARSONS","EQ",303,305.8,287.1,302.3,305.5,303.15,107349,320.4,"16-Sep-2026",3702,"",""
"3100","TASTYBITE","EQ",9900,10163,9742,9936,9975,9927,2439,241.27,"16-Sep-2026",957,"",""
"3101","TATACAP","EQ",352,355,342.1,343.5,343.35,353.35,1218761,4228.35,"16-Sep-2026",78531,"",""
"3102","TATACHEM","EQ",715,788,691.9,731.8,729.5,734.9,25483055,189622.64,"16-Sep-2026",631416,"",""
"3103","TATACOMM","EQ",1754.9,1815.9,1740,1799.3,1806.5,1748.2,317034,5662.63,"16-Sep-2026",37130,"",""
"3104","TATACONSUM","EQ",990,1010.5,988.8,1000.1,1000.1,986.1,1573391,15809.68,"16-Sep-2026",59949,"",""
"3105","TATAELXSI","EQ",3434,3441.9,3355.1,3373,3373,3440,185990,6310.13,"16-Sep-2026",20342,"",""
"3106","TATAGOLD","EQ",14.61,14.69,14.61,14.68,14.69,14.52,32001501,4692.9,"16-Sep-2026",56930,"",""
"3107","TATAINVEST","EQ",708,708,666,681.95,681,718.35,4857618,33223.66,"16-Sep-2026",122380,"",""
"3108","TATAPOWER","EQ",363,366.1,360.4,360.4,360.4,363,2900501,10527.28,"16-Sep-2026",30220,"",""
"3109","TATASTEEL","EQ",183.65,185.4,180.28,183,183,183.65,29476234,54004.39,"16-Sep-2026",139723,"",""
"3110","TATATECH","EQ",763.95,775.85,745,748.4,747.95,759.3,942325,7152.36,"16-Sep-2026",44370,"",""
"3111","TATSILV","EQ",22.09,22.28,22.09,22.2,22.22,21.78,38004670,8441,"16-Sep-2026",36177,"",""
"3112","TATVA","EQ",1560,1666.6,1520,1646.8,1659.6,1547.3,109010,1752.73,"16-Sep-2026",12623,"",""
"3113","TAURIAN","ST",446.25,473.65,433,469.5,469.5,451.1,75200,346.95,"16-Sep-2026",89,"",""
"3114","TBI","SM",78.35,81.3,75.25,77.9,78.7,78.35,39600,30.93,"16-Sep-2026",62,"",""
"3115","TBOTEK","EQ",1643.7,1647.7,1600,1631.4,1639,1656.1,84932,1382.5,"16-Sep-2026",15002,"",""
"3116","TBZ","EQ",525.95,550.65,505.1,547.5,550.65,524.45,1564537,8408.53,"16-Sep-2026",25563,"",""
"3117","TCC","EQ",53.7,54.74,50.15,52.26,51.3,54.63,1749386,915.38,"16-Sep-2026",11219,"",""
"3118","TCI","EQ",841.2,859.95,825,827,830.5,845.4,19650,163.89,"16-Sep-2026",4987,"",""
"3119","TCIEXP","EQ",494.3,497.3,480,489.1,485.5,494.3,21265,103.74,"16-Sep-2026",1788,"",""
"3120","TCIFINANCE","EQ",14.73,15.49,14.5,14.89,14.95,15.02,14981,2.22,"16-Sep-2026",128,"",""
"3121","TCL","SM",114.05,126.5,110.05,121.85,124.5,118.6,48800,57.43,"16-Sep-2026",43,"",""
"3122","TCPLPACK","EQ",3655,3890,3655,3863,3890,3692.1,10088,382.78,"16-Sep-2026",1825,"",""
"3123","TCS","EQ",2270,2273.9,2172,2188.8,2188.8,2251,2763709,61107.97,"16-Sep-2026",137572,"",""
"3124","TDPOWERSYS","EQ",728.75,729.05,680,696,697,725.5,4260675,29891.55,"16-Sep-2026",170191,"",""
"3125","TEAMGTY","EQ",243.93,243.93,235.01,242.52,242.75,235.08,57,0.14,"16-Sep-2026",9,"",""
"3126","TEAMLEASE","EQ",1229.6,1240,1213.2,1228,1230,1229.6,5297,64.94,"16-Sep-2026",1400,"",""
"3127","TEAMTECH","ST",122.05,122.05,119.7,119.7,119.7,126,70000,83.96,"16-Sep-2026",28,"",""
"3128","TECH","EQ",32.38,32.54,31.8,32.06,32.11,32.38,12044,3.86,"16-Sep-2026",170,"",""
"3129","TECHD","SM",585,589,530.35,556.45,555.1,575.2,28800,158.89,"16-Sep-2026",93,"",""
"3130","TECHERA","SM",170,170,156.35,162.5,165.55,164.55,76000,122.87,"16-Sep-2026",91,"",""
"3131","TECHLABS","SM",123,128,118.55,125.6,125.6,124.75,7625,9.37,"16-Sep-2026",50,"",""
"3132","TECHM","EQ",1578.2,1589.2,1548,1558,1558,1575.9,1472713,23052.23,"16-Sep-2026",59285,"",""
"3133","TECHNOCRAF","EQ",429,443.9,422.15,439.4,439.95,424.35,1424369,6174.56,"16-Sep-2026",28529,"",""
"3134","TECHNOE","EQ",955,979.9,936,971.05,972,950.6,168316,1624.68,"16-Sep-2026",16153,"",""
"3135","TECHNVISN","EQ",4480.5,4480.5,4362,4362,4362,4591.5,185,8.07,"16-Sep-2026",41,"",""
"3136","TECILCHEM","EQ",9.39,9.89,9.1,9.2,9.64,9.27,7584,0.71,"16-Sep-2026",52,"",""
"3137","TEGA","EQ",1674.4,1735.2,1630.4,1717.1,1700,1671.1,225032,3811.25,"16-Sep-2026",17785,"",""
"3138","TEJA","SM",202.25,208.95,201.95,207.2,207.2,202.25,9000,18.6,"16-Sep-2026",15,"",""
"3139","TEJASNET","EQ",524.75,524.75,495.5,514.8,516.5,521.25,2655014,13515.63,"16-Sep-2026",57884,"",""
"3140","TEMBO","EQ",55.1,57,54.25,56.48,56.2,55.52,967666,539.53,"16-Sep-2026",4325,"",""
"3141","TEMPSENS","EQ",530,546,521.1,540.55,542,523.65,2755719,14760.05,"16-Sep-2026",54955,"",""
"3142","TENNIND","EQ",513.5,520,502.5,512.05,510,512.9,398376,2034.68,"16-Sep-2026",28271,"",""
"3143","TERAI","EQ",115.95,139,104.15,127.16,127,125.63,463,0.53,"16-Sep-2026",20,"",""
"3144","TERASOFT","EQ",235.1,244.75,230,234.25,235.45,238.35,22024,51.78,"16-Sep-2026",898,"",""
"3145","TEXINFRA","EQ",113.85,118,111.63,116.25,117.21,114.07,173127,199.08,"16-Sep-2026",2126,"",""
"3146","TEXMOPIPES","EQ",60.96,61.29,55.05,57.45,57.4,60.56,315498,181.76,"16-Sep-2026",2667,"",""
"3147","TEXRAIL","EQ",110.8,111.38,107.21,108.62,109.04,110.71,1327822,1445.52,"16-Sep-2026",14139,"",""
"3148","TFCILTD","EQ",138.61,141.74,132.93,138.81,139.6,138.18,11711599,16119.42,"16-Sep-2026",44265,"",""
"3149","TFL","EQ",11.91,12.2,11.91,12.17,12.19,11.9,6356,0.77,"16-Sep-2026",24,"",""
"3150","TGBHOTELS","EQ",9.45,9.9,9.1,9.4,9.34,9.7,17863,1.7,"16-Sep-2026",158,"",""
"3151","TGL","ST",15.85,15.85,15.85,15.85,15.85,16.15,400,0.06,"16-Sep-2026",2,"",""
"3152","TGVSL","EQ",104.2,104.89,101.01,102.37,102.5,103.91,119527,122.64,"16-Sep-2026",1236,"",""
"3153","THACKER","EQ",1000,1000,952,952,952,1000,7,0.07,"16-Sep-2026",7,"",""
"3154","THAKDEV","EQ",128.15,128.15,128.15,128.15,128.15,128.15,24,0.03,"16-Sep-2026",1,"",""
"3155","THANGAMAYL","EQ",4900,4950,4783.5,4927,4935.5,4912,93434,4536.8,"16-Sep-2026",16776,"",""
"3156","THEINVEST","EQ",97.97,97.97,91.89,95.13,94.43,96.18,9717,9.14,"16-Sep-2026",280,"",""
"3157","THEJO","EQ",2175.2,2179.4,2081,2156.8,2142.2,2175.2,4749,100.88,"16-Sep-2026",746,"",""
"3158","THELEELA","EQ",517,531.5,513.15,524.2,520,522.45,232426,1217.55,"16-Sep-2026",18842,"",""
"3159","THEMISMED","EQ",120.21,123.48,116,119.76,121,121.57,61249,72.73,"16-Sep-2026",1622,"",""
"3160","THERMAX","EQ",3559.4,3582.5,3481.6,3536.8,3522.1,3559.4,245768,8710.32,"16-Sep-2026",66921,"",""
"3161","THESL","ST",12.65,12.65,12.65,12.65,12.65,13.25,3000,0.38,"16-Sep-2026",1,"",""
"3162","THOMASCOOK","EQ",103.84,105,100.1,102.01,101.9,103.37,653944,666.33,"16-Sep-2026",6040,"",""
"3163","THOMASCOTT","EQ",230,237,221.8,233.8,234.8,237.9,95963,221.3,"16-Sep-2026",2814,"",""
"3164","THYROCARE","EQ",543.3,549.45,532.75,541.3,543,544.45,263200,1422.62,"16-Sep-2026",19277,"",""
"3165","TI","EQ",508.7,532.4,500.65,526.55,522.1,510.75,568346,2938.24,"16-Sep-2026",21404,"",""
"3166","TICL","BE",6.67,6.74,6.42,6.42,6.42,6.75,81596,5.29,"16-Sep-2026",265,"",""
"3167","TIGERLOGS","EQ",27.4,28.38,26.56,26.88,27.3,27.4,73876,20.21,"16-Sep-2026",453,"",""
"3168","TIIL","EQ",3135,3167.9,2988.4,3114.2,3125,3128.6,37713,1154.05,"16-Sep-2026",8389,"",""
"3169","TIINDIA","EQ",2514,2609,2482,2566.6,2566.6,2525,188014,4781.28,"16-Sep-2026",19990,"",""
"3170","TIJARIA","BE",7.73,8,7.38,7.38,7.38,7.76,37922,2.87,"16-Sep-2026",95,"",""
"3171","TIL","BE",242,248,238.02,243.75,245,244.6,87272,209.78,"16-Sep-2026",408,"",""
"3172","TIMETECHNO","EQ",176.87,177.11,172.05,173.53,174.4,176.3,1790244,3120.75,"16-Sep-2026",21336,"",""
"3173","TIMEX","EQ",600.25,613.5,580.15,605.45,606.5,605.65,290955,1742.07,"16-Sep-2026",19036,"",""
"3174","TIMKEN","EQ",3126.6,3264.4,3091.2,3238.6,3203,3151.2,40328,1285.24,"16-Sep-2026",12881,"",""
"3175","TINNARUBR","EQ",970.95,1010.95,940,1002.5,1009.65,965,59516,584.3,"16-Sep-2026",5430,"",""
"3176","TIPSFILMS","EQ",320,320,312.35,315.2,318,319.4,1619,5.1,"16-Sep-2026",138,"",""
"3177","TIPSMUSIC","EQ",656.1,667.4,645.15,654.55,651.6,659.15,215227,1416.03,"16-Sep-2026",12725,"",""
"3178","TIRUMALCHM","EQ",155,156.52,152.6,154.19,154.2,154.48,283261,437.59,"16-Sep-2026",3492,"",""
"3179","TIRUPATIFL","BE",67.89,68.89,65.5,65.91,66.54,68.52,248780,165.72,"16-Sep-2026",1319,"",""
"3180","TITAGARH","EQ",828,830.9,789.45,813.15,814.85,811.45,789709,6372.61,"16-Sep-2026",37955,"",""
"3181","TITAN","EQ",4880,4921.5,4845,4908.5,4908.5,4856,376036,18414.9,"16-Sep-2026",40961,"",""
"3182","TMB","EQ",870,909.7,863.9,904.2,909,868.35,261381,2328.12,"16-Sep-2026",20530,"",""
"3183","TMCV","EQ",425.1,426.4,416,424.25,425,427.15,5085378,21492.48,"16-Sep-2026",97637,"",""
"3184","TMPV","EQ",304.25,306,299.3,301,301,303.6,12264774,36946.19,"16-Sep-2026",113603,"",""
"3185","TNIDETF","EQ",89.95,89.95,87.64,87.97,89,88.19,69596,61.32,"16-Sep-2026",399,"",""
"3186","TNPETRO","EQ",125.71,128.9,120.2,127.72,127.76,125.71,947867,1182.04,"16-Sep-2026",13618,"",""
"3187","TNPL","EQ",153.1,153.15,148.51,152.09,151.34,152.39,219131,330.91,"16-Sep-2026",3866,"",""
"3188","TNTELE","EQ",8.86,8.99,8.4,8.72,8.77,8.92,5379,0.47,"16-Sep-2026",98,"",""
"3189","TOKYOPLAST","EQ",76.01,77.84,72.22,76.4,76.4,76.01,2231,1.63,"16-Sep-2026",20,"",""
"3190","TOLINS","EQ",88.5,88.7,85.15,86.07,86.68,88.24,61099,53.07,"16-Sep-2026",1620,"",""
"3191","TOP100CASE","EQ",10.3,10.3,10.13,10.21,10.18,10.21,1220250,124.62,"16-Sep-2026",1318,"",""
"3192","TOP10ADD","EQ",85.68,85.68,85.02,85.25,85.2,85.39,237280,202.32,"16-Sep-2026",331,"",""
"3193","TOP15IETF","EQ",9.49,9.7,9.46,9.5,9.53,9.49,66956,6.36,"16-Sep-2026",187,"",""
"3194","TOP20","EQ",8.63,8.65,8.6,8.6,8.62,8.6,15770,1.36,"16-Sep-2026",126,"",""
"3195","TORNTPHARM","EQ",4850,4870,4755.5,4812.5,4812.5,4850,647806,31076.31,"16-Sep-2026",52287,"",""
"3196","TORNTPOWER","EQ",1294.2,1309.3,1267.4,1295.3,1296.8,1300.9,389154,5025.61,"16-Sep-2026",28813,"",""
"3197","TOTAL","BE",75.6,75.6,72.8,74,74,75.6,2375,1.74,"16-Sep-2026",50,"",""
"3198","TOUCHWOOD","EQ",60.5,62.64,60.16,61.64,61.01,60.91,347,0.21,"16-Sep-2026",15,"",""
"3199","TOYAMSL","EQ",0.7,0.71,0.68,0.71,0.71,0.68,3386208,23.61,"16-Sep-2026",415,"",""
"3200","TPHQ","BE",0.52,0.53,0.51,0.52,0.53,0.52,734097,3.85,"16-Sep-2026",245,"",""
"3201","TPLPLASTEH","EQ",64.38,65.99,63.42,64.63,64,65.27,147167,95.27,"16-Sep-2026",1827,"",""
"3202","TRACXN","EQ",31.31,31.66,30.75,30.96,31.17,31.21,87218,27.14,"16-Sep-2026",1005,"",""
"3203","TRANSCOR","EQ",25,25.7,24,25.1,25.11,25.75,2364,0.58,"16-Sep-2026",38,"",""
"3204","TRANSPEK","BE",1310,1376.7,1310,1359.9,1359.9,1336.7,1024,13.59,"16-Sep-2026",58,"",""
"3205","TRANSRAILL","EQ",404.9,417,400.65,406.85,406.15,404.9,495771,2028.77,"16-Sep-2026",18209,"",""
"3206","TRANSTEEL","SM",89.5,89.8,86,89.55,89,86.3,67000,59.01,"16-Sep-2026",44,"",""
"3207","TRANSWORLD","BE",160.55,162.12,160.55,161,161,162.12,1705,2.75,"16-Sep-2026",20,"",""
"3208","TRAVELFOOD","EQ",1239.9,1239.9,1190.1,1215.3,1210,1227.4,28959,350.6,"16-Sep-2026",4221,"",""
"3209","TREEHOUSE","EQ",6.01,6.28,5.68,5.87,5.9,6.01,21285,1.25,"16-Sep-2026",111,"",""
"3210","TREJHARA","EQ",140,143.38,133.55,137.1,136,137.1,10881,15.08,"16-Sep-2026",420,"",""
"3211","TREL","EQ",25.95,27.24,25.15,27.03,27.18,25.71,136134,36.29,"16-Sep-2026",4082,"",""
"3212","TRENT","EQ",2735.4,2799.2,2723.9,2769.7,2769.7,2730,620165,17141.47,"16-Sep-2026",47065,"",""
"3213","TRF","EQ",214.3,223,210.2,213.97,213.2,213,13547,28.99,"16-Sep-2026",701,"",""
"3214","TRIDENT","EQ",23.42,23.42,22.8,23.17,23.28,23.12,3380565,781.04,"16-Sep-2026",14926,"",""
"3215","TRIDHYA","ST",7.6,7.6,7.4,7.4,7.4,7.25,9000,0.68,"16-Sep-2026",3,"",""
"3216","TRIGYN","EQ",52.97,54.49,50.82,53.95,54.16,52.58,43446,22.92,"16-Sep-2026",1520,"",""
"3217","TRITONV","EQ",1077,1077,1020,1061.6,1044.2,1051.5,2116,22.15,"16-Sep-2026",254,"",""
"3218","TRITURBINE","EQ",541.8,548,532.1,540.8,540.45,546.9,440380,2374.72,"16-Sep-2026",70307,"",""
"3219","TRIVENI","EQ",248.6,248.9,235.7,239.45,240.15,246.45,1811638,4318.91,"16-Sep-2026",29093,"",""
"3220","TROM","SM",54.55,55.6,54.55,55.55,55.55,58.05,4200,2.33,"16-Sep-2026",7,"",""
"3221","TRU","EQ",4.07,4.49,3.92,4.01,4,4.22,97881,4.03,"16-Sep-2026",477,"",""
"3222","TRUALT","EQ",416.2,427.5,407,422.7,425,411.65,454451,1893.94,"16-Sep-2026",10140,"",""
"3223","TRUST","SM",28.1,28.1,28.1,28.1,28.1,28.1,1800,0.51,"16-Sep-2026",2,"",""
"3224","TSC","ST",49.55,52,49.55,52,52,52.15,32000,16.3,"16-Sep-2026",12,"",""
"3225","TSFINV","EQ",449.5,449.5,429.05,438.5,436.15,442.95,67235,294.43,"16-Sep-2026",4196,"",""
"3226","TTKHLTCARE","EQ",1069.2,1082.9,1059,1065.1,1061,1074.6,18487,198.43,"16-Sep-2026",1993,"",""
"3227","TTKPRESTIG","EQ",537,554.25,534.3,541.1,542.05,540,60787,330.41,"16-Sep-2026",5924,"",""
"3228","TTL","EQ",6.58,6.6,6.35,6.43,6.47,6.58,45020,2.91,"16-Sep-2026",183,"",""
"3229","TTML","EQ",36.15,36.2,34.62,35.22,35.45,36.15,1878014,659.9,"16-Sep-2026",10415,"",""
"3230","TUNWAL","SM",25,25.1,24.5,25,25,25,30000,7.46,"16-Sep-2026",14,"",""
"3231","TURTLEMINT","EQ",130.2,133.42,125.2,127.74,127.5,131.04,380515,485.95,"16-Sep-2026",7377,"",""
"3232","TUTIALKA","EQ",58.51,59.28,55.31,57.19,56.72,59.78,9553,5.49,"16-Sep-2026",184,"",""
"3233","TVSELECT","EQ",400.6,407.85,387.6,401.5,404.75,399.4,23955,94.99,"16-Sep-2026",1863,"",""
"3234","TVSHLTD","EQ",12630,12970,12376,12769,12744,12488,6360,802.16,"16-Sep-2026",3260,"",""
"3235","TVSMOTOR","EQ",4033,4078.5,4002,4033,4033,4050,439422,17742.86,"16-Sep-2026",38286,"",""
"3236","TVSSCS","EQ",127.16,127.66,124.11,126.28,126,127.16,545154,687.71,"16-Sep-2026",7801,"",""
"3237","TVSSRICHAK","EQ",4942,4958.5,4627,4685.5,4685.5,4960.5,20198,952.17,"16-Sep-2026",4468,"",""
"3238","TVTODAY","EQ",106,106,102.48,103.49,103,105.68,35794,37.17,"16-Sep-2026",597,"",""
"3239","TVVISION","BE",2.52,2.65,2.5,2.51,2.59,2.63,177552,4.46,"16-Sep-2026",141,"",""
"3240","TWCGOLDETF","EQ",150.41,150.71,149.83,150.59,150.71,147.74,2550,3.84,"16-Sep-2026",299,"",""
"3241","UBL","EQ",1244.1,1251.8,1225.2,1227.3,1225.2,1241.8,73909,913.98,"16-Sep-2026",8045,"",""
"3242","UCAL","BE",139.95,139.95,130.67,136.95,135,137.54,9341,12.51,"16-Sep-2026",102,"",""
"3243","UCL","ST",235.2,235.2,235.2,235.2,235.2,239.95,2000,4.7,"16-Sep-2026",1,"",""
"3244","UCOBANK","EQ",23.74,24.02,23.58,23.68,23.7,23.72,4352333,1034.03,"16-Sep-2026",15392,"",""
"3245","UDAYJEW","EQ",162.35,165.5,157.4,158.53,157.4,161.6,12332,19.81,"16-Sep-2026",472,"",""
"3246","UDS","EQ",197.5,198.77,187.16,190.6,189.3,197.04,193396,369.43,"16-Sep-2026",5273,"",""
"3247","UEL","EQ",214,214,204.77,204.77,204.77,215.54,18722,38.5,"16-Sep-2026",417,"",""
"3248","UFBL","BE",678.95,713.1,650,708,713.1,679.15,31744,214.31,"16-Sep-2026",952,"",""
"3249","UFLEX","EQ",636.1,649.7,608,645.45,641.9,636.1,235420,1479.39,"16-Sep-2026",6852,"",""
"3250","UFO","EQ",60.03,62.98,59.5,61.32,61.02,60.66,28591,17.47,"16-Sep-2026",865,"",""
"3251","UGARSUGAR","EQ",53,53.88,51.21,53.39,53.03,53.22,935629,494.97,"16-Sep-2026",4742,"",""
"3252","UGROCAP","EQ",82.66,85.79,81.27,83.5,82.77,83.28,229146,190.14,"16-Sep-2026",2773,"",""
"3253","UHTL","ST",181.75,181.75,180.9,181,181,178.2,264000,479.4,"16-Sep-2026",56,"",""
"3254","UJJIVANSFB","EQ",63.82,64.98,63.08,64.83,64.6,64.07,8507406,5455.5,"16-Sep-2026",31993,"",""
"3255","ULTRACEMCO","EQ",10777,10880,10639,10700,10700,10697,236781,25495.9,"16-Sep-2026",33144,"",""
"3256","ULTRAMAR","EQ",415.2,429,410.7,418.65,414.3,416.2,45196,189.5,"16-Sep-2026",1853,"",""
"3257","UMA","SM",16.05,16.05,16.05,16.05,16.05,17.5,4000,0.64,"16-Sep-2026",1,"",""
"3258","UMAEXPORTS","BE",20.83,20.83,20.83,20.83,20.83,21.25,2707,0.56,"16-Sep-2026",31,"",""
"3259","UMESLTD","EQ",4.9,4.9,4.08,4.08,4.08,4.53,363161,14.96,"16-Sep-2026",358,"",""
"3260","UMIYA-MRO","EQ",97,101.9,93.7,98.45,95.34,95.66,24746,23.95,"16-Sep-2026",233,"",""
"3261","UNICHEMLAB","EQ",517.05,530.1,497.8,524.25,526.6,519.05,65501,339.3,"16-Sep-2026",3321,"",""
"3262","UNIDT","EQ",212.16,223.9,202.98,218.77,220,216.49,35350,75.53,"16-Sep-2026",800,"",""
"3263","UNIECOM","EQ",81.1,82,79.65,80.94,80.8,82.2,181226,146.15,"16-Sep-2026",2480,"",""
"3264","UNIENTER","EQ",91.99,91.99,88.43,89.05,90,89.22,2263,2.02,"16-Sep-2026",339,"",""
"3265","UNIHEALTH","SM",670,694,663.1,685.25,683,688.15,15000,101.54,"16-Sep-2026",30,"",""
"3266","UNIINFO","EQ",11.38,11.65,10.83,11.46,11.46,11.38,145,0.02,"16-Sep-2026",15,"",""
"3267","UNIMECH","EQ",1530.9,1568.5,1430.1,1515.8,1520,1538.5,459813,6835.73,"16-Sep-2026",39497,"",""
"3268","UNIONBANK","EQ",176.54,179.35,175.07,178.2,178.2,175,9588072,17028.06,"16-Sep-2026",85699,"",""
"3269","UNIONGOLD","EQ",151,151,146.15,147.9,147.9,149.25,4578,6.77,"16-Sep-2026",105,"",""
"3270","UNIPARTS","EQ",859,867.45,817.25,851.15,851,865.7,262807,2210.94,"16-Sep-2026",20421,"",""
"3271","UNITDSPR","EQ",1370,1398.2,1368.1,1389.5,1389.5,1370.6,235642,3270.48,"16-Sep-2026",16342,"",""
"3272","UNITECH","EQ",4.21,4.55,4.15,4.46,4.46,4.21,14237019,626.05,"16-Sep-2026",14456,"",""
"3273","UNITEDPOLY","EQ",44.4,44.4,41.5,43.19,43.65,42.75,143829,61.27,"16-Sep-2026",793,"",""
"3274","UNITEDTEA","EQ",434,434,417.8,431.2,432,425.65,1123,4.79,"16-Sep-2026",128,"",""
"3275","UNIVASTU","BE",138.51,145,138.11,138.11,138.11,145.37,46859,64.81,"16-Sep-2026",277,"",""
"3276","UNIVCABLES","EQ",1417.9,1450,1338.4,1405.2,1394,1417.3,131254,1828.08,"16-Sep-2026",12283,"",""
"3277","UNIVPHOTO","BE",567,595.05,567,595.05,595.05,566.75,19469,115.39,"16-Sep-2026",272,"",""
"3278","UNOMINDA","EQ",1164,1188.3,1160,1186,1186,1159.7,367236,4324.99,"16-Sep-2026",32830,"",""
"3279","UPHOT","EQ",1550,1550,1475,1475,1475,1550,28,0.43,"16-Sep-2026",8,"",""
"3280","UPL","EQ",560.9,563.55,550.6,550.6,550.6,560.8,3044986,16880.32,"16-Sep-2026",49307,"",""
"3281","URAVIDEF","BE",113.88,113.88,110.11,110.11,110.11,112.01,1337,1.48,"16-Sep-2026",10,"",""
"3282","URBAN","SM",124.45,124.45,121,121.8,121.5,123.05,7200,8.77,"16-Sep-2026",9,"",""
"3283","URBANCO","EQ",160.44,166.8,153.3,164.56,165.82,158.22,10721087,17230.95,"16-Sep-2026",77129,"",""
"3284","URJA","EQ",8.81,8.99,8.72,8.77,8.77,8.81,593625,52.11,"16-Sep-2026",2275,"",""
"3285","USASEEDS","SM",88.9,88.9,88.9,88.9,88.9,90.3,856,0.76,"16-Sep-2026",2,"",""
"3286","USHAFIN","SM",48,50.15,48,48.2,48.2,48,36800,18.32,"16-Sep-2026",12,"",""
"3287","USHAMART","EQ",482,482,464.15,478.85,481.9,480.25,1054481,4997.24,"16-Sep-2026",47569,"",""
"3288","USK","EQ",20.11,20.88,20.11,20.31,20.27,20.64,13276,2.7,"16-Sep-2026",136,"",""
"3289","UTIAMC","EQ",909,915.95,877.15,895.2,895.25,911.1,111844,998.83,"16-Sep-2026",14535,"",""
"3290","UTKAL","SM",44,44,41.6,43.95,44,43.7,22000,9.41,"16-Sep-2026",10,"",""
"3291","UTKARSHBNK","EQ",14.27,14.39,13.76,13.82,13.87,14.2,13856543,1935.68,"16-Sep-2026",11741,"",""
"3292","UTLSOLAR","EQ",427.9,427.9,400.5,405.65,401.5,421.9,398209,1632.57,"16-Sep-2026",19585,"",""
"3293","UTSSAV","SM",624.8,641,611,634.5,636,600.45,124200,778.18,"16-Sep-2026",159,"",""
"3294","UTTAMSUGAR","EQ",257,258.35,244.1,250.7,250.8,256.65,243694,606.86,"16-Sep-2026",7018,"",""
"3295","UYFINCORP","BE",19.74,19.74,18.87,19.3,19.3,19.28,157276,30.14,"16-Sep-2026",161,"",""
"3296","V2RETAIL","EQ",212.12,212.21,204.71,209.18,211,212.12,1524680,3177.66,"16-Sep-2026",26494,"",""
"3297","VADILALIND","EQ",7069.5,7189.5,7000,7156,7140,7035.5,13274,940.2,"16-Sep-2026",4649,"",""
"3298","VADILENT","EQ",10400,10599,10390,10599,10599,10400,10,1.04,"16-Sep-2026",5,"",""
"3299","VAIBHAVGBL","EQ",209.3,211.34,204.05,210.66,210.99,209.3,196654,409.07,"16-Sep-2026",5835,"",""
"3300","VAISHALI","EQ",8.7,9.03,8.42,8.68,8.56,9.02,142834,12.47,"16-Sep-2026",358,"",""
"3301","VAKRANGEE","EQ",5.27,5.45,5.13,5.25,5.22,5.27,1288190,66.96,"16-Sep-2026",2358,"",""
"3302","VAL30IETF","EQ",14.78,14.92,14.65,14.8,14.84,14.73,181031,26.72,"16-Sep-2026",448,"",""
"3303","VALIANTLAB","BE",117,119.82,116.5,116.91,117.2,122.63,111457,130.37,"16-Sep-2026",439,"",""
"3304","VALIANTORG","BE",377.05,402,369,389,397,388.35,58340,222.46,"16-Sep-2026",646,"",""
"3305","VALUE","EQ",15.69,15.76,15.56,15.73,15.74,15.65,8072,1.27,"16-Sep-2026",105,"",""
"3306","VALUE360","SM",69.5,69.5,64.1,69.1,69.1,69.45,159600,104.13,"16-Sep-2026",23,"",""
"3307","VALUEAXIS","EQ",31.93,32.28,31.62,31.96,32.08,31.9,107751,34.46,"16-Sep-2026",309,"",""
"3308","VAML","EQ",406,412.95,401.15,409.3,407.4,406,5420442,22125.71,"16-Sep-2026",71538,"",""
"3309","VARDHACRLC","BE",43.5,44,42.85,43.47,43.05,43.25,53255,22.94,"16-Sep-2026",111,"",""
"3310","VARDMNPOLY","EQ",5.99,5.99,5.8,5.86,5.87,5.83,76615,4.5,"16-Sep-2026",180,"",""
"3311","VARROC","EQ",835.5,860.05,807.9,851.15,860,836,438002,3683.92,"16-Sep-2026",31135,"",""
"3312","VASCONEQ","EQ",29,30.95,28.25,29.57,30.5,29.1,259421,75.02,"16-Sep-2026",1256,"",""
"3313","VASUPRADA","EQ",102,102,102,102,102,103,4,0,"16-Sep-2026",4,"",""
"3314","VASWANI","EQ",45.25,45.9,43.35,44.98,45.21,44.67,19948,8.88,"16-Sep-2026",224,"",""
"3315","VBL","EQ",408.9,414.4,407.15,410.4,410.4,409.6,3489901,14366.15,"16-Sep-2026",37693,"",""
"3316","VCL","BE",1.75,1.75,1.63,1.65,1.65,1.71,469977,7.79,"16-Sep-2026",319,"",""
"3317","VDEAL","SM",121.55,122.05,111,114.35,114.9,126.75,34200,39.7,"16-Sep-2026",50,"",""
"3318","VEDAVAAG","EQ",21.97,22.07,19.6,19.77,20,20.98,62223,12.56,"16-Sep-2026",370,"",""
"3319","VEDL","EQ",256,257.7,252.5,256,256,257,5794228,14785.68,"16-Sep-2026",54481,"",""
"3320","VEDPOWER","EQ",31.5,31.8,30.78,31,31.07,31.68,13474724,4189.29,"16-Sep-2026",58796,"",""
"3321","VEEDOL","EQ",1389.9,1389.9,1361,1375.3,1373.3,1382.5,5836,80.17,"16-Sep-2026",959,"",""
"3322","VEEKAYEM","SM",104.4,104.4,104.4,104.4,104.4,103.5,500,0.52,"16-Sep-2026",1,"",""
"3323","VELJAN","BE",1910,1911,1765.1,1902.6,1897.9,1856.1,2130,39.21,"16-Sep-2026",107,"",""
"3324","VENKEYS","EQ",1720,1725,1638.7,1670.6,1666.2,1713.6,89813,1501.12,"16-Sep-2026",8975,"",""
"3325","VENTIVE","EQ",558.2,572.95,558.2,565.05,569,563.15,29156,164.2,"16-Sep-2026",1231,"",""
"3326","VENUSPIPES","EQ",1935,1969.4,1860,1938.1,1937,1941.6,218549,4190.22,"16-Sep-2026",24561,"",""
"3327","VENUSREM","BE",1549.7,1569.6,1475,1535.1,1534.3,1545.4,38705,583.11,"16-Sep-2026",1289,"",""
"3328","VERANDA","EQ",219.3,219.9,211.2,217.97,219.5,218.28,158113,342.08,"16-Sep-2026",3874,"",""
"3329","VERITAAS","SM",27.25,27.85,27.25,27.85,27.85,26.65,3600,0.99,"16-Sep-2026",3,"",""
"3330","VERTIS","IV",115.75,115.75,114,114,114,116,5400000,6248.58,"16-Sep-2026",76,"",""
"3331","VERTOZ","EQ",37.27,38.65,37.01,37.69,37.26,37.49,28774,10.82,"16-Sep-2026",283,"",""
"3332","VESUVIUS","EQ",401.05,403.95,391.6,394.75,396,400.8,111670,442,"16-Sep-2026",6317,"",""
"3333","VETO","BE",125.21,129,125.1,127.94,128,125.14,21871,27.78,"16-Sep-2026",218,"",""
"3334","VGCL","EQ",51.5,51.5,48.93,48.93,48.93,51.5,1558,0.76,"16-Sep-2026",48,"",""
"3335","VGINFOTECH","SM",139.25,139.25,135,137.85,138,141.15,61000,83.44,"16-Sep-2026",54,"",""
"3336","VGL","EQ",66.29,71,64,66.2,65.85,66.21,900280,596.86,"16-Sep-2026",3386,"",""
"3337","VGUARD","EQ",322.25,331.4,316.05,327.15,326.8,321.9,442903,1439.52,"16-Sep-2026",18174,"",""
"3338","VHL","EQ",3390,3436.4,3358,3396.8,3420,3403,328,11.13,"16-Sep-2026",66,"",""
"3339","VHLTD","BE",122,126.85,116,126.85,126.85,120.81,71786,89.84,"16-Sep-2026",282,"",""
"3340","VICTORYEV","SM",14.5,14.5,14.1,14.1,14.1,14.8,24000,3.41,"16-Sep-2026",8,"",""
"3341","VIDHIING","EQ",318,344.7,314.55,337.4,339.9,320.65,39645,130.39,"16-Sep-2026",2219,"",""
"3342","VIDYAWIRES","EQ",85.02,85.98,82,84.93,85.15,85.12,1005103,844.8,"16-Sep-2026",8992,"",""
"3343","VIESL","SM",393.65,401,390,390,390,397.65,23200,92.09,"16-Sep-2026",24,"",""
"3344","VIGOR","SM",97.3,97.3,94,94.8,94,98,14400,13.72,"16-Sep-2026",9,"",""
"3345","VIJAYA","EQ",1436.7,1453.9,1380,1438.3,1430.2,1443.7,157498,2237.75,"16-Sep-2026",26367,"",""
"3346","VIJAYPD","SM",65,65,65,65,65,65,2000,1.3,"16-Sep-2026",1,"",""
"3347","VIJIFIN","BE",15.01,15.01,15.01,15.01,15.01,15.31,267790,40.2,"16-Sep-2026",93,"",""
"3348","VIJSOLX","EQ",630,640,630,640,640,640,111,0.71,"16-Sep-2026",18,"",""
"3349","VIKASECO","EQ",1.05,1.06,1.03,1.04,1.05,1.05,1728712,17.98,"16-Sep-2026",1139,"",""
"3350","VIKASLIFE","EQ",1.21,1.22,1.18,1.19,1.21,1.21,2174274,25.97,"16-Sep-2026",7930,"",""
"3351","VIKRAMSOLR","EQ",165,166.63,161,163.88,163.54,163.46,2212887,3609.69,"16-Sep-2026",20318,"",""
"3352","VIKRAN","EQ",55.53,56.35,53.85,56.06,56.2,55.54,926679,511.57,"16-Sep-2026",5950,"",""
"3353","VILAS","SM",327.5,330,313.25,316.25,316.45,328.9,45500,145.11,"16-Sep-2026",161,"",""
"3354","VILINBIO","SM",60,60,60,60,60,59,4000,2.4,"16-Sep-2026",1,"",""
"3355","VIMTALABS","EQ",615.05,619.1,580,598.45,595.2,616,286652,1722.46,"16-Sep-2026",16647,"",""
"3356","VINATIORGA","EQ",1260,1274.5,1242.8,1253.9,1254,1261.4,38547,483.3,"16-Sep-2026",4518,"",""
"3357","VINCOFE","EQ",166.5,168.48,161.91,167.27,168,166.54,1939984,3220.22,"16-Sep-2026",21372,"",""
"3358","VINDHYATEL","EQ",2620.8,2631.9,2486.7,2586.5,2599,2617.7,71256,1827.92,"16-Sep-2026",10464,"",""
"3359","VINEETLAB","EQ",35.61,35.99,34.41,35.89,35.95,35.61,82550,29.3,"16-Sep-2026",638,"",""
"3360","VINNY","EQ",0.97,1.01,0.95,0.98,0.99,0.97,238913,2.36,"16-Sep-2026",197,"",""
"3361","VINSYS","ST",586,586,580,580,580,590,4000,23.27,"16-Sep-2026",10,"",""
"3362","VINYAS","SM",1477.1,1477.1,1381.05,1413.2,1414,1477.1,7500,106.17,"16-Sep-2026",75,"",""
"3363","VINYLINDIA","EQ",219,220.17,213.28,215,214.4,218.59,4098,8.84,"16-Sep-2026",346,"",""
"3364","VIPCLOTHNG","EQ",21,21,20.26,20.5,20.4,20.57,14347,2.95,"16-Sep-2026",104,"",""
"3365","VIPIND","EQ",291.05,299.95,286.5,297.65,297,291.05,263461,777.56,"16-Sep-2026",6612,"",""
"3366","VIPULLTD","BE",12.47,12.47,12.47,12.47,12.47,12.72,17359,2.16,"16-Sep-2026",22,"",""
"3367","VIRAT","EQ",440.7,448.2,385.35,399.45,404,421.6,6298,26.2,"16-Sep-2026",301,"",""
"3368","VIRINCHI","EQ",13.77,14.39,13.6,13.95,14.39,13.76,67481,9.37,"16-Sep-2026",319,"",""
"3369","VIRTUALG","BE",0.47,0.49,0.45,0.49,0.49,0.47,370793,1.74,"16-Sep-2026",222,"",""
"3370","VISACHROME","EQ",33.53,35.2,31.86,31.86,31.86,33.53,69916,22.84,"16-Sep-2026",321,"",""
"3371","VISAKAIND","EQ",88,88.66,85.11,87.15,87,88.47,144251,125.73,"16-Sep-2026",2076,"",""
"3372","VISAMAN","SM",43,43,43,43,43,45.25,1000,0.43,"16-Sep-2026",1,"",""
"3373","VISHAL","EQ",17.8,18.9,17.8,18.42,18.4,18.35,24153,4.42,"16-Sep-2026",169,"",""
"3374","VISHNU","EQ",686,703,666.9,693.9,695.45,682.8,112259,771.83,"16-Sep-2026",6907,"",""
"3375","VISHNUINFR","SM",148.1,155.9,147,154.95,155.9,149.6,7500,11.27,"16-Sep-2026",14,"",""
"3376","VISHWARAJ","EQ",5.31,5.37,5.21,5.31,5.34,5.37,224472,11.86,"16-Sep-2026",562,"",""
"3377","VISL","EQ",31.68,31.75,30.28,31.16,31.2,31.68,15541357,4816.88,"16-Sep-2026",48998,"",""
"3378","VITAL","EQ",53.76,53.96,52,52.69,52,53.76,562,0.29,"16-Sep-2026",9,"",""
"3379","VIVIANA","EQ",711,750,687.05,701.2,711,710.9,32589,229.13,"16-Sep-2026",1835,"",""
"3380","VIVIDEL","SM",1750,1857,1580,1814,1812,1778.05,49440,844.16,"16-Sep-2026",191,"",""
"3381","VIVIDHA","EQ",0.53,0.54,0.52,0.53,0.52,0.52,54437,0.29,"16-Sep-2026",127,"",""
"3382","VIVIMEDLAB","BE",5.81,5.89,5.8,5.8,5.8,5.91,5067,0.29,"16-Sep-2026",17,"",""
"3383","VIVOBIOT","EQ",17.3,17.3,16.01,16.83,16.84,17.19,7197,1.21,"16-Sep-2026",111,"",""
"3384","VIYASH","EQ",246.9,248.65,236.85,238.85,239.7,246.9,6370548,15281.78,"16-Sep-2026",67416,"",""
"3385","VLEGOV","EQ",10.7,10.7,10.05,10.21,10.32,10.47,60043,6.14,"16-Sep-2026",254,"",""
"3386","VLSFINANCE","EQ",236.85,246,233.03,241.88,244.75,235.33,7848,18.75,"16-Sep-2026",305,"",""
"3387","VMARCIND","SM",330.2,339.65,311.15,331.8,335,332.45,184500,596.73,"16-Sep-2026",114,"",""
"3388","VMART","EQ",782.9,792.85,761,786.4,783.9,789.85,51736,402.84,"16-Sep-2026",7625,"",""
"3389","VMM","EQ",100.55,102.1,98.9,100.97,100.97,100.1,9534655,9633.54,"16-Sep-2026",41348,"",""
"3390","VMOBILE","SM",59.15,59.15,56.75,56.75,56.75,59.15,4000,2.31,"16-Sep-2026",5,"",""
"3391","VMSTMT","EQ",47.98,50.9,47.98,50.57,50.69,47.46,298770,148.62,"16-Sep-2026",1674,"",""
"3392","VOEPL","EQ",490.6,497.25,471,479.6,481,495,76478,367.82,"16-Sep-2026",5170,"",""
"3393","VOGL","EQ",34.87,35.24,33.91,34.98,34.96,34.83,17539688,6074.79,"16-Sep-2026",44671,"",""
"3394","VOITHPAPR","EQ",1488.5,1488.5,1452,1452.1,1452,1465.4,237,3.48,"16-Sep-2026",41,"",""
"3395","VOLERCAR","SM",215.55,228.9,215.55,220.2,220.2,224.05,10400,23.13,"16-Sep-2026",10,"",""
"3396","VOLTAMP","EQ",10600,10652,10259,10513,10500,10596,28298,2966.43,"16-Sep-2026",13616,"",""
"3397","VOLTAS","EQ",1137,1153,1131,1131,1131,1137,466652,5316.47,"16-Sep-2026",18079,"",""
"3398","VPRPL","EQ",31.63,32.84,31,31.79,32.84,32.26,1042177,331.41,"16-Sep-2026",5462,"",""
"3399","VRAJ","EQ",125.1,125.1,121.2,122.25,121.75,125.08,8978,11,"16-Sep-2026",297,"",""
"3400","VRLLOG","EQ",283.7,287.2,280.9,286.05,286,283.6,182706,518.85,"16-Sep-2026",9079,"",""
"3401","VSSL","EQ",395,410.5,379.15,405.85,404.8,389.1,383814,1521.39,"16-Sep-2026",13298,"",""
"3402","VSTIND","EQ",203.92,204.2,201,202.14,202.18,203.4,107670,217.71,"16-Sep-2026",3459,"",""
"3403","VSTL","EQ",112.1,116.99,110.76,112.75,113.88,114.88,6766,7.63,"16-Sep-2026",317,"",""
"3404","VSTTILLERS","EQ",4030.1,4060.6,3950,3996.5,4004.6,4030.3,7744,309.4,"16-Sep-2026",1945,"",""
"3405","VTL","EQ",550.5,577,543.35,571.75,577,547,547052,3099.9,"16-Sep-2026",29054,"",""
"3406","VTMLTD","EQ",40,50.5,39.15,48.83,48.4,42.17,388226,178.52,"16-Sep-2026",3026,"",""
"3407","WAAREEENER","EQ",2547,2565.4,2491.3,2501,2501,2555,624441,15682.32,"16-Sep-2026",44100,"",""
"3408","WAAREEINDO","EQ",251.85,253.2,241.1,246.95,247,249.4,74425,183.24,"16-Sep-2026",2168,"",""
"3409","WAAREERTL","EQ",810,813.2,792.85,801.05,803,806.55,159892,1279.75,"16-Sep-2026",14251,"",""
"3410","WABAG","EQ",2113.8,2114,2010.1,2055.8,2050.1,2103.4,874393,17882.81,"16-Sep-2026",46693,"",""
"3411","WAKEFIT","EQ",148.2,149,143,145.61,146.09,148.61,424569,618.47,"16-Sep-2026",5865,"",""
"3412","WALCHANNAG","EQ",199,199.9,192.36,197.08,197,200.03,815156,1596.83,"16-Sep-2026",12541,"",""
"3413","WANBURY","EQ",223.85,229.3,219,222.6,224.3,223.1,160579,358.79,"16-Sep-2026",4933,"",""
"3414","WARDINMOBI","EQ",5.73,5.77,5.5,5.57,5.56,5.62,165552,9.26,"16-Sep-2026",646,"",""
"3415","WATERBASE","EQ",45.6,47.75,45.6,47.31,47.3,46.71,17196,8.12,"16-Sep-2026",143,"",""
"3416","WCIL","EQ",92.98,93,87.92,90.24,90.49,91.45,283914,254.43,"16-Sep-2026",2644,"",""
"3417","WEALTH","EQ",825.3,839.1,810.2,837.45,837.8,825.3,2584,21.46,"16-Sep-2026",166,"",""
"3418","WEBELSOLAR","EQ",73,74.14,71.1,72.11,72.21,72.75,1827286,1327.73,"16-Sep-2026",12441,"",""
"3419","WEIZMANIND","EQ",74,74,70.06,72.53,72.9,70.28,2564,1.83,"16-Sep-2026",79,"",""
"3420","WEL","EQ",70.9,71.12,68.11,69.42,69.5,69.18,430709,299.72,"16-Sep-2026",4385,"",""
"3421","WELCORP","EQ",2413,2448.7,2240.2,2424.5,2420,2413.3,2931474,68668.35,"16-Sep-2026",179736,"",""
"3422","WELENT","EQ",743,770,725.2,768,768.2,737.6,590693,4423.26,"16-Sep-2026",18467,"",""
"3423","WELINV","BE",2275.8,2275.8,2230.5,2230.5,2230.5,2276,76,1.72,"16-Sep-2026",10,"",""
"3424","WELSPLSOL","EQ",53.49,54.31,50.59,52.1,52.6,53.52,988521,517.41,"16-Sep-2026",6478,"",""
"3425","WELSPUNLIV","EQ",201.6,204.69,195.7,202.82,202,201.63,3113066,6236.5,"16-Sep-2026",41974,"",""
"3426","WENDT","EQ",8470,8855,8349,8663.5,8644,8580,16389,1403.76,"16-Sep-2026",4620,"",""
"3427","WESTLIFE","EQ",556.1,556.1,540.2,550.45,553,556.1,40195,220.33,"16-Sep-2026",3116,"",""
"3428","WEWIN","EQ",40.63,42.21,40.63,41.87,42,40.83,507,0.21,"16-Sep-2026",19,"",""
"3429","WEWORK","EQ",667,682.3,657.3,676.1,668.65,673.55,97214,654.29,"16-Sep-2026",10392,"",""
"3430","WHBRADY","EQ",485,485,485,485,485,477,2,0.01,"16-Sep-2026",1,"",""
"3431","WHEELS","EQ",2129.1,2198,2031.9,2110.5,2116.5,2129.1,240307,5105.9,"16-Sep-2026",20524,"",""
"3432","WHIRLPOOL","EQ",752.1,754.8,729.9,731.75,732.8,751.95,364148,2683.76,"16-Sep-2026",20681,"",""
"3433","WILLAMAGOR","EQ",24.92,24.92,23.52,24.59,24.59,24.46,152,0.04,"16-Sep-2026",26,"",""
"3434","WINDLAS","EQ",1094.95,1099.95,1050.8,1075.05,1072,1098.15,113547,1218.96,"16-Sep-2026",11465,"",""
"3435","WINDMACHIN","EQ",303,303.15,287.55,295.3,295,300.7,78486,230.66,"16-Sep-2026",1763,"",""
"3436","WINSOL","SM",107.15,107.15,102.6,104.5,104.45,107.15,9200,9.63,"16-Sep-2026",23,"",""
"3437","WIPL","EQ",165.16,168,164.09,168,168,168.72,953,1.57,"16-Sep-2026",32,"",""
"3438","WIPRO","EQ",170.02,170.89,166.11,166.89,166.89,170,11030339,18487.57,"16-Sep-2026",80485,"",""
"3439","WOCKPHARMA","EQ",2050,2075,1967.3,2021.5,2025,2064.1,1262973,25436.99,"16-Sep-2026",82216,"",""
"3440","WOMANCART","ST",103.2,106,100,101.5,101.5,103.2,12400,12.61,"16-Sep-2026",30,"",""
"3441","WONDERLA","EQ",513.35,520,504.65,517.6,515,514.2,54569,279.75,"16-Sep-2026",2716,"",""
"3442","WORTHPERI","EQ",148,149.35,141.05,148.07,146.65,142.83,11083,16.2,"16-Sep-2026",93,"",""
"3443","WPIL","EQ",425,436,418,431.85,436,428.55,30844,131.14,"16-Sep-2026",1573,"",""
"3444","WSI","EQ",60.6,61.45,54.01,56.04,55.75,59.92,169308,95.64,"16-Sep-2026",3909,"",""
"3445","WSTCSTPAPR","EQ",717.8,722.6,679.1,711,716,713.3,293983,2081.13,"16-Sep-2026",18068,"",""
"3446","WTICAB","SM",101.95,104.5,99.55,100,99.9,101.95,10000,10.1,"16-Sep-2026",19,"",""
"3447","XCHANGING","EQ",65.78,65.78,62.4,63.08,62.95,64.5,91818,58.34,"16-Sep-2026",1136,"",""
"3448","XELPMOC","EQ",75.06,77.3,73.02,73.81,74.4,74.59,11202,8.42,"16-Sep-2026",389,"",""
"3449","XPROINDIA","EQ",1269.9,1273,1220,1255.7,1260,1268.2,31096,389.35,"16-Sep-2026",3187,"",""
"3450","XTGLOBAL","EQ",30.15,30.15,27.91,29.05,29.04,29.45,21078,6.04,"16-Sep-2026",273,"",""
"3451","XTRANET","EQ",279.4,288,248.49,283.03,283,276.09,2262758,6062.04,"16-Sep-2026",30138,"",""
"3452","YAAP","SM",130.4,130.4,126,126,126,123.95,4000,5.12,"16-Sep-2026",4,"",""
"3453","YASHO","EQ",3950,4074.7,3790.6,4008.5,3970.2,3883.4,43034,1697.54,"16-Sep-2026",9222,"",""
"3454","YASHOPTICS","SM",129.95,131.1,125,130.6,131,129.85,17600,22.6,"16-Sep-2026",21,"",""
"3455","YATHARTH","EQ",988,994.9,960.5,982.3,985,981.8,259279,2534.29,"16-Sep-2026",17782,"",""
"3456","YATRA","EQ",107.49,108.98,101.67,102.46,102.38,107.96,1663021,1721.79,"16-Sep-2026",19147,"",""
"3457","YESBANK","EQ",23.58,24.1,23.26,23.4,23.4,23.07,205410106,48586.49,"16-Sep-2026",140099,"",""
"3458","YOGI","EQ",162,162,157,160,160,158.58,1164,1.83,"16-Sep-2026",9,"",""
"3459","YUDIZ","SM",21.35,22,21.35,21.9,21.9,22.3,2400,0.52,"16-Sep-2026",3,"",""
"3460","YUKEN","EQ",1077.6,1153.85,1029.35,1134.95,1136,1077.6,66940,747.26,"16-Sep-2026",5037,"",""
"3461","ZAGGLE","EQ",179.4,180.6,174.6,177.81,177.65,179.41,782986,1392.83,"16-Sep-2026",12898,"",""
"3462","ZEAL","SM",80,80,75.2,77.5,77.5,83.5,3600,2.77,"16-Sep-2026",6,"",""
"3463","ZEEL","EQ",77.89,83.66,77.38,79.6,79.65,77.41,35791324,28780.04,"16-Sep-2026",117690,"",""
"3464","ZEELEARN","EQ",6.74,7.24,6.56,7.05,7.06,6.63,294285,20.69,"16-Sep-2026",782,"",""
"3465","ZEEMEDIA","EQ",7.27,7.49,7.15,7.37,7.41,7.27,1396432,102.17,"16-Sep-2026",1937,"",""
"3466","ZENITHDRUG","SM",45.95,45.95,42.5,43.15,42.5,46.1,190400,82.11,"16-Sep-2026",9,"",""
"3467","ZENITHEXPO","EQ",196.35,206,195,195,195,196.35,38,0.08,"16-Sep-2026",17,"",""
"3468","ZENITHSTL","EQ",5.79,5.79,5.47,5.49,5.56,5.71,63088,3.49,"16-Sep-2026",358,"",""
"3469","ZENSARTECH","EQ",446.4,461.4,438,450.15,452.5,440.2,10541488,47424.68,"16-Sep-2026",169195,"",""
"3470","ZENTEC","EQ",1616.1,1670,1585.6,1662.8,1667.5,1638.9,424705,6920.3,"16-Sep-2026",38354,"",""
"3471","ZFCVINDIA","EQ",2511.5,2511.5,2449.5,2461.5,2453.2,2511.5,26952,663.97,"16-Sep-2026",6944,"",""
"3472","ZFSTEERING","EQ",764.6,764.6,721.2,725.8,734,762.05,6030,44.39,"16-Sep-2026",652,"",""
"3473","ZIMLAB","EQ",130.16,138.99,127.81,136.78,137.4,133.61,104649,139.56,"16-Sep-2026",1904,"",""
"3474","ZODIAC","EQ",220.51,226.99,220,220.37,220,221.61,10443,23.12,"16-Sep-2026",649,"",""
"3475","ZODIACLOTH","EQ",69.67,69.67,67.21,69.26,69.5,69.67,4026,2.77,"16-Sep-2026",76,"",""
"3476","ZOTA","EQ",1108.4,1119.5,1095,1114.1,1119,1113.1,31804,352.14,"16-Sep-2026",1822,"",""
"3477","ZSARACOM","EQ",10370,10495,9801,10494,10494,10337,56,5.68,"16-Sep-2026",41,"",""
"3478","ZTECH","SM",421,425,404,406.15,404,425.25,22500,92.99,"16-Sep-2026",73,"",""
"3479","ZUARI","EQ",212.98,214.3,204.11,209.3,209.1,212.4,73779,154.34,"16-Sep-2026",2503,"",""
"3480","ZUARIIND","EQ",264.1,265.7,246.8,254.85,252,265.3,157037,399.07,"16-Sep-2026",4085,"",""
"3481","ZYDUSLIFE","EQ",1093.7,1113.3,1086,1107.5,1107.5,1099,689380,7601.34,"16-Sep-2026",31785,"",""
"3482","ZYDUSWELL","EQ",547.25,559,535.75,551.8,559,549.95,164461,902.31,"16-Sep-2026",16178,"",""
