"","SYMBOL","SERIES","OPEN","HIGH","LOW","CLOSE","LAST","PREVCLOSE","TOTTRDQTY","TOTTRDVAL","TIMESTAMP","TOTALTRADES","ISIN","X"
"1","1018GS2026","GS",104.74,104.74,104.74,104.74,104.74,104.35,190,0.2,"18-Aug-2026",3,"",""
"2","20MICRONS","EQ",197.26,198.4,195.2,197.16,197.15,197.26,72434,142.41,"18-Aug-2026",1693,"",""
"3","21STCENMGM","EQ",45.82,45.82,45.11,45.64,45.81,44.93,6929,3.17,"18-Aug-2026",117,"",""
"4","360ONE","EQ",1169,1185,1154,1163.6,1163.6,1173,683646,8001.57,"18-Aug-2026",29376,"",""
"5","3BBLACKBIO","EQ",1154.2,1167.8,1142,1148.4,1150,1148.4,7528,86.71,"18-Aug-2026",507,"",""
"6","3IINFOLTD","BE",25,25.25,24.36,24.36,24.36,25.64,253855,62.14,"18-Aug-2026",1140,"",""
"7","3MINDIA","EQ",35085,35290,34900,34945,34900,34910,1635,573.59,"18-Aug-2026",1040,"",""
"8","3PLAND","EQ",32.4,32.5,31.75,32.03,32,32.35,1902,0.61,"18-Aug-2026",64,"",""
"9","5PAISA","EQ",380.8,403.8,380.8,388.3,385,380.8,191663,757.48,"18-Aug-2026",6273,"",""
"10","601GS2030","GS",99.9,100.1,97.93,98,100.1,100.1,1597,1.57,"18-Aug-2026",9,"",""
"11","610GS2031","GS",99.2,99.2,99.2,99.2,99.2,99.35,1,0,"18-Aug-2026",1,"",""
"12","633GS2035","GS",97.31,97.31,97.31,97.31,97.31,101,4600,4.48,"18-Aug-2026",1,"",""
"13","63MOONS","EQ",778.05,780.2,753,757.65,757,780.25,274671,2099.26,"18-Aug-2026",10381,"",""
"14","654GS2032","GS",100.2,100.2,99.4,99.5,99.5,100,9807,9.76,"18-Aug-2026",3,"",""
"15","667GS2050","GS",92.65,92.65,92.44,92.44,92.44,92.1,3987,3.69,"18-Aug-2026",14,"",""
"16","668GS2033","GS",99.9,99.9,99.9,99.9,99.9,100,100,0.1,"18-Aug-2026",1,"",""
"17","668GS2040","GS",97.55,99.45,97.25,97.25,97.25,97.55,13051,12.96,"18-Aug-2026",11,"",""
"18","676GS2061","GS",94.48,95,94.48,94.77,94.77,94.05,35608,33.76,"18-Aug-2026",23,"",""
"19","679GS2031","GS",102,102,102,102,102,102,50,0.05,"18-Aug-2026",1,"",""
"20","68GS2060","GS",93.3,93.3,93.1,93.29,93.1,93.3,262,0.24,"18-Aug-2026",4,"",""
"21","690GS2065","GS",95,95,94.8,94.8,94.8,94.54,14597,13.86,"18-Aug-2026",6,"",""
"22","692GS2039","GS",101,101,101,101,101,100.5,500,0.51,"18-Aug-2026",1,"",""
"23","694GS2036","GS",103.1,103.1,102.25,102.5,102.5,101.86,10045,10.33,"18-Aug-2026",8,"",""
"24","695GS2061","GS",94.8,94.8,94.8,94.8,94.8,94.01,4879,4.63,"18-Aug-2026",2,"",""
"25","699GS2051","GS",95.71,95.71,95.71,95.71,95.71,96,1,0,"18-Aug-2026",1,"",""
"26","702GS2027","GS",104,104,103.4,103.4,103.4,103.98,2,0,"18-Aug-2026",2,"",""
"27","704GS2029","GS",102.5,102.5,102.5,102.5,102.5,102.5,25,0.03,"18-Aug-2026",1,"",""
"28","706GS2041","GS",102.5,102.5,102.5,102.5,102.5,101.99,1,0,"18-Aug-2026",1,"",""
"29","709GS2054","GS",97.8,97.8,97,97,97,97.55,38970,37.8,"18-Aug-2026",14,"",""
"30","709GS2074","GS",96.6,96.8,96.2,96.45,96.45,96.6,19955,19.25,"18-Aug-2026",31,"",""
"31","710GS2029","GS",103.11,103.52,103.11,103.51,103.5,103.42,1491,1.54,"18-Aug-2026",4,"",""
"32","717GS2030","GS",103.7,103.7,103.26,103.26,103.26,104.7,2001,2.08,"18-Aug-2026",2,"",""
"33","718GS2033","GS",102.55,103.1,102.5,103.1,103.1,102.5,11500,11.84,"18-Aug-2026",7,"",""
"34","718GS2037","GS",103.2,103.2,102.6,102.6,102.6,102.66,2161,2.22,"18-Aug-2026",3,"",""
"35","724GS2055","GS",98.8,98.84,98,98.38,98.39,98.97,80103,78.73,"18-Aug-2026",83,"",""
"36","725GS2063","GS",98.5,98.6,98,98.43,98.45,98.44,118658,116.77,"18-Aug-2026",55,"",""
"37","726GS2032","GS",105.51,106.25,105.51,106.25,106.25,106.5,3790,4.01,"18-Aug-2026",3,"",""
"38","732GS2030","GS",104.11,108.2,103.87,103.89,108.2,104,23631,24.55,"18-Aug-2026",6,"",""
"39","733GS2026","GS",102.31,102.31,102.31,102.31,102.31,101.7,1798,1.84,"18-Aug-2026",3,"",""
"40","734GS2064","GS",100.5,100.5,100.4,100.49,100.49,100.49,47616,47.85,"18-Aug-2026",34,"",""
"41","735NABAR31","N1",1115,1115,1115,1115,1115,1115,100,1.12,"18-Aug-2026",1,"",""
"42","736GS2052","GS",101.46,101.5,101.4,101.5,101.5,103.75,9518,9.66,"18-Aug-2026",6,"",""
"43","737GS2028","GS",104.1,104.98,104.1,104.98,104.98,105,19601,20.41,"18-Aug-2026",9,"",""
"44","738GS2027","GS",102.26,102.35,102,102.21,102.21,102.35,110858,113.33,"18-Aug-2026",120,"",""
"45","73GS2053","GS",100.55,100.55,100,100.47,100.35,100.24,12592,12.62,"18-Aug-2026",12,"",""
"46","741GS2036","GS",105.5,105.8,105.43,105.6,105.6,104.91,20255,21.37,"18-Aug-2026",23,"",""
"47","743GS2076","GS",100.66,101.25,100.05,101.11,101.25,100.66,3167,3.18,"18-Aug-2026",23,"",""
"48","746GS2073","GS",101.35,101.55,100.56,100.99,100.56,100.75,18794,19,"18-Aug-2026",30,"",""
"49","74GS2062","GS",101.9,101.9,101.26,101.3,101.3,101.01,1401,1.43,"18-Aug-2026",5,"",""
"50","750GS2056","GS",103,103,101.1,101.82,101.82,103,1179,1.2,"18-Aug-2026",19,"",""
"51","754GS2036","GS",106.91,107.15,106.76,106.91,106.93,106.9,319854,341.91,"18-Aug-2026",134,"",""
"52","771GS2066","GS",104.78,104.78,104.3,104.36,104.3,104.81,4421,4.62,"18-Aug-2026",12,"",""
"53","824GS2027","GS",105.9,105.9,105.9,105.9,105.9,106,10,0.01,"18-Aug-2026",1,"",""
"54","92GS2030","GS",113,115.2,113,115.16,114.8,114,40330,46.09,"18-Aug-2026",36,"",""
"55","A2ZINFRA","EQ",14.21,14.64,14.21,14.26,14.34,14.49,101272,14.5,"18-Aug-2026",313,"",""
"56","AAATECH","EQ",92.18,94,91,92.81,92.7,91.98,14270,13.2,"18-Aug-2026",309,"",""
"57","AADHARHFC","EQ",487.65,493.85,482,487.4,486,487.65,286979,1400.3,"18-Aug-2026",19334,"",""
"58","AAKAAR","SM",50.6,53.05,50.6,53.05,53.05,50.55,14400,7.53,"18-Aug-2026",8,"",""
"59","AAKASH","EQ",8.71,9.59,8.71,9.13,9.17,8.77,400049,36.74,"18-Aug-2026",924,"",""
"60","AAREYDRUGS","EQ",83.01,85.46,81.31,82.16,83.01,85.58,668238,554.81,"18-Aug-2026",459,"",""
"61","AARNAV","EQ",31.35,36.04,30.7,35.37,35.74,31.23,220800,75.31,"18-Aug-2026",2863,"",""
"62","AARON","EQ",142.2,146,141.63,143.78,143.8,138.85,35017,50.48,"18-Aug-2026",1192,"",""
"63","AARTECH","BE",50,53.36,49,51.38,51.29,50.82,261953,135.18,"18-Aug-2026",478,"",""
"64","AARTIDRUGS","EQ",410.75,415.2,404.5,412.8,413,410.75,98898,407.69,"18-Aug-2026",4057,"",""
"65","AARTIIND","EQ",526,533.8,520.85,530.1,532,526.7,830422,4375.97,"18-Aug-2026",23267,"",""
"66","AARTIPHARM","EQ",861.95,892,850,874.55,874.5,861.95,316783,2777.67,"18-Aug-2026",17793,"",""
"67","AARTISURF","BE",594.4,594.4,594.4,594.4,594.4,625.65,6862,40.79,"18-Aug-2026",257,"",""
"68","AARVI","EQ",152,157,150.1,151.93,151.25,152.6,42604,64.77,"18-Aug-2026",826,"",""
"69","AASTHA","EQ",74,74.2,73,73.03,73.28,73.21,433445,317.5,"18-Aug-2026",2090,"",""
"70","AATMAJ","SM",20.5,20.5,19,19,19,18.1,10000,1.97,"18-Aug-2026",5,"",""
"71","AAVAS","EQ",1375,1393.9,1375,1388.3,1388,1389.8,49386,684.58,"18-Aug-2026",8366,"",""
"72","ABAN","BE",17.74,17.74,17.74,17.74,17.74,18.1,2547,0.45,"18-Aug-2026",26,"",""
"73","ABANSENT","EQ",32.79,32.79,30.3,30.3,30.3,31.89,28145,8.62,"18-Aug-2026",241,"",""
"74","ABB","EQ",7660,7734,7528.5,7546,7546,7660,126259,9614.08,"18-Aug-2026",17246,"",""
"75","ABBOTINDIA","EQ",26900,26900,26510,26580,26520,26905,4509,1200.13,"18-Aug-2026",2161,"",""
"76","ABCAPITAL","EQ",399,402.8,393.8,402,402,398.7,4314550,17193.8,"18-Aug-2026",44687,"",""
"77","ABCOTS","EQ",202.48,225,201.88,217.4,217.35,199.66,152579,328.82,"18-Aug-2026",4222,"",""
"78","ABDL","EQ",612.95,617.9,607.8,612.6,613,610.65,266137,1631.24,"18-Aug-2026",10013,"",""
"79","ABFRL","EQ",55.29,55.86,54.82,54.97,55,55.29,2804136,1543.31,"18-Aug-2026",16754,"",""
"80","ABGSEC","EQ",115.63,115.63,114.64,115.3,115.3,115.07,213,0.25,"18-Aug-2026",11,"",""
"81","ABHAPOWER","SM",25,25.5,25,25.5,25.5,25.2,3200,0.81,"18-Aug-2026",2,"",""
"82","ABINFRA","EQ",11.33,12.99,10.98,12.57,12.88,11.36,25170295,2997.64,"18-Aug-2026",134759,"",""
"83","ABLBL","EQ",90.01,90.65,88.6,88.72,88.73,89.92,427800,381.43,"18-Aug-2026",6291,"",""
"84","ABMINTLLTD","BE",53.39,53.39,53.39,53.39,53.39,56.2,906,0.48,"18-Aug-2026",20,"",""
"85","ABMKNO","EQ",195,200,190,192.1,192.1,197,2037,3.96,"18-Aug-2026",37,"",""
"86","ABREL","EQ",1400,1401.6,1378.7,1390.8,1390.7,1402.1,89905,1247.17,"18-Aug-2026",7295,"",""
"87","ABSL10BANK","EQ",168.73,169.75,168.48,169.23,169.75,169.69,1546,2.61,"18-Aug-2026",23,"",""
"88","ABSLAMC","EQ",1011,1022.6,1005,1013.3,1017,1019,108162,1093.66,"18-Aug-2026",17137,"",""
"89","ABSLBANETF","EQ",59.65,59.65,58.77,59.1,59,59.27,41503,24.46,"18-Aug-2026",236,"",""
"90","ABSLLIQUID","EQ",1000,1000.01,999.99,999.99,1000,1000,1037,10.37,"18-Aug-2026",12,"",""
"91","ABSLMSCIN","EQ",29.7,29.87,29.7,29.76,29.76,29.89,858,0.26,"18-Aug-2026",6,"",""
"92","ABSLNN50ET","EQ",78.38,78.67,78.31,78.32,78.38,78.38,7571,5.94,"18-Aug-2026",169,"",""
"93","ABSLPSE","EQ",10.41,10.41,10.13,10.21,10.28,10.28,128769,13.22,"18-Aug-2026",333,"",""
"94","ABSMARINE","ST",240.1,247.95,236.9,238.05,239.95,246.05,43000,103.51,"18-Aug-2026",73,"",""
"95","ACC","EQ",1317,1319.2,1301.1,1303.8,1304.5,1316.6,116554,1527.09,"18-Aug-2026",8357,"",""
"96","ACCELYA","EQ",1139.9,1140,1126,1130.8,1135,1134.3,4118,46.61,"18-Aug-2026",578,"",""
"97","ACCENTMIC","SM",588.5,602,587.15,594.55,597.5,587.6,55000,327.14,"18-Aug-2026",99,"",""
"98","ACCPL","ST",195,200.05,195,200,200.05,195,16800,33.41,"18-Aug-2026",13,"",""
"99","ACCURACY","BE",4.77,4.79,4.63,4.65,4.66,4.75,38884,1.82,"18-Aug-2026",166,"",""
"100","ACE","EQ",1117.1,1188,1117,1184.8,1184,1113.7,1694531,19823.6,"18-Aug-2026",68991,"",""
"101","ACEINTEG","EQ",17.5,18.75,17.5,18.27,18.3,17.78,4121,0.76,"18-Aug-2026",80,"",""
"102","ACGL","EQ",1784.3,1814.9,1715.5,1755,1755.9,1766.7,628,11.08,"18-Aug-2026",140,"",""
"103","ACI","EQ",517.35,517.35,508.55,512.9,514.95,515.35,82390,422.39,"18-Aug-2026",6748,"",""
"104","ACL","EQ",45.16,46.85,45.16,46.37,46.3,45.94,4303,1.99,"18-Aug-2026",89,"",""
"105","ACMESOLAR","EQ",363.7,372.95,361.8,371.75,372.25,364.9,609731,2243.27,"18-Aug-2026",17914,"",""
"106","ACSTECH","EQ",52,52.2,49.61,49.92,49.74,50.92,343255,173.86,"18-Aug-2026",1765,"",""
"107","ACTIVEINFR","SM",170,170,170,170,170,170,600,1.02,"18-Aug-2026",1,"",""
"108","ACUTAAS","EQ",3190,3399.8,3189.9,3391.4,3391,3198.2,423370,14051.52,"18-Aug-2026",45584,"",""
"109","ADANIENSOL","EQ",1589,1630,1583.1,1603,1603,1589.1,2294009,36880.47,"18-Aug-2026",43684,"",""
"110","ADANIENT","EQ",3014,3036,3002.5,3002.5,3002.5,3007.3,721988,21830.07,"18-Aug-2026",31926,"",""
"111","ADANIGREEN","EQ",1327.6,1336.4,1308,1308,1308,1327.6,925260,12237.98,"18-Aug-2026",24553,"",""
"112","ADANIPORTS","EQ",1691.6,1693.7,1667,1682.4,1682.4,1691,1298165,21818.18,"18-Aug-2026",48597,"",""
"113","ADANIPOWER","EQ",203.8,208.67,203.57,205.58,205.58,203.56,19181716,39659.82,"18-Aug-2026",94945,"",""
"114","ADDICTIVE","SM",43.25,45.4,43.25,44.4,43.85,43.25,31500,14.17,"18-Aug-2026",33,"",""
"115","ADDIND","EQ",86,89.9,86,89.5,89.5,86,103,0.09,"18-Aug-2026",6,"",""
"116","ADFFOODS","EQ",261.9,270,260.35,269.6,269,262.85,143285,380.4,"18-Aug-2026",5015,"",""
"117","ADISOFT","SM",180,182.95,175.05,176.45,175.05,181,28000,49.78,"18-Aug-2026",32,"",""
"118","ADL","EQ",69,73,68.99,69.07,69,68.65,365,0.25,"18-Aug-2026",15,"",""
"119","ADOR","EQ",1525.3,1574,1520.6,1562.3,1551.3,1525.3,35829,555.74,"18-Aug-2026",3657,"",""
"120","ADROITINFO","EQ",10.3,10.5,9.83,10.36,10.1,9.99,45723,4.66,"18-Aug-2026",275,"",""
"121","ADSL","EQ",111.2,112.48,110,110.38,110.88,111.06,82917,91.87,"18-Aug-2026",1633,"",""
"122","ADVAIT","EQ",2077,2140,2070,2126.1,2137.4,2079.2,52562,1111.42,"18-Aug-2026",7479,"",""
"123","ADVANCE","EQ",117.06,120.06,115.81,117.96,118.5,117.06,194213,229.21,"18-Aug-2026",2370,"",""
"124","ADVANIHOTR","EQ",50,51.4,49.61,50.06,49.85,49.91,26513,13.27,"18-Aug-2026",416,"",""
"125","ADVENTHTL","EQ",135.56,136.83,135,135.64,135,134.9,104247,141.31,"18-Aug-2026",1694,"",""
"126","ADVENZYMES","EQ",303,307.2,302,303,302.95,305.6,212986,649.43,"18-Aug-2026",3683,"",""
"127","ADVIKCA","EQ",1.24,1.26,1.18,1.23,1.25,1.21,179534,2.21,"18-Aug-2026",244,"",""
"128","AEGISLOG","EQ",1305,1378,1303.1,1367.7,1371,1287.2,3097867,41804.37,"18-Aug-2026",115529,"",""
"129","AEGISVOPAK","EQ",267.1,280,267.1,274.8,274,269.5,883444,2431.32,"18-Aug-2026",17096,"",""
"130","AEPL","EQ",14.8,15.41,14.63,14.9,15.15,14.93,20978,3.11,"18-Aug-2026",169,"",""
"131","AEQUS","EQ",249.4,263.45,248.23,259.85,259.12,249.58,6595637,16986.85,"18-Aug-2026",69191,"",""
"132","AEROENTER","EQ",125.75,133.4,122,130.89,130.7,125.73,1139049,1476.45,"18-Aug-2026",12678,"",""
"133","AEROFLEX","EQ",454,488,449.4,485.85,485.95,455.85,3213334,15340.08,"18-Aug-2026",62931,"",""
"134","AERON","SM",75,75,75,75,75,75,2000,1.5,"18-Aug-2026",2,"",""
"135","AERONEU","EQ",86.26,86.26,80.01,81.57,83.25,84.49,17969,14.96,"18-Aug-2026",1235,"",""
"136","AEROPLANE","EQ",181.9,187,173.72,181.19,180.1,182.85,699230,1273.13,"18-Aug-2026",3584,"",""
"137","AESTHETIK","SM",72,72,71.6,71.6,71.6,74,4000,2.87,"18-Aug-2026",4,"",""
"138","AETHER","EQ",1606,1692,1604.3,1633.6,1635,1605.7,308349,5103.5,"18-Aug-2026",28150,"",""
"139","AFCONS","EQ",269.85,281.45,269.85,280.25,280,271.7,1053486,2924.05,"18-Aug-2026",16454,"",""
"140","AFFLE","EQ",1715,1717,1692.8,1711.3,1710.8,1703.9,124757,2130.7,"18-Aug-2026",13154,"",""
"141","AFFORDABLE","BE",172.5,172.5,164.16,164.16,164.16,172.8,52609,86.64,"18-Aug-2026",657,"",""
"142","AFIL","EQ",9.2,9.5,9.2,9.36,9.36,9.4,361615,33.81,"18-Aug-2026",382,"",""
"143","AFSL","EQ",202.95,206.7,201.12,205.55,204.31,201.2,6846,13.88,"18-Aug-2026",219,"",""
"144","AGARIND","EQ",496.55,502.4,493.3,501.1,500.45,499.6,19464,96.76,"18-Aug-2026",1206,"",""
"145","AGARWALEYE","EQ",501,508.35,495,502.6,500.2,501.6,628634,3156.3,"18-Aug-2026",25840,"",""
"146","AGARWALFT","SM",36.8,36.8,36.8,36.8,36.8,35.95,3000,1.1,"18-Aug-2026",2,"",""
"147","AGARWALTUF","SM",144.8,144.8,143,143.5,144,144.35,16800,24.12,"18-Aug-2026",7,"",""
"148","AGI","EQ",710.55,720,707,711.7,710.8,716.5,42716,303.78,"18-Aug-2026",2597,"",""
"149","AGIIL","EQ",299,299.95,291.15,292.85,294.4,301.5,400576,1184.99,"18-Aug-2026",6349,"",""
"150","AGL","EQ",14,14.01,13.03,13.25,13.31,14.01,3444947,464.7,"18-Aug-2026",7750,"",""
"151","AGNI","SM",16.45,16.45,15.15,15.25,15.2,15.9,27500,4.23,"18-Aug-2026",10,"",""
"152","AGRITECH","EQ",103.5,103.5,100.99,101.84,102.4,103.49,3463,3.54,"18-Aug-2026",137,"",""
"153","AGROPHOS","EQ",27.35,27.35,26,26.07,26.05,26.39,30499,8,"18-Aug-2026",214,"",""
"154","AGSTRA","BZ",2,2.07,2,2.02,2.01,2.02,105301,2.13,"18-Aug-2026",276,"",""
"155","AHCL","EQ",14.5,14.72,14.35,14.63,14.53,14.51,1995227,291,"18-Aug-2026",3689,"",""
"156","AHLADA","EQ",37.4,37.99,36,36.43,36.8,37,7675,2.84,"18-Aug-2026",214,"",""
"157","AHLEAST","EQ",140.95,144,139.05,139.54,139.05,140.95,1675,2.37,"18-Aug-2026",59,"",""
"158","AHLUCONT","EQ",776,782.4,702.5,707.7,710,793.85,545925,3958.3,"18-Aug-2026",34981,"",""
"159","AHLWEST","BE",535.8,571.05,535.8,536,536,563.95,460,2.52,"18-Aug-2026",19,"",""
"160","AIAENG","EQ",4383.6,4479,4326.1,4447.6,4443,4383.6,52134,2292.1,"18-Aug-2026",10576,"",""
"161","AIIL","EQ",552.5,561,550,553.25,551.5,551.5,107054,593.1,"18-Aug-2026",8055,"",""
"162","AIMTRON","SM",1644.5,1780,1642.35,1742.6,1747,1662.7,54600,947.52,"18-Aug-2026",246,"",""
"163","AIRAN","EQ",15.21,15.23,15.04,15.12,15.05,15.23,33026,5,"18-Aug-2026",235,"",""
"164","AIROLAM","EQ",89.99,91.25,87.18,87.91,87.29,87.42,15448,13.82,"18-Aug-2026",89,"",""
"165","AJANTPHARM","EQ",3736,3796,3694,3706.4,3710,3718.2,145440,5443.49,"18-Aug-2026",20225,"",""
"166","AJAXENGG","EQ",565,570,552,558.4,556.65,567.25,53577,298.93,"18-Aug-2026",4992,"",""
"167","AJMERA","EQ",117.1,120.8,116,116.58,116.4,118.7,208462,245.69,"18-Aug-2026",2819,"",""
"168","AJOONI","EQ",3.65,3.85,3.65,3.82,3.8,3.81,264805,9.92,"18-Aug-2026",448,"",""
"169","AKANKSHA","SM",124,127.45,119.3,119.65,119.3,123.7,18000,22.3,"18-Aug-2026",16,"",""
"170","AKASH","EQ",25,25.77,24.71,25.08,25,25.43,377,0.09,"18-Aug-2026",32,"",""
"171","AKCAPIT","EQ",1750.7,1800,1740.1,1762.7,1750,1747.9,1966,34.53,"18-Aug-2026",436,"",""
"172","AKG","EQ",9.15,9.3,8.81,8.99,8.85,8.98,44658,4.02,"18-Aug-2026",137,"",""
"173","AKI","EQ",4.13,4.38,4.05,4.19,4.26,4.13,241941,10.2,"18-Aug-2026",462,"",""
"174","AKIKO","SM",369,382.45,362,378.7,382.45,361.85,47200,175.37,"18-Aug-2026",59,"",""
"175","AKSHAR","EQ",0.41,0.42,0.41,0.41,0.41,0.41,475644,1.97,"18-Aug-2026",192,"",""
"176","AKSHARCHEM","BE",302.9,305,293,301.07,301,303.07,5107,15.28,"18-Aug-2026",87,"",""
"177","AKSHOPTFBR","BE",7.32,7.32,7.32,7.32,7.32,6.98,173111,12.67,"18-Aug-2026",107,"",""
"178","AKUMS","EQ",753.85,766.85,740.9,744.15,745.25,744,263636,1980.32,"18-Aug-2026",18374,"",""
"179","ALANKIT","EQ",8.1,8.4,8.1,8.13,8.14,8.17,120928,9.93,"18-Aug-2026",420,"",""
"180","ALBERTDAVD","EQ",805,839,791.2,833.05,831.05,806.1,17562,144.1,"18-Aug-2026",1250,"",""
"181","ALCODIS","SM",63.5,63.5,63.5,63.5,63.5,63.5,1250,0.79,"18-Aug-2026",2,"",""
"182","ALEMBICLTD","EQ",90.31,90.4,87.8,89.87,89.6,90.15,276330,246.62,"18-Aug-2026",3134,"",""
"183","ALFREDHE","EQ",3151,3151,2980,2985.6,2985,3151.2,22,0.66,"18-Aug-2026",10,"",""
"184","ALGOQUANT","EQ",66.2,67.49,65.26,66.27,66.05,66.29,1039258,684.46,"18-Aug-2026",1352,"",""
"185","ALICON","EQ",729.7,764,718.05,756.95,755,726.1,171517,1284.74,"18-Aug-2026",11004,"",""
"186","ALIVUS","EQ",1392.2,1413,1373.2,1398.7,1400,1394.4,141640,1975.86,"18-Aug-2026",20389,"",""
"187","ALKALI","BE",67.71,69.79,65.6,67.22,68.38,67.71,2884,1.94,"18-Aug-2026",32,"",""
"188","ALKEM","EQ",5374,5510,5374,5475,5475,5374,127028,6950.48,"18-Aug-2026",19675,"",""
"189","ALKYLAMINE","EQ",1920.1,1928.8,1885.1,1894.6,1901.4,1920.1,33643,639.91,"18-Aug-2026",6676,"",""
"190","ALLCARGO","EQ",10.05,10.12,9.85,9.97,9.9,10.06,11044531,1101.27,"18-Aug-2026",9178,"",""
"191","ALLDIGI","EQ",809.25,817.3,801,814.75,810.05,809.25,8265,67.03,"18-Aug-2026",803,"",""
"192","ALLETEC","ST",128,130,126.05,127.55,127,132.65,36400,46.45,"18-Aug-2026",73,"",""
"193","ALLTIME","EQ",210.98,216.43,208,213.99,215,213.14,217555,465.3,"18-Aug-2026",3129,"",""
"194","ALMONDZ","EQ",14.22,14.4,14.01,14.08,14.05,14.2,17474,2.48,"18-Aug-2026",122,"",""
"195","ALOKINDS","EQ",11.53,11.57,11.42,11.48,11.47,11.53,2920830,335.42,"18-Aug-2026",4660,"",""
"196","ALPA","EQ",65.2,65.2,62.24,62.56,63.3,63.72,8310,5.23,"18-Aug-2026",195,"",""
"197","ALPEXSOLAR","SM",788.95,900,781.15,871.35,873,772.95,270500,2296.71,"18-Aug-2026",1744,"",""
"198","ALPHA","EQ",54.18,54.29,53.81,54.06,53.97,54.18,706087,381.33,"18-Aug-2026",2065,"",""
"199","ALPHAETF","EQ",26.83,26.84,26.61,26.79,26.79,26.82,495578,132.58,"18-Aug-2026",691,"",""
"200","ALPHAGEO","EQ",344,368,329,352.26,348,338.36,199945,703.93,"18-Aug-2026",6240,"",""
"201","ALPINETEX","EQ",56.55,63.56,56.55,60.46,60.57,57.14,561798,340.02,"18-Aug-2026",7797,"",""
"202","ALPL30IETF","EQ",28.33,28.33,28.19,28.27,28.26,28.33,677321,191.39,"18-Aug-2026",938,"",""
"203","ALUFLUOR","EQ",442,455,438.05,440.3,443,434.05,5718,25.47,"18-Aug-2026",397,"",""
"204","ALUWIND","SM",48.3,48.5,48.2,48.4,48.2,48.9,7500,3.62,"18-Aug-2026",5,"",""
"205","AMAGI","EQ",580,592.2,566.4,579.15,576.55,581,1013729,5874.37,"18-Aug-2026",23989,"",""
"206","AMAL","EQ",751.25,770,730.3,740.45,743.7,751.25,2234,16.6,"18-Aug-2026",155,"",""
"207","AMANTA","BE",162.3,172.33,159.5,172.29,172.33,164.13,307363,522.58,"18-Aug-2026",971,"",""
"208","AMARJOTHI","EQ",162.3,162.3,157.05,157.57,160,162,2196,3.52,"18-Aug-2026",35,"",""
"209","AMBAAUTO","SM",106,106,102,106,106,105.45,21000,22.1,"18-Aug-2026",16,"",""
"210","AMBALALSA","EQ",45.93,49.5,45.75,47.61,47.87,45.7,549703,265.66,"18-Aug-2026",3368,"",""
"211","AMBANIORGO","SM",115,115,115,115,115,115,1000,1.15,"18-Aug-2026",1,"",""
"212","AMBER","EQ",7265,7408,7252,7350,7350,7259,578175,42317.24,"18-Aug-2026",33962,"",""
"213","AMBICAAGAR","EQ",23.81,24.73,23.81,24.29,24,23.78,6006,1.47,"18-Aug-2026",65,"",""
"214","AMBIKCO","EQ",1603,1622.9,1593.2,1610.7,1608,1615.9,5742,92.43,"18-Aug-2026",742,"",""
"215","AMBUJACEM","EQ",414,416.9,409.9,412.4,412.4,415.25,2377631,9809.1,"18-Aug-2026",24941,"",""
"216","AMCL","SM",386,386,386,386,386,379.9,800,3.09,"18-Aug-2026",1,"",""
"217","AMDIND","EQ",51.41,54.99,51.41,53.35,53.01,51.41,37894,20.43,"18-Aug-2026",607,"",""
"218","AMJLAND","EQ",39.39,39.4,38.07,38.73,38.13,38.62,1419,0.55,"18-Aug-2026",89,"",""
"219","AMNPLST","EQ",185.35,188.85,184.75,185.83,185.1,185.55,3663,6.81,"18-Aug-2026",215,"",""
"220","AMRUTANJAN","EQ",491.1,500.8,487.25,488.25,488.5,491.85,61907,306.2,"18-Aug-2026",2446,"",""
"221","ANANDRATHI","EQ",2174,2199,2172.7,2194.8,2196,2176,132277,2896.68,"18-Aug-2026",13601,"",""
"222","ANANTAM","IV",105.64,105.64,104.75,105.21,105.44,104.98,185893,195.2,"18-Aug-2026",131,"",""
"223","ANANTRAJ","EQ",623,633,621.95,627.05,626.9,627.55,1119254,7031.49,"18-Aug-2026",23068,"",""
"224","ANAWIL","ST",419.9,444.6,407,444.15,435,423.45,273200,1186.2,"18-Aug-2026",432,"",""
"225","ANDHRAPAP","EQ",59.96,62.1,59.76,61.93,61.5,59.96,252494,155.21,"18-Aug-2026",1998,"",""
"226","ANDHRSUGAR","EQ",102.59,103.96,99.52,100.46,100.17,101.98,730940,745.09,"18-Aug-2026",7389,"",""
"227","ANDREWYU","EQ",27.28,27.28,25.35,25.98,25.86,26.23,36629,9.57,"18-Aug-2026",450,"",""
"228","ANGELONE","EQ",293.4,293.4,281.6,291.75,291.75,293.5,7260733,20908.97,"18-Aug-2026",55990,"",""
"229","ANIKINDS","EQ",44.04,44.04,41,43.07,43.65,42.76,11453,4.88,"18-Aug-2026",230,"",""
"230","ANKITMETAL","BZ",1.53,1.57,1.5,1.51,1.51,1.53,32035,0.49,"18-Aug-2026",46,"",""
"231","ANLON","SM",676.35,676.35,669.9,669.9,669.9,676.35,2800,18.9,"18-Aug-2026",5,"",""
"232","ANMOL","EQ",10.02,10.24,10.01,10.17,10.24,10.02,24876,2.52,"18-Aug-2026",150,"",""
"233","ANNAPURNA","EQ",165.4,165.4,155.35,157.6,155.6,163,63430,101.2,"18-Aug-2026",1276,"",""
"234","ANONDITA","SM",1082,1089.95,1064.05,1074.6,1074,1086.65,5400,58.18,"18-Aug-2026",25,"",""
"235","ANSALAPI","BZ",3.34,3.45,3.33,3.39,3.33,3.39,34059,1.15,"18-Aug-2026",54,"",""
"236","ANSALBU","EQ",76,76,73,73,73,72.8,145,0.11,"18-Aug-2026",8,"",""
"237","ANTELOPUS","EQ",813.9,866.85,802.5,856.55,862.5,800.9,386388,3263.21,"18-Aug-2026",17089,"",""
"238","ANTGRAPHIC","EQ",0.74,0.75,0.72,0.73,0.74,0.74,163088,1.2,"18-Aug-2026",161,"",""
"239","ANTHEM","EQ",899,899,883.85,891.05,892,898,477452,4251.87,"18-Aug-2026",22300,"",""
"240","ANUHPHR","EQ",75.72,76.83,75.5,75.8,76,75.72,39872,30.28,"18-Aug-2026",829,"",""
"241","ANUP","EQ",1832,1852.8,1811.9,1825.2,1829.3,1834.5,17978,328.04,"18-Aug-2026",2647,"",""
"242","ANURAS","EQ",1197.5,1219,1196,1210.5,1215,1196.9,500190,6031.24,"18-Aug-2026",6498,"",""
"243","ANZEN","IV",130,132.9,130,132.9,132.9,132.4,150000,198.08,"18-Aug-2026",6,"",""
"244","AONEGOLD","EQ",14.25,14.3,14.22,14.28,14.28,14.25,172094,24.57,"18-Aug-2026",1138,"",""
"245","AONELIQUID","EQ",1073.07,1073.07,1073.05,1073.05,1073.05,1072.91,10870,116.64,"18-Aug-2026",103,"",""
"246","AONENIFTY","EQ",10.18,10.18,10,10.01,10.02,10.05,154170,15.45,"18-Aug-2026",1103,"",""
"247","AONESILVER","EQ",9.15,9.15,8.84,8.85,8.85,8.93,424906,37.68,"18-Aug-2026",1204,"",""
"248","AONETMMQ50","EQ",10.49,10.49,10.38,10.43,10.42,10.44,39185,4.08,"18-Aug-2026",221,"",""
"249","AONETOTAL","EQ",12.04,12.15,11.8,12,12.02,12.04,113322,13.61,"18-Aug-2026",1093,"",""
"250","APARINDS","EQ",16650,17295,16199,17214,17250,16524,338500,56972.48,"18-Aug-2026",73303,"",""
"251","APCL","EQ",106.87,107.95,103.1,106.23,103.1,106.87,4528,4.8,"18-Aug-2026",215,"",""
"252","APCOTEXIND","EQ",605.45,634.5,605.45,632.55,633.75,605.45,404224,2519.76,"18-Aug-2026",13928,"",""
"253","APEX","EQ",424,427.8,395.4,398.5,399,422.55,944431,3881.95,"18-Aug-2026",24059,"",""
"254","APEXECO","ST",276.05,286.95,276.05,285,281.15,290.2,13600,38.23,"18-Aug-2026",11,"",""
"255","APLAPOLLO","EQ",2082,2122,2075.1,2115,2115,2081.3,418384,8803.77,"18-Aug-2026",22987,"",""
"256","APLLTD","EQ",820,838,820,824.55,826.5,822.45,51271,425.49,"18-Aug-2026",7691,"",""
"257","APOLLO","EQ",387.5,390.5,384,387.85,389,387.05,2866177,11074.49,"18-Aug-2026",31736,"",""
"258","APOLLOHOSP","EQ",8825.5,8907,8786.5,8817,8817,8825.5,474997,41997.84,"18-Aug-2026",53645,"",""
"259","APOLLOPIPE","EQ",545.3,560,544.95,551.3,555,545.3,368105,2034.84,"18-Aug-2026",11026,"",""
"260","APOLLOTYRE","EQ",435.5,438.95,434.25,436,435.55,436.7,236230,1031.94,"18-Aug-2026",10063,"",""
"261","APOLSINHOT","EQ",1201,1223.3,1153.5,1190,1185,1205.8,1071,12.79,"18-Aug-2026",110,"",""
"262","APRAMEYA","SM",130.5,131,114.25,118.6,118.6,130.7,24000,29.87,"18-Aug-2026",42,"",""
"263","APS","SM",237.5,238,228,233.75,235,237.5,30000,70.04,"18-Aug-2026",86,"",""
"264","APSISAERO","ST",509.4,509.75,509.4,509.75,509.75,499.8,4800,24.46,"18-Aug-2026",4,"",""
"265","APTECHT","BE",95,95.89,93.53,94.48,94.07,94.78,24960,23.63,"18-Aug-2026",335,"",""
"266","APTUS","EQ",256.6,261.7,255.2,257,256.3,255.2,706252,1821.21,"18-Aug-2026",45169,"",""
"267","AQYLON","EQ",21.5,22.87,20.87,22.86,22.87,21.79,3402192,770.21,"18-Aug-2026",4356,"",""
"268","ARABIAN","SM",86,86,86,86,86,86.55,2000,1.72,"18-Aug-2026",1,"",""
"269","ARCHIDPLY","EQ",97.89,97.89,93.8,95.32,96.25,95.91,14039,13.34,"18-Aug-2026",219,"",""
"270","ARCHIES","EQ",13.26,13.56,13.26,13.52,13.55,13.49,10691,1.44,"18-Aug-2026",69,"",""
"271","ARCIIL","SM",38.2,38.2,38.2,38.2,38.2,38.2,1000,0.38,"18-Aug-2026",1,"",""
"272","ARCL","EQ",236.4,236.4,224.58,233.75,233.75,236.4,667,1.54,"18-Aug-2026",20,"",""
"273","ARDEE","EQ",62.15,64.86,60.61,63.89,63.97,62.34,12405716,7793.24,"18-Aug-2026",45705,"",""
"274","ARE&M","EQ",945.7,952.8,929.1,935.8,938.05,945.7,415621,3891.2,"18-Aug-2026",21470,"",""
"275","ARENTERP","EQ",39.44,39.44,36.76,38.42,39.29,38.36,1431,0.55,"18-Aug-2026",55,"",""
"276","ARFIN","EQ",83,83.45,82,82.5,82.4,83.69,982288,814.3,"18-Aug-2026",1858,"",""
"277","ARHAM","SM",183,187,180,185.05,187,185.85,78000,143.25,"18-Aug-2026",46,"",""
"278","ARIES","EQ",429.3,450,421,442.7,447.4,434.65,173328,763.97,"18-Aug-2026",6420,"",""
"279","ARIHANT","EQ",1030,1046.8,975.2,1021.5,1029.9,1031.6,3544,35.94,"18-Aug-2026",550,"",""
"280","ARIHANTCAP","EQ",73.47,74.8,73.1,73.77,73.41,73.47,104567,76.94,"18-Aug-2026",898,"",""
"281","ARIHANTSUP","EQ",259.05,259.2,248.3,251.45,255.5,257.6,7697,19.58,"18-Aug-2026",307,"",""
"282","ARIS","EQ",136,136.5,134.32,135.97,135.6,136.25,390567,529.87,"18-Aug-2026",3602,"",""
"283","ARKADE","EQ",130.94,131.97,129.24,130.02,129.84,129.99,191083,248.68,"18-Aug-2026",2003,"",""
"284","ARMANFIN","EQ",1976.8,1978,1932,1936.8,1943.5,1962.9,33991,661.52,"18-Aug-2026",3467,"",""
"285","ARMOUR","ST",18.45,18.45,18.45,18.45,18.45,18.5,4000,0.74,"18-Aug-2026",2,"",""
"286","AROGRANITE","EQ",24.75,24.95,24.21,24.68,24.9,24.57,3848,0.95,"18-Aug-2026",61,"",""
"287","ARROWGREEN","BE",730.25,730.25,730.25,730.25,730.25,768.65,8357,61.03,"18-Aug-2026",372,"",""
"288","ARSHIYA","BZ",0.94,0.96,0.9,0.92,0.92,0.93,99163,0.91,"18-Aug-2026",76,"",""
"289","ARSSBL","EQ",511,517,505.5,512,507.1,509.2,165394,844.06,"18-Aug-2026",4425,"",""
"290","ARTEMISMED","EQ",314.4,315.4,309.4,312.15,311,314.4,224408,700.08,"18-Aug-2026",5227,"",""
"291","ARTNIRMAN","EQ",42.44,43.68,41,43.02,42.53,42.23,1154,0.49,"18-Aug-2026",29,"",""
"292","ARUNAYA","SM",14.5,14.85,14.5,14.85,14.85,14.55,4000,0.59,"18-Aug-2026",2,"",""
"293","ARVEE","EQ",165.55,171.89,165.55,170.55,170.54,165.55,962,1.64,"18-Aug-2026",53,"",""
"294","ARVIND","EQ",554.45,555.2,522.6,526.5,524.15,552.3,928757,4959.99,"18-Aug-2026",32927,"",""
"295","ARVINDFASN","EQ",441,443.6,434,438.05,435.2,444.15,289683,1271.51,"18-Aug-2026",23186,"",""
"296","ARVINDPORT","SM",31.5,33.5,30.55,33.5,33.5,31.95,36000,11.78,"18-Aug-2026",14,"",""
"297","ARVSMART","EQ",667.95,676.95,651.1,665.55,663,670.35,84696,561.72,"18-Aug-2026",4352,"",""
"298","ARYAMAN","EQ",599.9,599.9,570,599.9,599.9,599.9,12,0.07,"18-Aug-2026",3,"",""
"299","ASAHIINDIA","EQ",938,970.85,934.85,962.8,962.7,931.2,736543,7046.69,"18-Aug-2026",33109,"",""
"300","ASAHISONG","BE",348.1,351.5,340,345.2,346.5,357,23392,80.78,"18-Aug-2026",331,"",""
"301","ASAL","EQ",505.95,514.5,496.95,499.55,498,505.95,15737,79.18,"18-Aug-2026",1073,"",""
"302","ASALCBR","EQ",731.5,731.5,719,721.9,720,733.25,24739,179.34,"18-Aug-2026",1708,"",""
"303","ASHALOG","SM",61.05,61.05,60.5,60.5,60.5,61.25,11000,6.67,"18-Aug-2026",5,"",""
"304","ASHAPURMIN","EQ",615.8,616.4,594,596.3,597.3,612.2,344374,2069.97,"18-Aug-2026",12860,"",""
"305","ASHIANA","EQ",365,367.2,362,365.75,366,365,23957,87.56,"18-Aug-2026",810,"",""
"306","ASHIKAG","BE",440,440,428.05,432.45,438,444.1,23028,100.04,"18-Aug-2026",226,"",""
"307","ASHIMASYN","EQ",17.51,17.94,16.95,17.38,17.5,17.51,82670,14.34,"18-Aug-2026",333,"",""
"308","ASHOKA","EQ",113,113,111.5,111.83,111.7,113.27,355486,398.84,"18-Aug-2026",3668,"",""
"309","ASHOKAMET","EQ",13.63,13.7,13.37,13.4,13.37,13.77,10576,1.43,"18-Aug-2026",106,"",""
"310","ASHOKLEY","EQ",177,177.59,174.5,176.35,176.35,177.1,14208948,25046.52,"18-Aug-2026",56877,"",""
"311","ASHWINI","SM",190.05,190.8,190,190.8,190.8,190.5,4000,7.61,"18-Aug-2026",4,"",""
"312","ASIANENE","EQ",426.9,465.1,419.8,463.05,460.4,425.25,3647876,16499.04,"18-Aug-2026",84007,"",""
"313","ASIANHOTNR","EQ",296.95,303.5,296.3,302,297.05,300,5841,17.53,"18-Aug-2026",737,"",""
"314","ASIANPAINT","EQ",2663.1,2670.1,2610.1,2628.4,2628.4,2687.5,1017022,26830.42,"18-Aug-2026",54425,"",""
"315","ASIANTILES","EQ",47.97,47.97,45.5,45.81,45.6,47.97,9346225,4332.9,"18-Aug-2026",15247,"",""
"316","ASIANTNE","EQ",9.5,9.69,9.11,9.46,9.11,9.73,3285,0.31,"18-Aug-2026",48,"",""
"317","ASKAUTOLTD","EQ",651,654.95,633,638.25,643,649.2,260634,1676.64,"18-Aug-2026",12496,"",""
"318","ASMS","BE",6.96,7.16,6.93,7.04,7.05,6.96,146100,10.24,"18-Aug-2026",283,"",""
"319","ASPINWALL","EQ",236.24,239,232.22,234.93,234,236.24,734,1.73,"18-Aug-2026",44,"",""
"320","ASPIRE","SM",14.25,14.25,13.65,13.7,13.7,14.35,122000,17.08,"18-Aug-2026",11,"",""
"321","ASSAMENT","EQ",807.5,807.5,807.5,807.5,807.5,850,7,0.06,"18-Aug-2026",4,"",""
"322","ASTAR","EQ",619.5,619.5,590.3,590.6,590.3,585.05,268,1.6,"18-Aug-2026",152,"",""
"323","ASTEC","EQ",580.8,606.05,564.3,585.55,586.4,580.8,61911,366.45,"18-Aug-2026",4237,"",""
"324","ASTERDM","EQ",824.7,828.8,815.95,818,820,819.75,605701,4964.22,"18-Aug-2026",26787,"",""
"325","ASTRAL","EQ",1538.4,1545,1517.1,1520,1520,1538.3,176344,2689.02,"18-Aug-2026",13612,"",""
"326","ASTRAMICRO","EQ",1707,1800,1706.5,1767.4,1782,1707.1,312448,5476.82,"18-Aug-2026",18844,"",""
"327","ASTRAZEN","EQ",7640.5,7759.5,7595,7645,7621,7640.5,7588,581.27,"18-Aug-2026",2250,"",""
"328","ASTRON","BZ",3.36,3.39,3.32,3.34,3.34,3.38,8350,0.28,"18-Aug-2026",46,"",""
"329","ATALREAL","EQ",36.1,36.33,31.42,33.93,34,35.85,20814653,7198.79,"18-Aug-2026",22420,"",""
"330","ATAM","EQ",60.06,61.89,57.57,59.75,61,60.67,6078,3.63,"18-Aug-2026",231,"",""
"331","ATCENERGY","ST",23.55,23.55,23.55,23.55,23.55,24,1200,0.28,"18-Aug-2026",1,"",""
"332","ATGL","EQ",646.9,655,645.8,647.3,647.55,646.9,343489,2232.14,"18-Aug-2026",12888,"",""
"333","ATHERENERG","EQ",1484.7,1504,1455,1465.8,1468,1485.2,2760706,40725.24,"18-Aug-2026",135850,"",""
"334","ATL","EQ",23.91,24.48,23.36,23.68,23.61,23.91,246036,58.48,"18-Aug-2026",1962,"",""
"335","ATLANTAA","EQ",39.51,40.7,37.71,38.68,38.99,39.64,49094,19.07,"18-Aug-2026",722,"",""
"336","ATLANTAELE","EQ",1828.9,1849.8,1759,1774.4,1770.7,1788.2,224377,4039.21,"18-Aug-2026",25746,"",""
"337","ATLASCYCLE","EQ",97.6,98,96.01,97.19,96.6,97.61,916,0.89,"18-Aug-2026",68,"",""
"338","ATLPP","E1",8.5,8.51,8,8.48,8.48,8.67,10042,0.83,"18-Aug-2026",34,"",""
"339","ATMASTCO","SM",151,151,141,145.55,145.95,147,16000,23.11,"18-Aug-2026",38,"",""
"340","ATUL","EQ",6769.5,6770.5,6585,6608.5,6618,6721,23328,1550.66,"18-Aug-2026",5899,"",""
"341","ATULAUTO","EQ",494.25,501.05,491,493.3,496,498,74007,365.86,"18-Aug-2026",2795,"",""
"342","AUBANK","EQ",1071,1079.6,1064.5,1075.7,1075.7,1072.2,450491,4837.96,"18-Aug-2026",16787,"",""
"343","AURIONPRO","EQ",726.4,727.6,711,712.55,712,722.75,136690,980.37,"18-Aug-2026",7255,"",""
"344","AUROIMPEX","SM",25.05,25.1,25.05,25.1,25.1,26.1,3200,0.8,"18-Aug-2026",2,"",""
"345","AUROPHARMA","EQ",1631,1645.9,1626.3,1645,1645,1627.2,573961,9402.07,"18-Aug-2026",32887,"",""
"346","AURUM","EQ",230.08,230.09,222.8,226.64,228,229.12,77941,175.78,"18-Aug-2026",2083,"",""
"347","AURUS","EQ",4.71,4.8,4.5,4.72,4.73,4.71,13470,0.63,"18-Aug-2026",246,"",""
"348","AUSOMENT","EQ",145,147,141,146.47,146.99,144.39,3851,5.61,"18-Aug-2026",91,"",""
"349","AUSTENG","EQ",122.87,126.75,110,114.3,114.3,122.87,776,0.92,"18-Aug-2026",55,"",""
"350","AUTOAXLES","EQ",1784,1817.7,1758.2,1789,1776.5,1787,8851,159.21,"18-Aug-2026",1092,"",""
"351","AUTOBEES","EQ",306.21,306.56,302.9,303.77,304.15,303.12,141414,429.36,"18-Aug-2026",1956,"",""
"352","AUTOIETF","EQ",30.4,30.5,30.29,30.4,30.49,30.4,542346,164.8,"18-Aug-2026",1802,"",""
"353","AUTOIND","BE",88.7,88.7,88.7,88.7,88.7,93.36,33892,30.06,"18-Aug-2026",146,"",""
"354","AVADHSUGAR","EQ",738,740.05,701.55,711.3,708.2,725.25,287536,2079.95,"18-Aug-2026",9747,"",""
"355","AVALON","EQ",2059.4,2258,2055.9,2197.3,2235,2059.4,1136151,24314.51,"18-Aug-2026",81089,"",""
"356","AVANA","ST",137.55,137.55,137.2,137.4,137.2,144,10000,13.74,"18-Aug-2026",5,"",""
"357","AVANCE","EQ",0.9,0.94,0.9,0.9,0.91,0.9,4124773,37.86,"18-Aug-2026",1181,"",""
"358","AVANTEL","EQ",156.9,163.8,156.63,162.27,162.59,157.51,1319374,2131.04,"18-Aug-2026",14311,"",""
"359","AVANTIFEED","EQ",879.95,883.5,862.1,866.15,864.4,875.6,188859,1647.87,"18-Aug-2026",11286,"",""
"360","AVATAR","ST",239,248.7,239,248.7,248.7,237,14000,33.67,"18-Aug-2026",3,"",""
"361","AVG","BE",199.02,203.97,197,198.42,201.95,199.02,5239,10.44,"18-Aug-2026",96,"",""
"362","AVIANSH","SM",105.5,106,105,106,106,105,4000,4.22,"18-Aug-2026",4,"",""
"363","AVIENCE","SM",238,244.55,238,238,238,237,10800,25.89,"18-Aug-2026",15,"",""
"364","AVL","EQ",608.65,616.95,600,614.15,614.7,608.65,182795,1119.94,"18-Aug-2026",11722,"",""
"365","AVONMORE","EQ",13.49,13.64,13,13.18,13.3,13.01,404631,54.04,"18-Aug-2026",900,"",""
"366","AVPINFRA","SM",59,59.95,57.85,58.5,59,60.3,35200,20.68,"18-Aug-2026",36,"",""
"367","AVROIND","EQ",8.7,8.99,8.41,8.8,8.93,8.5,443107,38.8,"18-Aug-2026",909,"",""
"368","AVTNPL","EQ",87,92.45,87,87.45,88,88.1,1325259,1194.16,"18-Aug-2026",13232,"",""
"369","AWFIS","EQ",268,268.95,265,265.6,265.5,268.95,101104,269.75,"18-Aug-2026",3594,"",""
"370","AWHCL","EQ",385.9,388.85,377,378.4,378,385.9,97976,371.24,"18-Aug-2026",5154,"",""
"371","AWL","EQ",193.9,193.9,189.26,190.04,189.96,193.34,1028865,1967.47,"18-Aug-2026",18445,"",""
"372","AXISBANK","EQ",1223.9,1250.5,1223.4,1243,1243,1227.3,5064697,62823,"18-Aug-2026",75431,"",""
"373","AXISCADES","EQ",1557.1,1630,1555.9,1607.1,1606.8,1553.4,235649,3784.33,"18-Aug-2026",15842,"",""
"374","AXITA","EQ",7.34,7.39,7.25,7.29,7.33,7.25,320267,23.47,"18-Aug-2026",818,"",""
"375","AXTEL","EQ",413.15,419.95,410,415.3,415.85,418,899,3.71,"18-Aug-2026",162,"",""
"376","AYE","EQ",170,172.89,166.55,171.8,171.99,169.77,616285,1040.98,"18-Aug-2026",6009,"",""
"377","AYMSYNTEX","EQ",272.25,277.45,269.05,270.9,273,271.9,26598,72.55,"18-Aug-2026",1067,"",""
"378","AZAD","EQ",2885,2889,2787.4,2858.9,2874,2899.9,773291,21992.86,"18-Aug-2026",44698,"",""
"379","AZADIND","EQ",96,96,90.05,90.93,91.7,91.48,44603,40.95,"18-Aug-2026",580,"",""
"380","BABAFP","SM",22.5,22.5,21.6,22.1,22.1,22.2,8000,1.76,"18-Aug-2026",5,"",""
"381","BAFNAPH","BE",247.5,248,247.5,247.5,247.5,252.55,5177,12.83,"18-Aug-2026",59,"",""
"382","BAGFILMS","EQ",4.52,4.52,4.4,4.43,4.48,4.46,71607,3.18,"18-Aug-2026",160,"",""
"383","BAGMANE","RR",108.2,108.2,106.15,106.65,106.77,107.45,321382,342.71,"18-Aug-2026",12078,"",""
"384","BAHETI","SM",794,794.9,780,780,780,789,25125,198.43,"18-Aug-2026",36,"",""
"385","BAIDFIN","EQ",9.6,9.8,9.46,9.74,9.76,9.6,40417,3.9,"18-Aug-2026",248,"",""
"386","BAJAJ-AUTO","EQ",11700,11768,11581,11607,11607,11663,237816,27762.94,"18-Aug-2026",29772,"",""
"387","BAJAJCON","EQ",480,495,476.2,484.05,483.4,481.4,690508,3342.14,"18-Aug-2026",23999,"",""
"388","BAJAJELEC","EQ",357,369.7,354.65,355.55,355.85,357.45,329572,1185.18,"18-Aug-2026",10070,"",""
"389","BAJAJFINSV","EQ",1998.4,2018.8,1998,2011.2,2011.2,2005,413236,8306.85,"18-Aug-2026",34985,"",""
"390","BAJAJHCARE","EQ",325.65,325.65,320.95,322.25,323,323.05,59116,190.97,"18-Aug-2026",2089,"",""
"391","BAJAJHFL","EQ",84.58,84.9,84.07,84.36,84.26,84,1890650,1596.57,"18-Aug-2026",18337,"",""
"392","BAJAJHIND","EQ",18.05,19.27,17.93,18.6,18.59,17.93,35179356,6594.93,"18-Aug-2026",96830,"",""
"393","BAJAJHLDNG","EQ",11379,11435,11211,11254,11254,11379,21569,2436.19,"18-Aug-2026",4950,"",""
"394","BAJAJINDEF","EQ",216.04,218.99,212.66,213.13,214.3,215.32,11903,25.53,"18-Aug-2026",486,"",""
"395","BAJAJST","EQ",369.9,369.9,354.4,359.5,358.35,358.3,10924,39.19,"18-Aug-2026",769,"",""
"396","BAJEL","EQ",186,187.19,182.9,183.22,183,185.87,95319,175.78,"18-Aug-2026",2287,"",""
"397","BAJFINANCE","EQ",1088.6,1100,1087.6,1094.3,1094.3,1089.3,3374018,36940.43,"18-Aug-2026",94399,"",""
"398","BALAJEE","EQ",27.97,27.97,26.1,26.85,26.6,27.25,63681,16.96,"18-Aug-2026",488,"",""
"399","BALAJITELE","EQ",92.2,93.35,91.21,92.79,92.63,92.72,108093,99.67,"18-Aug-2026",1028,"",""
"400","BALAMINES","EQ",2137.5,2146.8,2084.8,2103.7,2104,2125.2,71077,1502.4,"18-Aug-2026",9075,"",""
"401","BALAXI","EQ",24.21,24.25,23.7,23.72,23.7,24.21,27297,6.55,"18-Aug-2026",122,"",""
"402","BALKRISHNA","EQ",17.31,18,17.27,17.56,17.56,17.45,14136,2.53,"18-Aug-2026",45,"",""
"403","BALKRISIND","EQ",2400,2413,2372,2376.7,2384.8,2407.2,54929,1310.45,"18-Aug-2026",9088,"",""
"404","BALMLAWRIE","EQ",174.5,176.4,174,174.72,174.6,174.59,81494,142.69,"18-Aug-2026",2110,"",""
"405","BALPHARMA","EQ",85,85.95,84.96,85.29,85.5,85,7564,6.45,"18-Aug-2026",367,"",""
"406","BALRAMCHIN","EQ",657.7,669.4,650.5,653.25,654.65,655.75,1122218,7399.86,"18-Aug-2026",34788,"",""
"407","BALUFORGE","EQ",512.35,549.7,508,542.55,541.2,513.35,4047514,21762.86,"18-Aug-2026",76472,"",""
"408","BANARBEADS","EQ",111.75,114.5,111.75,113.4,113.12,111.74,3899,4.42,"18-Aug-2026",178,"",""
"409","BANARISUG","EQ",3469.8,3565,3469.8,3543.9,3565,3469.8,1129,39.71,"18-Aug-2026",118,"",""
"410","BANCOINDIA","EQ",611.95,633.8,611.95,628.55,628.85,611.15,219443,1373,"18-Aug-2026",11898,"",""
"411","BANDHANBNK","EQ",173.25,174,170.21,170.5,170.5,173.25,4548748,7802.4,"18-Aug-2026",51999,"",""
"412","BANG","EQ",28.41,29.74,28.22,28.86,28.99,28.8,12588,3.62,"18-Aug-2026",67,"",""
"413","BANK10ADD","EQ",16.89,16.94,16.81,16.9,16.94,16.99,17562,2.97,"18-Aug-2026",69,"",""
"414","BANK10BETF","EQ",20.97,20.99,20.75,20.79,20.95,20.97,898,0.19,"18-Aug-2026",10,"",""
"415","BANKA","EQ",75.25,82.59,74.73,80.59,82.59,78.66,10584,8.45,"18-Aug-2026",101,"",""
"416","BANKADD","EQ",59.05,59.05,58.63,58.69,58.63,59.26,10678,6.27,"18-Aug-2026",108,"",""
"417","BANKBARODA","EQ",245.42,247.28,243.9,244,244,246.55,3521816,8633.45,"18-Aug-2026",41775,"",""
"418","BANKBEES","EQ",597.03,597.48,593.24,594.86,594.65,598.42,535231,3181.21,"18-Aug-2026",6564,"",""
"419","BANKBETA","EQ",59.63,59.72,59.25,59.33,59.26,59.77,1801535,1067.57,"18-Aug-2026",581,"",""
"420","BANKBETF","EQ",58.72,58.72,58.16,58.39,58.25,58.76,41255,24.12,"18-Aug-2026",173,"",""
"421","BANKETF","EQ",587.38,587.38,583.73,584.69,585.61,587.66,20265,118.48,"18-Aug-2026",389,"",""
"422","BANKIETF","EQ",59.19,59.32,58.83,58.98,59.05,59.38,191986,113.25,"18-Aug-2026",1325,"",""
"423","BANKINDIA","EQ",143,144.42,142.1,142.1,142.1,143.75,2382166,3403.97,"18-Aug-2026",23620,"",""
"424","BANKNIFTY1","EQ",61.38,61.38,59.45,59.63,59.87,59.89,730567,434.66,"18-Aug-2026",740,"",""
"425","BANKPSU","EQ",88.09,88.09,87.1,87.2,87.1,88.09,7756,6.78,"18-Aug-2026",156,"",""
"426","BANSALWIRE","EQ",326.75,326.75,317.65,321,321.5,323.75,83094,266.31,"18-Aug-2026",3819,"",""
"427","BANSWRAS","EQ",116.4,118,114.34,116.01,115.65,115.47,20758,24.1,"18-Aug-2026",677,"",""
"428","BARFLEX","SM",60,60,57.25,59.1,60,60,10000,5.89,"18-Aug-2026",5,"",""
"429","BASF","EQ",4049.3,4086.1,3968.9,3979.8,3991.6,4041.2,30791,1231.82,"18-Aug-2026",6247,"",""
"430","BASILIC","SM",165,187.85,165,183.1,181,171.45,49800,89.41,"18-Aug-2026",129,"",""
"431","BASML","BE",24.4,25.57,24.15,25.12,24.77,24.38,65514,16.37,"18-Aug-2026",170,"",""
"432","BATAINDIA","EQ",755,758,747.8,753.1,751,758.1,592566,4463.03,"18-Aug-2026",15596,"",""
"433","BATLIBOI","EQ",88.05,88.49,85.41,85.85,85.7,87.85,28615,24.77,"18-Aug-2026",1280,"",""
"434","BAWEJA","ST",24.5,25,23.3,23.3,23.3,24.5,24000,5.72,"18-Aug-2026",21,"",""
"435","BAYERCROP","EQ",4128,4128,4060,4105.7,4107.7,4099.2,22696,928.96,"18-Aug-2026",4607,"",""
"436","BBETF0432","EQ",1359.36,1359.36,1352.51,1353.63,1352.65,1358.46,314,4.25,"18-Aug-2026",47,"",""
"437","BBL","EQ",2309.9,2360,2282.5,2339.8,2336,2298.5,29027,672.95,"18-Aug-2026",3804,"",""
"438","BBNPNBETF","EQ",58.07,58.07,57.65,57.78,57.78,58.07,537,0.31,"18-Aug-2026",14,"",""
"439","BBNPPGOLD","EQ",147.8,148.35,147.55,147.65,147.7,147.8,1334,1.98,"18-Aug-2026",50,"",""
"440","BBOX","EQ",774.1,784.3,753.35,777.4,780,774.1,372305,2854.54,"18-Aug-2026",15854,"",""
"441","BBTC","EQ",1465,1481.8,1465,1473.2,1466.7,1463.6,25932,381.77,"18-Aug-2026",4592,"",""
"442","BBTCL","EQ",242.99,242.99,235.49,238.82,238.85,233.35,8402,20.01,"18-Aug-2026",300,"",""
"443","BCG","EQ",9.67,9.72,9.18,9.29,9.32,9.67,6675094,627.16,"18-Aug-2026",7514,"",""
"444","BCLIND","EQ",36.38,37.25,36.11,36.27,36.12,36.36,569274,208.36,"18-Aug-2026",3449,"",""
"445","BCONCEPTS","EQ",158,161.2,156.32,159.8,157.61,157.11,7503,11.92,"18-Aug-2026",511,"",""
"446","BCPL","EQ",74.5,74.5,69,70.79,70.95,73.35,19626,13.79,"18-Aug-2026",456,"",""
"447","BDL","EQ",1380,1401.5,1354.5,1393,1393,1380,2608024,35995.09,"18-Aug-2026",71638,"",""
"448","BEACON","SM",88.95,88.95,85,86.95,86.95,88,32000,27.4,"18-Aug-2026",32,"",""
"449","BEARDSELL","EQ",24.41,25.98,24.4,24.6,24.65,24.87,16682,4.15,"18-Aug-2026",172,"",""
"450","BECTORFOOD","EQ",255.79,263.96,251.5,260.92,260.75,255.3,2984335,7692.47,"18-Aug-2026",39650,"",""
"451","BEDMUTHA","EQ",109.9,115.7,109.84,114.72,114.84,109.11,1711,1.94,"18-Aug-2026",44,"",""
"452","BEEKAY","EQ",433.95,433.95,422.05,424.05,424.1,431.15,1239,5.27,"18-Aug-2026",46,"",""
"453","BEL","EQ",412.7,416.35,410.95,412,412,412.45,9120934,37678.28,"18-Aug-2026",98469,"",""
"454","BELLACASA","EQ",226.73,231.5,222.1,223.29,222.7,222.69,23494,53.25,"18-Aug-2026",1406,"",""
"455","BELRISE","EQ",237,238.7,232.25,236.73,236.8,236.09,5153065,12119.48,"18-Aug-2026",54790,"",""
"456","BEML","EQ",1904,1975,1895.3,1965.5,1961.1,1908.5,723941,14119,"18-Aug-2026",38082,"",""
"457","BENARAS","EQ",10190,10300,10100,10205,10200,10178,50,5.1,"18-Aug-2026",13,"",""
"458","BENGALASM","EQ",6234.5,6333.5,6234.5,6246,6246,6234.5,91,5.69,"18-Aug-2026",23,"",""
"459","BEPL","EQ",123,124.48,121.2,122.17,121.6,122.89,586505,718.18,"18-Aug-2026",5871,"",""
"460","BERGEPAINT","EQ",549,549.6,537.3,541.2,537.65,549.35,243429,1323.69,"18-Aug-2026",28067,"",""
"461","BESTAGRO","EQ",19,19.08,18.1,18.47,18.59,18.88,657252,122.43,"18-Aug-2026",1996,"",""
"462","BETA","EQ",2435,2519.9,2326.2,2355,2380.8,2432.9,51810,1241.15,"18-Aug-2026",7404,"",""
"463","BEWLTD","SM",51,53,50.5,50.95,51,51.4,11000,5.65,"18-Aug-2026",21,"",""
"464","BFINVEST","EQ",462.8,466.95,455.7,460.7,458.15,464.3,21544,99.15,"18-Aug-2026",1344,"",""
"465","BFSI","EQ",27.44,27.45,27.15,27.22,27.21,27.31,71924,19.58,"18-Aug-2026",664,"",""
"466","BFUTILITIE","EQ",542.15,552.7,531.2,533.2,532,545.65,26107,140.25,"18-Aug-2026",1551,"",""
"467","BGRENERGY","BE",251.2,255,239.9,244.15,243,251.2,43964,107.34,"18-Aug-2026",876,"",""
"468","BHADORA","ST",106,107.1,104,107.1,107.1,102,48000,51.08,"18-Aug-2026",32,"",""
"469","BHAGCHEM","EQ",284.9,299,284.9,287.35,286,288.75,275498,798.64,"18-Aug-2026",3654,"",""
"470","BHAGERIA","BE",205.5,205.5,201,203.26,203.5,202.08,9489,19.27,"18-Aug-2026",136,"",""
"471","BHAGYANGR","EQ",388,401.6,376.05,401.05,401.6,382.5,553306,2200.71,"18-Aug-2026",7149,"",""
"472","BHANDARI","EQ",3.03,3.13,3.02,3.05,3.06,3.03,247615,7.59,"18-Aug-2026",357,"",""
"473","BHARATCOAL","EQ",33.49,33.79,33.11,33.24,33.23,33.33,3522388,1175.73,"18-Aug-2026",11514,"",""
"474","BHARATFORG","EQ",2089.9,2098.9,2064,2098.9,2098.9,2093,771575,16099.07,"18-Aug-2026",19570,"",""
"475","BHARATGEAR","BE",102,102.49,101,102,101.97,102.03,7269,7.39,"18-Aug-2026",96,"",""
"476","BHARATRAS","EQ",1307,1307,1252.1,1277.8,1275.2,1301,11204,143.44,"18-Aug-2026",1766,"",""
"477","BHARATSE","EQ",240.35,248.7,239.03,240.91,241.49,238.44,309618,755.34,"18-Aug-2026",8348,"",""
"478","BHARATWIRE","EQ",192.9,194.79,186.4,189.26,189,192.92,129081,244.38,"18-Aug-2026",4474,"",""
"479","BHARTIARTL","EQ",1956.7,1959.7,1923.2,1934.2,1934.2,1969.3,6710275,130463.6,"18-Aug-2026",242801,"",""
"480","BHARTIHEXA","EQ",1634,1634,1595,1600.4,1596,1641,104526,1680.95,"18-Aug-2026",13675,"",""
"481","BHEL","EQ",434,434.15,423.5,425,425,435.95,7418846,31765.48,"18-Aug-2026",67764,"",""
"482","BI","EQ",94,101.38,92.17,101.38,101.38,92.17,523283,522.58,"18-Aug-2026",3117,"",""
"483","BIGBLOC","EQ",45.5,45.5,43.8,44.02,43.81,44.33,37465,16.57,"18-Aug-2026",530,"",""
"484","BIKAJI","EQ",613,615.8,608,608.65,608.5,613.65,36824,224.91,"18-Aug-2026",4467,"",""
"485","BIKEWO","ST",110.3,110.3,110.3,110.3,110.3,105.05,58000,63.97,"18-Aug-2026",25,"",""
"486","BIL","EQ",860,860,830.1,831.25,830.1,854.9,11046,92.14,"18-Aug-2026",306,"",""
"487","BILVYAPAR","BE",4.1,4.28,4.1,4.1,4.1,4.09,2294,0.1,"18-Aug-2026",23,"",""
"488","BIMETAL","EQ",613.5,640,613,632.85,638.8,620,108,0.67,"18-Aug-2026",22,"",""
"489","BIOCON","EQ",413.5,421.6,412.2,417.5,417.5,412,2691030,11267.48,"18-Aug-2026",52525,"",""
"490","BIOFILCHEM","EQ",31.73,32.3,31.55,31.64,31.99,31.73,1870,0.59,"18-Aug-2026",54,"",""
"491","BIOPOL","SM",91,99.95,91,99.7,99.9,90.45,84000,81.5,"18-Aug-2026",49,"",""
"492","BIRET","RR",346,346.95,341,341.86,341.3,344.52,263225,904.16,"18-Aug-2026",7368,"",""
"493","BIRLACABLE","BE",278,293.09,267.05,293.09,293.09,279.14,162560,465.01,"18-Aug-2026",1795,"",""
"494","BIRLACORPN","EQ",893,904.75,893,895.55,894,901.8,27219,244.01,"18-Aug-2026",3067,"",""
"495","BIRLAMONEY","EQ",128.6,131,128.6,129.42,129.11,129.87,42360,54.93,"18-Aug-2026",532,"",""
"496","BIRLANU","EQ",1550,1600,1540,1588.8,1582,1551.8,11753,184.88,"18-Aug-2026",1915,"",""
"497","BIRLAPREC","EQ",37.67,37.67,35.92,36.49,36.68,35.91,10673,3.89,"18-Aug-2026",92,"",""
"498","BLACKBUCK","EQ",567.5,591.6,564,588.8,590.5,569.5,602531,3513.66,"18-Aug-2026",27674,"",""
"499","BLACKROSE","BE",106.9,109.49,103,108.9,108,105.13,13281,14.1,"18-Aug-2026",146,"",""
"500","BLAL","EQ",170.91,171.48,169.1,170.71,171.48,169.43,13496,22.97,"18-Aug-2026",250,"",""
"501","BLBLIMITED","EQ",16,16.4,15.81,16.12,16.34,16.03,102044,16.36,"18-Aug-2026",151,"",""
"502","BLIL","EQ",71.2,71.38,70.72,71.3,71.3,70.59,45096,32.09,"18-Aug-2026",779,"",""
"503","BLISSGVS","BE",519,546.5,501.25,546.5,546.5,520.5,957967,5180.42,"18-Aug-2026",5034,"",""
"504","BLKASHYAP","EQ",53.47,53.47,52.1,52.36,52.57,53.73,188183,98.74,"18-Aug-2026",1177,"",""
"505","BLS","EQ",272.01,277.76,264.82,267.74,268.2,272.56,1545928,4189.3,"18-Aug-2026",23712,"",""
"506","BLSE","EQ",310.95,313.3,310,310.6,310,310.8,119023,370.21,"18-Aug-2026",2794,"",""
"507","BLUECHIP","EQ",1.87,1.87,1.87,1.87,1.87,1.84,3337,0.06,"18-Aug-2026",18,"",""
"508","BLUECLOUDS","EQ",21.98,23.55,21.5,22.85,23,21.83,4225295,963.34,"18-Aug-2026",7960,"",""
"509","BLUECOAST","BE",24,24.99,22.82,23.19,24.5,24,4350,1.02,"18-Aug-2026",37,"",""
"510","BLUEDART","EQ",5100,5125,5070,5085.5,5080,5125,6205,315.91,"18-Aug-2026",1395,"",""
"511","BLUEJET","EQ",589.95,612.95,589.15,607.25,605.2,593.2,1660898,10068.19,"18-Aug-2026",37077,"",""
"512","BLUESTARCO","EQ",1520.5,1535.4,1490,1493,1493,1508.1,576843,8663.61,"18-Aug-2026",27436,"",""
"513","BLUESTONE","EQ",839,852.4,816,820.4,823,834.65,1645777,13685.36,"18-Aug-2026",39445,"",""
"514","BLUEWATER","ST",409.75,409.75,388.9,389.15,388.9,409.35,17000,67.02,"18-Aug-2026",17,"",""
"515","BLUSPRING","EQ",109,112,107.26,111.21,111.85,109,328749,360.05,"18-Aug-2026",3177,"",""
"516","BMETRICS","SM",34.25,34.25,34.25,34.25,34.25,36.7,800,0.27,"18-Aug-2026",1,"",""
"517","BMLL","SM",149.15,163.05,149.15,154.9,158.25,147,292000,453.77,"18-Aug-2026",106,"",""
"518","BMWVENTLTD","EQ",57.5,58.34,57,57.25,57.26,57.62,47589,27.25,"18-Aug-2026",1235,"",""
"519","BNAGROCHEM","EQ",235.3,239,221.15,231.7,222.1,232.75,14186,32.78,"18-Aug-2026",154,"",""
"520","BNALTD","BE",401.1,401.1,385.3,401,401,382,469,1.84,"18-Aug-2026",8,"",""
"521","BNKETFAXIS","EQ",593.4,593.48,590.21,592.79,592.79,596.67,439,2.6,"18-Aug-2026",30,"",""
"522","BODALCHEM","BE",69.96,69.96,67.06,68.8,69.3,69.41,317748,216.19,"18-Aug-2026",747,"",""
"523","BOHRAIND","EQ",13.6,15.41,13.6,14.99,15.35,14.01,21453,3.22,"18-Aug-2026",94,"",""
"524","BOMDYEING","EQ",113.9,116.8,113.9,114.83,114.63,113.89,509320,588.3,"18-Aug-2026",4900,"",""
"525","BONLON","EQ",42.87,43.75,41.15,41.86,41.75,42.02,4314,1.82,"18-Aug-2026",117,"",""
"526","BORANA","EQ",320.95,323.55,312.5,315.2,314,321.1,28381,89.77,"18-Aug-2026",984,"",""
"527","BOROLTD","EQ",242.02,252.32,239.7,250.34,250.94,244.81,116674,289.47,"18-Aug-2026",4177,"",""
"528","BORORENEW","EQ",570.9,576.5,562,563.65,563.5,569.9,271615,1539.17,"18-Aug-2026",6917,"",""
"529","BOROSCI","EQ",132.34,134.09,130,130.46,130.95,132.69,36364,47.92,"18-Aug-2026",1210,"",""
"530","BOSCH-HCIL","EQ",1695,1742.6,1683.1,1732.1,1732,1700.4,77451,1333.04,"18-Aug-2026",6622,"",""
"531","BOSCHLTD","EQ",47010,48940,46775,48730,48730,46970,93891,45284.2,"18-Aug-2026",31640,"",""
"532","BOSS","SM",49.6,49.6,49.6,49.6,49.6,47.45,8000,3.97,"18-Aug-2026",2,"",""
"533","BPCL","EQ",315.3,317.15,310.3,310.3,310.3,316.65,5279469,16602.55,"18-Aug-2026",39765,"",""
"534","BPL","EQ",50.15,50.6,49.9,49.95,49.92,50.15,50252,25.14,"18-Aug-2026",449,"",""
"535","BPLPHARMA","EQ",1553.9,1553.9,1201.1,1264.8,1252,1307,290,3.82,"18-Aug-2026",69,"",""
"536","BRACEPORT","SM",75,75,66.5,66.75,67,75,25600,17.73,"18-Aug-2026",14,"",""
"537","BRAHMINFRA","EQ",178.4,180,167.1,176.78,176.78,170.77,22379,39.09,"18-Aug-2026",171,"",""
"538","BRANDMAN","SM",182.5,188.9,180.4,181.6,180.4,182.5,24000,43.99,"18-Aug-2026",23,"",""
"539","BRIGADE","EQ",598.9,600,585,588.9,588,593.7,358457,2119.42,"18-Aug-2026",13735,"",""
"540","BRIGHOTEL","EQ",61.5,61.8,60.35,60.71,60.4,61.07,70205,42.94,"18-Aug-2026",2465,"",""
"541","BRIGHTBR","EQ",238,260,231,255.13,251.03,231.6,3986,10,"18-Aug-2026",191,"",""
"542","BRITANNIA","EQ",5543.5,5561,5490,5495,5495,5521,281420,15551.79,"18-Aug-2026",17692,"",""
"543","BRNL","EQ",17.96,17.96,17.29,17.33,17.35,17.45,19355,3.37,"18-Aug-2026",367,"",""
"544","BROOKS","BE",58.8,61,58.5,58.94,59.9,60.66,22575,13.33,"18-Aug-2026",134,"",""
"545","BSE","EQ",3298.7,3315.4,3235,3308,3308,3332,5806922,190544.67,"18-Aug-2026",245847,"",""
"546","BSE500IETF","EQ",40.01,40.01,39.85,39.9,39.87,40.01,179861,71.78,"18-Aug-2026",1044,"",""
"547","BSHSL","EQ",86.5,89.99,86.5,87.95,87.9,88.65,3585,3.15,"18-Aug-2026",103,"",""
"548","BSL","EQ",123.72,124.33,121.7,122.85,123.72,123.72,836,1.03,"18-Aug-2026",47,"",""
"549","BSLGOLDETF","EQ",137.85,137.85,134.25,134.68,134.44,134.49,2453893,3303.22,"18-Aug-2026",1840,"",""
"550","BSLNIFTY","EQ",28.2,28.64,28.2,28.44,28.46,28.62,865957,246.27,"18-Aug-2026",3792,"",""
"551","BSLSENETFG","EQ",78.41,78.41,77.6,78.06,78.29,78.38,12436,9.73,"18-Aug-2026",63,"",""
"552","BSOFT","EQ",310.85,311.2,304.5,305.55,305.95,310.8,565208,1732.54,"18-Aug-2026",14652,"",""
"553","BTML","EQ",8.95,9.05,8.89,8.93,8.9,8.95,1257251,112.39,"18-Aug-2026",267,"",""
"554","BTTL","BE",43.06,44.69,43.06,44.36,44.4,43.97,1614,0.71,"18-Aug-2026",23,"",""
"555","BUILDPRO","EQ",1240,1276.6,1232,1270.1,1260.3,1244.2,50106,631.96,"18-Aug-2026",4834,"",""
"556","BULKCORP","SM",67,68.25,67,68.2,68.25,65,9600,6.51,"18-Aug-2026",8,"",""
"557","BURNPUR","BE",16.54,16.54,16.54,16.54,16.54,17.41,3596,0.59,"18-Aug-2026",97,"",""
"558","BUTTERFLY","EQ",648.4,658.8,648.4,656.4,658.45,655.9,8784,57.42,"18-Aug-2026",776,"",""
"559","BVCL","EQ",40.5,40.88,40.1,40.34,40.2,40.53,15824,6.39,"18-Aug-2026",107,"",""
"560","BYKE","BE",31.48,32.3,30.9,31.81,31.31,31.49,16836,5.35,"18-Aug-2026",68,"",""
"561","C2C","SM",242.55,243.95,226.5,229.45,228.8,245.3,301950,697.35,"18-Aug-2026",1268,"",""
"562","CALSOFT","EQ",26.2,27.12,26.19,27.12,27.12,25.83,248678,67.24,"18-Aug-2026",537,"",""
"563","CAMLINFINE","EQ",113.54,115.59,108.7,109.6,109.5,114.11,1256349,1407.13,"18-Aug-2026",10984,"",""
"564","CAMPUS","EQ",217.93,219.91,216.2,216.63,216.75,217.92,502519,1092.72,"18-Aug-2026",11621,"",""
"565","CAMS","EQ",772.1,773.9,757.55,762,762,776.25,1270110,9670.28,"18-Aug-2026",37537,"",""
"566","CANARYS","SM",22,23,21.45,22.75,22.5,21.2,72000,16.13,"18-Aug-2026",17,"",""
"567","CANBK","EQ",130,131,129.1,129.1,129.1,131.1,6622726,8586.57,"18-Aug-2026",46065,"",""
"568","CANFINHOME","EQ",814.35,825,810.05,824.15,824.7,814.35,151032,1238.37,"18-Aug-2026",8825,"",""
"569","CANHLIFE","EQ",148.15,150.49,148.15,149.27,149.59,148.9,248175,370.98,"18-Aug-2026",8687,"",""
"570","CANTABIL","EQ",236.3,238,227.07,228.58,230,236.3,150920,346.99,"18-Aug-2026",4891,"",""
"571","CAPACITE","EQ",210.99,212.39,208.1,209.11,209.25,211.89,178674,374.97,"18-Aug-2026",2432,"",""
"572","CAPILLARY","EQ",524.4,527.5,509.3,513.45,515,525.55,122967,635.53,"18-Aug-2026",3733,"",""
"573","CAPINVIT","IV",77.5,77.5,76.1,76.64,76.66,76.95,397553,304.94,"18-Aug-2026",7589,"",""
"574","CAPITALSFB","EQ",280.15,290.9,280.15,287.75,288.95,281.55,18772,53.76,"18-Aug-2026",834,"",""
"575","CAPLIPOINT","EQ",2540,2558,2506.1,2529.7,2530,2522,70633,1790.68,"18-Aug-2026",11992,"",""
"576","CAPTRUST","BE",21.3,21.9,21.06,21.41,21.5,21.37,19632,4.19,"18-Aug-2026",90,"",""
"577","CARBORUNIV","EQ",1122.7,1148.8,1118.9,1126,1130.3,1122.7,526641,5952.22,"18-Aug-2026",17165,"",""
"578","CARERATING","EQ",1707,1735.7,1695,1725.1,1719,1707,46633,801.56,"18-Aug-2026",6338,"",""
"579","CARRARO","EQ",513,518.75,499.05,512.8,515,513.45,132532,672.62,"18-Aug-2026",6341,"",""
"580","CARTRADE","EQ",2787,2855,2780.1,2802.6,2805,2796.9,258422,7277.76,"18-Aug-2026",29963,"",""
"581","CARYSIL","EQ",1146,1189.8,1146,1181.1,1182,1155.8,84309,989.59,"18-Aug-2026",6982,"",""
"582","CASHIETF","EQ",1075.75,1075.75,1075.73,1075.74,1075.73,1075.6,327549,3523.61,"18-Aug-2026",105,"",""
"583","CASTROLIND","EQ",186.71,187.9,186.1,186.85,186.55,187.55,1104007,2065.74,"18-Aug-2026",29287,"",""
"584","CCAVENUE","EQ",15.19,15.21,15.04,15.08,15.06,15.21,6119978,923.11,"18-Aug-2026",10662,"",""
"585","CCCL","EQ",15.66,15.66,15.37,15.52,15.63,15.59,169800,26.31,"18-Aug-2026",470,"",""
"586","CCHHL","EQ",12.9,12.9,12.18,12.33,12.3,12.55,4200,0.52,"18-Aug-2026",72,"",""
"587","CCL","EQ",1134,1142.9,1130.1,1132.1,1136,1130.4,78918,895.63,"18-Aug-2026",9762,"",""
"588","CDSL","EQ",1356.8,1361.5,1336,1340.6,1340.6,1356.8,759440,10206.12,"18-Aug-2026",29252,"",""
"589","CEATLTD","EQ",3608.5,3643.9,3600,3605.4,3609.3,3608.5,38041,1373.45,"18-Aug-2026",5937,"",""
"590","CEDAAR","ST",15.05,15.05,14.5,14.5,14.5,15.25,17000,2.48,"18-Aug-2026",17,"",""
"591","CEIGALL","EQ",310,312,302.3,309.15,308.05,315.95,1111657,3423.33,"18-Aug-2026",25370,"",""
"592","CEINSYS","EQ",786.5,791.95,780,784.3,782.7,782.65,23346,183.26,"18-Aug-2026",1782,"",""
"593","CELEBRITY","EQ",6.99,6.99,6.64,6.77,6.84,6.8,10342,0.7,"18-Aug-2026",91,"",""
"594","CELLECOR","SM",31.5,33.2,30.75,32.55,33,31.5,441000,142.42,"18-Aug-2026",79,"",""
"595","CELLO","EQ",371.45,371.45,362,362.6,362.1,369.6,236015,861.05,"18-Aug-2026",9250,"",""
"596","CELLPOINT","SM",16.05,16.05,16,16,16,17.05,4800,0.77,"18-Aug-2026",4,"",""
"597","CEMNTGROWW","EQ",15.28,15.28,14.85,14.96,14.95,15.09,66472,9.98,"18-Aug-2026",470,"",""
"598","CEMPRO","EQ",1340,1351.3,1305.9,1324,1319,1321.8,404401,5375.58,"18-Aug-2026",23046,"",""
"599","CENTENKA","EQ",578.5,585.6,573.3,576.55,579.75,572.6,32771,189.47,"18-Aug-2026",1843,"",""
"600","CENTEXT","EQ",22,22.4,21.5,21.93,21.65,21.93,1011698,222.62,"18-Aug-2026",4527,"",""
"601","CENTRALBK","EQ",31.26,31.36,31,31.02,31.07,31.27,3762242,1169.97,"18-Aug-2026",11288,"",""
"602","CENTRUM","EQ",24.48,25.25,23.98,24.2,24.25,24.3,366515,89.75,"18-Aug-2026",978,"",""
"603","CENTUM","EQ",3381,3485.3,3313.8,3430.2,3442.5,3362.6,121628,4169.12,"18-Aug-2026",21847,"",""
"604","CENTURYPLY","EQ",751,762,744.05,748.25,750,750.7,38782,290.55,"18-Aug-2026",4067,"",""
"605","CERA","EQ",5775,5830,5717.5,5792,5830,5787,5308,305.29,"18-Aug-2026",1704,"",""
"606","CEREBRAINT","BZ",2.63,2.63,2.51,2.58,2.53,2.58,54562,1.4,"18-Aug-2026",109,"",""
"607","CESC","EQ",170.22,171.75,167.9,167.98,168,170.22,2555495,4310.27,"18-Aug-2026",20214,"",""
"608","CEWATER","EQ",273.5,281.5,270.3,274.75,273.8,275,212600,588.01,"18-Aug-2026",8470,"",""
"609","CFEL","EQ",31.85,31.85,24.36,29.08,29.6,30.16,11548,3.33,"18-Aug-2026",317,"",""
"610","CGCL","EQ",225.78,229.78,224.28,225.54,224.28,226.24,2703979,6125.43,"18-Aug-2026",26204,"",""
"611","CGPOWER","EQ",898.8,900,889,894.2,894.2,898.8,1568655,14018.4,"18-Aug-2026",26764,"",""
"612","CGRAPHICS","SM",144,144,140.1,141.4,140.1,144,24800,35.05,"18-Aug-2026",26,"",""
"613","CGVAK","EQ",157,157,151.24,151.24,151.24,152,334,0.51,"18-Aug-2026",15,"",""
"614","CHALET","EQ",847.75,848.75,826,834.45,831.7,844.7,57779,481.76,"18-Aug-2026",6473,"",""
"615","CHAMBLFERT","EQ",438.95,438.95,433.1,434.4,435,439.05,357355,1551.98,"18-Aug-2026",18541,"",""
"616","CHANDAN","SM",241.55,250,232.7,246.2,248.7,245.8,71200,172.49,"18-Aug-2026",83,"",""
"617","CHAVDA","SM",141.7,141.7,135,135,135,135.05,62000,83.89,"18-Aug-2026",40,"",""
"618","CHEMBOND","EQ",171,176.97,167.05,172.69,173.76,172.41,3264,5.57,"18-Aug-2026",82,"",""
"619","CHEMBONDCH","BE",263.69,269,260.1,266.23,265.5,263.69,10494,27.77,"18-Aug-2026",210,"",""
"620","CHEMCON","BE",188,190.6,185.51,189.36,190.6,189,10193,19.2,"18-Aug-2026",152,"",""
"621","CHEMCRUX","EQ",88.5,89.29,86.5,87,87,86.63,2039,1.78,"18-Aug-2026",59,"",""
"622","CHEMFAB","EQ",374.45,374.45,361.4,363.45,365,366.95,1371,4.98,"18-Aug-2026",89,"",""
"623","CHEMICAL","EQ",30.41,31.18,30.41,30.85,30.88,30.81,2215646,683.99,"18-Aug-2026",871,"",""
"624","CHEMPLASTS","EQ",179.01,184,174.91,177.69,179,181.73,274157,487.8,"18-Aug-2026",3554,"",""
"625","CHENNPETRO","EQ",1400,1454.5,1384.9,1404,1402.8,1382.4,3584947,51155.7,"18-Aug-2026",122361,"",""
"626","CHETANA","SM",43,44.95,43,44.95,44.95,43.5,6400,2.79,"18-Aug-2026",3,"",""
"627","CHEVIOT","EQ",1170,1175,1160,1165.6,1162,1161.5,394,4.6,"18-Aug-2026",113,"",""
"628","CHOICEGOLD","EQ",152.08,152.95,150.26,151.59,151.51,152.08,4745,7.2,"18-Aug-2026",122,"",""
"629","CHOICEIN","EQ",803.2,809.5,802,803.6,804,803.8,260260,2097.76,"18-Aug-2026",5243,"",""
"630","CHOLAFIN","EQ",1873.2,1889.7,1866.6,1868,1868,1884.7,523303,9824.31,"18-Aug-2026",53795,"",""
"631","CHOLAHLDNG","EQ",1570,1587.3,1557,1563.3,1560,1576.4,67053,1051.38,"18-Aug-2026",8842,"",""
"632","CIEINDIA","EQ",408.1,412,406.2,409.7,411.65,411.3,249282,1019.03,"18-Aug-2026",8175,"",""
"633","CIFL","EQ",21.36,21.36,20.8,20.93,20.81,20.94,15869,3.31,"18-Aug-2026",122,"",""
"634","CINELINE","EQ",88.95,89.1,85.35,87.07,87.89,88.49,11389,9.98,"18-Aug-2026",182,"",""
"635","CINEVISTA","EQ",14.57,14.86,14.01,14.36,14.65,14.8,21389,3.09,"18-Aug-2026",168,"",""
"636","CIPLA","EQ",1431.5,1437.6,1428.4,1431.1,1431.1,1431.5,589396,8446.84,"18-Aug-2026",27511,"",""
"637","CITIUSINVT","IV",113.05,115,112.2,114,115,113.88,111536,126.62,"18-Aug-2026",1697,"",""
"638","CKKRETAIL","SM",145,145,145,145,145,145,1600,2.32,"18-Aug-2026",2,"",""
"639","CLASSICEIL","SM",47.5,47.55,45.15,46.8,46,47.45,27200,12.82,"18-Aug-2026",16,"",""
"640","CLAYCRAFT","SM",158.9,159.9,157.15,158.4,159.9,158.9,7800,12.32,"18-Aug-2026",9,"",""
"641","CLCIND","BE",52.61,52.61,47.61,49.97,50,50.11,2862,1.45,"18-Aug-2026",14,"",""
"642","CLEAN","EQ",839,840.55,819.3,831.9,829.9,840,265290,2203.21,"18-Aug-2026",15769,"",""
"643","CLEANMAX","EQ",1239.9,1251,1229,1244.7,1241.2,1239.9,54458,676.37,"18-Aug-2026",5687,"",""
"644","CLEDUCATE","BE",59.49,61,59.4,60.36,60.93,59,15824,9.51,"18-Aug-2026",120,"",""
"645","CLSEL","EQ",280.2,283.2,277.75,279.05,278.1,281.6,25275,70.81,"18-Aug-2026",809,"",""
"646","CLSL","ST",74.35,76.75,74.35,75.65,76.75,73.15,28000,21.08,"18-Aug-2026",14,"",""
"647","CMLL","EQ",515.35,539,506,532.65,528.9,515.35,1043983,5453.01,"18-Aug-2026",17578,"",""
"648","CMNL","SM",106,106,104.6,105.95,105.95,105.05,5250,5.54,"18-Aug-2026",5,"",""
"649","CMPDI","EQ",234.49,236.55,232.25,233.11,233,235.18,575383,1346.57,"18-Aug-2026",10696,"",""
"650","CMRGREEN","EQ",218.33,220,211.59,211.99,212.25,214.92,971911,2081.49,"18-Aug-2026",12443,"",""
"651","CMRSL","SM",69.5,69.85,69.5,69.85,69.85,66.55,8800,6.14,"18-Aug-2026",11,"",""
"652","CMSINFO","EQ",254.35,254.4,248.25,249.5,250,254.35,989324,2473.04,"18-Aug-2026",26504,"",""
"653","CNL","EQ",1252,1275,1241,1264.15,1255.5,1252.1,41736,525.8,"18-Aug-2026",3763,"",""
"654","COALINDIA","EQ",408.95,412.7,406.75,406.9,406.9,408.45,7352659,30112.59,"18-Aug-2026",80134,"",""
"655","COASTCORP","EQ",41.75,42.74,41.46,41.92,42,41.75,52949,22.11,"18-Aug-2026",532,"",""
"656","COCHINSHIP","EQ",1460.9,1501.6,1457,1485.1,1485.1,1457.8,1360896,20256.54,"18-Aug-2026",41448,"",""
"657","COCKERILL","EQ",8419,8550,8260,8361.5,8400,8419,12747,1065.86,"18-Aug-2026",2855,"",""
"658","COFFEEDAY","BE",29.7,30.5,29.52,29.64,29.66,29.67,189733,56.47,"18-Aug-2026",612,"",""
"659","COFORGE","EQ",1795,1795,1762.2,1773,1773,1806,1572547,27894.82,"18-Aug-2026",55776,"",""
"660","COHANCE","EQ",444.95,466.9,444.75,455.2,454.6,444.75,1507812,6913.26,"18-Aug-2026",46008,"",""
"661","COLPAL","EQ",1954.5,1958.9,1901.7,1903,1903,1964,721820,13822.73,"18-Aug-2026",40110,"",""
"662","COMFINTE","EQ",6.4,6.68,6.31,6.38,6.4,6.53,114866,7.4,"18-Aug-2026",341,"",""
"663","COMMITTED","SM",346.25,347.6,346.25,347.6,347.6,347.8,2400,8.32,"18-Aug-2026",3,"",""
"664","COMMOIETF","EQ",101.24,101.24,99.5,99.83,99.5,100.24,32633,32.66,"18-Aug-2026",516,"",""
"665","COMPEAU","EQ",400,400,336,355.05,355,351.1,2017,7.25,"18-Aug-2026",43,"",""
"666","COMPINFO","BZ",1.12,1.17,1.07,1.07,1.07,1.12,13851,0.15,"18-Aug-2026",31,"",""
"667","COMPUSOFT","EQ",13.29,13.3,13.11,13.22,13.26,13.29,6820,0.9,"18-Aug-2026",82,"",""
"668","COMSYN","EQ",280,284,277.15,279.8,280.21,281.69,48974,137.65,"18-Aug-2026",1705,"",""
"669","CONCOR","EQ",524.5,524.85,517.55,518.25,518.25,524.5,419489,2183.66,"18-Aug-2026",16474,"",""
"670","CONCORDBIO","EQ",1532.5,1598,1524,1565.7,1573,1515,489172,7661.9,"18-Aug-2026",35283,"",""
"671","CONFIPET","EQ",72.7,73.25,69,69.9,70,72.55,1806579,1281.97,"18-Aug-2026",11344,"",""
"672","CONNPLEX","SM",206,212,206,210.6,211.8,209,23200,48.46,"18-Aug-2026",28,"",""
"673","CONS","EQ",12.45,12.47,12.32,12.37,12.45,12.51,654805,81.12,"18-Aug-2026",197,"",""
"674","CONSOFINVT","BE",271.95,277.95,271.95,272,272,271.95,1158,3.16,"18-Aug-2026",25,"",""
"675","CONSUMAXIS","EQ",124.49,124.49,123.54,123.8,123.8,124.73,879,1.09,"18-Aug-2026",18,"",""
"676","CONSUMBEES","EQ",135.61,135.61,134.02,134.2,134.17,135.23,51122,68.68,"18-Aug-2026",880,"",""
"677","CONSUMER","EQ",12.28,12.29,12.2,12.2,12.2,12.28,343641,41.96,"18-Aug-2026",297,"",""
"678","CONSUMIETF","EQ",124.97,125.32,124,124.44,124.08,125.44,7620,9.5,"18-Aug-2026",158,"",""
"679","CONTI","SM",11.05,11.05,11.05,11.05,11.05,11.6,6666,0.74,"18-Aug-2026",2,"",""
"680","CONTROLPR","EQ",569.3,579.65,566.6,575.3,574.5,569.7,14060,80.66,"18-Aug-2026",1339,"",""
"681","COOLCAPS","ST",20.4,20.65,19.5,20.2,20.65,19.75,40000,8.01,"18-Aug-2026",23,"",""
"682","CORALFINAC","EQ",35.45,35.5,33.31,34.69,35.5,34.28,290273,101.1,"18-Aug-2026",1724,"",""
"683","CORDELIA","EQ",823.7,833.95,820.5,830,831,823.2,73939,613.44,"18-Aug-2026",3527,"",""
"684","CORDSCABLE","BE",213.9,224.75,213.9,224.75,224.75,214.05,30808,68.44,"18-Aug-2026",317,"",""
"685","COROMANDEL","EQ",2100,2104.8,2051.2,2062.7,2060,2097.9,58848,1219.29,"18-Aug-2026",8906,"",""
"686","CORONA","EQ",2129,2150,2105.7,2119.4,2112.2,2113.1,16600,352.25,"18-Aug-2026",3965,"",""
"687","COSMOFIRST","EQ",962.2,981,957,961.2,965,964.85,94828,918.78,"18-Aug-2026",5504,"",""
"688","COUNCODOS","BE",6.85,6.94,6.7,6.88,6.93,6.72,169709,11.67,"18-Aug-2026",307,"",""
"689","CPCAP","EQ",130.71,130.71,125.5,126.94,126.42,130.32,16150,20.59,"18-Aug-2026",289,"",""
"690","CPEDU","EQ",207.82,208.8,201.06,203.99,207.95,208.11,6510,13.37,"18-Aug-2026",191,"",""
"691","CPL","EQ",68.9,69.97,68,68.36,68,68.46,118794,81.66,"18-Aug-2026",593,"",""
"692","CPPLUS","EQ",3260.1,3388,3260,3342,3355,3343.1,412214,13710.42,"18-Aug-2026",39832,"",""
"693","CPS","SM",1060,1060,1060,1060,1060,1066.45,750,7.95,"18-Aug-2026",2,"",""
"694","CPSEETF","EQ",94,94.3,93.7,93.99,94.09,93.76,969195,910.89,"18-Aug-2026",5240,"",""
"695","CRAFTSMAN","EQ",10548.5,10960,10490.5,10890.5,10900,10480,58181,6289.2,"18-Aug-2026",18174,"",""
"696","CRAMC","EQ",253.95,256.9,251,254.4,253.7,253.95,196677,498.84,"18-Aug-2026",6526,"",""
"697","CRAVATEX","EQ",347.9,347.9,346.8,347.9,347.9,350,59,0.2,"18-Aug-2026",21,"",""
"698","CRAYONS","SM",26.9,26.9,26.9,26.9,26.9,25.65,3000,0.81,"18-Aug-2026",3,"",""
"699","CREATIVEYE","EQ",6.32,6.33,6.12,6.19,6.19,6.21,469,0.03,"18-Aug-2026",43,"",""
"700","CREDITACC","EQ",1543.3,1545,1513.9,1524.6,1524,1538.6,89923,1371.05,"18-Aug-2026",12141,"",""
"701","CREST","EQ",354.95,364,349.3,352.05,356.95,355.3,3891,13.81,"18-Aug-2026",156,"",""
"702","CRISIL","EQ",4500,4500,4401.2,4442.5,4444,4488.3,37708,1672.27,"18-Aug-2026",6347,"",""
"703","CRIZAC","EQ",176.99,177,174,174.58,175,176.19,189453,331.49,"18-Aug-2026",3760,"",""
"704","CROMPTON","EQ",245.3,245.75,242.95,244.8,244.8,246.5,1305455,3185.69,"18-Aug-2026",15792,"",""
"705","CROWN","EQ",107.9,110,107.52,107.63,108.89,107.04,9445,10.26,"18-Aug-2026",157,"",""
"706","CRSL","EQ",2.14,2.19,2.01,2.15,2.16,2.11,408564,8.78,"18-Aug-2026",577,"",""
"707","CSBBANK","EQ",313,320.2,312.95,317.45,317.1,319.95,340793,1081.44,"18-Aug-2026",9252,"",""
"708","CSLFINANCE","EQ",222.93,222.93,221,221,221,219.55,35048,77.5,"18-Aug-2026",341,"",""
"709","CSM","EQ",100.88,100.89,99.66,100.19,99.95,100.37,75667,75.75,"18-Aug-2026",1295,"",""
"710","CTE","EQ",42.8,42.8,42.8,42.8,42.8,40.77,12043,5.15,"18-Aug-2026",47,"",""
"711","CUB","EQ",215,223,214.85,222.18,222.19,215.2,3912107,8642.07,"18-Aug-2026",105789,"",""
"712","CUBEINVIT","IV",162.26,162.26,159.5,159.99,159.99,160.99,975592,1562.22,"18-Aug-2026",7141,"",""
"713","CUBEXTUB","EQ",82.23,83.58,79.81,80.54,80.89,83.22,59744,48.69,"18-Aug-2026",1110,"",""
"714","CUDML","ST",105.05,105.9,102.35,104.1,104.1,107.7,64000,67.1,"18-Aug-2026",23,"",""
"715","CUMMINSIND","EQ",5478.5,5484,5350,5350,5350,5450,177068,9584.58,"18-Aug-2026",23003,"",""
"716","CUPID","EQ",273,285.7,257.21,284.03,282.99,267.32,68917290,187686.02,"18-Aug-2026",635844,"",""
"717","CURAA","EQ",70.8,72,69.5,69.74,72,71,282,0.2,"18-Aug-2026",16,"",""
"718","CURIS","SM",110.3,110.3,110.2,110.2,110.2,111.5,3000,3.31,"18-Aug-2026",3,"",""
"719","CURRENT","SM",100,100,98,98,98,101.05,3200,3.17,"18-Aug-2026",2,"",""
"720","CYBERMEDIA","EQ",16.89,16.89,16.16,16.23,16.2,16.62,34703,5.66,"18-Aug-2026",89,"",""
"721","CYBERTECH","BE",135,135.99,133.05,133.92,133.05,133.64,8492,11.44,"18-Aug-2026",128,"",""
"722","CYIENT","EQ",861.4,869.55,850.1,858.55,857.95,868,1226576,10503.09,"18-Aug-2026",22760,"",""
"723","CYIENTDLM","EQ",736.2,764.8,733.4,736.1,739,737.45,937835,7000.48,"18-Aug-2026",38454,"",""
"724","DABUR","EQ",406.8,406.8,402.1,403.5,403.5,406.8,1853755,7485.2,"18-Aug-2026",20801,"",""
"725","DAICHI","EQ",337.95,337.95,317.05,323.95,323,329.9,13853,44.99,"18-Aug-2026",185,"",""
"726","DALBHARAT","EQ",1850,1858.4,1831.6,1837.1,1837.1,1844,246659,4547.28,"18-Aug-2026",18198,"",""
"727","DALMIASUG","EQ",458.9,467.7,445,452.7,454,459.6,587471,2695.51,"18-Aug-2026",14029,"",""
"728","DAMCAPITAL","EQ",145.8,148,145.11,147.05,146.8,146.39,255482,374.64,"18-Aug-2026",5237,"",""
"729","DAMODARIND","BE",27.58,27.6,27.21,27.6,27.6,27.58,1909,0.53,"18-Aug-2026",9,"",""
"730","DANGEE","EQ",2.95,3.02,2.9,2.9,2.9,2.94,92626,2.69,"18-Aug-2026",128,"",""
"731","DANISH","SM",795,808.95,786,791.15,790,788.8,20850,165.31,"18-Aug-2026",116,"",""
"732","DATAMATICS","EQ",852.35,852.35,827.75,833.95,833.85,852.35,68621,572.8,"18-Aug-2026",5183,"",""
"733","DATAPATTNS","EQ",4530,4750,4525,4737.2,4740,4528.7,1385637,64681,"18-Aug-2026",104145,"",""
"734","DAVANGERE","EQ",3.29,3.29,3.16,3.19,3.21,3.2,3198031,102.58,"18-Aug-2026",1704,"",""
"735","DBCORP","EQ",212.98,212.98,209.37,209.85,209.5,212.13,53733,113.23,"18-Aug-2026",2529,"",""
"736","DBEIL","BE",6.84,6.96,6.62,6.68,6.64,6.84,142759,9.62,"18-Aug-2026",386,"",""
"737","DBL","EQ",419.35,422.95,416.55,421.2,421.3,419.6,69086,290.9,"18-Aug-2026",3277,"",""
"738","DBOL","EQ",122,133.5,120,121.99,123.9,121.08,1117878,1415.61,"18-Aug-2026",15412,"",""
"739","DBREALTY","EQ",109,109.05,105.56,106.48,106.31,108.51,562777,601.5,"18-Aug-2026",5716,"",""
"740","DBSTOCKBRO","BE",32,33.49,31.51,32.52,32.1,32.51,5294,1.7,"18-Aug-2026",33,"",""
"741","DCAL","EQ",175.25,180.63,168.01,169.14,168.3,175.83,551160,949.54,"18-Aug-2026",8993,"",""
"742","DCBBANK","EQ",182.8,183.64,180.5,183.08,182.5,184.09,695982,1268.08,"18-Aug-2026",14554,"",""
"743","DCG","SM",51.3,55.6,51.3,54.5,54.5,53.05,30000,16.26,"18-Aug-2026",25,"",""
"744","DCI","EQ",380,382.7,365.1,373,374,382.35,20081,74.51,"18-Aug-2026",1324,"",""
"745","DCM","BE",81.08,84.2,80.44,82.5,82.5,82.08,5432,4.49,"18-Aug-2026",46,"",""
"746","DCMFINSERV","EQ",5.55,5.79,5.4,5.62,5.67,5.55,7835,0.44,"18-Aug-2026",302,"",""
"747","DCMNVL","EQ",174.31,180.71,173.33,178.29,178.8,173.83,40956,73.37,"18-Aug-2026",578,"",""
"748","DCMSHRIRAM","EQ",1039.9,1049.8,1013.2,1026.4,1022,1018.4,173224,1782.94,"18-Aug-2026",14539,"",""
"749","DCMSIL","EQ",74,75.49,67.16,68.94,68.4,74.26,208275,146.81,"18-Aug-2026",1519,"",""
"750","DCMSRIND","EQ",46,47.8,45.9,46.94,46.99,45.73,467380,219.01,"18-Aug-2026",4031,"",""
"751","DCW","EQ",44.26,44.89,43.54,43.69,43.63,44.26,1204783,531.12,"18-Aug-2026",5194,"",""
"752","DCXINDIA","EQ",175.87,183.15,175.11,179.12,178.85,173.32,1199771,2151.71,"18-Aug-2026",17587,"",""
"753","DDEVPLSTIK","EQ",270,274.3,268.55,272.75,273,269.3,105618,286.52,"18-Aug-2026",2674,"",""
"754","DECCANCE","EQ",548,552,541.05,545.55,541.65,544,2786,15.2,"18-Aug-2026",188,"",""
"755","DECCANTRAN","SM",22.5,23,22.5,22.75,23,23,2400,0.55,"18-Aug-2026",2,"",""
"756","DECNGOLD","EQ",243.03,249,240.4,244.05,243.01,239.9,4205721,10294.86,"18-Aug-2026",38753,"",""
"757","DEEDEV","EQ",642.05,669.25,641,657.25,659.9,650.55,149577,978.81,"18-Aug-2026",5589,"",""
"758","DEEM","ST",40,40.45,38.7,40.45,40.45,40.7,6000,2.36,"18-Aug-2026",6,"",""
"759","DEEP","EQ",37.9,37.9,34.5,36.96,35.4,36.01,10406,3.81,"18-Aug-2026",67,"",""
"760","DEEPAKFERT","EQ",1504.8,1522,1466.2,1472,1473.3,1502.7,150625,2242.41,"18-Aug-2026",12561,"",""
"761","DEEPAKNTR","EQ",1780,1787,1753.5,1771,1770,1780.5,229368,4070.12,"18-Aug-2026",18075,"",""
"762","DEEPINDS","EQ",683.45,720,677.9,717.95,715.5,680.7,721008,5090.48,"18-Aug-2026",21586,"",""
"763","DEFENCE","EQ",83.49,83.99,82.53,83.52,83.52,82.69,238146,198.69,"18-Aug-2026",855,"",""
"764","DELAPLEX","SM",90,90,88,88,88,90,2400,2.13,"18-Aug-2026",4,"",""
"765","DELHIVERY","EQ",451.65,456.95,448.8,451.8,451.8,456,1460519,6601.22,"18-Aug-2026",19674,"",""
"766","DELPHIFX","BE",6.72,6.76,6.5,6.59,6.65,6.66,73094,4.82,"18-Aug-2026",154,"",""
"767","DELTACORP","EQ",59.7,61.08,59.5,60.71,60.53,60.18,1074956,646.93,"18-Aug-2026",6474,"",""
"768","DELTAMAGNT","EQ",59,59.48,57,57.5,58.22,59.08,3590,2.08,"18-Aug-2026",144,"",""
"769","DELTIC","SM",33.3,33.5,33.15,33.3,33.3,34.5,7000,2.33,"18-Aug-2026",7,"",""
"770","DEN","EQ",27.9,27.9,27.31,27.41,27.37,27.78,171835,47.21,"18-Aug-2026",1208,"",""
"771","DENEERS","SM",175.05,179.8,168.65,172.3,172.3,180.5,13800,23.81,"18-Aug-2026",23,"",""
"772","DENORA","EQ",826.4,858.8,824.3,851.05,843.9,830.55,2284,19.22,"18-Aug-2026",348,"",""
"773","DENTA","EQ",285.3,293.35,281.35,286,285.7,287.05,246172,701.61,"18-Aug-2026",7070,"",""
"774","DENTALKART","SM",400.35,401,397,399,400,409.9,12750,50.95,"18-Aug-2026",39,"",""
"775","DEVIT","EQ",25.8,26.3,25.21,25.25,25.21,26.02,54428,13.85,"18-Aug-2026",549,"",""
"776","DEVX","EQ",33.9,33.9,33,33.31,33.22,32.88,31485,10.5,"18-Aug-2026",587,"",""
"777","DEVYANI","EQ",143.61,144.56,140.42,142.09,141.5,143.65,1844675,2619.89,"18-Aug-2026",13752,"",""
"778","DGCONTENT","EQ",24.33,24.49,23.73,24.34,24.14,24.33,5715,1.39,"18-Aug-2026",53,"",""
"779","DHABRIYA","EQ",509,586.9,499.2,558.05,560.1,504.35,122906,677.51,"18-Aug-2026",3792,"",""
"780","DHAMPURSUG","EQ",173.9,177.45,166.5,168.65,168.69,170.87,1604098,2760.71,"18-Aug-2026",21703,"",""
"781","DHANBANK","EQ",32.3,32.49,31.8,32.24,32.29,32.39,559449,179.81,"18-Aug-2026",2903,"",""
"782","DHANSA","SM",21.55,21.55,21.3,21.3,21.3,20.85,6000,1.29,"18-Aug-2026",3,"",""
"783","DHANUKA","EQ",1011.6,1011.6,990,996.4,1003.9,997,20287,202.37,"18-Aug-2026",1797,"",""
"784","DHARAN","BZ",0.16,0.17,0.15,0.16,0.16,0.16,12035589,19.27,"18-Aug-2026",1613,"",""
"785","DHARIWAL","SM",18.55,18.75,18.15,18.15,18.15,19.1,81000,14.85,"18-Aug-2026",26,"",""
"786","DHARMAJ","EQ",268.5,271,267.95,270,270,269.25,29791,80.37,"18-Aug-2026",1716,"",""
"787","DHATRE","EQ",5.02,5.02,4.33,4.58,4.6,4.26,104322,4.74,"18-Aug-2026",348,"",""
"788","DHOOTTRANS","EQ",1170,1305.75,1165,1305.75,1305.75,1187.05,9337722,115895.27,"18-Aug-2026",339993,"",""
"789","DHRUV","EQ",26.31,26.31,24.31,24.9,24.89,25.14,2892,0.72,"18-Aug-2026",48,"",""
"790","DHUNINV","EQ",1019.7,1022.45,957.5,976.95,968.35,1014.65,2115,20.74,"18-Aug-2026",257,"",""
"791","DIACABS","BE",361,372.7,353.1,367.95,371.05,359.9,1174622,4277.7,"18-Aug-2026",13034,"",""
"792","DIAMINESQ","EQ",235.85,241.11,234,236.71,239.95,235.85,2943,6.96,"18-Aug-2026",127,"",""
"793","DIAMONDYD","EQ",1193.8,1203.8,1180.9,1193.8,1193,1190.4,11074,132.13,"18-Aug-2026",1363,"",""
"794","DICIND","EQ",594.8,595.95,582.05,584.35,583.2,591.95,2947,17.31,"18-Aug-2026",242,"",""
"795","DIFFNKG","EQ",398.55,410.85,398.55,408.5,407.6,398.4,108267,440.14,"18-Aug-2026",4999,"",""
"796","DIGIDRIVE","EQ",17.1,18,17.05,17.8,17.9,17.52,16597,2.95,"18-Aug-2026",129,"",""
"797","DIGIKORE","SM",37.15,42.5,36,37,37.05,37.15,72000,27.72,"18-Aug-2026",146,"",""
"798","DIGISPICE","EQ",16.98,17.42,16.08,16.77,16.78,16.62,91590,15.47,"18-Aug-2026",302,"",""
"799","DIGITIDE","EQ",96.99,98.62,94.6,98.08,97.85,96.49,254802,246.37,"18-Aug-2026",3351,"",""
"800","DIGJAMLMTD","EQ",51.02,52,50.06,51.74,50.6,50.52,10235,5.28,"18-Aug-2026",106,"",""
"801","DISAQ","EQ",11664,11954,11650,11696,11675,11641,761,89.54,"18-Aug-2026",463,"",""
"802","DISHTV","EQ",2.81,2.84,2.76,2.82,2.81,2.81,884017,24.76,"18-Aug-2026",846,"",""
"803","DIVGIITTS","EQ",1284,1311.9,1245.1,1259,1259,1284.45,310830,3985.31,"18-Aug-2026",18782,"",""
"804","DIVIDEND","EQ",35.9,35.9,35.59,35.62,35.66,35.91,12300,4.4,"18-Aug-2026",88,"",""
"805","DIVINEHIRA","ST",109.7,111,107.1,111,111,110.9,30000,32.43,"18-Aug-2026",16,"",""
"806","DIVISLAB","EQ",8510,8630,8504,8588,8588,8481.5,404163,34683.74,"18-Aug-2026",43159,"",""
"807","DIVOPPBEES","EQ",78.98,78.98,77.65,77.77,77.93,78.5,112680,87.7,"18-Aug-2026",797,"",""
"808","DIXON","EQ",14100,14420,14066,14150,14150,14025,387416,55049.01,"18-Aug-2026",49842,"",""
"809","DJML","EQ",103.55,106.67,103.55,105.46,104.35,107.44,166705,175.6,"18-Aug-2026",2174,"",""
"810","DKEGL","SM",69.95,69.95,69.95,69.95,69.95,66,1500,1.05,"18-Aug-2026",1,"",""
"811","DLF","EQ",672,682.5,658.25,665.75,665.75,671,6099954,40928.65,"18-Aug-2026",63488,"",""
"812","DLINKINDIA","EQ",421.05,422,413.1,418.85,419.9,418.7,72487,301.54,"18-Aug-2026",2925,"",""
"813","DMART","EQ",3989.6,4019.1,3946.7,3981,3981,3995,339330,13542.2,"18-Aug-2026",24428,"",""
"814","DMCC","EQ",293.4,299.9,285.95,287.75,287,293.65,60692,177.08,"18-Aug-2026",1959,"",""
"815","DNAMEDIA","EQ",2.68,2.68,2.51,2.55,2.6,2.69,93831,2.42,"18-Aug-2026",163,"",""
"816","DODLA","EQ",1100,1105.9,1090.1,1094.7,1094,1099.5,27797,304.78,"18-Aug-2026",5017,"",""
"817","DOLATALGO","EQ",71.19,71.59,70.62,71.14,71.02,71.18,66139,47.01,"18-Aug-2026",840,"",""
"818","DOLLAR","EQ",268.9,270.7,264.05,268.55,268,268.35,82886,221.4,"18-Aug-2026",2112,"",""
"819","DOLLEX","SM",32.45,32.45,31.6,32,32.35,32.05,16000,5.14,"18-Aug-2026",4,"",""
"820","DOLPHIN","EQ",575,639,560.7,619.4,620,576.85,553474,3405.51,"18-Aug-2026",25822,"",""
"821","DOMS","EQ",2215,2225.7,2207.3,2218.6,2219.9,2218.1,16908,374.62,"18-Aug-2026",2858,"",""
"822","DONEAR","EQ",86.51,91,86.51,89.18,89.09,87.64,25660,23.03,"18-Aug-2026",512,"",""
"823","DPABHUSHAN","EQ",1385.6,1470.2,1385.6,1457.2,1451.1,1403.8,30351,438.19,"18-Aug-2026",2117,"",""
"824","DPEL","SM",591,591,578,584.5,578,589.55,35000,204.39,"18-Aug-2026",64,"",""
"825","DPSCLTD","BE",7.35,7.35,6.85,7.05,7,7.21,259892,18.33,"18-Aug-2026",684,"",""
"826","DPWIRES","BE",164.29,164.29,160,161.04,161,162.66,3727,6,"18-Aug-2026",97,"",""
"827","DRAGARWQ","EQ",5238,5400,5225,5321,5305.5,5294,612,32.72,"18-Aug-2026",211,"",""
"828","DRCSYSTEMS","EQ",13.3,13.3,12.71,13,13,13.07,25838,3.33,"18-Aug-2026",230,"",""
"829","DREAMFOLKS","EQ",65.4,68.1,65.4,66.65,66.5,65.85,59119,39.56,"18-Aug-2026",1546,"",""
"830","DREDGECORP","EQ",1150.3,1170,1148.9,1160.8,1156,1160.5,98365,1140.17,"18-Aug-2026",6639,"",""
"831","DRONE","SM",38.65,39.35,38.3,38.9,39,37.6,16000,6.21,"18-Aug-2026",30,"",""
"832","DRREDDY","EQ",1185,1189.3,1176.1,1178.8,1178.8,1192,805633,9540.44,"18-Aug-2026",27255,"",""
"833","DRSDILIP","SM",108,108,108,108,108,109.9,800,0.86,"18-Aug-2026",1,"",""
"834","DSFCL","BE",26.01,26.01,26.01,26.01,26.01,25.5,8756,2.28,"18-Aug-2026",21,"",""
"835","DSKULKARNI","BE",14.65,14.65,14.65,14.65,14.65,13.96,1777,0.26,"18-Aug-2026",9,"",""
"836","DSSL","EQ",1184.4,1189.9,1135,1147.2,1150,1158.1,32102,369.24,"18-Aug-2026",2812,"",""
"837","DTIL","EQ",134,136.8,132.55,134.02,133.15,133.13,2551,3.45,"18-Aug-2026",60,"",""
"838","DUCOL","SM",103.5,104.75,103.5,103.55,103.55,103,3200,3.32,"18-Aug-2026",4,"",""
"839","DUCON","EQ",3.24,3.4,3.22,3.29,3.31,3.24,379325,12.59,"18-Aug-2026",470,"",""
"840","DUGLOBAL","SM",24,24,23.5,23.5,23.5,24,7500,1.78,"18-Aug-2026",3,"",""
"841","DURLAX","SM",62.5,63.5,60,60.55,60.3,64.1,1e+05,61.35,"18-Aug-2026",49,"",""
"842","DVL","EQ",264.49,267.55,263.24,265.81,265.1,265.92,10527,27.99,"18-Aug-2026",410,"",""
"843","DWARKESH","EQ",45.24,46.95,44.21,44.64,44.63,44.94,3757036,1721.12,"18-Aug-2026",15973,"",""
"844","DYCL","EQ",464,468.3,450,452.9,452.05,465.35,396713,1817.29,"18-Aug-2026",11583,"",""
"845","DYNAMATECH","EQ",11123,11950,11112,11770,11757,11123,33740,3921.92,"18-Aug-2026",10061,"",""
"846","DYNAMIC","ST",139.9,145,136.65,141.75,140,140.45,10500,14.8,"18-Aug-2026",14,"",""
"847","DYNPRO","EQ",227,233,226.6,228.4,229,232.05,9360,21.52,"18-Aug-2026",346,"",""
"848","E2E","BE",672,686.95,656,664.55,668,686.15,890449,5963.19,"18-Aug-2026",22586,"",""
"849","E2ERAIL","SM",269,314.35,269,303.3,302.5,262.1,643200,1924,"18-Aug-2026",562,"",""
"850","EASEMYTRIP","EQ",6.21,6.29,6.12,6.16,6.16,6.13,10633745,658.36,"18-Aug-2026",7671,"",""
"851","EASTSILK","BE",59.4,59.41,59,59,59,56.59,360,0.21,"18-Aug-2026",9,"",""
"852","EASTWEST","EQ",2.5,2.5,2.31,2.32,2.43,2.45,11822,0.28,"18-Aug-2026",70,"",""
"853","EBANK10","EQ",16.74,17.75,16.74,16.98,16.9,16.74,314,0.05,"18-Aug-2026",7,"",""
"854","EBANKNIFTY","EQ",58.31,58.31,57.76,58.06,58.06,58.11,1941,1.12,"18-Aug-2026",26,"",""
"855","EBBETF0430","EQ",1617.87,1617.88,1610.11,1612.87,1611.8,1611.52,45396,731.37,"18-Aug-2026",266,"",""
"856","EBBETF0431","EQ",1443.19,1443.96,1441.1,1441.15,1441.15,1443.19,1346,19.41,"18-Aug-2026",51,"",""
"857","EBBETF0433","EQ",1316.55,1318,1311.27,1317.35,1313.22,1316.39,3703,48.71,"18-Aug-2026",90,"",""
"858","EBGNG","EQ",595,595,568,570.7,570,593,306764,1768.11,"18-Aug-2026",12332,"",""
"859","EBIX","EQ",17.06,17.06,16.03,17.06,17.06,16.25,229126,38.61,"18-Aug-2026",386,"",""
"860","ECAPINSURE","EQ",23.89,23.89,23.65,23.85,23.85,23.89,83425,19.83,"18-Aug-2026",259,"",""
"861","ECLERX","EQ",1850.1,1854,1773.9,1805.2,1811,1848.9,141785,2554.24,"18-Aug-2026",17495,"",""
"862","ECOLINE","ST",181.05,183.9,180,182,182,184.05,10000,18.15,"18-Aug-2026",10,"",""
"863","ECORECO","EQ",493.55,493.6,460,467.75,465.7,479,5959,27.95,"18-Aug-2026",546,"",""
"864","ECOSMOBLTY","BE",116.99,117.7,112.4,112.58,112.5,116.99,140992,160.9,"18-Aug-2026",1808,"",""
"865","EDELWEISS","EQ",122,123.68,120.5,121.4,120.62,122.67,1545184,1887.83,"18-Aug-2026",13685,"",""
"866","EEPL","SM",132.1,139.95,132,138.5,138.6,133.85,36000,49.31,"18-Aug-2026",33,"",""
"867","EFACTOR","SM",222,222,200,202.65,203,199.35,11200,22.98,"18-Aug-2026",20,"",""
"868","EFCIL","EQ",174,187.75,171.42,184.64,184.21,174.1,513483,922.76,"18-Aug-2026",6720,"",""
"869","EFFWA","ST",344.9,347,344.9,346,347,345.75,11600,40.04,"18-Aug-2026",19,"",""
"870","EFORCE","SM",21.55,21.55,21,21,21,21,2400,0.51,"18-Aug-2026",2,"",""
"871","EGOLD","EQ",152.05,153.15,152,152.95,152.45,152.85,19939,30.48,"18-Aug-2026",535,"",""
"872","EICHERMOT","EQ",8040,8107,8016.5,8018.5,8018.5,8050,262500,21190.27,"18-Aug-2026",34278,"",""
"873","EIDPARRY","EQ",794.45,795,772.2,780.6,783,792.05,697047,5449.56,"18-Aug-2026",43985,"",""
"874","EIEL","EQ",200.24,201.89,196.5,197.18,197.59,200.16,439150,868.31,"18-Aug-2026",7215,"",""
"875","EIFFL","BE",260.95,260.95,251.1,259.55,255,261,11795,29.88,"18-Aug-2026",102,"",""
"876","EIHAHOTELS","EQ",294.45,296.75,289.45,293.5,295.4,292.2,18024,52.69,"18-Aug-2026",934,"",""
"877","EIHOTEL","EQ",296,297.45,294.05,296.7,296,296,111718,330.66,"18-Aug-2026",4889,"",""
"878","EIMCOELECO","EQ",2125,2197.9,2125,2153.7,2143.2,2189.1,41008,887.47,"18-Aug-2026",4674,"",""
"879","EKC","EQ",109.53,109.9,108.11,108.59,108.69,109.53,130325,141.79,"18-Aug-2026",1932,"",""
"880","EKI","EQ",80.84,80.88,79.01,79.58,79.98,80.84,5934,4.72,"18-Aug-2026",286,"",""
"881","ELANTAS","EQ",11893,11893,11460,11701.5,11750,11705.5,2723,319.27,"18-Aug-2026",1431,"",""
"882","ELCIDIN","EQ",110895,110995,110000,110000,110000,110895,5,5.53,"18-Aug-2026",5,"",""
"883","ELDEHSG","EQ",768,822,745,817.5,803.2,765.35,11501,92.32,"18-Aug-2026",412,"",""
"884","ELECON","EQ",440.5,444.75,431.65,433.95,435,438.25,309070,1356.2,"18-Aug-2026",12116,"",""
"885","ELECTCAST","EQ",71.6,72.35,71,71.25,71.39,71.95,570745,407.8,"18-Aug-2026",7713,"",""
"886","ELECTHERM","EQ",986.7,1059,959.9,1024.1,1027.2,974.8,82284,839.1,"18-Aug-2026",2950,"",""
"887","ELGIEQUIP","EQ",622,628,612,614.2,613,624.2,609442,3781.65,"18-Aug-2026",19189,"",""
"888","ELGIRUBCO","EQ",58.6,59.88,57.15,57.87,57.95,59.11,43421,25.37,"18-Aug-2026",1093,"",""
"889","ELGNZ","SM",85.9,94.5,85.9,91.45,92.2,86.5,56000,50.6,"18-Aug-2026",30,"",""
"890","ELIN","EQ",101.53,103.5,100.78,101.41,102.5,102.28,189743,194.04,"18-Aug-2026",2175,"",""
"891","ELIQUID","EQ",1044.07,1044.09,1044.07,1044.08,1044.08,1043.95,25752,268.87,"18-Aug-2026",18,"",""
"892","ELITECON","EQ",16.73,17.25,16.73,17.13,17.25,16.73,649218,110.28,"18-Aug-2026",3087,"",""
"893","ELLEN","EQ",329,336.9,322,324.75,325,328.3,309877,1021.03,"18-Aug-2026",7032,"",""
"894","ELM250","EQ",17.58,17.58,16.77,16.91,16.95,17.16,154976,26.19,"18-Aug-2026",598,"",""
"895","ELMDIV","EQ",36.88,36.9,36.6,36.72,36.85,36.88,2132,0.78,"18-Aug-2026",28,"",""
"896","ELPROINTL","EQ",179.75,179.75,175.1,175.58,175.5,175.32,13682,24.01,"18-Aug-2026",190,"",""
"897","EMAMILTD","EQ",403.5,404.25,397.5,400.1,398.5,404.5,360203,1442.93,"18-Aug-2026",14185,"",""
"898","EMAMIPAP","BE",115,119.59,114,114.99,116,113.91,58957,68.36,"18-Aug-2026",597,"",""
"899","EMAMIREAL","EQ",74.01,76.19,73,73.47,73.5,74.89,7601,5.6,"18-Aug-2026",69,"",""
"900","EMAPARTNER","SM",79.1,79.1,78.6,78.6,78.6,79.1,3000,2.37,"18-Aug-2026",3,"",""
"901","EMBASSY","RR",440.29,441.25,438.5,440,440.2,440.29,1466185,6457.07,"18-Aug-2026",12706,"",""
"902","EMBDL","EQ",62.5,64.2,62.5,63.04,62.72,63.11,1876178,1189.05,"18-Aug-2026",9205,"",""
"903","EMCURE","EQ",1879,1889,1861.1,1874.5,1877.5,1873.9,136782,2567.99,"18-Aug-2026",14936,"",""
"904","EMETAL","EQ",13.14,13.14,13.05,13.06,13.06,13.15,6848,0.9,"18-Aug-2026",23,"",""
"905","EMIL","EQ",191,195.4,190.25,191.35,191.6,192.42,2203251,4239.34,"18-Aug-2026",29516,"",""
"906","EMKAY","EQ",235.29,242.89,232.51,236.8,239,235.29,6354,14.98,"18-Aug-2026",444,"",""
"907","EMMBI","BE",83.44,83.44,81.8,82.12,82,83.03,4014,3.3,"18-Aug-2026",53,"",""
"908","EMMIL","SM",122,128,120.8,126.45,124.8,127.65,7500,9.19,"18-Aug-2026",17,"",""
"909","EMMVEE","EQ",319.25,325,316.4,317.7,318.7,320.75,1134683,3631.42,"18-Aug-2026",21084,"",""
"910","EMPIND","EQ",1107,1146,1107,1116.2,1115.3,1102.5,1035,11.64,"18-Aug-2026",140,"",""
"911","EMPOWER","EQ",2.18,2.24,2.16,2.22,2.22,2.16,3515579,77.9,"18-Aug-2026",1972,"",""
"912","EMSLIMITED","EQ",369.1,380.6,365.95,375.75,375,369.1,196725,736.44,"18-Aug-2026",5763,"",""
"913","EMUDHRA","EQ",517.7,565,509,562.05,560.2,518.75,705436,3831.64,"18-Aug-2026",22466,"",""
"914","EMULTIMQ","EQ",42.39,42.39,42.02,42.15,42.15,42.24,27539,11.62,"18-Aug-2026",112,"",""
"915","ENCOMPAS","SM",245,254.7,235,237.65,237,245.6,82000,195.72,"18-Aug-2026",68,"",""
"916","ENDURANCE","EQ",2987.3,3036.3,2969,3018.3,3008.7,2978.2,130419,3924.75,"18-Aug-2026",18268,"",""
"917","ENERGY","EQ",38.9,39.1,38.7,38.82,38.83,38.95,216978,84.44,"18-Aug-2026",957,"",""
"918","ENERGYDEV","EQ",16.49,16.96,16.22,16.53,16.69,16.51,31018,5.08,"18-Aug-2026",200,"",""
"919","ENEXT50","EQ",74.5,74.55,74.13,74.5,74.5,74.37,1687,1.25,"18-Aug-2026",16,"",""
"920","ENFUSE","SM",177,177,161.5,161.5,161.5,159.7,1200,2.03,"18-Aug-2026",2,"",""
"921","ENGINERSIN","EQ",239.25,249,239.25,244.78,244.25,240.18,2435107,5974.92,"18-Aug-2026",26314,"",""
"922","ENIFTY","EQ",25.19,25.19,24.34,24.44,24.44,24.58,5189,1.27,"18-Aug-2026",49,"",""
"923","ENIL","EQ",102.97,102.97,100.5,100.86,100.86,101.02,72965,73.65,"18-Aug-2026",650,"",""
"924","ENKEIWHEL","EQ",410,410,400,408.9,409.5,400.85,2398,9.67,"18-Aug-2026",49,"",""
"925","ENRIN","EQ",3600,3639,3580,3593.2,3584,3605.7,182373,6574.14,"18-Aug-2026",17851,"",""
"926","ENSER","SM",14.75,15.9,14.75,15.25,15.25,14.35,70000,10.64,"18-Aug-2026",13,"",""
"927","ENTERO","EQ",1400,1433.4,1384,1408.2,1410,1401.6,113687,1599.86,"18-Aug-2026",13241,"",""
"928","ENVIRO","SM",73.5,73.9,73.15,73.4,73.9,73.5,17000,12.48,"18-Aug-2026",13,"",""
"929","EPACK","EQ",211,212.75,208.26,209.57,210.87,210.7,267478,563.19,"18-Aug-2026",4491,"",""
"930","EPACKPEB","EQ",222,225.3,218.3,223.85,224,221.55,532737,1182.05,"18-Aug-2026",9441,"",""
"931","EPIGRAL","EQ",1097,1103.7,1075,1079.6,1079.1,1097.1,38584,417.74,"18-Aug-2026",2357,"",""
"932","EPL","EQ",242.95,246.53,242.6,245.15,246,242.99,823068,2018.15,"18-Aug-2026",14312,"",""
"933","EPWINDIA","ST",215,225.75,215,225.75,225.75,215,20400,44.75,"18-Aug-2026",10,"",""
"934","EQUAL200","EQ",14.02,14.03,13.97,13.97,13.99,14.05,30389,4.26,"18-Aug-2026",48,"",""
"935","EQUAL50","EQ",335.37,335.42,333.88,334.59,334.23,336.8,13628,45.62,"18-Aug-2026",32,"",""
"936","EQUAL50ADD","EQ",347,347,345.58,346.12,346.56,347.99,160489,555.45,"18-Aug-2026",278,"",""
"937","EQUIPPP","BE",21.99,22.83,21.5,22.8,22.83,21.75,41194,9.35,"18-Aug-2026",56,"",""
"938","EQUITASBNK","EQ",74.5,76.4,74.26,76.12,76,74.92,3573116,2690.26,"18-Aug-2026",20553,"",""
"939","ERIS","EQ",1348.9,1357,1335,1350.1,1350,1348.9,125273,1689.48,"18-Aug-2026",14556,"",""
"940","ESABINDIA","EQ",6289,6323.5,6151,6177.5,6156.5,6289,2894,180.26,"18-Aug-2026",1206,"",""
"941","ESAFSFB","BE",39.8,40.55,38.06,40.41,40.5,39.26,1072722,424.33,"18-Aug-2026",2689,"",""
"942","ESCONET","SM",188,188,172.8,177.95,177.5,192,243600,429.29,"18-Aug-2026",470,"",""
"943","ESCORTS","EQ",3149.3,3149.3,3052,3062.1,3070,3133.6,51759,1595.61,"18-Aug-2026",7545,"",""
"944","ESENSEX","EQ",77.9,80.65,77.9,79.4,79.41,78.66,544,0.43,"18-Aug-2026",12,"",""
"945","ESFL","SM",133.15,133.15,129,130.6,132.75,133.8,12960,17.01,"18-Aug-2026",32,"",""
"946","ESG","EQ",42.79,42.79,41.75,41.82,41.79,41.95,4455,1.87,"18-Aug-2026",60,"",""
"947","ESILVER","EQ",233.38,233.38,230.64,231.04,231.21,233.54,67057,155.24,"18-Aug-2026",4950,"",""
"948","ESPRIT","SM",66,66.9,64.25,66.2,66.75,67,40000,26.37,"18-Aug-2026",23,"",""
"949","ESSARSHPNG","EQ",16.29,16.38,15.86,15.96,15.97,15.99,283821,45.49,"18-Aug-2026",1236,"",""
"950","ESSENTIA","EQ",1.26,1.26,1.26,1.26,1.26,1.32,783375,9.87,"18-Aug-2026",495,"",""
"951","ESTER","EQ",99.42,100.62,96.6,97.55,96.8,98.96,105357,103.7,"18-Aug-2026",1948,"",""
"952","ETERNAL","EQ",318,321.2,315.55,315.9,315.9,318,18387007,58457.57,"18-Aug-2026",128657,"",""
"953","ETHOSLTD","EQ",2956.5,3062.7,2850.1,2892.2,2870,2788.6,961244,28102.8,"18-Aug-2026",84966,"",""
"954","ETML","SM",82,82.35,82,82.35,82.35,82.35,15600,12.84,"18-Aug-2026",13,"",""
"955","EUREKAFORB","EQ",432.05,436.15,429.2,431.95,431.7,432,149714,646.88,"18-Aug-2026",6688,"",""
"956","EUROBOND","EQ",155,157.99,153.25,157.68,156.11,155,3689,5.77,"18-Aug-2026",191,"",""
"957","EUROPRATIK","EQ",281,283.4,272.4,274.3,274.3,283.75,149710,414.16,"18-Aug-2026",2314,"",""
"958","EUROTEXIND","BE",14,14,14,14,14,13.92,89,0.01,"18-Aug-2026",3,"",""
"959","EVEREADY","EQ",354.7,354.9,351.5,354.3,354,352.9,28010,98.87,"18-Aug-2026",982,"",""
"960","EVERESTIND","BE",450,456,436.15,442.4,445.25,449.65,3084,13.74,"18-Aug-2026",113,"",""
"961","EVIETF","EQ",34.85,34.85,34.1,34.17,34.1,34.17,231371,79.09,"18-Aug-2026",649,"",""
"962","EVINDIA","EQ",34.23,34.29,34.11,34.18,34.14,34.12,242503,82.94,"18-Aug-2026",1393,"",""
"963","EXCELINDUS","EQ",995.65,997.45,981.05,985.2,981.35,990.55,2480,24.48,"18-Aug-2026",311,"",""
"964","EXCELLENT","ST",197,197,195.7,195.7,195.7,206,8000,15.69,"18-Aug-2026",5,"",""
"965","EXCELSOFT","EQ",73.5,74.82,72.01,72.59,72.4,73.07,450489,330.85,"18-Aug-2026",2881,"",""
"966","EXICOM","EQ",148.8,159.65,146,158.05,158.99,148.32,3723146,5784.49,"18-Aug-2026",33802,"",""
"967","EXIDEIND","EQ",474,477.6,463.75,465.25,465.15,475.7,1543959,7228.12,"18-Aug-2026",30689,"",""
"968","EXIMROUTES","SM",108,108,108,108,108,107.1,800,0.86,"18-Aug-2026",1,"",""
"969","EXPLEOSOL","EQ",918,932.45,891.1,897.7,896.05,923.05,409143,3738.79,"18-Aug-2026",14215,"",""
"970","EXXARO","EQ",6.15,6.24,6,6.13,6.17,6,628072,38.58,"18-Aug-2026",300,"",""
"971","FABTECH","EQ",145.9,146.99,143.56,145.73,145,145.91,158425,230.07,"18-Aug-2026",1428,"",""
"972","FACT","EQ",790,799.85,789,794.85,793.3,793.25,54378,431.25,"18-Aug-2026",4178,"",""
"973","FAIRCHEMOR","BE",673.7,673.7,673.7,673.7,673.7,687.4,22221,149.7,"18-Aug-2026",160,"",""
"974","FALCONTECH","SM",12.65,12.75,12.65,12.75,12.75,12.45,10800,1.37,"18-Aug-2026",9,"",""
"975","FAZE3Q","EQ",487.85,491.55,480.6,483.7,481,484.45,13043,63.23,"18-Aug-2026",703,"",""
"976","FCL","EQ",43.36,44.6,42.2,43.81,44.1,43.41,9734413,4215.87,"18-Aug-2026",28541,"",""
"977","FCSSOFT","EQ",1.52,1.52,1.49,1.49,1.49,1.51,1107587,16.69,"18-Aug-2026",989,"",""
"978","FDC","EQ",354.3,355.75,350.9,351.55,351.95,354.3,67249,237.49,"18-Aug-2026",4662,"",""
"979","FEDDERSHOL","EQ",40.1,41.8,40.07,41,41.8,40.1,123208,50.06,"18-Aug-2026",1204,"",""
"980","FEDERALBNK","EQ",354.2,358.6,352.5,357.8,357.8,354.1,2828360,10060.94,"18-Aug-2026",40451,"",""
"981","FEDFINA","EQ",151.25,152,150.35,150.86,150.6,152,507069,765.55,"18-Aug-2026",9524,"",""
"982","FEL","BZ",0.39,0.4,0.39,0.4,0.4,0.39,122378,0.48,"18-Aug-2026",150,"",""
"983","FELDVR","BZ",2.48,2.54,2.3,2.42,2.42,2.42,1018,0.02,"18-Aug-2026",22,"",""
"984","FELIX","SM",183.9,189,183.9,185.6,187,182.9,66500,124.13,"18-Aug-2026",102,"",""
"985","FERMENTA","EQ",460.15,465.7,442.05,454.2,457.15,457.05,118947,537.11,"18-Aug-2026",5627,"",""
"986","FIBERWEB","EQ",27,27.54,25.31,26.48,26.24,26.96,70942,18.92,"18-Aug-2026",482,"",""
"987","FIDEL","SM",134,139,134,135.25,135.25,135.9,5000,6.77,"18-Aug-2026",5,"",""
"988","FIEMIND","EQ",2281.7,2293.9,2214.1,2219.1,2222.9,2281.7,131958,2957.8,"18-Aug-2026",16380,"",""
"989","FILATEX","EQ",82.5,87.27,82.49,86.75,86.6,82.72,5428534,4649.22,"18-Aug-2026",24668,"",""
"990","FILATFASH","EQ",0.18,0.19,0.18,0.18,0.19,0.18,22162574,40.59,"18-Aug-2026",1660,"",""
"991","FINBUD","SM",140.4,141.9,138.6,140.45,140.85,139.4,12000,16.86,"18-Aug-2026",12,"",""
"992","FINCABLES","EQ",1320.85,1339.3,1300.3,1329.35,1321.6,1320.85,884780,11694.29,"18-Aug-2026",31200,"",""
"993","FINEORG","EQ",5147,5172,5070.2,5093.1,5110,5110.4,19759,1008.29,"18-Aug-2026",6624,"",""
"994","FINIETF","EQ",33.25,33.29,33,33.13,33.03,33.25,220406,73.01,"18-Aug-2026",1260,"",""
"995","FINKURVE","EQ",71.7,79,70.39,78.19,77.35,72.93,466773,359.49,"18-Aug-2026",4469,"",""
"996","FINOPB","EQ",147.49,153,147,151.74,150.6,146.95,508594,763.81,"18-Aug-2026",7193,"",""
"997","FINPIPE","EQ",159.9,160.3,157,158.34,158.77,159.36,461428,731.49,"18-Aug-2026",16438,"",""
"998","FIRSTCRY","EQ",208.42,214.35,203.82,204.65,204.55,208.41,1516049,3143.87,"18-Aug-2026",22678,"",""
"999","FISCHER","EQ",37.95,38.41,36.9,38.13,38.13,37.27,3418002,1287.51,"18-Aug-2026",3480,"",""
"1000","FIVESTAR","EQ",533.1,537.2,531.5,535.35,536,537.75,156612,836.37,"18-Aug-2026",10384,"",""
"1001","FLAIR","EQ",252,253.4,248.7,252.05,252,255.1,181752,456.99,"18-Aug-2026",3718,"",""
"1002","FLEXIADD","EQ",10.3,10.3,10.2,10.24,10.27,10.3,36130,3.7,"18-Aug-2026",270,"",""
"1003","FLEXITUFF","BE",3.05,3.1,2.89,2.89,2.89,3.04,170685,5,"18-Aug-2026",188,"",""
"1004","FLFL","BZ",1.2,1.21,1.14,1.16,1.21,1.2,45344,0.53,"18-Aug-2026",67,"",""
"1005","FLUOROCHEM","EQ",4700,4775,4651,4674.8,4705.2,4707.5,123083,5786.57,"18-Aug-2026",14506,"",""
"1006","FLYSBS","SM",520.1,539,511.1,520.95,524.75,527,157400,823.63,"18-Aug-2026",400,"",""
"1007","FMCGADD","EQ",49.54,49.54,48.04,48.14,48.19,48.57,33472,16.12,"18-Aug-2026",158,"",""
"1008","FMCGIETF","EQ",52.94,52.94,51.26,51.35,51.4,51.98,3930217,2020.63,"18-Aug-2026",14110,"",""
"1009","FMGOETZE","EQ",454.25,469.75,451.05,462.65,466,453.95,38297,177.2,"18-Aug-2026",1824,"",""
"1010","FMNL","BE",8.87,8.87,8.55,8.67,8.8,8.73,23886,2.06,"18-Aug-2026",129,"",""
"1011","FOCUS","BE",72.37,72.37,67.9,69.08,70,68.93,49091,35.16,"18-Aug-2026",282,"",""
"1012","FOODSIN","EQ",54.63,56.25,52.94,55,54.5,53.75,425803,234.5,"18-Aug-2026",2700,"",""
"1013","FORCAS","ST",215,217.5,210,210,210,207.5,17600,37.66,"18-Aug-2026",9,"",""
"1014","FORCEMOT","EQ",18549,18726,18081,18200,18200,18605,77240,14128.94,"18-Aug-2026",21540,"",""
"1015","FORGEAUTO","SM",106,106,106,106,106,108,1200,1.27,"18-Aug-2026",1,"",""
"1016","FORTIS","EQ",912.4,918.25,905.35,916.7,916.7,908.75,1108225,10124.52,"18-Aug-2026",29643,"",""
"1017","FOSECOIND","EQ",5550,5800,5480,5511.5,5500,5641,4538,252.58,"18-Aug-2026",1120,"",""
"1018","FRACTAL","EQ",817.9,834,804,825.5,821,818,467766,3837.21,"18-Aug-2026",22298,"",""
"1019","FREDUN","EQ",1450.1,1499.8,1400,1436.7,1460,1474,28535,413.18,"18-Aug-2026",2288,"",""
"1020","FRESHARA","ST",340,358.7,338,352.95,358.7,341.65,19200,66.7,"18-Aug-2026",28,"",""
"1021","FROG","ST",211.2,215.4,211.2,215.4,215.4,211.2,10800,23.07,"18-Aug-2026",15,"",""
"1022","FRONTSP","EQ",1310.9,1310.9,1260,1284.7,1298,1287,37490,479.18,"18-Aug-2026",4377,"",""
"1023","FSL","EQ",267.6,268.45,263.15,263.85,264,267.75,767189,2030.42,"18-Aug-2026",13482,"",""
"1024","FUSION","EQ",195.38,196.01,188.13,189.87,189.61,195.58,834013,1589.86,"18-Aug-2026",14834,"",""
"1025","FWSTC","SM",190,191.25,190,190,190,190,33000,62.95,"18-Aug-2026",6,"",""
"1026","GABRIEL","EQ",1440,1484.4,1432.6,1467.6,1469,1442.5,203545,2991.97,"18-Aug-2026",21343,"",""
"1027","GAEL","EQ",172,178.8,171.7,177.76,177,172.75,1908212,3364.01,"18-Aug-2026",21109,"",""
"1028","GAIL","EQ",172.2,173.55,171.62,173.5,173.5,172.1,6079875,10493.87,"18-Aug-2026",68278,"",""
"1029","GAJANAND","SM",8,8,8,8,8,7.95,3000,0.24,"18-Aug-2026",1,"",""
"1030","GALAPREC","EQ",1018,1067.9,1010.1,1059.6,1065,1018,50441,525.73,"18-Aug-2026",3872,"",""
"1031","GALAXYSURF","EQ",2403,2459.9,2360.4,2438.4,2433.9,2403.7,131965,3200.99,"18-Aug-2026",18514,"",""
"1032","GALLANTT","EQ",585.2,588.1,575.05,576.3,576,582.95,18807,108.75,"18-Aug-2026",2015,"",""
"1033","GANDHAR","EQ",247.4,256.9,247.4,255.1,255,246.69,2220605,5640.34,"18-Aug-2026",28256,"",""
"1034","GANDHITUBE","EQ",877.25,891,875.2,887.3,886.1,877.25,5791,51.23,"18-Aug-2026",427,"",""
"1035","GANECOS","EQ",1101.9,1114.9,1079,1101.7,1105.1,1101.2,58466,640.26,"18-Aug-2026",6542,"",""
"1036","GANESHBE","BE",119.8,120,112.24,115.46,115.48,118.13,169253,194.57,"18-Aug-2026",700,"",""
"1037","GANESHCP","EQ",164.9,167.38,162.5,165.38,165,163.96,198021,325.34,"18-Aug-2026",2678,"",""
"1038","GANESHHOU","EQ",837.95,853.5,828.95,847,846,838,38087,320.53,"18-Aug-2026",2023,"",""
"1039","GANESHIN","ST",110,117.3,108,117.3,117.3,111.75,120000,138.99,"18-Aug-2026",110,"",""
"1040","GANGABATH","SM",22.6,22.6,22.4,22.4,22.4,22.15,6000,1.35,"18-Aug-2026",2,"",""
"1041","GANGAFORGE","EQ",2.37,2.37,2.37,2.37,2.37,2.49,668638,15.85,"18-Aug-2026",912,"",""
"1042","GANGESSECU","EQ",120.85,123.4,119,120,120,120.31,4251,5.18,"18-Aug-2026",128,"",""
"1043","GARFIBRES","EQ",750,783,743.05,775.7,772.05,748.45,119840,921.22,"18-Aug-2026",10594,"",""
"1044","GARUDA","EQ",182.4,184.5,180.72,182.88,183,182.48,357871,653.33,"18-Aug-2026",5263,"",""
"1045","GATECH","BE",0.81,0.81,0.8,0.8,0.81,0.78,30110999,243.78,"18-Aug-2026",6853,"",""
"1046","GATECHDVR","BE",0.52,0.52,0.5,0.51,0.52,0.5,462301,2.4,"18-Aug-2026",214,"",""
"1047","GATEWAY","EQ",55.22,55.22,54.4,54.51,54.5,55.15,867751,474.96,"18-Aug-2026",10568,"",""
"1048","GAUDIUMIVF","BE",118.36,118.36,118.36,118.36,118.36,120.77,13552,16.04,"18-Aug-2026",238,"",""
"1049","GAYAHWS","EQ",1.93,1.94,1.87,1.91,1.92,1.89,152362,2.91,"18-Aug-2026",267,"",""
"1050","GAYAPROJ","BE",21.8,22.17,21.09,21.75,21.8,22.2,705058,153.7,"18-Aug-2026",1501,"",""
"1051","GCHOTELS","ST",100.85,102.55,100.5,102,102.55,97.7,76200,77.93,"18-Aug-2026",73,"",""
"1052","GCSL","EQ",490.35,531,481.25,512.3,518.8,492.4,826194,4230.38,"18-Aug-2026",10291,"",""
"1053","GEECEE","BE",363.7,373.9,360.05,365.05,365.05,368.8,174,0.64,"18-Aug-2026",14,"",""
"1054","GEEKAYWIRE","EQ",23.05,23.64,23.05,23.14,23.2,23.26,82454,19.17,"18-Aug-2026",913,"",""
"1055","GEMAROMA","EQ",170,172,167.74,170.1,170.52,169.66,58590,99.68,"18-Aug-2026",1231,"",""
"1056","GENCON","EQ",39.94,39.94,38.2,38.81,39.04,39.16,348180,136.07,"18-Aug-2026",783,"",""
"1057","GENESYS","EQ",173.65,185.65,168.5,182.3,182.8,170.85,1145549,2024.65,"18-Aug-2026",18209,"",""
"1058","GENESYS-RE","BE",109,128,108,123.6,122,108.5,335699,387.56,"18-Aug-2026",2474,"",""
"1059","GENSOL","BZ",17.9,18.32,17.45,18.32,18.32,17.45,30008,5.48,"18-Aug-2026",256,"",""
"1060","GENUSPAPER","EQ",11.3,11.85,11.25,11.65,11.58,11.3,117137,13.6,"18-Aug-2026",642,"",""
"1061","GENUSPOWER","EQ",316,318.45,311,314.55,313,318.25,1107124,3483.93,"18-Aug-2026",17842,"",""
"1062","GENXAI","SM",78.05,79.5,78.05,79,79,78.65,8400,6.63,"18-Aug-2026",7,"",""
"1063","GEOJITFSL","EQ",79.31,81.61,79.31,80.24,80.5,79.31,250678,201.89,"18-Aug-2026",3960,"",""
"1064","GESHIP","EQ",1274,1326,1269.1,1302.9,1305,1274.9,1019929,13353.37,"18-Aug-2026",53559,"",""
"1065","GFLLIMITED","EQ",49.97,51.5,49.21,51.22,51.5,49.49,81157,40.89,"18-Aug-2026",1543,"",""
"1066","GGBL","SM",233.8,240,231.15,239.2,237.5,233.8,18000,42.71,"18-Aug-2026",46,"",""
"1067","GHCL","EQ",432.55,443.95,430.4,439.55,440,432.4,136235,598.8,"18-Aug-2026",5385,"",""
"1068","GHCLTEXTIL","EQ",119.23,128.55,119.04,127.94,127.55,120.08,2134661,2670.31,"18-Aug-2026",19173,"",""
"1069","GICHSGFIN","EQ",139.3,139.9,138.01,138.16,138.27,139.39,77729,107.76,"18-Aug-2026",1695,"",""
"1070","GICL","EQ",23.75,23.9,23.09,23.68,23.69,23.38,383201,90.5,"18-Aug-2026",497,"",""
"1071","GICRE","EQ",356.5,360.4,354.55,359.9,359.15,355.5,744475,2670.24,"18-Aug-2026",14669,"",""
"1072","GILLANDERS","EQ",90.5,92.03,87.54,91.54,91.52,88.49,3600,3.25,"18-Aug-2026",65,"",""
"1073","GILLETTE","EQ",7569.5,7583.5,7506,7517.5,7522,7569.5,12673,954.15,"18-Aug-2026",3500,"",""
"1074","GILT10BETA","EQ",26.97,26.97,26.44,26.84,26.84,26.91,622,0.17,"18-Aug-2026",14,"",""
"1075","GILT5BETA","EQ",66.76,67.13,65.81,66.4,66.4,66.43,25765,16.99,"18-Aug-2026",16,"",""
"1076","GILT5YBEES","EQ",66.25,66.37,66.11,66.23,66.21,66.26,91103,60.32,"18-Aug-2026",410,"",""
"1077","GINNIFILA","BE",45.38,45.7,44.2,45.02,45.25,44.66,15057,6.76,"18-Aug-2026",101,"",""
"1078","GIPCL","EQ",174.35,176.52,171.15,171.63,172.05,174.44,439397,764.41,"18-Aug-2026",4498,"",""
"1079","GIRIRAJ","SM",72.2,72.2,72.2,72.2,72.2,68.8,10500,7.58,"18-Aug-2026",15,"",""
"1080","GJL","ST",209,226.8,209,225.1,226.8,220,4000,8.88,"18-Aug-2026",3,"",""
"1081","GKB","EQ",69,69,60.46,63.03,60.46,65,1217,0.79,"18-Aug-2026",24,"",""
"1082","GKENERGY","EQ",124,126.72,123.3,123.72,123.43,124.43,282023,350.75,"18-Aug-2026",4334,"",""
"1083","GKSL","EQ",152,154.97,145,153.46,152.79,151.36,3024980,4615.91,"18-Aug-2026",22229,"",""
"1084","GKWLIMITED","EQ",1619,1619,1602,1609.2,1617,1607.9,134,2.17,"18-Aug-2026",9,"",""
"1085","GLAND","EQ",2904,2925,2850,2858.6,2855,2910.2,488656,14074.92,"18-Aug-2026",30951,"",""
"1086","GLAXO","EQ",2700,2919,2691.1,2877.4,2904,2702.9,477841,13368.49,"18-Aug-2026",47614,"",""
"1087","GLENMARK","EQ",2317.4,2332.9,2305,2305,2305,2329,379551,8787.33,"18-Aug-2026",20714,"",""
"1088","GLFL","EQ",5.9,5.9,5.6,5.71,5.84,5.64,8104,0.47,"18-Aug-2026",36,"",""
"1089","GLOBAL","EQ",107.45,111.4,105.3,109.13,109.25,107.47,160551,174.28,"18-Aug-2026",1558,"",""
"1090","GLOBALE","EQ",11,11.29,10.9,11.11,11.29,10.87,4785,0.52,"18-Aug-2026",39,"",""
"1091","GLOBALVECT","EQ",150,153,148.12,150.05,149,149,8307,12.48,"18-Aug-2026",309,"",""
"1092","GLOBE","EQ",2.03,2.03,1.94,1.95,1.96,2,425706,8.43,"18-Aug-2026",275,"",""
"1093","GLOBECIVIL","EQ",45.38,45.5,44.03,44.62,44.65,44.86,34332,15.44,"18-Aug-2026",206,"",""
"1094","GLOBUSSPR","EQ",882,914,881.75,899.5,903,881.75,374512,3363.17,"18-Aug-2026",13244,"",""
"1095","GLOSTERLTD","EQ",629.55,629.55,600.1,604.7,605,619.75,1992,12.11,"18-Aug-2026",258,"",""
"1096","GLOTTIS","BE",65.07,65.9,64.81,64.99,65.01,66.1,30097,19.57,"18-Aug-2026",195,"",""
"1097","GMBREW","EQ",891.35,906.45,875,880.3,879.25,891.35,83951,745.6,"18-Aug-2026",3534,"",""
"1098","GMDCLTD","EQ",574.05,585.65,568.1,570.7,569.25,574,787437,4543.3,"18-Aug-2026",24523,"",""
"1099","GML","SM",19.2,19.2,18.6,18.6,18.6,19.5,18000,3.41,"18-Aug-2026",7,"",""
"1100","GMMPFAUDLR","EQ",1053,1059,1020,1031.25,1035,1056.55,183397,1904.28,"18-Aug-2026",13107,"",""
"1101","GMRAIRPORT","EQ",102.02,102.56,101.05,101.39,101.39,101.31,6639327,6762.98,"18-Aug-2026",21476,"",""
"1102","GMRP&UI","EQ",96.7,98.61,96.03,96.3,96.1,96.7,849279,820.75,"18-Aug-2026",11193,"",""
"1103","GNA","EQ",563,592,561.55,581.5,578.05,561.55,692414,3994.22,"18-Aug-2026",15300,"",""
"1104","GNFC","EQ",600.9,619,599,609.75,608.6,600.65,1477642,9023.63,"18-Aug-2026",40453,"",""
"1105","GNRL","EQ",103.5,105.56,103.5,104.34,104.8,103.69,41822,43.55,"18-Aug-2026",1212,"",""
"1106","GOACARBON","EQ",360,361.9,351,353.3,352.55,355.95,20971,74.48,"18-Aug-2026",961,"",""
"1107","GOCLCORP","EQ",408,413,401,401.65,401.2,408,42815,172.93,"18-Aug-2026",2282,"",""
"1108","GOCOLORS","EQ",344,349.6,340.35,346.85,347,344.05,178442,615.31,"18-Aug-2026",3194,"",""
"1109","GODAVARIB","EQ",245.1,256.45,245.1,250.3,249.9,245.6,248159,622.31,"18-Aug-2026",5342,"",""
"1110","GODFRYPHLP","EQ",2130,2141.7,2102.3,2102.3,2102.3,2131,145007,3065.4,"18-Aug-2026",11751,"",""
"1111","GODIGIT","EQ",254.8,256.9,254.05,255.75,256.2,254.85,58616,149.48,"18-Aug-2026",3864,"",""
"1112","GODREJAGRO","EQ",599,599,585.2,588.7,586,597,196758,1164.18,"18-Aug-2026",9848,"",""
"1113","GODREJCP","EQ",935,936.4,920,931,931,928,1452987,13507.52,"18-Aug-2026",29283,"",""
"1114","GODREJIND","EQ",1225,1245.1,1189.7,1229.9,1225,1223,197223,2401.45,"18-Aug-2026",14051,"",""
"1115","GODREJPROP","EQ",2045.1,2055.2,1990.1,1997.4,1997.4,2054,687150,13822.69,"18-Aug-2026",29261,"",""
"1116","GOKEX","EQ",807.9,823.45,799.15,812.4,812.8,804.1,596734,4858.55,"18-Aug-2026",23640,"",""
"1117","GOKUL","EQ",38.5,39.4,38.4,39.01,39.4,38.68,133664,51.85,"18-Aug-2026",367,"",""
"1118","GOKULAGRO","EQ",229.5,240.2,229.5,236.92,235.3,231.66,319417,755.3,"18-Aug-2026",7178,"",""
"1119","GOLD1","EQ",130.89,130.95,127.19,127.67,127.75,127.7,2096227,2675.99,"18-Aug-2026",6874,"",""
"1120","GOLD360","EQ",148.9,149.4,148.9,149,148.95,148.9,11623,17.33,"18-Aug-2026",394,"",""
"1121","GOLDADD","EQ",148.65,148.92,148.23,148.59,148.68,148.65,413599,614.43,"18-Aug-2026",5786,"",""
"1122","GOLDAXIS","EQ",127.41,127.66,127.11,127.38,127.3,127.41,1061987,1353.14,"18-Aug-2026",2665,"",""
"1123","GOLDBEES","EQ",126.85,126.85,126.17,126.43,126.45,126.42,13766507,17403.56,"18-Aug-2026",54576,"",""
"1124","GOLDBETA","EQ",128.55,129.1,128.45,128.7,128.6,128.75,308476,397.14,"18-Aug-2026",1648,"",""
"1125","GOLDBND","EQ",152.21,153.9,151.81,152.8,152.4,152.83,36440,55.66,"18-Aug-2026",218,"",""
"1126","GOLDCASE","EQ",23.96,24.54,23.96,24.07,24.09,24.06,5556353,1337.53,"18-Aug-2026",6814,"",""
"1127","GOLDENTOBC","BZ",26.15,26.15,24,24.51,24.51,24.99,249,0.06,"18-Aug-2026",20,"",""
"1128","GOLDETF","EQ",148.84,148.91,148.37,148.68,148.73,148.56,867843,1290.22,"18-Aug-2026",7979,"",""
"1129","GOLDIAM","EQ",372,372,360.05,361.75,362,374.4,1088172,3958.78,"18-Aug-2026",18003,"",""
"1130","GOLDIETF","EQ",127.74,133,127.73,130.95,131,131.02,5613015,7355.39,"18-Aug-2026",23566,"",""
"1131","GOLDKART","SM",94,94,85.75,85.75,85.75,90.25,2500,2.25,"18-Aug-2026",4,"",""
"1132","GOLDSTAR","SM",8.45,8.45,8.1,8.35,8.4,8.05,315000,26.45,"18-Aug-2026",26,"",""
"1133","GOLDTECH","BE",48.5,48.7,46.67,47.12,47.4,48.04,30510,14.54,"18-Aug-2026",214,"",""
"1134","GOODLUCK","EQ",1319,1346.3,1310,1330,1331,1311.1,224634,2982.38,"18-Aug-2026",11010,"",""
"1135","GOODYEAR","EQ",769.75,773.6,759.7,763.5,765,765.35,4124,31.51,"18-Aug-2026",420,"",""
"1136","GOPAL","EQ",272,276.5,270.75,274.15,274.9,270.75,182670,500.06,"18-Aug-2026",8218,"",""
"1137","GOYALALUM","EQ",6.45,6.45,6.29,6.33,6.39,6.4,56851,3.63,"18-Aug-2026",334,"",""
"1138","GOYALSALT","SM",107,107,105,105.85,105,107,12000,12.71,"18-Aug-2026",6,"",""
"1139","GPECO","ST",377.9,379.85,366.9,371.1,371.5,378.65,16800,62.53,"18-Aug-2026",64,"",""
"1140","GPIL","EQ",251.01,256,248.07,255.22,255,250.82,2695925,6834.02,"18-Aug-2026",47440,"",""
"1141","GPPL","EQ",160.2,163.64,160,160.48,160.5,159.57,1891002,3054.26,"18-Aug-2026",21974,"",""
"1142","GPTHEALTH","EQ",153.32,154.54,151.48,153.13,153.5,153.32,76600,116.88,"18-Aug-2026",3685,"",""
"1143","GPTINFRA","EQ",114.4,116.59,114.06,115.12,114.33,115.06,35571,40.88,"18-Aug-2026",1000,"",""
"1144","GRADIENTE","EQ",2.84,2.86,2.78,2.8,2.8,2.77,1902436,53.52,"18-Aug-2026",272,"",""
"1145","GRANDOAK","EQ",38.53,40.05,38.1,39.55,39.88,38.15,5451,2.16,"18-Aug-2026",108,"",""
"1146","GRANULES","EQ",863,868.5,848.45,851.2,852.05,861.55,407105,3475.79,"18-Aug-2026",19420,"",""
"1147","GRAPHISAD","SM",26.65,27.3,26,26.5,26.5,26,8400,2.22,"18-Aug-2026",7,"",""
"1148","GRAPHITE","EQ",728,741.8,724.1,737.15,736.2,729.5,943780,6941.76,"18-Aug-2026",25302,"",""
"1149","GRASIM","EQ",3257,3297.7,3250.5,3278.7,3278.7,3250.5,1498859,49156.75,"18-Aug-2026",69326,"",""
"1150","GRAUWEIL","EQ",67.96,68.39,66.2,66.43,66.5,67.96,110940,74.17,"18-Aug-2026",2605,"",""
"1151","GRAVISSHO","EQ",28.7,30.87,28.7,28.86,28.86,28.53,63,0.02,"18-Aug-2026",7,"",""
"1152","GRAVITA","EQ",1821.7,1834.4,1802,1814.1,1811.2,1821.7,138790,2521.49,"18-Aug-2026",17559,"",""
"1153","GREAVESCOT","EQ",194.2,200.95,194.01,198.59,198.16,195.01,1164415,2305.75,"18-Aug-2026",14624,"",""
"1154","GREENCHEF","SM",52.4,53.75,52,52.85,52,52.4,3200,1.68,"18-Aug-2026",4,"",""
"1155","GREENLAM","EQ",250.95,258.4,250.8,255.65,255,252.8,144651,368.61,"18-Aug-2026",3857,"",""
"1156","GREENLEAF","ST",129,129,120.55,120.55,120.55,126.85,3000,3.7,"18-Aug-2026",3,"",""
"1157","GREENPANEL","EQ",170.52,172.06,164.9,166.15,170.9,169.59,266864,445.27,"18-Aug-2026",6801,"",""
"1158","GREENPLY","EQ",285.8,288.75,281.6,287.55,286.4,286.3,176270,502.58,"18-Aug-2026",2185,"",""
"1159","GREENPOWER","EQ",9.52,9.56,9.39,9.42,9.45,9.55,1444950,136.57,"18-Aug-2026",3561,"",""
"1160","GRINDWELL","EQ",2159,2168.8,2094.5,2101.3,2102,2163.5,24964,530.49,"18-Aug-2026",7238,"",""
"1161","GRINFRA","EQ",871.6,874.35,866.55,868.8,867,871.6,7702,67.01,"18-Aug-2026",1156,"",""
"1162","GRMOVER","EQ",88.87,90.3,87.21,87.51,87.4,88.28,1117753,990.91,"18-Aug-2026",9316,"",""
"1163","GROBTEA","EQ",953.8,953.8,935.4,944,944,953.8,45,0.42,"18-Aug-2026",10,"",""
"1164","GROWW","EQ",198.11,198.25,190.86,193.81,193.58,198.69,57106951,110525.74,"18-Aug-2026",179565,"",""
"1165","GROWWCAPM","EQ",11.2,11.26,11.08,11.23,11.23,11.25,256075,28.62,"18-Aug-2026",783,"",""
"1166","GROWWCHEM","EQ",30.58,30.84,30.4,30.56,30.41,30.74,43819,13.45,"18-Aug-2026",215,"",""
"1167","GROWWDEFNC","EQ",98.82,99.99,97.94,99.59,99.98,98.82,228994,227.45,"18-Aug-2026",3281,"",""
"1168","GROWWEV","EQ",34.18,34.29,33.86,33.93,33.9,34.18,953644,325.18,"18-Aug-2026",1825,"",""
"1169","GROWWGOLD","EQ",14.91,14.97,14.9,14.94,14.95,14.93,1752345,261.75,"18-Aug-2026",3626,"",""
"1170","GROWWHOSPI","EQ",53.28,53.28,52.3,52.55,52.69,52.67,286510,150.47,"18-Aug-2026",1233,"",""
"1171","GROWWLIQID","EQ",110.37,110.39,110.37,110.38,110.38,110.37,507022,559.66,"18-Aug-2026",195,"",""
"1172","GROWWLOVOL","EQ",10.59,10.59,10.35,10.48,10.47,10.55,5709,0.6,"18-Aug-2026",104,"",""
"1173","GROWWMC150","EQ",239.8,239.8,233.52,236,236,237.43,3324,7.82,"18-Aug-2026",59,"",""
"1174","GROWWMETAL","EQ",12.5,12.51,12.3,12.36,12.31,12.42,192173,23.9,"18-Aug-2026",1015,"",""
"1175","GROWWMOM50","EQ",11.47,11.47,10.98,11.04,11.02,11.04,44426,4.9,"18-Aug-2026",372,"",""
"1176","GROWWN200","EQ",11.55,11.55,11.38,11.39,11.48,11.55,132945,15.17,"18-Aug-2026",261,"",""
"1177","GROWWNET","EQ",10.84,10.84,10.5,10.56,10.56,10.65,273605,28.89,"18-Aug-2026",659,"",""
"1178","GROWWNIFTY","EQ",9.94,9.94,9.71,9.84,9.9,9.82,627312,61.46,"18-Aug-2026",3139,"",""
"1179","GROWWNXT50","EQ",75.27,75.27,74.65,74.84,74.65,75.27,2649,1.98,"18-Aug-2026",77,"",""
"1180","GROWWPOWER","EQ",11.73,11.73,11.42,11.44,11.44,11.52,1978128,227.11,"18-Aug-2026",2452,"",""
"1181","GROWWPSE","EQ",99,99.56,98.59,98.77,99.56,99.32,2644,2.61,"18-Aug-2026",43,"",""
"1182","GROWWPSUBK","EQ",86.4,87.73,86.4,86.99,87,87.63,1670,1.45,"18-Aug-2026",54,"",""
"1183","GROWWRAIL","EQ",29.34,29.34,28.8,28.87,28.94,29.05,534897,154.73,"18-Aug-2026",2113,"",""
"1184","GROWWRLTY","EQ",10.4,10.48,9.77,10.08,10.1,10.2,459069,46.33,"18-Aug-2026",598,"",""
"1185","GROWWSC250","EQ",10.59,10.62,10.54,10.57,10.57,10.59,135667,14.33,"18-Aug-2026",517,"",""
"1186","GROWWSLVR","EQ",22.63,22.84,22.63,22.71,22.74,22.91,600546,136.56,"18-Aug-2026",1728,"",""
"1187","GRPLTD","EQ",2049.2,2055.8,1989.9,2001.8,2008.8,2049.2,1352,27.21,"18-Aug-2026",196,"",""
"1188","GRSE","EQ",2600,2688,2592.9,2677,2681,2600.1,1265997,33755.71,"18-Aug-2026",70492,"",""
"1189","GRWRHITECH","EQ",7000,7138,6951,7101,7121.5,7030,32049,2257.99,"18-Aug-2026",8996,"",""
"1190","GSEC10IETF","EQ",266.6,267.14,264.49,265.49,264.49,267,1076,2.85,"18-Aug-2026",8,"",""
"1191","GSEC10YEAR","EQ",30.71,30.71,30.49,30.49,30.49,30.61,1875,0.57,"18-Aug-2026",10,"",""
"1192","GSEC5IETF","EQ",66.66,66.86,66.15,66.15,66.15,66.33,793,0.53,"18-Aug-2026",23,"",""
"1193","GSFC","EQ",159.4,161.11,159.4,160.43,160.28,159.87,667193,1068.77,"18-Aug-2026",14350,"",""
"1194","GSLSU","EQ",35.38,35.39,33.74,35.18,35.39,33.71,253370,88.95,"18-Aug-2026",949,"",""
"1195","GSMFOILS","SM",88.25,88.25,88.25,88.25,88.25,92.85,26000,22.95,"18-Aug-2026",29,"",""
"1196","GSPCROP","EQ",589.65,600,589.55,590.9,589.55,589.75,207126,1234.89,"18-Aug-2026",3167,"",""
"1197","GSS","EQ",13.34,13.34,12.89,13.08,13.05,13.01,15957,2.08,"18-Aug-2026",116,"",""
"1198","GSTL","SM",15.3,15.3,14.25,14.95,14.95,15,8000,1.17,"18-Aug-2026",8,"",""
"1199","GTECJAINX","BE",29.98,30.5,28.55,30.5,30.5,29.98,6427,1.93,"18-Aug-2026",55,"",""
"1200","GTL","EQ",7.5,7.74,7.24,7.47,7.47,7.41,193898,14.53,"18-Aug-2026",610,"",""
"1201","GTLINFRA","EQ",1.21,1.22,1.2,1.21,1.21,1.21,11833145,143.59,"18-Aug-2026",10907,"",""
"1202","GTPL","EQ",54.04,54.5,53,53.5,53.45,54.04,14308,7.65,"18-Aug-2026",549,"",""
"1203","GUFICBIO","EQ",421.5,429.95,413.1,421.4,420.05,418.2,120133,506.18,"18-Aug-2026",5569,"",""
"1204","GUJALKALI","EQ",690,692.95,675.1,678.55,683.5,680.45,48455,330.46,"18-Aug-2026",3226,"",""
"1205","GUJAPOLLO","EQ",350.3,350.3,342.6,348.4,350,349.15,5057,17.51,"18-Aug-2026",221,"",""
"1206","GUJENERGY","EQ",276,278,267.3,269.4,269.8,276.5,2873077,7777.2,"18-Aug-2026",34942,"",""
"1207","GUJRAFFIA","EQ",41.32,42.45,41.19,42.41,42.45,41.32,1781,0.75,"18-Aug-2026",50,"",""
"1208","GUJTHEM","EQ",350,377,349,371.3,374.7,351.25,260880,959.04,"18-Aug-2026",6455,"",""
"1209","GULFOILLUB","EQ",1174.6,1184.3,1167.2,1173.2,1170.9,1174.6,48680,572.13,"18-Aug-2026",4362,"",""
"1210","GULFPETRO","BE",61.27,63,59.27,62.81,62.8,61.57,288388,175.55,"18-Aug-2026",1036,"",""
"1211","GULPOLY","EQ",193.45,194.38,187.2,187.75,187.99,192.06,286706,545.19,"18-Aug-2026",5546,"",""
"1212","GURUNANAK","SM",39,39,37.05,37.05,37.05,39,14400,5.5,"18-Aug-2026",7,"",""
"1213","GVKPIL","BE",2.35,2.38,2.31,2.33,2.37,2.34,945506,22.22,"18-Aug-2026",647,"",""
"1214","GVPIL","EQ",724.2,724.7,696.65,705.05,703.5,731.15,531432,3756.12,"18-Aug-2026",14466,"",""
"1215","GVPTECH","EQ",7.02,7.1,6.91,6.98,6.98,7.02,28330,1.99,"18-Aug-2026",162,"",""
"1216","GVT&D","EQ",4290,4306,4190,4195,4195,4290,512550,21651.23,"18-Aug-2026",50193,"",""
"1217","GYFTR","EQ",162.23,162.61,155.21,157.94,157.5,162.22,47780,75.92,"18-Aug-2026",776,"",""
"1218","HAL","EQ",5067.4,5120,5039,5099,5099,5059,1238546,63099.34,"18-Aug-2026",87650,"",""
"1219","HALDER","EQ",294.92,299.5,286,290.66,293,294.92,29702,87.59,"18-Aug-2026",472,"",""
"1220","HALDYNGL","BE",126.99,127.5,124,125.74,127,126.36,54261,68.49,"18-Aug-2026",172,"",""
"1221","HALEOSLABS","EQ",1448.1,1489.4,1448.1,1478.9,1484,1437.5,404,5.97,"18-Aug-2026",67,"",""
"1222","HAMPTON","EQ",7.2,8.4,7.2,8.12,8.14,7.95,26801,2.13,"18-Aug-2026",113,"",""
"1223","HAPPSTMNDS","EQ",425,427.4,416.3,419.95,418.7,426.8,1179012,4966.71,"18-Aug-2026",26635,"",""
"1224","HAPPY","SM",65,67.65,64.5,66.75,67.4,66,46000,30.54,"18-Aug-2026",19,"",""
"1225","HAPPYFORGE","EQ",2209.2,2296.7,2209.2,2260.6,2265,2198.1,175740,3976.29,"18-Aug-2026",22523,"",""
"1226","HARDWYN","EQ",10.95,11.11,8.8,9.42,9.58,10.95,9633380,929.14,"18-Aug-2026",12319,"",""
"1227","HARIOMPIPE","EQ",347,357,346.05,352.95,354,346.45,140777,496.55,"18-Aug-2026",4055,"",""
"1228","HARRMALAYA","EQ",194.99,194.99,188.05,189.03,190,193.47,25832,49.22,"18-Aug-2026",735,"",""
"1229","HARSHA","EQ",427.95,439.9,421.75,436.4,439.9,425.6,224480,972.98,"18-Aug-2026",8121,"",""
"1230","HATHWAY","EQ",10.54,10.61,10.5,10.51,10.51,10.59,825113,87.02,"18-Aug-2026",1678,"",""
"1231","HATSUN","EQ",974.05,993.65,969.55,985.35,975,968.8,59772,588.89,"18-Aug-2026",9732,"",""
"1232","HAVELLS","EQ",1299,1311.8,1286.1,1299.7,1299.7,1299,1021226,13227.72,"18-Aug-2026",35307,"",""
"1233","HAVISHA","EQ",1.42,1.49,1.33,1.39,1.37,1.4,148970,2.1,"18-Aug-2026",173,"",""
"1234","HAWKINCOOK","EQ",8342.5,8410,8116,8235,8200,8340,2401,197.77,"18-Aug-2026",465,"",""
"1235","HAZOOR","EQ",21.49,22,20.5,21.34,21.25,21.49,36400,7.75,"18-Aug-2026",284,"",""
"1236","HBESD","EQ",74.5,76.5,74.5,75,75,75.41,390,0.29,"18-Aug-2026",14,"",""
"1237","HBLENGINE","EQ",675,677.55,667.15,670.05,670.7,674.6,635709,4263.74,"18-Aug-2026",21741,"",""
"1238","HBPOR","EQ",59,62.99,58,60.94,59.27,62.99,2387,1.45,"18-Aug-2026",34,"",""
"1239","HBSL","EQ",56.9,57.2,54.6,56.13,54.81,56.9,2327,1.31,"18-Aug-2026",46,"",""
"1240","HCC","EQ",20.33,20.56,19.9,20.04,20.07,20.33,11759100,2366.72,"18-Aug-2026",15931,"",""
"1241","HCG","EQ",717,721.9,707,713.65,713,712.35,101694,725.69,"18-Aug-2026",9208,"",""
"1242","HCL-INSYS","EQ",11.66,11.66,11.26,11.32,11.32,11.24,77067,8.76,"18-Aug-2026",414,"",""
"1243","HCLTECH","EQ",1318,1320,1292.5,1298,1298,1325,3056990,39760.28,"18-Aug-2026",74688,"",""
"1244","HDBFS","EQ",683,701,674.85,698.15,700,683.9,513419,3547.61,"18-Aug-2026",15149,"",""
"1245","HDFCAMC","EQ",2525.9,2536.9,2491.3,2525,2525,2523,672054,16890.93,"18-Aug-2026",39750,"",""
"1246","HDFCBANK","EQ",726.3,729,723,723,723,729,17916507,129840.34,"18-Aug-2026",256567,"",""
"1247","HDFCBSE500","EQ",38.75,38.75,37.58,37.75,37.7,38.12,643658,244.04,"18-Aug-2026",240,"",""
"1248","HDFCGOLD","EQ",133.88,133.88,130.23,130.71,130.75,130.62,1936116,2530.05,"18-Aug-2026",6867,"",""
"1249","HDFCGROWTH","EQ",121.37,123.04,120.6,120.98,121.24,121.37,72788,88.05,"18-Aug-2026",168,"",""
"1250","HDFCLIFE","EQ",541.95,542.9,537.55,538.25,538.25,543,1271552,6869.87,"18-Aug-2026",32893,"",""
"1251","HDFCLIQUID","EQ",1079.4,1079.4,1074.16,1074.18,1074.18,1074.03,18536,199.11,"18-Aug-2026",41,"",""
"1252","HDFCLOWVOL","EQ",20.9,21,20.84,20.85,21,21,2537,0.53,"18-Aug-2026",47,"",""
"1253","HDFCMID150","EQ",23.75,23.81,23.57,23.65,23.69,23.71,568827,134.84,"18-Aug-2026",1352,"",""
"1254","HDFCMOMENT","EQ",31.53,31.56,31.26,31.42,31.26,31.47,108742,34.18,"18-Aug-2026",730,"",""
"1255","HDFCNEXT50","EQ",76.35,76.4,75.71,75.83,76.09,76.35,101344,77.13,"18-Aug-2026",629,"",""
"1256","HDFCNIF100","EQ",26.44,26.44,26.2,26.22,26.37,26.31,43431,11.4,"18-Aug-2026",217,"",""
"1257","HDFCNIFBAN","EQ",59.51,59.51,58.97,59.23,59.38,59.54,279639,165.56,"18-Aug-2026",431,"",""
"1258","HDFCNIFIT","EQ",32.99,33.26,32.31,32.34,32.49,32.99,261717,85.04,"18-Aug-2026",488,"",""
"1259","HDFCNIFTY","EQ",281.76,281.76,272.9,273.21,273.24,274.89,102395,279.77,"18-Aug-2026",695,"",""
"1260","HDFCNIMEG","EQ",131.18,131.18,130.14,130.47,130.83,131.79,44618,58.28,"18-Aug-2026",55,"",""
"1261","HDFCPSUBK","EQ",87,88.51,86.98,87.17,86.98,87.93,46940,41.18,"18-Aug-2026",220,"",""
"1262","HDFCPVTBAN","EQ",28.76,28.76,27.78,27.84,27.78,28.06,147629,41.1,"18-Aug-2026",499,"",""
"1263","HDFCQUAL","EQ",59.7,59.7,58.97,59.2,59.5,59.72,24197,14.35,"18-Aug-2026",114,"",""
"1264","HDFCSENSEX","EQ",87.55,88.24,87.55,87.77,87.7,88.25,13547,11.9,"18-Aug-2026",506,"",""
"1265","HDFCSILVER","EQ",225.88,225.88,220.68,221.55,221.74,223.64,1592562,3532.37,"18-Aug-2026",8450,"",""
"1266","HDFCSML250","EQ",189.83,189.83,184.5,184.78,184.75,185.2,1107563,2047.24,"18-Aug-2026",6865,"",""
"1267","HDFCVALUE","EQ",126.26,126.4,125.63,126,126.29,126.6,7620,9.6,"18-Aug-2026",98,"",""
"1268","HDIL","BZ",1.49,1.55,1.49,1.53,1.54,1.53,91493,1.4,"18-Aug-2026",153,"",""
"1269","HEADSUP","EQ",6.69,6.82,6.32,6.67,6.61,6.69,24061,1.58,"18-Aug-2026",190,"",""
"1270","HEALTHADD","EQ",16.65,16.73,16.56,16.6,16.73,16.65,101615,16.88,"18-Aug-2026",85,"",""
"1271","HEALTHAXIS","EQ",167.93,168.46,167.31,167.34,167.91,167.93,4609,7.73,"18-Aug-2026",69,"",""
"1272","HEALTHCARE","EQ",21.55,21.67,21.53,21.58,21.57,21.55,14059,3.04,"18-Aug-2026",129,"",""
"1273","HEALTHIETF","EQ",168.59,169.79,167.47,168.95,169.2,168.59,54971,92.93,"18-Aug-2026",1063,"",""
"1274","HEALTHX","EQ",287.55,295.9,287.5,288.5,294.7,291.5,3922,11.36,"18-Aug-2026",114,"",""
"1275","HEALTHY","EQ",17.19,17.19,16.9,16.95,16.99,16.99,193066,32.72,"18-Aug-2026",915,"",""
"1276","HECPROJECT","EQ",118.05,124.74,118.05,119.3,119.45,119.89,15932,19.33,"18-Aug-2026",332,"",""
"1277","HEG","EQ",697.5,749,696,739.25,744.2,698.3,5430733,39805.01,"18-Aug-2026",90350,"",""
"1278","HEIDELBERG","EQ",161,161.79,159.81,160.06,160,160.22,82281,132.16,"18-Aug-2026",1264,"",""
"1279","HEMIPROP","EQ",134,134.5,132,132.33,132.39,134.27,235829,313.43,"18-Aug-2026",1865,"",""
"1280","HERANBA","EQ",167,167.55,161,161.83,161.64,166.23,56731,92.27,"18-Aug-2026",1630,"",""
"1281","HERITGFOOD","EQ",364.3,366.4,356.25,359.6,359.25,363.65,164947,593.76,"18-Aug-2026",5120,"",""
"1282","HEROMOTOCO","EQ",5745,5778,5694.5,5745.5,5745.5,5745,485939,27844.23,"18-Aug-2026",43032,"",""
"1283","HESTERBIO","EQ",2418.8,2496,2408.6,2451.2,2413.5,2417.6,5947,146.66,"18-Aug-2026",1274,"",""
"1284","HEXAGON","BE",63.25,66.41,63.02,66.41,66.41,63.25,468436,304.56,"18-Aug-2026",1335,"",""
"1285","HEXATRADEX","EQ",157.7,160.65,157,158.68,159.58,157.31,2060,3.26,"18-Aug-2026",47,"",""
"1286","HEXT","EQ",562,568.75,550.2,552.75,551.4,561,84816,471.14,"18-Aug-2026",5592,"",""
"1287","HFCL","EQ",218.01,230.47,218.01,230.03,230.47,219.5,35739264,81593.63,"18-Aug-2026",104543,"",""
"1288","HGINFRA","EQ",514.5,517.3,505,507.7,508.9,514.5,71433,365.01,"18-Aug-2026",3704,"",""
"1289","HGM","EQ",45.95,45.95,43.03,44.66,45,45.06,2458,1.09,"18-Aug-2026",78,"",""
"1290","HGS","EQ",410,413.8,403.5,406.95,407,413.05,12685,51.67,"18-Aug-2026",817,"",""
"1291","HIGREEN","SM",132.95,133,130,131.85,131,134.2,32800,43.31,"18-Aug-2026",38,"",""
"1292","HIKAL","EQ",213,217.5,212.12,217.18,216.55,212.81,138405,297.95,"18-Aug-2026",3262,"",""
"1293","HILINFRA","EQ",45.5,46.9,45.41,46.3,46.25,44.46,292136,134.94,"18-Aug-2026",2228,"",""
"1294","HILTON","BE",20.14,20.42,19.98,20.26,20.29,20.14,75863,15.29,"18-Aug-2026",219,"",""
"1295","HIMATSEIDE","EQ",70.64,72.61,70.64,71.17,71.06,70.5,689377,493.93,"18-Aug-2026",5980,"",""
"1296","HINDADH","EQ",372.9,402.65,361,385.45,384.1,335.55,246790,968.18,"18-Aug-2026",6139,"",""
"1297","HINDALCO","EQ",1048.95,1050.6,1038,1041.6,1041.6,1049.9,2525385,26330.05,"18-Aug-2026",65786,"",""
"1298","HINDALUMI","EQ",107.5,107.5,98,98.95,99,99.17,3908,3.93,"18-Aug-2026",114,"",""
"1299","HINDCOMPOS","EQ",411.65,412.1,408,409.05,409,409.55,2054,8.42,"18-Aug-2026",165,"",""
"1300","HINDCON","EQ",22.13,22.7,22.13,22.61,22.68,22.13,21792,4.92,"18-Aug-2026",138,"",""
"1301","HINDCOPPER","EQ",568.6,576.7,555.55,566.35,566.5,572.65,15501582,87937.02,"18-Aug-2026",176523,"",""
"1302","HINDOILEXP","EQ",155.99,159.5,154.84,156.49,156.77,154.89,613233,964.52,"18-Aug-2026",7316,"",""
"1303","HINDPETRO","EQ",368.9,373.75,365.95,366,366,371,5320731,19653.22,"18-Aug-2026",90232,"",""
"1304","HINDUNILVR","EQ",2055,2060,2034.9,2035,2035,2055,1234596,25200.08,"18-Aug-2026",66985,"",""
"1305","HINDWAREAP","EQ",197.63,200.7,196.25,199.89,199.8,197.63,84276,167.43,"18-Aug-2026",1575,"",""
"1306","HINDZINC","EQ",569.1,569.1,558,558,558,567.5,2256802,12700.58,"18-Aug-2026",32306,"",""
"1307","HIRECT","EQ",1250,1266,1245.1,1261,1262,1258.6,33411,420.39,"18-Aug-2026",2003,"",""
"1308","HISARMETAL","EQ",154.9,156,148,153.4,154,152.44,1846,2.82,"18-Aug-2026",83,"",""
"1309","HITECH","EQ",78.48,78.98,77.5,77.98,78,78.43,359333,280.13,"18-Aug-2026",3307,"",""
"1310","HITECHCORP","BE",329.95,335,327.1,331,331.05,330.15,7979,26.42,"18-Aug-2026",89,"",""
"1311","HITECHGEAR","BE",541.6,549,523,534.55,535,544.3,4798,25.55,"18-Aug-2026",190,"",""
"1312","HLEGLAS","EQ",306.1,314.6,303.5,306.2,305.3,314.6,459971,1406.48,"18-Aug-2026",13260,"",""
"1313","HLVLTD","EQ",6.72,6.72,6.65,6.7,6.71,6.73,138213,9.26,"18-Aug-2026",418,"",""
"1314","HMAAGRO","EQ",22.9,24,21.93,22.02,22.18,22.95,9306605,2091.56,"18-Aug-2026",13183,"",""
"1315","HMT","BZ",61.5,61.99,60.55,60.96,61.47,60.28,7385,4.53,"18-Aug-2026",133,"",""
"1316","HMVL","BE",91.5,94.8,88.01,94.49,94,90.97,36380,33.73,"18-Aug-2026",234,"",""
"1317","HNDFDS","EQ",615,640.9,608,635.6,635.55,608.45,265619,1665.3,"18-Aug-2026",17303,"",""
"1318","HNGSNGBEES","EQ",484.53,485.5,480,481.22,480.95,484.53,138674,669.08,"18-Aug-2026",4178,"",""
"1319","HOACFOODS","ST",810,815,810,810,810,810,3000,24.41,"18-Aug-2026",8,"",""
"1320","HOMEFIRST","EQ",1181,1184.2,1170,1177.1,1183,1179.9,280836,3303.98,"18-Aug-2026",6829,"",""
"1321","HONASA","EQ",480,485.7,470.05,474.6,474.1,481.65,1909931,9078.94,"18-Aug-2026",41667,"",""
"1322","HONAUT","EQ",36970,36970,36105,36400,36400,36400,3269,1191.09,"18-Aug-2026",2188,"",""
"1323","HONDAPOWER","EQ",2145,2149,2092.2,2111.2,2116,2138.1,5719,121.15,"18-Aug-2026",859,"",""
"1324","HPAL","EQ",35.79,35.79,34.51,34.67,34.53,35.64,43228,15.13,"18-Aug-2026",495,"",""
"1325","HPIL","EQ",127,130.85,127,130.06,130.15,127.35,3025,3.92,"18-Aug-2026",47,"",""
"1326","HPL","EQ",310,318.9,310,314.4,314,312.35,86613,272.8,"18-Aug-2026",2563,"",""
"1327","HPTL","SM",325,325.2,325,325.2,325.2,309.75,6000,19.51,"18-Aug-2026",6,"",""
"1328","HRHNEXT","SM",26.05,26.1,26.05,26.1,26.1,24.95,4500,1.17,"18-Aug-2026",3,"",""
"1329","HRYNSHP","EQ",101,104,100.9,101.78,103.92,101,1931,1.96,"18-Aug-2026",37,"",""
"1330","HSBCGOLD","EQ",133.16,133.3,132.66,133.21,133.21,133.16,2175,2.89,"18-Aug-2026",99,"",""
"1331","HSCL","EQ",786.95,789.8,768.5,781.8,777,787.4,3303592,25713.92,"18-Aug-2026",36373,"",""
"1332","HTMEDIA","EQ",26,27,25.89,26.78,26.8,25.77,124006,33.09,"18-Aug-2026",999,"",""
"1333","HUBTOWN","EQ",182.91,183.59,179.57,180.52,182.8,182.91,231892,420,"18-Aug-2026",2536,"",""
"1334","HUDCO","EQ",187.9,189.4,186.4,188.01,187.35,189.01,1134421,2124.7,"18-Aug-2026",20559,"",""
"1335","HUHTAMAKI","EQ",279.9,279.9,275.1,276,275.15,279.1,80485,223.02,"18-Aug-2026",1952,"",""
"1336","HVAX","SM",600,600,600,600,600,609,3000,18,"18-Aug-2026",15,"",""
"1337","HYBRIDETF","EQ",10.22,10.22,10.13,10.13,10.14,10.17,15329,1.55,"18-Aug-2026",49,"",""
"1338","HYBRIDFIN","BE",17,18,17,17.68,17.68,17.41,4400,0.75,"18-Aug-2026",29,"",""
"1339","HYUNDAI","EQ",2179.1,2221.9,2179,2186,2186,2190,474077,10447.29,"18-Aug-2026",27319,"",""
"1340","IBLFL","SM",58.55,58.55,58.55,58.55,58.55,61,2000,1.17,"18-Aug-2026",1,"",""
"1341","IBULLSLTD","EQ",27.85,29.22,26.67,26.98,26.92,27.83,26107565,7421.71,"18-Aug-2026",27218,"",""
"1342","ICDSLTD","EQ",42,42,38.81,40.38,40.99,40.47,1288,0.51,"18-Aug-2026",34,"",""
"1343","ICELCO","SM",135.1,145,135,143.35,142.6,140.1,62400,87.57,"18-Aug-2026",42,"",""
"1344","ICEMAKE","EQ",716,758.8,711,728.25,727.1,722.45,100040,733.46,"18-Aug-2026",6561,"",""
"1345","ICICIAMC","EQ",3148.9,3148.9,3088,3106,3092,3136,215913,6725.29,"18-Aug-2026",24670,"",""
"1346","ICICIB22","EQ",116.65,116.65,115.41,115.49,115.8,115.71,285944,330.4,"18-Aug-2026",2631,"",""
"1347","ICICIBANK","EQ",1410,1416.6,1406.3,1412,1412,1415.3,8345198,117732.83,"18-Aug-2026",116562,"",""
"1348","ICICIGI","EQ",1626.3,1637.5,1615.2,1623.8,1623.8,1626.3,625804,10164.23,"18-Aug-2026",31688,"",""
"1349","ICICIPRULI","EQ",503.85,510.6,498.2,498.2,498.2,507,1584467,8007.47,"18-Aug-2026",17243,"",""
"1350","ICIL","EQ",388.7,462,387.05,437.7,435.9,388.7,25217573,111626.3,"18-Aug-2026",284081,"",""
"1351","ICRA","EQ",5050,5082,4954,4975.6,4956.5,5052.7,21643,1084.34,"18-Aug-2026",3196,"",""
"1352","IDBI","EQ",82,82.54,81,81.11,81.09,82.18,1964380,1602.21,"18-Aug-2026",14575,"",""
"1353","IDEA","EQ",13.65,14.31,13.5,14.12,14.12,13.71,820797167,114109.47,"18-Aug-2026",764194,"",""
"1354","IDEAFORGE","EQ",780,834.85,780,834.85,834.85,795.1,858864,7114.55,"18-Aug-2026",19035,"",""
"1355","IDEALTECHO","SM",189,189,189,189,189,186.95,500,0.95,"18-Aug-2026",1,"",""
"1356","IDENTICAL","SM",15.6,15.6,15.25,15.4,15.25,15.8,4000,0.62,"18-Aug-2026",2,"",""
"1357","IDFCFIRSTB","EQ",85,85.47,84.6,84.76,84.76,85.05,8806133,7478.25,"18-Aug-2026",43609,"",""
"1358","IDFNIFTYET","EQ",272,273.9,266,267.14,266,271.61,1658,4.45,"18-Aug-2026",96,"",""
"1359","IEML","SM",41.9,41.9,40,40.35,40.7,40.45,39500,16.07,"18-Aug-2026",58,"",""
"1360","IEX","EQ",124.6,125.49,123.75,124.4,124.4,125.3,1978111,2461.53,"18-Aug-2026",25659,"",""
"1361","IFBAGRO","EQ",1038.15,1052.95,1015.1,1027.45,1015.3,1038.15,5571,57.49,"18-Aug-2026",380,"",""
"1362","IFBIND","EQ",1389,1424,1371.2,1416.4,1419.9,1386,75848,1067.65,"18-Aug-2026",8302,"",""
"1363","IFCI","EQ",78.97,81.8,78.36,81.36,81.5,78.93,49975029,40354.64,"18-Aug-2026",125617,"",""
"1364","IFGLEXPOR","EQ",219.89,229,215.01,222.83,220.1,218.97,25164,55.36,"18-Aug-2026",1175,"",""
"1365","IGARASHI","EQ",456,460.8,441.3,450.4,451.5,454.9,106671,478.92,"18-Aug-2026",3982,"",""
"1366","IGCL","EQ",71.6,72.79,71.31,72.09,71.7,71.38,62330,44.97,"18-Aug-2026",554,"",""
"1367","IGIL","EQ",353.05,355.1,346.5,349.7,348.35,355.15,608062,2129.32,"18-Aug-2026",15199,"",""
"1368","IGL","EQ",151,151.58,149.1,149.39,149.5,151,755290,1135.03,"18-Aug-2026",17478,"",""
"1369","IGPL","EQ",474.8,488.4,472.8,479.95,481,472.8,134261,647.38,"18-Aug-2026",4032,"",""
"1370","IIFL","EQ",630,640.4,620,622.35,622,630.05,1373767,8638.7,"18-Aug-2026",23520,"",""
"1371","IIFLCAPS","EQ",334.4,336.4,333.7,335.05,335.4,334.55,157511,527.31,"18-Aug-2026",4051,"",""
"1372","IITL","EQ",149.9,150.3,147.02,148.09,150.3,150.35,91829,136.91,"18-Aug-2026",546,"",""
"1373","IKIO","EQ",200.25,202.71,196.36,196.99,196.41,201.74,127812,253.43,"18-Aug-2026",2830,"",""
"1374","IKS","EQ",1830.2,1875,1823,1861.6,1863,1830.2,129336,2384.34,"18-Aug-2026",16556,"",""
"1375","IL&FSENGG","BZ",36.55,37.57,36.55,37.57,37.57,35.79,25615,9.6,"18-Aug-2026",54,"",""
"1376","IL&FSTRANS","BZ",2.03,2.13,2.03,2.09,2.09,2.08,17035,0.35,"18-Aug-2026",63,"",""
"1377","IMAGICAA","EQ",47.06,47.19,46.01,46.14,46.01,47.06,230513,107.28,"18-Aug-2026",1531,"",""
"1378","IMFA","EQ",1405.6,1423,1384,1418.4,1419.8,1398.7,78872,1110.61,"18-Aug-2026",9562,"",""
"1379","IMPAL","EQ",1083.1,1115.8,1069.4,1109.4,1110.1,1083.1,2623,28.84,"18-Aug-2026",298,"",""
"1380","IMPEXFERRO","BZ",3.71,3.71,3.71,3.71,3.71,3.64,14487,0.54,"18-Aug-2026",9,"",""
"1381","INA","EQ",98.68,99.15,93.85,94.86,95.19,98.41,697214,667.9,"18-Aug-2026",6420,"",""
"1382","INCREDIBLE","EQ",31.5,32.74,31.28,31.37,31.37,31.84,1078,0.35,"18-Aug-2026",21,"",""
"1383","INDBANK","EQ",32.8,32.8,32,32.15,32.11,32.38,44694,14.45,"18-Aug-2026",238,"",""
"1384","INDGN","EQ",556.3,569.5,556.3,567.7,568.65,561.75,161896,914.65,"18-Aug-2026",10251,"",""
"1385","INDHOTEL","EQ",717,721.8,712.5,719,719,720,1151586,8261.12,"18-Aug-2026",16219,"",""
"1386","INDIACEM","EQ",376.15,377.95,372.05,374.5,373.5,376.15,73424,274.67,"18-Aug-2026",6014,"",""
"1387","INDIAGLYCO","EQ",1070.9,1164.3,1070.9,1139.2,1136.4,1070.9,2053627,23489.48,"18-Aug-2026",75918,"",""
"1388","INDIAMART","EQ",1767.2,1785.9,1737.4,1753.1,1749.1,1770,104847,1838.6,"18-Aug-2026",26395,"",""
"1389","INDIANB","EQ",874,887,874,875,875,881.2,467243,4111.96,"18-Aug-2026",16941,"",""
"1390","INDIANCARD","EQ",216.1,220.78,210.7,219.43,220.78,216.07,3822,8.31,"18-Aug-2026",67,"",""
"1391","INDIANHUME","EQ",363.6,367.7,355.7,360.15,357.25,362.55,26224,94.72,"18-Aug-2026",1462,"",""
"1392","INDIASHLTR","EQ",674,674,661.2,669.05,669.95,674.75,80555,537.52,"18-Aug-2026",8106,"",""
"1393","INDIGO","EQ",5220,5238,5138,5220,5220,5275.5,554778,28921.01,"18-Aug-2026",56263,"",""
"1394","INDIGOPNTS","EQ",1161,1169.5,1134.3,1150.8,1152.9,1161,121042,1392.1,"18-Aug-2026",10005,"",""
"1395","INDIGRID","IV",176,177,175.65,176.97,176.8,176.98,485647,858.83,"18-Aug-2026",9650,"",""
"1396","INDIQUBE","EQ",179.51,190,178.58,187.12,188.95,178.63,118008,218.18,"18-Aug-2026",2490,"",""
"1397","INDNIPPON","EQ",1138.6,1142.9,1108.3,1120.3,1125,1138.5,15685,175.91,"18-Aug-2026",1928,"",""
"1398","INDOAMIN","BE",125,125.89,120,121.11,122.75,123.79,73191,90.02,"18-Aug-2026",765,"",""
"1399","INDOBORAX","EQ",421.9,436.45,417,433.15,431.7,420.25,146390,629.64,"18-Aug-2026",6458,"",""
"1400","INDOCO","EQ",218.74,223.48,217.41,221.16,221.5,218.74,55379,122.42,"18-Aug-2026",1540,"",""
"1401","INDOFARM","EQ",144.15,148.48,141.82,143.33,143.95,144.1,100822,145.46,"18-Aug-2026",1840,"",""
"1402","INDOKEM","EQ",640,640,572,585.5,584,590.55,3563,20.76,"18-Aug-2026",201,"",""
"1403","INDOMIM","EQ",910,952.75,905,952.75,952.75,866.15,10246021,96602.95,"18-Aug-2026",143239,"",""
"1404","INDORAMA","EQ",54.2,59.29,54.1,56.81,56.21,54.76,1115047,641.57,"18-Aug-2026",7175,"",""
"1405","INDOSTAR","EQ",247,257.4,246.55,251.4,250.15,247.15,150009,379.8,"18-Aug-2026",3385,"",""
"1406","INDOTECH","EQ",3634.9,3788.8,3617,3788.8,3788.8,3608.4,25073,943.89,"18-Aug-2026",1885,"",""
"1407","INDOTHAI","EQ",69.57,69.57,69.57,69.57,69.57,73.23,20979,14.6,"18-Aug-2026",391,"",""
"1408","INDOUS","EQ",89.99,89.99,84.8,87,88.5,84.75,17991,15.79,"18-Aug-2026",743,"",""
"1409","INDOWIND","EQ",8.87,8.87,7.9,8.39,8.39,8.74,330267,27.67,"18-Aug-2026",1194,"",""
"1410","INDPRUD","EQ",6200.5,6250,6141,6198,6187.5,6203,51,3.16,"18-Aug-2026",15,"",""
"1411","INDRAMEDCO","EQ",370,370.95,364.95,368.95,368,369.75,135013,495.81,"18-Aug-2026",3813,"",""
"1412","INDSWFTLAB","EQ",317.95,351.3,316.9,346.87,350,313.02,5070310,17124.83,"18-Aug-2026",77497,"",""
"1413","INDTERRAIN","EQ",32.34,32.34,30.5,30.55,30.5,31.06,17009,5.25,"18-Aug-2026",261,"",""
"1414","INDUSINDBK","EQ",1007,1019.5,1007,1015,1015,1010.6,539358,5469.46,"18-Aug-2026",20140,"",""
"1415","INDUSINVIT","IV",134.85,134.85,132.05,133.23,133.1,133.97,319412,426.83,"18-Aug-2026",7488,"",""
"1416","INDUSTOWER","EQ",378.8,379.8,371.5,372.4,372.4,380,4522943,16904.59,"18-Aug-2026",48146,"",""
"1417","INFINIUM","SM",247.5,247.5,241,243.1,244.35,239.4,3500,8.5,"18-Aug-2026",6,"",""
"1418","INFLUX","SM",295,301,295,298.7,298.1,297.9,44400,132.3,"18-Aug-2026",40,"",""
"1419","INFOBEAN","EQ",158.67,159.89,157,158.03,157.51,160.15,151945,240.26,"18-Aug-2026",2688,"",""
"1420","INFOLLION","SM",159.9,160.1,153.05,154.75,155,156.25,15200,24.15,"18-Aug-2026",28,"",""
"1421","INFOMEDIA","EQ",5.48,5.49,4.88,5.17,5.47,5.26,25231,1.3,"18-Aug-2026",65,"",""
"1422","INFRA","EQ",12.26,12.27,12.22,12.24,12.24,12.28,25904,3.17,"18-Aug-2026",119,"",""
"1423","INFRABEES","EQ",977.8,977.8,970.36,973.68,972.51,977.79,4375,42.58,"18-Aug-2026",316,"",""
"1424","INFRAIETF","EQ",97.92,97.92,96.01,96.53,96.14,96.95,52752,50.95,"18-Aug-2026",953,"",""
"1425","INFY","EQ",1124.5,1131.9,1112.5,1115,1115,1139.9,8851110,98847.51,"18-Aug-2026",197181,"",""
"1426","INGERRAND","EQ",4477.3,4725,4477.3,4691,4698,4477.2,47469,2206.61,"18-Aug-2026",8574,"",""
"1427","INM","SM",164.05,164.05,164.05,164.05,164.05,164.05,600,0.98,"18-Aug-2026",1,"",""
"1428","INNOMET","ST",218.65,218.65,218.65,218.65,218.65,214.4,51000,111.51,"18-Aug-2026",50,"",""
"1429","INNOVACAP","EQ",1030.1,1059.7,1030.1,1043,1040.2,1038.45,27162,284.94,"18-Aug-2026",5377,"",""
"1430","INNOVANA","EQ",306.05,315,290,305.25,306.8,307.15,29791,89.96,"18-Aug-2026",408,"",""
"1431","INNOVISION","EQ",275.05,280.45,273.5,274.1,273.5,276.9,13425,37.02,"18-Aug-2026",648,"",""
"1432","INOXGREEN","EQ",182,182.19,177.41,179.66,178.5,181.54,1588891,2844.96,"18-Aug-2026",7386,"",""
"1433","INOXINDIA","EQ",1949.9,1978,1920,1958.1,1959,1950.8,139702,2725.17,"18-Aug-2026",21839,"",""
"1434","INOXWIND","EQ",78,78.19,74.69,74.95,74.95,78.13,18198825,13779.2,"18-Aug-2026",57561,"",""
"1435","INSECTICID","EQ",618.7,625,612,619.5,624.5,618.7,9791,60.67,"18-Aug-2026",775,"",""
"1436","INSPIRISYS","BE",90,91.97,88.01,91.49,91.49,91.6,2317,2.09,"18-Aug-2026",47,"",""
"1437","INSUREIETF","EQ",15.48,15.59,15.4,15.51,15.53,15.52,34980,5.41,"18-Aug-2026",92,"",""
"1438","INTELLECT","EQ",695.45,702.6,685.65,695.95,692.8,695.45,334407,2321.48,"18-Aug-2026",16485,"",""
"1439","INTENTECH","EQ",79,82,79,80.34,79.2,79.81,34413,27.86,"18-Aug-2026",1397,"",""
"1440","INTERARCH","EQ",1738.8,1739.3,1715.8,1725.1,1719,1738.8,32697,564.99,"18-Aug-2026",2331,"",""
"1441","INTERNET","EQ",14.28,14.3,14.2,14.22,14.2,14.35,161334,22.96,"18-Aug-2026",207,"",""
"1442","INTLCONV","EQ",78.9,79.03,75.81,76.79,76.25,79.06,59790,46.23,"18-Aug-2026",993,"",""
"1443","INVENTURE","EQ",0.91,0.91,0.9,0.9,0.91,0.9,475512,4.29,"18-Aug-2026",271,"",""
"1444","INVICTA","SM",71,71,66.5,67.05,68,73,67200,45.46,"18-Aug-2026",31,"",""
"1445","INVPRECQ","BE",1220,1256.5,1166,1256.5,1256.5,1196.7,17094,212.52,"18-Aug-2026",436,"",""
"1446","IOB","EQ",33.7,33.76,33.16,33.27,33.2,33.66,2089649,697.88,"18-Aug-2026",9339,"",""
"1447","IOC","EQ",138.12,139.2,137.75,137.8,137.8,138.61,8312830,11510.5,"18-Aug-2026",60357,"",""
"1448","IOLCP","EQ",161.28,162.25,157.8,159.19,158.9,161.28,1213444,1939.51,"18-Aug-2026",11521,"",""
"1449","IONEXCHANG","EQ",374,378.7,369,370.3,370,374.45,218689,814.33,"18-Aug-2026",8850,"",""
"1450","IPCALAB","EQ",1877.1,1919,1862.3,1882.1,1878,1884.6,804532,15220.41,"18-Aug-2026",45680,"",""
"1451","IPHL","SM",70.1,72.5,70,71.9,71.9,68.7,42000,29.95,"18-Aug-2026",33,"",""
"1452","IPL","EQ",140,141.52,138,138.19,138.45,141.05,129973,180.85,"18-Aug-2026",2452,"",""
"1453","IPRINGLTD","EQ",138.5,153,138,143.07,140.17,134,2174,3.14,"18-Aug-2026",140,"",""
"1454","IRB","EQ",19.16,19.17,19.02,19.03,19.04,19.17,6032637,1150.28,"18-Aug-2026",16358,"",""
"1455","IRBINVIT","IV",64.81,65,63.91,64.08,63.97,64.49,671668,433.33,"18-Aug-2026",5181,"",""
"1456","IRCON","EQ",124.2,124.7,123.1,123.62,123.54,124.57,946997,1173.19,"18-Aug-2026",11906,"",""
"1457","IRCTC","EQ",499.95,501,492,493.05,492.5,499.95,592203,2931.71,"18-Aug-2026",24988,"",""
"1458","IREDA","EQ",116.85,117.11,115.27,115.27,115.27,116.85,2772666,3210.06,"18-Aug-2026",21528,"",""
"1459","IRFC","EQ",86.76,87.56,86.05,86.11,86.11,87.05,5607787,4847.01,"18-Aug-2026",39323,"",""
"1460","IRIS","EQ",250,257.74,240.1,250.17,252,246.76,70425,176.32,"18-Aug-2026",1258,"",""
"1461","IRISDOREME","EQ",58.89,59.3,57.66,59,59.16,58.3,1095844,641.91,"18-Aug-2026",2620,"",""
"1462","IRMENERGY","EQ",288,293.7,288,290.25,289.1,292.1,46575,134.97,"18-Aug-2026",1824,"",""
"1463","ISFT","EQ",82.25,83.47,80.25,80.31,80.41,82.25,110158,89.45,"18-Aug-2026",494,"",""
"1464","ISGEC","EQ",746.05,794.7,740.5,782.2,784.5,746.85,134385,1046.86,"18-Aug-2026",11624,"",""
"1465","ISHANCH","EQ",47.9,49.56,46.55,47.04,46.75,47.33,142217,68.57,"18-Aug-2026",667,"",""
"1466","ISTLTD","EQ",660,660,650,652.2,652.2,666.9,51,0.33,"18-Aug-2026",14,"",""
"1467","IT","EQ",34.95,34.95,33.6,33.69,33.75,34.26,247367,83.52,"18-Aug-2026",1265,"",""
"1468","ITADD","EQ",32.77,33,32.01,32.23,32.24,32.77,76465,24.65,"18-Aug-2026",281,"",""
"1469","ITAXIS","EQ",340,340,332.48,333.91,335,341.65,5403,18.06,"18-Aug-2026",160,"",""
"1470","ITBEES","EQ",34.24,34.5,33.55,33.58,33.64,34.24,9883643,3331.79,"18-Aug-2026",25401,"",""
"1471","ITBETA","EQ",325,327.62,312.2,320.99,321.25,327.67,3536,11.32,"18-Aug-2026",166,"",""
"1472","ITC","EQ",273.05,273.65,269.15,270,270,273.05,14561572,39463.39,"18-Aug-2026",216235,"",""
"1473","ITCHOTELS","EQ",166,166.15,164,164.43,164.16,166.36,817909,1350.1,"18-Aug-2026",14976,"",""
"1474","ITDC","EQ",698.3,703.55,688,692.95,690.3,698.3,85619,593.65,"18-Aug-2026",5558,"",""
"1475","ITETF","EQ",32.62,32.62,32.03,32.08,32.1,32.66,363874,117.34,"18-Aug-2026",990,"",""
"1476","ITI","EQ",276.1,282,274.25,280.35,280.85,277.25,233923,651.93,"18-Aug-2026",6525,"",""
"1477","ITIETF","EQ",34.37,34.37,33.6,33.66,33.75,34.27,556975,188.03,"18-Aug-2026",1760,"",""
"1478","ITL","EQ",327,327,312.85,320.05,327,318.4,1147,3.68,"18-Aug-2026",42,"",""
"1479","ITTL","ST",65.5,65.5,65.5,65.5,65.5,66.6,105,0.07,"18-Aug-2026",1,"",""
"1480","IVALUE","EQ",275.6,284.35,275.6,280.3,278.9,279.1,231932,648.81,"18-Aug-2026",6225,"",""
"1481","IVC","EQ",8.42,8.42,8.15,8.21,8.22,8.32,229288,18.84,"18-Aug-2026",758,"",""
"1482","IVP","BE",174,177.7,174,175.84,177,177.98,4686,8.24,"18-Aug-2026",52,"",""
"1483","IVZINGOLD","EQ",133.25,133.45,132.5,132.8,133.15,133.25,9093,12.09,"18-Aug-2026",140,"",""
"1484","IVZINNIFTY","EQ",278.92,278.92,277.41,277.59,277.59,279.22,726,2.02,"18-Aug-2026",33,"",""
"1485","IWARE","ST",436.7,443.8,436.7,441.9,443.8,435.4,6000,26.44,"18-Aug-2026",9,"",""
"1486","IWP","EQ",34,34.05,33.81,33.81,33.81,34.48,2872,0.97,"18-Aug-2026",26,"",""
"1487","IXIGO","EQ",171.2,174.8,170.25,172.26,171.5,172.51,348709,600.11,"18-Aug-2026",10546,"",""
"1488","IZMO","EQ",912,929,885,903.9,915,916.25,112287,1009.37,"18-Aug-2026",8442,"",""
"1489","J&KBANK","EQ",148.1,151.75,147.68,150.24,150.4,147.97,2545070,3815.76,"18-Aug-2026",29494,"",""
"1490","JAGRAN","EQ",61.92,62.28,61.4,61.56,61.57,61.92,184646,114.12,"18-Aug-2026",2078,"",""
"1491","JAGSNPHARM","EQ",233.53,241.3,229.15,230.89,230.98,233.53,245501,577.25,"18-Aug-2026",6181,"",""
"1492","JAIBALAJI","EQ",69.5,70.79,66.47,67.82,67.85,69.96,1512483,1028.59,"18-Aug-2026",3650,"",""
"1493","JAICORPLTD","EQ",101.4,101.79,99.8,100.08,99.99,101.2,246778,248.12,"18-Aug-2026",2306,"",""
"1494","JAINIK","SM",204,210.8,204,208,208,210.95,6000,12.47,"18-Aug-2026",5,"",""
"1495","JAINREC","EQ",303,303.3,295.8,296.2,296,301.9,543084,1617.89,"18-Aug-2026",14572,"",""
"1496","JAIPURKURT","EQ",27.43,27.89,27.05,27.69,27.69,27.43,958,0.26,"18-Aug-2026",38,"",""
"1497","JALAN","ST",1.75,1.75,1.75,1.75,1.75,1.7,45000,0.79,"18-Aug-2026",5,"",""
"1498","JAMNAAUTO","EQ",123,124.3,122,122.58,122.98,123.33,965973,1186.11,"18-Aug-2026",7534,"",""
"1499","JARO","EQ",451.2,461.7,443,445.5,443.8,449.1,136549,614.24,"18-Aug-2026",3924,"",""
"1500","JASH","EQ",480,485.75,475,476.6,478.05,480.5,64171,307.37,"18-Aug-2026",2812,"",""
"1501","JAYAGROGN","EQ",218,221,217.3,220.41,218.81,217.68,2797,6.14,"18-Aug-2026",117,"",""
"1502","JAYBARMARU","EQ",129.25,132,127.1,130.42,130.5,127.72,265179,346.03,"18-Aug-2026",3234,"",""
"1503","JAYBEE","SM",82.9,84.95,81.35,82.3,82.1,82.7,16500,13.67,"18-Aug-2026",27,"",""
"1504","JAYESH","SM",144.9,148,133.25,136.9,136.9,144.9,109000,153.29,"18-Aug-2026",28,"",""
"1505","JAYKAY","EQ",151.95,156.52,150.01,154.53,154,150.5,221637,341.71,"18-Aug-2026",4461,"",""
"1506","JAYNECOIND","EQ",88.69,91.2,88.05,90.23,90.6,88.31,2964260,2666.01,"18-Aug-2026",21917,"",""
"1507","JAYSREETEA","EQ",88.33,89.7,87.1,87.85,88.15,88.32,43708,38.89,"18-Aug-2026",910,"",""
"1508","JBMA","EQ",621.45,626.55,617,619.85,620.3,621.35,138248,857.48,"18-Aug-2026",7016,"",""
"1509","JENBURPH","EQ",1065,1073.9,1040.2,1047.3,1067.6,1045.1,327,3.45,"18-Aug-2026",45,"",""
"1510","JETFREIGHT","EQ",22.5,22.72,22.4,22.43,22.45,22.73,59999,13.49,"18-Aug-2026",235,"",""
"1511","JETKNIT","ST",56.4,56.4,56.4,56.4,56.4,59.35,750,0.42,"18-Aug-2026",1,"",""
"1512","JEYYAM","ST",23.35,23.35,22.95,23,23,22.85,10000,2.31,"18-Aug-2026",4,"",""
"1513","JFLLIFE","SM",12.6,12.75,11.95,11.95,11.95,12.55,42000,5.12,"18-Aug-2026",7,"",""
"1514","JGCHEM","EQ",605,652.4,602.15,645.85,645,600.8,873029,5541.41,"18-Aug-2026",28342,"",""
"1515","JHS","EQ",8.35,8.73,8.16,8.4,8.29,8.45,32343,2.73,"18-Aug-2026",227,"",""
"1516","JINDALPHOT","EQ",1057.3,1098,1051.1,1065.9,1051.7,1057.6,2874,30.87,"18-Aug-2026",312,"",""
"1517","JINDALPOLY","EQ",665,668.05,644.05,646.65,649,665.65,15581,102.11,"18-Aug-2026",1184,"",""
"1518","JINDALSAW","EQ",270.65,270.9,266,268.65,270.25,270.4,546329,1465.22,"18-Aug-2026",15032,"",""
"1519","JINDALSTEL","EQ",1119,1119.7,1100,1101.5,1101.5,1116.1,561974,6227.41,"18-Aug-2026",27596,"",""
"1520","JINDRILL","EQ",587.1,673.55,587.1,651.15,648.85,586.2,17885822,117227.77,"18-Aug-2026",318792,"",""
"1521","JINDWORLD","EQ",35.98,36.74,35.51,36.19,36.02,35.63,3082346,1112.8,"18-Aug-2026",9845,"",""
"1522","JIOFIN","EQ",248.9,248.9,245.8,245.8,245.8,249.75,9238709,22782.74,"18-Aug-2026",60961,"",""
"1523","JISLDVREQS","EQ",21,21.75,20.82,21.01,20.82,21.28,1341,0.28,"18-Aug-2026",33,"",""
"1524","JISLJALEQS","EQ",27.66,27.82,27.41,27.53,27.6,27.73,1122421,309.14,"18-Aug-2026",4617,"",""
"1525","JITFINFRA","EQ",306,314.95,300,305.05,303.35,306.2,23697,72.99,"18-Aug-2026",1430,"",""
"1526","JKCEMENT","EQ",5338,5399,5322,5375.5,5355,5340,21124,1134.05,"18-Aug-2026",5884,"",""
"1527","JKIL","EQ",509,514.9,500.1,502.9,502,509.65,82171,416.83,"18-Aug-2026",2961,"",""
"1528","JKIPL","EQ",98.99,99.89,94.05,97.28,99,97.1,167738,162.4,"18-Aug-2026",806,"",""
"1529","JKLAKSHMI","EQ",557,561.9,553,556,553,557.25,130440,727.18,"18-Aug-2026",12917,"",""
"1530","JKPAPER","EQ",381.4,394.9,375,385.45,385.15,380.75,560909,2171.4,"18-Aug-2026",19578,"",""
"1531","JKTYRE","EQ",381,384.45,381,383.15,383.1,382,262707,1005.01,"18-Aug-2026",7428,"",""
"1532","JLHL","EQ",314,320.55,310.15,318.2,318.05,315.15,229946,727.65,"18-Aug-2026",7638,"",""
"1533","JMA","EQ",89,89.5,86.5,87.56,88.5,89.2,20311,17.9,"18-Aug-2026",345,"",""
"1534","JMFINANCIL","EQ",127.08,128.21,124.72,125.4,125.35,127.91,1377973,1737.66,"18-Aug-2026",13950,"",""
"1535","JNKINDIA","EQ",472.7,473.7,461,463.95,466.9,476.35,166370,773.59,"18-Aug-2026",4475,"",""
"1536","JNPR","EQ",242.18,245.95,238.84,240.59,240.3,241.68,823202,1991.32,"18-Aug-2026",19455,"",""
"1537","JOCIL","BE",148.5,152,146.35,149.96,150,148.5,1867,2.79,"18-Aug-2026",30,"",""
"1538","JPOLYINVST","EQ",1012.2,1021.4,1001.1,1004.6,1002,1006.6,4365,44.2,"18-Aug-2026",433,"",""
"1539","JPPOWER","EQ",17.3,17.4,17.27,17.32,17.31,17.39,17435781,3019.72,"18-Aug-2026",29556,"",""
"1540","JSFB","EQ",548.55,579,542,575,575,548.85,899345,5093.32,"18-Aug-2026",21293,"",""
"1541","JSL","EQ",744,756,728.2,732.4,732.8,744,658364,4888.14,"18-Aug-2026",26017,"",""
"1542","JSLL","EQ",510.05,518,505.5,507.95,507,517.3,426512,2179.71,"18-Aug-2026",14609,"",""
"1543","JSWCEMENT","EQ",127,127.69,126.76,127.31,127.4,127.6,471590,600.28,"18-Aug-2026",8019,"",""
"1544","JSWDULUX","EQ",3156.4,3165,3088,3110.4,3099,3139.8,10435,325.4,"18-Aug-2026",3552,"",""
"1545","JSWENERGY","EQ",554,556.6,547.7,548.1,548.1,555.5,1195546,6582.09,"18-Aug-2026",25798,"",""
"1546","JSWHL","EQ",11800,11918,11445,11489,11525,11798,2559,296.45,"18-Aug-2026",1092,"",""
"1547","JSWINFRA","EQ",334.45,336.9,327.5,328.65,329.2,335.4,1863660,6178.77,"18-Aug-2026",44211,"",""
"1548","JSWSTEEL","EQ",1275,1285.8,1265,1267.6,1267.6,1277.8,719017,9163.82,"18-Aug-2026",29042,"",""
"1549","JTEKTINDIA","EQ",130.1,133.3,129.4,130.04,130.2,130.18,133707,175.33,"18-Aug-2026",1882,"",""
"1550","JTLIND","EQ",75.5,76.03,74.52,74.8,74.95,75.33,858810,647.41,"18-Aug-2026",7104,"",""
"1551","JUBLCPL","EQ",2362.4,2397.9,2142,2199.1,2153,2342.4,16482,371.58,"18-Aug-2026",1437,"",""
"1552","JUBLFOOD","EQ",509.85,510.6,496.4,500.55,500.55,511.5,2285057,11503.83,"18-Aug-2026",27526,"",""
"1553","JUBLINGREA","EQ",733.7,737.85,722.75,726.7,729.5,732.8,135283,984.36,"18-Aug-2026",9217,"",""
"1554","JUBLPHARMA","EQ",863.95,873.9,860,866,864.1,866.95,174172,1513.02,"18-Aug-2026",15280,"",""
"1555","JUNIORBEES","EQ",815,815,805.01,805.9,805.01,808.27,262809,2120.29,"18-Aug-2026",6418,"",""
"1556","JUNIPER","EQ",196.4,198.5,192.62,197.29,197.9,192.09,185085,363.39,"18-Aug-2026",4589,"",""
"1557","JUSTDIAL","EQ",680.3,683.35,658,661.3,660,680.3,174469,1160.82,"18-Aug-2026",8715,"",""
"1558","JWL","EQ",250.2,253.6,250,250.7,251,252.65,295272,741.37,"18-Aug-2026",7874,"",""
"1559","JYOTHYLAB","EQ",214.25,216.9,206.54,210.68,209.2,213.93,1642025,3454.26,"18-Aug-2026",27838,"",""
"1560","JYOTICNC","EQ",870,947.9,860.05,929.2,940,857.95,5438972,49118.72,"18-Aug-2026",149767,"",""
"1561","JYOTIGLOBL","SM",37.55,41,37.55,41,41,39.1,14000,5.45,"18-Aug-2026",7,"",""
"1562","JYOTIRES","EQ",855.3,869.95,850,859.85,863.95,855.5,3299,28.36,"18-Aug-2026",421,"",""
"1563","JYOTISTRUC","EQ",10.65,10.9,10.6,10.73,10.73,10.65,2337627,250.85,"18-Aug-2026",2960,"",""
"1564","K2INFRA","ST",50.15,50.25,49.65,49.9,49.85,50,7800,3.9,"18-Aug-2026",12,"",""
"1565","KABRAEXTRU","EQ",522.95,522.95,504.25,512.6,509,520.5,124007,635.4,"18-Aug-2026",3974,"",""
"1566","KAJARIACER","EQ",1243.9,1249.3,1219,1225.8,1222,1251.6,120873,1487.58,"18-Aug-2026",8462,"",""
"1567","KAKATCEM","EQ",109.5,113.75,109,112.75,111,109.49,3643,4.05,"18-Aug-2026",84,"",""
"1568","KALAMANDIR","EQ",87,87,85.5,85.72,85.5,86.16,199617,171.71,"18-Aug-2026",1878,"",""
"1569","KALANA","SM",20.8,21,20.8,21,21,20,16000,3.35,"18-Aug-2026",8,"",""
"1570","KALPATARU","EQ",286,286,279,280.65,279.6,283.1,34751,97.84,"18-Aug-2026",1180,"",""
"1571","KALYANIFRG","EQ",654.75,665.95,634.95,639.2,650,651.7,2604,16.78,"18-Aug-2026",274,"",""
"1572","KALYANKJIL","EQ",610,612.4,601.2,601.6,601.6,610,6089064,36862.43,"18-Aug-2026",69026,"",""
"1573","KAMAHOLD","EQ",2462.6,2474.8,2440,2448.5,2450,2456.4,5044,123.67,"18-Aug-2026",443,"",""
"1574","KAMANWALA","EQ",16.25,16.26,16.25,16.26,16.26,13.55,4545,0.74,"18-Aug-2026",32,"",""
"1575","KAMATHOTEL","EQ",195.78,195.78,191.22,194.1,195,194.64,32808,63.47,"18-Aug-2026",996,"",""
"1576","KAMDHENU","BE",33.51,33.9,32.99,33.37,33.6,33.85,218408,72.72,"18-Aug-2026",739,"",""
"1577","KAMOPAINTS","EQ",4.57,4.57,4.3,4.38,4.38,4.43,308547,13.57,"18-Aug-2026",735,"",""
"1578","KANANIIND","EQ",1.51,1.52,1.35,1.49,1.5,1.5,347845,5.02,"18-Aug-2026",353,"",""
"1579","KANCHI","EQ",372,376,364,374,373,377.65,3174,11.79,"18-Aug-2026",40,"",""
"1580","KANCOTEA","EQ",49.6,55,46.2,48.48,49.4,49.65,2063,1.05,"18-Aug-2026",63,"",""
"1581","KANDARP","SM",99,101,98.2,100,100,97.1,108000,107.17,"18-Aug-2026",60,"",""
"1582","KANORICHEM","BE",151,153.45,145.65,149.51,149.79,151.3,22922,33.96,"18-Aug-2026",140,"",""
"1583","KANPRPLA","EQ",263,266.39,240.5,244.25,242.3,262.85,54440,135.68,"18-Aug-2026",1574,"",""
"1584","KANSAINER","EQ",205.8,207.63,200.11,201.05,201.99,205.8,177961,359.74,"18-Aug-2026",5378,"",""
"1585","KAPSTON","EQ",528,549.85,525,528.4,535,522.7,93251,495.68,"18-Aug-2026",3590,"",""
"1586","KARMAENG","EQ",39.61,40.6,39,39.31,39,40.52,1117,0.44,"18-Aug-2026",32,"",""
"1587","KARNIKA","SM",113.55,115,112,114.85,114.85,113.55,29000,32.81,"18-Aug-2026",11,"",""
"1588","KARURVYSYA","EQ",333.5,336.15,330.95,333.9,334.5,334,1036685,3455.14,"18-Aug-2026",33052,"",""
"1589","KATARIA","SM",97,106,97,102.9,106,95.85,25200,25.62,"18-Aug-2026",39,"",""
"1590","KAUSHALYA","BE",889.95,912,881,895.45,904,884.4,50,0.45,"18-Aug-2026",18,"",""
"1591","KAVDEFENCE","EQ",55.6,60,54.89,57.53,57.94,56.61,227616,129.97,"18-Aug-2026",3112,"",""
"1592","KAYA","EQ",333,345.8,326.25,338.75,335.8,336.65,52088,173.79,"18-Aug-2026",2385,"",""
"1593","KAYNES","EQ",3664.8,3714.2,3640,3644.1,3644.1,3651,514083,18873.62,"18-Aug-2026",37736,"",""
"1594","KAYTEX","SM",58,58,51.2,54.3,54.3,56.3,24000,12.97,"18-Aug-2026",30,"",""
"1595","KCEIL","SM",79.95,79.95,76.2,77.65,77.5,76.8,36500,28.36,"18-Aug-2026",44,"",""
"1596","KCK","ST",15.5,15.5,15,15,15,14.9,82500,12.4,"18-Aug-2026",8,"",""
"1597","KCP","EQ",156.2,157.16,150,151.22,151,155.28,238462,362.12,"18-Aug-2026",4481,"",""
"1598","KCPSUGIND","BE",31.47,32,30.5,31.44,31.65,31.12,223001,69.66,"18-Aug-2026",400,"",""
"1599","KDDL","EQ",4081.9,4128.5,4010.1,4093.5,4064,4084.6,26917,1103.71,"18-Aug-2026",7164,"",""
"1600","KDL","SM",89.2,92.55,84.95,87.55,87,91.8,28050,24.48,"18-Aug-2026",128,"",""
"1601","KEC","EQ",436.35,438,427,428.6,427.7,436.35,1404817,6031.15,"18-Aug-2026",30436,"",""
"1602","KECL","EQ",137.5,139.82,133.35,135.36,134.38,137.5,163373,222.13,"18-Aug-2026",2823,"",""
"1603","KEEPLEARN","EQ",1.86,2.07,1.86,2.01,2,1.92,192433,3.86,"18-Aug-2026",244,"",""
"1604","KEI","EQ",5881.7,5899,5722.7,5790,5790,5873,311725,18083.87,"18-Aug-2026",26590,"",""
"1605","KELLTONTEC","EQ",13.54,13.89,13.45,13.68,13.66,13.54,1591673,217.25,"18-Aug-2026",3875,"",""
"1606","KEN","SM",42.3,42.3,42,42,42,42,4800,2.02,"18-Aug-2026",4,"",""
"1607","KENNAMET","EQ",3550,3569,3480,3502.2,3481.1,3551.7,14828,523.21,"18-Aug-2026",3087,"",""
"1608","KERNEX","EQ",1820,1920,1756.1,1901.8,1906,1751.7,1425187,26332.22,"18-Aug-2026",86725,"",""
"1609","KESORAMIND","BE",11.95,11.95,11.95,11.95,11.95,11.72,190942,22.82,"18-Aug-2026",186,"",""
"1610","KEYFINSERV","EQ",257.9,261,254.95,257.45,259.8,257.95,1145,2.95,"18-Aug-2026",43,"",""
"1611","KFINTECH","EQ",976.55,979,946,957.6,957.6,973,1298792,12405.61,"18-Aug-2026",30243,"",""
"1612","KHADIM","BE",97.4,98.4,96,96.32,96.2,97.07,43442,42.15,"18-Aug-2026",203,"",""
"1613","KHAICHEM","EQ",60.34,63.3,56.11,56.72,56.8,59.75,1453854,870.92,"18-Aug-2026",10146,"",""
"1614","KHAITANLTD","EQ",147.04,149.38,141.01,148.19,148.49,147.04,5052,7.42,"18-Aug-2026",90,"",""
"1615","KHANDSE","EQ",17.47,17.47,17.47,17.47,17.47,17.25,1,0,"18-Aug-2026",1,"",""
"1616","KHFM","SM",45.25,47.9,45,45.9,47.9,48.6,10850,4.98,"18-Aug-2026",6,"",""
"1617","KICL","EQ",5252.5,5369.5,5252.5,5309.5,5295,5292.5,446,23.66,"18-Aug-2026",182,"",""
"1618","KILITCH","BE",169,172.4,163.96,163.96,163.96,172.58,96347,159.94,"18-Aug-2026",529,"",""
"1619","KIMS","EQ",800,808.9,800,805.5,804.55,800.4,217609,1746.67,"18-Aug-2026",13301,"",""
"1620","KINGFA","EQ",6087.5,6087.5,5905.5,5974.5,5950,6087.5,21586,1288.36,"18-Aug-2026",5966,"",""
"1621","KIOCL","EQ",387.3,391.85,382.1,384,384.15,388.15,63816,245.86,"18-Aug-2026",3376,"",""
"1622","KIRANVYPAR","EQ",200,200,196.25,196.31,196.3,201.75,303,0.6,"18-Aug-2026",14,"",""
"1623","KIRIINDUS","EQ",413.5,413.5,403.8,408.95,409.2,410.45,191225,780.38,"18-Aug-2026",4192,"",""
"1624","KIRLFER","EQ",434,437.7,429,435.85,434.4,433.2,50317,218.05,"18-Aug-2026",3425,"",""
"1625","KIRLOSBROS","EQ",1942.9,1951,1900.7,1910,1902.2,1942.9,34824,668.35,"18-Aug-2026",5680,"",""
"1626","KIRLOSENG","EQ",2101.5,2130,2076.5,2125.7,2123.1,2101.6,200593,4233.79,"18-Aug-2026",22093,"",""
"1627","KIRLOSIND","EQ",3842.9,3844.8,3740,3753.3,3740,3842.9,4203,158.73,"18-Aug-2026",652,"",""
"1628","KIRLPNU","EQ",768.8,776.9,745.7,760.2,763,1534.3,186912,1418.76,"18-Aug-2026",12008,"",""
"1629","KISSHT","EQ",301.05,306.95,299.9,302.55,302.45,304.6,452909,1369.68,"18-Aug-2026",8174,"",""
"1630","KITEX","EQ",128.51,134.07,128.1,128.98,128.75,128.81,700612,917.38,"18-Aug-2026",8302,"",""
"1631","KJMCFIN","EQ",62.85,62.85,56.21,61.99,61.99,58.85,3500,2.17,"18-Aug-2026",30,"",""
"1632","KKCL","EQ",523.65,525,513.2,515.05,514.55,521,50339,261.24,"18-Aug-2026",2141,"",""
"1633","KLBRENG-B","EQ",346,374.4,346,362.75,360.5,346.9,383012,1392.73,"18-Aug-2026",9410,"",""
"1634","KLL","SM",23.2,23.25,22.3,22.4,22.4,22.5,6400,1.45,"18-Aug-2026",7,"",""
"1635","KMCSHIL","EQ",143.49,146,141,141.97,142.7,143.13,217294,310.79,"18-Aug-2026",2659,"",""
"1636","KMEW","EQ",2740,2745,2632,2706.2,2720,2756.5,163110,4367.31,"18-Aug-2026",21603,"",""
"1637","KMSUGAR","EQ",30.19,32.2,30,31.38,31.49,29.79,973691,304.61,"18-Aug-2026",4750,"",""
"1638","KNACK","EQ",207,208.74,203.05,204.19,204.7,207.56,535863,1100.74,"18-Aug-2026",7016,"",""
"1639","KNAGRI","EQ",217.5,228,208.79,212.8,214.75,216.19,58047,124.14,"18-Aug-2026",711,"",""
"1640","KNRCON","EQ",134,135.22,129.8,130.36,130.4,134.6,691247,909.73,"18-Aug-2026",11188,"",""
"1641","KODYTECH","ST",1389.7,1424,1382,1413.85,1420,1396.65,16500,232.4,"18-Aug-2026",77,"",""
"1642","KOHINOOR","EQ",27.8,28.47,26.3,27.42,27.21,27.78,135394,36.96,"18-Aug-2026",2227,"",""
"1643","KOKUYOCMLN","EQ",84.89,85,83.62,84.77,84.89,84.73,18755,15.87,"18-Aug-2026",423,"",""
"1644","KOLTEPATIL","EQ",471.65,478.8,466.25,473.95,476,471.65,89987,425.09,"18-Aug-2026",3651,"",""
"1645","KONSTELEC","ST",58.3,62,58.3,62,62,61.25,77000,47.39,"18-Aug-2026",42,"",""
"1646","KONTOR","SM",60,60,60,60,60,62,600,0.36,"18-Aug-2026",1,"",""
"1647","KOPRAN","BE",201.69,208.5,199.51,201.51,200.07,199.71,220320,447.29,"18-Aug-2026",1768,"",""
"1648","KORE","SM",130.05,164.95,130,160,160,151.4,2250,3.39,"18-Aug-2026",7,"",""
"1649","KOTAKBANK","EQ",391,392.9,387.65,387.65,387.65,392.7,5653147,22070.52,"18-Aug-2026",58035,"",""
"1650","KOTARISUG","EQ",26.4,27.3,26.4,26.89,26.89,26.29,181199,48.87,"18-Aug-2026",845,"",""
"1651","KOTHARIPET","EQ",133.5,137.53,133.5,134.99,134.3,133.91,73090,99,"18-Aug-2026",1415,"",""
"1652","KOTHARIPRO","EQ",68.58,69.43,67.5,67.95,67.62,68.58,6465,4.39,"18-Aug-2026",266,"",""
"1653","KOTIC","EQ",145.95,156.36,143.35,145.08,145.9,143.36,11873,17.5,"18-Aug-2026",455,"",""
"1654","KOTYARK","BE",36.36,36.36,36.36,36.36,36.36,38.27,27777,10.1,"18-Aug-2026",263,"",""
"1655","KOVAI","EQ",6181.5,6181.5,5990,6013,6045,6122,3161,191.17,"18-Aug-2026",774,"",""
"1656","KPEL","EQ",243.7,264.95,240,262.3,263.9,243.75,859476,2191.75,"18-Aug-2026",17783,"",""
"1657","KPIGREEN","EQ",302.5,316.3,302.45,308.9,309,303.1,2232623,6878.78,"18-Aug-2026",45336,"",""
"1658","KPIL","EQ",1404,1413.4,1392.1,1403.5,1404,1404.2,132037,1848.36,"18-Aug-2026",10413,"",""
"1659","KPITTECH","EQ",609,609.05,596,596.65,596.65,609,1619307,9727.13,"18-Aug-2026",30901,"",""
"1660","KPL","EQ",3648,3654.8,3499.8,3532.6,3544,3598.1,35819,1271.66,"18-Aug-2026",4956,"",""
"1661","KPRMILL","EQ",1135.6,1140,1118.3,1123.5,1123.9,1135.6,110490,1248.14,"18-Aug-2026",11176,"",""
"1662","KRBL","EQ",394.65,403.8,390.5,393.6,394,395.7,715530,2845.86,"18-Aug-2026",22388,"",""
"1663","KREBSBIO","EQ",56.77,56.78,55.08,55.79,55.5,54.66,5203,2.91,"18-Aug-2026",27,"",""
"1664","KRIDHANINF","BE",2.19,2.27,2.15,2.19,2.21,2.19,58497,1.27,"18-Aug-2026",55,"",""
"1665","KRISHANA","EQ",188,190.98,184.1,190.04,190.39,187.27,695996,1311.26,"18-Aug-2026",10287,"",""
"1666","KRISHCA","SM",166,167.9,165,167.4,167.4,166.25,8000,13.35,"18-Aug-2026",11,"",""
"1667","KRISHIVAL","EQ",403,403,350.6,355.75,355.5,408.3,170859,629.64,"18-Aug-2026",5074,"",""
"1668","KRISHNADEF","EQ",1067.9,1129,1067.9,1125,1129,1062.5,137042,1512.7,"18-Aug-2026",12015,"",""
"1669","KRITI","EQ",66.73,68.94,65.2,65.81,65.98,66.73,7131,4.7,"18-Aug-2026",94,"",""
"1670","KRITIKA","EQ",5.54,5.6,5.5,5.52,5.55,5.54,56033,3.1,"18-Aug-2026",316,"",""
"1671","KRITINUT","EQ",86.99,87.5,84.51,85.79,85.1,85.15,4162,3.57,"18-Aug-2026",111,"",""
"1672","KRMAYURVED","SM",274.85,285,274.85,281.7,282.95,272.85,84000,235.55,"18-Aug-2026",71,"",""
"1673","KRN","EQ",1517.7,1560,1475,1522.1,1515,1539.7,425448,6427.06,"18-Aug-2026",27219,"",""
"1674","KRONOX","EQ",150.1,154.55,144.41,151.7,151.5,151.52,225530,335.51,"18-Aug-2026",3932,"",""
"1675","KROSS","EQ",203.5,208.01,201.35,202.5,203.8,205.2,329794,674.72,"18-Aug-2026",6545,"",""
"1676","KRSNAA","EQ",560,563,537.1,540.2,540,558.45,85637,468.71,"18-Aug-2026",5205,"",""
"1677","KRT","RR",115.8,116,112,115.27,115.6,115.48,817372,940.03,"18-Aug-2026",8289,"",""
"1678","KRYSTAL","EQ",620.2,623.7,620,620,620,620.4,5861,36.37,"18-Aug-2026",261,"",""
"1679","KSB","EQ",797.05,801.45,789.65,794.5,791,795.25,38365,304.79,"18-Aug-2026",4636,"",""
"1680","KSCL","EQ",758.7,779,755.8,772.75,763,772.3,251401,1934.17,"18-Aug-2026",15971,"",""
"1681","KSE","EQ",197.9,199.99,196,198.82,199,194.47,25704,50.98,"18-Aug-2026",572,"",""
"1682","KSHINTL","EQ",1024.3,1030.4,985.25,999.45,1003.3,1022.35,225378,2250.37,"18-Aug-2026",15549,"",""
"1683","KSHITIJPOL","EQ",3.04,3.09,2.88,2.91,2.94,3.03,2109693,61.56,"18-Aug-2026",1578,"",""
"1684","KSL","EQ",829.8,842.95,818.85,821.35,820.85,829.8,25115,207.69,"18-Aug-2026",1657,"",""
"1685","KSOLVES","EQ",271,273.8,268,270.35,270.55,274.1,26890,72.8,"18-Aug-2026",1337,"",""
"1686","KSR","EQ",29.16,29.8,28.36,28.47,29.4,29.3,2070,0.6,"18-Aug-2026",53,"",""
"1687","KTKBANK","EQ",304.2,313.2,304.2,310.75,310.55,306.5,2278077,7067.85,"18-Aug-2026",55008,"",""
"1688","KUANTUM","EQ",80.74,81.28,79.2,79.79,79.99,80.33,153618,122.93,"18-Aug-2026",1490,"",""
"1689","KUSUMGAR","EQ",590,601,589,595,596,592.25,231690,1382.75,"18-Aug-2026",8059,"",""
"1690","KWIL","EQ",38.93,39.35,37.83,38.1,37.93,38.79,21856056,8451.51,"18-Aug-2026",47363,"",""
"1691","LADDERUP","EQ",50.9,50.9,50.33,50.33,50.33,49.11,43,0.02,"18-Aug-2026",4,"",""
"1692","LAGNAM","EQ",77.6,79.95,77.4,77.81,77.89,77.94,40464,31.77,"18-Aug-2026",385,"",""
"1693","LAHOTIOV","EQ",42.98,43.5,42.11,42.28,42.99,42.98,885,0.38,"18-Aug-2026",15,"",""
"1694","LAKPRE","BZ",4.56,4.56,4.56,4.56,4.56,4.56,25,0,"18-Aug-2026",1,"",""
"1695","LAKSHMIMIL","EQ",8505,8505,7900,8001.5,8000,8067,69,5.66,"18-Aug-2026",34,"",""
"1696","LAKSHYA","SM",83.85,84.65,82.4,84.3,84.3,81.5,4000,3.36,"18-Aug-2026",5,"",""
"1697","LAL","EQ",8.72,8.76,8.6,8.63,8.67,8.72,7127,0.62,"18-Aug-2026",69,"",""
"1698","LALPATHLAB","EQ",1885,1912,1874,1901.4,1894,1877.3,211640,4013.76,"18-Aug-2026",23604,"",""
"1699","LAMBODHARA","EQ",113.64,113.64,110.35,110.59,111,110.1,4907,5.46,"18-Aug-2026",168,"",""
"1700","LAMOSAIC","ST",54.25,56.95,54,56.95,56.95,55.8,49200,27.52,"18-Aug-2026",38,"",""
"1701","LANCER","EQ",11.12,11.24,10.58,10.92,10.95,11.07,148016,16.21,"18-Aug-2026",404,"",""
"1702","LANCORHOL","EQ",30.25,30.25,27.8,28.18,27.85,29.29,134243,38.66,"18-Aug-2026",1925,"",""
"1703","LANDMARK","EQ",513.4,519.65,504.25,513.3,509,511,118817,607.22,"18-Aug-2026",4562,"",""
"1704","LANDSMILL","EQ",0.75,0.78,0.75,0.76,0.77,0.75,2802194,21.42,"18-Aug-2026",843,"",""
"1705","LAOPALA","EQ",191,192.42,188.6,189.31,190,191.22,213293,404.68,"18-Aug-2026",4486,"",""
"1706","LASA","EQ",7.14,7.44,6.75,7.19,7.21,7.14,25232,1.79,"18-Aug-2026",216,"",""
"1707","LASERPOWER","EQ",321.5,331.5,320.4,327.6,327.5,324.35,2181158,7126.06,"18-Aug-2026",25983,"",""
"1708","LATENTVIEW","EQ",287.2,289.95,280.4,281.6,280.9,285.5,510178,1445.51,"18-Aug-2026",11277,"",""
"1709","LATTEYS","EQ",23.29,23.85,22.34,23.03,22.9,23.29,169405,39,"18-Aug-2026",785,"",""
"1710","LAURUSLABS","EQ",1810,1824.6,1802.1,1814,1814,1809.7,1291914,23483.31,"18-Aug-2026",35171,"",""
"1711","LAXMICOT","EQ",13.41,13.69,13.22,13.46,13.5,13.41,5759,0.77,"18-Aug-2026",64,"",""
"1712","LAXMIDENTL","EQ",200,202.39,197.38,198.39,198.34,200.64,144665,288.55,"18-Aug-2026",3264,"",""
"1713","LAXMIINDIA","EQ",135.85,135.9,130.02,131.38,131.11,136.56,155482,204.71,"18-Aug-2026",1519,"",""
"1714","LCCINFOTEC","EQ",3.81,3.99,3.44,3.84,3.85,3.82,115295,4.22,"18-Aug-2026",196,"",""
"1715","LCL","EQ",546.2,577.7,543.45,573,573.6,546.2,1385067,7816.28,"18-Aug-2026",44743,"",""
"1716","LEAPIND","EQ",160,164.7,158.3,160.3,159.31,155.49,29119032,47062.65,"18-Aug-2026",199474,"",""
"1717","LEENEE","EQ",7.06,7.97,6.81,7.58,7.75,7.06,18361,1.4,"18-Aug-2026",146,"",""
"1718","LEMERITE","EQ",23.49,23.49,22.5,23.01,23.15,23.25,355691,81.43,"18-Aug-2026",916,"",""
"1719","LEMONTREE","EQ",109.2,110.13,107.88,109.02,108.9,109.55,3034796,3302.37,"18-Aug-2026",38055,"",""
"1720","LENSKART","EQ",609.85,640,606.85,628.4,628.7,607.6,10855580,67855.49,"18-Aug-2026",171490,"",""
"1721","LEXUS","EQ",13.91,14.79,13.07,13.55,13.72,13.58,12787,1.72,"18-Aug-2026",120,"",""
"1722","LFIC","EQ",138.21,145,138.21,140.88,140.99,140.7,470,0.66,"18-Aug-2026",38,"",""
"1723","LGBBROSLTD","EQ",1602,1623.9,1600,1603.1,1600.2,1602.8,14844,238.56,"18-Aug-2026",2149,"",""
"1724","LGEINDIA","EQ",1651,1675,1640.1,1649.4,1645,1667.6,812372,13478.75,"18-Aug-2026",38140,"",""
"1725","LGHL","EQ",177.62,184.78,175.93,180.84,182,177.62,4502,8.08,"18-Aug-2026",281,"",""
"1726","LIBAS","EQ",9.95,9.95,9.36,9.77,9.8,9.52,43087,4.15,"18-Aug-2026",104,"",""
"1727","LIBERTSHOE","EQ",248.95,248.95,242.6,245.15,246.95,248.05,29617,72.54,"18-Aug-2026",628,"",""
"1728","LICHSGFIN","EQ",500,501.8,495.9,498.8,498.8,498.25,1854138,9249.12,"18-Aug-2026",30771,"",""
"1729","LICI","EQ",410.1,413.95,407,410,410,410,5374472,22068.78,"18-Aug-2026",46706,"",""
"1730","LICMFGOLD","EQ",139.25,139.25,137.15,137.35,137.15,137.5,46672,64.25,"18-Aug-2026",414,"",""
"1731","LICNETFGSC","EQ",29.47,29.6,29.4,29.51,29.5,29.51,17390,5.14,"18-Aug-2026",74,"",""
"1732","LICNETFN50","EQ",272.38,272.74,271.06,271.06,271.06,273.74,176,0.48,"18-Aug-2026",24,"",""
"1733","LICNETFSEN","EQ",883.95,883.95,872.12,879.2,879.2,880.61,35,0.31,"18-Aug-2026",4,"",""
"1734","LICNFNHGP","EQ",283.97,283.97,277.76,277.86,278.94,281.16,36,0.1,"18-Aug-2026",14,"",""
"1735","LICNMID100","EQ",63.81,64.48,63.53,63.9,63.82,64.17,2032,1.3,"18-Aug-2026",67,"",""
"1736","LIKHITHA","EQ",207.7,216.9,207.2,208.57,209,206.67,48039,101.63,"18-Aug-2026",1159,"",""
"1737","LINC","EQ",99,99,94.63,95.45,95.5,97.28,32789,31.42,"18-Aug-2026",778,"",""
"1738","LINCOLN","EQ",623.35,627.2,612.35,619.1,617.5,623.35,28701,177.92,"18-Aug-2026",1631,"",""
"1739","LINDEINDIA","EQ",6720,6870.5,6701.5,6725.5,6711.5,6732,33874,2302.2,"18-Aug-2026",6906,"",""
"1740","LIQGRWBEES","EQ",1052.07,1052.09,1052.07,1052.07,1052.09,1051.95,68851,724.37,"18-Aug-2026",184,"",""
"1741","LIQUID","EQ",999.99,1000,999.99,999.99,1000,999.99,67728,677.28,"18-Aug-2026",133,"",""
"1742","LIQUID1","EQ",1119.65,1119.65,1118.66,1118.66,1118.66,1118.52,1362113,15237.55,"18-Aug-2026",520,"",""
"1743","LIQUIDADD","EQ",1140.78,1140.79,1140.77,1140.77,1140.77,1140.64,365999,4175.25,"18-Aug-2026",491,"",""
"1744","LIQUIDBEES","EQ",999.99,1000.01,999.99,1000,1000.01,999.99,2862680,28626.88,"18-Aug-2026",4076,"",""
"1745","LIQUIDBETA","EQ",1004.65,1004.65,1004.63,1004.63,1004.63,1004.49,118,1.19,"18-Aug-2026",3,"",""
"1746","LIQUIDBETF","EQ",1095.04,1095.06,1095.04,1095.05,1095.06,1094.92,142007,1555.05,"18-Aug-2026",182,"",""
"1747","LIQUIDCASE","EQ",115.51,115.53,115.51,115.51,115.51,115.49,13077255,15106.38,"18-Aug-2026",10123,"",""
"1748","LIQUIDETF","EQ",1000,1000.01,999.99,1000,1000,1000,249333,2493.33,"18-Aug-2026",236,"",""
"1749","LIQUIDIETF","EQ",1000,1000.01,999.99,999.99,1000,999.99,409155,4091.55,"18-Aug-2026",238,"",""
"1750","LIQUIDPLUS","EQ",1099.35,1099.37,1099.35,1099.36,1099.37,1099.21,271338,2982.99,"18-Aug-2026",261,"",""
"1751","LIQUIDSBI","EQ",1000,1000.01,999.99,1000.01,1000.01,999.99,1495,14.95,"18-Aug-2026",18,"",""
"1752","LIQUIDSHRI","EQ",1117.76,1117.78,1117.76,1117.76,1117.76,1117.64,20480,228.92,"18-Aug-2026",14,"",""
"1753","LKPSEC","EQ",16.44,17.7,16.44,16.76,16.99,16.44,26512,4.49,"18-Aug-2026",654,"",""
"1754","LLOYDS","SM",61.5,61.5,61.5,61.5,61.5,62.9,1000,0.62,"18-Aug-2026",1,"",""
"1755","LLOYDSENGG","EQ",91.77,94.5,91.6,93.66,94,91.21,10766214,10035.7,"18-Aug-2026",41382,"",""
"1756","LLOYDSENT","EQ",75.6,80.9,75.6,79.03,79.4,75.65,6839394,5418.19,"18-Aug-2026",29576,"",""
"1757","LLOYDSME","EQ",1938.2,1943.9,1909,1938.6,1938,1942,347859,6713.18,"18-Aug-2026",13085,"",""
"1758","LMW","EQ",19976,20130,19689,19748,19760,20047,6432,1281.4,"18-Aug-2026",2622,"",""
"1759","LODHA","EQ",1254,1260,1211.1,1211.1,1211.1,1254,1547121,19007.69,"18-Aug-2026",33407,"",""
"1760","LOKESHMACH","BE",329.8,339.5,329.8,331.35,330.5,329.8,22250,73.87,"18-Aug-2026",197,"",""
"1761","LORDSCHLO","EQ",140.03,142.45,133,133.42,134.05,139.98,29362,39.73,"18-Aug-2026",1008,"",""
"1762","LOTUSCHO","EQ",621,633.95,601,616.8,615.15,622.05,2315,14.28,"18-Aug-2026",200,"",""
"1763","LOTUSDEV","BE",167.02,172.44,165,169.84,168.5,169.97,512916,872.01,"18-Aug-2026",1205,"",""
"1764","LOTUSEYE","EQ",116,118.47,115.06,116.07,116.5,115.83,6888,7.99,"18-Aug-2026",116,"",""
"1765","LOVABLE","EQ",71.82,73.72,71.53,72.09,72.49,72.04,2942,2.12,"18-Aug-2026",111,"",""
"1766","LOWVOL","EQ",209.18,209.18,208.5,208.5,208.5,209.6,160,0.33,"18-Aug-2026",9,"",""
"1767","LOWVOL1","EQ",21.43,21.51,21.18,21.27,21.18,21.46,495408,105.68,"18-Aug-2026",192,"",""
"1768","LOWVOLIETF","EQ",22.76,22.76,22.31,22.36,22.45,22.51,874266,195.49,"18-Aug-2026",1054,"",""
"1769","LOYALTEX","EQ",219,234.88,214,216.9,216.25,221,1091,2.44,"18-Aug-2026",93,"",""
"1770","LPDC","EQ",7.86,7.86,7.25,7.38,7.39,7.87,96777,7.29,"18-Aug-2026",352,"",""
"1771","LRRPL","SM",83.5,83.5,83.5,83.5,83.5,83.5,1500,1.25,"18-Aug-2026",1,"",""
"1772","LT","EQ",4068,4085,4050,4064.3,4064.3,4086.7,1355575,55183.24,"18-Aug-2026",68981,"",""
"1773","LTF","EQ",314,325.8,307.55,325.1,325.1,315,10165537,32541.73,"18-Aug-2026",71272,"",""
"1774","LTFOODS","EQ",416.2,429.4,416.2,426.3,425.15,417.15,512273,2174.44,"18-Aug-2026",20772,"",""
"1775","LTGILTBEES","EQ",30.07,30.08,29.97,30.02,30.05,30.05,727798,218.55,"18-Aug-2026",619,"",""
"1776","LTGILTCASE","EQ",31.23,31.23,30.54,30.59,30.61,30.62,74756,22.87,"18-Aug-2026",125,"",""
"1777","LTM","EQ",4630,4684,4562.2,4562.2,4562.2,4700,258689,11965.38,"18-Aug-2026",17511,"",""
"1778","LTTS","EQ",3525.2,3562,3495,3509.9,3508.2,3528.5,47263,1669.06,"18-Aug-2026",10450,"",""
"1779","LUMAXIND","EQ",5792,5849,5710,5726,5736.5,5792,5666,326.62,"18-Aug-2026",1933,"",""
"1780","LUMAXTECH","EQ",2050.4,2055,2000,2014.7,2004.1,2049,101150,2044.75,"18-Aug-2026",14592,"",""
"1781","LUPIN","EQ",2255,2255,2220.5,2232,2232,2259,694324,15482.35,"18-Aug-2026",42714,"",""
"1782","LUXIND","EQ",1203.7,1234.9,1198.4,1228.9,1230.1,1209,39889,486.49,"18-Aug-2026",3687,"",""
"1783","LXCHEM","EQ",179.05,181.09,173.31,174.19,174.08,179.66,746694,1315.89,"18-Aug-2026",8925,"",""
"1784","LYKALABS","BE",69.39,69.39,69.39,69.39,69.39,68.03,4570,3.17,"18-Aug-2026",33,"",""
"1785","M&M","EQ",3390.4,3435,3390.2,3421.5,3421.5,3390.4,1371664,46933.38,"18-Aug-2026",76990,"",""
"1786","M&MFIN","EQ",390,391,382.25,386.2,386.1,388.9,1441684,5562.82,"18-Aug-2026",43131,"",""
"1787","MAANALU","EQ",122.79,122.79,118,119.35,119,119.33,44463,53.01,"18-Aug-2026",773,"",""
"1788","MACOBSTECH","SM",217,217,205,205.7,205,207.4,40000,85.76,"18-Aug-2026",14,"",""
"1789","MACPOWER","EQ",1782.5,2000,1782.5,1983.6,1981.1,1781.4,190829,3717.61,"18-Aug-2026",21959,"",""
"1790","MADHAV","EQ",35.87,37.24,35.87,37.1,37.07,35.87,4469,1.62,"18-Aug-2026",24,"",""
"1791","MADHAVBAUG","ST",165,172,165,165.45,165,173,12000,19.86,"18-Aug-2026",16,"",""
"1792","MADHAVIPL","EQ",7.21,7.48,6.95,7.24,7.19,7.04,110854,7.83,"18-Aug-2026",297,"",""
"1793","MADHUCON","BE",5.47,5.48,5.22,5.28,5.25,5.47,14682,0.8,"18-Aug-2026",64,"",""
"1794","MADHUSUDAN","ST",227.25,229.95,225,227,227,224.8,7000,15.92,"18-Aug-2026",7,"",""
"1795","MADRASFERT","EQ",65,65.02,64.25,64.36,64.25,65.03,23590,15.22,"18-Aug-2026",355,"",""
"1796","MAFANG","EQ",209.43,209.43,209.43,209.43,209.43,211.42,141506,296.36,"18-Aug-2026",4519,"",""
"1797","MAFATIND","EQ",122.3,124.44,122.2,122.53,122.26,124.21,18806,23.17,"18-Aug-2026",514,"",""
"1798","MAGADSUGAR","EQ",576,591,560.15,565.5,561,570.65,64874,376.46,"18-Aug-2026",3328,"",""
"1799","MAGNUM","EQ",19.27,19.47,19.01,19.1,19.34,19.28,65718,12.63,"18-Aug-2026",58,"",""
"1800","MAHABANK","EQ",81.1,82.13,80.21,80.49,80.41,81.1,8400426,6800.62,"18-Aug-2026",37214,"",""
"1801","MAHAPEXLTD","EQ",53.49,58.01,52.61,56.95,56.99,54.09,64885,36.91,"18-Aug-2026",548,"",""
"1802","MAHASTEEL","BE",1107.6,1135,1080.5,1123.7,1112,1099.1,41209,459.69,"18-Aug-2026",329,"",""
"1803","MAHEPC","EQ",108,108.17,106.5,107.37,107.5,107.31,15286,16.42,"18-Aug-2026",424,"",""
"1804","MAHESHWARI","BE",72.72,72.99,70.79,72.5,72.5,72,17674,12.74,"18-Aug-2026",32,"",""
"1805","MAHICKRA","SM",294,294,294,294,294,295,750,2.21,"18-Aug-2026",1,"",""
"1806","MAHKTECH","EQ",23.1,23.1,23.1,23.1,23.1,23.26,333488,77.04,"18-Aug-2026",327,"",""
"1807","MAHLIFE","EQ",391,391,381.1,384.15,382.1,386.65,92716,355.88,"18-Aug-2026",3398,"",""
"1808","MAHLOG","EQ",402.5,406.35,397.3,404.55,404.75,404.95,98395,395.35,"18-Aug-2026",3528,"",""
"1809","MAHSCOOTER","EQ",13448,13688,13121,13226,13240,13449,2959,392.43,"18-Aug-2026",1144,"",""
"1810","MAHSEAMLES","EQ",622,627.95,616.1,620.9,623,622,127306,790.76,"18-Aug-2026",9660,"",""
"1811","MAITHANALL","EQ",977.5,992.9,974.15,987.65,992,980,26302,259.23,"18-Aug-2026",1745,"",""
"1812","MAITREYA","SM",116,117.2,110,110.5,110,115.5,10400,11.65,"18-Aug-2026",25,"",""
"1813","MAJESAUT","BE",353.05,359.8,349,352.55,349.05,362.4,5325,18.84,"18-Aug-2026",320,"",""
"1814","MAKEINDIA","EQ",169.3,169.58,168.66,168.94,168.67,169.29,85436,144.37,"18-Aug-2026",905,"",""
"1815","MAKERSL","EQ",160,162,158,159.83,159.15,152.59,717,1.15,"18-Aug-2026",42,"",""
"1816","MALLCOM","EQ",955.45,977.95,950.05,958.65,955,956,2352,22.52,"18-Aug-2026",172,"",""
"1817","MALUPAPER","EQ",32.25,32.89,32.13,32.58,32.64,31.85,5904,1.92,"18-Aug-2026",73,"",""
"1818","MAMATA","EQ",407.3,417,400,411.15,412,405.6,68286,279.17,"18-Aug-2026",3293,"",""
"1819","MANAKALUCO","EQ",37.65,38.43,37.25,37.63,37.5,38.11,48115,18.2,"18-Aug-2026",821,"",""
"1820","MANAKCOAT","EQ",121.35,129.5,121,125.36,125.77,121.88,1563125,1984.63,"18-Aug-2026",17625,"",""
"1821","MANAKSIA","EQ",59.85,60.7,58.52,59.46,59.35,58.87,27660,16.54,"18-Aug-2026",299,"",""
"1822","MANAKSTEEL","EQ",87,88.88,85,86.25,87,85.03,51522,45.06,"18-Aug-2026",666,"",""
"1823","MANALIPETC","EQ",68,71.45,66.81,71.06,71.1,67.64,1999257,1408,"18-Aug-2026",11141,"",""
"1824","MANAPPURAM","EQ",348.25,351.95,342.75,346.6,346.6,348.6,2534288,8764.76,"18-Aug-2026",23479,"",""
"1825","MANAV","SM",28.1,28.1,28.1,28.1,28.1,26.9,8000,2.25,"18-Aug-2026",2,"",""
"1826","MANBA","EQ",130.1,132.06,129.5,130.11,131,130.52,66862,87.07,"18-Aug-2026",746,"",""
"1827","MANBRO","EQ",54.2,56,52.8,53.1,53,54,22983,12.33,"18-Aug-2026",389,"",""
"1828","MANCREDIT","EQ",242.5,243.7,225,227.21,229,236.73,169721,390.43,"18-Aug-2026",1961,"",""
"1829","MANDEEP","SM",19.7,19.7,19.7,19.7,19.7,19.7,2000,0.39,"18-Aug-2026",1,"",""
"1830","MANGALAM","EQ",28.79,28.79,27.55,27.99,27.99,27.84,23324,6.54,"18-Aug-2026",141,"",""
"1831","MANGLMCEM","EQ",875.05,884,863.05,870.05,873,872.55,26851,234.78,"18-Aug-2026",1003,"",""
"1832","MANILAM","SM",46,48,46,47,48,46.1,6000,2.82,"18-Aug-2026",3,"",""
"1833","MANINDS","EQ",630.95,649.95,624.85,645.15,645.3,630.35,768630,4918.46,"18-Aug-2026",22067,"",""
"1834","MANINFRA","EQ",103.21,108.98,101.7,106.02,106.48,104.12,5583898,5881.67,"18-Aug-2026",36038,"",""
"1835","MANIPALHOS","EQ",723.05,738.35,712.95,724.8,725,722.9,1226590,8906.16,"18-Aug-2026",33560,"",""
"1836","MANKIND","EQ",2370,2395,2363.3,2380,2380,2380.9,366118,8695.84,"18-Aug-2026",17545,"",""
"1837","MANOMAY","EQ",216.8,217.7,208.1,216.55,216,215.35,84379,182.94,"18-Aug-2026",1038,"",""
"1838","MANORAMA","EQ",1953,1968,1885,1901,1899,1943.4,1522653,29254.6,"18-Aug-2026",78003,"",""
"1839","MANORG","EQ",449.65,450.95,429.1,443.8,442,447.65,19913,88.24,"18-Aug-2026",797,"",""
"1840","MANUFGBEES","EQ",168.79,168.79,166.51,166.85,167.18,167.28,6858,11.45,"18-Aug-2026",96,"",""
"1841","MANUGRAPH","BE",16.58,16.84,15.33,16.54,16.51,16.1,22782,3.75,"18-Aug-2026",108,"",""
"1842","MANYAVAR","EQ",541.85,543.3,530,536.9,538,541.85,260410,1393.68,"18-Aug-2026",9063,"",""
"1843","MAPMYINDIA","EQ",991.9,1019,985.2,1012.6,1010.7,991.7,188680,1902.2,"18-Aug-2026",16590,"",""
"1844","MARALOVER","EQ",54.4,54.4,52.26,52.7,52.8,53.15,5407,2.87,"18-Aug-2026",74,"",""
"1845","MARATHON","EQ",358.8,363.9,344.05,346.85,349.7,358.8,141211,492.73,"18-Aug-2026",4100,"",""
"1846","MARC","SM",123.25,123.25,121,121.1,121,120.8,6000,7.29,"18-Aug-2026",5,"",""
"1847","MARCO","SM",31.9,31.9,31.9,31.9,31.9,31.95,1500,0.48,"18-Aug-2026",1,"",""
"1848","MARICO","EQ",851.2,855.6,841.55,841.55,841.55,852.05,537548,4556.29,"18-Aug-2026",24486,"",""
"1849","MARINE","EQ",367.95,382,365.25,376.8,379.3,367.1,813572,3037.96,"18-Aug-2026",20583,"",""
"1850","MARINETRAN","SM",16.45,16.9,16.25,16.9,16.9,17.1,16000,2.63,"18-Aug-2026",4,"",""
"1851","MARKOLINES","EQ",171.8,173.25,170.21,171.62,171.7,171.65,143236,246.09,"18-Aug-2026",1036,"",""
"1852","MARKSANS","EQ",331.8,336.35,325.2,326.5,326.3,331.45,3307672,10929.3,"18-Aug-2026",39756,"",""
"1853","MARSONS","EQ",104.9,105.65,102,102.31,102.34,104.8,1330099,1367.45,"18-Aug-2026",7020,"",""
"1854","MARUSHIKA","SM",111,111,110.95,111,111,111,6000,6.66,"18-Aug-2026",3,"",""
"1855","MARUTI","EQ",13762,13890,13691,13691,13691,13760,267433,36873.98,"18-Aug-2026",46076,"",""
"1856","MASFIN","EQ",305.4,306.75,302.2,302.95,303.05,305.3,139122,421.57,"18-Aug-2026",6779,"",""
"1857","MASKINVEST","EQ",148.13,148.87,148.13,148.13,148.13,148.13,167,0.25,"18-Aug-2026",5,"",""
"1858","MASON","SM",119.2,122,116.5,119,119,121,152000,182.97,"18-Aug-2026",35,"",""
"1859","MASPTOP50","EQ",81.02,81.02,81,81.02,81.02,81.26,111841,90.61,"18-Aug-2026",1162,"",""
"1860","MASTEK","EQ",1811,1811,1702,1717.5,1711,1811.8,103567,1819.84,"18-Aug-2026",18727,"",""
"1861","MASTERTR","EQ",78.48,78.85,76.99,77.42,77.1,78.48,174379,135.8,"18-Aug-2026",1384,"",""
"1862","MATRIMONY","EQ",546,546,534.55,538.45,538,543.05,10712,57.8,"18-Aug-2026",474,"",""
"1863","MAWANASUG","EQ",126,130.5,124.15,125.74,124.9,124.06,813767,1039.26,"18-Aug-2026",8567,"",""
"1864","MAXESTATES","EQ",472.8,501.45,468.2,477.85,475.2,474.35,324306,1579.16,"18-Aug-2026",12787,"",""
"1865","MAXHEALTH","EQ",1000.7,1017,982.1,1014.4,1014.4,1003.7,2219107,22321.61,"18-Aug-2026",48267,"",""
"1866","MAXIND","EQ",149.27,151.93,147.66,151.13,150.11,150.33,126167,189.45,"18-Aug-2026",1736,"",""
"1867","MAXPOSURE","SM",31.6,32,31,32,32,32.95,31000,9.71,"18-Aug-2026",23,"",""
"1868","MAXVOLT","SM",360,363,345,350.95,353.9,350.15,37200,130.54,"18-Aug-2026",84,"",""
"1869","MAYASHEEL","SM",36,38.65,36,37.3,38.65,38.75,6000,2.24,"18-Aug-2026",2,"",""
"1870","MAYURUNIQ","EQ",737.2,759.8,724,726.1,729.95,732.2,74332,545.76,"18-Aug-2026",5157,"",""
"1871","MAZDA","BE",236.87,239,231.11,236.41,238,230.9,5597,13.11,"18-Aug-2026",146,"",""
"1872","MAZDOCK","EQ",2569.7,2618.2,2556.1,2587,2587,2569.7,1229574,31888.01,"18-Aug-2026",48945,"",""
"1873","MBAPL","EQ",165,165.99,161.99,162.47,162.09,164.73,378114,618.15,"18-Aug-2026",6108,"",""
"1874","MBEL","EQ",285.3,285.3,278.8,284.35,284.9,283.3,147787,417.56,"18-Aug-2026",21823,"",""
"1875","MBLINFRA","EQ",24.26,24.78,24.04,24.06,24.06,24.38,27192,6.58,"18-Aug-2026",94,"",""
"1876","MCCHRLS-B","EQ",690,690,659.95,660,660,677.1,240,1.59,"18-Aug-2026",30,"",""
"1877","MCL","EQ",60.99,60.99,58.6,59.24,59,60.47,88186,52.35,"18-Aug-2026",2849,"",""
"1878","MCLEODRUSS","EQ",44.85,46.99,43.91,45.32,46.08,44.85,245234,109.64,"18-Aug-2026",2172,"",""
"1879","MCLOUD","EQ",26.98,29.1,26.84,28.85,28.9,26.77,9815518,2797.41,"18-Aug-2026",23044,"",""
"1880","MCON","SM",47.95,48.5,47.95,48.5,48.5,46.2,13000,6.29,"18-Aug-2026",10,"",""
"1881","MCX","EQ",2949.9,3058,2916,3040,3040,2933.1,3187586,96160.68,"18-Aug-2026",148599,"",""
"1882","MDL","ST",55,56.5,53.2,56.5,56.5,56,10000,5.45,"18-Aug-2026",9,"",""
"1883","MEDANTA","EQ",1415.7,1447,1410.9,1442.7,1446.9,1415.1,309148,4413.13,"18-Aug-2026",16921,"",""
"1884","MEDIASSIST","EQ",345.05,348,343,346.8,346.75,343.5,54087,187.07,"18-Aug-2026",2870,"",""
"1885","MEDICAMEQ","EQ",219.87,228,218.4,225.73,226,219.88,22641,50.45,"18-Aug-2026",927,"",""
"1886","MEDICAPQ","EQ",20.33,27.68,20.33,25.05,25,25.26,1451,0.38,"18-Aug-2026",41,"",""
"1887","MEDICO","EQ",44.78,44.78,42.51,42.66,42.62,44.27,132048,56.85,"18-Aug-2026",1120,"",""
"1888","MEDIORG","SM",24.3,24.3,24.3,24.3,24.3,23.15,24000,5.83,"18-Aug-2026",5,"",""
"1889","MEDISTEP","SM",18.85,18.85,18.85,18.85,18.85,18.75,3000,0.57,"18-Aug-2026",1,"",""
"1890","MEDPLUS","EQ",657.05,670,653.1,664.85,665,656.5,199554,1326.46,"18-Aug-2026",9146,"",""
"1891","MEESHO","EQ",192.01,193.82,190.61,192.95,193.01,193.82,5326690,10261.37,"18-Aug-2026",56796,"",""
"1892","MEGAFLEX","SM",95,99.75,95,99.75,99.75,95,3000,2.95,"18-Aug-2026",3,"",""
"1893","MEGASTAR","EQ",317.95,317.95,308.7,308.9,308.8,311.75,4306,13.33,"18-Aug-2026",93,"",""
"1894","MEGATHERM","SM",193.5,196.45,188,189.35,191.75,193.9,36400,69.64,"18-Aug-2026",81,"",""
"1895","MEIL","EQ",274.9,274.9,265.95,268.7,268.7,269.45,25897,69.82,"18-Aug-2026",673,"",""
"1896","MENNPIS","EQ",72.16,73.69,71.12,71.53,72,71.81,51081,36.97,"18-Aug-2026",896,"",""
"1897","MENONBE","BE",253.21,253.21,253.21,253.21,253.21,241.16,29561,74.85,"18-Aug-2026",190,"",""
"1898","MEP","BZ",0.64,0.64,0.64,0.64,0.64,0.63,97103,0.62,"18-Aug-2026",20,"",""
"1899","MERCANTILE","EQ",24.9,25.35,23.65,23.97,25.35,24.5,761,0.18,"18-Aug-2026",21,"",""
"1900","MERCURYEV","EQ",35.2,36.35,34.77,35.13,35.49,35.59,111246,39.48,"18-Aug-2026",770,"",""
"1901","METAL","EQ",13.35,13.44,13.15,13.17,13.17,13.26,1583334,208.92,"18-Aug-2026",3566,"",""
"1902","METALIC","SM",127.05,133,127.05,129.8,127.75,126.75,124800,163.19,"18-Aug-2026",76,"",""
"1903","METALIETF","EQ",13.3,13.3,13.04,13.08,13.1,13.24,8628498,1131.96,"18-Aug-2026",9423,"",""
"1904","METROBRAND","EQ",942,949.1,927,928.6,927.8,942.8,44445,414.29,"18-Aug-2026",13148,"",""
"1905","METROGLOBL","EQ",157,157,141.81,149.94,151.85,154.74,13174,19.54,"18-Aug-2026",619,"",""
"1906","METROPOLIS","EQ",553,555.75,545.2,551.95,552.3,550.75,118593,653.57,"18-Aug-2026",5892,"",""
"1907","MFML","EQ",18.61,19.84,18.58,18.95,18.6,18.67,6762,1.3,"18-Aug-2026",76,"",""
"1908","MFSL","EQ",1570,1587.9,1547,1584.5,1584.5,1571.7,1054795,16610.46,"18-Aug-2026",36540,"",""
"1909","MGEL","BE",14.5,15,14.5,14.98,14.99,14.68,46435,6.92,"18-Aug-2026",145,"",""
"1910","MGL","EQ",1106,1118.4,1100,1111.4,1113.9,1129.1,277306,3077.44,"18-Aug-2026",20219,"",""
"1911","MGSL","SM",90.95,91,86,86,86,91,8400,7.54,"18-Aug-2026",6,"",""
"1912","MHLXMIRU","BE",185.2,190,180,186,186,186.27,17254,32.35,"18-Aug-2026",121,"",""
"1913","MHRIL","EQ",222.65,224.86,220.8,221.39,221.1,224.89,49704,110.55,"18-Aug-2026",2131,"",""
"1914","MICEL","BE",36.38,36.98,36,36.26,36.4,36.38,103027,37.33,"18-Aug-2026",854,"",""
"1915","MICROPRO","SM",19.3,19.3,18.35,18.9,18.9,19.25,6400,1.2,"18-Aug-2026",4,"",""
"1916","MID150","EQ",23.82,23.84,23.7,23.81,23.84,23.87,54661,13.01,"18-Aug-2026",168,"",""
"1917","MID150BEES","EQ",244.99,244.99,241.89,242.35,242.2,242.89,611444,1481.19,"18-Aug-2026",20823,"",""
"1918","MID150CASE","EQ",11.84,12.13,11.75,11.78,11.79,11.84,892340,105.14,"18-Aug-2026",3217,"",""
"1919","MIDBANKADD","EQ",17.3,17.37,17.25,17.35,17.35,17.34,728,0.13,"18-Aug-2026",19,"",""
"1920","MIDCAP","EQ",18.71,18.88,18.58,18.64,18.67,18.71,234519,43.72,"18-Aug-2026",814,"",""
"1921","MIDCAPADD","EQ",23.51,23.53,23.4,23.5,23.5,23.55,382163,89.8,"18-Aug-2026",55,"",""
"1922","MIDCAPBETA","EQ",237.84,238.07,235.8,236,236,237.8,717,1.7,"18-Aug-2026",30,"",""
"1923","MIDCAPETF","EQ",23.98,24.06,23.85,23.93,23.93,23.98,1408980,337.36,"18-Aug-2026",4172,"",""
"1924","MIDCAPIETF","EQ",24.33,24.37,24.2,24.26,24.33,24.33,633384,153.62,"18-Aug-2026",2400,"",""
"1925","MIDHANI","EQ",429,439,429,437.5,437.8,428.6,1545191,6722.76,"18-Aug-2026",25662,"",""
"1926","MIDQ50ADD","EQ",25.61,25.61,25.43,25.56,25.6,25.65,88954,22.66,"18-Aug-2026",95,"",""
"1927","MIDSELIETF","EQ",19.95,19.98,19.82,19.88,19.91,19.95,189458,37.66,"18-Aug-2026",531,"",""
"1928","MIDSMALL","EQ",52.35,52.41,52.06,52.33,52.36,52.41,275362,143.76,"18-Aug-2026",3777,"",""
"1929","MIDWESTLTD","EQ",1127,1174.9,1075.3,1159.4,1162,1110,76197,868.04,"18-Aug-2026",4378,"",""
"1930","MIEL","SM",12.1,12.95,12.1,12.95,12.95,12.6,4000,0.5,"18-Aug-2026",2,"",""
"1931","MIIL","EQ",714.95,721,693,707.9,708,682.55,76476,541.78,"18-Aug-2026",1314,"",""
"1932","MILKYMIST","EQ",165,181.5,165,181.5,181.5,140,92269979,159990.2,"18-Aug-2026",351646,"",""
"1933","MINALIND","EQ",2.14,2.18,1.71,2.08,2.17,2.06,113814,2.2,"18-Aug-2026",90,"",""
"1934","MINDACORP","EQ",729.5,765.35,727.8,745.25,746.65,725.15,1637223,12321.52,"18-Aug-2026",48723,"",""
"1935","MINDSPACE","RR",498.99,503.7,494.96,496.41,496.65,497.29,297881,1481.54,"18-Aug-2026",12812,"",""
"1936","MINDTECK","EQ",174,176.53,174,174.82,174.4,175.45,15650,27.46,"18-Aug-2026",578,"",""
"1937","MIRZAINT","EQ",31.43,31.84,31.2,31.43,31.38,31.44,110841,34.8,"18-Aug-2026",2321,"",""
"1938","MITCON","BE",78,80,76.06,80,80,78.69,3498,2.76,"18-Aug-2026",36,"",""
"1939","MITTAL","EQ",0.91,0.91,0.89,0.9,0.91,0.9,630114,5.69,"18-Aug-2026",271,"",""
"1940","MKEXIM","EQ",56.75,56.75,52,53.91,53.26,53.91,1976,1.06,"18-Aug-2026",52,"",""
"1941","MKPL","EQ",4.18,4.19,4.11,4.16,4.11,4.11,39931,1.66,"18-Aug-2026",277,"",""
"1942","MLKFOOD","EQ",85.9,85.9,75.25,77.61,75.25,81.44,23394,19.08,"18-Aug-2026",343,"",""
"1943","MMEL","SM",24.75,24.85,24.75,24.75,24.75,24.6,12000,2.97,"18-Aug-2026",6,"",""
"1944","MMFL","EQ",639.7,687.95,632.8,680.2,675,632.3,935497,6277.34,"18-Aug-2026",34787,"",""
"1945","MMP","EQ",353.85,383,345,377.05,379.8,350,191009,702.24,"18-Aug-2026",6009,"",""
"1946","MMTC","EQ",63.45,64.12,62.9,63.54,63.2,63.81,1193339,756.28,"18-Aug-2026",6746,"",""
"1947","MMWL","EQ",15.1,15.9,14.65,14.91,14.9,15.21,50362,7.73,"18-Aug-2026",149,"",""
"1948","MNC","EQ",34.74,34.74,34.48,34.5,34.5,34.76,52636,18.2,"18-Aug-2026",343,"",""
"1949","MOALPHA50","EQ",56.24,56.62,55.79,55.99,55.87,56.24,9206,5.16,"18-Aug-2026",56,"",""
"1950","MOBANK10","EQ",16.94,16.94,16.85,16.9,16.91,17.04,2780,0.47,"18-Aug-2026",61,"",""
"1951","MOBIKWIK","EQ",202,204.38,198.5,198.99,198.93,202.83,798511,1597.25,"18-Aug-2026",8604,"",""
"1952","MOBILISE","SM",101.7,101.7,101.7,101.7,101.7,107.05,12800,13.02,"18-Aug-2026",5,"",""
"1953","MOCAPITAL","EQ",53.2,53.83,52.75,53.36,53.4,53.6,932185,495.55,"18-Aug-2026",2641,"",""
"1954","MODEFENCE","EQ",109.2,110.25,108.01,109.7,110.15,108.22,1999813,2182.56,"18-Aug-2026",9675,"",""
"1955","MODINATUR","BE",383.5,383.5,361.65,361.65,361.65,380.65,30166,110.13,"18-Aug-2026",287,"",""
"1956","MODIRUBBER","EQ",115.1,119.8,114.01,114.98,115.13,117.1,3255,3.79,"18-Aug-2026",132,"",""
"1957","MODIS","EQ",415.55,420,408,408.8,411,415.6,27304,112.47,"18-Aug-2026",1244,"",""
"1958","MODISONLTD","BE",373.9,373.9,357.9,373.9,373.9,356.1,439834,1640.02,"18-Aug-2026",1816,"",""
"1959","MODTHREAD","EQ",59.9,65.65,56.53,57.47,57.98,57.64,245705,150.31,"18-Aug-2026",2277,"",""
"1960","MOENERGY","EQ",39.19,39.19,38.66,38.78,38.91,38.88,85552,33.25,"18-Aug-2026",557,"",""
"1961","MOGOLD","EQ",151.5,151.55,150.85,151,151,150.85,26884,40.64,"18-Aug-2026",566,"",""
"1962","MOGSEC","EQ",65.82,65.9,65.28,65.74,65.74,65.5,35586,23.25,"18-Aug-2026",19,"",""
"1963","MOHEALTH","EQ",51.41,51.82,51.2,51.46,51.35,51.41,34988,18.03,"18-Aug-2026",436,"",""
"1964","MOHITE","EQ",2.71,2.71,2.32,2.45,2.4,2.49,17417,0.43,"18-Aug-2026",72,"",""
"1965","MOHITIND","EQ",22.51,23.63,22.51,23.14,23.4,23.22,9609,2.23,"18-Aug-2026",123,"",""
"1966","MOIL","EQ",271.2,271.8,255.6,257.25,257.95,272.8,2820394,7360.72,"18-Aug-2026",48041,"",""
"1967","MOINFRA","EQ",60,60,59.59,59.75,59.79,59.79,758,0.45,"18-Aug-2026",51,"",""
"1968","MOIPO","EQ",48.61,48.61,48.29,48.5,48.5,48.43,6834,3.31,"18-Aug-2026",26,"",""
"1969","MOKSH","EQ",10.89,10.9,10.4,10.53,10.41,10.73,119588,12.77,"18-Aug-2026",285,"",""
"1970","MOL","EQ",63.25,63.96,61.38,61.94,62.17,62.97,1332706,829.99,"18-Aug-2026",8209,"",""
"1971","MOLBIO","EQ",1037,1177,1022.65,1110.9,1091,1041.7,11279774,125219.7,"18-Aug-2026",332869,"",""
"1972","MOLDTECH","BE",178.29,178.99,171,171.5,172.5,179.6,49769,86.55,"18-Aug-2026",648,"",""
"1973","MOLDTKPAC","EQ",684.2,685.45,674.65,678.65,679.2,680.15,30321,205.72,"18-Aug-2026",2021,"",""
"1974","MOLOWVOL","EQ",36.28,37.1,36.28,36.89,36.97,37.22,50377,18.55,"18-Aug-2026",86,"",""
"1975","MOM100","EQ",69.19,69.19,68.32,68.61,68.8,68.78,245979,168.74,"18-Aug-2026",2045,"",""
"1976","MOM30IETF","EQ",32.03,32.03,31.61,31.66,31.67,31.72,435775,138.03,"18-Aug-2026",1582,"",""
"1977","MOM50","EQ",254.3,254.51,253.17,254.18,254.51,254.28,5002,12.7,"18-Aug-2026",85,"",""
"1978","MOMENTUM","EQ",31.57,31.59,31.42,31.47,31.52,31.57,18991,5.98,"18-Aug-2026",160,"",""
"1979","MOMENTUM30","EQ",31.27,31.28,31.07,31.19,31.28,31.27,80449,25.1,"18-Aug-2026",68,"",""
"1980","MOMENTUM50","EQ",54.37,54.62,54.16,54.39,54.34,54.38,900722,490.96,"18-Aug-2026",1435,"",""
"1981","MOMETAL","EQ",13.41,13.41,13.04,13.06,13.09,13.15,8882,1.16,"18-Aug-2026",30,"",""
"1982","MOMGF","EQ",166.52,166.53,165.15,166.09,166.09,166.21,258,0.43,"18-Aug-2026",20,"",""
"1983","MOMIDMTM","EQ",65.28,65.8,64.8,65.19,65.29,65.28,59319,38.58,"18-Aug-2026",242,"",""
"1984","MOMMIDCAP","EQ",13.1,13.17,13.02,13.1,13.08,13.11,2303300,301.47,"18-Aug-2026",1002,"",""
"1985","MOMNC","EQ",33.5,33.66,33.4,33.49,33.49,33.68,1697,0.57,"18-Aug-2026",17,"",""
"1986","MOMOMENTUM","EQ",64,64,62.83,63.04,63.09,63.11,40332,25.39,"18-Aug-2026",305,"",""
"1987","MON100","EQ",336.33,336.33,336.33,336.33,336.33,336.81,399022,1342.03,"18-Aug-2026",1117,"",""
"1988","MON50EQUAL","EQ",33.82,33.82,33.6,33.63,33.63,33.82,1321,0.44,"18-Aug-2026",53,"",""
"1989","MONARCH","EQ",389.9,389.9,382.75,387.1,385.05,389.05,118299,457.52,"18-Aug-2026",1797,"",""
"1990","MONEXT50","EQ",74.93,75,74.3,74.6,75,74.99,11380,8.47,"18-Aug-2026",67,"",""
"1991","MONEYBOXX","EQ",58.8,58.8,55,56.15,56.25,57.19,15292,8.54,"18-Aug-2026",455,"",""
"1992","MONIFTY100","EQ",25.74,25.74,25.5,25.51,25.5,25.74,38504,9.84,"18-Aug-2026",65,"",""
"1993","MONIFTY500","EQ",23.66,24.37,23.66,24.16,24.16,24.27,1363280,328.87,"18-Aug-2026",1522,"",""
"1994","MONOLITH","SM",1028.05,1044,995,999.35,995,1007.55,42000,430.4,"18-Aug-2026",150,"",""
"1995","MONQ50","EQ",151.2,151.2,151.2,151.2,151.2,151.4,19945,30.16,"18-Aug-2026",127,"",""
"1996","MONTECARLO","EQ",524.3,547,521,544.05,545.5,524.3,118030,630.41,"18-Aug-2026",4430,"",""
"1997","MOOILGAS","EQ",11.38,11.38,11.22,11.28,11.29,11.27,4144,0.47,"18-Aug-2026",48,"",""
"1998","MOPSE","EQ",100.61,100.79,100.02,100.53,100.54,100.61,1279,1.28,"18-Aug-2026",15,"",""
"1999","MOQUALITY","EQ",204.77,204.77,202,202.49,203.88,204.9,11534,23.44,"18-Aug-2026",36,"",""
"2000","MOREALTY","EQ",92.27,92.27,89.65,90.43,90.45,91.45,832436,752.6,"18-Aug-2026",2483,"",""
"2001","MOREPENLAB","EQ",89.82,92.5,86,88.44,87.75,89.82,34387594,30834.96,"18-Aug-2026",105067,"",""
"2002","MOS","ST",11.1,11.15,10.85,11.15,11.15,10.65,92000,10.22,"18-Aug-2026",21,"",""
"2003","MOSCHIP","EQ",209.3,211,208.34,209,209.15,211.72,835828,1749.09,"18-Aug-2026",10394,"",""
"2004","MOSERVICE","EQ",31.08,31.1,31,31.06,31.06,31.3,3522,1.09,"18-Aug-2026",57,"",""
"2005","MOSILVER","EQ",230.74,230.74,228.23,229.19,229.46,230.87,39134,89.73,"18-Aug-2026",1010,"",""
"2006","MOSMALL250","EQ",18.41,18.45,18.35,18.39,18.43,18.39,659947,121.44,"18-Aug-2026",1751,"",""
"2007","MOTHERSON","EQ",168.1,170.9,168.1,170.4,170.4,168.06,12696084,21573.74,"18-Aug-2026",63330,"",""
"2008","MOTILALOFS","EQ",951,961.35,933.1,938,938,955,1041748,9811.09,"18-Aug-2026",29572,"",""
"2009","MOTISONS","EQ",16.71,17.22,16.29,16.78,16.78,16.54,134374269,22398.22,"18-Aug-2026",102698,"",""
"2010","MOTOGENFIN","BE",26.08,26.92,26.08,26.3,26.9,26.07,1557,0.41,"18-Aug-2026",19,"",""
"2011","MOTOUR","EQ",79.75,80.08,79.43,79.81,80.03,80.29,9230,7.35,"18-Aug-2026",177,"",""
"2012","MOVALUE","EQ",114.65,114.65,113.5,113.68,113.98,114.48,37679,42.96,"18-Aug-2026",553,"",""
"2013","MPDL","EQ",28.6,28.6,28.6,28.6,28.6,26.63,53,0.02,"18-Aug-2026",4,"",""
"2014","MPHASIS","EQ",2504.4,2504.4,2432,2432,2432,2510,504720,12408.06,"18-Aug-2026",37328,"",""
"2015","MPSLTD","EQ",2830,2849,2786.3,2830.3,2849,2814.8,21475,605.82,"18-Aug-2026",2796,"",""
"2016","MRF","EQ",133015,133900,132650,133505,133500,133015,2637,3519.41,"18-Aug-2026",1808,"",""
"2017","MRIL","ST",63.5,63.5,60,60,60,63,3200,1.98,"18-Aug-2026",2,"",""
"2018","MRPL","EQ",177,189,176.2,177.44,176.95,177.15,48280540,88681.3,"18-Aug-2026",258128,"",""
"2019","MSCI360","EQ",10.24,10.39,10.16,10.35,10.39,10.3,6139,0.63,"18-Aug-2026",14,"",""
"2020","MSCIADD","EQ",29.83,29.91,29.77,29.82,29.89,30.03,989,0.3,"18-Aug-2026",16,"",""
"2021","MSCIINDIA","EQ",30.27,30.27,30.1,30.16,30.12,30.27,4053,1.22,"18-Aug-2026",64,"",""
"2022","MSL","EQ",152,152,135,145,145,139,471,0.68,"18-Aug-2026",29,"",""
"2023","MSPL","EQ",34.37,34.74,33.81,34.51,34.11,34.47,414575,141.94,"18-Aug-2026",2336,"",""
"2024","MSTCLTD","EQ",658.15,709,655,701.55,702,653.2,1266456,8673.99,"18-Aug-2026",30649,"",""
"2025","MSUMI","EQ",40.25,40.7,40.2,40.32,40.46,40.33,5783732,2336.73,"18-Aug-2026",37957,"",""
"2026","MTARTECH","BE",7051,7195,6930,7132,7120,7057,116896,8349.07,"18-Aug-2026",23651,"",""
"2027","MTEDUCARE","BE",1.98,1.99,1.82,1.85,1.85,1.9,20360,0.39,"18-Aug-2026",51,"",""
"2028","MTNL","EQ",27.15,27.59,26.9,27.08,26.91,27.08,870655,237.21,"18-Aug-2026",3898,"",""
"2029","MUFIN","EQ",135.4,136.8,135.1,135.82,135.9,135.87,715955,973.33,"18-Aug-2026",2704,"",""
"2030","MUFTI","EQ",77,78.59,76.97,78.28,78.45,77.21,46696,36.34,"18-Aug-2026",1100,"",""
"2031","MUKANDLTD","EQ",135.99,136.88,134.17,135.69,134.41,135.27,63185,85.79,"18-Aug-2026",1134,"",""
"2032","MUKESHB","EQ",147,147,145,145,145,147,1503,2.18,"18-Aug-2026",7,"",""
"2033","MUKKA","EQ",27.77,28.1,26.55,27.04,27.04,27.53,568960,156.2,"18-Aug-2026",2287,"",""
"2034","MUKTAARTS","BE",56.55,56.55,55.23,55.26,55.26,56.55,1150,0.64,"18-Aug-2026",3,"",""
"2035","MULTICAP","EQ",16.9,17.22,16.85,16.95,16.86,16.94,1952155,330.84,"18-Aug-2026",533,"",""
"2036","MUNISH","SM",82.1,82.1,81,81.05,81.05,84,26400,21.43,"18-Aug-2026",18,"",""
"2037","MUNJALAU","EQ",121.9,123.9,116.65,118.39,118.5,119.72,2916371,3491.73,"18-Aug-2026",18259,"",""
"2038","MUNJALSHOW","EQ",137.31,139,135,135.38,135,136.62,26890,36.61,"18-Aug-2026",505,"",""
"2039","MURUDCERA","EQ",31,31,30.12,30.5,30.37,30.49,12809,3.92,"18-Aug-2026",201,"",""
"2040","MUTHOOTCAP","EQ",258.69,259.78,251,254.27,252,258.69,8161,20.82,"18-Aug-2026",312,"",""
"2041","MUTHOOTFIN","EQ",2890,2929.1,2875,2894.1,2894.1,2888.5,499431,14484.45,"18-Aug-2026",32274,"",""
"2042","MUTHOOTMF","EQ",208.12,212.98,206.5,210.29,209.5,208.12,395203,831.74,"18-Aug-2026",6380,"",""
"2043","MVELECTRO","EQ",574,583.85,556.15,574.1,575,570.1,777088,4429.96,"18-Aug-2026",18331,"",""
"2044","MVGJL","EQ",151.12,153.99,149.4,150.48,150.99,152.64,50305,75.96,"18-Aug-2026",1331,"",""
"2045","MVKAGRO","SM",206.7,206.7,206.7,206.7,206.7,217.55,9900,20.46,"18-Aug-2026",19,"",""
"2046","MWL","EQ",41.08,41.49,40.25,40.72,40.8,40.91,157349,64.02,"18-Aug-2026",776,"",""
"2047","MYMUDRA","SM",74.3,74.35,74.3,74.35,74.35,74.05,4800,3.57,"18-Aug-2026",4,"",""
"2048","MYSORPETRO","EQ",111,127.52,111,114.93,116.2,11.25,86196,106.25,"18-Aug-2026",1685,"",""
"2049","NACLIND","EQ",173.97,175.1,170.6,172.4,173,173.45,358338,618.75,"18-Aug-2026",6967,"",""
"2050","NAGREEKCAP","EQ",24.5,24.5,23.5,23.52,23.5,23.5,1445,0.34,"18-Aug-2026",30,"",""
"2051","NAGREEKEXP","EQ",24.95,24.95,23.25,23.6,23.6,24.26,379031,91.54,"18-Aug-2026",973,"",""
"2052","NAHARCAP","EQ",255.95,261.05,251.7,257.75,257.55,255.62,3554,9.18,"18-Aug-2026",92,"",""
"2053","NAHARINDUS","EQ",120.99,122,117.61,119.86,119.99,117.38,60728,73.21,"18-Aug-2026",912,"",""
"2054","NAHARPOLY","EQ",240.8,243.6,235,236.3,236,237.65,10550,25.16,"18-Aug-2026",487,"",""
"2055","NAHARSPING","EQ",298.35,307.45,294,303.4,305,296.7,83164,248.38,"18-Aug-2026",2062,"",""
"2056","NAM-INDIA","EQ",1199.9,1205,1161.3,1170.6,1170.6,1202.7,1023188,12032.87,"18-Aug-2026",43548,"",""
"2057","NAMAN","SM",40.9,42.65,40.9,42.65,42.65,40.9,3200,1.34,"18-Aug-2026",4,"",""
"2058","NAMOEWASTE","ST",282.55,287.95,275.3,280,280,282.75,16800,47.12,"18-Aug-2026",20,"",""
"2059","NARMADA","EQ",14.38,14.99,14.12,14.88,14.95,14.45,892148,130.51,"18-Aug-2026",2353,"",""
"2060","NATCAPSUQ","EQ",148.69,149.35,146,146.59,147.2,148.75,7540,11.11,"18-Aug-2026",457,"",""
"2061","NATCOPHARM","EQ",890.6,901,890,898.35,900,889.8,281134,2518.27,"18-Aug-2026",21128,"",""
"2062","NATHBIOGEN","EQ",154.47,155.5,154,155.17,155.4,154.43,10341,16.01,"18-Aug-2026",188,"",""
"2063","NATIONALUM","EQ",386.8,390.85,385.8,388,388,387.55,2824411,10975.01,"18-Aug-2026",32751,"",""
"2064","NATIONSTD","EQ",134,148.1,134,134,134,141.05,335324,477.35,"18-Aug-2026",1866,"",""
"2065","NAUKRI","EQ",1345,1368.8,1331.1,1354.9,1354.9,1355.8,1540395,20918.72,"18-Aug-2026",45154,"",""
"2066","NAVA","EQ",559.65,571,557,558.9,558,559.65,276543,1556.04,"18-Aug-2026",12413,"",""
"2067","NAVINFLUOR","EQ",8155,8300,8151,8255,8247.5,8151,107257,8846.35,"18-Aug-2026",18800,"",""
"2068","NAVKARCORP","EQ",99.5,100,97.5,97.92,98.06,98.89,289440,284.58,"18-Aug-2026",2823,"",""
"2069","NAVKARURB","BE",0.98,1.01,0.96,0.98,0.99,0.98,274448,2.71,"18-Aug-2026",256,"",""
"2070","NAVNETEDUL","EQ",135,135,131.78,134.09,134.25,134.54,78549,105.03,"18-Aug-2026",1471,"",""
"2071","NAZARA","EQ",349.95,356.65,348.75,355.55,354.25,350.1,1287389,4556.01,"18-Aug-2026",11266,"",""
"2072","NBCC","EQ",89.35,89.93,87.7,88,88,89.75,6718438,5937.06,"18-Aug-2026",33479,"",""
"2073","NBIFIN","EQ",2099,2100,2000,2010.4,2005.5,2064,402,8.16,"18-Aug-2026",54,"",""
"2074","NCC","EQ",138.83,141,138.24,140.38,140.5,139.4,925504,1291.8,"18-Aug-2026",14996,"",""
"2075","NCLIND","EQ",173,173.9,169.21,171.78,173.9,172.02,85022,146.16,"18-Aug-2026",2611,"",""
"2076","NDGL","EQ",2875,2875,2669,2727.9,2725,2878.7,558,15.29,"18-Aug-2026",119,"",""
"2077","NDL","EQ",2.34,2.34,2.25,2.27,2.28,2.33,1383832,31.54,"18-Aug-2026",1182,"",""
"2078","NDLVENTURE","EQ",122.15,122.74,113.95,116.17,116,123.56,57215,67.47,"18-Aug-2026",671,"",""
"2079","NDRAUTO","EQ",803.55,809.95,789.3,794.25,792.1,803.55,15998,127.92,"18-Aug-2026",1142,"",""
"2080","NDTV","EQ",75.28,76.99,75.28,75.7,75.5,76.34,41217,31.21,"18-Aug-2026",701,"",""
"2081","NEAGI","EQ",3312.4,3440,3312.4,3325.2,3325.2,3295.9,102,3.47,"18-Aug-2026",42,"",""
"2082","NECCLTD","BE",14.55,14.9,14.23,14.52,14.6,14.97,49301,7.12,"18-Aug-2026",307,"",""
"2083","NECLIFE","EQ",11.3,11.5,10.63,10.76,10.8,11.23,341767,37.36,"18-Aug-2026",800,"",""
"2084","NELCAST","EQ",116.94,120.15,116.94,118.35,118,116.94,81362,96.45,"18-Aug-2026",2526,"",""
"2085","NELCO","EQ",1092.3,1098,938.6,948.8,945,1081.5,2131064,20723.78,"18-Aug-2026",67972,"",""
"2086","NEOCHEM","ST",95,96.05,95,95.65,96.05,94.7,12000,11.46,"18-Aug-2026",7,"",""
"2087","NEOGEN","EQ",2251.1,2483.9,2241,2328.5,2354.9,2270.1,1415053,33822.9,"18-Aug-2026",137383,"",""
"2088","NEPHROCARE","ST",78.9,78.9,78.9,78.9,78.9,83.05,7200,5.68,"18-Aug-2026",13,"",""
"2089","NEPHROPLUS","EQ",694.9,713.65,691,699.1,697.9,694.65,175409,1234.56,"18-Aug-2026",10449,"",""
"2090","NEPTUNE","SM",180,180,177.5,178.95,179,180,24000,42.8,"18-Aug-2026",31,"",""
"2091","NESCO","EQ",1041.4,1049.3,1030.6,1034.7,1036,1046.3,20418,212.06,"18-Aug-2026",2277,"",""
"2092","NESTLEIND","EQ",1478,1479.8,1453,1462.5,1462.5,1470,1815216,26642.36,"18-Aug-2026",64461,"",""
"2093","NETF","EQ",264.66,264.66,263,263.21,263,265.2,860,2.27,"18-Aug-2026",114,"",""
"2094","NETWEB","EQ",5110,5396.4,5092.8,5354.5,5325,5212.4,2395703,127126.17,"18-Aug-2026",178003,"",""
"2095","NETWORK18","EQ",29,29,28.34,28.51,28.42,28.95,2751991,786.54,"18-Aug-2026",11859,"",""
"2096","NEUEON","BE",18.33,18.35,16.7,16.8,17.2,17.55,57179,9.89,"18-Aug-2026",162,"",""
"2097","NEULANDLAB","EQ",23670,23881,23264,23370,23399,23661,55362,13004.77,"18-Aug-2026",18077,"",""
"2098","NEWGEN","EQ",533.1,534.5,526.4,528.45,528.8,534.85,290297,1536.78,"18-Aug-2026",8929,"",""
"2099","NEWJAISA","ST",18,18,17.5,17.5,17.5,17.85,21000,3.72,"18-Aug-2026",8,"",""
"2100","NEXT30ADD","EQ",43.71,43.75,43.55,43.58,43.66,43.75,3677,1.6,"18-Aug-2026",64,"",""
"2101","NEXT50","EQ",771.86,771.86,767.44,769.6,768.5,770.26,16185,124.49,"18-Aug-2026",478,"",""
"2102","NEXT50ADD","EQ",75.17,75.17,74.8,74.96,74.94,75.17,2341,1.76,"18-Aug-2026",33,"",""
"2103","NEXT50BETA","EQ",80.03,80.68,80.02,80.2,80.4,80.47,117114,94.13,"18-Aug-2026",527,"",""
"2104","NEXT50ETF","EQ",76.34,76.34,74.45,75.12,75.13,75.97,23367,17.58,"18-Aug-2026",136,"",""
"2105","NEXT50IETF","EQ",78.92,79,78.26,78.69,78.6,78.92,390566,307.67,"18-Aug-2026",3813,"",""
"2106","NEXTMEDIA","EQ",3.98,3.98,3.7,3.71,3.72,3.91,38951,1.46,"18-Aug-2026",42,"",""
"2107","NFL","EQ",71.22,71.69,70.05,70.23,70.18,71.54,958299,675.9,"18-Aug-2026",5351,"",""
"2108","NFPSAMPOOR","SM",23,23,22.2,22.2,22.2,23,12000,2.72,"18-Aug-2026",6,"",""
"2109","NGIL","BE",41.54,42.4,39.5,40,40,40.73,9950,4.04,"18-Aug-2026",38,"",""
"2110","NGLFINE","EQ",2940,3265,2923.2,3023.5,3055,2908.4,110560,3481.54,"18-Aug-2026",18434,"",""
"2111","NH","EQ",1823.9,1834.9,1799.1,1803,1803,1828.5,233127,4220.41,"18-Aug-2026",21325,"",""
"2112","NHPC","EQ",76.59,76.99,76.2,76.73,76.73,76.6,5338983,4086.67,"18-Aug-2026",21449,"",""
"2113","NIACL","EQ",183.6,185.9,182.73,184.08,183.65,183.64,1033947,1903.57,"18-Aug-2026",13920,"",""
"2114","NIBE","EQ",1469,1480,1420,1444.4,1439.8,1439,68883,1004.1,"18-Aug-2026",5244,"",""
"2115","NIBL","EQ",32.21,32.95,31,31.43,31.52,32.72,18101,5.73,"18-Aug-2026",330,"",""
"2116","NICCOPAR","EQ",77,77,72,75.25,75.25,73,268,0.2,"18-Aug-2026",28,"",""
"2117","NIDAN","SM",13.95,13.95,13.5,13.5,13.5,12.75,8000,1.11,"18-Aug-2026",8,"",""
"2118","NIF100BEES","EQ",270.68,273.38,267.68,269.25,268.9,270.68,104961,282.79,"18-Aug-2026",699,"",""
"2119","NIF100IETF","EQ",28.55,28.55,28.28,28.38,28.45,28.55,57690,16.37,"18-Aug-2026",1239,"",""
"2120","NIFTY1","EQ",277.28,277.28,268.01,269.09,269.27,270.52,59872,161.19,"18-Aug-2026",1120,"",""
"2121","NIFTY100EW","EQ",36.77,36.77,35.51,35.64,35.62,35.74,27419,9.78,"18-Aug-2026",207,"",""
"2122","NIFTYADD","EQ",256.58,256.67,255,255.42,255.55,256.83,3035,7.76,"18-Aug-2026",114,"",""
"2123","NIFTYAXIS","EQ",269.85,269.85,268,268.21,268,269.85,3456,9.27,"18-Aug-2026",135,"",""
"2124","NIFTYBEES","EQ",278.99,278.99,275.81,276.1,276.1,277.91,4677291,12922,"18-Aug-2026",41043,"",""
"2125","NIFTYBETA","EQ",273.26,273.26,267.97,268.59,268.8,270.55,49986,134.37,"18-Aug-2026",511,"",""
"2126","NIFTYBETF","EQ",250.75,250.75,249,249.58,249,250.75,778,1.94,"18-Aug-2026",69,"",""
"2127","NIFTYCASE","EQ",10.02,10.02,9.71,9.74,9.75,9.78,616924,60.06,"18-Aug-2026",1690,"",""
"2128","NIFTYETF","EQ",265.37,265.37,263,263.65,263.45,265.37,564123,1487.85,"18-Aug-2026",1369,"",""
"2129","NIFTYIETF","EQ",269.58,276.56,269.58,274.6,274.85,276.5,317489,872.72,"18-Aug-2026",13215,"",""
"2130","NIFTYQLITY","EQ",21.86,21.86,21.6,21.68,21.71,21.86,22776,4.93,"18-Aug-2026",219,"",""
"2131","NIITLTD","EQ",95.25,95.7,92.89,93.08,93.01,95.63,407309,382.23,"18-Aug-2026",3583,"",""
"2132","NIITMTS","EQ",240,241,234,235.53,235.21,239.01,108219,254.89,"18-Aug-2026",4838,"",""
"2133","NILAINFRA","EQ",7.03,7.13,7.01,7.02,7.02,7.02,95278,6.71,"18-Aug-2026",282,"",""
"2134","NILASPACES","EQ",13.05,13.45,12.5,12.74,12.77,12.87,1158760,150.04,"18-Aug-2026",1848,"",""
"2135","NILE","EQ",1463.1,1549.9,1463.1,1525.9,1530,1477.6,6611,100.34,"18-Aug-2026",813,"",""
"2136","NILKAMAL","EQ",1810,1880,1776.1,1846.7,1860,1810,37336,680.86,"18-Aug-2026",4176,"",""
"2137","NIMBSPROJ","EQ",184,186,176.6,179.44,184.9,184,29851,55.15,"18-Aug-2026",56,"",""
"2138","NINSYS","EQ",735,749.3,712.6,729,729,735.4,3635,26.48,"18-Aug-2026",344,"",""
"2139","NIPPOBATRY","EQ",331.3,333.3,328,329.1,328.5,331.3,1475,4.87,"18-Aug-2026",106,"",""
"2140","NIRAJ","EQ",28.8,28.97,27.8,28.92,28.85,28.61,58369,16.71,"18-Aug-2026",234,"",""
"2141","NIRAJISPAT","EQ",225,230,200,212,212,211,223,0.5,"18-Aug-2026",13,"",""
"2142","NIRLON","EQ",625.4,626,620.15,621.9,622.95,621.5,4271,26.57,"18-Aug-2026",341,"",""
"2143","NIRMAN","SM",32.8,32.9,31.4,31.6,31.5,31.35,11400,3.64,"18-Aug-2026",33,"",""
"2144","NITCO","EQ",92.01,93,90.8,91.81,91.6,92.54,487557,448.16,"18-Aug-2026",2782,"",""
"2145","NITINSPIN","EQ",556.75,610,554.5,606.9,609,553.75,3703991,22155.55,"18-Aug-2026",88265,"",""
"2146","NITIRAJ","EQ",201.19,208.99,201.19,202.46,202,203.23,553,1.13,"18-Aug-2026",38,"",""
"2147","NITTAGELA","EQ",1597.1,1631,1591.5,1599.8,1600,1589.1,6641,106.9,"18-Aug-2026",884,"",""
"2148","NIVABUPA","EQ",82.11,84.25,82.11,83.74,83.75,82.71,644696,539.35,"18-Aug-2026",9060,"",""
"2149","NKIND","EQ",61.85,61.85,59.9,60.02,61.23,60.49,112,0.07,"18-Aug-2026",8,"",""
"2150","NLCINDIA","EQ",277.2,278.7,274.3,276.65,276.6,277.65,866666,2395.87,"18-Aug-2026",16771,"",""
"2151","NMDC","EQ",85.03,85.41,83.1,84.19,84.19,85.5,18390025,15470.02,"18-Aug-2026",52009,"",""
"2152","NMSTEEL","SM",23,23,23,23,23,23,3200,0.74,"18-Aug-2026",2,"",""
"2153","NOCIL","EQ",162.6,167.33,162.51,162.93,162.62,163.71,226911,372.47,"18-Aug-2026",3778,"",""
"2154","NOIDATOLL","BE",4.04,4.15,3.98,4.07,4.07,4.03,27494,1.11,"18-Aug-2026",140,"",""
"2155","NORBTEAEXP","EQ",66.5,67.6,64.3,66.72,67.5,66.17,1506,1,"18-Aug-2026",35,"",""
"2156","NORTHARC","EQ",278.4,295,276.5,289.2,290,278.7,974974,2777.84,"18-Aug-2026",15922,"",""
"2157","NOVAAGRI","BE",25.4,26.99,24.6,25.52,25.21,25.71,67636,17.38,"18-Aug-2026",323,"",""
"2158","NOVARTIND","EQ",1589.1,1601.9,1579,1596.5,1601,1589.1,3787,60.23,"18-Aug-2026",850,"",""
"2159","NPBET","EQ",283.28,285.5,281.54,285.04,285.5,283.33,4184,11.83,"18-Aug-2026",14,"",""
"2160","NPST","EQ",1638,1638,1540.8,1591,1581,1622.8,39454,623.34,"18-Aug-2026",4306,"",""
"2161","NRAIL","EQ",519,519,499.15,503.95,501.6,509.9,12055,61.05,"18-Aug-2026",844,"",""
"2162","NRBBEARING","EQ",484,491.35,478.45,485.6,485,484.05,506917,2457.94,"18-Aug-2026",14355,"",""
"2163","NRL","BE",116,116,115,115,115,116,63961,73.76,"18-Aug-2026",128,"",""
"2164","NRVANDANA","ST",67.9,67.9,67.8,67.85,67.85,66.25,18000,12.22,"18-Aug-2026",6,"",""
"2165","NSIL","EQ",5515,5598.5,5515,5558.5,5532,5555,1628,90.4,"18-Aug-2026",328,"",""
"2166","NSLNISP","EQ",41,41.91,40.25,40.49,40.48,41.76,8519973,3474.98,"18-Aug-2026",27991,"",""
"2167","NTCIND","EQ",146,146,140,142.17,141,144.45,241,0.34,"18-Aug-2026",28,"",""
"2168","NTPC","EQ",337,339.3,333.9,337.1,337.1,337,9943991,33623.75,"18-Aug-2026",115642,"",""
"2169","NTPCGREEN","EQ",92.09,92.79,91.9,92.17,92.02,92.14,1292982,1192.53,"18-Aug-2026",11341,"",""
"2170","NUCLEUS","EQ",713.5,720.65,707.05,711.85,708.65,713.8,10551,75.24,"18-Aug-2026",1209,"",""
"2171","NURECA","BE",349.3,349.3,327,329.9,328,340.3,6463,21.42,"18-Aug-2026",214,"",""
"2172","NUVAMA","EQ",1727.4,1750,1696.4,1746.8,1745,1731.2,342098,5909.17,"18-Aug-2026",24444,"",""
"2173","NUVOCO","EQ",331.1,331.45,325.1,326.45,326.75,331.1,193929,635.2,"18-Aug-2026",9584,"",""
"2174","NV20","EQ",14.04,14.06,13.94,14.01,14.02,14.07,43408,6.07,"18-Aug-2026",169,"",""
"2175","NV20BEES","EQ",140.58,140.7,139.59,139.9,139.9,140.96,6658,9.31,"18-Aug-2026",193,"",""
"2176","NV20IETF","EQ",13.85,13.85,13.6,13.65,13.6,13.73,305133,41.68,"18-Aug-2026",1664,"",""
"2177","NXST","RR",169,169.45,167.75,167.81,168,168.01,406833,684.69,"18-Aug-2026",9653,"",""
"2178","NXT-INFRA","IV",96,97,95.33,97,97,95.5,23400000,22313.67,"18-Aug-2026",66,"",""
"2179","NYKAA","EQ",325.4,328.45,320.6,320.6,320.6,327.05,1681742,5439.99,"18-Aug-2026",14809,"",""
"2180","OAL","EQ",349.5,358,339.5,341.95,341.95,349.45,15287,52.79,"18-Aug-2026",554,"",""
"2181","OBCL","EQ",54,54.6,53.16,54,54,53.99,20269,10.95,"18-Aug-2026",24,"",""
"2182","OBEROIRLTY","EQ",1950.4,1960.7,1858,1858,1858,1931,1642587,31262.13,"18-Aug-2026",69395,"",""
"2183","OBSCP","SM",888,888,841,850.7,849.15,860.15,47600,408.84,"18-Aug-2026",114,"",""
"2184","OCCLLTD","BE",158.9,164.81,156.95,164.81,164.81,156.97,78853,127.67,"18-Aug-2026",415,"",""
"2185","ODIGMA","EQ",22.21,22.99,22.21,22.88,22.47,22.64,10518,2.37,"18-Aug-2026",306,"",""
"2186","ODYCORP","EQ",7.49,7.49,6.36,6.78,6.64,7.15,12996,0.88,"18-Aug-2026",91,"",""
"2187","OFSS","EQ",11751,11840,11614,11623,11623,11789,111496,13098.75,"18-Aug-2026",16128,"",""
"2188","OIL","EQ",480,487.2,478.7,480.5,480.5,474.65,5000847,24148.41,"18-Aug-2026",57053,"",""
"2189","OILCOUNTUB","BE",59.8,59.8,57.8,59.6,59.8,59.6,12076,7.14,"18-Aug-2026",70,"",""
"2190","OILIETF","EQ",11.43,11.47,11.38,11.39,11.41,11.42,883307,100.94,"18-Aug-2026",1869,"",""
"2191","OLAELEC","EQ",39.22,39.65,38.5,38.61,38.63,39.22,18175012,7054.3,"18-Aug-2026",52570,"",""
"2192","OLECTRA","EQ",1329,1337,1316.7,1324.1,1323,1320.1,189197,2510.11,"18-Aug-2026",12841,"",""
"2193","OLIL","SM",410,414.95,405,414,414,415,6000,24.64,"18-Aug-2026",13,"",""
"2194","OMAXAUTO","EQ",196.28,199.9,195.41,198.69,199.77,195.24,27371,54.12,"18-Aug-2026",883,"",""
"2195","OMAXE","EQ",100.57,104.8,99.75,101.93,102,100.83,2278564,2334.38,"18-Aug-2026",16527,"",""
"2196","OMFREIGHT","BE",95.3,95.3,92.15,94.2,94.1,95.31,2997,2.8,"18-Aug-2026",61,"",""
"2197","OMFURN","SM",55,57.15,54.9,57.1,57.1,54.45,159600,88.32,"18-Aug-2026",14,"",""
"2198","OMINFRAL","EQ",87,87.99,85.85,86.75,86.99,86.87,94141,82.03,"18-Aug-2026",2115,"",""
"2199","OMNI","EQ",564,587.5,564,581.6,580,564.45,442473,2558.53,"18-Aug-2026",15980,"",""
"2200","OMPOWER","EQ",167.13,168,164.6,167.64,167.25,167.96,44477,73.94,"18-Aug-2026",879,"",""
"2201","ONDOOR","SM",244,244,236,236,236,244,2400,5.75,"18-Aug-2026",7,"",""
"2202","ONEGLOBAL","EQ",537.05,543,537.05,537.05,537.05,565.3,17961,96.55,"18-Aug-2026",624,"",""
"2203","ONELIFECAP","BE",34.52,35.28,33.64,33.79,33.64,35.41,77480,26.22,"18-Aug-2026",112,"",""
"2204","ONEPOINT","EQ",56.93,57.28,55.76,56.25,56.2,57.21,767856,433.69,"18-Aug-2026",12553,"",""
"2205","ONESOURCE","EQ",1554,1570.2,1531.2,1542.3,1539.8,1558.2,231526,3584.3,"18-Aug-2026",19615,"",""
"2206","ONGC","EQ",239.5,241.3,238.02,239.5,239.5,238.49,14903605,35734.89,"18-Aug-2026",138575,"",""
"2207","ONIDA","EQ",35.76,36.88,35.52,35.68,35.8,36.02,150788,54.24,"18-Aug-2026",1518,"",""
"2208","ONIXSOLAR","EQ",357,357,356.65,356.65,356.65,375.4,1217,4.34,"18-Aug-2026",47,"",""
"2209","ONMOBILE","BE",60.54,60.54,60.54,60.54,60.54,61.77,9684,5.86,"18-Aug-2026",115,"",""
"2210","ONWARDTEC","EQ",286.75,286.8,282,283.65,283.3,286.75,14701,41.75,"18-Aug-2026",615,"",""
"2211","ONYX","ST",39.75,41,39.75,41,41,41.8,18000,7.28,"18-Aug-2026",9,"",""
"2212","OPTIEMUS","EQ",554.35,557.95,543.2,551.15,550,554.35,118199,649.16,"18-Aug-2026",5388,"",""
"2213","OPTIFIN","EQ",11.41,13.74,11.41,11.76,11.77,11.45,5730,0.72,"18-Aug-2026",98,"",""
"2214","OPTIMYSTIX","ST",178,181.4,173.9,179.15,180,182,229600,405.44,"18-Aug-2026",154,"",""
"2215","OPTIVALUE","ST",177.05,194.5,177.05,192.5,192.5,185.25,172800,332.54,"18-Aug-2026",70,"",""
"2216","ORBTEXP","BE",230.73,239.2,227.55,235.47,235.79,230.73,4109,9.6,"18-Aug-2026",64,"",""
"2217","ORCHASP","EQ",1.42,1.43,1.38,1.42,1.43,1.4,141220,1.98,"18-Aug-2026",199,"",""
"2218","ORCHPHARMA","EQ",999,1000,951,969.2,970,998.35,103600,1002.31,"18-Aug-2026",9684,"",""
"2219","ORIANA","SM",1246,1267.95,1180.1,1212.45,1214.85,1246,145425,1772.65,"18-Aug-2026",1368,"",""
"2220","ORICONENT","EQ",53.11,57.81,52.31,56.03,54.91,53.38,832809,459.52,"18-Aug-2026",1726,"",""
"2221","ORIENTALTL","EQ",5.1,5.12,5,5.01,5.01,5.05,94568,4.76,"18-Aug-2026",275,"",""
"2222","ORIENTBELL","EQ",349.1,361.9,348,349.95,351,349.05,31200,109.83,"18-Aug-2026",824,"",""
"2223","ORIENTCEM","EQ",131.89,132,130.12,130.54,130.99,131.89,100991,132.25,"18-Aug-2026",1414,"",""
"2224","ORIENTCER","EQ",43.8,44.69,42.8,43.8,43.99,44.08,79766,34.88,"18-Aug-2026",1629,"",""
"2225","ORIENTELEC","EQ",187.6,188.31,183.75,184.22,183.75,187.42,102644,189.83,"18-Aug-2026",1803,"",""
"2226","ORIENTHOT","EQ",122,124.04,119.12,121.21,122,122.35,192296,232.9,"18-Aug-2026",3296,"",""
"2227","ORIENTLTD","BE",76.01,78.98,74.49,76.11,75.5,76.01,1146,0.89,"18-Aug-2026",39,"",""
"2228","ORIENTPPR","EQ",17.25,17.64,17.02,17.34,17.3,17.1,283563,49.11,"18-Aug-2026",899,"",""
"2229","ORIENTTECH","EQ",253.95,255.65,247.35,249.6,248.5,254.85,141869,355.88,"18-Aug-2026",3209,"",""
"2230","ORIRAIL","EQ",110.2,110.5,105,107.73,109,109.4,19425,20.95,"18-Aug-2026",348,"",""
"2231","ORISSAMINE","EQ",4825.1,4916.8,4725,4747.5,4745,4871.1,11722,560.04,"18-Aug-2026",2759,"",""
"2232","ORKLAINDIA","EQ",544.3,551.45,542.3,545.55,542.3,544.3,43632,238.14,"18-Aug-2026",4723,"",""
"2233","ORTINGLOBE","EQ",15.1,16.5,15.1,15.79,15.36,15.89,18953,3.01,"18-Aug-2026",41,"",""
"2234","OSELDEVICE","SM",373,375.95,362.25,365.95,364,374.85,36400,133.97,"18-Aug-2026",137,"",""
"2235","OSIAHYPER","BE",2.7,2.7,2.68,2.7,2.7,2.58,408435,11.02,"18-Aug-2026",327,"",""
"2236","OSWALAGRO","EQ",38.4,38.5,36.36,36.77,36.99,37.82,56877,21.27,"18-Aug-2026",506,"",""
"2237","OSWALGREEN","EQ",21.08,21.4,20.85,20.92,20.89,21.08,52882,11.08,"18-Aug-2026",381,"",""
"2238","OSWALPUMPS","EQ",302.45,303.55,293.8,297.95,298,304,793507,2355.81,"18-Aug-2026",11803,"",""
"2239","OSWALSEEDS","EQ",13.45,13.56,12.88,12.92,12.95,13.59,400753,52.11,"18-Aug-2026",1114,"",""
"2240","OWAIS","ST",71.85,72.6,71.25,71.25,71.25,74.95,14400,10.27,"18-Aug-2026",86,"",""
"2241","PACEDIGITK","EQ",176.46,178.05,176,176.66,176.93,176.46,402007,711.96,"18-Aug-2026",4613,"",""
"2242","PACIFICI","EQ",141.16,141.16,138.99,138.99,138.99,139.77,34,0.05,"18-Aug-2026",12,"",""
"2243","PAGEIND","EQ",37370,37495,36425,36425,36425,37360,46266,17014.88,"18-Aug-2026",18879,"",""
"2244","PAISALO","EQ",67.9,69.1,67.2,67.57,67.5,67.59,6916449,4702.71,"18-Aug-2026",14295,"",""
"2245","PAKKA","EQ",92.51,100.63,88.41,95.49,95,89.28,2369403,2249.5,"18-Aug-2026",26356,"",""
"2246","PALASHSECU","EQ",86.51,88.98,84.5,86.46,86.25,89.78,11363,9.87,"18-Aug-2026",121,"",""
"2247","PALREDTEC","BE",51,55.74,51,55.6,55.74,53.09,9300,5.13,"18-Aug-2026",60,"",""
"2248","PANACEABIO","EQ",411.45,424.5,401.2,405.85,406.75,413.15,159241,653.59,"18-Aug-2026",4485,"",""
"2249","PANACHE","BE",540.65,559.4,525,538.15,551.8,540.65,8916,48.14,"18-Aug-2026",210,"",""
"2250","PANAMAPET","EQ",491.7,512.2,489,502.65,504.5,487.1,850415,4285.48,"18-Aug-2026",20868,"",""
"2251","PANCHMAHQ","EQ",331,331,275,286.85,286.85,315,81,0.24,"18-Aug-2026",18,"",""
"2252","PANORAMA","EQ",47.85,48.03,45.86,46.41,46.06,47.16,591390,281.14,"18-Aug-2026",886,"",""
"2253","PANSARI","EQ",318,318,302,314.85,303,318.65,125,0.39,"18-Aug-2026",42,"",""
"2254","PAR","EQ",100.91,102.5,98.3,101.24,100,100.91,17995,18.09,"18-Aug-2026",158,"",""
"2255","PARACABLES","EQ",63.11,66,63.11,63.64,63.96,63.55,1520266,979.43,"18-Aug-2026",9766,"",""
"2256","PARADEEP","EQ",146.66,149.65,145.07,147.82,147.55,146.66,2052905,3024.04,"18-Aug-2026",21397,"",""
"2257","PARAGMILK","EQ",208,219.98,208,211.03,213,207.29,1852610,3978.77,"18-Aug-2026",23200,"",""
"2258","PARAGON","SM",48.05,49.8,48.05,49.65,49.7,49,27600,13.5,"18-Aug-2026",21,"",""
"2259","PARAS","EQ",1385,1527.3,1384.7,1527.3,1527.3,1388.5,5405217,79958.73,"18-Aug-2026",179035,"",""
"2260","PARASPETRO","EQ",2.3,2.36,2.24,2.26,2.27,2.3,259668,5.92,"18-Aug-2026",303,"",""
"2261","PARIN","SM",725,725,725,725,725,713,250,1.81,"18-Aug-2026",1,"",""
"2262","PARKHOSPS","EQ",276,278.85,273.55,276.85,275.3,276.65,253850,700.55,"18-Aug-2026",10819,"",""
"2263","PARKHOTELS","EQ",116.48,117.79,115.5,116.4,116.2,116.48,102246,119.04,"18-Aug-2026",1506,"",""
"2264","PARNAXLAB","EQ",120.99,123,116,122,122,119.65,1881,2.28,"18-Aug-2026",59,"",""
"2265","PARSVNATH","BE",1.45,1.45,1.45,1.45,1.45,1.47,488299,7.08,"18-Aug-2026",157,"",""
"2266","PARTH","SM",460,465,455,462.8,463,459.2,26000,119.63,"18-Aug-2026",56,"",""
"2267","PARTYCRUS","SM",81,83,81,81,81,83.5,4000,3.26,"18-Aug-2026",4,"",""
"2268","PASHUPATI","EQ",85.7,85.7,84.71,85.32,85.45,84.79,10109,8.62,"18-Aug-2026",1743,"",""
"2269","PASUPTAC","BE",62.75,64,61.1,61.54,61.9,61.08,77265,48.24,"18-Aug-2026",376,"",""
"2270","PATANJALI","EQ",352.5,353.9,345.8,351.65,351.65,353.9,3890440,13648.32,"18-Aug-2026",26539,"",""
"2271","PATELENG","EQ",28.4,28.58,27.72,27.84,27.9,28.48,2937500,823.73,"18-Aug-2026",8021,"",""
"2272","PATELRMART","EQ",228,235.99,222.44,228.5,229.55,229.1,203946,471.09,"18-Aug-2026",4581,"",""
"2273","PATILAUTOM","SM",242.5,247.75,228,235.45,235.8,237.95,127800,302.5,"18-Aug-2026",162,"",""
"2274","PATINTLOG","BE",14.05,14.05,13.35,13.65,13.86,13.7,75798,10.4,"18-Aug-2026",177,"",""
"2275","PAUSHAKLTD","EQ",734.25,759,723.05,752.35,758,734.2,43118,320.87,"18-Aug-2026",3119,"",""
"2276","PAVNAIND","EQ",18.92,18.92,17.67,18.15,18,18.92,65817,11.94,"18-Aug-2026",332,"",""
"2277","PAYTM","EQ",1580.2,1599,1546.3,1546.3,1546.3,1580.2,3848121,60239.66,"18-Aug-2026",148816,"",""
"2278","PBMPOLY","EQ",64.8,64.8,58.8,60.42,61,63.5,405,0.25,"18-Aug-2026",27,"",""
"2279","PCBL","EQ",321,329.9,317.35,326.55,327.35,315.45,4673600,15119.02,"18-Aug-2026",58267,"",""
"2280","PCCL","SM",310,320,310,319.45,320,308.45,25200,79.65,"18-Aug-2026",52,"",""
"2281","PCJEWELLER","EQ",9.78,9.79,9.56,9.62,9.61,9.79,66270759,6412.43,"18-Aug-2026",26782,"",""
"2282","PDMJEPAPER","EQ",87.82,89.9,87.26,88.94,89.02,87.82,82180,72.82,"18-Aug-2026",1810,"",""
"2283","PDSL","EQ",375,375.4,361.75,363,362.65,376.35,86518,317.46,"18-Aug-2026",5044,"",""
"2284","PEARLPOLY","EQ",16.31,16.5,16.11,16.12,16.12,16.3,1496,0.24,"18-Aug-2026",23,"",""
"2285","PELATRO","SM",281,287,281,286.5,286.5,283.5,1800,5.13,"18-Aug-2026",6,"",""
"2286","PENIND","EQ",151.5,153.45,150.06,152.49,152.7,151.45,202503,307.76,"18-Aug-2026",3461,"",""
"2287","PENINLAND","BE",14.93,15.15,14.93,15.1,15.1,15.22,30981,4.64,"18-Aug-2026",60,"",""
"2288","PENTAGON","SM",50.25,50.25,50.25,50.25,50.25,50.25,2000,1.01,"18-Aug-2026",2,"",""
"2289","PERMAGN","EQ",821,821,784.05,804.75,810.95,813.6,3492,27.95,"18-Aug-2026",390,"",""
"2290","PERSISTENT","EQ",5571.5,5571.5,5442.5,5442.5,5442.5,5570,353161,19442.72,"18-Aug-2026",22043,"",""
"2291","PETRONET","EQ",281.8,286.95,281.8,286.25,286.25,281.8,2933102,8369.64,"18-Aug-2026",38094,"",""
"2292","PFC","EQ",375,376.55,373.6,374.45,374.45,374.4,7433916,27862.79,"18-Aug-2026",96275,"",""
"2293","PFIZER","EQ",4818,4825,4751.2,4799.3,4824.8,4829.1,76326,3647.89,"18-Aug-2026",8611,"",""
"2294","PFOCUS","EQ",266.05,289,264,286.25,285.65,266.4,2789751,7919.76,"18-Aug-2026",48250,"",""
"2295","PFS","EQ",28.14,29.6,27.95,28.2,28.44,28.14,492747,138.76,"18-Aug-2026",2966,"",""
"2296","PGEL","EQ",609,614.3,594.5,597,597,614,2081510,12509.6,"18-Aug-2026",29866,"",""
"2297","PGHH","EQ",8400,8410,8300,8317,8314,8365,11764,980.43,"18-Aug-2026",3108,"",""
"2298","PGHL","EQ",5836.5,5853,5746.5,5838,5810.5,5836.5,13004,754.64,"18-Aug-2026",3142,"",""
"2299","PGIL","EQ",2390,2390.5,2351,2360.8,2360.5,2378,37637,891.54,"18-Aug-2026",8882,"",""
"2300","PGINVIT","IV",100.45,100.48,99.89,99.94,99.98,100.3,1237846,1238.95,"18-Aug-2026",6360,"",""
"2301","PHANTOMFX","SM",123.8,133.95,122.85,124.1,123,122.4,39000,49.42,"18-Aug-2026",90,"",""
"2302","PHARMABEES","EQ",27.85,27.85,26.5,27.18,27.25,27.18,3531468,960.32,"18-Aug-2026",8690,"",""
"2303","PHOENIXLTD","EQ",1938.1,1940,1905.1,1940,1940,1929.8,456494,8784.9,"18-Aug-2026",26134,"",""
"2304","PHOENXINTL","EQ",34.8,34.8,29.05,30.17,30.96,32.58,10208,3.25,"18-Aug-2026",181,"",""
"2305","PHOGLOBAL","SM",15.5,15.6,15.05,15.5,15.5,15.8,16000,2.47,"18-Aug-2026",8,"",""
"2306","PICCADIL","EQ",699.8,709.95,688.5,692.85,692,695.45,401956,2806.39,"18-Aug-2026",16632,"",""
"2307","PIDILITIND","EQ",1665,1674,1657.3,1674,1674,1669,655495,10918.61,"18-Aug-2026",21882,"",""
"2308","PIGL","EQ",105.17,109.38,105.14,106.21,106,104.62,81795,87.51,"18-Aug-2026",1001,"",""
"2309","PIIND","EQ",2490,2545,2458.6,2515,2515,2472,623898,15518.7,"18-Aug-2026",25472,"",""
"2310","PILANIINVS","EQ",4444.8,4464,4380,4385.7,4380,4445.1,1861,82.06,"18-Aug-2026",341,"",""
"2311","PILITA","EQ",8.52,8.52,8.01,8.06,8.03,8.18,62549,5.08,"18-Aug-2026",166,"",""
"2312","PINELABS","EQ",163.35,165.41,159.25,160.32,160.18,162.63,13598806,22006.45,"18-Aug-2026",104559,"",""
"2313","PIONEEREMB","EQ",22.61,22.79,22.56,22.65,22.7,22.78,6217,1.41,"18-Aug-2026",52,"",""
"2314","PIONRINV","BE",84.5,84.5,80.47,80.47,80.47,84.7,512,0.42,"18-Aug-2026",12,"",""
"2315","PIRAMALFIN","EQ",2052,2079.8,2038,2060.5,2051.1,2066.1,176263,3634.39,"18-Aug-2026",16996,"",""
"2316","PITTIENG","EQ",1046.55,1059.9,1028.15,1035.8,1040,1046.55,171313,1787.06,"18-Aug-2026",8405,"",""
"2317","PIXTRANS","EQ",1940.1,1953.4,1876.6,1884.8,1890,1938.8,17367,330.63,"18-Aug-2026",2793,"",""
"2318","PKTEA","EQ",704.5,733,675.25,723.75,729.25,704.5,77,0.54,"18-Aug-2026",12,"",""
"2319","PLASTIBLEN","EQ",191.3,193,188.8,190.71,190.05,191.8,22233,42.35,"18-Aug-2026",754,"",""
"2320","PLATIND","EQ",216.05,217.83,206.2,209.69,210.35,214.2,83394,175.59,"18-Aug-2026",2454,"",""
"2321","PLAZACABLE","EQ",51.6,53.7,51.05,52.38,52.48,53.57,121729,63.7,"18-Aug-2026",1088,"",""
"2322","PML","EQ",500,504.9,490.4,504.9,504.9,503.45,459,2.28,"18-Aug-2026",21,"",""
"2323","PNB","EQ",117,117.99,116.5,116.5,116.5,117.32,7856627,9197.03,"18-Aug-2026",41897,"",""
"2324","PNBGILTS","EQ",80.84,80.9,79.02,79.5,79.45,80.34,103481,82.73,"18-Aug-2026",1232,"",""
"2325","PNBHOUSING","EQ",1145.9,1153.9,1128.9,1145.8,1145.8,1150.8,739039,8451.21,"18-Aug-2026",27453,"",""
"2326","PNC","EQ",18.1,18.7,17.9,18.15,17.9,18.1,8843,1.61,"18-Aug-2026",159,"",""
"2327","PNCINFRA","EQ",215.15,215.19,210.82,213.96,214,215.17,454469,966.29,"18-Aug-2026",17894,"",""
"2328","PNGJL","EQ",614.85,619.4,604.25,607.85,608.5,610.4,166334,1012.43,"18-Aug-2026",7116,"",""
"2329","PNGSREVA","EQ",567.2,616,566.55,574.2,578,576.45,383388,2264.42,"18-Aug-2026",14314,"",""
"2330","POCL","EQ",486.85,503.1,486,500.85,501.1,486.75,437989,2186.37,"18-Aug-2026",9200,"",""
"2331","PODDARMENT","EQ",256.8,256.8,251,252.4,255,253.45,638,1.62,"18-Aug-2026",72,"",""
"2332","POEL","EQ",148.41,165.31,148.41,161.65,162.98,148.41,43701,69.21,"18-Aug-2026",1000,"",""
"2333","POKARNA","EQ",940,950.15,917,923.7,924.85,937.8,43179,401.71,"18-Aug-2026",2551,"",""
"2334","POLICYBZR","EQ",1728,1767.5,1721.1,1747,1747,1728.1,1267107,22230.18,"18-Aug-2026",35731,"",""
"2335","POLYCAB","EQ",9349.5,9349.5,9049,9139,9139,9370,256413,23528.52,"18-Aug-2026",28589,"",""
"2336","POLYMED","EQ",1733.6,1788.4,1722.7,1784.7,1785.9,1733.6,224876,3985.09,"18-Aug-2026",23495,"",""
"2337","POLYPLEX","EQ",1217.1,1220.9,1177.9,1182,1183,1210.8,90057,1079.47,"18-Aug-2026",4485,"",""
"2338","POLYSIL","SM",64.1,64.1,64.1,64.1,64.1,67.45,14000,8.97,"18-Aug-2026",12,"",""
"2339","POLYSPIN","EQ",34.79,34.79,28.36,30.65,30.65,31.53,2118,0.67,"18-Aug-2026",47,"",""
"2340","PONNIERODE","EQ",370.6,377.6,354,357.65,360.35,350.75,185152,679.35,"18-Aug-2026",6462,"",""
"2341","POONAWALLA","EQ",498,503.25,494.55,497.9,497.5,497.45,600068,2992.94,"18-Aug-2026",14614,"",""
"2342","POSITRON","SM",169,169,163.5,166,166.5,169.95,5400,8.93,"18-Aug-2026",16,"",""
"2343","POWERGRID","EQ",266.2,268.95,266.05,268,268,266.15,6792173,18169.91,"18-Aug-2026",55386,"",""
"2344","POWERICA","EQ",570,574,553.2,560.65,562.9,560.35,131838,746.56,"18-Aug-2026",5123,"",""
"2345","POWERINDIA","EQ",35580,35580,35200,35275,35275,35450,47426,16763.78,"18-Aug-2026",15785,"",""
"2346","POWERMECH","EQ",2452.3,2494,2425.3,2443.8,2438,2452.3,53837,1322.46,"18-Aug-2026",8982,"",""
"2347","PPAP","BE",274.4,280.9,272.15,275.5,276.75,280,21301,58.68,"18-Aug-2026",342,"",""
"2348","PPL","BE",269.5,273,267,271.3,272.9,272.65,16147,43.47,"18-Aug-2026",354,"",""
"2349","PPLPHARMA","EQ",200.1,211.6,200.1,210.53,210.4,204.73,5337954,11136.72,"18-Aug-2026",55816,"",""
"2350","PPSL","SM",2.75,2.95,2.75,2.95,2.95,2.85,111000,3.13,"18-Aug-2026",33,"",""
"2351","PRABHA","EQ",164.31,196.05,163,192.2,189,163.38,5359104,10171.76,"18-Aug-2026",40505,"",""
"2352","PRADPME","BE",506.8,524.05,501.55,524,524,499.1,15087,78.39,"18-Aug-2026",130,"",""
"2353","PRAENG","EQ",19.98,19.98,18.8,19.12,19.15,19.8,61920,11.96,"18-Aug-2026",241,"",""
"2354","PRAJIND","EQ",333.15,346.95,332.7,336.5,336.25,334.05,1435246,4890.72,"18-Aug-2026",30917,"",""
"2355","PRAKASH","EQ",135,136.89,132.7,134.97,134.05,134.43,606010,817.53,"18-Aug-2026",8498,"",""
"2356","PRAKASHSTL","EQ",3.98,3.99,3.91,3.92,3.92,3.98,178977,7.02,"18-Aug-2026",287,"",""
"2357","PRAMARA","SM",106.5,116.7,104.5,116.7,116.7,106.1,56000,61.77,"18-Aug-2026",75,"",""
"2358","PRANIK","SM",41.55,42.55,41.55,42.55,42.55,40.9,3200,1.35,"18-Aug-2026",2,"",""
"2359","PRATHAM","SM",124,124,118,120.65,120.65,120.9,10400,12.77,"18-Aug-2026",8,"",""
"2360","PRAVEG","EQ",257.65,264,246.4,252.95,253.95,258.9,147168,369.69,"18-Aug-2026",4672,"",""
"2361","PRAXIS","EQ",6.04,6.04,5.35,5.4,5.45,5.87,554400,30.51,"18-Aug-2026",660,"",""
"2362","PRECAM","EQ",133.75,136.04,132.25,133.16,132.7,134.65,57774,77.5,"18-Aug-2026",1726,"",""
"2363","PRECISION","ST",7.9,7.9,7.85,7.85,7.85,8.25,4000,0.32,"18-Aug-2026",2,"",""
"2364","PRECOT","EQ",698.45,758,690,741.15,730,698.45,4837,35.16,"18-Aug-2026",440,"",""
"2365","PRECWIRE","EQ",454.2,462.45,450.65,458.2,459.6,457.75,383093,1750.35,"18-Aug-2026",15202,"",""
"2366","PREMCO","EQ",385,385,372.5,375.65,375.15,378.35,472,1.77,"18-Aug-2026",55,"",""
"2367","PREMEXPLN","EQ",674.9,676,667.5,668.25,671.5,672.65,352325,2361.44,"18-Aug-2026",3714,"",""
"2368","PREMIER","BE",2.7,2.83,2.7,2.77,2.77,2.72,1826,0.05,"18-Aug-2026",10,"",""
"2369","PREMIERENE","EQ",1020,1029.9,1010.6,1014.7,1014.7,1015.5,538817,5486.21,"18-Aug-2026",29556,"",""
"2370","PREMIERPOL","EQ",85,88,82.32,86.37,86.99,83.59,2453055,2105.28,"18-Aug-2026",26508,"",""
"2371","PREMIUM","SM",37.95,37.95,37.95,37.95,37.95,36.25,3000,1.14,"18-Aug-2026",1,"",""
"2372","PRESSTONIC","SM",29.5,30.5,28.4,28.85,28.8,29.25,42400,12.27,"18-Aug-2026",30,"",""
"2373","PRESTIGE","EQ",1588,1612.6,1563.1,1590,1590,1591.9,681676,10841.7,"18-Aug-2026",26883,"",""
"2374","PRICOLLTD","EQ",808,813.05,795.35,800.05,799.6,806.55,323362,2591.88,"18-Aug-2026",20743,"",""
"2375","PRIMECAB","ST",185,192.9,183,191.45,190,185,24000,45.44,"18-Aug-2026",15,"",""
"2376","PRIMESECU","EQ",285.4,285.7,280,282.2,282,283.3,10289,29.05,"18-Aug-2026",346,"",""
"2377","PRIMO","EQ",23.7,23.7,22.75,22.98,22.95,23.28,116805,26.95,"18-Aug-2026",1096,"",""
"2378","PRINCEPIPE","EQ",285.6,291.45,283.35,289.75,288.1,284.25,278635,802.9,"18-Aug-2026",6339,"",""
"2379","PRISMX","EQ",0.55,0.55,0.53,0.54,0.54,0.52,94707,0.51,"18-Aug-2026",108,"",""
"2380","PRITI","BE",34.5,34.5,34,34.18,34.39,34.56,8307,2.84,"18-Aug-2026",143,"",""
"2381","PRITIKAUTO","BE",17.41,17.79,17.4,17.65,17.65,17.49,83001,14.62,"18-Aug-2026",269,"",""
"2382","PRIVISCL","EQ",3444,3484.2,3409,3454.6,3466.8,3449,88946,3065.27,"18-Aug-2026",12805,"",""
"2383","PRIZOR","ST",832,870,832,839.5,843.5,840.15,11200,94.98,"18-Aug-2026",28,"",""
"2384","PRLIND","SM",43,43.6,42.4,43.55,43.55,43.05,18000,7.73,"18-Aug-2026",13,"",""
"2385","PROFX","SM",79.95,82,79.95,82,82,77,4800,3.87,"18-Aug-2026",3,"",""
"2386","PROPSHOP","SM",65.85,70,59.95,69.85,69.75,66.2,368000,250.6,"18-Aug-2026",126,"",""
"2387","PROSTARM","EQ",136.6,140.98,131.27,132.22,133,135.96,217948,294.87,"18-Aug-2026",3263,"",""
"2388","PROTEAN","EQ",550,554,543.2,551.75,551.2,548.5,153670,844.43,"18-Aug-2026",6782,"",""
"2389","PROV","SM",1900,1940,1900,1925,1925,1905,1120,21.61,"18-Aug-2026",13,"",""
"2390","PROZONER","EQ",43.9,43.9,42.1,42.32,42.1,43.5,67445,28.82,"18-Aug-2026",408,"",""
"2391","PRSMJOHNSN","EQ",105.71,106.19,104.1,104.99,104.25,105.33,279191,293.67,"18-Aug-2026",3190,"",""
"2392","PRUDENT","EQ",3352,3410,3311.1,3354.1,3365,3338,16403,550.84,"18-Aug-2026",5837,"",""
"2393","PRUDMOULI","BE",13.81,14.27,13.51,13.57,13.57,13.81,18888,2.63,"18-Aug-2026",59,"",""
"2394","PSB","EQ",23.8,23.8,23.11,23.22,23.2,23.68,1165360,272.04,"18-Aug-2026",3939,"",""
"2395","PSPPROJECT","EQ",946,960.3,937.7,942.35,940,947,50924,483.1,"18-Aug-2026",3381,"",""
"2396","PSRAJ","ST",80.3,81,79.45,81,81,83.6,17500,14,"18-Aug-2026",7,"",""
"2397","PSUBANK","EQ",87.49,87.59,86.1,86.65,86.1,87.38,85921,74.56,"18-Aug-2026",778,"",""
"2398","PSUBANKADD","EQ",88.09,88.36,87.25,87.37,87.29,88.37,41288,36.19,"18-Aug-2026",243,"",""
"2399","PSUBNKBEES","EQ",97.64,97.97,96.3,96.52,96.35,97.65,1507802,1459.14,"18-Aug-2026",6743,"",""
"2400","PSUBNKIETF","EQ",88.47,88.79,87.21,87.45,87.97,88.58,59958,52.64,"18-Aug-2026",791,"",""
"2401","PTC","EQ",160.99,162.5,158.57,158.89,158.8,160.62,1401008,2229.97,"18-Aug-2026",15696,"",""
"2402","PTCIL","EQ",20451,20453,19549,19791,19690,20584,64760,12871.91,"18-Aug-2026",18737,"",""
"2403","PTL","EQ",38.85,38.85,38.48,38.51,38.5,38.65,37055,14.29,"18-Aug-2026",470,"",""
"2404","PULZ","SM",21.9,21.9,21.35,21.35,21.35,21.9,6000,1.29,"18-Aug-2026",3,"",""
"2405","PUNJABCHEM","EQ",1125.3,1165,1116.7,1133.6,1134,1127.3,9057,103.53,"18-Aug-2026",1145,"",""
"2406","PURPLEUTED","ST",388.95,388.95,385,388.95,388.95,370.45,45000,174.84,"18-Aug-2026",98,"",""
"2407","PURVA","EQ",227.5,231.8,220.13,224.36,222.25,226.6,1104429,2467.88,"18-Aug-2026",15440,"",""
"2408","PURVFLEXI","SM",48,48.5,47.35,48.5,48.5,49.8,16000,7.59,"18-Aug-2026",19,"",""
"2409","PUSHPA","SM",114,115,114,114,114,115,8000,9.16,"18-Aug-2026",7,"",""
"2410","PVP","EQ",36.8,40.9,36.4,40.2,40.8,37.01,3330020,1305.47,"18-Aug-2026",10409,"",""
"2411","PVRINOX","EQ",1194.2,1228.8,1188.5,1198.1,1205,1192,463266,5593.46,"18-Aug-2026",29191,"",""
"2412","PVSL","EQ",114.94,119.8,114.94,118.25,118.37,115.9,32959,39.06,"18-Aug-2026",916,"",""
"2413","PVTBANIETF","EQ",27.66,27.71,27.55,27.67,27.64,27.74,1325673,366.16,"18-Aug-2026",1172,"",""
"2414","PVTBANK","EQ",27.41,27.5,27.33,27.5,27.5,27.5,1747,0.48,"18-Aug-2026",9,"",""
"2415","PVTBANKADD","EQ",27.81,27.83,27.68,27.82,27.79,27.84,38770,10.76,"18-Aug-2026",109,"",""
"2416","PVTBKGROWW","EQ",27.83,27.83,27.3,27.31,27.39,27.5,3200,0.88,"18-Aug-2026",66,"",""
"2417","PWL","EQ",119.65,125,115.65,122.05,123.3,119.97,52106492,63524.78,"18-Aug-2026",195513,"",""
"2418","PYRAMID","EQ",169,169.3,162.02,163.55,162.65,166.69,73757,121.31,"18-Aug-2026",1362,"",""
"2419","QGOLDHALF","EQ",126.74,128,126.51,126.74,126.75,126.73,158725,201.11,"18-Aug-2026",772,"",""
"2420","QLINE","SM",531.7,534,522,524.05,523,529.15,35600,188.11,"18-Aug-2026",68,"",""
"2421","QMSMEDI","BE",139.89,140.89,132.5,135.24,137,138.13,44572,61.02,"18-Aug-2026",187,"",""
"2422","QNIFTY","EQ",275.16,275.16,266.1,266.74,267,268.45,4134,11.04,"18-Aug-2026",103,"",""
"2423","QPOWER","EQ",1302.9,1357,1290,1325.1,1324.2,1302.6,369801,4880.76,"18-Aug-2026",15133,"",""
"2424","QUADFUTURE","EQ",350,353.1,338.75,341,342.8,349.35,214357,733.46,"18-Aug-2026",6142,"",""
"2425","QUAL30IETF","EQ",22.19,22.19,21.34,21.38,21.4,21.65,63621,13.63,"18-Aug-2026",418,"",""
"2426","QUALITY30","EQ",21.23,21.35,20.99,21.01,21.04,21.23,18032,3.8,"18-Aug-2026",65,"",""
"2427","QUESS","EQ",346.6,350.75,333.35,336.9,333.9,343.9,935370,3208.8,"18-Aug-2026",31915,"",""
"2428","QUESTLAB","SM",88.05,88.05,88,88.05,88,88.05,7200,6.34,"18-Aug-2026",6,"",""
"2429","QUICKHEAL","BE",151.3,151.3,143,143.89,145.8,149.41,91964,134.03,"18-Aug-2026",1074,"",""
"2430","QUICKTOUCH","SM",17.25,17.25,17.25,17.25,17.25,18.15,4000,0.69,"18-Aug-2026",7,"",""
"2431","QUINT","EQ",37.06,38.5,36,37.36,37.49,37.36,16736,6.24,"18-Aug-2026",70,"",""
"2432","QVCEL","SM",24.6,26.1,24.5,26.1,26.1,25.15,9600,2.38,"18-Aug-2026",4,"",""
"2433","RACE","EQ",102.73,104.48,101.15,103.86,103.99,102.73,1769,1.82,"18-Aug-2026",56,"",""
"2434","RACLGEAR","EQ",1350.7,1411,1348.9,1399.1,1385,1343.4,18531,256.42,"18-Aug-2026",2382,"",""
"2435","RADAAN","EQ",3.1,3.1,2.97,3.02,2.99,2.97,9545,0.29,"18-Aug-2026",57,"",""
"2436","RADHIKAJWE","EQ",68.23,68.61,65.46,66.39,66.5,67.9,588642,391.58,"18-Aug-2026",4490,"",""
"2437","RADIANTCMS","EQ",35,36.23,34.35,34.45,34.51,34.86,321650,112.88,"18-Aug-2026",3364,"",""
"2438","RADICO","EQ",4695,4732.9,4625.5,4732.9,4732.9,4693.4,413785,19385.49,"18-Aug-2026",37953,"",""
"2439","RADIOCITY","EQ",6.8,6.82,6.6,6.63,6.63,6.66,87095,5.84,"18-Aug-2026",152,"",""
"2440","RAILTEL","EQ",278.7,279.6,275,277.15,277.05,279.95,325210,901,"18-Aug-2026",9842,"",""
"2441","RAIN","EQ",205.5,208.5,200.9,203.74,204,205.91,3467534,7109.65,"18-Aug-2026",22608,"",""
"2442","RAINBOW","EQ",1475,1477.1,1453,1458.7,1455.6,1478.5,52308,765.96,"18-Aug-2026",8316,"",""
"2443","RAJESHEXPO","BZ",82.8,83,81.01,81.99,82.45,82.59,59277,48.5,"18-Aug-2026",889,"",""
"2444","RAJINDLTD","SM",67.95,70.7,67.8,69.4,68.45,66.5,10500,7.2,"18-Aug-2026",7,"",""
"2445","RAJMET","EQ",3.29,3.32,3.23,3.3,3.3,3.23,151216,4.97,"18-Aug-2026",532,"",""
"2446","RAJOOENG","BE",50.5,51.48,49,50.87,51.34,50.17,175251,88.1,"18-Aug-2026",735,"",""
"2447","RAJPALAYAM","EQ",836,849.55,836,843.4,843,827.8,447,3.77,"18-Aug-2026",51,"",""
"2448","RAJPUTANA","SM",210,210,208,208,208,215,1000,2.09,"18-Aug-2026",2,"",""
"2449","RAJRATAN","EQ",516,519,504.25,512,513,516.8,53372,272.57,"18-Aug-2026",2719,"",""
"2450","RAJRILTD","BE",22.36,22.36,21.67,22.02,22.02,21.93,10186,2.27,"18-Aug-2026",70,"",""
"2451","RAJSREESUG","EQ",34.65,36.39,34.45,34.96,34.95,34.49,153455,54.58,"18-Aug-2026",995,"",""
"2452","RAJTV","EQ",10.43,10.43,10.13,10.29,10.37,10.26,11719,1.2,"18-Aug-2026",78,"",""
"2453","RALLIS","EQ",212.81,214.17,211.2,213.27,213,213.08,556665,1186.07,"18-Aug-2026",19127,"",""
"2454","RAMANEWS","EQ",32.87,33.9,31.95,33.54,32.59,32.78,22579,7.48,"18-Aug-2026",212,"",""
"2455","RAMAPHO","EQ",120.61,122.9,120.61,121.16,121.86,121.52,6382,7.75,"18-Aug-2026",277,"",""
"2456","RAMASTEEL","BE",4.25,4.25,4.25,4.25,4.25,4.33,524201,22.28,"18-Aug-2026",1350,"",""
"2457","RAMBHAJO","EQ",181.5,183.5,178,179.25,178.5,180.97,95052,171.16,"18-Aug-2026",1425,"",""
"2458","RAMCOCEM","EQ",922.6,924.25,897.15,909.8,914.25,922.6,232980,2116.99,"18-Aug-2026",10218,"",""
"2459","RAMCOIND","EQ",354.35,356.25,342.1,344.75,347.45,353.45,178495,620.56,"18-Aug-2026",4806,"",""
"2460","RAMCOSYS","EQ",593.1,598,564.5,564.5,564.5,594.2,245543,1405.23,"18-Aug-2026",7063,"",""
"2461","RAMKY","EQ",391.2,392.95,388,391.6,391,390.05,25799,100.73,"18-Aug-2026",774,"",""
"2462","RAMRAT","EQ",467.5,478.55,451.8,472.65,475.1,467.5,158012,737.34,"18-Aug-2026",5083,"",""
"2463","RANASUG","EQ",12.97,13.62,12.9,13.3,13.25,12.9,1043110,139.17,"18-Aug-2026",2542,"",""
"2464","RANEHOLDIN","EQ",1620,1631.8,1558.1,1567.9,1574,1600.9,21338,339.05,"18-Aug-2026",2642,"",""
"2465","RAPPID","SM",305,305.9,305,305.9,305.9,306,1800,5.5,"18-Aug-2026",3,"",""
"2466","RATEGAIN","EQ",955,955.35,926.55,935.95,938,949.5,308664,2892.16,"18-Aug-2026",14916,"",""
"2467","RATNAMANI","EQ",2355,2425,2352.9,2368.6,2385,2353.6,62154,1485.51,"18-Aug-2026",16739,"",""
"2468","RATNAVEER","EQ",246.08,257.5,242.65,252.19,250.8,244.87,11984087,30164.95,"18-Aug-2026",86546,"",""
"2469","RAYMOND","EQ",649.75,658,621,625,624.2,647.85,733844,4700.77,"18-Aug-2026",21801,"",""
"2470","RAYMONDLSL","EQ",754.65,762.85,745,748.4,747.1,762.1,109781,829.41,"18-Aug-2026",8992,"",""
"2471","RAYMONDREL","EQ",575.8,583.8,574.9,578,578.7,581.05,117902,681.84,"18-Aug-2026",4032,"",""
"2472","RBA","EQ",99.8,108.41,99.5,106.34,104,99.59,17134006,17840.42,"18-Aug-2026",66117,"",""
"2473","RBLBANK","EQ",380.5,384.9,376.4,383,383,381.5,2330589,8882.23,"18-Aug-2026",26754,"",""
"2474","RBMINFRA","SM",242.05,242.9,223,229.2,232.95,240.85,27800,65.01,"18-Aug-2026",114,"",""
"2475","RBS","SM",90,94.9,89,91,91,91.4,12800,11.71,"18-Aug-2026",14,"",""
"2476","RBZJEWEL","EQ",136.19,138.84,133.5,134.58,133.5,136.19,47543,64.35,"18-Aug-2026",1264,"",""
"2477","RCDL","SM",26.5,26.5,24.3,26.15,26.3,27,30000,7.5,"18-Aug-2026",7,"",""
"2478","RCF","EQ",123,123.1,121,121.19,121.12,123.26,576015,701.98,"18-Aug-2026",7020,"",""
"2479","RCOM","BE",0.81,0.81,0.8,0.8,0.8,0.81,3203697,25.75,"18-Aug-2026",1839,"",""
"2480","READYMIX","SM",102.95,102.95,99.35,100.55,100,103.1,11000,11.09,"18-Aug-2026",10,"",""
"2481","RECLTD","EQ",340,341.85,338.5,338.5,338.5,340,5976016,20339.14,"18-Aug-2026",43338,"",""
"2482","REDINGTON","EQ",334,337.2,324,326.3,326,332.8,2030364,6663,"18-Aug-2026",41072,"",""
"2483","REDTAPE","EQ",121.35,125.3,120.84,124.71,124.94,121.66,399087,493.86,"18-Aug-2026",4940,"",""
"2484","REFEX","EQ",301,302.95,297,299.45,300.2,302.75,259732,778.18,"18-Aug-2026",5049,"",""
"2485","REFRACTORY","SM",25.8,25.8,24.25,24.95,24.95,24.8,7000,1.74,"18-Aug-2026",6,"",""
"2486","REGAAL","EQ",90.28,101.5,88.65,99.53,100,90.46,2975990,2921.27,"18-Aug-2026",21335,"",""
"2487","REGENCERAM","EQ",35.8,37.03,35.2,36.8,36.77,35.43,3751,1.35,"18-Aug-2026",75,"",""
"2488","RELAXO","EQ",394.8,397,378.15,383.95,383,391.2,345402,1325.34,"18-Aug-2026",12956,"",""
"2489","RELCHEMQ","EQ",118.8,118.9,114.03,115.51,116,115.6,3010,3.5,"18-Aug-2026",166,"",""
"2490","RELIABLE","EQ",140,142,138,140.77,138,138.74,208670,291.18,"18-Aug-2026",612,"",""
"2491","RELIANCE","EQ",1314,1328.6,1311.2,1322,1322,1316,10180567,134664.67,"18-Aug-2026",198021,"",""
"2492","RELIGARE","EQ",230,235.25,229,231.55,233,231.1,1967477,4551.98,"18-Aug-2026",13372,"",""
"2493","RELINFRA","BE",64.47,64.47,64.47,64.47,64.47,65.78,139005,89.62,"18-Aug-2026",334,"",""
"2494","RELTD","EQ",160.67,163.9,158.01,158.85,158.6,159.87,128827,207.98,"18-Aug-2026",2331,"",""
"2495","REMSONSIND","EQ",81.49,83.39,80.96,82.4,82.31,81.89,112716,92.32,"18-Aug-2026",1698,"",""
"2496","REMUS","SM",904,904,883.5,893.8,897,907.3,2800,24.99,"18-Aug-2026",27,"",""
"2497","RENUKA","EQ",23,23.92,23,23.3,23.35,23,14002263,3300.02,"18-Aug-2026",22072,"",""
"2498","REPCOHOME","EQ",349.6,352,346.45,350.1,351.55,349.6,101784,355.76,"18-Aug-2026",4185,"",""
"2499","REPL","BE",64,65,61.75,61.75,61.75,64,5133,3.22,"18-Aug-2026",67,"",""
"2500","REPRO","EQ",334.75,343.95,326.5,330.25,329.15,325.15,15316,51.26,"18-Aug-2026",1005,"",""
"2501","RESPONIND","EQ",159.68,160.22,156.41,158.09,157.99,159.01,79679,125.95,"18-Aug-2026",2070,"",""
"2502","RETAIL","EQ",18.29,18.3,17.5,18.13,18.19,18.23,2004,0.36,"18-Aug-2026",43,"",""
"2503","RGL","EQ",121.9,125.85,120.2,124.9,125.36,121.9,434403,533.58,"18-Aug-2026",4698,"",""
"2504","RHETAN","EQ",21.41,21.54,21.41,21.43,21.43,21.28,7421414,1590.2,"18-Aug-2026",2436,"",""
"2505","RHFL","BZ",1.77,1.78,1.73,1.74,1.75,1.78,435640,7.64,"18-Aug-2026",807,"",""
"2506","RHIM","EQ",375.7,381.45,372.25,380,380.5,374.25,434035,1643.46,"18-Aug-2026",9773,"",""
"2507","RHL","EQ",168,170,167,169.47,169.72,166.35,3822,6.42,"18-Aug-2026",38,"",""
"2508","RICOAUTO","EQ",132.45,137.5,132,133.32,133.2,132.9,2049113,2757.32,"18-Aug-2026",17296,"",""
"2509","RIIL","EQ",749.95,751.85,735.9,738.65,737.5,747.05,25399,188.28,"18-Aug-2026",1619,"",""
"2510","RIIT","IV",120.05,127,118.75,123.16,122.9,119.73,386144,468.94,"18-Aug-2026",2907,"",""
"2511","RILINFRA","SM",37.65,37.7,36.8,36.95,37,37.55,11000,4.08,"18-Aug-2026",44,"",""
"2512","RIR","EQ",176.8,176.8,168,170.35,170.15,173.94,139576,239.16,"18-Aug-2026",3397,"",""
"2513","RISHABH","EQ",700,703.8,651.75,665.75,665.8,694.6,711835,4764.99,"18-Aug-2026",25854,"",""
"2514","RITCO","EQ",288.05,318.4,288.05,313,314.5,292.5,381642,1191.06,"18-Aug-2026",8264,"",""
"2515","RITES","EQ",221.74,222.87,218,218.49,218.5,221.72,242345,531.72,"18-Aug-2026",7312,"",""
"2516","RKDL","EQ",18.4,18.97,18.36,18.54,18.4,18.36,1418,0.26,"18-Aug-2026",38,"",""
"2517","RKEC","EQ",24.3,24.3,22.52,22.81,22.75,23.41,59826,13.8,"18-Aug-2026",370,"",""
"2518","RKFORGE","EQ",756.35,759,745.05,754.35,750.65,755,858508,6465.86,"18-Aug-2026",26707,"",""
"2519","RKSWAMY","EQ",99.8,101.18,97.01,98.25,98.3,97.47,46662,46.47,"18-Aug-2026",924,"",""
"2520","RMC","EQ",260.05,265.85,246.9,253.85,260,259.7,89354,225.85,"18-Aug-2026",2909,"",""
"2521","RMDRIP","BE",17.26,17.65,17.19,17.27,17.34,17.87,147248,25.52,"18-Aug-2026",605,"",""
"2522","RML","EQ",1094.9,1112.9,1085,1100.1,1109.1,1084.7,10805,118.39,"18-Aug-2026",1209,"",""
"2523","RNBDENIMS","EQ",8.5,8.8,8.4,8.46,8.57,8.58,216536,18.53,"18-Aug-2026",1031,"",""
"2524","RNFI","SM",275,275,268.15,269.95,270.25,272.4,35400,95.89,"18-Aug-2026",53,"",""
"2525","RNPL","SM",80.75,80.75,80.5,80.5,80.5,78.85,3600,2.9,"18-Aug-2026",3,"",""
"2526","ROCKINGDCE","SM",163,168,160,161.7,160,167.45,7500,12.19,"18-Aug-2026",28,"",""
"2527","ROHLTD","EQ",307.4,312.8,300.65,304.55,306.4,307.7,46156,140.29,"18-Aug-2026",1343,"",""
"2528","ROLEXRINGS","EQ",180.19,182.5,175.68,177.06,176.45,179.46,2031379,3644.51,"18-Aug-2026",18621,"",""
"2529","ROLLT","BE",3.21,3.31,3.11,3.16,3.11,3.17,385304,12.31,"18-Aug-2026",242,"",""
"2530","ROML","EQ",44.06,45,44.06,44.17,44.67,44.09,2043,0.9,"18-Aug-2026",23,"",""
"2531","ROSSARI","EQ",498.6,498.9,490.8,495.9,492.2,496.15,37955,187.51,"18-Aug-2026",1906,"",""
"2532","ROSSELLIND","EQ",55.53,57.5,55.04,56.9,57,56.17,50191,28.44,"18-Aug-2026",528,"",""
"2533","ROSSTECH","EQ",1116.05,1172,1092.5,1103.55,1100,1108.9,899502,10149.82,"18-Aug-2026",59043,"",""
"2534","ROTO","EQ",65.99,66.7,65.49,66.34,66.15,65.68,226640,149.59,"18-Aug-2026",1478,"",""
"2535","ROUTE","EQ",507.3,507.5,497.2,499.45,498.05,508.6,159772,802.53,"18-Aug-2026",5767,"",""
"2536","ROXHITECH","SM",54.4,55.8,53.6,55.45,55.45,56.45,20800,11.4,"18-Aug-2026",13,"",""
"2537","ROYALARC","SM",177,177,177,177,177,176.35,8400,14.87,"18-Aug-2026",5,"",""
"2538","RPEL","EQ",1440,1518,1416.3,1495.2,1500,1430.1,116005,1718.61,"18-Aug-2026",11813,"",""
"2539","RPGLIFE","EQ",2741.3,2770,2663,2702.7,2696,2741.3,11456,312.01,"18-Aug-2026",1465,"",""
"2540","RPOWER","EQ",22.53,22.74,22.37,22.45,22.43,22.72,13059635,2933.18,"18-Aug-2026",25482,"",""
"2541","RPPINFRA","EQ",58.35,58.9,57.31,57.51,57.51,58.35,95574,55.44,"18-Aug-2026",1425,"",""
"2542","RPPL","BE",23.78,23.8,22.56,22.74,22.74,22.98,30216,6.97,"18-Aug-2026",125,"",""
"2543","RPSGVENT","EQ",888.75,890,873,875.25,875,887.25,22399,197.07,"18-Aug-2026",750,"",""
"2544","RPTECH","EQ",867.05,871.45,850,861.1,859,871.85,238708,2047.84,"18-Aug-2026",16684,"",""
"2545","RRECL","EQ",146.45,146.45,136.3,136.35,136.3,145,894,1.22,"18-Aug-2026",15,"",""
"2546","RRIL","EQ",17.12,18.29,17.12,17.94,18,17.54,16173,2.89,"18-Aug-2026",164,"",""
"2547","RRKABEL","EQ",2748.6,2870,2740.5,2784.9,2790,2748.6,698009,19650.33,"18-Aug-2026",50779,"",""
"2548","RSDFIN","BE",101.2,101.2,101.17,101.17,101.17,106.49,324,0.33,"18-Aug-2026",18,"",""
"2549","RSL","EQ",165,165.2,163.74,164.95,164.83,164.9,325012,535.78,"18-Aug-2026",3480,"",""
"2550","RSSOFTWARE","EQ",32.4,32.5,30.44,31.79,31.15,31.59,12261,3.89,"18-Aug-2026",160,"",""
"2551","RSWM","BE",196,203.05,192,200.25,202,194.52,28026,55.87,"18-Aug-2026",258,"",""
"2552","RSYSTEMS","EQ",240.1,244.95,240,242.3,241.65,240.2,141529,342.86,"18-Aug-2026",2967,"",""
"2553","RTL","SM",78,80.1,78,80.05,80.05,83.05,6000,4.76,"18-Aug-2026",3,"",""
"2554","RTNINDIA","EQ",30.47,31.45,30.2,30.67,30.66,30.48,3065043,942.79,"18-Aug-2026",11204,"",""
"2555","RTNPOWER","EQ",8.31,8.33,8.09,8.12,8.12,8.35,17010536,1390.37,"18-Aug-2026",16804,"",""
"2556","RTSPOWR","EQ",105,113,96,96.72,99.94,94.73,1720,1.71,"18-Aug-2026",67,"",""
"2557","RUBFILA","EQ",67.5,70,67.5,68.84,69.44,67.36,14395,9.91,"18-Aug-2026",318,"",""
"2558","RUBICON","EQ",1789.3,1819,1750,1804.1,1813,1798.7,687518,12306.16,"18-Aug-2026",44812,"",""
"2559","RUBYMILLS","BE",397.95,401.55,384.7,401.55,401.55,382.45,15176,60.37,"18-Aug-2026",219,"",""
"2560","RUCHINFRA","EQ",5.81,5.97,5.72,5.75,5.73,5.81,23152,1.35,"18-Aug-2026",90,"",""
"2561","RUCHIRA","EQ",102.05,105.26,102.05,104.62,104.79,102.05,37592,39.24,"18-Aug-2026",667,"",""
"2562","RUDRA","EQ",24.45,24.45,22.7,22.97,23,23.8,133806,31.3,"18-Aug-2026",601,"",""
"2563","RULKA","SM",109,112,104,109.7,109.95,109.1,9900,10.74,"18-Aug-2026",25,"",""
"2564","RUPA","EQ",148,151.68,148,149.97,150,149.1,87669,131.42,"18-Aug-2026",2722,"",""
"2565","RUSHIL","EQ",16.8,17.06,16.5,16.72,16.67,16.78,293246,49.12,"18-Aug-2026",786,"",""
"2566","RUSTOMJEE","EQ",375.1,378.25,370.2,371.9,371.1,375.1,31546,118.26,"18-Aug-2026",1778,"",""
"2567","RVHL","EQ",43.25,44.04,42.25,42.75,42.25,43.05,9554,4.11,"18-Aug-2026",103,"",""
"2568","RVNL","EQ",226.2,227.88,225,225,225,228.5,2172981,4909.53,"18-Aug-2026",23897,"",""
"2569","RVTH","EQ",747.75,762.95,717,730,730,747.7,1613,11.88,"18-Aug-2026",74,"",""
"2570","S&SPOWER","EQ",296,296,270,277.7,274.05,297.7,10586,29.26,"18-Aug-2026",459,"",""
"2571","SAAKSHI","ST",299.7,299.7,295.2,297,297,297.65,10800,32.08,"18-Aug-2026",13,"",""
"2572","SAATVIKGL","EQ",405.65,417.95,399.45,401.45,402.1,402.65,133321,542.87,"18-Aug-2026",3870,"",""
"2573","SACHEEROME","SM",469,503.95,465,488.65,488.35,466.45,51600,251.36,"18-Aug-2026",135,"",""
"2574","SADBHAV","EQ",8.26,8.44,7.85,7.95,7.95,8.26,326564,26.33,"18-Aug-2026",731,"",""
"2575","SADBHIN","BE",2.75,2.9,2.72,2.84,2.83,2.81,176606,4.94,"18-Aug-2026",210,"",""
"2576","SADHAV","SM",116.25,120,114.5,118.05,120,116.25,21600,25.23,"18-Aug-2026",34,"",""
"2577","SADHNANIQ","BE",3.08,3.08,3.03,3.03,3.03,3.09,1273284,38.72,"18-Aug-2026",436,"",""
"2578","SAFARI","EQ",1497.3,1511.9,1477,1482.8,1485,1497.3,16308,242.77,"18-Aug-2026",3567,"",""
"2579","SAFEENTP","SM",260,260,253.2,256.1,255.7,254.75,17500,45.05,"18-Aug-2026",33,"",""
"2580","SAGARDEEP","EQ",24.4,24.4,23.63,23.7,23.65,24.02,1693,0.4,"18-Aug-2026",59,"",""
"2581","SAGCEM","EQ",169,172.78,167.9,168.29,168,169.01,20803,35.11,"18-Aug-2026",672,"",""
"2582","SAGILITY","EQ",42.41,42.77,41.92,42.16,42.25,42.4,11644898,4919.73,"18-Aug-2026",36893,"",""
"2583","SAHAJSOLAR","SM",105,107.8,105,105.3,105,105.25,12000,12.69,"18-Aug-2026",27,"",""
"2584","SAHANA","SM",785.85,815,782,814.05,814,785.85,22800,182.3,"18-Aug-2026",129,"",""
"2585","SAHASRA","ST",319.8,320,313.1,313.25,313.1,319.95,21600,68.35,"18-Aug-2026",50,"",""
"2586","SAHLIBHFI","EQ",72.5,72.5,69.3,70,70.98,72,12590,8.89,"18-Aug-2026",165,"",""
"2587","SAHYADRI","EQ",388,393.95,374,375.55,376,388.15,20137,76.66,"18-Aug-2026",1357,"",""
"2588","SAICAPI","EQ",149,154.95,148,151.33,149.1,149.95,247,0.37,"18-Aug-2026",25,"",""
"2589","SAIFL","SM",4.95,5.05,4.95,5,5,5,60000,3,"18-Aug-2026",14,"",""
"2590","SAIL","EQ",173.5,174.67,169.86,170.2,170.2,173.6,11053548,18970.26,"18-Aug-2026",64553,"",""
"2591","SAILIFE","EQ",1428.8,1473,1423.5,1440.1,1443.4,1416.4,450784,6519.68,"18-Aug-2026",34508,"",""
"2592","SAIPARENT","EQ",558.95,558.95,540.6,542.05,543.8,551.95,60708,330.73,"18-Aug-2026",2666,"",""
"2593","SAJHOTELS","ST",42,42,42,42,42,42.55,2000,0.84,"18-Aug-2026",1,"",""
"2594","SAKAR","EQ",902.45,902.8,878,893.7,899,905.35,61515,546.82,"18-Aug-2026",3960,"",""
"2595","SAKHTISUG","EQ",17.75,18.75,17.65,18.39,18.29,17.63,482690,88.51,"18-Aug-2026",1670,"",""
"2596","SAKSOFT","EQ",165,167.78,162.21,166.36,165.81,164.95,440873,725.51,"18-Aug-2026",7473,"",""
"2597","SAKUMA","EQ",1.6,1.62,1.54,1.57,1.58,1.6,1115173,17.57,"18-Aug-2026",1008,"",""
"2598","SALASAR","EQ",6.04,6.17,5.99,6.07,6.09,6.07,5174251,314.29,"18-Aug-2026",4362,"",""
"2599","SALONA","EQ",259.91,274.99,259.91,269.49,271,261.21,1477,3.95,"18-Aug-2026",80,"",""
"2600","SALSTEEL","EQ",74,75.9,71.1,72.02,71.7,71.87,1744512,1283.22,"18-Aug-2026",12181,"",""
"2601","SALZERELEC","EQ",573.45,578.5,566,568.1,570.95,570.3,31402,178.73,"18-Aug-2026",1600,"",""
"2602","SAMBHAAV","EQ",6.48,6.5,6.25,6.36,6.36,6.35,26679,1.71,"18-Aug-2026",100,"",""
"2603","SAMBHV","EQ",120,124.9,119.52,124.34,124.21,119.88,1781158,2194.04,"18-Aug-2026",12351,"",""
"2604","SAMHI","EQ",159,161.24,158.6,160.03,159.4,159.41,438145,700.65,"18-Aug-2026",5658,"",""
"2605","SAMMAANCAP","EQ",153.33,153.95,145,150.23,149.59,153.33,23129231,34553.73,"18-Aug-2026",93547,"",""
"2606","SAMPANN","EQ",26.8,26.8,25.97,26.42,26.47,26.3,14006,3.69,"18-Aug-2026",110,"",""
"2607","SANATHAN","EQ",461.05,463.45,449.75,454.6,457.9,463.5,48969,223.53,"18-Aug-2026",4898,"",""
"2608","SANDESH","EQ",1080.9,1094.95,1060,1060.5,1060,1081.85,1700,18.17,"18-Aug-2026",185,"",""
"2609","SANDHAR","EQ",633,639.8,625,631.8,631,632.55,91956,580.24,"18-Aug-2026",4626,"",""
"2610","SANDUMA","EQ",201,203.4,199.21,200,199.5,200.89,287962,578.23,"18-Aug-2026",5046,"",""
"2611","SANGAMIND","EQ",586.2,600.8,584,588.75,586.7,592.45,15927,93.9,"18-Aug-2026",900,"",""
"2612","SANGHVIMOV","EQ",508,522.9,504.05,520.75,521.85,506.95,312166,1608.56,"18-Aug-2026",12913,"",""
"2613","SANGINITA","BE",59.53,59.53,59.53,59.53,59.53,56.7,31343,18.66,"18-Aug-2026",113,"",""
"2614","SANOFI","EQ",3197.4,3258,3178.1,3242.1,3247,3197.4,13116,422.49,"18-Aug-2026",3183,"",""
"2615","SANOFICONR","EQ",4384.8,4384.8,4311,4336.6,4328,4363,2260,98.07,"18-Aug-2026",748,"",""
"2616","SANSERA","EQ",4000,4040.4,3942.5,4003.2,3990,4002,172483,6900.85,"18-Aug-2026",25166,"",""
"2617","SANSTAR","EQ",109.03,110.19,106.91,107.29,106.95,109.19,136937,148.18,"18-Aug-2026",2258,"",""
"2618","SANWARIA","BZ",0.2,0.2,0.19,0.19,0.2,0.19,992931,1.97,"18-Aug-2026",214,"",""
"2619","SAPPHIRE","EQ",234.5,234.9,229.05,231.99,230.67,234.68,890093,2062.83,"18-Aug-2026",24356,"",""
"2620","SAPPL","EQ",304.95,309,286.75,288.1,290,289.5,1405,4.15,"18-Aug-2026",77,"",""
"2621","SARDAEN","EQ",522.7,524,516.2,518.15,517,521.15,215053,1118.75,"18-Aug-2026",7567,"",""
"2622","SAREGAMA","EQ",520.1,524.8,512,513.95,513,523.4,332669,1716.13,"18-Aug-2026",14343,"",""
"2623","SARLAPOLY","EQ",101.8,102.88,100,101.22,101.25,101.61,65712,66.5,"18-Aug-2026",775,"",""
"2624","SARTELE","SM",102.5,102.5,98.8,99.55,100.5,100.9,101000,101.47,"18-Aug-2026",163,"",""
"2625","SARVESHWAR","EQ",3.5,3.5,3.42,3.43,3.43,3.5,690456,23.8,"18-Aug-2026",1169,"",""
"2626","SASKEN","EQ",1919.5,1960,1910.4,1943,1921,1919.5,11305,218.33,"18-Aug-2026",1800,"",""
"2627","SATECH","SM",33.3,33.8,32.6,32.85,32.6,35.6,13000,4.31,"18-Aug-2026",12,"",""
"2628","SATIA","EQ",59.99,60.47,58,58.56,58.23,59.24,102820,60.75,"18-Aug-2026",1737,"",""
"2629","SATIN","EQ",228.73,230.6,223.91,228.79,230.6,228.73,318091,724.79,"18-Aug-2026",5400,"",""
"2630","SATKARTAR","SM",122,122,118,121.05,121,122,10400,12.46,"18-Aug-2026",12,"",""
"2631","SATTVAENGG","SM",75,75,74.95,74.95,74.95,73.95,4800,3.6,"18-Aug-2026",3,"",""
"2632","SAURASHCEM","EQ",59.06,59.5,58,58.72,58.99,58.72,76942,45.16,"18-Aug-2026",1006,"",""
"2633","SAVY","SM",135,135,125,126,125,132,6000,7.76,"18-Aug-2026",5,"",""
"2634","SAWALIYA","SM",285,287,279.05,279.05,279.05,281.7,61800,174.12,"18-Aug-2026",56,"",""
"2635","SAYAJIHOTL","EQ",315,315.4,310,315.4,315.4,310.3,93,0.29,"18-Aug-2026",12,"",""
"2636","SAYAJIIND","EQ",114.8,115.36,109.7,109.7,109.7,114.8,1038,1.16,"18-Aug-2026",198,"",""
"2637","SBC","EQ",38.65,39,38.56,38.66,38.7,38.75,6977822,2701.62,"18-Aug-2026",5171,"",""
"2638","SBCL","EQ",1029.65,1049,1015.9,1026.85,1022.65,1024.6,215379,2227,"18-Aug-2026",16571,"",""
"2639","SBFC","EQ",93.17,94.53,93.17,93.67,93.55,93.95,582128,546.25,"18-Aug-2026",8991,"",""
"2640","SBGLP","EQ",24.95,25.77,24.9,25.25,24.9,24.95,27925,7.02,"18-Aug-2026",127,"",""
"2641","SBIBPB","EQ",51.65,51.65,49.55,50.26,50.15,50.65,73923,37.1,"18-Aug-2026",365,"",""
"2642","SBICARD","EQ",642,643.15,613.9,615,615,641.75,2769735,17249.66,"18-Aug-2026",58441,"",""
"2643","SBIETFCON","EQ",123.46,125.01,123.46,124.78,124.86,125.45,1382,1.72,"18-Aug-2026",93,"",""
"2644","SBIETFIT","EQ",339.85,340.15,335.31,336.34,337.09,341.85,11036,37.17,"18-Aug-2026",309,"",""
"2645","SBIETFPB","EQ",279.84,282,277.57,278.01,277.58,279.02,25021,69.69,"18-Aug-2026",87,"",""
"2646","SBIETFQLTY","EQ",227.6,227.6,224.75,225.4,225.39,227.61,2405,5.43,"18-Aug-2026",57,"",""
"2647","SBIFUNDS","EQ",556.5,562.35,552,554.85,553.9,557.25,1616546,8975.32,"18-Aug-2026",42268,"",""
"2648","SBILIFE","EQ",1789,1796.5,1762.5,1778,1778,1790.4,584461,10416.04,"18-Aug-2026",32001,"",""
"2649","SBILIQETF","EQ",1052.12,1052.26,1052.12,1052.25,1052.26,1052.12,73786,776.42,"18-Aug-2026",88,"",""
"2650","SBIMIDMOM","EQ",64.3,64.34,63.89,64.28,64.26,64.38,263065,168.9,"18-Aug-2026",181,"",""
"2651","SBIN","EQ",1059.6,1067.7,1053,1053,1053,1061.2,5583771,59010.49,"18-Aug-2026",152004,"",""
"2652","SBINEQWETF","EQ",34.1,34.25,33.5,33.69,33.72,33.94,25251,8.51,"18-Aug-2026",215,"",""
"2653","SBINMID150","EQ",23.47,23.56,23.39,23.55,23.56,23.47,7216,1.69,"18-Aug-2026",99,"",""
"2654","SBISILVER","EQ",231.49,231.49,226.56,227.17,227.3,229.2,595004,1352.11,"18-Aug-2026",4487,"",""
"2655","SBISMLETF","EQ",18.67,18.67,18.32,18.37,18.47,18.36,49591,9.13,"18-Aug-2026",217,"",""
"2656","SBIVALETF","EQ",14.98,14.98,14.8,14.81,14.88,14.91,5779,0.86,"18-Aug-2026",41,"",""
"2657","SCANSTL","BE",60.52,65.25,59.53,62.69,63,62.23,141316,89.31,"18-Aug-2026",355,"",""
"2658","SCHAEFFLER","EQ",4013.2,4099.9,4012.6,4073.3,4075.3,4028.9,107257,4357.29,"18-Aug-2026",26614,"",""
"2659","SCHAND","EQ",138.9,138.9,134.9,137.1,136.26,137.86,47191,64.49,"18-Aug-2026",1271,"",""
"2660","SCHNEIDER","EQ",1212.2,1279.9,1212.2,1274.4,1279,1212.2,1205149,15212.72,"18-Aug-2026",47025,"",""
"2661","SCI","EQ",285,297.45,284.1,295.75,296.6,286.4,2739647,8005.54,"18-Aug-2026",38031,"",""
"2662","SCILAL","EQ",40,40.79,39.62,40.52,40.4,40.19,261924,105.28,"18-Aug-2026",1385,"",""
"2663","SCML","SM",82.5,85,82.5,83.5,83.5,84.25,56000,46.64,"18-Aug-2026",41,"",""
"2664","SCODATUBES","EQ",129.15,132,128,128.91,128.98,129.68,165867,215.52,"18-Aug-2026",2303,"",""
"2665","SCPL","EQ",654.55,672.65,640,662.65,665.5,657.95,63625,415.61,"18-Aug-2026",2506,"",""
"2666","SDBL","EQ",73.28,74.99,72.9,74,74.02,73.43,534803,395.59,"18-Aug-2026",4072,"",""
"2667","SDREAMS","SM",85,85,81,81.6,81,83,7000,5.75,"18-Aug-2026",6,"",""
"2668","SEAMECLTD","EQ",1561.2,1599,1560.4,1574.7,1579.9,1561.1,59689,942.67,"18-Aug-2026",5010,"",""
"2669","SECMARK","EQ",125,126.5,124.5,124.97,125,127.66,261,0.33,"18-Aug-2026",10,"",""
"2670","SECURKLOUD","EQ",18.2,18.58,17.36,18.08,18,17.92,11289,2.02,"18-Aug-2026",169,"",""
"2671","SEDEMAC","EQ",3268,3319.9,3215.7,3244.7,3235.8,3240.2,116045,3785.13,"18-Aug-2026",20500,"",""
"2672","SEIL","EQ",211.03,211.36,204.51,205.69,205.1,211.03,136463,281.96,"18-Aug-2026",1832,"",""
"2673","SEJALLTD","EQ",684,700,671.95,679.25,684,682.2,5304,36.13,"18-Aug-2026",583,"",""
"2674","SEKURITIND","EQ",118.2,124.65,117.1,121.66,120.8,117.61,43443,52.72,"18-Aug-2026",540,"",""
"2675","SEL","SM",314,314,298.3,304.75,305,314,9800,29.45,"18-Aug-2026",38,"",""
"2676","SELECTIPO","EQ",48.44,48.47,48.24,48.38,48.36,48.42,34245,16.57,"18-Aug-2026",123,"",""
"2677","SELLOWRAP","SM",68,69,66,69,69,68,4800,3.25,"18-Aug-2026",3,"",""
"2678","SELMC","EQ",29.97,29.97,27.37,27.74,27.63,27.21,18881,5.42,"18-Aug-2026",209,"",""
"2679","SEMAC","EQ",307.05,308.4,296.1,299.35,303.95,310.95,714,2.15,"18-Aug-2026",72,"",""
"2680","SENCO","EQ",341.9,343.9,335.75,336.75,336.65,341.55,622417,2106.91,"18-Aug-2026",13697,"",""
"2681","SENORES","EQ",1549.7,1562.9,1525.5,1537.5,1531,1545.7,238950,3689.12,"18-Aug-2026",24041,"",""
"2682","SENSEXADD","EQ",80.9,80.9,79.72,79.77,79.77,80.32,911,0.73,"18-Aug-2026",21,"",""
"2683","SENSEXAXIS","EQ",79.07,81.5,78.83,79.72,79.69,81.1,3511,2.83,"18-Aug-2026",105,"",""
"2684","SENSEXBETA","EQ",858,862,856,858.23,857,857.51,462,3.97,"18-Aug-2026",123,"",""
"2685","SENSEXETF","EQ",80.31,80.31,79.74,80.05,79.81,80.32,32090,25.69,"18-Aug-2026",233,"",""
"2686","SENSEXIETF","EQ",892.37,893.6,890,891.09,891.05,896.91,7037,62.72,"18-Aug-2026",352,"",""
"2687","SEPC","EQ",5.85,5.89,5.75,5.77,5.77,5.85,6799535,394.09,"18-Aug-2026",5282,"",""
"2688","SERVOTECH","EQ",82.55,84.9,81.96,82.19,82,82.55,538948,447.43,"18-Aug-2026",5027,"",""
"2689","SESHAPAPER","EQ",230,232.24,225.23,228.87,231,227.28,41361,94.83,"18-Aug-2026",1313,"",""
"2690","SETCO","BE",17.5,17.5,17.15,17.16,17.16,17.5,121251,20.83,"18-Aug-2026",111,"",""
"2691","SETF10GILT","EQ",265.22,266.72,265.01,265.39,265.4,266.01,1990,5.28,"18-Aug-2026",33,"",""
"2692","SETFGOLD","EQ",127.2,131.4,127.2,130.38,130.39,130.47,2779431,3623.49,"18-Aug-2026",7836,"",""
"2693","SETFNIF50","EQ",269.28,269.28,260.6,260.94,261,262.72,421677,1101.19,"18-Aug-2026",8275,"",""
"2694","SETFNIFBK","EQ",592.55,593.74,588.46,589.97,590.7,593.59,43554,257.25,"18-Aug-2026",672,"",""
"2695","SETFNN50","EQ",821.02,821.02,796.44,798.66,799,801,44912,358.54,"18-Aug-2026",2353,"",""
"2696","SETL","EQ",310,313.8,298.55,308.85,309,308.7,871096,2676.93,"18-Aug-2026",11640,"",""
"2697","SETUINFRA","BZ",0.43,0.43,0.41,0.43,0.43,0.41,120406,0.52,"18-Aug-2026",81,"",""
"2698","SEYAIND","BE",12.72,12.72,12.28,12.44,12.4,12.48,5392,0.68,"18-Aug-2026",36,"",""
"2699","SFL","EQ",675.1,680,661.9,668.8,664,675.1,154723,1033.5,"18-Aug-2026",12910,"",""
"2700","SFML","SM",21.5,21.5,21.5,21.5,21.5,21.5,1600,0.34,"18-Aug-2026",1,"",""
"2701","SGBAPR28I","GB",15239.09,15300,15239.09,15259.27,15252.01,15239.09,152,23.19,"18-Aug-2026",38,"",""
"2702","SGBAUG27","GB",15165,15250,15165,15200,15200,15168.26,44,6.7,"18-Aug-2026",17,"",""
"2703","SGBAUG28V","GB",15131,15235,15121,15207.1,15201,15161.04,1161,176.24,"18-Aug-2026",136,"",""
"2704","SGBAUG29V","GB",15148.26,15276,15113.01,15230,15230,15148.26,106,16.12,"18-Aug-2026",34,"",""
"2705","SGBAUG30","GB",15224,15299.99,15216,15286.37,15299.99,15224,198,30.21,"18-Aug-2026",63,"",""
"2706","SGBD29VIII","GB",15177,15255,15177,15218.75,15216.01,15177.54,162,24.66,"18-Aug-2026",35,"",""
"2707","SGBDE30III","GB",15232.77,15294,15111,15250.5,15250,15232.77,232,35.35,"18-Aug-2026",50,"",""
"2708","SGBDE31III","GB",15474.11,15474.11,15350,15431.58,15443.99,15397.12,1399,215.74,"18-Aug-2026",178,"",""
"2709","SGBFEB27","GB",15149,15149,15149,15149,15149,15169.55,3,0.45,"18-Aug-2026",2,"",""
"2710","SGBFEB28IX","GB",15148,15200,15148,15199,15199,15148,5,0.76,"18-Aug-2026",4,"",""
"2711","SGBFEB29XI","GB",15105.01,15202.66,15105.01,15202.66,15202.66,15142.34,79,11.97,"18-Aug-2026",20,"",""
"2712","SGBFEB32IV","GB",15386.32,15554,15386.32,15551.35,15554,15463.64,1687,261.37,"18-Aug-2026",267,"",""
"2713","SGBJAN27","GB",15196.9,15196.9,15196.9,15196.9,15196.9,15074.5,3,0.46,"18-Aug-2026",2,"",""
"2714","SGBJAN29IX","GB",15199,15250,15126,15242.79,15250,15141.84,153,23.25,"18-Aug-2026",24,"",""
"2715","SGBJAN29X","GB",15135,15259,15135,15248.63,15259,15135,64,9.73,"18-Aug-2026",17,"",""
"2716","SGBJAN30IX","GB",15188,15263.94,15120.99,15200.55,15201.01,15187.88,194,29.48,"18-Aug-2026",44,"",""
"2717","SGBJU29III","GB",15111,15270,15111,15233.51,15200.01,15154.5,144,21.93,"18-Aug-2026",25,"",""
"2718","SGBJUL27","GB",15020,15170,15020,15170,15170,15189.99,2,0.3,"18-Aug-2026",2,"",""
"2719","SGBJUL28IV","GB",15137.98,15239,15101,15222.75,15239,15137.98,235,35.65,"18-Aug-2026",42,"",""
"2720","SGBJUL29IV","GB",15149.68,15240,15149.68,15187.55,15200,15149.68,175,26.6,"18-Aug-2026",32,"",""
"2721","SGBJUN27","GB",15221,15221,15221,15221,15221,15148.68,1,0.15,"18-Aug-2026",1,"",""
"2722","SGBJUN28","GB",15145,15250,15101,15222.45,15250,15145.98,91,13.83,"18-Aug-2026",29,"",""
"2723","SGBJUN29II","GB",15168.9,15249,15153,15241.5,15249,15168.89,118,17.95,"18-Aug-2026",14,"",""
"2724","SGBJUN30","GB",15201,15296,15165,15285.12,15251,15201,222,33.84,"18-Aug-2026",53,"",""
"2725","SGBJUN31I","GB",15171,15350,15171,15337.48,15350,15281.84,340,51.97,"18-Aug-2026",98,"",""
"2726","SGBMAR28X","GB",15379.99,15397,15350,15397,15397,15335,162,24.92,"18-Aug-2026",6,"",""
"2727","SGBMAR30X","GB",15225,15300,15165,15241.48,15240,15225,481,73.24,"18-Aug-2026",46,"",""
"2728","SGBMAR31IV","GB",15289,15360,15260,15345.06,15350,15283.42,117,17.94,"18-Aug-2026",27,"",""
"2729","SGBMAY28","GB",15101,15270,15101,15256.99,15257,15187.78,956,145.67,"18-Aug-2026",55,"",""
"2730","SGBMAY29I","GB",15171.8,15259.98,15166,15244.54,15241,15170.88,534,81.28,"18-Aug-2026",94,"",""
"2731","SGBMR29XII","GB",15310,15400,15310,15393.21,15390,15362.85,284,43.69,"18-Aug-2026",31,"",""
"2732","SGBN28VIII","GB",15150,15269.85,15150,15232.99,15240,15157,91,13.86,"18-Aug-2026",29,"",""
"2733","SGBNOV26","GB",15150,15270,15125,15270,15270,15150,13,1.98,"18-Aug-2026",6,"",""
"2734","SGBNV29VII","GB",15175,15272.4,15151,15259.9,15260,15186.83,360,54.8,"18-Aug-2026",30,"",""
"2735","SGBOC28VII","GB",15250,15300,15201,15250.01,15250.01,15260,605,92.22,"18-Aug-2026",50,"",""
"2736","SGBOCT26","GB",15200,15225,15200,15225,15225,15200,17,2.58,"18-Aug-2026",6,"",""
"2737","SGBOCT27","GB",15250.01,15300,15250.01,15300,15300,15250,3,0.46,"18-Aug-2026",3,"",""
"2738","SGBSEP27","GB",15398.99,15399,15398.99,15399,15399,15360,42,6.47,"18-Aug-2026",2,"",""
"2739","SGBSEP28VI","GB",15367,15480,15350,15369,15355,15367.63,426,65.45,"18-Aug-2026",59,"",""
"2740","SGBSEP29VI","GB",15305.02,15398,15305.02,15384.33,15390,15342.27,278,42.68,"18-Aug-2026",32,"",""
"2741","SGBSEP31II","GB",15330,15445,15301.01,15414.46,15428.99,15336.62,959,147.22,"18-Aug-2026",186,"",""
"2742","SGFIN","EQ",658.2,675,658.2,668.45,670,660.25,194499,1302.07,"18-Aug-2026",7075,"",""
"2743","SGIL","EQ",550.2,559.8,550,551.2,551,549.65,14203,78.46,"18-Aug-2026",456,"",""
"2744","SGL","EQ",9.65,9.95,9.6,9.81,9.8,9.91,2558,0.25,"18-Aug-2026",45,"",""
"2745","SGLRES","EQ",2.59,2.65,2.47,2.47,2.47,2.59,17830,0.45,"18-Aug-2026",77,"",""
"2746","SGMART","EQ",750.65,809,744,804.95,804.15,752.3,907346,7088.84,"18-Aug-2026",26848,"",""
"2747","SGRL","EQ",512,542,512,524.2,515.5,537,7976,42.12,"18-Aug-2026",337,"",""
"2748","SHADOWFAX","EQ",259.3,262.7,252.48,257.38,257.26,258.6,5282600,13659.41,"18-Aug-2026",39235,"",""
"2749","SHAH","EQ",4.02,4.1,3.93,3.96,4.03,4.03,2802292,111.87,"18-Aug-2026",2376,"",""
"2750","SHAHALLOYS","EQ",77.26,88.37,74.1,78.58,78,74.89,666283,554.29,"18-Aug-2026",5208,"",""
"2751","SHAILY","EQ",3395,3450,3350,3373.7,3365,3396.3,67126,2270.22,"18-Aug-2026",12388,"",""
"2752","SHAKTIPUMP","EQ",502,504.15,497,498.35,499,503.2,214342,1069.45,"18-Aug-2026",9787,"",""
"2753","SHALBY","EQ",152.26,156.2,151.25,152.7,152.4,153.16,31754,48.6,"18-Aug-2026",732,"",""
"2754","SHALPAINTS","BE",86.88,89.9,86.88,86.88,86.88,91.45,360052,314.24,"18-Aug-2026",910,"",""
"2755","SHANKARA","EQ",141.11,142,141.01,141.52,141.5,141.1,57697,81.55,"18-Aug-2026",338,"",""
"2756","SHANTI","EQ",6.55,6.55,6.2,6.49,6.5,6.33,81520,5.22,"18-Aug-2026",101,"",""
"2757","SHANTI-RE","BE",44,44,25.65,28.49,27.81,32.92,178506,56.86,"18-Aug-2026",1865,"",""
"2758","SHANTIGEAR","EQ",391.2,396.3,384,388.95,390,393.35,17195,66.94,"18-Aug-2026",1079,"",""
"2759","SHANTIGOLD","EQ",269,269.97,251.21,253.85,254.15,266.84,2594669,6682.1,"18-Aug-2026",33428,"",""
"2760","SHARDACROP","EQ",789.9,794.7,770.05,771.1,773.5,787.1,168472,1306.19,"18-Aug-2026",9139,"",""
"2761","SHARDAMOTR","EQ",909,938.45,903.55,936.2,937.95,909.5,90044,836.04,"18-Aug-2026",7523,"",""
"2762","SHARDUL","BE",55.99,55.99,53.51,53.93,53.9,54.9,32560,17.89,"18-Aug-2026",188,"",""
"2763","SHAREINDIA","EQ",173.74,178.79,171.21,178.08,177.5,174.96,753662,1325.09,"18-Aug-2026",6775,"",""
"2764","SHARIABEES","EQ",470.92,470.92,459.03,460.1,462,466.26,10637,48.96,"18-Aug-2026",627,"",""
"2765","SHBAJRG","EQ",184,184,175.99,177.13,179.47,181.14,1640,2.89,"18-Aug-2026",39,"",""
"2766","SHEEL","ST",63.95,63.95,63.85,63.9,63.9,64,10000,6.39,"18-Aug-2026",5,"",""
"2767","SHEETAL","SM",323,323,315,315.25,315.5,323.75,2000,6.38,"18-Aug-2026",4,"",""
"2768","SHEKHAWATI","BE",17.51,19.19,17.47,18.71,19,18.38,26367,4.89,"18-Aug-2026",133,"",""
"2769","SHEMAROO","BE",128.9,131.45,125.32,127.02,127.02,129.1,4619,5.9,"18-Aug-2026",41,"",""
"2770","SHERA","ST",181.95,185.85,177.55,179.9,183,177,85000,155.74,"18-Aug-2026",84,"",""
"2771","SHERVANI","EQ",302.3,336.95,302.3,307.55,336.95,348.1,229,0.7,"18-Aug-2026",35,"",""
"2772","SHETHJI","ST",167,169.4,164.15,165.9,169.4,167.3,13000,21.6,"18-Aug-2026",12,"",""
"2773","SHIGAN","SM",60.2,64.9,60.2,64.9,64.9,62,4500,2.85,"18-Aug-2026",3,"",""
"2774","SHILCTECH","EQ",3861,3970,3861,3944,3944,3871,29079,1142.27,"18-Aug-2026",5918,"",""
"2775","SHILGRAVQ","EQ",164,164,158.12,161.89,158.12,158,1506,2.45,"18-Aug-2026",16,"",""
"2776","SHILPAMED","EQ",808,823,807.8,809.8,811.5,809.3,606331,4941.78,"18-Aug-2026",24481,"",""
"2777","SHINDL","EQ",162.29,162.29,159.05,159.21,159.1,161.84,4367,7,"18-Aug-2026",93,"",""
"2778","SHIVAAGRO","EQ",45.9,45.9,37.01,40.18,37.26,38.3,6782,2.7,"18-Aug-2026",240,"",""
"2779","SHIVACEM","EQ",17.15,17.15,16.55,16.8,16.9,17.21,34643,5.83,"18-Aug-2026",106,"",""
"2780","SHIVALIK","BE",241.9,251,241.87,243.96,242.5,254.6,38788,94.15,"18-Aug-2026",496,"",""
"2781","SHIVAMAUTO","BE",16.25,16.25,15.55,15.67,15.8,16.23,37443,5.95,"18-Aug-2026",162,"",""
"2782","SHIVAMILLS","EQ",63.2,63.2,60.25,60.7,60.7,60.28,536,0.33,"18-Aug-2026",27,"",""
"2783","SHIVASHRIT","SM",125,125,119.9,121.95,121.95,125,33000,39.81,"18-Aug-2026",16,"",""
"2784","SHIVATEX","EQ",163.6,169.98,162.18,165.86,165,161.88,3052,5.04,"18-Aug-2026",59,"",""
"2785","SHIVAUM","EQ",446,448.95,442,442,442,445.1,1075,4.78,"18-Aug-2026",40,"",""
"2786","SHK","EQ",163.99,165,158.12,159.48,159.88,164.25,591761,950.48,"18-Aug-2026",8892,"",""
"2787","SHKSIL","SM",37.5,37.5,35.95,36.05,36,37.5,22000,7.96,"18-Aug-2026",10,"",""
"2788","SHOPERSTOP","EQ",437.2,437.2,428,429.55,428.2,432.05,16934,73.01,"18-Aug-2026",1545,"",""
"2789","SHRADDHA","EQ",164.95,165,153.5,155,155,150.71,3737,5.88,"18-Aug-2026",96,"",""
"2790","SHRADHA","EQ",34.94,34.94,33.45,33.78,33.56,34.14,14679,4.97,"18-Aug-2026",80,"",""
"2791","SHREDIGCEM","EQ",70.1,71.9,70,70.3,70.07,70.47,87311,61.83,"18-Aug-2026",865,"",""
"2792","SHREECEM","EQ",24625,24935,24545,24725,24725,24535,39655,9790.61,"18-Aug-2026",10716,"",""
"2793","SHREEDHAR","ST",117.5,117.5,115,115,115,117.5,4000,4.65,"18-Aug-2026",2,"",""
"2794","SHREEJISPG","EQ",608,633.85,595.45,625.85,624.5,601.8,1716015,10647.3,"18-Aug-2026",17366,"",""
"2795","SHREEKARNI","SM",329,358,329,355.25,356,322.05,20850,72.8,"18-Aug-2026",52,"",""
"2796","SHREEOSFM","SM",58,58,58,58,58,59,3000,1.74,"18-Aug-2026",3,"",""
"2797","SHREEPUSHK","EQ",376.35,380.1,375.15,376.9,375.35,376.35,15558,58.7,"18-Aug-2026",567,"",""
"2798","SHREERAMA","EQ",47.1,48.92,45.49,46.34,46.34,46.28,192506,91.07,"18-Aug-2026",2186,"",""
"2799","SHREMINVIT","IV",102,102.01,102,102.01,102.01,101,75000,76.5,"18-Aug-2026",3,"",""
"2800","SHRENIK","BZ",0.32,0.32,0.3,0.3,0.31,0.31,603913,1.83,"18-Aug-2026",204,"",""
"2801","SHREYANIND","EQ",133,134.89,130.12,131.39,132.3,130.22,4857,6.38,"18-Aug-2026",97,"",""
"2802","SHRIAHIMSA","ST",401,404.75,401,401,401,399.9,9000,36.22,"18-Aug-2026",13,"",""
"2803","SHRIKANHA","SM",21.7,21.7,21.55,21.55,21.55,21.7,3200,0.69,"18-Aug-2026",2,"",""
"2804","SHRIKRISH","EQ",38.55,38.97,38,38.46,38.2,40.3,709,0.27,"18-Aug-2026",12,"",""
"2805","SHRINGARMS","EQ",227,229.69,224,224.93,224.69,227.24,289461,657.67,"18-Aug-2026",2209,"",""
"2806","SHRIPISTON","EQ",4500,4589,4410.2,4509.1,4500,4436.6,130497,5866.94,"18-Aug-2026",23747,"",""
"2807","SHRIRAMFIN","EQ",1114,1124.9,1098.6,1108.4,1108.4,1122,2672734,29678.73,"18-Aug-2026",99962,"",""
"2808","SHRIRAMPPS","EQ",76.5,79.49,76.5,77.98,77.8,76.27,341416,264.59,"18-Aug-2026",3134,"",""
"2809","SHRITECH","SM",58.5,58.5,58.5,58.5,58.5,61.9,4000,2.34,"18-Aug-2026",2,"",""
"2810","SHRJAGP","EQ",701.05,751.95,686,700.8,686,728.5,589,4.25,"18-Aug-2026",77,"",""
"2811","SHUBHLAXMI","SM",19.2,19.2,19.2,19.2,19.2,19.2,1000,0.19,"18-Aug-2026",1,"",""
"2812","SHUBHSHREE","SM",320,330,320,330,330,328,600,1.95,"18-Aug-2026",2,"",""
"2813","SHUKRAPHAR","EQ",42.48,42.78,41.51,41.55,41.51,41.44,1250990,521.84,"18-Aug-2026",2294,"",""
"2814","SHYAMCENT","BE",4.83,5.07,4.76,5.05,5.07,4.83,55125,2.74,"18-Aug-2026",123,"",""
"2815","SHYAMDHANI","ST",56,57.55,55.1,55.1,55.1,56,26000,14.62,"18-Aug-2026",12,"",""
"2816","SHYAMMETL","EQ",996.2,1003,985.5,990.6,990,986.9,423011,4218.55,"18-Aug-2026",8074,"",""
"2817","SHYAMTEL","EQ",14.5,14.95,13.91,13.94,14.48,15.14,7220,1.02,"18-Aug-2026",109,"",""
"2818","SICAGEN","EQ",56.95,56.95,53.66,54.84,54.95,56.46,51664,28.44,"18-Aug-2026",564,"",""
"2819","SICALLOG","BE",109.95,114,105.35,111.65,112.49,109.95,20009,22.39,"18-Aug-2026",111,"",""
"2820","SIDDHICOTS","SM",27.1,28.4,27,28.4,28.4,28,8400,2.33,"18-Aug-2026",7,"",""
"2821","SIDDHIKA","SM",225.8,225.8,224,224,224,215.05,3000,6.75,"18-Aug-2026",6,"",""
"2822","SIEL","EQ",38.57,38.57,38.57,38.57,38.57,35.07,4840,1.87,"18-Aug-2026",93,"",""
"2823","SIEMENS","EQ",3940.2,3988.5,3936.4,3957,3957,3943,120386,4763.38,"18-Aug-2026",14309,"",""
"2824","SIGACHI","EQ",25.91,30.09,25.91,29.61,29.4,26.35,10361044,3021.17,"18-Aug-2026",30211,"",""
"2825","SIGIND","EQ",70.85,71.5,65.32,66.85,67.9,71.15,95414,64.73,"18-Aug-2026",868,"",""
"2826","SIGMA","EQ",45.41,46.3,45.1,45.62,46.1,45.15,45133,20.57,"18-Aug-2026",1013,"",""
"2827","SIGMAADV","EQ",627.1,658.45,622,658.45,658.45,627.1,190567,1240.2,"18-Aug-2026",2253,"",""
"2828","SIGNATURE","EQ",806,810.2,792.2,800.95,807.7,805.05,173951,1398.96,"18-Aug-2026",3855,"",""
"2829","SIGNPOST","EQ",266.6,277.05,265.4,273.4,272.2,267.55,78931,214.67,"18-Aug-2026",2731,"",""
"2830","SIKA","EQ",1078.9,1078.9,1025.2,1030.1,1028.1,1052.9,26842,279.89,"18-Aug-2026",3190,"",""
"2831","SIKKO","BE",5.29,5.45,5.28,5.34,5.3,5.45,497551,26.76,"18-Aug-2026",543,"",""
"2832","SIL","EQ",20.63,20.98,19.38,19.83,19.95,20.29,91235,18.2,"18-Aug-2026",727,"",""
"2833","SILGO","EQ",69.97,69.97,68.5,69.14,69.8,68.79,178641,123.42,"18-Aug-2026",1319,"",""
"2834","SILINV","EQ",447,454.75,441,450.65,449.95,449.65,1450,6.52,"18-Aug-2026",106,"",""
"2835","SILKFLEX","SM",207.4,207.4,200.5,200.5,200.5,207,6000,12.17,"18-Aug-2026",6,"",""
"2836","SILLYMONKS","EQ",16.28,16.28,15.45,15.45,15.45,15.59,7877,1.23,"18-Aug-2026",56,"",""
"2837","SILVER","EQ",235,235,231,231.48,231.58,233.39,508908,1179.08,"18-Aug-2026",5263,"",""
"2838","SILVER1","EQ",22.12,22.9,22.12,22.47,22.51,22.69,4107007,923.82,"18-Aug-2026",4351,"",""
"2839","SILVER360","EQ",229.47,229.47,227.21,228.08,228.63,229.72,7406,16.9,"18-Aug-2026",390,"",""
"2840","SILVERADD","EQ",225.65,229.4,223,223.5,223.75,225.65,124606,278.63,"18-Aug-2026",2375,"",""
"2841","SILVERAG","EQ",226.34,226.54,225.05,225.68,225.77,227.28,174759,394.47,"18-Aug-2026",1997,"",""
"2842","SILVERAXIS","EQ",231.94,231.94,229.9,230.25,230.45,232.33,345855,797.13,"18-Aug-2026",5445,"",""
"2843","SILVERBEES","EQ",221.56,222.58,221.16,221.62,221.7,223.61,11785788,26149.01,"18-Aug-2026",46830,"",""
"2844","SILVERBETA","EQ",225.78,225.78,223.27,223.9,223.99,225.93,386169,864.52,"18-Aug-2026",2689,"",""
"2845","SILVERBND","EQ",237.15,237.15,232,232.51,232,234.8,12906,30.02,"18-Aug-2026",153,"",""
"2846","SILVERCASE","EQ",24.3,24.3,23.45,23.51,23.52,23.71,3495428,822.58,"18-Aug-2026",4802,"",""
"2847","SILVERIETF","EQ",227.52,235.9,227.51,231.49,231.8,233.36,2327134,5391.47,"18-Aug-2026",13760,"",""
"2848","SILVERTUC","EQ",194.33,197,192.1,195.47,195.85,197.27,328326,640.26,"18-Aug-2026",4814,"",""
"2849","SIMBHALS","BZ",7.05,7.17,6.85,7.17,7.17,6.83,59892,4.25,"18-Aug-2026",124,"",""
"2850","SIMCA","SM",243,244.4,238,242.55,242.5,244,32400,78.53,"18-Aug-2026",30,"",""
"2851","SIMPLEXINF","EQ",248.31,261,248.31,259.65,260,251.31,85223,218.44,"18-Aug-2026",1235,"",""
"2852","SIMPLXREA","EQ",123.61,136,123.61,130,130,130.11,10,0.01,"18-Aug-2026",3,"",""
"2853","SINCLAIR","EQ",74.72,75.87,74.5,74.98,75,74.64,11794,8.84,"18-Aug-2026",130,"",""
"2854","SINDHUTRAD","EQ",23.6,25.25,23.6,24.99,25.2,23.79,2323109,577.49,"18-Aug-2026",2399,"",""
"2855","SINGERIND","EQ",81,81.49,78,78.7,78.01,80.97,66886,53.2,"18-Aug-2026",717,"",""
"2856","SINTERCOM","EQ",83.5,85,78.11,83.64,84.94,82.64,3108,2.62,"18-Aug-2026",39,"",""
"2857","SIRCA","EQ",440.45,448.45,435.3,442.7,441.7,439.45,920331,4067.26,"18-Aug-2026",9043,"",""
"2858","SIS","EQ",416.1,420.7,412.45,413.6,414,416.45,117106,488.26,"18-Aug-2026",8259,"",""
"2859","SITINET","BZ",0.29,0.3,0.28,0.29,0.3,0.29,377019,1.11,"18-Aug-2026",233,"",""
"2860","SIYSIL","EQ",634.45,651.85,632,643.75,644,632.6,93139,598.76,"18-Aug-2026",4153,"",""
"2861","SJLOGISTIC","SM",326,346.9,323,344.25,346.8,326,183250,621.03,"18-Aug-2026",455,"",""
"2862","SJS","EQ",2446.9,2516.7,2410.2,2500.2,2493.8,2534.5,222731,5476.85,"18-Aug-2026",31103,"",""
"2863","SJVN","EQ",66.49,66.85,66.11,66.29,66.22,66.56,1069394,710.13,"18-Aug-2026",11239,"",""
"2864","SKFINDIA","EQ",1660.5,1678,1616,1621.4,1619,1652.8,135424,2229.44,"18-Aug-2026",13540,"",""
"2865","SKFINDUS","EQ",2745,2745,2656,2667.6,2656,2724.6,24273,652.07,"18-Aug-2026",4614,"",""
"2866","SKIPPER","EQ",528.05,542.5,525.95,538.95,537.9,530.7,303278,1624.18,"18-Aug-2026",12297,"",""
"2867","SKMEGGPROD","EQ",259.42,266,257.35,258.6,260,259.42,232092,606.87,"18-Aug-2026",5126,"",""
"2868","SKP","SM",154.95,159.5,151.4,158.2,159.1,154,15500,24.2,"18-Aug-2026",26,"",""
"2869","SKYGOLD","EQ",778,800,775,795.05,793.7,776.4,703295,5532.93,"18-Aug-2026",16136,"",""
"2870","SLONE","ST",141,147,141,146.8,147,143.3,3200,4.66,"18-Aug-2026",8,"",""
"2871","SMALL250","EQ",18.48,18.48,18.35,18.41,18.43,18.41,125842,23.16,"18-Aug-2026",640,"",""
"2872","SMALLADD","EQ",18.47,18.48,18.32,18.46,18.47,18.44,25113,4.64,"18-Aug-2026",82,"",""
"2873","SMALLCAP","EQ",48.5,48.83,48.33,48.77,48.8,48.5,862900,420.41,"18-Aug-2026",2136,"",""
"2874","SMALLGROWW","EQ",47.94,49.14,47.89,48.86,49,48.64,7056,3.45,"18-Aug-2026",84,"",""
"2875","SMALLIETF","EQ",18.16,18.58,18.16,18.41,18.39,18.38,26559,4.88,"18-Aug-2026",119,"",""
"2876","SMARTEN","ST",52.9,52.95,51.1,52.95,52.95,50.45,26400,13.88,"18-Aug-2026",20,"",""
"2877","SMARTLINK","BE",227.45,227.45,221.25,222.5,224.5,223.76,3756,8.36,"18-Aug-2026",38,"",""
"2878","SMARTWORKS","EQ",495,515.7,491.6,508.5,507.75,494.95,140039,705.92,"18-Aug-2026",6718,"",""
"2879","SMCGLOBAL","EQ",80,81.34,79.82,80.69,80.75,80.41,433148,349.61,"18-Aug-2026",2252,"",""
"2880","SML100CASE","EQ",11.3,11.3,11.21,11.25,11.27,11.28,806253,90.71,"18-Aug-2026",1458,"",""
"2881","SMLMAH","EQ",5264.5,5398,5200,5309.5,5286,5321,90518,4794.89,"18-Aug-2026",12584,"",""
"2882","SMLT","EQ",69,71.98,69,69.28,70.35,70.29,4098,2.88,"18-Aug-2026",92,"",""
"2883","SMSPHARMA","EQ",358.1,363,352.75,359.35,363,358.1,126543,451.9,"18-Aug-2026",3209,"",""
"2884","SMVD","SM",15.5,15.5,15.5,15.5,15.5,15.3,4040,0.63,"18-Aug-2026",1,"",""
"2885","SNEHAA","SM",43.35,45.85,43.35,45.85,45.85,47,2000,0.89,"18-Aug-2026",2,"",""
"2886","SNOWMAN","EQ",38.25,38.9,38,38.14,38.02,38.63,110597,42.28,"18-Aug-2026",1031,"",""
"2887","SNXT30BEES","EQ",43.7,43.7,43.11,43.33,43.55,43.73,21687,9.43,"18-Aug-2026",75,"",""
"2888","SNXT50BETA","EQ",96.62,97.29,96.14,96.79,96.99,96.62,484,0.47,"18-Aug-2026",72,"",""
"2889","SOBHA","EQ",1328.6,1329.9,1301.5,1308.3,1309.5,1321,42674,561.4,"18-Aug-2026",4753,"",""
"2890","SOCL","SM",29,29,28.9,28.9,28.9,29,9600,2.78,"18-Aug-2026",5,"",""
"2891","SOFTTECH","EQ",429,434,405.7,413.4,414.4,427.05,25770,109.48,"18-Aug-2026",398,"",""
"2892","SOLARA","EQ",509.1,559.8,509.1,549.05,553.05,509.1,673349,3646.07,"18-Aug-2026",20590,"",""
"2893","SOLARINDS","EQ",20100,20422,20030,20280,20280,20000,178203,35991.49,"18-Aug-2026",35635,"",""
"2894","SOLARWORLD","EQ",154.25,160,154.25,157.66,158.8,153.71,641371,1016.36,"18-Aug-2026",7311,"",""
"2895","SOLEX","EQ",792,840,789.95,809.05,810,789,77682,628.96,"18-Aug-2026",7145,"",""
"2896","SOMANYCERA","EQ",521.5,522.6,511,512.35,514.95,518.9,195402,1011.29,"18-Aug-2026",6288,"",""
"2897","SOMATEX","EQ",90.01,90.44,86.5,88.38,88.3,91,15353,13.57,"18-Aug-2026",245,"",""
"2898","SOMICONVEY","EQ",83.09,87,80.16,85.28,86,83.09,29198,24.14,"18-Aug-2026",1016,"",""
"2899","SONACOMS","EQ",806.5,827.35,806,824,824,805.1,2864893,23439.14,"18-Aug-2026",80244,"",""
"2900","SONAL","EQ",87,90.8,86.01,90.8,90.8,89.62,176,0.15,"18-Aug-2026",17,"",""
"2901","SONAMLTD","EQ",58.4,61.94,57.22,60.31,60.93,57.39,428610,258.06,"18-Aug-2026",1593,"",""
"2902","SONATSOFTW","EQ",322.45,322.45,308,309.45,309.05,320.4,1256335,3946.86,"18-Aug-2026",16359,"",""
"2903","SONUINFRA","ST",36.6,36.6,36.5,36.5,36.5,36.5,4500,1.64,"18-Aug-2026",3,"",""
"2904","SOTL","EQ",690.85,725,688.6,718.4,718,692.65,353723,2518.39,"18-Aug-2026",14905,"",""
"2905","SOUTHBANK","EQ",45.21,45.5,44.9,45.09,45.14,45.22,5224750,2355.33,"18-Aug-2026",15783,"",""
"2906","SOUTHWEST","EQ",226.96,248.49,218.52,221.35,221.3,226.28,2433833,5631.78,"18-Aug-2026",31493,"",""
"2907","SPAL","EQ",940.7,961.65,934.6,952.45,952.4,932.45,51059,485.31,"18-Aug-2026",4892,"",""
"2908","SPANDANA","EQ",247.5,247.5,240,240.35,240.5,247.5,154385,373.87,"18-Aug-2026",4628,"",""
"2909","SPARC","EQ",197.36,199.08,191.88,192.93,194.5,197.36,710149,1381.15,"18-Aug-2026",11368,"",""
"2910","SPCENET","EQ",3.64,3.64,3.36,3.43,3.4,3.59,997803,34.84,"18-Aug-2026",813,"",""
"2911","SPCL","SM",63,63,59.65,61.7,61.7,62,21000,12.87,"18-Aug-2026",34,"",""
"2912","SPCON","SM",139,150,139,145.85,150,135,3600,5.17,"18-Aug-2026",3,"",""
"2913","SPEB","ST",90.9,90.9,87.65,87.65,87.65,90.9,4000,3.57,"18-Aug-2026",2,"",""
"2914","SPECIALITY","BE",135.8,142,131.5,140.94,140.15,135.98,30070,41.16,"18-Aug-2026",293,"",""
"2915","SPECTRUM","BE",2051.2,2231.3,2051.2,2231.3,2231.3,2125.1,5337,117.07,"18-Aug-2026",225,"",""
"2916","SPELS","EQ",152.3,152.3,148.01,148.87,149.5,150.68,21431,32.04,"18-Aug-2026",792,"",""
"2917","SPENCERS","EQ",31.89,31.89,31,31.16,31.14,31.27,29193,9.12,"18-Aug-2026",653,"",""
"2918","SPIC","EQ",67.25,67.77,66.26,66.73,66.85,67.09,245920,164.28,"18-Aug-2026",1988,"",""
"2919","SPLIL","EQ",30.98,31.8,29.8,30.14,30.1,31.07,13899,4.21,"18-Aug-2026",120,"",""
"2920","SPLPETRO","EQ",727.95,727.95,705,707,705,723.45,45433,323.25,"18-Aug-2026",4455,"",""
"2921","SPMLINFRA","EQ",195.7,198.78,192.99,194.47,195,197,145589,284.84,"18-Aug-2026",2593,"",""
"2922","SPORTKING","EQ",207,216,205,214.34,214.76,206.41,599126,1266.69,"18-Aug-2026",11356,"",""
"2923","SPPPOLY","SM",11.35,12.35,11.35,12.35,12.35,11.9,12000,1.38,"18-Aug-2026",6,"",""
"2924","SPUNWEB","SM",99,100.05,99,100.05,100.05,100,4800,4.78,"18-Aug-2026",4,"",""
"2925","SRD","EQ",41.49,41.85,40,40.43,40.46,41.05,93989,38.32,"18-Aug-2026",230,"",""
"2926","SREEL","EQ",261,262,250.4,254.43,254.49,260.75,23641,60.31,"18-Aug-2026",1014,"",""
"2927","SRF","EQ",2603.4,2644.7,2603.4,2630,2630,2616,238565,6272.97,"18-Aug-2026",21227,"",""
"2928","SRGHFL","EQ",266,268.6,255.05,259.1,256.55,266.35,4714,12.45,"18-Aug-2026",145,"",""
"2929","SRHHYPOLTD","EQ",496.05,498.6,486,487.15,486,496.05,8821,43.23,"18-Aug-2026",476,"",""
"2930","SRIKPRIND","EQ",20.5,21.48,19.4,20.69,20.6,20.21,1756,0.35,"18-Aug-2026",34,"",""
"2931","SRIVASAVI","ST",81,83.5,81,83,83,84,5000,4.12,"18-Aug-2026",5,"",""
"2932","SRM","EQ",474.8,491.15,473.25,485.45,483,471.5,76445,368.9,"18-Aug-2026",3761,"",""
"2933","SRTL","EQ",39.05,39.7,39,39.59,39.4,39.12,13322,5.26,"18-Aug-2026",190,"",""
"2934","SSDL","EQ",60.35,62.37,60.35,60.84,60.6,61.38,26977,16.5,"18-Aug-2026",603,"",""
"2935","SSEGL","SM",353.1,364.9,350,350.1,350,353.3,92800,328.78,"18-Aug-2026",240,"",""
"2936","SSFL","ST",229,229.5,215.65,223.35,224,226,8000,17.88,"18-Aug-2026",15,"",""
"2937","SSFLPP","E1",122.75,123.5,113,114.1,113,120.2,35972,41.84,"18-Aug-2026",445,"",""
"2938","SSWL","EQ",309.5,319,309,315.25,314.9,309.5,504291,1590.15,"18-Aug-2026",9843,"",""
"2939","STALLION","BE",233.05,243.9,231.9,234,234,240.9,343404,813.76,"18-Aug-2026",3578,"",""
"2940","STANLEY","EQ",135.02,137.9,134.5,135,135.6,136.65,92645,125.84,"18-Aug-2026",2299,"",""
"2941","STAR","EQ",984.8,984.8,944.1,949.1,949,987.1,242012,2319.05,"18-Aug-2026",14337,"",""
"2942","STARCEMENT","EQ",197.1,202.04,195.75,199.02,198.99,199.06,375299,744.95,"18-Aug-2026",8772,"",""
"2943","STARHEALTH","EQ",578.85,585.8,578.85,583.9,584.7,584.25,182916,1066.63,"18-Aug-2026",11030,"",""
"2944","STARPAPER","EQ",145.4,147.99,145,146.93,146,145.47,4331,6.36,"18-Aug-2026",188,"",""
"2945","STARTECK","EQ",264.7,264.9,255.05,257.3,255.05,259.95,8611,22.15,"18-Aug-2026",65,"",""
"2946","STCINDIA","EQ",116.95,117.69,116.02,116.68,116.55,116.81,15827,18.48,"18-Aug-2026",311,"",""
"2947","STEELCAS","EQ",352.95,359,348.6,357.75,358.3,352.1,105385,372.43,"18-Aug-2026",2665,"",""
"2948","STEELCITY","EQ",81.98,82.55,81.06,81.23,81.18,81.77,4041,3.3,"18-Aug-2026",78,"",""
"2949","STEELXIND","EQ",10.85,10.89,10.7,10.71,10.72,10.92,565175,60.73,"18-Aug-2026",1282,"",""
"2950","STEL","EQ",591.4,595,570,586.1,585,591.4,6585,38.29,"18-Aug-2026",328,"",""
"2951","STERTOOLS","BE",220.1,224.9,215,217.5,219,221.9,18598,40.82,"18-Aug-2026",381,"",""
"2952","STLNETWORK","EQ",25.25,26,25,25.68,26,25.37,773042,198.25,"18-Aug-2026",1963,"",""
"2953","STLSTRINF","EQ",22.78,22.78,17.35,19.1,17.81,18.99,6166,1.28,"18-Aug-2026",103,"",""
"2954","STLTECH","BE",649.9,670,642.55,646,647.75,642.45,1569147,10259.45,"18-Aug-2026",29032,"",""
"2955","STOVEKRAFT","EQ",748.5,776.6,740.3,774.25,776.6,748.5,105788,814.88,"18-Aug-2026",6590,"",""
"2956","STRIDERS","SM",58.05,62.8,58.05,62.8,62.8,62.4,8000,4.81,"18-Aug-2026",5,"",""
"2957","STUDDS","EQ",450,451.45,443.6,449,448.25,448.05,56142,251.43,"18-Aug-2026",1997,"",""
"2958","STUDIOLSD","SM",8.95,9,8.95,8.95,8.95,8.85,10000,0.9,"18-Aug-2026",5,"",""
"2959","STYL","EQ",399.7,401.55,388.15,393.95,394.25,398.3,83694,330.17,"18-Aug-2026",3371,"",""
"2960","STYLAMIND","EQ",3555,3753,3545,3736.4,3723.7,3582.4,97361,3571.45,"18-Aug-2026",19994,"",""
"2961","STYLEBAAZA","EQ",402.65,402.65,400,402.65,402.65,383.5,4855079,19522.76,"18-Aug-2026",11026,"",""
"2962","STYRENIX","EQ",2178,2200,2147.7,2157.3,2159.8,2181.6,28395,614.59,"18-Aug-2026",3828,"",""
"2963","SUBAHOTELS","SM",111,114.4,110.75,114.4,114.4,112.1,16800,18.77,"18-Aug-2026",11,"",""
"2964","SUBEXLTD","EQ",14.11,16.93,14.08,16.49,16.49,14.11,44677415,7313.91,"18-Aug-2026",181561,"",""
"2965","SUBROS","EQ",760,768.95,740,746.25,745.85,762.2,67002,501.13,"18-Aug-2026",3782,"",""
"2966","SUDARCOLOR","EQ",409.1,409.35,396,400.3,397.6,409.1,8255,33.21,"18-Aug-2026",242,"",""
"2967","SUDARSCHEM","EQ",1092.9,1145,1092.9,1130.6,1130.3,1092.9,636441,7172.58,"18-Aug-2026",29032,"",""
"2968","SUDEEPPHRM","EQ",1101.05,1112.4,1085,1104.1,1107,1101.55,68410,749.34,"18-Aug-2026",4670,"",""
"2969","SUKHJITS","EQ",158.54,161.5,158.34,159.09,159,157.84,6456,10.3,"18-Aug-2026",235,"",""
"2970","SULA","EQ",149.15,152.49,145.95,146.85,147.35,149.13,566729,845.59,"18-Aug-2026",11239,"",""
"2971","SUMEDHA","EQ",36.6,45,36.6,39.45,39,45.01,6656,2.57,"18-Aug-2026",106,"",""
"2972","SUMEETINDS","EQ",14.14,14.28,13.38,13.42,13.38,14.08,4474212,610.71,"18-Aug-2026",5993,"",""
"2973","SUMICHEM","EQ",559.8,566.95,552,563.1,561.9,559.8,359927,2021.45,"18-Aug-2026",12059,"",""
"2974","SUMIT","EQ",54.7,56.24,51.61,54.67,54.7,53.51,23195,12.57,"18-Aug-2026",486,"",""
"2975","SUMMITSEC","EQ",1430,1460,1420.9,1428.8,1421.7,1445.7,2063,29.51,"18-Aug-2026",461,"",""
"2976","SUN-RE","ST",5.8,5.8,5.8,5.8,5.8,9.65,8000,0.46,"18-Aug-2026",5,"",""
"2977","SUNCLAY","EQ",1288,1297.1,1270.1,1292.1,1287.4,1289.8,1984,25.58,"18-Aug-2026",350,"",""
"2978","SUNDARAM","EQ",1.16,1.24,1.15,1.23,1.24,1.13,1399675,16.98,"18-Aug-2026",750,"",""
"2979","SUNDARMFIN","EQ",4525,4658,4510,4619.6,4622.3,4523.9,81086,3734.54,"18-Aug-2026",13088,"",""
"2980","SUNDRMBRAK","BE",909.9,909.9,860,862.5,879,899.8,1369,11.95,"18-Aug-2026",99,"",""
"2981","SUNDRMFAST","EQ",1210,1244.8,1208.7,1228.3,1226.1,1214.75,334446,4111.54,"18-Aug-2026",35584,"",""
"2982","SUNDROP","EQ",665.05,665.05,648,649.55,652,651.4,21332,139.07,"18-Aug-2026",526,"",""
"2983","SUNFLAG","EQ",362.9,363.9,355.75,357.4,357.1,360.75,84805,305.05,"18-Aug-2026",2229,"",""
"2984","SUNLITE","SM",458.1,545,457.05,490.2,488,463.85,45000,225.3,"18-Aug-2026",107,"",""
"2985","SUNLOC","EQ",75,75,67.5,68.38,67.5,68.3,366,0.27,"18-Aug-2026",12,"",""
"2986","SUNPHARMA","EQ",1890,1899,1868.3,1875.1,1875.1,1882,1819169,34209.24,"18-Aug-2026",76048,"",""
"2987","SUNRAKSHAK","EQ",379.9,380.5,370.05,376.95,377,378.4,6621,24.9,"18-Aug-2026",183,"",""
"2988","SUNREST","SM",44,44,39,39.05,39.05,44.65,8000,3.26,"18-Aug-2026",5,"",""
"2989","SUNSHIEL","EQ",1260,1274.8,1225,1262.4,1274,1228,1312,16.45,"18-Aug-2026",124,"",""
"2990","SUNTECH","ST",35.65,35.65,35.65,35.65,35.65,34.8,1600,0.57,"18-Aug-2026",1,"",""
"2991","SUNTECK","EQ",297.3,300.95,296.1,298.8,298.05,299.55,102965,307.72,"18-Aug-2026",4311,"",""
"2992","SUNTV","EQ",485,486.95,482.15,482.8,482.7,488.25,162286,784.85,"18-Aug-2026",6430,"",""
"2993","SUPERHOUSE","EQ",167.43,168.2,167.4,168.2,168.2,169.12,1529,2.57,"18-Aug-2026",24,"",""
"2994","SUPERSPIN","BE",5.93,5.95,5.9,5.93,5.93,5.88,10598,0.63,"18-Aug-2026",12,"",""
"2995","SUPRAJIT","EQ",517.1,530.85,516.2,527.8,527.95,520.75,69957,365.88,"18-Aug-2026",4539,"",""
"2996","SUPREME","EQ",42.22,42.22,40.92,41.01,41.19,40.71,6328,2.61,"18-Aug-2026",143,"",""
"2997","SUPREMEENG","BZ",2.41,2.41,2.41,2.41,2.41,2.37,197315,4.76,"18-Aug-2026",98,"",""
"2998","SUPREMEIND","EQ",3590,3622.8,3580,3604,3604,3590,105998,3822.61,"18-Aug-2026",12263,"",""
"2999","SUPREMEINF","EQ",89.3,92.4,86,87.06,86.1,90.66,51896,46.14,"18-Aug-2026",408,"",""
"3000","SUPREMEPWR","SM",195.9,230.9,195.9,230.9,230.9,192.45,318000,701.74,"18-Aug-2026",484,"",""
"3001","SUPRIYA","EQ",784,824,781.6,801.65,803.4,784,388406,3133.99,"18-Aug-2026",17665,"",""
"3002","SUPTANERY","EQ",7.2,8.19,7.15,8.19,8.19,6.83,578158,46.1,"18-Aug-2026",1840,"",""
"3003","SURAJEST","EQ",213.06,213.06,208,208.19,208,211.37,108902,228.25,"18-Aug-2026",1069,"",""
"3004","SURAJLTD","EQ",218.01,222.98,207,209.45,209.99,218,8703,18.34,"18-Aug-2026",162,"",""
"3005","SURAKSHA","EQ",309.5,323.45,309.5,318.3,317,308.45,239783,762.93,"18-Aug-2026",6404,"",""
"3006","SURANASOL","EQ",25.7,26.5,25.1,25.43,25.8,25.49,71147,18.41,"18-Aug-2026",771,"",""
"3007","SURANAT&P","EQ",16.2,16.65,15.6,16.23,16.34,16.19,47156,7.59,"18-Aug-2026",419,"",""
"3008","SURANI","SM",90.15,90.15,90.15,90.15,90.15,94.2,200,0.18,"18-Aug-2026",1,"",""
"3009","SURYALA","EQ",379,385,375,382.95,382.95,371.35,313,1.18,"18-Aug-2026",22,"",""
"3010","SURYALAXMI","EQ",57.94,59.99,56.31,58.64,58.6,57.66,3245,1.89,"18-Aug-2026",106,"",""
"3011","SURYAROSNI","EQ",221.27,226.84,221.27,223.44,223.6,221.27,445729,997.16,"18-Aug-2026",8086,"",""
"3012","SURYODAY","EQ",154.01,154.01,151.15,151.92,152.01,154.01,215534,327.61,"18-Aug-2026",2981,"",""
"3013","SUTLEJTEX","BE",38.5,39,37.72,38.05,38,38.06,23313,8.96,"18-Aug-2026",49,"",""
"3014","SUVEN","EQ",333,344.2,321.15,339.9,341.95,333.05,572993,1904.97,"18-Aug-2026",13796,"",""
"3015","SUVIDHAA","EQ",2.49,2.53,2.43,2.46,2.44,2.49,115177,2.86,"18-Aug-2026",202,"",""
"3016","SUYOG","EQ",820.05,834.4,787.3,801.2,794,813.85,25281,205.65,"18-Aug-2026",1852,"",""
"3017","SUZLON","EQ",48.95,48.95,47.47,47.78,47.78,49,62318243,30004.71,"18-Aug-2026",87115,"",""
"3018","SVGLOBAL","EQ",143.5,143.5,115.55,133,133,143.61,21,0.03,"18-Aug-2026",8,"",""
"3019","SVLL","BE",769,771,758.15,771,771,756.05,1832,14.07,"18-Aug-2026",31,"",""
"3020","SVPGLOB","EQ",3.87,3.89,3.75,3.77,3.77,3.87,17219,0.65,"18-Aug-2026",58,"",""
"3021","SWANCORP","EQ",305.5,307.35,303.95,304.55,304.2,305.2,798097,2437.06,"18-Aug-2026",6559,"",""
"3022","SWANDEF","BE",2422,2422,2300,2379.2,2370,2390.5,15930,374.33,"18-Aug-2026",813,"",""
"3023","SWARAJ","EQ",370,386.75,368.5,376.15,370.15,369.3,388900,1461.18,"18-Aug-2026",3304,"",""
"3024","SWARAJENG","EQ",3635,3635,3580,3594,3597,3628.6,5045,181.44,"18-Aug-2026",1148,"",""
"3025","SWARNSAR","EQ",33.4,36.85,33.1,33.98,35.42,36.06,9179,3.15,"18-Aug-2026",55,"",""
"3026","SWELECTES","EQ",626.85,645.45,617.5,623.85,621.1,629.7,38843,245.03,"18-Aug-2026",2691,"",""
"3027","SWIGGY","EQ",277.8,277.8,272,274,274,278.8,8346867,22894.68,"18-Aug-2026",48772,"",""
"3028","SWISSMLTRY","EQ",13.7,14.64,13.11,14.01,14.3,13.36,115984,16.45,"18-Aug-2026",494,"",""
"3029","SWSOLAR","EQ",203.62,204,199.1,199.59,199.52,203.62,563510,1132.18,"18-Aug-2026",7941,"",""
"3030","SYMPHONY","EQ",621.5,623.95,615,615.65,615.5,620.55,46932,290.07,"18-Aug-2026",3919,"",""
"3031","SYNCOMF","EQ",15.3,15.95,15.23,15.57,15.6,15.22,5350174,834.18,"18-Aug-2026",10105,"",""
"3032","SYNGENE","EQ",404.55,408.9,402.3,404.1,403.5,403,335081,1360.98,"18-Aug-2026",11485,"",""
"3033","SYNOPTICS","ST",63.75,63.8,63.75,63.75,63.75,67.1,3000,1.91,"18-Aug-2026",5,"",""
"3034","SYRMA","EQ",1489.9,1521,1488.9,1500.1,1499.9,1467.9,2323890,34923.74,"18-Aug-2026",90131,"",""
"3035","SYSTANGO","SM",221.9,221.9,212,214.6,213.6,218.1,26000,55.64,"18-Aug-2026",61,"",""
"3036","SYSTMTXC","BE",59.25,59.89,58,58.1,58.9,59.25,8991,5.24,"18-Aug-2026",49,"",""
"3037","TAALTECH","EQ",4248.2,4270,4169.4,4196.2,4230,4238.8,2392,100.84,"18-Aug-2026",383,"",""
"3038","TAC","ST",420.05,448.75,420.05,429.25,432.15,439.55,51600,223.03,"18-Aug-2026",210,"",""
"3039","TAINWALCHM","EQ",210.58,217.18,207.2,214.72,216,208.5,5834,12.4,"18-Aug-2026",150,"",""
"3040","TAJGVK","EQ",334.95,347,332.5,345.15,346.8,337.5,142023,482.41,"18-Aug-2026",3618,"",""
"3041","TAKE","EQ",23.8,23.8,22.8,23.31,23.44,23.43,1387761,323.79,"18-Aug-2026",2082,"",""
"3042","TALBROAUTO","EQ",423.5,430.6,420.5,426.95,428.95,423.45,77394,329.72,"18-Aug-2026",3455,"",""
"3043","TAMBOLIIN","BE",254,262.5,244,259.34,256,250.81,40178,99.84,"18-Aug-2026",187,"",""
"3044","TANAA","EQ",308.5,317,298.1,313.85,314,300.95,8980,27.93,"18-Aug-2026",393,"",""
"3045","TANKUP","ST",1190.1,1225,1190.1,1225,1225,1240,500,6.04,"18-Aug-2026",2,"",""
"3046","TANLA","EQ",571,578.5,555.5,576.75,577.5,573.5,773554,4381.47,"18-Aug-2026",24437,"",""
"3047","TAPIFRUIT","SM",52,52,52,52,52,50,750,0.39,"18-Aug-2026",1,"",""
"3048","TARACHAND","EQ",47.12,47.44,46.01,46.96,47,47.12,80945,37.73,"18-Aug-2026",925,"",""
"3049","TARAPUR","EQ",14.33,15.68,14.04,15.16,15.04,14.33,64238,9.78,"18-Aug-2026",527,"",""
"3050","TARC","EQ",124.05,124.05,120.1,120.81,120.78,124.36,377025,459.22,"18-Aug-2026",3255,"",""
"3051","TARIL","EQ",296.1,299.3,295.15,297.5,297.4,296.3,603889,1796.71,"18-Aug-2026",10779,"",""
"3052","TARMAT","EQ",56.99,56.99,53.3,53.83,53.97,55.98,32411,17.72,"18-Aug-2026",335,"",""
"3053","TARSONS","EQ",365,365,332,336.65,338,361.5,1199370,4095.71,"18-Aug-2026",22130,"",""
"3054","TASTYBITE","EQ",10098.5,10399,9903.5,10142.5,10155,10014.5,24438,2495.15,"18-Aug-2026",7675,"",""
"3055","TATACAP","EQ",357.5,363.9,355.1,363.15,363.65,359.25,854053,3078.34,"18-Aug-2026",18729,"",""
"3056","TATACHEM","EQ",663,667.05,651,653,651.75,662.9,325477,2138.4,"18-Aug-2026",13687,"",""
"3057","TATACOMM","EQ",1700.1,1709.2,1682,1689.8,1690,1711.9,357284,6049.41,"18-Aug-2026",35020,"",""
"3058","TATACONSUM","EQ",1075.5,1079.1,1061.6,1061.6,1061.6,1072.6,939925,10038.97,"18-Aug-2026",37897,"",""
"3059","TATAELXSI","EQ",3759,3759,3656,3662,3662,3760,192129,7078.94,"18-Aug-2026",17007,"",""
"3060","TATAGOLD","EQ",14.47,15.22,14.47,14.85,14.85,14.85,31734829,4713.14,"18-Aug-2026",61613,"",""
"3061","TATAINVEST","EQ",654.55,659.35,645.3,647.2,648,654.55,175566,1143.59,"18-Aug-2026",11059,"",""
"3062","TATAPOWER","EQ",378.4,382.05,378.4,381,381,381.5,2827459,10759.6,"18-Aug-2026",30671,"",""
"3063","TATASTEEL","EQ",186.34,187.11,184.33,185.5,185.5,186,13393441,24819.39,"18-Aug-2026",102914,"",""
"3064","TATATECH","EQ",840,844.7,815.2,835.8,832,841.65,1516377,12593.6,"18-Aug-2026",56798,"",""
"3065","TATSILV","EQ",22.13,22.9,22.13,22.49,22.52,22.7,24258207,5464.5,"18-Aug-2026",34988,"",""
"3066","TATVA","EQ",1686,1700.8,1639.7,1669.6,1679,1685.8,83030,1379.52,"18-Aug-2026",8648,"",""
"3067","TAURIAN","SM",445,463,440,461.1,463,434.95,55200,248.79,"18-Aug-2026",55,"",""
"3068","TBI","SM",62,62,58.65,60.95,60.95,61.6,25800,15.69,"18-Aug-2026",36,"",""
"3069","TBOTEK","EQ",1720,1725.5,1671.5,1708.2,1705.9,1700,371186,6307.55,"18-Aug-2026",22886,"",""
"3070","TBZ","EQ",241.5,252.1,241.45,251.05,250.85,243.7,437112,1080.79,"18-Aug-2026",6922,"",""
"3071","TCC","EQ",252.25,255.45,250.1,253.05,253.9,256.3,13533,34.19,"18-Aug-2026",544,"",""
"3072","TCI","EQ",905.6,913.45,901,910.3,910,907.65,13317,120.73,"18-Aug-2026",1758,"",""
"3073","TCIEXP","EQ",566.75,573.45,551.5,555.2,552.9,566.75,36942,206.77,"18-Aug-2026",2198,"",""
"3074","TCIFINANCE","BE",15.46,15.74,15,15.32,15.31,15.46,17529,2.72,"18-Aug-2026",83,"",""
"3075","TCL","SM",141.1,143,132.5,138.35,137,141.55,54400,74.64,"18-Aug-2026",61,"",""
"3076","TCPLPACK","EQ",4037.9,4264,4016.9,4234.8,4253,4037.6,42484,1770.58,"18-Aug-2026",4902,"",""
"3077","TCS","EQ",2300,2307,2280,2280,2280,2313.2,1797822,41146.78,"18-Aug-2026",83531,"",""
"3078","TDPOWERSYS","EQ",1549,1597.7,1529.2,1586.6,1585,1548.8,1797894,28288.99,"18-Aug-2026",84428,"",""
"3079","TEAMGTY","EQ",230,238,226.24,234.97,234.98,224.2,25080,58.93,"18-Aug-2026",47,"",""
"3080","TEAMLEASE","EQ",1228.1,1261.4,1228.1,1246.5,1241,1239.6,16967,212.27,"18-Aug-2026",3754,"",""
"3081","TEAMTECH","ST",113,117.7,113,117,117,118.85,28000,32.25,"18-Aug-2026",12,"",""
"3082","TECH","EQ",33.75,33.78,33.1,33.24,33.78,33.75,31996,10.64,"18-Aug-2026",377,"",""
"3083","TECHD","ST",583.8,583.8,565,575,575,579.3,10500,59.92,"18-Aug-2026",33,"",""
"3084","TECHERA","SM",172.1,178.5,168.55,176.6,176.5,170.95,43200,75.53,"18-Aug-2026",46,"",""
"3085","TECHLABS","SM",120,122,118,119.45,118,120,13000,15.59,"18-Aug-2026",41,"",""
"3086","TECHM","EQ",1605,1608,1579.9,1592,1592,1610,1904893,30235.67,"18-Aug-2026",49074,"",""
"3087","TECHNOCRAF","EQ",296,306.9,292,304.79,304,299.94,2132502,6390.48,"18-Aug-2026",27228,"",""
"3088","TECHNOE","EQ",965,1018,957.55,1002.45,1005,959.15,444335,4444.16,"18-Aug-2026",29268,"",""
"3089","TECHNVISN","EQ",5122.2,5122.2,4792.9,5014.4,5003.8,5045.1,688,33.94,"18-Aug-2026",179,"",""
"3090","TECILCHEM","EQ",8.78,8.78,8.1,8.54,8.54,8.39,5093,0.43,"18-Aug-2026",47,"",""
"3091","TEGA","EQ",1744,1744,1702.1,1733.9,1735.4,1744,68894,1189.77,"18-Aug-2026",6437,"",""
"3092","TEJA","SM",390.15,390.15,390.15,390.15,390.15,433.5,3600,14.05,"18-Aug-2026",6,"",""
"3093","TEJASCARGO","SM",400.5,400.75,400.25,400.25,400.25,406,40400,161.78,"18-Aug-2026",3,"",""
"3094","TEJASNET","EQ",522,529.6,517.3,519.3,519.8,522.85,757795,3957.01,"18-Aug-2026",19829,"",""
"3095","TEMBO","EQ",60.35,61.75,59.05,59.75,59.5,60.35,1565063,943.46,"18-Aug-2026",4055,"",""
"3096","TENNIND","EQ",548.7,560,548,550.3,552,548.45,1493025,8276.32,"18-Aug-2026",32323,"",""
"3097","TERAI","EQ",124,124,124,124,124,124.6,7,0.01,"18-Aug-2026",4,"",""
"3098","TERASOFT","EQ",337,357.7,327,344.15,347.9,336.7,24791,85.86,"18-Aug-2026",1550,"",""
"3099","TEXINFRA","EQ",109.47,109.48,103.5,107.05,107.75,107.85,120182,128.03,"18-Aug-2026",1165,"",""
"3100","TEXMOPIPES","EQ",45.73,45.99,44.26,45.11,45.02,45.62,27739,12.54,"18-Aug-2026",253,"",""
"3101","TEXRAIL","EQ",106.9,106.94,104.2,104.72,104.5,106.89,601008,632.7,"18-Aug-2026",6542,"",""
"3102","TFCILTD","EQ",121.4,125.99,121.38,123.7,124.3,120.28,17194399,21266.91,"18-Aug-2026",47983,"",""
"3103","TFL","EQ",11.5,11.55,11.05,11.07,11.07,11.34,7008,0.79,"18-Aug-2026",60,"",""
"3104","TGBHOTELS","EQ",9.5,9.5,9.07,9.2,9.3,9.2,7361,0.68,"18-Aug-2026",36,"",""
"3105","TGL","ST",18.1,18.1,18.1,18.1,18.1,19.05,5400,0.98,"18-Aug-2026",17,"",""
"3106","TGVSL","EQ",106.02,107.99,104.75,105.17,105.99,106.54,81178,86.19,"18-Aug-2026",987,"",""
"3107","THACKER","BE",1028,1054.7,1008,1054.7,1054.7,1060,42,0.44,"18-Aug-2026",5,"",""
"3108","THAKDEV","EQ",152,160,140,154.79,160,154.18,1102,1.66,"18-Aug-2026",49,"",""
"3109","THANGAMAYL","EQ",5328,5499,5321,5481.5,5471.5,5336.5,92660,5030.57,"18-Aug-2026",14036,"",""
"3110","THEINVEST","EQ",98,101.69,97.01,99.09,100.9,98.68,4700,4.67,"18-Aug-2026",95,"",""
"3111","THEJO","EQ",2129,2142.6,2044,2051.4,2055,2118.1,5961,124.47,"18-Aug-2026",971,"",""
"3112","THELEELA","EQ",508.95,521.95,503.3,519.15,519.65,503,412429,2112.78,"18-Aug-2026",19601,"",""
"3113","THEMISMED","EQ",104.44,107.5,104.09,106.82,106,104.09,83550,88.22,"18-Aug-2026",1248,"",""
"3114","THERMAX","EQ",4170,4188.2,4055.4,4079.9,4075.2,4141.4,126453,5187.85,"18-Aug-2026",20870,"",""
"3115","THESL","ST",19,19,19,19,19,18.3,3000,0.57,"18-Aug-2026",1,"",""
"3116","THOMASCOOK","EQ",103.75,104.43,102,102.4,103,103.68,444214,457.44,"18-Aug-2026",4511,"",""
"3117","THOMASCOTT","EQ",293,297.15,276,278.8,278.1,301.1,360674,1015.17,"18-Aug-2026",9999,"",""
"3118","THYROCARE","EQ",623.4,623.4,603.4,608.25,610,618.6,281037,1714.2,"18-Aug-2026",17341,"",""
"3119","TI","EQ",583,593,579.2,582.8,581.2,580.55,917349,5369.6,"18-Aug-2026",27910,"",""
"3120","TICL","BE",9.61,9.85,9.35,9.54,9.73,9.61,16495,1.56,"18-Aug-2026",73,"",""
"3121","TIGERLOGS","EQ",26.8,28,26.31,27.98,28,27.08,1144954,315.48,"18-Aug-2026",3467,"",""
"3122","TIIL","EQ",3090,3359.9,3090,3280.2,3279.9,3097.2,190168,6222.03,"18-Aug-2026",22684,"",""
"3123","TIINDIA","EQ",2755.8,2989,2755.8,2959,2959,2741.4,4188005,122843.83,"18-Aug-2026",195092,"",""
"3124","TIJARIA","EQ",5.67,5.85,5.53,5.68,5.73,5.55,95181,5.44,"18-Aug-2026",210,"",""
"3125","TIL","BE",231,232.8,225.15,226.9,226.95,229.85,172337,393.22,"18-Aug-2026",680,"",""
"3126","TIMETECHNO","EQ",189,191.7,185.02,185.67,185.8,189.61,1402919,2628.46,"18-Aug-2026",20947,"",""
"3127","TIMEX","EQ",548,569.4,545.15,549.2,547,541.3,542921,3031.03,"18-Aug-2026",34071,"",""
"3128","TIMKEN","EQ",3300,3324.7,3289.1,3299.5,3310,3290.5,10814,357.39,"18-Aug-2026",4717,"",""
"3129","TINNARUBR","EQ",1049,1080,1032,1065.1,1079.9,1030.3,51796,543.51,"18-Aug-2026",4959,"",""
"3130","TIPSFILMS","EQ",339.85,345.45,332.05,335.85,333.1,341.55,5512,18.64,"18-Aug-2026",367,"",""
"3131","TIPSMUSIC","EQ",656.25,662.4,650,655.7,655.5,656.25,195220,1277.82,"18-Aug-2026",13983,"",""
"3132","TIRUMALCHM","EQ",155,157.39,150.4,151.34,150.5,154.73,361181,551,"18-Aug-2026",5364,"",""
"3133","TIRUPATIFL","BE",64.5,67.4,63.24,64.08,65.54,64.24,379949,247.78,"18-Aug-2026",1405,"",""
"3134","TITAGARH","EQ",820.45,848,813.5,841.4,839.65,820.95,435134,3606.3,"18-Aug-2026",20375,"",""
"3135","TITAN","EQ",5060,5094.9,5042.5,5048.6,5048.6,5068.5,354873,17944.9,"18-Aug-2026",44359,"",""
"3136","TMB","EQ",839,850.9,836.45,847.1,846.85,843.7,73206,617.84,"18-Aug-2026",5173,"",""
"3137","TMCV","EQ",467,474.9,463.5,471.65,468.8,470.4,6376666,29920.83,"18-Aug-2026",92383,"",""
"3138","TMPV","EQ",330.5,331.7,322.8,322.8,322.8,330.2,9865820,32104.49,"18-Aug-2026",110618,"",""
"3139","TNIDETF","EQ",93.12,93.12,89.43,89.72,89.98,90.85,152705,137.03,"18-Aug-2026",820,"",""
"3140","TNPETRO","EQ",115,118.19,111.78,112.45,112.8,114.16,834956,963.27,"18-Aug-2026",10632,"",""
"3141","TNPL","EQ",141,142.95,136.52,138.07,137.4,140.88,248504,347.92,"18-Aug-2026",3327,"",""
"3142","TNTELE","EQ",9,9.14,8.91,9.06,9.06,8.96,16035,1.44,"18-Aug-2026",56,"",""
"3143","TOKYOPLAST","EQ",79.9,79.9,77.02,77.2,77.2,79.9,67,0.05,"18-Aug-2026",5,"",""
"3144","TOLINS","EQ",96.4,97.64,95,95.55,96,97.08,32207,30.96,"18-Aug-2026",804,"",""
"3145","TOP100CASE","EQ",10.73,10.81,10.6,10.69,10.68,10.73,640952,68.52,"18-Aug-2026",955,"",""
"3146","TOP10ADD","EQ",87.85,87.98,87.55,87.77,87.92,88.37,145435,127.57,"18-Aug-2026",634,"",""
"3147","TOP15IETF","EQ",9.97,9.98,9.94,9.97,9.98,10.02,61410,6.12,"18-Aug-2026",172,"",""
"3148","TOP20","EQ",9.03,9.03,8.96,8.96,8.96,9.03,44196,3.97,"18-Aug-2026",1136,"",""
"3149","TORNTPHARM","EQ",4900,5009,4876,4971,4971,4900,426573,21233.7,"18-Aug-2026",38582,"",""
"3150","TORNTPOWER","EQ",1313,1319,1259,1264.1,1263.5,1312.8,356402,4543.92,"18-Aug-2026",36166,"",""
"3151","TOTAL","EQ",66.99,70.99,64.1,68.56,68.95,65.07,54145,37.08,"18-Aug-2026",332,"",""
"3152","TOUCHWOOD","EQ",62.99,63.95,61.11,61.85,61.71,62.68,1386,0.87,"18-Aug-2026",48,"",""
"3153","TOYAMSL","EQ",0.69,0.69,0.66,0.67,0.68,0.67,417557,2.8,"18-Aug-2026",145,"",""
"3154","TPHQ","EQ",0.61,0.63,0.54,0.63,0.63,0.58,33421785,199.25,"18-Aug-2026",2409,"",""
"3155","TPLPLASTEH","EQ",77.02,79,76.31,78.76,79,77.25,115355,89.62,"18-Aug-2026",1072,"",""
"3156","TRACXN","EQ",29.25,29.72,28.57,29.04,29,29.07,71590,20.82,"18-Aug-2026",521,"",""
"3157","TRANSCOR","EQ",23.66,24.73,23.65,24.61,24.11,24.26,357,0.09,"18-Aug-2026",36,"",""
"3158","TRANSPEK","BE",1163.9,1163.9,1112.5,1132.8,1115,1138.6,4536,51.15,"18-Aug-2026",236,"",""
"3159","TRANSRAILL","EQ",463.2,465.6,457.7,459,458.45,464.85,290403,1339.26,"18-Aug-2026",9059,"",""
"3160","TRANSTEEL","SM",79.6,86.5,79.4,82.5,82.5,80.05,51000,42.58,"18-Aug-2026",43,"",""
"3161","TRANSWORLD","BE",159,160,157.1,157.12,157.1,159.34,7324,11.58,"18-Aug-2026",39,"",""
"3162","TRAVELFOOD","EQ",1363,1389.3,1315.2,1346.4,1352,1358.2,131141,1763.07,"18-Aug-2026",12455,"",""
"3163","TREEHOUSE","EQ",6.31,6.31,6.01,6.29,6.3,5.93,4664,0.29,"18-Aug-2026",88,"",""
"3164","TREJHARA","EQ",170.99,170.99,162.01,166.95,167,163.76,18380,30.47,"18-Aug-2026",414,"",""
"3165","TREL","EQ",26.05,27.19,26.04,26.79,27,26.05,191146,51.23,"18-Aug-2026",929,"",""
"3166","TRENT","EQ",2946.1,2980.4,2932.1,2942.1,2942.1,2946,718320,21238.56,"18-Aug-2026",45780,"",""
"3167","TRF","EQ",230.58,233.27,228.01,231.11,230.45,230.57,11809,27.24,"18-Aug-2026",358,"",""
"3168","TRIDENT","EQ",24.59,25.09,24.4,24.47,24.46,24.57,3695179,913.97,"18-Aug-2026",13991,"",""
"3169","TRIGYN","EQ",55.3,56.43,54.5,55.51,55.4,55.3,27389,15.19,"18-Aug-2026",885,"",""
"3170","TRITONV","EQ",1174.9,1190,1120.1,1146.1,1154.9,1148.6,3434,39.85,"18-Aug-2026",342,"",""
"3171","TRITURBINE","EQ",597.65,601.9,579,581.9,582,597.9,1323165,7703.5,"18-Aug-2026",22445,"",""
"3172","TRIVENI","EQ",280,284.39,273.75,276.52,279.01,279.64,1009099,2808.21,"18-Aug-2026",14369,"",""
"3173","TROM","SM",56.1,56.1,53.9,55.45,55.45,56.1,8400,4.59,"18-Aug-2026",14,"",""
"3174","TRU","EQ",4.87,4.9,4.35,4.41,4.38,4.48,222326,10.38,"18-Aug-2026",636,"",""
"3175","TRUALT","EQ",483.9,483.9,469.9,474.5,478,479.25,309251,1476.6,"18-Aug-2026",8048,"",""
"3176","TRUST","SM",26.7,26.7,25,25,25,26.2,19800,4.99,"18-Aug-2026",20,"",""
"3177","TSC","ST",50.75,50.75,50.7,50.75,50.75,50.75,18000,9.13,"18-Aug-2026",9,"",""
"3178","TSFINV","EQ",420.6,421.4,415,416.2,416.7,420.4,21032,87.65,"18-Aug-2026",908,"",""
"3179","TTKHLTCARE","EQ",1134,1155,1101.3,1114.1,1105,1138.4,21545,241.65,"18-Aug-2026",3052,"",""
"3180","TTKPRESTIG","EQ",590.05,599,589.05,594.6,597.85,592.1,32667,193.74,"18-Aug-2026",2997,"",""
"3181","TTL","EQ",6.1,6.8,6.02,6.48,6.56,6.15,240578,15.34,"18-Aug-2026",485,"",""
"3182","TTML","EQ",38,38.35,37.6,37.85,37.89,38.15,914895,347.5,"18-Aug-2026",5187,"",""
"3183","TUNWAL","SM",26.4,26.4,26.1,26.1,26.1,26.2,24000,6.31,"18-Aug-2026",8,"",""
"3184","TURTLEMINT","EQ",147.15,158.5,144.11,145.75,145.5,150.15,9091389,13865.8,"18-Aug-2026",73157,"",""
"3185","TUTIALKA","EQ",59.79,59.79,56.17,56.33,56.8,56.71,2905,1.68,"18-Aug-2026",84,"",""
"3186","TVSELECT","EQ",450.05,459.45,445.9,450.45,452.9,450.35,31392,141.68,"18-Aug-2026",1817,"",""
"3187","TVSHLTD","EQ",14136,14201,13870,14096,14080,14072,3210,451.02,"18-Aug-2026",1508,"",""
"3188","TVSMOTOR","EQ",4373.9,4407.1,4341.2,4356.8,4356.8,4385.9,444890,19428.18,"18-Aug-2026",45943,"",""
"3189","TVSSCS","EQ",122.4,123.48,121.25,122.17,122.09,121.48,278268,340.73,"18-Aug-2026",6264,"",""
"3190","TVSSRICHAK","EQ",4839.8,4930,4681,4746.8,4735,4868.9,65248,3130.82,"18-Aug-2026",9684,"",""
"3191","TVTODAY","EQ",110.93,114.05,110.93,113.46,113.55,110.93,31820,36.07,"18-Aug-2026",427,"",""
"3192","TVVISION","BE",4.09,4.09,3.76,3.77,3.89,3.95,46117,1.75,"18-Aug-2026",100,"",""
"3193","TWCGOLDETF","EQ",152.18,152.62,151.93,152.23,152.29,152.33,16170,24.67,"18-Aug-2026",404,"",""
"3194","UBL","EQ",1365,1381.2,1349.1,1355.5,1358,1367.9,61635,841.51,"18-Aug-2026",7386,"",""
"3195","UCAL","EQ",154.4,156.99,147.02,152.31,152,151.87,131245,201.2,"18-Aug-2026",1433,"",""
"3196","UCOBANK","EQ",25.98,26.13,25.85,25.9,25.85,26.11,1487265,386.19,"18-Aug-2026",8808,"",""
"3197","UDAYJEW","EQ",145.65,149,144.8,144.97,144.8,145.36,11329,16.61,"18-Aug-2026",221,"",""
"3198","UDS","EQ",211.97,212.79,203.12,210.79,212,211.72,266717,557.99,"18-Aug-2026",5792,"",""
"3199","UEL","EQ",211.36,211.36,211.36,211.36,211.36,222.48,3059,6.47,"18-Aug-2026",192,"",""
"3200","UFBL","BE",788.9,790.45,768.05,780.35,782,762.6,34438,268.2,"18-Aug-2026",2103,"",""
"3201","UFLEX","EQ",615,630.45,585.55,613.3,608,586.05,6025632,36656.15,"18-Aug-2026",113333,"",""
"3202","UFO","EQ",67.88,67.88,65.78,66.08,66.02,66.47,28917,19.22,"18-Aug-2026",750,"",""
"3203","UGARSUGAR","EQ",53.49,55.14,50.16,50.77,51.08,52.18,1577009,837.05,"18-Aug-2026",11163,"",""
"3204","UGROCAP","EQ",92.8,93.39,90.5,90.8,90.55,92.75,364000,332.61,"18-Aug-2026",1773,"",""
"3205","UHTL","ST",112.45,112.45,112.45,112.45,112.45,107.1,70000,78.72,"18-Aug-2026",32,"",""
"3206","UJJIVANSFB","EQ",71.98,72.64,71.13,72.33,72.49,72.21,11368755,8179.68,"18-Aug-2026",48011,"",""
"3207","ULTRACEMCO","EQ",11626,11674,11499,11499,11499,11681,210406,24328.73,"18-Aug-2026",25955,"",""
"3208","ULTRAMAR","EQ",396.2,405,392.8,401,402,394.2,28858,115.64,"18-Aug-2026",2951,"",""
"3209","UMA","SM",14.8,14.85,14.8,14.8,14.8,15.55,28000,4.15,"18-Aug-2026",4,"",""
"3210","UMAEXPORTS","BE",22,22.3,21.7,22.22,22.3,21.73,80860,17.74,"18-Aug-2026",125,"",""
"3211","UMESLTD","EQ",6.02,6.02,5.66,5.88,5.83,6.02,11809,0.69,"18-Aug-2026",57,"",""
"3212","UMIYA-MRO","EQ",90,90.45,88.26,88.43,88.32,89.01,9062,8.03,"18-Aug-2026",71,"",""
"3213","UNICHEMLAB","EQ",548.8,552.9,521.6,529.6,528.45,543.3,120244,647.49,"18-Aug-2026",4299,"",""
"3214","UNIDT","BE",228.95,231.4,219,227.49,228,228.95,9579,21.31,"18-Aug-2026",120,"",""
"3215","UNIECOM","EQ",84.94,89.18,84.1,87.9,89.18,84.95,504725,435.68,"18-Aug-2026",4739,"",""
"3216","UNIENTER","EQ",97.5,99,96,97.85,99,95.59,8142,7.92,"18-Aug-2026",129,"",""
"3217","UNIHEALTH","SM",735,738,700,719.6,719.9,714.4,21000,149.39,"18-Aug-2026",41,"",""
"3218","UNIINFO","EQ",11.4,12.25,11.25,11.37,11.3,11.69,6626,0.75,"18-Aug-2026",45,"",""
"3219","UNIMECH","EQ",1512.4,1552.9,1498,1517.4,1518,1511.3,194130,2948.2,"18-Aug-2026",15926,"",""
"3220","UNIONBANK","EQ",187.99,190.58,185.5,185.5,185.5,188.9,6684017,12490.32,"18-Aug-2026",41047,"",""
"3221","UNIONGOLD","EQ",149.95,151.4,149.15,149.35,149.35,149.25,3203,4.79,"18-Aug-2026",101,"",""
"3222","UNIPARTS","EQ",801.15,837.7,801.15,825.85,829,801.15,223637,1849.11,"18-Aug-2026",12060,"",""
"3223","UNITDSPR","EQ",1550,1550,1520,1520.9,1520.9,1545,328688,5034.75,"18-Aug-2026",23864,"",""
"3224","UNITECH","EQ",3.98,4.15,3.94,4.01,4.06,3.95,7059952,282.94,"18-Aug-2026",9048,"",""
"3225","UNITEDPOLY","BE",34.99,34.99,33.5,34.53,34.5,33.82,146376,50.06,"18-Aug-2026",186,"",""
"3226","UNITEDTEA","EQ",455.25,464.9,451,452.05,451,455.65,10119,45.85,"18-Aug-2026",188,"",""
"3227","UNIVASTU","BE",176,177.13,175.05,176.89,177.13,168.7,222585,393.69,"18-Aug-2026",1602,"",""
"3228","UNIVCABLES","EQ",1725.9,1771.2,1701,1745,1730,1724.6,125726,2188.32,"18-Aug-2026",11530,"",""
"3229","UNIVPHOTO","BE",460,480,457.7,468.9,462.65,478,1286,6.09,"18-Aug-2026",44,"",""
"3230","UNOMINDA","EQ",1272.5,1281.2,1263,1273,1273,1269.9,452660,5763.08,"18-Aug-2026",25015,"",""
"3231","UPHOT","EQ",1448,1448,1448,1448,1448,1400,2,0.03,"18-Aug-2026",2,"",""
"3232","UPL","EQ",570,570.05,560,560.05,560.05,567.1,1746720,9871.65,"18-Aug-2026",24705,"",""
"3233","URAVIDEF","BE",106.5,106.5,103.2,105.09,105.65,106,3280,3.42,"18-Aug-2026",124,"",""
"3234","URBAN","SM",145.55,148,142,143.2,143,147.05,24800,35.89,"18-Aug-2026",30,"",""
"3235","URBANCO","EQ",144.56,146.7,143.01,144.97,144.51,144.6,11131114,16114.9,"18-Aug-2026",30900,"",""
"3236","URJA","EQ",9.4,9.47,9.36,9.41,9.41,9.46,508788,47.83,"18-Aug-2026",1938,"",""
"3237","USHAFIN","SM",42,42,42,42,42,42,1600,0.67,"18-Aug-2026",1,"",""
"3238","USHAMART","EQ",498.1,504.9,494,498.8,500,498.05,500681,2507.84,"18-Aug-2026",18776,"",""
"3239","USK","EQ",21.2,22.85,21.2,22.43,22.54,21.83,36934,8.17,"18-Aug-2026",233,"",""
"3240","UTIAMC","EQ",910,910,893.15,894.6,893.15,907.3,75764,680.56,"18-Aug-2026",5674,"",""
"3241","UTKAL","SM",52.65,54.35,50.9,52.95,52.95,51.8,64000,34.07,"18-Aug-2026",29,"",""
"3242","UTKARSHBNK","EQ",13.91,14.18,13.91,14.05,14.01,14.04,1567677,219.46,"18-Aug-2026",3940,"",""
"3243","UTLSOLAR","EQ",468.8,475,450,468.3,472,464.4,702439,3226.5,"18-Aug-2026",20228,"",""
"3244","UTSSAV","ST",506,508,500,503.2,507.8,505,15000,75.83,"18-Aug-2026",21,"",""
"3245","UTTAMSUGAR","EQ",283.59,296.55,282.08,290.32,290,283,559821,1631.21,"18-Aug-2026",12699,"",""
"3246","UYFINCORP","BE",21.79,22.28,20.33,20.37,20.33,21.39,287353,59.81,"18-Aug-2026",394,"",""
"3247","V2RETAIL","EQ",219.25,220.8,217.72,219.58,219.5,218.85,662694,1454.49,"18-Aug-2026",9522,"",""
"3248","VADILALIND","EQ",7448.5,7575,7311,7429.5,7406,7411,23467,1748.58,"18-Aug-2026",6488,"",""
"3249","VAIBHAVGBL","EQ",226.85,229.75,222.55,223.5,222.65,226.45,289169,648.37,"18-Aug-2026",8416,"",""
"3250","VAISHALI","EQ",8.6,8.6,8.32,8.41,8.49,8.34,58949,4.98,"18-Aug-2026",255,"",""
"3251","VAKRANGEE","EQ",5.84,5.87,5.7,5.78,5.8,5.85,816973,47.33,"18-Aug-2026",1817,"",""
"3252","VAL30IETF","EQ",15.77,15.77,15.25,15.29,15.28,15.39,143803,22.01,"18-Aug-2026",571,"",""
"3253","VALIANTLAB","EQ",90.85,90.85,88.27,90.85,90.85,86.53,405249,367.43,"18-Aug-2026",966,"",""
"3254","VALIANTORG","BE",292.9,319,292.9,309.4,310.4,308.3,88150,264.88,"18-Aug-2026",800,"",""
"3255","VALUE","EQ",16.24,16.6,15.93,16.12,16.14,16.24,168596,27.36,"18-Aug-2026",274,"",""
"3256","VALUE360","SM",79.8,79.85,75,75,75,76,39600,30.04,"18-Aug-2026",16,"",""
"3257","VALUEAXIS","EQ",33.15,33.24,32.9,33.1,33.24,32.99,26765,8.83,"18-Aug-2026",260,"",""
"3258","VAML","EQ",441.5,451.3,438.8,445.95,445.95,441.5,9182365,40953.25,"18-Aug-2026",95111,"",""
"3259","VARDHACRLC","BE",44.7,44.7,43.9,44.13,44,44.47,13291,5.87,"18-Aug-2026",130,"",""
"3260","VARDMNPOLY","EQ",6.4,6.49,6.14,6.23,6.21,6.19,228744,14.53,"18-Aug-2026",389,"",""
"3261","VARROC","EQ",845,862.3,837,843.9,847,847.75,314883,2666.41,"18-Aug-2026",17247,"",""
"3262","VASA","SM",4.25,4.25,4.25,4.25,4.25,4.45,4000,0.17,"18-Aug-2026",1,"",""
"3263","VASCONEQ","EQ",31.29,31.35,30.5,30.67,30.8,31.13,408114,125.59,"18-Aug-2026",1485,"",""
"3264","VASUPRADA","EQ",99,99,96.06,96.06,96.06,96,522,0.52,"18-Aug-2026",3,"",""
"3265","VASWANI","EQ",48.49,48.49,46.78,47.69,47.71,47.96,23950,11.38,"18-Aug-2026",224,"",""
"3266","VBL","EQ",434.9,443.3,434.6,439.3,439.3,433.85,4034092,17730.67,"18-Aug-2026",40755,"",""
"3267","VCL","EQ",1.85,1.85,1.85,1.85,1.85,1.77,223453,4.13,"18-Aug-2026",100,"",""
"3268","VDEAL","SM",158.5,158.5,158.1,158.3,158.1,158,1200,1.9,"18-Aug-2026",2,"",""
"3269","VEDAVAAG","EQ",19.16,19.43,18.5,18.98,19,19.15,23007,4.32,"18-Aug-2026",148,"",""
"3270","VEDL","EQ",268.9,270.5,264,264,264,269.7,9772133,26024.09,"18-Aug-2026",63949,"",""
"3271","VEDPOWER","EQ",36.49,37.14,36.13,36.18,36.22,36.59,17816221,6496.16,"18-Aug-2026",38117,"",""
"3272","VEEDOL","EQ",1521.6,1525.9,1504,1511.3,1510,1521.6,6403,96.81,"18-Aug-2026",820,"",""
"3273","VELJAN","BE",1844.9,1845,1766,1773.7,1815,1785.2,295,5.31,"18-Aug-2026",58,"",""
"3274","VENKEYS","EQ",1534.9,1546.8,1509.1,1514.8,1521.9,1531,22957,350.38,"18-Aug-2026",2353,"",""
"3275","VENTIVE","EQ",590,595.45,580.2,585.7,584,592.2,11577,68.16,"18-Aug-2026",1102,"",""
"3276","VENUSPIPES","EQ",1603.7,1603.7,1560,1572.2,1583.1,1596.5,39349,621.9,"18-Aug-2026",3032,"",""
"3277","VENUSREM","BE",1797,1831.9,1761,1819.5,1831,1803.4,26969,488.81,"18-Aug-2026",1223,"",""
"3278","VERA","SM",86.25,86.25,86.25,86.25,86.25,82.15,1500,1.29,"18-Aug-2026",1,"",""
"3279","VERANDA","EQ",238,242.8,233.8,240,242.8,235.1,165468,393.6,"18-Aug-2026",2458,"",""
"3280","VERTEXPLUS","SM",48,48,48,48,48,48.3,600,0.29,"18-Aug-2026",1,"",""
"3281","VERTOZ","BE",35.8,36.1,35.1,35.66,35.89,35.97,29064,10.41,"18-Aug-2026",233,"",""
"3282","VESUVIUS","EQ",442.4,442.4,430,434.9,430.15,440.65,44335,193.53,"18-Aug-2026",2046,"",""
"3283","VETO","BE",119.98,124.95,119,123.08,122.01,120.21,15847,19.24,"18-Aug-2026",224,"",""
"3284","VGCL","EQ",57.48,61.5,57.48,58.21,58.21,60.5,726,0.43,"18-Aug-2026",25,"",""
"3285","VGINFOTECH","SM",150,152.5,149,150.8,151.9,151.8,37000,55.72,"18-Aug-2026",35,"",""
"3286","VGL","EQ",59.3,59.3,56,58.44,58.9,59.3,30601,17.48,"18-Aug-2026",448,"",""
"3287","VGUARD","EQ",347,350,332.5,333.4,333.5,343.95,868328,2942.53,"18-Aug-2026",17337,"",""
"3288","VHL","EQ",3430,3519.4,3420,3439.5,3447.5,3473.8,435,15.02,"18-Aug-2026",147,"",""
"3289","VHLTD","BE",123.77,129.81,122.65,129.74,129.81,123.63,288778,359.99,"18-Aug-2026",372,"",""
"3290","VICTORYEV","ST",16.45,16.65,16.45,16.65,16.65,16.45,6000,0.99,"18-Aug-2026",2,"",""
"3291","VIDHIING","EQ",322.7,329.9,313.55,325.9,325.6,319.2,52151,168.12,"18-Aug-2026",1442,"",""
"3292","VIDYAWIRES","EQ",89,89.51,88,88.07,88.35,89.4,462465,408.81,"18-Aug-2026",4779,"",""
"3293","VIESL","SM",300.5,309.5,300.15,304.35,304,300.35,16800,51.16,"18-Aug-2026",19,"",""
"3294","VIGOR","ST",85.7,92.2,85.7,91.75,91.75,87.85,28800,25.76,"18-Aug-2026",17,"",""
"3295","VIJAYA","EQ",1505,1521.3,1491,1497.3,1492,1506.6,92774,1397.56,"18-Aug-2026",10931,"",""
"3296","VIJAYPD","SM",57.65,60,57.65,60,60,59.85,6000,3.52,"18-Aug-2026",3,"",""
"3297","VIJIFIN","BE",12.88,12.88,12.88,12.88,12.88,12.63,51486,6.63,"18-Aug-2026",40,"",""
"3298","VIJSOLX","EQ",675,714.9,675,700,700,692.5,251,1.76,"18-Aug-2026",25,"",""
"3299","VIKASECO","EQ",1.1,1.1,1.07,1.08,1.08,1.09,2549314,27.62,"18-Aug-2026",1276,"",""
"3300","VIKASLIFE","EQ",1.24,1.24,1.22,1.22,1.23,1.23,1767391,21.63,"18-Aug-2026",8478,"",""
"3301","VIKRAMSOLR","EQ",185,186.75,175.5,177.11,175.9,183.1,22684269,41034.56,"18-Aug-2026",142943,"",""
"3302","VIKRAN","EQ",62.48,62.84,60.8,61.09,61.2,62.54,962402,593.88,"18-Aug-2026",5764,"",""
"3303","VILAS","SM",357.95,360,355.85,356.05,356,354.9,10000,35.78,"18-Aug-2026",31,"",""
"3304","VILINBIO","SM",42.5,42.5,42.5,42.5,42.5,43,4000,1.7,"18-Aug-2026",1,"",""
"3305","VIMTALABS","EQ",624,627.8,617,621.2,623.65,623.45,92845,576.27,"18-Aug-2026",4572,"",""
"3306","VINATIORGA","EQ",1344.2,1370.8,1333.3,1338.5,1345,1344.2,26064,351.92,"18-Aug-2026",3587,"",""
"3307","VINCOFE","EQ",146.15,148.7,143.85,148.16,148,146.28,2360756,3447.03,"18-Aug-2026",16499,"",""
"3308","VINDHYATEL","EQ",2494,2540,2440,2485.7,2490,2486.6,36075,898.88,"18-Aug-2026",4317,"",""
"3309","VINEETLAB","EQ",37.36,37.79,36,36.33,36.69,37.36,152932,56.03,"18-Aug-2026",635,"",""
"3310","VINNY","EQ",1.07,1.07,1.05,1.05,1.06,1.06,172261,1.82,"18-Aug-2026",134,"",""
"3311","VINSYS","ST",580,583,579,579,579,580,2250,13.06,"18-Aug-2026",8,"",""
"3312","VINYAS","SM",1414.95,1494,1350,1462.1,1470,1330.55,31200,443.35,"18-Aug-2026",260,"",""
"3313","VINYLINDIA","EQ",236.57,243.3,234.94,239.73,236.65,236.57,7553,17.98,"18-Aug-2026",437,"",""
"3314","VIPCLOTHNG","EQ",20.58,20.9,20,20.17,20.25,20.59,22881,4.63,"18-Aug-2026",163,"",""
"3315","VIPIND","EQ",300,311.7,299.8,309.4,310.65,300.5,293364,899.08,"18-Aug-2026",6179,"",""
"3316","VIPULLTD","BE",14.87,14.87,14.87,14.87,14.87,14.58,76589,11.39,"18-Aug-2026",46,"",""
"3317","VIRAT","EQ",350.4,350.4,268.05,343,343,335,330,1.11,"18-Aug-2026",14,"",""
"3318","VIRINCHI","EQ",15.57,15.57,14.75,15.04,15.25,15.03,53428,8.07,"18-Aug-2026",207,"",""
"3319","VIRTUALG","EQ",0.41,0.42,0.4,0.42,0.42,0.41,197952,0.8,"18-Aug-2026",192,"",""
"3320","VISACHROME","EQ",38.41,38.79,37.65,37.89,37.99,38.41,13045,4.97,"18-Aug-2026",61,"",""
"3321","VISAKAIND","EQ",92.4,98.89,92.39,95.5,95.29,92,592817,567.13,"18-Aug-2026",7155,"",""
"3322","VISDEM","SM",85.85,86,85.85,86,86,85.85,9600,8.24,"18-Aug-2026",7,"",""
"3323","VISHAL","EQ",18.48,18.56,17.9,17.98,18.2,18.12,35825,6.55,"18-Aug-2026",199,"",""
"3324","VISHNU","EQ",618.5,662,615.15,637.5,636.1,618.25,577546,3723.12,"18-Aug-2026",18680,"",""
"3325","VISHNUINFR","SM",145.8,145.8,145.8,145.8,145.8,148,1000,1.46,"18-Aug-2026",2,"",""
"3326","VISHWARAJ","EQ",5.37,5.62,5.37,5.45,5.48,5.37,596863,32.77,"18-Aug-2026",779,"",""
"3327","VISL","EQ",37.9,38.48,37.02,37.41,37.25,37.97,17356679,6547.4,"18-Aug-2026",39162,"",""
"3328","VITAL","BE",52.15,53.48,51.3,51.33,52.56,54,13481,6.97,"18-Aug-2026",46,"",""
"3329","VIVIANA","BE",699.5,716,687.1,700,700,696.05,16764,118.21,"18-Aug-2026",299,"",""
"3330","VIVIDEL","ST",1619.2,1679,1553.3,1622.35,1645,1635.05,24720,398.19,"18-Aug-2026",95,"",""
"3331","VIVIDHA","EQ",0.54,0.54,0.51,0.53,0.54,0.53,424742,2.24,"18-Aug-2026",241,"",""
"3332","VIVIMEDLAB","BE",5.3,5.4,5,5.4,5.4,5.15,98838,5.29,"18-Aug-2026",120,"",""
"3333","VIVO","ST",160.2,160.2,146.1,146.5,146.5,152.65,8000,11.92,"18-Aug-2026",5,"",""
"3334","VIVOBIOT","EQ",19.66,19.94,19,19.1,19.15,19.68,21477,4.11,"18-Aug-2026",154,"",""
"3335","VIYASH","EQ",253.1,257.7,252.2,254.95,255.2,252.15,1369758,3494.54,"18-Aug-2026",21475,"",""
"3336","VLEGOV","BE",9.54,9.54,9.54,9.54,9.54,9.73,38145,3.64,"18-Aug-2026",150,"",""
"3337","VLINFRA","SM",25.5,26.5,25.45,25.95,26.45,25.85,30000,7.76,"18-Aug-2026",18,"",""
"3338","VLSFINANCE","EQ",256.65,259.5,251.5,252.75,252,256.6,17367,44.16,"18-Aug-2026",685,"",""
"3339","VMARCIND","SM",358.4,368.5,356.7,363.2,364.95,360.2,198000,717.73,"18-Aug-2026",109,"",""
"3340","VMART","EQ",793.9,812.6,788.25,809.4,806.45,792.3,70947,569.78,"18-Aug-2026",5605,"",""
"3341","VMM","EQ",105.8,106.17,103.67,103.71,103.71,105.5,5298866,5545.43,"18-Aug-2026",47096,"",""
"3342","VMOBILE","SM",68.1,68.2,65.9,65.9,65.9,68.1,6400,4.31,"18-Aug-2026",8,"",""
"3343","VMSTMT","EQ",49,49.95,47.1,48.63,48.9,49.85,38362,18.57,"18-Aug-2026",705,"",""
"3344","VOEPL","EQ",495,499.5,471.95,477.85,474.9,490.4,54797,266.22,"18-Aug-2026",2043,"",""
"3345","VOGL","EQ",37.66,37.97,37,37.14,37.17,37.66,18906816,7089.3,"18-Aug-2026",41277,"",""
"3346","VOITHPAPR","EQ",1696,1696,1460,1492.3,1512,1414.1,372,5.61,"18-Aug-2026",39,"",""
"3347","VOLERCAR","SM",216.25,216.25,216,216.1,216.1,218,3200,6.92,"18-Aug-2026",4,"",""
"3348","VOLTAMP","EQ",9989,10138.5,9965,10093.5,10065,10001,12530,1262.78,"18-Aug-2026",4753,"",""
"3349","VOLTAS","EQ",1262,1272,1247,1252.9,1252.9,1267,995520,12498.58,"18-Aug-2026",32504,"",""
"3350","VPRPL","EQ",34.91,36.24,34.05,34.76,34.82,34.92,397938,138.99,"18-Aug-2026",2171,"",""
"3351","VRAJ","EQ",121.51,125.5,121.01,121.48,121.14,121.5,10130,12.37,"18-Aug-2026",708,"",""
"3352","VRLLOG","EQ",295,302.95,295,297.5,297.15,296.2,128724,384.45,"18-Aug-2026",7139,"",""
"3353","VSSL","EQ",362.85,364.45,351,359.2,359.95,361.55,150777,537.64,"18-Aug-2026",5400,"",""
"3354","VSTIND","EQ",215.57,216.07,213.93,214.88,214,214.5,113621,243.96,"18-Aug-2026",2007,"",""
"3355","VSTL","EQ",106.87,108,105.11,106.44,106.55,106.87,6346,6.74,"18-Aug-2026",213,"",""
"3356","VSTTILLERS","EQ",4530,4559.8,4444,4473.3,4479,4527.4,6611,296.97,"18-Aug-2026",2205,"",""
"3357","VTL","EQ",606.2,611,587.65,598.9,610,605.25,253029,1509.71,"18-Aug-2026",15191,"",""
"3358","VTMLTD","EQ",47.99,48.5,46.58,46.79,47.05,46.94,10316,4.87,"18-Aug-2026",86,"",""
"3359","WAAREEENER","EQ",2706.9,2719.5,2693,2709.1,2709.1,2707,396655,10751.1,"18-Aug-2026",21665,"",""
"3360","WAAREEINDO","EQ",300.65,302.4,296,297.55,298.65,300.35,30065,89.77,"18-Aug-2026",1168,"",""
"3361","WAAREERTL","EQ",897,899.35,888,890.1,890,896.95,66394,591.61,"18-Aug-2026",5540,"",""
"3362","WABAG","EQ",1890,1995,1890,1980.6,1994,1897.6,649541,12603.1,"18-Aug-2026",40538,"",""
"3363","WAKEFIT","EQ",124.01,134.79,124.01,131.52,132,124.63,6325818,8256.26,"18-Aug-2026",49384,"",""
"3364","WALCHANNAG","EQ",223.2,225.63,221.82,222.6,222.25,223.91,472284,1052.5,"18-Aug-2026",6666,"",""
"3365","WANBURY","EQ",252.95,259.6,250,254.25,256,250.7,198618,507.03,"18-Aug-2026",4912,"",""
"3366","WARDINMOBI","EQ",6.16,6.8,6.16,6.28,6.31,6.25,256613,16.13,"18-Aug-2026",886,"",""
"3367","WATERBASE","EQ",47.9,47.9,45.5,46.32,47.2,47.11,8458,3.98,"18-Aug-2026",129,"",""
"3368","WCIL","EQ",87.9,88.09,85.8,86.27,86,87.99,31346,27.16,"18-Aug-2026",884,"",""
"3369","WEALTH","EQ",876,876,852.3,862.45,868,876.75,2871,24.83,"18-Aug-2026",349,"",""
"3370","WEBELSOLAR","EQ",81.14,86.94,81.14,86.93,86.94,82.8,4243102,3642.1,"18-Aug-2026",17026,"",""
"3371","WEIZMANIND","EQ",77.37,78.99,77.1,77.56,77.56,77.29,383,0.3,"18-Aug-2026",16,"",""
"3372","WEL","EQ",143.71,147.9,140.51,146.24,146.99,145.74,824447,1199.7,"18-Aug-2026",6826,"",""
"3373","WELCORP","EQ",1886.6,1934.9,1882,1917.1,1924,1882,712593,13604.6,"18-Aug-2026",35788,"",""
"3374","WELENT","EQ",569.35,578,566,575.85,576.75,569.4,208397,1192.1,"18-Aug-2026",6657,"",""
"3375","WELINV","BE",1795.1,1885,1790,1843.2,1849.9,1857.5,98196,1757.85,"18-Aug-2026",74,"",""
"3376","WELSPLSOL","EQ",48,48.93,47.25,47.96,47.52,48.47,175909,84.35,"18-Aug-2026",1474,"",""
"3377","WELSPUNLIV","EQ",168.3,182.9,167.8,177.79,177.45,168.15,53708881,96263.9,"18-Aug-2026",264121,"",""
"3378","WENDT","EQ",8115,8253.5,7985,8055,8099.5,8110,5231,421.85,"18-Aug-2026",1516,"",""
"3379","WESTLIFE","EQ",583.1,592.95,578,587.75,591.35,579.6,36576,214.89,"18-Aug-2026",4454,"",""
"3380","WEWIN","EQ",46,46,46,46,46,46,127,0.06,"18-Aug-2026",6,"",""
"3381","WEWORK","EQ",707,707,690,696.05,696,707.8,123453,860.72,"18-Aug-2026",11928,"",""
"3382","WHBRADY","EQ",505.8,507,495.3,507,507,506.95,5,0.03,"18-Aug-2026",5,"",""
"3383","WHEELS","EQ",1415,1452,1407,1442.6,1442.1,1417.5,54296,777.22,"18-Aug-2026",5218,"",""
"3384","WHIRLPOOL","EQ",778,785.15,765.15,769,769.7,777.35,158057,1220.22,"18-Aug-2026",8594,"",""
"3385","WHITEFORCE","SM",34.7,34.7,34.7,34.7,34.7,34.65,1600,0.56,"18-Aug-2026",1,"",""
"3386","WILLAMAGOR","EQ",26,26,24.99,25.15,25,24.93,2813,0.72,"18-Aug-2026",27,"",""
"3387","WINDLAS","EQ",939,939,911.95,917.95,919.4,933.4,36703,338.05,"18-Aug-2026",3463,"",""
"3388","WINDMACHIN","EQ",302.1,322,300,318.9,319.2,300.4,1516405,4701.49,"18-Aug-2026",26094,"",""
"3389","WINSOL","SM",110,117.8,110,114,113.15,111.9,19200,21.82,"18-Aug-2026",30,"",""
"3390","WIPL","EQ",165.97,168.39,161.25,162.18,163,165.97,9774,15.95,"18-Aug-2026",59,"",""
"3391","WIPRO","EQ",181.9,181.99,178.06,178.06,178.06,181.9,7074731,12691.2,"18-Aug-2026",62610,"",""
"3392","WOCKPHARMA","EQ",1898.8,1900.4,1855.1,1859.9,1859,1898.8,476558,8901.38,"18-Aug-2026",46520,"",""
"3393","WOMANCART","SM",105,109,100.35,108.45,109,103.45,46800,49.92,"18-Aug-2026",102,"",""
"3394","WONDERLA","EQ",468.7,486,468.05,476,476.6,468.7,149025,711.13,"18-Aug-2026",7020,"",""
"3395","WORTHPERI","EQ",157.88,159,152.81,154.54,154,155.29,6710,10.49,"18-Aug-2026",132,"",""
"3396","WPIL","EQ",433.85,439.4,418.65,426.35,430,433.9,36814,157.78,"18-Aug-2026",2044,"",""
"3397","WSI","EQ",60.85,61.11,58.2,60.18,61,60.83,52928,31.9,"18-Aug-2026",1258,"",""
"3398","WSTCSTPAPR","EQ",601.1,644,601.1,619.2,617.7,605.5,365686,2286.7,"18-Aug-2026",13824,"",""
"3399","WTICAB","SM",102.25,105.95,102.15,105,105,105.15,16000,16.71,"18-Aug-2026",17,"",""
"3400","XCHANGING","EQ",62.18,62.55,61.65,62.24,62.55,61.72,43955,27.24,"18-Aug-2026",645,"",""
"3401","XELPMOC","EQ",79.5,80.18,78.94,79.85,80,79.48,6393,5.09,"18-Aug-2026",245,"",""
"3402","XPROINDIA","EQ",1094,1120,1080.1,1088.6,1090,1103.7,53091,579.73,"18-Aug-2026",2520,"",""
"3403","XTGLOBAL","EQ",30.45,30.45,29.5,29.74,29.52,29.68,36734,10.9,"18-Aug-2026",244,"",""
"3404","XTRANET","EQ",159.95,172.5,155.41,168.97,168,158.7,867676,1434.82,"18-Aug-2026",13850,"",""
"3405","YAAP","SM",138,140,138,139.1,140,138,5000,6.92,"18-Aug-2026",5,"",""
"3406","YASHO","EQ",4400,4994,4399.9,4915.8,4949,4362.3,240192,11438.15,"18-Aug-2026",40510,"",""
"3407","YASHOPTICS","SM",112.5,112.5,112.5,112.5,112.5,114,1600,1.8,"18-Aug-2026",2,"",""
"3408","YATHARTH","EQ",838.7,859.8,838,854,857,842.85,218447,1862.57,"18-Aug-2026",13481,"",""
"3409","YATRA","EQ",114.5,117.2,112.86,115.5,115.49,113.95,942576,1085.12,"18-Aug-2026",10910,"",""
"3410","YESBANK","EQ",22.9,22.97,22.45,22.46,22.46,22.92,49817232,11263.01,"18-Aug-2026",64577,"",""
"3411","YOGI","EQ",157.45,174,155,155.82,174,160.9,1224,1.91,"18-Aug-2026",31,"",""
"3412","YUDIZ","SM",23.4,23.5,23.4,23.4,23.4,24.6,7200,1.69,"18-Aug-2026",8,"",""
"3413","YUKEN","EQ",836.1,892.3,814.1,881.95,880,821.95,23830,207.34,"18-Aug-2026",1884,"",""
"3414","ZAGGLE","EQ",160.61,169.9,154.36,165.88,165.94,160.48,19851829,32770.49,"18-Aug-2026",157146,"",""
"3415","ZEAL","SM",63.5,65.9,63.5,64.05,64.05,63.5,4200,2.71,"18-Aug-2026",7,"",""
"3416","ZEEL","EQ",104.87,106.95,103.5,105.32,105,104.87,24564113,25857.86,"18-Aug-2026",68302,"",""
"3417","ZEELEARN","BE",8.08,8.08,7.8,7.85,7.85,7.98,148876,11.7,"18-Aug-2026",324,"",""
"3418","ZEEMEDIA","EQ",9.72,9.85,9.3,9.38,9.39,9.7,9984323,954.5,"18-Aug-2026",11898,"",""
"3419","ZENITHEXPO","EQ",195.55,204.19,194.29,197.45,197,204.51,1132,2.25,"18-Aug-2026",60,"",""
"3420","ZENITHSTL","EQ",5.37,5.58,5.37,5.51,5.55,5.48,28389,1.57,"18-Aug-2026",121,"",""
"3421","ZENSARTECH","EQ",490.5,493.2,483,484.9,483.5,490.75,477870,2321.26,"18-Aug-2026",15008,"",""
"3422","ZENTEC","EQ",1860.1,2012.4,1855.2,1982.4,1985,1864.5,2742695,54035.67,"18-Aug-2026",139099,"",""
"3423","ZFCVINDIA","EQ",2612,2691,2601,2672.7,2670,2623.7,142083,3769.48,"18-Aug-2026",15710,"",""
"3424","ZFSTEERING","EQ",674.6,695,663.45,679.8,683,673.6,3477,23.69,"18-Aug-2026",149,"",""
"3425","ZIMLAB","EQ",115,115.4,110.22,114.51,114.78,115.2,56724,64.08,"18-Aug-2026",2511,"",""
"3426","ZODIAC","EQ",260,262.8,251.05,256.05,257.95,256.25,20013,51.27,"18-Aug-2026",1220,"",""
"3427","ZODIACLOTH","EQ",74.02,75,74.02,74.86,75,75.6,2596,1.93,"18-Aug-2026",78,"",""
"3428","ZOTA","EQ",1116.9,1127.2,1076.4,1085.4,1085,1111.4,100892,1111.78,"18-Aug-2026",5161,"",""
"3429","ZSARACOM","EQ",13414,13418,12660,13076,13089,12841,123,16.03,"18-Aug-2026",77,"",""
"3430","ZTECH","SM",501.05,510,497,502.7,500.3,499.4,22800,115.18,"18-Aug-2026",43,"",""
"3431","ZUARI","EQ",222.6,227.62,220.97,225.7,225.13,222.71,77311,173.8,"18-Aug-2026",2325,"",""
"3432","ZUARIIND","EQ",259.95,269,257.05,260.45,260.5,256.45,100921,265.68,"18-Aug-2026",2884,"",""
"3433","ZYDUSLIFE","EQ",1131.9,1144.1,1115.6,1115.6,1115.6,1131.5,810133,9127.23,"18-Aug-2026",23793,"",""
"3434","ZYDUSWELL","EQ",507.6,509.95,492.1,496.65,496.9,510.15,201281,1008.11,"18-Aug-2026",10513,"",""
