"","SYMBOL","SERIES","OPEN","HIGH","LOW","CLOSE","LAST","PREVCLOSE","TOTTRDQTY","TOTTRDVAL","TIMESTAMP","TOTALTRADES","ISIN","X"
"1","1018GS2026","GS",104.74,105,104.4,105,105,104.74,350,0.37,"21-Aug-2026",3,"",""
"2","20MICRONS","EQ",208,208,202.73,204.19,204.6,203.96,129884,266.1,"21-Aug-2026",3497,"",""
"3","21STCENMGM","EQ",43.11,43.9,43.05,43.31,43.31,43.92,10939,4.71,"21-Aug-2026",35,"",""
"4","360ONE","EQ",1208,1214,1190.1,1199,1199,1203,485140,5845.24,"21-Aug-2026",32846,"",""
"5","3BBLACKBIO","EQ",1158.9,1225,1130,1202.5,1198,1151.1,18551,218.79,"21-Aug-2026",1867,"",""
"6","3IINFOLTD","BE",21.77,23.36,21.77,23.36,23.36,22.25,233362,53.75,"21-Aug-2026",808,"",""
"7","3MINDIA","EQ",33550,33885,33290,33640,33670,33550,1581,531.61,"21-Aug-2026",1042,"",""
"8","3PLAND","EQ",31.8,32.3,31.5,32.11,32.19,31.6,1963,0.62,"21-Aug-2026",73,"",""
"9","574GS2026","GS",100.85,101.4,100.85,101.4,101.4,100.85,6,0.01,"21-Aug-2026",2,"",""
"10","579GS2030","GS",99.5,99.5,99.5,99.5,99.5,98.49,1000,1,"21-Aug-2026",1,"",""
"11","5PAISA","EQ",389,391.9,382.05,384.25,384,390.9,47557,184.01,"21-Aug-2026",2267,"",""
"12","601GS2030","GS",98.21,99.6,98.21,99.6,99.6,98.21,197,0.19,"21-Aug-2026",3,"",""
"13","603GS2029","GS",98.81,100,98.81,100,100,103.68,1000,0.99,"21-Aug-2026",4,"",""
"14","610GS2031","GS",98,98,98,98,98,101,299,0.29,"21-Aug-2026",1,"",""
"15","619GS2034","GS",99.2,99.2,99.2,99.2,99.2,99.2,100,0.1,"21-Aug-2026",1,"",""
"16","620GS2029","GS",99.5,99.89,99.5,99.55,99.55,99.23,6079,6.06,"21-Aug-2026",4,"",""
"17","622GS2035","GS",98.95,98.95,98.95,98.95,98.95,98.95,99,0.1,"21-Aug-2026",1,"",""
"18","633GS2035","GS",99,99.5,99,99.5,99.5,99,12811,12.74,"21-Aug-2026",3,"",""
"19","636GS2031","GS",98.11,103,98.11,101.99,101.99,101.24,3097,3.11,"21-Aug-2026",15,"",""
"20","63MOONS","EQ",774.9,803.9,767,795.5,796.55,770.8,460693,3644.13,"21-Aug-2026",20300,"",""
"21","648GS2035","GS",98.56,98.56,98.56,98.56,98.56,99.31,1000,0.99,"21-Aug-2026",1,"",""
"22","654GS2032","GS",99.3,99.3,99.3,99.3,99.3,99.51,14150,14.05,"21-Aug-2026",4,"",""
"23","664GS2027","GS",101.6,101.6,101.6,101.6,101.6,102,9,0.01,"21-Aug-2026",2,"",""
"24","664GS2035","GS",98.65,98.65,98.65,98.65,98.65,98,96,0.09,"21-Aug-2026",1,"",""
"25","667GS2035","GS",105.75,105.75,105.75,105.75,105.75,100.9,1,0,"21-Aug-2026",1,"",""
"26","667GS2050","GS",92.51,92.51,92,92.44,92.44,92.44,5057,4.67,"21-Aug-2026",15,"",""
"27","668GS2033","GS",100,100,100,100,100,99.62,100,0.1,"21-Aug-2026",1,"",""
"28","668GS2040","GS",98.5,99.45,96.4,99.45,99.45,98.06,3720,3.6,"21-Aug-2026",8,"",""
"29","675GS2029","GS",101.5,101.5,101,101.3,101.3,101.6,6500,6.59,"21-Aug-2026",6,"",""
"30","676GS2061","GS",92.07,92.5,91,91.49,91.49,94.38,14928,13.63,"21-Aug-2026",54,"",""
"31","679GS2031","GS",102,102,100.5,100.62,100.5,102,4100,4.13,"21-Aug-2026",4,"",""
"32","68GS2060","GS",91.26,92.25,91.25,92.25,92.25,93.1,5020,4.61,"21-Aug-2026",7,"",""
"33","690GS2065","GS",94.4,94.74,94,94.06,94,94.69,128205,120.82,"21-Aug-2026",53,"",""
"34","694GS2036","GS",102.5,102.5,101.48,101.48,101.48,102.5,395,0.4,"21-Aug-2026",4,"",""
"35","695GS2061","GS",94.95,94.95,94,94.23,94.3,94,2085,1.97,"21-Aug-2026",4,"",""
"36","698GR2054","GS",92.1,92.1,92.06,92.06,92.06,93,100,0.09,"21-Aug-2026",2,"",""
"37","699GS2051","GS",97,97,96.12,96.12,96.12,96.25,6151,5.92,"21-Aug-2026",7,"",""
"38","702GS2027","GS",101.75,101.75,101.75,101.75,101.75,101.71,100,0.1,"21-Aug-2026",1,"",""
"39","706GS2041","GS",100,102.25,100,102.25,102.25,102.7,240,0.24,"21-Aug-2026",2,"",""
"40","706GS2046","GS",101.65,103,101.65,103,103,107,101,0.1,"21-Aug-2026",3,"",""
"41","709GS2054","GS",97,97.21,97,97.05,97.05,97,1322,1.28,"21-Aug-2026",7,"",""
"42","709GS2074","GS",96.05,96.05,95.87,95.88,96,96.25,60706,58.28,"21-Aug-2026",37,"",""
"43","710GS2029","GS",104.35,104.35,103.25,103.75,103.75,103.68,10293,10.65,"21-Aug-2026",10,"",""
"44","718GS2033","GS",103.1,103.2,103,103.2,103.2,103.2,134498,138.65,"21-Aug-2026",27,"",""
"45","718GS2037","GS",104,104.8,103.25,103.25,103.25,104.82,3001,3.11,"21-Aug-2026",5,"",""
"46","723GS2039","GS",104.4,104.4,104.4,104.4,104.4,104.4,100,0.1,"21-Aug-2026",1,"",""
"47","724GS2055","GS",98.4,99,98,98.35,98.35,98.2,90730,89.35,"21-Aug-2026",57,"",""
"48","725GS2063","GS",98.77,98.77,98.12,98.21,98.2,98.15,316104,310.38,"21-Aug-2026",220,"",""
"49","726GS2032","GS",106.85,106.85,105.75,106.65,106.65,107,20350,21.71,"21-Aug-2026",8,"",""
"50","732GS2030","GS",103.9,103.9,103.9,103.9,103.9,103.9,150,0.16,"21-Aug-2026",1,"",""
"51","734GS2064","GS",100.17,100.17,100,100.15,100.15,100.27,69672,69.7,"21-Aug-2026",31,"",""
"52","736GS2052","GS",103.8,103.8,103.8,103.8,103.8,103.99,322,0.33,"21-Aug-2026",1,"",""
"53","737GS2028","GS",104.5,104.5,104.25,104.25,104.25,104.5,600,0.63,"21-Aug-2026",4,"",""
"54","738GS2027","GS",102.28,102.5,102.01,102.26,102.26,102.28,80790,82.59,"21-Aug-2026",17,"",""
"55","73GS2053","GS",100.55,100.55,99.55,99.81,99.89,100,42665,42.61,"21-Aug-2026",25,"",""
"56","741GS2036","GS",105.99,105.99,105.4,105.87,105.99,106.65,2200,2.33,"21-Aug-2026",8,"",""
"57","743GS2076","GS",100.5,100.5,100.5,100.5,100.5,100.5,200,0.2,"21-Aug-2026",1,"",""
"58","746GS2073","GS",101.8,101.8,101.8,101.8,101.8,101.44,3637,3.7,"21-Aug-2026",10,"",""
"59","74GS2062","GS",101.99,101.99,101.99,101.99,101.99,101.99,1484,1.51,"21-Aug-2026",5,"",""
"60","754GS2036","GS",106.64,107.09,106.59,106.86,106.85,106.74,167424,178.82,"21-Aug-2026",83,"",""
"61","771GS2066","GS",104.05,105.8,104.05,105.68,105.68,104.6,1275,1.34,"21-Aug-2026",6,"",""
"62","795GS2032","GS",109,109,109,109,109,112,100,0.11,"21-Aug-2026",1,"",""
"63","813GS2045","GS",113.99,113.99,113.99,113.99,113.99,113.99,1,0,"21-Aug-2026",1,"",""
"64","824GS2027","GS",103.9,103.9,103.3,103.3,103.3,103,102,0.11,"21-Aug-2026",3,"",""
"65","883GS2041","GS",115.25,115.25,115.25,115.25,115.25,115.25,50,0.06,"21-Aug-2026",4,"",""
"66","897GS2030","GS",111.51,112,111.3,112,112,112.48,2640,2.95,"21-Aug-2026",12,"",""
"67","92GS2030","GS",114.8,115,113.2,114.8,114.8,114.68,22740,25.9,"21-Aug-2026",30,"",""
"68","A2ZINFRA","EQ",15.6,15.94,15.02,15.46,15.3,15.19,1508726,235.17,"21-Aug-2026",1498,"",""
"69","AAATECH","EQ",93.85,96.05,93.58,95.71,96,93.86,14822,14.07,"21-Aug-2026",538,"",""
"70","AADHARHFC","EQ",473.85,473.85,459.75,462.55,461.5,474.95,1132761,5255.31,"21-Aug-2026",24999,"",""
"71","AAKAAR","SM",60.95,61.3,60,61.3,61.3,58.4,19200,11.73,"21-Aug-2026",12,"",""
"72","AAKASH","EQ",8.62,8.75,8.46,8.71,8.7,8.54,95815,8.3,"21-Aug-2026",259,"",""
"73","AARADHYA","SM",67.05,69.95,67.05,69.95,69.95,69,8400,5.79,"21-Aug-2026",6,"",""
"74","AAREYDRUGS","EQ",80.79,81.95,77.07,81.2,78.1,80.59,698965,560.35,"21-Aug-2026",1372,"",""
"75","AARNAV","BE",33.7,35.39,32.15,33.78,32.9,33.71,10208,3.5,"21-Aug-2026",88,"",""
"76","AARON","EQ",138,142,136.8,137.64,137.6,139.3,16559,23,"21-Aug-2026",445,"",""
"77","AARTECH","BE",50.67,51.79,48.14,48.29,48.14,50.67,235715,114.7,"21-Aug-2026",487,"",""
"78","AARTIDRUGS","EQ",413.45,420,410.1,417.4,418,414.75,171553,712.85,"21-Aug-2026",5823,"",""
"79","AARTIIND","EQ",519,533.7,516.4,527.2,527.1,520.05,995748,5240.27,"21-Aug-2026",24730,"",""
"80","AARTIPHARM","EQ",829.25,836.95,806.4,816.8,816.1,829.25,511140,4189.21,"21-Aug-2026",26498,"",""
"81","AARTISURF","BE",546.05,588,535,572.95,566,562.05,25729,143,"21-Aug-2026",606,"",""
"82","AARVI","EQ",155,157.98,151.23,152.5,152.5,153.96,51588,79,"21-Aug-2026",558,"",""
"83","AASTHA","EQ",73.43,73.69,73,73.03,73.12,73.32,174496,127.76,"21-Aug-2026",1442,"",""
"84","AATMAJ","SM",19,19,18.55,18.55,18.55,19,4000,0.75,"21-Aug-2026",2,"",""
"85","AAVAS","EQ",1364.8,1374.6,1351,1355.3,1352.5,1364.9,53900,732.32,"21-Aug-2026",7511,"",""
"86","ABAN","BE",16.72,16.72,16.71,16.71,16.71,17.05,7389,1.23,"21-Aug-2026",58,"",""
"87","ABANSENT","EQ",27.49,28.72,27.37,27.98,27.7,27.36,13820,3.91,"21-Aug-2026",186,"",""
"88","ABB","EQ",7474,7545,7405,7424,7424,7479,85392,6352.81,"21-Aug-2026",13542,"",""
"89","ABBOTINDIA","EQ",26120,26315,25905,26230,26250,26120,8779,2290.9,"21-Aug-2026",4311,"",""
"90","ABCAPITAL","EQ",410,413,407.7,413,413,409,3668437,15078.47,"21-Aug-2026",52179,"",""
"91","ABCOTS","EQ",213.88,218.9,208.51,209.42,209.14,211.1,8615,18.28,"21-Aug-2026",342,"",""
"92","ABDL","EQ",590.8,599.9,584.3,595,597.85,595.45,298299,1768.75,"21-Aug-2026",11954,"",""
"93","ABFRL","EQ",54.8,55.09,54.25,54.35,54.38,54.75,3032302,1661.2,"21-Aug-2026",22514,"",""
"94","ABGSEC","EQ",114.19,115.43,114.19,115.07,115.33,114.32,38,0.04,"21-Aug-2026",8,"",""
"95","ABHAPOWER","SM",24.75,24.75,24.75,24.75,24.75,24.75,1600,0.4,"21-Aug-2026",1,"",""
"96","ABINFRA","EQ",13.35,13.73,12.2,12.63,12.5,13.34,14180685,1879.46,"21-Aug-2026",12349,"",""
"97","ABLBL","EQ",86.5,87.1,86,86.12,86.13,86.5,533275,462.06,"21-Aug-2026",6640,"",""
"98","ABMINTLLTD","BE",55.9,55.92,53.25,55.92,55.92,53.26,3867,2.13,"21-Aug-2026",74,"",""
"99","ABMKNO","EQ",190,192,185.1,189.87,187,191.41,3460,6.6,"21-Aug-2026",28,"",""
"100","ABREL","EQ",1459.9,1465,1386.5,1406.3,1398,1445.5,399297,5746.8,"21-Aug-2026",23676,"",""
"101","ABSL10BANK","EQ",169.39,169.96,169,169.17,169,168.47,1227,2.08,"21-Aug-2026",22,"",""
"102","ABSLAMC","EQ",995.4,1016.5,992.7,1008.4,1009,995.4,155013,1558.91,"21-Aug-2026",11570,"",""
"103","ABSLBANETF","EQ",58.77,59.28,58.77,59.17,59.04,59.08,112082,66.3,"21-Aug-2026",694,"",""
"104","ABSLLIQUID","EQ",999.99,1000.01,999.99,1000,1000,999.99,12372,123.72,"21-Aug-2026",44,"",""
"105","ABSLMSCIN","EQ",29.83,29.83,29.77,29.8,29.8,29.75,25,0.01,"21-Aug-2026",5,"",""
"106","ABSLNN50ET","EQ",78.08,78.21,77.64,77.74,78,78.29,11369,8.85,"21-Aug-2026",195,"",""
"107","ABSLPSE","EQ",10.29,10.29,10.15,10.18,10.2,10.15,170746,17.41,"21-Aug-2026",295,"",""
"108","ABSMARINE","ST",239.05,249,237,247.5,248,238.45,41000,99.36,"21-Aug-2026",65,"",""
"109","ACC","EQ",1304.6,1322.7,1299,1307.4,1309.1,1301.1,119003,1557.94,"21-Aug-2026",8188,"",""
"110","ACCELYA","EQ",1135.5,1149,1131.1,1138.6,1147,1139.5,5543,63.27,"21-Aug-2026",534,"",""
"111","ACCENTMIC","SM",608.95,608.95,593,605.05,606,598.3,65000,390.52,"21-Aug-2026",95,"",""
"112","ACCPL","ST",204,204.05,199,202.3,199,208,15600,31.61,"21-Aug-2026",8,"",""
"113","ACCURACY","BE",4.66,4.66,4.57,4.59,4.6,4.68,90250,4.15,"21-Aug-2026",176,"",""
"114","ACE","EQ",1155,1189,1145.1,1182.2,1185,1164.4,422951,4972.93,"21-Aug-2026",31605,"",""
"115","ACEINTEG","EQ",17.75,18.2,17.3,17.89,17.9,17.73,5907,1.04,"21-Aug-2026",100,"",""
"116","ACGL","EQ",1800,1834.2,1790,1806.2,1791,1802,520,9.45,"21-Aug-2026",118,"",""
"117","ACI","EQ",499.95,505,497,497.85,497.55,499.95,117864,588.03,"21-Aug-2026",5240,"",""
"118","ACL","EQ",46.39,46.39,45,45.2,45,45.77,18479,8.38,"21-Aug-2026",231,"",""
"119","ACMESOLAR","EQ",400,411.3,392.9,401.6,400.9,397.4,4540521,18366.31,"21-Aug-2026",84325,"",""
"120","ACSTECH","EQ",50,51.1,50,50.78,50.98,49.71,155971,79.05,"21-Aug-2026",985,"",""
"121","ACTIVEINFR","SM",180.2,181.35,180.2,181.25,181.25,177.8,34200,61.89,"21-Aug-2026",6,"",""
"122","ACUTAAS","EQ",3212.6,3259,3160,3169,3170,3210.5,220694,7021.07,"21-Aug-2026",22264,"",""
"123","ADANIENSOL","EQ",1556.9,1559.5,1527.3,1541.9,1541.9,1548.5,2335751,36044.92,"21-Aug-2026",95071,"",""
"124","ADANIENT","EQ",2995,3007.5,2981,2997,2997,2994.9,803177,24043.04,"21-Aug-2026",53678,"",""
"125","ADANIGREEN","EQ",1310.2,1324.9,1310.1,1320,1320,1301.8,1151739,15167.26,"21-Aug-2026",31520,"",""
"126","ADANIPORTS","EQ",1697.2,1702,1684.9,1700,1700,1696,1113535,18854.72,"21-Aug-2026",59567,"",""
"127","ADANIPOWER","EQ",203.99,205.5,202.83,205.5,205.5,204,10503673,21417.49,"21-Aug-2026",77913,"",""
"128","ADDICTIVE","SM",44.4,46.6,44.4,46.6,46.6,44.4,12500,5.78,"21-Aug-2026",24,"",""
"129","ADDIND","EQ",88,90.01,72.07,80.66,80.22,80,4334,3.58,"21-Aug-2026",50,"",""
"130","ADFFOODS","EQ",266.15,272.1,264.35,267.6,268.4,267.35,104188,280.15,"21-Aug-2026",3814,"",""
"131","ADISOFT","SM",188.45,215.85,188.45,206.25,207,188.45,202400,412.55,"21-Aug-2026",230,"",""
"132","ADL","EQ",71,72.87,70.1,71.98,72,71.99,769,0.55,"21-Aug-2026",13,"",""
"133","ADOR","EQ",1683.9,1696.9,1612.5,1617.6,1619.9,1684,43423,712.45,"21-Aug-2026",5443,"",""
"134","ADROITINFO","EQ",9.96,10.64,9.96,10.04,10.01,10.23,22974,2.34,"21-Aug-2026",176,"",""
"135","ADSL","EQ",109.35,109.65,108,108.49,108.84,109.63,109093,118.45,"21-Aug-2026",2153,"",""
"136","ADVAIT","EQ",2131.4,2131.4,2075,2086,2090,2115.4,21300,445.87,"21-Aug-2026",3125,"",""
"137","ADVANCE","EQ",115.2,120.8,115.2,119.2,119.28,115.93,188867,224.66,"21-Aug-2026",2766,"",""
"138","ADVANIHOTR","EQ",49.5,50.85,49,49.61,49.6,49.49,27063,13.45,"21-Aug-2026",367,"",""
"139","ADVENTHTL","EQ",133.15,136,132.72,133.2,132.72,135.54,99941,133.86,"21-Aug-2026",1462,"",""
"140","ADVENZYMES","EQ",303,308.05,299.05,300,300,303,457606,1391.72,"21-Aug-2026",10530,"",""
"141","ADVIKCA","EQ",1.2,1.22,1.19,1.2,1.21,1.2,178394,2.15,"21-Aug-2026",225,"",""
"142","AEGISLOG","EQ",1336.5,1449,1330,1417.9,1417,1336.2,1431784,20112.21,"21-Aug-2026",56097,"",""
"143","AEGISVOPAK","EQ",268.7,277.85,266.75,276.3,276.3,266.6,850492,2335.22,"21-Aug-2026",13752,"",""
"144","AEPL","EQ",14.8,15.25,14.25,14.64,14.85,14.99,21515,3.15,"21-Aug-2026",179,"",""
"145","AEQUS","EQ",261.4,265,257.5,259.22,259,260.09,2347944,6149.64,"21-Aug-2026",33755,"",""
"146","AEROENTER","EQ",130.65,141.35,130.65,140.07,139.55,130.65,2736113,3792.22,"21-Aug-2026",22884,"",""
"147","AEROFLEX","EQ",475.3,504.9,472.3,503,502.5,475.3,3065737,15187.48,"21-Aug-2026",58781,"",""
"148","AERON","SM",75.45,75.45,72.9,73.7,74.15,74,9000,6.62,"21-Aug-2026",9,"",""
"149","AERONEU","EQ",83.26,86.55,81.56,82.97,83.49,82.43,73620,61.56,"21-Aug-2026",2076,"",""
"150","AEROPLANE","EQ",181.4,182.3,174,175.82,175.6,182.56,244296,434.62,"21-Aug-2026",4019,"",""
"151","AESTHETIK","SM",71.55,72,71.55,72,72,71.2,2000,1.44,"21-Aug-2026",2,"",""
"152","AETHER","EQ",1634.8,1641.3,1584.2,1626.6,1620.5,1634.4,331399,5359.19,"21-Aug-2026",35375,"",""
"153","AFCONS","EQ",281,281.6,277.5,278.9,279,280.2,274437,767.08,"21-Aug-2026",5721,"",""
"154","AFFLE","EQ",1729.5,1732,1705,1718.7,1719.8,1729.5,73288,1261.98,"21-Aug-2026",8847,"",""
"155","AFFORDABLE","BE",164.7,169.18,162.01,166.81,169.18,164.71,13464,22.33,"21-Aug-2026",229,"",""
"156","AFIL","EQ",9.7,9.7,9.22,9.33,9.35,9.41,296600,27.7,"21-Aug-2026",644,"",""
"157","AFSL","EQ",202.95,203.19,201,201.34,201.65,202.14,7516,15.16,"21-Aug-2026",134,"",""
"158","AGARIND","EQ",492.1,496,488,491.8,496,491.75,15545,76.3,"21-Aug-2026",853,"",""
"159","AGARWALEYE","EQ",501.1,502.5,495.05,500.2,499.4,503.1,453200,2264.18,"21-Aug-2026",8379,"",""
"160","AGARWALTUF","SM",140.05,145.8,138.7,143.25,144.5,141.9,39600,56.26,"21-Aug-2026",33,"",""
"161","AGI","EQ",711.75,758.75,710.1,753.6,752.6,711.65,679726,5036.98,"21-Aug-2026",21884,"",""
"162","AGIIL","EQ",309,310.2,289.5,291.25,290.5,293.7,2284537,6881.97,"21-Aug-2026",25074,"",""
"163","AGL","EQ",13.18,13.4,12.64,13.12,13.19,12.73,8593909,1119.51,"21-Aug-2026",10705,"",""
"164","AGNI","SM",15.3,15.3,15.3,15.3,15.3,15.3,5000,0.77,"21-Aug-2026",2,"",""
"165","AGRITECH","EQ",101.64,105,101.01,103.02,102,102.16,2873,2.96,"21-Aug-2026",110,"",""
"166","AGROPHOS","EQ",26.53,26.53,25.11,25.74,25.85,26.01,30540,7.87,"21-Aug-2026",237,"",""
"167","AGSTRA","BZ",2.09,2.09,2,2,2.05,2.04,110545,2.23,"21-Aug-2026",223,"",""
"168","AHCL","EQ",14.37,14.64,14.22,14.28,14.38,14.37,1740886,251.08,"21-Aug-2026",1950,"",""
"169","AHIMSA","ST",28.5,28.5,25.8,25.8,25.8,27.15,90000,25.57,"21-Aug-2026",13,"",""
"170","AHLADA","EQ",38.2,38.78,37.67,37.93,37.99,38.59,17413,6.6,"21-Aug-2026",179,"",""
"171","AHLEAST","EQ",138.9,143.99,138.9,139.93,139.06,142.79,1487,2.1,"21-Aug-2026",53,"",""
"172","AHLUCONT","EQ",693.5,704.95,688.35,696.2,697,693.5,44966,313.36,"21-Aug-2026",3213,"",""
"173","AHLWEST","BE",540,559.95,526.1,559.95,559.95,548.95,13,0.07,"21-Aug-2026",4,"",""
"174","AIAENG","EQ",4357.6,4425.5,4315,4348.9,4330.1,4357.6,21350,926.68,"21-Aug-2026",6808,"",""
"175","AIIL","EQ",532.2,565.4,532.2,552.25,552.8,532.3,673353,3720.1,"21-Aug-2026",25702,"",""
"176","AILIMITED","SM",34.15,34.15,32.7,32.7,32.7,34.1,6000,2.01,"21-Aug-2026",4,"",""
"177","AIMTRON","SM",1700.6,1711,1665.1,1675.1,1665.1,1681.6,25200,423.81,"21-Aug-2026",121,"",""
"178","AIRAN","EQ",14.95,15.13,14.95,15.03,15.08,15.03,31731,4.77,"21-Aug-2026",208,"",""
"179","AIROLAM","EQ",89.75,90,88.1,89,89,88.99,9528,8.52,"21-Aug-2026",26,"",""
"180","AISL","SM",57.85,57.85,57.85,57.85,57.85,55.1,3600,2.08,"21-Aug-2026",6,"",""
"181","AJANTPHARM","EQ",3695,3717.5,3625,3639.8,3650,3658.6,51825,1895.42,"21-Aug-2026",16679,"",""
"182","AJAXENGG","EQ",568.7,568.75,560.85,565.65,565,566.4,32517,183.87,"21-Aug-2026",2773,"",""
"183","AJMERA","EQ",118.23,121.34,117.32,117.96,118.44,119.07,260334,311.05,"21-Aug-2026",4013,"",""
"184","AJOONI","EQ",3.75,3.85,3.55,3.72,3.74,3.75,412366,15.4,"21-Aug-2026",804,"",""
"185","AKANKSHA","SM",115.65,121.4,115.65,121.4,121.4,115.65,18000,21.33,"21-Aug-2026",13,"",""
"186","AKASH","EQ",24.75,25.8,24.37,24.97,25.15,25.01,9729,2.43,"21-Aug-2026",94,"",""
"187","AKCAPIT","EQ",1765,1779,1745,1750,1748,1765.2,1783,31.33,"21-Aug-2026",240,"",""
"188","AKG","EQ",8.85,9.34,8.85,8.99,8.99,8.87,80422,7.16,"21-Aug-2026",153,"",""
"189","AKI","EQ",4.36,4.36,4.15,4.18,4.15,4.24,207644,8.83,"21-Aug-2026",404,"",""
"190","AKIKO","SM",370.05,394.75,370.05,392.25,392,380.1,20000,77.19,"21-Aug-2026",22,"",""
"191","AKSHAR","EQ",0.41,0.42,0.41,0.41,0.42,0.41,446949,1.86,"21-Aug-2026",203,"",""
"192","AKSHARCHEM","BE",303,310,299.1,303.22,305,301.95,8880,26.89,"21-Aug-2026",495,"",""
"193","AKSHOPTFBR","BE",6.94,7.66,6.94,7.66,7.66,7.3,1047997,77.25,"21-Aug-2026",1031,"",""
"194","AKUMS","EQ",755,763.9,747.7,750,750,752.9,255662,1924.03,"21-Aug-2026",18342,"",""
"195","ALANKIT","EQ",8.37,8.37,8.08,8.16,8.18,8.15,121089,9.9,"21-Aug-2026",306,"",""
"196","ALBERTDAVD","EQ",869.9,870,850.05,864.15,869.8,863.15,8329,71.59,"21-Aug-2026",703,"",""
"197","ALCODIS","SM",63.5,63.5,63.5,63.5,63.5,63.5,8125,5.16,"21-Aug-2026",5,"",""
"198","ALEMBICLTD","EQ",92,93.2,90.42,92.73,92.82,91.63,636995,586.6,"21-Aug-2026",5215,"",""
"199","ALFREDHE","EQ",2999,3098.9,2925,2967.8,2967,3000,29,0.87,"21-Aug-2026",20,"",""
"200","ALGOQUANT","EQ",65.05,66.34,64.56,65,65.3,65.13,1122045,729.98,"21-Aug-2026",1739,"",""
"201","ALICON","EQ",746.75,750.35,734.55,741.1,737.3,746.75,17926,132.92,"21-Aug-2026",1355,"",""
"202","ALIVUS","EQ",1365.6,1384.7,1331.1,1350.9,1357,1370,69399,935.16,"21-Aug-2026",11814,"",""
"203","ALKALI","BE",65.5,68.5,65.5,67.87,67.87,67.95,1528,1.03,"21-Aug-2026",31,"",""
"204","ALKEM","EQ",5400,5454,5340,5400,5400,5400,76854,4130.57,"21-Aug-2026",12906,"",""
"205","ALKYLAMINE","EQ",1929,2072.5,1915,2052.7,2048,1923.8,462177,9368.2,"21-Aug-2026",38949,"",""
"206","ALLCARGO","EQ",10.55,12.59,10.47,12.17,12.23,10.51,110075884,13025.22,"21-Aug-2026",182645,"",""
"207","ALLDIGI","EQ",806.9,819.9,802.9,814.8,811.05,802.85,3536,28.68,"21-Aug-2026",369,"",""
"208","ALLETEC","ST",122,123,119.5,119.75,119.5,121.6,32400,39.02,"21-Aug-2026",74,"",""
"209","ALLTIME","EQ",209.25,210.42,202,203.02,202.1,208.21,78943,161.87,"21-Aug-2026",1850,"",""
"210","ALMONDZ","EQ",13.55,14.2,13.55,14.16,14.15,13.55,68650,9.55,"21-Aug-2026",237,"",""
"211","ALOKINDS","EQ",11.54,11.69,11.5,11.57,11.59,11.54,2609999,303.21,"21-Aug-2026",4348,"",""
"212","ALPA","EQ",63.36,64.5,62,62.75,63.2,62.1,6628,4.17,"21-Aug-2026",76,"",""
"213","ALPEXSOLAR","SM",830,840,811,815.8,815,828.95,47800,393.69,"21-Aug-2026",370,"",""
"214","ALPHA","EQ",54,54.25,53.86,54.14,54.25,53.84,859170,464.19,"21-Aug-2026",2095,"",""
"215","ALPHAETF","EQ",26.69,26.77,26.65,26.71,26.71,26.57,459454,122.77,"21-Aug-2026",673,"",""
"216","ALPHAGEO","BE",326,333,313.8,331.41,331,328.66,33333,107.21,"21-Aug-2026",377,"",""
"217","ALPINETEX","EQ",59.1,59.94,58.1,58.5,58.1,59.41,109478,64.47,"21-Aug-2026",1727,"",""
"218","ALPL30IETF","EQ",28.23,28.24,28.02,28.07,28.15,28.23,1230492,345.03,"21-Aug-2026",982,"",""
"219","ALUFLUOR","EQ",441,463.5,441,460.45,460.15,443.95,12685,57.93,"21-Aug-2026",404,"",""
"220","ALUWIND","SM",46,52.9,45.5,50.75,52,47.2,123000,59.47,"21-Aug-2026",67,"",""
"221","AMAGI","EQ",606,627.6,586.15,599.85,602.8,576.45,5617463,34164.75,"21-Aug-2026",148980,"",""
"222","AMAL","EQ",792,792,756.1,772.95,787,793.6,6851,53.41,"21-Aug-2026",545,"",""
"223","AMANTA","BE",188.95,195.83,186,195.79,195.83,186.51,254898,495.25,"21-Aug-2026",1106,"",""
"224","AMARJOTHI","EQ",160,165,156,161.2,164.9,163.61,4176,6.72,"21-Aug-2026",72,"",""
"225","AMBAAUTO","SM",107.5,110.25,106.1,107.95,107.95,105.4,75000,81.24,"21-Aug-2026",24,"",""
"226","AMBALALSA","BE",46.5,48,45.36,45.36,45.36,47.74,86066,39.31,"21-Aug-2026",343,"",""
"227","AMBANIORGO","SM",110.1,110.1,110.1,110.1,110.1,115,2000,2.2,"21-Aug-2026",1,"",""
"228","AMBER","EQ",7275,7385,7261,7350,7350,7275,170487,12517.94,"21-Aug-2026",16300,"",""
"229","AMBICAAGAR","EQ",24.83,24.94,24.4,24.77,24.77,24.71,1683,0.41,"21-Aug-2026",26,"",""
"230","AMBIKCO","EQ",1647.8,1699,1642.2,1677,1678.3,1647.8,15815,265.24,"21-Aug-2026",1487,"",""
"231","AMBUJACEM","EQ",410,420.25,407.9,414.5,414.5,411,5526988,22974.01,"21-Aug-2026",35448,"",""
"232","AMCL","SM",369,376.95,361,366.75,370.55,370.05,7200,26.43,"21-Aug-2026",18,"",""
"233","AMDIND","EQ",54.47,55,53.11,54.3,54.1,53.94,30640,16.63,"21-Aug-2026",228,"",""
"234","AMEYA","SM",108.5,108.5,108.5,108.5,108.5,109.5,1000,1.09,"21-Aug-2026",1,"",""
"235","AMJLAND","EQ",39,39.49,38.2,38.77,39,38.91,16091,6.25,"21-Aug-2026",196,"",""
"236","AMNPLST","EQ",187,196,187,191.03,190,183.04,10242,19.48,"21-Aug-2026",527,"",""
"237","AMRUTANJAN","EQ",526,548,522.5,536.35,533.25,521.65,622634,3338.35,"21-Aug-2026",20271,"",""
"238","ANANDRATHI","EQ",2171.1,2198,2167,2188,2190.4,2171.1,125671,2749.2,"21-Aug-2026",14312,"",""
"239","ANANTAM","IV",105.1,105.71,104.9,105.51,105.58,105.39,924742,971.27,"21-Aug-2026",290,"",""
"240","ANANTRAJ","EQ",637.05,642.95,623,625,623.1,633.85,1207841,7604.93,"21-Aug-2026",25022,"",""
"241","ANAWIL","ST",450,465.15,445,465.15,465.15,443,306800,1416.14,"21-Aug-2026",527,"",""
"242","ANDHRAPAP","EQ",60.65,63.33,59.62,59.96,59.62,60.34,478792,292.72,"21-Aug-2026",2526,"",""
"243","ANDHRSUGAR","EQ",102.61,102.61,96.99,98.84,98.9,102.74,1333296,1318.2,"21-Aug-2026",11409,"",""
"244","ANDREWYU","EQ",26.45,26.45,24.51,26.08,26.06,26.12,69940,18.27,"21-Aug-2026",311,"",""
"245","ANGELONE","EQ",289.5,292.35,287.15,287.8,287.8,289.5,3614925,10450.86,"21-Aug-2026",34814,"",""
"246","ANIKINDS","EQ",45.14,45.54,44,45.46,45.48,44,17499,7.79,"21-Aug-2026",126,"",""
"247","ANKITMETAL","BZ",1.64,1.64,1.53,1.64,1.64,1.57,19810,0.32,"21-Aug-2026",51,"",""
"248","ANLON","SM",677.95,677.95,670,670,670,677.95,800,5.39,"21-Aug-2026",2,"",""
"249","ANMOL","EQ",9.93,10.14,9.93,10.02,10.04,10.11,53161,5.33,"21-Aug-2026",190,"",""
"250","ANNAPURNA","EQ",154,154.5,145.35,151.7,154,152.1,47716,71.36,"21-Aug-2026",547,"",""
"251","ANONDITA","SM",1063.1,1099.95,1049.9,1054.6,1051,1075,60600,641.74,"21-Aug-2026",161,"",""
"252","ANSALAPI","BZ",3.44,3.45,3.39,3.4,3.4,3.39,3598,0.12,"21-Aug-2026",28,"",""
"253","ANSALBU","EQ",75,75,73,73.5,73.5,73,391,0.29,"21-Aug-2026",14,"",""
"254","ANTELOPUS","EQ",796,816.4,788.9,800.1,802,796.65,110571,886.41,"21-Aug-2026",5831,"",""
"255","ANTGRAPHIC","EQ",0.72,0.75,0.72,0.74,0.75,0.72,224237,1.66,"21-Aug-2026",157,"",""
"256","ANTHEM","EQ",893,894.9,868.9,871.45,869.5,874.5,781238,6860.65,"21-Aug-2026",38420,"",""
"257","ANUHPHR","EQ",76.4,76.98,75.8,76.03,76.4,75.91,26871,20.46,"21-Aug-2026",462,"",""
"258","ANUP","EQ",1818,1846.4,1790.3,1808.9,1820,1811.8,20043,365.83,"21-Aug-2026",3185,"",""
"259","ANURAS","EQ",1240,1251,1233.5,1243.7,1246,1239.4,454805,5643.55,"21-Aug-2026",10260,"",""
"260","ANYA","SM",14.95,15,14.8,14.8,14.8,14.7,15000,2.24,"21-Aug-2026",3,"",""
"261","ANZEN","IV",131,131,131,131,131,131.5,425000,556.75,"21-Aug-2026",1,"",""
"262","AONEGOLD","EQ",14.83,14.84,14.59,14.79,14.81,14.54,1189568,175.57,"21-Aug-2026",1844,"",""
"263","AONELIQUID","EQ",1073.77,1073.78,1073.75,1073.77,1073.76,1073.33,13500,144.96,"21-Aug-2026",80,"",""
"264","AONENIFTY","EQ",10,10.25,10,10,10.01,10,85134,8.54,"21-Aug-2026",1054,"",""
"265","AONESILVER","EQ",9.19,9.31,9.01,9.26,9.27,8.97,1468285,135.62,"21-Aug-2026",1648,"",""
"266","AONETMMQ50","EQ",10.4,10.41,10.31,10.31,10.4,10.35,28940,3,"21-Aug-2026",215,"",""
"267","AONETOTAL","EQ",12.03,12.09,11.98,12.01,12.05,11.98,146423,17.59,"21-Aug-2026",1227,"",""
"268","APARINDS","EQ",16700,17049,16621,16856,16858,16784,93087,15669.68,"21-Aug-2026",23346,"",""
"269","APCL","EQ",103,107,102,102.85,102.1,103.77,8902,9.27,"21-Aug-2026",136,"",""
"270","APCOTEXIND","EQ",614.85,627.55,613.35,625.05,625,613.65,115742,720.89,"21-Aug-2026",5315,"",""
"271","APEX","EQ",396,402.75,394.8,399.6,399.2,398.7,225400,896,"21-Aug-2026",5760,"",""
"272","APEXECO","ST",273,273,259.35,261,261,273,13600,35.64,"21-Aug-2026",17,"",""
"273","APLAPOLLO","EQ",2140.9,2162.2,2126.3,2139,2139,2140,237101,5084.72,"21-Aug-2026",15620,"",""
"274","APLLTD","EQ",815,826.8,815,821.75,818.75,814.1,35565,292.52,"21-Aug-2026",4292,"",""
"275","APOLLO","EQ",387.3,394.5,380.3,384.55,381.9,386.75,5647516,21965.7,"21-Aug-2026",45287,"",""
"276","APOLLOHOSP","EQ",8727,8746,8638,8693,8693,8735,184342,15978.57,"21-Aug-2026",22222,"",""
"277","APOLLOPIPE","EQ",603.25,616.15,597.1,601.55,601.45,603.25,291470,1771.12,"21-Aug-2026",10780,"",""
"278","APOLLOTYRE","EQ",428.75,442.9,427.75,439.7,439.95,429.3,1728307,7513.95,"21-Aug-2026",19222,"",""
"279","APOLSINHOT","EQ",1213.3,1216,1189,1207.4,1200,1213.3,482,5.81,"21-Aug-2026",84,"",""
"280","APRAMEYA","SM",145,145,138,139.25,138,149.65,17500,24.62,"21-Aug-2026",32,"",""
"281","APS","SM",242.25,280.5,242.25,259.85,263.9,242.25,42000,110.89,"21-Aug-2026",146,"",""
"282","APSISAERO","ST",540.85,540.85,540.85,540.85,540.85,530.25,4800,25.96,"21-Aug-2026",2,"",""
"283","APTECHT","BE",93.98,93.98,92,92.51,93,93.05,35427,32.82,"21-Aug-2026",407,"",""
"284","APTUS","EQ",254,258.8,253.6,257.75,257.8,253.3,798359,2044.35,"21-Aug-2026",10683,"",""
"285","AQYLON","EQ",24.11,25.28,24.11,25.27,25.28,24.08,3230721,814.64,"21-Aug-2026",2138,"",""
"286","ARABIAN","SM",82.05,82.05,82,82,82,84.95,4000,3.28,"21-Aug-2026",2,"",""
"287","ARCHIDPLY","EQ",95,99.6,94.71,97.98,97.99,95.42,35365,34.67,"21-Aug-2026",319,"",""
"288","ARCHIES","EQ",13.81,14.11,13.5,13.68,13.75,13.87,7654,1.05,"21-Aug-2026",125,"",""
"289","ARCIIL","SM",35.55,35.6,34.65,35.5,35.4,36.9,15000,5.27,"21-Aug-2026",13,"",""
"290","ARCL","EQ",225.6,237.99,220.7,237.99,237.99,229.84,401,0.9,"21-Aug-2026",9,"",""
"291","ARDEE","EQ",62,62.8,59.7,60.2,60.23,61.48,4833328,2952.12,"21-Aug-2026",20473,"",""
"292","ARE&M","EQ",930.85,934.7,918.05,919.75,920.5,930.85,318661,2948.69,"21-Aug-2026",16816,"",""
"293","ARENTERP","EQ",36.5,37.13,36.5,37.13,37.13,37.44,307,0.11,"21-Aug-2026",8,"",""
"294","ARFIN","EQ",82.71,86.3,82.03,85.62,85.2,82.71,1301328,1092.28,"21-Aug-2026",5300,"",""
"295","ARHAM","SM",193.6,201,191,197.2,197,192.65,83000,164.16,"21-Aug-2026",69,"",""
"296","ARIES","EQ",435.25,457.15,432.95,452.7,453,435.1,54457,244.06,"21-Aug-2026",1470,"",""
"297","ARIHANT","EQ",1006.9,1058.1,990,1007.2,1030,1035.4,4525,46.06,"21-Aug-2026",268,"",""
"298","ARIHANTACA","SM",465,465,465,465,465,465,1200,5.58,"21-Aug-2026",3,"",""
"299","ARIHANTCAP","EQ",75.95,77.38,75.41,75.95,75.82,75.95,94588,72.26,"21-Aug-2026",1258,"",""
"300","ARIHANTSUP","EQ",246.9,256.2,246.9,254.15,254.85,247.85,3594,9.1,"21-Aug-2026",170,"",""
"301","ARIS","EQ",140,144.53,139.11,143.41,143.37,139.32,1583020,2261.92,"21-Aug-2026",11395,"",""
"302","ARKADE","EQ",131.1,132.68,128.96,130.98,129.75,131.01,371624,485.74,"21-Aug-2026",3192,"",""
"303","ARMANFIN","EQ",1968,1995,1957,1966.7,1970,1973.1,24782,489.12,"21-Aug-2026",2826,"",""
"304","ARMOUR","ST",18.3,18.65,18,18.55,18.65,18.3,8000,1.47,"21-Aug-2026",4,"",""
"305","AROGRANITE","EQ",24.87,25.18,24.8,25,25,24.8,2509,0.63,"21-Aug-2026",14,"",""
"306","ARROWGREEN","BE",682.1,718,677,713.15,710.7,692.35,20414,143.26,"21-Aug-2026",614,"",""
"307","ARSHIYA","BZ",0.92,0.96,0.9,0.92,0.94,0.92,295884,2.75,"21-Aug-2026",126,"",""
"308","ARSSBL","EQ",498.5,514,497,511.7,513,497.65,262868,1336.92,"21-Aug-2026",6866,"",""
"309","ARTEMISMED","EQ",324.9,333,323,326.1,325.9,321.3,973919,3202.05,"21-Aug-2026",23508,"",""
"310","ARTNIRMAN","EQ",45.95,45.95,41.01,41.06,41.06,41.49,3272,1.38,"21-Aug-2026",33,"",""
"311","ARUNAYA","SM",14.6,15.5,14.6,15.5,15.5,14.6,8000,1.22,"21-Aug-2026",4,"",""
"312","ARVEE","EQ",168,172.8,165,165.81,165,168.34,1206,2.02,"21-Aug-2026",66,"",""
"313","ARVIND","EQ",540.95,540.95,528.15,536.95,535.7,539,617170,3306.36,"21-Aug-2026",19498,"",""
"314","ARVINDFASN","EQ",438,451.2,436.35,448.35,449.9,428.3,352936,1574.47,"21-Aug-2026",30483,"",""
"315","ARVINDPORT","SM",31.5,31.95,30,31.25,31.1,33.15,25500,7.92,"21-Aug-2026",15,"",""
"316","ARVSMART","EQ",660,670.2,653.55,667,669,659.1,73088,484.58,"21-Aug-2026",3595,"",""
"317","ARYAMAN","EQ",608,610,590,610,610,585,379,2.3,"21-Aug-2026",21,"",""
"318","ASAHIINDIA","EQ",954,968,936.45,965.75,965,951.55,229007,2190.33,"21-Aug-2026",14459,"",""
"319","ASAHISONG","BE",366,369.65,360.1,368,368.95,359.6,5233,19.15,"21-Aug-2026",108,"",""
"320","ASAL","EQ",506,507.55,497.35,500.1,497.35,506.75,17246,86.51,"21-Aug-2026",577,"",""
"321","ASALCBR","EQ",723.4,729.5,720.1,726.45,727,722.8,12344,89.57,"21-Aug-2026",1284,"",""
"322","ASHALOG","SM",63.95,63.95,60,60.1,60,62.1,4000,2.44,"21-Aug-2026",4,"",""
"323","ASHAPURMIN","EQ",605,610,586.15,590.25,589.35,599.95,455728,2720.11,"21-Aug-2026",19900,"",""
"324","ASHIANA","EQ",363.8,369.5,359,361.8,364,367.3,41151,149.39,"21-Aug-2026",1819,"",""
"325","ASHIKAG","BE",433,437.9,430,436.3,434,432.8,11818,51.35,"21-Aug-2026",127,"",""
"326","ASHIMASYN","EQ",17.59,18.95,17.29,18.46,18.38,17.49,357116,65.86,"21-Aug-2026",1054,"",""
"327","ASHOKA","EQ",112.15,114.9,111.87,114.22,114.15,112.07,692963,785.83,"21-Aug-2026",5456,"",""
"328","ASHOKAMET","EQ",13.85,13.85,13.52,13.75,13.82,13.82,11291,1.55,"21-Aug-2026",126,"",""
"329","ASHOKLEY","EQ",173.16,173.69,172.3,173,173,173.8,5801819,10038.81,"21-Aug-2026",43244,"",""
"330","ASHWINI","SM",184,184,183,183,183,184.5,4000,7.34,"21-Aug-2026",4,"",""
"331","ASIANENE","EQ",483.1,491,465.1,470.3,471.5,484.9,458136,2193.4,"21-Aug-2026",13468,"",""
"332","ASIANHOTNR","EQ",300.2,300.2,292,298.2,298.55,301.7,6677,19.82,"21-Aug-2026",332,"",""
"333","ASIANPAINT","EQ",2620.2,2644,2615.5,2640,2640,2625.2,330334,8680.07,"21-Aug-2026",21795,"",""
"334","ASIANTILES","EQ",45.83,48.85,45.81,47.41,47.6,45.42,5822173,2771.88,"21-Aug-2026",19620,"",""
"335","ASIANTNE","EQ",9,9.6,9,9.33,9.5,9.42,6247,0.59,"21-Aug-2026",31,"",""
"336","ASKAUTOLTD","EQ",645,649.95,617.5,621.15,621,643.85,596176,3730.61,"21-Aug-2026",24692,"",""
"337","ASMS","BE",7.15,7.15,6.91,6.99,6.98,7,111927,7.82,"21-Aug-2026",236,"",""
"338","ASPINWALL","EQ",251.7,252,245.4,247.49,250,246.55,3677,9.18,"21-Aug-2026",89,"",""
"339","ASSAMENT","EQ",839.95,839.95,760,780,800,800,38,0.29,"21-Aug-2026",10,"",""
"340","ASTAR","EQ",613.9,613.9,585,600,600,592.35,16,0.1,"21-Aug-2026",8,"",""
"341","ASTEC","EQ",601.8,619.4,601,601.85,601,601.8,22069,134.13,"21-Aug-2026",1462,"",""
"342","ASTERDM","EQ",765.95,766.35,751.6,761.55,759,765.65,3493847,26540.03,"21-Aug-2026",90869,"",""
"343","ASTRAL","EQ",1532,1546,1521,1528.5,1528.5,1532,451537,6930.89,"21-Aug-2026",29621,"",""
"344","ASTRAMICRO","EQ",1680,1694,1658.3,1662.2,1662,1684.2,373866,6251.54,"21-Aug-2026",22093,"",""
"345","ASTRAZEN","EQ",7500,7580,7371.5,7415.5,7400,7507,19159,1423.69,"21-Aug-2026",4303,"",""
"346","ASTRON","BZ",3.16,3.18,3.06,3.15,3.16,3.1,9596,0.3,"21-Aug-2026",53,"",""
"347","ATALREAL","EQ",33.6,34.15,33.03,33.48,33.36,33.45,13830339,4661.21,"21-Aug-2026",8699,"",""
"348","ATAM","EQ",56.01,57.49,53.53,54.21,55.8,55.53,35699,19.47,"21-Aug-2026",532,"",""
"349","ATCENERGY","ST",23,23,23,23,23,23,4800,1.1,"21-Aug-2026",3,"",""
"350","ATGL","EQ",658,659.8,644,646.1,645.3,657.65,774129,5023.62,"21-Aug-2026",19453,"",""
"351","ATHERENERG","EQ",1457,1471.3,1433.3,1462,1464.8,1449.6,1560133,22662.41,"21-Aug-2026",59316,"",""
"352","ATL","EQ",23.85,25.4,23.85,24.86,24.67,24.13,427469,105.84,"21-Aug-2026",2223,"",""
"353","ATLANTAA","EQ",38.61,39.7,38.01,38.3,38.45,38.57,26027,10,"21-Aug-2026",262,"",""
"354","ATLANTAELE","EQ",1712.9,1857.4,1700,1846.9,1852.9,1688.6,402945,7295.26,"21-Aug-2026",31620,"",""
"355","ATLASCYCLE","EQ",97,98.5,96.25,97.45,98.5,97.95,1378,1.34,"21-Aug-2026",42,"",""
"356","ATLPP","E1",8.23,9.19,8,8.29,8.2,8.8,21783,1.87,"21-Aug-2026",210,"",""
"357","ATMASTCO","SM",141.9,147.55,141.9,146.35,147.5,140.55,25200,36.53,"21-Aug-2026",48,"",""
"358","ATUL","EQ",6501.5,6559.5,6460,6509.5,6500.5,6510.5,28223,1836.54,"21-Aug-2026",8847,"",""
"359","ATULAUTO","EQ",487,491.35,481.6,483.05,483.8,487.35,74292,360.72,"21-Aug-2026",2860,"",""
"360","AUBANK","EQ",1088,1108.2,1083.9,1108.2,1108.2,1088,2113659,23269.38,"21-Aug-2026",47365,"",""
"361","AURIONPRO","EQ",695,701.95,688.8,695.55,699.5,691.4,88013,612.39,"21-Aug-2026",5318,"",""
"362","AUROPHARMA","EQ",1609.1,1624,1600,1621.3,1621.3,1608,750168,12074.16,"21-Aug-2026",24984,"",""
"363","AURUM","EQ",229.95,232,226.2,227.82,230,229.8,82532,189.16,"21-Aug-2026",1840,"",""
"364","AURUS","EQ",4.58,4.7,4.5,4.68,4.69,4.62,10432,0.48,"21-Aug-2026",109,"",""
"365","AUSL","SM",24.95,25.05,24.95,25.05,25.05,23.95,4000,1,"21-Aug-2026",2,"",""
"366","AUSOMENT","EQ",144,152,143.4,146.83,147,145.51,7308,10.74,"21-Aug-2026",155,"",""
"367","AUSTENG","EQ",125,128.99,125,126.82,126,126.7,1067,1.36,"21-Aug-2026",31,"",""
"368","AUTOAXLES","EQ",1762,1776.4,1740,1744.8,1758,1754.2,4647,81.32,"21-Aug-2026",621,"",""
"369","AUTOBEES","EQ",303.78,304.26,301,301.46,301.9,303.77,144898,437.42,"21-Aug-2026",2786,"",""
"370","AUTOIETF","EQ",30.39,30.45,30.16,30.24,30.22,30.4,354387,107.14,"21-Aug-2026",2012,"",""
"371","AUTOIND","BE",89,93.74,87.5,92.94,93.6,89.29,162630,149.39,"21-Aug-2026",787,"",""
"372","AVADHSUGAR","EQ",790,853.5,761.35,834.8,850,814.7,1315201,10783.88,"21-Aug-2026",37638,"",""
"373","AVALON","EQ",2235.1,2235.1,2154,2183.8,2178,2245.5,444440,9697.04,"21-Aug-2026",29469,"",""
"374","AVANA","ST",147.5,148,146.25,147.55,146.25,147.4,10000,14.76,"21-Aug-2026",5,"",""
"375","AVANCE","EQ",0.89,0.9,0.88,0.88,0.89,0.88,3087303,27.46,"21-Aug-2026",1052,"",""
"376","AVANTEL","EQ",162.3,163.5,159.49,160.22,159.8,162.96,611717,988.52,"21-Aug-2026",6131,"",""
"377","AVANTIFEED","EQ",856.8,867.4,844.3,847.5,847,857.15,217590,1861.09,"21-Aug-2026",13304,"",""
"378","AVATAR","ST",239.15,258,239.15,253,253,248.85,12000,29.75,"21-Aug-2026",6,"",""
"379","AVG","BE",190.57,191.45,181.15,186.17,184.9,190.57,22582,41.76,"21-Aug-2026",221,"",""
"380","AVIANSH","SM",103.5,104,102,102,102,103,3000,3.1,"21-Aug-2026",3,"",""
"381","AVIENCE","SM",238.65,259.3,238.65,255.9,253.5,240,19200,47.82,"21-Aug-2026",32,"",""
"382","AVL","EQ",617.85,617.85,595.45,601.35,596.75,611,165607,998.55,"21-Aug-2026",7167,"",""
"383","AVONMORE","EQ",13.16,13.67,13.16,13.23,13.2,13.3,201588,26.93,"21-Aug-2026",471,"",""
"384","AVPINFRA","SM",57.95,60,56.15,59.2,60,57.45,60000,34.62,"21-Aug-2026",57,"",""
"385","AVROIND","EQ",9.48,9.48,8.41,8.59,8.41,9.38,1274503,110.82,"21-Aug-2026",2427,"",""
"386","AVTNPL","EQ",88.1,89.37,87.1,87.53,87.41,88.47,199773,175.96,"21-Aug-2026",2606,"",""
"387","AWFIS","EQ",264.65,270.6,263,268.2,268.4,263,137395,367.95,"21-Aug-2026",5434,"",""
"388","AWHCL","EQ",380.7,386,376.55,383.85,383.8,381.15,67267,256.26,"21-Aug-2026",3383,"",""
"389","AWL","EQ",192,192.69,187.33,188.12,188.25,188.64,6189500,11767.05,"21-Aug-2026",70881,"",""
"390","AXISBANK","EQ",1250.6,1256.4,1240.4,1245.8,1245.8,1251,3690270,45997.28,"21-Aug-2026",81832,"",""
"391","AXISCADES","EQ",1604.9,1621.7,1570,1597.5,1591.1,1600.6,90722,1452.37,"21-Aug-2026",7844,"",""
"392","AXITA","EQ",7.37,7.91,7.3,7.67,7.67,7.3,2106333,161.76,"21-Aug-2026",3257,"",""
"393","AXTEL","EQ",407,414,402.2,411.95,413.9,404.1,1088,4.46,"21-Aug-2026",87,"",""
"394","AYE","EQ",170.01,173.7,168.03,170.02,168.1,169.69,505743,860.05,"21-Aug-2026",10999,"",""
"395","AYMSYNTEX","EQ",264,268,252.2,258.2,255,262.5,55480,144.87,"21-Aug-2026",1820,"",""
"396","AZAD","EQ",2765.1,2851.5,2721,2837.8,2830.5,2766.6,461368,12943.71,"21-Aug-2026",34191,"",""
"397","AZADIND","EQ",90.01,93.35,89,90.47,90.48,89.76,23654,21.45,"21-Aug-2026",380,"",""
"398","BAFNAPH","BE",232.95,242.45,232.95,242.45,242.45,237.7,23659,56,"21-Aug-2026",60,"",""
"399","BAGDIGITAL","SM",105.35,105.35,105,105,105,105.3,6400,6.73,"21-Aug-2026",4,"",""
"400","BAGFILMS","EQ",4.35,4.46,4.26,4.35,4.4,4.38,146476,6.38,"21-Aug-2026",281,"",""
"401","BAGMANE","RR",107.54,107.54,107.19,107.4,107.38,107.04,314061,337.37,"21-Aug-2026",8751,"",""
"402","BAHETI","SM",802,821,802,815.1,817.5,801.2,23250,189.22,"21-Aug-2026",55,"",""
"403","BAIDFIN","EQ",9.85,9.99,9.61,9.92,9.95,9.76,39696,3.9,"21-Aug-2026",151,"",""
"404","BAJAJ-AUTO","EQ",11790,11790,11660,11700,11700,11793,221616,25940.08,"21-Aug-2026",31168,"",""
"405","BAJAJCON","EQ",486.95,490.75,477,478.35,479,486.95,542325,2615.78,"21-Aug-2026",15798,"",""
"406","BAJAJELEC","EQ",354.35,355.15,350.2,351.65,350.2,354.35,105860,372.66,"21-Aug-2026",3051,"",""
"407","BAJAJFINSV","EQ",2009,2032.5,2005,2032.5,2032.5,2016,830062,16784.46,"21-Aug-2026",46202,"",""
"408","BAJAJHCARE","EQ",323.65,327.65,319.55,322,321.1,325.95,70159,226.48,"21-Aug-2026",3017,"",""
"409","BAJAJHFL","EQ",85.99,85.99,84.8,84.85,84.9,85.59,1840929,1567.97,"21-Aug-2026",16473,"",""
"410","BAJAJHIND","EQ",23.3,23.36,22.13,23.13,23.08,23.33,126644332,28830.28,"21-Aug-2026",132586,"",""
"411","BAJAJHLDNG","EQ",11360,11410,11280,11320,11320,11368,24339,2763.58,"21-Aug-2026",6643,"",""
"412","BAJAJINDEF","EQ",215.4,221.98,214.01,215.85,217.8,213.45,22430,48.56,"21-Aug-2026",728,"",""
"413","BAJAJST","EQ",352.45,359,350.05,351.7,353.4,349.55,4569,16.09,"21-Aug-2026",371,"",""
"414","BAJEL","EQ",180.53,192.7,180.53,191.78,192,180.58,1028759,1952.12,"21-Aug-2026",14425,"",""
"415","BAJFINANCE","EQ",1105.4,1105.5,1090.6,1095,1095,1095,3042594,33337.32,"21-Aug-2026",94415,"",""
"416","BALAJEE","EQ",26.7,27.15,26.5,26.88,26.99,26.77,18746,5.04,"21-Aug-2026",219,"",""
"417","BALAJIPHOS","SM",90,91,87,90.1,90.1,89.1,19000,17.01,"21-Aug-2026",7,"",""
"418","BALAJITELE","EQ",91.47,100.2,89.46,97.8,97.5,91.47,1889263,1799.79,"21-Aug-2026",9871,"",""
"419","BALAMINES","EQ",2066,2120,2060,2078.2,2072,2078.9,112328,2345.49,"21-Aug-2026",13085,"",""
"420","BALAXI","EQ",22.4,23,22.24,22.4,22.4,22.3,50714,11.41,"21-Aug-2026",182,"",""
"421","BALCO","SM",18.9,18.9,18.9,18.9,18.9,18.85,1200,0.23,"21-Aug-2026",1,"",""
"422","BALKRISHNA","EQ",17.3,17.5,17.25,17.27,17.5,17.3,7235,1.26,"21-Aug-2026",42,"",""
"423","BALKRISIND","EQ",2379,2379.1,2342,2350.8,2352.3,2378,82873,1949.6,"21-Aug-2026",16933,"",""
"424","BALMLAWRIE","EQ",174.5,175.67,174.02,174.64,174.89,174,87753,153.52,"21-Aug-2026",1764,"",""
"425","BALPHARMA","EQ",87.9,87.9,85.51,85.93,86.2,86.66,8955,7.69,"21-Aug-2026",111,"",""
"426","BALRAMCHIN","EQ",747.35,765,714,729.35,727.7,767.1,19995747,147303.97,"21-Aug-2026",288571,"",""
"427","BALUFORGE","EQ",552.4,563,543.7,555.4,558.2,546.75,2235667,12410.9,"21-Aug-2026",34807,"",""
"428","BANARBEADS","EQ",114,114.1,112,112.3,112.3,114,593,0.67,"21-Aug-2026",20,"",""
"429","BANARISUG","EQ",4114.9,4199,3950,4019.7,4050,4240.7,22815,926.84,"21-Aug-2026",4161,"",""
"430","BANCOINDIA","EQ",626.95,630.15,619.5,623.7,625,625.45,113028,704.47,"21-Aug-2026",7964,"",""
"431","BANDHANBNK","EQ",174.78,177.09,174.16,175.1,175.1,174.16,6671543,11745.85,"21-Aug-2026",30656,"",""
"432","BANG","EQ",28.51,29.44,28.11,28.69,28.79,28.65,35058,10.05,"21-Aug-2026",246,"",""
"433","BANK10ADD","EQ",16.94,17.02,16.88,16.9,16.88,16.91,16235,2.75,"21-Aug-2026",68,"",""
"434","BANK10BETF","EQ",21.69,21.69,20.82,21.24,21.1,20.86,1321,0.28,"21-Aug-2026",20,"",""
"435","BANKA","EQ",80.09,80.8,78,78,78,79.3,389,0.31,"21-Aug-2026",18,"",""
"436","BANKADD","EQ",59.01,59.24,58.9,58.98,59.12,59.01,4052,2.39,"21-Aug-2026",62,"",""
"437","BANKBARODA","EQ",244,247,243.5,247,247,244.5,7918075,19348.74,"21-Aug-2026",63663,"",""
"438","BANKBEES","EQ",597.84,598.74,595.46,597.76,597.69,596.06,531158,3175.9,"21-Aug-2026",6740,"",""
"439","BANKBETA","EQ",60.96,60.96,59.5,59.61,59.55,59.48,113547,67.7,"21-Aug-2026",681,"",""
"440","BANKBETF","EQ",58.7,58.87,58.41,58.59,58.74,58.45,10804,6.34,"21-Aug-2026",287,"",""
"441","BANKETF","EQ",601.3,601.3,586.33,588.22,588.95,586.64,136398,803.15,"21-Aug-2026",1494,"",""
"442","BANKIETF","EQ",59.14,59.35,59.1,59.23,59.11,59.14,227975,135.07,"21-Aug-2026",1662,"",""
"443","BANKINDIA","EQ",142.8,143.9,141.93,142.79,142.79,142.8,5334194,7624.72,"21-Aug-2026",38658,"",""
"444","BANKNIFTY1","EQ",59.81,60,59.68,59.86,59.94,59.78,138516,82.91,"21-Aug-2026",1000,"",""
"445","BANKPSU","EQ",86.85,87.1,86.5,86.59,86.75,86.86,10717,9.29,"21-Aug-2026",109,"",""
"446","BANSALWIRE","EQ",324,331,320.15,322.3,321.05,322.75,58432,190.07,"21-Aug-2026",2712,"",""
"447","BANSWRAS","EQ",120.95,123.45,117.61,122.1,121.15,120.34,30221,36.76,"21-Aug-2026",467,"",""
"448","BARFLEX","SM",60.5,64.25,58.05,60.3,60.6,60,36000,22.27,"21-Aug-2026",14,"",""
"449","BASF","EQ",3861.2,3919.9,3855,3902.7,3915,3856.2,20869,811.23,"21-Aug-2026",4694,"",""
"450","BASILIC","SM",192.9,194.5,190,190.3,190,189.9,23400,44.96,"21-Aug-2026",60,"",""
"451","BASML","BE",25.15,25.48,24.8,25.09,25.1,24.9,14664,3.69,"21-Aug-2026",64,"",""
"452","BATAINDIA","EQ",714.9,715.55,699,701.05,700.85,711.2,307015,2163.05,"21-Aug-2026",11453,"",""
"453","BATLIBOI","EQ",86.39,86.45,84.01,85.27,86.4,84.81,23803,20.3,"21-Aug-2026",604,"",""
"454","BAWEJA","ST",22.8,23.35,22.3,23.35,23.35,23.2,24000,5.49,"21-Aug-2026",8,"",""
"455","BAYERCROP","EQ",4078.5,4101.9,4046.2,4071.5,4059.5,4066.8,20419,832.08,"21-Aug-2026",5386,"",""
"456","BBETF0432","EQ",1350.36,1355.99,1348.02,1350.07,1350.05,1350.36,662,8.94,"21-Aug-2026",47,"",""
"457","BBL","EQ",2355,2400.9,2331,2389.7,2400,2353.9,38584,913.43,"21-Aug-2026",5308,"",""
"458","BBNPNBETF","EQ",57.81,58.42,57.81,58.21,58.42,57.81,261,0.15,"21-Aug-2026",20,"",""
"459","BBNPPGOLD","EQ",154.7,154.7,151.15,153.5,153.35,150.95,15895,24.28,"21-Aug-2026",149,"",""
"460","BBOX","EQ",756,805.9,756,775.65,771,751.55,1107524,8712.25,"21-Aug-2026",46136,"",""
"461","BBTC","EQ",1436,1448.2,1425,1427.4,1425.1,1436,23589,338.34,"21-Aug-2026",2585,"",""
"462","BBTCL","EQ",252,252,235,240.11,239,248.14,25731,62.13,"21-Aug-2026",739,"",""
"463","BCG","EQ",9.3,9.45,9.11,9.15,9.16,9.36,5521453,510.3,"21-Aug-2026",5443,"",""
"464","BCLIND","EQ",37.31,37.32,36.35,36.5,36.45,37.19,547534,201.68,"21-Aug-2026",3083,"",""
"465","BCONCEPTS","EQ",160,163.9,155.13,161.96,161.75,155.29,17006,27.1,"21-Aug-2026",911,"",""
"466","BCPL","EQ",70,70.95,70,70.42,70.44,70.71,7263,5.12,"21-Aug-2026",166,"",""
"467","BDL","EQ",1317,1364.7,1317,1359,1359,1317,2191062,29638.11,"21-Aug-2026",54566,"",""
"468","BEACON","SM",85.05,88,83.2,84.6,84.4,86.5,19000,16.18,"21-Aug-2026",19,"",""
"469","BEARDSELL","EQ",26.48,26.48,25.51,25.99,25.9,25.76,10147,2.62,"21-Aug-2026",119,"",""
"470","BECTORFOOD","EQ",258.02,262.99,254,254.83,255.6,258.02,1156489,2989.98,"21-Aug-2026",16913,"",""
"471","BEDMUTHA","EQ",108.56,110.59,108,108.42,108.31,108.96,3327,3.62,"21-Aug-2026",39,"",""
"472","BEEKAY","EQ",430,449.8,421,435.3,435.05,423.25,1137,4.97,"21-Aug-2026",105,"",""
"473","BEL","EQ",413.45,415.95,408.65,414,414,409.4,13688811,56592.42,"21-Aug-2026",133727,"",""
"474","BELLACASA","EQ",218.3,229,218.3,228.07,229,224.48,6617,14.98,"21-Aug-2026",250,"",""
"475","BELRISE","EQ",234.99,234.99,230.95,231.77,231.5,234.08,3830918,8909.73,"21-Aug-2026",28389,"",""
"476","BEML","EQ",1950,1969.7,1930.2,1935.4,1933,1962.8,237504,4633.83,"21-Aug-2026",21825,"",""
"477","BENARAS","EQ",10245,10299,10200,10200,10200,10200,61,6.22,"21-Aug-2026",15,"",""
"478","BENGALASM","EQ",6187,6287,6127,6256,6287,6201,203,12.61,"21-Aug-2026",34,"",""
"479","BEPL","EQ",124,128.65,123.23,125.82,125.4,123.23,2795110,3530.75,"21-Aug-2026",21040,"",""
"480","BERGEPAINT","EQ",530.2,530.2,522,524.4,524.8,528.55,157453,825.15,"21-Aug-2026",10056,"",""
"481","BESTAGRO","EQ",18.14,18.39,18.01,18.24,18.2,18.12,418771,76.3,"21-Aug-2026",1480,"",""
"482","BETA","EQ",2285,2354.1,2258.3,2327.7,2336.8,2295,18277,421.14,"21-Aug-2026",3081,"",""
"483","BEWLTD","SM",52,52.9,50.5,50.65,51,49.95,33000,17.06,"21-Aug-2026",34,"",""
"484","BFINVEST","EQ",453.7,455,449.55,451.55,449.6,451.5,17406,78.65,"21-Aug-2026",1052,"",""
"485","BFSI","EQ",27.71,27.71,27.24,27.31,27.34,27.24,188708,51.61,"21-Aug-2026",671,"",""
"486","BFUTILITIE","EQ",528.45,529,520.15,523.85,523.4,528.45,36751,192.66,"21-Aug-2026",1566,"",""
"487","BGRENERGY","BE",245.8,247.8,236,239,240,243.65,39233,94.27,"21-Aug-2026",571,"",""
"488","BHADORA","ST",123.95,123.95,113.5,120.05,120.9,118.05,106800,129.71,"21-Aug-2026",72,"",""
"489","BHAGCHEM","EQ",284.5,284.65,279.75,280.2,280.75,283.9,30101,84.74,"21-Aug-2026",627,"",""
"490","BHAGERIA","BE",207,213.75,207,212.7,213,206.71,49405,104.67,"21-Aug-2026",276,"",""
"491","BHAGYANGR","EQ",392,401.9,384.1,394.5,393,384,139200,549.14,"21-Aug-2026",3570,"",""
"492","BHANDARI","EQ",3.02,3.13,2.96,3.05,3.05,3.02,200016,6.12,"21-Aug-2026",251,"",""
"493","BHARATCOAL","EQ",33.3,35.7,33.3,34.81,34.9,33.27,24578322,8568.38,"21-Aug-2026",48010,"",""
"494","BHARATFORG","EQ",2054,2072,2021.3,2063,2063,2062,877899,17960.39,"21-Aug-2026",40327,"",""
"495","BHARATGEAR","BE",101.65,102.48,100.2,100.94,100.61,101.65,23258,23.48,"21-Aug-2026",241,"",""
"496","BHARATRAS","EQ",1300,1321.8,1286.1,1295,1299.5,1303.4,6017,78.22,"21-Aug-2026",1069,"",""
"497","BHARATSE","EQ",231,238.14,226.67,228.19,228.9,230.26,229676,533.76,"21-Aug-2026",4802,"",""
"498","BHARATWIRE","EQ",187.65,191.8,187.6,188.79,188.17,187.76,112233,212.47,"21-Aug-2026",2616,"",""
"499","BHARTIARTL","EQ",1950,1954.9,1940.5,1946,1946,1941.7,3016258,58737.99,"21-Aug-2026",81426,"",""
"500","BHARTIHEXA","EQ",1615,1615,1584,1591.2,1592,1615.6,50762,808.27,"21-Aug-2026",5593,"",""
"501","BHEL","EQ",416.05,416.65,409.1,413,413,413.5,3639529,15018.37,"21-Aug-2026",39380,"",""
"502","BI","BE",99.5,99.5,92.15,93.66,95.11,96.24,39388,37.7,"21-Aug-2026",362,"",""
"503","BIGBLOC","EQ",42.87,42.98,42.11,42.49,42.61,42.6,77249,32.83,"21-Aug-2026",726,"",""
"504","BIKAJI","EQ",607.05,610.7,603.4,605.75,606,607,42836,259.68,"21-Aug-2026",3872,"",""
"505","BIKEWO","ST",94.7,94.7,94.65,94.65,94.65,99.6,28000,26.5,"21-Aug-2026",14,"",""
"506","BIL","EQ",834.55,844.85,827.4,831.1,830.1,834.55,24528,203.79,"21-Aug-2026",368,"",""
"507","BILVYAPAR","BE",4.08,4.24,3.94,4.05,4.05,4.06,9023,0.37,"21-Aug-2026",35,"",""
"508","BIMETAL","EQ",619.9,626,618.7,624.85,622.5,623,322,2,"21-Aug-2026",12,"",""
"509","BIOCON","EQ",412.5,416,411,415.55,415.55,412.5,2225359,9200.94,"21-Aug-2026",19511,"",""
"510","BIOFILCHEM","EQ",30.63,31.45,30.12,30.26,30.16,30.78,11223,3.44,"21-Aug-2026",143,"",""
"511","BIOPOL","SM",97.8,99.95,95.2,97,96,97.9,345600,342.98,"21-Aug-2026",186,"",""
"512","BIRDYS","SM",86.2,86.2,86.2,86.2,86.2,84.1,1200,1.03,"21-Aug-2026",1,"",""
"513","BIRET","RR",344.2,344.2,342.3,342.56,343.5,343.91,232875,797.96,"21-Aug-2026",14863,"",""
"514","BIRLACABLE","BE",283.17,284,269.02,276.64,278.91,283.17,117761,325.94,"21-Aug-2026",1530,"",""
"515","BIRLACORPN","EQ",895,895,887,889.25,888.5,891.5,22428,199.8,"21-Aug-2026",1961,"",""
"516","BIRLAMONEY","EQ",127.22,128.45,125.72,126.6,127.9,127.22,44278,56.14,"21-Aug-2026",1051,"",""
"517","BIRLANU","EQ",1533.9,1546.5,1502,1514.2,1509.5,1535.4,9004,137.19,"21-Aug-2026",951,"",""
"518","BIRLAPREC","EQ",39.12,45.5,38.13,44.4,44.05,39.11,986460,427.77,"21-Aug-2026",3828,"",""
"519","BLACKBUCK","EQ",631.8,641.9,624,634.3,630,631.05,838697,5306.09,"21-Aug-2026",25027,"",""
"520","BLACKROSE","BE",108.1,112.97,107.89,108.49,108,113.56,14398,15.66,"21-Aug-2026",247,"",""
"521","BLAL","EQ",169.01,170.9,168.01,168.43,168.06,169.63,23822,40.2,"21-Aug-2026",525,"",""
"522","BLBLIMITED","EQ",16.03,16.29,15.95,16,16.04,16.03,331739,53.11,"21-Aug-2026",142,"",""
"523","BLEL","EQ",504.25,519,492.4,494.95,493.5,504.25,6765126,34097.62,"21-Aug-2026",107814,"",""
"524","BLIL","EQ",71.85,71.99,71.41,71.89,71.93,71.44,46713,33.55,"21-Aug-2026",850,"",""
"525","BLISSGVS","BE",582,593,560,579.1,576.15,580.15,206330,1186.64,"21-Aug-2026",2385,"",""
"526","BLKASHYAP","EQ",53.95,54.5,52.35,52.52,52.4,53.98,242202,129.08,"21-Aug-2026",1856,"",""
"527","BLS","EQ",275,275.92,270,271.29,271,273.92,664959,1815.54,"21-Aug-2026",14876,"",""
"528","BLSE","EQ",320,323.95,315.5,320.9,320.5,321.1,389949,1249.7,"21-Aug-2026",5651,"",""
"529","BLUECHIP","EQ",1.96,1.96,1.96,1.96,1.96,1.93,9586,0.19,"21-Aug-2026",8,"",""
"530","BLUECLOUDS","EQ",22.5,22.9,22,22.22,22.11,22.47,948721,211.34,"21-Aug-2026",2253,"",""
"531","BLUECOAST","BE",22.8,24.06,22.8,23.9,23.9,23.99,1659,0.39,"21-Aug-2026",31,"",""
"532","BLUEDART","EQ",5077,5100,5061,5083,5093.5,5077,4049,205.82,"21-Aug-2026",1230,"",""
"533","BLUEJET","EQ",595.4,601.45,591,596.15,595.05,595.3,397216,2365.22,"21-Aug-2026",12295,"",""
"534","BLUEPEBBLE","SM",67,67,65.95,66.2,67,70.5,6400,4.25,"21-Aug-2026",10,"",""
"535","BLUESTARCO","EQ",1525.2,1525.2,1504.1,1511.9,1511.9,1510,199161,3009.71,"21-Aug-2026",13337,"",""
"536","BLUESTONE","EQ",825.6,850,816,846.4,845,821.5,949533,7932.59,"21-Aug-2026",26609,"",""
"537","BLUEWATER","ST",448,450.45,431.5,445,445,429,31000,137.83,"21-Aug-2026",30,"",""
"538","BLUSPRING","EQ",118,129.75,117.72,128.98,129.75,117.96,2549295,3257.38,"21-Aug-2026",13942,"",""
"539","BMETRICS","SM",34.25,34.5,34.25,34.5,34.5,34.25,1600,0.55,"21-Aug-2026",2,"",""
"540","BMLL","SM",158,159,156,156.7,157,155,25000,39.35,"21-Aug-2026",8,"",""
"541","BMWVENTLTD","EQ",57.12,59,57,58.13,58.25,57.23,55161,31.72,"21-Aug-2026",1357,"",""
"542","BNAGROCHEM","EQ",233,240,230,239.95,239.95,237.45,47,0.11,"21-Aug-2026",10,"",""
"543","BNKETFAXIS","EQ",594.74,596.83,594.5,595.7,595.7,593.46,67,0.4,"21-Aug-2026",18,"",""
"544","BODALCHEM","BE",77.9,79.09,76,78.97,79.09,75.33,874733,687.16,"21-Aug-2026",3143,"",""
"545","BOHRAIND","EQ",14.15,14.99,13.7,14.8,14.95,14.15,14069,2.05,"21-Aug-2026",41,"",""
"546","BOMDYEING","EQ",113.2,113.2,111.19,111.65,111.44,112.6,364198,408.02,"21-Aug-2026",4145,"",""
"547","BONLON","EQ",40,43.78,38.8,39.37,39.85,40.88,63285,25.42,"21-Aug-2026",441,"",""
"548","BORANA","EQ",306.75,313.95,304.7,307.95,306.4,308.2,17466,53.68,"21-Aug-2026",1226,"",""
"549","BOROLTD","EQ",258,258.3,249,254.18,251.63,257.82,85268,217.69,"21-Aug-2026",2620,"",""
"550","BORORENEW","EQ",543,552.95,543,549.4,548,543,349153,1916.68,"21-Aug-2026",11678,"",""
"551","BOROSCI","EQ",129.5,130.4,127.5,128.4,128.48,127.7,45927,59.19,"21-Aug-2026",1282,"",""
"552","BOSCH-HCIL","EQ",1794,1794,1721,1725.3,1721.1,1772,39398,687.85,"21-Aug-2026",4508,"",""
"553","BOSCHLTD","EQ",48635,48635,48060,48200,48200,48750,30216,14574.98,"21-Aug-2026",8936,"",""
"554","BOSS","SM",57.2,57.2,53.05,53.05,53.05,54.5,20000,11.31,"21-Aug-2026",10,"",""
"555","BPCL","EQ",308.7,314.2,307.2,311,311,308.7,4998491,15554.66,"21-Aug-2026",35126,"",""
"556","BPL","EQ",49.8,50.34,49.23,49.76,50,49.19,47095,23.53,"21-Aug-2026",512,"",""
"557","BPLPHARMA","EQ",1528.9,1528.9,1331,1397.1,1415,1294.7,4535,63.59,"21-Aug-2026",402,"",""
"558","BRACEPORT","SM",65,65,64.05,64.1,64.1,65,8000,5.16,"21-Aug-2026",5,"",""
"559","BRAHMINFRA","EQ",166,167.12,162.25,164.15,165.75,167.66,11334,18.73,"21-Aug-2026",363,"",""
"560","BRANDMAN","SM",158.7,163.85,155,160.45,160,158.7,39200,62.81,"21-Aug-2026",49,"",""
"561","BRIGADE","EQ",625.75,642.5,619.15,639.3,638.35,625.75,1199270,7603.29,"21-Aug-2026",45494,"",""
"562","BRIGHOTEL","EQ",59.99,59.99,59.02,59.13,59.08,59.91,119005,70.53,"21-Aug-2026",1683,"",""
"563","BRIGHTBR","EQ",250,265,241.22,248.12,248,251.23,2928,7.25,"21-Aug-2026",142,"",""
"564","BRITANNIA","EQ",5527.5,5533,5342,5365,5365,5548,704494,37830.15,"21-Aug-2026",51661,"",""
"565","BRNL","EQ",17.35,17.74,17.15,17.24,17.21,17.35,31379,5.43,"21-Aug-2026",341,"",""
"566","BROOKS","BE",59.1,60.99,59,60,60.01,60.3,18992,11.36,"21-Aug-2026",106,"",""
"567","BSE","EQ",3252,3285,3223,3241,3241,3291.1,6640651,215413.93,"21-Aug-2026",251197,"",""
"568","BSE500IETF","EQ",39.8,39.94,39.74,39.9,39.94,39.84,179984,71.83,"21-Aug-2026",1071,"",""
"569","BSHSL","EQ",89,91.6,85,87.07,86.74,88.07,5903,5.19,"21-Aug-2026",150,"",""
"570","BSL","EQ",123.45,123.5,121.28,122.23,123.11,121.52,3404,4.2,"21-Aug-2026",30,"",""
"571","BSLGOLDETF","EQ",137.59,140.04,137.59,139.42,139.47,137,1483954,2068.34,"21-Aug-2026",4250,"",""
"572","BSLNIFTY","EQ",28.8,28.8,28.2,28.5,28.69,28.48,542887,154.72,"21-Aug-2026",3519,"",""
"573","BSLSENETFG","EQ",80.27,80.27,78,78.11,78,78.32,1019,0.8,"21-Aug-2026",93,"",""
"574","BSOFT","EQ",310.4,311.25,302.2,303.75,304.25,309,750497,2290.18,"21-Aug-2026",19129,"",""
"575","BTML","EQ",7.81,8.14,7.81,7.86,7.92,7.92,320958,25.54,"21-Aug-2026",480,"",""
"576","BTTL","BE",44.55,46.81,42.5,45.26,45.75,44.59,11265,5.13,"21-Aug-2026",81,"",""
"577","BUILDPRO","EQ",1263,1267.9,1253.1,1256.4,1255,1263.1,18277,229.73,"21-Aug-2026",2252,"",""
"578","BULKCORP","SM",70.85,70.85,67.35,67.4,67.35,70.85,14400,9.8,"21-Aug-2026",11,"",""
"579","BURNPUR","BE",14.2,14.2,14.2,14.2,14.2,14.94,19460,2.76,"21-Aug-2026",125,"",""
"580","BUTTERFLY","EQ",652.95,656.95,645.7,647.4,646.3,647.05,9718,63.11,"21-Aug-2026",900,"",""
"581","BVCL","EQ",41.78,42.8,41.5,42.13,41.51,41.77,27095,11.42,"21-Aug-2026",243,"",""
"582","BYKE","BE",32.3,32.98,32,32.37,32.88,32.74,14821,4.83,"21-Aug-2026",51,"",""
"583","C2C","SM",246.85,246.95,227.65,229.95,230.5,239.45,84750,199.73,"21-Aug-2026",456,"",""
"584","CALSOFT","EQ",25.94,28.4,25.7,27.82,27.8,27.05,1066488,291.12,"21-Aug-2026",3065,"",""
"585","CAMLINFINE","EQ",108.51,110,108.1,109.45,109.24,108.38,523437,571.15,"21-Aug-2026",4829,"",""
"586","CAMPUS","EQ",231,233.28,227.01,228.15,228,223.11,1688026,3876.81,"21-Aug-2026",27449,"",""
"587","CAMS","EQ",752.9,759.5,747,753,753,749.25,1631822,12306.34,"21-Aug-2026",45173,"",""
"588","CANARYS","SM",22.7,23.6,22.7,23.35,23.3,22.7,20000,4.66,"21-Aug-2026",5,"",""
"589","CANBK","EQ",129.6,129.96,128.5,129.96,129.96,129.6,8125972,10499.33,"21-Aug-2026",47071,"",""
"590","CANFINHOME","EQ",852,852.35,823,830.45,830.45,842.9,199581,1666.69,"21-Aug-2026",10215,"",""
"591","CANHLIFE","EQ",151.25,155.7,150.28,155.24,155.25,151.69,794623,1228.34,"21-Aug-2026",9614,"",""
"592","CANTABIL","EQ",249.29,250.28,241,244.81,245.51,247.31,365085,889.74,"21-Aug-2026",4805,"",""
"593","CAPACITE","EQ",204,218.45,204,214.54,214.1,203.73,426180,896.93,"21-Aug-2026",7559,"",""
"594","CAPILLARY","EQ",507.8,510.7,497,502.35,497,506.95,140987,713.83,"21-Aug-2026",3875,"",""
"595","CAPINVIT","IV",77.37,77.4,76.56,76.98,76.86,77,304522,234.36,"21-Aug-2026",2110,"",""
"596","CAPITALSFB","EQ",285,286.05,283.5,284.7,284.1,287.45,15111,42.96,"21-Aug-2026",344,"",""
"597","CAPLIPOINT","EQ",2542,2569.7,2524.9,2560.8,2569.7,2529.7,49778,1268.46,"21-Aug-2026",8664,"",""
"598","CAPTRUST","BE",20.29,20.29,19.45,19.49,19.45,20.24,21228,4.18,"21-Aug-2026",175,"",""
"599","CARBORUNIV","EQ",1137.9,1207,1126.6,1169.8,1167,1137.6,751724,8857.65,"21-Aug-2026",38929,"",""
"600","CARERATING","EQ",1691,1734.9,1665,1674.4,1681.4,1698.9,66230,1125.53,"21-Aug-2026",7469,"",""
"601","CARRARO","EQ",528.9,538.4,524,531.4,531.6,525.75,109529,583.28,"21-Aug-2026",6234,"",""
"602","CARTRADE","EQ",2893,3165,2890,3072.9,3074,2895.2,2129620,65644.31,"21-Aug-2026",148895,"",""
"603","CARYSIL","EQ",1167.4,1175.5,1120.2,1155.4,1158,1158.1,158546,1822.56,"21-Aug-2026",8065,"",""
"604","CASHIETF","EQ",1076.45,1076.47,1076.45,1076.46,1076.47,1076.02,132917,1430.81,"21-Aug-2026",180,"",""
"605","CASTROLIND","EQ",188.57,189.11,187.2,187.77,187.9,188.57,958810,1804.34,"21-Aug-2026",21830,"",""
"606","CCAVENUE","EQ",14.95,15.26,14.84,15.16,15.25,14.95,9481532,1428.64,"21-Aug-2026",10836,"",""
"607","CCCL","EQ",15.21,15.6,15.13,15.49,15.55,15.22,130687,20.1,"21-Aug-2026",301,"",""
"608","CCHHL","EQ",12.54,13.13,12.26,12.99,12.98,12.54,28137,3.63,"21-Aug-2026",159,"",""
"609","CCL","EQ",1114,1118.6,1075.1,1082.3,1080,1112.4,380789,4139.15,"21-Aug-2026",19451,"",""
"610","CDSL","EQ",1345.9,1401.8,1345.9,1388.9,1388.9,1345.9,3743675,51710.96,"21-Aug-2026",90959,"",""
"611","CEATLTD","EQ",3589.9,3599.7,3547.6,3563.4,3551.3,3588.2,28009,1000.82,"21-Aug-2026",5062,"",""
"612","CEDAAR","ST",12.55,13.8,12.55,13.8,13.8,13.15,18000,2.45,"21-Aug-2026",16,"",""
"613","CEIGALL","EQ",315.05,321.8,312.25,314.35,315,312.8,643112,2035.09,"21-Aug-2026",15436,"",""
"614","CEINSYS","EQ",767.1,769.4,753.95,758.65,765,761,23507,178.8,"21-Aug-2026",1986,"",""
"615","CELEBRITY","EQ",6.61,6.94,6.61,6.75,6.81,6.72,18241,1.23,"21-Aug-2026",128,"",""
"616","CELLECOR","SM",31.4,31.6,31.25,31.4,31.4,31.6,87000,27.42,"21-Aug-2026",16,"",""
"617","CELLO","EQ",364,364.05,359.45,361.45,361.65,363.6,162827,588.09,"21-Aug-2026",6329,"",""
"618","CELLPOINT","SM",15,15.65,14.8,15.25,15.25,15,7200,1.09,"21-Aug-2026",6,"",""
"619","CEMNTGROWW","EQ",15.18,15.18,14.79,14.88,14.95,14.94,47589,7.09,"21-Aug-2026",423,"",""
"620","CEMPRO","EQ",1284.7,1292.3,1263.4,1276.4,1275.1,1273.9,78896,1006.45,"21-Aug-2026",7328,"",""
"621","CENTENKA","EQ",573.1,580,558.5,569.15,572.75,567,55876,317.27,"21-Aug-2026",3060,"",""
"622","CENTEXT","EQ",20.55,20.95,20.5,20.64,20.8,20.64,147487,30.51,"21-Aug-2026",791,"",""
"623","CENTRALBK","EQ",31.2,31.34,31.01,31.29,31.32,31.07,4740956,1481.8,"21-Aug-2026",13348,"",""
"624","CENTRUM","EQ",23.56,23.87,23.11,23.28,23.2,23.56,255636,59.87,"21-Aug-2026",546,"",""
"625","CENTUM","EQ",3450,3550,3400.1,3439,3445,3446,71248,2478.11,"21-Aug-2026",12663,"",""
"626","CENTURYPLY","EQ",774.95,778.85,760.2,762.4,760.2,772.75,92945,717.21,"21-Aug-2026",7393,"",""
"627","CERA","EQ",5899.5,5899.5,5815.5,5865.5,5827.5,5858.5,3470,203.17,"21-Aug-2026",1125,"",""
"628","CEREBRAINT","BZ",2.89,2.96,2.73,2.81,2.92,2.83,125714,3.6,"21-Aug-2026",153,"",""
"629","CESC","EQ",156.49,156.61,154.7,155.09,155.25,156.61,1607664,2500.89,"21-Aug-2026",32943,"",""
"630","CEWATER","EQ",274.95,274.95,259,260,259,271.75,248995,652.93,"21-Aug-2026",6218,"",""
"631","CFEL","EQ",30.35,31.65,30.21,30.24,30.23,31.13,10806,3.34,"21-Aug-2026",50,"",""
"632","CGCL","EQ",225.11,227.53,217,224.03,224.38,225.11,4824897,10845.55,"21-Aug-2026",21278,"",""
"633","CGPOWER","EQ",876.3,880.95,865,867,867,876.3,1311542,11422.91,"21-Aug-2026",34814,"",""
"634","CGRAPHICS","SM",137,150,137,147,147,138.1,77600,112.71,"21-Aug-2026",84,"",""
"635","CGVAK","EQ",163.7,163.7,150.1,156.93,157.85,158.58,3044,4.84,"21-Aug-2026",85,"",""
"636","CHALET","EQ",852.6,867.2,846.05,861.95,863.5,852.9,104668,901.98,"21-Aug-2026",14173,"",""
"637","CHAMBLFERT","EQ",438,438,429.6,431.15,431.75,433.95,459222,1982.09,"21-Aug-2026",15939,"",""
"638","CHANDAN","SM",235.1,235.1,230.15,230.85,230.5,235.6,43200,100.28,"21-Aug-2026",53,"",""
"639","CHAVDA","SM",137.15,137.8,137,137.15,137,135,47000,64.47,"21-Aug-2026",36,"",""
"640","CHEMBOND","EQ",163.5,195,163,172.63,170.05,167.47,31986,55.82,"21-Aug-2026",657,"",""
"641","CHEMBONDCH","BE",286.9,290,276,284.38,284.4,282,16188,45.72,"21-Aug-2026",267,"",""
"642","CHEMCON","BE",187,187.99,184.01,185.48,187.89,187.73,17944,33.32,"21-Aug-2026",230,"",""
"643","CHEMCRUX","EQ",87.1,87.35,80,84.34,84,86.62,7928,6.68,"21-Aug-2026",175,"",""
"644","CHEMFAB","EQ",374.45,378.75,354.45,356.75,354.5,366,5922,21.5,"21-Aug-2026",435,"",""
"645","CHEMICAL","EQ",30.49,30.49,30.16,30.24,30.31,30.4,429903,130.26,"21-Aug-2026",1230,"",""
"646","CHEMPLASTS","EQ",175.15,179.78,175.15,176.89,176.85,175.14,101611,180.54,"21-Aug-2026",3375,"",""
"647","CHENNPETRO","EQ",1394.1,1408,1380,1393.5,1397.5,1390.5,882859,12311.28,"21-Aug-2026",29940,"",""
"648","CHETANA","SM",43.6,43.6,43.6,43.6,43.6,44.95,4800,2.09,"21-Aug-2026",3,"",""
"649","CHEVIOT","EQ",1182.5,1182.5,1159.2,1166.2,1174,1176.3,768,9.01,"21-Aug-2026",152,"",""
"650","CHOICEGOLD","EQ",154.25,160,154.25,157.39,157.79,154.25,7285,11.42,"21-Aug-2026",163,"",""
"651","CHOICEIN","EQ",809.95,815.8,806.95,808.6,806.95,809.7,253715,2059.09,"21-Aug-2026",7013,"",""
"652","CHOLAFIN","EQ",1888.9,1890.1,1855,1862.9,1862.9,1888.9,902331,16811.11,"21-Aug-2026",32825,"",""
"653","CHOLAHLDNG","EQ",1580,1580,1551.1,1561.8,1556,1574.2,74200,1160.73,"21-Aug-2026",9133,"",""
"654","CIEINDIA","EQ",404.15,405.5,400,401.05,400.95,403.8,261607,1054.35,"21-Aug-2026",15103,"",""
"655","CIFL","EQ",20.03,20.79,20.03,20.32,20.7,20.87,44366,9,"21-Aug-2026",219,"",""
"656","CINELINE","EQ",87.5,88.4,86.75,88.03,88,86.71,8622,7.58,"21-Aug-2026",115,"",""
"657","CINEVISTA","EQ",13.86,14.74,13.84,14.21,14.22,14.12,4535,0.65,"21-Aug-2026",162,"",""
"658","CIPLA","EQ",1433.4,1443.6,1408.6,1432.2,1432.2,1438,728275,10348.49,"21-Aug-2026",40315,"",""
"659","CITIUSINVT","IV",114.39,116.5,113.6,114.31,114.68,113.6,39129,45.05,"21-Aug-2026",182,"",""
"660","CKKRETAIL","SM",145.1,145.1,145.1,145.1,145.1,149,800,1.16,"21-Aug-2026",1,"",""
"661","CLASSICEIL","SM",46.85,48.85,46.8,47.4,48.85,46.95,12800,6.06,"21-Aug-2026",8,"",""
"662","CLAYCRAFT","SM",160.3,160.3,154.95,155.5,155,164.2,42600,67.19,"21-Aug-2026",66,"",""
"663","CLCIND","BE",49.02,49.89,46.57,48.15,49.89,49.02,1829,0.91,"21-Aug-2026",22,"",""
"664","CLEAN","EQ",834.7,840.4,820.2,825.5,825.5,834.7,255282,2115.48,"21-Aug-2026",16346,"",""
"665","CLEANMAX","EQ",1220.6,1275,1209.1,1266.9,1272,1220.1,98595,1236.84,"21-Aug-2026",8542,"",""
"666","CLEDUCATE","BE",59.01,62,59,61.01,61,60.12,28260,17.21,"21-Aug-2026",177,"",""
"667","CLSEL","EQ",279,294.8,279,288.35,290,278.45,234509,679.62,"21-Aug-2026",5812,"",""
"668","CLSL","ST",80,80,80,80,80,82.65,4000,3.2,"21-Aug-2026",2,"",""
"669","CMLL","EQ",506.9,537.75,506.9,529.65,528,506.95,835216,4399.89,"21-Aug-2026",16627,"",""
"670","CMNL","SM",104,110.9,104,109.95,110.9,107,22500,24.15,"21-Aug-2026",25,"",""
"671","CMPDI","EQ",235.5,239,232.95,233.66,234.73,234.49,1281081,3018.83,"21-Aug-2026",18846,"",""
"672","CMRGREEN","EQ",214.5,218.4,212.1,212.87,213,213.75,484291,1042.79,"21-Aug-2026",6399,"",""
"673","CMSINFO","EQ",249.6,251.5,245.35,247,246,249.55,640090,1590.78,"21-Aug-2026",19390,"",""
"674","CNL","EQ",1248.15,1265.35,1224,1247.7,1242.7,1248.15,20078,248.56,"21-Aug-2026",2065,"",""
"675","COALINDIA","EQ",402.55,405.9,401.7,405.2,405.2,402.5,10327739,41785.8,"21-Aug-2026",64967,"",""
"676","COASTCORP","EQ",40.32,41.88,40,40.55,40.11,40.57,146472,60.01,"21-Aug-2026",1364,"",""
"677","COCHINSHIP","EQ",1485,1496.6,1461.7,1480.5,1480.5,1489,817183,12079.8,"21-Aug-2026",28258,"",""
"678","COCKERILL","EQ",7835,8244.5,7835,8213.5,8232,7834,16054,1300.22,"21-Aug-2026",3905,"",""
"679","COFFEEDAY","BE",29.23,29.6,28.06,29.08,29.23,29.26,333769,95.93,"21-Aug-2026",1117,"",""
"680","COFORGE","EQ",1890,1891.7,1851,1891.7,1891.7,1882,1990336,37334.92,"21-Aug-2026",81027,"",""
"681","COHANCE","EQ",477.9,481.05,457,463,462.35,475.55,1638869,7614.86,"21-Aug-2026",50912,"",""
"682","COLPAL","EQ",1907.9,1907.9,1880.1,1889,1889,1910,382856,7231.42,"21-Aug-2026",24666,"",""
"683","COMFINTE","EQ",6.49,6.61,6.3,6.32,6.36,6.46,100584,6.44,"21-Aug-2026",382,"",""
"684","COMMITTED","SM",345,345,345,345,345,347.4,18400,63.48,"21-Aug-2026",5,"",""
"685","COMMOIETF","EQ",99.59,100.09,99.46,99.56,99.77,99.58,110983,110.53,"21-Aug-2026",2008,"",""
"686","COMPEAU","EQ",318,420,318,353.95,346,353.6,13783,47.05,"21-Aug-2026",595,"",""
"687","COMPINFO","BZ",1.12,1.12,1.03,1.07,1.07,1.07,26367,0.29,"21-Aug-2026",42,"",""
"688","COMPUSOFT","EQ",14.52,14.52,13.59,13.98,13.87,14.12,29587,4.14,"21-Aug-2026",281,"",""
"689","COMSYN","EQ",291.21,293.4,286,286.17,286.51,289.77,122064,350.72,"21-Aug-2026",1560,"",""
"690","CONCOR","EQ",523,523,512.15,515.05,515.05,519,506883,2611,"21-Aug-2026",10359,"",""
"691","CONCORDBIO","EQ",1578,1589,1550,1571.3,1560,1576.7,94192,1477.32,"21-Aug-2026",9736,"",""
"692","CONFIPET","EQ",72.46,76.2,71.21,74.8,75,72.16,3819920,2847.36,"21-Aug-2026",16328,"",""
"693","CONNPLEX","SM",217.95,221,215,217.95,218,214.85,18400,40.12,"21-Aug-2026",22,"",""
"694","CONS","EQ",12.43,12.43,12.32,12.38,12.4,12.45,15623,1.94,"21-Aug-2026",139,"",""
"695","CONSOFINVT","BE",271.3,274.5,271.3,272.5,274.2,271.3,1127,3.07,"21-Aug-2026",32,"",""
"696","CONSUMAXIS","EQ",124.3,124.3,123.51,123.65,123.65,124.39,790,0.98,"21-Aug-2026",26,"",""
"697","CONSUMBEES","EQ",135.51,135.51,133.65,133.98,133.98,134.55,65923,88.33,"21-Aug-2026",832,"",""
"698","CONSUMER","EQ",12.36,12.37,12.27,12.28,12.27,12.31,2611053,320.67,"21-Aug-2026",331,"",""
"699","CONSUMIETF","EQ",125.21,125.41,124.36,124.56,124.55,125.03,12754,15.88,"21-Aug-2026",312,"",""
"700","CONTROLPR","EQ",565.35,576.95,563,573.8,576.95,565.9,24591,140.16,"21-Aug-2026",2127,"",""
"701","COOLCAPS","ST",20.95,21.45,20.15,20.25,20.15,20.85,55000,11.29,"21-Aug-2026",27,"",""
"702","CORALFINAC","EQ",33.46,34.73,33.46,34.53,34.73,34.11,24041,8.24,"21-Aug-2026",402,"",""
"703","CORDELIA","EQ",929,987.9,929,978.4,968,907.75,2047573,19722.18,"21-Aug-2026",58579,"",""
"704","CORDSCABLE","BE",240,245,236,241.33,240,241.06,40613,97.58,"21-Aug-2026",412,"",""
"705","COROMANDEL","EQ",2004.7,2028.8,1992,1996.1,1995,2004.8,35363,707.97,"21-Aug-2026",6399,"",""
"706","CORONA","EQ",2166,2179.9,2121.1,2142.6,2147.2,2165.8,12564,268.9,"21-Aug-2026",2461,"",""
"707","COSMOFIRST","EQ",938.45,946.75,920.05,922.95,926.9,938.45,34117,317.86,"21-Aug-2026",2097,"",""
"708","COUNCODOS","BE",6.75,6.75,6.46,6.65,6.7,6.8,158513,10.39,"21-Aug-2026",189,"",""
"709","CPCAP","EQ",124.01,126.43,120.54,121.32,122,123.56,13313,16.29,"21-Aug-2026",191,"",""
"710","CPEDU","EQ",201.18,203.35,200.29,201.2,200.6,201.54,6266,12.64,"21-Aug-2026",131,"",""
"711","CPL","EQ",68,68,66.51,66.82,66.99,67.77,128208,86.19,"21-Aug-2026",1017,"",""
"712","CPPLUS","EQ",3490,3566,3410,3475.5,3465,3468.6,255390,8885.82,"21-Aug-2026",34335,"",""
"713","CPS","SM",1120,1149,1120,1146.05,1130,1122,8250,93.42,"21-Aug-2026",5,"",""
"714","CPSEETF","EQ",93,94.75,93,94.27,94.44,93.54,810704,764.52,"21-Aug-2026",5620,"",""
"715","CRAFTSMAN","EQ",10740,10748,10510,10644.5,10632.5,10690.5,24176,2568.78,"21-Aug-2026",10352,"",""
"716","CRAMC","EQ",263.05,267.5,259.45,264.7,265.3,264.3,422879,1117.26,"21-Aug-2026",12380,"",""
"717","CRAVATEX","EQ",372.5,372.5,358,359,359,355.25,101,0.36,"21-Aug-2026",8,"",""
"718","CRAYONS","SM",26.6,27.75,26.6,26.8,26.8,28,7000,1.89,"21-Aug-2026",7,"",""
"719","CREATIVEYE","EQ",6.3,6.75,5.95,6.36,6.26,6.1,31914,1.99,"21-Aug-2026",118,"",""
"720","CREDENT","ST",377.7,380,358.2,375,371,377.05,977400,3608.54,"21-Aug-2026",960,"",""
"721","CREDITACC","EQ",1534,1534,1478.1,1496.1,1498,1534.5,327983,4902.53,"21-Aug-2026",26351,"",""
"722","CREST","EQ",360.1,365,357.8,361.8,359.1,364.95,1293,4.67,"21-Aug-2026",63,"",""
"723","CRISIL","EQ",4479.5,4534.3,4469.6,4514.5,4530,4478.6,20968,943.29,"21-Aug-2026",5495,"",""
"724","CRIZAC","EQ",172.65,175,171,172.84,174.13,171.34,158343,273.19,"21-Aug-2026",3655,"",""
"725","CROMPTON","EQ",256,259,247.85,252,252,252,13394000,33945.33,"21-Aug-2026",63650,"",""
"726","CROWN","EQ",103.22,105.5,102.13,105.07,105.45,104.17,7149,7.43,"21-Aug-2026",244,"",""
"727","CRSL","EQ",3.37,3.39,3.2,3.39,3.39,3.09,4265503,142.88,"21-Aug-2026",2092,"",""
"728","CSBBANK","EQ",321.25,328.2,320.1,322.9,322.9,320.9,606739,1960.62,"21-Aug-2026",27311,"",""
"729","CSLFINANCE","EQ",227.01,232.5,225.55,230.17,231,225.29,51270,117.14,"21-Aug-2026",510,"",""
"730","CSM","EQ",99.37,100,98.81,99.55,98.81,99.37,259489,258.53,"21-Aug-2026",1276,"",""
"731","CSSL","SM",92.05,94.8,89,90.8,90,92.05,29000,26.47,"21-Aug-2026",27,"",""
"732","CTE","EQ",49.53,49.53,48,49.53,49.53,47.18,62547,30.93,"21-Aug-2026",308,"",""
"733","CUB","EQ",219.35,220.94,216.5,217.3,216.5,219.35,727772,1590.61,"21-Aug-2026",21446,"",""
"734","CUBEINVIT","IV",157,158.5,156.51,156.99,156.68,157.2,338485,531.85,"21-Aug-2026",2618,"",""
"735","CUBEXTUB","EQ",78.8,80.25,78.8,79.11,79.41,78.8,30869,24.55,"21-Aug-2026",1296,"",""
"736","CUDML","ST",104,105.5,104,105.5,105.5,103.35,18000,18.9,"21-Aug-2026",11,"",""
"737","CUMMINSIND","EQ",5116,5218,5092,5107.5,5107.5,5205,753737,38622.9,"21-Aug-2026",62083,"",""
"738","CUPID","EQ",281.99,288,281.9,284.58,283.99,282.43,16664215,47547.27,"21-Aug-2026",125055,"",""
"739","CURAA","EQ",78.5,78.5,71.6,72.59,72.55,77.47,6438,4.8,"21-Aug-2026",93,"",""
"740","CURIS","SM",124,125,121,121,121,124,5000,6.16,"21-Aug-2026",5,"",""
"741","CYBERMEDIA","EQ",16.24,17.32,16.24,16.9,16.84,16.56,12189,2.04,"21-Aug-2026",74,"",""
"742","CYBERTECH","BE",134,136,131,134.88,133.3,133.05,10044,13.43,"21-Aug-2026",178,"",""
"743","CYIENT","EQ",898.5,918.45,888.9,892.65,892.05,903.05,594920,5364.4,"21-Aug-2026",29958,"",""
"744","CYIENTDLM","EQ",728.05,728.05,702.5,721.15,718.5,730.25,629321,4512.5,"21-Aug-2026",17509,"",""
"745","DABUR","EQ",400.05,400.75,397.65,400.5,400.5,400,672540,2683.28,"21-Aug-2026",20196,"",""
"746","DAICHI","EQ",320,329.9,315,324.35,329.9,316.35,6878,22.1,"21-Aug-2026",133,"",""
"747","DALBHARAT","EQ",1897,1912.5,1871.9,1880,1880,1897,339192,6418.7,"21-Aug-2026",11583,"",""
"748","DALMIASUG","EQ",498,508.9,475.05,497.95,499.3,508.1,1577558,7794.59,"21-Aug-2026",36942,"",""
"749","DAMCAPITAL","EQ",145,147.1,144.1,144.47,144.18,145.54,211292,306.55,"21-Aug-2026",2615,"",""
"750","DAMODARIND","BE",26.88,28.19,26.61,27.18,27,27.49,4177,1.13,"21-Aug-2026",38,"",""
"751","DANGEE","EQ",2.81,2.94,2.81,2.87,2.88,2.91,63672,1.83,"21-Aug-2026",174,"",""
"752","DANISH","SM",785.5,796.9,774,783.65,783.45,781.05,18150,142.5,"21-Aug-2026",83,"",""
"753","DATAMATICS","EQ",824.75,828.95,816.75,819.25,823.3,820.9,46281,380.47,"21-Aug-2026",2224,"",""
"754","DATAPATTNS","EQ",4730.1,5000,4730.1,4829.9,4802.1,4700.2,2315293,112930.88,"21-Aug-2026",182632,"",""
"755","DAVANGERE","EQ",3.02,3.05,2.98,2.99,3,2.99,21848993,655.26,"21-Aug-2026",4900,"",""
"756","DBCORP","EQ",206.31,208,204.53,205.86,206.09,206.31,112078,231.28,"21-Aug-2026",2838,"",""
"757","DBEIL","BE",6.52,6.9,6.52,6.66,6.7,6.66,76807,5.16,"21-Aug-2026",201,"",""
"758","DBL","EQ",415,417.85,413.5,414.6,413.5,415,67737,281.34,"21-Aug-2026",2312,"",""
"759","DBOL","EQ",132,135.35,128.21,131.15,131.51,135.61,453412,598.37,"21-Aug-2026",7096,"",""
"760","DBREALTY","EQ",105.54,108.8,104.14,106.08,106.11,104.7,1714905,1823.7,"21-Aug-2026",11792,"",""
"761","DBSTOCKBRO","BE",30.55,31.88,30.21,30.32,30.32,31.77,261230,79.56,"21-Aug-2026",120,"",""
"762","DCAL","EQ",174,181.57,172.21,173.54,173.01,172.41,502409,885.48,"21-Aug-2026",8197,"",""
"763","DCBBANK","EQ",188.99,205,187.6,203.59,204,188.61,10152482,20356.7,"21-Aug-2026",78488,"",""
"764","DCCL","SM",46.7,46.7,46.7,46.7,46.7,46.4,2000,0.93,"21-Aug-2026",1,"",""
"765","DCG","SM",53,55.2,53,55.1,55,54,10800,5.86,"21-Aug-2026",9,"",""
"766","DCI","EQ",383,389.7,381.25,381.35,382.3,376.85,30171,115.38,"21-Aug-2026",699,"",""
"767","DCM","BE",80,82,80,80.92,81.5,79.41,19829,16.19,"21-Aug-2026",54,"",""
"768","DCMFINSERV","EQ",5.5,5.5,5.33,5.43,5.46,5.5,4276,0.23,"21-Aug-2026",217,"",""
"769","DCMNVL","EQ",175,176.01,170.01,171.6,172,175.62,12706,22.01,"21-Aug-2026",184,"",""
"770","DCMSHRIRAM","EQ",1085,1099.9,1074.7,1082.1,1079.2,1079.7,209945,2282.58,"21-Aug-2026",15267,"",""
"771","DCMSIL","EQ",76.1,79.5,72.99,77.79,77.05,76.1,118286,89.21,"21-Aug-2026",1481,"",""
"772","DCMSRIND","EQ",53.07,53.88,50.5,51.24,51.7,52.84,448778,231.8,"21-Aug-2026",3538,"",""
"773","DCW","EQ",44.2,45.84,43.95,44.73,44.8,44.01,1816443,814.69,"21-Aug-2026",6413,"",""
"774","DCXINDIA","EQ",173.9,178.5,173.9,175.49,175.52,173.71,321564,566.79,"21-Aug-2026",5345,"",""
"775","DDEVPLSTIK","EQ",276.5,279.6,275.3,277.85,276.65,276.5,36568,101.3,"21-Aug-2026",1308,"",""
"776","DECCANCE","EQ",559.8,579,550.65,554.15,554.1,556.1,28518,159.49,"21-Aug-2026",1240,"",""
"777","DECNGOLD","EQ",243.85,250.8,236.1,245.67,245.2,242.66,3292732,8057,"21-Aug-2026",28510,"",""
"778","DEEDEV","EQ",629.9,653.35,625,646.1,646,622.25,184335,1188.99,"21-Aug-2026",3817,"",""
"779","DEEM","ST",38.45,40.2,38.45,40.2,40.2,40.45,2000,0.79,"21-Aug-2026",2,"",""
"780","DEEP","EQ",37.18,37.2,36.1,36.64,36.5,37.18,3278,1.2,"21-Aug-2026",94,"",""
"781","DEEPAKFERT","EQ",1464.2,1465,1437,1449.2,1449.2,1464.2,252028,3649.36,"21-Aug-2026",18637,"",""
"782","DEEPAKNTR","EQ",1760,1760,1725.1,1747.1,1740,1750.4,294642,5116.76,"21-Aug-2026",11760,"",""
"783","DEEPINDS","EQ",654.95,704.35,652.35,688.05,690,658.45,581848,3997.49,"21-Aug-2026",17075,"",""
"784","DEFENCE","EQ",82.72,83.35,82.1,82.64,82.5,82.31,324854,268.8,"21-Aug-2026",823,"",""
"785","DELAPLEX","SM",84,86,82.55,83.15,83.5,82.8,9600,8.02,"21-Aug-2026",13,"",""
"786","DELHIVERY","EQ",450.1,454.2,448.35,450.7,450.7,450.1,1293159,5828.07,"21-Aug-2026",20719,"",""
"787","DELPHIFX","BE",6.74,6.74,6.38,6.51,6.5,6.55,167092,10.86,"21-Aug-2026",250,"",""
"788","DELTACORP","EQ",59.81,60.14,58.21,58.62,58.8,59.52,900931,531.81,"21-Aug-2026",6572,"",""
"789","DELTAMAGNT","EQ",59.69,59.69,56.85,58.49,58.49,58.27,5395,3.11,"21-Aug-2026",65,"",""
"790","DELTIC","SM",35.2,37.35,35.2,36.9,36.4,35.4,14000,5.1,"21-Aug-2026",14,"",""
"791","DEN","EQ",27.9,28.49,27.83,28.17,28.11,27.75,536696,151.44,"21-Aug-2026",2012,"",""
"792","DENEERS","SM",171.2,184,168.5,170,170,174.45,9600,16.59,"21-Aug-2026",16,"",""
"793","DENORA","EQ",851.3,851.4,827.45,828.95,827.55,839.85,3755,31.32,"21-Aug-2026",283,"",""
"794","DENTA","EQ",292.8,293.05,285,286.4,286.6,290.5,86987,249.56,"21-Aug-2026",2420,"",""
"795","DENTALKART","SM",400,406,393,395.6,393,400,33000,131.9,"21-Aug-2026",90,"",""
"796","DEVIT","EQ",24.8,25.4,24.4,24.9,24.98,24.66,26511,6.63,"21-Aug-2026",357,"",""
"797","DEVX","EQ",34.99,36.3,33.53,35.68,36,34.72,326171,113.94,"21-Aug-2026",2526,"",""
"798","DEVYANI","EQ",147.1,149,143.5,144.4,145.1,147.79,2968605,4351.74,"21-Aug-2026",29084,"",""
"799","DGCONTENT","EQ",23.81,25.1,23.81,24.85,24.89,24.12,38179,9.53,"21-Aug-2026",232,"",""
"800","DHABRIYA","EQ",559.95,584,552,576.7,572.2,555.25,34990,200.91,"21-Aug-2026",1409,"",""
"801","DHAMPURSUG","EQ",184,187.59,179.25,185.23,186,189.76,3484030,6406.1,"21-Aug-2026",36063,"",""
"802","DHANBANK","EQ",32.5,34.25,32.4,33.73,33.75,32.49,2914419,978.18,"21-Aug-2026",7196,"",""
"803","DHANLAXMI","SM",25,25,25,25,25,25,2000,0.5,"21-Aug-2026",1,"",""
"804","DHANSA","SM",22.35,22.35,20.4,21.5,22.2,21.3,14000,3.07,"21-Aug-2026",7,"",""
"805","DHANUKA","EQ",995,1000,972.5,980.3,980.6,996.3,25532,252.35,"21-Aug-2026",2347,"",""
"806","DHARAN","BZ",0.16,0.16,0.15,0.16,0.16,0.15,10159288,16.21,"21-Aug-2026",875,"",""
"807","DHARARAIL","ST",147.5,147.5,147.5,147.5,147.5,145.95,1000,1.48,"21-Aug-2026",1,"",""
"808","DHARIWAL","SM",18.45,18.8,17.9,18.8,18.8,17.95,180000,33.29,"21-Aug-2026",37,"",""
"809","DHARMAJ","EQ",270.25,271.2,268.4,270,270,270.05,41251,111.41,"21-Aug-2026",1030,"",""
"810","DHATRE","EQ",4.71,4.71,4.15,4.52,4.53,4.6,11677,0.52,"21-Aug-2026",104,"",""
"811","DHOOTTRANS","EQ",1440,1523,1429.1,1478.95,1455,1468.65,11688141,172738.46,"21-Aug-2026",379840,"",""
"812","DHRUV","EQ",25,25.27,24.05,24.35,24.48,25.29,8234,2.02,"21-Aug-2026",84,"",""
"813","DHTL","SM",31.45,31.45,31.45,31.45,31.45,33.1,2400,0.75,"21-Aug-2026",3,"",""
"814","DHUNINV","EQ",979.55,999,956.4,975.65,980,963.2,542,5.29,"21-Aug-2026",78,"",""
"815","DIACABS","BE",358,362,351,356.1,354.05,353.9,524345,1865.2,"21-Aug-2026",4023,"",""
"816","DIAMINESQ","EQ",234,243.6,234,241.11,239.02,236.46,8003,19.2,"21-Aug-2026",352,"",""
"817","DIAMONDYD","EQ",1179.3,1192.6,1165.9,1179.3,1182.5,1175,17705,209.05,"21-Aug-2026",1415,"",""
"818","DICIND","EQ",600,614.8,585,593.9,596,589.6,15978,96.21,"21-Aug-2026",851,"",""
"819","DIFFNKG","EQ",404.05,405.5,400.05,401.45,403.4,401.8,29620,119.33,"21-Aug-2026",1257,"",""
"820","DIGIDRIVE","EQ",17.12,18,17.12,17.9,17.95,17.26,26561,4.69,"21-Aug-2026",170,"",""
"821","DIGIKORE","SM",35,38.7,33.15,36.25,35.5,35.15,64400,23.26,"21-Aug-2026",83,"",""
"822","DIGISPICE","EQ",16.74,17.44,16.74,16.99,16.99,17.19,89927,15.31,"21-Aug-2026",244,"",""
"823","DIGITIDE","EQ",96.57,99.3,94.91,97.01,97,96.57,259341,252.01,"21-Aug-2026",2535,"",""
"824","DIGJAMLMTD","EQ",51.55,53.21,51.05,51.64,51.05,51.55,7738,4.06,"21-Aug-2026",53,"",""
"825","DISAQ","EQ",11727,11848,11659,11836,11848,11508,367,43.26,"21-Aug-2026",240,"",""
"826","DISHTV","EQ",2.79,2.8,2.77,2.77,2.8,2.79,660570,18.37,"21-Aug-2026",2024,"",""
"827","DIVGIITTS","EQ",1274.3,1274.3,1210,1217.9,1212.1,1263.45,92239,1130.48,"21-Aug-2026",8647,"",""
"828","DIVIDEND","EQ",35.85,35.85,35.59,35.63,35.71,35.68,2620,0.94,"21-Aug-2026",60,"",""
"829","DIVINEHIRA","ST",114.5,114.5,110.05,111.9,111.95,111.95,10800,12.05,"21-Aug-2026",9,"",""
"830","DIVISLAB","EQ",8600,8610,8505.5,8597,8597,8570,180697,15423.8,"21-Aug-2026",19064,"",""
"831","DIVOPPBEES","EQ",78.23,78.23,77.42,77.67,77.51,77.8,28706,22.29,"21-Aug-2026",615,"",""
"832","DIXON","EQ",14864,14924,14620,14850,14850,14850,582929,86210.24,"21-Aug-2026",66041,"",""
"833","DJML","EQ",104.7,109.7,102.01,108.64,108.3,101.95,536749,576.32,"21-Aug-2026",7474,"",""
"834","DKEGL","SM",70,70,70,70,70,68.05,1500,1.05,"21-Aug-2026",1,"",""
"835","DLF","EQ",677.2,684.45,675.25,678.1,678.1,676.15,2480650,16885,"21-Aug-2026",60729,"",""
"836","DLINKINDIA","EQ",436.85,444.65,434.35,435.75,438.05,438.4,85873,377.44,"21-Aug-2026",2709,"",""
"837","DMART","EQ",3979.8,3990,3866.4,3906,3906,3960,417784,16291.78,"21-Aug-2026",36874,"",""
"838","DMCC","EQ",285.05,290,281.1,284.3,290,287.3,31044,88.4,"21-Aug-2026",1308,"",""
"839","DNAMEDIA","EQ",2.58,2.76,2.47,2.6,2.55,2.51,169127,4.4,"21-Aug-2026",306,"",""
"840","DODLA","EQ",1138,1145.4,1130,1138.4,1139,1138,11979,136.09,"21-Aug-2026",2536,"",""
"841","DOLATALGO","EQ",75.74,78.82,74.71,76.51,76.9,74.9,371712,284.89,"21-Aug-2026",2934,"",""
"842","DOLLAR","EQ",272.65,275.9,270.6,273.2,273.3,272.15,76343,208.96,"21-Aug-2026",2187,"",""
"843","DOLLEX","SM",33.9,34.45,32,33.1,33.9,33.3,224000,73,"21-Aug-2026",30,"",""
"844","DOLPHIN","EQ",623.15,655,621.2,645.1,638.95,621.6,96382,617.49,"21-Aug-2026",3567,"",""
"845","DOMS","EQ",2210.4,2227.4,2192.3,2206.3,2203.1,2209.9,11373,251.53,"21-Aug-2026",2451,"",""
"846","DONEAR","EQ",88.9,91.15,87.13,87.52,87.25,88.95,11988,10.59,"21-Aug-2026",231,"",""
"847","DPABHUSHAN","EQ",1461.1,1487,1444.9,1482.4,1483,1461.7,31616,466.08,"21-Aug-2026",2028,"",""
"848","DPEL","SM",580,580,570,570.4,570.5,576.95,27000,154.91,"21-Aug-2026",49,"",""
"849","DPSCLTD","BE",7.16,7.29,6.85,7.13,7.14,7.16,118306,8.43,"21-Aug-2026",446,"",""
"850","DPWIRES","BE",160,162.5,158,158.54,159.88,158.07,2177,3.48,"21-Aug-2026",106,"",""
"851","DRAGARWQ","EQ",5306,5405,5262.5,5395,5400,5307,1163,62.42,"21-Aug-2026",353,"",""
"852","DRCSYSTEMS","EQ",12.74,12.99,12.52,12.6,12.7,12.76,45327,5.73,"21-Aug-2026",238,"",""
"853","DREAMFOLKS","EQ",68.42,70.19,67.5,68.92,69.5,68.41,77853,53.96,"21-Aug-2026",1502,"",""
"854","DREDGECORP","EQ",1124,1139.9,1105.3,1116.5,1117,1118.3,86582,969.18,"21-Aug-2026",5883,"",""
"855","DRONE","SM",39.15,39.15,35.9,36.7,36.9,38.2,81000,29.96,"21-Aug-2026",110,"",""
"856","DRREDDY","EQ",1179,1185.1,1174,1174.7,1174.7,1180,1246756,14702.2,"21-Aug-2026",33536,"",""
"857","DSFCL","BE",27.6,27.6,27.6,27.6,27.6,27.06,22580,6.23,"21-Aug-2026",46,"",""
"858","DSKULKARNI","BE",16.14,16.14,16.14,16.14,16.14,15.38,254,0.04,"21-Aug-2026",1,"",""
"859","DSSL","EQ",1093.7,1103.9,1082.1,1097.1,1098,1093.7,27350,299.17,"21-Aug-2026",2666,"",""
"860","DTIL","EQ",137,144.01,134.23,138.69,139.89,134.95,23845,33.66,"21-Aug-2026",812,"",""
"861","DTL","SM",120,120,120,120,120,120,1200,1.44,"21-Aug-2026",1,"",""
"862","DUCOL","SM",106.2,106.7,106.2,106.7,106.7,106.2,4800,5.11,"21-Aug-2026",3,"",""
"863","DUCON","EQ",3.4,3.65,3.27,3.35,3.33,3.35,2452192,84.33,"21-Aug-2026",1854,"",""
"864","DUGLOBAL","SM",23.8,23.8,23.8,23.8,23.8,23.8,2500,0.6,"21-Aug-2026",1,"",""
"865","DURLAX","SM",62.3,65.4,62.3,63.85,62.8,61.4,206000,131.89,"21-Aug-2026",78,"",""
"866","DVL","EQ",264,272,264,269.49,272,263.34,12718,34.01,"21-Aug-2026",372,"",""
"867","DWARKESH","EQ",54,54.36,51.78,53.63,53.75,55.38,13227091,7042.77,"21-Aug-2026",37173,"",""
"868","DYCL","EQ",455,462.8,451.55,458.8,462,453.6,233935,1068.73,"21-Aug-2026",5978,"",""
"869","DYNAMATECH","EQ",11768,11850,11550,11588,11560,11765,12937,1507.31,"21-Aug-2026",4805,"",""
"870","DYNAMIC","ST",137.1,143.5,137,141.2,143.5,140.05,7500,10.45,"21-Aug-2026",13,"",""
"871","DYNPRO","EQ",236.1,238,231.05,235,233.1,232.15,20785,48.77,"21-Aug-2026",800,"",""
"872","E2E","BE",625,635,612,621.6,620.95,623.85,461723,2881.28,"21-Aug-2026",11993,"",""
"873","E2ERAIL","SM",295,297,287,289.05,290,297.8,36000,105.53,"21-Aug-2026",39,"",""
"874","EASEMYTRIP","EQ",6.15,6.41,6.06,6.25,6.25,6.09,30341117,1898.04,"21-Aug-2026",12321,"",""
"875","EASTSILK","BE",64.2,64.2,63.9,64.2,64.2,64.2,552,0.35,"21-Aug-2026",6,"",""
"876","EASTWEST","EQ",2.5,2.5,2.35,2.39,2.48,2.43,20860,0.51,"21-Aug-2026",100,"",""
"877","EBANK10","EQ",17.18,17.18,16.87,16.94,16.94,17.1,13083,2.21,"21-Aug-2026",21,"",""
"878","EBANKNIFTY","EQ",58.32,58.39,58.11,58.17,58.11,58.13,386,0.22,"21-Aug-2026",15,"",""
"879","EBBETF0430","EQ",1610.8,1615,1605.38,1610.9,1610.55,1610.79,27172,437.21,"21-Aug-2026",1732,"",""
"880","EBBETF0431","EQ",1439.96,1442.99,1438.95,1440.01,1439.75,1442.56,604,8.71,"21-Aug-2026",49,"",""
"881","EBBETF0433","EQ",1315.9,1318.13,1313.02,1317.74,1317.96,1317.95,2838,37.38,"21-Aug-2026",90,"",""
"882","EBGNG","EQ",627.8,627.8,602.5,606.2,605.9,624.75,541316,3302.04,"21-Aug-2026",19482,"",""
"883","EBIX","EQ",19.74,19.74,19.74,19.74,19.74,18.8,6026,1.19,"21-Aug-2026",23,"",""
"884","ECAPINSURE","EQ",24.2,24.35,24.11,24.32,24.35,24.18,69693,16.89,"21-Aug-2026",208,"",""
"885","ECLERX","EQ",1812.1,1831.7,1785.2,1815.7,1829,1804.8,77989,1413.2,"21-Aug-2026",8596,"",""
"886","ECOLINE","ST",175.15,180,172.95,179.1,177,182.05,38000,66.51,"21-Aug-2026",31,"",""
"887","ECORECO","EQ",470.45,470.45,443.75,454.75,456.85,461.25,15259,69.43,"21-Aug-2026",948,"",""
"888","ECOSMOBLTY","BE",112.31,113.46,107.3,109.82,110.3,112.31,154029,168.12,"21-Aug-2026",2094,"",""
"889","EDELWEISS","EQ",127,132.4,126.5,128.68,129.35,126.62,11072927,14402.52,"21-Aug-2026",71272,"",""
"890","EEPL","SM",137.5,137.9,133,134,134.85,136.65,46000,62.27,"21-Aug-2026",40,"",""
"891","EFACTOR","SM",200,203,200,203,203,205,10000,20.13,"21-Aug-2026",15,"",""
"892","EFCIL","EQ",188.4,192.3,188.13,191.61,192.1,190.66,141005,269.36,"21-Aug-2026",2513,"",""
"893","EFFWA","ST",353.7,358,340,343.1,343.1,350.2,6400,22.08,"21-Aug-2026",14,"",""
"894","EFORCE","SM",22.05,22.05,20.4,20.85,21.45,22.1,15600,3.25,"21-Aug-2026",13,"",""
"895","EGOLD","EQ",156.6,158.9,156.6,158.5,158.85,155.8,102457,161.84,"21-Aug-2026",668,"",""
"896","EICHERMOT","EQ",8095,8112.5,7980,8010,8010,8042,316029,25321.96,"21-Aug-2026",31213,"",""
"897","EIDPARRY","EQ",810,810,786.75,797.3,795,810.25,778386,6204.11,"21-Aug-2026",30089,"",""
"898","EIEL","EQ",199.01,200.34,193.91,194.73,194.8,199.01,1334529,2625.41,"21-Aug-2026",12004,"",""
"899","EIFFL","BE",250.1,258.7,250.1,258.6,258.7,251.8,2371,6.05,"21-Aug-2026",56,"",""
"900","EIHAHOTELS","EQ",293,300,293,294.7,293,294.65,15356,45.44,"21-Aug-2026",1235,"",""
"901","EIHOTEL","EQ",303.5,303.65,299,302.75,303.25,299.9,63736,192.76,"21-Aug-2026",4033,"",""
"902","EIMCOELECO","EQ",2190.8,2229.9,2149,2182.9,2174.9,2180,71380,1559.81,"21-Aug-2026",6155,"",""
"903","EKC","EQ",112.8,113.98,110.9,111.38,111,112.8,110244,123.33,"21-Aug-2026",1777,"",""
"904","EKI","EQ",81.99,81.99,77.99,78.07,78,78.19,9420,7.37,"21-Aug-2026",342,"",""
"905","ELANTAS","EQ",11744.5,11744.5,11453.5,11550,11500.5,11599.5,2448,283.52,"21-Aug-2026",1308,"",""
"906","ELCIDIN","EQ",109000,109100,109000,109005,109000,109000,8,8.72,"21-Aug-2026",8,"",""
"907","ELDEHSG","EQ",825.75,848,822.15,835.4,839.9,823.3,909,7.61,"21-Aug-2026",59,"",""
"908","ELECON","EQ",454,455,443.2,451.55,449.9,451.7,433951,1952.48,"21-Aug-2026",14858,"",""
"909","ELECTCAST","EQ",71.98,74.5,71.86,73.87,73.58,71.89,1754522,1290.35,"21-Aug-2026",9190,"",""
"910","ELECTHERM","EQ",1024.7,1059.9,1016.2,1052.2,1059,1012.9,25780,269.76,"21-Aug-2026",1626,"",""
"911","ELGIEQUIP","EQ",632.55,641,622.05,634.35,631,632.45,702061,4451.63,"21-Aug-2026",27456,"",""
"912","ELGIRUBCO","EQ",60.5,61.66,59.35,60.07,60.32,59.2,40818,24.57,"21-Aug-2026",905,"",""
"913","ELGNZ","SM",88.85,88.85,85.2,86.8,86.9,84.6,8000,6.96,"21-Aug-2026",4,"",""
"914","ELIN","EQ",100.95,101.89,99.96,100.62,100.75,99.62,126985,127.95,"21-Aug-2026",1425,"",""
"915","ELIQUID","EQ",1043.84,1044.77,1043.84,1044.77,1044.77,1044.36,8343,87.16,"21-Aug-2026",22,"",""
"916","ELITECON","EQ",16.79,16.95,15.61,15.7,15.85,16.79,2851572,457.02,"21-Aug-2026",9088,"",""
"917","ELLEN","EQ",323.1,331.8,320.4,328.5,330,324.35,276473,900.78,"21-Aug-2026",7067,"",""
"918","ELM250","EQ",16.87,16.9,16.71,16.8,16.8,16.87,192077,32.21,"21-Aug-2026",297,"",""
"919","ELMDIV","EQ",36.95,36.95,36.77,36.78,36.9,36.78,786,0.29,"21-Aug-2026",14,"",""
"920","ELPROINTL","EQ",175.42,177,175.08,175.47,177,176.44,18447,32.41,"21-Aug-2026",232,"",""
"921","EMAMILTD","EQ",407.4,407.9,401.2,402.6,402.5,407.4,456802,1845.37,"21-Aug-2026",13479,"",""
"922","EMAMIPAP","BE",114.56,116.5,114.5,115.81,116.5,114.56,40921,47.3,"21-Aug-2026",363,"",""
"923","EMAMIREAL","EQ",72,72,70.23,70.53,70.75,71.46,10438,7.4,"21-Aug-2026",160,"",""
"924","EMAPARTNER","SM",82,82,82,82,82,84.2,1000,0.82,"21-Aug-2026",1,"",""
"925","EMBASSY","RR",434.95,437.1,434,436.08,436.75,435.24,1558888,6792.37,"21-Aug-2026",27396,"",""
"926","EMBDL","EQ",63.12,65.2,63,64.87,64.89,63.08,4896281,3159.32,"21-Aug-2026",18602,"",""
"927","EMCURE","EQ",1881,1897.9,1846.1,1863,1875,1881.4,124891,2329,"21-Aug-2026",9659,"",""
"928","EMETAL","EQ",13.09,13.17,13.08,13.1,13.1,12.97,34255,4.49,"21-Aug-2026",27,"",""
"929","EMIL","EQ",191.58,191.58,185.2,186.71,187,191.06,2210325,4154.63,"21-Aug-2026",23429,"",""
"930","EMKAY","EQ",240.28,242.5,236.56,239.85,242.5,239.09,12775,30.67,"21-Aug-2026",516,"",""
"931","EMKAYTOOLS","SM",96.5,96.5,90.2,93.5,93.5,93,750,0.69,"21-Aug-2026",5,"",""
"932","EMMBI","BE",84.99,84.99,82.5,82.59,82.5,83.14,1600,1.32,"21-Aug-2026",31,"",""
"933","EMMIL","SM",123,125,122,124.55,124.5,124,10000,12.33,"21-Aug-2026",20,"",""
"934","EMMVEE","EQ",326.1,328.95,322.6,324,325,325.6,1669310,5428.35,"21-Aug-2026",25425,"",""
"935","EMPIND","EQ",1206.6,1214,1176,1192,1200,1182.9,3435,40.97,"21-Aug-2026",305,"",""
"936","EMPOWER","EQ",2.35,2.36,2.26,2.27,2.3,2.3,5269080,120.59,"21-Aug-2026",1664,"",""
"937","EMSLIMITED","EQ",400,401.9,392.1,394.35,394.55,405,220488,874.18,"21-Aug-2026",6220,"",""
"938","EMUDHRA","EQ",549.7,549.7,538.2,540.85,540.1,550,85388,462.96,"21-Aug-2026",4851,"",""
"939","EMULTIMQ","EQ",42.25,42.4,41.96,42.05,42.01,41.72,28795,12.15,"21-Aug-2026",134,"",""
"940","ENCOMPAS","SM",243.75,243.75,233.45,234.2,235,242.4,8400,19.82,"21-Aug-2026",16,"",""
"941","ENDURANCE","EQ",3001.7,3072,2971,3029.5,3025,3001.7,271313,8217.38,"21-Aug-2026",24284,"",""
"942","ENERGY","EQ",38.47,38.65,38.36,38.42,38.5,38.35,552402,212.55,"21-Aug-2026",1227,"",""
"943","ENERGYDEV","EQ",16.66,16.7,16.31,16.35,16.31,16.5,10491,1.72,"21-Aug-2026",189,"",""
"944","ENEXT50","EQ",74.56,74.56,73.98,73.98,73.98,74.19,1009,0.75,"21-Aug-2026",16,"",""
"945","ENFUSE","SM",180,180,153,153,153,164,1200,2,"21-Aug-2026",2,"",""
"946","ENGINERSIN","EQ",236.2,246.49,236.2,244.91,244.42,237.21,2543360,6178.33,"21-Aug-2026",32008,"",""
"947","ENIFTY","EQ",24.55,24.55,24.39,24.46,24.4,24.38,4990,1.22,"21-Aug-2026",85,"",""
"948","ENIL","EQ",103.63,104,101,102.38,102.4,101.6,73143,74.54,"21-Aug-2026",843,"",""
"949","ENKEIWHEL","EQ",400.85,415.95,393,414.15,405,402.85,3933,15.94,"21-Aug-2026",51,"",""
"950","ENRIN","EQ",3435.3,3462.5,3411,3435.6,3433.8,3435.3,272152,9360.89,"21-Aug-2026",24627,"",""
"951","ENSER","SM",16.8,16.8,15.3,15.35,15.35,15.1,30000,4.71,"21-Aug-2026",6,"",""
"952","ENTERO","EQ",1407.7,1430,1394.1,1423.6,1423,1408.4,103390,1463.14,"21-Aug-2026",13866,"",""
"953","ENVIRO","SM",72.8,73.9,72.1,72.85,72.95,73.2,56000,40.91,"21-Aug-2026",41,"",""
"954","EPACK","EQ",203.8,205.35,202.1,202.8,202.55,203.06,270886,552.06,"21-Aug-2026",4207,"",""
"955","EPACKPEB","EQ",235,235,230.35,234.35,233.2,232.9,370981,862.99,"21-Aug-2026",6629,"",""
"956","EPIGRAL","EQ",1129.5,1135,1108.6,1126,1125,1120.5,29039,325.74,"21-Aug-2026",2881,"",""
"957","EPL","EQ",270.9,274.03,262.4,265.61,263.88,270.1,3951689,10571.19,"21-Aug-2026",69580,"",""
"958","EPWINDIA","ST",261.25,261.25,261.25,261.25,261.25,248.85,6000,15.68,"21-Aug-2026",5,"",""
"959","EQUAL200","EQ",13.99,14.01,13.96,13.97,14,13.99,4704,0.66,"21-Aug-2026",38,"",""
"960","EQUAL50","EQ",334.04,334.99,334.04,334.94,334.92,333.96,3702,12.39,"21-Aug-2026",39,"",""
"961","EQUAL50ADD","EQ",346.79,347.99,345.02,346.66,345.35,347.46,5686,19.67,"21-Aug-2026",217,"",""
"962","EQUIPPP","BE",23.3,24.39,23.01,24.06,24.2,23.93,9649,2.32,"21-Aug-2026",35,"",""
"963","EQUITASBNK","EQ",77,78.15,76.3,76.6,76.95,76.99,1112094,858.11,"21-Aug-2026",11137,"",""
"964","ERIS","EQ",1330.1,1336.8,1304,1328.2,1332.1,1326,56997,751.07,"21-Aug-2026",9725,"",""
"965","ESABINDIA","EQ",6154.5,6239,6100,6210,6202.5,6154,4031,249.45,"21-Aug-2026",1056,"",""
"966","ESAFSFB","BE",43.8,44.2,42,43.94,43.8,43.27,990261,433.3,"21-Aug-2026",3902,"",""
"967","ESCONET","SM",194.95,198,180.5,184.8,180.5,187.35,52800,101.42,"21-Aug-2026",118,"",""
"968","ESCORTS","EQ",3108,3112.9,3052,3086.6,3087,3092.1,47487,1459.4,"21-Aug-2026",12269,"",""
"969","ESENSEX","EQ",78.29,78.45,77.94,78.35,78.35,77.91,1593,1.25,"21-Aug-2026",18,"",""
"970","ESFL","SM",125,125.55,121.95,121.95,121.95,125.95,19440,23.94,"21-Aug-2026",41,"",""
"971","ESG","EQ",41.8,41.86,41.67,41.71,41.8,41.8,4316,1.8,"21-Aug-2026",65,"",""
"972","ESILVER","EQ",237.5,243.91,237.5,243.7,243.79,235.29,333584,812.05,"21-Aug-2026",2232,"",""
"973","ESPRIT","SM",68,69.9,67,67,67,67,14400,9.86,"21-Aug-2026",8,"",""
"974","ESSARSHPNG","EQ",15.9,18.97,15.8,16.97,17,15.9,1677694,290.86,"21-Aug-2026",4602,"",""
"975","ESSENTIA","EQ",1.1,1.17,1.1,1.14,1.14,1.14,2062286,23.49,"21-Aug-2026",1048,"",""
"976","ESTER","EQ",96,97.68,94.7,95.14,95.35,96.16,58483,56.12,"21-Aug-2026",1487,"",""
"977","ETERNAL","EQ",330,331.7,324.1,328,328,327.95,31651425,103640.89,"21-Aug-2026",161503,"",""
"978","ETHOSLTD","EQ",2857.6,2884,2822.5,2840.5,2841.1,2867.6,18611,529.24,"21-Aug-2026",4787,"",""
"979","ETL","SM",1069.95,1069.95,1021.05,1055,1055,1015,1050,10.96,"21-Aug-2026",6,"",""
"980","ETML","SM",82,84.5,82,83.2,83.45,82.65,6000,4.99,"21-Aug-2026",5,"",""
"981","EUREKAFORB","EQ",418,418.95,409.55,415,415,416.2,187730,776.99,"21-Aug-2026",9150,"",""
"982","EUROBOND","EQ",153.9,165.8,153.9,157.38,156.32,158.25,5774,9.09,"21-Aug-2026",115,"",""
"983","EUROPRATIK","EQ",265.75,268,261.85,263.15,262,265.75,153966,408.64,"21-Aug-2026",2208,"",""
"984","EVEREADY","EQ",355.05,355.05,346.35,348.95,346.65,355.05,69581,243.59,"21-Aug-2026",1533,"",""
"985","EVERESTIND","BE",438,450,432,434.5,434.15,437.95,5321,23.4,"21-Aug-2026",135,"",""
"986","EVIETF","EQ",34.1,34.1,33.56,33.69,33.76,33.94,166981,56.31,"21-Aug-2026",842,"",""
"987","EVINDIA","EQ",33.92,34.09,33.6,33.67,33.67,33.91,230242,77.67,"21-Aug-2026",2116,"",""
"988","EXCELINDUS","EQ",1120,1126.55,1073.85,1089,1085,1114.5,24478,268.25,"21-Aug-2026",2434,"",""
"989","EXCELSOFT","EQ",71.27,72.1,70.6,70.9,70.97,70.88,296394,210.73,"21-Aug-2026",2566,"",""
"990","EXICOM","EQ",158,162.15,155.92,159.87,160,157.03,1054072,1690.11,"21-Aug-2026",9967,"",""
"991","EXIDEIND","EQ",464.05,466.5,456.4,459.6,456.4,464.1,2410717,11140.07,"21-Aug-2026",41935,"",""
"992","EXIMROUTES","SM",108.5,116.45,108.5,114.85,114.85,109,3200,3.63,"21-Aug-2026",4,"",""
"993","EXPLEOSOL","EQ",882.75,903.6,875.2,898.75,896.4,883.15,44340,397.11,"21-Aug-2026",3307,"",""
"994","EXXARO","EQ",6.1,6.21,6.01,6.09,6.13,6.04,146051,8.92,"21-Aug-2026",292,"",""
"995","FABTECH","EQ",146.49,148,145.21,146.82,147.2,146.33,63958,93.98,"21-Aug-2026",1177,"",""
"996","FACT","EQ",776.5,812.2,771.2,783.3,780.95,772.95,403992,3213.52,"21-Aug-2026",25598,"",""
"997","FAIRCHEMOR","BE",635.05,659.95,635.05,659.95,659.95,647.05,7508,48.77,"21-Aug-2026",100,"",""
"998","FALCONTECH","SM",12.85,12.85,12.5,12.8,12.85,12.85,8400,1.07,"21-Aug-2026",7,"",""
"999","FAZE3Q","EQ",493.3,505.85,490,498.9,503.8,490.7,48208,240.93,"21-Aug-2026",1432,"",""
"1000","FCL","EQ",43.68,47.9,43.43,47.43,47.9,43.55,34486545,15983.08,"21-Aug-2026",69801,"",""
"1001","FCSSOFT","EQ",1.47,1.51,1.46,1.49,1.5,1.46,1613636,23.84,"21-Aug-2026",1068,"",""
"1002","FDC","EQ",351,353,347,348.6,348.1,350.15,96904,339.3,"21-Aug-2026",6363,"",""
"1003","FEDDERSHOL","EQ",40.5,40.98,39.76,40.26,40.08,40.2,79914,32.18,"21-Aug-2026",899,"",""
"1004","FEDERALBNK","EQ",356.3,361,355.15,361,361,355.3,4398375,15781.29,"21-Aug-2026",40656,"",""
"1005","FEDFINA","EQ",155,159.58,154.01,156.84,156.7,154.03,1587693,2497.22,"21-Aug-2026",20661,"",""
"1006","FEL","BZ",0.41,0.41,0.39,0.39,0.39,0.4,162044,0.65,"21-Aug-2026",97,"",""
"1007","FELDVR","BZ",2.28,2.45,2.28,2.39,2.39,2.39,195,0,"21-Aug-2026",20,"",""
"1008","FELIX","SM",181.15,182.75,177.5,178.8,180.75,181.65,39000,70.06,"21-Aug-2026",65,"",""
"1009","FERMENTA","EQ",465.15,481,456.55,478.35,478.25,460.1,92282,435.63,"21-Aug-2026",4566,"",""
"1010","FIBERWEB","EQ",26.45,27.79,25.17,25.89,25.8,26.11,184509,48.81,"21-Aug-2026",906,"",""
"1011","FICRF3GP","MF",520.2,520.2,520.2,520.2,520.2,578,1,0.01,"21-Aug-2026",1,"",""
"1012","FIDEL","SM",139,140,139,140,140,134,4000,5.58,"21-Aug-2026",4,"",""
"1013","FIEMIND","EQ",2199,2231.8,2171.1,2198.8,2202.5,2190.6,88078,1938.51,"21-Aug-2026",10490,"",""
"1014","FILATEX","EQ",81.26,85,81.26,83.06,83.22,81.51,2218230,1855.04,"21-Aug-2026",11188,"",""
"1015","FILATFASH","EQ",0.19,0.19,0.18,0.18,0.19,0.18,20586334,37.95,"21-Aug-2026",1822,"",""
"1016","FINBUD","SM",139.2,139.2,137.5,138.1,137.5,139,16000,22.11,"21-Aug-2026",13,"",""
"1017","FINCABLES","EQ",1293,1297.85,1255.15,1260.5,1263.95,1291.2,548922,6982.99,"21-Aug-2026",25375,"",""
"1018","FINEORG","EQ",5070,5184,4985.5,5159.9,5157.8,5066.2,40457,2053.57,"21-Aug-2026",8179,"",""
"1019","FINIETF","EQ",33.49,33.6,33.33,33.52,33.59,33.38,246518,82.47,"21-Aug-2026",1145,"",""
"1020","FINKURVE","EQ",75.92,77.59,75.11,76.32,76.95,76.32,44056,33.67,"21-Aug-2026",579,"",""
"1021","FINOPB","EQ",146.06,146.99,145.2,145.93,145.2,146.16,126191,184.33,"21-Aug-2026",1918,"",""
"1022","FINPIPE","EQ",158.61,161.38,157.78,160.44,160.36,158.61,611643,979.71,"21-Aug-2026",16476,"",""
"1023","FIRSTCRY","EQ",198,201.7,195.9,196.33,196.5,196.67,956822,1896.64,"21-Aug-2026",13858,"",""
"1024","FISCHER","EQ",39.15,39.15,37.71,38.14,38.11,38.95,862598,330.27,"21-Aug-2026",2008,"",""
"1025","FIVESTAR","EQ",527.95,529.9,518.6,520.95,519,527.45,189195,992.27,"21-Aug-2026",13929,"",""
"1026","FLAIR","EQ",253.95,254.25,247.7,248.8,248.05,253,97230,243.14,"21-Aug-2026",2411,"",""
"1027","FLEXIADD","EQ",10.28,10.28,10.19,10.19,10.24,10.22,74083,7.58,"21-Aug-2026",259,"",""
"1028","FLEXITUFF","BE",2.74,2.8,2.7,2.76,2.78,2.75,218180,6,"21-Aug-2026",167,"",""
"1029","FLFL","BZ",1.17,1.19,1.14,1.15,1.14,1.17,30137,0.35,"21-Aug-2026",63,"",""
"1030","FLUOROCHEM","EQ",4695,4713.8,4602.5,4621.9,4614,4682.7,87544,4065.63,"21-Aug-2026",11328,"",""
"1031","FLYSBS","SM",575,590,531,554.6,555,574.95,164200,914.06,"21-Aug-2026",513,"",""
"1032","FMCGADD","EQ",48.07,48.07,47.72,47.91,47.95,48.07,29754,14.23,"21-Aug-2026",112,"",""
"1033","FMCGIETF","EQ",51.56,51.68,51.05,51.2,51.26,51.56,1512133,773.89,"21-Aug-2026",5421,"",""
"1034","FMGOETZE","EQ",479.8,480.45,468.9,472.1,473,474,34022,161.25,"21-Aug-2026",1478,"",""
"1035","FMNL","BE",8.1,8.85,8.1,8.77,8.77,8.49,30806,2.62,"21-Aug-2026",77,"",""
"1036","FOCUS","BE",71,71.5,69,70,70,70.02,27943,19.6,"21-Aug-2026",241,"",""
"1037","FONEBOX","SM",94.7,94.7,94.7,94.7,94.7,99.65,1000,0.95,"21-Aug-2026",1,"",""
"1038","FOODSIN","EQ",55.89,55.89,54.13,54.43,54.17,54.96,34423,18.8,"21-Aug-2026",394,"",""
"1039","FORCAS","ST",205,208.95,195.5,198,198,205.4,19200,38.66,"21-Aug-2026",11,"",""
"1040","FORCEMOT","EQ",17885,18011,17730,17770,17770,17885,40914,7292.17,"21-Aug-2026",14300,"",""
"1041","FORGEAUTO","SM",101,101,101,101,101,100.7,1200,1.21,"21-Aug-2026",1,"",""
"1042","FORTIS","EQ",915.15,919.7,904.45,907.1,907.1,916.8,812713,7382.11,"21-Aug-2026",19775,"",""
"1043","FOSECOIND","EQ",5506,5524,5300,5346,5315,5506,4172,225.57,"21-Aug-2026",1170,"",""
"1044","FRACTAL","EQ",854.95,861.9,838,846.7,847.25,855.25,251638,2135.33,"21-Aug-2026",21181,"",""
"1045","FREDUN","EQ",1469,1469,1415,1434.6,1430.1,1471.8,10306,147.95,"21-Aug-2026",1279,"",""
"1046","FRESHARA","ST",399.9,408.35,399,406.95,408,388.95,72600,294.83,"21-Aug-2026",106,"",""
"1047","FROG","ST",211.6,215.8,210.55,215.75,215.75,211.6,18400,39.41,"21-Aug-2026",22,"",""
"1048","FRONTSP","EQ",1293.9,1293.9,1272.1,1278.4,1272.1,1293.8,10422,133.59,"21-Aug-2026",1414,"",""
"1049","FSL","EQ",272.2,276.45,270,276.05,276.1,272.25,1035119,2843.69,"21-Aug-2026",15753,"",""
"1050","FUSION","EQ",204.69,205,198.55,200.12,200.7,203.32,446086,896.69,"21-Aug-2026",10265,"",""
"1051","FWSTC","SM",191,197,191,197,197,190.5,9000,17.33,"21-Aug-2026",3,"",""
"1052","GABRIEL","EQ",1429.1,1435,1406.1,1420.6,1420.8,1436.8,205151,2908.63,"21-Aug-2026",12477,"",""
"1053","GAEL","EQ",184.5,184.99,176.2,177.46,176.8,183.36,1521423,2752.06,"21-Aug-2026",24595,"",""
"1054","GAIL","EQ",172.26,173.24,171.61,172,172,172.5,6509887,11216.53,"21-Aug-2026",79474,"",""
"1055","GALAPREC","EQ",1029.7,1122,1029.7,1089.3,1088.1,1029.6,149941,1642.8,"21-Aug-2026",13344,"",""
"1056","GALAXYSURF","EQ",2320,2372.5,2308,2333,2325,2318.2,32526,761.48,"21-Aug-2026",6168,"",""
"1057","GALLANTT","EQ",584.2,599,582,584.4,583.65,582.4,58650,345.17,"21-Aug-2026",5030,"",""
"1058","GANDHAR","EQ",257.06,257.25,249.5,250.43,250.39,254.09,653970,1646.08,"21-Aug-2026",11099,"",""
"1059","GANDHITUBE","EQ",893.2,900,882.6,892.35,890,894.95,9708,86.61,"21-Aug-2026",453,"",""
"1060","GANECOS","EQ",1093.6,1101.6,1076.3,1082.1,1079,1095.5,44782,487.53,"21-Aug-2026",4731,"",""
"1061","GANESHBE","BE",123.5,123.96,120.6,123.96,123.96,118.06,314459,389.3,"21-Aug-2026",792,"",""
"1062","GANESHCP","EQ",162.15,164.5,160.69,161.24,161.02,162.35,153099,247.84,"21-Aug-2026",1909,"",""
"1063","GANESHHOU","EQ",826.8,829.6,805,809.65,806.25,826.8,15046,122.45,"21-Aug-2026",999,"",""
"1064","GANESHIN","ST",113.55,117,111.3,116.6,117,113.75,55200,63.77,"21-Aug-2026",50,"",""
"1065","GANGAFORGE","EQ",2.05,2.05,2.05,2.05,2.05,2.15,846239,17.35,"21-Aug-2026",932,"",""
"1066","GANGESSECU","EQ",118.7,123.8,118.7,121.93,121.98,122.07,2973,3.61,"21-Aug-2026",47,"",""
"1067","GARFIBRES","EQ",763.3,809.7,745,802.6,808,760.25,175193,1361.86,"21-Aug-2026",15878,"",""
"1068","GARUDA","EQ",182.25,186.95,182.25,183.95,183.53,182.25,347205,640.55,"21-Aug-2026",5081,"",""
"1069","GATECH","BE",0.91,0.91,0.9,0.9,0.91,0.87,29822071,271.31,"21-Aug-2026",5295,"",""
"1070","GATECHDVR","BE",0.54,0.54,0.51,0.51,0.52,0.52,463406,2.39,"21-Aug-2026",206,"",""
"1071","GATEWAY","EQ",55.12,55.19,53.5,53.6,53.8,55.1,2538435,1366.82,"21-Aug-2026",27705,"",""
"1072","GAUDIUMIVF","BE",113.68,114.85,111.41,111.41,111.41,113.68,252311,285.91,"21-Aug-2026",860,"",""
"1073","GAYAHWS","EQ",1.92,2.05,1.92,1.95,1.93,1.92,277298,5.44,"21-Aug-2026",362,"",""
"1074","GAYAPROJ","BE",20.55,21.8,20.55,21.76,21.7,20.77,522587,112.21,"21-Aug-2026",1387,"",""
"1075","GCHOTELS","ST",96.1,100.95,96.1,97.5,97.3,98.3,15000,14.74,"21-Aug-2026",25,"",""
"1076","GCSL","EQ",487.95,503.4,485.15,488.9,500,482.05,506397,2502.75,"21-Aug-2026",7635,"",""
"1077","GEECEE","BE",376,376,356.6,366.65,370,368.85,5965,21.98,"21-Aug-2026",43,"",""
"1078","GEEKAYWIRE","EQ",22.41,22.96,22.25,22.43,22.58,22.31,103349,23.17,"21-Aug-2026",1073,"",""
"1079","GEMAROMA","EQ",178.8,181.8,174.92,175.79,175.34,177.39,82036,145.05,"21-Aug-2026",1560,"",""
"1080","GENCON","EQ",40.72,43.29,40.4,42.18,41.65,41.06,256874,106.86,"21-Aug-2026",1067,"",""
"1081","GENESYS","EQ",183.55,185,178.1,179.35,179.8,183.55,345235,624.5,"21-Aug-2026",6034,"",""
"1082","GENSOL","BZ",18,18.05,17.36,17.56,17.5,18.22,65636,11.6,"21-Aug-2026",638,"",""
"1083","GENUSPAPER","EQ",11.57,11.63,11.08,11.23,11.26,11.32,223219,25.09,"21-Aug-2026",716,"",""
"1084","GENUSPOWER","EQ",335,346,334,337.95,339,334.25,4674707,15907.24,"21-Aug-2026",51834,"",""
"1085","GENXAI","SM",78.7,79.5,78.5,78.5,78.5,79.45,7200,5.69,"21-Aug-2026",6,"",""
"1086","GEOJITFSL","EQ",81.2,81.64,80.1,80.72,80.75,80.79,320094,258.94,"21-Aug-2026",2736,"",""
"1087","GESHIP","EQ",1298.9,1329.8,1291.5,1311.3,1312.9,1299,640322,8418.79,"21-Aug-2026",30682,"",""
"1088","GFLLIMITED","EQ",57,58,54.15,55.35,55.94,56.38,205868,116.33,"21-Aug-2026",2565,"",""
"1089","GGBL","SM",237,243,233.75,238.35,235.2,238.95,29400,69.86,"21-Aug-2026",93,"",""
"1090","GHCL","EQ",445.9,445.9,438.8,442.4,441,443.15,75937,335.76,"21-Aug-2026",3491,"",""
"1091","GHCLTEXTIL","EQ",123.5,124.68,122.1,122.49,122.95,123.77,211303,260.56,"21-Aug-2026",2792,"",""
"1092","GICHSGFIN","EQ",138.1,139,137.1,137.68,138,137.64,86694,119.75,"21-Aug-2026",1404,"",""
"1093","GICL","EQ",23.99,24.25,23.26,23.81,24.19,23.99,186323,44.36,"21-Aug-2026",605,"",""
"1094","GICRE","EQ",361.75,362,355.35,355.75,355.95,359.8,603727,2156.22,"21-Aug-2026",14792,"",""
"1095","GILLANDERS","EQ",94.61,98.99,92,96.13,96,94.61,25180,24.32,"21-Aug-2026",460,"",""
"1096","GILLETTE","EQ",7515,7555,7490,7498.5,7500,7512,13800,1037.12,"21-Aug-2026",3106,"",""
"1097","GILT10BETA","EQ",26.87,26.87,26.34,26.79,26.79,26.87,463,0.12,"21-Aug-2026",17,"",""
"1098","GILT5BETA","EQ",65.98,66.4,65.98,66.39,66.4,66.34,1108,0.74,"21-Aug-2026",7,"",""
"1099","GILT5YBEES","EQ",66.15,66.24,66.05,66.16,66.17,66.07,161209,106.62,"21-Aug-2026",315,"",""
"1100","GINNIFILA","BE",45.51,45.9,44.3,45.45,45.5,45.51,39082,17.77,"21-Aug-2026",84,"",""
"1101","GIPCL","EQ",173,174.5,169.5,172.64,172.5,170.18,422583,727.99,"21-Aug-2026",4685,"",""
"1102","GIRIRAJ","SM",83.5,83.5,83.5,83.5,83.5,79.55,2250,1.88,"21-Aug-2026",5,"",""
"1103","GJL","ST",222.3,242,222.3,242,242,234,3200,7.59,"21-Aug-2026",4,"",""
"1104","GKB","EQ",65,65,65,65,65,61.75,10,0.01,"21-Aug-2026",2,"",""
"1105","GKENERGY","EQ",124.5,124.79,122.43,123.3,123.31,123.99,314390,387.98,"21-Aug-2026",5774,"",""
"1106","GKSL","EQ",156.41,157.55,151.11,152.97,152.99,156.41,409904,628.74,"21-Aug-2026",3501,"",""
"1107","GKWLIMITED","EQ",1623.9,1623.9,1605.3,1606.5,1606.5,1610.2,74,1.2,"21-Aug-2026",19,"",""
"1108","GLAND","EQ",2844.8,2877.9,2792,2819.3,2812,2820,244651,6905.34,"21-Aug-2026",25482,"",""
"1109","GLAXO","EQ",2985,2989.4,2880,2902.2,2883.6,2999.7,86586,2531.13,"21-Aug-2026",13797,"",""
"1110","GLENMARK","EQ",2334.6,2348.6,2303,2317.9,2317.9,2332.9,237421,5498.13,"21-Aug-2026",22564,"",""
"1111","GLFL","EQ",5.99,5.99,5.55,5.94,5.98,5.78,7007,0.41,"21-Aug-2026",30,"",""
"1112","GLOBAL","EQ",105.5,109.86,105,106.98,106,106.29,161579,173.54,"21-Aug-2026",1276,"",""
"1113","GLOBALE","EQ",11.9,12.18,11.3,11.81,12,11.6,9624,1.13,"21-Aug-2026",48,"",""
"1114","GLOBALPET","ST",158,158.5,151,151,151,155,3750,5.8,"21-Aug-2026",4,"",""
"1115","GLOBALVECT","EQ",149.37,152.95,147.98,152.51,152.9,149.37,6478,9.75,"21-Aug-2026",179,"",""
"1116","GLOBE","EQ",2.01,2.03,1.95,1.97,1.99,2,314388,6.27,"21-Aug-2026",249,"",""
"1117","GLOBECIVIL","EQ",43.4,43.48,41,42,43,42.34,27164,11.55,"21-Aug-2026",455,"",""
"1118","GLOBUSSPR","EQ",909.7,909.7,898.4,906.4,907,905.1,38842,351.06,"21-Aug-2026",2342,"",""
"1119","GLOSTERLTD","EQ",595,607.1,595,601,600,591.35,1520,9.08,"21-Aug-2026",102,"",""
"1120","GLOTTIS","BE",65.25,66.8,65.25,66.66,66.8,66.01,47824,31.68,"21-Aug-2026",252,"",""
"1121","GMBREW","EQ",886,889,880,887.25,886.5,883.2,8270,73.25,"21-Aug-2026",933,"",""
"1122","GMDCLTD","EQ",562.05,586.55,562.05,570,570,561.95,2025953,11704.48,"21-Aug-2026",41111,"",""
"1123","GMMPFAUDLR","EQ",1018.3,1030.5,1002.15,1022.35,1024.15,1018.2,138569,1414.38,"21-Aug-2026",9770,"",""
"1124","GMRAIRPORT","EQ",101.3,101.4,99.5,99.63,99.63,100.41,9125448,9124.68,"21-Aug-2026",36762,"",""
"1125","GMRP&UI","EQ",98.58,98.58,96,96.58,96.09,98.56,807380,783.59,"21-Aug-2026",7381,"",""
"1126","GNA","EQ",562,575,552.25,562.85,561.9,566.15,498253,2817.79,"21-Aug-2026",13164,"",""
"1127","GNFC","EQ",591.5,594.35,581.85,582.8,584.3,592.8,469967,2751.35,"21-Aug-2026",12102,"",""
"1128","GNRL","EQ",104.39,104.7,101.22,101.9,101.6,104.02,83489,85.89,"21-Aug-2026",1233,"",""
"1129","GOACARBON","EQ",358,358,347,350.7,350.5,353.45,6660,23.47,"21-Aug-2026",476,"",""
"1130","GOCLCORP","EQ",397,402.15,397,400.6,400.95,398.25,22558,90.15,"21-Aug-2026",1213,"",""
"1131","GOCOLORS","EQ",331,354,328.85,344.8,344.8,330.15,665405,2298.82,"21-Aug-2026",13535,"",""
"1132","GODAVARIB","EQ",247,247.9,243,244.25,243.8,245.8,102224,250.04,"21-Aug-2026",1842,"",""
"1133","GODFRYPHLP","EQ",2113.6,2120.8,2099.8,2117,2117,2103.1,184685,3901.08,"21-Aug-2026",13237,"",""
"1134","GODIGIT","EQ",256.7,263.7,255.8,262.9,260.25,256.7,366553,954.29,"21-Aug-2026",14799,"",""
"1135","GODREJAGRO","EQ",581.1,585.7,573,574.55,573.5,581.65,103905,601.28,"21-Aug-2026",5020,"",""
"1136","GODREJCP","EQ",944.4,945.8,928,933,933,947,1613709,15082.03,"21-Aug-2026",34397,"",""
"1137","GODREJIND","EQ",1223.4,1234.3,1220.1,1230,1229,1223.4,31720,389.76,"21-Aug-2026",4850,"",""
"1138","GODREJPROP","EQ",2020,2039.8,2013.2,2035,2035,2020,277201,5629.56,"21-Aug-2026",13901,"",""
"1139","GOKEX","EQ",795.5,806,792.15,797.6,798.9,799.9,149195,1192.39,"21-Aug-2026",8075,"",""
"1140","GOKUL","EQ",40.96,43.1,40.5,42.55,42.8,40.43,377934,158.01,"21-Aug-2026",2000,"",""
"1141","GOKULAGRO","EQ",245.6,246.93,240.1,242.8,243.5,243.69,731235,1779.73,"21-Aug-2026",13318,"",""
"1142","GOLD1","EQ",131.99,133.63,131,132.87,133,130.38,2849487,3767.45,"21-Aug-2026",10646,"",""
"1143","GOLD360","EQ",152.2,155.25,152.1,154.8,155.15,151.8,56301,86.7,"21-Aug-2026",539,"",""
"1144","GOLDADD","EQ",152.92,155.14,152.5,154.61,154.69,151.56,3897228,6008.82,"21-Aug-2026",8288,"",""
"1145","GOLDAXIS","EQ",133,133,130.61,132.27,132.45,129.78,1825425,2407.08,"21-Aug-2026",5178,"",""
"1146","GOLDBEES","EQ",130.14,131.93,129.82,131.32,131.42,128.88,46291317,60618.86,"21-Aug-2026",107413,"",""
"1147","GOLDBETA","EQ",134.4,134.4,132.05,133.75,133.7,131.15,923226,1229.12,"21-Aug-2026",2766,"",""
"1148","GOLDBND","EQ",156.91,159,155.87,158.57,158.81,155.49,12286,19.42,"21-Aug-2026",396,"",""
"1149","GOLDCASE","EQ",24.07,25.1,24.07,25.01,25.04,24.56,10812817,2693.61,"21-Aug-2026",10504,"",""
"1150","GOLDENTOBC","BZ",25.33,25.5,24.51,25.48,24.64,25.33,752,0.19,"21-Aug-2026",36,"",""
"1151","GOLDETF","EQ",152.15,155.22,152.15,154.35,154.36,151.29,3353878,5153.63,"21-Aug-2026",6405,"",""
"1152","GOLDIAM","EQ",362.8,366.5,359.1,360.35,360,363.15,426480,1540.64,"21-Aug-2026",7007,"",""
"1153","GOLDIETF","EQ",133.7,136.44,133.7,135.99,136.15,133.7,15571456,21136.36,"21-Aug-2026",37861,"",""
"1154","GOLDKART","SM",84,84,84,84,84,81.7,625,0.53,"21-Aug-2026",1,"",""
"1155","GOLDSTAR","SM",7.8,7.8,7.8,7.8,7.8,8.2,11250,0.88,"21-Aug-2026",1,"",""
"1156","GOLDTECH","BE",47,49.65,47,49.65,49.65,47.29,12571,6.15,"21-Aug-2026",102,"",""
"1157","GOODLUCK","EQ",493.2,494.4,469.8,490.9,490.4,1439.4,646400,3125.43,"21-Aug-2026",24601,"",""
"1158","GOODYEAR","EQ",762.9,766.95,758.15,760.05,759,762.9,2759,21.01,"21-Aug-2026",424,"",""
"1159","GOPAL","EQ",281.4,288,280,282.3,282.4,282.75,158179,447.95,"21-Aug-2026",4461,"",""
"1160","GOYALALUM","EQ",6.47,6.47,6.34,6.41,6.41,6.42,36634,2.35,"21-Aug-2026",204,"",""
"1161","GOYALSALT","SM",108.75,108.75,108.75,108.75,108.75,109.95,1200,1.31,"21-Aug-2026",2,"",""
"1162","GPECO","ST",375,387.1,370.05,379,387.1,380.8,11200,41.96,"21-Aug-2026",45,"",""
"1163","GPIL","EQ",248,251.89,244.2,245.09,245.37,247.88,1383669,3429.86,"21-Aug-2026",21150,"",""
"1164","GPPL","EQ",164.79,165.24,163,163.54,163.72,164.81,942245,1544.16,"21-Aug-2026",15579,"",""
"1165","GPTHEALTH","EQ",151.5,152.85,149.93,150.64,150.08,151.41,87542,131.93,"21-Aug-2026",3396,"",""
"1166","GPTINFRA","EQ",112.82,114.2,111.3,112.41,113.98,112.87,66418,74.99,"21-Aug-2026",1191,"",""
"1167","GRADIENTE","EQ",2.97,2.98,2.8,2.93,2.96,2.9,2209770,64.76,"21-Aug-2026",302,"",""
"1168","GRANDOAK","EQ",37.8,38,36.23,37.97,38,36.25,9152,3.44,"21-Aug-2026",133,"",""
"1169","GRANULES","EQ",843.6,864.8,843.6,858.15,860,841.6,406173,3477.82,"21-Aug-2026",17918,"",""
"1170","GRAPHISAD","SM",27.5,27.5,26.15,26.15,26.15,27.5,32400,8.56,"21-Aug-2026",26,"",""
"1171","GRAPHITE","EQ",715,728.85,706.1,710.75,711.75,717.05,669668,4798.2,"21-Aug-2026",17901,"",""
"1172","GRASIM","EQ",3280,3343.1,3258,3308,3308,3300,1465361,48272.95,"21-Aug-2026",67108,"",""
"1173","GRAUWEIL","EQ",66.32,71.45,66.32,70.07,70.49,66.25,1100273,767.19,"21-Aug-2026",10703,"",""
"1174","GRAVISSHO","EQ",29.89,30.62,28.8,28.8,28.8,29.89,1452,0.43,"21-Aug-2026",14,"",""
"1175","GRAVITA","EQ",1792.8,1842.4,1789.1,1821.7,1824.3,1792.8,337395,6111.24,"21-Aug-2026",23514,"",""
"1176","GRCL","SM",505.95,531.2,505.95,531.2,531.2,505.95,1750,9,"21-Aug-2026",7,"",""
"1177","GREAVESCOT","EQ",191.2,194.9,191.2,192.48,193.8,191,654210,1264.71,"21-Aug-2026",9803,"",""
"1178","GREENCHEF","SM",49,51,49,51,51,51.8,5600,2.83,"21-Aug-2026",6,"",""
"1179","GREENLAM","EQ",256,256.65,250.85,253,251,256.2,143972,365.23,"21-Aug-2026",3107,"",""
"1180","GREENLEAF","ST",123,123,123,123,123,121.8,4000,4.92,"21-Aug-2026",3,"",""
"1181","GREENPANEL","EQ",161.07,164.75,159.86,160.97,161,160.26,261467,422.41,"21-Aug-2026",5363,"",""
"1182","GREENPLY","EQ",285.15,297.5,284.8,293.5,292.15,287.15,212731,623.08,"21-Aug-2026",3610,"",""
"1183","GREENPOWER","EQ",9.5,9.85,9.45,9.48,9.5,9.54,2218705,210.92,"21-Aug-2026",3713,"",""
"1184","GRINDWELL","EQ",2055,2089.3,2050.6,2059.8,2060,2059.3,19924,411.57,"21-Aug-2026",5090,"",""
"1185","GRINFRA","EQ",884,895,867.4,870.35,875,884,18337,160.48,"21-Aug-2026",2130,"",""
"1186","GRMOVER","EQ",87.21,87.25,86.4,86.71,86.65,86.53,1004043,872.86,"21-Aug-2026",2661,"",""
"1187","GROBTEA","EQ",926,936.4,926,927,927,938.65,32,0.3,"21-Aug-2026",6,"",""
"1188","GROWW","EQ",201,201.64,195,197.01,197.1,200.72,29428036,58020.99,"21-Aug-2026",169724,"",""
"1189","GROWWCAPM","EQ",11.42,11.5,11.31,11.42,11.46,11.42,604906,69.2,"21-Aug-2026",746,"",""
"1190","GROWWCHEM","EQ",30.27,30.54,29.74,29.88,29.82,30.26,68949,20.77,"21-Aug-2026",390,"",""
"1191","GROWWDEFNC","EQ",98.88,99.19,97.78,98.35,98.1,97.91,221997,218.54,"21-Aug-2026",3050,"",""
"1192","GROWWEV","EQ",33.84,33.84,33.37,33.4,33.58,33.84,633364,212.27,"21-Aug-2026",2296,"",""
"1193","GROWWGOLD","EQ",15.33,15.57,15.32,15.49,15.54,15.21,3027646,467.72,"21-Aug-2026",4068,"",""
"1194","GROWWHOSPI","EQ",52.16,52.16,51.55,51.79,51.85,51.88,427242,221.04,"21-Aug-2026",1959,"",""
"1195","GROWWLIQID","EQ",109.31,110.46,109.31,110.45,110.46,110.41,424990,469.42,"21-Aug-2026",206,"",""
"1196","GROWWLOVOL","EQ",10.46,10.63,10.35,10.37,10.63,10.46,16676,1.74,"21-Aug-2026",129,"",""
"1197","GROWWMC150","EQ",234.89,236.13,233.29,236.1,236.13,236.25,4084,9.61,"21-Aug-2026",49,"",""
"1198","GROWWMETAL","EQ",12.68,12.68,12.39,12.46,12.45,12.38,447400,56.01,"21-Aug-2026",1282,"",""
"1199","GROWWMOM50","EQ",11.18,11.18,10.06,10.97,11.05,10.94,222294,24.36,"21-Aug-2026",441,"",""
"1200","GROWWN200","EQ",11.46,11.6,11.4,11.48,11.5,11.46,59987,6.88,"21-Aug-2026",253,"",""
"1201","GROWWNET","EQ",10.95,10.95,10.56,10.76,10.84,10.76,1134333,122.33,"21-Aug-2026",634,"",""
"1202","GROWWNIFTY","EQ",9.89,9.89,9.78,9.81,9.8,9.79,309724,30.38,"21-Aug-2026",3254,"",""
"1203","GROWWNXT50","EQ",74.45,74.67,74.03,74.52,74.65,74.67,16399,12.21,"21-Aug-2026",108,"",""
"1204","GROWWPOWER","EQ",11.38,11.55,11.3,11.33,11.34,11.34,5275676,601.1,"21-Aug-2026",2956,"",""
"1205","GROWWPSE","EQ",98.43,98.95,97.99,98.46,98.64,97.63,3828,3.77,"21-Aug-2026",45,"",""
"1206","GROWWPSUBK","EQ",86.64,86.88,86.04,86.36,86.06,86.27,3677,3.17,"21-Aug-2026",52,"",""
"1207","GROWWRAIL","EQ",28.97,29.08,28.66,28.76,28.86,28.82,1021163,294.68,"21-Aug-2026",1814,"",""
"1208","GROWWRLTY","EQ",10.38,10.38,10.17,10.23,10.22,10.18,157502,16.11,"21-Aug-2026",360,"",""
"1209","GROWWSC250","EQ",10.89,10.89,10.58,10.6,10.65,10.63,191923,20.47,"21-Aug-2026",594,"",""
"1210","GROWWSLVR","EQ",23.59,23.97,23.55,23.82,23.84,23.07,3378165,801.8,"21-Aug-2026",3403,"",""
"1211","GRPLTD","EQ",2012,2052.9,2001.1,2039.4,2047,1998.2,687,13.94,"21-Aug-2026",137,"",""
"1212","GRSE","EQ",2614,2659.9,2592.9,2601.5,2595,2617.8,363828,9556.64,"21-Aug-2026",24666,"",""
"1213","GRWRHITECH","EQ",7110,7171.5,7060,7123.5,7150,7109.5,20216,1438.97,"21-Aug-2026",4408,"",""
"1214","GSEC10ABSL","EQ",110.3,110.3,110.3,110.3,110.3,113.27,1,0,"21-Aug-2026",1,"",""
"1215","GSEC10ADD","EQ",27.13,27.13,26.9,26.9,26.9,27.2,13,0,"21-Aug-2026",6,"",""
"1216","GSEC10IETF","EQ",266,266.43,263.03,266.19,266.19,266.38,433,1.15,"21-Aug-2026",20,"",""
"1217","GSEC10YEAR","EQ",30.6,30.67,30.39,30.39,30.39,30.45,4530,1.38,"21-Aug-2026",18,"",""
"1218","GSEC5IETF","EQ",66.9,66.9,66.1,66.9,66.9,66.92,2879,1.91,"21-Aug-2026",44,"",""
"1219","GSFC","EQ",160.9,160.98,158.06,158.23,158.5,160.61,909286,1443.52,"21-Aug-2026",16702,"",""
"1220","GSLSU","EQ",33.6,35.29,33.05,33.05,33.05,34.78,162804,54.61,"21-Aug-2026",657,"",""
"1221","GSMFOILS","SM",84.05,92.25,84.05,92.25,92.25,87.9,1504000,1354.92,"21-Aug-2026",1653,"",""
"1222","GSPCROP","EQ",585.4,600,585.4,594,592.25,590.5,128137,759.86,"21-Aug-2026",2215,"",""
"1223","GSS","EQ",12.5,13.29,12.5,12.68,12.61,12.5,8342,1.08,"21-Aug-2026",107,"",""
"1224","GSTL","SM",13.9,13.9,13.9,13.9,13.9,13.9,2000,0.28,"21-Aug-2026",2,"",""
"1225","GTECJAINX","BE",28.13,30.45,28.13,29.98,29.98,29,4258,1.26,"21-Aug-2026",27,"",""
"1226","GTL","EQ",7.21,7.39,7.21,7.28,7.3,7.22,142148,10.37,"21-Aug-2026",564,"",""
"1227","GTLINFRA","EQ",1.21,1.27,1.21,1.23,1.24,1.21,62575965,774.8,"21-Aug-2026",18673,"",""
"1228","GTPL","EQ",54.51,55.08,53.85,54.25,54.8,54.51,27493,14.96,"21-Aug-2026",1206,"",""
"1229","GUFICBIO","EQ",418.35,437.7,413.2,431.5,428,413.7,211779,908.59,"21-Aug-2026",7555,"",""
"1230","GUJALKALI","EQ",679.7,687.95,673.3,684.25,686.9,676.85,57464,392.28,"21-Aug-2026",4484,"",""
"1231","GUJAPOLLO","EQ",357,363.4,350,358.5,359.95,350.7,22145,79.07,"21-Aug-2026",422,"",""
"1232","GUJENERGY","EQ",267.95,268.6,263,263.35,263.45,267.2,1580966,4177.98,"21-Aug-2026",27289,"",""
"1233","GUJRAFFIA","EQ",41.01,43.45,40.59,41.22,41.22,41.01,5368,2.23,"21-Aug-2026",61,"",""
"1234","GUJTHEM","EQ",369.25,384,369.25,381.2,384,369.25,180223,681.36,"21-Aug-2026",4158,"",""
"1235","GULFOILLUB","EQ",1151.3,1154.9,1129,1139.9,1139,1151.3,72635,827.69,"21-Aug-2026",9987,"",""
"1236","GULFPETRO","BE",69.25,69.25,65.22,67.17,67.8,67.53,188005,127.12,"21-Aug-2026",802,"",""
"1237","GULPOLY","EQ",192.95,192.95,187.5,190.71,191.3,191.92,210638,400.32,"21-Aug-2026",4333,"",""
"1238","GURUNANAK","SM",34.5,35,33.5,34.25,34.25,35.25,9600,3.31,"21-Aug-2026",6,"",""
"1239","GVKPIL","BE",2.28,2.28,2.24,2.24,2.24,2.28,842090,18.91,"21-Aug-2026",1062,"",""
"1240","GVPIL","EQ",666,682.3,665,667.35,665.5,666.7,304314,2045,"21-Aug-2026",14321,"",""
"1241","GVPTECH","EQ",6.88,7.89,6.79,7.34,7.18,6.79,281196,20.39,"21-Aug-2026",581,"",""
"1242","GVT&D","EQ",4062.8,4217.3,4025,4127.2,4127.2,4050.1,1255908,52038.06,"21-Aug-2026",91523,"",""
"1243","GYFTR","EQ",159.95,165,158.18,159.32,159.25,159.08,50907,82.07,"21-Aug-2026",622,"",""
"1244","HAL","EQ",4985.2,5092,4972,5000,5000,4998,733538,36857.76,"21-Aug-2026",47864,"",""
"1245","HALDER","EQ",294.05,310,291,304.56,301,288.82,28770,84.51,"21-Aug-2026",403,"",""
"1246","HALDYNGL","BE",136.9,136.9,132,133.72,135,132.67,49582,66.63,"21-Aug-2026",270,"",""
"1247","HALEOSLABS","EQ",1456.4,1494.4,1442,1465,1465,1456.4,569,8.32,"21-Aug-2026",45,"",""
"1248","HAMPTON","EQ",8.06,8.99,8,8.47,8.55,8.09,38246,3.16,"21-Aug-2026",132,"",""
"1249","HAPPSTMNDS","EQ",417.6,448.7,412.5,444.55,447,414.3,7026573,30697.23,"21-Aug-2026",153337,"",""
"1250","HAPPY","SM",81.75,93.2,81,87.45,88,77.7,474000,416.85,"21-Aug-2026",205,"",""
"1251","HAPPYFORGE","EQ",2318.1,2318.1,2211.8,2211.8,2211.8,2328.2,91079,2032.7,"21-Aug-2026",6854,"",""
"1252","HARDWYN","EQ",9.37,9.37,9.04,9.08,9.1,9.31,2020229,184.23,"21-Aug-2026",2429,"",""
"1253","HARIOMPIPE","EQ",347.65,350.75,344.3,348.5,347.5,347.5,67769,235.51,"21-Aug-2026",2695,"",""
"1254","HARRMALAYA","EQ",197.06,202.97,194.41,197.89,197.1,196.08,33185,66.17,"21-Aug-2026",986,"",""
"1255","HARSHA","EQ",437,441.45,431.85,437.6,437.7,438.05,82864,361.94,"21-Aug-2026",4520,"",""
"1256","HATHWAY","EQ",10.54,10.87,10.49,10.68,10.75,10.54,3867478,415.25,"21-Aug-2026",7081,"",""
"1257","HATSUN","EQ",959,994.75,947.15,984.7,984,963.7,71658,698.37,"21-Aug-2026",6124,"",""
"1258","HAVELLS","EQ",1275,1279.5,1259.1,1268,1268,1278,498229,6317.3,"21-Aug-2026",30724,"",""
"1259","HAVISHA","EQ",1.36,1.44,1.36,1.42,1.43,1.4,27569,0.39,"21-Aug-2026",107,"",""
"1260","HAWKINCOOK","EQ",8087.5,8144,7980,8029.5,7980,8087.5,1102,88.47,"21-Aug-2026",234,"",""
"1261","HAZOOR","EQ",21.05,21.44,21.05,21.12,21.25,21.17,54020,11.43,"21-Aug-2026",261,"",""
"1262","HBESD","EQ",75.62,75.62,75.16,75.2,75.2,75.62,463,0.35,"21-Aug-2026",16,"",""
"1263","HBLENGINE","EQ",712.95,722,700,702.55,703.8,712.9,1018405,7232.71,"21-Aug-2026",27031,"",""
"1264","HBPOR","EQ",62,63.99,61.15,61.71,63.59,61.92,3660,2.28,"21-Aug-2026",119,"",""
"1265","HBSL","EQ",55,55.99,54.79,55.13,55.99,55.07,385,0.21,"21-Aug-2026",13,"",""
"1266","HCC","EQ",21.18,21.63,20.93,21.03,21,21.22,30416036,6476.59,"21-Aug-2026",29379,"",""
"1267","HCG","EQ",732,734.8,718.35,725.95,726,730.45,96286,698.83,"21-Aug-2026",12940,"",""
"1268","HCL-INSYS","EQ",11.1,11.35,11,11.09,11.07,11.09,190871,21.19,"21-Aug-2026",563,"",""
"1269","HCLTECH","EQ",1319.9,1321.7,1302.5,1302.5,1302.5,1318.4,1484443,19442.09,"21-Aug-2026",42456,"",""
"1270","HDBFS","EQ",692.4,699.95,690.45,695.85,696.75,692.35,743152,5175.81,"21-Aug-2026",21377,"",""
"1271","HDFCAMC","EQ",2615,2623.9,2596,2610,2610,2624,708050,18482.54,"21-Aug-2026",25252,"",""
"1272","HDFCBANK","EQ",728.3,732.8,726.6,726.95,726.95,725.05,26029811,190121.84,"21-Aug-2026",205927,"",""
"1273","HDFCBSE500","EQ",37.93,37.97,37.82,37.89,37.89,37.93,2920764,1108.26,"21-Aug-2026",477,"",""
"1274","HDFCGOLD","EQ",134.46,136.06,134.05,135.62,135.76,133.07,5385895,7291.88,"21-Aug-2026",12349,"",""
"1275","HDFCGROWTH","EQ",121.17,121.17,120.12,120.73,120.12,121.17,9380,11.33,"21-Aug-2026",153,"",""
"1276","HDFCLIFE","EQ",542,554.8,537.2,554.8,554.8,542,3328959,18236.01,"21-Aug-2026",73863,"",""
"1277","HDFCLIQUID","EQ",1074.86,1074.88,1074.86,1074.87,1074.88,1074.43,15825,170.1,"21-Aug-2026",50,"",""
"1278","HDFCLOWVOL","EQ",20.83,21,20.76,20.87,20.91,20.83,2871,0.6,"21-Aug-2026",60,"",""
"1279","HDFCMID150","EQ",23.88,23.88,23.63,23.68,23.71,23.74,229806,54.44,"21-Aug-2026",1298,"",""
"1280","HDFCMOMENT","EQ",31.21,31.3,31.14,31.16,31.2,31.19,134772,42.08,"21-Aug-2026",467,"",""
"1281","HDFCNEXT50","EQ",75.69,76.12,75.3,75.41,75.3,75.57,65531,49.55,"21-Aug-2026",541,"",""
"1282","HDFCNIF100","EQ",26.35,26.36,26.2,26.21,26.28,26.22,18268,4.79,"21-Aug-2026",192,"",""
"1283","HDFCNIFBAN","EQ",59.4,59.54,59.19,59.48,59.54,59.2,114470,68.01,"21-Aug-2026",805,"",""
"1284","HDFCNIFIT","EQ",32.71,33.27,32.18,32.66,32.74,32.7,163721,53.5,"21-Aug-2026",332,"",""
"1285","HDFCNIFTY","EQ",273.58,274.97,272.52,273.77,273,273.58,235622,645.03,"21-Aug-2026",689,"",""
"1286","HDFCNIMEG","EQ",131.73,132.21,131.3,131.78,132.21,130.43,57726,76.07,"21-Aug-2026",149,"",""
"1287","HDFCPSUBK","EQ",87.03,87.38,86.5,86.57,86.5,87.03,85308,74.07,"21-Aug-2026",407,"",""
"1288","HDFCPVTBAN","EQ",27.98,28.23,27.92,28.11,28.15,27.98,361205,101.56,"21-Aug-2026",394,"",""
"1289","HDFCQUAL","EQ",59.29,59.37,59.25,59.25,59.25,59.34,4240,2.51,"21-Aug-2026",68,"",""
"1290","HDFCSENSEX","EQ",87.77,88.46,87.76,87.91,88,87.93,33737,29.69,"21-Aug-2026",485,"",""
"1291","HDFCSILVER","EQ",230.15,234.25,230.09,232.67,232.47,225.7,6354848,14751.68,"21-Aug-2026",21710,"",""
"1292","HDFCSML250","EQ",185.89,186.07,184.99,185.39,185.25,185.25,1284557,2386.68,"21-Aug-2026",6823,"",""
"1293","HDFCVALUE","EQ",125.9,126.4,125.48,125.64,126.35,125.92,5994,7.55,"21-Aug-2026",70,"",""
"1294","HDIL","BZ",1.5,1.56,1.45,1.54,1.54,1.49,401308,6.07,"21-Aug-2026",307,"",""
"1295","HEADSUP","EQ",7,7,6.62,6.69,6.62,6.87,6213,0.43,"21-Aug-2026",48,"",""
"1296","HEALTHADD","EQ",16.65,16.65,16.46,16.57,16.6,16.54,11692,1.93,"21-Aug-2026",92,"",""
"1297","HEALTHAXIS","EQ",168,168.91,166.18,167.33,168.34,168.91,5463,9.13,"21-Aug-2026",155,"",""
"1298","HEALTHCARE","EQ",21.61,21.61,21.35,21.43,21.43,21.51,49553,10.61,"21-Aug-2026",172,"",""
"1299","HEALTHIETF","EQ",169.36,169.89,167.5,168.51,168.5,169.28,193589,325.65,"21-Aug-2026",2595,"",""
"1300","HEALTHX","EQ",308.55,308.55,297.05,300.85,300,302.4,1861,5.63,"21-Aug-2026",211,"",""
"1301","HEALTHY","EQ",16.93,17.19,16.81,16.89,16.81,16.93,236913,40,"21-Aug-2026",1030,"",""
"1302","HECPROJECT","EQ",116.25,119.7,114.99,115.97,116.01,117.89,13344,15.52,"21-Aug-2026",303,"",""
"1303","HEG","EQ",712,722,705,710.75,710,711.95,927007,6606.97,"21-Aug-2026",20294,"",""
"1304","HEIDELBERG","EQ",160.9,161.45,158.52,158.98,159,160.22,112401,179.74,"21-Aug-2026",1840,"",""
"1305","HEMIPROP","EQ",131,131.5,130.38,130.58,130.49,130.91,174035,227.94,"21-Aug-2026",1896,"",""
"1306","HERANBA","EQ",163.47,166.6,161,164.88,166.5,160.39,70804,115.65,"21-Aug-2026",1947,"",""
"1307","HERITGFOOD","EQ",381.8,387.05,372.55,380.85,382.1,378.75,487992,1858.6,"21-Aug-2026",13574,"",""
"1308","HEROMOTOCO","EQ",5724.5,5735,5642,5735,5735,5740.5,463679,26367.55,"21-Aug-2026",21777,"",""
"1309","HESTERBIO","EQ",2413,2419.7,2355,2367.8,2356,2413.1,5502,130.94,"21-Aug-2026",819,"",""
"1310","HEXAGON","BE",70.1,71.9,68,70.21,70,70.11,336961,237.99,"21-Aug-2026",1206,"",""
"1311","HEXATRADEX","EQ",159.95,159.95,155.55,158.03,159.75,160.27,934,1.47,"21-Aug-2026",45,"",""
"1312","HEXT","EQ",545,549.85,530.2,532.45,532.5,544.2,237745,1280.71,"21-Aug-2026",10949,"",""
"1313","HFCL","EQ",225,228.8,223.03,228.01,227.7,223.9,12598055,28521.59,"21-Aug-2026",58189,"",""
"1314","HGINFRA","EQ",513,515.35,510.35,511.9,513,513.7,59474,304.9,"21-Aug-2026",2773,"",""
"1315","HGM","EQ",45,45.99,44.01,44.72,44.72,44.96,2029,0.91,"21-Aug-2026",72,"",""
"1316","HGS","EQ",407.45,411,396.5,402.25,401.4,406.5,22491,90.54,"21-Aug-2026",971,"",""
"1317","HIGREEN","SM",127.5,133.95,126.4,132.7,133.95,126.7,28800,37.64,"21-Aug-2026",35,"",""
"1318","HIKAL","EQ",212.7,218.35,212.7,215.61,215.75,212.26,174359,375.83,"21-Aug-2026",3725,"",""
"1319","HILINFRA","EQ",45.37,46.24,45.2,45.76,45.78,45.69,61045,27.76,"21-Aug-2026",844,"",""
"1320","HILTON","BE",19.62,20.28,19.62,20.24,20.28,19.63,71117,14.32,"21-Aug-2026",291,"",""
"1321","HIMATSEIDE","EQ",71.48,73.19,71.06,72.12,72.4,71.48,483068,348.02,"21-Aug-2026",4336,"",""
"1322","HINDADH","EQ",350.15,360.7,350.15,354.45,352,351,5244,18.63,"21-Aug-2026",286,"",""
"1323","HINDALCO","EQ",1029.8,1040.45,1024.6,1034,1034,1029.85,2644211,27363.22,"21-Aug-2026",93297,"",""
"1324","HINDALUMI","EQ",100,103,98.02,98.18,98.15,98.81,2375,2.34,"21-Aug-2026",68,"",""
"1325","HINDCOMPOS","EQ",415.9,432.5,407.5,411.5,412.85,412.5,6557,27.12,"21-Aug-2026",403,"",""
"1326","HINDCON","EQ",22.5,22.75,22,22.21,22.21,22.18,12775,2.85,"21-Aug-2026",97,"",""
"1327","HINDCOPPER","EQ",562.95,581.5,561.2,572.7,573.1,560.1,13674341,78668.54,"21-Aug-2026",166629,"",""
"1328","HINDOILEXP","EQ",159.85,160.7,155.55,156.2,156,158.2,457939,724.48,"21-Aug-2026",5117,"",""
"1329","HINDPETRO","EQ",364,367,362.25,363.25,363.25,363.2,3747655,13653.09,"21-Aug-2026",32664,"",""
"1330","HINDUNILVR","EQ",2028,2034.7,2012,2015,2015,2028,857550,17324.55,"21-Aug-2026",37476,"",""
"1331","HINDWAREAP","EQ",199.55,199.99,196.1,198.63,198.76,198.45,60341,119.58,"21-Aug-2026",1801,"",""
"1332","HINDZINC","EQ",582,598.5,579.6,594.9,594.9,573.9,14189716,83978.96,"21-Aug-2026",146906,"",""
"1333","HIRECT","EQ",1275,1329.5,1265,1273.7,1265.1,1278.4,106239,1383.85,"21-Aug-2026",7927,"",""
"1334","HISARMETAL","EQ",150.02,152.48,149,149.16,149,149.66,465,0.7,"21-Aug-2026",23,"",""
"1335","HITECH","EQ",77.59,81.75,77.59,81.37,81.45,77.89,1610069,1293.27,"21-Aug-2026",8110,"",""
"1336","HITECHCORP","BE",330.1,338,330.1,331.5,334,330.15,24678,82.27,"21-Aug-2026",107,"",""
"1337","HITECHGEAR","BE",542,560,528,546.3,541.05,535.75,3835,20.95,"21-Aug-2026",91,"",""
"1338","HLEGLAS","EQ",311.8,322,311.35,319,318.2,311.8,106552,337.93,"21-Aug-2026",2773,"",""
"1339","HLVLTD","EQ",6.69,6.74,6.5,6.58,6.65,6.59,187853,12.48,"21-Aug-2026",594,"",""
"1340","HMAAGRO","EQ",22,22.18,21.7,21.97,21.97,21.94,1141311,250.41,"21-Aug-2026",3027,"",""
"1341","HMT","BZ",60.99,61.95,60.05,60.79,61.05,60.51,16136,9.86,"21-Aug-2026",165,"",""
"1342","HMVL","BE",91.22,94,91.22,92.1,91.5,94.72,5939,5.5,"21-Aug-2026",79,"",""
"1343","HNDFDS","EQ",658,658.05,641.05,644.8,643,653.25,78063,505.26,"21-Aug-2026",5998,"",""
"1344","HNGSNGBEES","EQ",481.33,486.14,480.55,483.23,482.51,481.33,77014,371.68,"21-Aug-2026",3089,"",""
"1345","HOLMARC","SM",108,108,103.1,107,107,108.5,3750,3.98,"21-Aug-2026",5,"",""
"1346","HOMEFIRST","EQ",1187.7,1227.9,1178.1,1193.7,1195,1187.4,233480,2797.18,"21-Aug-2026",11366,"",""
"1347","HOMESFY","SM",107.45,107.45,107.45,107.45,107.45,113.1,300,0.32,"21-Aug-2026",1,"",""
"1348","HONASA","EQ",484.3,493.5,479.1,481.9,482.25,483.8,1115119,5445.42,"21-Aug-2026",31931,"",""
"1349","HONAUT","EQ",36715,37000,36440,36700,36700,36715,2374,871.49,"21-Aug-2026",1560,"",""
"1350","HONDAPOWER","EQ",2086.2,2110.7,2060.6,2068.3,2079.9,2073.7,1884,39.11,"21-Aug-2026",367,"",""
"1351","HPAL","EQ",34.48,35.4,34.48,35.03,35,34.48,35596,12.45,"21-Aug-2026",491,"",""
"1352","HPIL","EQ",129,130.99,126,126.1,126,130.35,1256,1.61,"21-Aug-2026",20,"",""
"1353","HPL","EQ",314.35,320,312.05,317.45,318.1,314.65,56590,179.48,"21-Aug-2026",1954,"",""
"1354","HPTL","SM",337.4,341.1,337.4,341.1,341.1,324.9,6000,20.44,"21-Aug-2026",8,"",""
"1355","HRHNEXT","SM",28.35,28.35,27,27,27,27.4,3000,0.83,"21-Aug-2026",2,"",""
"1356","HRYNSHP","EQ",99.05,103.49,96,99.86,100,101,3631,3.61,"21-Aug-2026",94,"",""
"1357","HSBCGOLD","EQ",136,139.8,135.63,138.19,138.1,135.63,233928,323.26,"21-Aug-2026",170,"",""
"1358","HSCL","EQ",705.1,711,650,654.4,655,704.2,17256079,116703.84,"21-Aug-2026",251827,"",""
"1359","HTMEDIA","EQ",26.63,28.25,26.63,27.57,27.68,26.73,278076,77.1,"21-Aug-2026",1061,"",""
"1360","HUBTOWN","EQ",198,200.59,193.5,194.54,194.1,198.81,553064,1088.26,"21-Aug-2026",7589,"",""
"1361","HUDCO","EQ",186,188.2,185.67,186.09,186.22,186.05,876000,1636.32,"21-Aug-2026",13283,"",""
"1362","HUHTAMAKI","EQ",273,276.6,271.9,273.85,273.65,274.6,77363,211.75,"21-Aug-2026",2652,"",""
"1363","HVAX","SM",630,640,630,640,640,661.5,600,3.81,"21-Aug-2026",3,"",""
"1364","HYBRIDETF","EQ",10.11,10.12,10.07,10.07,10.07,10.11,80114,8.1,"21-Aug-2026",56,"",""
"1365","HYBRIDFIN","BE",17.59,17.6,17.2,17.25,17.25,17.22,2057,0.36,"21-Aug-2026",17,"",""
"1366","HYUNDAI","EQ",2222,2251.7,2211.1,2218.8,2218.8,2227,820353,18274.34,"21-Aug-2026",26975,"",""
"1367","IBULLSLTD","EQ",25.89,26.38,25.5,25.58,25.65,25.75,6984530,1802.75,"21-Aug-2026",9669,"",""
"1368","ICDSLTD","EQ",42.5,42.6,41,41.12,41.12,42,872,0.37,"21-Aug-2026",44,"",""
"1369","ICELCO","SM",135.3,143.65,135.25,139.9,139.9,136.75,96000,134.45,"21-Aug-2026",57,"",""
"1370","ICEMAKE","EQ",725,733,709.1,721.7,720.2,726.05,28779,206.69,"21-Aug-2026",1977,"",""
"1371","ICICIAMC","EQ",3217.9,3285,3212.2,3269.7,3281,3228.9,218970,7142.33,"21-Aug-2026",29182,"",""
"1372","ICICIB22","EQ",115.15,115.86,115.04,115.28,115.29,115.02,149389,172.38,"21-Aug-2026",2230,"",""
"1373","ICICIBANK","EQ",1417,1420,1411.2,1420,1420,1411.9,4565280,64699.28,"21-Aug-2026",100376,"",""
"1374","ICICIGI","EQ",1627.3,1634.8,1613.5,1617,1617,1625,916594,14858.99,"21-Aug-2026",30705,"",""
"1375","ICICIPRULI","EQ",502,520.6,501.05,515,515,502,1609364,8261.15,"21-Aug-2026",36567,"",""
"1376","ICIL","EQ",436,447.8,425.1,443.55,441.4,435.1,789062,3464.09,"21-Aug-2026",20222,"",""
"1377","ICRA","EQ",4881.3,5015,4858.1,4964.8,4951,4867.2,30454,1511.04,"21-Aug-2026",5045,"",""
"1378","IDBI","EQ",81.75,82.8,81.27,82.24,82.31,81.74,3261960,2676.63,"21-Aug-2026",20124,"",""
"1379","IDEA","EQ",14.03,14.09,13.92,13.94,13.94,14.03,190569146,26667.03,"21-Aug-2026",419776,"",""
"1380","IDEAFORGE","EQ",814.95,846,790,812.5,812,806.6,820313,6695.39,"21-Aug-2026",21380,"",""
"1381","IDEALTECHO","SM",171.05,182,171.05,175,175,189,2000,3.5,"21-Aug-2026",4,"",""
"1382","IDFCFIRSTB","EQ",85.6,86.75,85.59,86.75,86.75,85.84,12594633,10873.61,"21-Aug-2026",52452,"",""
"1383","IDFNIFTYET","EQ",267.74,269.9,267.5,267.65,269.9,268.98,300,0.8,"21-Aug-2026",27,"",""
"1384","IEML","SM",41,41,40.05,40.35,40.65,40.6,23000,9.28,"21-Aug-2026",24,"",""
"1385","IEX","EQ",123.35,124.41,123.34,123.7,123.7,123.35,1544675,1912.98,"21-Aug-2026",29844,"",""
"1386","IFBAGRO","EQ",1007.9,1025,989.6,1001.5,1004.75,1007.9,4475,44.72,"21-Aug-2026",358,"",""
"1387","IFBIND","EQ",1405.2,1420,1383.7,1393.2,1386,1402.9,29763,417.01,"21-Aug-2026",3965,"",""
"1388","IFCI","EQ",81.7,82.31,80.57,80.91,80.66,81.76,12862920,10458.59,"21-Aug-2026",36234,"",""
"1389","IFGLEXPOR","EQ",216.79,220.49,206.6,211.77,212.37,215.92,63969,135.59,"21-Aug-2026",1865,"",""
"1390","IGARASHI","EQ",447.2,453,442.05,444.1,442.6,446.8,44462,198.59,"21-Aug-2026",2266,"",""
"1391","IGCL","EQ",72.81,73.5,72.01,72.81,72.9,72.68,115729,84.35,"21-Aug-2026",1486,"",""
"1392","IGIL","EQ",338,342.75,334.15,340.6,339.9,335.8,394439,1336.38,"21-Aug-2026",13818,"",""
"1393","IGL","EQ",150.55,151.31,147.66,147.87,147.95,150.55,2842551,4227.08,"21-Aug-2026",37624,"",""
"1394","IGPL","EQ",471.85,480,469.2,475.2,472.5,471.05,27747,132.02,"21-Aug-2026",1936,"",""
"1395","IIFL","EQ",645.35,687.1,645.1,679.8,682.9,636.7,11453570,77357.43,"21-Aug-2026",217884,"",""
"1396","IIFLCAPS","EQ",332.9,336.95,332.9,335.65,335,333.15,208309,699.23,"21-Aug-2026",4283,"",""
"1397","IITL","EQ",151,152,147.55,149.59,147.55,149.97,101892,153.89,"21-Aug-2026",1059,"",""
"1398","IKIO","EQ",195.45,197.44,188.56,191.66,191.45,195.7,205762,395.12,"21-Aug-2026",4085,"",""
"1399","IKS","EQ",1788.2,1806.8,1769.6,1786.2,1785.5,1791.6,90179,1609.77,"21-Aug-2026",7777,"",""
"1400","IL&FSENGG","BZ",37,37,35.5,36.39,36.39,36.64,10752,3.87,"21-Aug-2026",37,"",""
"1401","IL&FSTRANS","BZ",2.04,2.11,2.01,2.09,2.08,2.01,85521,1.76,"21-Aug-2026",68,"",""
"1402","IMAGICAA","EQ",47.25,49.45,47.25,48.87,49,47.45,622177,302.69,"21-Aug-2026",3847,"",""
"1403","IMFA","EQ",1420,1442.9,1377.1,1383.8,1380,1421.9,141630,1992.42,"21-Aug-2026",14155,"",""
"1404","IMPAL","EQ",1103.1,1110,1085,1092.4,1110,1106.6,1326,14.55,"21-Aug-2026",222,"",""
"1405","IMPEXFERRO","BZ",3.92,3.92,3.92,3.92,3.92,3.85,2891,0.11,"21-Aug-2026",6,"",""
"1406","INA","EQ",94.17,94.93,93.21,93.79,93.4,93.42,355798,334.6,"21-Aug-2026",3749,"",""
"1407","INCREDIBLE","EQ",33.77,35,32.8,33.01,33,33.77,3120,1.05,"21-Aug-2026",49,"",""
"1408","INDBANK","EQ",31.6,32.75,31.56,32.41,32.49,31.56,43308,13.94,"21-Aug-2026",438,"",""
"1409","INDGN","EQ",565.55,570.55,557.25,567.8,567.7,566.7,364708,2059.44,"21-Aug-2026",22184,"",""
"1410","INDHOTEL","EQ",735,735.5,724.3,730,730,735.85,741676,5397.53,"21-Aug-2026",16508,"",""
"1411","INDIACEM","EQ",370.65,372.85,369.9,370.9,370.5,370.65,42297,157.03,"21-Aug-2026",2155,"",""
"1412","INDIAGLYCO","EQ",1107,1169.8,1105,1146.5,1146,1101.9,538388,6199.71,"21-Aug-2026",32146,"",""
"1413","INDIAMART","EQ",1762,1767.1,1740,1742.2,1740.4,1749.2,38325,668.84,"21-Aug-2026",6262,"",""
"1414","INDIANB","EQ",876,880.9,870.5,876.9,876.9,871,576565,5039.1,"21-Aug-2026",23916,"",""
"1415","INDIANCARD","EQ",210.41,218.99,209.25,209.5,209.25,210.39,820,1.72,"21-Aug-2026",40,"",""
"1416","INDIANHUME","EQ",366.1,412,366.1,392.55,400.05,368.35,174021,671.76,"21-Aug-2026",4965,"",""
"1417","INDIASHLTR","EQ",675,688.7,668.55,675.25,674,675.3,52060,353.9,"21-Aug-2026",3898,"",""
"1418","INDIGO","EQ",5155,5172.5,5055.5,5110,5110,5165,1115342,56875.36,"21-Aug-2026",75769,"",""
"1419","INDIGOPNTS","EQ",1125.1,1161.4,1120.8,1151.8,1151.5,1130.7,117502,1341.52,"21-Aug-2026",12083,"",""
"1420","INDIGRID","IV",175.8,176.4,175.2,176.08,175.8,175.51,437611,769.72,"21-Aug-2026",7144,"",""
"1421","INDIQUBE","EQ",191.08,193.48,187.23,189.1,190,189.15,65308,124.2,"21-Aug-2026",3145,"",""
"1422","INDNIPPON","EQ",1105,1123.2,1095.3,1105.7,1113,1100.8,9936,110.01,"21-Aug-2026",1496,"",""
"1423","INDOAMIN","BE",121.7,125,120.6,122.35,123.33,120.35,66185,81.32,"21-Aug-2026",531,"",""
"1424","INDOBORAX","EQ",494.05,524.6,481.65,511.85,507.9,498.15,2022619,10338.9,"21-Aug-2026",53731,"",""
"1425","INDOCO","EQ",222.3,229.9,221,226.29,226,222.68,88716,200.03,"21-Aug-2026",2549,"",""
"1426","INDOFARM","EQ",138.25,142.8,138.25,141.76,142,138.06,115285,162.34,"21-Aug-2026",2361,"",""
"1427","INDOKEM","EQ",609.7,609.7,589.9,600.85,591.05,590.4,2565,15.22,"21-Aug-2026",105,"",""
"1428","INDOMIM","EQ",919,919,877,882.1,881,919.55,2403140,21464.01,"21-Aug-2026",83199,"",""
"1429","INDORAMA","EQ",61.76,65.82,61.01,62.69,62.88,61.29,871640,555.67,"21-Aug-2026",8586,"",""
"1430","INDOSTAR","EQ",254,258.1,251.1,253.15,253.05,251.4,83824,212.64,"21-Aug-2026",2117,"",""
"1431","INDOTECH","EQ",3800,3914.1,3771,3902.5,3895,3727.8,59896,2321.15,"21-Aug-2026",4412,"",""
"1432","INDOTHAI","EQ",59.66,59.66,59.66,59.66,59.66,62.8,84649,50.5,"21-Aug-2026",638,"",""
"1433","INDOUS","EQ",88.04,88.05,85.1,85.56,86.28,85.96,3141,2.7,"21-Aug-2026",242,"",""
"1434","INDOWIND","EQ",9.18,9.3,8.9,9.17,9.21,9.06,191326,17.57,"21-Aug-2026",554,"",""
"1435","INDPRUD","EQ",6156,6300,6156,6289.5,6289.5,6178.5,31,1.94,"21-Aug-2026",11,"",""
"1436","INDRAMEDCO","EQ",375.95,378.1,369,369.7,369.3,376.8,143395,534.52,"21-Aug-2026",4625,"",""
"1437","INDSWFTLAB","EQ",335.17,337.6,325.21,329.59,331.5,333.51,366668,1207.91,"21-Aug-2026",7907,"",""
"1438","INDTERRAIN","EQ",31.2,31.2,30.23,30.34,30.26,30.85,10921,3.33,"21-Aug-2026",110,"",""
"1439","INDUSINDBK","EQ",1007.8,1007.8,997,1005.6,1005.6,1008,1043385,10459.3,"21-Aug-2026",24630,"",""
"1440","INDUSINVIT","IV",134.06,136,133.55,134.06,133.7,134.06,336814,452.58,"21-Aug-2026",3372,"",""
"1441","INDUSTOWER","EQ",369.7,377.75,369.55,375.75,375.75,368.8,4157306,15574.08,"21-Aug-2026",44754,"",""
"1442","INFINIUM","SM",228.5,228.5,220,227.75,227.75,220,3000,6.79,"21-Aug-2026",6,"",""
"1443","INFLUX","SM",287.05,292,287.05,292,292,288.55,17400,50.55,"21-Aug-2026",16,"",""
"1444","INFOBEAN","EQ",155.1,158.7,155.1,157.5,157.01,156.78,150742,236.96,"21-Aug-2026",2673,"",""
"1445","INFOLLION","SM",160,160,154.65,158.6,160,160,43200,69.06,"21-Aug-2026",46,"",""
"1446","INFOMEDIA","EQ",5.26,5.35,5.1,5.11,5.11,5.19,10885,0.56,"21-Aug-2026",60,"",""
"1447","INFRA","EQ",12.16,12.2,12.13,12.18,12.18,12.16,12875,1.57,"21-Aug-2026",128,"",""
"1448","INFRABEES","EQ",968.01,976,964.53,969.57,972,968.01,3996,38.69,"21-Aug-2026",371,"",""
"1449","INFRAIETF","EQ",96.48,96.54,95.85,96.07,96.12,96.48,218876,210.34,"21-Aug-2026",5327,"",""
"1450","INFY","EQ",1133,1133.5,1118,1121,1121,1130,6094967,68631.59,"21-Aug-2026",120734,"",""
"1451","INGERRAND","EQ",4700,4700,4615.6,4660.6,4671.6,4705.6,16763,779.46,"21-Aug-2026",3032,"",""
"1452","INNOMET","ST",231.95,231.95,231.95,231.95,231.95,227.45,26400,61.23,"21-Aug-2026",25,"",""
"1453","INNOVACAP","EQ",1084.2,1099.85,1073.75,1088.5,1088,1084.2,78410,854.08,"21-Aug-2026",7655,"",""
"1454","INNOVANA","EQ",318.8,319.9,318,318,318,318.85,8777,27.98,"21-Aug-2026",38,"",""
"1455","INNOVISION","EQ",271,271,264,264.55,264.95,269.45,12854,34.16,"21-Aug-2026",827,"",""
"1456","INOXGREEN","EQ",174.88,179.22,173.11,178.34,178.4,175.08,1560412,2745.5,"21-Aug-2026",10983,"",""
"1457","INOXINDIA","EQ",1923.6,1958.8,1900,1930.2,1938.9,1923.6,109892,2118.01,"21-Aug-2026",20796,"",""
"1458","INOXWIND","EQ",74.24,74.82,73.45,73.6,73.6,73.9,6096098,4521.9,"21-Aug-2026",21596,"",""
"1459","INSECTICID","EQ",606.6,612.9,603,609.75,610,606.55,20974,127.32,"21-Aug-2026",828,"",""
"1460","INSPIRE","SM",9,9,8.55,8.55,8.55,9,14000,1.21,"21-Aug-2026",7,"",""
"1461","INSPIRISYS","BE",95,96.48,92,93.94,93.94,93.34,3907,3.67,"21-Aug-2026",66,"",""
"1462","INSUREIETF","EQ",15.49,15.65,15.41,15.63,15.65,15.49,30258,4.71,"21-Aug-2026",62,"",""
"1463","INTEGRITY","ST",159,165,159,160.25,165,159,9600,15.38,"21-Aug-2026",5,"",""
"1464","INTELLECT","EQ",688,694.9,678,691.25,688.6,685.7,235096,1610.28,"21-Aug-2026",15323,"",""
"1465","INTENTECH","EQ",82.13,90.78,81,84.88,84.67,81.73,46459,39.75,"21-Aug-2026",1538,"",""
"1466","INTERARCH","EQ",1690.1,1713.1,1670,1676.3,1680,1688.3,67407,1136.31,"21-Aug-2026",8183,"",""
"1467","INTERNET","EQ",14.7,14.8,14.49,14.58,14.57,14.51,187493,27.32,"21-Aug-2026",207,"",""
"1468","INTLCONV","EQ",76.83,79,76.02,77.54,77.06,76.78,53327,41.48,"21-Aug-2026",1762,"",""
"1469","INVENTURE","EQ",0.86,0.87,0.84,0.86,0.87,0.86,1358893,11.59,"21-Aug-2026",609,"",""
"1470","INVPRECQ","BE",1314.7,1314.7,1314.7,1314.7,1314.7,1341.5,1708,22.46,"21-Aug-2026",54,"",""
"1471","IOB","EQ",33.39,33.39,32.94,33.01,33,33.16,2378867,786.66,"21-Aug-2026",11304,"",""
"1472","IOC","EQ",135.5,136.58,135.27,135.9,135.9,135.9,6642882,9033.47,"21-Aug-2026",54946,"",""
"1473","IOLCP","EQ",164.49,175.7,162.3,169.52,169.98,163.75,7324108,12403.2,"21-Aug-2026",62277,"",""
"1474","IONEXCHANG","EQ",372.25,373.75,367.6,368.65,367.9,373.1,109662,406.69,"21-Aug-2026",5642,"",""
"1475","IPCALAB","EQ",1900.1,1922,1889.1,1911.2,1918,1900.1,194059,3702.65,"21-Aug-2026",16913,"",""
"1476","IPHL","SM",66.55,67.5,66.5,67,67,67.2,7200,4.81,"21-Aug-2026",6,"",""
"1477","IPL","EQ",138.15,143.64,138.15,140.27,140.5,138.06,152967,215.58,"21-Aug-2026",3544,"",""
"1478","IPRINGLTD","EQ",142.25,149,142.25,147.62,145,142.25,270,0.4,"21-Aug-2026",32,"",""
"1479","IRB","EQ",18.96,19.03,18.91,18.95,18.94,18.95,4422521,838.4,"21-Aug-2026",13409,"",""
"1480","IRBINVIT","IV",63.73,64.51,63.51,64.15,64.43,63.51,461612,296.35,"21-Aug-2026",3774,"",""
"1481","IRCON","EQ",126.25,127.05,124.39,124.72,124.74,126.54,911984,1146.08,"21-Aug-2026",11616,"",""
"1482","IRCTC","EQ",488,491.1,483.05,484.2,484.8,485.9,1105998,5368.75,"21-Aug-2026",32637,"",""
"1483","IREDA","EQ",115.04,115.75,114.71,115,115,114.9,2340127,2693.52,"21-Aug-2026",16776,"",""
"1484","IRFC","EQ",86.48,86.98,86.3,86.4,86.4,86.47,4768042,4125.97,"21-Aug-2026",30068,"",""
"1485","IRIS","EQ",248.12,254.79,243,243.89,244,248.12,15072,37.27,"21-Aug-2026",623,"",""
"1486","IRISDOREME","EQ",60,60.2,56.26,57,57.2,59.27,1692433,971.41,"21-Aug-2026",6283,"",""
"1487","IRMENERGY","EQ",285.6,290,284.45,286.15,286.5,285.6,46532,133.69,"21-Aug-2026",1942,"",""
"1488","ISFT","EQ",88.49,88.49,83.81,86.18,86.1,86.43,133580,115.42,"21-Aug-2026",930,"",""
"1489","ISGEC","EQ",762.7,763.1,750.25,755.1,753.15,761.75,26790,202.55,"21-Aug-2026",3967,"",""
"1490","ISHAN","SM",0.5,0.5,0.45,0.5,0.5,0.5,192000,0.94,"21-Aug-2026",4,"",""
"1491","ISHANCH","EQ",47.25,48.98,47.21,48.21,47.99,48.25,36115,17.28,"21-Aug-2026",429,"",""
"1492","ISTLTD","EQ",670.4,682.65,660,674.8,674.85,667.1,339,2.27,"21-Aug-2026",49,"",""
"1493","IT","EQ",33.15,34.39,33.15,33.73,34.03,34,356575,120.97,"21-Aug-2026",928,"",""
"1494","ITADD","EQ",32.32,32.52,32.16,32.25,32.16,32.62,12958,4.2,"21-Aug-2026",123,"",""
"1495","ITALIANE","SM",32.05,33.65,32.05,33.6,33.65,32.05,6000,1.99,"21-Aug-2026",3,"",""
"1496","ITAXIS","EQ",335.73,339.1,334.78,337.07,336.5,335.63,1040,3.51,"21-Aug-2026",48,"",""
"1497","ITBEES","EQ",34.6,34.6,33.71,33.87,33.94,34.07,4778867,1620.85,"21-Aug-2026",12968,"",""
"1498","ITBETA","EQ",320.69,323.63,317.24,319.15,317.24,323.34,665,2.13,"21-Aug-2026",41,"",""
"1499","ITC","EQ",271.6,271.6,269,269.4,269.4,271.65,8312928,22431.32,"21-Aug-2026",162255,"",""
"1500","ITCHOTELS","EQ",166.12,166.35,164,164.98,166,166.12,1074732,1772.67,"21-Aug-2026",18989,"",""
"1501","ITDC","EQ",687.4,692,681.35,684.3,684.8,687.55,73730,506.48,"21-Aug-2026",5573,"",""
"1502","ITETF","EQ",32.5,32.54,32.18,32.29,32.3,32.52,293312,94.9,"21-Aug-2026",552,"",""
"1503","ITI","EQ",279.4,281.25,278,279.25,279,279.5,153897,429.73,"21-Aug-2026",4990,"",""
"1504","ITIETF","EQ",33.97,34.19,33.7,33.98,34.06,34.03,4052810,1383.21,"21-Aug-2026",1409,"",""
"1505","ITL","EQ",324,324,320,321.8,320,317.85,2714,8.71,"21-Aug-2026",51,"",""
"1506","ITTL","ST",66.8,66.8,66.8,66.8,66.8,65.5,210,0.14,"21-Aug-2026",2,"",""
"1507","IVALUE","EQ",278.35,292,278,286.8,286.65,279.65,250201,715.01,"21-Aug-2026",6090,"",""
"1508","IVC","EQ",8.15,8.34,8.1,8.2,8.21,8.21,80650,6.61,"21-Aug-2026",408,"",""
"1509","IVP","BE",180,188,180,185.46,185.75,183.62,16707,30.99,"21-Aug-2026",102,"",""
"1510","IVZBANKNF","EQ",57.67,57.67,57.46,57.47,57.46,57.2,2851,1.64,"21-Aug-2026",23,"",""
"1511","IVZINGOLD","EQ",138.9,139,136.2,138.5,138.75,135.6,30430,41.94,"21-Aug-2026",336,"",""
"1512","IVZINNIFTY","EQ",285.46,285.46,278,278,278,278.5,248,0.69,"21-Aug-2026",35,"",""
"1513","IVZSENSEX","EQ",76.96,77.81,76.95,77.77,77.78,76.96,1448,1.12,"21-Aug-2026",35,"",""
"1514","IWARE","ST",455.05,455.05,439.2,445,445,452.85,14400,64.2,"21-Aug-2026",24,"",""
"1515","IWP","EQ",33.9,35.4,33.35,34.09,34.1,34.84,27304,9.31,"21-Aug-2026",61,"",""
"1516","IXIGO","EQ",170.46,173.79,169.37,170.3,171,170.45,344323,588.71,"21-Aug-2026",13851,"",""
"1517","IZMO","EQ",870.95,878.3,850.15,854.7,853,866.45,44880,387,"21-Aug-2026",3972,"",""
"1518","J&KBANK","EQ",148.19,149.5,147.25,149.01,149.2,148.19,1027348,1528.63,"21-Aug-2026",20092,"",""
"1519","JAGRAN","EQ",62.2,62.2,61.45,61.96,62,61.79,217580,134.48,"21-Aug-2026",2252,"",""
"1520","JAGSNPHARM","EQ",233.15,238.9,232.8,236.54,238.9,232.99,92791,218.21,"21-Aug-2026",2955,"",""
"1521","JAIBALAJI","EQ",65.5,65.96,63.11,63.57,64.4,66.08,611558,395.76,"21-Aug-2026",3468,"",""
"1522","JAICORPLTD","EQ",101,105.6,100,102.22,102,100.53,1544699,1601.74,"21-Aug-2026",14218,"",""
"1523","JAINIK","SM",216,216,212.5,212.5,212.5,212.5,3600,7.69,"21-Aug-2026",3,"",""
"1524","JAINREC","EQ",300.65,303.75,294.4,295.85,295.05,299.75,1053785,3130.33,"21-Aug-2026",19440,"",""
"1525","JAIPURKURT","EQ",27.85,27.85,26.52,26.86,27.09,27.26,10010,2.69,"21-Aug-2026",71,"",""
"1526","JALAN","ST",1.9,1.9,1.9,1.9,1.9,1.85,21000,0.4,"21-Aug-2026",6,"",""
"1527","JAMNAAUTO","EQ",121.43,122.44,120.2,121.41,121.5,121.43,1070634,1299.52,"21-Aug-2026",15574,"",""
"1528","JARO","EQ",440.55,456.6,438.5,443.1,443,440.05,172597,765.91,"21-Aug-2026",4750,"",""
"1529","JASH","EQ",483.45,484.5,468.8,472.5,471.5,481.5,113865,540.93,"21-Aug-2026",5982,"",""
"1530","JAYAGROGN","EQ",219.09,222,217.75,220.69,220,220.19,3461,7.62,"21-Aug-2026",144,"",""
"1531","JAYBARMARU","EQ",126.1,129.85,125,125.54,125.35,127.19,286976,366.3,"21-Aug-2026",3553,"",""
"1532","JAYBEE","SM",88,88,85,85.25,85,87.1,12500,10.81,"21-Aug-2026",23,"",""
"1533","JAYESH","SM",137,139,134.5,134.5,134.5,137.5,97000,131.66,"21-Aug-2026",30,"",""
"1534","JAYKAY","EQ",145.69,159.5,144.8,154.96,154.9,145.68,933212,1432.22,"21-Aug-2026",13640,"",""
"1535","JAYNECOIND","EQ",94.3,101.45,93.78,99.89,101.01,93.68,17016511,16708.81,"21-Aug-2026",72146,"",""
"1536","JAYSREETEA","EQ",101.9,108,101.01,101.81,101.6,100.81,572125,596.56,"21-Aug-2026",4651,"",""
"1537","JBMA","EQ",644.35,685,644.35,673.95,662.95,623.35,13184218,88658.82,"21-Aug-2026",256835,"",""
"1538","JENBURPH","EQ",1042.7,1048,1027,1028.5,1031,1045.5,1103,11.42,"21-Aug-2026",84,"",""
"1539","JETFREIGHT","EQ",22.6,23.05,21.61,22.34,21.95,22.12,183774,40.97,"21-Aug-2026",652,"",""
"1540","JEYYAM","ST",22.9,23.45,22.9,23.35,23.15,22.9,12000,2.8,"21-Aug-2026",5,"",""
"1541","JFLLIFE","SM",10.65,10.9,10.65,10.9,10.9,11.2,36000,3.85,"21-Aug-2026",5,"",""
"1542","JGCHEM","EQ",618.95,625.25,606.05,621.85,621,619.9,161611,996.78,"21-Aug-2026",7959,"",""
"1543","JHS","EQ",8.32,8.43,8.1,8.29,8.27,8.15,21985,1.82,"21-Aug-2026",131,"",""
"1544","JINDALPHOT","EQ",1046,1063.9,1040.2,1044.9,1057.9,1049.4,828,8.67,"21-Aug-2026",145,"",""
"1545","JINDALPOLY","EQ",634.6,641.6,634.5,637.6,634.5,637,6989,44.5,"21-Aug-2026",548,"",""
"1546","JINDALSAW","EQ",272,298.4,271.2,291.65,292.9,269.75,16802060,48800.18,"21-Aug-2026",159470,"",""
"1547","JINDALSTEL","EQ",1120,1135,1118.9,1127.8,1127.8,1118.9,999052,11250.04,"21-Aug-2026",36639,"",""
"1548","JINDRILL","EQ",631,650,623.05,642.75,643.55,628.7,786084,5039.1,"21-Aug-2026",23345,"",""
"1549","JINDWORLD","EQ",35.37,35.94,35,35.33,35.9,35.1,1175231,416.35,"21-Aug-2026",4955,"",""
"1550","JIOFIN","EQ",244.3,245.8,243.5,244,244,244.6,5583469,13651.69,"21-Aug-2026",42353,"",""
"1551","JISLDVREQS","EQ",21,21.55,21,21.14,21.15,21.35,3681,0.78,"21-Aug-2026",43,"",""
"1552","JISLJALEQS","EQ",28.22,28.48,27.8,27.86,27.85,28.22,1126510,316.84,"21-Aug-2026",4795,"",""
"1553","JITFINFRA","EQ",303,312.9,303,309,307.2,308.05,16214,50.07,"21-Aug-2026",542,"",""
"1554","JIWANRAM","SM",4.75,4.75,4.7,4.7,4.7,4.75,12000,0.57,"21-Aug-2026",2,"",""
"1555","JKCEMENT","EQ",5266,5293,5230,5250,5250,5266,13416,704.95,"21-Aug-2026",4243,"",""
"1556","JKIL","EQ",502,509.95,500.1,506.3,504.1,503.65,70797,357.95,"21-Aug-2026",3286,"",""
"1557","JKIPL","EQ",99.77,102.9,97.52,102.32,101.59,99.77,30414,30.85,"21-Aug-2026",379,"",""
"1558","JKLAKSHMI","EQ",556.9,563.85,555.75,559.45,558.55,557.9,135140,757.6,"21-Aug-2026",15257,"",""
"1559","JKPAPER","EQ",391.3,404.9,388.4,391.8,390.35,389.6,585153,2320.64,"21-Aug-2026",16101,"",""
"1560","JKTYRE","EQ",374,378,371.7,374.7,374.6,373.4,422006,1581.63,"21-Aug-2026",10132,"",""
"1561","JLHL","EQ",315,318.3,307.5,309.75,309.4,317.7,89552,279.66,"21-Aug-2026",11597,"",""
"1562","JMA","EQ",91.45,91.5,90,90.73,91,91.11,8236,7.47,"21-Aug-2026",94,"",""
"1563","JMFINANCIL","EQ",129.3,131.19,128,128.24,128.28,129.16,2136978,2772.44,"21-Aug-2026",21961,"",""
"1564","JNKINDIA","EQ",450.35,459.45,446.2,454.35,455,450.35,125976,570.54,"21-Aug-2026",3991,"",""
"1565","JNPR","EQ",274,281.89,264.1,265.8,265.97,273.76,2621814,7159.94,"21-Aug-2026",51133,"",""
"1566","JOCIL","BE",146.4,150.75,146.4,149.99,149.99,150,1504,2.26,"21-Aug-2026",21,"",""
"1567","JPOLYINVST","EQ",955,977.9,955,964,964.6,954.4,3617,35.08,"21-Aug-2026",517,"",""
"1568","JPPOWER","EQ",17.1,17.39,17.06,17.1,17.12,17.1,34168455,5876.55,"21-Aug-2026",46409,"",""
"1569","JSFB","EQ",562,606.95,562,582.35,581.45,562.85,5326492,31468.39,"21-Aug-2026",74400,"",""
"1570","JSL","EQ",718.4,720,700,701.35,701,718.4,338384,2393.16,"21-Aug-2026",22215,"",""
"1571","JSLL","EQ",510,514.15,504.05,505.35,506.8,506.2,306103,1554.87,"21-Aug-2026",20524,"",""
"1572","JSWCEMENT","EQ",125.99,126.9,124.81,126.04,126.2,125.13,1435890,1808.65,"21-Aug-2026",27936,"",""
"1573","JSWDULUX","EQ",3107.4,3141.8,3072.9,3118.8,3116,3086.1,14724,458.35,"21-Aug-2026",4198,"",""
"1574","JSWENERGY","EQ",542.4,552,540.2,544.95,544.95,542,973494,5328.27,"21-Aug-2026",21086,"",""
"1575","JSWHL","EQ",11537,11537,11201,11289,11250,11465,2616,295.97,"21-Aug-2026",970,"",""
"1576","JSWINFRA","EQ",331.15,337.7,331,335.7,336.7,329.85,1452829,4868.6,"21-Aug-2026",23387,"",""
"1577","JSWSTEEL","EQ",1298,1298.8,1280.5,1293.7,1293.7,1299.7,2013069,25967.48,"21-Aug-2026",42462,"",""
"1578","JTEKTINDIA","EQ",129.27,130.05,125.64,126.1,126.21,129.27,294606,375.5,"21-Aug-2026",2963,"",""
"1579","JTLIND","EQ",75,80.45,74.31,79.52,79.65,74.61,6704927,5304.37,"21-Aug-2026",28309,"",""
"1580","JUBLCPL","EQ",2284,2291.6,2220.1,2227.8,2223,2284,4180,93.94,"21-Aug-2026",663,"",""
"1581","JUBLFOOD","EQ",512.15,512.15,500.5,506.75,506.75,507.3,937437,4745.02,"21-Aug-2026",20998,"",""
"1582","JUBLINGREA","EQ",724.6,724.6,705.4,718.35,716,720.4,287900,2059.75,"21-Aug-2026",15540,"",""
"1583","JUBLPHARMA","EQ",868,891,867.2,880.35,877,871.05,229193,2019.58,"21-Aug-2026",14150,"",""
"1584","JUNIORBEES","EQ",800.56,805.39,799.09,800.27,802.15,803.11,277039,2220.11,"21-Aug-2026",6852,"",""
"1585","JUNIPER","EQ",204.61,211,202.5,210.08,210,205.21,430208,897.05,"21-Aug-2026",7502,"",""
"1586","JUSTDIAL","EQ",685,685,667,674.05,674,680.65,166297,1118.28,"21-Aug-2026",6377,"",""
"1587","JWL","EQ",248.8,250.75,246.5,247,246.95,248.1,475958,1182.25,"21-Aug-2026",8596,"",""
"1588","JYOTHYLAB","EQ",207.6,208.14,202.56,204.95,205.53,208.46,785620,1605.56,"21-Aug-2026",18573,"",""
"1589","JYOTICNC","EQ",948,992,947.95,988.8,990.35,949.75,1718507,16745.95,"21-Aug-2026",46950,"",""
"1590","JYOTIGLOBL","SM",39.65,39.65,39.65,39.65,39.65,37.8,2000,0.79,"21-Aug-2026",1,"",""
"1591","JYOTIRES","EQ",850.9,854.95,830.25,849.5,849.95,849.9,11365,96.1,"21-Aug-2026",898,"",""
"1592","JYOTISTRUC","EQ",10.68,10.8,10.46,10.57,10.61,10.69,4653429,495.63,"21-Aug-2026",3187,"",""
"1593","K2INFRA","ST",51,52.65,48.3,52.3,52.5,50.25,30600,15.4,"21-Aug-2026",36,"",""
"1594","KABRAEXTRU","EQ",530.05,574.95,521.55,566.2,560.3,529.1,565475,3154.95,"21-Aug-2026",18691,"",""
"1595","KAJARIACER","EQ",1200,1224.4,1200,1208.5,1209.9,1220.7,81268,983.29,"21-Aug-2026",10017,"",""
"1596","KAKATCEM","EQ",116.1,118.6,114.5,115.84,115.85,118.82,2619,3.03,"21-Aug-2026",98,"",""
"1597","KALAMANDIR","EQ",86.9,87.12,86,86.29,86.11,86.48,181326,156.99,"21-Aug-2026",2314,"",""
"1598","KALANA","SM",24.3,24.3,24,24.3,24.3,23.15,28000,6.79,"21-Aug-2026",14,"",""
"1599","KALPATARU","EQ",288.9,289.7,280.35,283.45,284.35,288.35,105067,298.89,"21-Aug-2026",1185,"",""
"1600","KALYANIFRG","EQ",695,714.05,672,691.5,686,691.05,3331,23.03,"21-Aug-2026",273,"",""
"1601","KALYANKJIL","EQ",596,607.9,591.5,603.55,603.55,596,6936147,41724.4,"21-Aug-2026",65713,"",""
"1602","KAMAHOLD","EQ",2437.9,2450,2418,2421.1,2421,2424.8,2874,69.92,"21-Aug-2026",515,"",""
"1603","KAMANWALA","EQ",17.55,17.55,16.4,16.77,16.7,16.68,2075,0.35,"21-Aug-2026",61,"",""
"1604","KAMATHOTEL","EQ",192.25,209.95,190.35,207.66,209.7,190.83,216954,439.26,"21-Aug-2026",4808,"",""
"1605","KAMDHENU","BE",33.65,35.34,33.65,35.22,35.34,33.66,916494,321.22,"21-Aug-2026",1239,"",""
"1606","KAMOPAINTS","EQ",4.59,5,4.39,4.45,4.53,4.55,654294,30,"21-Aug-2026",1283,"",""
"1607","KANANIIND","EQ",1.49,1.51,1.48,1.5,1.5,1.48,37454,0.56,"21-Aug-2026",167,"",""
"1608","KANCHI","EQ",373.85,377,359.95,373.5,373.5,372,939,3.43,"21-Aug-2026",56,"",""
"1609","KANCOTEA","EQ",56,57.2,52,54.3,54.3,52.78,2747,1.51,"21-Aug-2026",22,"",""
"1610","KANDARP","SM",100,101.5,100,101.5,101.5,100,25000,25.02,"21-Aug-2026",5,"",""
"1611","KANORICHEM","BE",153.43,155.1,150.25,153.89,154.6,153.43,12507,19.23,"21-Aug-2026",134,"",""
"1612","KANPRPLA","EQ",269.2,281.44,258,260.91,261.25,266.18,167499,457.43,"21-Aug-2026",3235,"",""
"1613","KANSAINER","EQ",202.51,207.19,200.1,205.85,205.05,201.51,297069,606.39,"21-Aug-2026",6463,"",""
"1614","KAPSTON","EQ",529.55,534,525.05,528.2,528.95,524.8,27423,145.25,"21-Aug-2026",1599,"",""
"1615","KARMAENG","EQ",40.15,40.2,38.4,38.59,38.46,39.22,4688,1.82,"21-Aug-2026",51,"",""
"1616","KARNIKA","SM",115,115.45,109,112.35,114.85,115,117000,131.01,"21-Aug-2026",67,"",""
"1617","KARURVYSYA","EQ",336.9,336.9,333.15,335.5,335.3,334.1,785799,2635.98,"21-Aug-2026",19406,"",""
"1618","KATARIA","SM",104.8,105.25,103.7,103.7,103.7,105.25,27000,28.28,"21-Aug-2026",7,"",""
"1619","KAUSHALYA","BE",871,898,860.15,872.2,893,886.3,712,6.21,"21-Aug-2026",61,"",""
"1620","KAVDEFENCE","EQ",57,58.52,56.5,56.9,57.15,57.22,108663,62.26,"21-Aug-2026",1187,"",""
"1621","KAYA","EQ",374.1,393,370.55,382.25,383.5,374.1,99267,381.63,"21-Aug-2026",3527,"",""
"1622","KAYNES","EQ",3822,3913.3,3798,3890,3890,3815,990990,38369.34,"21-Aug-2026",65015,"",""
"1623","KAYTEX","SM",58.25,59.95,58.25,59.9,59.95,58.75,7200,4.27,"21-Aug-2026",9,"",""
"1624","KCEIL","SM",76.3,84.95,74,84.7,84.95,75.85,74000,59.25,"21-Aug-2026",106,"",""
"1625","KCK","ST",15.45,15.5,15,15.2,15.2,15.05,217500,33.46,"21-Aug-2026",21,"",""
"1626","KCP","EQ",165.08,165.8,160.73,163.83,164.45,165.08,206962,336.97,"21-Aug-2026",4253,"",""
"1627","KCPSUGIND","BE",33.65,35.2,32.4,34.81,35.15,33.63,464124,157.03,"21-Aug-2026",1222,"",""
"1628","KDDL","EQ",3934.2,4078.9,3510,4005.4,4001,3942.7,352972,13659.65,"21-Aug-2026",33465,"",""
"1629","KDL","SM",88.3,91.3,85.05,88.45,88.5,88.55,29850,26.6,"21-Aug-2026",111,"",""
"1630","KEC","EQ",425.1,437.5,423.55,435.95,436.5,424.1,3670038,15776.89,"21-Aug-2026",47944,"",""
"1631","KECL","EQ",132.21,137.89,129.81,132.23,132.89,130.69,194800,261.11,"21-Aug-2026",3714,"",""
"1632","KEEPLEARN","EQ",1.99,2.01,1.86,1.91,1.94,1.81,55280,1.08,"21-Aug-2026",123,"",""
"1633","KEI","EQ",5700,5744,5492.6,5527.6,5527.6,5675,289585,16094.19,"21-Aug-2026",34611,"",""
"1634","KELLTONTEC","EQ",13.53,13.84,13.42,13.56,13.45,13.6,1668122,227.4,"21-Aug-2026",3987,"",""
"1635","KEN","SM",40.6,40.6,40.6,40.6,40.6,40.6,2400,0.97,"21-Aug-2026",2,"",""
"1636","KENNAMET","EQ",3715,4155.1,3681,4044.7,4030,3719.6,216734,8633.07,"21-Aug-2026",34040,"",""
"1637","KERNEX","EQ",1835,1970,1811,1934.5,1937,1837,477401,9116.48,"21-Aug-2026",25128,"",""
"1638","KESORAMIND","BE",11.58,11.58,11.45,11.5,11.5,11.68,207224,23.81,"21-Aug-2026",208,"",""
"1639","KEYFINSERV","EQ",271.95,271.95,258.1,262.5,260,261.1,1158,3.05,"21-Aug-2026",47,"",""
"1640","KFINTECH","EQ",963,992.4,953.05,980,980,961,2711008,26644.6,"21-Aug-2026",61830,"",""
"1641","KHADIM","BE",94.91,97.9,94.44,97,97,94.91,18691,18.09,"21-Aug-2026",176,"",""
"1642","KHAICHEM","EQ",55.7,57.69,55.23,55.82,55.82,56.65,150901,84.8,"21-Aug-2026",1164,"",""
"1643","KHAITANLTD","EQ",145.45,149,143,147.95,149,146.94,900,1.31,"21-Aug-2026",38,"",""
"1644","KHANDSE","EQ",18.2,18.2,16.76,17.5,17.99,16.63,2082,0.37,"21-Aug-2026",63,"",""
"1645","KHFM","SM",47.45,47.45,47.45,47.45,47.45,46.7,1550,0.74,"21-Aug-2026",1,"",""
"1646","KICL","EQ",5240.5,5430,5201,5382.5,5400,5258,1196,63.46,"21-Aug-2026",244,"",""
"1647","KILITCH","BE",161.35,164.94,161.35,162.33,162.9,162.54,40004,65.16,"21-Aug-2026",340,"",""
"1648","KIMS","EQ",794.6,794.6,775,782.5,778,790,302499,2369.46,"21-Aug-2026",22353,"",""
"1649","KINGFA","EQ",5857.5,5898,5764,5813.5,5815,5857.5,9234,538.01,"21-Aug-2026",2541,"",""
"1650","KIOCL","EQ",384.8,392.3,384.75,388.1,386.6,385.4,70105,272.35,"21-Aug-2026",3112,"",""
"1651","KIRANVYPAR","EQ",198.55,202.5,195.11,198,198,202.52,516,1.03,"21-Aug-2026",36,"",""
"1652","KIRIINDUS","EQ",463.95,479.95,458.55,477.9,477,461.3,1726356,8118.94,"21-Aug-2026",32400,"",""
"1653","KIRLFER","EQ",443,444.7,437.1,441.2,441,444.05,598796,2635.29,"21-Aug-2026",6215,"",""
"1654","KIRLOSBROS","EQ",1915,1934.2,1901.2,1906.2,1905.9,1918.2,24988,477.93,"21-Aug-2026",3239,"",""
"1655","KIRLOSENG","EQ",2168,2168,2076.1,2100.8,2100,2150.1,450739,9454.77,"21-Aug-2026",44542,"",""
"1656","KIRLOSIND","EQ",3740,3740,3675,3685,3725,3714.1,2077,76.92,"21-Aug-2026",532,"",""
"1657","KIRLPNU","EQ",743,752,729.7,748.8,747,739.8,212199,1578.51,"21-Aug-2026",16441,"",""
"1658","KISSHT","EQ",303,315.5,302.55,310.95,312,302.65,1628613,5056.87,"21-Aug-2026",23673,"",""
"1659","KITEX","EQ",125.1,126.59,124,124.95,125,124.73,547219,683.41,"21-Aug-2026",5662,"",""
"1660","KJMCFIN","EQ",79.7,79.7,79.7,79.7,79.7,66.42,3747,2.99,"21-Aug-2026",46,"",""
"1661","KKCL","EQ",518.6,523.8,515,516.45,515,518.6,13439,69.55,"21-Aug-2026",932,"",""
"1662","KKJEWELS","SM",104.8,104.8,104,104.75,104.75,102.05,7000,7.32,"21-Aug-2026",7,"",""
"1663","KLBRENG-B","EQ",364,408.6,361.7,397.4,405,357.65,3833782,15111.92,"21-Aug-2026",63061,"",""
"1664","KLL","SM",21.8,21.8,21.8,21.8,21.8,21.8,800,0.17,"21-Aug-2026",1,"",""
"1665","KMCSHIL","EQ",138.99,143.07,138.98,141.65,142.6,136.94,118525,167.8,"21-Aug-2026",2152,"",""
"1666","KMEW","EQ",2710,2758.7,2680.1,2725.6,2724,2691.8,55030,1498.03,"21-Aug-2026",8705,"",""
"1667","KMSUGAR","EQ",35.01,35.3,32.85,33.55,33.75,35.3,1437036,483.22,"21-Aug-2026",6172,"",""
"1668","KNACK","EQ",209,209,202.16,203.55,205,209.17,927405,1901.86,"21-Aug-2026",9494,"",""
"1669","KNAGRI","EQ",210,218.1,210,213.7,215.5,212.61,14561,31.01,"21-Aug-2026",314,"",""
"1670","KNRCON","EQ",127.15,131.1,126.53,127,127.21,127.14,887428,1140.59,"21-Aug-2026",11916,"",""
"1671","KODYTECH","ST",1444,1444,1420,1435,1435,1431.2,6100,87.45,"21-Aug-2026",45,"",""
"1672","KOHINOOR","EQ",34.51,37.8,34.5,36.59,36.27,34.81,1183183,434.17,"21-Aug-2026",6755,"",""
"1673","KOKUYOCMLN","EQ",79,80.98,79,80.08,80.3,79.8,29746,23.74,"21-Aug-2026",427,"",""
"1674","KOLTEPATIL","EQ",465,482.65,465,468.55,467.1,465.9,164169,776.62,"21-Aug-2026",5824,"",""
"1675","KONSTELEC","ST",53.25,53.3,53.2,53.2,53.2,56,30000,15.97,"21-Aug-2026",29,"",""
"1676","KONTOR","SM",55.7,56.1,54,55.95,55.95,59.7,58800,32.34,"21-Aug-2026",67,"",""
"1677","KOPRAN","BE",199.72,201,195.11,196.09,195.9,199.72,75827,149.7,"21-Aug-2026",570,"",""
"1678","KORE","SM",142.55,143,120,127.55,120.15,141.85,16500,21.64,"21-Aug-2026",59,"",""
"1679","KOTAKBANK","EQ",398.9,406,398.3,402.8,402.8,397.35,15670257,63125.01,"21-Aug-2026",119015,"",""
"1680","KOTARISUG","EQ",29.87,35,29.2,33.29,33.5,30.25,1327930,423.45,"21-Aug-2026",4721,"",""
"1681","KOTHARIPET","EQ",133.75,135.74,132,132.48,132.89,134.3,44326,58.95,"21-Aug-2026",1020,"",""
"1682","KOTHARIPRO","EQ",68.88,68.88,67.5,68.05,67.5,67.78,8186,5.57,"21-Aug-2026",209,"",""
"1683","KOTIC","EQ",143.75,144.92,142.32,142.77,142.61,144.5,3934,5.64,"21-Aug-2026",184,"",""
"1684","KOTYARK","BE",36.96,38.08,36.5,37.33,38,36.27,414158,156.78,"21-Aug-2026",829,"",""
"1685","KOVAI","EQ",6090,6090,5975,6034.5,6080,6066.5,2070,124.76,"21-Aug-2026",610,"",""
"1686","KPEL","EQ",257.9,265.5,257,259.3,260,256.65,315638,827.87,"21-Aug-2026",7599,"",""
"1687","KPIGREEN","EQ",307.1,322.5,307.05,312.6,315,307.05,2184169,6889.43,"21-Aug-2026",38621,"",""
"1688","KPIL","EQ",1390,1412,1386.9,1404.5,1407,1387.6,151468,2123.27,"21-Aug-2026",23375,"",""
"1689","KPITTECH","EQ",592.9,594.85,586.05,589.3,589.3,592.9,904430,5342.13,"21-Aug-2026",19694,"",""
"1690","KPL","EQ",3604.1,3634.5,3327,3361.1,3350,3630.3,113735,3872.82,"21-Aug-2026",14943,"",""
"1691","KPRMILL","EQ",1158,1167.5,1137.7,1151.6,1149,1153.2,221431,2554.01,"21-Aug-2026",18585,"",""
"1692","KRBL","EQ",401.85,409.35,398.8,406.95,406.7,397.25,916765,3717.05,"21-Aug-2026",22699,"",""
"1693","KREBSBIO","EQ",54.5,54.89,53.11,53.61,53.98,55.2,3880,2.08,"21-Aug-2026",126,"",""
"1694","KRIDHANINF","BE",2.23,2.23,2.07,2.08,2.08,2.16,140602,2.94,"21-Aug-2026",108,"",""
"1695","KRISHANA","EQ",197.8,200.99,194.4,198.41,198.5,196.52,540972,1071.3,"21-Aug-2026",6800,"",""
"1696","KRISHCA","SM",163,172.2,160.6,172.2,172.2,163.7,36000,58.89,"21-Aug-2026",57,"",""
"1697","KRISHIVAL","EQ",398.2,410,396.5,405.65,409,393.55,77792,315.28,"21-Aug-2026",1799,"",""
"1698","KRISHNADEF","EQ",1043.9,1050,1021.1,1026.8,1025.9,1037.9,134217,1384.86,"21-Aug-2026",10682,"",""
"1699","KRITI","EQ",66.06,67.44,63.53,64.34,65,65.74,11114,7.21,"21-Aug-2026",193,"",""
"1700","KRITIKA","EQ",5.57,5.7,5.55,5.58,5.58,5.62,47872,2.68,"21-Aug-2026",271,"",""
"1701","KRITINUT","EQ",82.2,85.9,82.16,84.46,84,83.92,6109,5.15,"21-Aug-2026",150,"",""
"1702","KRMAYURVED","SM",285.05,290.1,274.9,277.05,275,289.15,52000,145.71,"21-Aug-2026",34,"",""
"1703","KRN","EQ",1528,1541,1474,1482.1,1480,1518.3,171617,2555.47,"21-Aug-2026",12700,"",""
"1704","KRONOX","EQ",191,223.42,191,215.18,212.4,186.19,24328555,50881.12,"21-Aug-2026",217410,"",""
"1705","KROSS","EQ",209.74,210.01,206,206.84,206,210.36,287391,597.14,"21-Aug-2026",5926,"",""
"1706","KRSNAA","EQ",546.8,575.5,541.85,561.65,560,550,95888,539.34,"21-Aug-2026",6645,"",""
"1707","KRT","RR",116,116.4,115.41,115.99,116.2,116.3,308750,357.56,"21-Aug-2026",2076,"",""
"1708","KRYSTAL","EQ",680,694,648,657.95,657,681.35,119401,799.57,"21-Aug-2026",4515,"",""
"1709","KSB","EQ",806.5,808.9,790,801.85,808.8,802.5,106703,853.46,"21-Aug-2026",9349,"",""
"1710","KSCL","EQ",773.4,773.45,760,760.1,760.2,773.4,104183,795.94,"21-Aug-2026",4066,"",""
"1711","KSE","EQ",192.01,192.86,183.3,183.84,184,196.8,71756,134.39,"21-Aug-2026",1158,"",""
"1712","KSHINTL","EQ",1017.85,1017.85,982,1009.25,1010,1011.3,144223,1445.68,"21-Aug-2026",10890,"",""
"1713","KSHITIJPOL","EQ",2.85,2.88,2.81,2.82,2.83,2.85,441794,12.5,"21-Aug-2026",669,"",""
"1714","KSL","EQ",856.65,914.9,849,881.15,880,856.65,166545,1482.55,"21-Aug-2026",10195,"",""
"1715","KSOLVES","EQ",270.4,275,268,272.05,275,270.4,39144,106.35,"21-Aug-2026",1690,"",""
"1716","KSR","EQ",28,28.49,27,28.2,27.7,27.42,32892,9.16,"21-Aug-2026",115,"",""
"1717","KTKBANK","EQ",335.05,338.25,326.7,328.3,327.5,335.05,3431377,11429.22,"21-Aug-2026",40807,"",""
"1718","KUANTUM","EQ",74.99,76.7,73.7,74.19,74.1,74.99,232539,173.48,"21-Aug-2026",1851,"",""
"1719","KUSUMGAR","EQ",577,593.8,574.3,581.95,580.55,572.5,382974,2240.34,"21-Aug-2026",10110,"",""
"1720","KWIL","EQ",43.65,49.5,43.21,48.35,48.5,43.47,240473970,114370.75,"21-Aug-2026",352775,"",""
"1721","LADDERUP","EQ",51.5,51.5,47,50.8,50.8,49.25,112,0.06,"21-Aug-2026",6,"",""
"1722","LAGNAM","EQ",77,77.5,76.75,76.91,76.85,77.15,2982,2.3,"21-Aug-2026",57,"",""
"1723","LAHOTIOV","EQ",40.99,42,40.03,41.61,42,40.81,5791,2.4,"21-Aug-2026",60,"",""
"1724","LAKPRE","BZ",4.25,4.46,4.12,4.46,4.46,4.25,1287,0.05,"21-Aug-2026",10,"",""
"1725","LAKSHMIMIL","EQ",8350,8490,8300,8344.5,8350,8300,54,4.51,"21-Aug-2026",22,"",""
"1726","LAKSHYA","SM",83,86.5,83,86.4,86.4,82.5,6400,5.45,"21-Aug-2026",6,"",""
"1727","LAL","EQ",8.95,8.99,8.43,8.76,8.89,8.52,85534,7.56,"21-Aug-2026",214,"",""
"1728","LALPATHLAB","EQ",1894,1914.8,1880,1894.2,1889,1889.4,99702,1887.85,"21-Aug-2026",18643,"",""
"1729","LAMBODHARA","EQ",107.63,124,105.5,118.08,119.84,107.63,83175,96.99,"21-Aug-2026",779,"",""
"1730","LAMOSAIC","ST",56.9,56.9,53.05,56.45,56.45,55.8,514200,287.34,"21-Aug-2026",95,"",""
"1731","LANCER","EQ",10.35,10.57,10.3,10.42,10.42,10.38,125005,13.03,"21-Aug-2026",420,"",""
"1732","LANCORHOL","EQ",30,31.91,29.5,30.95,30.3,28.91,1071708,326.59,"21-Aug-2026",5790,"",""
"1733","LANDMARK","EQ",508.4,514.65,498.05,504.95,506.5,509.2,88626,448.6,"21-Aug-2026",3472,"",""
"1734","LANDSMILL","EQ",0.74,0.76,0.74,0.75,0.76,0.74,1990035,14.91,"21-Aug-2026",743,"",""
"1735","LAOPALA","EQ",178.01,179.4,172.6,173.12,173.06,178.35,203785,355.76,"21-Aug-2026",5843,"",""
"1736","LARGEMID50","EQ",36.83,36.83,36.75,36.83,36.83,36.9,1173,0.43,"21-Aug-2026",14,"",""
"1737","LASA","EQ",6.99,7.5,6.6,7.2,7.1,6.99,37768,2.67,"21-Aug-2026",208,"",""
"1738","LASERPOWER","EQ",330.95,341,327.05,337.55,338,328.4,1360433,4567.8,"21-Aug-2026",17069,"",""
"1739","LATENTVIEW","EQ",281.4,281.8,277.35,278.1,280,281.75,257941,720.66,"21-Aug-2026",8324,"",""
"1740","LATTEYS","EQ",23,23.35,22.2,23.28,23.35,22.8,107249,24.49,"21-Aug-2026",339,"",""
"1741","LAURUSLABS","EQ",1825,1836.4,1790.3,1802,1802,1825,1401995,25320.14,"21-Aug-2026",43209,"",""
"1742","LAXMICOT","EQ",14.39,14.39,13.6,13.92,13.91,13.96,27191,3.77,"21-Aug-2026",175,"",""
"1743","LAXMIDENTL","EQ",199.69,201,197.52,198.14,199.55,198.18,54290,108.19,"21-Aug-2026",1295,"",""
"1744","LAXMIINDIA","EQ",132.2,134.68,128,128.76,128.52,132.9,212064,277.81,"21-Aug-2026",2259,"",""
"1745","LCCINFOTEC","EQ",3.67,3.73,3.41,3.55,3.66,3.67,28110,1.01,"21-Aug-2026",120,"",""
"1746","LCL","EQ",550,590,550,577.15,575,539.85,1981216,11391.62,"21-Aug-2026",45307,"",""
"1747","LEAPIND","EQ",167,167.5,161.26,162.02,161.65,166.66,6354340,10403.39,"21-Aug-2026",41924,"",""
"1748","LEENEE","EQ",8.44,9.51,7.56,9.19,9.15,8.36,99370,8.65,"21-Aug-2026",392,"",""
"1749","LEMERITE","EQ",23.49,23.7,22.56,22.78,22.64,23.45,309011,71.19,"21-Aug-2026",779,"",""
"1750","LEMONTREE","EQ",108.3,110.5,108.01,108.33,108.28,107.96,2589977,2822.51,"21-Aug-2026",27414,"",""
"1751","LENSKART","EQ",657.8,663.8,635,661.4,662.25,654.8,9358241,61160.34,"21-Aug-2026",161868,"",""
"1752","LEXUS","EQ",13.88,14.4,13.61,14.31,14.3,13.88,10662,1.51,"21-Aug-2026",74,"",""
"1753","LFIC","EQ",137.55,142.49,137.55,140.94,142,138.24,1128,1.57,"21-Aug-2026",21,"",""
"1754","LGBBROSLTD","EQ",1599.6,1612,1555.6,1609,1611.1,1599.6,26271,421.43,"21-Aug-2026",4047,"",""
"1755","LGEINDIA","EQ",1632.8,1645,1620,1623.3,1620,1632.8,534446,8716.68,"21-Aug-2026",31990,"",""
"1756","LGHL","EQ",177.93,179.01,174.8,175.94,177.88,174.15,9165,16.29,"21-Aug-2026",327,"",""
"1757","LIBAS","EQ",9.83,10.2,9.6,10.02,10.16,9.83,49796,4.96,"21-Aug-2026",151,"",""
"1758","LIBERTSHOE","EQ",244,249.3,243.5,246.75,247.3,241.1,22311,54.88,"21-Aug-2026",1000,"",""
"1759","LICHSGFIN","EQ",500,500.8,491,497,497,508.05,3123216,15433.07,"21-Aug-2026",39436,"",""
"1760","LICI","EQ",421.7,425.9,419.55,422.25,422.25,419,10062346,42466.31,"21-Aug-2026",86282,"",""
"1761","LICMFGOLD","EQ",140.15,143.35,140.15,142.55,142.5,139.6,223719,318.11,"21-Aug-2026",922,"",""
"1762","LICNETFGSC","EQ",29.42,29.78,29.36,29.55,29.59,29.56,20321,5.99,"21-Aug-2026",102,"",""
"1763","LICNETFN50","EQ",272.8,273.15,271.46,271.85,272.9,271.82,69,0.19,"21-Aug-2026",22,"",""
"1764","LICNETFSEN","EQ",881.44,881.44,880.97,880.97,880.97,873.98,6,0.05,"21-Aug-2026",3,"",""
"1765","LICNFNHGP","EQ",279.76,280.04,277.53,279.71,279.77,280.05,67,0.19,"21-Aug-2026",18,"",""
"1766","LICNMID100","EQ",64.28,64.49,63.9,63.94,63.96,63.99,2375,1.53,"21-Aug-2026",54,"",""
"1767","LIKHITHA","EQ",214.55,214.55,208.02,210.3,209.76,213.08,38015,79.94,"21-Aug-2026",754,"",""
"1768","LINC","EQ",97.56,97.59,95.12,96.37,96.55,95.04,5132,4.93,"21-Aug-2026",187,"",""
"1769","LINCOLN","EQ",627.1,629,610,614.05,624.1,622.6,24032,148.03,"21-Aug-2026",1773,"",""
"1770","LINDEINDIA","EQ",6702,6729,6656,6672,6664,6695,10187,680.31,"21-Aug-2026",3151,"",""
"1771","LIQGRWBEES","EQ",1052.72,1052.74,1052.72,1052.73,1052.74,1052.33,440713,4639.56,"21-Aug-2026",189,"",""
"1772","LIQUID","EQ",1000,1000,999.99,999.99,1000,999.99,78873,788.73,"21-Aug-2026",140,"",""
"1773","LIQUID1","EQ",1118.97,1119.43,1118.97,1119.41,1119.41,1118.97,549238,6148.28,"21-Aug-2026",791,"",""
"1774","LIQUIDADD","EQ",1141.51,1141.53,1141.51,1141.52,1141.53,1141.08,412112,4704.37,"21-Aug-2026",473,"",""
"1775","LIQUIDBEES","EQ",1000,1000.01,999.99,999.99,1000,999.99,3042098,30420.93,"21-Aug-2026",3827,"",""
"1776","LIQUIDBETA","EQ",1005.29,1005.31,1005.29,1005.31,1005.31,1004.91,2,0.02,"21-Aug-2026",2,"",""
"1777","LIQUIDBETF","EQ",1095.77,1095.79,1095.77,1095.78,1095.78,1095.34,689308,7553.3,"21-Aug-2026",182,"",""
"1778","LIQUIDCASE","EQ",115.58,115.61,115.58,115.59,115.59,115.55,19279354,22286.47,"21-Aug-2026",21411,"",""
"1779","LIQUIDETF","EQ",999.99,1000.01,999.99,1000,999.99,999.99,93777,937.77,"21-Aug-2026",213,"",""
"1780","LIQUIDIETF","EQ",1000,1000.01,999.99,999.99,1000,999.99,674662,6746.62,"21-Aug-2026",379,"",""
"1781","LIQUIDPLUS","EQ",1100.07,1100.09,1100.07,1100.08,1100.09,1099.63,842554,9268.85,"21-Aug-2026",298,"",""
"1782","LIQUIDSBI","EQ",999.99,1000.01,999.99,1000,999.99,1000.01,2821,28.21,"21-Aug-2026",32,"",""
"1783","LIQUIDSHRI","EQ",1118.45,1118.47,1118.45,1118.45,1118.45,1118.04,13816,154.53,"21-Aug-2026",21,"",""
"1784","LKPSEC","EQ",18.2,18.2,16,17,17,17.2,7214,1.23,"21-Aug-2026",77,"",""
"1785","LLOYDS","SM",63.15,64,63.15,64,64,63.15,2000,1.27,"21-Aug-2026",2,"",""
"1786","LLOYDSENGG","EQ",92.29,92.99,89.5,90.05,90.8,92.25,7387620,6719.69,"21-Aug-2026",27485,"",""
"1787","LLOYDSENT","EQ",78.5,79.44,77.17,77.59,77.61,78.55,2754112,2153.21,"21-Aug-2026",8065,"",""
"1788","LLOYDSME","EQ",1891.4,1899.9,1849.5,1865.9,1864.5,1891.4,345255,6462.71,"21-Aug-2026",18972,"",""
"1789","LMW","EQ",19571,20030,19500,19849,19900,19570,8115,1611.06,"21-Aug-2026",2487,"",""
"1790","LODHA","EQ",1254,1262,1232.2,1242,1242,1240,1491660,18556.07,"21-Aug-2026",32039,"",""
"1791","LOKESHMACH","BE",322.2,332.95,318.3,321.4,320.05,329.4,20696,67.36,"21-Aug-2026",213,"",""
"1792","LORDSCHLO","EQ",135.06,137.35,134.05,134.76,135.9,134.22,3584,4.84,"21-Aug-2026",247,"",""
"1793","LOTUSCHO","EQ",616,620,613,614.9,613.4,615,1484,9.13,"21-Aug-2026",78,"",""
"1794","LOTUSDEV","BE",166,168.98,164.25,164.81,164.51,166.16,282376,469.64,"21-Aug-2026",5109,"",""
"1795","LOTUSEYE","EQ",117.11,118.98,115.4,115.6,115.56,117.11,8556,9.94,"21-Aug-2026",154,"",""
"1796","LOVABLE","EQ",70.6,72.5,70.6,71.56,71.98,70.94,3202,2.3,"21-Aug-2026",79,"",""
"1797","LOWVOL","EQ",208.21,208.29,207.92,207.92,207.92,208.53,900,1.87,"21-Aug-2026",12,"",""
"1798","LOWVOL1","EQ",21.31,21.42,21.25,21.36,21.41,21.31,637818,136.12,"21-Aug-2026",144,"",""
"1799","LOWVOLIETF","EQ",22.37,22.5,22.23,22.3,22.26,22.36,626874,139.89,"21-Aug-2026",829,"",""
"1800","LOYALTEX","EQ",211.05,219.8,205,211.04,215,211.05,2173,4.53,"21-Aug-2026",27,"",""
"1801","LPDC","EQ",7.17,7.47,7.17,7.24,7.22,7.17,52756,3.85,"21-Aug-2026",218,"",""
"1802","LRRPL","SM",86,86,86,86,86,87.65,3000,2.58,"21-Aug-2026",2,"",""
"1803","LT","EQ",4081,4100,4061.4,4093,4093,4081,1258912,51391.85,"21-Aug-2026",79449,"",""
"1804","LTF","EQ",315,319.95,314.15,317.15,317.15,314.75,3402087,10823.69,"21-Aug-2026",37086,"",""
"1805","LTFOODS","EQ",433,436.35,426.15,427.6,426.6,431,455737,1962.65,"21-Aug-2026",14858,"",""
"1806","LTGILTBEES","EQ",29.98,30.05,29.92,29.98,29.99,29.98,1039938,311.8,"21-Aug-2026",634,"",""
"1807","LTGILTCASE","EQ",30.1,31.16,30.1,30.55,30.56,30.55,103612,31.64,"21-Aug-2026",177,"",""
"1808","LTM","EQ",4500,4500,4414.8,4487.8,4487.8,4553,620293,27690.5,"21-Aug-2026",43060,"",""
"1809","LTTS","EQ",3579.1,3629.7,3574.3,3604.6,3612,3579.1,54789,1970.44,"21-Aug-2026",12308,"",""
"1810","LUMAXIND","EQ",5800,5920,5732,5880,5900,5808,14543,850.26,"21-Aug-2026",2659,"",""
"1811","LUMAXTECH","EQ",2053.8,2065.6,1980.1,1988.8,1987,2043.7,110035,2204.62,"21-Aug-2026",13202,"",""
"1812","LUPIN","EQ",2203.3,2217,2187.7,2201.8,2201.8,2201.5,770287,16925.71,"21-Aug-2026",65815,"",""
"1813","LUXIND","EQ",1210,1210,1193.1,1203.4,1210,1201,11301,135.8,"21-Aug-2026",1548,"",""
"1814","LXCHEM","EQ",174.51,174.99,172.99,173.21,173,174.51,222367,386.41,"21-Aug-2026",3485,"",""
"1815","LYKALABS","BE",73.62,73.62,73.62,73.62,73.62,72.18,7624,5.61,"21-Aug-2026",47,"",""
"1816","M&M","EQ",3431.2,3453.9,3412.2,3412.2,3412.2,3424.8,1730623,59357.1,"21-Aug-2026",75845,"",""
"1817","M&MFIN","EQ",384.9,386.85,379.4,381.6,381,382.45,1314155,5023.65,"21-Aug-2026",26878,"",""
"1818","MAANALU","EQ",118.52,122.33,118.05,119.4,120.55,118.52,41608,49.87,"21-Aug-2026",805,"",""
"1819","MACOBSTECH","SM",206,206,206,206,206,200.8,1600,3.3,"21-Aug-2026",2,"",""
"1820","MACPOWER","EQ",1953.7,1955.6,1828.5,1874.8,1893,1945.9,61248,1149.21,"21-Aug-2026",6250,"",""
"1821","MADHAV","EQ",35.5,36.95,35.5,36.25,36.25,35.51,5947,2.12,"21-Aug-2026",19,"",""
"1822","MADHAVBAUG","ST",173.95,174.2,169.95,169.95,169.95,165.95,6800,11.78,"21-Aug-2026",16,"",""
"1823","MADHAVIPL","EQ",7.37,7.37,7.1,7.31,7.3,7.24,97706,7.08,"21-Aug-2026",346,"",""
"1824","MADHUCON","BE",5.4,5.4,5.11,5.23,5.16,5.26,4636,0.24,"21-Aug-2026",23,"",""
"1825","MADHUSUDAN","ST",221.2,224.05,216,217.35,216.5,223.25,35000,77.05,"21-Aug-2026",31,"",""
"1826","MADRASFERT","EQ",65.98,66.29,65.01,65.52,65.69,65.04,58913,38.6,"21-Aug-2026",751,"",""
"1827","MAFANG","EQ",206.78,206.78,206.78,206.78,206.78,205.4,71981,148.84,"21-Aug-2026",824,"",""
"1828","MAFATIND","EQ",124.2,124.39,121.1,121.81,123.3,124.61,20104,24.68,"21-Aug-2026",567,"",""
"1829","MAGADSUGAR","EQ",598,629,591.05,601.3,603.95,620.6,143279,871.66,"21-Aug-2026",8850,"",""
"1830","MAGNUM","EQ",19.5,19.5,19.25,19.25,19.25,19.25,9186,1.78,"21-Aug-2026",55,"",""
"1831","MAGSON","SM",194.6,213.9,183.2,183.2,183.2,194.7,14000,26.38,"21-Aug-2026",14,"",""
"1832","MAHABANK","EQ",80.36,81.37,79.85,80.26,80.42,80.28,7791777,6271.76,"21-Aug-2026",49517,"",""
"1833","MAHAPEXLTD","EQ",58.77,63.33,58.77,61.13,60.8,58.59,79336,48.91,"21-Aug-2026",689,"",""
"1834","MAHASTEEL","BE",1132.5,1157,1132.5,1154.3,1150.1,1144.8,33008,377.46,"21-Aug-2026",200,"",""
"1835","MAHEPC","EQ",108.86,108.86,106.13,107,107.5,107.75,24552,26.22,"21-Aug-2026",382,"",""
"1836","MAHESHWARI","BE",73,73.5,70.2,73.38,73.5,73.02,47447,34.44,"21-Aug-2026",70,"",""
"1837","MAHICKRA","SM",259,268,256,257.5,256,258.35,46500,119.84,"21-Aug-2026",12,"",""
"1838","MAHKTECH","EQ",23.1,23.1,23.1,23.1,23.1,23.22,206367,47.67,"21-Aug-2026",388,"",""
"1839","MAHLIFE","EQ",378.3,382.5,374.5,379.8,382.5,377.2,82150,311.16,"21-Aug-2026",3472,"",""
"1840","MAHLOG","EQ",405.5,407.55,399.7,401.15,401.45,406.65,107296,431.45,"21-Aug-2026",4320,"",""
"1841","MAHSCOOTER","EQ",13138,13258,13102,13131,13162,13138,1996,262.42,"21-Aug-2026",799,"",""
"1842","MAHSEAMLES","EQ",613,658.9,612.95,634.15,634.65,610.6,1005145,6451.55,"21-Aug-2026",48601,"",""
"1843","MAITHANALL","EQ",982,984.45,972.1,977.1,982,978,21354,208.81,"21-Aug-2026",1073,"",""
"1844","MAJESAUT","BE",361.35,367.55,360,363.85,361.05,361.35,2292,8.35,"21-Aug-2026",145,"",""
"1845","MAKEINDIA","EQ",168.24,168.4,167.33,167.76,167.5,167.92,69445,116.52,"21-Aug-2026",469,"",""
"1846","MAKERSL","EQ",179,190,175,186.88,186,173.78,18782,34.17,"21-Aug-2026",275,"",""
"1847","MAKS","SM",14.05,14.05,14.05,14.05,14.05,14.75,4500,0.63,"21-Aug-2026",3,"",""
"1848","MALLCOM","EQ",975.25,981.7,968.05,974.5,969,975.25,1288,12.54,"21-Aug-2026",173,"",""
"1849","MALUPAPER","EQ",31.49,32.19,31.11,31.24,31.68,31.11,8826,2.79,"21-Aug-2026",77,"",""
"1850","MAMATA","EQ",406,422.95,406,420.35,421,405.5,100146,417.69,"21-Aug-2026",3321,"",""
"1851","MANAKALUCO","EQ",37.25,38,37.25,37.87,37.76,37.19,22309,8.4,"21-Aug-2026",688,"",""
"1852","MANAKCOAT","EQ",127.95,129.48,124,125.37,124.9,126.91,964127,1229.48,"21-Aug-2026",7177,"",""
"1853","MANAKSIA","EQ",58.7,59.25,58.32,58.87,59,58.7,12772,7.5,"21-Aug-2026",96,"",""
"1854","MANAKSTEEL","EQ",85.16,86.58,85,85.46,85,85.16,21236,18.21,"21-Aug-2026",309,"",""
"1855","MANALIPETC","EQ",78.5,78.5,73.57,74.02,74.14,77.73,1449598,1094.45,"21-Aug-2026",9365,"",""
"1856","MANAPPURAM","EQ",354.5,358.5,351.35,357.5,357.5,349.25,9887894,35218.54,"21-Aug-2026",65349,"",""
"1857","MANAV","SM",29.8,29.8,29.8,29.8,29.8,28.4,4000,1.19,"21-Aug-2026",1,"",""
"1858","MANBA","EQ",131.82,133.52,129,130.9,129.35,130.52,143450,188.37,"21-Aug-2026",940,"",""
"1859","MANBRO","EQ",60,60.76,59.5,60.1,59.96,59.37,653817,392.17,"21-Aug-2026",1757,"",""
"1860","MANCREDIT","EQ",225,229.69,214.93,218.06,220.5,224.55,325055,722.04,"21-Aug-2026",3190,"",""
"1861","MANDEEP","SM",17,17.7,17,17.5,17.5,17.85,34000,5.88,"21-Aug-2026",14,"",""
"1862","MANGALAM","EQ",26.95,28,26.34,27.68,27.7,26.95,23619,6.51,"21-Aug-2026",177,"",""
"1863","MANGLMCEM","EQ",1004.95,1036.65,980.05,1027.95,1036.65,981.85,623972,6289.21,"21-Aug-2026",24480,"",""
"1864","MANINDS","EQ",684,735,681.3,715.4,717.9,676.9,2782001,20010.42,"21-Aug-2026",76507,"",""
"1865","MANINFRA","EQ",110.92,111,107.65,108.67,108.5,110.29,572245,624.03,"21-Aug-2026",4270,"",""
"1866","MANIPALHOS","EQ",708.05,728,699,715.3,718,724.35,1779084,12728.99,"21-Aug-2026",42181,"",""
"1867","MANKIND","EQ",2385,2407.2,2365.6,2384,2384,2385,343261,8174.57,"21-Aug-2026",14746,"",""
"1868","MANOMAY","EQ",213.01,218.02,213.01,217.19,217.15,211.44,109787,237.87,"21-Aug-2026",1362,"",""
"1869","MANORAMA","EQ",1968.2,1988.7,1920.2,1927.3,1923.9,1958.7,210966,4098.41,"21-Aug-2026",15169,"",""
"1870","MANORG","EQ",460.35,479,453.05,470.75,473.45,460.35,13240,62.29,"21-Aug-2026",891,"",""
"1871","MANUFGBEES","EQ",166.62,166.7,165.07,165.93,166.04,166.58,4598,7.62,"21-Aug-2026",114,"",""
"1872","MANUGRAPH","BE",16.48,16.48,15.31,16.02,16.47,15.7,16789,2.74,"21-Aug-2026",40,"",""
"1873","MANYAVAR","EQ",547,554,537.1,544.15,542,547.35,403295,2200.11,"21-Aug-2026",24662,"",""
"1874","MAPMYINDIA","EQ",1004.1,1009.8,978.7,983.9,990,1007.2,112195,1113.06,"21-Aug-2026",11082,"",""
"1875","MARALOVER","EQ",54.35,56.89,54.35,56.34,56,55.37,73633,41.16,"21-Aug-2026",485,"",""
"1876","MARATHON","EQ",356,363.85,350.2,352.35,351.95,354.6,115562,411.87,"21-Aug-2026",5118,"",""
"1877","MARC","SM",136,143.5,135.5,140.2,141,136.45,9600,13.35,"21-Aug-2026",8,"",""
"1878","MARCO","SM",31.5,32.5,31,32.5,32.5,31.5,19500,6.18,"21-Aug-2026",12,"",""
"1879","MARICO","EQ",862.15,862.15,844.15,849.25,849.25,858.35,815655,6914.37,"21-Aug-2026",30593,"",""
"1880","MARINE","EQ",373.25,377.4,369.05,375.65,376.3,373.25,387872,1450.68,"21-Aug-2026",11282,"",""
"1881","MARKOLINES","EQ",172,175.25,170.55,171.56,171.26,171.93,212238,367.3,"21-Aug-2026",1991,"",""
"1882","MARKSANS","EQ",320.85,327,313.85,321.3,321.5,320.85,2597073,8278.5,"21-Aug-2026",42127,"",""
"1883","MARSONS","EQ",112.47,120.33,111.6,119.56,120.1,112.15,4022032,4700.27,"21-Aug-2026",24794,"",""
"1884","MARUTI","EQ",13809,13809,13565,13565,13565,13809,224951,30712.7,"21-Aug-2026",37840,"",""
"1885","MASFIN","EQ",301,304.8,300,302.5,301.3,300.25,104118,314.87,"21-Aug-2026",7368,"",""
"1886","MASKINVEST","EQ",146.66,146.66,146.66,146.66,146.66,146.66,100,0.15,"21-Aug-2026",2,"",""
"1887","MASON","SM",119.2,126,115.95,119.95,119.95,117.65,20000,24.1,"21-Aug-2026",33,"",""
"1888","MASPTOP50","EQ",80.43,80.43,80.28,80.43,80.43,80.28,100808,81.07,"21-Aug-2026",1876,"",""
"1889","MASTEK","EQ",1710.4,1722.9,1670,1705.2,1702.1,1693.5,95879,1619.79,"21-Aug-2026",12289,"",""
"1890","MASTERTR","EQ",78.64,88.51,78.64,84.99,85.11,78,3531062,3031.32,"21-Aug-2026",25141,"",""
"1891","MATRIMONY","EQ",551.8,560.85,532,537.05,539.45,558.2,27074,146.46,"21-Aug-2026",1432,"",""
"1892","MAWANASUG","EQ",139.9,158.9,135.25,152.54,154,140.1,1991817,2898.23,"21-Aug-2026",27842,"",""
"1893","MAXESTATES","EQ",498.1,502.9,490.55,494.85,491,499.85,92566,460.7,"21-Aug-2026",5041,"",""
"1894","MAXHEALTH","EQ",1000,1003.6,986.5,1000,1000,997.9,1237284,12308.71,"21-Aug-2026",35795,"",""
"1895","MAXIND","EQ",152.87,152.87,149.1,150.1,150.17,152.11,73087,109.99,"21-Aug-2026",1493,"",""
"1896","MAXPOSURE","SM",30.4,31.1,30,30.15,30.25,31.1,16000,4.83,"21-Aug-2026",10,"",""
"1897","MAXVOLT","SM",335,336,323,325.5,326,336.45,44800,146.76,"21-Aug-2026",92,"",""
"1898","MAYURUNIQ","EQ",768.9,768.9,752.95,757.1,756.95,776.05,58580,445.21,"21-Aug-2026",3417,"",""
"1899","MAZDA","BE",239.6,239.6,233,234.41,233.58,235.09,5390,12.64,"21-Aug-2026",142,"",""
"1900","MAZDOCK","EQ",2570,2596,2542,2552,2552,2570,486643,12484.5,"21-Aug-2026",25585,"",""
"1901","MBAPL","EQ",164.95,172,162.93,169.52,169,163.41,1090120,1837.76,"21-Aug-2026",11515,"",""
"1902","MBEL","EQ",278.1,284.95,271.3,273.75,273.25,278.1,98847,272.96,"21-Aug-2026",3873,"",""
"1903","MBLINFRA","EQ",24,24.6,23.15,23.6,24,24.01,12411,2.98,"21-Aug-2026",118,"",""
"1904","MCCHRLS-B","EQ",699.95,700,660,694.95,694.95,675,167,1.12,"21-Aug-2026",16,"",""
"1905","MCL","EQ",59.2,59.2,57.81,58.23,58.05,58.46,35257,20.62,"21-Aug-2026",1242,"",""
"1906","MCLEODRUSS","EQ",51.7,51.7,48.55,49.31,50,49.95,447824,225.94,"21-Aug-2026",2437,"",""
"1907","MCLOUD","EQ",29.57,30.9,27.6,30.27,30.34,29.57,9476159,2825.85,"21-Aug-2026",28657,"",""
"1908","MCX","EQ",3145.1,3211.4,3132,3185,3185,3126,3473999,110432.22,"21-Aug-2026",148498,"",""
"1909","MDL","ST",51.2,52,51.15,52,52,53.7,5000,2.58,"21-Aug-2026",5,"",""
"1910","MEDANTA","EQ",1408.2,1414.7,1401,1409.7,1413.9,1408.2,117802,1659.73,"21-Aug-2026",10754,"",""
"1911","MEDIASSIST","EQ",358,369.8,357.85,360.75,363,355.9,223416,811.19,"21-Aug-2026",8472,"",""
"1912","MEDICAMEQ","EQ",244,249,238.81,244.55,241.31,243.75,32783,80.69,"21-Aug-2026",1372,"",""
"1913","MEDICAPQ","EQ",25.28,25.28,24.15,25.2,25.2,25.28,1682,0.42,"21-Aug-2026",27,"",""
"1914","MEDICO","EQ",42.07,43.64,41.45,42.65,42.25,42.07,209776,89.16,"21-Aug-2026",1883,"",""
"1915","MEDISTEP","SM",18.5,18.95,16.85,18.95,18.95,18.55,18000,3.26,"21-Aug-2026",6,"",""
"1916","MEDPLUS","EQ",663.1,693.1,654.9,689.55,691.9,656.3,287408,1959.2,"21-Aug-2026",16927,"",""
"1917","MEESHO","EQ",210.99,210.99,204.33,205.69,206,209.51,14167389,29326.88,"21-Aug-2026",89767,"",""
"1918","MEGAFLEX","SM",95,95,95,95,95,95,1000,0.95,"21-Aug-2026",1,"",""
"1919","MEGASTAR","EQ",310.4,310.5,304.05,305.7,305.25,312.4,1405,4.31,"21-Aug-2026",70,"",""
"1920","MEGATHERM","SM",202.2,222,202.2,218.05,215.7,202.15,36400,78.41,"21-Aug-2026",78,"",""
"1921","MEIL","EQ",265,265,258,259.55,258.8,263.1,39827,103.66,"21-Aug-2026",1898,"",""
"1922","MENNPIS","EQ",71.55,72.29,70.25,70.6,70.99,71.73,49867,35.51,"21-Aug-2026",962,"",""
"1923","MENONBE","BE",291,291.9,267.5,274.64,276.5,279.15,111046,308.86,"21-Aug-2026",1386,"",""
"1924","MEP","BZ",0.67,0.67,0.67,0.67,0.67,0.66,8023,0.05,"21-Aug-2026",5,"",""
"1925","MERCANTILE","EQ",23.6,25.97,23.6,24.05,24.05,24.49,1661,0.4,"21-Aug-2026",39,"",""
"1926","MERCURYEV","EQ",41.5,41.5,39.05,39.71,39.69,39.47,281793,114.51,"21-Aug-2026",2271,"",""
"1927","METAL","EQ",13.47,13.47,13.01,13.29,13.3,13.15,2406468,319.66,"21-Aug-2026",4059,"",""
"1928","METALIC","SM",151.7,161.95,145.1,147.2,148.95,151.5,310400,472.85,"21-Aug-2026",182,"",""
"1929","METALIETF","EQ",13.35,13.35,13.14,13.23,13.23,13.11,6530112,864.34,"21-Aug-2026",7914,"",""
"1930","METROBRAND","EQ",914.3,922.3,903.6,912.5,912.1,914.3,55473,505,"21-Aug-2026",5371,"",""
"1931","METROGLOBL","EQ",143.96,146.7,137.26,140.98,145,145.41,2589,3.67,"21-Aug-2026",55,"",""
"1932","METROPOLIS","EQ",544.85,560.95,539.05,556.95,556.9,540.8,474638,2605.34,"21-Aug-2026",12910,"",""
"1933","MFML","EQ",19.87,19.9,18.72,19.22,19.59,19.66,3421,0.66,"21-Aug-2026",121,"",""
"1934","MFSL","EQ",1572.5,1590,1561.3,1585,1585,1575,458883,7250.8,"21-Aug-2026",21357,"",""
"1935","MGEL","BE",14.9,15.13,14.53,14.73,14.89,14.97,148621,22.26,"21-Aug-2026",181,"",""
"1936","MGL","EQ",1137.8,1145.4,1110.6,1114.2,1116,1137.8,153293,1718.5,"21-Aug-2026",12033,"",""
"1937","MGSL","SM",99,99,89,91,91,92,18000,16.97,"21-Aug-2026",14,"",""
"1938","MHHL","SM",35.5,36.6,34.8,34.8,34.8,36.6,7500,2.66,"21-Aug-2026",5,"",""
"1939","MHLXMIRU","BE",182.8,189,182.8,188.99,189,187.5,7741,14.48,"21-Aug-2026",42,"",""
"1940","MHRIL","EQ",221.05,224.36,220,221.79,222,221.05,59667,132.68,"21-Aug-2026",1789,"",""
"1941","MICEL","BE",35.98,36.5,35.56,36.24,36.35,35.65,176464,63.88,"21-Aug-2026",885,"",""
"1942","MID150","EQ",24.2,24.2,23.7,23.77,23.89,23.73,19709,4.68,"21-Aug-2026",148,"",""
"1943","MID150BEES","EQ",242.8,246.05,241.34,242.3,242.49,242.3,441625,1069.97,"21-Aug-2026",4819,"",""
"1944","MID150CASE","EQ",11.77,12.06,11.71,11.77,11.75,11.77,1021887,120.34,"21-Aug-2026",3148,"",""
"1945","MIDBANKADD","EQ",17.5,17.65,17.49,17.65,17.65,17.51,4278,0.75,"21-Aug-2026",22,"",""
"1946","MIDCAP","EQ",18.85,18.85,18.61,18.71,18.75,18.76,288514,53.97,"21-Aug-2026",763,"",""
"1947","MIDCAPADD","EQ",23.43,23.48,23.41,23.42,23.42,23.39,1258,0.29,"21-Aug-2026",28,"",""
"1948","MIDCAPBETA","EQ",237.07,237.07,235.87,235.99,235.99,236.37,662,1.57,"21-Aug-2026",27,"",""
"1949","MIDCAPETF","EQ",23.74,24.2,23.74,23.94,23.95,23.95,2636491,631.38,"21-Aug-2026",4734,"",""
"1950","MIDCAPIETF","EQ",24.87,24.87,24.17,24.26,24.23,24.27,778501,188.82,"21-Aug-2026",2185,"",""
"1951","MIDHANI","EQ",421.1,431.45,419.55,423.95,423.55,420.5,697802,2972.41,"21-Aug-2026",15071,"",""
"1952","MIDQ50ADD","EQ",25.7,25.7,25.41,25.52,25.58,25.58,48342,12.33,"21-Aug-2026",105,"",""
"1953","MIDSELIETF","EQ",20,20.08,19.87,20.03,20.08,19.96,278610,55.68,"21-Aug-2026",544,"",""
"1954","MIDSMALL","EQ",52.25,52.43,52.04,52.29,52.2,52.18,175690,91.82,"21-Aug-2026",608,"",""
"1955","MIDWESTLTD","EQ",1147.9,1158.7,1130.1,1141,1137,1154,17201,196.54,"21-Aug-2026",1313,"",""
"1956","MIEL","SM",13.3,13.3,12.1,12.1,12.1,12.7,28000,3.43,"21-Aug-2026",14,"",""
"1957","MIIL","EQ",716.95,719.25,698.6,704.6,707.9,704.95,162764,1152.25,"21-Aug-2026",1589,"",""
"1958","MILKYMIST","EQ",190,194.7,183.51,189.22,190.25,184.89,32756478,62145.19,"21-Aug-2026",221198,"",""
"1959","MILTON","SM",40.5,40.5,40.5,40.5,40.5,40.5,2200,0.89,"21-Aug-2026",1,"",""
"1960","MINALIND","EQ",3.09,3.18,3.09,3.18,3.18,2.65,148926,4.71,"21-Aug-2026",140,"",""
"1961","MINDACORP","EQ",740.95,747.95,725.35,727.85,727.8,743.3,212747,1558.51,"21-Aug-2026",12281,"",""
"1962","MINDSPACE","RR",498.84,498.84,492.2,494.98,495,497.96,183751,909.57,"21-Aug-2026",4775,"",""
"1963","MINDTECK","EQ",172.95,175.1,170.49,171.27,170.55,174.14,26266,45.19,"21-Aug-2026",824,"",""
"1964","MIRZAINT","EQ",31.07,31.6,31.06,31.3,31.17,31.07,112020,35.11,"21-Aug-2026",1493,"",""
"1965","MITCON","BE",77.4,79.5,75.76,79.49,79.5,79.7,1895,1.47,"21-Aug-2026",46,"",""
"1966","MITTAL","EQ",0.9,0.92,0.88,0.88,0.89,0.9,721273,6.46,"21-Aug-2026",414,"",""
"1967","MKEXIM","EQ",56.69,58.52,56.69,57.24,57,56.69,3750,2.14,"21-Aug-2026",80,"",""
"1968","MKPL","EQ",4.13,4.19,4.11,4.13,4.12,4.14,61424,2.54,"21-Aug-2026",270,"",""
"1969","MLKFOOD","EQ",84.01,92,84,90.2,87.9,87.01,27578,24.39,"21-Aug-2026",330,"",""
"1970","MMEL","SM",24.8,25.4,24.8,25.4,25.4,24.8,6000,1.5,"21-Aug-2026",3,"",""
"1971","MMFL","EQ",638,664,633.2,652.6,651,638.95,164537,1075.61,"21-Aug-2026",11059,"",""
"1972","MMP","EQ",407,429.95,400,401.9,401.9,406.35,198333,824.11,"21-Aug-2026",8554,"",""
"1973","MMTC","EQ",66.6,67.49,64.61,65.38,65.2,66.27,4097244,2711.74,"21-Aug-2026",20113,"",""
"1974","MMWL","EQ",14.4,14.75,13.51,14.75,14.75,14.05,52393,7.48,"21-Aug-2026",87,"",""
"1975","MNC","EQ",34.4,34.4,34,34.09,34.2,34.37,75738,25.84,"21-Aug-2026",435,"",""
"1976","MOALPHA50","EQ",55.9,56.27,55.84,56.23,55.9,55.3,18528,10.37,"21-Aug-2026",60,"",""
"1977","MOBANK10","EQ",17,17.05,16.93,16.99,16.97,16.95,1950,0.33,"21-Aug-2026",54,"",""
"1978","MOBIKWIK","EQ",196.5,198.9,195.8,196.81,196.5,195.66,511657,1010.38,"21-Aug-2026",7153,"",""
"1979","MOCAPITAL","EQ",54.97,54.97,54.08,54.44,54.46,54.14,891240,485.17,"21-Aug-2026",2438,"",""
"1980","MODEFENCE","EQ",109.9,109.9,106.33,108.1,108.21,107.43,1083824,1173.91,"21-Aug-2026",6626,"",""
"1981","MODINATUR","BE",343.5,343.85,332.1,336.95,337.7,342.5,9037,30.34,"21-Aug-2026",147,"",""
"1982","MODIRUBBER","EQ",119,144,117.8,134.24,135.6,120.07,40792,55.22,"21-Aug-2026",967,"",""
"1983","MODIS","EQ",400,404.45,377.5,383.15,382,402.7,142116,554.3,"21-Aug-2026",4226,"",""
"1984","MODISONLTD","BE",396.8,401.8,385.7,387.15,390.85,405.95,170349,663.98,"21-Aug-2026",2612,"",""
"1985","MODTHREAD","EQ",53,59.54,53,58.31,58.95,53.9,40834,23.3,"21-Aug-2026",558,"",""
"1986","MOENERGY","EQ",38.35,38.73,38,38.36,38.42,38.33,307212,117.88,"21-Aug-2026",1378,"",""
"1987","MOGOLD","EQ",156.85,157.5,155,157.05,157.2,153.85,39306,61.46,"21-Aug-2026",854,"",""
"1988","MOGSEC","EQ",65.21,65.69,65.04,65.34,65.48,65.2,57213,37.35,"21-Aug-2026",203,"",""
"1989","MOHEALTH","EQ",50.53,52.08,50.53,51.4,51.52,51.56,39161,20.1,"21-Aug-2026",592,"",""
"1990","MOHITE","EQ",2.35,2.65,2.35,2.52,2.61,2.52,17119,0.44,"21-Aug-2026",63,"",""
"1991","MOHITIND","EQ",24.9,24.94,23.61,24.04,24.19,24.5,29183,6.98,"21-Aug-2026",201,"",""
"1992","MOIL","EQ",252.5,258.7,251.45,252.85,252.85,252.75,1065551,2717.96,"21-Aug-2026",26638,"",""
"1993","MOINFRA","EQ",59.42,59.67,59.32,59.6,59.65,59.25,4897,2.91,"21-Aug-2026",43,"",""
"1994","MOIPO","EQ",48.99,49.13,48.73,49.08,49.13,48.97,2367,1.16,"21-Aug-2026",36,"",""
"1995","MOKSH","EQ",10.55,10.69,10.35,10.58,10.55,10.3,33425,3.5,"21-Aug-2026",133,"",""
"1996","MOL","EQ",61.75,61.75,59.67,60.26,60.82,61.43,1030822,623.54,"21-Aug-2026",5607,"",""
"1997","MOLBIO","EQ",1047.05,1118.4,1041.2,1098.45,1094,1036.65,3642177,39711.1,"21-Aug-2026",139179,"",""
"1998","MOLDTECH","BE",189.99,193.8,180.25,190,191.35,189.07,70169,132.51,"21-Aug-2026",917,"",""
"1999","MOLDTKPAC","EQ",689,720,676,708.95,707,682.4,343104,2409.96,"21-Aug-2026",13061,"",""
"2000","MOLOWVOL","EQ",36.83,36.94,36.62,36.81,36.94,36.87,5576,2.05,"21-Aug-2026",60,"",""
"2001","MOM100","EQ",70.2,70.2,68.15,68.81,68.87,68.8,196325,135.04,"21-Aug-2026",2105,"",""
"2002","MOM30IETF","EQ",31.46,31.58,31.4,31.44,31.46,31.43,596523,187.76,"21-Aug-2026",2508,"",""
"2003","MOM50","EQ",257,257,252.69,253.33,255,254.62,5299,13.46,"21-Aug-2026",131,"",""
"2004","MOMENTUM","EQ",31,31.44,31,31.21,31.02,31.29,61979,19.45,"21-Aug-2026",181,"",""
"2005","MOMENTUM30","EQ",30.96,31.07,30.92,30.96,31.07,30.88,143482,44.5,"21-Aug-2026",197,"",""
"2006","MOMENTUM50","EQ",54.23,54.38,54.07,54.21,54.38,54.07,257420,139.57,"21-Aug-2026",1179,"",""
"2007","MOMETAL","EQ",13.21,13.22,13.16,13.19,13.19,13.08,5069,0.67,"21-Aug-2026",18,"",""
"2008","MOMGF","EQ",165.25,167,164,165.19,164,165.18,879,1.45,"21-Aug-2026",28,"",""
"2009","MOMIDMTM","EQ",65.14,65.14,64.52,64.74,64.66,64.48,47272,30.62,"21-Aug-2026",186,"",""
"2010","MOMMIDCAP","EQ",13.29,13.29,13,13.08,13.05,13.03,1136838,148.76,"21-Aug-2026",345,"",""
"2011","MOMNC","EQ",33.2,33.36,33,33.26,33.29,33.26,1583,0.52,"21-Aug-2026",21,"",""
"2012","MOMOMENTUM","EQ",62.48,62.79,62.26,62.4,62.26,62.27,41732,26.1,"21-Aug-2026",282,"",""
"2013","MON100","EQ",330.51,330.51,330,330.51,330.51,330.99,346898,1146.51,"21-Aug-2026",11718,"",""
"2014","MON50EQUAL","EQ",33.64,36,33.6,33.64,33.72,33.64,6733,2.26,"21-Aug-2026",42,"",""
"2015","MONARCH","EQ",394,396.85,341.85,385.45,384.5,391.85,104366,402.83,"21-Aug-2026",1917,"",""
"2016","MONEXT50","EQ",74.13,74.22,73.84,73.98,74.08,74.34,2448,1.81,"21-Aug-2026",67,"",""
"2017","MONEYBOXX","EQ",56.3,56.3,54.3,55.15,55.1,55,3180,1.76,"21-Aug-2026",104,"",""
"2018","MONIFTY100","EQ",25.61,25.64,25.42,25.51,25.42,25.61,31915,8.18,"21-Aug-2026",69,"",""
"2019","MONIFTY500","EQ",24.67,24.67,23.88,23.93,23.98,24.07,1129670,271,"21-Aug-2026",1549,"",""
"2020","MONOLITH","SM",1001.3,1005,980.05,999.4,1002.95,1007.6,51500,513.34,"21-Aug-2026",169,"",""
"2021","MONOPHARMA","SM",8.45,8.45,8.4,8.45,8.45,8.4,12000,1.01,"21-Aug-2026",6,"",""
"2022","MONQ50","EQ",148.77,148.77,148.77,148.77,148.77,148.77,31510,46.88,"21-Aug-2026",794,"",""
"2023","MONTECARLO","EQ",542.1,550,538.6,547.85,548,541.5,34426,187.85,"21-Aug-2026",1461,"",""
"2024","MOOILGAS","EQ",11.48,11.48,11.12,11.12,11.21,11.21,7663,0.86,"21-Aug-2026",37,"",""
"2025","MOPSE","EQ",99.46,100.36,99.28,99.34,99.28,99.51,1472,1.47,"21-Aug-2026",23,"",""
"2026","MOQUALITY","EQ",202.88,203.67,202.88,203.56,203.6,203.71,886,1.8,"21-Aug-2026",26,"",""
"2027","MOREALTY","EQ",91.19,92.15,90.89,91.21,91.3,91.19,457051,417.46,"21-Aug-2026",1681,"",""
"2028","MOREPENLAB","EQ",95.3,97.48,92.18,96.01,95.7,96.47,25573014,24276.75,"21-Aug-2026",73793,"",""
"2029","MOS","ST",12.25,12.5,11.8,11.85,11.8,12.25,428000,51.74,"21-Aug-2026",48,"",""
"2030","MOSCHIP","EQ",207.75,207.9,204.5,204.89,205.5,206.31,737759,1519.84,"21-Aug-2026",8945,"",""
"2031","MOSERVICE","EQ",31.07,31.24,31.05,31.18,31.18,31.07,4816,1.5,"21-Aug-2026",20,"",""
"2032","MOSILVER","EQ",235,241.84,235,240.01,239.9,232.43,78649,188.38,"21-Aug-2026",1587,"",""
"2033","MOSMALL250","EQ",18.94,18.94,18.46,18.49,18.5,18.48,814995,150.94,"21-Aug-2026",1835,"",""
"2034","MOTHERSON","EQ",170.41,170.41,167.66,169.38,169.38,169.58,7600823,12854.11,"21-Aug-2026",56581,"",""
"2035","MOTILALOFS","EQ",974,1004,968.55,990,990,973.4,1852541,18427.07,"21-Aug-2026",45794,"",""
"2036","MOTISONS","EQ",16.74,17.25,16.6,17,17.02,16.59,84484477,14335.6,"21-Aug-2026",68036,"",""
"2037","MOTOGENFIN","BE",26.01,26.6,25.55,25.77,25.55,26.01,2869,0.75,"21-Aug-2026",18,"",""
"2038","MOTOUR","EQ",79.93,80.28,79.05,79.3,79.65,79.59,64173,50.98,"21-Aug-2026",172,"",""
"2039","MOVALUE","EQ",113.45,113.65,112.7,112.88,113.38,112.93,47643,53.88,"21-Aug-2026",610,"",""
"2040","MPDL","EQ",39.99,41.18,39.2,41.18,41.18,34.32,14902,6.1,"21-Aug-2026",114,"",""
"2041","MPEL","ST",34,34,33.1,34,34,34,6400,2.15,"21-Aug-2026",3,"",""
"2042","MPHASIS","EQ",2432,2436.7,2386.4,2430,2430,2430,241512,5838.22,"21-Aug-2026",18972,"",""
"2043","MPSLTD","EQ",2929,2939,2873.4,2897.9,2900,2917.4,15859,460.26,"21-Aug-2026",2307,"",""
"2044","MRF","EQ",134100,134195,132420,132665,132915,134000,2811,3736.38,"21-Aug-2026",1963,"",""
"2045","MRIL","ST",66.4,66.4,65.05,65.8,66.4,63.25,11200,7.37,"21-Aug-2026",7,"",""
"2046","MRPL","EQ",174.5,177.18,173.75,176.81,176.5,173.98,6539923,11520.68,"21-Aug-2026",35296,"",""
"2047","MSCI360","EQ",10.24,10.39,10.15,10.39,10.39,10.24,605,0.06,"21-Aug-2026",16,"",""
"2048","MSCIADD","EQ",29.8,29.89,29.74,29.89,29.89,29.9,788,0.23,"21-Aug-2026",10,"",""
"2049","MSCIINDIA","EQ",30.17,30.21,30.1,30.16,30.21,30.13,12966,3.91,"21-Aug-2026",61,"",""
"2050","MSL","EQ",144,144,141,141,141,144,51,0.07,"21-Aug-2026",3,"",""
"2051","MSPL","EQ",33.51,34.64,33.51,34.3,34.2,33.96,459346,157.49,"21-Aug-2026",2303,"",""
"2052","MSTCLTD","EQ",694,708.2,689.25,701.45,702,692.35,224626,1572.06,"21-Aug-2026",8899,"",""
"2053","MSUMI","EQ",39.18,39.27,38.15,38.36,38.38,39.18,16060751,6181.82,"21-Aug-2026",59282,"",""
"2054","MTARTECH","BE",7036.5,7123,7003,7029.5,7044,7113.5,50693,3573.16,"21-Aug-2026",10392,"",""
"2055","MTEDUCARE","BE",1.8,1.85,1.71,1.82,1.84,1.8,29915,0.52,"21-Aug-2026",64,"",""
"2056","MTNL","EQ",26.82,27.04,26.7,26.82,26.9,26.79,316331,84.9,"21-Aug-2026",1907,"",""
"2057","MUFIN","EQ",139.98,141.5,138.41,139.49,139,139.51,1587644,2215.45,"21-Aug-2026",7457,"",""
"2058","MUFTI","EQ",78.22,78.23,76.5,76.85,77,77.19,92967,71.71,"21-Aug-2026",893,"",""
"2059","MUKANDLTD","EQ",137.6,139.67,135.61,137.21,136.85,136.96,104356,143.36,"21-Aug-2026",2265,"",""
"2060","MUKESHB","EQ",144,145,144,144.5,145,144.14,19,0.03,"21-Aug-2026",4,"",""
"2061","MUKKA","EQ",26.48,27.09,26.14,26.59,26.67,26.29,446467,119.04,"21-Aug-2026",2085,"",""
"2062","MUKTAARTS","BE",55.79,57.77,55.79,56.08,57.45,58.07,5224,2.95,"21-Aug-2026",19,"",""
"2063","MULTICAP","EQ",17.23,17.23,16.85,16.9,16.91,16.89,586212,99.17,"21-Aug-2026",419,"",""
"2064","MUNISH","SM",75,75,73.1,74.05,74.05,75,8400,6.18,"21-Aug-2026",4,"",""
"2065","MUNJALAU","EQ",115.71,118.67,114.09,115.35,115.21,115.13,836305,973.57,"21-Aug-2026",7873,"",""
"2066","MUNJALSHOW","EQ",133.01,133.5,130.5,131.02,131.12,132.67,27721,36.59,"21-Aug-2026",572,"",""
"2067","MURUDCERA","EQ",30.37,31.14,30.25,30.47,30.5,30.37,16473,5.04,"21-Aug-2026",197,"",""
"2068","MUTHOOTCAP","EQ",257.3,257.3,250,251.94,253,252.76,6059,15.33,"21-Aug-2026",256,"",""
"2069","MUTHOOTFIN","EQ",3009.6,3055.1,2995,3022,3022,2970,1362004,41364.6,"21-Aug-2026",66877,"",""
"2070","MUTHOOTMF","EQ",214,216.69,210,210.87,210.28,213.21,261749,557.46,"21-Aug-2026",4770,"",""
"2071","MVELECTRO","EQ",569.9,594.1,567.5,591.15,592,568.3,903580,5287.77,"21-Aug-2026",23487,"",""
"2072","MVGJL","EQ",147.8,152.65,146.84,149.6,149.15,146.84,93929,139.76,"21-Aug-2026",1998,"",""
"2073","MVKAGRO","SM",182,184.7,177.3,177.3,177.3,186.6,484200,866.02,"21-Aug-2026",476,"",""
"2074","MWL","EQ",41.48,41.74,41,41.44,41.02,41.17,152379,62.96,"21-Aug-2026",679,"",""
"2075","MYMUDRA","SM",75.05,77.5,75.05,76.65,77.5,74.5,4800,3.66,"21-Aug-2026",4,"",""
"2076","MYSORPETRO","EQ",174,182.03,161.21,166.11,161.21,165.49,358902,623.75,"21-Aug-2026",9250,"",""
"2077","NACLIND","EQ",171.25,173,168.1,169.97,170.1,170.1,357595,608.61,"21-Aug-2026",6229,"",""
"2078","NAGREEKCAP","EQ",22.38,24,22.38,22.7,23.3,22.99,4852,1.12,"21-Aug-2026",63,"",""
"2079","NAGREEKEXP","EQ",22.66,23.33,22.25,22.41,22.25,22.81,151952,34.51,"21-Aug-2026",402,"",""
"2080","NAHARCAP","EQ",256,261.79,252.3,255.09,258.5,255.09,4151,10.64,"21-Aug-2026",76,"",""
"2081","NAHARINDUS","EQ",117.94,129,117.94,125.61,125.3,117.95,160812,201.02,"21-Aug-2026",3380,"",""
"2082","NAHARPOLY","EQ",238.5,240,234.7,238.75,240,233.85,5364,12.78,"21-Aug-2026",186,"",""
"2083","NAHARSPING","EQ",293,301.35,293,299.8,300.8,292.15,27203,80.98,"21-Aug-2026",1068,"",""
"2084","NAM-INDIA","EQ",1233,1262.3,1226.1,1251,1251,1232.5,1545229,19310.86,"21-Aug-2026",51247,"",""
"2085","NAMAN","SM",43.1,44,43.1,44,44,43.1,8800,3.8,"21-Aug-2026",6,"",""
"2086","NAMOEWASTE","ST",279.45,284,274.05,280.25,279,279.45,41600,116.38,"21-Aug-2026",51,"",""
"2087","NARMADA","EQ",14.5,14.7,13.25,13.91,13.49,14.42,1294820,182.18,"21-Aug-2026",3063,"",""
"2088","NATCAPSUQ","EQ",151.55,159.28,150.5,151.88,151.25,151.4,23557,36.3,"21-Aug-2026",1345,"",""
"2089","NATCOPHARM","EQ",879.3,900,879,882.4,882.6,877.5,363713,3229.22,"21-Aug-2026",24210,"",""
"2090","NATHBIOGEN","EQ",155,155.77,151.15,153.09,153.03,153.93,5435,8.36,"21-Aug-2026",229,"",""
"2091","NATIONALUM","EQ",388,397.5,384.6,394.45,394.45,385.6,6393431,25190.93,"21-Aug-2026",77517,"",""
"2092","NATIONSTD","EQ",128,140.34,126.98,126.98,126.98,133.66,464929,602.11,"21-Aug-2026",4819,"",""
"2093","NAUKRI","EQ",1367.8,1367.8,1345.2,1350.1,1350.1,1360.9,600356,8124.64,"21-Aug-2026",27061,"",""
"2094","NAVA","EQ",556.8,566,553,558.95,559,556.75,180660,1010.74,"21-Aug-2026",9436,"",""
"2095","NAVINFLUOR","EQ",8301.5,8425,8140.5,8206.5,8184,8256,135441,11170.88,"21-Aug-2026",23237,"",""
"2096","NAVKARCORP","EQ",96.94,97.78,96.7,97.04,97.3,96.88,213890,207.69,"21-Aug-2026",2091,"",""
"2097","NAVKARURB","BE",0.96,0.99,0.95,0.97,0.98,0.96,236781,2.3,"21-Aug-2026",221,"",""
"2098","NAVNETEDUL","EQ",133.79,134.55,133,133.62,133.01,133.79,40747,54.47,"21-Aug-2026",1017,"",""
"2099","NAZARA","EQ",358.95,359,353,354.35,354,357.5,567746,2019.27,"21-Aug-2026",6788,"",""
"2100","NBCC","EQ",88.79,89.63,88.42,88.88,88.88,88.25,5375979,4788.94,"21-Aug-2026",24301,"",""
"2101","NBIFIN","EQ",2042.1,2042.1,1920,1964.9,1965,2002,364,7.15,"21-Aug-2026",52,"",""
"2102","NCC","EQ",140,151.42,140,149.56,149.85,140.07,20823822,30948.08,"21-Aug-2026",131532,"",""
"2103","NCLIND","EQ",172.25,174.73,172.25,174,173.75,174.05,22928,39.72,"21-Aug-2026",2350,"",""
"2104","NDGL","EQ",2769.5,2769.5,2665,2726,2750,2712,48,1.3,"21-Aug-2026",14,"",""
"2105","NDL","EQ",2.28,2.71,2.25,2.71,2.71,2.26,5991494,156.79,"21-Aug-2026",1773,"",""
"2106","NDLVENTURE","EQ",121.48,121.5,116.39,119.04,119.19,119.01,8492,10.14,"21-Aug-2026",286,"",""
"2107","NDRAUTO","EQ",775,780.05,750,756.1,751.25,773.8,21765,166.12,"21-Aug-2026",2037,"",""
"2108","NDTV","EQ",75.5,76.79,75.06,75.49,75.74,75.5,70781,53.6,"21-Aug-2026",872,"",""
"2109","NEAGI","EQ",3305,3305,3305,3305,3305,3303.3,5,0.17,"21-Aug-2026",3,"",""
"2110","NECCLTD","BE",15,15.83,15,15.8,15.82,15.08,106517,16.71,"21-Aug-2026",252,"",""
"2111","NECLIFE","EQ",10.21,10.9,10.05,10.47,10.6,10.29,322009,33.63,"21-Aug-2026",750,"",""
"2112","NELCAST","EQ",116.64,118.36,115,117.81,118,116.63,179165,210.73,"21-Aug-2026",2054,"",""
"2113","NELCO","EQ",909.9,915,895.6,906.7,903,912,140670,1273.29,"21-Aug-2026",6075,"",""
"2114","NEOCHEM","ST",99.55,99.55,96,96,96,99.55,2400,2.35,"21-Aug-2026",2,"",""
"2115","NEOGEN","EQ",2259.2,2283.9,2190.1,2230.1,2222,2259.1,161327,3594.88,"21-Aug-2026",22547,"",""
"2116","NEPHROCARE","ST",90,91.2,87,89.5,89.4,86.9,28400,25.46,"21-Aug-2026",54,"",""
"2117","NEPHROPLUS","EQ",681.25,695.85,673,694.1,691,674.15,155681,1060.76,"21-Aug-2026",8514,"",""
"2118","NEPTUNE","SM",179.1,179.1,179,179.05,179,179,1000,1.79,"21-Aug-2026",2,"",""
"2119","NESCO","EQ",1040,1043.9,1030.3,1035.8,1033,1032.6,16295,169.26,"21-Aug-2026",1711,"",""
"2120","NESTLEIND","EQ",1465,1485.4,1449,1477.1,1477.1,1458,2679922,39331.18,"21-Aug-2026",66144,"",""
"2121","NETF","EQ",263.23,266,263.23,264.35,264.65,263.23,1146,3.03,"21-Aug-2026",115,"",""
"2122","NETWEB","EQ",5400,5674.8,5360,5601,5568.7,5419.8,4267482,237373.02,"21-Aug-2026",314709,"",""
"2123","NETWORK18","EQ",30.69,30.71,29.8,29.86,29.87,30.59,4656117,1408.44,"21-Aug-2026",11484,"",""
"2124","NEUEON","BE",16.05,16.48,15.24,15.24,15.24,16.04,48876,7.55,"21-Aug-2026",120,"",""
"2125","NEULANDLAB","EQ",23669,23669,23180,23301,23265,23568,29207,6828.92,"21-Aug-2026",11058,"",""
"2126","NEWGEN","EQ",527,529.7,520.85,522.7,524,527.35,364661,1913.04,"21-Aug-2026",12825,"",""
"2127","NEWJAISA","ST",16.75,16.75,16.75,16.75,16.75,16.85,9000,1.51,"21-Aug-2026",4,"",""
"2128","NEXT30ADD","EQ",43.49,46.7,43.29,44.76,44.95,43.49,6949,3.05,"21-Aug-2026",60,"",""
"2129","NEXT50","EQ",765.81,766.47,761.66,763.78,763.7,765.81,34979,267.24,"21-Aug-2026",953,"",""
"2130","NEXT50ADD","EQ",74.51,74.61,74.21,74.33,74.61,74.72,788,0.59,"21-Aug-2026",20,"",""
"2131","NEXT50BETA","EQ",80.41,80.41,79.25,79.65,79.9,79.91,96439,77.02,"21-Aug-2026",569,"",""
"2132","NEXT50ETF","EQ",74.84,75,74.46,74.61,74.75,74.84,14592,10.89,"21-Aug-2026",106,"",""
"2133","NEXT50IETF","EQ",78.73,78.73,78,78.11,78.18,78.38,1008612,788.7,"21-Aug-2026",4515,"",""
"2134","NEXTMEDIA","EQ",3.74,3.97,3.67,3.91,3.92,3.74,4931,0.19,"21-Aug-2026",38,"",""
"2135","NFL","EQ",70.3,71.1,70.01,70.3,70.2,70.3,463918,326.86,"21-Aug-2026",3506,"",""
"2136","NFPSAMPOOR","SM",23.2,23.2,22.2,22.6,22.6,22.5,18000,4.08,"21-Aug-2026",7,"",""
"2137","NGIL","BE",41,41.05,38.57,39.95,39.9,40.6,15997,6.25,"21-Aug-2026",63,"",""
"2138","NGLFINE","EQ",3051,3051,2911,2947.7,2949,3033.3,6220,185.79,"21-Aug-2026",1552,"",""
"2139","NH","EQ",1809,1825,1803.4,1815.8,1818,1799.3,218852,3970.47,"21-Aug-2026",31064,"",""
"2140","NHIT","IV",168,174,168,174,174,168,75000,127.5,"21-Aug-2026",3,"",""
"2141","NHPC","EQ",76.3,77.1,75.95,76.15,76.15,76.35,7599544,5815.62,"21-Aug-2026",27926,"",""
"2142","NIACL","EQ",183,186.3,182.11,184.13,184.3,183.08,627621,1156.08,"21-Aug-2026",9920,"",""
"2143","NIBE","EQ",1529.5,1544.8,1472,1490.8,1483,1503.6,92609,1398.27,"21-Aug-2026",7776,"",""
"2144","NIBL","EQ",32.88,32.88,30.5,31.08,31.1,31.78,25595,7.98,"21-Aug-2026",430,"",""
"2145","NICCOPAR","EQ",80.9,80.9,77.21,79.99,80.3,79.85,2179,1.74,"21-Aug-2026",34,"",""
"2146","NIDAN","SM",14,14,13.35,13.35,13.4,13.85,12000,1.63,"21-Aug-2026",9,"",""
"2147","NIF100BEES","EQ",268.82,270.1,268.82,269.9,270.07,269.46,12348,33.3,"21-Aug-2026",663,"",""
"2148","NIF100IETF","EQ",28.37,28.42,28.28,28.32,28.39,28.39,57524,16.31,"21-Aug-2026",1276,"",""
"2149","NIFTY1","EQ",269.27,272,268.76,269.65,269.66,269.27,241331,650.67,"21-Aug-2026",1174,"",""
"2150","NIFTY100EW","EQ",35.72,35.72,35.43,35.53,35.65,35.55,18511,6.58,"21-Aug-2026",167,"",""
"2151","NIFTYADD","EQ",254.92,256.21,254.92,255.55,255.53,255.67,3589,9.17,"21-Aug-2026",101,"",""
"2152","NIFTYAXIS","EQ",269.82,269.82,267.93,268.56,267.93,268.74,30829,82.7,"21-Aug-2026",219,"",""
"2153","NIFTYBEES","EQ",276.57,277.38,276.12,276.76,276.84,276.57,4364104,12077.17,"21-Aug-2026",26111,"",""
"2154","NIFTYBETA","EQ",268.67,269.47,268.38,268.85,268.38,269.39,23223,62.52,"21-Aug-2026",290,"",""
"2155","NIFTYBETF","EQ",250.58,250.58,248.98,250.09,250.21,249.27,2203,5.5,"21-Aug-2026",94,"",""
"2156","NIFTYCASE","EQ",9.74,9.84,9.63,9.73,9.75,9.74,299520,29.18,"21-Aug-2026",1470,"",""
"2157","NIFTYETF","EQ",264.01,264.45,257.4,264.18,263.71,264.01,948031,2504.87,"21-Aug-2026",1038,"",""
"2158","NIFTYIETF","EQ",275.22,276.09,274.9,275.34,275.5,275.22,378664,1042.69,"21-Aug-2026",9384,"",""
"2159","NIFTYJBLK","EQ",12.95,12.95,12.41,12.46,12.5,12.5,137621,17.14,"21-Aug-2026",602,"",""
"2160","NIFTYQLITY","EQ",21.65,22.07,21.4,21.6,21.65,21.62,10245,2.22,"21-Aug-2026",224,"",""
"2161","NIITLTD","EQ",92.45,94,92.4,93.62,93.71,92.58,182855,171.03,"21-Aug-2026",1924,"",""
"2162","NIITMTS","EQ",231.7,234.65,228,228.8,228,231.46,100868,232.78,"21-Aug-2026",4624,"",""
"2163","NIKITA","SM",76,76,76,76,76,74.65,1200,0.91,"21-Aug-2026",1,"",""
"2164","NILAINFRA","EQ",7,7.06,6.96,6.98,7.01,6.96,107406,7.53,"21-Aug-2026",330,"",""
"2165","NILASPACES","EQ",12.65,13.35,12.51,13.08,13.08,12.77,1293044,168.55,"21-Aug-2026",2694,"",""
"2166","NILE","EQ",1510.2,1545,1502.1,1516.4,1525.1,1529.5,3286,50,"21-Aug-2026",524,"",""
"2167","NILKAMAL","EQ",2011,2064.4,2005,2053.6,2063,2043.7,36610,744.01,"21-Aug-2026",4198,"",""
"2168","NIMBSPROJ","EQ",175,184,173.51,176,176,180,101268,183.07,"21-Aug-2026",201,"",""
"2169","NINSYS","EQ",716,726,705,715.2,717.4,729.2,7156,51.36,"21-Aug-2026",287,"",""
"2170","NIPPOBATRY","EQ",327.45,335,323,329.25,326.1,325.85,1491,4.89,"21-Aug-2026",116,"",""
"2171","NIRAJ","EQ",27.71,29.89,27.62,27.92,27.85,28.05,130706,36.78,"21-Aug-2026",439,"",""
"2172","NIRLON","EQ",631,632,623,624.75,626.8,624.6,3497,21.95,"21-Aug-2026",310,"",""
"2173","NIRMAN","SM",31.6,31.6,28,29.05,29,30.95,57900,17.19,"21-Aug-2026",164,"",""
"2174","NITCO","EQ",89.99,95,89.99,93.36,94,89.61,471906,438.92,"21-Aug-2026",5085,"",""
"2175","NITINSPIN","EQ",589,596.55,581.1,588.45,585,586.05,57713,338.18,"21-Aug-2026",2580,"",""
"2176","NITIRAJ","EQ",209.95,209.95,195.12,198.91,203.95,204.44,819,1.63,"21-Aug-2026",65,"",""
"2177","NITTAGELA","EQ",1565,1590,1554.2,1584.6,1590,1577.6,2281,35.85,"21-Aug-2026",406,"",""
"2178","NIVABUPA","EQ",80.08,83.1,80.08,82.62,82.26,82.88,2129738,1735.53,"21-Aug-2026",16636,"",""
"2179","NKIND","EQ",60,67.92,58.1,67.62,67.92,56.6,327876,219.45,"21-Aug-2026",1894,"",""
"2180","NLCINDIA","EQ",272.8,274.8,269,269.8,269.25,272.05,1016719,2763.17,"21-Aug-2026",25225,"",""
"2181","NMDC","EQ",84.19,85.43,83.49,84.61,84.61,83.95,18876961,15955.88,"21-Aug-2026",54070,"",""
"2182","NOCIL","EQ",162,170,161.55,167.02,167,161.66,698028,1160.42,"21-Aug-2026",8424,"",""
"2183","NOIDATOLL","BE",4.09,4.1,4,4.04,4.07,4.13,122440,4.96,"21-Aug-2026",172,"",""
"2184","NORBTEAEXP","EQ",70.6,70.6,67.03,69.44,69.5,67.73,1048,0.73,"21-Aug-2026",26,"",""
"2185","NORTHARC","EQ",292.6,297.9,286.5,288.35,288.5,292.6,760552,2231,"21-Aug-2026",10414,"",""
"2186","NOVAAGRI","BE",25.2,25.2,24.2,24.5,24.59,24.79,31268,7.65,"21-Aug-2026",208,"",""
"2187","NOVARTIND","EQ",1485,1510,1402,1418.9,1429,1482.2,29213,419.5,"21-Aug-2026",3205,"",""
"2188","NPBET","EQ",285.59,286.4,285.45,286,286,284.17,3114,8.89,"21-Aug-2026",17,"",""
"2189","NPST","EQ",1607.4,1615,1581,1588.5,1581,1606.9,8572,137.1,"21-Aug-2026",1356,"",""
"2190","NRAIL","EQ",505,505,499.05,503.85,504,503.6,3736,18.82,"21-Aug-2026",211,"",""
"2191","NRBBEARING","EQ",483.2,494,482,486.1,489.4,483.2,333365,1624.57,"21-Aug-2026",8143,"",""
"2192","NRL","BE",117.66,117.66,117.66,117.66,117.66,115.36,47883,56.34,"21-Aug-2026",199,"",""
"2193","NRVANDANA","ST",62.05,67.55,62.05,67.55,67.55,64.65,36000,24.01,"21-Aug-2026",8,"",""
"2194","NSIL","EQ",5638,5640,5540.5,5587,5595,5631,2255,125.76,"21-Aug-2026",381,"",""
"2195","NSLNISP","EQ",39.6,40.28,39.45,39.79,39.79,39.52,3902434,1557.57,"21-Aug-2026",13731,"",""
"2196","NTCIND","EQ",145,145,136,140,140,139.66,665,0.92,"21-Aug-2026",52,"",""
"2197","NTPC","EQ",337,342.85,337,340,340,337.5,6534716,22239.06,"21-Aug-2026",79204,"",""
"2198","NTPCGREEN","EQ",91.8,92.58,91.21,91.43,91.45,91.88,1482335,1362.27,"21-Aug-2026",13391,"",""
"2199","NUCLEUS","EQ",733.3,742.9,730.65,740.4,742.5,736.6,34231,252.34,"21-Aug-2026",1482,"",""
"2200","NURECA","BE",327.9,327.9,304.2,306.7,305,319.5,6550,20.48,"21-Aug-2026",220,"",""
"2201","NUVAMA","EQ",1720,1753.2,1702.1,1743.6,1745,1727.9,240147,4162.23,"21-Aug-2026",19543,"",""
"2202","NUVOCO","EQ",320.2,324.9,319.3,322.05,321.55,321.7,163739,528.02,"21-Aug-2026",8908,"",""
"2203","NV20","EQ",14.02,14.02,13.94,13.98,13.94,13.89,40459,5.66,"21-Aug-2026",168,"",""
"2204","NV20BEES","EQ",139.66,140.3,139.17,139.76,139.51,139.6,12244,17.12,"21-Aug-2026",178,"",""
"2205","NV20IETF","EQ",13.72,13.72,13.55,13.6,13.67,13.6,219807,29.95,"21-Aug-2026",1488,"",""
"2206","NXST","RR",167.98,168.6,166.1,166.84,167,167.98,474901,793.95,"21-Aug-2026",6022,"",""
"2207","NXT-INFRA","IV",97.05,100,93.85,96.2,96.2,95.6,8025000,7603.73,"21-Aug-2026",60,"",""
"2208","NYKAA","EQ",331,335.15,328,334,334,330.35,6455820,21495.47,"21-Aug-2026",59558,"",""
"2209","OAL","EQ",332.15,343.9,332.15,339.85,335,334.9,4897,16.53,"21-Aug-2026",355,"",""
"2210","OBCL","EQ",54.99,54.99,54.25,54.25,54.25,54.2,9488,5.15,"21-Aug-2026",175,"",""
"2211","OBEROIRLTY","EQ",1904.8,1918.1,1883.4,1886,1886,1904.7,323704,6141.94,"21-Aug-2026",25833,"",""
"2212","OBSCP","SM",855,858.8,808,835.2,837,855.85,57200,476.2,"21-Aug-2026",137,"",""
"2213","OCCLLTD","BE",168.99,168.99,157.25,158.63,159.9,165.41,45872,73.65,"21-Aug-2026",399,"",""
"2214","ODIGMA","EQ",22.27,22.88,22.2,22.51,22.62,22.26,8565,1.92,"21-Aug-2026",307,"",""
"2215","ODYCORP","EQ",7.2,7.7,7.1,7.49,7.49,7.23,37827,2.77,"21-Aug-2026",77,"",""
"2216","OFSS","EQ",11850,11870,11650,11724,11724,11826,110088,12922.76,"21-Aug-2026",18917,"",""
"2217","OIL","EQ",480.9,482,475,475,475,480.9,1163337,5553.1,"21-Aug-2026",16706,"",""
"2218","OILCOUNTUB","BE",59.99,60.3,57.8,57.86,58.08,58.75,17199,10.05,"21-Aug-2026",70,"",""
"2219","OILIETF","EQ",11.37,11.38,11.31,11.32,11.35,11.37,1880493,213.43,"21-Aug-2026",1799,"",""
"2220","OLAELEC","EQ",37.82,38.15,37.51,37.73,37.74,37.82,13595383,5137.62,"21-Aug-2026",40434,"",""
"2221","OLECTRA","EQ",1297.9,1353,1297.6,1318.4,1314.5,1291.2,863935,11519.37,"21-Aug-2026",42445,"",""
"2222","OLIL","SM",401,409.8,399,409.1,409.8,399.1,9600,38.71,"21-Aug-2026",16,"",""
"2223","OMAXAUTO","EQ",195,199.49,194.05,196.3,197,199.74,32327,63.63,"21-Aug-2026",673,"",""
"2224","OMAXE","EQ",102.03,105,101.13,102.55,103.4,103.16,1084331,1119.37,"21-Aug-2026",7980,"",""
"2225","OMFREIGHT","BE",93.91,95.5,91.5,94.92,95,93.91,7615,7.1,"21-Aug-2026",106,"",""
"2226","OMINFRAL","EQ",84.4,85.46,83.9,84.13,84,84.67,56823,48.08,"21-Aug-2026",1192,"",""
"2227","OMNI","EQ",574.45,583.95,573,581,581,574,376294,2178.23,"21-Aug-2026",13045,"",""
"2228","OMPOWER","EQ",162.7,165.01,161.4,163.09,162.97,162.7,70377,114.81,"21-Aug-2026",1388,"",""
"2229","ONDOOR","SM",242,250,231.2,245.05,250,246.05,9300,22.74,"21-Aug-2026",15,"",""
"2230","ONEGLOBAL","EQ",570,580,535.9,555.1,556.15,564.1,15288,85.05,"21-Aug-2026",858,"",""
"2231","ONELIFECAP","BE",33.68,34.49,32.12,33.51,33.01,33.68,25004,8.25,"21-Aug-2026",57,"",""
"2232","ONEPOINT","EQ",57,57,55.86,56.17,56.07,56.61,302318,170.1,"21-Aug-2026",2095,"",""
"2233","ONESOURCE","EQ",1539.5,1548.7,1525.9,1535,1532.1,1534.5,50188,772.32,"21-Aug-2026",7611,"",""
"2234","ONGC","EQ",238.7,239.22,236.4,236.4,236.4,238.5,13313403,31591.74,"21-Aug-2026",89530,"",""
"2235","ONIDA","EQ",36.55,37.3,35.26,35.66,35.52,36.67,392415,141.18,"21-Aug-2026",2442,"",""
"2236","ONIXSOLAR","EQ",305.9,305.9,305.9,305.9,305.9,321.95,11633,35.59,"21-Aug-2026",91,"",""
"2237","ONMOBILE","BE",57.3,57.3,56.99,56.99,56.99,58.15,32014,18.28,"21-Aug-2026",203,"",""
"2238","ONWARDTEC","EQ",292.5,292.75,284.5,285.5,284.5,292.25,30705,88.32,"21-Aug-2026",1222,"",""
"2239","OPTIEMUS","EQ",551.75,558.85,537.4,540.2,540.05,551.75,95137,517.67,"21-Aug-2026",3557,"",""
"2240","OPTIFIN","EQ",11.81,12.98,11.71,12.4,12.28,12.06,48318,5.98,"21-Aug-2026",143,"",""
"2241","OPTIMYSTIX","ST",176.45,177,173,174,175,179.95,89600,156.62,"21-Aug-2026",74,"",""
"2242","OPTIVALUE","ST",178.05,183.9,173.2,183.9,183.9,180,22400,40.1,"21-Aug-2026",14,"",""
"2243","ORBTEXP","BE",228,229.45,225.01,225.12,225.01,229.36,6361,14.34,"21-Aug-2026",91,"",""
"2244","ORCHASP","EQ",1.39,1.43,1.37,1.41,1.42,1.36,196261,2.77,"21-Aug-2026",197,"",""
"2245","ORCHPHARMA","EQ",988.45,1026,974.25,1002.05,1008,980.05,106269,1064.09,"21-Aug-2026",7388,"",""
"2246","ORIANA","SM",1200.2,1214,1174.95,1192.05,1200,1194.4,68475,819.1,"21-Aug-2026",678,"",""
"2247","ORICONENT","EQ",58.12,58.12,56.11,56.95,57.5,58.12,119767,68.28,"21-Aug-2026",695,"",""
"2248","ORIENTALTL","EQ",5.22,5.22,4.9,5.02,5,5.02,50950,2.55,"21-Aug-2026",208,"",""
"2249","ORIENTBELL","EQ",339.2,365,337,359.45,360,339.2,45976,160.84,"21-Aug-2026",1297,"",""
"2250","ORIENTCEM","EQ",130.84,133.35,130,131.52,131.01,130.86,322984,424.31,"21-Aug-2026",3655,"",""
"2251","ORIENTCER","EQ",47.79,48.24,45,45.63,45.74,46.73,170420,78.6,"21-Aug-2026",3128,"",""
"2252","ORIENTELEC","EQ",185.95,186.99,183.66,185.08,184.75,186.03,122376,226.5,"21-Aug-2026",2763,"",""
"2253","ORIENTHOT","EQ",136.61,139.9,132.55,138.67,138.14,137.29,1101229,1521.46,"21-Aug-2026",9224,"",""
"2254","ORIENTLTD","BE",82.7,82.7,78.13,81.16,82,81.97,2086,1.69,"21-Aug-2026",32,"",""
"2255","ORIENTPPR","EQ",17.03,17.61,16.9,17.13,17.3,17.1,384840,66.26,"21-Aug-2026",769,"",""
"2256","ORIENTTECH","EQ",242.4,245.9,240.05,243.65,244.95,243.15,144809,351.77,"21-Aug-2026",2910,"",""
"2257","ORIRAIL","EQ",106.89,124.35,104.25,114.78,116.6,103.63,1142227,1370.77,"21-Aug-2026",7763,"",""
"2258","ORISSAMINE","EQ",4630.2,4780,4574.9,4617.5,4599.9,4651.5,15103,709.54,"21-Aug-2026",3482,"",""
"2259","ORKLAINDIA","EQ",546.65,560,546.65,552.2,551.35,550.35,60563,336.15,"21-Aug-2026",4642,"",""
"2260","ORTINGLOBE","EQ",15.95,15.95,15.41,15.89,15.89,15.95,2862,0.45,"21-Aug-2026",17,"",""
"2261","OSELDEVICE","SM",375.05,404,375.05,400.55,401.8,384.15,37400,148.23,"21-Aug-2026",124,"",""
"2262","OSIAHYPER","BE",3,3.05,2.82,2.87,2.89,2.96,581927,16.88,"21-Aug-2026",499,"",""
"2263","OSWALAGRO","EQ",37.5,38.07,36.76,36.93,36.81,37.57,32976,12.23,"21-Aug-2026",462,"",""
"2264","OSWALGREEN","EQ",21.49,21.49,20.8,20.85,20.8,21.27,91575,19.24,"21-Aug-2026",808,"",""
"2265","OSWALPUMPS","EQ",307.9,308.3,299,299.6,299.9,304.75,466354,1407.02,"21-Aug-2026",10731,"",""
"2266","OSWALSEEDS","EQ",13.16,13.44,12.2,12.67,12.7,13.16,197655,24.98,"21-Aug-2026",587,"",""
"2267","OWAIS","ST",61.15,61.15,61.15,61.15,61.15,64.35,21100,12.9,"21-Aug-2026",91,"",""
"2268","PACEDIGITK","EQ",175.45,181.9,174.41,180.69,180.75,175.37,1202245,2147.19,"21-Aug-2026",13757,"",""
"2269","PACIFICI","EQ",160,160,140,148.71,147.1,150.98,3962,5.89,"21-Aug-2026",113,"",""
"2270","PAGEIND","EQ",35600,35750,35210,35480,35480,35505,18862,6700.13,"21-Aug-2026",7164,"",""
"2271","PAISALO","EQ",70,70.98,69,69.79,69.76,69.95,5181872,3628.62,"21-Aug-2026",11630,"",""
"2272","PAKKA","EQ",88.65,89.5,83.5,84.52,84.1,88.69,190999,165.26,"21-Aug-2026",3553,"",""
"2273","PALASHSECU","EQ",90,91.95,88.26,88.92,89.32,88.2,2522,2.29,"21-Aug-2026",41,"",""
"2274","PALREDTEC","BE",57.75,60.1,55.1,55.6,55.55,57.24,19620,11.64,"21-Aug-2026",154,"",""
"2275","PANACEABIO","EQ",413.65,420.4,403.55,411.1,410,413.65,126999,520.01,"21-Aug-2026",4582,"",""
"2276","PANACHE","BE",528,547,513,533.15,547,527.85,8683,45.44,"21-Aug-2026",192,"",""
"2277","PANAMAPET","EQ",486.1,493.7,483.1,485.2,486,486.25,221573,1080.67,"21-Aug-2026",5136,"",""
"2278","PANCHMAHQ","EQ",299,309.7,299,300,300,299,575,1.75,"21-Aug-2026",19,"",""
"2279","PANORAMA","EQ",47.5,47.5,45.34,45.93,45.58,45.95,173528,79.6,"21-Aug-2026",379,"",""
"2280","PANSARI","EQ",309.4,319,305.15,317.55,311,318.2,678,2.14,"21-Aug-2026",13,"",""
"2281","PAR","EQ",100.6,103.65,100.1,101.33,101.25,102.48,4514,4.61,"21-Aug-2026",128,"",""
"2282","PARACABLES","EQ",63.05,63.75,62.2,62.5,62.65,63.05,684005,430.55,"21-Aug-2026",4603,"",""
"2283","PARADEEP","EQ",148.45,150.8,147.71,148.48,148.25,148.64,2024899,3023.26,"21-Aug-2026",21694,"",""
"2284","PARAGMILK","EQ",208.55,229.9,208.55,225.5,227.62,207.94,3610308,8011.95,"21-Aug-2026",39664,"",""
"2285","PARAGON","SM",48,48,47,48,48,48.2,13200,6.31,"21-Aug-2026",7,"",""
"2286","PARAMOUNT","SM",32.05,32.1,32.05,32.05,32.05,32.05,3600,1.15,"21-Aug-2026",3,"",""
"2287","PARAS","EQ",1505.4,1585,1482.2,1499.6,1487,1502,2339025,35817.83,"21-Aug-2026",92246,"",""
"2288","PARASPETRO","EQ",2.17,2.25,2.13,2.2,2.19,2.17,140202,3.1,"21-Aug-2026",255,"",""
"2289","PARIN","SM",707,707,707,707,707,714,250,1.77,"21-Aug-2026",1,"",""
"2290","PARKHOSPS","EQ",273.8,275.5,269.25,274.55,275,272.6,453062,1233.13,"21-Aug-2026",7463,"",""
"2291","PARKHOTELS","EQ",116.8,117.6,115,115.61,115,116.4,86033,99.86,"21-Aug-2026",1487,"",""
"2292","PARNAXLAB","EQ",128.75,129.5,123.8,127.8,127.8,122.09,190,0.24,"21-Aug-2026",18,"",""
"2293","PARSVNATH","BE",1.39,1.39,1.39,1.39,1.39,1.41,257088,3.57,"21-Aug-2026",181,"",""
"2294","PARTH","SM",470,502,470,491.65,490,485.4,8400,40.98,"21-Aug-2026",18,"",""
"2295","PARTYCRUS","SM",80,80,76,77.35,76,78,6000,4.64,"21-Aug-2026",5,"",""
"2296","PASHUPATI","EQ",86.5,88.29,86.5,87.26,87.66,86.73,22024,19.19,"21-Aug-2026",2236,"",""
"2297","PASUPTAC","BE",63.75,63.75,61.5,61.71,61.5,62.39,115744,72.09,"21-Aug-2026",357,"",""
"2298","PATANJALI","EQ",352.3,352.45,345.4,348,348,352.3,1622889,5650.68,"21-Aug-2026",74112,"",""
"2299","PATELENG","EQ",28.06,28.48,28.03,28.17,28.2,28.14,1574356,444.4,"21-Aug-2026",6031,"",""
"2300","PATELRMART","EQ",239.24,240.97,232.1,234.11,233.6,232.32,123411,292.91,"21-Aug-2026",3260,"",""
"2301","PATILAUTOM","SM",235,237.5,228.1,234.2,232.25,237.25,54000,125.86,"21-Aug-2026",82,"",""
"2302","PATINTLOG","BE",13.8,13.82,13.42,13.62,13.75,13.82,87279,11.97,"21-Aug-2026",161,"",""
"2303","PAUSHAKLTD","EQ",787,787,752.3,763.35,765.4,787.4,34544,264.07,"21-Aug-2026",2831,"",""
"2304","PAVNAIND","EQ",18.26,19.1,18.26,18.6,18.48,18.72,40389,7.58,"21-Aug-2026",206,"",""
"2305","PAYTM","EQ",1603.3,1638.4,1598,1632,1632,1603.6,5129938,83364.31,"21-Aug-2026",119291,"",""
"2306","PBMPOLY","EQ",60.6,60.6,60.3,60.3,60.3,60,1360,0.82,"21-Aug-2026",9,"",""
"2307","PCBL","EQ",320.8,322.95,316.65,317.55,317.75,319.85,617380,1972.67,"21-Aug-2026",10654,"",""
"2308","PCCL","SM",340,354,330,350.1,345,341.1,44400,154.11,"21-Aug-2026",72,"",""
"2309","PCJEWELLER","EQ",9.62,10.29,9.59,10.22,10.21,9.61,336381672,33623.92,"21-Aug-2026",92200,"",""
"2310","PDMJEPAPER","EQ",88.18,94.49,88.18,90.69,91.25,87.68,265422,242.65,"21-Aug-2026",3921,"",""
"2311","PDSL","EQ",369.6,373.2,358.85,369.7,368.9,370.15,53591,198.25,"21-Aug-2026",4235,"",""
"2312","PEARLPOLY","EQ",15.79,16,15.65,15.71,15.65,16.01,2363,0.38,"21-Aug-2026",34,"",""
"2313","PELATRO","SM",346,346.05,323.95,340.85,340,358.8,23400,79.32,"21-Aug-2026",59,"",""
"2314","PENIND","EQ",164.9,165.9,158.43,158.8,158.99,163.29,445363,717.11,"21-Aug-2026",4890,"",""
"2315","PENINLAND","BE",15.5,15.5,15.5,15.5,15.5,15.2,84684,13.13,"21-Aug-2026",56,"",""
"2316","PENTAGON","SM",53,53,53,53,53,53,1000,0.53,"21-Aug-2026",1,"",""
"2317","PERFECT","SZ",2.3,2.3,2.3,2.3,2.3,2.2,12000,0.28,"21-Aug-2026",3,"",""
"2318","PERMAGN","EQ",864.25,882.4,841.65,864.45,867.5,881.55,3685,31.73,"21-Aug-2026",450,"",""
"2319","PERSISTENT","EQ",5685,5722,5602,5667.5,5667.5,5674,355144,20113.84,"21-Aug-2026",37727,"",""
"2320","PETRONET","EQ",289.95,293.5,289.75,293,293,291.4,1700150,4970.72,"21-Aug-2026",27324,"",""
"2321","PFC","EQ",363.8,364.95,361.6,363,363,363.8,9594279,34868.75,"21-Aug-2026",59749,"",""
"2322","PFIZER","EQ",4980,5030,4930,4978.2,4975,4920,63975,3187.61,"21-Aug-2026",14064,"",""
"2323","PFOCUS","EQ",282.65,305,282.25,296.95,298,282.6,4338926,12857.28,"21-Aug-2026",48975,"",""
"2324","PFS","EQ",27.82,28.08,27.7,27.76,27.87,27.82,274704,76.56,"21-Aug-2026",1359,"",""
"2325","PGEL","EQ",603,610,600.1,600.55,600.55,602.05,1074160,6494.64,"21-Aug-2026",17097,"",""
"2326","PGHH","EQ",8249,8267,8177.5,8189,8198,8248,7930,650.76,"21-Aug-2026",2698,"",""
"2327","PGHL","EQ",5820,5866,5809.5,5828.5,5849.5,5832.5,7236,422.51,"21-Aug-2026",1898,"",""
"2328","PGIL","EQ",2410,2431.6,2355.4,2386.1,2362.2,2377.6,33126,791.17,"21-Aug-2026",5462,"",""
"2329","PGINVIT","IV",99.98,99.98,99.51,99.85,99.91,99.64,947941,945.95,"21-Aug-2026",5286,"",""
"2330","PHANTOMFX","SM",136,136,125.05,128.1,129.5,136,11100,14.39,"21-Aug-2026",31,"",""
"2331","PHARMABEES","EQ",27.19,27.39,26.94,27.08,27.07,27.19,4657058,1259.97,"21-Aug-2026",11439,"",""
"2332","PHOENIXLTD","EQ",1925.2,1943.8,1914.1,1930,1930,1925,232737,4472.07,"21-Aug-2026",21958,"",""
"2333","PHOENXINTL","EQ",33.4,33.4,31.5,31.6,31.84,30.53,1820,0.58,"21-Aug-2026",35,"",""
"2334","PHOGLOBAL","SM",16,16,16,16,16,16,2000,0.32,"21-Aug-2026",1,"",""
"2335","PICCADIL","EQ",705.5,715.95,698.2,709.8,709.1,709.4,160722,1135.43,"21-Aug-2026",7459,"",""
"2336","PIDILITIND","EQ",1648.5,1664.4,1644.1,1649,1649,1660,732973,12086.58,"21-Aug-2026",23600,"",""
"2337","PIGL","EQ",102.2,105.98,102.2,103.72,103.06,103.8,30482,31.73,"21-Aug-2026",685,"",""
"2338","PIIND","EQ",2500,2511,2482.5,2496.8,2496.8,2482.5,111661,2790.04,"21-Aug-2026",8436,"",""
"2339","PILANIINVS","EQ",4310.9,4403,4304.1,4356.9,4331.5,4309.5,1689,73.62,"21-Aug-2026",286,"",""
"2340","PILITA","EQ",8.25,8.28,8,8.11,8.11,8.2,22883,1.85,"21-Aug-2026",183,"",""
"2341","PINELABS","EQ",161,162.39,156.22,156.91,156.76,159.73,21914302,34818.26,"21-Aug-2026",70661,"",""
"2342","PIONEEREMB","EQ",22.39,22.39,21.68,21.71,21.71,21.76,8119,1.77,"21-Aug-2026",54,"",""
"2343","PIONRINV","BE",76.1,82,76.1,79.3,79.3,79.98,900,0.71,"21-Aug-2026",18,"",""
"2344","PIRAMALFIN","EQ",2143.7,2218,2143.5,2180.8,2179,2128.1,411545,8988.74,"21-Aug-2026",33309,"",""
"2345","PITTIENG","EQ",1062.65,1062.65,1038.6,1052.2,1060,1051.65,61304,642.13,"21-Aug-2026",4653,"",""
"2346","PIXTRANS","EQ",1817.6,1833.7,1790,1809.1,1810.3,1820.3,12843,232.14,"21-Aug-2026",1587,"",""
"2347","PKTEA","EQ",759.9,759.9,732.05,732.2,733,731.9,81,0.6,"21-Aug-2026",13,"",""
"2348","PLASTIBLEN","EQ",188.15,196.38,188.01,191.54,193.5,188.93,29163,56.12,"21-Aug-2026",871,"",""
"2349","PLATIND","EQ",212.2,217,211.31,215.2,216,211.07,38457,82.28,"21-Aug-2026",1083,"",""
"2350","PLAZACABLE","EQ",52.9,53,51.41,52.08,52,52.18,41310,21.52,"21-Aug-2026",503,"",""
"2351","PML","EQ",485.55,506.95,475.3,488.15,506.95,490.5,281,1.36,"21-Aug-2026",25,"",""
"2352","PNB","EQ",117.45,117.52,115.41,116.55,116.55,118,14049357,16325.62,"21-Aug-2026",55335,"",""
"2353","PNBGILTS","EQ",79.2,79.99,78.45,79.65,79.7,79.11,159147,126.22,"21-Aug-2026",1808,"",""
"2354","PNBHOUSING","EQ",1178.5,1189,1166,1170.3,1170.3,1175.5,637457,7499.99,"21-Aug-2026",18800,"",""
"2355","PNC","EQ",18.93,18.93,18.05,18.15,18.15,18.33,1203,0.22,"21-Aug-2026",49,"",""
"2356","PNCINFRA","EQ",209.9,210.85,206.5,206.76,206.51,209.34,285825,593.54,"21-Aug-2026",11384,"",""
"2357","PNGJL","EQ",610,618,602,602.9,603,609.45,773181,4711.29,"21-Aug-2026",26746,"",""
"2358","PNGSREVA","EQ",558.95,574.65,543,555.8,556.9,552.5,217571,1207.01,"21-Aug-2026",8917,"",""
"2359","POCL","EQ",503,506.9,497.05,502.45,505.7,503.25,314156,1578.65,"21-Aug-2026",8747,"",""
"2360","PODDARMENT","EQ",251.25,256,247.1,249.45,251,251.1,3839,9.62,"21-Aug-2026",140,"",""
"2361","POEL","EQ",164.35,168.74,164.35,165.65,165,163.8,30434,50.85,"21-Aug-2026",542,"",""
"2362","POKARNA","EQ",886.1,991.5,873,897.7,902,889.55,98150,875.52,"21-Aug-2026",5052,"",""
"2363","POLICYBZR","EQ",1782,1799,1757,1795.2,1795.2,1779.6,534017,9534.08,"21-Aug-2026",21268,"",""
"2364","POLYCAB","EQ",9145,9175,8956,8966,8966,9125,317848,28656.32,"21-Aug-2026",35855,"",""
"2365","POLYMED","EQ",1771,1783.8,1710,1719.4,1718,1769.6,96900,1680.93,"21-Aug-2026",8128,"",""
"2366","POLYPLEX","EQ",1171,1205,1170.9,1194.1,1190.4,1170.9,67675,807.46,"21-Aug-2026",5341,"",""
"2367","POLYSIL","SM",55.05,55.05,55.05,55.05,55.05,57.9,7000,3.85,"21-Aug-2026",9,"",""
"2368","POLYSPIN","EQ",31.58,31.58,28,30.97,30.97,29.29,635,0.18,"21-Aug-2026",33,"",""
"2369","PONNIERODE","EQ",400,424,393.55,419.55,414,421.35,146795,599.76,"21-Aug-2026",6286,"",""
"2370","POONAWALLA","EQ",495,499.55,488.75,490.05,491,494.05,748300,3688.35,"21-Aug-2026",16514,"",""
"2371","POSITRON","SM",162.95,167,162.95,166.5,167,162.95,2700,4.46,"21-Aug-2026",8,"",""
"2372","POWERGRID","EQ",264.6,275.95,264.2,272.4,272.4,264.8,18031357,49014.14,"21-Aug-2026",127364,"",""
"2373","POWERICA","EQ",535,538.7,512.25,518.3,517.95,533.9,186783,983.08,"21-Aug-2026",5218,"",""
"2374","POWERINDIA","EQ",33515,34750,33250,34190,34190,33510,104122,35674.81,"21-Aug-2026",30896,"",""
"2375","POWERMECH","EQ",2456.2,2515.4,2435.5,2502.4,2497,2455.6,129274,3189.58,"21-Aug-2026",21487,"",""
"2376","PPAP","BE",274,277.85,268,270.8,272.5,274,4256,11.55,"21-Aug-2026",158,"",""
"2377","PPL","BE",272,274.9,268,271.6,272.8,270.75,20413,55.38,"21-Aug-2026",311,"",""
"2378","PPLPHARMA","EQ",217.31,220.36,212.92,213.67,213.3,216.66,4572601,9870.56,"21-Aug-2026",44531,"",""
"2379","PPSL","SM",3,3,2.85,2.85,2.85,3,123000,3.53,"21-Aug-2026",38,"",""
"2380","PRABHA","EQ",212,218.7,201.63,217.66,218,212.89,603512,1294.73,"21-Aug-2026",7482,"",""
"2381","PRADPME","BE",510.3,532,505.7,509.25,505.7,532.3,8180,42.43,"21-Aug-2026",126,"",""
"2382","PRAENG","EQ",19.74,19.89,19,19.04,19,19.4,42494,8.15,"21-Aug-2026",223,"",""
"2383","PRAJIND","EQ",358,358,341.15,344.35,344.4,358.45,1661325,5734.29,"21-Aug-2026",30348,"",""
"2384","PRAKASH","EQ",129.1,133.9,128.01,128.6,129.44,129.45,333221,433.31,"21-Aug-2026",4025,"",""
"2385","PRAKASHSTL","EQ",3.94,4,3.9,3.91,3.91,3.93,98665,3.89,"21-Aug-2026",291,"",""
"2386","PRAMARA","SM",124.5,124.5,114,119.75,119.75,122,14000,16.37,"21-Aug-2026",26,"",""
"2387","PRAMODINI","ST",117,118.75,116.05,118,118,118.1,421200,496.22,"21-Aug-2026",157,"",""
"2388","PRANIK","SM",40.1,42.15,40.1,42,42,42.05,8000,3.34,"21-Aug-2026",5,"",""
"2389","PRATHAM","SM",118,120.05,118,120.05,120.05,118,4800,5.69,"21-Aug-2026",12,"",""
"2390","PRAVEG","EQ",262.1,273,260.6,267.7,268.9,262.1,297263,791.3,"21-Aug-2026",2134,"",""
"2391","PRAXIS","EQ",5.41,5.65,5.41,5.45,5.52,5.41,79428,4.37,"21-Aug-2026",137,"",""
"2392","PRECAM","EQ",130.48,132.19,129.7,130.58,130.31,130.68,98311,128.62,"21-Aug-2026",1993,"",""
"2393","PRECOT","EQ",709.5,713.95,683.95,697.35,699.7,709.5,6324,44.04,"21-Aug-2026",522,"",""
"2394","PRECWIRE","EQ",435.7,446.9,434.55,438.5,437,435.7,352330,1555.72,"21-Aug-2026",13835,"",""
"2395","PREMCO","EQ",392,393.2,381.2,390,390,391.45,270,1.05,"21-Aug-2026",32,"",""
"2396","PREMEXPLN","EQ",663.55,671.55,663.2,665.15,665,663.55,107790,718.64,"21-Aug-2026",2733,"",""
"2397","PREMIER","BE",2.71,2.82,2.71,2.74,2.79,2.72,4231,0.12,"21-Aug-2026",32,"",""
"2398","PREMIERENE","EQ",1050,1072.4,1045.7,1053,1053,1040,2710310,28678.26,"21-Aug-2026",78911,"",""
"2399","PREMIERPOL","EQ",89.82,90.5,86.17,86.97,86.9,88.99,262462,230.45,"21-Aug-2026",3380,"",""
"2400","PREMIUM","SM",38,38,38,38,38,38,6000,2.28,"21-Aug-2026",2,"",""
"2401","PRESSTONIC","SM",34.2,35.9,33.95,34.8,35.1,33.95,28800,10.01,"21-Aug-2026",33,"",""
"2402","PRESTIGE","EQ",1592,1651.3,1590,1631,1631,1585.5,961947,15571.4,"21-Aug-2026",26166,"",""
"2403","PRICOLLTD","EQ",805,809.75,767.1,797.2,798.5,803.65,591827,4652.77,"21-Aug-2026",35677,"",""
"2404","PRIMECAB","ST",196.3,196.3,190.3,195,195,190,27200,52.85,"21-Aug-2026",17,"",""
"2405","PRIMESECU","EQ",274.85,278.8,274.85,276.65,275.35,275.15,3163,8.75,"21-Aug-2026",190,"",""
"2406","PRIMO","EQ",21.5,21.85,20.79,20.89,20.79,21.46,320525,67.82,"21-Aug-2026",1999,"",""
"2407","PRINCEPIPE","EQ",285,288.75,282.1,283.3,283,283.1,115674,329.51,"21-Aug-2026",3657,"",""
"2408","PRISMX","EQ",0.54,0.55,0.52,0.53,0.54,0.54,108507,0.58,"21-Aug-2026",104,"",""
"2409","PRITI","BE",33.56,34,32.52,33.48,33.5,33.56,6075,2.04,"21-Aug-2026",83,"",""
"2410","PRITIKAUTO","BE",17.42,17.8,17.25,17.63,17.8,17.42,77924,13.72,"21-Aug-2026",201,"",""
"2411","PRIVISCL","EQ",3455,3497.5,3442.1,3479.7,3480,3450.3,47861,1663.89,"21-Aug-2026",11451,"",""
"2412","PRIZOR","ST",958,971.75,940.1,971.75,971.75,925.5,18800,182.18,"21-Aug-2026",46,"",""
"2413","PRLIND","SM",43,43.75,42.45,43,43,42.8,9000,3.88,"21-Aug-2026",9,"",""
"2414","PROLIFE","SM",79.45,79.45,79.45,79.45,79.45,83.6,1000,0.79,"21-Aug-2026",2,"",""
"2415","PROPEQUITY","SM",220,220,210,212,212,220,2400,5.12,"21-Aug-2026",4,"",""
"2416","PROPSHOP","SM",69.2,73,66.55,70.05,72,69.5,284000,197.48,"21-Aug-2026",73,"",""
"2417","PROSTARM","EQ",138.8,140.89,136.31,138.72,139.82,138.53,197778,274.5,"21-Aug-2026",3050,"",""
"2418","PROTEAN","EQ",548.25,562,548,551.05,550,548.15,226005,1254.15,"21-Aug-2026",7461,"",""
"2419","PROV","SM",1831,1908,1831,1845,1845,1910,480,8.9,"21-Aug-2026",6,"",""
"2420","PROZONER","EQ",41.9,42.88,41.25,41.73,42,41.96,126781,52.92,"21-Aug-2026",772,"",""
"2421","PRSMJOHNSN","EQ",109.1,109.38,106.36,107.97,108.44,109.88,7068285,7629.88,"21-Aug-2026",11600,"",""
"2422","PRUDENT","EQ",3389.2,3389.2,3320,3353.5,3340,3363.5,13893,465.02,"21-Aug-2026",5050,"",""
"2423","PRUDMOULI","BE",15,15.39,14.5,15.24,15.24,14.69,12086,1.81,"21-Aug-2026",90,"",""
"2424","PSB","EQ",23.4,23.65,23.32,23.46,23.41,23.38,594037,139.18,"21-Aug-2026",2098,"",""
"2425","PSFL","SM",31.2,31.2,31.05,31.05,31.05,32.5,6000,1.87,"21-Aug-2026",3,"",""
"2426","PSPPROJECT","EQ",921.9,936,910,911.95,917,923.35,25053,229.74,"21-Aug-2026",1692,"",""
"2427","PSRAJ","ST",78.55,81.4,78.15,78.15,78.15,82.25,25000,19.64,"21-Aug-2026",10,"",""
"2428","PSUBANK","EQ",87.74,87.74,85.86,86.11,86.23,86.02,177079,152.6,"21-Aug-2026",624,"",""
"2429","PSUBANKADD","EQ",87.31,87.34,86.32,86.67,86.32,86.98,165114,143.28,"21-Aug-2026",1087,"",""
"2430","PSUBNKBEES","EQ",95.53,97.48,95.53,95.82,96,96.28,779941,749.08,"21-Aug-2026",4718,"",""
"2431","PSUBNKIETF","EQ",85.13,87.97,85.13,86.73,86.6,87.32,98447,85.75,"21-Aug-2026",759,"",""
"2432","PTC","EQ",157.05,157.79,156.15,156.56,156.73,157.05,1253565,1965.46,"21-Aug-2026",19377,"",""
"2433","PTCIL","EQ",19670,20789,19501,20629,20725,19623,48200,9787.87,"21-Aug-2026",16723,"",""
"2434","PTL","EQ",38.99,38.99,38.16,38.33,38.25,38.24,27643,10.62,"21-Aug-2026",581,"",""
"2435","PULZ","SM",24.55,24.55,24,24.45,24.45,23.5,6000,1.46,"21-Aug-2026",3,"",""
"2436","PUNJABCHEM","EQ",1167.2,1170,1140,1148,1140.2,1167,3628,42.06,"21-Aug-2026",627,"",""
"2437","PURPLEUTED","ST",395,411.2,376.65,411.2,411.2,391.65,55250,220.19,"21-Aug-2026",160,"",""
"2438","PURVA","EQ",216.4,227.34,214.71,219.36,218.25,216.4,580154,1278.54,"21-Aug-2026",15214,"",""
"2439","PUSHPA","SM",110.5,113,110.2,113,113,114,3000,3.34,"21-Aug-2026",3,"",""
"2440","PVP","EQ",44.3,45.9,43.41,45.35,45.24,43.15,4412971,1986.15,"21-Aug-2026",13744,"",""
"2441","PVRINOX","EQ",1219.6,1238.7,1207.3,1216.8,1217,1219.5,342888,4195.9,"21-Aug-2026",30701,"",""
"2442","PVSL","EQ",114.67,114.83,109,109.67,110,114.67,49800,55.5,"21-Aug-2026",1025,"",""
"2443","PVTBANIETF","EQ",27.81,27.96,27.76,27.93,27.94,27.7,1803482,503.19,"21-Aug-2026",1136,"",""
"2444","PVTBANK","EQ",27.64,27.73,27.62,27.72,27.72,27.49,5746,1.59,"21-Aug-2026",9,"",""
"2445","PVTBANKADD","EQ",27.24,28.11,27.24,28.07,28.03,27.94,96480,27.1,"21-Aug-2026",168,"",""
"2446","PVTBKGROWW","EQ",27.64,27.9,27.31,27.76,27.76,27.64,10726,2.97,"21-Aug-2026",79,"",""
"2447","PWL","EQ",122.89,123.14,120.06,120.83,120.65,121.95,5529387,6722.34,"21-Aug-2026",23435,"",""
"2448","PYRAMID","EQ",165,166,160.82,163.43,161.35,163.18,38822,63.52,"21-Aug-2026",1229,"",""
"2449","QGOLDHALF","EQ",130.01,132.22,130.01,131.65,131.75,130.07,216663,284.68,"21-Aug-2026",1033,"",""
"2450","QLINE","SM",510,558.9,508.1,549.75,545,512,164000,881.34,"21-Aug-2026",366,"",""
"2451","QMSMEDI","BE",147.9,148.39,143,148.39,148.39,141.33,63262,93.24,"21-Aug-2026",379,"",""
"2452","QNIFTY","EQ",270.6,270.6,266.3,267.28,267.4,267,3381,9.03,"21-Aug-2026",191,"",""
"2453","QPOWER","EQ",1338,1350,1300.9,1305.6,1309.7,1334.9,166869,2204.56,"21-Aug-2026",12286,"",""
"2454","QUADFUTURE","EQ",340,405.35,339,405.35,405.35,337.8,7504777,29085.87,"21-Aug-2026",96066,"",""
"2455","QUAL30IETF","EQ",21.54,21.54,21.29,21.33,21.3,21.36,49350,10.54,"21-Aug-2026",181,"",""
"2456","QUALITY30","EQ",21.52,21.52,20.91,21.03,20.94,21.06,21419,4.49,"21-Aug-2026",57,"",""
"2457","QUESS","EQ",338,344,333.1,335.85,339,338.25,320147,1082.58,"21-Aug-2026",12895,"",""
"2458","QUESTLAB","SM",86.25,86.25,85.15,85.85,85.5,86.9,13200,11.32,"21-Aug-2026",11,"",""
"2459","QUICKHEAL","BE",142.5,143.99,141,142.87,143,141.62,27941,39.93,"21-Aug-2026",618,"",""
"2460","QUICKTOUCH","SM",16.7,16.7,16.35,16.7,16.7,15.95,5500,0.92,"21-Aug-2026",8,"",""
"2461","QUINT","EQ",38,41.8,36.8,40.34,40.5,36.51,65255,25.88,"21-Aug-2026",358,"",""
"2462","QVCEL","SM",27.95,27.95,26.1,26.1,26.1,26.75,6400,1.7,"21-Aug-2026",4,"",""
"2463","RACE","EQ",103.7,104.99,100.01,102.53,103,102.12,2748,2.81,"21-Aug-2026",123,"",""
"2464","RACLGEAR","EQ",1449.9,1534,1415.4,1512,1500,1435.5,69209,1026.85,"21-Aug-2026",6592,"",""
"2465","RADAAN","EQ",2.98,3.04,2.96,3,3.04,2.96,11681,0.35,"21-Aug-2026",56,"",""
"2466","RADHIKAJWE","EQ",66.69,69.7,65.76,67.56,67.65,65.67,779164,526.8,"21-Aug-2026",6493,"",""
"2467","RADIANTCMS","EQ",34.3,34.85,33.99,34.52,34.66,34.18,82576,28.39,"21-Aug-2026",980,"",""
"2468","RADICO","EQ",4705,4724,4615,4639.8,4639.8,4696,174125,8083.86,"21-Aug-2026",17236,"",""
"2469","RADIOCITY","EQ",6.66,6.94,6.66,6.69,6.67,6.69,122614,8.2,"21-Aug-2026",104,"",""
"2470","RADIOWALLA","ST",25,25,25,25,25,24.55,8000,2,"21-Aug-2026",4,"",""
"2471","RAILTEL","EQ",285,291.75,284.9,287.25,286,280.75,2431910,7005.1,"21-Aug-2026",29985,"",""
"2472","RAIN","EQ",204.92,212.6,204.4,208.61,208.35,204.92,3396240,7122,"21-Aug-2026",24147,"",""
"2473","RAINBOW","EQ",1458,1469.9,1424.6,1433.2,1435,1453.5,86438,1243.84,"21-Aug-2026",15584,"",""
"2474","RAJESHEXPO","BZ",79.94,81.4,78,79.18,79,79.91,95795,75.57,"21-Aug-2026",1680,"",""
"2475","RAJINDLTD","SM",68.05,68.75,68.05,68.75,68.75,70.65,3000,2.05,"21-Aug-2026",2,"",""
"2476","RAJMET","EQ",3.22,3.7,3.2,3.5,3.51,3.22,486653,16.59,"21-Aug-2026",751,"",""
"2477","RAJOOENG","BE",50.45,51,49.3,50.36,50.5,50.26,186264,93.8,"21-Aug-2026",561,"",""
"2478","RAJPALAYAM","EQ",812.75,818.85,809.95,816.05,812,812.65,1858,15.07,"21-Aug-2026",108,"",""
"2479","RAJPUTANA","SM",212,222.1,212,219.95,219.95,218,4500,9.81,"21-Aug-2026",9,"",""
"2480","RAJRATAN","EQ",503.1,512,494.2,501.75,503,505.35,87280,437.75,"21-Aug-2026",4906,"",""
"2481","RAJRILTD","BE",22.75,23.34,22.45,22.72,22.45,22.9,74835,17.09,"21-Aug-2026",206,"",""
"2482","RAJSREESUG","EQ",40.38,40.38,38.02,39.1,38.9,40.38,323810,126.59,"21-Aug-2026",1748,"",""
"2483","RAJTV","EQ",10.63,10.63,10.11,10.49,10.54,10.29,9419,0.98,"21-Aug-2026",88,"",""
"2484","RALLIS","EQ",213.4,213.4,211.3,212.18,212.17,212.85,560411,1188.27,"21-Aug-2026",13330,"",""
"2485","RAMANEWS","EQ",32.89,32.89,31.22,31.79,31.51,31.66,5205,1.65,"21-Aug-2026",170,"",""
"2486","RAMAPHO","EQ",123.2,123.42,120.05,121.05,121.69,122.83,18500,22.45,"21-Aug-2026",537,"",""
"2487","RAMASTEEL","BE",4.01,4.01,4.01,4.01,4.01,4.09,1538716,61.7,"21-Aug-2026",2404,"",""
"2488","RAMBHAJO","EQ",173.9,180,173.9,177.41,176.5,173.84,170052,300.6,"21-Aug-2026",2195,"",""
"2489","RAMCOCEM","EQ",907,913.5,895,899.05,896.3,906.95,239794,2169.63,"21-Aug-2026",8802,"",""
"2490","RAMCOIND","EQ",359.8,360.05,346,347,347.95,354,176797,620.77,"21-Aug-2026",5669,"",""
"2491","RAMCOSYS","EQ",552.35,555,537.15,543.65,543,552.35,107239,584.14,"21-Aug-2026",4957,"",""
"2492","RAMKY","EQ",389.2,398,380,392.2,394.25,391.15,109007,421.9,"21-Aug-2026",2281,"",""
"2493","RAMRAT","EQ",488.5,493.55,475,477.35,476.45,486.5,162109,786.98,"21-Aug-2026",4783,"",""
"2494","RANASUG","EQ",14.99,15.2,14.36,14.96,15.05,15.21,1510993,224.06,"21-Aug-2026",4204,"",""
"2495","RANEHOLDIN","EQ",1589.8,1630,1586.5,1615.6,1610,1581.1,7597,122.21,"21-Aug-2026",1102,"",""
"2496","RAPIDFLEET","SM",168,168,168,168,168,168,600,1.01,"21-Aug-2026",1,"",""
"2497","RAPPID","SM",303.05,314.9,303.05,311.65,312.7,320.4,9600,29.56,"21-Aug-2026",16,"",""
"2498","RATEGAIN","EQ",943,1003,932.4,990.05,992,943.75,958135,9395.02,"21-Aug-2026",34957,"",""
"2499","RATNAMANI","EQ",2289.6,2360,2278.6,2354.4,2353.9,2289.6,43396,1017.3,"21-Aug-2026",7680,"",""
"2500","RATNAVEER","EQ",272.7,282.98,262.2,267.04,264.8,269.24,11091497,30293.03,"21-Aug-2026",86879,"",""
"2501","RAYMOND","EQ",654.9,654.9,640.1,643.15,642.5,656.65,271355,1751.15,"21-Aug-2026",10981,"",""
"2502","RAYMONDLSL","EQ",731,736.4,723.75,726.95,727,730.85,78864,573.4,"21-Aug-2026",5208,"",""
"2503","RAYMONDREL","EQ",580,582,573.4,576.9,577.5,578.05,86535,499.3,"21-Aug-2026",2713,"",""
"2504","RBA","EQ",105.3,107.18,102.33,104.24,103.75,105.21,5707608,6010.51,"21-Aug-2026",23565,"",""
"2505","RBLBANK","EQ",392.3,392.75,387.7,392.5,392.5,392.3,1987210,7758.87,"21-Aug-2026",25742,"",""
"2506","RBMINFRA","SM",249.55,249.55,240,242.45,241,249.55,9200,22.31,"21-Aug-2026",45,"",""
"2507","RBS","SM",93,93,92,92,92,94.9,2400,2.22,"21-Aug-2026",3,"",""
"2508","RBZJEWEL","EQ",135.4,140.33,135.4,138.09,139.7,135.46,109623,151.47,"21-Aug-2026",3603,"",""
"2509","RCDL","SM",28.45,28.7,27.5,28.6,28.7,28.45,48000,13.63,"21-Aug-2026",16,"",""
"2510","RCF","EQ",118.6,119.5,117.55,118.16,118.1,118.42,1003863,1188.73,"21-Aug-2026",11190,"",""
"2511","RCOM","BE",0.81,0.82,0.8,0.8,0.81,0.8,4067822,32.82,"21-Aug-2026",2081,"",""
"2512","READYMIX","SM",92,96.45,91.55,96.4,96.45,95.8,29000,27.37,"21-Aug-2026",29,"",""
"2513","RECLTD","EQ",328.5,330.45,325.3,326.65,326.65,328.1,4327678,14161.47,"21-Aug-2026",43276,"",""
"2514","REDINGTON","EQ",348.45,357.75,340.5,350.55,350,348.1,5048514,17799.67,"21-Aug-2026",80861,"",""
"2515","REDTAPE","EQ",123.98,124.49,122.31,122.88,123,123.98,127859,157.89,"21-Aug-2026",2639,"",""
"2516","REFEX","EQ",294.95,296.3,293.05,293.95,294,293.6,133646,393.05,"21-Aug-2026",2754,"",""
"2517","REFRACTORY","SM",26.95,27.4,25.3,27.35,27.4,26.1,18000,4.87,"21-Aug-2026",12,"",""
"2518","REGAAL","EQ",95.84,98.72,95.2,95.96,95.9,95.84,324769,315.34,"21-Aug-2026",4823,"",""
"2519","REGENCERAM","EQ",36.99,41.38,35.3,35.91,35.9,34.53,20200,7.69,"21-Aug-2026",276,"",""
"2520","RELAXO","EQ",372.6,379,372.5,376.6,377.95,374.1,134606,505.88,"21-Aug-2026",5510,"",""
"2521","RELCHEMQ","EQ",113,115,111.5,112.18,111.5,113.53,8668,9.78,"21-Aug-2026",210,"",""
"2522","RELIABLE","EQ",139.8,141.99,131,138.54,136.56,138.44,27721,38.35,"21-Aug-2026",283,"",""
"2523","RELIANCE","EQ",1314,1316,1308,1316,1316,1313.2,5434871,71262.21,"21-Aug-2026",92200,"",""
"2524","RELIGARE","EQ",231,233.5,230.55,231.6,231.3,231.65,234229,543.18,"21-Aug-2026",5509,"",""
"2525","RELINFRA","BE",60.7,63.16,60.7,63.16,63.16,61.93,524709,327.64,"21-Aug-2026",2604,"",""
"2526","RELTD","EQ",165.01,170,164.51,167.63,168,166.71,129378,217.36,"21-Aug-2026",2560,"",""
"2527","REMSONSIND","EQ",84.24,86,83.97,84.9,84,84.24,79547,67.64,"21-Aug-2026",1356,"",""
"2528","REMUS","SM",956,987.5,945.1,961.65,964,949.8,17800,172.04,"21-Aug-2026",137,"",""
"2529","RENUKA","EQ",26.13,26.4,24.76,25.14,25.22,26.13,54941556,13906.1,"21-Aug-2026",67341,"",""
"2530","REPCOHOME","EQ",364.65,364.65,357.8,359.05,358.9,362.8,61301,220.37,"21-Aug-2026",2260,"",""
"2531","REPL","BE",65.5,65.5,63,64.7,64.7,63.18,7664,4.88,"21-Aug-2026",67,"",""
"2532","REPRO","EQ",326.85,326.85,320.55,324,323.85,324.9,4740,15.33,"21-Aug-2026",248,"",""
"2533","RESPONIND","EQ",156,159.39,154.15,155.06,154.2,156.37,173000,272.72,"21-Aug-2026",2418,"",""
"2534","RETAIL","EQ",17.64,17.95,16.56,17.01,17.01,17.64,3500,0.6,"21-Aug-2026",39,"",""
"2535","RFBL","ST",90.95,100.4,90.95,100.4,100.4,95.7,180000,172.19,"21-Aug-2026",12,"",""
"2536","RGL","EQ",130.51,132.7,128.5,131.26,131.6,130.51,361435,472.54,"21-Aug-2026",4536,"",""
"2537","RHETAN","EQ",21.75,24.23,20.61,24.22,24.23,22.03,38609598,8849.24,"21-Aug-2026",26808,"",""
"2538","RHFL","BZ",1.72,1.8,1.7,1.78,1.79,1.72,610916,10.68,"21-Aug-2026",977,"",""
"2539","RHIM","EQ",374.2,376.15,372,375.25,375,374.75,177532,665,"21-Aug-2026",7314,"",""
"2540","RHL","EQ",166,171.8,166,169.22,168,166.75,935,1.59,"21-Aug-2026",22,"",""
"2541","RICHA","ST",84.55,84.55,84.55,84.55,84.55,89,2000,1.69,"21-Aug-2026",2,"",""
"2542","RICOAUTO","EQ",132.2,133.5,129.6,129.95,130,131.54,686862,899.42,"21-Aug-2026",5752,"",""
"2543","RIIL","EQ",741.95,814,738.5,786.1,779,737.8,1249232,9927.41,"21-Aug-2026",40581,"",""
"2544","RIIT","IV",122,122.5,120.66,121.91,121.94,121.88,136046,165.8,"21-Aug-2026",2157,"",""
"2545","RILINFRA","SM",36.35,37.2,36.35,36.65,36.7,36.85,2200,0.81,"21-Aug-2026",19,"",""
"2546","RIR","EQ",166.99,166.99,164.26,164.93,164.52,164.38,50964,84.22,"21-Aug-2026",1099,"",""
"2547","RISHABH","EQ",679.5,691,657.05,669.3,665.15,684.2,415367,2789.13,"21-Aug-2026",14079,"",""
"2548","RITCO","EQ",324.75,327.5,313.25,317.9,318,322.7,79256,253.1,"21-Aug-2026",3036,"",""
"2549","RITES","EQ",218,220.22,217.05,218.08,217.99,218.44,278413,608.03,"21-Aug-2026",9043,"",""
"2550","RITEZONE","SM",17.8,17.95,17.65,17.95,17.95,18.55,9600,1.7,"21-Aug-2026",6,"",""
"2551","RKDL","EQ",18.27,18.6,18,18.28,18.27,18.27,9804,1.81,"21-Aug-2026",83,"",""
"2552","RKEC","EQ",22.1,23.5,22,22.47,22.49,22.6,29955,6.72,"21-Aug-2026",175,"",""
"2553","RKFORGE","EQ",745.6,748.7,734.1,737.05,735,745.4,507360,3758.15,"21-Aug-2026",16929,"",""
"2554","RKSWAMY","EQ",95.9,96.33,94.1,95.45,96.33,95.83,14006,13.35,"21-Aug-2026",360,"",""
"2555","RMC","EQ",250.05,261.9,250.05,258,255.05,251,36175,92.86,"21-Aug-2026",1310,"",""
"2556","RMDRIP","BE",18,18.6,17.58,18.37,18.12,18,402110,73.23,"21-Aug-2026",565,"",""
"2557","RML","EQ",1092.4,1129,1080.5,1101,1098.4,1078.2,34906,384.82,"21-Aug-2026",3954,"",""
"2558","RNBDENIMS","EQ",7.93,8,7.72,7.73,7.76,7.93,319328,24.9,"21-Aug-2026",1070,"",""
"2559","RNFI","SM",269.05,277.4,267.5,275.5,275.6,270.75,32400,88.16,"21-Aug-2026",48,"",""
"2560","RNPL","SM",81,81.75,81,81.75,81.75,81.25,6000,4.88,"21-Aug-2026",5,"",""
"2561","ROCKINGDCE","SM",188.5,209,180,205.95,209,180.4,34250,68.32,"21-Aug-2026",106,"",""
"2562","ROCKPP","E1",60,60,60,60,60,56,1000,0.6,"21-Aug-2026",1,"",""
"2563","ROHLTD","EQ",308.2,308.2,301.6,302.7,302.6,302.85,15392,46.77,"21-Aug-2026",804,"",""
"2564","ROLEXRINGS","EQ",187.5,189.4,182,183.37,183,185.82,2601046,4834.25,"21-Aug-2026",32656,"",""
"2565","ROLLT","BE",3.64,3.64,3.64,3.64,3.64,3.47,1055451,38.42,"21-Aug-2026",326,"",""
"2566","ROML","EQ",45.44,45.44,43.35,43.6,43.52,43.77,2206,0.97,"21-Aug-2026",64,"",""
"2567","ROSSARI","EQ",511.8,515.45,499.25,501.75,501.35,511.7,83304,419.43,"21-Aug-2026",4162,"",""
"2568","ROSSELLIND","EQ",57.2,57.2,55.45,55.94,55.99,56.65,55968,31.28,"21-Aug-2026",415,"",""
"2569","ROSSTECH","EQ",1073.75,1090,1058,1074.2,1071.85,1076.6,119335,1281.56,"21-Aug-2026",8212,"",""
"2570","ROTO","EQ",65.3,65.95,65.25,65.58,65.64,65.53,198726,130.48,"21-Aug-2026",1658,"",""
"2571","ROUTE","EQ",503.5,505.1,498.55,502.3,501.5,503.35,94020,471.48,"21-Aug-2026",5130,"",""
"2572","ROXHITECH","SM",53.2,53.75,53,53.75,53.75,53.2,27200,14.56,"21-Aug-2026",14,"",""
"2573","ROYALARC","SM",183,183,179,179,179,178,3600,6.49,"21-Aug-2026",3,"",""
"2574","RPEL","EQ",1614.7,1700,1596,1689.8,1694,1614.7,123439,2061.88,"21-Aug-2026",10454,"",""
"2575","RPGLIFE","EQ",2654.8,2672.9,2612.2,2636.6,2634.2,2654.8,4789,126.58,"21-Aug-2026",1101,"",""
"2576","RPOWER","EQ",22.3,23.8,22.07,23.45,23.59,22.15,63810372,14801.91,"21-Aug-2026",79541,"",""
"2577","RPPINFRA","EQ",56.85,57.99,56.85,57.64,57.5,56.45,33679,19.3,"21-Aug-2026",458,"",""
"2578","RPPL","BE",22.98,23.79,22.56,23.57,23.2,22.94,36027,8.34,"21-Aug-2026",94,"",""
"2579","RPSGVENT","EQ",879.95,879.95,865,866.25,866,868.4,12589,109.37,"21-Aug-2026",933,"",""
"2580","RPTECH","EQ",856.2,888.4,856.2,876.9,875,856.15,253295,2213.82,"21-Aug-2026",13419,"",""
"2581","RRIL","EQ",16.75,17.65,16.2,17.45,17.1,16.34,34723,5.88,"21-Aug-2026",203,"",""
"2582","RRKABEL","EQ",2890,2931.4,2850,2919.3,2923,2894.2,270390,7844.36,"21-Aug-2026",27798,"",""
"2583","RSDFIN","BE",88.53,96.1,86.96,96.1,96.1,91.53,5387,4.78,"21-Aug-2026",94,"",""
"2584","RSL","EQ",166.47,167.02,161.91,164.85,165,165.55,522499,857.94,"21-Aug-2026",6517,"",""
"2585","RSSOFTWARE","EQ",30.21,31.2,29.61,30.32,30.01,30.94,25271,7.67,"21-Aug-2026",176,"",""
"2586","RSWM","BE",199.04,206.9,191,204.83,205.99,197.47,48430,96.66,"21-Aug-2026",346,"",""
"2587","RSYSTEMS","EQ",241.6,241.6,237.25,239.25,239.9,241.6,116889,279.42,"21-Aug-2026",4075,"",""
"2588","RTNINDIA","EQ",30.03,31.29,30.03,30.45,30.43,30.03,1248075,382.73,"21-Aug-2026",5362,"",""
"2589","RTNPOWER","EQ",7.78,7.95,7.74,7.89,7.91,7.77,18032204,1418.42,"21-Aug-2026",16529,"",""
"2590","RTSPOWR","EQ",94.5,99.5,92,93.33,95.47,98.52,10016,9.44,"21-Aug-2026",107,"",""
"2591","RUBFILA","EQ",69.9,70.69,69,69.45,69.01,68.43,19686,13.76,"21-Aug-2026",265,"",""
"2592","RUBICON","EQ",1774.7,1776,1701,1724.7,1727,1760.6,274829,4741.17,"21-Aug-2026",26171,"",""
"2593","RUBYMILLS","BE",417,420,399,402.1,409.95,403.6,8420,34.67,"21-Aug-2026",181,"",""
"2594","RUCHINFRA","EQ",5.88,5.88,5.71,5.72,5.74,5.78,27774,1.6,"21-Aug-2026",149,"",""
"2595","RUCHIRA","EQ",102.67,104.99,102.25,102.9,102.5,102.63,33403,34.57,"21-Aug-2026",774,"",""
"2596","RUDRA","EQ",21.5,22,21.11,21.28,21.3,21.7,184313,39.26,"21-Aug-2026",202,"",""
"2597","RULKA","SM",104,108,104,108,108,104,5100,5.35,"21-Aug-2026",17,"",""
"2598","RUPA","EQ",154.55,155.98,153,153.53,153.1,155.29,59108,91.15,"21-Aug-2026",2524,"",""
"2599","RUSHIL","EQ",17.18,17.35,16.52,17.07,17,16.92,452269,77.11,"21-Aug-2026",1123,"",""
"2600","RUSTOMJEE","EQ",371,373.85,365.65,371.45,370.05,370.95,19996,74.03,"21-Aug-2026",1340,"",""
"2601","RVHL","EQ",43.5,43.58,41.6,43.02,43.05,42.43,2663,1.14,"21-Aug-2026",45,"",""
"2602","RVNL","EQ",227.9,231.38,225.3,225.3,225.3,227.9,2620850,5981.29,"21-Aug-2026",24430,"",""
"2603","RVTH","EQ",752.5,779.65,730,733.9,759,753,628,4.67,"21-Aug-2026",54,"",""
"2604","S&SPOWER","EQ",286,298.85,271.7,298.85,298.85,271.7,12178,35.61,"21-Aug-2026",360,"",""
"2605","SAAKSHI","ST",280,285.7,274.35,285.7,285.7,288.75,17400,48.41,"21-Aug-2026",22,"",""
"2606","SAATVIKGL","EQ",420.55,433.55,410.1,418.95,416.95,401,1109085,4662.33,"21-Aug-2026",20272,"",""
"2607","SAB","EQ",170,178.5,170,170.32,178.5,170,104,0.18,"21-Aug-2026",4,"",""
"2608","SABAR","SM",6.95,6.95,6.95,6.95,6.95,6.65,45000,3.13,"21-Aug-2026",9,"",""
"2609","SACHEEROME","SM",508.55,517,479.95,500.55,496,508.55,40200,200.21,"21-Aug-2026",118,"",""
"2610","SADBHAV","EQ",8.3,8.34,7.95,8,8,8.3,248801,20.16,"21-Aug-2026",564,"",""
"2611","SADBHIN","BE",2.75,2.77,2.68,2.72,2.74,2.75,49685,1.35,"21-Aug-2026",119,"",""
"2612","SADHAV","SM",118,118,113.6,114.45,114,116.95,20400,23.5,"21-Aug-2026",31,"",""
"2613","SADHNANIQ","BE",2.87,2.97,2.87,2.97,2.97,2.92,2160432,63.29,"21-Aug-2026",495,"",""
"2614","SAFARI","EQ",1501,1507.6,1469.3,1496.8,1507.6,1490.2,31078,463.58,"21-Aug-2026",5726,"",""
"2615","SAFEENTP","SM",259.5,259.5,244.2,250,250,254.2,269500,673.59,"21-Aug-2026",176,"",""
"2616","SAGARDEEP","EQ",24,24.2,23.4,23.4,23.41,23.53,13459,3.18,"21-Aug-2026",81,"",""
"2617","SAGCEM","EQ",164.45,164.73,162,162.95,162,162.45,17556,28.68,"21-Aug-2026",529,"",""
"2618","SAGILITY","EQ",42.64,43.85,42.64,43.35,43.36,42.64,28339595,12272.19,"21-Aug-2026",59987,"",""
"2619","SAHAJSOLAR","SM",104.1,109,104.1,108.35,106.2,106.5,12400,13.33,"21-Aug-2026",18,"",""
"2620","SAHANA","SM",848,858.3,816.05,853.05,850.95,839.95,44850,377.63,"21-Aug-2026",161,"",""
"2621","SAHASRA","ST",317.95,326.8,312,323.45,325,321,36800,118.26,"21-Aug-2026",71,"",""
"2622","SAHLIBHFI","EQ",75,75.36,72.5,74,75,73.9,36251,26.59,"21-Aug-2026",112,"",""
"2623","SAHYADRI","EQ",374.4,382,370,374.05,372.5,374.9,8394,31.27,"21-Aug-2026",362,"",""
"2624","SAICAPI","EQ",151,151.1,145,146.44,146.44,150.8,54,0.08,"21-Aug-2026",6,"",""
"2625","SAIFL","SM",5,5.15,4.95,5.1,5.15,5.05,256000,12.93,"21-Aug-2026",46,"",""
"2626","SAIL","EQ",174.9,177,173.02,173.46,173.46,174.9,14687511,25698.44,"21-Aug-2026",61656,"",""
"2627","SAILIFE","EQ",1483,1485,1448.4,1457.4,1456.9,1471.6,323792,4729.97,"21-Aug-2026",24279,"",""
"2628","SAIPARENT","EQ",546.15,546.2,539,540.85,540.1,543.4,58240,315.86,"21-Aug-2026",1608,"",""
"2629","SAKAR","EQ",892.95,928,880.15,912.6,913,884.65,81898,747.12,"21-Aug-2026",5299,"",""
"2630","SAKHTISUG","EQ",22.08,22.08,20.7,21.13,21.19,21.77,936153,198.19,"21-Aug-2026",2778,"",""
"2631","SAKSOFT","EQ",164.99,165.81,163.02,163.52,163.3,163.72,151961,248.81,"21-Aug-2026",2667,"",""
"2632","SAKUMA","EQ",1.54,1.54,1.51,1.52,1.52,1.51,786238,11.95,"21-Aug-2026",682,"",""
"2633","SALASAR","EQ",5.95,6.01,5.93,5.94,5.95,6.01,2423137,144.66,"21-Aug-2026",2490,"",""
"2634","SALONA","EQ",272.99,273,260.05,263.3,265,273.53,331,0.89,"21-Aug-2026",43,"",""
"2635","SALSTEEL","EQ",79.5,80.96,75.57,78.93,77.5,79.13,1130346,887.66,"21-Aug-2026",7858,"",""
"2636","SALZERELEC","EQ",569.9,574,566,569.55,568.1,568.55,27568,157.25,"21-Aug-2026",1553,"",""
"2637","SAMAY","ST",44.1,44.2,44.1,44.2,44.2,44.2,8000,3.53,"21-Aug-2026",2,"",""
"2638","SAMBANDAM","EQ",143,151.2,141.06,151.2,151.2,126,81301,121.28,"21-Aug-2026",897,"",""
"2639","SAMBHAAV","EQ",6.2,6.32,6.12,6.18,6.25,6.27,88138,5.5,"21-Aug-2026",75,"",""
"2640","SAMBHV","EQ",132,133.8,128.56,129.35,129.5,131.38,1945359,2557.28,"21-Aug-2026",15015,"",""
"2641","SAMHI","EQ",160.39,160.91,158.4,159.56,159,160.39,473143,754.59,"21-Aug-2026",10707,"",""
"2642","SAMMAANCAP","EQ",150.05,152.15,149.8,150.52,150.69,150.23,4322716,6520.57,"21-Aug-2026",18474,"",""
"2643","SAMPANN","EQ",26.2,26.49,25.87,25.95,25.95,26.11,7110,1.86,"21-Aug-2026",144,"",""
"2644","SANATHAN","EQ",472,473.75,457.65,465.6,466,461.25,73098,338.49,"21-Aug-2026",2669,"",""
"2645","SANDESH","EQ",1050,1050,1027.2,1038.75,1038.25,1030.45,1779,18.52,"21-Aug-2026",138,"",""
"2646","SANDHAR","EQ",649.1,671.85,646,667.75,667.05,648,257690,1705.33,"21-Aug-2026",8749,"",""
"2647","SANDUMA","EQ",197.35,201.62,196.6,198.93,199.7,196.95,428622,856.03,"21-Aug-2026",7705,"",""
"2648","SANGAMIND","EQ",575.55,587.15,573.05,577.65,581,578.05,12387,71.78,"21-Aug-2026",826,"",""
"2649","SANGHVIMOV","EQ",489.65,494.6,477.1,479.35,480.75,490.7,249768,1212.17,"21-Aug-2026",8635,"",""
"2650","SANGINITA","BE",56.42,56.42,56.42,56.42,56.42,59.38,221357,124.89,"21-Aug-2026",230,"",""
"2651","SANOFI","EQ",3321,3372,3310,3352.8,3357,3321,17856,598.15,"21-Aug-2026",4198,"",""
"2652","SANOFICONR","EQ",4203.3,4260,4200,4222.1,4211,4213.1,3562,150.36,"21-Aug-2026",1313,"",""
"2653","SANSERA","EQ",3897,3929.5,3860,3876.9,3882.7,3900.2,92724,3604.16,"21-Aug-2026",13140,"",""
"2654","SANSTAR","EQ",105.57,106.88,104.99,105.75,105.6,105.23,120039,127.18,"21-Aug-2026",1873,"",""
"2655","SANWARIA","BZ",0.2,0.2,0.19,0.19,0.2,0.19,409410,0.8,"21-Aug-2026",144,"",""
"2656","SAPPHIRE","EQ",242.5,250,241,242.34,243,241.35,1403350,3453.99,"21-Aug-2026",27407,"",""
"2657","SAPPL","EQ",284.1,289.85,281.05,281.1,281.1,284.1,370,1.06,"21-Aug-2026",14,"",""
"2658","SARDAEN","EQ",509.35,521.9,508.5,510.6,509.95,509.35,401006,2068.01,"21-Aug-2026",10759,"",""
"2659","SAREGAMA","EQ",519,522,504.1,506.55,505.6,520.2,294119,1503.98,"21-Aug-2026",9888,"",""
"2660","SARLAPOLY","EQ",99.11,99.19,97.15,97.89,98,98.85,38185,37.39,"21-Aug-2026",1032,"",""
"2661","SAROJA","SM",33,34.4,33,34.4,34.4,32.8,19200,6.58,"21-Aug-2026",12,"",""
"2662","SARTELE","SM",101.5,111,101.45,105.85,105,101.95,69000,73.42,"21-Aug-2026",104,"",""
"2663","SARVESHWAR","EQ",3.44,3.44,3.38,3.4,3.39,3.39,847285,28.8,"21-Aug-2026",1121,"",""
"2664","SASKEN","EQ",1874.1,1960,1865,1949,1947.8,1874.1,21150,407.21,"21-Aug-2026",2881,"",""
"2665","SATECH","SM",33.45,33.45,31.3,32.1,32.95,33.3,12000,3.9,"21-Aug-2026",11,"",""
"2666","SATIA","EQ",57.71,59.76,56.4,58.68,58.99,57.71,109637,63.57,"21-Aug-2026",1377,"",""
"2667","SATIN","EQ",227,227.99,223.1,224.16,224.01,226.98,149872,337.63,"21-Aug-2026",3468,"",""
"2668","SATIPOLY","ST",44.75,44.75,44.7,44.7,44.7,42.65,9000,4.02,"21-Aug-2026",5,"",""
"2669","SATKARTAR","SM",116.05,117,112,116.1,116.7,117,22400,25.77,"21-Aug-2026",23,"",""
"2670","SATTVAENGG","SM",76,76,72.15,73,73,76,19200,14.11,"21-Aug-2026",12,"",""
"2671","SAURASHCEM","EQ",57.71,59.25,57.71,58.22,57.75,58.25,78629,45.92,"21-Aug-2026",1474,"",""
"2672","SAVY","SM",132,132,129,129,129,129,4800,6.23,"21-Aug-2026",4,"",""
"2673","SAWALIYA","SM",283.5,283.5,276.1,277.2,276.1,280.7,29400,82.27,"21-Aug-2026",40,"",""
"2674","SAYAJIHOTL","EQ",322.35,333.95,322,328,328,322.35,219,0.71,"21-Aug-2026",11,"",""
"2675","SAYAJIIND","EQ",120,120.37,109,116.17,115.25,114.64,5172,6.15,"21-Aug-2026",47,"",""
"2676","SBC","EQ",39.75,40.4,39.75,40.1,40.1,39.86,6273410,2516.99,"21-Aug-2026",5057,"",""
"2677","SBCL","EQ",1038.2,1039.75,986.5,993.25,990.75,1025.35,315084,3160.48,"21-Aug-2026",17615,"",""
"2678","SBFC","EQ",94.25,94.5,93.11,93.93,94.23,93.99,697568,654.85,"21-Aug-2026",7128,"",""
"2679","SBGLP","EQ",25.01,25.23,24.14,24.8,25,24.62,26843,6.63,"21-Aug-2026",112,"",""
"2680","SBIBPB","EQ",51,51,49.74,49.8,49.8,50.09,40856,20.4,"21-Aug-2026",416,"",""
"2681","SBICARD","EQ",638,649,636.4,649,649,647.05,2055590,13228.75,"21-Aug-2026",53798,"",""
"2682","SBIETFCON","EQ",124.63,124.67,123.86,124.06,124.35,124.63,2443,3.04,"21-Aug-2026",70,"",""
"2683","SBIETFIT","EQ",344.67,344.67,336.77,338.93,339.72,340.66,3886,13.18,"21-Aug-2026",185,"",""
"2684","SBIETFPB","EQ",284.56,284.56,280.56,282.33,281.58,279.35,2391,6.74,"21-Aug-2026",76,"",""
"2685","SBIETFQLTY","EQ",224.83,225.55,224,225.25,225.25,225.02,2750,6.2,"21-Aug-2026",465,"",""
"2686","SBIFUNDS","EQ",555.5,556.55,548.05,549.55,548.45,555.5,1679042,9256.26,"21-Aug-2026",43493,"",""
"2687","SBILIFE","EQ",1780,1795.3,1766.2,1792.9,1792.9,1782,655563,11693.88,"21-Aug-2026",28358,"",""
"2688","SBILIQETF","EQ",1052.96,1052.96,1052.94,1052.94,1052.96,1052.53,42131,443.62,"21-Aug-2026",69,"",""
"2689","SBIMIDMOM","EQ",64.55,64.55,63.68,63.9,63.85,63.92,8429,5.39,"21-Aug-2026",90,"",""
"2690","SBIN","EQ",1052.7,1054.7,1040.1,1048.7,1048.7,1048,6534213,68406.52,"21-Aug-2026",94752,"",""
"2691","SBINEQWETF","EQ",33.55,33.78,33.52,33.66,33.78,33.55,18750,6.3,"21-Aug-2026",182,"",""
"2692","SBINMID150","EQ",23.64,23.64,23.35,23.44,23.55,23.53,9504,2.23,"21-Aug-2026",128,"",""
"2693","SBISILVER","EQ",235.5,239.88,235,238.24,238.15,230.8,2529318,6013.33,"21-Aug-2026",10991,"",""
"2694","SBISMLETF","EQ",18.72,18.72,18.38,18.39,18.5,18.35,39553,7.31,"21-Aug-2026",197,"",""
"2695","SBIVALETF","EQ",14.77,14.83,14.73,14.78,14.83,14.75,6997,1.03,"21-Aug-2026",35,"",""
"2696","SCANSTL","BE",66.45,66.45,62.41,63.05,64,64.16,43082,27.82,"21-Aug-2026",194,"",""
"2697","SCHAEFFLER","EQ",4050.5,4080.5,3990,4017.9,4008.8,4049.3,72310,2908.51,"21-Aug-2026",11059,"",""
"2698","SCHAND","EQ",136.89,139.32,134.1,136.76,136,135.03,57693,78.19,"21-Aug-2026",1231,"",""
"2699","SCHNEIDER","EQ",1246,1262.9,1212,1217.3,1224,1242.6,242521,2994.28,"21-Aug-2026",15893,"",""
"2700","SCI","EQ",292.45,294.7,290,290.55,290.7,291.15,1062239,3099.71,"21-Aug-2026",16962,"",""
"2701","SCILAL","EQ",40.02,40.43,39.55,39.81,40,40.01,253355,101.5,"21-Aug-2026",1040,"",""
"2702","SCML","SM",81.5,83.3,81.35,82.4,82.4,82.65,37000,30.68,"21-Aug-2026",37,"",""
"2703","SCODATUBES","EQ",126.68,131.08,126.68,128.84,130.43,126.68,186231,240.83,"21-Aug-2026",2688,"",""
"2704","SCPL","EQ",675,690,658,682.75,690,670.55,37916,256.81,"21-Aug-2026",1987,"",""
"2705","SDBL","EQ",73.57,74.39,73.02,73.74,73.58,73.57,475998,350.94,"21-Aug-2026",3634,"",""
"2706","SDREAMS","SM",82.05,82.05,82.05,82.05,82.05,81.55,1000,0.82,"21-Aug-2026",1,"",""
"2707","SEAMECLTD","EQ",1700,1717.4,1656.6,1674.3,1674,1699,88449,1483.43,"21-Aug-2026",7488,"",""
"2708","SECMARK","EQ",133,133,125.05,126.48,127.1,125,891,1.14,"21-Aug-2026",37,"",""
"2709","SECURKLOUD","EQ",18.2,18.2,17.41,17.68,18.2,18.24,28603,5.08,"21-Aug-2026",184,"",""
"2710","SEDEMAC","EQ",3283.9,3368.9,3232.5,3253.1,3250,3261.4,77364,2542.9,"21-Aug-2026",13734,"",""
"2711","SEIL","EQ",210.57,211.5,205,205.84,205.74,210.81,329391,687.17,"21-Aug-2026",2007,"",""
"2712","SEJALLTD","EQ",662,674.95,658.5,663.9,660.1,662.85,4088,27.23,"21-Aug-2026",430,"",""
"2713","SEKURITIND","EQ",119.05,120.55,118.25,118.71,118.9,119.05,14339,17.09,"21-Aug-2026",210,"",""
"2714","SEL","SM",300.55,312,300.5,302,302,312.15,2000,6.07,"21-Aug-2026",9,"",""
"2715","SELECTIPO","EQ",48.82,48.95,48.71,48.84,48.79,48.8,46036,22.47,"21-Aug-2026",132,"",""
"2716","SELLOWRAP","SM",68,68,67.5,67.5,67.5,68,4800,3.26,"21-Aug-2026",3,"",""
"2717","SELMC","EQ",29.79,29.79,27.6,28.01,28,28,4306,1.22,"21-Aug-2026",105,"",""
"2718","SEMAC","EQ",272.2,297.4,272.2,296,295.95,284.7,621,1.78,"21-Aug-2026",45,"",""
"2719","SENCO","EQ",338.5,348.2,336,345.4,345.8,336.3,1151008,3954.79,"21-Aug-2026",25798,"",""
"2720","SENORES","EQ",1519.8,1537.2,1495.7,1513.3,1518,1513.3,93720,1421.39,"21-Aug-2026",9321,"",""
"2721","SENSEXADD","EQ",80.28,80.28,79.65,79.65,79.65,80.18,8140,6.51,"21-Aug-2026",38,"",""
"2722","SENSEXAXIS","EQ",80.8,81.6,80.36,80.68,80.36,80.56,1875,1.51,"21-Aug-2026",72,"",""
"2723","SENSEXBETA","EQ",858.5,861.74,857.67,859.62,858,861.25,1800,15.47,"21-Aug-2026",126,"",""
"2724","SENSEXETF","EQ",81.5,81.5,79.99,80.18,80.15,80.06,10512,8.43,"21-Aug-2026",164,"",""
"2725","SENSEXIETF","EQ",893.4,896,890.5,894.42,896,890.14,17676,157.98,"21-Aug-2026",671,"",""
"2726","SEPC","EQ",5.96,6.15,5.74,5.79,5.81,5.97,25689925,1493.73,"21-Aug-2026",15542,"",""
"2727","SERVICE","SM",60.5,61.4,60.5,61.4,61.4,61.05,24000,14.62,"21-Aug-2026",12,"",""
"2728","SERVOTECH","EQ",82.56,83.24,82.11,82.45,82.2,82.56,212803,175.76,"21-Aug-2026",2707,"",""
"2729","SESHAPAPER","EQ",231.09,235.12,227.1,228.84,228.4,230.36,22977,53.05,"21-Aug-2026",914,"",""
"2730","SETCO","BE",17,17.34,17,17.34,17.34,17,31025,5.38,"21-Aug-2026",45,"",""
"2731","SETF10GILT","EQ",266.5,266.5,264.05,264.69,264.41,265.19,1016,2.69,"21-Aug-2026",38,"",""
"2732","SETFGOLD","EQ",133.41,136.2,133.26,135.64,136,133.01,6061833,8197.06,"21-Aug-2026",14907,"",""
"2733","SETFNIF50","EQ",267.75,267.75,261.03,261.56,261.6,261.22,538740,1408.93,"21-Aug-2026",2874,"",""
"2734","SETFNIFBK","EQ",591.82,594.23,591.03,593.21,593.64,591.82,21825,129.42,"21-Aug-2026",822,"",""
"2735","SETFNN50","EQ",794.3,800.5,791.55,793.98,796,796.19,16697,132.57,"21-Aug-2026",919,"",""
"2736","SETL","EQ",305.2,305.55,293,297.75,296.6,304.95,416716,1252.6,"21-Aug-2026",7296,"",""
"2737","SETUINFRA","BZ",0.47,0.47,0.43,0.44,0.47,0.45,47884,0.22,"21-Aug-2026",79,"",""
"2738","SEYAIND","BE",12.42,12.6,12.4,12.45,12.45,12.42,4907,0.61,"21-Aug-2026",29,"",""
"2739","SFL","EQ",665.9,676,661.05,664.95,662,666.2,79900,534.86,"21-Aug-2026",8271,"",""
"2740","SFML","SM",22,22.5,22,22.25,22.3,22,6400,1.42,"21-Aug-2026",4,"",""
"2741","SGBAPR28I","GB",15600,15890,15600,15808.15,15805,15455.32,733,115.77,"21-Aug-2026",87,"",""
"2742","SGBAUG27","GB",15567.56,15780,15563.65,15770.59,15765.89,15394.09,245,38.34,"21-Aug-2026",81,"",""
"2743","SGBAUG28V","GB",15499.8,15751,15499.8,15746.41,15751,15420.42,2150,336.97,"21-Aug-2026",264,"",""
"2744","SGBAUG29V","GB",15466.56,15840,15466.56,15792.42,15788.99,15458.23,488,76.86,"21-Aug-2026",90,"",""
"2745","SGBAUG30","GB",15840,15888.59,15670.83,15830.78,15825,15563.99,440,69.38,"21-Aug-2026",140,"",""
"2746","SGBD29VIII","GB",15650,15799.99,15611.03,15768.09,15790,15429.77,324,50.93,"21-Aug-2026",68,"",""
"2747","SGBDC27VII","GB",15600,15749.99,15600,15749.99,15749.99,15430,4,0.63,"21-Aug-2026",3,"",""
"2748","SGBDE30III","GB",15650.01,15890,15650.01,15866.27,15810.55,15542.37,496,78.25,"21-Aug-2026",101,"",""
"2749","SGBDE31III","GB",15902,16100,15851.01,16068.17,16055,15820.04,2203,352.67,"21-Aug-2026",402,"",""
"2750","SGBDEC26","GB",15700,15700,15700,15700,15700,15311,2,0.31,"21-Aug-2026",1,"",""
"2751","SGBFEB27","GB",15504,15750,15504,15750,15750,15450,9,1.4,"21-Aug-2026",4,"",""
"2752","SGBFEB28IX","GB",15505.01,15749.44,15505.01,15749.44,15749.44,15462.33,37,5.81,"21-Aug-2026",17,"",""
"2753","SGBFEB29XI","GB",15538,15784,15538,15774.2,15777,15410.38,126,19.81,"21-Aug-2026",30,"",""
"2754","SGBFEB32IV","GB",15911,16190,15911,16165.62,16150,15903.35,3309,532.38,"21-Aug-2026",596,"",""
"2755","SGBJ28VIII","GB",15553.05,15750,15553.05,15750,15750,15353.05,8,1.25,"21-Aug-2026",5,"",""
"2756","SGBJAN27","GB",15410.01,15745,15377,15745,15745,15377.57,19,2.95,"21-Aug-2026",7,"",""
"2757","SGBJAN29IX","GB",15465.01,15775,15465.01,15767.06,15769.99,15400.22,628,98.6,"21-Aug-2026",104,"",""
"2758","SGBJAN29X","GB",15600,15780,15600,15780,15780,15412.58,86,13.51,"21-Aug-2026",27,"",""
"2759","SGBJAN30IX","GB",15511.01,15800,15511.01,15798.26,15800,15425.71,328,51.66,"21-Aug-2026",44,"",""
"2760","SGBJU29III","GB",15425,15748.01,15425,15748.01,15748.01,15424.43,206,32.25,"21-Aug-2026",52,"",""
"2761","SGBJUL27","GB",15740,15740,15740,15740,15740,15366.66,2,0.31,"21-Aug-2026",1,"",""
"2762","SGBJUL28IV","GB",15499,15750,15498,15745.72,15750,15400.76,1143,178.92,"21-Aug-2026",123,"",""
"2763","SGBJUL29IV","GB",15600,15810,15590,15782.01,15754,15415.31,731,114.8,"21-Aug-2026",96,"",""
"2764","SGBJUN27","GB",15500,15750,15500,15689.96,15671.25,15499.99,77,12.06,"21-Aug-2026",19,"",""
"2765","SGBJUN28","GB",15455.01,15769,15400.01,15728.16,15768.99,15400.01,651,102.1,"21-Aug-2026",88,"",""
"2766","SGBJUN29II","GB",15481.5,15771,15481.5,15765.29,15770,15420.6,255,40.03,"21-Aug-2026",50,"",""
"2767","SGBJUN30","GB",15600,15880,15551,15809.97,15825,15582.25,654,102.68,"21-Aug-2026",150,"",""
"2768","SGBJUN31I","GB",15903.4,15987,15753.62,15952.63,15987,15591.55,1827,290.54,"21-Aug-2026",277,"",""
"2769","SGBMAR28X","GB",15800,15815,15800,15815,15815,15560,12,1.9,"21-Aug-2026",3,"",""
"2770","SGBMAR30X","GB",15600,15825,15600,15814.1,15811,15467.05,113,17.85,"21-Aug-2026",27,"",""
"2771","SGBMAR31IV","GB",15620,15960,15620,15932,15960,15600.01,838,133.41,"21-Aug-2026",121,"",""
"2772","SGBMAY28","GB",15425.6,15750,15425.6,15725.01,15725.01,15425.6,343,53.83,"21-Aug-2026",49,"",""
"2773","SGBMAY29I","GB",15540,15775,15540,15755.94,15770,15445.79,390,61.16,"21-Aug-2026",114,"",""
"2774","SGBMR29XII","GB",15717,15947,15717,15904.31,15945,15623.83,2969,470.04,"21-Aug-2026",88,"",""
"2775","SGBN28VIII","GB",15500,15859.69,15500,15770.17,15760,15470.44,205,32.21,"21-Aug-2026",54,"",""
"2776","SGBNOV26","GB",15450,15759.89,15450,15759.89,15759.89,15413.72,30,4.71,"21-Aug-2026",12,"",""
"2777","SGBNV29VII","GB",15500,15799,15500,15790.77,15799,15425.28,913,143.28,"21-Aug-2026",73,"",""
"2778","SGBOC28VII","GB",15700,15846,15700,15845.99,15846,15466.02,1383,218.43,"21-Aug-2026",50,"",""
"2779","SGBOCT26","GB",15525,16000,15525,16000,16000,15465,35,5.53,"21-Aug-2026",13,"",""
"2780","SGBOCT27","GB",15700,15900,15700,15900,15900,15416.94,41,6.47,"21-Aug-2026",12,"",""
"2781","SGBOCT27VI","GB",15800,15900,15800,15890.01,15900,15445,24,3.8,"21-Aug-2026",11,"",""
"2782","SGBSEP27","GB",15800,15898,15800,15898,15898,15600,27,4.27,"21-Aug-2026",8,"",""
"2783","SGBSEP28VI","GB",15705,15925,15705,15904.75,15925,15673.77,420,66.66,"21-Aug-2026",53,"",""
"2784","SGBSEP29VI","GB",15706,16449,15705.01,15900,15900,15620.01,487,77.27,"21-Aug-2026",77,"",""
"2785","SGBSEP31II","GB",15606.8,16020,15606.8,15996.6,15970,15646.8,2758,439.27,"21-Aug-2026",328,"",""
"2786","SGFIN","EQ",685,695.3,681,687.15,689,684.65,183421,1262.14,"21-Aug-2026",5830,"",""
"2787","SGIL","EQ",565,569,553.2,564.05,564,562.05,9769,54.94,"21-Aug-2026",307,"",""
"2788","SGL","EQ",9.51,9.98,9.51,9.8,9.8,9.72,1837,0.18,"21-Aug-2026",33,"",""
"2789","SGLRES","EQ",2.44,2.51,2.36,2.45,2.5,2.45,18584,0.45,"21-Aug-2026",100,"",""
"2790","SGMART","EQ",807.8,822,790,820.35,819.95,805.2,120934,984.15,"21-Aug-2026",7840,"",""
"2791","SGRL","EQ",500,513,490,507.6,509.3,501.05,6242,31.63,"21-Aug-2026",367,"",""
"2792","SHADOWFAX","EQ",258,259.79,244.6,255.39,255,258,17529782,44245.76,"21-Aug-2026",116357,"",""
"2793","SHAH","EQ",3.98,4.05,3.16,3.33,3.59,3.95,5879851,211.92,"21-Aug-2026",1326,"",""
"2794","SHAHALLOYS","EQ",75.2,79.99,75.2,77.31,78.39,77.3,7347,5.68,"21-Aug-2026",116,"",""
"2795","SHAILY","EQ",3348.9,3385.1,3301,3321,3322.5,3350,108398,3616.84,"21-Aug-2026",16994,"",""
"2796","SHAKTIPUMP","EQ",506,515.5,502,503.55,504,506.2,245165,1236.63,"21-Aug-2026",8535,"",""
"2797","SHALBY","EQ",153.7,155.75,151.83,152.96,152.51,154.57,55754,85.62,"21-Aug-2026",1217,"",""
"2798","SHALPAINTS","BE",82.81,82.81,80.01,80.89,80.82,82.81,79293,64.45,"21-Aug-2026",431,"",""
"2799","SHANKARA","EQ",142.07,144.51,141.5,143.29,143.1,142.21,59565,85.14,"21-Aug-2026",692,"",""
"2800","SHANTHALA","SM",16.05,16.5,16.05,16.5,16.5,16.05,3600,0.59,"21-Aug-2026",3,"",""
"2801","SHANTI","EQ",6.55,6.55,6.28,6.3,6.38,6.38,17181,1.09,"21-Aug-2026",36,"",""
"2802","SHANTIGEAR","EQ",395,464.25,395,464.25,464.25,386.9,1972065,8882.23,"21-Aug-2026",31170,"",""
"2803","SHANTIGOLD","EQ",258.4,274.7,257.29,269.58,270.45,254.06,4592304,12313.52,"21-Aug-2026",53932,"",""
"2804","SHARDACROP","EQ",767.25,770.95,757,760.9,764,763.45,233309,1778.91,"21-Aug-2026",12350,"",""
"2805","SHARDAMOTR","EQ",922.4,925.95,910.65,913.1,913,922.4,20833,191.12,"21-Aug-2026",2720,"",""
"2806","SHARDUL","BE",52.8,54,52.5,52.63,52.5,52.73,11819,6.24,"21-Aug-2026",73,"",""
"2807","SHAREINDIA","EQ",175,176.77,173.2,174.13,174,175.28,282161,492.26,"21-Aug-2026",2938,"",""
"2808","SHARIABEES","EQ",459.13,465.73,456.64,459.36,460.48,460.85,5359,24.62,"21-Aug-2026",358,"",""
"2809","SHBAJRG","EQ",175,178,171.76,172.89,172.14,171.5,1598,2.78,"21-Aug-2026",67,"",""
"2810","SHEEL","ST",59.25,60.25,59.25,60,60,62.05,10000,5.98,"21-Aug-2026",4,"",""
"2811","SHEETAL","SM",327,327,323,323,323,327.1,1000,3.25,"21-Aug-2026",2,"",""
"2812","SHEKHAWATI","BE",17.85,18.95,17.41,18.6,18.88,18.21,10413,1.89,"21-Aug-2026",73,"",""
"2813","SHEMAROO","BE",130.11,133.99,127.92,127.92,127.92,134.65,11171,14.41,"21-Aug-2026",72,"",""
"2814","SHERA","ST",176.95,180,175.5,178.65,178.95,173.2,19000,33.85,"21-Aug-2026",17,"",""
"2815","SHERVANI","EQ",340,340,319.55,321.15,320.5,349.95,421,1.4,"21-Aug-2026",28,"",""
"2816","SHETHJI","ST",165.5,165.5,165.05,165.2,165.2,163.7,30000,49.62,"21-Aug-2026",11,"",""
"2817","SHILCTECH","EQ",3880.8,3939.9,3853,3883.1,3885,3867.2,23040,896.53,"21-Aug-2026",4523,"",""
"2818","SHILGRAVQ","EQ",171.26,171.26,164,166.5,169,162.51,355,0.6,"21-Aug-2026",15,"",""
"2819","SHILPAMED","EQ",825,825,810.3,814.95,816,820.95,709865,5812.33,"21-Aug-2026",26764,"",""
"2820","SHINDL","EQ",160.21,168,159.23,165.28,166.1,162.12,223816,365.28,"21-Aug-2026",1644,"",""
"2821","SHIPROCKET","EQ",139,146.22,136.65,140.81,142,141.65,63801190,89997.09,"21-Aug-2026",271918,"",""
"2822","SHIVAAGRO","EQ",39,42,39,39.4,39.11,41.82,284,0.11,"21-Aug-2026",12,"",""
"2823","SHIVACEM","EQ",16.75,16.98,16.5,16.67,16.68,16.68,73715,12.25,"21-Aug-2026",166,"",""
"2824","SHIVALIK","BE",273.3,282,265.4,270.49,265.8,268.91,48154,131.91,"21-Aug-2026",507,"",""
"2825","SHIVAMAUTO","BE",16.88,16.88,16.85,16.87,16.87,16.08,54355,9.17,"21-Aug-2026",87,"",""
"2826","SHIVAMILLS","EQ",61.5,61.5,59.1,59.91,59.9,60.01,1084,0.65,"21-Aug-2026",28,"",""
"2827","SHIVASHRIT","SM",120.6,120.6,99.8,118.4,118.9,118.1,168000,195.01,"21-Aug-2026",109,"",""
"2828","SHIVATEX","EQ",165.87,166.99,160.1,165.7,166.98,164.58,3535,5.79,"21-Aug-2026",49,"",""
"2829","SHIVAUM","EQ",449.7,450,443,444.15,443,445,90402,402.29,"21-Aug-2026",67,"",""
"2830","SHK","EQ",158.54,160.07,156.2,157.47,157.6,158.54,198011,314.15,"21-Aug-2026",3504,"",""
"2831","SHKSIL","SM",36,36,34.4,34.4,34.4,35,12000,4.16,"21-Aug-2026",3,"",""
"2832","SHOPERSTOP","EQ",418.15,425.2,414.8,421.3,420.85,419.9,19261,80.78,"21-Aug-2026",1350,"",""
"2833","SHRADDHA","EQ",154,161,151.6,154.21,151.6,155.82,1226,1.88,"21-Aug-2026",59,"",""
"2834","SHRADHA","EQ",34.44,34.44,32,33.62,33,33.38,13278,4.38,"21-Aug-2026",218,"",""
"2835","SHREDIGCEM","EQ",70.21,73,70.21,72.39,72.68,70.21,107470,77.23,"21-Aug-2026",1275,"",""
"2836","SHREECEM","EQ",24295,24355,24070,24280,24280,24300,15450,3739.28,"21-Aug-2026",7513,"",""
"2837","SHREEDHAR","ST",117.1,117.1,111.05,111.1,111.1,116.55,36000,41.09,"21-Aug-2026",16,"",""
"2838","SHREEJISPG","EQ",617.4,627.45,611.9,620.55,620,613.35,898782,5566.37,"21-Aug-2026",10754,"",""
"2839","SHREEKARNI","SM",340,354,340,351.65,354,340,1650,5.74,"21-Aug-2026",9,"",""
"2840","SHREEOSFM","SM",60,61,59,60.5,60.5,60.3,10000,6.02,"21-Aug-2026",9,"",""
"2841","SHREEPUSHK","EQ",403.3,409,399,401.15,404,406.65,24688,99.49,"21-Aug-2026",965,"",""
"2842","SHREERAMA","EQ",45.2,45.73,44.05,45.04,44.89,44.93,85486,38.36,"21-Aug-2026",749,"",""
"2843","SHRENIK","BZ",0.29,0.3,0.28,0.29,0.29,0.29,911475,2.6,"21-Aug-2026",311,"",""
"2844","SHREYANIND","EQ",129,134.99,125,125.33,125.98,126.07,8764,11.08,"21-Aug-2026",225,"",""
"2845","SHRIAHIMSA","ST",405,415,405,415,415,405,8400,34.51,"21-Aug-2026",14,"",""
"2846","SHRINGARMS","EQ",224.8,233.5,224.1,230.52,230,223.98,1003435,2316.44,"21-Aug-2026",5119,"",""
"2847","SHRIPISTON","EQ",4550,4645.8,4453,4600.1,4604.4,4513.8,87104,3987.97,"21-Aug-2026",17445,"",""
"2848","SHRIRAMFIN","EQ",1140,1140,1127.3,1130,1130,1128.2,2514574,28474.14,"21-Aug-2026",60919,"",""
"2849","SHRIRAMPPS","EQ",77.6,78.4,77.51,77.91,78,77.67,177830,138.61,"21-Aug-2026",2104,"",""
"2850","SHRJAGP","EQ",689.4,712.05,669,692.85,682,689.4,736,5.11,"21-Aug-2026",62,"",""
"2851","SHUBHSHREE","SM",349,355,349,353,355,349.75,900,3.18,"21-Aug-2026",2,"",""
"2852","SHUKRAPHAR","EQ",44.02,44.5,42.6,44.06,44.02,43.33,1048348,460.7,"21-Aug-2026",2619,"",""
"2853","SHYAMCENT","BE",4.97,5.14,4.9,4.92,5,4.97,124260,6.16,"21-Aug-2026",110,"",""
"2854","SHYAMDHANI","ST",53.6,54.5,53.6,54.5,54.5,54.6,6000,3.25,"21-Aug-2026",3,"",""
"2855","SHYAMMETL","EQ",995.7,996.8,983.1,984.9,985,996.8,62990,621.75,"21-Aug-2026",6471,"",""
"2856","SHYAMTEL","EQ",15,15,14,14.67,14.67,15,8862,1.26,"21-Aug-2026",51,"",""
"2857","SICAGEN","EQ",55.85,56.5,54.61,55.66,56.49,55.85,103856,58.1,"21-Aug-2026",1011,"",""
"2858","SICALLOG","BE",113.79,113.8,109,111.21,110,110.35,20693,22.87,"21-Aug-2026",102,"",""
"2859","SIDDHICOTS","SM",27.3,27.3,27.3,27.3,27.3,27.55,1200,0.33,"21-Aug-2026",1,"",""
"2860","SIDDHIKA","SM",202.85,208,202.85,208,208,203.1,2000,4.11,"21-Aug-2026",3,"",""
"2861","SIEL","EQ",38.29,40.3,38.29,38.29,38.29,40.3,7981,3.12,"21-Aug-2026",78,"",""
"2862","SIEMENS","EQ",3880,3960,3879.9,3920,3920,3880,373459,14604.55,"21-Aug-2026",23970,"",""
"2863","SIGACHI","EQ",30.45,30.74,29.3,30.05,30.15,30.31,3002981,902.01,"21-Aug-2026",7076,"",""
"2864","SIGIND","EQ",74.99,74.99,71.11,72.26,72.6,73.29,31010,22.56,"21-Aug-2026",857,"",""
"2865","SIGMA","EQ",47.13,51,47.02,48.65,48.83,46.76,402418,198.18,"21-Aug-2026",3833,"",""
"2866","SIGMAADV","EQ",664.95,697.65,657.5,688.2,685.9,664.45,680477,4655.05,"21-Aug-2026",14043,"",""
"2867","SIGNATURE","EQ",798,809.4,792.3,795.3,793,801,217388,1747.43,"21-Aug-2026",8341,"",""
"2868","SIGNPOST","EQ",267,270.6,263.5,264.65,263.5,266.35,28566,75.98,"21-Aug-2026",1363,"",""
"2869","SIKA","EQ",990.1,1038,990.1,1002.7,1000.1,999.8,22844,229.48,"21-Aug-2026",2173,"",""
"2870","SIKKO","BE",5.12,5.45,5.03,5.33,5.3,5.2,442155,22.99,"21-Aug-2026",506,"",""
"2871","SIL","EQ",19.2,22.3,18.81,20.84,20.85,19.11,592621,124.83,"21-Aug-2026",2942,"",""
"2872","SILGO","EQ",70.44,74.56,70.44,72.4,72.5,70,295359,215.62,"21-Aug-2026",2091,"",""
"2873","SILINV","EQ",450,485,450,475.25,471.05,449.9,6661,31.14,"21-Aug-2026",442,"",""
"2874","SILKFLEX","SM",209.9,210,204.1,210,210,200,93000,194.98,"21-Aug-2026",71,"",""
"2875","SILLYMONKS","EQ",16.2,16.2,15.4,15.69,15.69,15.6,2654,0.41,"21-Aug-2026",29,"",""
"2876","SILVER","EQ",235.19,244.29,235.19,242.87,242.75,235.2,2213915,5362.29,"21-Aug-2026",12497,"",""
"2877","SILVER1","EQ",22.95,23.77,22.95,23.66,23.66,22.85,9701351,2282.24,"21-Aug-2026",6455,"",""
"2878","SILVER360","EQ",234.73,240,234.73,238.61,238.43,231.13,56754,134.81,"21-Aug-2026",1248,"",""
"2879","SILVERADD","EQ",232.94,236.15,231.86,234.72,234.26,227.26,460720,1078.46,"21-Aug-2026",4901,"",""
"2880","SILVERAG","EQ",234.01,238.28,233.92,237.28,236.55,229.65,324538,766.39,"21-Aug-2026",3912,"",""
"2881","SILVERAXIS","EQ",239.8,243.14,238.77,241.78,241.62,233.96,442947,1067.42,"21-Aug-2026",3465,"",""
"2882","SILVERBEES","EQ",229.65,234.28,229.65,232.92,232.66,225.43,43131864,100093.6,"21-Aug-2026",113046,"",""
"2883","SILVERBETA","EQ",233,236.42,231.82,234.81,234.64,227.73,971089,2273.77,"21-Aug-2026",5804,"",""
"2884","SILVERBND","EQ",240.45,244.9,240.36,244.13,243.5,235.88,16559,40.16,"21-Aug-2026",261,"",""
"2885","SILVERCASE","EQ",23.9,24.83,23.42,24.69,24.69,23.9,15438878,3796.4,"21-Aug-2026",9741,"",""
"2886","SILVERIETF","EQ",239.5,244.46,239.5,242.87,242.5,235.12,6019021,14576.02,"21-Aug-2026",25403,"",""
"2887","SILVERTUC","EQ",194,196.8,184.1,185.94,185,195.33,457245,871.15,"21-Aug-2026",6468,"",""
"2888","SIMBHALS","BZ",8.28,8.28,8.28,8.28,8.28,7.89,32719,2.71,"21-Aug-2026",67,"",""
"2889","SIMCA","SM",243.1,243.5,242.5,242.5,242.5,245.85,17400,42.29,"21-Aug-2026",22,"",""
"2890","SIMPLEXINF","EQ",257.5,259.48,253.98,255.71,255.9,259.45,22565,57.74,"21-Aug-2026",719,"",""
"2891","SIMPLXREA","EQ",122.5,123.05,116.1,120.4,116.1,121.77,234,0.29,"21-Aug-2026",8,"",""
"2892","SINCLAIR","EQ",75.15,76,73.84,74.43,74.25,75.37,18220,13.61,"21-Aug-2026",322,"",""
"2893","SINDHUTRAD","EQ",23.8,24.23,23.18,23.68,23.65,23.9,461741,110.16,"21-Aug-2026",1357,"",""
"2894","SINGERIND","EQ",84.2,87,81.65,82,82.15,83.99,199037,165.23,"21-Aug-2026",1231,"",""
"2895","SINTERCOM","EQ",78,79.5,78,79.06,79.5,79.39,605,0.48,"21-Aug-2026",20,"",""
"2896","SIRCA","EQ",451,453.75,445.65,451.2,448,449.75,454323,2043.88,"21-Aug-2026",5137,"",""
"2897","SIS","EQ",413.05,421.1,413,417.75,420,413.2,166993,699.28,"21-Aug-2026",8903,"",""
"2898","SITINET","BZ",0.28,0.29,0.28,0.28,0.29,0.28,345446,0.99,"21-Aug-2026",219,"",""
"2899","SIYSIL","EQ",635,645.5,599.95,606.35,607.7,647.55,198798,1212.88,"21-Aug-2026",9373,"",""
"2900","SJLOGISTIC","SM",337.45,362,337.45,353.55,352.8,337.45,154000,541.37,"21-Aug-2026",440,"",""
"2901","SJS","EQ",2497.1,2527,2485.1,2497.4,2485.2,2497.9,160250,4025.35,"21-Aug-2026",21578,"",""
"2902","SJVN","EQ",66.03,66.65,65.92,66.06,66.1,65.91,1156420,766.36,"21-Aug-2026",11279,"",""
"2903","SKFINDIA","EQ",1624.5,1624.5,1571.1,1596.5,1598,1601.7,53202,845.04,"21-Aug-2026",5683,"",""
"2904","SKFINDUS","EQ",2760,2777.2,2725.6,2758.3,2758,2753.7,16792,462.13,"21-Aug-2026",3305,"",""
"2905","SKIPPER","EQ",556,563.9,551,554,554,555.45,680214,3795.81,"21-Aug-2026",18016,"",""
"2906","SKMEGGPROD","EQ",255.01,264,253.5,259.05,259.5,255.48,235830,613.67,"21-Aug-2026",5098,"",""
"2907","SKP","SM",150.05,153,150.05,152,152,155,7000,10.63,"21-Aug-2026",14,"",""
"2908","SKYGOLD","EQ",780.8,809.95,778.55,803.5,802.1,778.55,777394,6196.93,"21-Aug-2026",20882,"",""
"2909","SKYTECH","ST",74,74,70.3,70.3,70.3,77,315200,232.28,"21-Aug-2026",96,"",""
"2910","SLONE","ST",155,155,150.05,153.7,154.9,148.6,8800,13.39,"21-Aug-2026",13,"",""
"2911","SMALL250","EQ",18.47,18.53,18.41,18.47,18.49,18.39,524809,97.14,"21-Aug-2026",553,"",""
"2912","SMALLADD","EQ",18.49,18.53,18.45,18.53,18.53,18.49,15026,2.78,"21-Aug-2026",110,"",""
"2913","SMALLCAP","EQ",48.71,49.01,48.66,48.82,48.8,48.61,1136598,555.77,"21-Aug-2026",2638,"",""
"2914","SMALLGROWW","EQ",48.1,49.35,48.05,49.08,48.9,48.54,14890,7.28,"21-Aug-2026",84,"",""
"2915","SMALLIETF","EQ",18.6,18.6,18.41,18.48,18.53,18.42,39514,7.3,"21-Aug-2026",84,"",""
"2916","SMARTEN","ST",61.2,61.2,58,58.5,58,58.3,33600,20.26,"21-Aug-2026",19,"",""
"2917","SMARTLINK","BE",225,229.98,222,226.31,227.2,224.42,1918,4.34,"21-Aug-2026",51,"",""
"2918","SMARTWORKS","EQ",514,529.7,512.15,523.25,522.8,511.3,108541,566.2,"21-Aug-2026",5646,"",""
"2919","SMCGLOBAL","EQ",81.1,82.49,80.56,81.13,81,81.13,391252,318.32,"21-Aug-2026",2105,"",""
"2920","SML100CASE","EQ",11.36,11.4,11.31,11.38,11.4,11.31,1556919,177,"21-Aug-2026",1279,"",""
"2921","SMLMAH","EQ",5199,5356,5154,5324,5320,5159.5,82057,4328.13,"21-Aug-2026",11908,"",""
"2922","SMLT","EQ",70.35,71.74,69.1,70.77,70.99,70.18,4564,3.23,"21-Aug-2026",104,"",""
"2923","SMSPHARMA","EQ",357,358.75,351,356.6,357,356.5,130248,462,"21-Aug-2026",3135,"",""
"2924","SMVD","SM",15.75,16.25,15.75,16.25,16.25,15.5,12120,1.95,"21-Aug-2026",3,"",""
"2925","SNEHAA","SM",44.95,44.95,43,44.6,44.6,45.85,4000,1.77,"21-Aug-2026",4,"",""
"2926","SNOWMAN","EQ",37.55,38.19,37.55,37.84,38.06,37.55,120333,45.54,"21-Aug-2026",1477,"",""
"2927","SNXT30BEES","EQ",43.45,43.48,43.15,43.28,43.48,43.43,4727,2.05,"21-Aug-2026",97,"",""
"2928","SNXT50BETA","EQ",96.68,96.68,96,96.12,96.28,96.63,1486,1.43,"21-Aug-2026",80,"",""
"2929","SOBHA","EQ",1314.3,1314.3,1288,1294.6,1302.4,1303.6,45877,595.98,"21-Aug-2026",6605,"",""
"2930","SOCL","SM",29,29.55,29,29.2,29.45,29.15,16000,4.67,"21-Aug-2026",10,"",""
"2931","SOFTTECH","EQ",430,430,414,416.2,417.8,424.4,1645,6.88,"21-Aug-2026",51,"",""
"2932","SOLARA","EQ",625.9,638.5,609,616.9,617,640,732550,4563.75,"21-Aug-2026",19509,"",""
"2933","SOLARINDS","EQ",19850,20093,19651,19900,19900,19760,89559,17831.25,"21-Aug-2026",22109,"",""
"2934","SOLARWORLD","EQ",150,151.19,149.4,149.96,149.89,149.82,154673,232.3,"21-Aug-2026",3875,"",""
"2935","SOLEX","EQ",777.05,788.95,770,772.25,772,772.3,25705,199.6,"21-Aug-2026",2630,"",""
"2936","SOMANYCERA","EQ",514.85,525.25,509,520.15,519,511.1,163952,852.38,"21-Aug-2026",5865,"",""
"2937","SOMATEX","EQ",91.73,91.73,84.35,86.24,87,87.37,4951,4.25,"21-Aug-2026",177,"",""
"2938","SOMICONVEY","EQ",102.26,106,98.51,101.17,101.49,100.07,148897,152,"21-Aug-2026",2085,"",""
"2939","SONACOMS","EQ",820.05,822.05,802.2,817.6,817.6,821.9,1975313,16029.63,"21-Aug-2026",34799,"",""
"2940","SONAMAC","SM",33.5,35,33.3,33.5,33.3,34.95,6000,2.04,"21-Aug-2026",6,"",""
"2941","SONAMLTD","EQ",67.9,67.9,64.67,65.16,65.7,67.16,118259,78.17,"21-Aug-2026",801,"",""
"2942","SONATSOFTW","EQ",308,308.9,302.25,304,304.3,306,622804,1900.05,"21-Aug-2026",14639,"",""
"2943","SOTL","EQ",688.85,688.85,666.95,677.3,676.5,688.55,179408,1216.9,"21-Aug-2026",7826,"",""
"2944","SOUTHBANK","EQ",45.35,45.4,44.91,44.97,44.98,45.16,4130558,1864.1,"21-Aug-2026",21835,"",""
"2945","SOUTHWEST","EQ",215.39,224,215.39,220.04,221,215.37,181455,400.49,"21-Aug-2026",3416,"",""
"2946","SPAL","EQ",929.6,935.65,908.25,930.45,935,923.85,151087,1388.75,"21-Aug-2026",6548,"",""
"2947","SPANDANA","EQ",244.05,245.6,240.05,241.3,241.15,243.45,82842,201.33,"21-Aug-2026",2020,"",""
"2948","SPARC","EQ",199.59,200.77,196.1,196.71,196.7,199.59,272304,538.61,"21-Aug-2026",4981,"",""
"2949","SPCENET","EQ",3.39,3.44,3.3,3.34,3.35,3.36,1140993,38.44,"21-Aug-2026",690,"",""
"2950","SPCL","SM",60.2,60.95,59.05,60.5,60.7,60.15,28200,17.01,"21-Aug-2026",41,"",""
"2951","SPCON","SM",152.55,152.55,151,151,151,149,2400,3.64,"21-Aug-2026",2,"",""
"2952","SPECIALITY","BE",141,142.8,136,140.81,140,138.58,64247,89.08,"21-Aug-2026",272,"",""
"2953","SPECTRUM","BE",2215.5,2215.5,2101.9,2121.8,2111,2212.5,11368,241.18,"21-Aug-2026",770,"",""
"2954","SPECTSTM","SM",62.5,62.5,62.5,62.5,62.5,62.55,800,0.5,"21-Aug-2026",1,"",""
"2955","SPELS","EQ",150.23,150.23,145.1,147.71,148.7,150.22,40372,59.55,"21-Aug-2026",1306,"",""
"2956","SPENCERS","EQ",30.9,31.3,30.26,30.4,30.4,30.53,46157,14.16,"21-Aug-2026",690,"",""
"2957","SPIC","EQ",68,68.61,67.61,68.16,68.11,68.03,322996,219.99,"21-Aug-2026",1862,"",""
"2958","SPLIL","EQ",30.21,30.9,30.05,30.25,30.05,30.79,1291,0.39,"21-Aug-2026",38,"",""
"2959","SPLPETRO","EQ",700.7,704.25,694.1,697.8,695.3,700.7,35314,246.39,"21-Aug-2026",3478,"",""
"2960","SPMLINFRA","EQ",191.05,195.06,190.6,192.94,193,190.89,144905,278.48,"21-Aug-2026",1996,"",""
"2961","SPORTKING","EQ",211.6,214.19,206.86,213.07,212.98,212.34,222920,470.55,"21-Aug-2026",4255,"",""
"2962","SPPPOLY","SM",11.75,11.75,11.75,11.75,11.75,11.75,2000,0.24,"21-Aug-2026",1,"",""
"2963","SPRL","SM",102.5,102.5,102.5,102.5,102.5,102.5,800,0.82,"21-Aug-2026",1,"",""
"2964","SPUNWEB","SM",100,100.5,100,100,100,99.5,10800,10.81,"21-Aug-2026",6,"",""
"2965","SRD","EQ",39.7,40,38.65,39.43,39.95,39.42,28021,11.06,"21-Aug-2026",147,"",""
"2966","SREEL","EQ",249.68,249.68,240.15,240.84,243.2,244.24,9308,22.68,"21-Aug-2026",381,"",""
"2967","SRF","EQ",2576.4,2589.3,2568.2,2571.9,2571.9,2574.5,174387,4497.82,"21-Aug-2026",13409,"",""
"2968","SRGHFL","EQ",264.15,278,260,264.25,264,262.45,2213,5.89,"21-Aug-2026",66,"",""
"2969","SRHHYPOLTD","EQ",473,479.7,471.55,473.15,472.7,473.2,11011,52.21,"21-Aug-2026",598,"",""
"2970","SRIKPRIND","EQ",19.99,20.8,19.4,20.48,20.68,19.9,2163,0.43,"21-Aug-2026",26,"",""
"2971","SRIVASAVI","ST",83.15,83.15,81,81,81,83.15,14000,11.45,"21-Aug-2026",11,"",""
"2972","SRM","EQ",483.2,486.15,462.1,467.85,468,481.1,162337,765.51,"21-Aug-2026",5784,"",""
"2973","SRTL","EQ",39.45,40.25,39.45,39.92,39.98,39.35,58646,23.52,"21-Aug-2026",326,"",""
"2974","SSDL","EQ",59.69,60.99,58.05,58.6,58.35,59.3,45764,27.26,"21-Aug-2026",526,"",""
"2975","SSEGL","SM",352.55,369,352.55,363,362,355.7,23000,83.58,"21-Aug-2026",83,"",""
"2976","SSFL","ST",241.5,241.5,230,230,230,240,6000,13.99,"21-Aug-2026",12,"",""
"2977","SSWL","EQ",304.8,304.8,293.2,295,297.35,304.8,960882,2871.13,"21-Aug-2026",18704,"",""
"2978","STALLION","BE",226.75,230,220,228.25,228.5,226.85,236353,538.08,"21-Aug-2026",2148,"",""
"2979","STANLEY","EQ",140.61,141.77,135.15,137.89,137.64,139.6,162335,225.4,"21-Aug-2026",4510,"",""
"2980","STAR","EQ",998,1003,970.6,986.2,984,993,341043,3359.24,"21-Aug-2026",17628,"",""
"2981","STARCEMENT","EQ",196,196,192.31,194.62,194.5,194.37,144503,280.53,"21-Aug-2026",4087,"",""
"2982","STARHEALTH","EQ",575.5,579.7,571.1,578.5,575.7,575.5,203187,1166.46,"21-Aug-2026",11531,"",""
"2983","STARPAPER","EQ",145,148.5,143.05,144.98,146,145.12,3367,4.91,"21-Aug-2026",95,"",""
"2984","STARTECK","EQ",253.7,254.85,243.1,247.95,247,251.1,8349,21.23,"21-Aug-2026",141,"",""
"2985","STCINDIA","EQ",122.2,123,120.42,121.21,120.71,121.44,29454,35.86,"21-Aug-2026",892,"",""
"2986","STEELCAS","EQ",359.4,363.65,355,356.05,355,358.7,48629,173.45,"21-Aug-2026",1164,"",""
"2987","STEELCITY","EQ",81.29,82.01,80.31,81.82,81.5,81.29,4186,3.42,"21-Aug-2026",74,"",""
"2988","STEELXIND","EQ",10.53,10.87,10.5,10.6,10.52,10.54,1122313,119.8,"21-Aug-2026",1712,"",""
"2989","STEL","EQ",587.25,618,580.15,611.05,617.8,584.35,8849,53.46,"21-Aug-2026",400,"",""
"2990","STERTOOLS","BE",224.95,225,221.15,223,224.2,223,8930,19.94,"21-Aug-2026",218,"",""
"2991","STLNETWORK","EQ",25.4,26.2,24.6,25.85,26.13,25.25,1272561,328.45,"21-Aug-2026",3430,"",""
"2992","STLSTRINF","EQ",14.59,20.98,14.59,18.87,20.98,18.23,3510,0.57,"21-Aug-2026",52,"",""
"2993","STLTECH","BE",621.4,630,601,627.15,626,621.4,745998,4628.3,"21-Aug-2026",13429,"",""
"2994","STOVEKRAFT","EQ",776,783.3,766.95,775.45,775.1,775.95,58755,455.16,"21-Aug-2026",2998,"",""
"2995","STRIDERS","SM",59.15,60.4,59,59.4,60.4,62.8,6400,3.8,"21-Aug-2026",4,"",""
"2996","STUDDS","EQ",448,453.25,444.15,450.15,448,448,28108,125.84,"21-Aug-2026",1346,"",""
"2997","STUDIOLSD","SM",9,9.05,9,9.05,9.05,9.1,22000,1.99,"21-Aug-2026",11,"",""
"2998","STYL","EQ",403.95,404.85,386.7,392.55,390.5,401.35,98020,385.57,"21-Aug-2026",4384,"",""
"2999","STYLAMIND","EQ",3617.3,3641.8,3484.8,3601.7,3588.9,3617.3,126767,4511.22,"21-Aug-2026",16264,"",""
"3000","STYLEBAAZA","EQ",437.85,447.1,417.65,417.65,417.65,439.6,2692014,11561.99,"21-Aug-2026",23105,"",""
"3001","STYRENIX","EQ",2108.5,2124.9,2066.3,2081.6,2096,2108.5,46237,963.87,"21-Aug-2026",5114,"",""
"3002","SUBAHOTELS","SM",110,112.75,109.5,112.4,112,108.75,21600,24.04,"21-Aug-2026",17,"",""
"3003","SUBEXLTD","EQ",17.24,19.39,17.15,18.66,18.51,17.08,24036145,4480.47,"21-Aug-2026",53299,"",""
"3004","SUBROS","EQ",740.85,743.5,730.35,733.15,735,735.55,32141,236.88,"21-Aug-2026",2084,"",""
"3005","SUDARCOLOR","EQ",402.45,404.95,400,401.25,404.9,402.15,5347,21.47,"21-Aug-2026",433,"",""
"3006","SUDARSCHEM","EQ",1193.5,1220.9,1185,1215.1,1206.8,1186.5,772956,9328.33,"21-Aug-2026",32888,"",""
"3007","SUDEEPPHRM","EQ",1117.8,1163.15,1102.5,1111.8,1108,1107.8,174522,1974.05,"21-Aug-2026",9121,"",""
"3008","SUKHJITS","EQ",159.93,161.02,158.1,159.42,160.3,159.93,4356,6.96,"21-Aug-2026",187,"",""
"3009","SULA","EQ",146.41,146.41,143.84,144.55,144.99,145.21,251774,365.69,"21-Aug-2026",3762,"",""
"3010","SUMEDHA","EQ",39,40.4,37.9,38.04,37.9,38.27,2176,0.83,"21-Aug-2026",23,"",""
"3011","SUMEETINDS","EQ",13.88,13.89,13.2,13.52,13.47,13.38,5502163,745.42,"21-Aug-2026",8260,"",""
"3012","SUMICHEM","EQ",553.4,556.7,531.1,534.65,533.4,551.8,224338,1214.03,"21-Aug-2026",9662,"",""
"3013","SUMIT","EQ",52,54.9,51.6,52.01,51.95,53.64,39692,20.83,"21-Aug-2026",780,"",""
"3014","SUMMITSEC","EQ",1430,1436.3,1416,1420.2,1416,1427.2,1737,24.75,"21-Aug-2026",368,"",""
"3015","SUN-RE","ST",1.7,2.5,1.7,1.9,1.75,2.1,38400,0.69,"21-Aug-2026",22,"",""
"3016","SUNCLAY","EQ",1286,1289.6,1268.1,1284.1,1275,1275.9,13107,166.91,"21-Aug-2026",394,"",""
"3017","SUNDARAM","EQ",1.28,1.28,1.22,1.23,1.25,1.26,905048,11.25,"21-Aug-2026",376,"",""
"3018","SUNDARMFIN","EQ",4485.8,4558.4,4485.8,4534.5,4520,4503.4,28816,1306.23,"21-Aug-2026",9895,"",""
"3019","SUNDRMBRAK","BE",768.15,810,768.15,793.25,794.95,808.55,9462,72.82,"21-Aug-2026",133,"",""
"3020","SUNDRMFAST","EQ",1240.3,1240.3,1212.1,1228,1228.05,1228.4,138184,1689.42,"21-Aug-2026",11122,"",""
"3021","SUNDROP","EQ",665,665,645.1,646.5,645.1,652.35,11783,76.36,"21-Aug-2026",414,"",""
"3022","SUNFLAG","EQ",359.9,361.8,348.1,353.85,353,358.15,303240,1075.36,"21-Aug-2026",5960,"",""
"3023","SUNLITE","SM",508,510,476.6,481.95,481.6,495.25,18300,90.85,"21-Aug-2026",58,"",""
"3024","SUNLOC","EQ",68,69,67.55,69,69,68,129,0.09,"21-Aug-2026",10,"",""
"3025","SUNPHARMA","EQ",1916,1917.4,1882.8,1902.4,1902.4,1904,1491953,28279.73,"21-Aug-2026",87422,"",""
"3026","SUNRAKSHAK","EQ",379.95,379.95,370,378.45,378.5,375.4,13921,52.47,"21-Aug-2026",296,"",""
"3027","SUNREST","SM",41,41,40,41,41,42.15,8000,3.23,"21-Aug-2026",5,"",""
"3028","SUNSHIEL","EQ",1278.9,1278.9,1230,1232.6,1249.7,1264,2435,30.25,"21-Aug-2026",219,"",""
"3029","SUNTECH","ST",35.05,35.05,35.05,35.05,35.05,35.05,1600,0.56,"21-Aug-2026",1,"",""
"3030","SUNTECK","EQ",294,298.7,294,296.35,295.2,294.35,152531,453.14,"21-Aug-2026",5957,"",""
"3031","SUNTV","EQ",478,478.6,470.7,472.05,472.1,477.55,298974,1414.56,"21-Aug-2026",13483,"",""
"3032","SUPERHOUSE","EQ",164,174,164,167.8,165.15,164.53,6952,11.65,"21-Aug-2026",188,"",""
"3033","SUPERSPIN","BE",5.99,6.1,5.93,6.1,6.1,5.99,23520,1.39,"21-Aug-2026",17,"",""
"3034","SUPRAJIT","EQ",514.2,514.2,500,505.4,507,511.35,92354,466.77,"21-Aug-2026",8547,"",""
"3035","SUPREME","EQ",39.3,41.5,39.25,40.79,41.39,39.28,37578,15.3,"21-Aug-2026",233,"",""
"3036","SUPREMEENG","BZ",2.53,2.53,2.53,2.53,2.53,2.49,263368,6.66,"21-Aug-2026",86,"",""
"3037","SUPREMEIND","EQ",3658.7,3674.8,3606,3642,3642,3650,154087,5609.15,"21-Aug-2026",15991,"",""
"3038","SUPREMEINF","EQ",85.96,91,85.96,88.3,87,85.36,106196,94.28,"21-Aug-2026",2002,"",""
"3039","SUPREMEPWR","SM",229.65,235.2,229,232.2,231.5,227.4,54000,125.75,"21-Aug-2026",96,"",""
"3040","SUPRIYA","EQ",817.95,817.95,799.3,805.45,806.2,811.7,126681,1019.61,"21-Aug-2026",6727,"",""
"3041","SUPTANERY","EQ",7.73,8.77,7.31,8.77,8.77,7.31,2047504,176.5,"21-Aug-2026",3571,"",""
"3042","SURAJEST","EQ",199.01,201,195,195.46,195.7,198.56,106242,209.88,"21-Aug-2026",801,"",""
"3043","SURAJLTD","EQ",195.94,203.85,195.94,202.49,202.5,195.94,2813,5.67,"21-Aug-2026",77,"",""
"3044","SURAKSHA","EQ",309,329,305,325.8,324.7,305.15,182302,587.59,"21-Aug-2026",6821,"",""
"3045","SURANASOL","EQ",25.74,26,25.27,25.85,26,25.74,38202,9.83,"21-Aug-2026",544,"",""
"3046","SURANAT&P","EQ",16.2,16.48,16.12,16.28,16.3,16.29,37839,6.17,"21-Aug-2026",419,"",""
"3047","SURANI","SM",96.7,108,95,101.85,108,95.7,13400,13.24,"21-Aug-2026",30,"",""
"3048","SURYALA","EQ",385,406.4,381,398.75,381,385,2768,10.95,"21-Aug-2026",62,"",""
"3049","SURYALAXMI","EQ",58.65,58.89,56.62,57.32,58.8,57.6,1392,0.8,"21-Aug-2026",46,"",""
"3050","SURYAROSNI","EQ",217,222.69,216.91,219.8,219.99,218.53,434684,955.12,"21-Aug-2026",7517,"",""
"3051","SURYODAY","EQ",154.5,160,153.41,158.84,158.9,154.54,377661,594.07,"21-Aug-2026",4822,"",""
"3052","SUTLEJTEX","BE",38.11,38.85,38.11,38.14,38.3,38.18,31027,11.83,"21-Aug-2026",56,"",""
"3053","SUVEN","EQ",377,389.9,361.4,373.15,371.9,373.6,1853448,6964.43,"21-Aug-2026",41889,"",""
"3054","SUVIDHAA","EQ",2.38,2.46,2.29,2.32,2.33,2.41,259165,6.05,"21-Aug-2026",452,"",""
"3055","SUYOG","EQ",737,769.45,725.5,748.8,745.1,740.5,28762,216.78,"21-Aug-2026",2292,"",""
"3056","SUZLON","EQ",47.1,47.34,46.6,46.71,46.71,47,32172432,15089.24,"21-Aug-2026",61492,"",""
"3057","SVGLOBAL","EQ",134.99,134.99,123.6,125.26,125,123.53,102,0.13,"21-Aug-2026",8,"",""
"3058","SVLL","BE",765.5,781.05,765.5,781.05,781.05,770.15,1706,13.17,"21-Aug-2026",26,"",""
"3059","SVPGLOB","EQ",3.8,3.8,3.64,3.73,3.73,3.78,13466,0.5,"21-Aug-2026",62,"",""
"3060","SWANCORP","EQ",307,307.25,303,303.85,303.65,305.55,556970,1695.43,"21-Aug-2026",7486,"",""
"3061","SWANDEF","BE",2352,2375,2280,2346.4,2343,2361.9,10468,246.25,"21-Aug-2026",584,"",""
"3062","SWARAJ","EQ",373,373,366,367.6,367.5,372,135404,498.65,"21-Aug-2026",1202,"",""
"3063","SWARAJENG","EQ",3595,3596,3558.6,3569.8,3572,3602.6,4586,163.84,"21-Aug-2026",1287,"",""
"3064","SWARNSAR","EQ",32,35,32,34.19,34.99,34.56,2433,0.84,"21-Aug-2026",21,"",""
"3065","SWASTIK","ST",19,19,19,19,19,18.65,16800,3.19,"21-Aug-2026",5,"",""
"3066","SWELECTES","EQ",608.55,614.8,606.15,608.9,610,608.8,23956,146.37,"21-Aug-2026",712,"",""
"3067","SWIGGY","EQ",280.75,285.35,276.3,282.5,282.5,279,12194587,34307.93,"21-Aug-2026",96572,"",""
"3068","SWISSMLTRY","EQ",16.9,17.8,16.1,17.48,17.5,16.44,809509,140.01,"21-Aug-2026",1544,"",""
"3069","SWSOLAR","EQ",197.27,197.63,191.4,192.17,192.6,196.48,716607,1392.77,"21-Aug-2026",11794,"",""
"3070","SYLVANPLY","SM",49.3,49.3,49.3,49.3,49.3,49,2000,0.99,"21-Aug-2026",1,"",""
"3071","SYMPHONY","EQ",616.15,617.95,610,612.5,612,616.15,34045,209.29,"21-Aug-2026",2173,"",""
"3072","SYNCOMF","EQ",15.4,16.58,15.4,16.14,16.25,15.46,7195942,1160.93,"21-Aug-2026",18115,"",""
"3073","SYNGENE","EQ",395.7,411.75,395.7,407.25,406.25,395.5,953583,3881.58,"21-Aug-2026",31653,"",""
"3074","SYRMA","EQ",1445,1449,1421.1,1439.3,1441.9,1443.7,603250,8648.99,"21-Aug-2026",31906,"",""
"3075","SYSTANGO","SM",215.75,218,213,217.65,217.65,213.75,14000,30.08,"21-Aug-2026",26,"",""
"3076","SYSTMTXC","BE",56.7,58.4,56.01,57.03,57,57.85,2629,1.5,"21-Aug-2026",61,"",""
"3077","TAALTECH","EQ",4285.1,4285.7,4190,4216.2,4240,4218,1982,83.96,"21-Aug-2026",325,"",""
"3078","TAC","ST",421.05,427.8,412.1,417.85,418.45,424.75,46200,192.96,"21-Aug-2026",200,"",""
"3079","TAINWALCHM","EQ",226.4,232.8,212.65,216.67,216,223.76,5263,11.53,"21-Aug-2026",426,"",""
"3080","TAJGVK","EQ",345.55,352,345.55,350.4,349.65,347.9,40582,141.93,"21-Aug-2026",1960,"",""
"3081","TAKE","EQ",22.15,22.18,20.75,20.83,20.75,21.84,515661,108.57,"21-Aug-2026",2007,"",""
"3082","TALBROAUTO","EQ",412,416,405.9,413.4,415,412,99745,408.66,"21-Aug-2026",3238,"",""
"3083","TAMBOLIIN","BE",242.51,243,238,240.07,240.5,242.51,7232,17.38,"21-Aug-2026",52,"",""
"3084","TANAA","EQ",315,315,305.65,306.55,307.95,307.85,5372,16.55,"21-Aug-2026",309,"",""
"3085","TANKUP","ST",1286.25,1312.5,1210,1312.5,1312.5,1250,7500,96.66,"21-Aug-2026",28,"",""
"3086","TANLA","EQ",574.45,581.8,568.15,570.45,570,572.8,264952,1521.69,"21-Aug-2026",9469,"",""
"3087","TARACHAND","EQ",48.2,48.39,47.2,47.97,48,47.82,24454,11.72,"21-Aug-2026",626,"",""
"3088","TARAPUR","EQ",15,16,14.21,15.5,15.6,15.18,54001,8.01,"21-Aug-2026",288,"",""
"3089","TARC","EQ",121.63,125,121.03,124.07,123.03,121.74,511072,631.95,"21-Aug-2026",4774,"",""
"3090","TARIL","EQ",286,304,286,298.65,299.45,285.15,3555323,10620.13,"21-Aug-2026",47307,"",""
"3091","TARMAT","EQ",50.62,51.56,50,50.2,50,51.31,38450,19.48,"21-Aug-2026",275,"",""
"3092","TARSONS","EQ",340,347.7,333.1,344.95,344.1,337.3,162875,554.94,"21-Aug-2026",4814,"",""
"3093","TASTYBITE","EQ",10111.5,10219,9955,10135.5,10136,10104.5,3042,305.91,"21-Aug-2026",1087,"",""
"3094","TATACAP","EQ",366,366.95,361,365.05,365.05,366.15,941923,3432.97,"21-Aug-2026",31565,"",""
"3095","TATACHEM","EQ",635,637.2,624,626.75,625.3,634.5,512406,3230.74,"21-Aug-2026",19234,"",""
"3096","TATACOMM","EQ",1677.1,1683.6,1650,1655.4,1653,1677.5,152406,2532.7,"21-Aug-2026",22590,"",""
"3097","TATACONSUM","EQ",1060,1062,1044.7,1049,1049,1056.3,1126589,11812.52,"21-Aug-2026",45009,"",""
"3098","TATAELXSI","EQ",3665.1,3734,3636.6,3708,3708,3660,148013,5461.75,"21-Aug-2026",17958,"",""
"3099","TATAGOLD","EQ",15.18,15.47,15.18,15.41,15.42,15.12,78553859,12066.19,"21-Aug-2026",85350,"",""
"3100","TATAINVEST","EQ",648,651.4,645.45,647.95,648.5,649.35,128579,833.38,"21-Aug-2026",7417,"",""
"3101","TATAPOWER","EQ",375.7,377.75,373.05,374.3,374.3,375.25,4141292,15549.2,"21-Aug-2026",48446,"",""
"3102","TATASTEEL","EQ",184.4,184.94,182,183,183,183.5,26299054,48182.61,"21-Aug-2026",141673,"",""
"3103","TATATECH","EQ",823.9,824.7,813,820.75,820.95,823.95,611985,5002.26,"21-Aug-2026",23321,"",""
"3104","TATSILV","EQ",23.28,23.77,23.28,23.62,23.6,22.9,80096549,18861.78,"21-Aug-2026",65093,"",""
"3105","TATVA","EQ",1650,1659.8,1609.3,1616.4,1620,1638.4,41468,675.7,"21-Aug-2026",4673,"",""
"3106","TAURIAN","SM",445.05,460,445.05,451.35,455,457.25,17600,79.53,"21-Aug-2026",22,"",""
"3107","TBI","SM",60,60,58,58.9,59,59.05,42000,24.79,"21-Aug-2026",62,"",""
"3108","TBOTEK","EQ",1714,1714,1684.1,1696.5,1693.7,1702.6,157423,2666.39,"21-Aug-2026",12301,"",""
"3109","TBZ","EQ",252.5,291,250.2,279.5,282,248.85,7128781,19901.63,"21-Aug-2026",82960,"",""
"3110","TCC","EQ",253.85,256.05,249.6,251.7,252.7,252.85,17972,45.43,"21-Aug-2026",627,"",""
"3111","TCI","EQ",905.65,913,903.3,908.35,909.45,906.55,11053,100.34,"21-Aug-2026",1946,"",""
"3112","TCIEXP","EQ",544.65,557,542.45,550.95,551.25,544.65,18997,104.02,"21-Aug-2026",1436,"",""
"3113","TCIFINANCE","BE",15.21,15.43,14.72,15.34,15.34,15.21,7487,1.14,"21-Aug-2026",67,"",""
"3114","TCL","SM",147.4,147.45,139.95,142.25,143,142.9,47200,67.43,"21-Aug-2026",48,"",""
"3115","TCPLPACK","EQ",4100.9,4209.9,4062.5,4101.3,4129.9,4100.9,4471,184.58,"21-Aug-2026",1097,"",""
"3116","TCS","EQ",2290.1,2307.2,2263.3,2302,2302,2298,2066749,47341.05,"21-Aug-2026",67486,"",""
"3117","TDPOWERSYS","EQ",1511,1540.8,1490,1534.8,1539.5,1507.5,1378044,20917.07,"21-Aug-2026",84017,"",""
"3118","TEAMGTY","EQ",237.99,237.99,223.22,232.44,232.44,227.93,8107,18.36,"21-Aug-2026",78,"",""
"3119","TEAMLEASE","EQ",1240.9,1253.9,1231.2,1245.2,1237.2,1242.1,7342,91.46,"21-Aug-2026",1822,"",""
"3120","TEAMTECH","ST",132,135.35,132,135.35,135.35,128.95,36000,48.6,"21-Aug-2026",18,"",""
"3121","TECH","EQ",33.46,34,33.22,33.53,34,33.65,13465,4.51,"21-Aug-2026",160,"",""
"3122","TECHD","ST",591,594.6,578,581,580.85,580.95,5700,33.28,"21-Aug-2026",19,"",""
"3123","TECHERA","SM",177.25,179.8,174.05,176.65,176.05,177.25,26400,46.57,"21-Aug-2026",33,"",""
"3124","TECHLABS","SM",119.1,119.1,112.1,113.55,114.25,118,40125,45.84,"21-Aug-2026",183,"",""
"3125","TECHM","EQ",1592.1,1602,1576.5,1584,1584,1592.1,1324911,21040.24,"21-Aug-2026",52207,"",""
"3126","TECHNOCRAF","EQ",339.4,342,332,332.61,333.48,330.37,2113148,7100.04,"21-Aug-2026",21227,"",""
"3127","TECHNOE","EQ",990,1003.2,986.4,987.45,988.5,985.45,107267,1067.08,"21-Aug-2026",8037,"",""
"3128","TECHNVISN","EQ",4950,5082.9,4915,4932,4915,4973.5,216,10.72,"21-Aug-2026",100,"",""
"3129","TECILCHEM","EQ",9.44,9.6,9,9.06,9.01,9.14,41279,3.77,"21-Aug-2026",172,"",""
"3130","TEGA","EQ",1776.5,1789.7,1736.7,1743.2,1748,1776.5,132607,2322.85,"21-Aug-2026",8517,"",""
"3131","TEJA","SM",334.55,334.55,334.55,334.55,334.55,352.15,600,2.01,"21-Aug-2026",1,"",""
"3132","TEJASNET","EQ",510,514.5,504.25,510.45,513,509.2,600852,3061.08,"21-Aug-2026",18843,"",""
"3133","TEMBO","EQ",58.2,59.75,57.55,58.3,58.5,58.2,1835768,1078,"21-Aug-2026",4193,"",""
"3134","TENNIND","EQ",571.1,578.9,563.2,576.15,574.55,568.6,1313988,7531.52,"21-Aug-2026",32159,"",""
"3135","TERAI","EQ",124,132.6,124,128.35,124.2,124,222,0.28,"21-Aug-2026",6,"",""
"3136","TERASOFT","EQ",331.85,331.85,315.65,321.75,317,326.8,32742,105.64,"21-Aug-2026",2228,"",""
"3137","TEXINFRA","EQ",107.95,108.8,107.5,108.03,108,108.61,78937,85.28,"21-Aug-2026",439,"",""
"3138","TEXMOPIPES","EQ",44.08,44.9,43.85,44.29,44.5,44.08,18176,8.03,"21-Aug-2026",299,"",""
"3139","TEXRAIL","EQ",105.48,105.98,104.3,104.57,104.6,105.48,614217,645.01,"21-Aug-2026",6757,"",""
"3140","TFCILTD","EQ",132.5,134.9,130.2,130.99,131,132.76,8896571,11771.43,"21-Aug-2026",23910,"",""
"3141","TFL","EQ",11.3,11.87,11.22,11.26,11.26,11.3,11630,1.31,"21-Aug-2026",83,"",""
"3142","TGBHOTELS","EQ",9.34,10.1,8.7,9.82,9.78,9.34,67939,6.52,"21-Aug-2026",216,"",""
"3143","TGL","ST",15.55,15.55,15.55,15.55,15.55,16.35,22800,3.55,"21-Aug-2026",56,"",""
"3144","TGVSL","EQ",105.9,107.5,105,105.89,105.68,105.68,45061,47.63,"21-Aug-2026",546,"",""
"3145","THACKER","BE",1081,1081,1081,1081,1081,1100,10,0.11,"21-Aug-2026",1,"",""
"3146","THAKDEV","EQ",156,156,150,154.88,154.88,157.74,379,0.58,"21-Aug-2026",22,"",""
"3147","THANGAMAYL","EQ",5473,5575,5420,5487.5,5493,5457,94120,5176.2,"21-Aug-2026",17942,"",""
"3148","THEINVEST","EQ",97.5,97.99,96.51,96.73,96.73,97.87,5172,5.02,"21-Aug-2026",95,"",""
"3149","THEJO","EQ",2101.2,2118,2021.2,2057.8,2070,2101.2,11050,228.9,"21-Aug-2026",1303,"",""
"3150","THELEELA","EQ",539.5,564,532.45,561.7,564,539.7,1049377,5769.78,"21-Aug-2026",37138,"",""
"3151","THEMISMED","EQ",102.95,106.81,102.95,106.14,106,102.77,126221,132.45,"21-Aug-2026",2317,"",""
"3152","THERMAX","EQ",4045,4063.4,3955.1,3967.8,3955.3,4034,95811,3824.88,"21-Aug-2026",19167,"",""
"3153","THESL","ST",19.5,19.6,19.5,19.6,19.6,19.6,30000,5.88,"21-Aug-2026",3,"",""
"3154","THOMASCOOK","EQ",101.99,115.7,101.99,113.17,113.81,101.58,25566919,28885.48,"21-Aug-2026",105819,"",""
"3155","THOMASCOTT","EQ",290,291.95,281,286.35,287,290.9,31290,89.12,"21-Aug-2026",1692,"",""
"3156","THYROCARE","EQ",566.85,575.95,563.1,565.55,566,566.7,330982,1875.79,"21-Aug-2026",20059,"",""
"3157","TI","EQ",581.8,584,572.7,575.65,574.5,582.45,514044,2962.56,"21-Aug-2026",25960,"",""
"3158","TICL","BE",9.99,9.99,9.4,9.51,9.42,9.84,51631,4.96,"21-Aug-2026",104,"",""
"3159","TIGERLOGS","EQ",29.14,30.87,29.14,30.31,30.3,29.41,604512,180.92,"21-Aug-2026",1148,"",""
"3160","TIIL","EQ",3205,3325,3177,3318.8,3323.5,3200.2,50221,1646.87,"21-Aug-2026",6972,"",""
"3161","TIINDIA","EQ",2949,2949,2843.9,2885.8,2885.8,2930,225979,6526.91,"21-Aug-2026",17989,"",""
"3162","TIJARIA","EQ",6.14,6.15,5.6,5.92,6.05,5.79,114716,6.83,"21-Aug-2026",219,"",""
"3163","TIL","BE",231,243.15,230.1,243.15,243.15,231.6,183106,439.86,"21-Aug-2026",825,"",""
"3164","TIMESCAN","SM",37.3,39.6,37.3,39.6,39.6,39.25,12000,4.63,"21-Aug-2026",5,"",""
"3165","TIMETECHNO","EQ",191.8,192.4,186.7,187.48,187.5,191.63,1342513,2547.19,"21-Aug-2026",23363,"",""
"3166","TIMEX","EQ",594.6,609.8,594,599.95,598.15,591.05,504006,3034.87,"21-Aug-2026",21315,"",""
"3167","TIMKEN","EQ",3176.3,3176.5,3069.5,3134.1,3158.7,3176.3,108474,3367.75,"21-Aug-2026",18827,"",""
"3168","TINNARUBR","EQ",1059,1059,1026.1,1034.9,1035,1047.4,28760,297.1,"21-Aug-2026",2465,"",""
"3169","TIPSFILMS","EQ",352.05,360.5,350,352.25,353,359.15,3093,10.94,"21-Aug-2026",235,"",""
"3170","TIPSMUSIC","EQ",651.05,658,648,650.95,651,651.05,165955,1080.98,"21-Aug-2026",19727,"",""
"3171","TIRUMALCHM","EQ",157.2,162.84,153.3,154.09,153.4,156.41,618132,977.25,"21-Aug-2026",11194,"",""
"3172","TIRUPATIFL","BE",66.9,69.69,66,69.62,69.69,66.38,340515,235.18,"21-Aug-2026",1556,"",""
"3173","TITAGARH","EQ",853.1,864.5,840,843.55,845,849.3,359104,3055.89,"21-Aug-2026",16064,"",""
"3174","TITAN","EQ",5068,5090.4,5011,5086.1,5086.1,5068,352381,17801.62,"21-Aug-2026",36242,"",""
"3175","TMB","EQ",875,894.9,868.5,878.55,879.9,869.7,275505,2433.18,"21-Aug-2026",20843,"",""
"3176","TMCV","EQ",477.7,480.6,468.55,472.55,471.05,477.6,5662907,26745.06,"21-Aug-2026",81334,"",""
"3177","TMPV","EQ",321.5,322.4,316.9,317.9,317.9,320.25,10824328,34487,"21-Aug-2026",130471,"",""
"3178","TNIDETF","EQ",90.35,91,90.35,90.8,90.58,90.8,43044,39.07,"21-Aug-2026",394,"",""
"3179","TNPETRO","EQ",117,118.58,114.55,115.21,115.05,114.88,484853,565.33,"21-Aug-2026",6877,"",""
"3180","TNPL","EQ",139.85,143.1,138.81,141.11,141.5,139.85,220856,311.51,"21-Aug-2026",3080,"",""
"3181","TNTELE","EQ",9.12,9.12,8.86,8.95,9,8.91,3937,0.35,"21-Aug-2026",45,"",""
"3182","TOKYOPLAST","EQ",75.46,77.94,75.45,75.88,75.6,77.5,1209,0.91,"21-Aug-2026",25,"",""
"3183","TOLINS","EQ",97.7,97.99,95.51,96.08,96,96.27,29139,28.03,"21-Aug-2026",779,"",""
"3184","TOP100CASE","EQ",10.79,10.79,10.56,10.66,10.67,10.67,687546,73.31,"21-Aug-2026",1113,"",""
"3185","TOP10ADD","EQ",88.05,88.29,87.7,87.92,87.7,87.99,221482,194.98,"21-Aug-2026",526,"",""
"3186","TOP15IETF","EQ",9.98,10.02,9.94,9.97,9.94,9.98,120686,12.04,"21-Aug-2026",262,"",""
"3187","TOP20","EQ",9.04,9.04,8.99,9,9.01,9.02,68410,6.17,"21-Aug-2026",141,"",""
"3188","TORNTPHARM","EQ",5005.5,5031,4882.5,4896.5,4896.5,5005,226264,11142.08,"21-Aug-2026",28826,"",""
"3189","TORNTPOWER","EQ",1256.4,1256.4,1241,1247.7,1246.5,1248.7,168844,2109,"21-Aug-2026",13600,"",""
"3190","TOTAL","EQ",71.39,73.5,69,72.77,72.04,71.39,14492,10.42,"21-Aug-2026",209,"",""
"3191","TOUCHWOOD","EQ",61.8,62.99,61.8,62.92,61.81,61.8,362,0.23,"21-Aug-2026",16,"",""
"3192","TOYAMSL","EQ",0.67,0.67,0.65,0.65,0.65,0.66,344388,2.25,"21-Aug-2026",164,"",""
"3193","TPHQ","EQ",0.7,0.7,0.62,0.62,0.62,0.68,12201971,77.47,"21-Aug-2026",1617,"",""
"3194","TPLPLASTEH","EQ",79.02,84.3,79.02,82.6,82.44,78.31,371046,305.55,"21-Aug-2026",4049,"",""
"3195","TRACXN","EQ",28,28.5,27.6,28.05,28.1,28.28,122836,34.31,"21-Aug-2026",966,"",""
"3196","TRANSCOR","EQ",23.2,24.75,23.2,24.5,24.5,24.75,655,0.16,"21-Aug-2026",20,"",""
"3197","TRANSPEK","BE",1306,1306.7,1306,1306.7,1306.7,1244.5,5319,69.5,"21-Aug-2026",118,"",""
"3198","TRANSRAILL","EQ",463.7,466.05,458.5,460,459.4,459.85,222846,1029.62,"21-Aug-2026",7933,"",""
"3199","TRANSTEEL","SM",89.05,96,89.05,92.5,92.9,89.2,57000,53.12,"21-Aug-2026",52,"",""
"3200","TRANSWIND","SM",11.9,11.9,11.9,11.9,11.9,12.5,4000,0.48,"21-Aug-2026",1,"",""
"3201","TRANSWORLD","BE",181.87,181.87,181.87,181.87,181.87,173.21,5675,10.32,"21-Aug-2026",86,"",""
"3202","TRAVELFOOD","EQ",1316,1323.7,1302.5,1307.2,1306.8,1316.2,35441,464.04,"21-Aug-2026",5498,"",""
"3203","TREEHOUSE","EQ",6.22,6.34,6.04,6.17,6.17,6.22,25296,1.55,"21-Aug-2026",74,"",""
"3204","TREJHARA","EQ",160,163.85,155.25,156.45,160,159.13,29701,46.89,"21-Aug-2026",819,"",""
"3205","TREL","EQ",26.11,27.63,26.11,27.05,27.17,26.93,131965,35.61,"21-Aug-2026",772,"",""
"3206","TRENT","EQ",2970,2976.6,2914,2924,2924,2970,522242,15327.65,"21-Aug-2026",49359,"",""
"3207","TRF","EQ",231.42,232.39,229.5,230.41,230,231.15,7070,16.28,"21-Aug-2026",145,"",""
"3208","TRIDENT","EQ",24.6,24.7,24.36,24.39,24.48,24.63,2667544,653.91,"21-Aug-2026",12021,"",""
"3209","TRIGYN","EQ",55,55,53.88,54.39,54.4,54.97,24631,13.37,"21-Aug-2026",458,"",""
"3210","TRITONV","EQ",1175.4,1192.7,1133,1153.7,1169.9,1173.5,3814,44.45,"21-Aug-2026",448,"",""
"3211","TRITURBINE","EQ",581.2,585.9,573.2,574.85,576,580.05,323706,1865.5,"21-Aug-2026",34365,"",""
"3212","TRIVENI","EQ",300,306.7,286.33,295.28,293.52,300.05,2542301,7552.66,"21-Aug-2026",37461,"",""
"3213","TROM","SM",59.2,63.95,58.85,61.25,61.25,59.1,6600,4.03,"21-Aug-2026",10,"",""
"3214","TRU","EQ",4.19,4.4,4.02,4.17,4.17,4.19,244271,10.03,"21-Aug-2026",367,"",""
"3215","TRUALT","EQ",465,465.4,444.3,446.15,449.3,462.6,239491,1082.53,"21-Aug-2026",9706,"",""
"3216","TRUST","SM",25.95,25.95,24.6,24.95,24.95,24.95,15000,3.78,"21-Aug-2026",14,"",""
"3217","TSFINV","EQ",425,426,415.5,417.15,416.1,424.7,56903,239.37,"21-Aug-2026",2379,"",""
"3218","TTKHLTCARE","EQ",1082.1,1145.6,1080.3,1102.5,1105,1082.1,33926,376.93,"21-Aug-2026",3640,"",""
"3219","TTKPRESTIG","EQ",598.4,598.4,585,591.65,586.1,592.65,87636,517.88,"21-Aug-2026",5397,"",""
"3220","TTL","EQ",6.33,6.69,6.1,6.25,6.49,6.22,774049,48.78,"21-Aug-2026",436,"",""
"3221","TTML","EQ",37.41,38.27,37.41,37.78,38,37.45,1250142,473.43,"21-Aug-2026",7257,"",""
"3222","TUNWAL","SM",26,26.45,25.45,26.15,26.45,26.2,60000,15.63,"21-Aug-2026",26,"",""
"3223","TURTLEMINT","EQ",145.45,152.73,142,149.34,149.1,144.6,1909201,2846.51,"21-Aug-2026",18591,"",""
"3224","TUTIALKA","EQ",53.59,55.7,53.04,55.09,55.7,53.33,5900,3.19,"21-Aug-2026",79,"",""
"3225","TVSELECT","EQ",446,450,440,441.6,444,443.35,12203,54.09,"21-Aug-2026",907,"",""
"3226","TVSHLTD","EQ",13970,14052,13875,13899,13875,13968,2117,295.16,"21-Aug-2026",810,"",""
"3227","TVSMOTOR","EQ",4389.5,4390,4337.6,4390,4390,4390,912628,39812.68,"21-Aug-2026",42640,"",""
"3228","TVSSCS","EQ",123.1,124.2,121.2,121.44,121.71,123.33,210508,257.67,"21-Aug-2026",4039,"",""
"3229","TVSSRICHAK","EQ",4925,5011,4839.1,4879.1,4905,4922.7,30052,1481.36,"21-Aug-2026",5278,"",""
"3230","TVTODAY","EQ",115.1,118,115.1,115.43,115.75,116.63,10377,12.03,"21-Aug-2026",241,"",""
"3231","TVVISION","BE",3.83,3.83,3.57,3.57,3.64,3.75,100830,3.65,"21-Aug-2026",108,"",""
"3232","TWCGOLDETF","EQ",157,158.77,156.3,158.24,158.38,155.32,8740,13.81,"21-Aug-2026",510,"",""
"3233","UBL","EQ",1339,1355,1325.4,1348.9,1334,1338.5,68125,910.95,"21-Aug-2026",8008,"",""
"3234","UCAL","BE",136.6,144,136.05,143.33,142,140.77,15207,21.22,"21-Aug-2026",218,"",""
"3235","UCOBANK","EQ",25.75,25.93,25.68,25.72,25.76,25.81,2191411,564.99,"21-Aug-2026",10365,"",""
"3236","UDAYJEW","EQ",140.36,144.98,138.5,141.4,141.2,138.9,4266,6.07,"21-Aug-2026",156,"",""
"3237","UDS","EQ",214.1,218.39,210.82,215.67,215.1,212.75,257794,554.37,"21-Aug-2026",5320,"",""
"3238","UEL","EQ",181.23,181.23,181.23,181.23,181.23,190.76,8804,15.96,"21-Aug-2026",288,"",""
"3239","UFBL","BE",800,827,780.15,822.6,818.1,807.5,43401,354.37,"21-Aug-2026",2381,"",""
"3240","UFLEX","EQ",611.05,634,607.4,614.6,614,611.05,264833,1637.87,"21-Aug-2026",9880,"",""
"3241","UFO","EQ",66.2,66.78,64.25,64.9,64.72,66.19,21880,14.35,"21-Aug-2026",411,"",""
"3242","UGARSUGAR","EQ",56.07,56.98,54,56.5,56.55,56.07,1731572,964.5,"21-Aug-2026",12917,"",""
"3243","UGROCAP","EQ",87.66,89.1,86.01,88.74,88.9,87.03,469857,415.67,"21-Aug-2026",2512,"",""
"3244","UHTL","ST",129.9,130.1,129.9,130.1,130.1,123.95,40000,52.04,"21-Aug-2026",8,"",""
"3245","UJJIVANSFB","EQ",71.86,72.67,71.81,72.07,72,71.93,7761634,5596.32,"21-Aug-2026",26040,"",""
"3246","ULTRACEMCO","EQ",11549,11620,11526,11570,11570,11575,133753,15460.4,"21-Aug-2026",26447,"",""
"3247","ULTRAMAR","EQ",418,428.9,415.6,419.4,418.55,419.2,46784,197.44,"21-Aug-2026",3529,"",""
"3248","UMAEXPORTS","BE",23.61,23.88,23,23.39,23.4,22.75,52266,12.34,"21-Aug-2026",141,"",""
"3249","UMESLTD","EQ",6.08,6.08,5.37,5.46,5.37,5.96,111981,6.17,"21-Aug-2026",233,"",""
"3250","UMIYA-MRO","EQ",89.1,92.29,87.6,90.27,90.9,90.66,18841,17.02,"21-Aug-2026",227,"",""
"3251","UNICHEMLAB","EQ",516.55,533.7,513.5,526.15,522.1,516.55,65545,343.78,"21-Aug-2026",3058,"",""
"3252","UNIDT","BE",225.5,231.5,220,226.21,228.7,225.51,12851,28.79,"21-Aug-2026",101,"",""
"3253","UNIECOM","EQ",88.2,90,86.42,87.47,90,88.64,176455,154.18,"21-Aug-2026",2130,"",""
"3254","UNIENTER","EQ",94.21,98.59,94.1,94.46,94.21,94.65,2424,2.3,"21-Aug-2026",90,"",""
"3255","UNIHEALTH","SM",749,769.5,735,751.1,735,748.9,13500,102.46,"21-Aug-2026",27,"",""
"3256","UNIINFO","EQ",11.6,11.7,11.01,11.37,11.63,11.32,3010,0.34,"21-Aug-2026",41,"",""
"3257","UNILEX","SM",27.5,28,27.05,27.55,27.05,28.4,8000,2.2,"21-Aug-2026",5,"",""
"3258","UNIMECH","EQ",1503.7,1523.8,1476.2,1491.4,1487.1,1508.3,131598,1977.46,"21-Aug-2026",11293,"",""
"3259","UNIONBANK","EQ",185.3,185.3,182.5,183.45,183.45,184.68,6917352,12700.08,"21-Aug-2026",45777,"",""
"3260","UNIONGOLD","EQ",153.05,155.75,151.5,155.2,155.75,152.3,5192,8.03,"21-Aug-2026",140,"",""
"3261","UNIPARTS","EQ",815,822.35,806.45,815.3,816.45,810.15,79167,644.43,"21-Aug-2026",6387,"",""
"3262","UNITDSPR","EQ",1550,1563.4,1527,1556,1556,1544,831704,12887.78,"21-Aug-2026",44757,"",""
"3263","UNITECH","EQ",3.98,4.08,3.94,4.03,4.05,3.97,4737526,189.86,"21-Aug-2026",2591,"",""
"3264","UNITEDPOLY","BE",36.75,38,34.5,36.72,37.1,36.26,80538,29.18,"21-Aug-2026",190,"",""
"3265","UNITEDTEA","EQ",451.2,467.75,451.2,453.95,453.95,452.9,4415,20.26,"21-Aug-2026",120,"",""
"3266","UNIVASTU","BE",165.01,177.7,163.83,171.55,169.7,172.45,231818,386.2,"21-Aug-2026",1168,"",""
"3267","UNIVCABLES","EQ",1652.7,1665.3,1580,1592.5,1599,1644.2,135815,2187.76,"21-Aug-2026",12841,"",""
"3268","UNIVPHOTO","BE",455,467.95,448.2,450.05,450,451.95,150,0.68,"21-Aug-2026",23,"",""
"3269","UNOMINDA","EQ",1261,1267,1252,1265,1265,1260.5,456850,5751.45,"21-Aug-2026",26109,"",""
"3270","UPHOT","EQ",1395,1396,1395,1396,1396,1448,3,0.04,"21-Aug-2026",2,"",""
"3271","UPL","EQ",571,573.7,566,569,569,571.9,885783,5036.61,"21-Aug-2026",20202,"",""
"3272","URAVIDEF","BE",113.61,113.61,106.2,108.99,109.82,108.2,8042,8.89,"21-Aug-2026",104,"",""
"3273","URBAN","SM",147.5,147.95,144.3,144.3,144.3,144,27200,39.8,"21-Aug-2026",31,"",""
"3274","URBANCO","EQ",151.94,160,151,158.6,157.41,145.49,65665943,102214.5,"21-Aug-2026",303014,"",""
"3275","URJA","EQ",9.39,9.45,9.28,9.35,9.32,9.32,476871,44.59,"21-Aug-2026",2300,"",""
"3276","USASEEDS","SM",91,94.9,90.8,94.9,94.9,91.5,3424,3.16,"21-Aug-2026",6,"",""
"3277","USHAFIN","SM",42.6,45,42.6,45,45,44,33600,15.08,"21-Aug-2026",12,"",""
"3278","USHAMART","EQ",495.65,499.6,477.8,481.3,480.05,495.65,527138,2564.36,"21-Aug-2026",14888,"",""
"3279","USK","EQ",22.4,22.48,21,21.12,21.12,21.49,34188,7.33,"21-Aug-2026",230,"",""
"3280","UTIAMC","EQ",896,900,892.2,893.05,892.8,896.5,38923,348.86,"21-Aug-2026",3400,"",""
"3281","UTKAL","SM",55,55.25,52.55,52.55,52.55,55.3,20000,10.75,"21-Aug-2026",10,"",""
"3282","UTKARSHBNK","EQ",13.9,14.6,13.9,14.43,14.4,13.92,12938296,1862.71,"21-Aug-2026",12440,"",""
"3283","UTLSOLAR","EQ",483,488.95,468.1,477.4,473,477.5,321853,1532.83,"21-Aug-2026",11523,"",""
"3284","UTSSAV","ST",468.75,492,468.75,482.25,480,468.75,22200,105.64,"21-Aug-2026",33,"",""
"3285","UTTAMSUGAR","EQ",333.31,337.2,318.15,323.3,324.98,336.22,924239,3011.74,"21-Aug-2026",26215,"",""
"3286","UYFINCORP","BE",20.36,21.1,19.75,20.14,20.1,20.22,144231,29.4,"21-Aug-2026",261,"",""
"3287","V2RETAIL","EQ",220.07,222.23,219,219.73,219.75,220.05,631899,1393.36,"21-Aug-2026",10574,"",""
"3288","VADILALIND","EQ",7407,7551,7355,7417.5,7428,7402,37178,2780.03,"21-Aug-2026",7971,"",""
"3289","VADILENT","EQ",9726,9726,9603,9700,9700,9700,10,0.97,"21-Aug-2026",9,"",""
"3290","VAIBHAVGBL","EQ",227.4,228.35,224.95,226.05,226,226.85,179482,406.19,"21-Aug-2026",3966,"",""
"3291","VAISHALI","EQ",7.95,8.19,7.76,7.99,8,7.95,76118,6.04,"21-Aug-2026",187,"",""
"3292","VAKRANGEE","EQ",5.82,5.95,5.78,5.87,5.91,5.82,968719,56.91,"21-Aug-2026",1460,"",""
"3293","VAL30IETF","EQ",15.25,15.32,15.15,15.23,15.28,15.18,290692,44.23,"21-Aug-2026",695,"",""
"3294","VALIANTLAB","EQ",93.9,96.24,90.94,95.74,95.5,91.66,360356,342.14,"21-Aug-2026",908,"",""
"3295","VALIANTORG","BE",315.95,315.95,301.7,302.7,303.5,310.95,19998,61.03,"21-Aug-2026",308,"",""
"3296","VALUE","EQ",16.08,16.16,16.07,16.13,16.16,16.09,31891,5.14,"21-Aug-2026",62,"",""
"3297","VALUE360","SM",80.85,80.85,75.05,75.55,75.05,76.65,12000,9.35,"21-Aug-2026",10,"",""
"3298","VALUEAXIS","EQ",32.86,32.89,32.7,32.75,32.86,32.57,99963,32.79,"21-Aug-2026",261,"",""
"3299","VAML","EQ",438.4,444.95,437.85,440.3,441.15,435.75,6742696,29788.91,"21-Aug-2026",56978,"",""
"3300","VARDHACRLC","BE",44.27,45,44.27,44.87,44.5,44.2,17604,7.87,"21-Aug-2026",123,"",""
"3301","VARDMNPOLY","EQ",6.14,6.4,6.05,6.1,6.15,6.14,133150,8.19,"21-Aug-2026",360,"",""
"3302","VARROC","EQ",820,825.35,810.15,814.95,814.5,824.25,174167,1423.29,"21-Aug-2026",9809,"",""
"3303","VASCONEQ","EQ",30.95,32.12,30.68,31.84,31.9,30.74,428283,135.03,"21-Aug-2026",1866,"",""
"3304","VASUPRADA","EQ",97.03,97.03,96.07,96.08,96.08,96.07,14,0.01,"21-Aug-2026",4,"",""
"3305","VASWANI","EQ",46.99,47.75,46.05,46.55,46.11,46.62,15380,7.18,"21-Aug-2026",147,"",""
"3306","VBL","EQ",438.3,441.6,430.1,430.1,430.1,438.3,2399879,10407.96,"21-Aug-2026",39151,"",""
"3307","VCL","BE",2.13,2.13,2.13,2.13,2.13,2.03,553650,11.79,"21-Aug-2026",131,"",""
"3308","VDEAL","SM",167.9,167.9,155,155.6,155.6,153.4,4200,6.65,"21-Aug-2026",6,"",""
"3309","VEDAVAAG","EQ",18.11,18.9,18.11,18.42,18.5,18.47,27999,5.18,"21-Aug-2026",92,"",""
"3310","VEDL","EQ",270.3,279.7,269,279,279,268,23088301,63632.03,"21-Aug-2026",146261,"",""
"3311","VEDPOWER","EQ",36.1,36.72,35.85,36.3,36.4,36.04,13542613,4933.9,"21-Aug-2026",40529,"",""
"3312","VEEDOL","EQ",1512,1512,1500.4,1502.5,1504.7,1510.4,5834,87.81,"21-Aug-2026",632,"",""
"3313","VEEKAYEM","SM",113.7,113.7,102.9,102.9,102.9,108.3,6000,6.25,"21-Aug-2026",12,"",""
"3314","VELJAN","BE",1839.9,1839.9,1780.3,1785.2,1785.2,1840.6,64,1.15,"21-Aug-2026",23,"",""
"3315","VENKEYS","EQ",1515,1530.8,1502.1,1507.4,1509,1512,19632,296.99,"21-Aug-2026",2000,"",""
"3316","VENTIVE","EQ",570,577.6,556.6,564.15,567.45,574.5,66216,375.53,"21-Aug-2026",2416,"",""
"3317","VENUSPIPES","EQ",1545.1,1597,1538.8,1556.6,1553,1540.9,153943,2400.11,"21-Aug-2026",8346,"",""
"3318","VENUSREM","BE",1715.3,1764.5,1715.3,1738.1,1746.7,1765.6,19518,338.72,"21-Aug-2026",713,"",""
"3319","VERANDA","EQ",258,264.95,256.05,259.25,259,255.9,1010798,2637.15,"21-Aug-2026",13701,"",""
"3320","VERTOZ","BE",36,36.71,35.5,36.58,36.7,35.68,98122,35.26,"21-Aug-2026",257,"",""
"3321","VESUVIUS","EQ",431,449.5,423.8,439.4,439.95,429.3,156208,685.6,"21-Aug-2026",5742,"",""
"3322","VETO","BE",127,128.9,125.1,127.25,127.99,124.97,41710,53.28,"21-Aug-2026",375,"",""
"3323","VGCL","EQ",58.35,60.6,56.9,59.96,60.6,59.85,8270,4.86,"21-Aug-2026",49,"",""
"3324","VGINFOTECH","SM",151,151.8,149.05,151,151,149.95,15000,22.56,"21-Aug-2026",11,"",""
"3325","VGL","EQ",57.75,57.75,55.8,56.05,56.48,58.09,13813,7.79,"21-Aug-2026",261,"",""
"3326","VGUARD","EQ",337.05,343.1,331,332,331.6,336.85,363474,1214.08,"21-Aug-2026",11196,"",""
"3327","VHL","EQ",3407,3555.4,3407,3453.8,3463,3510,213,7.4,"21-Aug-2026",84,"",""
"3328","VHLTD","BE",118.99,120.6,117.56,119.76,119.9,119.13,11509,13.8,"21-Aug-2026",103,"",""
"3329","VIAZ","SM",70,70,70,70,70,69.8,4000,2.8,"21-Aug-2026",2,"",""
"3330","VICTORYEV","ST",16,16.5,15.8,16.4,16.5,16.3,36000,5.8,"21-Aug-2026",12,"",""
"3331","VIDHIING","EQ",322.25,333,319.9,328.55,326,319.5,19160,62.61,"21-Aug-2026",690,"",""
"3332","VIDYAWIRES","EQ",87.4,87.9,85.2,86.27,86.63,87.4,620746,539.24,"21-Aug-2026",5186,"",""
"3333","VIESL","SM",309,321.95,305.1,319.95,321,311.2,49600,156.58,"21-Aug-2026",53,"",""
"3334","VIGOR","ST",92.95,94.25,92.95,94.25,94.25,89.8,35200,32.99,"21-Aug-2026",18,"",""
"3335","VIJAYA","EQ",1505,1510,1470.6,1504.4,1499,1498.4,97322,1455.4,"21-Aug-2026",14785,"",""
"3336","VIJAYPD","SM",57.2,60,54,56.4,59.95,57.2,30000,16.94,"21-Aug-2026",13,"",""
"3337","VIJIFIN","BE",13.65,13.65,13.65,13.65,13.65,13.39,116261,15.87,"21-Aug-2026",44,"",""
"3338","VIJSOLX","EQ",698,700,690,693.45,693.45,701.05,85,0.59,"21-Aug-2026",10,"",""
"3339","VIKASECO","EQ",1.08,1.09,1.08,1.08,1.08,1.08,785155,8.52,"21-Aug-2026",769,"",""
"3340","VIKASLIFE","EQ",1.2,1.21,1.19,1.19,1.19,1.2,2305161,27.54,"21-Aug-2026",8768,"",""
"3341","VIKRAMSOLR","EQ",172.9,178.15,171.5,173.23,173.3,171.99,3537515,6171.08,"21-Aug-2026",27210,"",""
"3342","VIKRAN","EQ",62.6,63.4,62.01,63.04,63.1,62.62,974773,612.98,"21-Aug-2026",5070,"",""
"3343","VILAS","SM",352.05,354.95,340,345.15,344,352.05,42000,145.6,"21-Aug-2026",133,"",""
"3344","VIMTALABS","EQ",640.1,647.95,627.2,629.65,633,640.4,90619,572.96,"21-Aug-2026",4592,"",""
"3345","VINATIORGA","EQ",1335.1,1340,1308,1329.4,1324,1330.5,45964,609.29,"21-Aug-2026",4203,"",""
"3346","VINCOFE","EQ",152.4,167.67,150,161.55,161.1,152.82,8055253,13089.84,"21-Aug-2026",75554,"",""
"3347","VINDHYATEL","EQ",2446.7,2490,2386.1,2453.9,2430,2436,37459,915.98,"21-Aug-2026",4587,"",""
"3348","VINEETLAB","EQ",37.54,38.68,37.1,37.81,37.75,38.49,153146,57.86,"21-Aug-2026",255,"",""
"3349","VINNY","EQ",1.06,1.07,1.06,1.06,1.07,1.06,100695,1.07,"21-Aug-2026",105,"",""
"3350","VINSYS","ST",590,600,590,590,590,590,2500,14.84,"21-Aug-2026",10,"",""
"3351","VINYAS","SM",1475.05,1730,1458.95,1611.8,1610,1475.05,93500,1518.18,"21-Aug-2026",629,"",""
"3352","VINYLINDIA","EQ",235,238,233.48,235.19,234.2,234.78,4771,11.24,"21-Aug-2026",233,"",""
"3353","VIPCLOTHNG","EQ",21.49,21.49,19.56,20.44,20.5,21.11,79090,16.08,"21-Aug-2026",322,"",""
"3354","VIPIND","EQ",304.3,316.85,302.4,308.35,307.1,302.6,508916,1582.37,"21-Aug-2026",10575,"",""
"3355","VIPULLTD","BE",15.76,15.76,15.76,15.76,15.76,15.46,93806,14.78,"21-Aug-2026",67,"",""
"3356","VIRAT","EQ",335,401.7,330,401.7,401.7,334.75,51714,194.44,"21-Aug-2026",963,"",""
"3357","VIRINCHI","EQ",15.02,15.89,15.02,15.55,15.35,15.16,29659,4.53,"21-Aug-2026",160,"",""
"3358","VIRTUALG","EQ",0.59,0.6,0.51,0.55,0.57,0.51,3327122,18.52,"21-Aug-2026",923,"",""
"3359","VISACHROME","EQ",36.89,38,36.49,36.99,36.5,36.52,19237,7.21,"21-Aug-2026",156,"",""
"3360","VISAKAIND","EQ",97.89,97.9,94,94.43,94.16,96.05,208555,199.94,"21-Aug-2026",2725,"",""
"3361","VISAMAN","SM",102.25,102.25,102.25,102.25,102.25,107.6,1000,1.02,"21-Aug-2026",1,"",""
"3362","VISDEM","SM",83.7,83.7,83,83.25,83,84,3600,3,"21-Aug-2026",3,"",""
"3363","VISHAL","EQ",19.99,19.99,18.12,18.68,18.72,18.49,52892,9.86,"21-Aug-2026",242,"",""
"3364","VISHNU","EQ",626,634.4,625,629.25,627.15,625.2,39567,248.52,"21-Aug-2026",1658,"",""
"3365","VISHNUINFR","SM",154.5,161,150,152.55,155,148.7,29000,45.35,"21-Aug-2026",35,"",""
"3366","VISHWARAJ","EQ",5.76,5.8,5.61,5.69,5.68,5.76,715848,40.75,"21-Aug-2026",1565,"",""
"3367","VISL","EQ",36.21,37.8,36.21,36.74,36.87,36.2,32809073,12169.9,"21-Aug-2026",44797,"",""
"3368","VITAL","BE",52.49,54.9,50.41,51.22,53.4,52.33,28110,15.21,"21-Aug-2026",88,"",""
"3369","VIVIANA","BE",703.85,705,686.1,692.4,697.7,705,14604,101.92,"21-Aug-2026",237,"",""
"3370","VIVIDEL","ST",1636,1636,1545,1559.6,1557,1571,7680,119.83,"21-Aug-2026",31,"",""
"3371","VIVIDHA","EQ",0.55,0.55,0.53,0.54,0.55,0.54,103289,0.56,"21-Aug-2026",137,"",""
"3372","VIVIMEDLAB","BE",6.23,6.24,6.2,6.24,6.24,5.95,67959,4.24,"21-Aug-2026",108,"",""
"3373","VIVOBIOT","EQ",19.94,19.94,18.66,18.73,19.2,19.29,14207,2.72,"21-Aug-2026",120,"",""
"3374","VIYASH","EQ",266,278.8,265.85,275.95,277.5,265.85,6137160,16771.94,"21-Aug-2026",57315,"",""
"3375","VLEGOV","BE",9.72,9.72,9.72,9.72,9.72,9.53,27182,2.64,"21-Aug-2026",25,"",""
"3376","VLINFRA","SM",26.65,27,26.05,26.1,26.1,25.85,16500,4.38,"21-Aug-2026",9,"",""
"3377","VLSFINANCE","EQ",249.1,251.9,247.1,248.95,250.9,249.3,9442,23.53,"21-Aug-2026",438,"",""
"3378","VMARCIND","SM",389.7,396.8,389.7,393.15,393.5,386.6,153000,602.09,"21-Aug-2026",94,"",""
"3379","VMART","EQ",810.7,860,801.7,838.85,838.6,806.7,612849,5138.82,"21-Aug-2026",28120,"",""
"3380","VMM","EQ",102.6,105.99,102.34,103.43,103.43,102.6,17742471,18479.69,"21-Aug-2026",79803,"",""
"3381","VMOBILE","SM",63,65.8,63,65.8,65.8,62.7,12000,7.87,"21-Aug-2026",14,"",""
"3382","VMSTMT","EQ",47.85,48.88,47.8,47.9,47.86,48.47,21792,10.47,"21-Aug-2026",193,"",""
"3383","VOEPL","EQ",488.25,493,477,488.05,484.1,485.55,44398,215.28,"21-Aug-2026",1758,"",""
"3384","VOGL","EQ",36.69,38.99,36.51,38.39,38.42,36.69,68928568,26444.62,"21-Aug-2026",112042,"",""
"3385","VOITHPAPR","EQ",1505,1517.4,1469.3,1469.5,1469.3,1517.4,124,1.83,"21-Aug-2026",21,"",""
"3386","VOLERCAR","SM",217.8,228.9,217,224,224,222,22400,50.1,"21-Aug-2026",17,"",""
"3387","VOLTAMP","EQ",10345,10989,10344.5,10869.5,10890,10313.5,123913,13387.23,"21-Aug-2026",34770,"",""
"3388","VOLTAS","EQ",1223.6,1236.3,1220,1235,1235,1219.5,557685,6847.63,"21-Aug-2026",20388,"",""
"3389","VPRPL","EQ",33.25,33.95,32.2,32.71,32.87,33.52,292763,97.15,"21-Aug-2026",2636,"",""
"3390","VR","SM",136.6,136.6,136.6,136.6,136.6,143.75,400,0.55,"21-Aug-2026",1,"",""
"3391","VRAJ","EQ",123.7,123.7,121,121.36,121.07,122.45,10352,12.61,"21-Aug-2026",341,"",""
"3392","VRLLOG","EQ",295,296.2,288,288.75,288.15,295.45,113689,330.1,"21-Aug-2026",5521,"",""
"3393","VSCL","SM",20.65,21.65,20.65,21.65,21.65,20.65,6000,1.27,"21-Aug-2026",2,"",""
"3394","VSSL","EQ",358.95,358.95,346.25,348.7,348,356,105308,369.2,"21-Aug-2026",4230,"",""
"3395","VSTIND","EQ",215,215,212,212.69,213,212.86,117733,250.39,"21-Aug-2026",2771,"",""
"3396","VSTL","EQ",110.7,113.98,107.25,110.54,110.2,108.94,22826,25.39,"21-Aug-2026",467,"",""
"3397","VSTTILLERS","EQ",4435.2,4449.1,4401,4410.2,4406,4432.2,3634,160.58,"21-Aug-2026",1258,"",""
"3398","VTL","EQ",599.35,608,589.35,602.9,601,600.5,312172,1863.94,"21-Aug-2026",17563,"",""
"3399","VTMLTD","EQ",46.16,46.6,45.45,46.13,46.5,46.17,27848,12.86,"21-Aug-2026",194,"",""
"3400","WAAREEENER","EQ",2672.9,2727,2672.8,2678.2,2678.2,2675,449753,12142.78,"21-Aug-2026",26591,"",""
"3401","WAAREEINDO","EQ",290.3,293.9,282.5,283.9,285,290.45,123321,355.19,"21-Aug-2026",3013,"",""
"3402","WAAREERTL","EQ",879.3,886.45,871.4,875.3,875,880.4,105274,926.95,"21-Aug-2026",7935,"",""
"3403","WABAG","EQ",2070,2070,1986.1,2003.3,1999.9,2057.9,411105,8316.94,"21-Aug-2026",24458,"",""
"3404","WAKEFIT","EQ",136.36,143.56,135.51,141.36,140.5,136.64,1842603,2593.35,"21-Aug-2026",16594,"",""
"3405","WALCHANNAG","EQ",226.8,231.76,226.5,227.09,227,223.91,867402,1986.61,"21-Aug-2026",11727,"",""
"3406","WALPAR","SM",31.5,31.5,31.5,31.5,31.5,33.15,4000,1.26,"21-Aug-2026",2,"",""
"3407","WANBURY","EQ",265.25,268.85,263.2,264.85,264.1,268.5,102385,271.54,"21-Aug-2026",2332,"",""
"3408","WARDINMOBI","EQ",6.17,6.3,6.17,6.18,6.18,6.17,225119,13.99,"21-Aug-2026",674,"",""
"3409","WATERBASE","EQ",51.95,54,50.22,52.39,52.25,50.22,84636,44.17,"21-Aug-2026",661,"",""
"3410","WCIL","EQ",86,87.4,85.4,86.7,86.5,86.58,34456,29.73,"21-Aug-2026",804,"",""
"3411","WEALTH","EQ",869.25,880.6,858.05,866.85,868.9,864.65,1824,15.81,"21-Aug-2026",247,"",""
"3412","WEBELSOLAR","EQ",82.2,84.29,82.2,82.8,82.75,82.85,1384020,1154.89,"21-Aug-2026",10887,"",""
"3413","WEIZMANIND","EQ",78.45,78.45,76,76.5,76.5,76.01,370,0.29,"21-Aug-2026",15,"",""
"3414","WEL","EQ",131.81,142.28,127.75,141.27,140.5,136.04,1819846,2514.87,"21-Aug-2026",16733,"",""
"3415","WELCORP","EQ",2175,2348.9,2133,2311.9,2291.2,2005.2,19963038,453722.1,"21-Aug-2026",624737,"",""
"3416","WELENT","EQ",586,653.7,582.7,631.45,629,584.65,5656444,35995.58,"21-Aug-2026",114098,"",""
"3417","WELINV","BE",2000,2022,2000,2022,2022,1925.8,727,14.69,"21-Aug-2026",77,"",""
"3418","WELSPLSOL","EQ",49.59,54.2,49.01,51.38,51.45,48.41,9355286,4892.48,"21-Aug-2026",32168,"",""
"3419","WELSPUNLIV","EQ",189,190.35,185.68,189.22,188.98,188.69,4943428,9313.59,"21-Aug-2026",34683,"",""
"3420","WENDT","EQ",8137,8270,8100,8182.5,8195,8109.5,7495,613.71,"21-Aug-2026",2058,"",""
"3421","WESTLIFE","EQ",594.5,599.5,581.65,588.15,592.1,594.5,172490,1017.67,"21-Aug-2026",8314,"",""
"3422","WEWIN","EQ",45.55,47,45.5,47,47,46.13,782,0.36,"21-Aug-2026",35,"",""
"3423","WEWORK","EQ",691,697,676.5,682.9,682.65,688.15,131330,903.29,"21-Aug-2026",11687,"",""
"3424","WHBRADY","EQ",502,539.85,502,534.5,534.5,490.2,148,0.79,"21-Aug-2026",11,"",""
"3425","WHEELS","EQ",1490,1526.9,1462.8,1512.8,1508,1483.8,138367,2081.2,"21-Aug-2026",11176,"",""
"3426","WHIRLPOOL","EQ",775.05,787.7,764.05,768.5,770.1,775.75,226768,1745.12,"21-Aug-2026",15904,"",""
"3427","WHITEFORCE","SM",39.5,39.5,39.5,39.5,39.5,39,57600,22.75,"21-Aug-2026",2,"",""
"3428","WILLAMAGOR","EQ",25.35,25.89,24.1,25.04,25,24.85,2236,0.56,"21-Aug-2026",27,"",""
"3429","WINDLAS","EQ",990,1009.8,954.05,993.6,990.25,988.2,173115,1703.5,"21-Aug-2026",14487,"",""
"3430","WINDMACHIN","EQ",323.15,326,311.3,314.6,313,320.5,100313,320.74,"21-Aug-2026",2690,"",""
"3431","WINNY","SM",33.7,33.7,33.7,33.7,33.7,33.7,500,0.17,"21-Aug-2026",1,"",""
"3432","WINSOL","SM",113,113,110.4,111.5,111.5,115.4,4000,4.46,"21-Aug-2026",10,"",""
"3433","WIPL","EQ",167,169,161.5,165,165,164.32,7485,12.22,"21-Aug-2026",48,"",""
"3434","WIPRO","EQ",180.6,181.76,180,180.79,180.79,181,4637869,8385.33,"21-Aug-2026",40108,"",""
"3435","WOCKPHARMA","EQ",1831.1,1898.8,1830,1886.3,1888,1830.6,559221,10505.75,"21-Aug-2026",31796,"",""
"3436","WOL3D","ST",140,140,135.5,139.95,139.95,140.6,4000,5.51,"21-Aug-2026",4,"",""
"3437","WOMANCART","SM",115,124.3,115,121.45,121.95,114.4,53200,64.18,"21-Aug-2026",123,"",""
"3438","WONDERLA","EQ",490.95,524.95,490.2,519.2,521.5,490.1,513327,2622.19,"21-Aug-2026",21955,"",""
"3439","WORTHPERI","EQ",157.8,158,154.9,157.27,156,157.85,29350,45.98,"21-Aug-2026",2010,"",""
"3440","WPIL","EQ",462.9,462.95,442.5,451.35,455.35,461.5,60772,276.26,"21-Aug-2026",4475,"",""
"3441","WSI","EQ",59.73,61.93,59.61,61.02,60.3,60.47,56815,34.62,"21-Aug-2026",1259,"",""
"3442","WSTCSTPAPR","EQ",637,655,633.75,637.25,635,636.25,409865,2633.2,"21-Aug-2026",15478,"",""
"3443","WTICAB","SM",102.05,104,101,102.25,103,103.6,22000,22.5,"21-Aug-2026",32,"",""
"3444","XCHANGING","EQ",61.6,61.99,60.22,61.25,61.61,61.28,62503,38.26,"21-Aug-2026",1181,"",""
"3445","XELPMOC","EQ",76.5,79.99,74,76.96,76.6,76.22,24249,18.62,"21-Aug-2026",439,"",""
"3446","XPROINDIA","EQ",1121.1,1153.7,1101,1142,1130,1121.1,64004,725.81,"21-Aug-2026",4811,"",""
"3447","XTGLOBAL","EQ",29.28,29.28,27.96,28.49,28.56,28.67,193088,54.96,"21-Aug-2026",820,"",""
"3448","XTRANET","EQ",157.1,175,157.1,167.03,167.5,160.18,881187,1476.44,"21-Aug-2026",12365,"",""
"3449","YAAP","SM",142,142,136.2,136.2,136.2,138,12000,16.59,"21-Aug-2026",12,"",""
"3450","YASHO","EQ",4325.8,4478.8,4240.6,4400,4361,4284.2,81869,3578.16,"21-Aug-2026",17903,"",""
"3451","YASHOPTICS","SM",108.05,115.45,108,115.45,115.45,109.5,8000,8.91,"21-Aug-2026",10,"",""
"3452","YATHARTH","EQ",848,858,846,855.15,857.25,847.85,171823,1465.81,"21-Aug-2026",8731,"",""
"3453","YATRA","EQ",114.76,119.7,113.6,116.93,117.26,114.64,3316067,3890.41,"21-Aug-2026",20439,"",""
"3454","YESBANK","EQ",22.74,22.87,22.63,22.8,22.8,22.74,33859169,7703.57,"21-Aug-2026",62445,"",""
"3455","YOGI","EQ",160,180,130.01,165.97,165.97,160,2180,3.33,"21-Aug-2026",46,"",""
"3456","YUDIZ","SM",22.95,22.95,22.95,22.95,22.95,22.95,800,0.18,"21-Aug-2026",1,"",""
"3457","YUKEN","EQ",952.35,982.85,936.1,964.6,969,952.35,34554,334.49,"21-Aug-2026",1654,"",""
"3458","ZAGGLE","EQ",198.52,203.95,194.37,200.12,199.4,197.56,9326732,18668.01,"21-Aug-2026",69008,"",""
"3459","ZEAL","SM",62,63,60.6,61.3,60.6,61.75,4200,2.61,"21-Aug-2026",6,"",""
"3460","ZEEL","EQ",108.5,109.43,106.52,107.58,107.46,108.03,23307195,25186.69,"21-Aug-2026",70453,"",""
"3461","ZEELEARN","BE",7.75,7.94,7.65,7.73,7.75,7.75,195475,15.16,"21-Aug-2026",294,"",""
"3462","ZEEMEDIA","EQ",9.41,9.64,9.22,9.38,9.4,9.4,3123811,295.27,"21-Aug-2026",3489,"",""
"3463","ZENITHDRUG","SM",42.15,43.3,42.15,42.65,42.3,44,5600,2.37,"21-Aug-2026",7,"",""
"3464","ZENITHEXPO","EQ",205.49,205.49,205.15,205.18,205.15,207.24,282,0.58,"21-Aug-2026",16,"",""
"3465","ZENITHSTL","EQ",5.32,5.8,5.32,5.41,5.46,5.36,82277,4.49,"21-Aug-2026",223,"",""
"3466","ZENSARTECH","EQ",486.6,487.4,480.5,483.55,484,484.95,451489,2184.38,"21-Aug-2026",15738,"",""
"3467","ZENTEC","EQ",1900,1960.6,1885.6,1926.3,1926.2,1909.1,579988,11204.26,"21-Aug-2026",34441,"",""
"3468","ZFCVINDIA","EQ",2646,2674,2595.9,2662,2659.9,2621.5,90720,2410.68,"21-Aug-2026",18231,"",""
"3469","ZFSTEERING","EQ",670,681,666.2,671.9,673.6,668,3763,25.38,"21-Aug-2026",198,"",""
"3470","ZIMLAB","EQ",125,127,117.5,125.03,125,121,86602,107.62,"21-Aug-2026",1809,"",""
"3471","ZODIAC","EQ",247.95,254.35,243.55,247.85,248.5,242.55,16143,40.04,"21-Aug-2026",658,"",""
"3472","ZODIACLOTH","EQ",75.07,75.4,73.12,74.13,73.8,74.21,4176,3.1,"21-Aug-2026",97,"",""
"3473","ZOTA","EQ",1080,1096.8,1064.6,1087.4,1087,1076.7,57264,619.36,"21-Aug-2026",3781,"",""
"3474","ZSARACOM","EQ",12292,12900,12200,12433,12500,12416,48,5.95,"21-Aug-2026",23,"",""
"3475","ZTECH","SM",507,507.75,490,494.4,495,502.6,23400,116.16,"21-Aug-2026",70,"",""
"3476","ZUARI","EQ",226.25,228.5,223.94,225.04,223.94,225.89,87541,198.11,"21-Aug-2026",1861,"",""
"3477","ZUARIIND","EQ",285.95,285.95,272.8,279.3,277.8,285.15,170443,476.23,"21-Aug-2026",4103,"",""
"3478","ZYDUSLIFE","EQ",1109.6,1120,1099.4,1120,1120,1107.7,1005818,11130.65,"21-Aug-2026",26064,"",""
"3479","ZYDUSWELL","EQ",501.3,504.3,490.05,490.8,490.55,501.3,107598,531.66,"21-Aug-2026",8402,"",""
