"","SYMBOL","SERIES","OPEN","HIGH","LOW","CLOSE","LAST","PREVCLOSE","TOTTRDQTY","TOTTRDVAL","TIMESTAMP","TOTALTRADES","ISIN","X"
"1","1018GS2026","GS",104,104.25,104,104.25,104.25,104.29,666,0.69,"24-Jul-2026",6,"",""
"2","20MICRONS","EQ",210,210,202.63,204.23,204,209.81,119240,245.26,"24-Jul-2026",2971,"",""
"3","21STCENMGM","EQ",37.11,37.11,35.81,37.11,37.11,36.39,2743,1.02,"24-Jul-2026",32,"",""
"4","360ONE","EQ",1068.3,1105,1065,1102.3,1102,1083.2,918262,9988.29,"24-Jul-2026",36716,"",""
"5","3BBLACKBIO","EQ",1260.2,1301.8,1260.2,1278.1,1276.9,1275.7,4086,52.44,"24-Jul-2026",578,"",""
"6","3IINFOLTD","EQ",20,20.23,19.41,19.74,19.65,20.43,1355100,267.75,"24-Jul-2026",4006,"",""
"7","3MINDIA","EQ",35110,35790,34915,35500,35700,35245,2736,970.04,"24-Jul-2026",1537,"",""
"8","3PLAND","EQ",32.01,32.49,31.5,31.57,31.57,31.85,1224,0.39,"24-Jul-2026",37,"",""
"9","574GS2026","GS",100.77,100.77,100.39,100.39,100.39,100.79,11,0.01,"24-Jul-2026",3,"",""
"10","585GS2030","GS",96.46,96.46,96.45,96.45,96.45,98.25,2000,1.93,"24-Jul-2026",2,"",""
"11","5PAISA","EQ",368,373.55,363.1,373.1,373.55,367.3,23335,86.06,"24-Jul-2026",1476,"",""
"12","610GS2031","GS",102.45,102.45,102.45,102.45,102.45,101.75,1,0,"24-Jul-2026",1,"",""
"13","633GS2035","GS",96.51,96.75,96.51,96.75,96.75,97.5,200,0.19,"24-Jul-2026",2,"",""
"14","636GS2031","GS",100.16,102,100.16,102,102,101.5,925,0.93,"24-Jul-2026",3,"",""
"15","63MOONS","EQ",695.8,711.65,686,708.3,708,704,177622,1238.71,"24-Jul-2026",5478,"",""
"16","648GS2035","GS",97.91,99,97.91,99,99,99,200,0.2,"24-Jul-2026",3,"",""
"17","667GS2050","GS",94.15,94.15,93,93,93,93,603,0.56,"24-Jul-2026",3,"",""
"18","668GS2033","GS",99.85,99.85,99.85,99.85,99.85,101.66,1000,1,"24-Jul-2026",1,"",""
"19","668GS2040","GS",97.5,98.3,97.45,98.05,97.85,98.25,140727,137.68,"24-Jul-2026",21,"",""
"20","675GS2029","GS",99.76,100,99.76,100,100,100,300,0.3,"24-Jul-2026",4,"",""
"21","676GS2061","GS",92.9,92.9,92,92.52,92.52,92.47,54166,50.04,"24-Jul-2026",34,"",""
"22","679GS2031","GS",100,100,100,100,100,100,100,0.1,"24-Jul-2026",1,"",""
"23","679GS2034","GS",100.55,100.55,100.55,100.55,100.55,101,100,0.1,"24-Jul-2026",1,"",""
"24","68GS2060","GS",95,95,95,95,95,93.9,1,0,"24-Jul-2026",1,"",""
"25","690GS2065","GS",93.69,93.69,93,93.37,93.39,93.18,26226,24.47,"24-Jul-2026",27,"",""
"26","695GS2061","GS",94,94,94,94,94,94,6931,6.52,"24-Jul-2026",6,"",""
"27","697GR2034","GS",101,101,101,101,101,101.74,302,0.31,"24-Jul-2026",3,"",""
"28","699GS2051","GS",96,97.5,96,97.5,97.5,97.5,71,0.07,"24-Jul-2026",4,"",""
"29","702GS2031","GS",102.79,102.79,102.79,102.79,102.79,102.8,8,0.01,"24-Jul-2026",1,"",""
"30","704GS2029","GS",101,101,101,101,101,101.8,2386,2.41,"24-Jul-2026",1,"",""
"31","706GS2028","GS",102.75,103,102.75,103,103,102.43,1008,1.04,"24-Jul-2026",4,"",""
"32","709GS2054","GS",99.5,99.5,98.9,99.24,99.24,99.4,16485,16.35,"24-Jul-2026",25,"",""
"33","709GS2074","GS",95.8,95.8,95,95.3,95.3,95.01,25315,24.15,"24-Jul-2026",28,"",""
"34","710GS2029","GS",102.2,103.2,102.2,103.2,103.2,103.3,2000,2.05,"24-Jul-2026",2,"",""
"35","717GS2030","GS",104.4,104.4,104.3,104.3,104.3,104.4,2100,2.19,"24-Jul-2026",4,"",""
"36","718GS2037","GS",101.91,102.3,101.9,102,102,102.44,13950,14.23,"24-Jul-2026",23,"",""
"37","71GS2034","GS",103.2,103.2,103.2,103.2,103.2,103.2,100,0.1,"24-Jul-2026",1,"",""
"38","724GS2055","GS",100.9,101.1,100.8,101.07,101.1,100.8,10096,10.19,"24-Jul-2026",18,"",""
"39","725GS2063","GS",97.2,97.2,96.98,97.09,97.19,97.23,248024,240.78,"24-Jul-2026",179,"",""
"40","726GS2032","GS",106.25,106.25,106.25,106.25,106.25,106.2,184,0.2,"24-Jul-2026",3,"",""
"41","726GS2033","GS",106.25,106.25,105.75,105.76,105.76,106,2051,2.18,"24-Jul-2026",4,"",""
"42","734GS2064","GS",99.53,99.53,99.29,99.4,99.4,99.39,18452,18.33,"24-Jul-2026",25,"",""
"43","736GS2052","GS",101.65,101.65,101.65,101.65,101.65,101.4,260,0.26,"24-Jul-2026",2,"",""
"44","738GS2027","GS",101.7,102,101.65,102,102,101.69,36485,37.12,"24-Jul-2026",13,"",""
"45","73GS2053","GS",100.24,100.24,100.24,100.24,100.24,100.4,1200,1.2,"24-Jul-2026",1,"",""
"46","741GS2036","GS",104.03,104.35,104.03,104.14,104.14,104.11,54702,57,"24-Jul-2026",19,"",""
"47","743GS2076","GS",99.1,99.29,98.9,98.9,98.9,98.7,36681,36.35,"24-Jul-2026",41,"",""
"48","746GS2073","GS",101.7,101.7,100.5,100.99,101,101.7,19050,19.24,"24-Jul-2026",17,"",""
"49","74GS2062","GS",101.5,101.5,101.45,101.45,101.48,101.5,10003,10.15,"24-Jul-2026",4,"",""
"50","750GS2056","GS",103,103,103,103,103,103,1,0,"24-Jul-2026",1,"",""
"51","754GS2036","GS",106.18,106.25,106.1,106.18,106.22,106.3,1036044,1099.76,"24-Jul-2026",279,"",""
"52","771GS2066","GS",104,105,103.75,104.25,104.25,104.6,21705,22.56,"24-Jul-2026",25,"",""
"53","897GS2030","GS",110.8,111,110.7,110.72,110.7,110.7,1878,2.08,"24-Jul-2026",12,"",""
"54","92GS2030","GS",114.9,114.9,114.9,114.9,114.9,114.9,1,0,"24-Jul-2026",1,"",""
"55","A2ZINFRA","EQ",12.25,12.6,12,12.46,12.57,12.12,170866,20.97,"24-Jul-2026",554,"",""
"56","AAATECH","EQ",90.55,90.8,88.84,89.66,90.62,90.55,11408,10.26,"24-Jul-2026",584,"",""
"57","AADHARHFC","EQ",500.9,502.95,492.5,495,495.25,500.8,136978,678.11,"24-Jul-2026",8559,"",""
"58","AAKAAR","SM",73,73,71.2,71.2,71.2,74.9,4800,3.45,"24-Jul-2026",3,"",""
"59","AAKASH","EQ",9.03,9.38,8.67,8.92,8.7,9.15,313973,28.63,"24-Jul-2026",433,"",""
"60","AARADHYA","SM",72,72,72,72,72,75,2400,1.73,"24-Jul-2026",2,"",""
"61","AAREYDRUGS","BE",75.66,77.5,75.66,77.5,77.5,77.2,11763,9.01,"24-Jul-2026",32,"",""
"62","AARNAV","EQ",28.13,29.18,28.11,28.32,28.25,28.7,34548,9.84,"24-Jul-2026",255,"",""
"63","AARON","EQ",112.71,135.25,111.5,135.25,135.25,112.71,364489,480.23,"24-Jul-2026",4552,"",""
"64","AARTECH","BE",47.93,48.16,47,47.93,47.93,47.93,6632,3.14,"24-Jul-2026",76,"",""
"65","AARTIDRUGS","EQ",409,410,401,404.5,408,410,82935,335.27,"24-Jul-2026",3031,"",""
"66","AARTIIND","EQ",475,480.55,469,477.8,477.9,478.2,309677,1472.88,"24-Jul-2026",9876,"",""
"67","AARTIPHARM","EQ",658.6,684.45,654.85,673.8,675,659.8,119965,804.01,"24-Jul-2026",13567,"",""
"68","AARTISURF","EQ",387,387,374.3,381.6,383.2,385.8,6247,23.78,"24-Jul-2026",656,"",""
"69","AARVI","EQ",155,158.69,153.01,154.89,154.6,156.63,15483,24.04,"24-Jul-2026",578,"",""
"70","AASTHA","EQ",104,105.97,101.96,102.62,102.59,103,17809358,18326.55,"24-Jul-2026",64817,"",""
"71","AAVAS","EQ",1350,1399.9,1350,1379,1399.9,1385.9,62171,851.54,"24-Jul-2026",10892,"",""
"72","ABAN","BE",15.24,15.24,14.51,14.93,15,14.86,24820,3.72,"24-Jul-2026",189,"",""
"73","ABANSENT","BE",26.12,27.89,25.76,26.2,26.2,27,6362,1.67,"24-Jul-2026",44,"",""
"74","ABB","EQ",7498,7583,7333,7375.5,7390,7528,258917,19316.71,"24-Jul-2026",31965,"",""
"75","ABBOTINDIA","EQ",27900,28050,27650,28005,28000,28690,10811,3016.17,"24-Jul-2026",4178,"",""
"76","ABCAPITAL","EQ",390,395.3,384.35,393.85,394,392.25,3424162,13379.36,"24-Jul-2026",38550,"",""
"77","ABCOTS","EQ",203.5,203.59,198.42,200.38,201.9,200.38,6206,12.41,"24-Jul-2026",396,"",""
"78","ABDL","EQ",585,626.7,580,620.75,623,602.55,917748,5617.08,"24-Jul-2026",43061,"",""
"79","ABFRL","EQ",55.9,56.75,55.1,56.25,56.11,56.03,2288618,1276.48,"24-Jul-2026",12168,"",""
"80","ABGSEC","EQ",114.77,114.77,113.11,113.32,113.32,114.77,459,0.52,"24-Jul-2026",12,"",""
"81","ABHAPOWER","SM",25.6,26,24.7,25.4,25.8,25.1,11200,2.85,"24-Jul-2026",7,"",""
"82","ABINFRA","EQ",9.99,10.95,9.78,10.32,10.25,10.01,680928,68.63,"24-Jul-2026",1174,"",""
"83","ABLBL","EQ",93,94.5,91.9,94.01,94.23,92.85,276457,256.85,"24-Jul-2026",3649,"",""
"84","ABMINTLLTD","EQ",42,42,40.69,41.02,41.05,42.07,794,0.33,"24-Jul-2026",13,"",""
"85","ABMKNO","EQ",199,199,190,190.11,190.11,197.61,183,0.35,"24-Jul-2026",8,"",""
"86","ABREL","EQ",1390.1,1394.5,1359.1,1374.2,1380,1398.1,113460,1560.68,"24-Jul-2026",11691,"",""
"87","ABSL10BANK","EQ",167,168.98,166.8,168.46,168.02,169.06,10794,18.05,"24-Jul-2026",380,"",""
"88","ABSLAMC","EQ",975,1022.4,974,1017,1016,986,546485,5514.31,"24-Jul-2026",34036,"",""
"89","ABSLBANETF","EQ",58.1,58.34,57.45,58.25,58.26,58.1,212784,122.61,"24-Jul-2026",1118,"",""
"90","ABSLLIQUID","EQ",1000,1000.01,999.99,1000,1000,1000,7068,70.68,"24-Jul-2026",30,"",""
"91","ABSLMSCIN","EQ",29.16,29.16,28.97,29.13,29.06,29.08,735,0.21,"24-Jul-2026",12,"",""
"92","ABSLNN50ET","EQ",75.36,75.61,74.58,75.56,75.56,75.36,3937,2.96,"24-Jul-2026",184,"",""
"93","ABSLPSE","EQ",10.35,10.35,10.23,10.33,10.35,10.35,70463,7.26,"24-Jul-2026",298,"",""
"94","ABSMARINE","ST",220.05,224.85,218.9,220.4,220,222,41500,92.07,"24-Jul-2026",57,"",""
"95","ACC","EQ",1329,1354.7,1312,1340.9,1342,1333.9,470047,6263.89,"24-Jul-2026",28526,"",""
"96","ACCELYA","EQ",1135,1163.9,1135,1158.9,1156,1145.8,7198,83.08,"24-Jul-2026",1831,"",""
"97","ACCENTMIC","SM",508.45,508.45,490,494.95,495,505.95,54000,268.19,"24-Jul-2026",100,"",""
"98","ACCPL","ST",162.15,167,162.15,164.2,164.2,170.25,4800,7.92,"24-Jul-2026",4,"",""
"99","ACCURACY","BE",4.83,5.1,4.83,5.03,5.04,5.02,154070,7.72,"24-Jul-2026",146,"",""
"100","ACE","EQ",975.2,1051,971.6,1039.4,1040.9,979,2105588,21638.42,"24-Jul-2026",80353,"",""
"101","ACEINTEG","EQ",19.96,19.96,19.14,19.7,19.71,19.6,1076,0.21,"24-Jul-2026",46,"",""
"102","ACETEC","SM",134.05,134.05,134,134,134,141,3600,4.82,"24-Jul-2026",3,"",""
"103","ACI","EQ",551,558,545.6,554.85,555.45,553.35,156065,860.89,"24-Jul-2026",12235,"",""
"104","ACL","EQ",47.99,48.48,46.34,47.06,47,47.64,15817,7.51,"24-Jul-2026",286,"",""
"105","ACMESOLAR","EQ",361.4,374.9,361.4,365.85,365.5,363.05,2104262,7729.35,"24-Jul-2026",39534,"",""
"106","ACSTECH","EQ",40.91,42.24,39.2,40.82,40.7,40.23,360328,146.01,"24-Jul-2026",1590,"",""
"107","ACUTAAS","EQ",3330.1,3457.1,3209,3259.5,3251.9,3459.1,1243383,41048.46,"24-Jul-2026",112183,"",""
"108","ADANIENSOL","EQ",1676,1713.9,1668.8,1702.2,1702,1683.8,2585952,43846.68,"24-Jul-2026",64268,"",""
"109","ADANIENT","EQ",3010,3041.9,2992.5,3026.4,3025,3010,1280635,38671.81,"24-Jul-2026",55852,"",""
"110","ADANIGREEN","EQ",1356,1405,1352,1395.1,1395.8,1379.9,5247088,72696.07,"24-Jul-2026",103230,"",""
"111","ADANIPORTS","EQ",1764.9,1784.9,1755.2,1768.3,1772.1,1778.5,1685770,29865.64,"24-Jul-2026",80950,"",""
"112","ADANIPOWER","EQ",212.22,215.1,210.1,213.66,213.52,212.23,29273015,62345.35,"24-Jul-2026",115153,"",""
"113","ADDICTIVE","SM",38,40.4,38,40,40,38.5,11000,4.35,"24-Jul-2026",12,"",""
"114","ADFFOODS","EQ",296.6,308.5,286.05,307.05,307.8,296.65,224298,662.92,"24-Jul-2026",6294,"",""
"115","ADISOFT","SM",178.9,186,178.9,183.5,182.6,180,19200,34.88,"24-Jul-2026",22,"",""
"116","ADL","EQ",73,73.51,73,73.49,73.49,69.35,1357,1,"24-Jul-2026",16,"",""
"117","ADOR","EQ",1440,1520,1439.1,1493.9,1501,1462.7,46158,672.48,"24-Jul-2026",3769,"",""
"118","ADROITINFO","EQ",9.17,9.3,8.91,9.25,9.26,9.17,15677,1.44,"24-Jul-2026",75,"",""
"119","ADSL","EQ",112.95,121.7,111.51,118.14,117.98,113.93,560121,660.05,"24-Jul-2026",9696,"",""
"120","ADVAIT","EQ",2225,2259.9,2162.7,2252.4,2250,2239.5,27825,615.88,"24-Jul-2026",4607,"",""
"121","ADVANCE","EQ",110.01,112,106.92,109.89,111.09,110.2,140590,153.84,"24-Jul-2026",1572,"",""
"122","ADVANIHOTR","EQ",51.58,51.99,50.83,51.12,51.06,51.33,22036,11.29,"24-Jul-2026",461,"",""
"123","ADVENTHTL","EQ",143.26,147.58,140,142.31,142,144.32,299994,429.12,"24-Jul-2026",5067,"",""
"124","ADVENZYMES","EQ",312.8,319.3,309.45,317.35,317.55,314.25,100149,315.05,"24-Jul-2026",4619,"",""
"125","AEGISLOG","EQ",1360,1360,1298.4,1349.6,1348,1368.9,1168708,15545.42,"24-Jul-2026",47702,"",""
"126","AEGISVOPAK","EQ",290,296,282.25,292.64,292.99,294.82,1300277,3768.24,"24-Jul-2026",25355,"",""
"127","AEPL","EQ",15.26,15.42,14.7,14.96,14.98,15.19,15091,2.26,"24-Jul-2026",84,"",""
"128","AEQUS","EQ",220,230.4,220,229.23,229,221.59,3121246,7085.87,"24-Jul-2026",33636,"",""
"129","AEROENTER","EQ",125,129.69,120.1,127.3,127,123.6,704414,884.21,"24-Jul-2026",9105,"",""
"130","AEROFLEX","EQ",415,437.8,403.65,420.85,421,420.1,2248858,9534.85,"24-Jul-2026",37373,"",""
"131","AERON","SM",80,82,79.2,79.2,79.2,80.5,7000,5.65,"24-Jul-2026",7,"",""
"132","AERONEU","EQ",85.75,87.46,84.11,85.38,85.65,85.96,44090,37.79,"24-Jul-2026",285,"",""
"133","AEROPLANE","EQ",186.9,190.77,181.73,187.84,186.5,189.37,882981,1653.33,"24-Jul-2026",2621,"",""
"134","AESTHETIK","SM",69,70,69,70,70,70.05,7000,4.88,"24-Jul-2026",5,"",""
"135","AETHER","EQ",1435.5,1442.7,1400.2,1427.5,1420.3,1435.5,186183,2648.13,"24-Jul-2026",25315,"",""
"136","AFCONS","EQ",279.15,288.95,279.15,285.95,284.25,283.8,718967,2044.43,"24-Jul-2026",13270,"",""
"137","AFFLE","EQ",1460.9,1470,1419.1,1445.3,1465.2,1461,238606,3448.07,"24-Jul-2026",20826,"",""
"138","AFFORDABLE","BE",183,185.8,177.2,183.49,185,185.48,20899,38.1,"24-Jul-2026",272,"",""
"139","AFIL","EQ",9.11,9.53,9.11,9.21,9.3,9.27,786350,72.78,"24-Jul-2026",609,"",""
"140","AFSL","EQ",201.02,202.84,201,201,201,201.06,10465,21.04,"24-Jul-2026",59,"",""
"141","AGARIND","EQ",481.75,481.75,471.1,477.7,479.25,486.65,20588,98.25,"24-Jul-2026",1184,"",""
"142","AGARWALEYE","EQ",480.7,482.9,476,478.9,479.7,478.1,56096,268.47,"24-Jul-2026",8093,"",""
"143","AGARWALTUF","SM",135,136,133,134.45,133,136.3,64800,87.14,"24-Jul-2026",46,"",""
"144","AGI","EQ",665,680.45,657.5,672.85,680,669.75,68125,454.37,"24-Jul-2026",4188,"",""
"145","AGIIL","EQ",316,319.75,310.65,311.75,311.7,317.35,670622,2113.66,"24-Jul-2026",8234,"",""
"146","AGL","EQ",12.56,12.75,12.21,12.58,12.51,12.7,2678802,334.46,"24-Jul-2026",3339,"",""
"147","AGRITECH","BE",110.55,113,110.55,110.59,110.55,112.06,1165,1.3,"24-Jul-2026",31,"",""
"148","AGROPHOS","EQ",29.22,29.87,28.54,29.04,29.24,29.08,15185,4.41,"24-Jul-2026",115,"",""
"149","AHCL","EQ",14.94,15.15,14.81,15.01,15.04,15.08,2826907,424.01,"24-Jul-2026",4240,"",""
"150","AHLADA","EQ",38.4,38.4,37.2,38.01,38.05,37.6,6747,2.54,"24-Jul-2026",104,"",""
"151","AHLEAST","EQ",150.14,150.85,143.25,146.23,145.4,150.05,3036,4.48,"24-Jul-2026",120,"",""
"152","AHLUCONT","EQ",800.2,838.55,791.1,827.7,821.2,800.2,140514,1152.22,"24-Jul-2026",13275,"",""
"153","AHLWEST","BE",565,575,565,574.95,575,573.5,490,2.81,"24-Jul-2026",14,"",""
"154","AIAENG","EQ",4552,4612,4505.5,4583,4585,4582,36931,1683.51,"24-Jul-2026",8477,"",""
"155","AIIL","EQ",539.9,540.35,525,531.1,530.95,540.65,164861,875.85,"24-Jul-2026",9078,"",""
"156","AILIMITED","ST",39.5,39.5,39.5,39.5,39.5,41.55,1500,0.59,"24-Jul-2026",1,"",""
"157","AIMTRON","SM",1308,1308,1268.05,1283.95,1281,1307.75,23000,295.92,"24-Jul-2026",108,"",""
"158","AIRAN","EQ",15.08,15.35,14.94,15.03,15.12,15.22,38460,5.79,"24-Jul-2026",245,"",""
"159","AIROLAM","EQ",84.25,86.89,84.25,85.88,85.98,87.15,2177,1.86,"24-Jul-2026",75,"",""
"160","AISL","SM",62.25,62.25,62.25,62.25,62.25,62,600,0.37,"24-Jul-2026",1,"",""
"161","AJANTPHARM","EQ",3433,3455.8,3358.5,3369.5,3371,3439.9,50410,1709.25,"24-Jul-2026",16297,"",""
"162","AJAXENGG","EQ",580,580,557.4,567.6,568,572.6,27055,153.15,"24-Jul-2026",2548,"",""
"163","AJMERA","EQ",122.14,124.8,121.22,122.57,123.5,123.1,261697,321.36,"24-Jul-2026",4168,"",""
"164","AJOONI","EQ",3.9,4.22,3.9,4.03,4.02,3.95,660297,27.12,"24-Jul-2026",828,"",""
"165","AKANKSHA","ST",84.95,84.95,82.8,83.15,83.15,86.95,6000,5.05,"24-Jul-2026",5,"",""
"166","AKASH","EQ",26.62,27.04,26.27,26.95,26.95,26.62,1251,0.33,"24-Jul-2026",20,"",""
"167","AKCAPIT","EQ",1775.5,1814,1749.1,1759.5,1749.1,1756,4790,85.29,"24-Jul-2026",282,"",""
"168","AKG","EQ",9.32,10.8,9.01,10.46,10.25,9.32,77896,7.97,"24-Jul-2026",262,"",""
"169","AKI","EQ",4.46,4.46,4.23,4.26,4.24,4.44,112055,4.78,"24-Jul-2026",256,"",""
"170","AKIKO","ST",328,348.6,328,346.3,348.6,332,25600,86.78,"24-Jul-2026",32,"",""
"171","AKSHAR","EQ",0.42,0.43,0.41,0.42,0.43,0.42,294708,1.24,"24-Jul-2026",196,"",""
"172","AKSHARCHEM","BE",241.99,241.99,224.2,236.58,237.9,233.13,1870,4.29,"24-Jul-2026",68,"",""
"173","AKSHOPTFBR","BE",5.77,5.77,5.77,5.77,5.77,5.88,34533,1.99,"24-Jul-2026",68,"",""
"174","AKUMS","EQ",688.4,692.9,678.1,687.3,686,695.9,146336,1003.61,"24-Jul-2026",13919,"",""
"175","ALANKIT","EQ",7.9,8.06,7.75,7.96,7.96,7.9,38370,3.03,"24-Jul-2026",332,"",""
"176","ALBERTDAVD","EQ",688,699.7,680.2,698.35,698.7,683.55,1133,7.82,"24-Jul-2026",115,"",""
"177","ALEMBICLTD","EQ",87.9,88.8,86.81,87.94,88,88.3,234145,205.54,"24-Jul-2026",1861,"",""
"178","ALGOQUANT","EQ",65.39,70,65.17,68.41,68.65,65.42,2380736,1613.9,"24-Jul-2026",12467,"",""
"179","ALICON","EQ",649.45,650,625,636.35,646,637.1,7112,45.04,"24-Jul-2026",398,"",""
"180","ALIVUS","EQ",1107.5,1115.1,1086.1,1101.2,1107,1102.8,28113,309.57,"24-Jul-2026",4908,"",""
"181","ALKALI","BE",74,74,71.11,71.11,71.11,74.85,18648,13.28,"24-Jul-2026",157,"",""
"182","ALKEM","EQ",5561.5,5644.5,5561.5,5633.5,5642,5602,55151,3097.45,"24-Jul-2026",12615,"",""
"183","ALKYLAMINE","EQ",1798.9,1810.8,1764.9,1789.5,1786.1,1812.2,46231,825.96,"24-Jul-2026",8152,"",""
"184","ALLCARGO","EQ",7.93,8.11,7.89,8.06,8.04,7.99,3196864,256.38,"24-Jul-2026",8239,"",""
"185","ALLDIGI","EQ",838,838,809.5,822.75,821,836.05,9915,81.27,"24-Jul-2026",2159,"",""
"186","ALLETEC","ST",134.5,136.75,133,136.15,136.7,136.6,6000,8.1,"24-Jul-2026",15,"",""
"187","ALLTIME","EQ",224.39,225,219,220.87,219.2,223.86,71787,159.36,"24-Jul-2026",1444,"",""
"188","ALMONDZ","EQ",12.98,13.15,12.7,12.86,12.81,12.98,53051,6.84,"24-Jul-2026",257,"",""
"189","ALOKINDS","EQ",12,12.13,11.93,12.07,12.11,12.02,2737970,329.19,"24-Jul-2026",5488,"",""
"190","ALPA","EQ",66.8,68,65,67.17,66.33,66.81,8160,5.39,"24-Jul-2026",211,"",""
"191","ALPEXSOLAR","SM",841,849.9,831.05,836.35,832.15,845.2,19800,165.65,"24-Jul-2026",161,"",""
"192","ALPHA","EQ",51.16,51.16,50.38,50.84,51,51.16,1291451,653.86,"24-Jul-2026",3230,"",""
"193","ALPHAETF","EQ",25.65,25.7,25.14,25.56,25.68,25.65,423306,107.86,"24-Jul-2026",1033,"",""
"194","ALPHAGEO","EQ",206.9,206.9,196.98,204.65,202.12,200.77,4649,9.39,"24-Jul-2026",251,"",""
"195","ALPINETEX","BE",85.54,85.54,85.54,85.54,85.54,90.04,48238,41.26,"24-Jul-2026",854,"",""
"196","ALPL30IETF","EQ",27.86,27.86,27.62,27.75,27.77,27.86,219332,60.82,"24-Jul-2026",809,"",""
"197","ALUWIND","SM",47.5,49,46.6,49,49,48.05,21000,10.11,"24-Jul-2026",13,"",""
"198","AMAGI","EQ",641,653.95,605.2,609.05,608,655.35,587821,3628.16,"24-Jul-2026",32650,"",""
"199","AMANTA","BE",166,166,163,163,163,166,21187,34.62,"24-Jul-2026",137,"",""
"200","AMBAAUTO","SM",81.1,86,79.7,79.9,79.95,81.1,48000,39.02,"24-Jul-2026",39,"",""
"201","AMBALALSA","EQ",33,33,31.6,32.39,32.39,32.66,32650,10.53,"24-Jul-2026",369,"",""
"202","AMBANIORGO","SM",112.5,112.5,112.5,112.5,112.5,118,9000,10.13,"24-Jul-2026",1,"",""
"203","AMBER","EQ",7377,7399,7214.5,7261.5,7250,7430,351056,25551.52,"24-Jul-2026",43247,"",""
"204","AMBICAAGAR","EQ",24.66,25.36,24.26,24.64,24.98,24.66,1726,0.43,"24-Jul-2026",31,"",""
"205","AMBIKCO","EQ",1745,1749.9,1657.5,1708.2,1699.2,1697.1,22297,379.65,"24-Jul-2026",3430,"",""
"206","AMBUJACEM","EQ",420,427.5,415.45,425.15,426,423.55,1403208,5920.22,"24-Jul-2026",24125,"",""
"207","AMCL","SM",416.9,417,402,409.5,402,422,1600,6.61,"24-Jul-2026",4,"",""
"208","AMDIND","EQ",49.2,51.9,46.51,49.68,48.95,48.88,28455,13.95,"24-Jul-2026",515,"",""
"209","AMEYA","SM",104.9,104.95,102.85,102.85,102.85,104.95,4000,4.18,"24-Jul-2026",3,"",""
"210","AMJLAND","EQ",38.1,38.19,36.61,37.99,38.1,37.28,13373,5.04,"24-Jul-2026",259,"",""
"211","AMNPLST","EQ",196.43,198.02,191,194.27,193,194.59,8244,15.98,"24-Jul-2026",658,"",""
"212","AMRUTANJAN","EQ",518,518,505.05,509,506,519.8,65158,333.04,"24-Jul-2026",2555,"",""
"213","ANANDRATHI","EQ",2034,2056.8,2002.1,2042.1,2045.1,2049.1,231997,4700.02,"24-Jul-2026",14284,"",""
"214","ANANTAM","IV",105.44,105.5,104.86,105.42,105.5,104.94,14108,14.87,"24-Jul-2026",129,"",""
"215","ANANTRAJ","EQ",580.2,591.65,576,586.55,586.3,587.15,3000923,17559.45,"24-Jul-2026",36654,"",""
"216","ANDHRAPAP","EQ",61.85,63,60.8,61.33,61,62.08,452521,279.92,"24-Jul-2026",1674,"",""
"217","ANDHRSUGAR","EQ",83.9,87.1,83.51,86.33,86.5,85.42,301296,257.41,"24-Jul-2026",4870,"",""
"218","ANGELONE","EQ",304.5,310.8,301.2,307.95,307.9,306.05,3428982,10481.54,"24-Jul-2026",39031,"",""
"219","ANIKINDS","BE",40.1,42,40.07,40.7,40.7,40.88,981,0.4,"24-Jul-2026",14,"",""
"220","ANKITMETAL","BZ",1.5,1.55,1.45,1.53,1.53,1.5,32353,0.48,"24-Jul-2026",33,"",""
"221","ANLON","ST",629.95,632,629.95,632,632,632.95,2000,12.62,"24-Jul-2026",5,"",""
"222","ANMOL","EQ",10.22,10.28,10,10.14,10.2,10.22,23410,2.38,"24-Jul-2026",213,"",""
"223","ANNAPURNA","SM",130,130,125.5,129.5,130,130.5,21000,26.96,"24-Jul-2026",50,"",""
"224","ANONDITA","SM",1114.95,1135,1055.05,1128.7,1135,1117.5,18200,201.04,"24-Jul-2026",88,"",""
"225","ANSALAPI","BZ",3.03,3.03,3.03,3.03,3.03,2.98,3245,0.1,"24-Jul-2026",7,"",""
"226","ANTELOPUS","EQ",904,907.75,865.15,894.45,886,893.75,93995,834.59,"24-Jul-2026",5512,"",""
"227","ANTGRAPHIC","EQ",0.76,0.77,0.75,0.75,0.76,0.75,106797,0.8,"24-Jul-2026",129,"",""
"228","ANTHEM","EQ",775.1,779.4,767.35,769.9,769.1,777.85,242556,1870.47,"24-Jul-2026",16605,"",""
"229","ANUHPHR","EQ",77.56,79.75,77.56,79.07,79.01,79.45,17342,13.67,"24-Jul-2026",316,"",""
"230","ANUP","EQ",2100.6,2150,2068.6,2119.6,2128,2107,15972,336.34,"24-Jul-2026",3848,"",""
"231","ANURAS","EQ",1227.7,1259.9,1214.6,1249.6,1232,1239.1,281938,3500.34,"24-Jul-2026",17830,"",""
"232","ANYA","SM",15.5,15.5,15.5,15.5,15.5,15.4,10000,1.55,"24-Jul-2026",1,"",""
"233","AONEGOLD","EQ",13.42,13.42,13.15,13.3,13.38,13.42,757235,100.55,"24-Jul-2026",1281,"",""
"234","AONELIQUID","EQ",1069.81,1069.81,1069.78,1069.79,1069.8,1069.36,38925,416.42,"24-Jul-2026",163,"",""
"235","AONENIFTY","EQ",10.1,10.1,9.75,9.82,9.86,9.86,144752,14.19,"24-Jul-2026",1072,"",""
"236","AONESILVER","EQ",8.44,8.46,8.25,8.39,8.43,8.44,661510,55.34,"24-Jul-2026",984,"",""
"237","AONETMMQ50","EQ",10.16,10.16,9.9,9.94,9.98,10,873829,87.35,"24-Jul-2026",496,"",""
"238","AONETOTAL","EQ",11.92,11.92,11.6,11.68,11.71,11.69,162277,18.91,"24-Jul-2026",995,"",""
"239","APARINDS","EQ",13400,14685,13282,13889,13800,13423,485027,67687.73,"24-Jul-2026",132491,"",""
"240","APCL","EQ",103.24,103.24,100.42,102.97,101.01,103.24,3837,3.91,"24-Jul-2026",317,"",""
"241","APCOTEXIND","EQ",560,579.75,555,561.05,565,560.6,181899,1029.53,"24-Jul-2026",7895,"",""
"242","APEX","EQ",380.1,388.2,378.2,381,383.7,382.35,99690,380.55,"24-Jul-2026",4134,"",""
"243","APEXECO","ST",264,264,252,252,252,264.4,6400,16.32,"24-Jul-2026",8,"",""
"244","APLAPOLLO","EQ",1820,1834.8,1802.5,1822.8,1825,1830.9,230999,4203.26,"24-Jul-2026",21899,"",""
"245","APLLTD","EQ",789,803.1,787.4,797.6,798,798.35,36166,288.01,"24-Jul-2026",3778,"",""
"246","APOLLO","EQ",388.05,396.15,385.95,394.3,394.95,395.5,4476533,17529.64,"24-Jul-2026",41349,"",""
"247","APOLLOHOSP","EQ",8801,8869.5,8792.5,8805.5,8794.5,8862,189462,16702.53,"24-Jul-2026",34505,"",""
"248","APOLLOPIPE","EQ",484.9,494.75,475.05,490.3,491.2,487.35,59507,288.05,"24-Jul-2026",2952,"",""
"249","APOLLOTYRE","EQ",419.9,420.25,413.4,419.65,420,424.35,488448,2042.67,"24-Jul-2026",15115,"",""
"250","APOLSINHOT","EQ",1170,1197.7,1164.2,1173,1171,1180.3,833,9.78,"24-Jul-2026",100,"",""
"251","APRAMEYA","SM",147.05,153,147.05,149,149,153,13000,19.41,"24-Jul-2026",7,"",""
"252","APS","SM",278.95,282.8,274,275.45,274,278.95,12000,33.23,"24-Jul-2026",44,"",""
"253","APSISAERO","ST",425.85,425.95,417.6,425.95,425.95,417.6,16800,71.45,"24-Jul-2026",12,"",""
"254","APTECHT","BE",87.25,92,87.25,91.35,91.8,90.9,77392,69.21,"24-Jul-2026",535,"",""
"255","APTUS","EQ",284.5,284.5,276.5,277.15,278.8,284.7,932035,2594.15,"24-Jul-2026",20427,"",""
"256","AQYLON","EQ",26.25,26.61,26.25,26.25,26.25,27.63,1012703,266.26,"24-Jul-2026",1046,"",""
"257","ARABIAN","SM",69.35,69.5,69.35,69.45,69.5,69.5,8000,5.56,"24-Jul-2026",3,"",""
"258","ARCHIDPLY","EQ",82,85.4,80.05,82.94,82.89,82.48,8680,7.19,"24-Jul-2026",210,"",""
"259","ARCHIES","EQ",13.8,14,13.73,13.75,13.75,13.97,2135,0.29,"24-Jul-2026",38,"",""
"260","ARCIIL","ST",35.3,37.8,35.15,37.8,37.8,37,11000,3.92,"24-Jul-2026",11,"",""
"261","ARE&M","EQ",876,885.55,865.45,872.9,877,876.4,631693,5517.82,"24-Jul-2026",22732,"",""
"262","ARENTERP","EQ",50.6,52.9,42.2,44.24,42.97,49.46,166894,77.41,"24-Jul-2026",1627,"",""
"263","ARFIN","EQ",90.44,92.5,89,91.99,91.88,90.34,1809673,1637.46,"24-Jul-2026",6603,"",""
"264","ARHAM","SM",165.65,165.65,159.95,162.65,163.65,163.1,39000,63.28,"24-Jul-2026",38,"",""
"265","ARIES","EQ",340,348.15,331.35,341.05,338.1,339.65,15771,53.33,"24-Jul-2026",570,"",""
"266","ARIHANT","EQ",930.1,1039.4,930.1,1021.7,1021,969.8,5725,57.17,"24-Jul-2026",540,"",""
"267","ARIHANTCAP","EQ",81.31,82.5,79.32,81.62,81.2,81.45,967198,782.93,"24-Jul-2026",6852,"",""
"268","ARIHANTSUP","EQ",258.65,263.8,255.4,262.6,263,257.7,9903,25.83,"24-Jul-2026",287,"",""
"269","ARIS","EQ",122.16,126.8,121.61,123.06,123.39,122.19,1428668,1777.68,"24-Jul-2026",18092,"",""
"270","ARKADE","EQ",140.75,140.75,133,135.61,135.76,140.34,398950,540.02,"24-Jul-2026",4732,"",""
"271","ARMANFIN","EQ",1917.3,1988.4,1902,1917.3,1913,1926,43603,844.14,"24-Jul-2026",5467,"",""
"272","ARMOUR","ST",18.7,18.7,18.7,18.7,18.7,18.05,2000,0.37,"24-Jul-2026",1,"",""
"273","AROGRANITE","EQ",25.8,25.8,24.51,25.01,25,25.15,2877,0.72,"24-Jul-2026",40,"",""
"274","ARROWGREEN","BE",727.95,727.95,682.85,708.9,711,709.8,7716,54,"24-Jul-2026",286,"",""
"275","ARSHIYA","BZ",1.04,1.05,0.95,0.95,0.95,1,471907,4.55,"24-Jul-2026",178,"",""
"276","ARSSBL","EQ",504,513.15,500,508.2,509,508.6,145302,737.94,"24-Jul-2026",4409,"",""
"277","ARTEMISMED","EQ",271.85,277.5,267.3,275.75,275.4,271.85,104825,287.06,"24-Jul-2026",3934,"",""
"278","ARTNIRMAN","EQ",40.5,40.5,38.7,40.19,40.2,38.68,291,0.12,"24-Jul-2026",17,"",""
"279","ARUNAYA","ST",15.5,15.65,15.5,15.6,15.6,16.2,34000,5.28,"24-Jul-2026",5,"",""
"280","ARVEE","EQ",154.01,160.54,147.15,153.66,160.4,158.39,462,0.71,"24-Jul-2026",41,"",""
"281","ARVIND","EQ",510.9,529,505.8,527.2,527.75,513.45,278288,1447.27,"24-Jul-2026",12658,"",""
"282","ARVINDFASN","EQ",476,476,460.1,462.65,460.3,477.8,302548,1414.28,"24-Jul-2026",15446,"",""
"283","ARVINDPORT","ST",30.65,31,30.65,31,31,31.35,16500,5.11,"24-Jul-2026",3,"",""
"284","ARVSMART","EQ",592.2,637.9,587.3,608.8,609.6,591.05,127890,788.62,"24-Jul-2026",4892,"",""
"285","ASAHIINDIA","EQ",874.05,892,863.95,888.3,890.8,872.45,43801,385.81,"24-Jul-2026",5857,"",""
"286","ASAHISONG","EQ",322,336,317,332.95,332,318.9,63845,209.71,"24-Jul-2026",2826,"",""
"287","ASAL","EQ",546.65,555,494.85,508.75,509,546.55,139558,726.67,"24-Jul-2026",8474,"",""
"288","ASALCBR","EQ",802.4,830.2,793.05,821.45,822,804.4,49142,400.33,"24-Jul-2026",3323,"",""
"289","ASHAPURMIN","EQ",683,703.1,669.75,697.05,695,686.95,378083,2596.32,"24-Jul-2026",13194,"",""
"290","ASHIANA","EQ",382.2,389,375.1,386.7,383.95,379.25,69649,266.26,"24-Jul-2026",2729,"",""
"291","ASHIKA","EQ",402.9,402.9,392.4,399.25,400,396.75,180568,716.77,"24-Jul-2026",1356,"",""
"292","ASHIMASYN","EQ",17,17.19,16.74,16.85,16.85,16.95,96050,16.23,"24-Jul-2026",334,"",""
"293","ASHOKA","EQ",120.02,121.32,119.25,120.87,121,120.89,534290,642.21,"24-Jul-2026",9873,"",""
"294","ASHOKAMET","EQ",14.55,14.55,14.02,14.16,14.02,14.23,12306,1.74,"24-Jul-2026",142,"",""
"295","ASHOKLEY","EQ",150,151.38,147.59,151.07,151.2,150.65,12276303,18318.56,"24-Jul-2026",68794,"",""
"296","ASHWINI","SM",200,204.9,195,197.2,196.05,201.7,15000,30.05,"24-Jul-2026",13,"",""
"297","ASIANENE","EQ",352.9,362.7,341.55,355.7,358,350.6,217670,768.92,"24-Jul-2026",6578,"",""
"298","ASIANHOTNR","EQ",288,327.8,280.2,306.65,303.1,291,542969,1704.12,"24-Jul-2026",16446,"",""
"299","ASIANPAINT","EQ",2620.1,2657.1,2620.1,2637.9,2639.5,2668.8,645563,17062.62,"24-Jul-2026",53401,"",""
"300","ASIANTILES","EQ",52.1,56.99,52.1,53.47,52.42,51.88,72415948,39528.17,"24-Jul-2026",204058,"",""
"301","ASKAUTOLTD","EQ",501,512.35,497.15,509.3,509.85,502.95,512575,2595.45,"24-Jul-2026",21345,"",""
"302","ASMS","BE",7.01,7.13,7,7,7.06,7.05,103572,7.29,"24-Jul-2026",275,"",""
"303","ASPINWALL","EQ",249,252.98,247,250.4,251,249.03,463,1.15,"24-Jul-2026",30,"",""
"304","ASPIRE","SM",13.75,14.65,13.65,14.65,14.65,14.15,8000,1.12,"24-Jul-2026",3,"",""
"305","ASTAR","EQ",600,610.1,600,606.5,606,610.1,22,0.13,"24-Jul-2026",8,"",""
"306","ASTEC","EQ",663,667,638.05,659.1,657,665.55,18024,117.63,"24-Jul-2026",1575,"",""
"307","ASTERDM","EQ",784,791.9,770,785.65,789.9,784.3,731330,5740.93,"24-Jul-2026",23908,"",""
"308","ASTRAL","EQ",1405.1,1476.8,1402.4,1468.1,1460.1,1413.4,1157687,16816.82,"24-Jul-2026",50002,"",""
"309","ASTRAMICRO","EQ",1770,1818,1750,1813.4,1807,1783.1,304402,5433.25,"24-Jul-2026",26998,"",""
"310","ASTRAZEN","EQ",7865.5,8024.5,7827,8005.5,8000,7872,14182,1131.46,"24-Jul-2026",1976,"",""
"311","ASTRON","BE",4.33,4.33,4.06,4.14,4.15,4.13,32421,1.36,"24-Jul-2026",80,"",""
"312","ATALREAL","EQ",31.2,32.17,31,31.44,31.41,30.99,9521105,2989.74,"24-Jul-2026",48838,"",""
"313","ATAM","EQ",66,66.89,65.01,65.88,66.89,66.12,4034,2.67,"24-Jul-2026",90,"",""
"314","ATCENERGY","ST",21.75,21.75,21.75,21.75,21.75,22.15,4800,1.04,"24-Jul-2026",4,"",""
"315","ATGL","EQ",655,664,648.75,652.85,654.95,662.6,1062001,6959.83,"24-Jul-2026",27105,"",""
"316","ATHERENERG","EQ",1224.1,1224.7,1188.1,1208.7,1209,1233.2,3613338,43539.22,"24-Jul-2026",126181,"",""
"317","ATL","EQ",22.5,23.08,22.18,22.81,22.97,22.81,78830,17.96,"24-Jul-2026",508,"",""
"318","ATLANTAA","EQ",36.17,36.68,34.71,35.18,35.78,36.15,64100,22.78,"24-Jul-2026",1767,"",""
"319","ATLANTAELE","EQ",1550,1617.6,1550,1589.8,1585,1540.6,148198,2364.24,"24-Jul-2026",9937,"",""
"320","ATLASCYCLE","EQ",99,99,97,97.1,97.06,97.95,1408,1.38,"24-Jul-2026",47,"",""
"321","ATLPP","E1",8.6,9.3,8.6,8.62,8.62,8.77,653,0.06,"24-Jul-2026",11,"",""
"322","ATMASTCO","ST",154.5,157.5,149.5,157.5,157.5,153.8,9200,14.23,"24-Jul-2026",14,"",""
"323","ATUL","EQ",6136,6524.5,6077,6407.5,6490,6130,403648,25278.89,"24-Jul-2026",67264,"",""
"324","ATULAUTO","EQ",468.1,477.7,461.95,473.4,473.75,473.7,82160,385.66,"24-Jul-2026",3904,"",""
"325","AUBANK","EQ",969,1015.9,967.4,1004,1013.1,978.7,1826523,18059.21,"24-Jul-2026",48487,"",""
"326","AURIONPRO","EQ",803.05,829,800,825.45,824,808.45,86003,701.03,"24-Jul-2026",5079,"",""
"327","AUROPHARMA","EQ",1512,1541,1512,1532,1527.1,1523.4,446834,6841.8,"24-Jul-2026",24807,"",""
"328","AURUM","EQ",225.01,227,220,221.25,220.1,226.19,114511,255.25,"24-Jul-2026",2451,"",""
"329","AURUS","EQ",4.82,4.95,4.73,4.8,4.77,4.83,4331,0.21,"24-Jul-2026",304,"",""
"330","AUSL","SM",26,26,26,26,26,24.95,2000,0.52,"24-Jul-2026",1,"",""
"331","AUSOMENT","BE",125.33,132,125.33,130,132,128.89,1285,1.64,"24-Jul-2026",32,"",""
"332","AUTOAXLES","EQ",1814,1814,1776.1,1798.9,1794.1,1814,4410,79.05,"24-Jul-2026",949,"",""
"333","AUTOBEES","EQ",276.6,283.7,276.6,281.18,281.61,283.7,247157,693.45,"24-Jul-2026",2849,"",""
"334","AUTOIETF","EQ",28.4,28.41,27.95,28.22,28.25,28.4,934626,262.98,"24-Jul-2026",2324,"",""
"335","AUTOIND","BE",84.9,87.87,81.68,87.87,87.87,83.69,85995,73.81,"24-Jul-2026",540,"",""
"336","AVADHSUGAR","BE",532.6,538,515.2,525.35,525,534.7,8521,44.69,"24-Jul-2026",167,"",""
"337","AVALON","EQ",1735,1765,1717.8,1741.5,1744.8,1740.8,173064,3014.79,"24-Jul-2026",19753,"",""
"338","AVANA","ST",157,159,154,159,159,154.25,14000,21.84,"24-Jul-2026",6,"",""
"339","AVANTEL","EQ",163.87,164.39,160.4,163.49,163.4,164.47,1029362,1672.66,"24-Jul-2026",9196,"",""
"340","AVANTIFEED","EQ",958.9,984.4,952,977.05,983.5,959.2,261695,2529.35,"24-Jul-2026",13240,"",""
"341","AVG","BE",201.05,205.89,197,203.64,204.8,204.17,10620,21.32,"24-Jul-2026",109,"",""
"342","AVIANSH","SM",102.5,102.5,102.5,102.5,102.5,102.1,1000,1.03,"24-Jul-2026",1,"",""
"343","AVIENCE","SM",245,265,238,259.75,265,251.2,168600,413.8,"24-Jul-2026",228,"",""
"344","AVL","EQ",615,617.8,602.7,611.05,607.15,619.5,229342,1398.85,"24-Jul-2026",10962,"",""
"345","AVONMORE","EQ",9.5,9.8,9.22,9.39,9.46,9.61,107725,10.17,"24-Jul-2026",762,"",""
"346","AVPINFRA","SM",73.35,73.35,66.7,69.35,69,69.9,128800,90.47,"24-Jul-2026",125,"",""
"347","AVROIND","EQ",8.99,9.15,8.65,8.82,8.86,8.8,57909,5.09,"24-Jul-2026",327,"",""
"348","AVTNPL","EQ",69.8,70.82,69.1,70.02,70,70.07,24474,17.11,"24-Jul-2026",948,"",""
"349","AWFIS","EQ",273.3,276.95,270.05,271.85,273.9,278.3,245295,667.46,"24-Jul-2026",6372,"",""
"350","AWHCL","EQ",433.3,436.5,428,433.4,436.5,435.35,43922,189.72,"24-Jul-2026",2905,"",""
"351","AWL","EQ",186.1,189.18,185.35,188.16,188.1,187.42,1118052,2096.21,"24-Jul-2026",13529,"",""
"352","AXISBANK","EQ",1216.8,1233.9,1210.6,1227.3,1230,1223,8088828,98972.63,"24-Jul-2026",129314,"",""
"353","AXISCADES","EQ",1546,1618.6,1535.1,1608,1613,1562.4,149242,2362.39,"24-Jul-2026",8968,"",""
"354","AXITA","EQ",7.43,7.43,7.31,7.36,7.37,7.31,193833,14.26,"24-Jul-2026",604,"",""
"355","AYE","EQ",169,175.44,164.71,172.03,172.3,170.78,1074084,1828.72,"24-Jul-2026",14774,"",""
"356","AYMSYNTEX","EQ",234.01,239,226.65,234.49,239,236.98,49271,114.03,"24-Jul-2026",1775,"",""
"357","AZAD","EQ",2349,2444,2333,2439,2435.1,2347.8,688100,16544.18,"24-Jul-2026",41633,"",""
"358","BABAFP","SM",24,24,24,24,24,23.3,1600,0.38,"24-Jul-2026",1,"",""
"359","BAFNAPH","BE",238.15,238.15,238.15,238.15,238.15,243.01,5460,13,"24-Jul-2026",53,"",""
"360","BAGDIGITAL","SM",111,122.9,109.2,109.85,109.2,107,83200,96.44,"24-Jul-2026",41,"",""
"361","BAGFILMS","EQ",4.6,4.6,4.43,4.54,4.58,4.57,28175,1.27,"24-Jul-2026",142,"",""
"362","BAGMANE","RR",104.5,104.84,104.3,104.63,104.6,104.65,1044551,1092.19,"24-Jul-2026",34891,"",""
"363","BAHETI","SM",709,710.5,696.65,709.9,709.9,704.7,14625,103.14,"24-Jul-2026",25,"",""
"364","BAIDFIN","EQ",9.81,10.9,9.42,9.86,9.87,9.88,69838,6.91,"24-Jul-2026",305,"",""
"365","BAJAJ-AUTO","EQ",11229,11320,11100,11130,11100,11283.5,442440,49599.36,"24-Jul-2026",52113,"",""
"366","BAJAJCON","EQ",550,559.2,540.25,549.8,553.35,555.9,446292,2452.81,"24-Jul-2026",13503,"",""
"367","BAJAJELEC","EQ",322.75,331.9,321.1,328.9,331.85,326.2,55400,180.17,"24-Jul-2026",2539,"",""
"368","BAJAJFINSV","EQ",1878.9,1892.9,1866.5,1876.7,1880,1889.4,1412443,26521.37,"24-Jul-2026",60221,"",""
"369","BAJAJHCARE","EQ",316,326,313.35,323.35,323,317.7,301696,964.03,"24-Jul-2026",8903,"",""
"370","BAJAJHFL","EQ",84,84.52,83.55,84.19,84.4,84.81,3387116,2849,"24-Jul-2026",29574,"",""
"371","BAJAJHIND","EQ",16.73,17.4,16.58,17.29,17.4,16.82,5751687,976.22,"24-Jul-2026",7606,"",""
"372","BAJAJHLDNG","EQ",10625,10750,10555,10679,10694,10636,73470,7839.69,"24-Jul-2026",21827,"",""
"373","BAJAJINDEF","EQ",234.9,235,227,230.25,231.8,234.2,11684,26.9,"24-Jul-2026",372,"",""
"374","BAJAJST","EQ",388,410.5,375.7,395.7,403,388.2,42514,167.26,"24-Jul-2026",2807,"",""
"375","BAJEL","EQ",180.75,180.75,175.95,178.9,178.8,179.18,89469,159.16,"24-Jul-2026",1787,"",""
"376","BAJFINANCE","EQ",1027.3,1030.2,1001.3,1012.8,1019,1039.8,18416962,186419.55,"24-Jul-2026",145678,"",""
"377","BALAJEE","EQ",27.61,28,26.5,27.07,27.25,27.61,37391,10.12,"24-Jul-2026",351,"",""
"378","BALAJIPHOS","SM",92,92,90.5,90.75,91,88.55,7000,6.41,"24-Jul-2026",6,"",""
"379","BALAJITELE","EQ",85,85.25,83.32,84.04,84.48,85.3,47289,39.77,"24-Jul-2026",823,"",""
"380","BALAMINES","EQ",2314.2,2332.7,2123.5,2174.5,2185,2349.2,290913,6463.98,"24-Jul-2026",27121,"",""
"381","BALAXI","BE",24.42,24.49,24,24.47,24.4,24.42,14058,3.42,"24-Jul-2026",77,"",""
"382","BALCO","ST",20.85,20.85,20.85,20.85,20.85,19.95,1200,0.25,"24-Jul-2026",1,"",""
"383","BALKRISHNA","EQ",17.6,18.74,17.4,17.54,17.4,17.93,7098,1.25,"24-Jul-2026",72,"",""
"384","BALKRISIND","EQ",2002,2030,1982.1,2013.5,2015.4,2011.4,64236,1290.47,"24-Jul-2026",7819,"",""
"385","BALMLAWRIE","EQ",173.7,175.68,173.7,174.6,175.5,175.74,66405,115.93,"24-Jul-2026",1675,"",""
"386","BALPHARMA","EQ",87,87.94,86.21,87.34,87.39,88.39,30207,26.35,"24-Jul-2026",284,"",""
"387","BALRAMCHIN","EQ",612,620.5,607.25,610.15,609,612.8,237043,1449.92,"24-Jul-2026",7920,"",""
"388","BALUFORGE","EQ",431.8,435,425,433.6,433.5,431.8,237564,1022.01,"24-Jul-2026",9172,"",""
"389","BANARBEADS","EQ",116.8,124,111.28,121.95,121.9,114.1,22613,27.01,"24-Jul-2026",439,"",""
"390","BANARISUG","EQ",3475,3515,3475,3501.8,3500,3491,160,5.59,"24-Jul-2026",34,"",""
"391","BANCOINDIA","EQ",600,615.5,588,608.45,615.5,608.05,241401,1447.03,"24-Jul-2026",16066,"",""
"392","BANDHANBNK","EQ",165.5,167.71,161.95,165.93,165.85,165.84,29585433,48780.75,"24-Jul-2026",135448,"",""
"393","BANG","EQ",27.23,28.4,27.23,28.1,28.12,27.23,23369,6.53,"24-Jul-2026",402,"",""
"394","BANK10ADD","EQ",16.73,16.9,16.69,16.83,16.9,16.86,1730421,289.53,"24-Jul-2026",1294,"",""
"395","BANK10BETF","EQ",21.7,21.77,20.17,20.97,20.8,24.9,82583,17.2,"24-Jul-2026",626,"",""
"396","BANKA","BE",87,91.95,85,90.77,87.06,87.61,805,0.7,"24-Jul-2026",18,"",""
"397","BANKADD","EQ",57.7,58.21,57.37,58.08,58.21,58,22955,13.24,"24-Jul-2026",163,"",""
"398","BANKBARODA","EQ",242,247.1,239.25,246.45,246.25,243.15,8475748,20695.54,"24-Jul-2026",51323,"",""
"399","BANKBEES","EQ",586.5,588.97,581,587.76,588,586.72,840506,4907.27,"24-Jul-2026",9994,"",""
"400","BANKBETA","EQ",58.21,58.82,57.18,58.74,58.8,58.65,210059,122.07,"24-Jul-2026",532,"",""
"401","BANKBETF","EQ",57.41,57.85,57.04,57.76,57.8,57.59,11570,6.63,"24-Jul-2026",259,"",""
"402","BANKETF","EQ",574.08,579.3,571.5,578.68,577.6,576.84,11177,64.2,"24-Jul-2026",1233,"",""
"403","BANKIETF","EQ",59.63,59.63,57.6,58.31,58.28,58.18,632802,366.31,"24-Jul-2026",2791,"",""
"404","BANKINDIA","EQ",142,143.2,139.82,142.62,142.7,142.2,7635246,10813.31,"24-Jul-2026",40651,"",""
"405","BANKNIFTY1","EQ",58.4,59.07,58.17,58.9,58.93,58.76,2539446,1483.07,"24-Jul-2026",1013,"",""
"406","BANKPSU","EQ",83.12,85,82.9,84.43,84.4,83.85,25154,21.01,"24-Jul-2026",142,"",""
"407","BANSALWIRE","EQ",308,325,307.2,324,321.25,307.25,264854,842.35,"24-Jul-2026",7953,"",""
"408","BANSWRAS","EQ",127,129,125.8,127.94,128.99,127.59,20272,25.85,"24-Jul-2026",462,"",""
"409","BARFLEX","SM",54.85,54.85,54.6,54.6,54.6,54.25,4000,2.19,"24-Jul-2026",2,"",""
"410","BASF","EQ",3690,3698,3626,3670.2,3654,3698,11446,419.47,"24-Jul-2026",2573,"",""
"411","BASILIC","SM",191.9,191.9,189,190.3,190.15,193,18000,34.18,"24-Jul-2026",40,"",""
"412","BASML","BE",27.94,27.94,25.77,26.66,26.75,27.01,61788,16.48,"24-Jul-2026",159,"",""
"413","BATAINDIA","EQ",676,694.45,667,689.95,691.95,676.25,170171,1157.4,"24-Jul-2026",8973,"",""
"414","BATLIBOI","EQ",87,87.8,83,84.93,85.3,87.17,26096,22.38,"24-Jul-2026",528,"",""
"415","BAWEJA","ST",28,28.65,27.75,28.55,28.65,29.2,14400,4.02,"24-Jul-2026",14,"",""
"416","BAYERCROP","EQ",4251,4272,4210,4217.5,4224.9,4275.6,20517,868.24,"24-Jul-2026",4226,"",""
"417","BBETF0432","EQ",1346.13,1355.7,1346,1354.62,1355.7,1348.3,3852,52.09,"24-Jul-2026",61,"",""
"418","BBL","EQ",2510.8,2546.6,2449,2519.4,2511.2,2509,26884,670.62,"24-Jul-2026",5077,"",""
"419","BBNPNBETF","EQ",58.14,58.14,56.38,57.22,57.04,57,485,0.28,"24-Jul-2026",27,"",""
"420","BBNPPGOLD","EQ",138.7,140.75,136.4,137.9,137.85,138.75,3049,4.19,"24-Jul-2026",85,"",""
"421","BBOX","EQ",778.7,786.85,769.35,778.45,779,786.6,213912,1659.42,"24-Jul-2026",13878,"",""
"422","BBTC","EQ",1465,1469,1434.4,1458.2,1462,1469.5,21332,308.98,"24-Jul-2026",3013,"",""
"423","BBTCL","EQ",211.1,220.08,211.1,217.09,213.25,213.42,5178,11.2,"24-Jul-2026",174,"",""
"424","BCG","EQ",9.35,9.49,9.22,9.4,9.49,9.36,2252865,209.85,"24-Jul-2026",3088,"",""
"425","BCLIND","EQ",34.9,35.95,34.45,35.74,35.6,34.97,595940,210.24,"24-Jul-2026",4665,"",""
"426","BCONCEPTS","EQ",186.3,190.84,185.1,186.53,186.5,189.14,4502,8.4,"24-Jul-2026",271,"",""
"427","BCPL","EQ",70.07,70.99,69.01,70.39,70.48,70.07,2768,1.93,"24-Jul-2026",192,"",""
"428","BDL","EQ",1230,1251.2,1221,1243,1241.1,1239.8,550236,6809.99,"24-Jul-2026",22000,"",""
"429","BEACON","ST",90.05,91.85,90.05,91.85,91.85,91,3000,2.74,"24-Jul-2026",3,"",""
"430","BEARDSELL","EQ",26.95,27.99,26.62,27.64,27.65,27.16,12102,3.29,"24-Jul-2026",99,"",""
"431","BECTORFOOD","EQ",196.51,211.16,196.51,206.63,207.28,199.34,6513496,13311.92,"24-Jul-2026",60721,"",""
"432","BEDMUTHA","EQ",106.41,108.8,106,106.89,107,106.41,1628,1.74,"24-Jul-2026",38,"",""
"433","BEEKAY","EQ",400,411.95,386.35,400.4,404,401.95,3806,15.23,"24-Jul-2026",67,"",""
"434","BEL","EQ",404.2,406.1,401,405,405.3,405.35,6176660,24950.08,"24-Jul-2026",85975,"",""
"435","BELLACASA","EQ",240,253.4,236.6,239.5,239.4,244.75,77588,191.4,"24-Jul-2026",1340,"",""
"436","BELRISE","EQ",227,230.32,224,228.26,228.55,229.31,2981139,6774.81,"24-Jul-2026",29956,"",""
"437","BEML","EQ",1716,1730,1697,1713.2,1711,1730.7,106026,1816.95,"24-Jul-2026",14266,"",""
"438","BENGALASM","EQ",6195.5,6210,6195.5,6202,6202,6217,30,1.86,"24-Jul-2026",7,"",""
"439","BEPL","EQ",116.7,122.84,116.25,121.81,121.8,117.23,8891160,10686.83,"24-Jul-2026",53030,"",""
"440","BERGEPAINT","EQ",489.7,499.9,488.9,497.95,499.5,493.6,99047,490.58,"24-Jul-2026",9344,"",""
"441","BESTAGRO","EQ",15.22,15.39,14.95,15.16,15.39,15.13,134875,20.33,"24-Jul-2026",719,"",""
"442","BETA","EQ",2258,2340,2242.2,2315.6,2340,2277.2,19164,439.38,"24-Jul-2026",3690,"",""
"443","BEWLTD","SM",57.5,59.55,56,58.9,59.55,58.7,7500,4.31,"24-Jul-2026",14,"",""
"444","BFINVEST","EQ",450,464.4,438.5,460.05,462,451.1,101143,456.69,"24-Jul-2026",3326,"",""
"445","BFSI","EQ",26.93,27.05,26.7,26.95,26.98,27.02,249270,67.02,"24-Jul-2026",1179,"",""
"446","BFUTILITIE","EQ",577.25,582.6,564.3,580.4,581.9,580.5,44867,258.01,"24-Jul-2026",2753,"",""
"447","BGRENERGY","BE",294.9,297,285.5,291.1,290,293.2,15249,44.29,"24-Jul-2026",279,"",""
"448","BHADORA","ST",91.9,91.9,86.5,86.5,86.5,87.6,14400,12.8,"24-Jul-2026",12,"",""
"449","BHAGCHEM","EQ",258.85,266.95,255.1,263.45,266,258.85,44505,115.83,"24-Jul-2026",1353,"",""
"450","BHAGERIA","BE",236.9,236.9,227.9,228.98,229,228.12,190578,446.48,"24-Jul-2026",1016,"",""
"451","BHAGYANGR","BE",413.8,419.7,385.05,410.9,413,403.6,108506,437.52,"24-Jul-2026",1372,"",""
"452","BHANDARI","BE",2.88,2.92,2.83,2.89,2.9,2.88,122536,3.54,"24-Jul-2026",188,"",""
"453","BHARATCOAL","EQ",34.47,35.29,34.04,34.99,35.06,34.84,8061215,2785.44,"24-Jul-2026",20776,"",""
"454","BHARATFORG","EQ",2162,2169,2128.1,2151.6,2155,2175.3,634484,13610.39,"24-Jul-2026",29316,"",""
"455","BHARATGEAR","BE",119,123.9,117.15,121.41,122,119,6337,7.58,"24-Jul-2026",101,"",""
"456","BHARATRAS","EQ",1260,1272.7,1250,1261.1,1262.2,1266.6,10330,130.33,"24-Jul-2026",1190,"",""
"457","BHARATSE","EQ",211.26,220.95,208.44,218.14,216.25,215.44,232003,494.84,"24-Jul-2026",5965,"",""
"458","BHARATWIRE","EQ",193.95,194.86,188.86,193.31,194,194.27,141718,271.72,"24-Jul-2026",2898,"",""
"459","BHARTIARTL","EQ",1900.2,1905,1878,1898.2,1901,1931,4483600,84760.01,"24-Jul-2026",103200,"",""
"460","BHARTIHEXA","EQ",1598,1612.5,1571.2,1607.6,1608.8,1608,61953,989.51,"24-Jul-2026",12300,"",""
"461","BHEL","EQ",405,418,402.15,417.3,417,409.6,8874814,36448.17,"24-Jul-2026",98011,"",""
"462","BI","EQ",60,60.99,59.25,59.27,60,61.51,3990,2.37,"24-Jul-2026",53,"",""
"463","BIGBLOC","EQ",46.1,48.48,46.1,47.75,47.99,46.49,47542,22.42,"24-Jul-2026",493,"",""
"464","BIKAJI","EQ",628,639.65,624.55,630.7,630,630.8,54522,344.68,"24-Jul-2026",7742,"",""
"465","BIKEWO","ST",64,64.3,59.25,59.25,59.25,62.35,94000,57.4,"24-Jul-2026",45,"",""
"466","BIL","EQ",740.15,760,725,729.9,725,740.15,1190,8.76,"24-Jul-2026",94,"",""
"467","BILVYAPAR","BE",4.17,4.17,3.8,3.99,3.99,4,6835,0.27,"24-Jul-2026",47,"",""
"468","BIMETAL","EQ",649,679,632,667.4,666.6,649.2,312,2.02,"24-Jul-2026",34,"",""
"469","BIOCON","EQ",431.2,435,426.7,433.65,434.2,435.2,2748079,11844.35,"24-Jul-2026",28323,"",""
"470","BIOFILCHEM","EQ",33.2,33.2,31.61,32.07,32.33,32.44,4169,1.34,"24-Jul-2026",110,"",""
"471","BIOPOL","SM",97.45,97.45,97.45,97.45,97.45,94,1200,1.17,"24-Jul-2026",1,"",""
"472","BIRET","RR",337.01,341.49,334.7,339.01,339.05,337.49,128506,434.29,"24-Jul-2026",7290,"",""
"473","BIRLACABLE","BE",199.99,204,192,197.31,198.5,197.35,56690,112.53,"24-Jul-2026",674,"",""
"474","BIRLACORPN","EQ",966,979,939,956.6,979,974.05,199139,1906.31,"24-Jul-2026",16851,"",""
"475","BIRLAMONEY","EQ",132.79,134.16,129.35,131.99,131,132.79,47154,62.13,"24-Jul-2026",1587,"",""
"476","BIRLANU","EQ",1340.2,1369.8,1330.2,1351.9,1351.6,1347,6522,88.22,"24-Jul-2026",907,"",""
"477","BIRLAPREC","EQ",34.05,34.77,33.5,34.19,34.39,34.64,22245,7.56,"24-Jul-2026",311,"",""
"478","BLACKBUCK","EQ",541.85,543.9,533.1,539.35,541.8,544.25,138956,747.65,"24-Jul-2026",11836,"",""
"479","BLACKROSE","BE",97,98.68,95.01,95.98,95.3,97.07,8282,7.96,"24-Jul-2026",141,"",""
"480","BLAL","EQ",179.95,180.99,175,175.92,177,177.43,15413,27.18,"24-Jul-2026",333,"",""
"481","BLBLIMITED","EQ",15.4,16.43,15.4,15.7,15.66,15.77,21255,3.36,"24-Jul-2026",141,"",""
"482","BLIL","EQ",70.19,70.2,69.6,69.88,70.19,70.17,32619,22.81,"24-Jul-2026",630,"",""
"483","BLISSGVS","BE",450,468,450,464.6,462,461.85,125365,576.4,"24-Jul-2026",1821,"",""
"484","BLKASHYAP","EQ",54.1,55.34,53.65,54.56,54.5,54.83,310889,169.31,"24-Jul-2026",1979,"",""
"485","BLS","EQ",227.6,234.95,226.55,233.6,233.95,230.3,814649,1884.86,"24-Jul-2026",17136,"",""
"486","BLSE","EQ",263,287.7,260.01,282.32,284,263.47,4956426,13891.8,"24-Jul-2026",45977,"",""
"487","BLUECHIP","BE",1.91,1.91,1.91,1.91,1.91,1.94,2138,0.04,"24-Jul-2026",4,"",""
"488","BLUECOAST","BE",25.72,27,24.44,27,27,25.72,7509,1.98,"24-Jul-2026",53,"",""
"489","BLUEDART","EQ",4756,4975,4716.1,4911.5,4910,4765.4,35686,1751.85,"24-Jul-2026",8412,"",""
"490","BLUEJET","EQ",573.2,595.75,563.7,566.9,573,576.5,1101312,6374.7,"24-Jul-2026",27829,"",""
"491","BLUEPEBBLE","SM",70,70,70,70,70,70,2400,1.68,"24-Jul-2026",2,"",""
"492","BLUESTARCO","EQ",1630,1654.4,1601.3,1637.2,1637,1633.9,253186,4132.76,"24-Jul-2026",25351,"",""
"493","BLUESTONE","EQ",760.3,792.3,712,772.4,779,747,26038844,196503.82,"24-Jul-2026",493364,"",""
"494","BLUEWATER","ST",421.5,430.7,412,425,425,410.2,30000,127.05,"24-Jul-2026",25,"",""
"495","BLUSPRING","EQ",104,109,100.9,108.42,107.87,104.31,319346,335.11,"24-Jul-2026",4905,"",""
"496","BMETRICS","SM",34,35.55,34,35.5,35.5,36.9,6400,2.26,"24-Jul-2026",6,"",""
"497","BMLL","SM",148,148,135,138.7,138.8,138.95,17000,23.51,"24-Jul-2026",17,"",""
"498","BMWVENTLTD","EQ",57,57.28,56.12,56.52,56.85,57,43696,24.7,"24-Jul-2026",1098,"",""
"499","BNAGROCHEM","BE",274.9,274.9,274.9,274.9,274.9,274.9,101,0.28,"24-Jul-2026",2,"",""
"500","BNALTD","BE",472.3,473,458,461.1,461.1,472.35,243,1.12,"24-Jul-2026",8,"",""
"501","BNKETFAXIS","EQ",581.94,586.07,577.9,583.85,586.07,583.37,246,1.43,"24-Jul-2026",33,"",""
"502","BODALCHEM","BE",67.05,68.3,65,68.02,68.18,67.05,119012,79.75,"24-Jul-2026",530,"",""
"503","BOHRAIND","EQ",12.55,12.99,12.31,12.62,12.49,12.81,36261,4.57,"24-Jul-2026",64,"",""
"504","BOMDYEING","EQ",119.1,121.9,117.9,121.71,121.8,120.4,339888,407.66,"24-Jul-2026",4718,"",""
"505","BONLON","EQ",40.5,42.37,40.22,40.92,40.51,41.77,3778,1.55,"24-Jul-2026",82,"",""
"506","BORANA","EQ",328.6,333,315,327.45,326,326.85,29735,97.27,"24-Jul-2026",641,"",""
"507","BOROLTD","EQ",231.45,237.49,226.37,232.34,232.5,233.45,72312,167.7,"24-Jul-2026",2533,"",""
"508","BORORENEW","EQ",575,582.4,570.45,580.65,581.5,577.9,367645,2123.85,"24-Jul-2026",10549,"",""
"509","BOROSCI","EQ",151,154,151,152.09,152.54,152.47,30948,47.07,"24-Jul-2026",1067,"",""
"510","BOSCH-HCIL","EQ",1311,1335,1300.5,1332.8,1335,1311.2,8658,113.77,"24-Jul-2026",664,"",""
"511","BOSCHLTD","EQ",42200,42200,41500,41755,41900,42240,20543,8576.23,"24-Jul-2026",11095,"",""
"512","BPCL","EQ",306.9,311.8,305.5,310.15,310,309.85,5796307,17919.96,"24-Jul-2026",60279,"",""
"513","BPL","EQ",54.49,54.49,53.11,53.78,53.84,54.09,32716,17.58,"24-Jul-2026",806,"",""
"514","BRACEPORT","SM",65,72,63,63,63,60.95,6400,4.35,"24-Jul-2026",3,"",""
"515","BRIGADE","EQ",521,528.55,515.6,525.45,525,526.8,221965,1161.56,"24-Jul-2026",14612,"",""
"516","BRIGHOTEL","EQ",60.3,61.72,59.98,60.16,60.23,61.41,109432,66.14,"24-Jul-2026",2448,"",""
"517","BRITANNIA","EQ",5383,5450,5316.5,5379.5,5385.5,5388,208047,11184.27,"24-Jul-2026",22282,"",""
"518","BRNL","EQ",17.2,18.8,17.2,18.06,18.04,17.45,30941,5.53,"24-Jul-2026",268,"",""
"519","BROOKS","BE",65.98,65.99,62.69,64.06,64.4,65.98,28292,17.94,"24-Jul-2026",199,"",""
"520","BSE","EQ",3563,3571.6,3526,3549.7,3550,3579,1386676,49189.79,"24-Jul-2026",75818,"",""
"521","BSE500IETF","EQ",38.53,38.77,38.38,38.74,38.76,38.81,107830,41.6,"24-Jul-2026",1025,"",""
"522","BSHSL","BE",87.5,87.5,85,87,87,87.6,746,0.65,"24-Jul-2026",20,"",""
"523","BSL","EQ",125.08,126,122.14,124.74,125.95,124.46,2310,2.85,"24-Jul-2026",78,"",""
"524","BSLGOLDETF","EQ",125.74,125.91,124.26,125.49,125.72,126.43,103686,129.57,"24-Jul-2026",1453,"",""
"525","BSLNIFTY","EQ",28.7,28.7,27.69,27.88,28,28,1826643,507.9,"24-Jul-2026",4112,"",""
"526","BSLSENETFG","EQ",77.49,77.51,76.02,76.54,76.5,76.83,10126,7.72,"24-Jul-2026",113,"",""
"527","BSOFT","EQ",277.45,286,277.25,282.4,282.9,278.95,1171839,3292.12,"24-Jul-2026",22290,"",""
"528","BTML","EQ",6.08,7.29,5.25,6.96,7,6.08,3313634,219.22,"24-Jul-2026",1809,"",""
"529","BTTL","BE",48.2,50.3,47.51,49.87,49.95,48.38,3911,1.93,"24-Jul-2026",34,"",""
"530","BUILDPRO","EQ",1228.2,1258,1205,1236.2,1235,1245,63942,793.26,"24-Jul-2026",5252,"",""
"531","BULKCORP","SM",57.35,57.35,57.35,57.35,57.35,55,1200,0.69,"24-Jul-2026",1,"",""
"532","BUTTERFLY","EQ",750,763.4,731.7,761.9,763.1,756.7,17396,130.35,"24-Jul-2026",1502,"",""
"533","BVCL","EQ",40.51,41.3,40.51,40.79,40.71,40.78,1525,0.62,"24-Jul-2026",24,"",""
"534","BYKE","BE",32.11,32.64,32.01,32.44,32.58,32.16,6056,1.95,"24-Jul-2026",31,"",""
"535","C2C","SM",299.9,299.9,272,284.35,284.9,294.45,211800,595.35,"24-Jul-2026",1059,"",""
"536","CALSOFT","BE",21.28,22.08,20.61,21.78,21.74,21.28,64714,13.7,"24-Jul-2026",239,"",""
"537","CAMLINFINE","EQ",119.7,125,118.75,124.47,124.99,120.61,470517,576.81,"24-Jul-2026",6621,"",""
"538","CAMPUS","EQ",218.7,220.48,215.55,216.55,216.99,219.16,647461,1410.71,"24-Jul-2026",9539,"",""
"539","CAMS","EQ",760,766.75,747.35,761.45,758.85,758.15,966899,7327.08,"24-Jul-2026",33270,"",""
"540","CANARYS","SM",18.5,18.9,18.15,18.5,18.7,18.65,80000,14.75,"24-Jul-2026",20,"",""
"541","CANBK","EQ",124.22,126.83,123,125.65,125.85,125.22,36714624,46016.84,"24-Jul-2026",88888,"",""
"542","CANFINHOME","EQ",819,819.5,799,813.9,815,818.55,317704,2564.57,"24-Jul-2026",32088,"",""
"543","CANHLIFE","EQ",150.49,151.7,147,147.31,147.15,152.91,551464,820.36,"24-Jul-2026",9442,"",""
"544","CANTABIL","EQ",237.3,244.8,233.28,239.83,240.6,241.15,138860,330.77,"24-Jul-2026",4008,"",""
"545","CAPACITE","EQ",214,214.45,211,212.75,213.5,214.35,297746,634.16,"24-Jul-2026",4647,"",""
"546","CAPILLARY","EQ",477.05,483.1,471.2,476.25,473.2,477.05,7996,38,"24-Jul-2026",731,"",""
"547","CAPINVIT","IV",72.01,74.2,72.01,72.24,72.3,74.41,670325,485.17,"24-Jul-2026",37874,"",""
"548","CAPITALSFB","EQ",298.15,298.15,287,292,291.6,299.55,92246,270.1,"24-Jul-2026",2959,"",""
"549","CAPLIPOINT","EQ",2470.3,2515.1,2451.4,2467.1,2483,2486.6,70836,1760.02,"24-Jul-2026",10620,"",""
"550","CAPTRUST","EQ",14.72,15.48,14.65,14.65,14.65,15.42,89085,13.22,"24-Jul-2026",286,"",""
"551","CARBORUNIV","EQ",1050,1072,1035.5,1064.3,1068,1056.1,110297,1167.19,"24-Jul-2026",9885,"",""
"552","CARERATING","EQ",1737.3,1749.9,1651,1680,1666,1729.2,44292,744.04,"24-Jul-2026",8696,"",""
"553","CARRARO","EQ",535.1,541.8,526,534,532,537.05,93645,499.34,"24-Jul-2026",9022,"",""
"554","CARTRADE","EQ",2689.8,2741.6,2635.6,2656.4,2658,2692.2,376776,10082.85,"24-Jul-2026",37225,"",""
"555","CARYSIL","EQ",1111,1144.7,1094.2,1125.7,1126.5,1116.5,99644,1112.26,"24-Jul-2026",8202,"",""
"556","CASHIETF","EQ",1072.46,1072.48,1072.46,1072.47,1072.47,1072.03,405068,4344.21,"24-Jul-2026",212,"",""
"557","CASTROLIND","EQ",186,186.35,184,184.79,185.41,185.29,1334968,2466.89,"24-Jul-2026",15823,"",""
"558","CCAVENUE","EQ",16.17,16.57,15.85,16.34,16.33,16.15,10658537,1726.02,"24-Jul-2026",15116,"",""
"559","CCCL","EQ",15.98,16.11,15.79,15.88,15.87,15.98,143007,22.81,"24-Jul-2026",600,"",""
"560","CCHHL","EQ",12.3,12.9,12.3,12.74,12.9,12.73,10799,1.37,"24-Jul-2026",115,"",""
"561","CCL","EQ",1180,1199.5,1165.5,1183.6,1198.9,1185.3,55391,651.39,"24-Jul-2026",9816,"",""
"562","CDSL","EQ",1310,1340,1305,1333.1,1335,1323.4,969219,12820.93,"24-Jul-2026",42512,"",""
"563","CEATLTD","EQ",3321,3357,3310.3,3328.6,3325,3344.5,116666,3883.35,"24-Jul-2026",21023,"",""
"564","CEDAAR","ST",17.1,18.1,17,18.1,18.1,17.85,7000,1.21,"24-Jul-2026",6,"",""
"565","CEIGALL","EQ",332,338.65,329.1,337.1,338.5,336.05,263186,881.09,"24-Jul-2026",10163,"",""
"566","CEINSYS","EQ",875,885,855.1,870.05,872,870.35,28693,248.4,"24-Jul-2026",1832,"",""
"567","CELEBRITY","EQ",7.04,7.28,6.93,7.04,7,7.17,17641,1.25,"24-Jul-2026",115,"",""
"568","CELLECOR","ST",33.3,33.85,33.25,33.7,33.85,33.95,60000,20.04,"24-Jul-2026",18,"",""
"569","CELLO","EQ",340.3,346,336.6,344.3,344.4,340.25,160528,548.12,"24-Jul-2026",10577,"",""
"570","CELLPOINT","SM",19.4,20.15,19.4,20.05,20.15,19,27600,5.46,"24-Jul-2026",15,"",""
"571","CEMPRO","EQ",1441,1467.6,1441,1441,1441,1516.8,222376,3212.22,"24-Jul-2026",5002,"",""
"572","CENTENKA","EQ",555.35,583.5,555.35,574.2,574,565.25,61703,353.35,"24-Jul-2026",3149,"",""
"573","CENTEXT","EQ",19,19.22,18.52,18.95,18.84,18.96,26127,4.91,"24-Jul-2026",311,"",""
"574","CENTRALBK","EQ",30.72,31.17,30.52,31.03,31.04,30.95,7107736,2190.13,"24-Jul-2026",15294,"",""
"575","CENTRUM","EQ",23,23.97,22.76,23.66,23.75,23.18,111324,25.97,"24-Jul-2026",818,"",""
"576","CENTUM","EQ",3545,3650.4,3530,3593.8,3599,3570.7,15364,550.97,"24-Jul-2026",4693,"",""
"577","CENTURYPLY","EQ",777.45,800,761.95,792.2,795.05,773.65,33967,267.62,"24-Jul-2026",5511,"",""
"578","CERA","EQ",6021,6065,5952,6017,6045,6021,3265,196.39,"24-Jul-2026",1223,"",""
"579","CEREBRAINT","BZ",2.91,3.06,2.91,2.99,2.98,3.02,80278,2.4,"24-Jul-2026",86,"",""
"580","CESC","EQ",161.88,163.69,161.52,163.18,163.13,162.68,551918,897.29,"24-Jul-2026",11918,"",""
"581","CEWATER","EQ",294,301,290.35,298.35,301,297.5,49404,146.2,"24-Jul-2026",3347,"",""
"582","CGCL","EQ",240.99,241.61,237.01,238.23,239.05,243.71,1109602,2645.05,"24-Jul-2026",12545,"",""
"583","CGPOWER","EQ",860,894,838.8,867.7,883,883.8,9684764,84068.72,"24-Jul-2026",188709,"",""
"584","CGRAPHICS","SM",130,132,129.25,130,130,130.65,8000,10.43,"24-Jul-2026",10,"",""
"585","CHALET","EQ",817.3,824.3,808.35,814.4,819,819.95,36008,293.18,"24-Jul-2026",8280,"",""
"586","CHAMBLFERT","EQ",431,434,425.1,431,431,431.85,431603,1851.21,"24-Jul-2026",11336,"",""
"587","CHAMUNDA","SM",41.7,44.95,41.7,44.95,44.95,43.2,6000,2.6,"24-Jul-2026",2,"",""
"588","CHANDAN","SM",229.1,231.5,224.5,230,230,228,20000,45.44,"24-Jul-2026",21,"",""
"589","CHAVDA","SM",121.05,125.5,119.65,123.05,123,121,78000,96.16,"24-Jul-2026",49,"",""
"590","CHEMBOND","BE",174.3,177.4,170.73,174.25,176.45,179.71,2483,4.27,"24-Jul-2026",110,"",""
"591","CHEMBONDCH","BE",240.05,249.95,236.2,247.44,245,247.86,12195,29.88,"24-Jul-2026",200,"",""
"592","CHEMCON","BE",172.8,181.8,172.8,176.53,175.2,177.47,10751,19.02,"24-Jul-2026",235,"",""
"593","CHEMFAB","BE",369.8,378.95,355.3,366.1,360,367.8,5305,19.24,"24-Jul-2026",69,"",""
"594","CHEMICAL","EQ",30.16,30.44,29.86,30.18,30.28,30.15,352175,105.95,"24-Jul-2026",1012,"",""
"595","CHEMPLASTS","EQ",206,207.79,198.61,202.29,202.68,209.9,400593,810.88,"24-Jul-2026",7916,"",""
"596","CHENNPETRO","EQ",1265,1281.9,1209,1214.8,1216.9,1269.6,1544056,18875.52,"24-Jul-2026",56834,"",""
"597","CHETANA","ST",44.05,48,44.05,47.8,47.95,46,19200,9,"24-Jul-2026",11,"",""
"598","CHEVIOT","EQ",1130.5,1172,1120.1,1153.6,1140,1130.5,4259,48.81,"24-Jul-2026",460,"",""
"599","CHOICEGOLD","EQ",140.92,142.16,139.93,141.55,142.16,142.35,21611,30.41,"24-Jul-2026",91,"",""
"600","CHOICEIN","EQ",802,805,788.4,797.15,794,805.25,471316,3757.91,"24-Jul-2026",9394,"",""
"601","CHOLAFIN","EQ",1702,1741.3,1660.4,1724.4,1721.5,1717.3,1912110,32296.1,"24-Jul-2026",64948,"",""
"602","CHOLAHLDNG","EQ",1503.3,1528.8,1491.2,1516.7,1514.9,1516,68574,1037.53,"24-Jul-2026",8717,"",""
"603","CIEINDIA","EQ",412,416.8,401.9,413.75,413.5,419,1114765,4580.09,"24-Jul-2026",46933,"",""
"604","CIFL","EQ",20.93,20.93,19.8,20.05,20.12,20.49,115314,23.25,"24-Jul-2026",654,"",""
"605","CINELINE","EQ",80.32,87.5,78.02,86.71,87.03,80.32,93602,78.94,"24-Jul-2026",1222,"",""
"606","CINEVISTA","EQ",15.49,15.75,15.14,15.29,15.15,15.17,18663,2.87,"24-Jul-2026",197,"",""
"607","CIPLA","EQ",1390.1,1444.8,1390.1,1410.6,1409,1393,2917791,41547.99,"24-Jul-2026",91889,"",""
"608","CITIUSINVT","IV",108.5,109.91,108.26,108.48,108.5,108.77,10653,11.64,"24-Jul-2026",328,"",""
"609","CKKRETAIL","SM",130,130.05,130,130,130,130,11200,14.56,"24-Jul-2026",3,"",""
"610","CLASSICEIL","ST",57.5,60,57.5,60,60,57.15,44800,26.6,"24-Jul-2026",28,"",""
"611","CLAYCRAFT","SM",165,172.5,164.5,170.2,170.8,164.15,27600,46.53,"24-Jul-2026",42,"",""
"612","CLEAN","EQ",728.8,729.5,716.1,721,723.8,728.85,135581,979.59,"24-Jul-2026",12939,"",""
"613","CLEANMAX","EQ",1410,1472,1390,1456.9,1437,1425,162549,2333.4,"24-Jul-2026",16243,"",""
"614","CLEDUCATE","BE",60.12,61.5,58,60.9,60.9,60.12,13675,8.23,"24-Jul-2026",85,"",""
"615","CLSEL","EQ",279.05,280.95,273.6,279.8,278.4,279.85,30992,86.34,"24-Jul-2026",1122,"",""
"616","CLSL","SM",59.9,61,59,61,61,59.25,16000,9.68,"24-Jul-2026",7,"",""
"617","CMLL","EQ",500.25,538.75,463.35,528.2,523.25,424,23156167,115725,"24-Jul-2026",372412,"",""
"618","CMNL","SM",105,105,105,105,105,105,2250,2.36,"24-Jul-2026",1,"",""
"619","CMPDI","EQ",251.5,254.9,245.8,248.43,249.2,253.57,2726233,6811.16,"24-Jul-2026",34143,"",""
"620","CMRGREEN","EQ",216,218.8,213.05,218.05,217.6,217.35,784000,1695.81,"24-Jul-2026",13166,"",""
"621","CMRSL","SM",62.5,62.5,62,62,62,62,30400,18.85,"24-Jul-2026",13,"",""
"622","CMSINFO","EQ",268.5,278,268.05,273.9,274,271.7,380671,1044.75,"24-Jul-2026",10981,"",""
"623","CNL","EQ",881.1,1049,870,987,1047.95,879.05,5646074,54906.54,"24-Jul-2026",210768,"",""
"624","COALINDIA","EQ",427,428.9,424.75,427.4,426.45,427.05,5403125,23050.75,"24-Jul-2026",50435,"",""
"625","COASTCORP","EQ",50.17,51.6,49.5,49.93,49.6,50.17,63862,32.08,"24-Jul-2026",607,"",""
"626","COCHINSHIP","EQ",1381.9,1399.5,1375.3,1392.4,1394,1395.7,543772,7558.41,"24-Jul-2026",25149,"",""
"627","COCKERILL","EQ",8879,8999.5,8700.5,8937.5,8941.5,8930,3192,282.35,"24-Jul-2026",1154,"",""
"628","COFFEEDAY","BE",30.6,31.06,29.66,30.24,30.3,30.71,311453,93.55,"24-Jul-2026",1071,"",""
"629","COFORGE","EQ",1430,1489,1430,1484.7,1486,1439.9,3441351,50502.73,"24-Jul-2026",91413,"",""
"630","COHANCE","EQ",420,425,411,417.1,425,422.1,224345,933.1,"24-Jul-2026",9366,"",""
"631","COLPAL","EQ",2065,2103.8,2065,2086.1,2090,2085.8,197445,4122.09,"24-Jul-2026",18450,"",""
"632","COMFINTE","EQ",5.61,5.61,5.41,5.44,5.43,5.49,69279,3.78,"24-Jul-2026",276,"",""
"633","COMMITTED","ST",342,343,339,339,339,342,3200,10.9,"24-Jul-2026",4,"",""
"634","COMMOIETF","EQ",99.82,99.82,98.62,99.62,99.65,99.92,28927,28.72,"24-Jul-2026",548,"",""
"635","COMPINFO","BZ",1.15,1.18,1.08,1.16,1.17,1.13,21969,0.25,"24-Jul-2026",25,"",""
"636","COMPUSOFT","EQ",13.3,13.65,13.15,13.33,13.26,13.37,22788,3.03,"24-Jul-2026",108,"",""
"637","COMSYN","EQ",178.9,181.77,177.02,178.52,177.58,180.02,56288,100.66,"24-Jul-2026",1478,"",""
"638","CONCOR","EQ",478.9,484.2,474.4,477.55,481.45,480.5,579577,2771.12,"24-Jul-2026",12574,"",""
"639","CONCORDBIO","EQ",1268.5,1272.2,1238,1248.5,1248,1268.5,50664,634.11,"24-Jul-2026",8862,"",""
"640","CONFIPET","EQ",74.4,79.5,73.5,78.3,78.15,74.45,3047292,2356.55,"24-Jul-2026",18126,"",""
"641","CONNPLEX","SM",205,207.3,203.05,203.55,203.55,205.9,18400,37.83,"24-Jul-2026",23,"",""
"642","CONS","EQ",12.05,12.12,11.98,12.08,12.12,12.13,28934,3.49,"24-Jul-2026",130,"",""
"643","CONSOFINVT","BE",288,290.5,282,286.42,285,288.35,15812,45.23,"24-Jul-2026",81,"",""
"644","CONSUMAXIS","EQ",120.38,120.53,119.5,120.3,120.3,121.42,46171,55.23,"24-Jul-2026",37,"",""
"645","CONSUMBEES","EQ",130,130.65,129.47,130.19,130.4,130.97,67350,87.58,"24-Jul-2026",868,"",""
"646","CONSUMER","EQ",11.67,11.67,11.48,11.6,11.6,11.68,234428,27.13,"24-Jul-2026",558,"",""
"647","CONSUMIETF","EQ",121.14,121.56,120.5,121.14,121.14,121.85,6778,8.2,"24-Jul-2026",275,"",""
"648","CONTI","SM",10.9,10.9,10.45,10.45,10.45,10.9,9999,1.06,"24-Jul-2026",3,"",""
"649","CONTROLPR","EQ",568,595.9,561,590.55,591,573.7,99847,583.08,"24-Jul-2026",6296,"",""
"650","COOLCAPS","ST",20.6,20.85,20.05,20.15,20.25,20.6,30000,6.07,"24-Jul-2026",21,"",""
"651","CORALFINAC","EQ",30.71,36.74,30.61,32.5,32.88,31.33,98092,32.59,"24-Jul-2026",898,"",""
"652","CORDELIA","EQ",823,825,801.1,806.4,817,826.65,262312,2126.81,"24-Jul-2026",10465,"",""
"653","CORDSCABLE","BE",203,207.34,201.01,203.66,204,203.32,2638,5.37,"24-Jul-2026",96,"",""
"654","COROMANDEL","EQ",1980.1,1998.7,1955,1980.8,1983,2022.9,182304,3601.3,"24-Jul-2026",19252,"",""
"655","CORONA","EQ",2032,2120.9,2032,2113,2105.4,2029.7,61596,1289.68,"24-Jul-2026",9689,"",""
"656","COSMOFIRST","EQ",877.55,886.3,862,881,873.5,877.55,98772,866.33,"24-Jul-2026",8220,"",""
"657","COUNCODOS","EQ",6.65,6.65,6.25,6.4,6.39,6.52,81339,5.19,"24-Jul-2026",208,"",""
"658","CPCAP","BE",108.1,110,107.1,108.49,108.26,109.27,18124,19.68,"24-Jul-2026",68,"",""
"659","CPEDU","EQ",186.9,190.9,181.1,186.47,186.3,187.95,2998,5.6,"24-Jul-2026",187,"",""
"660","CPL","EQ",68.06,70.92,68,69.84,69.5,70.89,15889,11.05,"24-Jul-2026",280,"",""
"661","CPPLUS","EQ",3584.7,3598,3479.5,3543.4,3514.9,3612.6,150044,5283.04,"24-Jul-2026",16318,"",""
"662","CPSEETF","EQ",96.75,96.85,95.85,96.23,96.28,96.75,470595,453.01,"24-Jul-2026",5201,"",""
"663","CRAFTSMAN","EQ",9226,9312,9113.5,9284,9299,9311.5,25045,2313.5,"24-Jul-2026",7013,"",""
"664","CRAMC","EQ",264.89,264.89,256.55,259.95,259.82,266.02,962997,2503.47,"24-Jul-2026",23770,"",""
"665","CRAYONS","SM",25,25,24,24.05,24.05,25,7000,1.7,"24-Jul-2026",6,"",""
"666","CREATIVEYE","EQ",5.97,7.16,5.7,6.66,6.83,5.97,448979,31.03,"24-Jul-2026",773,"",""
"667","CREDITACC","EQ",1503.5,1522,1456.5,1517.6,1518.6,1503.5,335461,5045.77,"24-Jul-2026",30467,"",""
"668","CREST","EQ",361,381,361,377.7,380.95,372.35,1826,6.88,"24-Jul-2026",98,"",""
"669","CRISIL","EQ",4401.8,4420.8,4261.1,4347.2,4350,4399.6,84133,3650.25,"24-Jul-2026",18901,"",""
"670","CRIZAC","EQ",186.86,187.65,183.12,184.44,184.1,186.86,218551,404.47,"24-Jul-2026",5374,"",""
"671","CROMPTON","EQ",249.55,251.45,240.2,250.15,251,252.45,4490954,11068.76,"24-Jul-2026",63701,"",""
"672","CROWN","EQ",121,121,112.8,114.38,114.9,121.01,50491,58.57,"24-Jul-2026",724,"",""
"673","CSBBANK","EQ",335.3,342.2,331.45,340.9,339,338.15,366137,1233.26,"24-Jul-2026",14293,"",""
"674","CSLFINANCE","EQ",216.79,216.85,211.49,213.84,213,213.64,10258,21.84,"24-Jul-2026",200,"",""
"675","CSM","EQ",97.22,102,95.1,99.62,99.49,96.99,490228,486.58,"24-Jul-2026",3472,"",""
"676","CSSL","SM",96,96,94,95,95,95,4000,3.8,"24-Jul-2026",4,"",""
"677","CTE","EQ",31.35,32.17,30.7,31.5,31.89,31.35,4890,1.53,"24-Jul-2026",76,"",""
"678","CUB","EQ",219.4,220.99,217.01,219.75,220.86,219.89,1635177,3573.53,"24-Jul-2026",35451,"",""
"679","CUBEINVIT","IV",155,155,155,155,155,155,50000,77.5,"24-Jul-2026",2,"",""
"680","CUBEXTUB","EQ",77.99,79.16,76.22,76.99,77.4,77.61,50374,39.08,"24-Jul-2026",1316,"",""
"681","CUDML","ST",135.4,135.4,135.4,135.4,135.4,142.5,3000,4.06,"24-Jul-2026",3,"",""
"682","CUMMINSIND","EQ",5571,5652.5,5533,5600.5,5602,5599,290705,16300.44,"24-Jul-2026",28450,"",""
"683","CUPID","EQ",208.72,213.99,206.09,213.43,213.5,208.52,25099817,53203.02,"24-Jul-2026",105277,"",""
"684","CURAA","EQ",70.8,72,65.11,71.37,65.15,69.46,406,0.29,"24-Jul-2026",26,"",""
"685","CURIS","SM",111.8,112,111.8,112,112,110,12000,13.44,"24-Jul-2026",4,"",""
"686","CYBERMEDIA","BE",15.97,15.97,14.55,15.5,15.5,15.3,2372,0.37,"24-Jul-2026",26,"",""
"687","CYBERTECH","BE",146.24,147,140.87,141.94,142,143.09,20242,29.01,"24-Jul-2026",257,"",""
"688","CYIENT","EQ",834.95,873,814.45,840.05,836,830.65,2956680,24889.38,"24-Jul-2026",110818,"",""
"689","CYIENTDLM","EQ",655.15,680.85,654.05,670.45,672,665.1,740669,4960.52,"24-Jul-2026",28673,"",""
"690","DABUR","EQ",420.75,424.8,419.4,423.2,423.35,423.15,641619,2708.49,"24-Jul-2026",18351,"",""
"691","DAICHI","BE",314.45,314.45,293.35,304.8,304.8,303.55,1967,5.91,"24-Jul-2026",53,"",""
"692","DALBHARAT","EQ",1854.9,1872.1,1780.8,1810.8,1805,1854.7,1119018,20399.63,"24-Jul-2026",72414,"",""
"693","DALMIASUG","EQ",360.5,364,356.3,361.95,363,363.1,46685,168.02,"24-Jul-2026",1798,"",""
"694","DAMCAPITAL","EQ",155.51,159.98,153.61,157.88,158.5,157.6,324717,509.07,"24-Jul-2026",4211,"",""
"695","DAMODARIND","BE",29.4,29.4,28,28.84,28.84,29.4,2136,0.6,"24-Jul-2026",26,"",""
"696","DANGEE","EQ",2.97,3.07,2.87,2.95,3,3.01,102415,3.02,"24-Jul-2026",155,"",""
"697","DANISH","SM",834,837.85,811,823.75,823.05,832.75,16950,139.84,"24-Jul-2026",86,"",""
"698","DATAMATICS","EQ",830,830.05,814.35,821.5,819,833.9,79520,652.68,"24-Jul-2026",4506,"",""
"699","DATAPATTNS","EQ",4540,4668.3,4421.2,4584.5,4580,4597.5,1344404,61140.46,"24-Jul-2026",108893,"",""
"700","DAVANGERE","EQ",3.29,3.49,3.24,3.42,3.42,3.29,9880418,334.39,"24-Jul-2026",6308,"",""
"701","DBCORP","EQ",204.1,210.9,203.99,208.75,209.95,208.27,153203,318.62,"24-Jul-2026",4827,"",""
"702","DBEIL","BE",7.23,7.53,7.1,7.42,7.28,7.18,202332,14.84,"24-Jul-2026",275,"",""
"703","DBL","EQ",386,433.75,381.55,420.25,420.7,386.8,17567771,73093.04,"24-Jul-2026",248919,"",""
"704","DBOL","EQ",101.58,102.78,100,102.09,102.4,101.4,53471,54.17,"24-Jul-2026",528,"",""
"705","DBREALTY","BE",113,113.99,110.15,112.5,112.01,112.32,358639,400.91,"24-Jul-2026",1160,"",""
"706","DBSTOCKBRO","BE",33.82,35.51,33.01,34.38,34.05,33.82,28090,9.9,"24-Jul-2026",80,"",""
"707","DCAL","EQ",178.19,184.6,176.1,183.58,183.9,179.24,136614,246.98,"24-Jul-2026",3554,"",""
"708","DCBBANK","EQ",189.6,189.6,184.75,186.24,187.33,189.72,1034468,1929.37,"24-Jul-2026",22245,"",""
"709","DCCL","SM",51,51,51,51,51,52,4000,2.04,"24-Jul-2026",2,"",""
"710","DCI","EQ",278.9,290.8,271.05,287.85,287.25,273.4,28337,79.73,"24-Jul-2026",848,"",""
"711","DCM","BE",88.73,89.8,88,88.9,89,88.29,1162,1.03,"24-Jul-2026",37,"",""
"712","DCMFINSERV","BE",5.07,5.07,4.82,5.02,5.02,5.07,24074,1.17,"24-Jul-2026",21,"",""
"713","DCMNVL","BE",147.35,147.35,140,143.53,146.98,147.35,22721,32.34,"24-Jul-2026",110,"",""
"714","DCMSHRIRAM","EQ",1011.2,1018.9,992.6,1005.8,1008.1,1008.8,29673,299.64,"24-Jul-2026",4089,"",""
"715","DCMSIL","BE",79.77,79.77,79.77,79.77,79.77,81.39,13232,10.56,"24-Jul-2026",59,"",""
"716","DCMSRIND","EQ",39.96,40.26,39.01,39.86,40.25,39.88,48418,19.19,"24-Jul-2026",856,"",""
"717","DCW","EQ",45.66,46.45,44.7,46.23,46.38,45.66,633362,288.83,"24-Jul-2026",3105,"",""
"718","DCXINDIA","EQ",178,181.9,175.65,180.68,180.7,179.81,429789,771.16,"24-Jul-2026",7877,"",""
"719","DDEVPLSTIK","EQ",270.6,278,267.4,275.65,278,272.25,60174,164,"24-Jul-2026",2670,"",""
"720","DECCANCE","EQ",562.05,564.4,550.3,553.65,555,559.85,8097,45.04,"24-Jul-2026",622,"",""
"721","DECCANTRAN","SM",23.95,25.9,22.5,22.5,22.55,21.6,14400,3.32,"24-Jul-2026",11,"",""
"722","DECNGOLD","EQ",191.51,195.49,187.3,194.52,195,193.93,940810,1801.57,"24-Jul-2026",11437,"",""
"723","DEEDEV","BE",615.5,675,615.5,653.45,652,647.85,127992,820.09,"24-Jul-2026",1666,"",""
"724","DEEM","ST",48.1,51,48.1,51,51,50.05,2000,0.99,"24-Jul-2026",2,"",""
"725","DEEPAKFERT","EQ",1578,1589.5,1559.2,1573.2,1570,1580.3,119918,1885.7,"24-Jul-2026",10292,"",""
"726","DEEPAKNTR","EQ",1647,1663.5,1634.5,1649.6,1651,1653.8,91731,1513.9,"24-Jul-2026",11421,"",""
"727","DEEPINDS","EQ",460,484.4,453.6,479.6,481,459.5,339272,1602.01,"24-Jul-2026",11980,"",""
"728","DEFENCE","EQ",77.8,78.5,77.05,77.94,78.07,78.2,228626,177.96,"24-Jul-2026",690,"",""
"729","DELAPLEX","SM",95.05,96.35,93.6,96.3,96.35,98,6600,6.28,"24-Jul-2026",9,"",""
"730","DELHIVERY","EQ",463,466.8,458.15,462.55,462.7,465.45,2176831,10064.89,"24-Jul-2026",56922,"",""
"731","DELPHIFX","BE",7.07,7.07,6.66,6.87,6.97,6.9,172151,11.63,"24-Jul-2026",246,"",""
"732","DELTACORP","EQ",62.2,63.43,61.53,62.99,62.91,62.53,621323,387.56,"24-Jul-2026",5272,"",""
"733","DELTAMAGNT","EQ",58.9,58.9,55,55.83,55.5,57.31,8261,4.59,"24-Jul-2026",113,"",""
"734","DELTIC","ST",34.55,36.8,34.55,36.8,36.8,36.25,8000,2.89,"24-Jul-2026",8,"",""
"735","DEN","EQ",26.8,27.35,26.62,27.16,27.31,26.97,296792,80.1,"24-Jul-2026",1778,"",""
"736","DENEERS","SM",181.05,195,181.05,194.65,195,183.95,15000,28.38,"24-Jul-2026",17,"",""
"737","DENORA","EQ",863,867.9,846.45,852.55,867,867.35,2641,22.64,"24-Jul-2026",409,"",""
"738","DENTA","EQ",329.9,340,323.3,336.65,336.6,330.7,209624,695.89,"24-Jul-2026",7135,"",""
"739","DENTALKART","SM",401.8,428,401.8,425.45,428,420.9,3750,15.64,"24-Jul-2026",15,"",""
"740","DEVIT","EQ",25.77,26.18,25.77,26.07,26.12,26.04,19467,5.06,"24-Jul-2026",161,"",""
"741","DEVX","EQ",33,34.39,33,33.9,34.2,34.06,36936,12.52,"24-Jul-2026",232,"",""
"742","DEVYANI","EQ",108.8,113.28,107,112.3,112,109.87,3027081,3363.44,"24-Jul-2026",28348,"",""
"743","DGCONTENT","EQ",24,24.49,23.5,24.1,24.1,24.37,801,0.19,"24-Jul-2026",29,"",""
"744","DHAMPURSUG","EQ",142,142.99,139.5,142.12,142.99,142.18,109650,154.64,"24-Jul-2026",1680,"",""
"745","DHANBANK","EQ",34,34.62,33.26,34.29,34.2,34.36,1076129,366.24,"24-Jul-2026",3691,"",""
"746","DHANLAXMI","SM",24.5,24.5,23.6,24.25,24.25,23.5,8000,1.94,"24-Jul-2026",4,"",""
"747","DHANSA","ST",20.5,20.7,20.5,20.65,20.65,21.5,10000,2.06,"24-Jul-2026",4,"",""
"748","DHANUKA","EQ",1010.9,1019,999,1013.3,1018.9,1010.9,15754,158.95,"24-Jul-2026",2472,"",""
"749","DHARAN","BZ",0.15,0.16,0.15,0.15,0.16,0.15,21537850,32.51,"24-Jul-2026",807,"",""
"750","DHARARAIL","ST",123.25,130,123.25,130,130,128.75,7000,8.82,"24-Jul-2026",6,"",""
"751","DHARIWAL","SM",32,32.8,31.4,32.8,32.8,32.5,42000,13.39,"24-Jul-2026",14,"",""
"752","DHARMAJ","EQ",259.45,262.8,258.4,260.95,259.95,259.7,20361,53.11,"24-Jul-2026",571,"",""
"753","DHRUV","BE",24.75,25.95,23.61,24.49,24.5,24.76,8719,2.15,"24-Jul-2026",50,"",""
"754","DHUNINV","EQ",895.25,895.25,850,864.7,861,890.8,734,6.36,"24-Jul-2026",96,"",""
"755","DIACABS","EQ",266,299,263.5,295.15,294.2,273.93,15515902,43835.91,"24-Jul-2026",127447,"",""
"756","DIAMINESQ","EQ",251.43,254,246,246.9,246.4,250.08,2085,5.17,"24-Jul-2026",137,"",""
"757","DIAMONDYD","EQ",1109.8,1120.9,1100.8,1111.4,1106,1114.7,4707,52.3,"24-Jul-2026",584,"",""
"758","DICIND","EQ",516.95,521,512,517.5,512,509.15,4921,25.48,"24-Jul-2026",51,"",""
"759","DIFFNKG","EQ",385.15,398.8,377.3,395.35,395.3,385.1,72764,283.51,"24-Jul-2026",2914,"",""
"760","DIGIDRIVE","EQ",18.35,18.35,17.61,17.95,18,17.95,6128,1.09,"24-Jul-2026",92,"",""
"761","DIGIKORE","SM",47.6,51.5,45.35,50.6,51.5,48.35,160400,79.59,"24-Jul-2026",203,"",""
"762","DIGISPICE","BE",18.44,19.02,18.42,18.79,18.8,18.93,55769,10.45,"24-Jul-2026",176,"",""
"763","DIGITIDE","EQ",100,101.8,98,101.22,100.7,101.42,180485,180.34,"24-Jul-2026",3359,"",""
"764","DIGJAMLMTD","EQ",42.42,43.77,40.01,40.4,40.25,42,27304,11.21,"24-Jul-2026",221,"",""
"765","DISAQ","EQ",12100,12169,11968,12110,12150,12099,659,79.58,"24-Jul-2026",581,"",""
"766","DISHTV","BE",2.83,2.85,2.75,2.82,2.85,2.82,660688,18.45,"24-Jul-2026",910,"",""
"767","DIVGIITTS","EQ",931.65,960,905.55,945.6,948,931.65,20676,192.73,"24-Jul-2026",2426,"",""
"768","DIVIDEND","EQ",35.09,35.13,34.7,35.1,35.1,35.11,2094,0.73,"24-Jul-2026",82,"",""
"769","DIVINEHIRA","ST",109.1,109.1,106.5,107.45,108.8,109.95,9600,10.36,"24-Jul-2026",8,"",""
"770","DIVISLAB","EQ",7230,7280,7177,7248.5,7220,7305,328948,23803.99,"24-Jul-2026",32645,"",""
"771","DIVOPPBEES","EQ",75.43,78.13,75.23,77.01,78.13,76.77,39393,30.02,"24-Jul-2026",783,"",""
"772","DIVYADHAN","ST",54.8,54.8,54.8,54.8,54.8,54.8,2000,1.1,"24-Jul-2026",1,"",""
"773","DIXON","EQ",13750,13898,13586,13846,13878,13829,278708,38269.75,"24-Jul-2026",47943,"",""
"774","DJML","EQ",110.9,116,108.66,114.39,111.5,109.39,389557,442.26,"24-Jul-2026",5973,"",""
"775","DLF","EQ",639.15,648.65,630.6,645.2,646,642.2,2002254,12809.73,"24-Jul-2026",39103,"",""
"776","DLINKINDIA","EQ",435.05,454.9,433.3,452.2,453.8,440.8,173007,773.16,"24-Jul-2026",5477,"",""
"777","DMART","EQ",4010,4074.8,3990,4018.8,4020,4035,332480,13377.99,"24-Jul-2026",35585,"",""
"778","DMCC","EQ",263,280,258.3,272.75,274.45,262.85,56294,151.32,"24-Jul-2026",2068,"",""
"779","DNAMEDIA","EQ",2.78,2.81,2.72,2.79,2.8,2.78,7249,0.2,"24-Jul-2026",49,"",""
"780","DODLA","EQ",1030,1070,1024.6,1061.2,1070,1037.3,19101,199.65,"24-Jul-2026",3247,"",""
"781","DOLATALGO","EQ",68.2,70,67.22,68.76,70,68.29,114290,77.67,"24-Jul-2026",1429,"",""
"782","DOLLAR","EQ",251,258.65,248.05,258,256.9,252.35,290796,744.13,"24-Jul-2026",5759,"",""
"783","DOLLEX","SM",28.5,30.25,28.5,29.65,30.2,30.35,12000,3.56,"24-Jul-2026",3,"",""
"784","DOLPHIN","EQ",408,408,369.25,376.95,376,397,45492,174.65,"24-Jul-2026",1770,"",""
"785","DOMS","EQ",2201.5,2241.1,2201.5,2221,2238,2230.1,49967,1109.54,"24-Jul-2026",7568,"",""
"786","DONEAR","EQ",82.66,87.3,82.66,85.79,86.79,84.37,12348,10.47,"24-Jul-2026",260,"",""
"787","DPABHUSHAN","EQ",1349,1361.65,1307.15,1328.05,1342,1350.15,43366,574.94,"24-Jul-2026",3362,"",""
"788","DPEL","SM",572,572.85,557.15,565.8,564.2,569.5,26000,147.02,"24-Jul-2026",48,"",""
"789","DPSCLTD","BE",7.27,7.28,7,7.17,7.22,7.21,65707,4.69,"24-Jul-2026",416,"",""
"790","DPWIRES","BE",164.85,166.6,160.3,165.18,164.11,165.21,6172,10.13,"24-Jul-2026",134,"",""
"791","DRAGARWQ","EQ",5034.5,5034.5,4957,5021.5,5000,5016.5,164,8.2,"24-Jul-2026",94,"",""
"792","DRCSYSTEMS","EQ",13.42,13.54,13.07,13.41,13.54,13.42,23967,3.19,"24-Jul-2026",151,"",""
"793","DREAMFOLKS","EQ",66.5,68.25,65.5,67.03,67,66.79,34364,22.9,"24-Jul-2026",763,"",""
"794","DREDGECORP","EQ",981.5,1010.9,961.5,1003.3,1003.9,984.6,133976,1322.5,"24-Jul-2026",8288,"",""
"795","DRONE","ST",40.7,40.8,39.9,39.9,39.9,39.25,14000,5.65,"24-Jul-2026",27,"",""
"796","DRREDDY","EQ",1147,1166.3,1131.4,1151.7,1153,1166.3,4750512,54478.82,"24-Jul-2026",123522,"",""
"797","DSFCL","BE",27.93,27.93,27.93,27.93,27.93,28.5,10722,2.99,"24-Jul-2026",31,"",""
"798","DSSL","EQ",1170,1240.6,1160,1240.6,1240.6,1181.6,34008,409.98,"24-Jul-2026",2712,"",""
"799","DTIL","EQ",133.17,134.69,130.24,132.36,134,133.17,3115,4.1,"24-Jul-2026",134,"",""
"800","DUCOL","SM",106,108.9,106,108.9,108.9,108.45,2400,2.59,"24-Jul-2026",3,"",""
"801","DUCON","EQ",3,3.03,2.81,3.01,3.03,3,129876,3.88,"24-Jul-2026",279,"",""
"802","DUGLOBAL","ST",26.55,27.8,26.15,26.55,26.15,27.5,60000,15.75,"24-Jul-2026",17,"",""
"803","DURLAX","ST",51.45,52.9,50.2,50.2,50.2,50.8,26000,13.27,"24-Jul-2026",13,"",""
"804","DVL","EQ",243.95,245.85,239.77,243.97,245.85,242.86,6245,15.15,"24-Jul-2026",237,"",""
"805","DWARKESH","EQ",42.43,43.65,41.36,43.31,43.54,42.43,510306,217.36,"24-Jul-2026",2978,"",""
"806","DYCL","EQ",400.85,425,397,402.4,402.85,406,1153622,4725.05,"24-Jul-2026",24832,"",""
"807","DYNAMATECH","EQ",10100,10497,10100,10458,10472,10181,8615,891.49,"24-Jul-2026",3102,"",""
"808","DYNAMIC","ST",142.55,142.55,140.6,140.6,140.6,147.55,6000,8.47,"24-Jul-2026",12,"",""
"809","DYNPRO","EQ",235.15,237.44,230.25,231.33,233,234.08,3465,8.08,"24-Jul-2026",237,"",""
"810","E2E","EQ",509,516.7,492.1,516.7,516.7,492.1,7140040,36660.25,"24-Jul-2026",27917,"",""
"811","E2ERAIL","ST",245.1,266.75,245.1,262.05,262,254.05,58400,152.87,"24-Jul-2026",61,"",""
"812","EASEMYTRIP","EQ",6.8,6.85,6.73,6.83,6.83,6.84,8679182,589.34,"24-Jul-2026",5705,"",""
"813","EASTSILK","BE",52.25,55.25,51.96,55.19,55.25,53.58,1462,0.8,"24-Jul-2026",26,"",""
"814","EBANKNIFTY","EQ",56.5,57.46,56.5,57.37,57.37,56.91,1804,1.03,"24-Jul-2026",39,"",""
"815","EBBETF0430","EQ",1603.33,1607.21,1601.52,1606.02,1606,1603.33,21472,344.78,"24-Jul-2026",244,"",""
"816","EBBETF0431","EQ",1432.04,1441,1432.03,1439.92,1438,1436.76,2671,38.37,"24-Jul-2026",69,"",""
"817","EBBETF0433","EQ",1316.8,1317,1309.99,1310.61,1310.01,1315.9,2701,35.45,"24-Jul-2026",114,"",""
"818","EBGNG","EQ",535,572.35,535,572.35,572.35,545.1,593781,3317.18,"24-Jul-2026",19052,"",""
"819","ECAPINSURE","EQ",23.56,23.74,23.32,23.64,23.68,23.67,44248,10.42,"24-Jul-2026",354,"",""
"820","ECLERX","EQ",1880.5,1898.6,1811,1861.5,1865,1889.4,205758,3804.25,"24-Jul-2026",23659,"",""
"821","ECOLINE","ST",201,204,193,195,195,199,7000,13.95,"24-Jul-2026",7,"",""
"822","ECOSMOBLTY","BE",125.02,129,123.1,126.9,128.6,127.12,31563,39.86,"24-Jul-2026",337,"",""
"823","EDELWEISS","EQ",115.5,117.7,114,117.02,116.55,116.09,1777040,2053.22,"24-Jul-2026",16902,"",""
"824","EEPL","SM",100.15,100.6,98.3,100.6,100.6,100.35,15000,14.98,"24-Jul-2026",14,"",""
"825","EFACTOR","SM",161.95,173.2,161.95,173.2,173.2,162,10800,18.03,"24-Jul-2026",22,"",""
"826","EFCIL","EQ",193.5,196.97,190,195.3,196.4,196.19,177306,344.76,"24-Jul-2026",2822,"",""
"827","EFFWA","ST",370.1,384.9,361,381.75,381,379.35,13200,49.55,"24-Jul-2026",29,"",""
"828","EFORCE","SM",21.4,21.4,20.3,21.25,21.25,21.35,9600,2.03,"24-Jul-2026",6,"",""
"829","EGOLD","EQ",143,143.1,141,142.55,143,143.4,42479,60.39,"24-Jul-2026",440,"",""
"830","EICHERMOT","EQ",7710,7710,7575,7628,7648,7721.5,409577,31219.11,"24-Jul-2026",43113,"",""
"831","EIDPARRY","EQ",752,766.15,750.25,758,760,759.15,128554,974.53,"24-Jul-2026",9309,"",""
"832","EIEL","EQ",217.61,221.4,212.11,220.16,220.45,217.62,1653480,3591.75,"24-Jul-2026",15953,"",""
"833","EIFFL","BE",317.5,329,317,320,320,317.2,3541,11.31,"24-Jul-2026",37,"",""
"834","EIHAHOTELS","EQ",311.8,313.7,302.65,310.9,313.7,308.75,16640,51.32,"24-Jul-2026",1629,"",""
"835","EIHOTEL","EQ",319,328.95,317,326.4,325,321.35,156876,506.02,"24-Jul-2026",6747,"",""
"836","EIMCOELECO","EQ",1792.3,1800.9,1746,1789.2,1792,1792.2,14969,264.99,"24-Jul-2026",2084,"",""
"837","EKC","EQ",108.88,109.9,106.45,108.76,109,108.89,181134,195.38,"24-Jul-2026",2318,"",""
"838","ELANTAS","EQ",9197,9357,9197,9266,9290,9250,762,70.86,"24-Jul-2026",296,"",""
"839","ELCIDIN","EQ",111000,111000,109500,109500,109500,110100,8,8.82,"24-Jul-2026",7,"",""
"840","ELDEHSG","EQ",807,807,770.1,778.3,778.3,783.15,402,3.17,"24-Jul-2026",76,"",""
"841","ELECON","EQ",427,431.7,419.2,421.65,423.15,433,859460,3636.46,"24-Jul-2026",31260,"",""
"842","ELECTCAST","EQ",70.39,72.5,69.52,72.1,72.1,70.43,1439547,1023.5,"24-Jul-2026",11350,"",""
"843","ELECTHERM","EQ",1029,1097.1,990.1,1008.2,1011,997.4,55825,582.97,"24-Jul-2026",4280,"",""
"844","ELGIEQUIP","EQ",578,581.95,568.1,577.3,576,586.05,173421,997.17,"24-Jul-2026",10006,"",""
"845","ELGIRUBCO","EQ",55.7,56.18,54.1,54.58,54.45,56.16,41186,22.66,"24-Jul-2026",686,"",""
"846","ELGNZ","SM",101.45,106,100,104.75,105,102,18000,18.75,"24-Jul-2026",16,"",""
"847","ELIN","EQ",100.06,101.88,98.1,101.13,101.2,100.49,163777,164.01,"24-Jul-2026",1920,"",""
"848","ELIQUID","EQ",1040.89,1040.91,1040.89,1040.9,1040.91,1040.49,168927,1758.35,"24-Jul-2026",34,"",""
"849","ELITECON","EQ",16.32,16.66,15.3,15.51,15.47,16.07,4787316,760.28,"24-Jul-2026",8958,"",""
"850","ELLEN","EQ",277.9,284.9,273,281.2,280.2,277.9,192997,540.67,"24-Jul-2026",5984,"",""
"851","ELM250","EQ",16.39,16.4,16.22,16.38,16.39,16.31,25068,4.09,"24-Jul-2026",176,"",""
"852","ELPROINTL","EQ",175,177.2,174.5,176.52,176.5,175.02,74371,130.92,"24-Jul-2026",505,"",""
"853","EMAMILTD","EQ",412.65,414.85,406.3,407.9,408.2,416.25,694321,2844.36,"24-Jul-2026",19317,"",""
"854","EMAMIPAP","EQ",120,122.47,117.1,118.18,118,122.88,280286,335.99,"24-Jul-2026",4909,"",""
"855","EMAMIREAL","BE",80.49,80.5,78.26,79.92,80.5,80.62,2425,1.94,"24-Jul-2026",54,"",""
"856","EMAPARTNER","SM",79.5,80.55,79.5,80.55,80.55,82,4000,3.19,"24-Jul-2026",2,"",""
"857","EMBASSY","RR",440,444,437.02,437.98,438.7,442.79,567063,2491.28,"24-Jul-2026",27302,"",""
"858","EMBDL","EQ",61.3,62.1,60.01,61.21,61.35,61.43,1775065,1082.53,"24-Jul-2026",14428,"",""
"859","EMCURE","EQ",1864.2,1892,1855.4,1881,1883,1869.5,58594,1097.4,"24-Jul-2026",9262,"",""
"860","EMIL","EQ",127.85,130.13,125.6,129.64,129.6,127.86,490978,628.78,"24-Jul-2026",7824,"",""
"861","EMKAY","EQ",232,244.9,231.05,239.5,240.1,235.65,32291,76.77,"24-Jul-2026",2077,"",""
"862","EMKAYTOOLS","SM",91.35,91.35,91.35,91.35,91.35,94.5,150,0.14,"24-Jul-2026",1,"",""
"863","EMMBI","BE",86.5,89.87,86.5,87.53,87.51,90.78,2656,2.32,"24-Jul-2026",39,"",""
"864","EMMIL","SM",122.8,122.85,120,121.75,121,121,3250,3.96,"24-Jul-2026",8,"",""
"865","EMMVEE","EQ",317.75,332.25,314.15,331,330.9,319.75,2762319,8984.74,"24-Jul-2026",39865,"",""
"866","EMPOWER","BE",2.35,2.4,2.35,2.38,2.39,2.34,3972351,93.92,"24-Jul-2026",1539,"",""
"867","EMSLIMITED","EQ",401.1,406.7,391.55,403.3,406,406.35,314326,1256.52,"24-Jul-2026",9145,"",""
"868","EMUDHRA","EQ",455.4,465.9,448.45,455.75,453.1,457.7,137001,625.12,"24-Jul-2026",4356,"",""
"869","EMULTIMQ","EQ",40.76,41.88,40.28,40.76,41.88,40.84,61477,24.89,"24-Jul-2026",234,"",""
"870","ENCOMPAS","SM",237,240.15,214.9,217.1,216.8,242.6,80800,178.04,"24-Jul-2026",145,"",""
"871","ENDURANCE","EQ",2688,2688,2548.6,2634,2630,2720.3,369867,9637.72,"24-Jul-2026",49189,"",""
"872","ENERGY","EQ",39,39.18,38.76,39.06,39.09,39.21,291022,113.57,"24-Jul-2026",918,"",""
"873","ENERGYDEV","EQ",16.45,17.95,16.45,17.45,17.2,16.83,62692,10.82,"24-Jul-2026",358,"",""
"874","ENEXT50","EQ",71.82,71.82,70.62,71.72,71.72,71.82,4025,2.89,"24-Jul-2026",9,"",""
"875","ENGINERSIN","EQ",223.14,226.6,219.44,225.21,225.2,224.25,856408,1910.86,"24-Jul-2026",16064,"",""
"876","ENIFTY","EQ",24.04,24.04,23.82,23.99,23.99,24.04,914,0.22,"24-Jul-2026",35,"",""
"877","ENIL","EQ",107.07,107.49,105.5,105.63,105.95,106.55,6311,6.69,"24-Jul-2026",221,"",""
"878","ENRIN","EQ",3290.1,3301,3225,3240.2,3245,3326.8,338787,11035.58,"24-Jul-2026",31616,"",""
"879","ENSER","SM",13.3,14,12.55,13.65,14,12.8,90000,12.12,"24-Jul-2026",17,"",""
"880","ENTERO","EQ",1183,1235.1,1183,1229.6,1230,1206.7,67396,823.71,"24-Jul-2026",6213,"",""
"881","ENVIRO","SM",77.05,77.5,77.05,77.25,77.05,77.05,9000,6.94,"24-Jul-2026",7,"",""
"882","EPACK","EQ",227.3,235.55,227.1,234.57,234.6,231,268101,620.6,"24-Jul-2026",5161,"",""
"883","EPACKPEB","EQ",240.8,255.12,237.75,251.92,251.75,243.08,768123,1910.88,"24-Jul-2026",14464,"",""
"884","EPIGRAL","EQ",1156,1214,1139.1,1162.7,1163,1152,301772,3571.58,"24-Jul-2026",20886,"",""
"885","EPL","EQ",231.26,234.2,221.98,233.06,230.95,233.04,1019639,2335.25,"24-Jul-2026",18241,"",""
"886","EPWINDIA","ST",272.9,273,260,260,260,260,4800,12.83,"24-Jul-2026",4,"",""
"887","EQUAL200","EQ",13.58,13.65,13.5,13.63,13.65,13.64,4010,0.54,"24-Jul-2026",44,"",""
"888","EQUAL50","EQ",327.81,328.5,326.5,328.36,328.41,329.52,1376,4.51,"24-Jul-2026",29,"",""
"889","EQUAL50ADD","EQ",339.95,340.5,337.48,339.64,340.5,340.71,21133,71.72,"24-Jul-2026",254,"",""
"890","EQUIPPP","BE",23.81,24.68,23.8,24.01,24,24.23,5021,1.2,"24-Jul-2026",22,"",""
"891","EQUITASBNK","EQ",77.99,78.8,76.55,78.34,78.25,78.42,1477032,1146.21,"24-Jul-2026",16550,"",""
"892","ERIS","EQ",1375.1,1409,1373,1400.6,1399.7,1395.6,39620,552.34,"24-Jul-2026",8841,"",""
"893","ESABINDIA","EQ",5723,5740,5633,5649.5,5669,5725.5,4389,249.49,"24-Jul-2026",1150,"",""
"894","ESAFSFB","EQ",35.77,39,35.12,38.69,38.69,35.55,11588732,4380.31,"24-Jul-2026",37213,"",""
"895","ESCONET","SM",135,138,132,136.5,136.5,139.55,7600,10.31,"24-Jul-2026",19,"",""
"896","ESCORTS","EQ",2900,2923.7,2880,2905.1,2911,2907.1,100725,2922.65,"24-Jul-2026",17763,"",""
"897","ESENSEX","EQ",76.69,76.93,76.21,76.72,76.83,76.58,403,0.31,"24-Jul-2026",29,"",""
"898","ESFL","SM",136.55,136.55,130,136.55,136.55,130.05,81360,111,"24-Jul-2026",86,"",""
"899","ESG","EQ",40.86,41.08,40.62,40.97,41.04,41,9419,3.85,"24-Jul-2026",102,"",""
"900","ESILVER","EQ",218.51,220.58,215.7,219.61,220.58,220.19,57750,125.75,"24-Jul-2026",1350,"",""
"901","ESPRIT","SM",57.5,59,57,57,57,58.5,9600,5.54,"24-Jul-2026",6,"",""
"902","ESSARSHPNG","EQ",20.5,20.5,19.61,20.17,20.3,20.03,100904,20.14,"24-Jul-2026",714,"",""
"903","ESSENTIA","BE",1.13,1.13,1.11,1.11,1.12,1.13,1061001,11.87,"24-Jul-2026",564,"",""
"904","ESTER","EQ",89.2,90.55,87.82,88.53,89,89.01,41113,36.44,"24-Jul-2026",915,"",""
"905","ETERNAL","EQ",285,285,276.55,280,280,287.1,37050034,103695.94,"24-Jul-2026",199520,"",""
"906","ETHOSLTD","EQ",2565,2600,2527.7,2562.8,2565,2574.4,13096,335.57,"24-Jul-2026",3363,"",""
"907","ETL","SM",1000,1000,970,970,970,1000,600,5.88,"24-Jul-2026",4,"",""
"908","ETML","SM",85,87,81.4,84.9,84.85,87.85,51600,43.33,"24-Jul-2026",26,"",""
"909","EUREKAFORB","EQ",430,434.75,424.9,432.15,432,433.65,110367,474.22,"24-Jul-2026",11233,"",""
"910","EUROBOND","EQ",165,165,151.5,161.61,161.51,160.77,7550,12.06,"24-Jul-2026",287,"",""
"911","EUROPRATIK","EQ",295.3,304.45,291.1,301.65,304.45,296.75,164872,490.23,"24-Jul-2026",3699,"",""
"912","EUROTEXIND","BE",12.86,13.44,12.2,12.2,12.2,12.8,237,0.03,"24-Jul-2026",5,"",""
"913","EVEREADY","EQ",350,358.6,343.55,357,356,352.35,74671,262.75,"24-Jul-2026",2581,"",""
"914","EVERESTIND","BE",505,525.95,500,524.25,525.95,500.95,37815,194.93,"24-Jul-2026",471,"",""
"915","EVIETF","EQ",31.77,31.84,31.3,31.74,31.84,31.77,92817,29.38,"24-Jul-2026",522,"",""
"916","EVINDIA","EQ",32.4,33,31.33,31.9,31.79,31.76,166314,52.56,"24-Jul-2026",1574,"",""
"917","EXCELINDUS","EQ",911.35,945.25,907,932.15,939.25,914.35,10520,98.14,"24-Jul-2026",600,"",""
"918","EXCELLENT","ST",210,210,207.1,208,208,212.9,6400,13.32,"24-Jul-2026",4,"",""
"919","EXCELSOFT","EQ",73.77,75,73.12,74.38,74.99,74.54,251103,185.65,"24-Jul-2026",1900,"",""
"920","EXICOM","EQ",158.99,162.5,155.2,160.3,160.99,161.48,1677455,2666.82,"24-Jul-2026",12899,"",""
"921","EXIDEIND","EQ",435.05,448.15,435.05,443,439.8,439.75,7333676,32421.9,"24-Jul-2026",62097,"",""
"922","EXIMROUTES","SM",111,112,111,112,112,114,1600,1.78,"24-Jul-2026",2,"",""
"923","EXPLEOSOL","EQ",811,814.8,796,801.55,802,814.1,15810,126.95,"24-Jul-2026",1494,"",""
"924","EXXARO","EQ",6.26,6.76,6.2,6.54,6.65,6.26,1259542,81.93,"24-Jul-2026",1267,"",""
"925","FABTECH","EQ",150,153.5,146.6,149.73,151,148.6,192898,288.14,"24-Jul-2026",3231,"",""
"926","FACT","EQ",805,814.8,789.1,809.3,812,805.75,109204,873,"24-Jul-2026",7915,"",""
"927","FAIRCHEMOR","BE",776.75,797,745.3,768.1,770,772.9,9242,70.72,"24-Jul-2026",626,"",""
"928","FALCONTECH","SM",11.55,11.55,10.65,11.3,11.4,10.75,16800,1.87,"24-Jul-2026",12,"",""
"929","FAZE3Q","EQ",545.6,553.85,532.65,546.95,551,545,7488,40.67,"24-Jul-2026",515,"",""
"930","FCL","EQ",43.4,43.4,39.02,39.59,39.49,41.91,35167975,14243.62,"24-Jul-2026",64397,"",""
"931","FCSSOFT","BE",1.55,1.59,1.49,1.55,1.56,1.55,620262,9.53,"24-Jul-2026",779,"",""
"932","FDC","EQ",399.5,416.05,397.05,412.95,415,401.25,96778,395.01,"24-Jul-2026",4968,"",""
"933","FEDDERSHOL","EQ",47,47.94,45.25,45.64,45.5,47.87,2141017,986.92,"24-Jul-2026",6848,"",""
"934","FEDERALBNK","EQ",352.1,354.9,349.9,354.3,354.6,354.4,3590425,12646.71,"24-Jul-2026",57571,"",""
"935","FEDFINA","EQ",149.82,151.37,147.4,150.53,150.2,150.26,798404,1193.6,"24-Jul-2026",10795,"",""
"936","FEL","BZ",0.38,0.38,0.36,0.37,0.38,0.37,278707,1.03,"24-Jul-2026",87,"",""
"937","FELDVR","BZ",2.6,2.6,2.36,2.49,2.49,2.48,6232,0.15,"24-Jul-2026",18,"",""
"938","FELIX","SM",177.8,180,175.1,178.95,180,179,23500,41.72,"24-Jul-2026",39,"",""
"939","FERMENTA","EQ",399.8,435.4,395.15,432.05,433,401,213384,902.58,"24-Jul-2026",8824,"",""
"940","FIBERWEB","EQ",29.2,30.88,29.2,30.43,30.77,30.15,21174,6.32,"24-Jul-2026",195,"",""
"941","FICRF3GP","MF",379,379,379,379,379,349,1,0,"24-Jul-2026",1,"",""
"942","FIDEL","SM",153.55,153.55,152,152,152,153.55,2000,3.06,"24-Jul-2026",2,"",""
"943","FIEMIND","EQ",2329.6,2340,2299.9,2331.9,2339.9,2354.1,36394,847.29,"24-Jul-2026",7806,"",""
"944","FILATEX","EQ",71.51,77.54,70.54,73.83,74.1,72,20405543,15309.37,"24-Jul-2026",83339,"",""
"945","FILATFASH","BE",0.19,0.19,0.18,0.18,0.19,0.18,8552671,15.97,"24-Jul-2026",1524,"",""
"946","FINBUD","SM",117.2,126.5,113.15,125.6,125.8,117.2,38000,46.32,"24-Jul-2026",37,"",""
"947","FINCABLES","EQ",974,1005,956.2,998.9,1000,977.8,328672,3233.78,"24-Jul-2026",24397,"",""
"948","FINEORG","EQ",4745.5,4850,4692,4828.5,4803,4745.5,7556,361.33,"24-Jul-2026",2637,"",""
"949","FINIETF","EQ",31.99,32.13,31.6,32.01,32.13,32.04,320595,102.02,"24-Jul-2026",1506,"",""
"950","FINKURVE","EQ",63.99,64.39,61.64,62.15,62.03,62.83,11910,7.41,"24-Jul-2026",321,"",""
"951","FINOPB","EQ",167.79,168.44,163.07,167.06,167.4,170.04,1195595,1983.65,"24-Jul-2026",11068,"",""
"952","FINPIPE","EQ",159.5,164.4,158,163.67,164,159.93,746248,1212.04,"24-Jul-2026",28683,"",""
"953","FIRSTCRY","EQ",209,209.49,205.02,208.3,208.7,209.34,348144,721.91,"24-Jul-2026",7241,"",""
"954","FISCHER","EQ",38.16,39.48,37.71,37.94,37.9,39.03,2182724,837.82,"24-Jul-2026",2772,"",""
"955","FIVESTAR","EQ",535.2,538,520.5,535.2,535.3,534.3,495386,2634.93,"24-Jul-2026",19845,"",""
"956","FLAIR","EQ",245.55,254.75,242.9,252.5,252.85,245.55,78394,195.84,"24-Jul-2026",1859,"",""
"957","FLEXIADD","EQ",10.1,10.1,9.82,9.92,9.9,9.9,70558,6.98,"24-Jul-2026",224,"",""
"958","FLEXITUFF","BE",4.79,4.89,4.57,4.58,4.58,4.81,42914,1.97,"24-Jul-2026",94,"",""
"959","FLFL","BZ",1.38,1.43,1.31,1.4,1.43,1.37,35448,0.48,"24-Jul-2026",61,"",""
"960","FLUOROCHEM","EQ",4527.3,4600.1,4470,4573.7,4600.1,4577.2,97679,4435.66,"24-Jul-2026",12818,"",""
"961","FLYSBS","SM",461,470,453.25,466.65,466.3,462.4,17800,82.28,"24-Jul-2026",72,"",""
"962","FMCGADD","EQ",49.15,49.35,49.05,49.25,49.35,49.26,6909,3.4,"24-Jul-2026",25,"",""
"963","FMCGIETF","EQ",52.5,52.89,52.31,52.69,52.8,52.72,419687,221.04,"24-Jul-2026",2378,"",""
"964","FMGOETZE","EQ",476.7,480,472,478.85,478.2,479.05,28932,137.88,"24-Jul-2026",1167,"",""
"965","FMNL","BE",10,10,9.06,9.21,9.44,9.53,86699,7.91,"24-Jul-2026",138,"",""
"966","FOCE","SM",599,599,599,599,599,605,240,1.44,"24-Jul-2026",1,"",""
"967","FOCUS","BE",71,74.8,71,72.23,71.2,72.52,16008,11.59,"24-Jul-2026",114,"",""
"968","FONEBOX","SM",82,82,82,82,82,82,4000,3.28,"24-Jul-2026",4,"",""
"969","FOODSIN","EQ",55.87,55.87,53.85,55.05,55.05,55.24,71555,39.18,"24-Jul-2026",984,"",""
"970","FORCAS","SM",168.7,172.9,168.5,172.55,172.9,168.7,38400,65.72,"24-Jul-2026",24,"",""
"971","FORCEMOT","EQ",17400,17880,17172,17620,17614,17410,112140,19781.16,"24-Jul-2026",30357,"",""
"972","FORTIS","EQ",940,951.05,927.7,948.7,946,943.65,503448,4744.41,"24-Jul-2026",16635,"",""
"973","FOSECOIND","EQ",5000,5138,4962.5,5048,5036,5032,2042,103.4,"24-Jul-2026",524,"",""
"974","FRACTAL","EQ",829,844.8,778,786.75,783.8,861.45,1291231,10390.55,"24-Jul-2026",63217,"",""
"975","FRESHARA","SM",327.85,339.9,323,337.55,339.8,328.5,57600,191.36,"24-Jul-2026",70,"",""
"976","FROG","ST",211.5,211.55,211.4,211.4,211.4,207.45,32000,67.69,"24-Jul-2026",45,"",""
"977","FRONTSP","EQ",1340,1358.5,1309.1,1328.8,1330,1350.1,18339,244.3,"24-Jul-2026",2411,"",""
"978","FSL","EQ",253,257.5,251.1,253.58,253.02,255.94,710618,1804.21,"24-Jul-2026",18315,"",""
"979","FUSION","EQ",217,221.25,208.65,216.48,215,221.27,481999,1032.79,"24-Jul-2026",10693,"",""
"980","FWSTC","SM",195.25,201,190,200,200,195,213000,425.62,"24-Jul-2026",147,"",""
"981","GABRIEL","EQ",1375,1386.9,1335.1,1363.5,1364,1377.7,376116,5106.11,"24-Jul-2026",23451,"",""
"982","GAEL","EQ",138.95,152.89,137.7,151.64,151.86,139.14,9152593,13636.1,"24-Jul-2026",71693,"",""
"983","GAIL","EQ",171.14,171.18,167.27,170.02,170,171.99,5814293,9874.88,"24-Jul-2026",32969,"",""
"984","GALAPREC","EQ",1157.8,1158.9,1126,1146.3,1148,1158.2,22954,262.18,"24-Jul-2026",2191,"",""
"985","GALAXYSURF","EQ",1916,1955,1914,1945,1929.1,1928.3,5547,107.11,"24-Jul-2026",659,"",""
"986","GALLANTT","EQ",537,549.9,513.1,521.2,521,537.75,652399,3441.05,"24-Jul-2026",15338,"",""
"987","GANDHAR","EQ",290.25,303.17,275.53,282.46,280.65,281.95,35869266,103647.66,"24-Jul-2026",325614,"",""
"988","GANDHITUBE","EQ",870,875,863.05,868,865.25,870.75,6814,59.28,"24-Jul-2026",314,"",""
"989","GANECOS","EQ",1188,1214.7,1158.3,1209.4,1212,1194.75,102377,1218.04,"24-Jul-2026",7230,"",""
"990","GANESHBE","EQ",113,114.22,109.1,111.41,112.14,113.61,376242,419.93,"24-Jul-2026",5335,"",""
"991","GANESHCP","EQ",171.83,175.19,169.31,171.84,172,170.57,77531,133.85,"24-Jul-2026",2360,"",""
"992","GANESHHOU","EQ",790.3,818.9,785.25,799.4,805,808.4,45945,366.08,"24-Jul-2026",3712,"",""
"993","GANESHIN","ST",102,102.6,97.5,97.5,97.5,102.6,34400,34.14,"24-Jul-2026",37,"",""
"994","GANGABATH","SM",21.5,21.95,21.2,21.55,21.55,21.95,21000,4.52,"24-Jul-2026",7,"",""
"995","GANGAFORGE","BE",1.67,1.67,1.67,1.67,1.67,1.75,2448338,40.89,"24-Jul-2026",4191,"",""
"996","GANGESSECU","EQ",115,117,114.1,116.24,116.9,116.19,963,1.12,"24-Jul-2026",32,"",""
"997","GARFIBRES","EQ",741,751,737.05,748.45,747.2,746.25,19880,148.47,"24-Jul-2026",2543,"",""
"998","GARUDA","EQ",170,175.01,168.56,174.69,175,172.72,151770,260.56,"24-Jul-2026",3111,"",""
"999","GATECH","EQ",0.5,0.5,0.48,0.48,0.49,0.49,2248348,10.99,"24-Jul-2026",646,"",""
"1000","GATECHDVR","EQ",0.46,0.46,0.43,0.43,0.45,0.45,356125,1.57,"24-Jul-2026",151,"",""
"1001","GATEWAY","EQ",56.96,57,56,56.38,56.4,57.09,689650,388.78,"24-Jul-2026",11143,"",""
"1002","GAUDIUMIVF","BE",151.9,151.9,151.9,151.9,151.9,155,9485,14.41,"24-Jul-2026",163,"",""
"1003","GAYAHWS","EQ",1.89,1.92,1.83,1.88,1.9,1.89,60814,1.14,"24-Jul-2026",202,"",""
"1004","GAYAPROJ","BE",20.5,21.49,19.9,20.73,20.7,20.58,322983,66.28,"24-Jul-2026",1114,"",""
"1005","GCHOTELS","ST",111.5,116.5,107.45,116,116,113.1,26400,29.44,"24-Jul-2026",29,"",""
"1006","GCSL","EQ",518.4,534,510.75,531,529.3,521.05,714401,3706.34,"24-Jul-2026",8155,"",""
"1007","GEECEE","BE",346,346,330.75,334.15,345.6,346,4061,13.76,"24-Jul-2026",33,"",""
"1008","GEEKAYWIRE","EQ",24,24.63,23.65,23.79,23.76,23.81,152037,36.5,"24-Jul-2026",2020,"",""
"1009","GEMAROMA","EQ",176,179.55,174.61,178.1,179.55,177.53,50103,88.77,"24-Jul-2026",1438,"",""
"1010","GENCON","EQ",40.58,42,39.68,40.52,42,40.88,241553,96.94,"24-Jul-2026",2025,"",""
"1011","GENESYS","EQ",289,303,289,297.7,299,298.95,210547,623.65,"24-Jul-2026",7465,"",""
"1012","GENUSPAPER","EQ",12.1,12.27,11.8,11.92,11.9,12.22,62817,7.54,"24-Jul-2026",287,"",""
"1013","GENUSPOWER","EQ",310,316.55,307,315.6,316.4,313.85,1076880,3360.54,"24-Jul-2026",16567,"",""
"1014","GENXAI","SM",70.6,71.75,69,70.7,71.45,69.2,25200,17.77,"24-Jul-2026",20,"",""
"1015","GEOJITFSL","EQ",77.7,78.44,75,76.15,76.3,78.65,471512,358.96,"24-Jul-2026",5013,"",""
"1016","GESHIP","EQ",1448,1449,1419.3,1437.9,1430.3,1441.9,188630,2699.15,"24-Jul-2026",15775,"",""
"1017","GFLLIMITED","EQ",44.92,46.3,44.01,45.95,45.53,44.92,34190,15.47,"24-Jul-2026",912,"",""
"1018","GGBL","SM",255,264.2,253.2,262.8,264.2,258.1,17700,45.61,"24-Jul-2026",57,"",""
"1019","GHCL","EQ",430.5,438,427.1,436.2,433.5,429.5,123167,532.47,"24-Jul-2026",3001,"",""
"1020","GHCLTEXTIL","EQ",114.4,117,112.34,115.82,115.1,114.98,458966,526.81,"24-Jul-2026",5963,"",""
"1021","GICHSGFIN","EQ",146.22,147.48,144.42,146.87,147.4,147.19,74492,108.79,"24-Jul-2026",1504,"",""
"1022","GICL","EQ",16.11,16.88,16.11,16.72,16.88,16.26,88413,14.61,"24-Jul-2026",339,"",""
"1023","GICRE","EQ",356.55,359.9,356.5,357.5,357.7,359.85,188457,674.34,"24-Jul-2026",5327,"",""
"1024","GILLANDERS","EQ",86.2,88.22,86,87.98,86.36,87,650,0.56,"24-Jul-2026",18,"",""
"1025","GILLETTE","EQ",7780.5,7855,7730,7828.5,7845,7787,7271,567.05,"24-Jul-2026",3109,"",""
"1026","GILT10BETA","EQ",26.57,26.72,26.27,26.69,26.72,26.44,8727,2.31,"24-Jul-2026",11,"",""
"1027","GILT5BETA","EQ",66.3,66.68,66.3,66.67,66.67,66.11,179,0.12,"24-Jul-2026",8,"",""
"1028","GILT5YBEES","EQ",65.8,66.16,65.76,65.88,65.84,65.8,59103,38.93,"24-Jul-2026",350,"",""
"1029","GINNIFILA","BE",46.26,47.73,45.1,47.06,47.39,47.02,70379,32.38,"24-Jul-2026",231,"",""
"1030","GIPCL","EQ",155.5,157.93,154.06,157.23,157.65,156.77,86967,135.81,"24-Jul-2026",1809,"",""
"1031","GIRIRAJ","SM",88.25,88.25,85.75,85.75,85.75,90.25,15750,13.56,"24-Jul-2026",54,"",""
"1032","GJL","ST",159,160.65,159,160,160,153,24800,39.55,"24-Jul-2026",11,"",""
"1033","GKENERGY","EQ",135.5,137,132.3,136.14,136.51,136.04,283084,382.42,"24-Jul-2026",4367,"",""
"1034","GKSL","EQ",127,129.25,126.7,128.2,127.99,127.3,73624,94.2,"24-Jul-2026",1595,"",""
"1035","GKWLIMITED","EQ",1685,1685,1620.1,1640.7,1637,1685,907,14.91,"24-Jul-2026",66,"",""
"1036","GLAND","EQ",2379,2415,2366.2,2379.8,2388,2377.7,156545,3734.85,"24-Jul-2026",21468,"",""
"1037","GLAXO","EQ",2490.2,2525.8,2455,2514.3,2519,2495,63793,1590.24,"24-Jul-2026",16875,"",""
"1038","GLENMARK","EQ",2182,2248.8,2182,2192,2214.5,2205.1,429562,9421.67,"24-Jul-2026",15211,"",""
"1039","GLFL","BE",5.01,5.01,5.01,5.01,5.01,5.01,3772,0.19,"24-Jul-2026",7,"",""
"1040","GLOBAL","EQ",100,102.99,100,101.99,102,102.77,10617,10.8,"24-Jul-2026",170,"",""
"1041","GLOBALE","BE",10.99,10.99,10.9,10.9,10.9,10.9,77,0.01,"24-Jul-2026",5,"",""
"1042","GLOBALVECT","EQ",147.9,151.61,147.9,148.95,148.3,150.32,3031,4.53,"24-Jul-2026",230,"",""
"1043","GLOBE","EQ",2.09,2.16,2.09,2.14,2.15,2.13,97937,2.09,"24-Jul-2026",128,"",""
"1044","GLOBECIVIL","BE",40,40,39.02,39.25,39.79,40.05,13205,5.2,"24-Jul-2026",128,"",""
"1045","GLOBUSSPR","EQ",860.7,884.75,853.05,880.45,872,860.7,84956,742.99,"24-Jul-2026",6610,"",""
"1046","GLOSTERLTD","EQ",675,688.3,665,683.65,686.75,675.45,3581,24.33,"24-Jul-2026",378,"",""
"1047","GLOTTIS","BE",65.6,67.13,65.54,66.73,66.95,67.23,38225,25.47,"24-Jul-2026",247,"",""
"1048","GMBREW","EQ",900,908.75,892,904.45,904.9,904.3,22393,201.55,"24-Jul-2026",1903,"",""
"1049","GMDCLTD","EQ",558,564.9,551,562.55,561,562.95,664245,3707.56,"24-Jul-2026",19389,"",""
"1050","GML","SM",17.6,17.6,17.6,17.6,17.6,17.6,2000,0.35,"24-Jul-2026",1,"",""
"1051","GMMPFAUDLR","EQ",791,817,786.15,808.05,814,796.5,92348,740.33,"24-Jul-2026",5666,"",""
"1052","GMRAIRPORT","EQ",106.7,107.39,105.55,107.12,107.3,107.37,7913951,8427.28,"24-Jul-2026",32519,"",""
"1053","GMRP&UI","EQ",99,99.01,96.72,97.59,98.3,99.71,457033,445.43,"24-Jul-2026",5062,"",""
"1054","GNA","EQ",500,512.75,485.25,507,512.5,500.75,334580,1660.65,"24-Jul-2026",10284,"",""
"1055","GNFC","EQ",494.45,506.05,492.1,503.05,503,497.45,141290,703.87,"24-Jul-2026",9889,"",""
"1056","GNRL","EQ",90.5,94,88.2,92.53,93.9,91.88,86374,78.49,"24-Jul-2026",1671,"",""
"1057","GOACARBON","EQ",372,388,371.15,375.65,375,380,33188,125.57,"24-Jul-2026",1354,"",""
"1058","GOCLCORP","EQ",389,398.95,385,396.55,397.1,390.8,42185,165.64,"24-Jul-2026",1896,"",""
"1059","GOCOLORS","EQ",325,327,317.05,324.15,326.6,320.8,173267,557.55,"24-Jul-2026",4358,"",""
"1060","GODAVARIB","EQ",274.95,280.2,271.85,278.9,279.5,275.9,82909,229.67,"24-Jul-2026",2411,"",""
"1061","GODFRYPHLP","EQ",2038,2140,2027.4,2129.6,2131,2046.5,408425,8534.22,"24-Jul-2026",28665,"",""
"1062","GODIGIT","EQ",271.35,274.9,253,256.2,256,280.85,4579160,11896.08,"24-Jul-2026",78918,"",""
"1063","GODREJAGRO","EQ",562.05,577.85,556.5,573.6,573.8,561.2,111216,632.32,"24-Jul-2026",8738,"",""
"1064","GODREJCP","EQ",1050.5,1066.2,1044.9,1059.5,1063,1058.6,413015,4372.99,"24-Jul-2026",21305,"",""
"1065","GODREJIND","EQ",1345,1345,1309.8,1332.2,1328,1345.6,60119,797.98,"24-Jul-2026",8691,"",""
"1066","GODREJPROP","EQ",2018,2104.4,1965.2,2028.7,2050.3,2041,569927,11525.34,"24-Jul-2026",25125,"",""
"1067","GOKEX","EQ",797.3,834,788.05,830.5,831,795.05,356788,2907.74,"24-Jul-2026",18736,"",""
"1068","GOKUL","EQ",39.01,39.98,39.01,39.28,39.33,39.8,131415,51.85,"24-Jul-2026",413,"",""
"1069","GOKULAGRO","EQ",209,212.92,207.21,209.93,211.8,209.11,201648,422.57,"24-Jul-2026",4342,"",""
"1070","GOLD1","EQ",119.1,119.1,117.63,118.72,119.04,119.96,5078016,6018.99,"24-Jul-2026",7090,"",""
"1071","GOLD360","EQ",143.65,143.65,137.6,139.3,139.8,140.15,4149,5.75,"24-Jul-2026",195,"",""
"1072","GOLDADD","EQ",137.8,138.98,137.15,138.61,138.42,139.63,103983,143.52,"24-Jul-2026",2075,"",""
"1073","GOLDAXIS","EQ",119,119,117.3,118.7,118.7,119.6,2946927,3472.65,"24-Jul-2026",5568,"",""
"1074","GOLDBEES","EQ",118.7,119.88,116.75,117.91,118.06,118.69,25412327,29808.5,"24-Jul-2026",78465,"",""
"1075","GOLDBETA","EQ",123.9,123.9,118.15,120.05,120.3,120.9,334067,399.26,"24-Jul-2026",2433,"",""
"1076","GOLDBND","EQ",143.25,143.25,141,142.5,143.05,143.25,37361,53.06,"24-Jul-2026",537,"",""
"1077","GOLDCASE","EQ",22.47,23,22.08,22.44,22.48,22.58,8766720,1956.88,"24-Jul-2026",9065,"",""
"1078","GOLDENTOBC","BZ",24.5,24.98,23.75,24.03,24.48,24.98,3387,0.83,"24-Jul-2026",26,"",""
"1079","GOLDETF","EQ",138.93,140.01,137.12,138.89,138.92,139.7,2443785,3385.78,"24-Jul-2026",5770,"",""
"1080","GOLDIAM","EQ",347,352,335,349.5,349.95,347.05,572301,1971.05,"24-Jul-2026",13254,"",""
"1081","GOLDIETF","EQ",122.9,123.6,120.84,122.05,122.26,122.91,6017381,7316.42,"24-Jul-2026",29801,"",""
"1082","GOLDSTAR","SM",7,7,6.85,6.85,6.85,7.05,22500,1.56,"24-Jul-2026",2,"",""
"1083","GOLDTECH","BE",59.51,61.9,57.65,58.72,59.4,59.57,18396,10.94,"24-Jul-2026",214,"",""
"1084","GOODLUCK","EQ",1518,1534.6,1488.2,1511.6,1512.2,1525.6,93900,1418.92,"24-Jul-2026",10813,"",""
"1085","GOODYEAR","EQ",820,829.95,818.25,822.85,821.55,824.8,8423,69.33,"24-Jul-2026",630,"",""
"1086","GOPAL","EQ",258,260,257,258.25,258,258.4,134381,346.97,"24-Jul-2026",3478,"",""
"1087","GOYALALUM","EQ",6.48,6.69,6.4,6.54,6.57,6.48,42753,2.8,"24-Jul-2026",297,"",""
"1088","GPECO","ST",420.05,425,418,421.05,423,420.1,9200,38.79,"24-Jul-2026",38,"",""
"1089","GPIL","EQ",241.5,243.25,237.1,240.15,241.25,241.25,574648,1379.85,"24-Jul-2026",11757,"",""
"1090","GPPL","EQ",147,149.6,146.6,149.23,149.36,147.14,896015,1329.82,"24-Jul-2026",24040,"",""
"1091","GPTHEALTH","EQ",156.77,164.69,154.7,159.64,160,156.75,519007,838.27,"24-Jul-2026",9908,"",""
"1092","GPTINFRA","EQ",114.5,117.8,112.64,116.41,117.8,114.24,34480,39.38,"24-Jul-2026",740,"",""
"1093","GRADIENTE","BE",2.56,2.75,2.56,2.64,2.65,2.69,492667,12.77,"24-Jul-2026",325,"",""
"1094","GRANDOAK","EQ",37.53,38.89,36.88,37.48,37.96,38.09,8868,3.35,"24-Jul-2026",92,"",""
"1095","GRANULES","EQ",846,856.9,830.75,833.55,835,852.55,870853,7334.38,"24-Jul-2026",41851,"",""
"1096","GRAPHISAD","SM",29,29,29,29,29,30,1200,0.35,"24-Jul-2026",1,"",""
"1097","GRAPHITE","EQ",657.05,687.5,653.9,672.75,670.35,657.9,4550797,30743.74,"24-Jul-2026",93542,"",""
"1098","GRASIM","EQ",3100,3100,3066.4,3089.4,3093.1,3113,341560,10531.83,"24-Jul-2026",32955,"",""
"1099","GRAUWEIL","EQ",72.72,74.9,72.72,73.97,74,73.79,111702,82.22,"24-Jul-2026",2079,"",""
"1100","GRAVISSHO","EQ",29.7,30.55,29.05,30.55,30.55,29,36,0.01,"24-Jul-2026",5,"",""
"1101","GRAVITA","EQ",1745.1,1782.9,1713.8,1775.7,1768.1,1755.7,138494,2425.1,"24-Jul-2026",17897,"",""
"1102","GRCL","ST",596,596,596,596,596,607.4,250,1.49,"24-Jul-2026",1,"",""
"1103","GREAVESCOT","EQ",236.9,248.61,231.55,246.32,245.9,237.17,1981826,4783.18,"24-Jul-2026",32027,"",""
"1104","GREENCHEF","SM",47.1,47.1,47.1,47.1,47.1,47,800,0.38,"24-Jul-2026",1,"",""
"1105","GREENLAM","EQ",241,258.4,238.4,256,256.55,241.85,425580,1075.42,"24-Jul-2026",12151,"",""
"1106","GREENLEAF","ST",101.45,105,101.45,105,105,100,14000,14.41,"24-Jul-2026",14,"",""
"1107","GREENPANEL","EQ",192.4,194.99,189.3,194.24,194.82,193.34,87815,168.49,"24-Jul-2026",3746,"",""
"1108","GREENPLY","EQ",324.9,327.9,293.1,298.15,294,321.15,1587525,4803.12,"24-Jul-2026",41692,"",""
"1109","GREENPOWER","EQ",9.9,10.16,9.76,10.03,10.03,9.9,3075678,306.82,"24-Jul-2026",5219,"",""
"1110","GRINDWELL","EQ",1990,2043.4,1984.8,2011.6,2017.8,2004,90565,1820.51,"24-Jul-2026",16881,"",""
"1111","GRINFRA","EQ",860,878,860,869.85,878,871,8665,75.25,"24-Jul-2026",1102,"",""
"1112","GRMOVER","EQ",89.02,91,88.35,90.2,90.5,89.87,152553,136.31,"24-Jul-2026",11290,"",""
"1113","GROBTEA","EQ",899.8,899.8,883,899.8,899.8,887.75,19,0.17,"24-Jul-2026",8,"",""
"1114","GROWW","EQ",202.5,204.98,200.25,202.15,202.45,202.5,17472638,35410.03,"24-Jul-2026",94221,"",""
"1115","GROWWCAPM","EQ",11.15,11.49,10.94,11.19,11.49,11.15,436977,48.35,"24-Jul-2026",1112,"",""
"1116","GROWWCHEM","EQ",30.35,30.35,29.78,30.01,30.01,30.15,29289,8.8,"24-Jul-2026",254,"",""
"1117","GROWWDEFNC","EQ",94.1,94.1,92.52,93.47,93.78,94.1,196393,182.98,"24-Jul-2026",2712,"",""
"1118","GROWWEV","EQ",31.68,31.8,31.18,31.64,31.4,31.56,196088,61.72,"24-Jul-2026",1566,"",""
"1119","GROWWGOLD","EQ",14.02,14.02,13.8,13.93,13.97,14.02,1655256,229.8,"24-Jul-2026",3515,"",""
"1120","GROWWHOSPI","EQ",53.33,53.82,52.8,53.52,53.55,53.55,313009,166.92,"24-Jul-2026",993,"",""
"1121","GROWWLIQID","EQ",110.06,110.08,110.04,110.07,110.07,110.02,201889,222.23,"24-Jul-2026",217,"",""
"1122","GROWWLOVOL","EQ",10.33,10.45,10.29,10.35,10.4,10.38,18549,1.92,"24-Jul-2026",100,"",""
"1123","GROWWMC150","EQ",230.91,230.91,223.86,227.37,226.79,228.72,1998,4.53,"24-Jul-2026",47,"",""
"1124","GROWWMETAL","EQ",11.7,11.98,11.6,11.84,11.87,11.86,396225,46.77,"24-Jul-2026",1865,"",""
"1125","GROWWMOM50","EQ",10.69,10.69,10.43,10.53,10.55,10.62,218078,22.91,"24-Jul-2026",529,"",""
"1126","GROWWN200","EQ",11.35,11.35,11.1,11.23,11.35,11.25,78967,8.81,"24-Jul-2026",270,"",""
"1127","GROWWNET","EQ",9.85,9.91,9.47,9.64,9.65,9.75,263419,25.32,"24-Jul-2026",813,"",""
"1128","GROWWNIFTY","EQ",9.87,9.87,9.55,9.61,9.63,9.63,803104,77.01,"24-Jul-2026",2929,"",""
"1129","GROWWNXT50","EQ",72.6,72.6,71.4,72.22,72.5,72.47,6343,4.56,"24-Jul-2026",112,"",""
"1130","GROWWPOWER","EQ",12.02,12.02,11.55,11.67,11.85,11.73,2374289,276.67,"24-Jul-2026",2999,"",""
"1131","GROWWPSE","EQ",98.25,100.19,98.25,100.06,100.14,100.25,1986,1.98,"24-Jul-2026",40,"",""
"1132","GROWWPSUBK","EQ",81.31,84.47,81.31,84.05,84,82.97,13646,11.36,"24-Jul-2026",127,"",""
"1133","GROWWRAIL","EQ",28.51,28.69,28.22,28.63,28.64,28.51,441783,125.81,"24-Jul-2026",2094,"",""
"1134","GROWWRLTY","EQ",10.1,10.1,9.7,9.88,9.92,9.92,151268,14.86,"24-Jul-2026",631,"",""
"1135","GROWWSC250","EQ",10.21,10.28,10.02,10.17,10.19,10.21,81613,8.26,"24-Jul-2026",585,"",""
"1136","GROWWSLVR","EQ",21.22,21.65,21.16,21.59,21.64,21.63,1793121,383.92,"24-Jul-2026",2074,"",""
"1137","GRPLTD","EQ",2071,2071,1963,2007.5,2013,1972.6,20374,410.62,"24-Jul-2026",2805,"",""
"1138","GRSE","EQ",2551,2587.5,2535.5,2565.8,2578.9,2574.4,284650,7284.54,"24-Jul-2026",19750,"",""
"1139","GRWRHITECH","EQ",6806,6928,6745,6903,6928,6846,32473,2223.28,"24-Jul-2026",8044,"",""
"1140","GSEC10IETF","EQ",262.25,262.25,262.25,262.25,262.25,262.78,800,2.1,"24-Jul-2026",1,"",""
"1141","GSEC10YEAR","EQ",30.54,30.54,30.21,30.44,30.44,30.6,6855,2.07,"24-Jul-2026",20,"",""
"1142","GSEC5IETF","EQ",66.29,66.29,65.65,66.15,66.17,66.19,2860,1.89,"24-Jul-2026",32,"",""
"1143","GSFC","EQ",154,155.25,152.61,154.56,154.11,154.6,482121,742.17,"24-Jul-2026",7986,"",""
"1144","GSLSU","EQ",28.01,28.01,27,28.01,28.01,26.68,162986,45.44,"24-Jul-2026",631,"",""
"1145","GSMFOILS","SM",255,280,255,277.5,272.5,271.55,72500,192.22,"24-Jul-2026",124,"",""
"1146","GSPCROP","EQ",546.8,557.95,525.05,530.5,530,546.2,246804,1324.65,"24-Jul-2026",9992,"",""
"1147","GSS","EQ",12.27,12.27,11.9,12.11,11.97,12.28,63182,7.61,"24-Jul-2026",105,"",""
"1148","GSTL","SM",18.15,18.15,18.05,18.05,18.05,18.95,6000,1.09,"24-Jul-2026",6,"",""
"1149","GTECJAINX","BE",29.22,29.22,28.64,28.64,28.64,29.22,2687,0.78,"24-Jul-2026",17,"",""
"1150","GTL","EQ",7.1,7.21,7.09,7.17,7.15,7.15,162450,11.59,"24-Jul-2026",526,"",""
"1151","GTLINFRA","EQ",1.2,1.24,1.18,1.22,1.23,1.21,27434475,330.59,"24-Jul-2026",11220,"",""
"1152","GTPL","EQ",60,62.25,58.5,60.68,62.25,59.3,29652,17.81,"24-Jul-2026",1518,"",""
"1153","GUFICBIO","EQ",379.25,384,362.5,378.85,382.4,377.15,47082,176.98,"24-Jul-2026",2349,"",""
"1154","GUJALKALI","EQ",708.4,708.4,667.1,674.8,672.9,644,940628,6490.62,"24-Jul-2026",19334,"",""
"1155","GUJAPOLLO","EQ",348,369,338.05,364.35,365,345.35,10722,38.39,"24-Jul-2026",561,"",""
"1156","GUJENERGY","EQ",262.95,267.45,261.25,265.45,265.35,263.15,535428,1415.57,"24-Jul-2026",28656,"",""
"1157","GUJRAFFIA","EQ",38.2,40.78,38.2,40.56,40.75,39.92,1674,0.68,"24-Jul-2026",39,"",""
"1158","GUJTHEM","EQ",352,361.2,347,360.5,360.95,356.3,32351,114.39,"24-Jul-2026",1335,"",""
"1159","GULFOILLUB","EQ",1038,1038,1012,1015.7,1020,1035.7,28916,295.04,"24-Jul-2026",4767,"",""
"1160","GULFPETRO","BE",41.22,43.28,39.25,43.28,43.28,41.22,320256,135.42,"24-Jul-2026",785,"",""
"1161","GULPOLY","EQ",189,196.9,186,195.12,195.26,186.57,583164,1115.76,"24-Jul-2026",8342,"",""
"1162","GURUNANAK","ST",41,41,38.95,38.95,38.95,41,11200,4.41,"24-Jul-2026",6,"",""
"1163","GVKPIL","BE",2.45,2.45,2.41,2.43,2.43,2.45,479001,11.62,"24-Jul-2026",634,"",""
"1164","GVPIL","EQ",772.1,808,772.1,800.7,803.25,776.95,171723,1361.89,"24-Jul-2026",7388,"",""
"1165","GVPTECH","EQ",6.48,6.82,6.48,6.75,6.77,6.67,19723,1.32,"24-Jul-2026",154,"",""
"1166","GVT&D","EQ",4330,4334,4115.6,4157.4,4211,4328.5,1388191,58159.3,"24-Jul-2026",74921,"",""
"1167","GYFTR","EQ",149.13,151.99,147.7,149.51,148.82,149.83,32578,48.94,"24-Jul-2026",995,"",""
"1168","HAL","EQ",4550.1,4598.7,4519,4573.4,4572,4592.5,467141,21318.32,"24-Jul-2026",36674,"",""
"1169","HALDER","EQ",231.82,235.8,230.58,234.54,235.8,232.52,30553,70.92,"24-Jul-2026",267,"",""
"1170","HALDYNGL","BE",120.02,125,117.63,118.96,119.65,122.53,39521,47.83,"24-Jul-2026",278,"",""
"1171","HALEOSLABS","EQ",1605,1605,1530.3,1538.4,1531.2,1552.3,1088,17.09,"24-Jul-2026",216,"",""
"1172","HAPPSTMNDS","EQ",364,374.65,353.8,372.55,373,365.75,594661,2188.28,"24-Jul-2026",16403,"",""
"1173","HAPPY","ST",63.5,63.5,60,62.25,62,62.45,46000,28.17,"24-Jul-2026",23,"",""
"1174","HAPPYFORGE","EQ",1597.9,1630.9,1569.3,1615.5,1619.9,1588.4,57255,923.29,"24-Jul-2026",9402,"",""
"1175","HARDWYN","EQ",15.7,16.45,14.06,15.82,16,15.62,2748495,425.43,"24-Jul-2026",5629,"",""
"1176","HARIOMPIPE","EQ",382.6,396,378,391.8,396,382.6,129838,501.77,"24-Jul-2026",3936,"",""
"1177","HARRMALAYA","EQ",219.57,220.39,216.5,216.96,218,221.66,7419,16.17,"24-Jul-2026",365,"",""
"1178","HARSHA","EQ",402.15,417.8,395,405.65,411,403.65,247324,1010.09,"24-Jul-2026",8030,"",""
"1179","HATHWAY","EQ",10.51,10.84,10.51,10.76,10.78,10.64,1159488,123.3,"24-Jul-2026",2844,"",""
"1180","HATSUN","EQ",877.6,891.75,871.7,886.85,887.9,875.55,27878,245.39,"24-Jul-2026",3656,"",""
"1181","HAVELLS","EQ",1201.1,1239.5,1195.8,1226.9,1230,1209.9,1065814,13067.15,"24-Jul-2026",36977,"",""
"1182","HAVISHA","EQ",1.26,1.26,1.18,1.23,1.24,1.23,21708,0.26,"24-Jul-2026",78,"",""
"1183","HAWKINCOOK","EQ",8415,8820,8220.5,8704,8790,8451.5,1974,168.09,"24-Jul-2026",647,"",""
"1184","HBESD","EQ",77.95,77.95,73.5,74.01,75.99,77.68,2633,1.95,"24-Jul-2026",51,"",""
"1185","HBLENGINE","EQ",701.5,704.95,685.2,698.6,700.3,704.95,1005133,6975.72,"24-Jul-2026",34900,"",""
"1186","HBSL","BE",49.2,49.57,48.01,49.56,49.57,47.21,4962,2.42,"24-Jul-2026",81,"",""
"1187","HCC","EQ",21.16,21.7,20.92,21.43,21.55,21.44,27590434,5896.22,"24-Jul-2026",34938,"",""
"1188","HCG","EQ",674.8,675,660.65,666.55,667,669.9,54767,365.18,"24-Jul-2026",6940,"",""
"1189","HCL-INSYS","EQ",11.6,11.6,11.28,11.34,11.42,11.47,130081,14.78,"24-Jul-2026",659,"",""
"1190","HCLTECH","EQ",1237,1276,1236.6,1271,1269,1244.7,3674904,46321.42,"24-Jul-2026",97009,"",""
"1191","HDBFS","EQ",690.05,693.8,682,691.5,690,692.2,439241,3030.28,"24-Jul-2026",37589,"",""
"1192","HDFCAMC","EQ",2499.9,2530.6,2468.5,2505.7,2509.3,2508.7,717284,17993.14,"24-Jul-2026",62302,"",""
"1193","HDFCBANK","EQ",738.5,748.25,737.25,742.8,743.5,747.25,23837859,177010.8,"24-Jul-2026",385478,"",""
"1194","HDFCBSE500","EQ",37.48,37.5,36.52,37,37.44,36.99,321946,118.87,"24-Jul-2026",305,"",""
"1195","HDFCGOLD","EQ",124,125.74,120.1,121.79,121.99,122.68,1769262,2144.37,"24-Jul-2026",11714,"",""
"1196","HDFCGROWTH","EQ",115.86,116.27,115.1,115.89,115.71,116.58,15718,18.19,"24-Jul-2026",188,"",""
"1197","HDFCLIFE","EQ",548,556.75,547.2,555.05,555.8,550.95,1354038,7497.78,"24-Jul-2026",32358,"",""
"1198","HDFCLIQUID","EQ",1070.33,1070.93,1070.33,1070.92,1070.93,1070.48,3584,38.38,"24-Jul-2026",35,"",""
"1199","HDFCLOWVOL","EQ",20.55,20.58,20.45,20.53,20.53,20.56,2818,0.58,"24-Jul-2026",49,"",""
"1200","HDFCMID150","EQ",23.11,23.2,22.7,22.99,23.2,22.99,391555,89.5,"24-Jul-2026",1579,"",""
"1201","HDFCMOMENT","EQ",30.46,30.6,30.14,30.38,30.6,30.55,194758,58.99,"24-Jul-2026",759,"",""
"1202","HDFCNEXT50","EQ",73.01,73.48,72.27,73.33,73.38,73.32,235060,171.28,"24-Jul-2026",783,"",""
"1203","HDFCNIF100","EQ",25.59,25.77,25.51,25.64,25.51,25.77,239728,61.49,"24-Jul-2026",297,"",""
"1204","HDFCNIFBAN","EQ",58.33,58.56,57.74,58.45,58.3,58.33,266470,154.39,"24-Jul-2026",1675,"",""
"1205","HDFCNIFIT","EQ",30.4,31,30.13,30.8,31,30.48,2766747,847.53,"24-Jul-2026",1039,"",""
"1206","HDFCNIFTY","EQ",268.35,268.62,266.22,268.19,268.62,268.89,127256,340.3,"24-Jul-2026",1004,"",""
"1207","HDFCPSUBK","EQ",83.33,85.95,83.21,84.63,85.95,84.07,127518,107.05,"24-Jul-2026",325,"",""
"1208","HDFCPVTBAN","EQ",27.59,29.3,27.53,27.86,29,27.83,741547,206.3,"24-Jul-2026",548,"",""
"1209","HDFCQUAL","EQ",57.22,57.8,57.1,57.45,57.8,57.61,10659,6.11,"24-Jul-2026",121,"",""
"1210","HDFCSENSEX","EQ",86.43,86.55,85.68,86.4,86,86.72,49030,42.23,"24-Jul-2026",764,"",""
"1211","HDFCSILVER","EQ",211.98,211.98,206.6,210.79,210.55,210.98,2830118,5914.24,"24-Jul-2026",13241,"",""
"1212","HDFCSML250","EQ",179.87,179.87,175.21,177.58,177.64,178.09,1420920,2510.44,"24-Jul-2026",12655,"",""
"1213","HDFCVALUE","EQ",128.19,128.19,123.9,124.9,125.05,125.07,1038,1.29,"24-Jul-2026",93,"",""
"1214","HDIL","BZ",1.7,1.7,1.65,1.68,1.69,1.69,50543,0.85,"24-Jul-2026",126,"",""
"1215","HEADSUP","EQ",6.95,7.18,6.95,7.11,7,7.06,11822,0.84,"24-Jul-2026",40,"",""
"1216","HEALTHADD","EQ",16.42,16.47,16.34,16.4,16.44,16.42,14094,2.31,"24-Jul-2026",65,"",""
"1217","HEALTHAXIS","EQ",166.98,166.98,164.49,165.1,164.94,165.62,13795,22.75,"24-Jul-2026",100,"",""
"1218","HEALTHCARE","EQ",21.16,21.16,20.86,20.96,20.99,21.06,22064,4.62,"24-Jul-2026",188,"",""
"1219","HEALTHIETF","EQ",166.55,167.31,166.01,166.63,166.58,166.92,86822,144.58,"24-Jul-2026",1377,"",""
"1220","HEALTHX","EQ",317.1,317.1,302,312.85,309,316.05,7889,24.3,"24-Jul-2026",560,"",""
"1221","HEALTHY","EQ",16.83,16.83,16.65,16.68,16.73,16.73,280416,46.82,"24-Jul-2026",786,"",""
"1222","HECPROJECT","EQ",141.5,142.99,135.02,139.46,142.99,140.22,27930,38.58,"24-Jul-2026",641,"",""
"1223","HEG","EQ",608,654,608,643.15,637.1,623.85,7737580,49681.99,"24-Jul-2026",131223,"",""
"1224","HEIDELBERG","EQ",156.01,158,155.01,156.41,156.5,156.73,39423,61.67,"24-Jul-2026",1285,"",""
"1225","HEMIPROP","EQ",133.1,133.8,131.1,133.37,133.15,133.46,225807,299.05,"24-Jul-2026",2850,"",""
"1226","HERANBA","EQ",176.04,178.94,172,174.96,175.01,175.57,19355,33.62,"24-Jul-2026",716,"",""
"1227","HERITGFOOD","EQ",327,338,325.8,335.3,337.5,330.05,363327,1210.46,"24-Jul-2026",8537,"",""
"1228","HEROMOTOCO","EQ",5101.2,5102,4982,5011.1,5010.8,5173.8,694927,34946.98,"24-Jul-2026",59842,"",""
"1229","HESTERBIO","EQ",2365.8,2377,2301,2367.4,2365,2365,10109,237.07,"24-Jul-2026",1438,"",""
"1230","HEXAGON","BE",63,65.89,61.21,65.51,65.49,64.43,1294879,807.96,"24-Jul-2026",2231,"",""
"1231","HEXATRADEX","EQ",157.21,157.21,155,155.04,155.05,157.21,2204,3.44,"24-Jul-2026",38,"",""
"1232","HEXT","EQ",536.6,554.4,532,551.85,550,540.7,152303,829.2,"24-Jul-2026",9392,"",""
"1233","HFCL","EQ",202,204.78,196.66,196.85,197.05,207.01,31552378,62547.65,"24-Jul-2026",94797,"",""
"1234","HGINFRA","EQ",539,542,530.85,536.85,542,541.9,38530,206.31,"24-Jul-2026",3640,"",""
"1235","HGM","EQ",45.63,48.49,45,46.73,45.7,46.14,4507,2.11,"24-Jul-2026",81,"",""
"1236","HGS","EQ",426.05,430.95,420.2,422.55,424,425.7,10430,44.13,"24-Jul-2026",674,"",""
"1237","HIGREEN","SM",132.25,140.9,132.25,137.5,137.5,134.7,22400,31.16,"24-Jul-2026",28,"",""
"1238","HIKAL","EQ",211,220,208,217.4,218.11,211.95,344016,740.03,"24-Jul-2026",8299,"",""
"1239","HILINFRA","BE",43.98,44,43.5,43.87,44,43.98,21025,9.21,"24-Jul-2026",238,"",""
"1240","HILTON","BE",21.22,21.4,20.6,21.14,21.2,21.1,49313,10.35,"24-Jul-2026",169,"",""
"1241","HIMATSEIDE","EQ",80.21,81.04,79.26,80.52,80.74,81.41,615496,493.48,"24-Jul-2026",5108,"",""
"1242","HINDALCO","EQ",947.6,950.9,939.7,942.8,943.75,955.65,4494329,42422.38,"24-Jul-2026",115160,"",""
"1243","HINDCOMPOS","EQ",436,443.2,425,428.4,430.85,448.35,10842,46.64,"24-Jul-2026",916,"",""
"1244","HINDCON","BE",20.66,20.66,20.05,20.51,20.53,20.66,15034,3.07,"24-Jul-2026",70,"",""
"1245","HINDCOPPER","EQ",486,486,478.2,483.15,483.5,491.8,3002317,14454.17,"24-Jul-2026",54069,"",""
"1246","HINDOILEXP","EQ",168.8,168.8,160.5,162.04,161.1,167.5,719854,1173.67,"24-Jul-2026",7285,"",""
"1247","HINDPETRO","EQ",381,383.35,372.05,381.1,382.1,385.15,8650504,32697.67,"24-Jul-2026",111765,"",""
"1248","HINDUNILVR","EQ",2148,2163,2139,2145,2146.5,2161.8,1603494,34387.46,"24-Jul-2026",76073,"",""
"1249","HINDWAREAP","EQ",209.1,213.9,206.1,211.9,212,211.3,69721,146.91,"24-Jul-2026",1922,"",""
"1250","HINDZINC","EQ",528,534.4,522.45,531.95,533.65,531.15,5497135,29100.38,"24-Jul-2026",79361,"",""
"1251","HIRECT","EQ",1266.1,1324.8,1255.5,1301.9,1296.8,1285,64247,830.52,"24-Jul-2026",5933,"",""
"1252","HISARMETAL","EQ",148.01,152.98,147,147.49,149,148.72,1317,1.96,"24-Jul-2026",39,"",""
"1253","HITECH","EQ",84.25,85.2,82.59,84.79,85,85.05,445350,373.63,"24-Jul-2026",3586,"",""
"1254","HITECHCORP","BE",318.55,321,318.55,320.25,321,319.15,21896,69.97,"24-Jul-2026",99,"",""
"1255","HITECHGEAR","BE",594.3,596.8,581.1,588.05,588,591.35,1295,7.61,"24-Jul-2026",65,"",""
"1256","HLEGLAS","EQ",410,422.05,404.05,418.95,417.1,412.35,213185,882.62,"24-Jul-2026",11365,"",""
"1257","HLVLTD","EQ",7.14,7.2,7.04,7.06,7.05,7.15,211043,14.97,"24-Jul-2026",529,"",""
"1258","HMAAGRO","EQ",21.2,21.75,21.1,21.34,21.35,21.28,230033,49.12,"24-Jul-2026",994,"",""
"1259","HMT","BZ",60,62,59.5,61.39,61.4,60.07,3782,2.3,"24-Jul-2026",63,"",""
"1260","HMVL","EQ",88.85,93.64,87.1,93.4,93.5,88.9,102542,94.36,"24-Jul-2026",2285,"",""
"1261","HNDFDS","EQ",560.55,579.95,560.55,577.2,579.95,568.45,64383,369.36,"24-Jul-2026",4082,"",""
"1262","HNGSNGBEES","EQ",485.98,489.29,482.7,484.33,485.75,487.62,115717,561.97,"24-Jul-2026",3425,"",""
"1263","HOACFOODS","ST",738,740,738,738,738,739,4875,35.99,"24-Jul-2026",9,"",""
"1264","HOLMARC","SM",110,110,110,110,110,110,750,0.83,"24-Jul-2026",1,"",""
"1265","HOMEFIRST","EQ",1192,1194.2,1155,1174,1189,1202.3,259050,3028.33,"24-Jul-2026",21085,"",""
"1266","HONASA","EQ",444.55,456.05,444.5,448.6,448.3,445.45,579025,2602.3,"24-Jul-2026",21258,"",""
"1267","HONAUT","EQ",37905,37945,37205,37345,37540,37905,4536,1695.28,"24-Jul-2026",1450,"",""
"1268","HONDAPOWER","EQ",2075,2103.8,2062,2089.2,2098,2095.5,2652,55.3,"24-Jul-2026",459,"",""
"1269","HPAL","EQ",32.27,34,32.25,33.29,33.8,32.43,36773,12.1,"24-Jul-2026",464,"",""
"1270","HPIL","EQ",118.65,125.84,118.65,125.66,125.77,122.12,168,0.2,"24-Jul-2026",25,"",""
"1271","HPL","EQ",337,337,326,333.5,333.45,337.15,85249,283.42,"24-Jul-2026",3391,"",""
"1272","HRHNEXT","SM",27.05,27.05,27.05,27.05,27.05,27.05,1500,0.41,"24-Jul-2026",1,"",""
"1273","HSBCGOLD","EQ",126,126,122.1,124.12,124.93,124.69,9992,12.37,"24-Jul-2026",78,"",""
"1274","HSCL","EQ",774.1,792.6,768.8,789.55,787.9,777.65,4447225,34809.39,"24-Jul-2026",60265,"",""
"1275","HTMEDIA","EQ",25.15,25.15,24.01,24.26,24.44,24.66,195595,47.45,"24-Jul-2026",748,"",""
"1276","HUBTOWN","EQ",196.05,198.35,193.01,194.98,196.05,198.36,326659,638.7,"24-Jul-2026",4607,"",""
"1277","HUDCO","EQ",194.8,197.51,191.75,195.54,195.2,196.83,1792361,3477.53,"24-Jul-2026",20943,"",""
"1278","HUHTAMAKI","EQ",291.99,320.78,288.06,318.68,317.02,297.38,6080629,18776.29,"24-Jul-2026",52620,"",""
"1279","HVAX","SM",655,655,623,623,623,655,300,1.92,"24-Jul-2026",2,"",""
"1280","HYBRIDFIN","BE",18.27,19.25,18.07,18.14,18.1,19.02,29519,5.42,"24-Jul-2026",56,"",""
"1281","HYUNDAI","EQ",1949.8,1975,1927.5,1952.6,1952,1954.4,917025,17916.16,"24-Jul-2026",36206,"",""
"1282","IBLFL","SM",61,61,61,61,61,61,10000,6.1,"24-Jul-2026",5,"",""
"1283","IBULLSLTD","BE",28.43,30.95,28.01,30.53,30.5,29.48,10186091,3022.78,"24-Jul-2026",9351,"",""
"1284","ICDSLTD","EQ",40.49,40.49,39.01,40.48,40.48,40.8,29,0.01,"24-Jul-2026",6,"",""
"1285","ICELCO","SM",166,166.75,158,159.6,158.5,172.05,153600,249.64,"24-Jul-2026",127,"",""
"1286","ICEMAKE","EQ",850,901,845.2,865.7,864.4,853.95,103589,903.81,"24-Jul-2026",6855,"",""
"1287","ICICIAMC","EQ",3108,3130.5,3091,3125.6,3120,3132,94889,2957.63,"24-Jul-2026",10669,"",""
"1288","ICICIB22","EQ",114.5,115.63,114.25,115.36,115.45,115.36,135182,155.38,"24-Jul-2026",3037,"",""
"1289","ICICIBANK","EQ",1428,1440,1415.4,1432.9,1436,1434.6,10870914,155252.54,"24-Jul-2026",215086,"",""
"1290","ICICIGI","EQ",1614.3,1666.2,1605,1661.8,1665,1619,1693997,28028.94,"24-Jul-2026",99822,"",""
"1291","ICICIPRULI","EQ",498.25,503.05,495.55,500.55,500.6,501.5,711372,3556.11,"24-Jul-2026",25480,"",""
"1292","ICIL","EQ",398.5,407.9,388.5,403.45,404,398.55,281840,1127.43,"24-Jul-2026",12485,"",""
"1293","ICRA","EQ",4785,4815,4755,4804,4800,4774.5,12911,617.96,"24-Jul-2026",3475,"",""
"1294","IDBI","EQ",84.2,85.49,82.66,84.93,84.65,85.06,7500047,6294.6,"24-Jul-2026",27750,"",""
"1295","IDEA","EQ",13.11,13.18,12.76,13.13,13.13,13.2,382797982,49644.72,"24-Jul-2026",677018,"",""
"1296","IDEAFORGE","BE",849,899,844.7,870.65,873,861.05,162353,1417.78,"24-Jul-2026",7746,"",""
"1297","IDENTICAL","SM",19.7,20,19.45,20,20,20,82000,16.31,"24-Jul-2026",6,"",""
"1298","IDFCFIRSTB","EQ",79.7,81.09,78.88,80.79,80.95,79.9,16260314,13030.91,"24-Jul-2026",44109,"",""
"1299","IDFNIFTYET","EQ",261.65,263,260.98,262.78,263,263.42,276,0.72,"24-Jul-2026",33,"",""
"1300","IEML","SM",42.5,42.7,40.55,41.95,42.7,42.05,13500,5.67,"24-Jul-2026",22,"",""
"1301","IEX","EQ",120.5,125.7,120.49,124.26,124,121.94,10633033,13189.26,"24-Jul-2026",55095,"",""
"1302","IFBAGRO","BE",954.35,1002.05,924,994.85,992,954.35,11335,111.39,"24-Jul-2026",353,"",""
"1303","IFBIND","EQ",1305,1310.4,1272.2,1304.1,1310,1302.6,35635,462.02,"24-Jul-2026",5368,"",""
"1304","IFCI","EQ",70.66,70.78,68.81,70.12,70.35,71.14,12585981,8784.07,"24-Jul-2026",34842,"",""
"1305","IFGLEXPOR","EQ",196,202.05,192.39,197.67,196.6,196.33,34659,68.08,"24-Jul-2026",2131,"",""
"1306","IGARASHI","EQ",443.3,459.3,436.45,456.1,457,443.3,49460,222.2,"24-Jul-2026",2819,"",""
"1307","IGCL","EQ",77.4,77.4,72.8,74.55,75,74.84,164701,122.86,"24-Jul-2026",1996,"",""
"1308","IGIL","EQ",350.7,353.25,325.65,338.15,337,345.6,2757818,9207.87,"24-Jul-2026",89084,"",""
"1309","IGL","EQ",148.2,149.95,147.2,149.33,149.9,149.9,1256239,1865.52,"24-Jul-2026",18282,"",""
"1310","IGPL","EQ",448.65,454,442,451.55,454,451.95,11034,49.41,"24-Jul-2026",842,"",""
"1311","IIFL","EQ",563,565.25,548,556.55,558.25,568.75,1476692,8208.81,"24-Jul-2026",34827,"",""
"1312","IIFLCAPS","EQ",337.6,342.9,337.55,340.2,339.5,339.6,401303,1361.83,"24-Jul-2026",7504,"",""
"1313","IITL","EQ",128.27,139.98,125.56,132.02,135,127.28,91522,117.52,"24-Jul-2026",437,"",""
"1314","IKIO","EQ",204.8,207.59,199.16,204.82,205.44,206.3,332979,678.26,"24-Jul-2026",4708,"",""
"1315","IKS","EQ",1798,1807.5,1738,1759.8,1765.5,1799.3,165781,2916.98,"24-Jul-2026",17712,"",""
"1316","IL&FSENGG","BZ",31.56,31.56,31.56,31.56,31.56,30.06,13246,4.18,"24-Jul-2026",22,"",""
"1317","IL&FSTRANS","BZ",2.11,2.11,2.02,2.02,2.02,2.09,42705,0.89,"24-Jul-2026",48,"",""
"1318","IMAGICAA","EQ",46.82,47.49,45.89,46.66,47,46.82,467567,217.35,"24-Jul-2026",2071,"",""
"1319","IMFA","EQ",1330,1349,1300.1,1340.1,1338.2,1336.3,77233,1022.59,"24-Jul-2026",8894,"",""
"1320","IMPAL","EQ",1066.2,1094.9,1060,1076.1,1094.9,1071.1,1481,15.88,"24-Jul-2026",234,"",""
"1321","INA","EQ",112.01,113.99,110.85,112.57,112.93,113.15,366531,411.36,"24-Jul-2026",3847,"",""
"1322","INCREDIBLE","EQ",34.5,34.5,33.28,33.39,34.38,34.16,5480,1.86,"24-Jul-2026",76,"",""
"1323","INDBANK","EQ",32.5,33.6,32.5,33.21,33.1,32.51,29136,9.62,"24-Jul-2026",594,"",""
"1324","INDGN","EQ",487,495,486.1,492.65,495,488.5,84358,414.26,"24-Jul-2026",5727,"",""
"1325","INDHOTEL","EQ",718,728.6,713.25,727.45,727.45,724.05,1864296,13445.01,"24-Jul-2026",30220,"",""
"1326","INDIACEM","EQ",402,409.45,397.7,407,405.8,408.2,168482,680.32,"24-Jul-2026",5740,"",""
"1327","INDIAGLYCO","EQ",1162,1175.3,1142.05,1157.8,1159,1173.3,83732,968.82,"24-Jul-2026",6127,"",""
"1328","INDIAMART","EQ",1792.2,1799.9,1751.1,1759.9,1767,1790.6,170780,3014.27,"24-Jul-2026",23052,"",""
"1329","INDIANB","EQ",819,828.85,814.55,826.1,825.5,827.3,1435233,11789.96,"24-Jul-2026",31065,"",""
"1330","INDIANCARD","EQ",216,234.7,215,223.97,223.01,220.99,6624,15.12,"24-Jul-2026",170,"",""
"1331","INDIANHUME","EQ",371.45,389.4,368.6,387.15,389,371.4,97958,374.13,"24-Jul-2026",4005,"",""
"1332","INDIASHLTR","EQ",740.1,746.15,715.3,723.9,723.1,746.5,206940,1502.36,"24-Jul-2026",13212,"",""
"1333","INDIGO","EQ",4950,5009,4886,4985,5000,5023.5,2880861,142257.91,"24-Jul-2026",155179,"",""
"1334","INDIGOPNTS","EQ",1041.5,1059.7,1032.6,1048.9,1052.7,1047.6,28153,294.46,"24-Jul-2026",4626,"",""
"1335","INDIGRID","IV",179.38,179.91,178.99,179.27,179.25,178.92,746217,1337.57,"24-Jul-2026",12211,"",""
"1336","INDIQUBE","EQ",180,182.74,175.05,181.31,181.4,180.29,31337,56.31,"24-Jul-2026",985,"",""
"1337","INDNIPPON","EQ",1211.8,1224.3,1167,1198,1193.6,1207.4,24164,286.48,"24-Jul-2026",2609,"",""
"1338","INDOAMIN","BE",131.5,131.5,126,129.47,130,130.29,27573,35.42,"24-Jul-2026",250,"",""
"1339","INDOBORAX","EQ",365,439.8,361.05,416.1,428,373.5,10596863,43469.42,"24-Jul-2026",227171,"",""
"1340","INDOCO","EQ",238.5,245,234.41,243.42,243,238.15,50120,120.55,"24-Jul-2026",2015,"",""
"1341","INDOFARM","EQ",151.45,155.59,150.1,152.25,152.5,153.19,118332,180.59,"24-Jul-2026",2744,"",""
"1342","INDORAMA","EQ",47,49,46.2,48.43,48.68,47.68,139569,66.42,"24-Jul-2026",1450,"",""
"1343","INDOSTAR","EQ",262.7,262.8,257,260.5,260.4,262.85,42995,111.62,"24-Jul-2026",1394,"",""
"1344","INDOTECH","BE",3290,3449.9,3170,3418,3400,3297.9,17103,570.42,"24-Jul-2026",1203,"",""
"1345","INDOTHAI","EQ",217.59,221.7,214.52,216.3,216.4,217.38,2736587,5951.74,"24-Jul-2026",12067,"",""
"1346","INDOUS","EQ",88.69,88.8,84.6,84.98,84.66,86.93,17311,14.86,"24-Jul-2026",810,"",""
"1347","INDOWIND","BE",9.23,9.27,8.93,9.14,9.16,9.13,42415,3.86,"24-Jul-2026",222,"",""
"1348","INDPRUD","EQ",6669.5,6669.5,6301,6570,6570,6480,32,2.04,"24-Jul-2026",9,"",""
"1349","INDRAMEDCO","EQ",366.1,366.75,360,364.6,365,366.9,101164,367.38,"24-Jul-2026",3819,"",""
"1350","INDSWFTLAB","EQ",225.02,229.99,217.77,227.49,229,225.99,447383,1000.76,"24-Jul-2026",6764,"",""
"1351","INDTERRAIN","EQ",29,29.78,29,29.26,29.35,28.63,961,0.28,"24-Jul-2026",30,"",""
"1352","INDUSINDBK","EQ",1000,1003.45,984.05,996.05,997.45,1005.5,1995292,19848.77,"24-Jul-2026",62688,"",""
"1353","INDUSINVIT","IV",130.9,131.2,130.25,130.76,131.06,130.34,304961,398.62,"24-Jul-2026",9356,"",""
"1354","INDUSTOWER","EQ",388.1,396.1,385.15,394.6,394.9,390.25,3130489,12280.16,"24-Jul-2026",50347,"",""
"1355","INFINIUM","SM",208.5,209,205,209,209,209.5,1500,3.11,"24-Jul-2026",3,"",""
"1356","INFLUX","SM",290,290.8,290,290.15,290.1,291,31800,92.24,"24-Jul-2026",34,"",""
"1357","INFOBEAN","EQ",154.99,160.99,154.99,157.33,157.08,156.58,175897,277.13,"24-Jul-2026",3689,"",""
"1358","INFOLLION","SM",161.6,161.6,159,159.9,159,159.55,4400,7.07,"24-Jul-2026",9,"",""
"1359","INFOMEDIA","EQ",5.63,5.63,5.4,5.57,5.57,5.48,993,0.05,"24-Jul-2026",35,"",""
"1360","INFRA","EQ",12.01,12.08,11.93,12.05,12.08,12.12,37781,4.55,"24-Jul-2026",193,"",""
"1361","INFRABEES","EQ",956.89,960,947,957.26,959.99,958.3,6028,57.47,"24-Jul-2026",737,"",""
"1362","INFRAIETF","EQ",97.5,97.5,94.21,94.89,95.05,95.59,212606,201.76,"24-Jul-2026",2629,"",""
"1363","INFY","EQ",1028,1043.4,1013.9,1040.9,1039,1047.4,29036900,299112.99,"24-Jul-2026",390894,"",""
"1364","INGERRAND","EQ",4378,4405.5,4320,4354.3,4388,4378.9,13370,584.66,"24-Jul-2026",2256,"",""
"1365","INNOMET","ST",190.95,190.95,184.15,184.15,184.15,187.9,22200,41.45,"24-Jul-2026",30,"",""
"1366","INNOVACAP","EQ",964.35,965.9,934.55,950.45,947,967.95,58779,556.99,"24-Jul-2026",4589,"",""
"1367","INNOVANA","EQ",324.65,347,323.1,344.35,346.2,324.2,4090,13.66,"24-Jul-2026",329,"",""
"1368","INNOVISION","EQ",285,286.65,281,285.3,285,285.55,11841,33.6,"24-Jul-2026",647,"",""
"1369","INOXGREEN","EQ",187.17,193.27,183.49,191.87,192,187.17,771954,1461.19,"24-Jul-2026",10835,"",""
"1370","INOXINDIA","EQ",2004,2015,1968.1,2004,2009.9,2011.9,162161,3233.66,"24-Jul-2026",21236,"",""
"1371","INOXWIND","EQ",75.8,77.39,75.2,76.97,77.2,76.21,6163215,4700.94,"24-Jul-2026",23072,"",""
"1372","INSECTICID","EQ",596.2,620.8,596.2,616.1,615.25,605.25,17357,105.6,"24-Jul-2026",1500,"",""
"1373","INSPIRE","ST",8.25,9.05,8.25,9.05,9.05,8.65,4000,0.35,"24-Jul-2026",2,"",""
"1374","INSPIRISYS","BE",98.2,99.9,95.1,97.88,97.88,98.25,5285,5.06,"24-Jul-2026",50,"",""
"1375","INTEGRITY","ST",160,160,160,160,160,161,19200,30.72,"24-Jul-2026",1,"",""
"1376","INTELLECT","EQ",726.7,735.2,710,732.2,730,733.7,312739,2263.72,"24-Jul-2026",21375,"",""
"1377","INTENTECH","EQ",90.61,90.81,90.01,90.45,90.1,91.01,45254,40.87,"24-Jul-2026",197,"",""
"1378","INTERARCH","EQ",1778.2,1828.6,1772,1799.3,1792.2,1810.6,26025,468.59,"24-Jul-2026",3070,"",""
"1379","INTERNET","EQ",12.97,13.03,12.75,12.97,13,13.12,297194,38.27,"24-Jul-2026",352,"",""
"1380","INTLCONV","EQ",72.3,76.2,72.3,75.05,76.2,73.68,172919,129.63,"24-Jul-2026",617,"",""
"1381","INVENTURE","EQ",0.89,0.9,0.88,0.89,0.9,0.89,609362,5.43,"24-Jul-2026",280,"",""
"1382","INVICTA","ST",63.7,65.1,63.65,63.75,63.75,67,8000,5.12,"24-Jul-2026",5,"",""
"1383","INVPRECQ","EQ",942.8,999,889,979.85,960,942.8,28627,276.22,"24-Jul-2026",1597,"",""
"1384","IOB","EQ",33.73,34,33.23,33.88,34,33.82,2789486,938.02,"24-Jul-2026",10388,"",""
"1385","IOC","EQ",138.85,138.89,136.78,138.47,138.8,139.92,11902268,16426.19,"24-Jul-2026",73458,"",""
"1386","IOLCP","EQ",145,150.11,143.66,149.22,149.56,146.99,1441046,2122.76,"24-Jul-2026",22657,"",""
"1387","IONEXCHANG","EQ",411.1,426.55,408.45,425.1,425.8,415,405046,1700.08,"24-Jul-2026",17847,"",""
"1388","IPCALAB","EQ",1765,1788.9,1747,1762.7,1762,1771.2,79195,1398.49,"24-Jul-2026",9987,"",""
"1389","IPHL","SM",55,55,55,55,55,55.5,1200,0.66,"24-Jul-2026",1,"",""
"1390","IPL","EQ",148.73,150.98,146.41,149.98,150.98,150.22,123172,183.58,"24-Jul-2026",2540,"",""
"1391","IRB","EQ",19.45,19.7,19.28,19.61,19.66,19.48,6006254,1170.36,"24-Jul-2026",13987,"",""
"1392","IRBINVIT","IV",62.8,63.07,62.5,63.01,63,62.88,1045697,658.2,"24-Jul-2026",4215,"",""
"1393","IRCON","EQ",124.2,126.48,123.51,126.07,126.4,125.44,833685,1042.21,"24-Jul-2026",11215,"",""
"1394","IRCTC","EQ",492.3,495.75,488.8,495.05,495.25,494.05,498071,2451.12,"24-Jul-2026",23364,"",""
"1395","IREDA","EQ",118.61,120.75,117.42,120.48,120.2,119.58,4773314,5702.34,"24-Jul-2026",37054,"",""
"1396","IRFC","EQ",86.5,87.85,86.02,87.62,87.82,87.03,6225546,5418.11,"24-Jul-2026",41905,"",""
"1397","IRIS","EQ",235,245.9,230.1,244.5,242.2,236.5,42470,102.59,"24-Jul-2026",1062,"",""
"1398","IRISDOREME","EQ",46.55,48.9,46.1,47.83,47.93,46.83,268515,126.99,"24-Jul-2026",1893,"",""
"1399","IRMENERGY","EQ",253.9,258,251.9,254.55,253.35,255.15,35706,90.6,"24-Jul-2026",1099,"",""
"1400","ISFT","EQ",75.01,76.89,72.8,76.24,76,75.75,2025,1.52,"24-Jul-2026",115,"",""
"1401","ISGEC","EQ",850,864.75,844,855.6,857.5,854.75,17547,149.87,"24-Jul-2026",2663,"",""
"1402","ISHAN","SM",0.5,0.55,0.5,0.5,0.5,0.5,144000,0.74,"24-Jul-2026",3,"",""
"1403","ISHANCH","EQ",54.25,55.1,51.54,52.14,51.65,53.29,35106,18.51,"24-Jul-2026",245,"",""
"1404","IT","EQ",31.7,32.05,31.33,31.99,31.95,31.71,441347,139.71,"24-Jul-2026",988,"",""
"1405","ITADD","EQ",30.18,30.8,29.9,30.53,30.8,30.21,20570,6.21,"24-Jul-2026",116,"",""
"1406","ITALIANE","SM",33,33,31,33,33,33,12000,3.83,"24-Jul-2026",6,"",""
"1407","ITAXIS","EQ",316.03,317.99,311,316.49,311.47,315.31,263786,830.08,"24-Jul-2026",546,"",""
"1408","ITBEES","EQ",31.94,32.07,31.32,32,31.93,31.74,12232521,3882.61,"24-Jul-2026",16353,"",""
"1409","ITBETA","EQ",302.78,303.83,297.82,303.03,302.32,300.65,438,1.31,"24-Jul-2026",34,"",""
"1410","ITC","EQ",279.55,284.85,279.55,283.45,284,281.3,24954082,70611.87,"24-Jul-2026",313376,"",""
"1411","ITCHOTELS","EQ",160,160.79,158.4,159.92,160,161.93,2484261,3965.27,"24-Jul-2026",42556,"",""
"1412","ITDC","EQ",744.95,749.8,722.15,737.4,739.5,747.6,347330,2554.9,"24-Jul-2026",16708,"",""
"1413","ITETF","EQ",30.14,30.55,29.85,30.48,30.41,30.27,481731,146.06,"24-Jul-2026",720,"",""
"1414","ITI","EQ",276,276.9,272.05,275.15,276,277.6,176666,485.23,"24-Jul-2026",5851,"",""
"1415","ITIETF","EQ",31.5,32.04,31.31,31.97,31.95,31.75,523558,166.06,"24-Jul-2026",1428,"",""
"1416","IVALUE","EQ",282.15,292.6,274.05,287.7,286,279.8,264741,751.86,"24-Jul-2026",8257,"",""
"1417","IVC","EQ",8.26,8.29,8.16,8.23,8.22,8.26,141853,11.66,"24-Jul-2026",423,"",""
"1418","IVP","BE",154.05,155,148,151.02,152.95,154.52,10179,15.36,"24-Jul-2026",172,"",""
"1419","IVZINGOLD","EQ",123.15,124.25,122.75,124.05,124.05,124.9,489160,607.18,"24-Jul-2026",144,"",""
"1420","IVZINNIFTY","EQ",2731.4,2733,2710.5,2726.94,2731.8,2739.25,98,2.67,"24-Jul-2026",39,"",""
"1421","IWARE","ST",494,494,465.35,493.9,493.9,489.8,24600,116.98,"24-Jul-2026",39,"",""
"1422","IWP","EQ",32.6,32.83,31.3,32.36,32.07,33.5,9144,2.93,"24-Jul-2026",72,"",""
"1423","IXIGO","EQ",184.81,185.87,180.5,184.6,185,186.81,424728,778.72,"24-Jul-2026",8108,"",""
"1424","IZMO","EQ",1070,1124,1045.1,1104.5,1105,1077.6,96895,1056.16,"24-Jul-2026",7984,"",""
"1425","J&KBANK","EQ",172.9,174.99,170.12,172.57,172.7,173.41,2341658,4039.88,"24-Jul-2026",21443,"",""
"1426","JAGRAN","EQ",62,63.1,61.81,62.85,62.62,61.96,170241,106.32,"24-Jul-2026",2209,"",""
"1427","JAGSNPHARM","EQ",217.3,223.85,214.24,221.61,223.5,217.82,35039,76.29,"24-Jul-2026",1396,"",""
"1428","JAIBALAJI","BE",59.72,61.79,58.9,61.24,61.44,60.1,240263,144.51,"24-Jul-2026",951,"",""
"1429","JAICORPLTD","EQ",101,101.33,98.03,100.33,100.25,101.57,645063,645.85,"24-Jul-2026",5278,"",""
"1430","JAINIK","SM",173.05,183,170.7,174,175,178.1,24000,41.66,"24-Jul-2026",20,"",""
"1431","JAINREC","EQ",331.5,345.5,328.15,341,338.55,337.3,927914,3130.76,"24-Jul-2026",20742,"",""
"1432","JAIPURKURT","EQ",27.99,27.99,26.05,27.01,26.9,27.75,4064,1.09,"24-Jul-2026",83,"",""
"1433","JALAN","ST",1.65,1.65,1.65,1.65,1.65,1.7,9000,0.15,"24-Jul-2026",2,"",""
"1434","JAMNAAUTO","EQ",129.2,133.29,128.22,132.67,133.09,130.8,1657697,2165.06,"24-Jul-2026",17605,"",""
"1435","JARO","EQ",460.15,478.2,460.1,475.7,474.85,463.1,86394,408.19,"24-Jul-2026",3296,"",""
"1436","JASH","EQ",501.7,512.5,500,508,510,510.55,92362,467.75,"24-Jul-2026",5189,"",""
"1437","JAYAGROGN","EQ",220.6,227,220.6,222.32,222,224.73,4999,11.2,"24-Jul-2026",382,"",""
"1438","JAYBARMARU","EQ",151.69,164.6,151.69,161.36,162,159.67,1357381,2117.68,"24-Jul-2026",12201,"",""
"1439","JAYBEE","SM",88,88,87,88,88,88.95,3500,3.07,"24-Jul-2026",7,"",""
"1440","JAYESH","SM",129.05,129.05,129,129,129,130.7,3000,3.87,"24-Jul-2026",3,"",""
"1441","JAYKAY","EQ",167.99,167.99,161.3,165.16,164.4,163.42,50667,83.28,"24-Jul-2026",1325,"",""
"1442","JAYNECOIND","EQ",83.68,87.75,82.52,86.76,86.25,84.27,4545447,3884.23,"24-Jul-2026",24711,"",""
"1443","JAYSREETEA","EQ",81.65,81.65,79.5,80.68,80.32,80.68,16608,13.38,"24-Jul-2026",588,"",""
"1444","JBMA","EQ",652,658,642.9,656.05,657,659.1,225514,1465.66,"24-Jul-2026",11370,"",""
"1445","JETFREIGHT","EQ",23.18,23.18,22.24,22.88,22.61,23.19,265625,60.4,"24-Jul-2026",1159,"",""
"1446","JEYYAM","ST",25,26.2,25,26.2,26.2,25,12000,3.07,"24-Jul-2026",6,"",""
"1447","JFLLIFE","SM",11.35,11.35,11.3,11.35,11.35,10.85,132000,14.97,"24-Jul-2026",19,"",""
"1448","JGCHEM","EQ",475.05,511.95,467.4,505.35,504,476.45,431629,2147.75,"24-Jul-2026",15808,"",""
"1449","JHS","EQ",7.43,7.6,7.32,7.49,7.5,7.31,18572,1.39,"24-Jul-2026",96,"",""
"1450","JINDALPHOT","EQ",1055.1,1089,1043,1076.1,1089,1053.3,2499,26.51,"24-Jul-2026",484,"",""
"1451","JINDALPOLY","EQ",638,642.05,627.55,637.35,636,637.9,6544,41.54,"24-Jul-2026",838,"",""
"1452","JINDALSAW","EQ",259.2,260.45,253.1,255.35,254.5,260.95,1031851,2650.89,"24-Jul-2026",30111,"",""
"1453","JINDALSTEL","EQ",1032,1042.7,1021,1035.8,1040,1041.9,372876,3852.8,"24-Jul-2026",13379,"",""
"1454","JINDRILL","EQ",619.9,620,601,605.1,604.5,611.8,176640,1072.15,"24-Jul-2026",5881,"",""
"1455","JINDWORLD","EQ",34.89,39.71,33.34,37.83,38.39,34.04,74088630,27508.98,"24-Jul-2026",149012,"",""
"1456","JIOFIN","EQ",232,235.48,231.21,234.71,234.98,233.16,10217898,23835.94,"24-Jul-2026",72676,"",""
"1457","JISLDVREQS","EQ",21.3,22.35,20.6,21.28,21.25,21.13,22710,4.85,"24-Jul-2026",181,"",""
"1458","JISLJALEQS","EQ",29.47,30.55,29.16,30.37,30.2,29.47,1643469,493.06,"24-Jul-2026",6896,"",""
"1459","JITFINFRA","EQ",363,372.6,355,365.4,368.95,360.1,18565,67.42,"24-Jul-2026",705,"",""
"1460","JIWANRAM","SM",4.9,4.9,4.9,4.9,4.9,5.05,12000,0.59,"24-Jul-2026",2,"",""
"1461","JKCEMENT","EQ",5618,5671,5578,5649,5659,5668,29550,1665.51,"24-Jul-2026",8808,"",""
"1462","JKIL","EQ",491,492.2,480.75,485.65,490,492.45,69390,335.76,"24-Jul-2026",2726,"",""
"1463","JKIPL","BE",98.99,98.99,94.4,96.69,96.71,99.31,8194,7.92,"24-Jul-2026",79,"",""
"1464","JKLAKSHMI","EQ",570.55,577.6,564.3,572.5,574.7,573.55,65616,373.88,"24-Jul-2026",6086,"",""
"1465","JKPAPER","EQ",391.35,405.5,388.6,401.45,402,391.55,1060056,4219.49,"24-Jul-2026",24933,"",""
"1466","JKTYRE","EQ",382.95,391.85,379.05,390.6,390.5,386.85,576399,2225.22,"24-Jul-2026",13060,"",""
"1467","JLHL","EQ",313.9,327,306.3,323.2,325.7,1574.5,118808,378.89,"24-Jul-2026",5725,"",""
"1468","JMA","EQ",87,88.78,86.8,88.35,88.45,87.24,4085,3.59,"24-Jul-2026",86,"",""
"1469","JMFINANCIL","EQ",121.05,122.6,118.81,122.05,122.4,122.19,1845468,2227.02,"24-Jul-2026",17852,"",""
"1470","JNKINDIA","EQ",457,475.9,452.25,470.9,470.8,461.5,204648,946.89,"24-Jul-2026",5695,"",""
"1471","JOCIL","BE",144.08,148.8,143,147.9,147,144.08,1185,1.73,"24-Jul-2026",23,"",""
"1472","JPOLYINVST","EQ",1017.3,1040,1015,1029.1,1018,1017.3,8541,87.73,"24-Jul-2026",653,"",""
"1473","JPPOWER","EQ",16.9,17.06,16.75,16.95,17.04,17.06,34499622,5826.92,"24-Jul-2026",26445,"",""
"1474","JSFB","EQ",539.7,545,525,536.95,541.65,541.6,589753,3148.49,"24-Jul-2026",24325,"",""
"1475","JSL","EQ",731.9,731.9,712.65,714.25,714.7,735.85,313931,2253.73,"24-Jul-2026",14509,"",""
"1476","JSLL","EQ",559,560,544,554.8,559,559.8,503062,2776.01,"24-Jul-2026",13466,"",""
"1477","JSWCEMENT","EQ",132.86,133.28,129.88,132.12,132.6,133.84,1298867,1708.98,"24-Jul-2026",21367,"",""
"1478","JSWDULUX","EQ",2890,2955,2862,2943.9,2923,2918.4,7291,212.59,"24-Jul-2026",2601,"",""
"1479","JSWENERGY","EQ",552.1,554.5,546.1,551.65,550,557.35,1620670,8910.94,"24-Jul-2026",29020,"",""
"1480","JSWHL","EQ",10622,10964,10530,10865,10949,10655,2693,289.18,"24-Jul-2026",1259,"",""
"1481","JSWINFRA","EQ",320.2,325.2,316.55,322.7,323.8,324.5,2835528,9079.43,"24-Jul-2026",47158,"",""
"1482","JSWSTEEL","EQ",1238.6,1245,1228.1,1240.8,1241,1246.8,1083729,13396.82,"24-Jul-2026",36822,"",""
"1483","JTEKTINDIA","EQ",130.5,132.5,129.05,131.62,131.7,131.34,99286,130.34,"24-Jul-2026",1683,"",""
"1484","JTLIND","EQ",70.1,73.48,70.1,72.64,72.9,72.05,2186978,1575.45,"24-Jul-2026",10982,"",""
"1485","JUBLCPL","EQ",1851.9,1867.8,1820.1,1851.5,1842.1,1851.3,2807,51.8,"24-Jul-2026",717,"",""
"1486","JUBLFOOD","EQ",410,420,408.55,418.25,418.3,412.3,1545685,6416.86,"24-Jul-2026",27156,"",""
"1487","JUBLINGREA","EQ",745,745.05,723,725.55,725,745.05,373158,2730.64,"24-Jul-2026",19079,"",""
"1488","JUBLPHARMA","EQ",960.2,971.1,950.6,965.35,969,970.8,57028,549,"24-Jul-2026",5393,"",""
"1489","JUNIORBEES","EQ",775.98,778,766.52,776.3,776.52,776.24,314178,2428.71,"24-Jul-2026",8357,"",""
"1490","JUNIPER","EQ",195,195,190.81,193.07,193.69,194.86,56221,108.02,"24-Jul-2026",1985,"",""
"1491","JUSTDIAL","EQ",724.4,734,700.1,728.95,728,724.4,738916,5306.33,"24-Jul-2026",15487,"",""
"1492","JWL","EQ",243,247.85,241.8,246.55,247.25,245.65,477720,1170.81,"24-Jul-2026",12744,"",""
"1493","JYOTHYLAB","EQ",198.01,199.3,195.1,198.57,198.8,198.53,301251,595.12,"24-Jul-2026",12363,"",""
"1494","JYOTICNC","EQ",786.05,800,777,795.05,798.8,788.2,302127,2383.08,"24-Jul-2026",14377,"",""
"1495","JYOTIGLOBL","SM",36,36,36,36,36,35.6,2000,0.72,"24-Jul-2026",1,"",""
"1496","JYOTISTRUC","EQ",10.84,11.1,10.53,10.97,10.91,10.85,2962053,318.92,"24-Jul-2026",3346,"",""
"1497","K2INFRA","ST",55.3,58.95,55.1,58.7,58.95,58,28800,16.09,"24-Jul-2026",42,"",""
"1498","KABRAEXTRU","EQ",353,382.6,345.65,376.8,381.9,351.05,315343,1152.88,"24-Jul-2026",13072,"",""
"1499","KAJARIACER","EQ",1202,1221.6,1190,1214.9,1211,1209.6,130038,1572.87,"24-Jul-2026",15062,"",""
"1500","KAKATCEM","BE",123,123,120.5,121,121,122.17,1464,1.78,"24-Jul-2026",48,"",""
"1501","KALAMANDIR","EQ",88.56,88.64,86.25,88.43,88.6,88.56,494954,433.55,"24-Jul-2026",6915,"",""
"1502","KALANA","SM",19,19,17.95,18.15,17.95,19.9,40000,7.26,"24-Jul-2026",19,"",""
"1503","KALPATARU","EQ",270.55,270.55,265.15,266.35,265.2,270.55,70067,187.05,"24-Jul-2026",2456,"",""
"1504","KALYANIFRG","EQ",603.4,604,593,601.9,595.05,604.45,623,3.74,"24-Jul-2026",56,"",""
"1505","KALYANKJIL","EQ",585.55,588,569.5,573.55,572.45,585.6,11499577,66505.8,"24-Jul-2026",99169,"",""
"1506","KAMAHOLD","EQ",2535.7,2555,2512.1,2527.9,2523,2519.5,2037,51.5,"24-Jul-2026",536,"",""
"1507","KAMATHOTEL","EQ",169.62,170.19,167.41,169.11,168.1,169.64,8782,14.82,"24-Jul-2026",455,"",""
"1508","KAMDHENU","BE",34.97,36.5,34,36.14,35.7,34.97,1445290,510.11,"24-Jul-2026",1808,"",""
"1509","KAMOPAINTS","EQ",4.57,4.58,4.45,4.55,4.58,4.5,149843,6.77,"24-Jul-2026",455,"",""
"1510","KANANIIND","EQ",1.48,1.51,1.48,1.49,1.49,1.49,35030,0.53,"24-Jul-2026",112,"",""
"1511","KANCHI","BE",364,365,355.05,355.4,365,356.8,1237,4.51,"24-Jul-2026",15,"",""
"1512","KANDARP","SM",102,102,91.35,91.35,91.35,94.6,3000,2.89,"24-Jul-2026",3,"",""
"1513","KANORICHEM","BE",154.1,164.6,153,161.75,160,160.12,32309,51.28,"24-Jul-2026",344,"",""
"1514","KANPRPLA","EQ",213,241,204.83,221.25,220.99,210.52,531640,1215.73,"24-Jul-2026",14549,"",""
"1515","KANSAINER","EQ",194,194.27,191.07,193.19,194.1,194.22,250885,483.85,"24-Jul-2026",9489,"",""
"1516","KAPSTON","EQ",455,464.5,454.45,460.7,458,460.35,32196,148.64,"24-Jul-2026",1610,"",""
"1517","KARMAENG","EQ",38.8,38.8,37.1,38.18,38.73,37.6,901,0.34,"24-Jul-2026",31,"",""
"1518","KARNIKA","SM",114.15,114.15,111.8,112.95,111.8,115.75,28000,31.76,"24-Jul-2026",25,"",""
"1519","KARURVYSYA","EQ",334,340,331.3,338.9,338.95,336.9,3587695,12031.9,"24-Jul-2026",71731,"",""
"1520","KATARIA","SM",99,99,98,98.3,98,98.7,3600,3.54,"24-Jul-2026",5,"",""
"1521","KAUSHALYA","BE",888.9,898.9,860.35,895,895,889.5,174,1.54,"24-Jul-2026",26,"",""
"1522","KAVDEFENCE","EQ",57.4,57.4,55.25,57.06,57.27,56.95,56766,32.17,"24-Jul-2026",877,"",""
"1523","KAYA","EQ",266,284.8,258,282.63,281.8,264.99,94336,259.78,"24-Jul-2026",1837,"",""
"1524","KAYNES","EQ",3213,3236.1,3131,3176.2,3177,3240.3,887346,28086.15,"24-Jul-2026",64138,"",""
"1525","KAYTEX","SM",56,59.9,55.9,59,58.1,58.75,54400,32.03,"24-Jul-2026",10,"",""
"1526","KCEIL","ST",89.4,89.5,86.05,87.6,87,88.5,11500,10.08,"24-Jul-2026",20,"",""
"1527","KCK","SM",16.35,17.8,16.25,17.7,17.75,16.2,587500,102.08,"24-Jul-2026",167,"",""
"1528","KCP","EQ",162,164.64,161,162.64,163,163.19,47375,77.06,"24-Jul-2026",1572,"",""
"1529","KCPSUGIND","EQ",24.1,28.75,24.1,27.85,27.9,24.19,3946850,1079.46,"24-Jul-2026",17691,"",""
"1530","KDDL","EQ",3094,3159,3045,3135.2,3150.5,3094.9,14325,445.77,"24-Jul-2026",3196,"",""
"1531","KDL","SM",113,118.9,112,118.15,117,113.25,24000,27.88,"24-Jul-2026",103,"",""
"1532","KEC","EQ",469.2,477.7,462.4,469.9,469.45,472.95,819658,3848.47,"24-Jul-2026",21472,"",""
"1533","KECL","BE",126.53,126.53,121.1,124.85,125.6,125.91,40747,50.53,"24-Jul-2026",319,"",""
"1534","KEEPLEARN","EQ",1.85,1.88,1.76,1.85,1.87,1.89,9483,0.18,"24-Jul-2026",63,"",""
"1535","KEI","EQ",4897,4900,4792,4868,4870.5,4897.5,127284,6174.47,"24-Jul-2026",14243,"",""
"1536","KEL","SM",81.45,81.45,81.45,81.45,81.45,81.5,1200,0.98,"24-Jul-2026",1,"",""
"1537","KELLTONTEC","EQ",14.43,14.47,14.01,14.09,14.14,14.37,2222911,314.95,"24-Jul-2026",4349,"",""
"1538","KEN","SM",35.8,35.8,34.3,35,35,36.45,8400,2.96,"24-Jul-2026",5,"",""
"1539","KENNAMET","EQ",2712.7,2798.8,2712.4,2782.9,2781,2773.8,6177,170.76,"24-Jul-2026",1169,"",""
"1540","KERNEX","EQ",2178,2215.9,2129,2205.2,2207.9,2220.5,97918,2135.52,"24-Jul-2026",7244,"",""
"1541","KESORAMIND","BE",11.72,11.72,11.72,11.72,11.72,11.95,93757,10.99,"24-Jul-2026",167,"",""
"1542","KEYFINSERV","EQ",262.9,262.9,246.51,253.89,253.24,256.32,1018,2.58,"24-Jul-2026",79,"",""
"1543","KFINTECH","EQ",868,872.2,855.6,857.75,859,868.25,749479,6464.64,"24-Jul-2026",24818,"",""
"1544","KHADIM","BE",92.55,95.45,92.55,94.13,94.25,93.4,12146,11.43,"24-Jul-2026",145,"",""
"1545","KHAICHEM","BE",48.89,48.89,46.66,47.95,47.9,48.89,59586,28.57,"24-Jul-2026",350,"",""
"1546","KHAITANLTD","BE",128.55,132.5,128.55,128.83,132.5,130.44,207,0.27,"24-Jul-2026",4,"",""
"1547","KHANDSE","EQ",17.4,17.9,16.91,17.83,17.88,17.61,253,0.05,"24-Jul-2026",17,"",""
"1548","KHFM","SM",44.1,46.65,44,44.7,46.65,46.7,6200,2.77,"24-Jul-2026",4,"",""
"1549","KICL","EQ",5355.5,5384.5,5288.5,5298,5290,5365,1197,63.72,"24-Jul-2026",238,"",""
"1550","KILITCH","BE",174.21,180.99,170.1,180.01,179.31,174.21,18428,32.79,"24-Jul-2026",172,"",""
"1551","KIMS","EQ",780,799.9,779.05,797.85,795,781.55,792395,6233.3,"24-Jul-2026",26428,"",""
"1552","KINGFA","EQ",5025,5250,4983,5212,5225,5025,10477,541.09,"24-Jul-2026",2348,"",""
"1553","KIOCL","EQ",348,350.85,341.25,348.75,348,351.15,62924,218.1,"24-Jul-2026",3405,"",""
"1554","KIRANVYPAR","EQ",199.7,202,196.25,200.32,200,199.7,3343,6.73,"24-Jul-2026",105,"",""
"1555","KIRIINDUS","EQ",407,409.8,398.2,405.55,405.95,411.05,141246,569.95,"24-Jul-2026",3600,"",""
"1556","KIRLFER","EQ",462.35,476,457.05,470.65,470,464.7,95458,447.2,"24-Jul-2026",6719,"",""
"1557","KIRLOSBROS","EQ",1835,1844.9,1795.1,1836.1,1840.9,1847.6,47527,864.66,"24-Jul-2026",5785,"",""
"1558","KIRLOSENG","EQ",2174.9,2211,2132.4,2182.5,2196,2179,212143,4589.56,"24-Jul-2026",16100,"",""
"1559","KIRLOSIND","EQ",3700,3805.5,3700,3787.7,3751,3737.3,9238,346.04,"24-Jul-2026",1835,"",""
"1560","KIRLPNU","EQ",1494.8,1523.3,1464.4,1497.1,1493.9,1517.6,885456,13147.19,"24-Jul-2026",80171,"",""
"1561","KISSHT","EQ",342.15,350.5,334.3,340.15,340.6,345.95,1265697,4317.22,"24-Jul-2026",23238,"",""
"1562","KITEX","EQ",143,147.95,142.85,147.04,146.89,144.19,342753,498.41,"24-Jul-2026",5031,"",""
"1563","KKCL","EQ",498.3,507.9,497,502.3,506,500.85,35688,179.43,"24-Jul-2026",1264,"",""
"1564","KKJEWELS","SM",105.2,114.75,104,104.05,104,111,61000,67.27,"24-Jul-2026",52,"",""
"1565","KKVAPOW","SM",499.35,499.35,499.35,499.35,499.35,499.35,171,0.85,"24-Jul-2026",1,"",""
"1566","KLBRENG-B","EQ",440.35,442.5,435,439.5,439.65,437.8,16406,71.95,"24-Jul-2026",1228,"",""
"1567","KLL","SM",28.75,29.25,28.05,29.1,28.7,29.2,8800,2.52,"24-Jul-2026",7,"",""
"1568","KMEW","EQ",2311,2468,2310.4,2430.3,2450,2341.6,73439,1755.93,"24-Jul-2026",10541,"",""
"1569","KMSUGAR","EQ",27.8,27.98,27,27.66,27.77,27.88,77377,21.25,"24-Jul-2026",988,"",""
"1570","KNACK","EQ",190.99,195.9,189.01,194.88,194,193.13,1207259,2325.91,"24-Jul-2026",11689,"",""
"1571","KNAGRI","EQ",212.7,214.89,206.9,213.64,213.5,207.76,6554,13.91,"24-Jul-2026",183,"",""
"1572","KNRCON","EQ",119,121.89,117.72,121.22,121.78,119.28,605172,726.07,"24-Jul-2026",9311,"",""
"1573","KODYTECH","SM",1185,1233,1160,1223,1233,1188.5,12900,153.98,"24-Jul-2026",88,"",""
"1574","KOHINOOR","EQ",22.56,23.2,22.32,22.92,23.09,22.56,77468,17.63,"24-Jul-2026",2124,"",""
"1575","KOKUYOCMLN","EQ",84.93,85,82.3,83.87,83.5,84.25,15456,12.91,"24-Jul-2026",291,"",""
"1576","KOLTEPATIL","EQ",388,395,384.25,391.25,390,388.3,119088,466.01,"24-Jul-2026",3623,"",""
"1577","KONSTELEC","ST",61.1,64.35,61,64.35,64.35,61.3,15000,9.5,"24-Jul-2026",13,"",""
"1578","KOPRAN","BE",198.5,199.9,195,198.74,199.7,197.78,72339,142.87,"24-Jul-2026",411,"",""
"1579","KORE","SM",160,170,160,167.5,165,163.95,1000,1.64,"24-Jul-2026",4,"",""
"1580","KOTAKBANK","EQ",378.6,386.5,378.6,384.75,384.6,383.35,13308317,51073.03,"24-Jul-2026",130244,"",""
"1581","KOTARISUG","EQ",24.9,24.9,24.15,24.45,24.44,24.68,45876,11.26,"24-Jul-2026",230,"",""
"1582","KOTHARIPET","EQ",132.2,134.65,130,131.82,131.65,133.71,43007,56.76,"24-Jul-2026",1119,"",""
"1583","KOTHARIPRO","EQ",70,70,65.6,68.08,68.45,67.73,6039,4.04,"24-Jul-2026",163,"",""
"1584","KOTIC","EQ",155.5,165.4,155.5,163,165.4,164.19,5480,8.86,"24-Jul-2026",382,"",""
"1585","KOTYARK","BE",33.34,33.57,31.45,31.82,31.9,33.1,170874,54.64,"24-Jul-2026",500,"",""
"1586","KOVAI","EQ",5755,5890,5700.5,5845,5890,5750.5,2149,124.25,"24-Jul-2026",557,"",""
"1587","KPEL","EQ",302,306.35,298.1,302.8,301,304.15,232177,698.66,"24-Jul-2026",5274,"",""
"1588","KPIGREEN","EQ",385.5,395,382.65,390.2,392.5,390.3,482779,1878.83,"24-Jul-2026",15036,"",""
"1589","KPIL","EQ",1289.5,1309.4,1273.1,1299.9,1299,1297.9,131284,1697.57,"24-Jul-2026",14456,"",""
"1590","KPITTECH","EQ",547.05,587,546.15,583.2,583.3,550.9,9475364,54544.86,"24-Jul-2026",115660,"",""
"1591","KPL","EQ",2671.9,2820,2664,2781.7,2790,2672.3,45996,1270.33,"24-Jul-2026",8576,"",""
"1592","KPRMILL","EQ",1034.4,1066.1,1015,1061.5,1061.4,1033.4,458555,4769.33,"24-Jul-2026",35719,"",""
"1593","KRBL","EQ",341,351.85,339.5,350.75,351.5,343.85,204492,708.18,"24-Jul-2026",6423,"",""
"1594","KREBSBIO","EQ",52.99,53.22,50.81,51.9,53.22,52.6,2932,1.53,"24-Jul-2026",76,"",""
"1595","KRIDHANINF","BE",2.47,2.48,2.35,2.44,2.45,2.47,24232,0.58,"24-Jul-2026",50,"",""
"1596","KRISHANA","EQ",153.5,163.95,149.6,162.05,161.45,155.75,3503242,5548.68,"24-Jul-2026",21480,"",""
"1597","KRISHCA","SM",172,172,166.15,170,170,170.65,6500,10.97,"24-Jul-2026",12,"",""
"1598","KRISHIVAL","EQ",400,400,386.25,387.55,386.3,391.15,1184,4.61,"24-Jul-2026",118,"",""
"1599","KRISHNADEF","EQ",1296.2,1325,1271.9,1316.8,1320,1309.3,70677,917,"24-Jul-2026",6237,"",""
"1600","KRITI","BE",65.05,66,63.55,64.25,65.5,64.23,4141,2.68,"24-Jul-2026",56,"",""
"1601","KRITIKA","EQ",5.52,5.65,5.4,5.47,5.5,5.53,122730,6.7,"24-Jul-2026",378,"",""
"1602","KRITINUT","BE",76,76,74,75.21,75,76.13,4297,3.23,"24-Jul-2026",81,"",""
"1603","KRMAYURVED","ST",248.5,259,246.05,255.3,255.1,249.05,59000,149.53,"24-Jul-2026",41,"",""
"1604","KRN","BE",1200.1,1239.9,1200,1233.9,1230.2,1229.1,66867,813.76,"24-Jul-2026",4471,"",""
"1605","KRONOX","EQ",152.41,155.88,148,154.39,154.26,152.41,86661,131.77,"24-Jul-2026",1829,"",""
"1606","KROSS","EQ",203,207.5,200.68,206.13,207.5,205.2,481606,981.78,"24-Jul-2026",8332,"",""
"1607","KRSNAA","EQ",544,550.35,525.85,544.8,550,536.4,118998,641.49,"24-Jul-2026",7133,"",""
"1608","KRT","RR",116.5,116.98,116.05,116.69,116.97,116.26,200297,233.2,"24-Jul-2026",3413,"",""
"1609","KRYSTAL","EQ",602.55,602.7,600.05,601.4,600.2,600.6,10594,63.66,"24-Jul-2026",258,"",""
"1610","KSB","EQ",865,875,840.1,866.05,875,870.25,65587,565.33,"24-Jul-2026",8945,"",""
"1611","KSCL","EQ",828.8,838.9,819.05,835.5,838.9,828.8,34869,289.05,"24-Jul-2026",3391,"",""
"1612","KSHINTL","EQ",855.05,895,853.15,888.45,893,867.75,144915,1267.25,"24-Jul-2026",8694,"",""
"1613","KSHITIJPOL","BE",2.86,2.86,2.86,2.86,2.86,2.73,971238,27.78,"24-Jul-2026",321,"",""
"1614","KSL","EQ",880,899.4,867.6,892.95,890,888.6,14327,126.6,"24-Jul-2026",1948,"",""
"1615","KSOLVES","EQ",285.1,285.2,273.05,280.9,280.1,280.7,67468,187.88,"24-Jul-2026",2583,"",""
"1616","KSR","EQ",29.4,29.8,28.2,29.52,29.8,28.72,8224,2.39,"24-Jul-2026",63,"",""
"1617","KTKBANK","EQ",278.6,282.4,274.2,279.7,279.9,281.8,1964088,5475.54,"24-Jul-2026",19979,"",""
"1618","KUANTUM","EQ",79.7,80.19,76.99,77.36,77.25,79.68,93014,72.6,"24-Jul-2026",1429,"",""
"1619","KUSUMGAR","EQ",602.3,613.3,588.75,601.35,601.95,608.25,735445,4419.14,"24-Jul-2026",20076,"",""
"1620","KWIL","EQ",31.6,32.18,31.05,32,32.18,31.75,5210851,1647.37,"24-Jul-2026",14063,"",""
"1621","LAGNAM","EQ",89.35,92,86.51,90.31,90.4,89.59,13259,11.88,"24-Jul-2026",196,"",""
"1622","LAHOTIOV","EQ",43.98,43.98,43.95,43.95,43.95,42.34,14,0.01,"24-Jul-2026",4,"",""
"1623","LAKPRE","BZ",5.1,5.1,5.05,5.05,5.05,5.07,121,0.01,"24-Jul-2026",3,"",""
"1624","LAKSHYA","ST",96.2,97.5,95,95.75,95.55,99.5,6400,6.13,"24-Jul-2026",7,"",""
"1625","LAL","EQ",8.74,8.89,8.3,8.38,8.59,8.74,16361,1.39,"24-Jul-2026",181,"",""
"1626","LALPATHLAB","EQ",1670.2,1791.4,1650.9,1759.2,1775,1687.1,1445810,24778.95,"24-Jul-2026",133399,"",""
"1627","LAMBODHARA","EQ",112.5,113.02,110.61,112.27,113,112.96,4770,5.34,"24-Jul-2026",158,"",""
"1628","LAMOSAIC","ST",45.3,48.6,45.05,48.3,47,46.55,69000,33.08,"24-Jul-2026",43,"",""
"1629","LANCORHOL","EQ",23.75,26.59,23.73,25.81,25.6,24.18,199891,51.02,"24-Jul-2026",1119,"",""
"1630","LANDMARK","EQ",500.15,522,487.1,512.8,522,505.85,244103,1224.13,"24-Jul-2026",9663,"",""
"1631","LANDSMILL","EQ",0.75,0.77,0.75,0.75,0.76,0.75,1072049,8.09,"24-Jul-2026",547,"",""
"1632","LAOPALA","EQ",185.1,187.49,181.55,184.35,183.5,187.52,121977,224.46,"24-Jul-2026",3756,"",""
"1633","LASA","EQ",7.02,7.25,6.75,6.94,6.97,7.1,162692,11.21,"24-Jul-2026",267,"",""
"1634","LASERPOWER","EQ",277.4,307.52,272.52,307.52,307.52,279.57,6556933,19286.1,"24-Jul-2026",58092,"",""
"1635","LATENTVIEW","EQ",292.6,297,289.3,296.05,296.4,293.9,227178,668.13,"24-Jul-2026",7337,"",""
"1636","LATTEYS","BE",20.3,20.69,19.82,20.4,20.11,19.93,11423,2.32,"24-Jul-2026",81,"",""
"1637","LAURUSLABS","EQ",1560,1610,1554.9,1601.2,1609,1568.3,2647403,42005.07,"24-Jul-2026",72133,"",""
"1638","LAXMICOT","EQ",14.46,14.46,14.02,14.12,14.1,14.46,2474,0.35,"24-Jul-2026",48,"",""
"1639","LAXMIDENTL","EQ",212.1,219.05,211,216.44,216.1,215.27,97347,208.4,"24-Jul-2026",2642,"",""
"1640","LAXMIINDIA","BE",127.2,129.99,122.91,129.12,129,129.37,95575,119.66,"24-Jul-2026",808,"",""
"1641","LCCINFOTEC","EQ",4.73,4.73,4.33,4.38,4.38,4.55,51278,2.23,"24-Jul-2026",114,"",""
"1642","LEMERITE","EQ",20.3,21.08,20.06,20.5,20.65,20.18,594209,121.7,"24-Jul-2026",1273,"",""
"1643","LEMONTREE","EQ",109.45,110.44,107.61,109.36,109.89,110.04,2400874,2607.33,"24-Jul-2026",41888,"",""
"1644","LENSKART","EQ",548.8,559.75,545.3,555.9,553.3,557.4,2426138,13492.62,"24-Jul-2026",60934,"",""
"1645","LEXUS","EQ",14.85,15.4,14.47,15.13,15.1,15.01,11135,1.67,"24-Jul-2026",90,"",""
"1646","LFIC","EQ",144.98,144.98,140,143.3,141,144.99,1220,1.73,"24-Jul-2026",44,"",""
"1647","LGBBROSLTD","EQ",1540.8,1553,1506.5,1540.4,1553,1540.8,16520,252.41,"24-Jul-2026",2335,"",""
"1648","LGEINDIA","EQ",1520,1537.7,1510.1,1527.2,1531,1528.6,203768,3104.14,"24-Jul-2026",12579,"",""
"1649","LGHL","EQ",224.85,224.9,200.9,203.91,209,206.24,38600,80.35,"24-Jul-2026",1067,"",""
"1650","LIBAS","EQ",10.35,10.45,9.97,10.04,10.02,10.35,37048,3.72,"24-Jul-2026",175,"",""
"1651","LIBERTSHOE","EQ",261.95,261.95,252,258.25,259.45,257.4,33450,85.85,"24-Jul-2026",1712,"",""
"1652","LICHSGFIN","EQ",530.15,542.15,529.25,538.95,540,533.7,516519,2772.41,"24-Jul-2026",14693,"",""
"1653","LICI","EQ",421.4,424,416.6,421.3,421.8,421.4,862880,3627.43,"24-Jul-2026",15427,"",""
"1654","LICMFGOLD","EQ",129.7,129.7,127.05,128.7,128.4,129.5,91049,116.6,"24-Jul-2026",534,"",""
"1655","LICNETFGSC","EQ",29.3,29.45,29.3,29.36,29.36,29.41,12021,3.53,"24-Jul-2026",65,"",""
"1656","LICNETFN50","EQ",266.55,267.46,265.21,266.3,267.46,267.23,238,0.63,"24-Jul-2026",23,"",""
"1657","LICNETFSEN","EQ",857.42,862.3,855,862.07,862.3,876.24,562,4.82,"24-Jul-2026",27,"",""
"1658","LICNFNHGP","EQ",271.84,273.4,271.24,273.4,273.4,273.8,208,0.57,"24-Jul-2026",10,"",""
"1659","LICNMID100","EQ",61.38,62.23,61.3,62.07,62,62.01,59777,36.88,"24-Jul-2026",91,"",""
"1660","LIKHITHA","EQ",222.2,230,222.2,226.6,230,231.2,22042,49.84,"24-Jul-2026",988,"",""
"1661","LINC","EQ",103.31,103.31,100.8,102.67,102.99,103.31,7563,7.71,"24-Jul-2026",485,"",""
"1662","LINCOLN","EQ",584.9,590.35,574.55,580,585,587.3,12329,71.48,"24-Jul-2026",842,"",""
"1663","LINDEINDIA","EQ",6677.5,6813.5,6651.5,6731,6702,6709.5,19371,1303.69,"24-Jul-2026",5639,"",""
"1664","LIQGRWBEES","EQ",1049.04,1049.06,1049.04,1049.05,1049.06,1048.66,54646,573.27,"24-Jul-2026",257,"",""
"1665","LIQUID","EQ",999.99,1000,999.99,999.99,999.99,999.99,114699,1146.98,"24-Jul-2026",140,"",""
"1666","LIQUID1","EQ",1114.7,1115.22,1114.54,1115.2,1115.22,1114.75,1111009,12390.07,"24-Jul-2026",780,"",""
"1667","LIQUIDADD","EQ",1137.35,1137.37,1137.34,1137.35,1137.36,1136.9,743893,8460.7,"24-Jul-2026",731,"",""
"1668","LIQUIDBEES","EQ",1000,1000.01,999.99,999.99,999.99,999.99,4338278,43382.58,"24-Jul-2026",4568,"",""
"1669","LIQUIDBETA","EQ",1001.57,1001.58,1001.57,1001.57,1001.57,1001.18,1697,17,"24-Jul-2026",4,"",""
"1670","LIQUIDBETF","EQ",1091.81,1091.82,1091.8,1091.81,1091.82,1091.38,329598,3598.59,"24-Jul-2026",113,"",""
"1671","LIQUIDCASE","EQ",115.16,115.18,115.16,115.17,115.17,115.13,15621206,17991.36,"24-Jul-2026",13529,"",""
"1672","LIQUIDETF","EQ",1000,1000.01,999.99,1000,1000.01,999.99,93255,932.55,"24-Jul-2026",215,"",""
"1673","LIQUIDIETF","EQ",999.99,1000.01,999.99,999.99,1000,999.99,173380,1733.8,"24-Jul-2026",352,"",""
"1674","LIQUIDPLUS","EQ",1096.02,1096.04,1096.02,1096.02,1096.04,1095.59,446363,4892.27,"24-Jul-2026",322,"",""
"1675","LIQUIDSBI","EQ",999.99,1000.01,999.99,1000,1000,1000,2264,22.64,"24-Jul-2026",25,"",""
"1676","LIQUIDSHRI","EQ",1114.54,1114.55,1114.54,1114.54,1114.54,1114.14,24052,268.07,"24-Jul-2026",41,"",""
"1677","LLOYDS","ST",69.55,70.5,69.55,70.5,70.5,71,3000,2.11,"24-Jul-2026",3,"",""
"1678","LLOYDSENGG","EQ",87,88.9,84.88,88.42,88.24,87.36,6572695,5716.37,"24-Jul-2026",24286,"",""
"1679","LLOYDSENT","EQ",77.01,78.45,75.7,78.04,78.3,77.98,2984293,2300.84,"24-Jul-2026",13188,"",""
"1680","LLOYDSME","EQ",1920,1950,1875.1,1940.5,1932.6,1930.6,548561,10545.5,"24-Jul-2026",27757,"",""
"1681","LMW","EQ",15859,17699,15600,15763,15600,15934,30751,5044.32,"24-Jul-2026",10155,"",""
"1682","LODHA","EQ",1137,1166.3,1124,1144.1,1143.9,1146.4,1446063,16564.62,"24-Jul-2026",39098,"",""
"1683","LOKESHMACH","BE",339.75,339.75,338.95,339,339,339.75,9365,31.77,"24-Jul-2026",88,"",""
"1684","LORDSCHLO","EQ",148,152,144,149.05,149.6,145.07,38825,57.79,"24-Jul-2026",1606,"",""
"1685","LOTUSDEV","EQ",175,180.9,174.5,180.39,180.26,173.57,13259101,23733.47,"24-Jul-2026",44616,"",""
"1686","LOTUSEYE","EQ",119.54,121.98,117.01,119.06,118.6,118.36,64806,77.29,"24-Jul-2026",500,"",""
"1687","LOVABLE","EQ",72.13,72.88,70.53,71.96,72.01,71.93,9826,7.06,"24-Jul-2026",267,"",""
"1688","LOWVOL","EQ",205.21,206.36,205.21,205.73,205.73,206.32,444,0.91,"24-Jul-2026",8,"",""
"1689","LOWVOL1","EQ",20.95,21.13,20.83,20.95,20.83,21.11,1004891,211.25,"24-Jul-2026",195,"",""
"1690","LOWVOLIETF","EQ",22.08,22.15,21.89,22.08,22.1,22.1,1781256,393.48,"24-Jul-2026",952,"",""
"1691","LOYALTEX","EQ",225,225,204.7,205.05,205,207.06,158,0.34,"24-Jul-2026",24,"",""
"1692","LPDC","EQ",6.11,6.35,6,6.1,6.06,6.18,86801,5.27,"24-Jul-2026",322,"",""
"1693","LRRPL","SM",91.95,91.95,86.05,86.05,86.05,86.05,7500,6.65,"24-Jul-2026",5,"",""
"1694","LT","EQ",3751,3805,3720,3785.6,3787.9,3792.4,1994087,75052.28,"24-Jul-2026",135397,"",""
"1695","LTF","EQ",303,304.8,297.15,302.4,302.5,305.05,2838253,8545.77,"24-Jul-2026",40257,"",""
"1696","LTFOODS","EQ",370.2,377.05,369.4,375.6,376,373.25,220480,822.41,"24-Jul-2026",11508,"",""
"1697","LTGILTBEES","EQ",29.88,29.9,29.8,29.86,29.84,29.84,2450631,731.47,"24-Jul-2026",769,"",""
"1698","LTGILTCASE","EQ",30.55,30.55,30.28,30.45,30.46,30.45,34187,10.39,"24-Jul-2026",159,"",""
"1699","LTM","EQ",3945.5,4102.4,3937,4091.8,4081,3965.3,367416,14859.91,"24-Jul-2026",29480,"",""
"1700","LTTS","EQ",3365,3448,3337.5,3418.1,3418.5,3375.3,84347,2869.7,"24-Jul-2026",12420,"",""
"1701","LUMAXIND","EQ",5093.5,5150,5020.5,5142,5150,5093.5,12385,630.55,"24-Jul-2026",1881,"",""
"1702","LUMAXTECH","EQ",1462.5,1472.5,1430,1465.8,1462.2,1474.5,80809,1172.29,"24-Jul-2026",11295,"",""
"1703","LUPIN","EQ",2360,2388.4,2340,2370.5,2371,2396.3,725528,17163.55,"24-Jul-2026",64176,"",""
"1704","LUXIND","EQ",1215,1233,1205.1,1226.6,1228.8,1229.6,14548,176.98,"24-Jul-2026",1485,"",""
"1705","LXCHEM","EQ",180.06,186.6,178.22,182.28,182.7,182.98,1572439,2866.58,"24-Jul-2026",21156,"",""
"1706","LYKALABS","BE",60.52,63.99,60.52,62.53,62.62,62.89,4892,3.07,"24-Jul-2026",59,"",""
"1707","M&M","EQ",3215.3,3217,3135.1,3161.4,3165,3229.7,2135688,67490.97,"24-Jul-2026",138788,"",""
"1708","M&MFIN","EQ",365,368,355.55,356.5,358.35,370.35,4252062,15353.8,"24-Jul-2026",54289,"",""
"1709","MAANALU","EQ",113,116,112,114.86,114.55,113.99,31311,35.61,"24-Jul-2026",899,"",""
"1710","MACOBSTECH","SM",210,212,207.1,207.1,207.1,210,19200,40.33,"24-Jul-2026",12,"",""
"1711","MACPOWER","EQ",1353.2,1384.6,1317.9,1344.5,1332,1353.2,12213,164.93,"24-Jul-2026",1900,"",""
"1712","MADHAV","EQ",34.06,34.06,32.1,33.79,33.01,34.06,13892,4.61,"24-Jul-2026",338,"",""
"1713","MADHAVBAUG","ST",200.1,202,200,202,202,206.35,1200,2.41,"24-Jul-2026",3,"",""
"1714","MADHAVIPL","EQ",8.05,8.18,7.69,7.85,7.76,7.99,115513,9.1,"24-Jul-2026",394,"",""
"1715","MADHUCON","BE",5.17,5.34,5.01,5.31,5.31,5.15,12934,0.67,"24-Jul-2026",57,"",""
"1716","MADHUSUDAN","ST",232.25,241.75,229.1,233,233,236.3,60000,141.65,"24-Jul-2026",48,"",""
"1717","MADRASFERT","EQ",66.01,67.5,65.6,66.35,66.7,66.63,37915,25.15,"24-Jul-2026",725,"",""
"1718","MAFANG","EQ",196.15,196.15,195.16,196.13,196,197.77,227679,446.54,"24-Jul-2026",7082,"",""
"1719","MAFATIND","EQ",130.55,134.69,130.5,132.9,132,132.36,49727,65.79,"24-Jul-2026",800,"",""
"1720","MAGADSUGAR","EQ",494.1,498.9,487.55,493.85,494,495.85,2754,13.59,"24-Jul-2026",271,"",""
"1721","MAGNUM","EQ",19.08,20.2,18.52,19.42,19.21,19.08,89282,17.38,"24-Jul-2026",169,"",""
"1722","MAGSON","SM",187,187,180,180,180,183.95,4000,7.32,"24-Jul-2026",4,"",""
"1723","MAHABANK","EQ",78.1,81.49,78.02,81.03,80.5,78.48,18251458,14640.88,"24-Jul-2026",51807,"",""
"1724","MAHAPEXLTD","EQ",44.26,44.5,42,43.53,43.69,44.02,7751,3.35,"24-Jul-2026",136,"",""
"1725","MAHASTEEL","EQ",770.95,799.95,718.25,757.35,749.4,781.6,6046,46.6,"24-Jul-2026",438,"",""
"1726","MAHEPC","EQ",105.9,107.09,103.51,105.38,105.89,104.69,43999,46.27,"24-Jul-2026",803,"",""
"1727","MAHESHWARI","BE",71.26,73.36,71.01,73.15,73.15,73,11905,8.67,"24-Jul-2026",35,"",""
"1728","MAHKTECH","EQ",23.16,23.16,23.16,23.16,23.16,23.31,166114,38.47,"24-Jul-2026",1867,"",""
"1729","MAHLIFE","EQ",377.5,381.85,364,374.65,375,377.5,560925,2092.62,"24-Jul-2026",23773,"",""
"1730","MAHLOG","EQ",393.85,428.65,390.1,416.35,416,391.85,1696338,7062.88,"24-Jul-2026",40010,"",""
"1731","MAHSCOOTER","EQ",12561,12795,12407,12672,12775,12575,1418,178.37,"24-Jul-2026",725,"",""
"1732","MAHSEAMLES","EQ",561.7,573.9,557.2,571.55,573.4,565.1,46882,266.11,"24-Jul-2026",5132,"",""
"1733","MAITHANALL","EQ",965,980,956.6,959.3,964.8,969,43318,417.19,"24-Jul-2026",3066,"",""
"1734","MAJESAUT","EQ",428.8,428.8,410,422.8,425,429.45,16463,68.73,"24-Jul-2026",1148,"",""
"1735","MAKEINDIA","EQ",160.82,162.5,160.01,161.52,161.55,162.06,20574,33.15,"24-Jul-2026",408,"",""
"1736","MALLCOM","EQ",980,1058,980,1038.9,1032,1001.6,3833,38.75,"24-Jul-2026",448,"",""
"1737","MALUPAPER","EQ",34.99,38.8,34.51,35.68,35.99,34.93,299384,110.05,"24-Jul-2026",3343,"",""
"1738","MAMATA","EQ",393.25,398.45,393,395.45,396.45,397.15,46859,185.65,"24-Jul-2026",1268,"",""
"1739","MANAKALUCO","EQ",34.99,35.8,34.33,35.23,35.1,35.73,34625,12.22,"24-Jul-2026",719,"",""
"1740","MANAKCOAT","EQ",125.82,127.63,123.4,126.02,125.7,125.82,326266,411.44,"24-Jul-2026",3263,"",""
"1741","MANAKSIA","EQ",56.61,56.61,55.15,55.82,55.4,56.33,18168,10.11,"24-Jul-2026",319,"",""
"1742","MANAKSTEEL","BE",72.49,72.7,67.61,70.72,71.92,71.07,36251,25.39,"24-Jul-2026",244,"",""
"1743","MANALIPETC","EQ",64.8,66.99,64.5,66.77,66.7,64.8,963190,638.19,"24-Jul-2026",6536,"",""
"1744","MANAPPURAM","EQ",346.45,354.2,343.55,352.95,353.45,352.45,3371207,11801.32,"24-Jul-2026",48289,"",""
"1745","MANAV","SM",29.85,29.85,29.85,29.85,29.85,31.4,8000,2.39,"24-Jul-2026",2,"",""
"1746","MANBA","EQ",137.41,139.04,137,138.21,137.76,137.09,188188,260.2,"24-Jul-2026",1422,"",""
"1747","MANCREDIT","EQ",215.9,218.11,209.49,215.03,214.15,215.68,178401,383.88,"24-Jul-2026",2014,"",""
"1748","MANDEEP","SM",18.2,19.95,18.2,19.95,19.95,19.15,6000,1.13,"24-Jul-2026",3,"",""
"1749","MANGALAM","EQ",27.17,27.67,26.4,27.22,27.1,27.17,12092,3.28,"24-Jul-2026",121,"",""
"1750","MANGLMCEM","EQ",950.25,986.2,950.25,984.05,985,982.65,68805,673,"24-Jul-2026",1519,"",""
"1751","MANINDS","EQ",529.5,534.7,515.85,527.35,526.55,533.3,182399,959.78,"24-Jul-2026",6768,"",""
"1752","MANINFRA","EQ",97,97.75,95.52,96.68,97.45,97.68,758346,735.01,"24-Jul-2026",4211,"",""
"1753","MANKIND","EQ",2548,2554.8,2501.3,2507.2,2512,2557.4,186027,4689.45,"24-Jul-2026",15864,"",""
"1754","MANOMAY","EQ",203,204,197.11,202.68,200,203.55,225729,457.51,"24-Jul-2026",1173,"",""
"1755","MANORAMA","EQ",1579.9,1600.1,1567.3,1585.5,1581.8,1579.9,67923,1076.75,"24-Jul-2026",7291,"",""
"1756","MANORG","BE",528.65,530,513.05,523.6,520,528.65,6318,33.13,"24-Jul-2026",92,"",""
"1757","MANUFGBEES","EQ",161.74,161.74,158.04,159.47,159.58,160.14,2505,3.99,"24-Jul-2026",81,"",""
"1758","MANUGRAPH","BE",13.86,14.39,13.17,13.51,13.75,13.86,38678,5.12,"24-Jul-2026",83,"",""
"1759","MANYAVAR","EQ",398,406.9,396,402.3,406,402.15,99319,398.43,"24-Jul-2026",7889,"",""
"1760","MAPMYINDIA","EQ",1078,1135,1073,1117.1,1130,1081.85,399157,4393.2,"24-Jul-2026",20863,"",""
"1761","MARALOVER","BE",57.75,57.75,54.06,56,56.89,56.9,11725,6.54,"24-Jul-2026",68,"",""
"1762","MARATHON","EQ",381.8,390.45,376.2,382.75,382.5,383.75,38695,148.31,"24-Jul-2026",2435,"",""
"1763","MARC","SM",119.5,121.2,116.05,120.85,121.2,117.85,49200,58.86,"24-Jul-2026",39,"",""
"1764","MARCO","SM",35.3,35.3,34.5,34.5,34.5,32.8,3000,1.05,"24-Jul-2026",2,"",""
"1765","MARICO","EQ",851.8,858,841.5,855.6,857.8,853.2,1968480,16751.2,"24-Jul-2026",66467,"",""
"1766","MARINE","EQ",243.45,257.55,241,254.8,255,247.85,1018743,2556.21,"24-Jul-2026",20040,"",""
"1767","MARINETRAN","SM",14.15,14.15,14.15,14.15,14.15,14.15,4000,0.57,"24-Jul-2026",1,"",""
"1768","MARKOLINES","EQ",176.35,178.58,173.5,175.85,176,176.26,179629,315.7,"24-Jul-2026",2561,"",""
"1769","MARKSANS","EQ",244.9,248.6,242.4,246.3,246.95,246.1,806514,1981.02,"24-Jul-2026",21255,"",""
"1770","MARSONS","EQ",113.02,114.18,109.11,109.92,110.14,113.27,2244547,2515.46,"24-Jul-2026",12052,"",""
"1771","MARUTI","EQ",13340,13495,13197,13442,13450,13403,223369,29864,"24-Jul-2026",42940,"",""
"1772","MASFIN","EQ",311.1,314.8,309.1,313.55,313.5,315,95018,297.56,"24-Jul-2026",5174,"",""
"1773","MASKINVEST","BE",147,147.1,147,147.1,147.1,150,51,0.08,"24-Jul-2026",5,"",""
"1774","MASON","SM",120,122,119,120,119,122.25,20000,24.06,"24-Jul-2026",29,"",""
"1775","MASPTOP50","EQ",79.53,79.53,79.12,79.53,79.53,79.53,193708,153.99,"24-Jul-2026",2484,"",""
"1776","MASTEK","EQ",1671.8,1693,1632.1,1690.9,1691,1679.4,49928,832.16,"24-Jul-2026",9455,"",""
"1777","MASTER","SM",432,432,432,432,432,440,500,2.16,"24-Jul-2026",1,"",""
"1778","MASTERTR","EQ",84.6,84.89,83.16,84.71,84.83,85.07,162120,136.34,"24-Jul-2026",908,"",""
"1779","MATRIMONY","EQ",429.5,429.5,412.85,426.05,423.5,425.25,8090,33.91,"24-Jul-2026",441,"",""
"1780","MAWANASUG","BE",112.6,112.6,108,110.11,109.3,112.6,28842,31.59,"24-Jul-2026",202,"",""
"1781","MAXESTATES","EQ",378,389.95,378,387.15,389.95,384.25,76888,294.34,"24-Jul-2026",2058,"",""
"1782","MAXHEALTH","EQ",1076,1085.9,1068.8,1080.4,1079.9,1084.2,983063,10593.68,"24-Jul-2026",32336,"",""
"1783","MAXIND","EQ",178.5,186,173,182.11,184,165.65,3223259,5798.81,"24-Jul-2026",31924,"",""
"1784","MAXVOLT","ST",353.75,353.75,336.15,344.25,345.6,351.5,31600,107.84,"24-Jul-2026",76,"",""
"1785","MAYASHEEL","SM",39,39,38.45,38.45,38.45,36.4,9000,3.48,"24-Jul-2026",3,"",""
"1786","MAYURUNIQ","EQ",782,800,769.65,788.65,794,790.15,65366,511.71,"24-Jul-2026",11129,"",""
"1787","MAZDA","BE",220,222.99,214.7,216.39,219.94,219.87,7336,15.87,"24-Jul-2026",133,"",""
"1788","MAZDOCK","EQ",2275.9,2311.9,2272,2293.8,2302,2298.9,430126,9863.6,"24-Jul-2026",23496,"",""
"1789","MBAPL","EQ",146,149,144.05,148.25,147.75,146.8,855884,1257.75,"24-Jul-2026",11033,"",""
"1790","MBEL","EQ",291,297.75,287.45,296.3,296.5,291.25,76520,224.22,"24-Jul-2026",5920,"",""
"1791","MBLINFRA","BE",25.5,25.5,24.73,25.24,25.25,25.7,17937,4.52,"24-Jul-2026",100,"",""
"1792","MCCHRLS-B","EQ",671.9,714.6,671.9,709.95,709.95,707,235,1.65,"24-Jul-2026",8,"",""
"1793","MCL","EQ",54,54,52.3,53.37,53.87,52.68,18743,10.04,"24-Jul-2026",496,"",""
"1794","MCLEODRUSS","BE",53.3,54.7,52.85,54.07,54,54.8,99216,53.29,"24-Jul-2026",284,"",""
"1795","MCLOUD","EQ",27,27.2,26.4,26.61,26.6,27.25,2286973,613.36,"24-Jul-2026",6299,"",""
"1796","MCX","EQ",2735,2747.3,2706,2730,2732.5,2752.6,1157955,31585.67,"24-Jul-2026",100070,"",""
"1797","MDL","ST",69,69,69,69,69,70,2000,1.38,"24-Jul-2026",2,"",""
"1798","MEDANTA","EQ",1379,1379,1351.1,1371,1371,1378.2,142741,1950.12,"24-Jul-2026",15035,"",""
"1799","MEDIASSIST","EQ",337,341,334.55,340.05,340.5,338.25,99737,337.49,"24-Jul-2026",4421,"",""
"1800","MEDICAMEQ","EQ",233.2,243,233.2,241.85,243,237.65,14741,35.39,"24-Jul-2026",431,"",""
"1801","MEDICO","EQ",38.27,38.51,37.5,37.99,37.93,38.29,23871,9.05,"24-Jul-2026",277,"",""
"1802","MEDIORG","SM",24.7,24.7,24.7,24.7,24.7,26,2000,0.49,"24-Jul-2026",1,"",""
"1803","MEDISTEP","SM",17.7,19.9,17.7,19.75,19.75,20,15000,2.85,"24-Jul-2026",5,"",""
"1804","MEDPLUS","EQ",718.2,722.5,713,720.55,721,715.2,176996,1269.82,"24-Jul-2026",10458,"",""
"1805","MEESHO","EQ",188.3,188.3,177.5,185.24,185.55,188.95,20220263,37012.81,"24-Jul-2026",116232,"",""
"1806","MEGASTAR","EQ",340.05,344.9,334,340.8,343.8,345.05,4553,15.4,"24-Jul-2026",411,"",""
"1807","MEGATHERM","SM",213.1,215.1,210.35,212,212,216.5,18400,39.2,"24-Jul-2026",44,"",""
"1808","MEIL","BE",285.05,291.3,281.1,284.65,282.05,288.05,13117,37.33,"24-Jul-2026",299,"",""
"1809","MENNPIS","EQ",75.9,77.2,73.6,73.97,74.85,75.62,62729,47.1,"24-Jul-2026",1351,"",""
"1810","MENONBE","BE",214.4,217.65,206.11,213.77,215,216.51,58895,124.7,"24-Jul-2026",1370,"",""
"1811","MEP","BZ",0.55,0.55,0.55,0.55,0.55,0.56,185600,1.02,"24-Jul-2026",72,"",""
"1812","MERCANTILE","EQ",25.9,25.9,24.02,24.52,24.98,25.67,6541,1.61,"24-Jul-2026",70,"",""
"1813","MERCURYEV","BE",34.79,35.7,34.05,35.11,35.5,35.5,81384,28.35,"24-Jul-2026",371,"",""
"1814","METAL","EQ",12.89,12.89,12.41,12.53,12.55,12.58,1374093,171.69,"24-Jul-2026",4254,"",""
"1815","METALIETF","EQ",12.88,12.88,12.38,12.5,12.52,12.57,6889044,859.54,"24-Jul-2026",8464,"",""
"1816","METROBRAND","EQ",1029.1,1029.1,1006.2,1021.9,1025,1024.9,29362,298.58,"24-Jul-2026",6104,"",""
"1817","METROGLOBL","EQ",132,132,127.32,129.79,131.79,128.05,466,0.6,"24-Jul-2026",53,"",""
"1818","METROPOLIS","EQ",569.9,575,565.85,570.25,575,567.45,321877,1834.59,"24-Jul-2026",9570,"",""
"1819","MFML","EQ",19.59,19.6,18.61,18.75,18.98,19.21,5449,1.03,"24-Jul-2026",92,"",""
"1820","MFSL","EQ",1497.5,1520.8,1484.8,1515.5,1508,1503.9,1113093,16757.19,"24-Jul-2026",38677,"",""
"1821","MGEL","BE",16.75,16.75,16.18,16.2,16.3,16.35,91615,15.15,"24-Jul-2026",195,"",""
"1822","MGL","EQ",1065,1082.9,1064.5,1077,1080,1067.4,87747,943.5,"24-Jul-2026",10890,"",""
"1823","MGSL","SM",60.7,68.4,60.5,66.85,67.5,60.4,85200,55.38,"24-Jul-2026",60,"",""
"1824","MHHL","SM",33.8,33.8,33.8,33.8,33.8,35.2,1500,0.51,"24-Jul-2026",1,"",""
"1825","MHLXMIRU","EQ",135.5,139.88,135.29,139.58,138,138.71,9404,12.99,"24-Jul-2026",215,"",""
"1826","MHRIL","EQ",214,220.74,211.81,218.85,218.9,218.07,132660,287.27,"24-Jul-2026",4365,"",""
"1827","MICEL","BE",36.8,36.8,35.29,36.17,36.39,36.38,116423,41.97,"24-Jul-2026",854,"",""
"1828","MICROPRO","SM",19.15,20,19.15,20,20,20.2,3200,0.63,"24-Jul-2026",2,"",""
"1829","MID150","EQ",23.14,23.14,22.8,23.08,23.08,23.08,34597,7.94,"24-Jul-2026",250,"",""
"1830","MID150BEES","EQ",235.08,235.5,232.12,234.83,235.19,235.08,819538,1914.56,"24-Jul-2026",8472,"",""
"1831","MID150CASE","EQ",11.21,11.45,11.21,11.42,11.45,11.42,1537999,174.64,"24-Jul-2026",3517,"",""
"1832","MIDCAP","EQ",18.46,18.55,17.83,18.06,18.47,18.1,542509,97.37,"24-Jul-2026",1165,"",""
"1833","MIDCAPADD","EQ",22.61,22.8,22.5,22.78,22.8,22.83,4003,0.91,"24-Jul-2026",34,"",""
"1834","MIDCAPBETA","EQ",231.01,231.01,226,227.86,227.7,229.87,1868,4.24,"24-Jul-2026",54,"",""
"1835","MIDCAPETF","EQ",23.28,23.28,22.88,23.19,23.23,23.16,2356671,543.3,"24-Jul-2026",7584,"",""
"1836","MIDCAPIETF","EQ",23.47,23.56,23.22,23.52,23.55,23.52,1098537,256.97,"24-Jul-2026",2494,"",""
"1837","MIDHANI","EQ",390.5,395.6,386.6,392.7,392.9,394.6,480859,1881.65,"24-Jul-2026",12844,"",""
"1838","MIDQ50ADD","EQ",25.05,25.05,24.3,24.65,24.69,24.56,39318,9.64,"24-Jul-2026",90,"",""
"1839","MIDSELIETF","EQ",18.66,19.23,18.66,19.14,19.2,19.03,93596,17.77,"24-Jul-2026",624,"",""
"1840","MIDSMALL","EQ",49.95,50.3,49.5,50.07,50.14,50.07,343765,171.5,"24-Jul-2026",1950,"",""
"1841","MIDWESTLTD","EQ",1235,1246.2,1204,1234.2,1230.8,1236.5,7810,95.96,"24-Jul-2026",1151,"",""
"1842","MILTON","SM",35.15,35.15,35.15,35.15,35.15,36.95,2200,0.77,"24-Jul-2026",1,"",""
"1843","MINDACORP","EQ",650.5,678.95,650,676.45,678.1,657.75,192716,1283.92,"24-Jul-2026",16349,"",""
"1844","MINDSPACE","RR",491.5,492,484,484.59,484.21,491.68,103901,504.44,"24-Jul-2026",8680,"",""
"1845","MINDTECK","EQ",191.51,196.64,189.7,195.04,194.21,193.5,26982,52.06,"24-Jul-2026",843,"",""
"1846","MIRZAINT","EQ",34.94,36.08,34.6,35.06,35.2,35.5,169638,59.66,"24-Jul-2026",1247,"",""
"1847","MITCON","BE",72.1,75.7,70.05,72.02,75.7,72.1,4764,3.41,"24-Jul-2026",23,"",""
"1848","MITTAL","EQ",0.9,0.93,0.85,0.91,0.92,0.9,411075,3.66,"24-Jul-2026",291,"",""
"1849","MKPL","EQ",4.17,4.23,4.05,4.13,4.13,4.17,210683,8.74,"24-Jul-2026",429,"",""
"1850","MMFL","EQ",550.15,554.9,538,551.85,554.7,547.95,69897,381.05,"24-Jul-2026",2559,"",""
"1851","MMP","EQ",283,286.95,280.85,281.7,281.6,286.3,40023,113.63,"24-Jul-2026",1279,"",""
"1852","MMTC","EQ",61,61.8,60.21,61.52,61.58,61.94,1489504,911.06,"24-Jul-2026",9376,"",""
"1853","MMWL","BE",14,14,13.35,13.99,13.99,14.02,4063,0.55,"24-Jul-2026",37,"",""
"1854","MNC","EQ",33.23,33.48,33.11,33.37,33.4,33.41,24591,8.19,"24-Jul-2026",311,"",""
"1855","MOALPHA50","EQ",52.71,52.94,52.18,52.9,52.91,53.22,3649,1.92,"24-Jul-2026",66,"",""
"1856","MOBANK10","EQ",16.65,16.91,16.5,16.88,16.89,16.82,10117,1.7,"24-Jul-2026",69,"",""
"1857","MOBIKWIK","EQ",203.97,204.44,196.8,201.02,201.45,205.48,944363,1890.62,"24-Jul-2026",14539,"",""
"1858","MOCAPITAL","EQ",52.96,53.32,52.1,52.81,53.32,52.96,889771,467.41,"24-Jul-2026",4241,"",""
"1859","MODEFENCE","EQ",102.87,103.4,101.5,102.55,102.6,102.86,1293769,1322.5,"24-Jul-2026",6783,"",""
"1860","MODINATUR","BE",418.1,424.95,402.3,410.1,419.9,418.1,5379,22.23,"24-Jul-2026",80,"",""
"1861","MODIRUBBER","EQ",122.5,128.4,122.5,125.86,125.2,123.61,253,0.32,"24-Jul-2026",15,"",""
"1862","MODIS","EQ",408,412,387.75,392.1,390.8,402.25,46428,185.18,"24-Jul-2026",2129,"",""
"1863","MODISONLTD","BE",285.7,288.9,275.8,276.3,277,290.3,107682,299.32,"24-Jul-2026",998,"",""
"1864","MODTHREAD","EQ",48.8,48.8,46.02,47.66,47.66,49.56,934,0.45,"24-Jul-2026",33,"",""
"1865","MOENERGY","EQ",39.27,39.36,38.71,39.06,39.35,39.08,104122,40.59,"24-Jul-2026",703,"",""
"1866","MOGOLD","EQ",141.4,141.45,139.55,141.15,141.05,142.2,14430,20.26,"24-Jul-2026",426,"",""
"1867","MOGSEC","EQ",65.2,65.74,64.81,64.97,65.46,65.2,1768,1.15,"24-Jul-2026",67,"",""
"1868","MOHEALTH","EQ",50.95,50.95,49.96,50.24,50.39,50.2,49645,24.97,"24-Jul-2026",509,"",""
"1869","MOHITIND","EQ",23,23,22.41,23,23,22.82,563,0.13,"24-Jul-2026",15,"",""
"1870","MOIL","EQ",264,269.85,257.9,268.85,269.5,265.5,516209,1362.63,"24-Jul-2026",14010,"",""
"1871","MOINFRA","EQ",60.56,60.56,59.63,60.46,60.46,60.47,3706,2.23,"24-Jul-2026",63,"",""
"1872","MOIPO","EQ",45.9,45.9,45.08,45.59,45.59,45.9,4533,2.06,"24-Jul-2026",45,"",""
"1873","MOKSH","EQ",10.99,10.99,10.65,10.72,10.75,10.95,69013,7.44,"24-Jul-2026",218,"",""
"1874","MOL","EQ",55.5,56.34,53.54,54.46,54.61,55.74,1114446,608.7,"24-Jul-2026",7761,"",""
"1875","MOLDTECH","EQ",135,136.72,130.35,134.68,134.11,134.09,21942,29.18,"24-Jul-2026",625,"",""
"1876","MOLDTKPAC","EQ",724.45,736,707.25,727.45,731,713.75,93298,673.3,"24-Jul-2026",6604,"",""
"1877","MOLOWVOL","EQ",36.79,36.87,36.48,36.82,36.83,36.79,982,0.36,"24-Jul-2026",32,"",""
"1878","MOM100","EQ",66.5,66.69,65.81,66.54,66.66,66.65,343930,227.66,"24-Jul-2026",2569,"",""
"1879","MOM30IETF","EQ",30.74,30.75,30.39,30.59,30.65,30.74,514175,156.95,"24-Jul-2026",2242,"",""
"1880","MOM50","EQ",250.55,250.55,247.53,248.99,247.95,249.06,1685,4.19,"24-Jul-2026",102,"",""
"1881","MOMENTUM","EQ",30.64,30.99,30.25,30.38,30.99,30.64,34494,10.49,"24-Jul-2026",273,"",""
"1882","MOMENTUM30","EQ",30.08,30.99,29.89,30.17,30.99,30.26,139459,41.75,"24-Jul-2026",156,"",""
"1883","MOMENTUM50","EQ",52.15,52.48,51.5,51.9,52.4,52.15,538077,278.81,"24-Jul-2026",1981,"",""
"1884","MOMGF","EQ",158.33,162,157.64,158.72,158.75,159.48,2410,3.82,"24-Jul-2026",32,"",""
"1885","MOMIDMTM","EQ",63.58,63.58,61.71,62.64,63.09,62.48,91475,56.86,"24-Jul-2026",718,"",""
"1886","MOMMIDCAP","EQ",12.43,12.43,12.21,12.34,12.36,12.37,891111,109.62,"24-Jul-2026",242,"",""
"1887","MOMNC","EQ",32.27,32.4,32.21,32.27,32.27,32.44,185,0.06,"24-Jul-2026",9,"",""
"1888","MOMOMENTUM","EQ",60.9,61.4,60.5,60.95,61.4,61.15,46929,28.55,"24-Jul-2026",396,"",""
"1889","MON100","EQ",328.15,328.15,323.75,328.15,328.15,328.84,1012670,3314.1,"24-Jul-2026",17354,"",""
"1890","MON50EQUAL","EQ",32.7,34,32.7,33.04,34,32.98,5077,1.67,"24-Jul-2026",54,"",""
"1891","MONARCH","EQ",352.8,361.4,346.55,357.75,358.95,356.2,140737,497.29,"24-Jul-2026",3306,"",""
"1892","MONEXT50","EQ",71.42,73.45,71,72.07,73.45,71.75,423,0.3,"24-Jul-2026",55,"",""
"1893","MONEYBOXX","EQ",57.72,60.36,56,59.97,60,57.98,10323,6.06,"24-Jul-2026",306,"",""
"1894","MONIFTY100","EQ",26.17,26.17,24.78,25,25,25.25,14519,3.62,"24-Jul-2026",138,"",""
"1895","MONIFTY500","EQ",23.45,23.55,23.26,23.51,23.54,23.45,453528,106.19,"24-Jul-2026",1463,"",""
"1896","MONOLITH","SM",750.1,787,735.55,774.75,768,750.1,40500,308.42,"24-Jul-2026",132,"",""
"1897","MONQ50","EQ",142.45,142.45,142.45,142.45,142.45,142.42,100538,143.22,"24-Jul-2026",262,"",""
"1898","MONTECARLO","EQ",535.3,542.65,531.3,537.1,535.15,538,30472,163.61,"24-Jul-2026",1403,"",""
"1899","MOPSE","EQ",100.55,102.8,99.3,101,101,101.24,2716,2.74,"24-Jul-2026",42,"",""
"1900","MOQUALITY","EQ",198.94,199.98,198.17,199.23,199.32,200.02,424,0.84,"24-Jul-2026",15,"",""
"1901","MOREALTY","EQ",88.57,89.07,86.66,88.28,88.57,88.57,774528,679.25,"24-Jul-2026",3299,"",""
"1902","MOREPENLAB","EQ",51.9,54.19,51.38,53.8,53.8,52.45,6492856,3426.32,"24-Jul-2026",20558,"",""
"1903","MOS","ST",12.05,12.05,11.45,11.85,11.7,12.05,96000,11.31,"24-Jul-2026",22,"",""
"1904","MOSCHIP","EQ",228.5,236,224.95,231.79,232.8,233.69,2636913,6092.36,"24-Jul-2026",30071,"",""
"1905","MOSERVICE","EQ",30.66,30.69,30.33,30.57,30.65,30.78,13245,4.04,"24-Jul-2026",75,"",""
"1906","MOSILVER","EQ",214.1,218.48,213.86,217.55,217.57,219.03,166348,360.15,"24-Jul-2026",1627,"",""
"1907","MOSMALL250","EQ",17.7,17.73,17.47,17.66,17.73,17.76,1620989,285.36,"24-Jul-2026",2879,"",""
"1908","MOTHERSON","EQ",144.2,146.66,143,145.55,145.91,145.57,9305257,13486.92,"24-Jul-2026",54812,"",""
"1909","MOTILALOFS","EQ",944.5,944.5,839.9,871.95,873,940.25,14328752,123848.42,"24-Jul-2026",235861,"",""
"1910","MOTISONS","EQ",14,14.4,13.93,14.17,14.16,14.18,18513704,2621.87,"24-Jul-2026",15445,"",""
"1911","MOTOGENFIN","BE",27.2,27.44,26.65,27.44,27.44,27.2,1880,0.51,"24-Jul-2026",8,"",""
"1912","MOTOUR","EQ",76.71,77.5,75.97,77.3,77.5,77.23,26411,20.21,"24-Jul-2026",385,"",""
"1913","MOVALUE","EQ",112.2,113.95,111.52,112.7,113.95,113.02,52093,58.48,"24-Jul-2026",905,"",""
"1914","MOXSH","ST",111,111,111,111,111,106,1600,1.78,"24-Jul-2026",1,"",""
"1915","MPEL","ST",35.7,35.75,35.7,35.7,35.7,37.55,11200,4,"24-Jul-2026",7,"",""
"1916","MPHASIS","EQ",2247,2340,2192.1,2288.1,2282,2232.4,2105429,47770.69,"24-Jul-2026",112803,"",""
"1917","MPSLTD","EQ",2655,2800,2600.1,2769.7,2786,2642.8,381275,10366.77,"24-Jul-2026",26349,"",""
"1918","MRF","EQ",131050,131490,130300,130755,130950,132030,2595,3394.15,"24-Jul-2026",2008,"",""
"1919","MRIL","ST",69,70,69,69.6,70,70.1,4800,3.34,"24-Jul-2026",3,"",""
"1920","MRPL","EQ",175.95,177.48,168.61,169.75,169.65,175.95,9099976,15544.07,"24-Jul-2026",54328,"",""
"1921","MSCI360","EQ",10.05,10.05,9.9,9.99,9.99,10.05,3373,0.33,"24-Jul-2026",27,"",""
"1922","MSCIADD","EQ",29,29.19,28.9,29.06,29.14,29.31,4769,1.38,"24-Jul-2026",26,"",""
"1923","MSCIINDIA","EQ",29.39,29.51,29.26,29.41,29.44,29.48,15634,4.59,"24-Jul-2026",128,"",""
"1924","MSPL","EQ",34.11,35.99,34.11,35.37,35.69,34.75,448436,156.92,"24-Jul-2026",4214,"",""
"1925","MSTCLTD","EQ",596,613.55,586,607.2,610,598.05,236250,1418.39,"24-Jul-2026",8511,"",""
"1926","MSUMI","EQ",39.75,40.2,39.37,40.11,40.1,39.93,3663165,1459.43,"24-Jul-2026",20638,"",""
"1927","MTARTECH","BE",5800,5887,5700,5805,5790,5875,72039,4152.74,"24-Jul-2026",10896,"",""
"1928","MTEDUCARE","BE",1.93,1.93,1.75,1.93,1.93,1.84,14053,0.27,"24-Jul-2026",44,"",""
"1929","MTNL","EQ",26.6,27.2,26.27,27.11,27.2,26.75,852105,227.61,"24-Jul-2026",3465,"",""
"1930","MUFIN","EQ",125,125.99,122.05,124.32,123.65,125.2,879853,1090.85,"24-Jul-2026",4054,"",""
"1931","MUFTI","EQ",83,84.5,81.38,82.92,83.99,83.37,80754,67.08,"24-Jul-2026",2055,"",""
"1932","MUKANDLTD","EQ",137.5,139.35,136.11,138.4,138,138.55,98875,136.23,"24-Jul-2026",2218,"",""
"1933","MUKKA","EQ",23.29,23.29,22.51,22.94,22.86,22.74,133024,30.38,"24-Jul-2026",829,"",""
"1934","MUKTAARTS","BE",56,56,55.26,55.89,56,57.72,1992,1.11,"24-Jul-2026",12,"",""
"1935","MULTICAP","EQ",16.4,16.42,16.2,16.38,16.41,16.43,210778,34.35,"24-Jul-2026",655,"",""
"1936","MUNISH","ST",74,74,74,74,74,70.5,14400,10.66,"24-Jul-2026",12,"",""
"1937","MUNJALAU","EQ",100.55,100.9,98.01,99.77,99.5,100.96,219262,217.46,"24-Jul-2026",2964,"",""
"1938","MUNJALSHOW","EQ",136.12,136.4,134.01,135.82,135.7,136.07,20179,27.31,"24-Jul-2026",376,"",""
"1939","MURUDCERA","EQ",31,31.94,29.3,30.4,30.4,30.92,91031,28.3,"24-Jul-2026",502,"",""
"1940","MUTHOOTCAP","EQ",220.73,220.73,212.11,213.77,214.79,215.26,9128,19.64,"24-Jul-2026",357,"",""
"1941","MUTHOOTFIN","EQ",2995,2998.4,2925.1,2986.7,2983,3010.4,1056004,31294.05,"24-Jul-2026",65156,"",""
"1942","MUTHOOTMF","EQ",240,252,238.01,250.11,250.2,241.35,427922,1051.07,"24-Jul-2026",8641,"",""
"1943","MVGJL","EQ",154,157.58,153,155.76,155.08,154.84,33508,51.98,"24-Jul-2026",1461,"",""
"1944","MVKAGRO","SM",392.55,398.9,387.05,387.7,387.05,399.4,3000,11.77,"24-Jul-2026",10,"",""
"1945","MWL","EQ",35.55,36.25,34.75,36,36.15,35.8,250421,89.83,"24-Jul-2026",638,"",""
"1946","MYMUDRA","SM",74.05,76.85,74.05,76.5,76.5,74.15,9600,7.23,"24-Jul-2026",8,"",""
"1947","NACLIND","EQ",192,198.5,186.9,196.8,198.4,192.35,1070739,2068.75,"24-Jul-2026",17554,"",""
"1948","NAGREEKCAP","BE",22.01,22.78,22.01,22.67,22.7,22.71,3036,0.69,"24-Jul-2026",29,"",""
"1949","NAGREEKEXP","EQ",22.36,23.65,22.36,23.14,23.14,22.99,919,0.21,"24-Jul-2026",23,"",""
"1950","NAHARCAP","EQ",249,252,242.8,245.33,245.33,249,490,1.2,"24-Jul-2026",26,"",""
"1951","NAHARINDUS","EQ",119.9,119.9,115,116.64,116.85,116.09,8021,9.27,"24-Jul-2026",236,"",""
"1952","NAHARPOLY","EQ",274,278,265.6,273.8,277.9,271.75,20472,55.77,"24-Jul-2026",791,"",""
"1953","NAHARSPING","BE",270,278,267,275.55,275.5,273.75,13925,38.02,"24-Jul-2026",146,"",""
"1954","NAM-INDIA","EQ",1100,1119,1079.4,1112.5,1112,1105.8,764070,8436.95,"24-Jul-2026",33220,"",""
"1955","NAMAN","SM",47.2,47.8,47.2,47.8,47.8,47.8,3200,1.52,"24-Jul-2026",4,"",""
"1956","NAMOEWASTE","ST",280,280,278.1,278.1,278.1,283.75,24800,69.21,"24-Jul-2026",20,"",""
"1957","NARMADA","EQ",35.1,35.99,34.36,34.92,35.15,35.21,618646,217.01,"24-Jul-2026",3082,"",""
"1958","NATCAPSUQ","EQ",152,154,145,148.86,146.4,150.08,5606,8.31,"24-Jul-2026",132,"",""
"1959","NATCOPHARM","EQ",918.6,926.9,911.6,921.45,925,918.55,211503,1944.17,"24-Jul-2026",15191,"",""
"1960","NATHBIOGEN","EQ",159.45,161.98,153.61,161.13,160.2,154.65,19108,30.28,"24-Jul-2026",677,"",""
"1961","NATIONALUM","EQ",341.8,344.9,339.65,343.9,344.6,346,2253982,7722.13,"24-Jul-2026",28396,"",""
"1962","NATIONSTD","EQ",320.2,320.2,320.2,320.2,320.2,337,1406,4.5,"24-Jul-2026",117,"",""
"1963","NAUKRI","EQ",1150,1177.5,1140,1165.5,1162,1169.95,1248750,14495.55,"24-Jul-2026",52684,"",""
"1964","NAVA","EQ",550,562.4,547,554.8,559,555.55,266730,1479.3,"24-Jul-2026",13565,"",""
"1965","NAVINFLUOR","EQ",7675,7708,7505,7520,7526,7673.5,70434,5329,"24-Jul-2026",11827,"",""
"1966","NAVKARCORP","EQ",100,102.5,99.15,102.15,102.4,100.63,406576,411.53,"24-Jul-2026",3402,"",""
"1967","NAVKARURB","BE",1.05,1.1,1,1.08,1.1,1.05,441868,4.58,"24-Jul-2026",216,"",""
"1968","NAVNETEDUL","EQ",140.2,144.9,139.62,143.97,143.36,140.64,123284,175.22,"24-Jul-2026",1836,"",""
"1969","NAZARA","EQ",304,304.05,295.3,302.3,303.25,304.2,1001751,3006.7,"24-Jul-2026",12312,"",""
"1970","NBCC","EQ",92.4,94.07,91.35,93.84,93.95,93.15,6730344,6237.95,"24-Jul-2026",36190,"",""
"1971","NBIFIN","EQ",2268.6,2268.6,2202.1,2216.5,2220,2253.9,416,9.24,"24-Jul-2026",170,"",""
"1972","NCC","EQ",134.81,137.74,134.1,137.09,137.5,136.18,932229,1270.74,"24-Jul-2026",12666,"",""
"1973","NCLIND","EQ",184.76,185,183,184.67,184.3,184.81,10162,18.7,"24-Jul-2026",467,"",""
"1974","NDGL","EQ",2610,2889.9,2600,2774.5,2788,2610.6,95,2.59,"24-Jul-2026",35,"",""
"1975","NDL","EQ",2.32,2.34,2.28,2.31,2.3,2.32,792308,18.23,"24-Jul-2026",1053,"",""
"1976","NDLVENTURE","EQ",128.06,128.06,124.07,125.06,124.65,127.47,5559,6.98,"24-Jul-2026",230,"",""
"1977","NDRAUTO","EQ",805.9,920,785.5,812.75,811,819.1,69694,580.05,"24-Jul-2026",14841,"",""
"1978","NDTV","EQ",75.2,76.95,74.63,76.66,76.8,75.68,104226,79.09,"24-Jul-2026",1176,"",""
"1979","NEAGI","EQ",3035.1,3035.1,3035.1,3035.1,3035.1,3134.5,1,0.03,"24-Jul-2026",1,"",""
"1980","NECCLTD","BE",15.37,15.37,14.9,15.25,15.3,15.3,5383,0.82,"24-Jul-2026",62,"",""
"1981","NECLIFE","BE",10.41,10.41,10.21,10.3,10.3,10.36,73731,7.58,"24-Jul-2026",208,"",""
"1982","NELCAST","EQ",130.5,135.99,130.5,134.47,135,133.08,94731,125.94,"24-Jul-2026",1896,"",""
"1983","NELCO","EQ",934.95,944.95,915.1,932.8,932.55,933.9,163636,1521.25,"24-Jul-2026",7242,"",""
"1984","NEOCHEM","ST",87.05,87.05,85,85.2,85.2,89.1,25200,21.61,"24-Jul-2026",21,"",""
"1985","NEOGEN","EQ",2080,2121.9,2025,2062.8,2055,2087,54018,1113.27,"24-Jul-2026",11699,"",""
"1986","NEPHROCARE","ST",63.7,66.35,62.8,62.95,62.8,63.7,4400,2.81,"24-Jul-2026",9,"",""
"1987","NEPHROPLUS","EQ",677.9,687,668.5,673.1,676,677.9,87056,589.38,"24-Jul-2026",8269,"",""
"1988","NESCO","EQ",1041,1059.9,1036,1055.9,1059.9,1050.1,24073,252.68,"24-Jul-2026",3470,"",""
"1989","NESTLEIND","EQ",1439.8,1467.8,1431,1443.5,1447,1447.9,3041475,44086.16,"24-Jul-2026",74394,"",""
"1990","NETF","EQ",266.44,266.44,256.53,258.92,258,259.95,2009,5.19,"24-Jul-2026",137,"",""
"1991","NETWEB","EQ",4201.9,4222,4115,4156,4164.9,4243.8,378694,15750.04,"24-Jul-2026",31266,"",""
"1992","NETWORK18","EQ",28,28.85,27.78,28.62,28.5,28.13,3407920,962.26,"24-Jul-2026",7458,"",""
"1993","NEULANDLAB","EQ",18250,18664,18234,18546,18525,18431,11320,2088.66,"24-Jul-2026",5098,"",""
"1994","NEWGEN","EQ",503,512.1,497.05,505.7,507.5,508.8,975202,4915.1,"24-Jul-2026",26465,"",""
"1995","NEWJAISA","ST",15.2,15.2,15.2,15.2,15.2,15.5,1500,0.23,"24-Jul-2026",1,"",""
"1996","NEXT30ADD","EQ",42,42.21,41.81,42.05,42.08,42.29,2952,1.24,"24-Jul-2026",63,"",""
"1997","NEXT50","EQ",739.04,742.3,733.01,740.35,741.35,740.84,46577,343.37,"24-Jul-2026",1821,"",""
"1998","NEXT50ADD","EQ",71.73,73.5,71.52,72.24,73.26,72.23,6423,4.62,"24-Jul-2026",33,"",""
"1999","NEXT50BETA","EQ",77.57,78,76.75,77.75,77.9,77.48,71409,55.09,"24-Jul-2026",652,"",""
"2000","NEXT50ETF","EQ",72.41,72.42,71.52,72.28,72.37,72.41,50726,36.34,"24-Jul-2026",112,"",""
"2001","NEXT50IETF","EQ",77.56,77.56,75,75.75,75.89,75.67,892257,672.29,"24-Jul-2026",4489,"",""
"2002","NEXTMEDIA","EQ",3.96,4.05,3.71,3.98,3.9,3.8,22745,0.9,"24-Jul-2026",77,"",""
"2003","NFL","EQ",69.69,70.49,69.1,70.31,70.49,70.15,387667,270.63,"24-Jul-2026",3127,"",""
"2004","NFPSAMPOOR","SM",24.05,24.2,24.05,24.15,24.15,24.05,16000,3.86,"24-Jul-2026",8,"",""
"2005","NGIL","BE",40,40,37.77,38.05,37.9,39.75,14490,5.5,"24-Jul-2026",60,"",""
"2006","NGLFINE","EQ",3141.6,3218.9,3132.2,3205.5,3212.5,3198,2155,68.46,"24-Jul-2026",697,"",""
"2007","NH","EQ",1980.1,1982.9,1953.1,1961.5,1962,1982.5,160451,3154.29,"24-Jul-2026",19701,"",""
"2008","NHIT","IV",168,168,168,168,168,169.25,25000,42,"24-Jul-2026",1,"",""
"2009","NHPC","EQ",79.25,79.98,78.78,79.39,79.39,80.25,8630234,6855.37,"24-Jul-2026",28392,"",""
"2010","NIACL","EQ",172.5,175.99,169.2,173.2,174.43,173.06,560258,963.07,"24-Jul-2026",9743,"",""
"2011","NIBE","EQ",1475.4,1516.2,1475,1504.3,1501,1504.8,37570,561.93,"24-Jul-2026",3464,"",""
"2012","NIBL","EQ",35.39,38,35,36.98,37.69,35.44,151055,55.41,"24-Jul-2026",14205,"",""
"2013","NIDAN","SM",12.7,12.7,12.5,12.5,12.5,12.9,5000,0.63,"24-Jul-2026",5,"",""
"2014","NIF100BEES","EQ",263,264.58,261.57,263.57,264.45,264.63,25401,66.7,"24-Jul-2026",2948,"",""
"2015","NIF100IETF","EQ",27.81,28.3,27.49,27.66,27.89,27.81,88916,24.53,"24-Jul-2026",1343,"",""
"2016","NIFTY1","EQ",267.6,267.6,262.22,264.09,264.54,264.95,97704,257.21,"24-Jul-2026",1604,"",""
"2017","NIFTY100EW","EQ",34.89,35.79,34.27,34.75,35.6,34.71,21264,7.34,"24-Jul-2026",228,"",""
"2018","NIFTYADD","EQ",250.84,251.17,249,250.86,250.97,251.52,5302,13.25,"24-Jul-2026",186,"",""
"2019","NIFTYAXIS","EQ",262.45,263.68,261.16,263.28,263.59,263.93,89516,234.9,"24-Jul-2026",343,"",""
"2020","NIFTYBEES","EQ",270.87,271.65,269.38,271.21,271.49,271.98,8015499,21672.76,"24-Jul-2026",52689,"",""
"2021","NIFTYBETA","EQ",262.55,264.4,262.25,263.98,264.18,264.78,41566,109.46,"24-Jul-2026",445,"",""
"2022","NIFTYBETF","EQ",245.83,245.83,242.86,244.94,245,245.83,1665,4.06,"24-Jul-2026",80,"",""
"2023","NIFTYCASE","EQ",9.82,9.82,9.47,9.54,9.54,9.59,1283569,122.11,"24-Jul-2026",2106,"",""
"2024","NIFTYETF","EQ",265.88,265.88,256.63,258.5,258.83,259.4,219321,565.69,"24-Jul-2026",1268,"",""
"2025","NIFTYIETF","EQ",268,270.42,267.98,269.76,270,270.52,1630617,4384.25,"24-Jul-2026",12384,"",""
"2026","NIFTYQLITY","EQ",21.2,21.2,20.91,21.16,21.19,21.03,43782,9.19,"24-Jul-2026",142,"",""
"2027","NIITLTD","EQ",91.5,97.8,89.81,94.62,95.4,92.51,1140450,1074.89,"24-Jul-2026",12641,"",""
"2028","NIITMTS","EQ",228.5,234,225.03,230.18,234,231.77,134322,306.51,"24-Jul-2026",5365,"",""
"2029","NIKITA","SM",78,78,75,75.05,75.2,78.9,39600,29.77,"24-Jul-2026",15,"",""
"2030","NILAINFRA","EQ",7.41,7.41,7.25,7.32,7.34,7.43,120038,8.78,"24-Jul-2026",463,"",""
"2031","NILASPACES","EQ",11.75,11.98,11.65,11.89,11.95,11.75,203806,24.05,"24-Jul-2026",562,"",""
"2032","NILE","EQ",1806.9,1831.6,1757,1802.6,1813,1798,3032,54.38,"24-Jul-2026",515,"",""
"2033","NILKAMAL","EQ",1630,1703,1615.1,1676.1,1703,1646.5,63340,1045.77,"24-Jul-2026",6418,"",""
"2034","NIMBSPROJ","BE",191,193.5,190,190,190,192,1067,2.03,"24-Jul-2026",8,"",""
"2035","NINSYS","BE",869,900,840,866.6,857,869.2,8934,77.56,"24-Jul-2026",252,"",""
"2036","NIPPOBATRY","EQ",325,328.7,323.05,326.3,327,326.5,786,2.57,"24-Jul-2026",114,"",""
"2037","NIRAJ","BE",29.26,29.26,28.52,28.58,28.58,28.69,2142,0.61,"24-Jul-2026",14,"",""
"2038","NIRAJISPAT","EQ",190.5,190.5,190.5,190.5,190.5,190.5,2,0,"24-Jul-2026",1,"",""
"2039","NIRLON","EQ",617.05,625,606.15,620.6,625,620.15,8456,52.39,"24-Jul-2026",298,"",""
"2040","NIRMAN","SM",38.45,39,38,38.3,38.3,38.45,11100,4.25,"24-Jul-2026",35,"",""
"2041","NITCO","EQ",101.93,104.99,99.82,104.11,104.94,103.2,695339,711.98,"24-Jul-2026",4676,"",""
"2042","NITINSPIN","EQ",525,537.9,520.1,535.2,536.45,528.8,32325,170.97,"24-Jul-2026",1912,"",""
"2043","NITIRAJ","EQ",227,227,215.09,220.22,221.7,220.3,2255,4.97,"24-Jul-2026",85,"",""
"2044","NITTAGELA","EQ",1935.4,1935.4,1861.2,1909,1898,1920.8,6134,116.45,"24-Jul-2026",1072,"",""
"2045","NIVABUPA","EQ",84,86.97,83.99,86.64,86.55,84.62,1115705,955.93,"24-Jul-2026",14189,"",""
"2046","NKIND","EQ",64.4,64.4,54.64,59.72,59.5,64.89,1033,0.61,"24-Jul-2026",53,"",""
"2047","NLCINDIA","EQ",287.4,294.05,279.9,292.8,292.5,290.7,2551137,7328.96,"24-Jul-2026",41017,"",""
"2048","NMDC","EQ",82.35,83.69,81.77,83.56,83.6,82.64,16131661,13339.98,"24-Jul-2026",52681,"",""
"2049","NMSTEEL","SM",22,25.25,22,22.25,22.25,24,11200,2.6,"24-Jul-2026",7,"",""
"2050","NOCIL","EQ",161.9,162.34,158.8,160.11,161.45,162.11,332673,533.21,"24-Jul-2026",5480,"",""
"2051","NOIDATOLL","BE",4.4,4.4,4.21,4.32,4.35,4.37,41286,1.78,"24-Jul-2026",199,"",""
"2052","NORTHARC","EQ",295.9,301.1,291.6,299.4,299.65,296.95,430335,1277.91,"24-Jul-2026",9773,"",""
"2053","NOVAAGRI","BE",22.64,23.2,22.31,22.81,23.07,22.64,20419,4.62,"24-Jul-2026",167,"",""
"2054","NOVARTIND","EQ",1690,1724,1614.4,1641.2,1658,1673,54369,901.56,"24-Jul-2026",6477,"",""
"2055","NPBET","EQ",282.62,283.67,279.47,282.47,282.47,283.11,592,1.67,"24-Jul-2026",27,"",""
"2056","NPST","EQ",1520,1548,1501.1,1519.2,1505.5,1530,23373,356.11,"24-Jul-2026",2228,"",""
"2057","NRAIL","EQ",498,531,490,508.95,516,487.6,123055,634.12,"24-Jul-2026",4808,"",""
"2058","NRBBEARING","EQ",388,399,382.4,397.65,397.05,393,152822,596.67,"24-Jul-2026",5199,"",""
"2059","NRL","BE",103.56,105,103.56,105,105,105.67,84516,87.8,"24-Jul-2026",252,"",""
"2060","NSIL","EQ",5456,5522,5380.5,5452.5,5440,5514,1818,99.01,"24-Jul-2026",400,"",""
"2061","NSLNISP","EQ",41.52,41.65,40.66,41.41,41.6,41.65,4399097,1807.73,"24-Jul-2026",17406,"",""
"2062","NTPC","EQ",347.95,350,345.1,347.2,347.7,348.6,6300466,21918.42,"24-Jul-2026",82900,"",""
"2063","NTPCGREEN","EQ",96.89,98.22,94.88,96.32,96.18,97.22,16099089,15583.17,"24-Jul-2026",95748,"",""
"2064","NUCLEUS","EQ",725,735.65,718.05,724.55,734,730.3,21022,152.64,"24-Jul-2026",1681,"",""
"2065","NURECA","EQ",295.3,309.68,290.12,301.64,304.5,296.76,43709,130.11,"24-Jul-2026",1639,"",""
"2066","NUVAMA","EQ",1933.2,2066,1921.1,1980.1,1960.1,1947.2,3576148,71620.62,"24-Jul-2026",145583,"",""
"2067","NUVOCO","EQ",355.95,361.75,351,356.05,356.8,361.85,495896,1764.01,"24-Jul-2026",12120,"",""
"2068","NV20","EQ",14.18,14.18,13.75,13.86,13.87,13.88,56474,7.81,"24-Jul-2026",219,"",""
"2069","NV20BEES","EQ",138.35,141.06,137.25,138.91,141.06,138.48,15023,20.75,"24-Jul-2026",258,"",""
"2070","NV20IETF","EQ",13,13.64,13,13.55,13.64,13.55,405865,54.77,"24-Jul-2026",1776,"",""
"2071","NXST","RR",166.85,166.85,165.81,166.28,166.5,165.99,67302,111.75,"24-Jul-2026",2047,"",""
"2072","NYKAA","EQ",323.3,323.55,317.05,322.8,322.5,324.8,2040730,6547.93,"24-Jul-2026",21851,"",""
"2073","OAL","EQ",343.65,377.4,343.5,373,371.05,352.25,45325,167.48,"24-Jul-2026",1635,"",""
"2074","OBCL","EQ",53,53.77,51.51,52.39,52.1,53.11,12262,6.45,"24-Jul-2026",72,"",""
"2075","OBEROIRLTY","EQ",1801.6,1830,1785.6,1821.2,1815,1818.1,191482,3466.46,"24-Jul-2026",18540,"",""
"2076","OBSCP","SM",574.95,600,554.7,585.05,585.1,568.85,41600,240.93,"24-Jul-2026",100,"",""
"2077","OCCLLTD","BE",141.99,145.8,135.16,144.96,145.33,139.3,87568,124.74,"24-Jul-2026",570,"",""
"2078","ODIGMA","BE",22.32,22.9,22.3,22.64,22.51,22.3,7108,1.61,"24-Jul-2026",169,"",""
"2079","OFSS","EQ",10688,10930,10549,10652,10610,10843,452845,48486.9,"24-Jul-2026",66088,"",""
"2080","OIL","EQ",460.5,465,448.95,449.75,450.5,458.8,2893431,13155.69,"24-Jul-2026",42976,"",""
"2081","OILCOUNTUB","BE",58.89,61.83,57.8,58.7,59.49,58.89,52289,31.49,"24-Jul-2026",258,"",""
"2082","OILIETF","EQ",11.27,11.28,11.16,11.24,11.27,11.28,683990,76.73,"24-Jul-2026",2523,"",""
"2083","OLAELEC","EQ",36.52,37.75,36.27,37.08,37.3,37,40506448,14923.69,"24-Jul-2026",64603,"",""
"2084","OLECTRA","EQ",1305.9,1343.7,1297.2,1336.3,1337.4,1318.3,224871,2959.74,"24-Jul-2026",14228,"",""
"2085","OLIL","ST",412,420,411,420,420,417,6400,26.64,"24-Jul-2026",10,"",""
"2086","OMAXAUTO","BE",224,229.99,213.55,226.42,229.99,223.36,71338,160.44,"24-Jul-2026",448,"",""
"2087","OMAXE","EQ",85.25,88.7,85.25,87.66,87.31,86.88,314132,274.62,"24-Jul-2026",3608,"",""
"2088","OMFREIGHT","BE",92,93.15,90.01,92.98,93,92,5246,4.85,"24-Jul-2026",69,"",""
"2089","OMFURN","ST",53.05,53.95,53,53.95,53.95,53,187200,99.23,"24-Jul-2026",33,"",""
"2090","OMINFRAL","EQ",86.64,87.86,86.5,87.1,86.51,88.16,52200,45.47,"24-Jul-2026",1658,"",""
"2091","OMNI","EQ",587.55,627.65,583.05,612,609,591.7,564205,3436.75,"24-Jul-2026",25342,"",""
"2092","OMPOWER","EQ",166,169.56,165.14,169.2,169.49,165.84,102833,172.16,"24-Jul-2026",1691,"",""
"2093","ONDOOR","SM",213.3,244,210.5,243.5,243.8,220.3,35700,82.46,"24-Jul-2026",98,"",""
"2094","ONELIFECAP","BE",37,37.8,36,36.33,37,37.16,24686,9.01,"24-Jul-2026",62,"",""
"2095","ONEPOINT","EQ",54.2,54.56,53.24,53.98,54.05,54.07,275426,149.1,"24-Jul-2026",1749,"",""
"2096","ONESOURCE","EQ",1637,1663.2,1631.9,1653.9,1649,1654.3,87251,1435.49,"24-Jul-2026",11825,"",""
"2097","ONGC","EQ",252.5,253.56,248.27,248.76,248.9,252.37,7645869,19120.1,"24-Jul-2026",84607,"",""
"2098","ONIDA","BE",37.16,38.85,36.54,38.18,38.01,38.25,281260,104.58,"24-Jul-2026",762,"",""
"2099","ONMOBILE","BE",58.5,61.5,58,60.74,61.2,59,97482,58.17,"24-Jul-2026",719,"",""
"2100","ONWARDTEC","EQ",292,293.95,282,290.65,292,291.45,60942,176.79,"24-Jul-2026",2222,"",""
"2101","ONYX","ST",35.2,37.05,35.2,37.05,37.05,36.45,6000,2.16,"24-Jul-2026",3,"",""
"2102","OPTIEMUS","EQ",606.4,609.95,591.05,599.95,599.5,615.55,151624,907.74,"24-Jul-2026",7665,"",""
"2103","OPTIVALUE","SM",92,102,88.2,99.15,101.8,91,662400,653.59,"24-Jul-2026",169,"",""
"2104","ORBTEXP","BE",237.84,243.6,232,243.05,243,232.09,25498,61.24,"24-Jul-2026",240,"",""
"2105","ORCHASP","EQ",1.72,1.73,1.47,1.58,1.59,1.71,2356060,36.01,"24-Jul-2026",1171,"",""
"2106","ORCHPHARMA","EQ",966,999,951.95,988.6,999,962.5,51067,498.32,"24-Jul-2026",5508,"",""
"2107","ORIANA","SM",1417.25,1422.05,1391.1,1398.25,1403.95,1417.25,39600,554.95,"24-Jul-2026",387,"",""
"2108","ORICONENT","EQ",55.63,55.7,53.75,55.03,54.6,54.81,18709,10.22,"24-Jul-2026",696,"",""
"2109","ORIENTALTL","EQ",5.21,5.34,5.21,5.31,5.34,5.31,31831,1.68,"24-Jul-2026",162,"",""
"2110","ORIENTBELL","EQ",317.8,323.1,310.05,319.5,320,316.1,13382,42.64,"24-Jul-2026",347,"",""
"2111","ORIENTCEM","EQ",132,134.68,130.62,133.8,134.22,134.35,544248,719.1,"24-Jul-2026",4452,"",""
"2112","ORIENTCER","EQ",41.2,41.85,39.8,40.77,41,40.6,28171,11.39,"24-Jul-2026",767,"",""
"2113","ORIENTELEC","EQ",175,177.75,169.57,170.74,169.57,174.33,1084287,1884.61,"24-Jul-2026",18830,"",""
"2114","ORIENTHOT","EQ",128,137,125.42,134.84,134.66,127.41,1834562,2442.64,"24-Jul-2026",19482,"",""
"2115","ORIENTLTD","EQ",74,89.29,73,89.29,89.29,74.41,93729,80.16,"24-Jul-2026",918,"",""
"2116","ORIENTPPR","EQ",17.5,17.8,17.1,17.58,17.65,17.76,263417,46.02,"24-Jul-2026",959,"",""
"2117","ORIENTTECH","EQ",255.5,259.95,253.16,258.78,258.5,257.16,82147,211.11,"24-Jul-2026",3201,"",""
"2118","ORISSAMINE","EQ",3669.9,3782,3551,3747,3730,3648.5,9339,343.44,"24-Jul-2026",2201,"",""
"2119","ORKLAINDIA","EQ",559.45,562.2,553.55,556.75,555.05,559.45,30536,170.2,"24-Jul-2026",3855,"",""
"2120","ORTEL","BZ",1.78,1.82,1.69,1.8,1.8,1.77,9699,0.17,"24-Jul-2026",38,"",""
"2121","ORTINGLOBE","BE",14.42,15.62,14.18,14.81,14.7,14.91,2185,0.32,"24-Jul-2026",504,"",""
"2122","OSELDEVICE","SM",429.25,432.6,428,430.8,431.5,436.65,7600,32.69,"24-Jul-2026",35,"",""
"2123","OSIAHYPER","BE",3,3.03,2.92,2.99,3.01,3.01,145291,4.32,"24-Jul-2026",233,"",""
"2124","OSWALAGRO","BE",37.9,38,36.55,37.42,37.81,36.96,15824,5.94,"24-Jul-2026",105,"",""
"2125","OSWALGREEN","EQ",20.81,20.94,20.37,20.71,20.65,20.81,61627,12.75,"24-Jul-2026",655,"",""
"2126","OSWALPUMPS","EQ",338,360.55,335.5,359.15,356.3,338.85,1144502,4007.61,"24-Jul-2026",24010,"",""
"2127","OSWALSEEDS","EQ",10.25,10.25,9.91,10.03,10,10.19,20078,2.02,"24-Jul-2026",139,"",""
"2128","OWAIS","ST",98.55,99.7,96.1,99.3,99.7,99,4300,4.19,"24-Jul-2026",37,"",""
"2129","PACEDIGITK","EQ",195,196.85,191.21,195.25,195.9,197.19,933719,1814.03,"24-Jul-2026",11736,"",""
"2130","PAGEIND","EQ",40105,40480,39780,40275,40000,40270,28105,11312.47,"24-Jul-2026",10127,"",""
"2131","PAISALO","EQ",71.8,73.88,69.65,70.17,69.75,72.49,13674419,9829.75,"24-Jul-2026",37460,"",""
"2132","PAKKA","EQ",72.35,72.35,70.01,71.49,71.31,71.52,34937,24.78,"24-Jul-2026",609,"",""
"2133","PALASHSECU","EQ",89.2,89.5,88.05,88.31,88.31,90.11,515,0.46,"24-Jul-2026",114,"",""
"2134","PALREDTEC","BE",46.41,46.41,45.51,45.51,45.51,46.41,774,0.36,"24-Jul-2026",19,"",""
"2135","PANACEABIO","EQ",440,449,433,441.2,442.05,445.4,172526,759.63,"24-Jul-2026",5763,"",""
"2136","PANACHE","BE",416.25,438.95,407.3,418.4,424.9,428.7,15772,65.95,"24-Jul-2026",167,"",""
"2137","PANAMAPET","EQ",502,518.5,490.15,498.25,497.1,500.75,1047958,5281.24,"24-Jul-2026",31485,"",""
"2138","PANSARI","EQ",357,362,352.05,355.2,354.8,357.6,1923,6.85,"24-Jul-2026",92,"",""
"2139","PAR","EQ",96.31,96.99,93.21,93.79,93.5,96.18,12063,11.45,"24-Jul-2026",233,"",""
"2140","PARACABLES","EQ",60.7,62.27,59.5,61.64,61.9,62.28,1393474,848.87,"24-Jul-2026",6891,"",""
"2141","PARADEEP","EQ",135.1,136.95,132.9,136.07,136.25,136.31,1765247,2381.21,"24-Jul-2026",21691,"",""
"2142","PARAGMILK","EQ",215,215,210.1,214.2,215,215.16,282921,602.71,"24-Jul-2026",4118,"",""
"2143","PARAGON","SM",48.5,48.5,47.3,47.3,47.3,48.5,2400,1.15,"24-Jul-2026",2,"",""
"2144","PARAMOUNT","ST",35.5,35.5,35.5,35.5,35.5,37,1200,0.43,"24-Jul-2026",1,"",""
"2145","PARAS","EQ",1183,1205,1152.4,1195.2,1198,1197.5,680838,8049.97,"24-Jul-2026",27959,"",""
"2146","PARASPETRO","EQ",2.02,2.02,1.96,1.99,2,1.99,62965,1.25,"24-Jul-2026",142,"",""
"2147","PARIN","SM",728.8,728.8,728.8,728.8,728.8,730,250,1.82,"24-Jul-2026",1,"",""
"2148","PARKHOSPS","EQ",283,283,276,280.25,282.9,283.8,194207,542.07,"24-Jul-2026",5907,"",""
"2149","PARKHOTELS","EQ",121.49,123.45,120.06,122.39,121.7,123.36,140321,170.68,"24-Jul-2026",3965,"",""
"2150","PARSVNATH","BE",1.95,1.95,1.95,1.95,1.95,1.98,207082,4.04,"24-Jul-2026",128,"",""
"2151","PARTH","SM",460,474,450,470.7,474,478.35,12800,58.83,"24-Jul-2026",21,"",""
"2152","PARTYCRUS","SM",88,90,88,90,90,90,18000,16.16,"24-Jul-2026",5,"",""
"2153","PASHUPATI","EQ",87.5,87.55,86.05,87.09,87.4,86.99,28377,24.75,"24-Jul-2026",830,"",""
"2154","PASUPTAC","BE",56.3,58.9,56.3,57.91,58.78,57.9,32496,18.65,"24-Jul-2026",220,"",""
"2155","PATANJALI","EQ",336.35,342.9,330.8,340.95,340.65,337.65,5715863,19380.67,"24-Jul-2026",54170,"",""
"2156","PATELENG","EQ",28.1,28.83,27.65,28.02,28.02,28.05,6877588,1934.31,"24-Jul-2026",16252,"",""
"2157","PATELRMART","EQ",220,224.5,217,223.44,223.99,221.57,54148,119.49,"24-Jul-2026",2220,"",""
"2158","PATILAUTOM","ST",189,190,184,184.2,184.05,189.95,25200,47.15,"24-Jul-2026",26,"",""
"2159","PATINTLOG","BE",14,14,13.72,13.82,13.94,14.27,78035,10.82,"24-Jul-2026",225,"",""
"2160","PAUSHAKLTD","EQ",543.3,572,538.1,562.45,562,546,22691,125.62,"24-Jul-2026",1783,"",""
"2161","PAVNAIND","EQ",15.61,16.49,15.61,16.09,16.2,15.92,21107,3.38,"24-Jul-2026",161,"",""
"2162","PAYTM","EQ",1246,1296.7,1236.5,1283.2,1283,1256.8,3609944,45837.71,"24-Jul-2026",111522,"",""
"2163","PCBL","EQ",318.9,320.35,307.4,317.9,318.9,319.6,1308687,4112.37,"24-Jul-2026",22936,"",""
"2164","PCCL","SM",259.5,273.45,259.5,269.1,269.5,255,8800,23.65,"24-Jul-2026",22,"",""
"2165","PCJEWELLER","EQ",9.37,9.5,9.15,9.28,9.31,9.35,266635676,24789.98,"24-Jul-2026",80177,"",""
"2166","PDMJEPAPER","EQ",93,93.4,89.41,91.72,91.5,93.24,177844,162.4,"24-Jul-2026",2561,"",""
"2167","PDSL","EQ",354,356.75,347.3,352,351.5,356.5,285160,1004.09,"24-Jul-2026",14350,"",""
"2168","PEARLPOLY","BE",17.1,17.3,16.4,17.2,17.2,17.13,5213,0.87,"24-Jul-2026",29,"",""
"2169","PENIND","EQ",163.08,164.32,160,162.84,163.36,163.06,169251,274.18,"24-Jul-2026",2851,"",""
"2170","PENINLAND","BE",16.33,16.33,16.09,16.09,16.09,16.41,25480,4.1,"24-Jul-2026",58,"",""
"2171","PENTAGON","SM",49.15,53.95,49.15,53.95,53.95,53.95,2000,1.03,"24-Jul-2026",2,"",""
"2172","PERFECT","SZ",2.75,2.75,2.75,2.75,2.75,2.85,3000,0.08,"24-Jul-2026",1,"",""
"2173","PERSISTENT","EQ",4974.1,5217.8,4965.1,5200.5,5195,5001.9,732328,37589.11,"24-Jul-2026",55582,"",""
"2174","PETRONET","EQ",268.95,275.15,267.9,274.7,274.45,269.45,2466930,6738.53,"24-Jul-2026",24013,"",""
"2175","PFC","EQ",406,414.15,405.3,411.9,412.5,410.05,4851080,19898.25,"24-Jul-2026",53769,"",""
"2176","PFIZER","EQ",4601.2,4648.7,4554,4623.6,4633.1,4652.4,15577,718.33,"24-Jul-2026",4488,"",""
"2177","PFOCUS","EQ",286.6,292.25,283.51,289.29,291,286.52,524647,1511.58,"24-Jul-2026",10678,"",""
"2178","PFS","EQ",29.22,29.53,28.92,29.28,29.32,29.54,379611,110.84,"24-Jul-2026",1857,"",""
"2179","PGEL","EQ",570.95,575.9,561.4,572.45,574.55,576.65,870572,4957.64,"24-Jul-2026",16554,"",""
"2180","PGHH","EQ",8910,9027.5,8910,8974.5,9000,8984,15433,1383.74,"24-Jul-2026",2719,"",""
"2181","PGHL","EQ",6673.5,6745,6631.5,6714,6745,6703.5,3296,220.49,"24-Jul-2026",1317,"",""
"2182","PGIL","EQ",1936.9,1997.8,1932.1,1974.5,1977,1949.8,61015,1200.9,"24-Jul-2026",8726,"",""
"2183","PGINVIT","IV",99.55,100.34,99.51,100.26,100.3,99.58,1525517,1524.7,"24-Jul-2026",6717,"",""
"2184","PHANTOMFX","SM",172.2,176.4,170,171.35,172,172.2,9900,16.97,"24-Jul-2026",32,"",""
"2185","PHARMABEES","EQ",26.32,26.59,26.02,26.28,26.3,26.32,2846354,747.7,"24-Jul-2026",8494,"",""
"2186","PHOENIXLTD","EQ",2014,2035.4,1978.3,2010.7,2022,2035.6,1100435,22078.55,"24-Jul-2026",39261,"",""
"2187","PHOGLOBAL","SM",15.65,15.9,15.3,15.9,15.9,16.95,20000,3.11,"24-Jul-2026",10,"",""
"2188","PICCADIL","EQ",736.75,739.9,721,737.2,739,736.75,138360,1011.06,"24-Jul-2026",6981,"",""
"2189","PIDILITIND","EQ",1562,1585,1537.1,1570.9,1572.1,1564.2,2199982,34421.85,"24-Jul-2026",53164,"",""
"2190","PIGL","EQ",111.64,111.66,101.41,105.29,105.3,109.56,186532,195.41,"24-Jul-2026",3681,"",""
"2191","PIIND","EQ",2706,2773.3,2703.3,2731.2,2727.7,2742.6,239371,6580.46,"24-Jul-2026",22190,"",""
"2192","PILANIINVS","EQ",4249.9,4334.9,4240.5,4311.4,4325,4303.2,928,39.8,"24-Jul-2026",178,"",""
"2193","PILITA","BE",8.9,9,8.78,8.88,8.92,8.9,16436,1.45,"24-Jul-2026",63,"",""
"2194","PINELABS","EQ",146.23,147.4,142.8,145.67,146,147.48,7741143,11240.81,"24-Jul-2026",39721,"",""
"2195","PIONEEREMB","EQ",22.38,22.4,21.5,22.05,21.8,21.83,3343,0.73,"24-Jul-2026",33,"",""
"2196","PIONRINV","EQ",97.73,97.73,91.7,94.14,93.16,97.25,7513,7.05,"24-Jul-2026",177,"",""
"2197","PIRAMALFIN","EQ",2106.1,2112.9,2046,2085.4,2074,2106.1,204392,4231.43,"24-Jul-2026",14545,"",""
"2198","PITTIENG","EQ",913.65,926.8,900,920.65,919,913.65,21212,194.19,"24-Jul-2026",2190,"",""
"2199","PIXTRANS","EQ",1782,1792.1,1750.4,1766.1,1769.9,1790,11270,198.94,"24-Jul-2026",1750,"",""
"2200","PKTEA","EQ",712.3,728,605,677.15,679,743.4,2063,13.64,"24-Jul-2026",157,"",""
"2201","PLASTIBLEN","EQ",186.37,190.89,185.57,188.85,189.89,189.77,75608,142.44,"24-Jul-2026",1674,"",""
"2202","PLATIND","EQ",226.5,230,222.5,227.82,227.87,228.85,47451,107.54,"24-Jul-2026",2600,"",""
"2203","PLAZACABLE","BE",43.21,43.21,40.55,42.9,42.56,42.35,14504,6.02,"24-Jul-2026",140,"",""
"2204","PML","EQ",497.75,497.75,480,485.6,493.5,485.25,142,0.69,"24-Jul-2026",11,"",""
"2205","PNB","EQ",109,110.64,108.71,110.38,110.35,110.15,11902256,13078.1,"24-Jul-2026",47652,"",""
"2206","PNBGILTS","EQ",84.95,86.75,83.12,85.51,85.15,84.55,310440,264.29,"24-Jul-2026",3524,"",""
"2207","PNBHOUSING","EQ",1055,1080,1043,1058,1061,1066.8,429139,4531.56,"24-Jul-2026",22806,"",""
"2208","PNC","EQ",19.67,20,18.9,19.35,19.5,19.28,5189,1.01,"24-Jul-2026",141,"",""
"2209","PNCINFRA","EQ",231.95,240.11,229.65,238.21,238.81,234.03,348936,825.01,"24-Jul-2026",13423,"",""
"2210","PNGJL","EQ",650.65,654.2,630.35,647,646,650.6,392452,2524.07,"24-Jul-2026",14232,"",""
"2211","PNGSREVA","EQ",394.95,413.6,394.95,405.95,406.95,410.3,44627,179.91,"24-Jul-2026",2397,"",""
"2212","POCL","EQ",526.3,535,512,526.2,528,531.3,399659,2087.99,"24-Jul-2026",11912,"",""
"2213","PODDARMENT","EQ",261.27,265.93,258,263.98,264,261.61,5129,13.39,"24-Jul-2026",165,"",""
"2214","POKARNA","EQ",938.8,939,909.6,926.5,924,936.6,37000,341.5,"24-Jul-2026",4068,"",""
"2215","POLICYBZR","EQ",1516.7,1546.6,1502.1,1537.2,1536,1526.7,1154630,17591.14,"24-Jul-2026",55517,"",""
"2216","POLYCAB","EQ",8900,8970,8841,8907.5,8900,8935,189569,16892.65,"24-Jul-2026",28412,"",""
"2217","POLYMED","EQ",1621.4,1676,1611.1,1664,1663.8,1630.3,59004,973.88,"24-Jul-2026",9553,"",""
"2218","POLYPLEX","EQ",1150,1150,1110.15,1128.95,1140,1142.15,101805,1145.49,"24-Jul-2026",6536,"",""
"2219","POLYSIL","SM",115,115,112,112,112,116.1,1500,1.7,"24-Jul-2026",3,"",""
"2220","PONNIERODE","EQ",323.7,323.7,309,316,313.1,321.2,23701,74.57,"24-Jul-2026",861,"",""
"2221","POONAWALLA","EQ",464,466.3,451,459.7,457.8,464.95,623865,2853.9,"24-Jul-2026",15435,"",""
"2222","POSITRON","ST",177.95,178,177,177,177,178,2100,3.73,"24-Jul-2026",6,"",""
"2223","POWERGRID","EQ",286.5,290.05,286.4,288.2,288.55,289.8,8474555,24459.23,"24-Jul-2026",63263,"",""
"2224","POWERICA","EQ",550,575,549.05,568.25,575,552.85,150639,843.92,"24-Jul-2026",7514,"",""
"2225","POWERINDIA","EQ",32100,32395,30980,31070,31150,32065,118166,37287.02,"24-Jul-2026",38958,"",""
"2226","POWERMECH","EQ",2537,2616.4,2512.6,2593.6,2595,2555.6,58433,1499.26,"24-Jul-2026",10562,"",""
"2227","PPAP","BE",294.77,301.35,285,290.38,290,296.25,9710,28.29,"24-Jul-2026",352,"",""
"2228","PPL","BE",270.9,273,262,271.35,272.8,268.15,24686,65.98,"24-Jul-2026",326,"",""
"2229","PPLPHARMA","EQ",179.04,182.32,178.24,181.27,181.21,180.83,3895346,7041.98,"24-Jul-2026",33032,"",""
"2230","PPSL","ST",2.7,2.7,2.5,2.7,2.7,2.6,312000,8.11,"24-Jul-2026",60,"",""
"2231","PRABHA","EQ",139.92,143.98,138.18,139.86,139.1,140.39,18056,25.49,"24-Jul-2026",508,"",""
"2232","PRADPME","BE",500.05,522.4,500.05,506.45,509,513.7,3392,17.08,"24-Jul-2026",76,"",""
"2233","PRAENG","EQ",22.73,22.73,21.45,22.42,22.5,22.98,149159,32.83,"24-Jul-2026",663,"",""
"2234","PRAJIND","EQ",322,326,315.1,323.5,323.55,322.5,439056,1406.85,"24-Jul-2026",16457,"",""
"2235","PRAKASH","EQ",122.5,124.23,122.35,123.77,123.97,123.4,167798,207.43,"24-Jul-2026",1926,"",""
"2236","PRAKASHSTL","EQ",4.05,4.05,4,4.01,4.03,4.01,49703,2,"24-Jul-2026",178,"",""
"2237","PRAMARA","SM",131.5,131.85,125.5,127.8,127,127.65,25000,32.08,"24-Jul-2026",38,"",""
"2238","PRATHAM","SM",114,118,111,117.3,118,114,13200,15.33,"24-Jul-2026",19,"",""
"2239","PRAVEG","EQ",293,294.74,283,285.08,284,295.48,88092,252.93,"24-Jul-2026",1696,"",""
"2240","PRAXIS","BE",6.9,7.19,6.9,6.93,7.09,7.04,43670,3.05,"24-Jul-2026",53,"",""
"2241","PRECAM","EQ",138,139.69,133,138.65,138.01,138.28,49216,67.81,"24-Jul-2026",1680,"",""
"2242","PRECISION","SM",7.3,7.95,7.3,7.95,7.95,7.6,10000,0.78,"24-Jul-2026",5,"",""
"2243","PRECOT","EQ",813.3,831,801.05,823.75,831,825.6,2025,16.51,"24-Jul-2026",207,"",""
"2244","PRECWIRE","EQ",364.1,374,363.05,372.5,373.5,367.8,108921,402.85,"24-Jul-2026",7544,"",""
"2245","PREMCO","EQ",365,379.9,360,363.9,374.9,367,423,1.54,"24-Jul-2026",50,"",""
"2246","PREMEXPLN","EQ",660.1,674.1,657,662.1,663.5,663.6,261823,1739.25,"24-Jul-2026",5512,"",""
"2247","PREMIER","BE",2.88,2.99,2.77,2.84,2.77,2.88,1039,0.03,"24-Jul-2026",18,"",""
"2248","PREMIERENE","EQ",1020,1024.1,1007.5,1019.3,1017.4,1024.7,934272,9504.38,"24-Jul-2026",27716,"",""
"2249","PREMIERPOL","EQ",79.9,80.64,76.3,79.3,79.4,78.65,421135,330.4,"24-Jul-2026",5612,"",""
"2250","PRESSTONIC","SM",25,26.25,24.5,25.45,25.5,25.25,28800,7.23,"24-Jul-2026",29,"",""
"2251","PRESTIGE","EQ",1614.9,1618.6,1579.3,1592.8,1600,1624,793038,12637.18,"24-Jul-2026",27888,"",""
"2252","PRICOLLTD","EQ",626,633.3,613.15,628.7,629.55,626.1,501687,3135.49,"24-Jul-2026",29094,"",""
"2253","PRIMECAB","ST",178,187.45,175,175,175,178.55,38400,69.16,"24-Jul-2026",24,"",""
"2254","PRIMESECU","EQ",276,292,272.2,274.45,273.5,279.4,102738,288.47,"24-Jul-2026",3037,"",""
"2255","PRIMO","EQ",22.25,22.5,21.96,22.34,22.5,22.35,63165,14.03,"24-Jul-2026",339,"",""
"2256","PRINCEPIPE","EQ",257.25,262.6,251.5,261.2,260.9,257.2,131722,337.75,"24-Jul-2026",4611,"",""
"2257","PRITI","BE",35.55,38,35.55,37.73,37.65,37.38,3329,1.22,"24-Jul-2026",74,"",""
"2258","PRITIKAUTO","BE",17.7,18.15,17.06,18.01,18.15,17.8,73448,13.01,"24-Jul-2026",402,"",""
"2259","PRIVISCL","EQ",3555,3622,3491,3595.2,3576.5,3585.9,65489,2337.52,"24-Jul-2026",7997,"",""
"2260","PRIZOR","ST",859.8,859.8,845,845,845,860,6000,51.5,"24-Jul-2026",14,"",""
"2261","PRLIND","SM",45,45.75,44.8,45.3,45.75,45.1,15000,6.78,"24-Jul-2026",8,"",""
"2262","PROFX","SM",71.6,75,71.6,72,72,71,6400,4.69,"24-Jul-2026",4,"",""
"2263","PROPEQUITY","SM",222,222,221.9,221.9,221.9,221.9,3600,7.99,"24-Jul-2026",3,"",""
"2264","PROSTARM","EQ",120.65,124.85,119.24,123.67,124.85,121.65,125192,152.17,"24-Jul-2026",2371,"",""
"2265","PROTEAN","EQ",568.05,600.3,565,593.9,594,571.7,488295,2876.62,"24-Jul-2026",16678,"",""
"2266","PROZONER","EQ",44.91,45.49,43.26,43.8,43.52,44.91,184409,81.38,"24-Jul-2026",1616,"",""
"2267","PRSMJOHNSN","EQ",107.5,109.5,106.01,108.02,109.5,108.02,89164,95.55,"24-Jul-2026",2532,"",""
"2268","PRUDENT","EQ",2895,2895,2762,2858.9,2890,2871.4,59039,1653.42,"24-Jul-2026",10754,"",""
"2269","PRUDMOULI","BE",13.25,13.88,12.92,12.92,12.92,13.25,6918,0.93,"24-Jul-2026",15,"",""
"2270","PSB","EQ",24.01,24.05,23.41,23.77,23.94,24.14,1249417,295.57,"24-Jul-2026",5032,"",""
"2271","PSFL","SM",30.6,31,30.6,31,31,31.05,16000,4.95,"24-Jul-2026",8,"",""
"2272","PSPPROJECT","EQ",972.6,1039.9,972.6,1031.2,1036.9,987.4,126098,1278.32,"24-Jul-2026",7785,"",""
"2273","PSRAJ","ST",86.3,86.3,86,86.3,86.3,411,10000,8.62,"24-Jul-2026",4,"",""
"2274","PSUBANK","EQ",83.33,83.95,82.26,83.49,83.95,83,271305,225.89,"24-Jul-2026",638,"",""
"2275","PSUBANKADD","EQ",83.29,85.7,83.15,84.48,85.7,84.03,22612,18.97,"24-Jul-2026",390,"",""
"2276","PSUBNKBEES","EQ",92.68,93.68,91.8,93.42,93.36,92.88,1394395,1290.47,"24-Jul-2026",5445,"",""
"2277","PSUBNKIETF","EQ",84.22,84.93,83.35,84.71,84.59,84.42,143188,120.59,"24-Jul-2026",921,"",""
"2278","PTC","EQ",168,168.18,163.8,164.4,165.04,168.38,1325001,2185.32,"24-Jul-2026",14883,"",""
"2279","PTCIL","EQ",17874,17965,17536,17732,17705,17836,15178,2682.68,"24-Jul-2026",4918,"",""
"2280","PTL","EQ",39.1,40.11,39.1,39.26,39.21,39.32,22059,8.66,"24-Jul-2026",487,"",""
"2281","PUNJABCHEM","EQ",1128.1,1134.3,1108,1121.6,1125,1136.2,2432,27.22,"24-Jul-2026",580,"",""
"2282","PURPLEUTED","ST",340,355,332,341.35,355,345.85,15250,51.52,"24-Jul-2026",44,"",""
"2283","PURVA","EQ",210,214.69,209,213.35,212.1,211.7,101573,215.42,"24-Jul-2026",3219,"",""
"2284","PURVFLEXI","ST",44.1,44.1,44.1,44.1,44.1,45.95,800,0.35,"24-Jul-2026",1,"",""
"2285","PUSHPA","SM",109.9,111,109.7,111,111,114.55,5000,5.52,"24-Jul-2026",5,"",""
"2286","PVP","EQ",27.72,28.04,27.06,27.31,27.5,27.72,176625,48.66,"24-Jul-2026",1190,"",""
"2287","PVRINOX","EQ",1010,1070,1008.2,1063.95,1055,1007.4,1849646,19392.86,"24-Jul-2026",68487,"",""
"2288","PVSL","EQ",103.8,108,103.4,106.01,106.83,105.33,56743,60.19,"24-Jul-2026",997,"",""
"2289","PVTBANIETF","EQ",27.98,27.98,27.04,27.56,27.58,27.51,13974348,3823.19,"24-Jul-2026",3301,"",""
"2290","PVTBANK","EQ",27.28,27.44,27.04,27.41,27.44,27.29,22534,6.14,"24-Jul-2026",39,"",""
"2291","PVTBANKADD","EQ",27.62,28,27.44,27.74,28,27.69,47235,13.06,"24-Jul-2026",161,"",""
"2292","PVTBKGROWW","EQ",27.41,27.52,26.85,27.35,27.48,27.27,29009,7.93,"24-Jul-2026",618,"",""
"2293","PWL","EQ",132.6,132.6,124.81,128.05,127,133.25,12191137,15554.32,"24-Jul-2026",98795,"",""
"2294","PYRAMID","EQ",163.19,165.58,158.95,164.21,163,162.92,41343,66.97,"24-Jul-2026",916,"",""
"2295","QGOLDHALF","EQ",118.36,118.36,116.98,118.07,118.15,118.87,120432,141.6,"24-Jul-2026",1108,"",""
"2296","QLINE","SM",497.95,508.7,487,505.75,508.5,498.9,153200,762.61,"24-Jul-2026",259,"",""
"2297","QMSMEDI","EQ",112.89,117,108.25,110.6,113,108.18,18570,20.84,"24-Jul-2026",774,"",""
"2298","QNIFTY","EQ",263.75,263.75,260,261.6,261.6,262.44,1564,4.08,"24-Jul-2026",117,"",""
"2299","QPOWER","BE",1090,1118,1062.1,1105.4,1110,1100.9,82382,898.61,"24-Jul-2026",3227,"",""
"2300","QUADFUTURE","EQ",376.75,381.85,338.8,361.05,361.2,381.1,1318885,4718.31,"24-Jul-2026",32118,"",""
"2301","QUAL30IETF","EQ",20.78,20.98,20.72,20.94,20.98,20.78,86838,18.13,"24-Jul-2026",233,"",""
"2302","QUALITY30","EQ",20.42,20.54,20.3,20.46,20.46,20.43,2243,0.46,"24-Jul-2026",21,"",""
"2303","QUESS","EQ",299.8,299.8,292,295.4,294.1,297.65,115166,339.63,"24-Jul-2026",6353,"",""
"2304","QUESTLAB","SM",92.9,93,92.75,92.95,93,92.9,18000,16.73,"24-Jul-2026",15,"",""
"2305","QUICKHEAL","BE",153,153,149.1,152.72,153,153.28,35359,53.5,"24-Jul-2026",763,"",""
"2306","QUICKTOUCH","SM",23.15,23.15,22,22,22,23.15,3500,0.8,"24-Jul-2026",3,"",""
"2307","QUINT","EQ",38.64,38.64,38.64,38.64,38.64,38.16,210,0.08,"24-Jul-2026",4,"",""
"2308","QVCEL","SM",21.75,23.55,21.75,23.55,23.55,22.45,6400,1.45,"24-Jul-2026",4,"",""
"2309","RACE","EQ",108,110.97,107.02,109.25,109.77,108.29,215,0.24,"24-Jul-2026",16,"",""
"2310","RACLGEAR","EQ",1325.5,1326.4,1285.1,1315.5,1316.2,1325.5,15982,208.64,"24-Jul-2026",2265,"",""
"2311","RADAAN","EQ",2.98,2.98,2.78,2.88,2.98,2.91,19992,0.57,"24-Jul-2026",174,"",""
"2312","RADHIKAJWE","EQ",63.66,64.75,62.2,63.63,63.83,63.97,289847,183.55,"24-Jul-2026",3950,"",""
"2313","RADIANTCMS","EQ",37.5,37.5,36.7,36.93,36.83,36.93,113215,41.85,"24-Jul-2026",1135,"",""
"2314","RADICO","EQ",4065,4118,4038.9,4091.3,4114,4065.3,343711,14035.95,"24-Jul-2026",42550,"",""
"2315","RADIOCITY","EQ",6.4,6.49,6.33,6.4,6.4,6.54,173587,11.13,"24-Jul-2026",352,"",""
"2316","RADIOWALLA","ST",28.25,28.25,28.25,28.25,28.25,28.8,1600,0.45,"24-Jul-2026",1,"",""
"2317","RAILTEL","EQ",285,287.6,279.3,284.75,286.2,287.55,695273,1967.97,"24-Jul-2026",16999,"",""
"2318","RAIN","EQ",220.2,226.8,216.36,225.23,225.15,223.44,4677755,10388.59,"24-Jul-2026",41109,"",""
"2319","RAINBOW","EQ",1463.9,1475.3,1428,1457.8,1468,1466.1,56582,820.29,"24-Jul-2026",7531,"",""
"2320","RAJESHEXPO","BZ",90.45,92.39,88.6,88.93,88.98,92.46,244231,217.97,"24-Jul-2026",1317,"",""
"2321","RAJINDLTD","SM",73,77.35,66.5,70.45,70.45,74.95,66000,46.21,"24-Jul-2026",40,"",""
"2322","RAJMET","EQ",3.4,3.43,3.22,3.36,3.38,3.41,317292,10.56,"24-Jul-2026",654,"",""
"2323","RAJOOENG","BE",54,55.08,52.85,54.35,54.47,55.08,195232,104.87,"24-Jul-2026",774,"",""
"2324","RAJPALAYAM","EQ",803.15,825,802,807.75,815,823.1,493,4.01,"24-Jul-2026",41,"",""
"2325","RAJPUTANA","SM",199.45,199.45,199.45,199.45,199.45,199.45,500,1,"24-Jul-2026",1,"",""
"2326","RAJRATAN","EQ",490,524,481.1,488.3,483.9,501.55,1415765,7145.59,"24-Jul-2026",45934,"",""
"2327","RAJRILTD","BE",21,21.15,20.84,20.84,20.84,21.26,20060,4.19,"24-Jul-2026",107,"",""
"2328","RAJSREESUG","EQ",29.85,30.45,29.4,29.97,29.84,30.32,16358,4.89,"24-Jul-2026",325,"",""
"2329","RAJTV","EQ",11.99,12,11.6,11.67,11.99,11.92,29485,3.47,"24-Jul-2026",189,"",""
"2330","RALLIS","EQ",220.05,222,216.6,218.72,218.9,221.97,760800,1665.97,"24-Jul-2026",13274,"",""
"2331","RAMANEWS","EQ",28.48,28.97,27.69,28.57,28.13,28.48,23096,6.57,"24-Jul-2026",160,"",""
"2332","RAMAPHO","EQ",124.01,138.9,121.36,131.1,131.12,125.21,153019,200.33,"24-Jul-2026",2703,"",""
"2333","RAMASTEEL","BE",4.26,4.33,4.21,4.26,4.26,4.28,1415003,60.34,"24-Jul-2026",2885,"",""
"2334","RAMBHAJO","EQ",202,202.23,192.4,194.07,194,202.34,226098,444.91,"24-Jul-2026",4544,"",""
"2335","RAMCOCEM","EQ",914.2,918,902,914.8,909.5,915.1,34800,317.84,"24-Jul-2026",5128,"",""
"2336","RAMCOIND","EQ",334.05,334.05,326,329.15,329.5,334.05,151711,499.84,"24-Jul-2026",4146,"",""
"2337","RAMCOSYS","EQ",711,727.25,710.95,710.95,710.95,789.9,227614,1628.5,"24-Jul-2026",4106,"",""
"2338","RAMKY","EQ",371.9,374.1,368,371.1,368.75,372.3,41637,154.27,"24-Jul-2026",1416,"",""
"2339","RAMRAT","EQ",407.95,416,401.35,414.1,414,407.95,47043,192.5,"24-Jul-2026",2406,"",""
"2340","RANASUG","EQ",11.8,11.87,11.52,11.78,11.76,11.64,79816,9.36,"24-Jul-2026",380,"",""
"2341","RANEHOLDIN","EQ",1715,1740,1692.2,1738.4,1738,1723.2,7386,126.95,"24-Jul-2026",1169,"",""
"2342","RAPPID","SM",330.7,348.5,330.6,337.85,337.85,330.6,9600,32.43,"24-Jul-2026",16,"",""
"2343","RATEGAIN","EQ",870,904.8,850.65,900.4,901,877.2,192327,1697.6,"24-Jul-2026",12485,"",""
"2344","RATNAMANI","EQ",2410,2447.8,2381,2394.5,2403.7,2425.2,26552,637.63,"24-Jul-2026",5718,"",""
"2345","RATNAVEER","EQ",176.5,181.46,175.07,178.61,178.66,177.47,762108,1361.97,"24-Jul-2026",9575,"",""
"2346","RAYMOND","EQ",602,602.1,581.55,588.4,588,605.6,358794,2114.96,"24-Jul-2026",13231,"",""
"2347","RAYMONDLSL","EQ",712,718.25,700.05,714.95,716.85,715.95,77620,550.66,"24-Jul-2026",4263,"",""
"2348","RAYMONDREL","EQ",640,659,627.15,654.55,656,643.9,383921,2472.88,"24-Jul-2026",12229,"",""
"2349","RBA","EQ",64.8,66,63.57,65.16,65.8,64.9,3860698,2505.13,"24-Jul-2026",10663,"",""
"2350","RBLBANK","EQ",348,354.6,347.85,352.9,352.4,353.85,2705750,9495.11,"24-Jul-2026",40584,"",""
"2351","RBMINFRA","SM",299,309.6,292,300.25,300,297.3,47800,144.88,"24-Jul-2026",195,"",""
"2352","RBS","ST",76.45,77.35,73.5,74.25,73.5,76.05,6400,4.86,"24-Jul-2026",8,"",""
"2353","RBZJEWEL","EQ",140,141.71,136.1,140.91,141.49,140.9,48185,67.48,"24-Jul-2026",2474,"",""
"2354","RCF","EQ",122.25,124.77,121.62,124.22,124.77,124.16,654634,807.13,"24-Jul-2026",7635,"",""
"2355","RCOM","BE",0.83,0.83,0.82,0.82,0.83,0.83,1742127,14.35,"24-Jul-2026",1184,"",""
"2356","READYMIX","SM",107.45,107.45,100.3,104.95,104.95,104.25,31000,32.53,"24-Jul-2026",23,"",""
"2357","RECLTD","EQ",354.9,364.5,354.9,361.6,361,358.45,4578306,16474.15,"24-Jul-2026",45391,"",""
"2358","REDINGTON","EQ",261.1,263.65,255.7,259.05,259.55,262.05,1016983,2630.4,"24-Jul-2026",31118,"",""
"2359","REDTAPE","EQ",131.99,131.99,125,126.77,127,127.83,301077,383.03,"24-Jul-2026",5776,"",""
"2360","REFEX","EQ",313.5,318.95,307,316,316,313.85,429930,1346.01,"24-Jul-2026",7304,"",""
"2361","REGAAL","BE",78,78.39,75,75.65,76,78.06,117749,90.55,"24-Jul-2026",522,"",""
"2362","REGENCERAM","EQ",34.6,36.98,32.81,33.94,33.99,34.64,4305,1.45,"24-Jul-2026",76,"",""
"2363","RELAXO","EQ",393.2,405.55,386.25,402.95,403.9,396.1,626262,2486.25,"24-Jul-2026",17252,"",""
"2364","RELCHEMQ","EQ",126.81,128.1,122.35,127.29,127.8,126.81,2838,3.55,"24-Jul-2026",114,"",""
"2365","RELIABLE","EQ",143.92,145.32,141,143.88,144.72,143.83,5297,7.6,"24-Jul-2026",154,"",""
"2366","RELIANCE","EQ",1265,1283.4,1249.8,1278,1280.5,1272.2,9817000,125099.76,"24-Jul-2026",240418,"",""
"2367","RELIGARE","EQ",250.25,259.65,249.6,258.05,257.6,253.05,1033687,2645.69,"24-Jul-2026",11944,"",""
"2368","RELTD","EQ",171.8,173.6,167.42,171.45,172,173.28,121950,208.09,"24-Jul-2026",3278,"",""
"2369","REMSONSIND","EQ",77.7,79.2,76.2,78.31,78,78.82,64864,50.37,"24-Jul-2026",1291,"",""
"2370","REMUS","SM",723,723,718.05,719.6,719.05,723.2,1900,13.7,"24-Jul-2026",16,"",""
"2371","RENUKA","EQ",21.65,22.4,21.5,22.23,22.26,21.68,3308107,723.24,"24-Jul-2026",6749,"",""
"2372","REPCOHOME","EQ",390.55,391.6,384,388.4,389,390.55,65396,253.69,"24-Jul-2026",1878,"",""
"2373","REPL","BE",65.82,66.79,63.55,65.43,65.43,65.88,1658,1.07,"24-Jul-2026",27,"",""
"2374","REPRO","EQ",375,375.65,369.65,371.9,370,370.25,5059,18.76,"24-Jul-2026",204,"",""
"2375","RESPONIND","EQ",176.2,177.25,172.98,176.02,175,176.97,114048,199.79,"24-Jul-2026",2598,"",""
"2376","RETAIL","EQ",16.75,17.39,16.56,16.65,16.65,16.66,598,0.1,"24-Jul-2026",18,"",""
"2377","RFBL","ST",92.4,92.4,92,92.4,92.4,88,24000,22.15,"24-Jul-2026",6,"",""
"2378","RGL","EQ",117.99,118.7,116.01,118.11,118.7,118.1,165862,194.97,"24-Jul-2026",1642,"",""
"2379","RHETAN","EQ",28.4,29.18,28.21,28.35,28.22,28.57,3457900,984.74,"24-Jul-2026",4315,"",""
"2380","RHFL","BZ",1.99,2,1.94,1.96,1.97,1.99,429787,8.43,"24-Jul-2026",649,"",""
"2381","RHIM","EQ",396.05,404.45,388.25,398.95,400.95,395.6,745087,2950.15,"24-Jul-2026",18834,"",""
"2382","RHL","EQ",167.57,168.55,165.98,167.34,167.15,168.81,3943,6.57,"24-Jul-2026",88,"",""
"2383","RICOAUTO","EQ",134,141.9,132.07,139.07,138.62,135.43,3252527,4500.84,"24-Jul-2026",28160,"",""
"2384","RIIL","EQ",736,741.95,719.45,729.55,729.1,742.15,100144,729.57,"24-Jul-2026",4972,"",""
"2385","RIIT","IV",116.92,117,114.99,115.64,115.55,116.19,278932,324.87,"24-Jul-2026",11623,"",""
"2386","RILINFRA","SM",39,40,39,39.5,39.5,39.6,7300,2.88,"24-Jul-2026",34,"",""
"2387","RIR","EQ",157,158,155.1,157.51,157.85,157.66,56559,88.57,"24-Jul-2026",1651,"",""
"2388","RISHABH","EQ",622.2,633.05,612,622.3,623,632.25,106428,661.3,"24-Jul-2026",5585,"",""
"2389","RITCO","EQ",290.05,305,290,297.2,297.1,294.3,196846,588.66,"24-Jul-2026",4808,"",""
"2390","RITES","EQ",211.11,214.71,210.24,213.7,214,213.37,351076,746.43,"24-Jul-2026",8596,"",""
"2391","RITEZONE","ST",20.5,20.5,20.5,20.5,20.5,21.55,8000,1.64,"24-Jul-2026",4,"",""
"2392","RKDL","EQ",19.81,19.98,18.96,19.91,19.62,19.72,46872,9.25,"24-Jul-2026",121,"",""
"2393","RKEC","EQ",28.07,28.3,26.08,26.73,26.85,27.71,40232,10.97,"24-Jul-2026",262,"",""
"2394","RKFORGE","EQ",583,588.9,569.6,580.7,584.5,584,3245747,18784.29,"24-Jul-2026",51882,"",""
"2395","RKSWAMY","EQ",101.87,103.3,99.92,101.37,101,99.86,83008,84.17,"24-Jul-2026",1409,"",""
"2396","RMC","EQ",267.9,270.9,262.9,268.05,269.9,268,18124,48.68,"24-Jul-2026",797,"",""
"2397","RMDRIP","EQ",17.7,18.4,17.68,18.11,18.3,18.07,1461146,263.6,"24-Jul-2026",1939,"",""
"2398","RML","EQ",1121,1142.9,1105.1,1130.4,1132,1124.8,14317,161.24,"24-Jul-2026",2451,"",""
"2399","RNBDENIMS","EQ",9.52,9.52,9.15,9.27,9.3,9.42,143563,13.31,"24-Jul-2026",858,"",""
"2400","RNFI","SM",262.25,273.95,262,268.75,273.95,266.1,17400,46.33,"24-Jul-2026",19,"",""
"2401","RNPL","SM",78,78,78,78,78,74.85,1200,0.94,"24-Jul-2026",1,"",""
"2402","ROCKINGDCE","SM",171.9,180,170,177.65,180,180,2500,4.33,"24-Jul-2026",10,"",""
"2403","ROHLTD","EQ",311,314.5,306,310.95,313.95,312.35,17182,53.3,"24-Jul-2026",707,"",""
"2404","ROLEXRINGS","EQ",137.04,140,134.55,139.64,139.5,137.05,892279,1227.96,"24-Jul-2026",11242,"",""
"2405","ROLLT","BE",2.19,2.23,2.1,2.17,2.17,2.16,57893,1.26,"24-Jul-2026",85,"",""
"2406","ROML","EQ",44.02,44.81,43.57,44.51,44.5,44.45,2720,1.2,"24-Jul-2026",46,"",""
"2407","ROSSARI","EQ",495,497.75,487,489.8,490,491.95,71170,350.02,"24-Jul-2026",3024,"",""
"2408","ROSSELLIND","EQ",60.3,60.6,57.5,58.94,59.89,60.01,44757,26.3,"24-Jul-2026",1089,"",""
"2409","ROSSTECH","EQ",972,989,950,983.3,987,974.45,62779,607.69,"24-Jul-2026",4766,"",""
"2410","ROTO","EQ",66,68.5,65.76,68.08,68.15,67.31,315528,211.82,"24-Jul-2026",2799,"",""
"2411","ROUTE","EQ",589.5,609.9,562,568.55,564,600.45,4437820,25867.42,"24-Jul-2026",87358,"",""
"2412","ROXHITECH","ST",37.65,39.9,37.65,38.75,39.9,39.35,3200,1.24,"24-Jul-2026",2,"",""
"2413","ROYALARC","SM",151,151,148,148,148,147.2,2400,3.59,"24-Jul-2026",2,"",""
"2414","RPEL","EQ",1275,1309.9,1275,1303.2,1309.5,1292.2,48925,632.69,"24-Jul-2026",4519,"",""
"2415","RPGLIFE","EQ",2870,3010.2,2800,2937,2900,2902.5,12138,352.31,"24-Jul-2026",1917,"",""
"2416","RPOWER","EQ",23.86,24.4,23.14,24.06,24.19,23.44,23575748,5566.13,"24-Jul-2026",32324,"",""
"2417","RPPINFRA","EQ",61.5,62,60.8,61.5,61.99,61.79,20904,12.84,"24-Jul-2026",444,"",""
"2418","RPPL","EQ",22.4,22.4,21.08,21.47,22.4,21.96,54235,11.65,"24-Jul-2026",380,"",""
"2419","RPSGVENT","EQ",903,903,890.2,893.95,892.6,900.6,7077,63.19,"24-Jul-2026",530,"",""
"2420","RPTECH","EQ",749.75,787.95,749.75,779.85,777.8,761.55,511769,3956.97,"24-Jul-2026",24343,"",""
"2421","RRIL","EQ",16.55,16.94,16.01,16.63,16.77,16.67,21307,3.52,"24-Jul-2026",98,"",""
"2422","RRKABEL","EQ",2379.9,2506,2330.2,2493.6,2506,2378.3,943722,23080.36,"24-Jul-2026",58212,"",""
"2423","RSDFIN","EQ",82.81,82.81,82.81,82.81,82.81,82.82,4,0,"24-Jul-2026",2,"",""
"2424","RSL","EQ",132,134.24,130,132.72,133.99,134.24,160809,214,"24-Jul-2026",1983,"",""
"2425","RSSOFTWARE","BE",31.22,31.8,31.22,31.26,31.26,31.85,11890,3.72,"24-Jul-2026",53,"",""
"2426","RSWM","BE",209,214.71,208.01,211.71,211.5,212.13,17450,36.81,"24-Jul-2026",190,"",""
"2427","RSYSTEMS","EQ",248.01,248.01,241.14,245.51,247.02,248.64,178765,436.04,"24-Jul-2026",4786,"",""
"2428","RTL","SM",78,78,78,78,78,81.05,2000,1.56,"24-Jul-2026",1,"",""
"2429","RTNINDIA","EQ",31.52,31.9,30.71,31.6,31.89,31.52,737118,231.1,"24-Jul-2026",4469,"",""
"2430","RTNPOWER","EQ",8.52,9.19,8.4,8.63,8.7,8.54,24274112,2117.9,"24-Jul-2026",29118,"",""
"2431","RUBFILA","EQ",72.76,73.8,72,73.08,73.75,72.75,6158,4.46,"24-Jul-2026",153,"",""
"2432","RUBICON","EQ",1529.7,1560,1489.5,1520.2,1522,1525.4,183736,2787.9,"24-Jul-2026",12224,"",""
"2433","RUBYMILLS","BE",415.9,415.9,395.2,407.35,407,416,62701,256.01,"24-Jul-2026",291,"",""
"2434","RUCHINFRA","EQ",6.15,6.15,5.76,5.99,6,5.95,53651,3.22,"24-Jul-2026",178,"",""
"2435","RUCHIRA","EQ",108.07,108.29,106,106.47,106.33,108.07,22322,23.83,"24-Jul-2026",472,"",""
"2436","RUDRA","BE",16.18,16.49,16.01,16.22,16.49,16.18,11014,1.78,"24-Jul-2026",70,"",""
"2437","RULKA","SM",102.9,102.9,99,100,100,102.4,3900,3.93,"24-Jul-2026",13,"",""
"2438","RUPA","EQ",161.2,164.48,160.4,163.19,163.1,162.61,57237,92.88,"24-Jul-2026",1954,"",""
"2439","RUSHIL","EQ",17,18.44,16.5,17.76,18.1,16.98,2305661,401.66,"24-Jul-2026",4132,"",""
"2440","RUSTOMJEE","EQ",404.85,405,395.3,399.75,398,401.65,8024,32.07,"24-Jul-2026",819,"",""
"2441","RVHL","EQ",45.99,46,45,45.87,46,45.59,3043,1.39,"24-Jul-2026",58,"",""
"2442","RVNL","EQ",221.9,225.98,220.84,224.53,224.48,224.13,5204038,11639.95,"24-Jul-2026",38768,"",""
"2443","RVTH","EQ",695.3,706,675,685.05,685.05,690.8,165,1.13,"24-Jul-2026",25,"",""
"2444","S&SPOWER","EQ",344.6,358,340,347.3,354.3,344.65,4791,16.88,"24-Jul-2026",153,"",""
"2445","SAAKSHI","ST",302.3,302.3,296,299.9,299.9,309.9,4200,12.53,"24-Jul-2026",7,"",""
"2446","SAATVIKGL","EQ",435,442.95,430.45,440.55,442.95,437.15,50435,220.04,"24-Jul-2026",2775,"",""
"2447","SABAR","SM",5.45,5.5,5.45,5.45,5.45,5.25,25000,1.37,"24-Jul-2026",4,"",""
"2448","SABEVENTS","EQ",7.9,7.91,7.31,7.67,7.8,7.58,9282,0.7,"24-Jul-2026",60,"",""
"2449","SACHEEROME","SM",405,428,400,422.95,425,413.5,26700,109.88,"24-Jul-2026",80,"",""
"2450","SADBHAV","EQ",7.98,7.99,7.7,7.9,7.92,7.84,81419,6.36,"24-Jul-2026",275,"",""
"2451","SADBHIN","BE",2.25,2.29,2.17,2.26,2.28,2.28,147655,3.28,"24-Jul-2026",193,"",""
"2452","SADHNANIQ","BE",2.74,2.74,2.74,2.74,2.74,2.79,1366811,37.45,"24-Jul-2026",276,"",""
"2453","SAFARI","EQ",1543.9,1562.4,1530,1538.9,1540,1551.6,12888,198.58,"24-Jul-2026",2204,"",""
"2454","SAFEENTP","SM",255.65,257.05,250,252.15,250,258,30000,76.31,"24-Jul-2026",50,"",""
"2455","SAGARDEEP","EQ",25.06,25.5,24.5,25.16,24.98,25.06,7277,1.8,"24-Jul-2026",75,"",""
"2456","SAGCEM","EQ",175,179.04,174.03,177.54,178.99,176.6,23592,41.71,"24-Jul-2026",756,"",""
"2457","SAGILITY","EQ",41.34,41.57,40.28,40.42,40.48,41.32,18644024,7569.57,"24-Jul-2026",54948,"",""
"2458","SAHAJSOLAR","SM",121,125.2,121,124.35,125.2,123,5600,6.92,"24-Jul-2026",14,"",""
"2459","SAHANA","SM",892,900,890,893.8,898.5,892.9,8000,71.5,"24-Jul-2026",50,"",""
"2460","SAHASRA","ST",309.05,311.2,309.05,311,311,312.4,7600,23.61,"24-Jul-2026",16,"",""
"2461","SAHLIBHFI","EQ",79.34,79.34,77.7,77.93,77.93,79.34,589,0.46,"24-Jul-2026",39,"",""
"2462","SAHYADRI","EQ",276.3,282.95,270.05,281.25,281.95,279.15,11721,32.42,"24-Jul-2026",323,"",""
"2463","SAIFL","SM",5.05,5.1,4.95,5.1,5,5,248000,12.47,"24-Jul-2026",47,"",""
"2464","SAIL","EQ",160.25,162.8,158.01,161.45,161.37,160.91,8938065,14379.19,"24-Jul-2026",44625,"",""
"2465","SAILIFE","EQ",1225.4,1242.3,1223.8,1232.9,1230,1240.3,273980,3379.54,"24-Jul-2026",22186,"",""
"2466","SAIPARENT","EQ",535.85,546.05,529,535.6,539.1,539.7,63939,343.41,"24-Jul-2026",3535,"",""
"2467","SAJHOTELS","ST",36.2,37,36.2,36.5,36.5,38.1,8000,2.92,"24-Jul-2026",4,"",""
"2468","SAKAR","EQ",845,876,785.6,802.2,804,827.6,547254,4481.03,"24-Jul-2026",35430,"",""
"2469","SAKHTISUG","EQ",17.39,17.39,16.78,17.28,17.3,17.06,75811,12.96,"24-Jul-2026",301,"",""
"2470","SAKSOFT","EQ",164.59,170,160.5,168.3,170,164.59,932311,1539.53,"24-Jul-2026",11396,"",""
"2471","SAKUMA","BE",1.65,1.68,1.62,1.64,1.65,1.67,344729,5.72,"24-Jul-2026",556,"",""
"2472","SALASAR","EQ",5.81,6.03,5.81,5.97,6.03,5.9,2362332,139.78,"24-Jul-2026",2394,"",""
"2473","SALONA","EQ",252,254.9,245.15,248.8,247,255.05,2240,5.59,"24-Jul-2026",101,"",""
"2474","SALSTEEL","BE",56.4,57.2,54.66,56.71,57.2,56.43,43019,24.31,"24-Jul-2026",168,"",""
"2475","SALZERELEC","EQ",573,586.95,571.15,575.95,577,578.1,29366,169.91,"24-Jul-2026",1917,"",""
"2476","SAMAY","ST",41.55,41.55,41.55,41.55,41.55,43.7,8000,3.32,"24-Jul-2026",2,"",""
"2477","SAMBHAAV","EQ",6.28,6.28,6.11,6.11,6.11,6.14,48447,2.98,"24-Jul-2026",44,"",""
"2478","SAMBHV","EQ",116,116.55,113,115.92,116.1,115.25,606802,695.82,"24-Jul-2026",5519,"",""
"2479","SAMHI","EQ",168,180,167.08,177.66,176.5,169.87,1245766,2164.71,"24-Jul-2026",22861,"",""
"2480","SAMMAANCAP","EQ",157.79,161,154.49,160.64,160.5,157.94,9791627,15405.79,"24-Jul-2026",30985,"",""
"2481","SAMPANN","EQ",26.31,27.84,26.31,27.57,27.65,27.25,20823,5.7,"24-Jul-2026",229,"",""
"2482","SANATHAN","EQ",497.95,499,475,483,487,483.6,44303,214.81,"24-Jul-2026",3489,"",""
"2483","SANDESH","EQ",965,979.4,949,979,979,966.6,88,0.85,"24-Jul-2026",23,"",""
"2484","SANDHAR","EQ",584.65,598.25,575,593.95,593,585.7,97744,576.25,"24-Jul-2026",5901,"",""
"2485","SANDUMA","EQ",193.36,195.91,191,195.04,194.02,194.52,374296,723.93,"24-Jul-2026",7199,"",""
"2486","SANGAMIND","EQ",614.4,624.6,602.05,615.85,619,619.7,33676,205.7,"24-Jul-2026",2527,"",""
"2487","SANGANI","SM",42.7,42.7,42.7,42.7,42.7,42.7,3000,1.28,"24-Jul-2026",1,"",""
"2488","SANGHVIMOV","EQ",425,460.8,420,455.7,459,425.75,616922,2736.35,"24-Jul-2026",15495,"",""
"2489","SANGINITA","BE",61.63,61.63,61.63,61.63,61.63,60.43,111865,68.94,"24-Jul-2026",139,"",""
"2490","SANOFI","EQ",3394,3428.7,3360.6,3388.9,3402.9,3394.3,28483,967.72,"24-Jul-2026",5769,"",""
"2491","SANOFICONR","EQ",4610,4709.3,4552,4674.7,4650,4652.1,3636,169.73,"24-Jul-2026",1021,"",""
"2492","SANSERA","EQ",3148,3201,3100.9,3184.7,3170,3188.7,319400,10090.12,"24-Jul-2026",29269,"",""
"2493","SANSTAR","EQ",106.25,109.99,103.15,108.97,108.51,105.95,204890,219.36,"24-Jul-2026",4254,"",""
"2494","SANWARIA","BZ",0.21,0.21,0.2,0.2,0.21,0.2,623992,1.28,"24-Jul-2026",141,"",""
"2495","SAPPHIRE","EQ",179.96,185.36,171.9,179.12,180.4,179.96,5304468,9558.59,"24-Jul-2026",72492,"",""
"2496","SAPPL","EQ",312,312,291.5,293.55,292.3,301.4,770,2.27,"24-Jul-2026",41,"",""
"2497","SARDAEN","EQ",500,504.3,491.65,502.25,500,502.45,131350,653.3,"24-Jul-2026",7818,"",""
"2498","SAREGAMA","EQ",485,498.3,470.4,496.5,497,488.75,417896,2028.56,"24-Jul-2026",17620,"",""
"2499","SARLAPOLY","EQ",101.79,102.78,97.71,100.01,99.75,101.78,50925,50.87,"24-Jul-2026",1297,"",""
"2500","SARTELE","SM",118,118.95,115,117,117.5,118.1,116500,135.89,"24-Jul-2026",195,"",""
"2501","SARVESHWAR","BE",3.49,3.49,3.4,3.45,3.48,3.46,521890,17.93,"24-Jul-2026",935,"",""
"2502","SASKEN","EQ",1802.1,1851.7,1801.8,1821,1819.5,1833.6,26604,484.79,"24-Jul-2026",3150,"",""
"2503","SATECH","SM",33.05,33.05,32.6,32.75,32.7,34.3,17000,5.57,"24-Jul-2026",16,"",""
"2504","SATIA","EQ",61.55,62.28,60.1,60.45,60.4,62.54,85926,52.49,"24-Jul-2026",1190,"",""
"2505","SATIN","EQ",255,270.5,251.4,268.87,268.59,256.25,1479864,3920.71,"24-Jul-2026",24269,"",""
"2506","SATIPOLY","ST",40.4,40.4,36.7,37.5,38,38.6,4500,1.7,"24-Jul-2026",7,"",""
"2507","SATKARTAR","ST",136.5,137.8,132,136.6,137.8,138.2,19200,25.72,"24-Jul-2026",24,"",""
"2508","SATTVAENGG","SM",75.1,78,75.1,77.75,78,79,11200,8.64,"24-Jul-2026",7,"",""
"2509","SAURASHCEM","EQ",56.68,57.48,54.96,55.66,56.23,57.04,142831,79.9,"24-Jul-2026",2226,"",""
"2510","SAVY","SM",125.2,132,124.45,126.1,125,121.95,34800,44.56,"24-Jul-2026",28,"",""
"2511","SAWALIYA","SM",299.75,299.75,291.05,295.05,291.05,293.75,57600,170.38,"24-Jul-2026",53,"",""
"2512","SAYAJIHOTL","EQ",298.5,300,298.5,299.6,300,300,4,0.01,"24-Jul-2026",2,"",""
"2513","SBC","EQ",42.21,42.3,42.05,42.07,42.1,42.15,9350041,3935.31,"24-Jul-2026",3134,"",""
"2514","SBCL","EQ",740,780,735.1,755.7,755.85,753.15,329450,2488.87,"24-Jul-2026",15776,"",""
"2515","SBFC","EQ",90.5,92.48,90.01,92.18,92.25,90.52,696691,637.11,"24-Jul-2026",6434,"",""
"2516","SBGLP","EQ",24.25,25.84,24.25,24.42,25.23,25.15,10415,2.61,"24-Jul-2026",167,"",""
"2517","SBIBPB","EQ",48.34,48.52,47.48,48.32,48.47,48.1,105555,50.81,"24-Jul-2026",452,"",""
"2518","SBICARD","EQ",616,625.9,611,618.75,618.2,622.05,616274,3810.09,"24-Jul-2026",16841,"",""
"2519","SBIETFCON","EQ",121.98,121.98,120.35,120.82,120.6,121.14,1539,1.86,"24-Jul-2026",70,"",""
"2520","SBIETFIT","EQ",317.87,319.9,312.36,318.71,317,320.54,11308,35.76,"24-Jul-2026",267,"",""
"2521","SBIETFPB","EQ",277.78,279,276,278.46,278.69,278.91,34579,95.51,"24-Jul-2026",118,"",""
"2522","SBIETFQLTY","EQ",219.65,220.43,217.88,219.48,219.55,219.65,2008,4.41,"24-Jul-2026",53,"",""
"2523","SBIFUNDS","EQ",577.4,589.4,572,587.3,587.6,577.4,6738164,39128.41,"24-Jul-2026",136756,"",""
"2524","SBILIFE","EQ",1844.1,1889.5,1830.1,1858.6,1851.3,1853.5,1034104,19216,"24-Jul-2026",53983,"",""
"2525","SBILIQETF","EQ",1049.05,1049.07,1049.05,1049.06,1049.07,1048.63,53061,556.65,"24-Jul-2026",58,"",""
"2526","SBIMIDMOM","EQ",61.9,61.98,60.85,61.35,61.27,61.6,9450,5.77,"24-Jul-2026",161,"",""
"2527","SBIN","EQ",1006,1017.8,1000.8,1015,1012,1012.6,13797053,139231.68,"24-Jul-2026",251434,"",""
"2528","SBINEQWETF","EQ",32.9,33.42,32.82,33.02,33.1,33.12,232667,76.87,"24-Jul-2026",282,"",""
"2529","SBINMID150","EQ",22.99,23.23,22.41,22.8,22.8,22.81,22315,5.06,"24-Jul-2026",115,"",""
"2530","SBISILVER","EQ",214.44,216.5,211.65,215.98,216.3,216.32,730658,1561.07,"24-Jul-2026",7767,"",""
"2531","SBISMLETF","EQ",17.69,17.74,17.45,17.67,17.74,17.69,49880,8.76,"24-Jul-2026",197,"",""
"2532","SBIVALETF","EQ",14.8,14.87,14.72,14.84,14.84,14.88,10058,1.48,"24-Jul-2026",50,"",""
"2533","SCANSTL","EQ",49.6,50,47.42,49.79,48.7,49.6,109025,53.59,"24-Jul-2026",1413,"",""
"2534","SCHAEFFLER","EQ",4050,4125,3950.1,4107.7,4103.9,4093.2,79917,3249.43,"24-Jul-2026",16989,"",""
"2535","SCHAND","EQ",147.6,149.52,146,147.69,148.8,148.63,13250,19.46,"24-Jul-2026",669,"",""
"2536","SCHNEIDER","EQ",1339.9,1372.7,1322.4,1352.6,1347.4,1341.4,130128,1757.24,"24-Jul-2026",16883,"",""
"2537","SCI","EQ",265.5,277.2,260.2,275.1,275.5,268.6,2357392,6312.88,"24-Jul-2026",33871,"",""
"2538","SCILAL","EQ",41.4,41.55,41.05,41.33,41.21,41.59,165704,68.46,"24-Jul-2026",1445,"",""
"2539","SCML","SM",86.85,86.85,75.2,75.2,75.2,80,12000,9.48,"24-Jul-2026",12,"",""
"2540","SCODATUBES","EQ",141.27,148,140.51,146.93,146,142.32,127434,184.82,"24-Jul-2026",2251,"",""
"2541","SCPL","EQ",576,579.75,566.55,570.85,575,583.35,14665,83.97,"24-Jul-2026",1184,"",""
"2542","SDBL","EQ",73,73.22,71.47,72.89,72.9,73.38,746821,539.4,"24-Jul-2026",5705,"",""
"2543","SDREAMS","SM",87.15,87.15,87.15,87.15,87.15,87.15,1000,0.87,"24-Jul-2026",1,"",""
"2544","SEAMECLTD","EQ",1410,1411.1,1375.6,1396.3,1380.2,1402.1,52979,741.55,"24-Jul-2026",4163,"",""
"2545","SECMARK","EQ",130,130,127.4,128.18,128,125.75,18,0.02,"24-Jul-2026",5,"",""
"2546","SECURKLOUD","EQ",17.65,17.99,16.82,17.47,17.5,17.71,28667,4.99,"24-Jul-2026",162,"",""
"2547","SEDEMAC","EQ",2728.9,2773.8,2673.5,2689.2,2688,2749.9,68966,1873.3,"24-Jul-2026",11653,"",""
"2548","SEIL","EQ",208,208,201.99,203.23,203.01,208.37,205325,419.51,"24-Jul-2026",2557,"",""
"2549","SEJALLTD","BE",755,778,730.3,753.45,758.95,768.7,11314,84.12,"24-Jul-2026",315,"",""
"2550","SEL","SM",272,273,255.5,273,273,265.5,8800,23.21,"24-Jul-2026",28,"",""
"2551","SELECTIPO","EQ",45.25,45.47,44.85,45.44,45.46,45.74,36526,16.5,"24-Jul-2026",135,"",""
"2552","SELLOWRAP","SM",64,64,64,64,64,64.25,1600,1.02,"24-Jul-2026",1,"",""
"2553","SELMC","EQ",28.59,28.59,27.8,28.24,28.48,28.18,3593,1.01,"24-Jul-2026",49,"",""
"2554","SEMAC","BE",323.5,323.5,319.9,319.9,319.9,311,21,0.07,"24-Jul-2026",3,"",""
"2555","SENCO","EQ",383.9,388.95,377.2,382.85,383.7,386.25,858782,3282.61,"24-Jul-2026",19840,"",""
"2556","SENORES","EQ",1390,1403.6,1371.5,1387.5,1390,1395.6,122571,1701.45,"24-Jul-2026",11249,"",""
"2557","SENSEXADD","EQ",78.35,78.58,77.89,78.57,78.45,78.63,1564,1.23,"24-Jul-2026",30,"",""
"2558","SENSEXAXIS","EQ",78.86,79.11,78.45,79.07,78.79,79.38,6914,5.44,"24-Jul-2026",64,"",""
"2559","SENSEXBETA","EQ",845,847.84,837.31,843.04,841.25,846.03,2463,20.7,"24-Jul-2026",130,"",""
"2560","SENSEXETF","EQ",79,79,77.89,78.46,78.49,79.35,31512,24.64,"24-Jul-2026",581,"",""
"2561","SENSEXIETF","EQ",875,879.89,868.26,876.78,879.8,876.96,8738,76.24,"24-Jul-2026",541,"",""
"2562","SEPC","EQ",5.93,6.05,5.83,6.01,6.05,5.94,11770578,697.22,"24-Jul-2026",5073,"",""
"2563","SERVICE","SM",61.05,62.4,61.05,62.2,62.2,61,8000,4.96,"24-Jul-2026",4,"",""
"2564","SERVOTECH","EQ",95.8,96.78,93.01,95.64,96.3,97.31,882979,837.9,"24-Jul-2026",7847,"",""
"2565","SESHAPAPER","EQ",229.16,232.02,224.2,230.23,232,229.64,66022,150.76,"24-Jul-2026",1684,"",""
"2566","SETCO","BE",17.98,18.36,17.96,18,18,18,19869,3.62,"24-Jul-2026",49,"",""
"2567","SETF10GILT","EQ",272.31,272.31,262.9,264.32,263.51,265.67,3215,8.48,"24-Jul-2026",71,"",""
"2568","SETFGOLD","EQ",119.41,121.88,119.41,121.62,121.85,122.48,2541001,3078.32,"24-Jul-2026",9520,"",""
"2569","SETFNIF50","EQ",259.2,259.2,254.6,256.26,256.5,257.17,682015,1744.25,"24-Jul-2026",7268,"",""
"2570","SETFNIFBK","EQ",578,584,576.25,583.2,583.5,582.1,51346,297,"24-Jul-2026",2361,"",""
"2571","SETFNN50","EQ",769.3,771.76,761.01,769.7,770,773.53,30013,230.02,"24-Jul-2026",2256,"",""
"2572","SETL","EQ",284,284.6,272.65,272.7,272.65,286.95,817269,2245.46,"24-Jul-2026",7369,"",""
"2573","SETUINFRA","BZ",0.42,0.44,0.4,0.44,0.44,0.42,45044,0.19,"24-Jul-2026",35,"",""
"2574","SEYAIND","BE",12.6,12.74,12.27,12.28,12.28,12.52,919,0.11,"24-Jul-2026",13,"",""
"2575","SFL","EQ",750,769.3,742.45,761.95,757,751.75,160425,1214.59,"24-Jul-2026",10788,"",""
"2576","SFML","SM",28,28,23,23.5,23.5,23.75,6400,1.57,"24-Jul-2026",4,"",""
"2577","SGBAPR28I","GB",14299.98,14300,14061,14280.61,14300,14322.66,53,7.52,"24-Jul-2026",28,"",""
"2578","SGBAUG27","GB",14240,14258,14130,14255.99,14250,14404.15,35,4.98,"24-Jul-2026",16,"",""
"2579","SGBAUG28V","GB",14324.7,14347.7,14154,14240.36,14230,14350.85,724,102.92,"24-Jul-2026",97,"",""
"2580","SGBAUG29V","GB",14356.01,14356.01,14132.01,14250,14250,14395.7,6,0.85,"24-Jul-2026",5,"",""
"2581","SGBAUG30","GB",14290,14340,14183,14340,14340,14339,119,16.94,"24-Jul-2026",52,"",""
"2582","SGBD29VIII","GB",14267.7,15715.62,13926.56,14298,14298,14286.93,321,45.85,"24-Jul-2026",101,"",""
"2583","SGBDC27VII","GB",14250,14250,14200,14200,14200,14239.37,36,5.11,"24-Jul-2026",10,"",""
"2584","SGBDE30III","GB",14440,14498.99,14300,14431.73,14382.51,14479.33,226,32.59,"24-Jul-2026",37,"",""
"2585","SGBDE31III","GB",14220.47,14575,14220.47,14541.55,14535,14585.1,1156,167.18,"24-Jul-2026",233,"",""
"2586","SGBDEC26","GB",14230,14230,14230,14230,14230,14230,5,0.71,"24-Jul-2026",2,"",""
"2587","SGBFEB27","GB",14350,14350,14320,14350,14350,14350,7,1,"24-Jul-2026",3,"",""
"2588","SGBFEB28IX","GB",14105,14150.01,14105,14150.01,14150.01,14500.95,3,0.42,"24-Jul-2026",2,"",""
"2589","SGBFEB29XI","GB",14125.01,14280,14110.2,14230,14220,14325.01,90,12.75,"24-Jul-2026",18,"",""
"2590","SGBFEB32IV","GB",14628.99,14689.97,14550.06,14667.51,14675,14717.07,1027,150.06,"24-Jul-2026",188,"",""
"2591","SGBJ28VIII","GB",14060.01,14199.98,14060,14194.99,14199.98,14204.4,12,1.69,"24-Jul-2026",6,"",""
"2592","SGBJAN27","GB",14200,14200,14200,14200,14200,14200,1,0.14,"24-Jul-2026",1,"",""
"2593","SGBJAN29IX","GB",14232.26,14232.26,14009.05,14117.5,14117.5,14232.26,55,7.77,"24-Jul-2026",18,"",""
"2594","SGBJAN29X","GB",14100,14270.99,14088.99,14117.25,14118.2,14250,105,14.85,"24-Jul-2026",36,"",""
"2595","SGBJAN30IX","GB",14028.01,14240,14028,14166.67,14175,14266.14,196,27.7,"24-Jul-2026",58,"",""
"2596","SGBJU29III","GB",14100,14288,14100,14227.71,14227.71,14355.51,30,4.25,"24-Jul-2026",16,"",""
"2597","SGBJUL27","GB",14150,14150,14079.25,14125,14100,14175,18,2.54,"24-Jul-2026",7,"",""
"2598","SGBJUL28IV","GB",14101,14180,14052.8,14151.2,14160,14298.78,286,40.35,"24-Jul-2026",61,"",""
"2599","SGBJUL29IV","GB",14030.51,14195,14030.51,14143.66,14150,14270,76,10.73,"24-Jul-2026",31,"",""
"2600","SGBJUN27","GB",14099,14099,14007.01,14007.01,14007.01,14198.65,5,0.7,"24-Jul-2026",3,"",""
"2601","SGBJUN28","GB",14200,14200,14022.01,14110,14120,14280,81,11.44,"24-Jul-2026",26,"",""
"2602","SGBJUN29II","GB",14199.99,14199.99,14060,14125.1,14125.1,14224.18,56,7.91,"24-Jul-2026",22,"",""
"2603","SGBJUN30","GB",14330,14330,14131,14240.13,14284.38,14337.51,182,25.82,"24-Jul-2026",53,"",""
"2604","SGBJUN31I","GB",14302.2,14557.98,14302.2,14535.17,14535,14529.36,409,59.04,"24-Jul-2026",137,"",""
"2605","SGBMAR28X","GB",14180,14180,14100,14116.66,14150,14224.93,7,0.99,"24-Jul-2026",6,"",""
"2606","SGBMAR30X","GB",14192.58,14270,14152,14209.26,14270,14340.15,158,22.45,"24-Jul-2026",25,"",""
"2607","SGBMAR31IV","GB",14547.69,14547.69,14235.01,14450.03,14499.97,14588.42,145,20.82,"24-Jul-2026",46,"",""
"2608","SGBMAY28","GB",14200,14200,14031,14136.89,14130,14290.44,36,5.08,"24-Jul-2026",11,"",""
"2609","SGBMAY29I","GB",14200,14240,14062,14209.11,14200,14277.36,256,36.21,"24-Jul-2026",65,"",""
"2610","SGBMR29XII","GB",14100,14230,14035.1,14177.5,14230,14250.01,85,12,"24-Jul-2026",19,"",""
"2611","SGBN28VIII","GB",14190,14198.5,14061,14158.1,14150.02,14268,187,26.35,"24-Jul-2026",47,"",""
"2612","SGBNOV26","GB",14250,14250,14250,14250,14250,14249.5,1,0.14,"24-Jul-2026",1,"",""
"2613","SGBNV29VII","GB",13902.32,14272,13902.32,14270.2,14272,14258.79,500,71.02,"24-Jul-2026",62,"",""
"2614","SGBOC28VII","GB",14052.01,14164,14052.01,14155,14155,14300.1,194,27.31,"24-Jul-2026",41,"",""
"2615","SGBOCT27","GB",14202,14202,14100,14100,14100,14202,4,0.57,"24-Jul-2026",3,"",""
"2616","SGBOCT27VI","GB",14159,14159,14159,14159,14159,14200,2,0.28,"24-Jul-2026",1,"",""
"2617","SGBSEP27","GB",14199,14199,14100,14156.27,14156.27,14272.45,54,7.62,"24-Jul-2026",10,"",""
"2618","SGBSEP28VI","GB",14160,14244.99,14061.1,14244.55,14244,14298.29,38,5.38,"24-Jul-2026",24,"",""
"2619","SGBSEP29VI","GB",14041,14240,14041,14229.28,14229,14261.5,73,10.35,"24-Jul-2026",31,"",""
"2620","SGBSEP31II","GB",14337.32,14539.98,14315.29,14508.49,14511,14539.98,929,134.25,"24-Jul-2026",195,"",""
"2621","SGFIN","EQ",663.9,723.6,658,696.05,703.6,663.2,2000660,14026.28,"24-Jul-2026",57453,"",""
"2622","SGIL","EQ",585.05,602,585.05,596.3,595,597.75,4731,28.15,"24-Jul-2026",196,"",""
"2623","SGL","EQ",9.86,9.94,9.63,9.74,9.89,9.86,6788,0.66,"24-Jul-2026",43,"",""
"2624","SGMART","EQ",675,718,670.05,713.55,714.25,674.6,1478903,10325.56,"24-Jul-2026",39231,"",""
"2625","SHADOWFAX","EQ",209,217.4,204.25,214.48,215.1,218.58,158421094,327271.87,"24-Jul-2026",279924,"",""
"2626","SHAH","EQ",4.95,5.13,4.17,4.37,4.34,4.74,36638747,1785.85,"24-Jul-2026",11333,"",""
"2627","SHAHALLOYS","EQ",67.67,67.92,66.25,66.56,66.5,67.68,4398,2.94,"24-Jul-2026",549,"",""
"2628","SHAILY","EQ",2956.1,2982.6,2902,2969.7,2960.5,2952.9,189552,5601.73,"24-Jul-2026",21250,"",""
"2629","SHAKTIPUMP","EQ",543.55,557.9,534.05,553,552,543.25,624043,3410.36,"24-Jul-2026",22425,"",""
"2630","SHALBY","EQ",162,164.78,159.59,163.1,164.4,162.6,37971,61.62,"24-Jul-2026",1182,"",""
"2631","SHALPAINTS","EQ",62.65,68.91,60.9,68.9,68.91,62.65,553792,373.44,"24-Jul-2026",3668,"",""
"2632","SHANKARA","EQ",136.51,140.56,136.51,140.07,140.2,138.99,39054,54.45,"24-Jul-2026",465,"",""
"2633","SHANTHALA","SM",18.5,18.6,18,18,18,18.05,4800,0.88,"24-Jul-2026",4,"",""
"2634","SHANTI","EQ",7,7.1,6.62,7.07,7.1,6.93,22712,1.58,"24-Jul-2026",74,"",""
"2635","SHANTIGEAR","EQ",416.1,424.55,412.6,420,416.1,415.25,22825,95.7,"24-Jul-2026",950,"",""
"2636","SHANTIGOLD","EQ",207,213.4,204.02,211.29,211.76,207.17,1111244,2340.71,"24-Jul-2026",9354,"",""
"2637","SHARDACROP","EQ",859.05,877,855,872.95,875,868.6,81034,700.9,"24-Jul-2026",6027,"",""
"2638","SHARDAMOTR","EQ",830,834.45,816.45,826.45,832,829.95,15945,131.44,"24-Jul-2026",2214,"",""
"2639","SHARDUL","BE",53.61,53.61,53.61,53.61,53.61,56.43,577,0.31,"24-Jul-2026",25,"",""
"2640","SHAREINDIA","EQ",193.5,194.07,186.5,191.57,191.26,193.49,1118621,2127.56,"24-Jul-2026",8930,"",""
"2641","SHARIABEES","EQ",454.07,455.33,450.41,453.94,454.59,456.09,2394,10.85,"24-Jul-2026",379,"",""
"2642","SHBAJRG","EQ",182.09,193.99,181.31,183.93,183,188.6,4428,8.16,"24-Jul-2026",111,"",""
"2643","SHEETAL","SM",289.9,294.5,289.9,294.25,294.5,291.4,1500,4.39,"24-Jul-2026",3,"",""
"2644","SHEKHAWATI","BE",11.9,11.98,11.37,11.78,11.81,11.87,4924,0.57,"24-Jul-2026",64,"",""
"2645","SHEMAROO","BE",124.95,124.95,120.1,121.38,120.16,125.6,10893,13.29,"24-Jul-2026",66,"",""
"2646","SHERA","ST",175,178.6,172.05,177.15,178,175.85,55000,97.05,"24-Jul-2026",46,"",""
"2647","SHETHJI","ST",152,152,145,150,150,148.95,14000,20.81,"24-Jul-2026",10,"",""
"2648","SHIGAN","SM",63,67.45,63,67.4,67.4,63,7500,4.94,"24-Jul-2026",5,"",""
"2649","SHILCTECH","EQ",4104.8,4316.9,4096.3,4267.7,4225.1,4122,35241,1482.14,"24-Jul-2026",7972,"",""
"2650","SHILPAMED","EQ",601,614.45,597.5,606.2,605,603.6,423846,2567.87,"24-Jul-2026",17033,"",""
"2651","SHINDL","EQ",162.64,162.64,158,158.12,158.45,162.62,109378,174.45,"24-Jul-2026",469,"",""
"2652","SHIVALIK","BE",242,253.76,240.46,253.76,253.76,241.68,118984,300.79,"24-Jul-2026",373,"",""
"2653","SHIVAMAUTO","BE",17.06,17.06,17.06,17.06,17.06,16.73,6062,1.03,"24-Jul-2026",13,"",""
"2654","SHIVAMILLS","BE",59.92,59.92,59,59.88,59.9,59.02,89,0.05,"24-Jul-2026",8,"",""
"2655","SHIVASHRIT","SM",111.55,123,110.95,123,123,113.75,59000,67.74,"24-Jul-2026",25,"",""
"2656","SHIVATEX","EQ",156.2,156.2,149.06,154.92,155.9,150.35,2680,4.13,"24-Jul-2026",68,"",""
"2657","SHIVAUM","EQ",402,402,365,391.25,390,402.35,3725,14.01,"24-Jul-2026",101,"",""
"2658","SHK","EQ",140,142,137.11,140.65,141.98,140.58,217037,303.39,"24-Jul-2026",3672,"",""
"2659","SHOPERSTOP","EQ",377,380.1,363.2,377.75,378,380.85,62560,232.49,"24-Jul-2026",5365,"",""
"2660","SHRADHA","EQ",34.66,35,34.25,34.79,34.95,34.66,14478,5.03,"24-Jul-2026",129,"",""
"2661","SHREDIGCEM","EQ",74.88,77.22,73.53,76.16,76.36,74.89,247680,188.26,"24-Jul-2026",1807,"",""
"2662","SHREECEM","EQ",26575,27000,26425,26740,27000,26825,13408,3579.15,"24-Jul-2026",7275,"",""
"2663","SHREEDHAR","SM",94.05,100,86.6,90.05,90.55,93.5,1e+05,90.48,"24-Jul-2026",48,"",""
"2664","SHREEJISPG","EQ",615,627.3,608.25,625.8,624.55,616.6,494576,3078.51,"24-Jul-2026",7513,"",""
"2665","SHREEOSFM","SM",59,59,57,57.9,57,59,8000,4.64,"24-Jul-2026",8,"",""
"2666","SHREEPUSHK","EQ",388.65,390,381.75,386.85,382.35,390.4,33695,129.88,"24-Jul-2026",1487,"",""
"2667","SHREERAMA","EQ",40.6,40.82,39.7,40.18,40.5,40.61,35525,14.29,"24-Jul-2026",485,"",""
"2668","SHRENIK","BZ",0.35,0.35,0.34,0.34,0.35,0.34,432373,1.48,"24-Jul-2026",148,"",""
"2669","SHREYANIND","EQ",140.99,141.8,136,138.65,138.99,137.46,7473,10.39,"24-Jul-2026",332,"",""
"2670","SHRIAHIMSA","ST",376,386,375.1,386,386,380,9000,34.44,"24-Jul-2026",14,"",""
"2671","SHRIKANHA","ST",23.2,23.2,23,23,23,23.2,3200,0.74,"24-Jul-2026",2,"",""
"2672","SHRIKRISH","EQ",41.05,41.05,39,39.32,39.32,41,1317,0.52,"24-Jul-2026",32,"",""
"2673","SHRINGARMS","EQ",219.5,220.7,215.06,219.66,219.33,220.38,396143,866.57,"24-Jul-2026",3109,"",""
"2674","SHRIPISTON","EQ",4265.1,4270,4121.5,4159.9,4170,4277.9,58423,2435.95,"24-Jul-2026",13543,"",""
"2675","SHRIRAMFIN","EQ",1018.1,1051,992.9,1005.1,1006,1025.8,11775846,119366.35,"24-Jul-2026",205540,"",""
"2676","SHRIRAMPPS","EQ",83.25,85.44,82.05,85.02,85.44,84.08,483789,406.3,"24-Jul-2026",4669,"",""
"2677","SHYAMCENT","BE",5.3,5.5,5.2,5.34,5.35,5.35,10496,0.55,"24-Jul-2026",84,"",""
"2678","SHYAMMETL","EQ",1025.45,1033.75,1010.35,1027.45,1031.05,1039.75,132990,1363.4,"24-Jul-2026",11022,"",""
"2679","SHYAMTEL","BE",15.88,15.88,15.88,15.88,15.88,15.57,339,0.05,"24-Jul-2026",5,"",""
"2680","SICAGEN","EQ",50.11,50.89,50,50.63,50.88,50.1,3890,1.96,"24-Jul-2026",37,"",""
"2681","SICALLOG","EQ",96.07,98.86,94.56,97.07,98.85,97.49,37753,36.54,"24-Jul-2026",525,"",""
"2682","SIDDHICOTS","SM",28.45,28.55,28.45,28.55,28.55,28.45,3600,1.03,"24-Jul-2026",3,"",""
"2683","SIEMENS","EQ",3631.2,3711.6,3622.6,3689.8,3701,3686.3,232607,8543.53,"24-Jul-2026",24688,"",""
"2684","SIGACHI","BE",25.5,25.5,25.5,25.5,25.5,26.02,369517,94.23,"24-Jul-2026",199,"",""
"2685","SIGIND","EQ",45.45,45.45,43.2,44.57,44.98,43.98,13210,5.82,"24-Jul-2026",218,"",""
"2686","SIGMA","EQ",37.15,38.5,37.15,38.07,38.25,37.9,33904,12.87,"24-Jul-2026",1117,"",""
"2687","SIGMAADV","BE",474.85,524.75,474.85,523,524.75,499.8,406157,2028.23,"24-Jul-2026",3557,"",""
"2688","SIGNATURE","EQ",767.3,785,755,768.35,785,767.3,208099,1587.15,"24-Jul-2026",5165,"",""
"2689","SIGNORIA","ST",135,135,135,135,135,135,1000,1.35,"24-Jul-2026",1,"",""
"2690","SIGNPOST","EQ",310,311.9,300.05,309.4,306.5,301.3,103543,317.95,"24-Jul-2026",3942,"",""
"2691","SIKA","EQ",1131.2,1155,1101.1,1139.6,1132,1133.2,24222,272.86,"24-Jul-2026",3039,"",""
"2692","SIKKO","EQ",4.63,4.89,4.42,4.7,4.68,4.72,529309,24.56,"24-Jul-2026",821,"",""
"2693","SIL","EQ",16.1,16.39,15.81,15.89,15.83,15.95,7966,1.28,"24-Jul-2026",170,"",""
"2694","SILGO","EQ",74.01,74.6,73,74.06,74.6,74.52,155508,115.22,"24-Jul-2026",820,"",""
"2695","SILINV","EQ",422,422,412.1,414.95,418,419.15,1555,6.45,"24-Jul-2026",74,"",""
"2696","SILKFLEX","ST",185,195.75,184.1,188.5,188.5,193.75,4000,7.53,"24-Jul-2026",4,"",""
"2697","SILKY","SM",73.4,73.4,66.6,68.15,66.65,73.95,44000,31.18,"24-Jul-2026",24,"",""
"2698","SILLYMONKS","EQ",16.2,16.2,15.46,15.79,15.71,15.83,2057,0.32,"24-Jul-2026",28,"",""
"2699","SILVER","EQ",218.44,220.78,215.75,220.42,220.39,220.64,1231869,2695.93,"24-Jul-2026",9337,"",""
"2700","SILVER1","EQ",21.31,21.43,20.81,21.36,21.39,21.39,4044134,855.66,"24-Jul-2026",4200,"",""
"2701","SILVER360","EQ",213.74,217.4,212.32,217.03,216.9,216.99,13655,29.33,"24-Jul-2026",311,"",""
"2702","SILVERADD","EQ",209.43,212.99,208.05,212.4,211.7,212.84,271972,571.44,"24-Jul-2026",2965,"",""
"2703","SILVERAG","EQ",210.79,214.92,210.21,214.74,214.7,214.85,219037,466.82,"24-Jul-2026",4139,"",""
"2704","SILVERAXIS","EQ",215.8,219.5,214.84,219.04,219.11,219.4,460491,1001.25,"24-Jul-2026",3720,"",""
"2705","SILVERBEES","EQ",206.53,211.5,206.53,210.96,211.25,211,19686811,41153.92,"24-Jul-2026",65837,"",""
"2706","SILVERBETA","EQ",210.44,213.22,208.57,212.92,213.22,213.06,220970,465.52,"24-Jul-2026",3452,"",""
"2707","SILVERBND","EQ",221.67,222.47,216.82,221.58,220.53,221.67,7975,17.58,"24-Jul-2026",96,"",""
"2708","SILVERCASE","EQ",23.04,23.05,21.87,22.32,22.47,22.37,5824827,1286.9,"24-Jul-2026",7036,"",""
"2709","SILVERIETF","EQ",220.29,221.48,215.73,220.47,220.39,220.29,3321499,7276.79,"24-Jul-2026",17674,"",""
"2710","SILVERTUC","EQ",192.22,201.5,187.77,200.14,201.5,191.99,428954,838.34,"24-Jul-2026",6761,"",""
"2711","SIMBHALS","BZ",7,7,6.65,6.9,6.9,6.75,1371,0.09,"24-Jul-2026",30,"",""
"2712","SIMCA","SM",204,206,201.95,203.4,203.6,203.2,30600,62.71,"24-Jul-2026",47,"",""
"2713","SIMPLEXINF","EQ",233,240,231.5,239.25,239.55,236.15,31093,73.43,"24-Jul-2026",689,"",""
"2714","SINCLAIR","EQ",74.45,74.96,73,74.77,74.76,73.93,12355,9.14,"24-Jul-2026",335,"",""
"2715","SINDHUTRAD","EQ",24.83,24.86,24.07,24.45,24.54,24.83,893658,217.84,"24-Jul-2026",1789,"",""
"2716","SINGERIND","EQ",65.7,66.9,64.65,65.82,66.9,66.89,25790,16.92,"24-Jul-2026",497,"",""
"2717","SINTERCOM","EQ",79,82.4,79,82.04,82.4,80.89,5163,4.17,"24-Jul-2026",84,"",""
"2718","SIRCA","EQ",393.45,395.8,389,393.45,393,393.35,197023,773.57,"24-Jul-2026",3269,"",""
"2719","SIS","EQ",440.8,441.05,434,437.55,437.3,438.7,101463,443.7,"24-Jul-2026",4958,"",""
"2720","SITINET","BZ",0.33,0.33,0.32,0.32,0.33,0.32,122768,0.4,"24-Jul-2026",98,"",""
"2721","SIYSIL","EQ",612.95,615,595.05,609.45,608,615.55,34666,209.87,"24-Jul-2026",3601,"",""
"2722","SJLOGISTIC","SM",320,320,305,306.6,306.95,316.3,41000,127.24,"24-Jul-2026",121,"",""
"2723","SJS","EQ",2295,2365.5,2245.1,2335.6,2360,2275.2,166714,3835.32,"24-Jul-2026",23979,"",""
"2724","SJVN","EQ",67.3,67.74,66.81,67.58,67.69,67.68,1605432,1080.56,"24-Jul-2026",12990,"",""
"2725","SKFINDIA","EQ",1470,1510.7,1450,1484.8,1481.3,1470.8,36573,541.13,"24-Jul-2026",5924,"",""
"2726","SKFINDUS","EQ",2762.2,2781,2722.9,2731.2,2744.8,2762.2,9990,274.58,"24-Jul-2026",2234,"",""
"2727","SKIPPER","EQ",520,534.95,519.65,528.65,529,528.95,290608,1534.9,"24-Jul-2026",10764,"",""
"2728","SKMEGGPROD","EQ",320.75,332.8,318.2,324.75,324.25,322,675469,2213.86,"24-Jul-2026",12449,"",""
"2729","SKP","SM",159,159,159,159,159,161,2500,3.98,"24-Jul-2026",4,"",""
"2730","SKYGOLD","EQ",645.55,659.4,633.15,653.7,651.2,649.2,587058,3803.59,"24-Jul-2026",22029,"",""
"2731","SLONE","ST",116.3,122.3,116.3,122.3,122.3,116.5,5600,6.78,"24-Jul-2026",13,"",""
"2732","SMALL250","EQ",18.47,18.47,17.27,17.65,17.67,17.71,688184,120.97,"24-Jul-2026",1055,"",""
"2733","SMALLADD","EQ",17.72,17.72,17.44,17.67,17.62,17.72,29231,5.14,"24-Jul-2026",99,"",""
"2734","SMALLCAP","EQ",46.1,46.63,46.01,46.52,46.58,46.78,1726789,800.64,"24-Jul-2026",4122,"",""
"2735","SMALLGROWW","EQ",46.75,46.8,46.15,46.61,46.75,46.81,5900,2.74,"24-Jul-2026",75,"",""
"2736","SMALLIETF","EQ",17.78,18.58,17.43,18.2,18.58,17.7,87286,15.37,"24-Jul-2026",171,"",""
"2737","SMARTEN","ST",56.3,58.5,56.1,57.2,57.2,59,9600,5.45,"24-Jul-2026",8,"",""
"2738","SMARTLINK","BE",203,207.4,200.25,201.9,200.3,208.62,2699,5.45,"24-Jul-2026",46,"",""
"2739","SMARTWORKS","EQ",485.15,485.15,471,482.55,481.5,481.3,36916,176.4,"24-Jul-2026",2783,"",""
"2740","SMCGLOBAL","EQ",77.28,77.41,74.78,75.46,75.25,77.87,287924,217.69,"24-Jul-2026",2211,"",""
"2741","SML100CASE","EQ",10.81,10.81,10.6,10.71,10.72,10.73,1171677,124.92,"24-Jul-2026",1560,"",""
"2742","SMLMAH","EQ",3903.4,3903.4,3766,3844.4,3849.9,3899.3,58187,2226.15,"24-Jul-2026",9324,"",""
"2743","SMLT","EQ",67.74,68,65.7,66.79,67.63,66.64,2839,1.89,"24-Jul-2026",91,"",""
"2744","SMSPHARMA","EQ",385.5,386,378.3,381.1,385.95,384.65,48295,184.46,"24-Jul-2026",2045,"",""
"2745","SNOWMAN","EQ",35.88,37,35.47,36.4,36.52,35.88,159644,57.95,"24-Jul-2026",1095,"",""
"2746","SNXT30BEES","EQ",42.26,42.26,41.75,41.86,42.2,42.05,2819,1.18,"24-Jul-2026",48,"",""
"2747","SNXT50BETA","EQ",92.5,93.1,92.01,92.64,93.1,92.83,1420,1.32,"24-Jul-2026",71,"",""
"2748","SOBHA","EQ",1355.3,1375,1325.7,1362.3,1369,1376.1,295336,3992.35,"24-Jul-2026",26119,"",""
"2749","SOFTTECH","BE",415.15,418.8,415.15,418.8,418.8,415.05,2430,10.09,"24-Jul-2026",10,"",""
"2750","SOLARA","EQ",521,529.7,487,491.95,495,523.75,612629,3072.46,"24-Jul-2026",21082,"",""
"2751","SOLARINDS","EQ",18540,18619,18333,18494,18519,18621,75835,14010.88,"24-Jul-2026",18474,"",""
"2752","SOLARWORLD","EQ",198.8,203.19,194.61,201.93,202,198.85,118896,236.63,"24-Jul-2026",2379,"",""
"2753","SOLEX","EQ",925,950.4,917.1,938,937,933.2,16680,155.73,"24-Jul-2026",1961,"",""
"2754","SOMANYCERA","EQ",490.25,498,483.3,496.7,498,490.2,32186,158.31,"24-Jul-2026",1804,"",""
"2755","SOMATEX","EQ",104.95,104.95,100.05,101.06,100.22,101.06,9022,9.16,"24-Jul-2026",171,"",""
"2756","SOMICONVEY","EQ",96.3,98.99,95.23,97.31,96.3,98.43,8768,8.51,"24-Jul-2026",364,"",""
"2757","SONACOMS","EQ",710.95,741.65,705,717.95,718.5,719.75,8733705,63340.22,"24-Jul-2026",142908,"",""
"2758","SONAMAC","SM",34.15,35.4,34,34,34,34.2,14000,4.81,"24-Jul-2026",12,"",""
"2759","SONAMLTD","EQ",54.8,54.8,52.6,53.01,52.6,53.43,21906,11.59,"24-Jul-2026",757,"",""
"2760","SONATSOFTW","EQ",286,292,280.5,288.1,288.6,287.4,829035,2373.17,"24-Jul-2026",17597,"",""
"2761","SONUINFRA","ST",39.3,41.75,38.1,41.75,41.75,40.05,43500,16.89,"24-Jul-2026",22,"",""
"2762","SOTL","EQ",649.35,657.95,615.9,645.75,652,645.1,788544,5034.38,"24-Jul-2026",23422,"",""
"2763","SOUTHBANK","EQ",47.5,47.5,45.9,46.52,46.45,47.5,11314533,5265.52,"24-Jul-2026",27758,"",""
"2764","SOUTHWEST","EQ",232.2,234.65,229.25,233.67,234.1,236.19,136429,316.5,"24-Jul-2026",3118,"",""
"2765","SPAL","EQ",963.4,1026.6,963.4,1002.8,1001,977.4,91370,913.19,"24-Jul-2026",12589,"",""
"2766","SPANDANA","EQ",288,288,257.8,261.5,262,292.25,1984220,5308.49,"24-Jul-2026",47982,"",""
"2767","SPARC","EQ",212.61,217.77,211.62,216.23,217,214.48,947229,2034.76,"24-Jul-2026",13326,"",""
"2768","SPCENET","EQ",3.52,3.59,3.46,3.51,3.56,3.59,311769,10.98,"24-Jul-2026",379,"",""
"2769","SPCL","SM",70.85,70.85,68.65,69.15,69.25,70.95,10200,7.05,"24-Jul-2026",17,"",""
"2770","SPCON","SM",130,133,126,126,126,132,13200,17.36,"24-Jul-2026",4,"",""
"2771","SPECIALITY","EQ",137.92,139.99,133.24,137.73,137.5,137.93,52855,72.06,"24-Jul-2026",1062,"",""
"2772","SPECTRUM","EQ",2344.9,2363.3,2203.6,2281.6,2250,2331,64610,1470.52,"24-Jul-2026",6735,"",""
"2773","SPECTSTM","ST",57.9,57.9,57.9,57.9,57.9,57.9,800,0.46,"24-Jul-2026",1,"",""
"2774","SPENCERS","EQ",34.7,34.99,32.41,33.06,32.91,34.35,145222,48.31,"24-Jul-2026",1762,"",""
"2775","SPIC","EQ",64.37,65.06,63.8,64.94,65,64.78,148083,95.46,"24-Jul-2026",1687,"",""
"2776","SPLIL","EQ",31.74,32.39,30.84,31.25,31.98,31.74,2620,0.82,"24-Jul-2026",59,"",""
"2777","SPLPETRO","EQ",735.45,756.75,735,741.6,743,735.45,210520,1564.52,"24-Jul-2026",12775,"",""
"2778","SPMLINFRA","EQ",196.01,201,194,199.39,200,198.71,136563,270.48,"24-Jul-2026",3073,"",""
"2779","SPORTKING","EQ",205.8,215.49,204.17,213.74,212.99,206.87,591817,1249.27,"24-Jul-2026",15372,"",""
"2780","SPPPOLY","SM",12.2,13.05,12.2,13.05,13.05,12.8,10000,1.29,"24-Jul-2026",4,"",""
"2781","SPUNWEB","SM",102.25,102.25,101.55,102,102,106,7200,7.34,"24-Jul-2026",6,"",""
"2782","SRD","EQ",38,38,37,37.92,37.89,37.38,2276,0.86,"24-Jul-2026",48,"",""
"2783","SREEL","EQ",221.89,232,219.01,227.97,228.5,222.71,33290,75.38,"24-Jul-2026",607,"",""
"2784","SRF","EQ",2672.9,2698,2635.8,2664.7,2669.5,2622.7,1246513,33295.97,"24-Jul-2026",71999,"",""
"2785","SRGHFL","EQ",303.25,335,303.25,309.5,303.65,305.65,37144,118.24,"24-Jul-2026",624,"",""
"2786","SRHHYPOLTD","EQ",480,482.1,475.1,477.85,478,482,4090,19.58,"24-Jul-2026",262,"",""
"2787","SRIVASAVI","ST",78.2,78.3,78.2,78.3,78.3,82.3,12000,9.39,"24-Jul-2026",10,"",""
"2788","SRM","EQ",502.45,512.9,487.1,507.6,506.15,502.45,75111,375.25,"24-Jul-2026",2594,"",""
"2789","SRTL","EQ",40.75,41.06,39.8,40.28,40.22,40.84,27573,11.08,"24-Jul-2026",372,"",""
"2790","SSDL","EQ",52.49,53.53,51.53,52.47,53.46,52.49,17154,8.98,"24-Jul-2026",369,"",""
"2791","SSEGL","SM",305.5,305.6,300,304.55,304.9,306.4,27000,81.77,"24-Jul-2026",104,"",""
"2792","SSFL","ST",258,258,248.9,249,249,261.95,19500,48.82,"24-Jul-2026",36,"",""
"2793","SSFLPP","E1",160,160,132.1,142.5,142,160.2,20228,28.86,"24-Jul-2026",1087,"",""
"2794","SSWL","EQ",286.5,291.5,277.2,288.31,287.75,286.73,1012687,2881.21,"24-Jul-2026",16761,"",""
"2795","STALLION","EQ",250.5,251.3,240,241.9,241.99,253.22,2228655,5443.15,"24-Jul-2026",26168,"",""
"2796","STANLEY","EQ",154.5,155,152.4,153.85,154.1,154.18,61432,94.34,"24-Jul-2026",1607,"",""
"2797","STAR","EQ",1031.6,1034.4,1014.6,1020,1016,1031.6,80520,823.32,"24-Jul-2026",9526,"",""
"2798","STARCEMENT","EQ",203.1,205.39,201.83,204.88,205,204.01,86528,176.35,"24-Jul-2026",2776,"",""
"2799","STARHEALTH","EQ",570.1,589.55,570.1,580.8,579.9,577,328746,1911.48,"24-Jul-2026",19891,"",""
"2800","STARPAPER","EQ",150.45,151.99,145,147.75,148.7,149.57,24544,36.19,"24-Jul-2026",580,"",""
"2801","STARTECK","EQ",265.2,269,264.3,266.2,264.3,264.7,9374,25.06,"24-Jul-2026",185,"",""
"2802","STCINDIA","EQ",117,118.5,115.23,117.89,116.5,116.83,27183,31.87,"24-Jul-2026",576,"",""
"2803","STEELCAS","EQ",310.9,310.9,304,306.65,305.1,310.45,19567,60.03,"24-Jul-2026",960,"",""
"2804","STEELCITY","EQ",75.02,75.99,73,74.36,74.4,75.79,20280,15.03,"24-Jul-2026",256,"",""
"2805","STEELXIND","EQ",11.4,11.7,11.07,11.57,11.7,11.43,1337561,151.81,"24-Jul-2026",2576,"",""
"2806","STEL","EQ",547.7,559.95,532.8,555.55,555,547.45,1765,9.7,"24-Jul-2026",244,"",""
"2807","STERTOOLS","BE",243,247,236.01,242.54,242.7,243.64,11624,27.89,"24-Jul-2026",272,"",""
"2808","STLNETWORK","BE",24.5,25.75,24.15,25.51,25.6,24.67,451594,113.64,"24-Jul-2026",973,"",""
"2809","STLTECH","BE",528.3,576.25,521.45,564.15,565,548.85,3720305,20565.31,"24-Jul-2026",41962,"",""
"2810","STOVEKRAFT","EQ",742,779,735.4,773.4,771,745.6,66837,508.29,"24-Jul-2026",5312,"",""
"2811","STRIDERS","SM",63,63.4,61.1,63.25,63.25,61.1,6400,4.01,"24-Jul-2026",4,"",""
"2812","STUDDS","EQ",442.6,460,438.6,450.6,449,442.6,41021,184.66,"24-Jul-2026",2211,"",""
"2813","STUDIOLSD","SM",9.85,9.9,9.85,9.9,9.9,9.9,6000,0.59,"24-Jul-2026",3,"",""
"2814","STYL","EQ",375,389.9,363,384.45,384,400.15,518436,1947.23,"24-Jul-2026",16094,"",""
"2815","STYLAMIND","EQ",3448,3478.3,3281.1,3416.8,3425,3391.9,227223,7683.16,"24-Jul-2026",39455,"",""
"2816","STYLEBAAZA","BE",268,288.4,262.65,280.4,281,274.7,145029,402.69,"24-Jul-2026",2047,"",""
"2817","STYRENIX","EQ",2432.9,2494.3,2403.5,2455,2456,2432.8,71766,1768.82,"24-Jul-2026",8770,"",""
"2818","SUBAHOTELS","SM",107,107.45,106.1,107.05,107,107.4,12000,12.84,"24-Jul-2026",10,"",""
"2819","SUBEXLTD","BE",12.23,12.65,12.06,12.58,12.45,12.34,733915,90.24,"24-Jul-2026",1193,"",""
"2820","SUBROS","EQ",769.95,787,759.65,781.95,775,776.3,33068,254.84,"24-Jul-2026",3008,"",""
"2821","SUDARCOLOR","EQ",360.1,362,349.6,360.6,362,358.3,4448,15.89,"24-Jul-2026",191,"",""
"2822","SUDARSCHEM","EQ",1014.9,1044.8,989.05,1041.05,1038,1014.9,140933,1443.87,"24-Jul-2026",9160,"",""
"2823","SUDEEPPHRM","EQ",806,832,806,825.15,822.2,815.3,125532,1031.61,"24-Jul-2026",7927,"",""
"2824","SUKHJITS","EQ",163,164.62,154.41,159.43,158.15,162.16,12665,20.05,"24-Jul-2026",360,"",""
"2825","SULA","EQ",149.3,151.44,147.81,149.79,150,149.34,325048,487.08,"24-Jul-2026",4581,"",""
"2826","SUMEETINDS","EQ",28.77,28.77,28.77,28.77,28.77,30.28,16684,4.8,"24-Jul-2026",140,"",""
"2827","SUMICHEM","EQ",525,530.1,515,520.45,523.3,531.05,280141,1459.94,"24-Jul-2026",13012,"",""
"2828","SUMIT","BE",55.79,55.79,52.32,54.72,54.9,53.21,36437,19.74,"24-Jul-2026",193,"",""
"2829","SUMMITSEC","EQ",1499.9,1499.9,1453,1482.8,1491,1486.8,657,9.73,"24-Jul-2026",212,"",""
"2830","SUNCLAY","EQ",1374.5,1404,1350.6,1363.2,1366,1364,2150,29.44,"24-Jul-2026",467,"",""
"2831","SUNDARAM","EQ",1.31,1.31,1.27,1.28,1.28,1.29,186814,2.4,"24-Jul-2026",258,"",""
"2832","SUNDARMFIN","EQ",4419.9,4463,4343,4447.8,4460,4415.5,50414,2232.74,"24-Jul-2026",12469,"",""
"2833","SUNDRMBRAK","BE",799.9,818,795,795,795,799.9,608,4.88,"24-Jul-2026",46,"",""
"2834","SUNDRMFAST","EQ",939,954,935,940.6,939.95,946.45,158031,1495.14,"24-Jul-2026",10729,"",""
"2835","SUNDROP","EQ",692.4,692.4,672.35,687.05,680.15,692.4,12738,87.03,"24-Jul-2026",951,"",""
"2836","SUNFLAG","EQ",343.6,351.9,340.45,348.7,348.1,349.6,129423,449.13,"24-Jul-2026",3068,"",""
"2837","SUNLITE","ST",417.55,424.5,413,424.5,424.5,417.55,5400,22.64,"24-Jul-2026",18,"",""
"2838","SUNPHARMA","EQ",1945,1959.8,1934.8,1941.1,1942.9,1954,1578929,30711.05,"24-Jul-2026",92680,"",""
"2839","SUNTECH","ST",31.6,31.6,31.45,31.6,31.6,30.1,41600,13.12,"24-Jul-2026",24,"",""
"2840","SUNTECK","EQ",305.9,310.15,300.5,306.25,306,302.6,467373,1426.52,"24-Jul-2026",9813,"",""
"2841","SUNTV","EQ",486.8,492.45,481.75,486.9,487,488.65,136971,666.72,"24-Jul-2026",9047,"",""
"2842","SUPERHOUSE","EQ",156.02,161.8,151,154.97,154.36,157.41,22960,35.71,"24-Jul-2026",1146,"",""
"2843","SUPERSPIN","BE",5.5,5.51,5.5,5.5,5.5,5.41,58521,3.22,"24-Jul-2026",20,"",""
"2844","SUPRAJIT","EQ",488.45,488.45,467,484.45,487.6,487.5,80033,384.92,"24-Jul-2026",5791,"",""
"2845","SUPREME","EQ",45.49,45.78,44.21,45.27,45.47,44.53,12488,5.62,"24-Jul-2026",146,"",""
"2846","SUPREMEENG","BZ",1.92,1.92,1.92,1.92,1.92,1.89,45934,0.88,"24-Jul-2026",28,"",""
"2847","SUPREMEIND","EQ",3380.1,3499,3380.1,3458.9,3463,3417,129919,4495.37,"24-Jul-2026",15230,"",""
"2848","SUPREMEINF","EQ",84.16,85.31,82,82.53,82.65,85.31,82318,68.79,"24-Jul-2026",1970,"",""
"2849","SUPREMEPWR","ST",195,196.9,190.25,192.3,193.4,200.2,109500,210.84,"24-Jul-2026",154,"",""
"2850","SUPRIYA","EQ",832.9,846,820,840.5,840,832.9,112250,937.93,"24-Jul-2026",7766,"",""
"2851","SURAJEST","EQ",193.6,194.54,190,193.56,193,194.54,19357,37.17,"24-Jul-2026",849,"",""
"2852","SURAJLTD","EQ",221.05,223.26,210.5,221.3,222.5,230.47,1526,3.33,"24-Jul-2026",82,"",""
"2853","SURAKSHA","EQ",258.4,263.7,240.4,252.95,250.45,259.65,144138,363.38,"24-Jul-2026",3412,"",""
"2854","SURANASOL","EQ",25.81,26.49,25.81,26.26,26.25,26.14,65632,17.21,"24-Jul-2026",392,"",""
"2855","SURANAT&P","EQ",18.1,18.39,18.05,18.25,18.25,18.22,53845,9.8,"24-Jul-2026",393,"",""
"2856","SURANI","SM",98.5,98.5,98.4,98.4,98.4,98.5,1000,0.98,"24-Jul-2026",2,"",""
"2857","SURYALA","EQ",443,447.9,430.3,440,443.9,443.05,2182,9.59,"24-Jul-2026",83,"",""
"2858","SURYALAXMI","EQ",57.5,58.99,55.11,57.51,58.78,56.48,2240,1.28,"24-Jul-2026",65,"",""
"2859","SURYAROSNI","EQ",234.2,242,232.8,237.95,238.7,235.5,413128,982.8,"24-Jul-2026",10719,"",""
"2860","SURYODAY","EQ",197.6,218,189.05,193.1,190.83,194.31,78669391,162052.15,"24-Jul-2026",482656,"",""
"2861","SUTLEJTEX","BE",37.84,38.3,37.16,37.61,37.63,38.03,19108,7.22,"24-Jul-2026",38,"",""
"2862","SUVEN","EQ",315,320.05,311.2,316,315.1,317,588295,1853.45,"24-Jul-2026",13525,"",""
"2863","SUVIDHAA","EQ",2.63,2.63,2.41,2.5,2.52,2.51,81859,2.04,"24-Jul-2026",151,"",""
"2864","SUYOG","EQ",834.9,859.9,820.05,850.45,851,841.1,16747,141.44,"24-Jul-2026",1562,"",""
"2865","SUZLON","EQ",52.25,52.58,51.79,52.28,52.32,52.39,45263052,23608.51,"24-Jul-2026",66089,"",""
"2866","SVLL","BE",769,780,753.65,772.2,772.2,769,2770,21.15,"24-Jul-2026",25,"",""
"2867","SVPGLOB","BE",4.05,4.05,3.8,3.87,3.87,3.99,30583,1.18,"24-Jul-2026",35,"",""
"2868","SWANCORP","EQ",308.9,312.05,304,310.3,310,308.2,449427,1383.74,"24-Jul-2026",9692,"",""
"2869","SWANDEF","BE",2445,2450,2352,2427.7,2412,2428.3,9428,228.66,"24-Jul-2026",673,"",""
"2870","SWARAJ","SM",368,368,361.2,367.55,364.7,364.65,134000,489.04,"24-Jul-2026",137,"",""
"2871","SWARAJENG","EQ",3560.3,3593.2,3525,3569,3570,3576.6,8115,288.96,"24-Jul-2026",1616,"",""
"2872","SWASTIK","ST",18.7,18.7,18.7,18.7,18.7,18.35,1200,0.22,"24-Jul-2026",1,"",""
"2873","SWELECTES","EQ",603.45,617.3,596.6,613.3,617.3,604.15,18366,111.35,"24-Jul-2026",1238,"",""
"2874","SWIGGY","EQ",259.27,259.27,242.51,251.42,251.5,261.55,34389852,85427.03,"24-Jul-2026",202192,"",""
"2875","SWSOLAR","EQ",205,208.9,200.11,207.93,208.1,206.36,1091125,2231.56,"24-Jul-2026",13573,"",""
"2876","SYLVANPLY","SM",52.35,52.35,52.35,52.35,52.35,55.1,2000,1.05,"24-Jul-2026",1,"",""
"2877","SYMPHONY","EQ",679,684.45,670,676.85,677.9,679.75,71198,480.46,"24-Jul-2026",5016,"",""
"2878","SYNCOMF","EQ",13,13.25,12.79,13.09,13.24,13.15,1233461,159.84,"24-Jul-2026",3163,"",""
"2879","SYNGENE","EQ",402,408.25,399,406.65,406.5,403.25,777845,3151.04,"24-Jul-2026",28433,"",""
"2880","SYNOPTICS","ST",72.55,78.1,72.55,78.1,78.1,76.35,1200,0.9,"24-Jul-2026",2,"",""
"2881","SYRMA","EQ",1360,1368,1272.1,1288.3,1287.9,1380,1098492,14409.27,"24-Jul-2026",54287,"",""
"2882","SYSTANGO","SM",215.05,216.45,202.55,214.4,214,216.45,16400,34.55,"24-Jul-2026",41,"",""
"2883","SYSTMTXC","BE",60.6,61.6,60,60.07,60.99,60,4205,2.54,"24-Jul-2026",66,"",""
"2884","TAALTECH","EQ",3930,3930,3800,3816.1,3849.8,3902,1463,56.25,"24-Jul-2026",335,"",""
"2885","TAC","SM",525,554.1,516,540.65,541,529.7,117400,635.61,"24-Jul-2026",447,"",""
"2886","TAINWALCHM","EQ",197.52,205,197.52,201.87,202.8,202.92,2745,5.51,"24-Jul-2026",88,"",""
"2887","TAJGVK","EQ",361.95,361.95,351.6,359.9,360,362.6,69629,248.11,"24-Jul-2026",2707,"",""
"2888","TAKE","EQ",21,21,20.56,20.79,20.7,20.77,164538,34.14,"24-Jul-2026",664,"",""
"2889","TALBROAUTO","EQ",390,396,386.95,391.75,392.95,395.2,94804,370.5,"24-Jul-2026",3783,"",""
"2890","TAMBOLIIN","BE",220,220.32,210,212.65,211,216,1117,2.41,"24-Jul-2026",18,"",""
"2891","TANKUP","ST",1145,1145,1144.5,1144.5,1144.5,1123.7,500,5.72,"24-Jul-2026",2,"",""
"2892","TANLA","EQ",615,626.85,593.1,599.75,600.1,618.5,3415846,20741.67,"24-Jul-2026",66057,"",""
"2893","TARACHAND","EQ",55.16,55.35,53.56,54.99,54.6,55.16,78706,43.01,"24-Jul-2026",970,"",""
"2894","TARAPUR","EQ",18.02,18.23,17.69,18.16,18.2,18.02,16944,3.05,"24-Jul-2026",131,"",""
"2895","TARC","EQ",128,131.9,124.9,131.45,131.4,130.7,970224,1246.39,"24-Jul-2026",11123,"",""
"2896","TARIL","EQ",292,296.6,288.1,295,295.4,293.7,2073057,6061.84,"24-Jul-2026",32756,"",""
"2897","TARMAT","EQ",49.95,51,49.54,50.95,51,49.95,12831,6.5,"24-Jul-2026",90,"",""
"2898","TARSONS","EQ",313.05,317.85,310,312.75,310.5,316.55,157009,493.17,"24-Jul-2026",4813,"",""
"2899","TASTYBITE","EQ",9040,9201.5,8956.5,8999,9030,9187,1308,118.97,"24-Jul-2026",505,"",""
"2900","TATACAP","EQ",339.75,343.35,335.65,341.9,342,341.45,900008,3051.56,"24-Jul-2026",28259,"",""
"2901","TATACHEM","EQ",679.75,689,675.5,685.35,689,679.4,264678,1806.21,"24-Jul-2026",11530,"",""
"2902","TATACOMM","EQ",1799.9,1799.9,1751.7,1775.3,1787.7,1800.7,187353,3319.33,"24-Jul-2026",30886,"",""
"2903","TATACONSUM","EQ",1100,1117.1,1079,1088,1092,1107.7,1644917,18079.37,"24-Jul-2026",47467,"",""
"2904","TATAELXSI","EQ",3359,3556.6,3353.9,3538,3537,3387.6,1304975,45629.82,"24-Jul-2026",74118,"",""
"2905","TATAGOLD","EQ",13.99,13.99,13.66,13.86,13.89,13.95,31447302,4337.23,"24-Jul-2026",52477,"",""
"2906","TATAINVEST","EQ",632,634.95,621.15,630.75,631.5,632.2,141003,885.99,"24-Jul-2026",9351,"",""
"2907","TATAPOWER","EQ",373.4,375.75,371.4,374.4,375,376.15,1700724,6357.07,"24-Jul-2026",31991,"",""
"2908","TATASTEEL","EQ",183.41,183.52,181.2,182.67,182.75,184.23,16117953,29428.84,"24-Jul-2026",133636,"",""
"2909","TATATECH","EQ",690,714.6,690,711,710.35,696.25,536734,3771.46,"24-Jul-2026",25599,"",""
"2910","TATSILV","EQ",21.28,21.5,20.89,21.41,21.48,21.43,42199738,8951.56,"24-Jul-2026",40954,"",""
"2911","TATVA","EQ",1672,1729,1658.4,1722.4,1718.7,1700.8,156269,2655.26,"24-Jul-2026",11356,"",""
"2912","TAURIAN","SM",340,376.7,340,376,376,347.1,40000,143.64,"24-Jul-2026",48,"",""
"2913","TBI","SM",62.95,62.95,61.25,62.25,62.25,62.45,11400,7.06,"24-Jul-2026",18,"",""
"2914","TBOTEK","EQ",1420,1444.3,1400.1,1429,1424,1436.1,32920,468.12,"24-Jul-2026",8016,"",""
"2915","TBZ","EQ",263.91,267.3,256.14,258.89,259,266.67,951116,2471.62,"24-Jul-2026",15672,"",""
"2916","TCC","EQ",280,280,270.2,271.95,272.45,277.45,17525,47.97,"24-Jul-2026",707,"",""
"2917","TCI","EQ",928,935.1,913.5,917.75,922.95,930.1,18864,174.44,"24-Jul-2026",2268,"",""
"2918","TCIEXP","EQ",563.15,565,550,561.15,563.4,562.3,22177,123.4,"24-Jul-2026",1721,"",""
"2919","TCIFINANCE","BE",15.5,15.8,15,15.19,15.15,15.19,10522,1.61,"24-Jul-2026",120,"",""
"2920","TCL","SM",112.5,112.5,111,112.5,112.5,114.5,5600,6.26,"24-Jul-2026",7,"",""
"2921","TCPLPACK","EQ",3281.9,3299.9,3193.5,3226.5,3218.1,3281.5,4068,131.41,"24-Jul-2026",787,"",""
"2922","TCS","EQ",2205.1,2264.3,2205.1,2254.3,2250.2,2242.9,3211699,72136.56,"24-Jul-2026",123535,"",""
"2923","TDPOWERSYS","EQ",1127,1144,1110,1113.6,1114.5,1139.4,634662,7109.32,"24-Jul-2026",34823,"",""
"2924","TEAMGTY","EQ",231.52,239.75,220.5,226.72,231,225.88,346,0.8,"24-Jul-2026",20,"",""
"2925","TEAMLEASE","EQ",1309.9,1330,1301,1313.7,1314,1311.8,21023,276.89,"24-Jul-2026",4315,"",""
"2926","TEAMTECH","ST",130,131.5,126.1,131.1,130.5,130,124000,162.32,"24-Jul-2026",12,"",""
"2927","TECH","EQ",32.2,32.2,30.5,31.37,31.99,31.2,35542,11.07,"24-Jul-2026",249,"",""
"2928","TECHD","ST",618.2,621.95,598.15,598.45,598.5,618.2,10800,65.37,"24-Jul-2026",35,"",""
"2929","TECHERA","SM",160.75,160.75,155,155,155,160.75,40000,63.02,"24-Jul-2026",44,"",""
"2930","TECHLABS","ST",132.9,132.9,123.65,126.45,129.7,130.15,14875,18.7,"24-Jul-2026",84,"",""
"2931","TECHM","EQ",1549,1579.8,1531.1,1559.5,1555,1555.8,1231512,19144.31,"24-Jul-2026",47967,"",""
"2932","TECHNOE","EQ",990,1004,985.4,991.8,996.1,995.2,102586,1019.22,"24-Jul-2026",9170,"",""
"2933","TECHNVISN","EQ",4799.9,5315.8,4515.1,5074.5,5315.8,4429.9,26430,1269.35,"24-Jul-2026",4760,"",""
"2934","TECILCHEM","EQ",9.78,10.5,9,9.96,9.98,9.8,1614,0.16,"24-Jul-2026",42,"",""
"2935","TEGA","EQ",1540,1581.9,1539.2,1560.3,1560,1555.8,65882,1028.54,"24-Jul-2026",5367,"",""
"2936","TEJA","SM",630,683,630,672.45,669,625.7,162600,1080.07,"24-Jul-2026",239,"",""
"2937","TEJASNET","EQ",494,503.95,488.05,495.4,497.7,497.3,1817857,9017.72,"24-Jul-2026",35550,"",""
"2938","TEMBO","EQ",540.8,540.8,524.45,530.4,534.65,532.25,38991,206.89,"24-Jul-2026",1570,"",""
"2939","TENNIND","EQ",543.4,546.35,535,539.95,540,543.4,243226,1315.87,"24-Jul-2026",21778,"",""
"2940","TERASOFT","EQ",383.95,397.45,378.15,393.7,388.1,382.35,10145,39.29,"24-Jul-2026",829,"",""
"2941","TEXINFRA","EQ",111.77,113.86,111,112.42,111.9,113.51,61157,68.7,"24-Jul-2026",849,"",""
"2942","TEXMOPIPES","EQ",42,43.81,42,43.04,42.94,42.8,11083,4.72,"24-Jul-2026",175,"",""
"2943","TEXRAIL","EQ",108.45,110.99,106.75,110.08,110.32,109.1,969916,1055.77,"24-Jul-2026",8965,"",""
"2944","TFCILTD","EQ",81.44,88.2,79.94,87.27,87.71,82.09,24964652,21539.14,"24-Jul-2026",65630,"",""
"2945","TFL","EQ",10.55,10.95,10.21,10.41,10.35,10.66,16946,1.81,"24-Jul-2026",129,"",""
"2946","TGBHOTELS","EQ",8.86,8.9,8.4,8.56,8.6,8.91,56827,4.91,"24-Jul-2026",288,"",""
"2947","TGL","ST",18.7,20.6,18.7,19.7,19.25,19.65,40000,7.86,"24-Jul-2026",110,"",""
"2948","THACKER","BE",1089.7,1089.7,1036.1,1036.1,1036.1,1089.9,19,0.2,"24-Jul-2026",4,"",""
"2949","THAKDEV","EQ",157.79,157.79,155.7,155.7,155.7,150.72,51,0.08,"24-Jul-2026",6,"",""
"2950","THANGAMAYL","EQ",6849,7015,6742,6906.5,6900,6871,180944,12470.38,"24-Jul-2026",27253,"",""
"2951","THEINVEST","EQ",96.98,97,93.32,95.21,95.5,97.02,3978,3.79,"24-Jul-2026",131,"",""
"2952","THEJO","EQ",1860,1935,1851.2,1898.8,1890,1875.4,1775,33.47,"24-Jul-2026",428,"",""
"2953","THELEELA","EQ",468,478.1,461.05,474.7,475,475.95,153341,718.39,"24-Jul-2026",12730,"",""
"2954","THEMISMED","EQ",107.3,110.7,106.23,109.86,110.64,107.79,43055,47.1,"24-Jul-2026",1110,"",""
"2955","THERMAX","EQ",4568,4573,4465.5,4514,4537,4578,88245,3982,"24-Jul-2026",16947,"",""
"2956","THESL","ST",18.75,19,18.75,19,19,18.1,9000,1.7,"24-Jul-2026",3,"",""
"2957","THOMASCOOK","EQ",99.96,99.96,97.08,97.85,98.19,100.29,992594,973.2,"24-Jul-2026",6650,"",""
"2958","THOMASCOTT","EQ",288.35,313,284.15,307.05,312,288.35,36520,108.48,"24-Jul-2026",1415,"",""
"2959","THYROCARE","EQ",560,597.6,543,564.25,565.25,545.25,12158394,69262.85,"24-Jul-2026",275090,"",""
"2960","TI","EQ",436,444.7,429.95,441.8,440.15,437.95,422361,1852.52,"24-Jul-2026",15722,"",""
"2961","TICL","BE",9.63,9.95,9.21,9.72,9.73,9.63,35733,3.43,"24-Jul-2026",103,"",""
"2962","TIGERLOGS","BE",30.81,31.6,30.5,31.4,31.48,30.96,14493,4.52,"24-Jul-2026",109,"",""
"2963","TIIL","EQ",2542,2607.8,2520.5,2566.5,2551.5,2565.9,5238,133.78,"24-Jul-2026",1029,"",""
"2964","TIINDIA","EQ",2800,2821.1,2746.6,2767,2780,2824.5,361452,10054.51,"24-Jul-2026",43809,"",""
"2965","TIJARIA","EQ",4.33,4.74,4.21,4.64,4.52,4.31,225966,10.31,"24-Jul-2026",312,"",""
"2966","TIL","EQ",205.69,215.5,202.24,211.39,211.81,205.77,112645,236.84,"24-Jul-2026",2065,"",""
"2967","TIMETECHNO","EQ",197,202.03,195.6,201.26,201.29,200.03,2688187,5358.67,"24-Jul-2026",23115,"",""
"2968","TIMEX","EQ",573.45,581,559.6,578.85,578.15,573.75,175926,1005.72,"24-Jul-2026",11642,"",""
"2969","TIMKEN","EQ",3083.5,3168,3053.8,3127,3116,3083.1,77943,2434.73,"24-Jul-2026",14909,"",""
"2970","TINNARUBR","EQ",1069.95,1123.65,1061,1098.85,1105.8,1078.6,128094,1402.17,"24-Jul-2026",10871,"",""
"2971","TIPSFILMS","EQ",408.9,434.9,391.1,409.15,395,375.1,390502,1618.86,"24-Jul-2026",12382,"",""
"2972","TIPSMUSIC","EQ",670,722.55,667.45,699.45,701,676.6,3378998,23701.78,"24-Jul-2026",84163,"",""
"2973","TIRUMALCHM","EQ",167.78,170.69,165.92,167.74,167.7,167.78,332948,559.08,"24-Jul-2026",5054,"",""
"2974","TIRUPATI","SM",440.45,440.45,440.45,440.45,440.45,463.6,250,1.1,"24-Jul-2026",2,"",""
"2975","TIRUPATIFL","BE",75.02,76.7,73.61,73.61,73.61,77.48,458810,338.77,"24-Jul-2026",1369,"",""
"2976","TITAGARH","EQ",807,822.9,792,819.45,822.5,815.5,387023,3122.9,"24-Jul-2026",22977,"",""
"2977","TITAN","EQ",4605,4697,4604.1,4677,4688,4697.3,513858,24001.08,"24-Jul-2026",49813,"",""
"2978","TMB","EQ",799,808.95,788,804.5,802.85,799.4,100157,800.5,"24-Jul-2026",7045,"",""
"2979","TMCV","EQ",403,407.9,398,406.15,406.15,407.9,4173312,16842.66,"24-Jul-2026",121485,"",""
"2980","TMPV","EQ",321,325.75,318.25,323.8,324,324.3,7171058,23110.06,"24-Jul-2026",77813,"",""
"2981","TNIDETF","EQ",83.65,85,82.5,84.04,84,83.57,99742,83.37,"24-Jul-2026",456,"",""
"2982","TNPETRO","EQ",94,95.82,93.22,95,94.5,95.07,49037,46.24,"24-Jul-2026",1257,"",""
"2983","TNPL","EQ",151.99,153,149.01,149.75,149.5,151.44,293288,442.22,"24-Jul-2026",4560,"",""
"2984","TNTELE","EQ",9.14,9.23,8.89,9.14,9.23,8.88,19736,1.77,"24-Jul-2026",72,"",""
"2985","TOKYOPLAST","BE",80.5,81.49,80,80.15,80.15,81.85,1654,1.33,"24-Jul-2026",13,"",""
"2986","TOLINS","EQ",102.63,105,100.6,102.7,102.55,102.98,43907,44.9,"24-Jul-2026",685,"",""
"2987","TOP100CASE","EQ",10.55,10.55,10.32,10.43,10.47,10.46,832153,86.62,"24-Jul-2026",1141,"",""
"2988","TOP10ADD","EQ",86.03,86.5,85.55,86.41,86.49,86.28,834900,716.41,"24-Jul-2026",640,"",""
"2989","TOP15IETF","EQ",9.72,9.75,9.65,9.73,9.75,9.75,73845,7.16,"24-Jul-2026",250,"",""
"2990","TOP20","EQ",8.69,8.77,8.65,8.73,8.74,8.75,54931,4.77,"24-Jul-2026",137,"",""
"2991","TORNTPHARM","EQ",5026,5049.9,4951.7,4961.5,4978.9,5065.2,262189,13071.51,"24-Jul-2026",27140,"",""
"2992","TORNTPOWER","EQ",1418.1,1442.3,1410.5,1434.1,1436,1430,509230,7291.36,"24-Jul-2026",24199,"",""
"2993","TOTAL","EQ",49.1,51.39,49.05,49.98,49.8,49.47,2594,1.3,"24-Jul-2026",89,"",""
"2994","TOUCHWOOD","EQ",66,67.4,66,67.29,67.29,66.21,331,0.22,"24-Jul-2026",17,"",""
"2995","TPHQ","EQ",0.42,0.42,0.4,0.4,0.4,0.41,697835,2.87,"24-Jul-2026",278,"",""
"2996","TPLPLASTEH","EQ",77,77.72,75.26,76.9,77.6,76.8,125636,96.28,"24-Jul-2026",2042,"",""
"2997","TRACXN","EQ",30.1,30.32,29.51,29.7,29.88,29.99,74556,22.27,"24-Jul-2026",656,"",""
"2998","TRANSPEK","EQ",1041.8,1085,1001,1064.9,1084,1022.1,12644,132.05,"24-Jul-2026",1539,"",""
"2999","TRANSRAILL","EQ",479,485.9,473.6,482.7,485.85,480.95,314503,1509.21,"24-Jul-2026",11550,"",""
"3000","TRANSTEEL","SM",115.3,115.3,111.5,112.65,112,119,132000,149.2,"24-Jul-2026",90,"",""
"3001","TRANSWORLD","BE",157,161.99,154.15,158.86,159,158.87,10956,17.36,"24-Jul-2026",67,"",""
"3002","TRAVELFOOD","EQ",1272.3,1291,1255.5,1286.3,1291,1279.2,12291,156.79,"24-Jul-2026",3654,"",""
"3003","TREEHOUSE","EQ",6.35,6.48,6.03,6.35,6.37,6.16,33354,2.1,"24-Jul-2026",105,"",""
"3004","TREJHARA","EQ",142.47,142.47,136.6,138.75,138.5,141.47,3389,4.69,"24-Jul-2026",171,"",""
"3005","TREL","EQ",24.01,24.75,23.8,24.32,24.75,24.27,50283,12.17,"24-Jul-2026",470,"",""
"3006","TRENT","EQ",2841.3,2913,2836,2890.5,2886.5,2874.8,654165,18848.45,"24-Jul-2026",52850,"",""
"3007","TRF","EQ",232,236.44,229.71,232.96,232.1,232.52,33968,79.19,"24-Jul-2026",1518,"",""
"3008","TRIDENT","EQ",25.1,25.24,24.71,25.12,25.12,25.19,4673170,1167.52,"24-Jul-2026",16232,"",""
"3009","TRIDHYA","ST",10.45,10.45,10.45,10.45,10.45,11,3000,0.31,"24-Jul-2026",1,"",""
"3010","TRIGYN","EQ",54.89,55.45,53.53,54.5,54.34,54.01,6543,3.57,"24-Jul-2026",151,"",""
"3011","TRITURBINE","EQ",605,618,599.3,611.8,613.4,609.55,253366,1542.86,"24-Jul-2026",15225,"",""
"3012","TRIVENI","BE",248.7,248.7,248.7,248.7,248.7,261.75,50630,125.92,"24-Jul-2026",961,"",""
"3013","TROM","ST",58,58,58,58,58,58,2400,1.39,"24-Jul-2026",4,"",""
"3014","TRU","EQ",4.88,5.08,4.72,4.88,4.8,4.88,78567,3.8,"24-Jul-2026",198,"",""
"3015","TRUALT","EQ",430,439,426.5,428.95,428,431.9,287154,1243.09,"24-Jul-2026",8439,"",""
"3016","TRUST","SM",28.1,29.55,28.1,29,29.55,28.55,1800,0.52,"24-Jul-2026",3,"",""
"3017","TSC","SM",30.5,30.5,30.5,30.5,30.5,31.05,2000,0.61,"24-Jul-2026",1,"",""
"3018","TSFINV","EQ",434.75,436,424.85,432.8,435.3,434.75,52916,228.02,"24-Jul-2026",3513,"",""
"3019","TTKHLTCARE","EQ",1019.9,1060,1006.6,1047.2,1055,1012.55,29893,311.85,"24-Jul-2026",2219,"",""
"3020","TTKPRESTIG","EQ",648,650,631,643.35,643.25,645.75,30308,194.34,"24-Jul-2026",3213,"",""
"3021","TTL","EQ",6.3,6.5,6.22,6.37,6.4,6.4,139192,8.81,"24-Jul-2026",230,"",""
"3022","TTML","EQ",40.5,40.5,38.75,39.38,39.45,39.4,3130193,1234.41,"24-Jul-2026",14792,"",""
"3023","TUNWAL","SM",26.85,26.85,26.35,26.5,26.35,26.7,38000,10.09,"24-Jul-2026",18,"",""
"3024","TURTLEMINT","EQ",125.25,130.76,123.53,130.07,129,127.11,1109049,1420.03,"24-Jul-2026",17392,"",""
"3025","TVSELECT","EQ",487.55,502,486.25,496.65,498,489.95,43555,215.03,"24-Jul-2026",1988,"",""
"3026","TVSHLTD","EQ",14810,14810,14430,14633,14650,14807,7356,1074.33,"24-Jul-2026",2778,"",""
"3027","TVSMOTOR","EQ",3879.8,3899.9,3823.3,3870.2,3869.2,3919.8,1226472,47432.74,"24-Jul-2026",61812,"",""
"3028","TVSSCS","EQ",132,133.7,129.22,133.13,133,132.28,401846,528.61,"24-Jul-2026",5948,"",""
"3029","TVSSRICHAK","EQ",3910,3998,3882,3964.2,3969.4,3921.2,1378,53.93,"24-Jul-2026",447,"",""
"3030","TVTODAY","EQ",115.84,117.6,114.4,116.45,117.6,115.84,33664,39,"24-Jul-2026",911,"",""
"3031","TVVISION","EQ",4.76,4.76,4.6,4.7,4.73,4.76,9385,0.44,"24-Jul-2026",43,"",""
"3032","TWCGOLDETF","EQ",143.38,144.09,141,142.45,142.5,143.38,1812,2.58,"24-Jul-2026",180,"",""
"3033","UBL","EQ",1392,1423,1388,1398.6,1400,1397.7,155336,2179.87,"24-Jul-2026",16478,"",""
"3034","UCAL","EQ",115.51,115.98,114.5,114.9,114.83,116.28,2361,2.71,"24-Jul-2026",162,"",""
"3035","UCL","ST",186.45,186.45,186.45,186.45,186.45,183,2000,3.73,"24-Jul-2026",1,"",""
"3036","UCOBANK","EQ",25.6,25.95,25.28,25.88,25.94,26,4743797,1215.98,"24-Jul-2026",11744,"",""
"3037","UDS","EQ",209,209,198.1,201.19,200,208.14,360035,730.29,"24-Jul-2026",7323,"",""
"3038","UEL","EQ",120,123.29,117.51,119.98,123,119.58,2491,3.01,"24-Jul-2026",151,"",""
"3039","UFBL","EQ",658.15,691,625.2,674.85,670,658.1,224855,1432.1,"24-Jul-2026",4298,"",""
"3040","UFLEX","EQ",478.95,484.7,470,478.5,477.15,485.2,229366,1092.46,"24-Jul-2026",6524,"",""
"3041","UFO","EQ",66.9,67.69,66.3,67.02,66.89,67.27,15194,10.18,"24-Jul-2026",366,"",""
"3042","UGARSUGAR","EQ",39.28,39.97,38.8,39.72,39.97,39.16,76448,30,"24-Jul-2026",1011,"",""
"3043","UGROCAP","EQ",93.3,93.52,91.36,92.77,93.17,93.78,182903,169.03,"24-Jul-2026",2328,"",""
"3044","UHTL","ST",101.95,104.05,101.95,102,102,104,74000,76.16,"24-Jul-2026",30,"",""
"3045","UJJIVANSFB","EQ",71.5,71.5,67.91,70.72,70.75,68.78,68534652,47689.58,"24-Jul-2026",180877,"",""
"3046","ULTRACEMCO","EQ",11750,11899,11690,11846,11840,11908,229015,26992.32,"24-Jul-2026",30902,"",""
"3047","ULTRAMAR","EQ",383,385,376.15,379.5,380,385.05,15894,60.49,"24-Jul-2026",2338,"",""
"3048","UMA","SM",15.25,15.5,15.25,15.5,15.5,15.5,32000,4.95,"24-Jul-2026",4,"",""
"3049","UMAEXPORTS","BE",19.7,20.19,19.4,20.03,20.1,19.55,17441,3.42,"24-Jul-2026",75,"",""
"3050","UMESLTD","EQ",5.36,5.5,5.36,5.39,5.39,5.38,1451,0.08,"24-Jul-2026",34,"",""
"3051","UMIYA-MRO","EQ",88.98,90,88.02,89.29,90,89.15,3853,3.43,"24-Jul-2026",54,"",""
"3052","UNICHEMLAB","EQ",531.05,542.45,526.1,537.35,538,531.05,63182,338.81,"24-Jul-2026",4898,"",""
"3053","UNIDT","BE",226.98,226.98,218,223.73,224,223.83,1245,2.75,"24-Jul-2026",43,"",""
"3054","UNIECOM","EQ",84.2,84.5,83.1,84.38,84.5,84.46,183251,153.83,"24-Jul-2026",2187,"",""
"3055","UNIENTER","EQ",101.47,103.99,96.7,98.27,97.3,98.08,2791,2.75,"24-Jul-2026",376,"",""
"3056","UNIHEALTH","SM",799.8,819.95,770,792.7,800,795.9,13500,106.58,"24-Jul-2026",26,"",""
"3057","UNIINFO","BE",11.78,12.4,11.78,12.4,12.4,12.4,641,0.08,"24-Jul-2026",6,"",""
"3058","UNIMECH","EQ",1216.8,1247.9,1190,1237.4,1240.2,1215.3,80383,983.19,"24-Jul-2026",7387,"",""
"3059","UNIONBANK","EQ",167.89,171.5,165.81,170.5,170.52,168.4,13551971,22864.79,"24-Jul-2026",67844,"",""
"3060","UNIONGOLD","EQ",141.6,141.65,136.2,139.5,140,140.3,2441,3.39,"24-Jul-2026",45,"",""
"3061","UNIPARTS","EQ",672.95,692,660,689.5,690.6,673,80350,546.15,"24-Jul-2026",4590,"",""
"3062","UNITDSPR","EQ",1416,1480,1410.5,1467.2,1464,1418,3954221,57968.02,"24-Jul-2026",109019,"",""
"3063","UNITECH","EQ",4.4,4.47,4.34,4.38,4.38,4.48,4870402,213.77,"24-Jul-2026",2469,"",""
"3064","UNITEDPOLY","BE",30.4,30.4,28.31,30.17,30.24,29.6,34493,10.24,"24-Jul-2026",113,"",""
"3065","UNITEDTEA","EQ",485,486.05,464.6,469.8,469.15,483.3,3032,14.3,"24-Jul-2026",236,"",""
"3066","UNIVASTU","BE",121,124.7,117,123.68,123.35,120.72,101689,123.4,"24-Jul-2026",544,"",""
"3067","UNIVCABLES","EQ",1190,1245,1172,1234.8,1237.1,1204.3,122846,1493.12,"24-Jul-2026",7979,"",""
"3068","UNIVPHOTO","BE",478,490,462.1,475.75,483.9,475.85,2824,13.64,"24-Jul-2026",88,"",""
"3069","UNOMINDA","EQ",1125,1132.3,1101.1,1127,1131.7,1129.9,1004753,11236,"24-Jul-2026",61176,"",""
"3070","UPL","EQ",603.1,604.9,594.95,602.45,603,607,622872,3739.1,"24-Jul-2026",14045,"",""
"3071","URAVIDEF","BE",113,113.2,106.55,111.94,111.97,112.13,1691,1.86,"24-Jul-2026",88,"",""
"3072","URBAN","SM",130.05,137.9,128.65,133.75,133,129.95,132000,174.19,"24-Jul-2026",66,"",""
"3073","URBANCO","EQ",129.2,130.14,126.8,129.76,129.99,130.58,1214127,1564.15,"24-Jul-2026",25387,"",""
"3074","URJA","EQ",9.05,9.26,8.94,9.22,9.25,9.05,843060,76.62,"24-Jul-2026",2859,"",""
"3075","USHAFIN","SM",35,35.1,35,35.1,35.1,35,3200,1.12,"24-Jul-2026",2,"",""
"3076","USHAMART","EQ",498.4,499.95,488.8,495.7,495.4,496.4,330938,1641.78,"24-Jul-2026",10252,"",""
"3077","USK","EQ",21.84,21.85,21.4,21.75,21.65,21.8,5306,1.14,"24-Jul-2026",70,"",""
"3078","UTIAMC","EQ",904.5,906.95,876,881.4,881.9,904.05,1009475,8920.07,"24-Jul-2026",30792,"",""
"3079","UTKAL","SM",38.35,38.35,38.35,38.35,38.35,36.55,16000,6.14,"24-Jul-2026",6,"",""
"3080","UTKARSHBNK","EQ",14.4,14.53,14.15,14.45,14.46,14.46,3841832,552.18,"24-Jul-2026",6500,"",""
"3081","UTLSOLAR","EQ",370.05,389.75,368.05,383.8,383.35,375.95,355697,1359.41,"24-Jul-2026",15886,"",""
"3082","UTSSAV","ST",539,539,515,517,529,538.6,16800,88.26,"24-Jul-2026",26,"",""
"3083","UTTAMSUGAR","EQ",229,229.39,225.74,228.46,229,228.73,39135,89.1,"24-Jul-2026",827,"",""
"3084","UYFINCORP","EQ",19.01,19.29,18.22,18.57,18.63,19.25,423697,79,"24-Jul-2026",1336,"",""
"3085","V2RETAIL","EQ",218,221.94,216.09,219.29,221.94,220.21,459515,1005.06,"24-Jul-2026",13350,"",""
"3086","VADILALIND","EQ",6739.5,6774,6627,6710.5,6717,6749.5,6278,420.35,"24-Jul-2026",1460,"",""
"3087","VAIBHAVGBL","EQ",252.5,254.39,245.64,251.94,253,254.99,649583,1625.42,"24-Jul-2026",15506,"",""
"3088","VAISHALI","BE",8.04,8.04,7.61,7.76,7.81,7.77,54799,4.24,"24-Jul-2026",74,"",""
"3089","VAKRANGEE","EQ",5.76,5.89,5.68,5.81,5.84,5.76,1065096,61.5,"24-Jul-2026",1453,"",""
"3090","VAL30IETF","EQ",15.2,15.35,15.12,15.27,15.35,15.32,154077,23.47,"24-Jul-2026",623,"",""
"3091","VALIANTLAB","BE",62.26,62.43,59.15,61.5,61.75,62.26,9045,5.49,"24-Jul-2026",64,"",""
"3092","VALIANTORG","BE",261.05,273,259.05,262.85,269.95,263.95,8817,23.35,"24-Jul-2026",142,"",""
"3093","VALUE","EQ",15.91,16,15.81,15.99,16,16.01,77948,12.38,"24-Jul-2026",96,"",""
"3094","VALUE360","SM",77.95,80,77.2,80,80,77.75,8400,6.61,"24-Jul-2026",7,"",""
"3095","VALUEAXIS","EQ",32.53,32.78,32.18,32.55,32.47,32.52,66296,21.46,"24-Jul-2026",346,"",""
"3096","VAML","EQ",432,439.95,427.1,435.6,437.7,436.85,4905988,21360.22,"24-Jul-2026",91555,"",""
"3097","VARDHACRLC","BE",42,42.9,41.5,41.95,41.99,42.1,13310,5.57,"24-Jul-2026",124,"",""
"3098","VARDMNPOLY","EQ",6.1,6.11,5.96,6.01,6.08,6.11,133102,8.01,"24-Jul-2026",401,"",""
"3099","VARROC","EQ",639.5,646.6,629.55,642.75,645.5,640.75,197767,1267.11,"24-Jul-2026",4354,"",""
"3100","VASCONEQ","BE",32.48,32.48,31.56,32.33,32.3,32.12,100491,32.16,"24-Jul-2026",478,"",""
"3101","VASWANI","EQ",53.3,53.4,51.5,52.52,52.98,52.37,12896,6.76,"24-Jul-2026",248,"",""
"3102","VBL","EQ",452,459.5,451.15,457.2,457.7,459.05,2597541,11839,"24-Jul-2026",44141,"",""
"3103","VCL","EQ",1,1.05,0.99,0.99,1.01,1.02,200714,2.02,"24-Jul-2026",210,"",""
"3104","VDEAL","SM",158,158,148.6,153.5,153.5,158,3600,5.45,"24-Jul-2026",6,"",""
"3105","VEDL","EQ",262,266.05,260.1,264.65,264.95,264.6,6744189,17730.89,"24-Jul-2026",60551,"",""
"3106","VEDPOWER","EQ",34.54,35.42,33.88,35.01,35.18,34.65,20588022,7154.94,"24-Jul-2026",45290,"",""
"3107","VEEDOL","EQ",1405,1409,1384,1398.8,1409,1396.3,4754,66.35,"24-Jul-2026",726,"",""
"3108","VEEKAYEM","ST",122,122,122,122,122,128,500,0.61,"24-Jul-2026",1,"",""
"3109","VELJAN","BE",1771.1,1869,1720,1743.8,1818,1780,3392,62.06,"24-Jul-2026",157,"",""
"3110","VENKEYS","EQ",1509.1,1534.8,1490.1,1505.2,1506.2,1508.5,54554,822.29,"24-Jul-2026",4151,"",""
"3111","VENTIVE","EQ",610,623.85,601.2,617.75,623,615.3,14839,90.53,"24-Jul-2026",1466,"",""
"3112","VENUSPIPES","EQ",1671.9,1714.9,1658.9,1700.1,1704,1683.3,62206,1050.47,"24-Jul-2026",8152,"",""
"3113","VENUSREM","BE",1639.9,1682,1572.9,1649,1646.7,1655.6,37108,600.77,"24-Jul-2026",1404,"",""
"3114","VERA","SM",78.25,78.25,78.25,78.25,78.25,74.55,6000,4.7,"24-Jul-2026",1,"",""
"3115","VERANDA","EQ",235,235.19,230,233.78,234.4,236.62,64532,150.3,"24-Jul-2026",2063,"",""
"3116","VERTOZ","BE",34,36.25,34,35.58,35.75,35.29,19745,7,"24-Jul-2026",172,"",""
"3117","VESUVIUS","EQ",445,453.85,441.05,452.3,453.25,446.3,25481,114.52,"24-Jul-2026",2175,"",""
"3118","VETO","BE",119.13,125.83,117.59,121.5,122.18,120.11,25085,30.38,"24-Jul-2026",231,"",""
"3119","VGINFOTECH","SM",151,156,151,153.7,154.5,152.65,32000,49.38,"24-Jul-2026",28,"",""
"3120","VGL","EQ",61.8,63.28,60.62,61.2,61.89,62.11,14908,9.16,"24-Jul-2026",666,"",""
"3121","VGUARD","EQ",294,294,288.8,290.8,291.1,294.4,251907,732.52,"24-Jul-2026",14276,"",""
"3122","VHL","EQ",3480,3570,3450,3503.3,3501,3477.6,564,19.69,"24-Jul-2026",78,"",""
"3123","VHLTD","BE",133.18,133.18,129,131.99,132,131.3,5341,7.03,"24-Jul-2026",63,"",""
"3124","VIAZ","SM",61,61,61,61,61,61.8,6000,3.66,"24-Jul-2026",1,"",""
"3125","VICTORYEV","ST",16.1,16.95,15.7,16.95,16.95,16.4,21000,3.41,"24-Jul-2026",7,"",""
"3126","VIDHIING","EQ",308.9,315,300.15,310.55,315,304.45,29756,91.73,"24-Jul-2026",1028,"",""
"3127","VIDYAWIRES","EQ",87.55,89.89,86.41,88.54,88,88.05,957456,846.39,"24-Jul-2026",7671,"",""
"3128","VIESL","SM",307.4,316,307.4,314.25,316,307.4,8800,27.45,"24-Jul-2026",9,"",""
"3129","VIGOR","ST",94.85,98,90.05,98,98,94,27200,25.62,"24-Jul-2026",15,"",""
"3130","VIJAYA","EQ",1300,1322.3,1291,1313.9,1320,1318.8,46949,614.47,"24-Jul-2026",5924,"",""
"3131","VIJAYPD","SM",63,64,62.35,63.95,63.95,63,14000,8.84,"24-Jul-2026",7,"",""
"3132","VIJIFIN","BE",9.27,9.27,9.27,9.27,9.27,9.09,661303,61.3,"24-Jul-2026",219,"",""
"3133","VIKASECO","EQ",1.11,1.14,1.1,1.11,1.12,1.1,2160292,24.01,"24-Jul-2026",1465,"",""
"3134","VIKASLIFE","EQ",1.28,1.36,1.28,1.31,1.32,1.28,3308484,43.51,"24-Jul-2026",11690,"",""
"3135","VIKRAMSOLR","EQ",182.8,183.28,179.5,182.8,183,183.75,1004475,1826.07,"24-Jul-2026",12244,"",""
"3136","VIKRAN","EQ",70.96,71.6,70.01,71.43,71.47,71.82,934117,662.3,"24-Jul-2026",5811,"",""
"3137","VILAS","SM",358.1,366.95,351,357.55,355.5,358.1,12750,45.56,"24-Jul-2026",47,"",""
"3138","VIMTALABS","EQ",563.5,574.8,553,570.45,568.95,563.5,257296,1450.74,"24-Jul-2026",9584,"",""
"3139","VINATIORGA","EQ",1291.6,1309,1275.9,1300.1,1309,1291.6,27386,353.16,"24-Jul-2026",3805,"",""
"3140","VINCOFE","EQ",155.01,157.2,154.55,156.18,156.5,156.53,1501128,2341.53,"24-Jul-2026",8717,"",""
"3141","VINDHYATEL","EQ",1821.9,1900.9,1810,1886,1890,1851.8,16872,313.93,"24-Jul-2026",3152,"",""
"3142","VINEETLAB","BE",38.4,39.27,36.31,38.52,38.6,37.4,73138,27.81,"24-Jul-2026",154,"",""
"3143","VINNY","EQ",1.08,1.09,1.06,1.07,1.07,1.08,123100,1.32,"24-Jul-2026",134,"",""
"3144","VINSYS","ST",524.5,530,519,522.1,520,518.1,8000,41.98,"24-Jul-2026",28,"",""
"3145","VINYAS","SM",1226,1299,1225,1272.75,1271.2,1270.9,8200,102.95,"24-Jul-2026",56,"",""
"3146","VINYLINDIA","EQ",241,243,236.35,242.65,243,242,8317,19.96,"24-Jul-2026",516,"",""
"3147","VIPCLOTHNG","BE",21.59,22.1,21.25,21.37,21.74,22.02,41080,8.86,"24-Jul-2026",173,"",""
"3148","VIPIND","EQ",290.85,296.7,288,295.4,293.1,290.85,147769,430.98,"24-Jul-2026",2798,"",""
"3149","VIPULLTD","BE",12.12,12.9,12.12,12.12,12.12,12.75,202134,24.61,"24-Jul-2026",335,"",""
"3150","VIRINCHI","EQ",15.63,15.8,15.12,15.53,15.7,15.63,32597,5.03,"24-Jul-2026",207,"",""
"3151","VISACHROME","BE",37,38,36.49,36.9,37.68,38,29423,10.88,"24-Jul-2026",109,"",""
"3152","VISAKAIND","EQ",80,80.6,79.01,79.85,79.73,80.24,63946,51.08,"24-Jul-2026",1048,"",""
"3153","VISHNU","EQ",615.5,634.75,611.5,632.4,630.75,620.7,132409,824.39,"24-Jul-2026",6776,"",""
"3154","VISHNUINFR","SM",155,155.35,154.95,155,155,160.2,5500,8.53,"24-Jul-2026",8,"",""
"3155","VISHWARAJ","EQ",5.27,5.27,5.1,5.19,5.23,5.26,138587,7.19,"24-Jul-2026",419,"",""
"3156","VISHWAS","ST",44.8,44.8,44.8,44.8,44.8,45.65,3200,1.43,"24-Jul-2026",2,"",""
"3157","VISL","EQ",30.95,31.25,30.2,30.35,30.49,31.1,32371875,9909.55,"24-Jul-2026",53589,"",""
"3158","VITAL","BE",47,47,46.8,46.8,46.8,47.45,6006,2.82,"24-Jul-2026",12,"",""
"3159","VIVIANA","BE",715,715,695,697.45,699.5,715.4,18114,127.02,"24-Jul-2026",431,"",""
"3160","VIVIDEL","ST",1254.95,1321.45,1235,1315,1315,1258.55,28320,364.57,"24-Jul-2026",74,"",""
"3161","VIVIDHA","EQ",0.51,0.54,0.51,0.53,0.53,0.51,332341,1.76,"24-Jul-2026",154,"",""
"3162","VIVIMEDLAB","BE",5.17,5.25,5.11,5.18,5.25,5.17,31017,1.6,"24-Jul-2026",79,"",""
"3163","VIYASH","EQ",250.7,254.75,248,250.9,251,253.25,926335,2322.47,"24-Jul-2026",16300,"",""
"3164","VLEGOV","BE",10.49,10.49,10.49,10.49,10.49,10.7,40962,4.3,"24-Jul-2026",105,"",""
"3165","VLSFINANCE","EQ",252.05,255.4,252.05,253.5,253.55,254.05,3068,7.79,"24-Jul-2026",131,"",""
"3166","VMARCIND","SM",281,284.5,272.8,280,281,280.6,132000,367.47,"24-Jul-2026",78,"",""
"3167","VMART","EQ",758,792.3,715,724.65,716,759.7,1110278,8437.68,"24-Jul-2026",65139,"",""
"3168","VMM","EQ",109.11,109.3,106.8,108.04,108.1,109.87,11375041,12299.31,"24-Jul-2026",67501,"",""
"3169","VMOBILE","SM",64.5,64.65,64.5,64.5,64.5,67.85,179200,115.59,"24-Jul-2026",101,"",""
"3170","VMSTMT","BE",43.99,44.89,43.99,44.05,44.5,44.2,9380,4.14,"24-Jul-2026",118,"",""
"3171","VOEPL","EQ",496.1,512.95,480.65,484.05,483,498.6,136848,682.77,"24-Jul-2026",3227,"",""
"3172","VOGL","EQ",32.5,34.52,32.12,34.23,34.4,32.78,42802896,14366.11,"24-Jul-2026",70539,"",""
"3173","VOLERCAR","SM",235,235,235,235,235,217.1,800,1.88,"24-Jul-2026",1,"",""
"3174","VOLTAMP","EQ",9245,9280,9110,9180,9175,9304,21326,1962.06,"24-Jul-2026",7389,"",""
"3175","VOLTAS","EQ",1303.4,1333.2,1291,1327.3,1326,1310.2,569448,7495.03,"24-Jul-2026",18242,"",""
"3176","VPRPL","BE",28,28,28,28,28,27.46,88917,24.9,"24-Jul-2026",118,"",""
"3177","VRAJ","EQ",132,132,122.11,129.21,129,131.75,44159,56.04,"24-Jul-2026",857,"",""
"3178","VRLLOG","EQ",239.7,248.42,237,243.11,245,241.4,483055,1170.14,"24-Jul-2026",10202,"",""
"3179","VSCL","ST",29,29,29,29,29,29,3000,0.87,"24-Jul-2026",1,"",""
"3180","VSSL","EQ",292.3,298.4,288.85,296.25,295.3,297.7,99167,291.58,"24-Jul-2026",2896,"",""
"3181","VSTIND","EQ",229,232.95,226.55,230.05,230,227.9,338023,775.88,"24-Jul-2026",7954,"",""
"3182","VSTL","EQ",111.93,111.97,109.32,111.14,110.05,109.94,5999,6.65,"24-Jul-2026",130,"",""
"3183","VSTTILLERS","EQ",4410,4484.1,4355.2,4416.7,4400,4412,5308,235.12,"24-Jul-2026",1222,"",""
"3184","VTL","EQ",606.3,620,598.05,614.6,618.7,610.1,130927,798.63,"24-Jul-2026",9225,"",""
"3185","WAAREEENER","EQ",2700,2718,2678,2702,2707.9,2711.8,431356,11640.99,"24-Jul-2026",28393,"",""
"3186","WAAREEINDO","EQ",352.65,352.65,352.65,352.65,352.65,371.2,23322,82.25,"24-Jul-2026",467,"",""
"3187","WAAREERTL","EQ",945,950.3,920.6,932,937.5,943.4,276473,2571.26,"24-Jul-2026",16958,"",""
"3188","WABAG","EQ",2045,2067.2,2011,2041.2,2040.4,2057.3,318035,6482.91,"24-Jul-2026",25261,"",""
"3189","WAKEFIT","EQ",134.49,137.16,123.25,129.7,131.49,134.18,17371629,22356.45,"24-Jul-2026",91097,"",""
"3190","WALCHANNAG","EQ",234.1,239.85,232.9,237.1,236.65,237.7,430554,1017.6,"24-Jul-2026",6102,"",""
"3191","WANBURY","EQ",329.3,334.85,323.5,331.9,332,329.3,190197,628.31,"24-Jul-2026",5502,"",""
"3192","WCIL","EQ",89.5,90.38,88.1,89.98,90.1,89.24,39052,34.83,"24-Jul-2026",1109,"",""
"3193","WEALTH","EQ",942.65,974.9,925.1,940.25,955,962.35,2809,26.61,"24-Jul-2026",383,"",""
"3194","WEBELSOLAR","EQ",99.12,100.56,97.86,99.77,99.99,100.16,1370328,1358.43,"24-Jul-2026",8902,"",""
"3195","WEIZMANIND","EQ",76.8,79.36,76.8,77.19,77.2,78,881,0.68,"24-Jul-2026",38,"",""
"3196","WEL","EQ",101.26,110,98.54,107.24,106.5,101.45,435717,456.94,"24-Jul-2026",2902,"",""
"3197","WELCORP","EQ",1596.8,1622.4,1566.2,1596.9,1591,1612.8,843386,13435.47,"24-Jul-2026",56429,"",""
"3198","WELENT","EQ",600,604.3,591.1,598.8,597.1,602,112104,670.1,"24-Jul-2026",8526,"",""
"3199","WELINV","BE",1810.4,1899,1810.4,1898,1898,1810.4,137,2.6,"24-Jul-2026",11,"",""
"3200","WELSPLSOL","EQ",49.35,51.98,48.75,51.3,51.25,49.35,752175,379.53,"24-Jul-2026",5550,"",""
"3201","WELSPUNLIV","EQ",163.19,163.91,160.31,162,162.15,164.99,855247,1386.05,"24-Jul-2026",10321,"",""
"3202","WENDT","EQ",7427,8295.5,7300,8074.5,8106,7426,43930,3476.56,"24-Jul-2026",12169,"",""
"3203","WESTLIFE","EQ",475,476.85,454.5,459.15,455.35,477.8,192069,888.34,"24-Jul-2026",6803,"",""
"3204","WEWIN","BE",47.85,47.85,47.33,47.33,47.33,47.34,203,0.1,"24-Jul-2026",4,"",""
"3205","WEWORK","EQ",695,714.9,686.6,711.95,714.5,700,100600,705.68,"24-Jul-2026",8788,"",""
"3206","WHEELS","EQ",1441,1450.9,1410.2,1441.7,1445.8,1445.2,51097,733.02,"24-Jul-2026",6500,"",""
"3207","WHIRLPOOL","EQ",763.1,774.1,757.25,771.45,772.1,770.75,138135,1057.62,"24-Jul-2026",8241,"",""
"3208","WHITEFORCE","ST",41.9,41.9,41.9,41.9,41.9,44.1,1600,0.67,"24-Jul-2026",1,"",""
"3209","WILLAMAGOR","EQ",25.2,26.46,25.01,25.27,25.27,25.5,186,0.05,"24-Jul-2026",10,"",""
"3210","WINDLAS","EQ",861.45,863.95,835.55,857.95,852,861.45,31663,268.94,"24-Jul-2026",2995,"",""
"3211","WINDMACHIN","EQ",291,295.7,285,292.2,291.65,291.35,23870,69.27,"24-Jul-2026",1137,"",""
"3212","WINSOL","SM",113.5,114.05,113.5,113.5,113.5,115.2,3200,3.64,"24-Jul-2026",8,"",""
"3213","WINSOME","BZ",2.27,2.35,2.27,2.35,2.35,2.31,44513,1.01,"24-Jul-2026",24,"",""
"3214","WIPL","EQ",166.59,171,163,165.06,164,164.8,683,1.14,"24-Jul-2026",34,"",""
"3215","WIPRO","EQ",174,177.9,172.8,177.12,176.55,174.82,13282944,23390.48,"24-Jul-2026",83516,"",""
"3216","WOCKPHARMA","EQ",1835.1,1859,1825.7,1849.2,1844,1849.7,330095,6092.37,"24-Jul-2026",16865,"",""
"3217","WOL3D","ST",131.15,131.5,130.15,130.3,130.3,137,4000,5.23,"24-Jul-2026",4,"",""
"3218","WOMANCART","SM",103.45,107,96,96.4,96.4,98.1,16000,15.71,"24-Jul-2026",35,"",""
"3219","WONDERLA","EQ",464,470.85,456.2,468.75,470,464.6,50265,232.68,"24-Jul-2026",2947,"",""
"3220","WORTHPERI","EQ",142,145,138.67,142.83,143.5,140.77,10071,14.3,"24-Jul-2026",91,"",""
"3221","WPIL","EQ",442.5,507.9,431.75,450.45,442.7,442.55,686898,3166.28,"24-Jul-2026",28809,"",""
"3222","WSI","EQ",61.4,63.29,60.1,62.31,62.1,61.4,86023,52.51,"24-Jul-2026",734,"",""
"3223","WSTCSTPAPR","EQ",559,562.15,543.5,553.55,553.45,560.7,272324,1500.5,"24-Jul-2026",14126,"",""
"3224","WTICAB","SM",118.5,120.7,113.85,118.15,118.15,119.85,10000,11.82,"24-Jul-2026",19,"",""
"3225","XCHANGING","EQ",63.6,64.5,62.7,64.04,64,63.91,92873,59.03,"24-Jul-2026",1110,"",""
"3226","XELPMOC","EQ",80.5,82.2,76,81.19,81.84,80.47,27473,21.72,"24-Jul-2026",797,"",""
"3227","XPROINDIA","EQ",1356.9,1400,1329.1,1386.2,1392,1351.5,12812,175.64,"24-Jul-2026",1750,"",""
"3228","XTGLOBAL","EQ",28.16,28.25,27.05,27.99,28.25,28.25,133769,37.37,"24-Jul-2026",294,"",""
"3229","YAAP","ST",152,156,152,156,156,153,19000,29.55,"24-Jul-2026",5,"",""
"3230","YASHO","EQ",3080.3,3120,3030,3072,3043,3079,9430,289.91,"24-Jul-2026",2139,"",""
"3231","YASHOPTICS","SM",112,113.5,110.2,112.15,113.5,108.85,12000,13.39,"24-Jul-2026",13,"",""
"3232","YATHARTH","EQ",836,849.85,825.2,838.8,835.25,841.6,148599,1243.55,"24-Jul-2026",9308,"",""
"3233","YATRA","EQ",105.81,108.21,105.21,107.67,107.99,107.45,644181,690.21,"24-Jul-2026",8022,"",""
"3234","YCCL","SM",9.4,9.4,9.35,9.35,9.35,10,6000,0.56,"24-Jul-2026",2,"",""
"3235","YESBANK","EQ",22.82,23.02,22.64,22.95,23,22.93,53804519,12281.19,"24-Jul-2026",65217,"",""
"3236","YUDIZ","SM",22.8,23,22.8,23,23,24,4000,0.91,"24-Jul-2026",5,"",""
"3237","YUKEN","EQ",709.65,719.5,703.6,708.25,719.5,709.75,2722,19.22,"24-Jul-2026",156,"",""
"3238","ZAGGLE","EQ",200.5,202.32,198.9,199.97,201.3,201.15,676394,1353.38,"24-Jul-2026",10303,"",""
"3239","ZEAL","SM",63,63,62,62,62,63,1800,1.13,"24-Jul-2026",3,"",""
"3240","ZEEL","EQ",102.8,106.9,101.2,105.46,105.97,103.42,13489797,14001.2,"24-Jul-2026",41497,"",""
"3241","ZEELEARN","BE",8.08,8.2,8,8.02,8.15,8.08,252957,20.45,"24-Jul-2026",346,"",""
"3242","ZEEMEDIA","EQ",7.95,8,7.79,7.97,7.99,7.87,393336,31.14,"24-Jul-2026",1041,"",""
"3243","ZENITHDRUG","SM",49,49.25,49,49.25,49.25,48.95,8000,3.93,"24-Jul-2026",7,"",""
"3244","ZENITHEXPO","EQ",190.41,202,190.4,200.17,200,198.9,197,0.39,"24-Jul-2026",15,"",""
"3245","ZENITHSTL","EQ",5.51,6.19,5.51,5.83,5.85,5.66,217603,12.95,"24-Jul-2026",475,"",""
"3246","ZENSARTECH","EQ",487,510,484,505.9,504.9,487.05,4472153,22289.26,"24-Jul-2026",75863,"",""
"3247","ZENTEC","EQ",1783,1792,1746,1768.7,1768,1800.7,228777,4039.17,"24-Jul-2026",16512,"",""
"3248","ZFCVINDIA","EQ",2368.3,2386,2260,2320.6,2334,2365.8,319971,7442.37,"24-Jul-2026",36160,"",""
"3249","ZFSTEERING","EQ",666.05,798.9,652.1,694.15,698,665.95,47046,334.79,"24-Jul-2026",2268,"",""
"3250","ZIMLAB","BE",121.22,121.22,120.4,120.4,120.4,118.85,13054,15.82,"24-Jul-2026",48,"",""
"3251","ZODIAC","BE",255,257,246.05,251.25,252,254.7,8084,20.18,"24-Jul-2026",354,"",""
"3252","ZODIACLOTH","EQ",75.99,76,74.16,75.84,76,76.15,3968,3,"24-Jul-2026",90,"",""
"3253","ZOTA","EQ",1294,1294,1244.2,1258.4,1260,1296.4,50694,638.37,"24-Jul-2026",4203,"",""
"3254","ZSARACOM","EQ",12650,12900,12168.5,12364.5,12880,12918.5,58,7.21,"24-Jul-2026",24,"",""
"3255","ZTECH","SM",535,535,505.1,524.15,527.65,541.35,23400,122.1,"24-Jul-2026",71,"",""
"3256","ZUARI","EQ",219.9,224.99,215.25,219.86,221.5,220.7,79247,173.26,"24-Jul-2026",3616,"",""
"3257","ZUARIIND","EQ",255,259.8,251.2,257,257.75,256.1,16395,42.12,"24-Jul-2026",533,"",""
"3258","ZYDUSLIFE","EQ",1109,1119.6,1099,1108.7,1111.8,1113.8,837032,9274.32,"24-Jul-2026",30275,"",""
"3259","ZYDUSWELL","EQ",554,567.95,544.05,563.05,565,550.9,212435,1179.51,"24-Jul-2026",12325,"",""
