"","SYMBOL","SERIES","OPEN","HIGH","LOW","CLOSE","LAST","PREVCLOSE","TOTTRDQTY","TOTTRDVAL","TIMESTAMP","TOTALTRADES","ISIN","X"
"1","20MICRONS","EQ",217.7,217.8,212.16,213.87,216,219.21,65908,141.69,"24-Sep-2026",2566,"",""
"2","21STCENMGM","EQ",40,40,39.16,39.77,40,39.92,3133,1.25,"24-Sep-2026",37,"",""
"3","360ONE","EQ",1099.5,1103,1066.9,1080.8,1080.8,1108,1356395,14639.16,"24-Sep-2026",42931,"",""
"4","3BBLACKBIO","EQ",1425,1425,1391,1406,1400.9,1431.6,6962,98.03,"24-Sep-2026",776,"",""
"5","3IINFOLTD","BE",26.03,26.03,24.8,24.96,24.9,25.74,270182,67.83,"24-Sep-2026",678,"",""
"6","3MINDIA","EQ",34600,34790,34285,34590,34700,34615,1608,556.14,"24-Sep-2026",984,"",""
"7","3PLAND","EQ",31.5,31.5,30.51,30.52,30.51,30.91,302,0.09,"24-Sep-2026",22,"",""
"8","574GS2026","GS",102.05,102.05,102.05,102.05,102.05,101.2,472,0.48,"24-Sep-2026",5,"",""
"9","5PAISA","EQ",318.15,318.15,305.15,308.4,309,318.15,26049,80.92,"24-Sep-2026",1150,"",""
"10","610GS2031","GS",99.99,99.99,99.99,99.99,99.99,99.99,1,0,"24-Sep-2026",1,"",""
"11","620GS2029","GS",99.01,99.01,99.01,99.01,99.01,99,100,0.1,"24-Sep-2026",1,"",""
"12","622GS2035","GS",93.63,93.63,93.63,93.63,93.63,93.43,4,0,"24-Sep-2026",1,"",""
"13","636GS2031","GS",99.5,99.5,98,99.2,99.2,99,1658,1.64,"24-Sep-2026",8,"",""
"14","63MOONS","EQ",849.15,891.9,840.2,862.9,862,852.95,561321,4890.73,"24-Sep-2026",25983,"",""
"15","648GS2035","GS",98,98,97.9,97.9,97.9,98,550,0.54,"24-Sep-2026",2,"",""
"16","654GS2032","GS",99,99,99,99,99,99.5,1,0,"24-Sep-2026",1,"",""
"17","664GS2027","GS",101.6,101.6,101.6,101.6,101.6,101.5,100,0.1,"24-Sep-2026",1,"",""
"18","664GS2035","GS",99.2,99.2,99.2,99.2,99.2,98,1,0,"24-Sep-2026",1,"",""
"19","667GS2050","GS",93.51,93.51,93.51,93.51,93.51,93,100,0.09,"24-Sep-2026",1,"",""
"20","668GS2040","GS",97.95,97.95,97.1,97.1,97.1,97.4,70,0.07,"24-Sep-2026",8,"",""
"21","676GS2061","GS",89.75,89.75,89.55,89.74,89.74,89.54,18410,16.51,"24-Sep-2026",34,"",""
"22","679GS2034A","GS",99.7,99.7,98,99.01,99.7,100.02,498,0.49,"24-Sep-2026",3,"",""
"23","68GS2060","GS",92.2,92.2,91.3,91.5,91.6,91.8,305,0.28,"24-Sep-2026",20,"",""
"24","690GS2065","GS",93.95,93.95,93.32,93.33,93.33,93.97,8829,8.26,"24-Sep-2026",18,"",""
"25","692GS2039","GS",99,99,99,99,99,99,100,0.1,"24-Sep-2026",1,"",""
"26","694GS2036","GS",101.09,101.09,101.09,101.09,101.09,102.71,100,0.1,"24-Sep-2026",1,"",""
"27","695GS2061","GS",93.3,93.3,93.24,93.25,93.25,93,9,0.01,"24-Sep-2026",6,"",""
"28","699GS2051","GS",95.6,95.6,93.87,93.87,93.87,95.5,502,0.48,"24-Sep-2026",2,"",""
"29","702GS2027","GS",102.21,102.21,102.21,102.21,102.21,102.21,1000,1.02,"24-Sep-2026",1,"",""
"30","704GS2029","GS",102.66,102.66,102.66,102.66,102.66,102.23,1000,1.03,"24-Sep-2026",1,"",""
"31","706GS2028","GS",103.75,103.75,103.75,103.75,103.75,104.3,700,0.73,"24-Sep-2026",1,"",""
"32","709GS2054","GS",93.5,96.25,93.5,95.5,95.5,95.66,26305,25.16,"24-Sep-2026",21,"",""
"33","709GS2074","GS",95.5,95.5,94.75,94.95,94.81,95.25,7010,6.67,"24-Sep-2026",21,"",""
"34","710GS2029","GS",102.21,103.5,102.21,103.5,103.5,104.84,100,0.1,"24-Sep-2026",3,"",""
"35","718GS2033","GS",104,104,103.4,103.4,103.4,102.5,300,0.31,"24-Sep-2026",2,"",""
"36","718GS2037","GS",101.7,102.78,101.7,101.72,101.7,103.2,17100,17.42,"24-Sep-2026",17,"",""
"37","719GS2060","GS",95.2,95.2,95.2,95.2,95.2,95.2,5000,4.76,"24-Sep-2026",8,"",""
"38","724GS2055","GS",97.1,97.1,96.75,96.75,96.75,97.7,10688,10.37,"24-Sep-2026",15,"",""
"39","725GS2063","GS",97.3,97.3,96.75,96.82,96.84,97.14,25576,24.78,"24-Sep-2026",64,"",""
"40","726GS2032","GS",107.1,107.1,107.1,107.1,107.1,102,1,0,"24-Sep-2026",1,"",""
"41","726GS2033","GS",102.5,102.5,101.48,101.99,101.99,102,3211,3.26,"24-Sep-2026",6,"",""
"42","732GS2030","GS",103.55,103.55,103.55,103.55,103.55,103.55,1050,1.09,"24-Sep-2026",2,"",""
"43","733GS2026","GS",102.4,102.4,102.04,102.4,102.4,102.5,700,0.72,"24-Sep-2026",4,"",""
"44","734GS2064","GS",99.24,99.24,98.91,98.95,99,99.4,69141,68.47,"24-Sep-2026",36,"",""
"45","736GS2052","GS",95.51,99.25,95.51,96.6,96.6,99.25,5121,4.89,"24-Sep-2026",4,"",""
"46","737GS2028","GS",103.75,105.98,103.75,104.1,104.1,105.1,1752,1.83,"24-Sep-2026",10,"",""
"47","738GS2027","GS",102.9,102.9,102.41,102.6,102.6,102.7,48793,50.06,"24-Sep-2026",24,"",""
"48","73GS2053","GS",98.6,98.69,98,98.6,98.6,98.74,22649,22.34,"24-Sep-2026",14,"",""
"49","741GS2036","GS",104.43,104.43,103.35,103.5,103.5,103.15,12323,12.76,"24-Sep-2026",17,"",""
"50","743GS2076","GS",98.2,99.39,98.11,98.25,98.75,98.9,45029,44.41,"24-Sep-2026",61,"",""
"51","746GS2073","GS",103.99,103.99,103.99,103.99,103.99,102.99,1,0,"24-Sep-2026",1,"",""
"52","74GS2035","GS",101.01,103,101.01,103,103,102.5,200,0.2,"24-Sep-2026",2,"",""
"53","74GS2062","GS",99.9,99.9,97.1,98,98,99.5,1336,1.32,"24-Sep-2026",19,"",""
"54","750GS2056","GS",101.93,102,101.93,102,102,101.92,600,0.61,"24-Sep-2026",2,"",""
"55","754GS2036","GS",105.75,105.75,104.8,105.1,105.1,105.68,243971,256.95,"24-Sep-2026",253,"",""
"56","757GS2033","GS",103.7,103.7,103.7,103.7,103.7,105.45,1000,1.04,"24-Sep-2026",2,"",""
"57","763GS2056","GS",98.32,100,98.32,100,100,100,1600,1.58,"24-Sep-2026",3,"",""
"58","771GS2066","GS",104.75,104.8,104.75,104.8,104.8,104.4,1100,1.15,"24-Sep-2026",3,"",""
"59","772GS2055","GS",103.5,103.5,103.5,103.5,103.5,103.5,100,0.1,"24-Sep-2026",1,"",""
"60","795GS2032","GS",105.7,105.7,104.17,105,105,104.14,2000,2.1,"24-Sep-2026",9,"",""
"61","824GS2027","GS",101.65,101.65,101.65,101.65,101.65,101.7,500,0.51,"24-Sep-2026",3,"",""
"62","92GS2030","GS",115.1,115.1,113.01,113.19,113.1,114.5,10657,12.16,"24-Sep-2026",12,"",""
"63","A2ZINFRA","EQ",14.9,15.15,14.71,14.74,14.71,14.79,236843,35.19,"24-Sep-2026",821,"",""
"64","AAATECH","EQ",94.16,95.98,90.25,91.84,92.77,93.56,128773,121.03,"24-Sep-2026",893,"",""
"65","AADHARHFC","EQ",454.2,454.2,444.3,446.7,446.9,454.55,183120,819.38,"24-Sep-2026",9756,"",""
"66","AAKAAR","SM",73.4,73.4,68.15,68.15,68.15,70,3200,2.26,"24-Sep-2026",2,"",""
"67","AAKASH","EQ",9.12,9.5,8.91,9.09,9.19,9.13,288598,26.59,"24-Sep-2026",590,"",""
"68","AARADHYA","ST",138,138,135.05,138,138,138.05,7200,9.83,"24-Sep-2026",6,"",""
"69","AAREYDRUGS","EQ",101.75,101.78,99.5,100.26,101,102.63,350999,352.24,"24-Sep-2026",1015,"",""
"70","AARNAV","BE",33,35.09,32.35,35,35.08,33.42,63958,22.31,"24-Sep-2026",188,"",""
"71","AARON","EQ",122.6,125,115.5,116.68,117.41,122.6,48639,57.64,"24-Sep-2026",959,"",""
"72","AARTECH","BE",50.98,51,49.15,50.41,50.8,50.7,36408,18.24,"24-Sep-2026",170,"",""
"73","AARTIDRUGS","EQ",436.35,450.2,434.6,437.25,438,436.25,387992,1720.27,"24-Sep-2026",13267,"",""
"74","AARTIIND","EQ",487.65,492.2,484.05,489.45,490.8,491.35,291316,1421.1,"24-Sep-2026",11580,"",""
"75","AARTIPHARM","EQ",934.5,957,923.35,934.25,930,940.1,800441,7546.21,"24-Sep-2026",41353,"",""
"76","AARTISURF","BE",530.95,540.95,511,516.75,523.7,530.95,10403,54.18,"24-Sep-2026",293,"",""
"77","AARVI","EQ",137.16,138.48,135.25,135.85,137.99,136.48,8657,11.81,"24-Sep-2026",97,"",""
"78","AASTHA","EQ",96,96,80.8,80.8,80.8,89.77,3696534,3048.94,"24-Sep-2026",14159,"",""
"79","AAVAS","EQ",1270,1270,1243,1256.4,1256.6,1285.8,88763,1115.68,"24-Sep-2026",13280,"",""
"80","ABAN","BE",14,14.3,13.75,13.95,13.8,14.02,19590,2.75,"24-Sep-2026",115,"",""
"81","ABANSENT","EQ",27.34,27.34,26.35,27.25,27.28,26.86,2166,0.58,"24-Sep-2026",92,"",""
"82","ABB","EQ",7080,7144.5,7062.5,7129,7129,7120,141360,10059.58,"24-Sep-2026",17896,"",""
"83","ABBOTINDIA","EQ",26910,27225,26780,26860,26930,26935,4496,1213.17,"24-Sep-2026",2467,"",""
"84","ABCAPITAL","EQ",394.6,401.7,388.5,390.1,390.1,402.45,4053381,15958.85,"24-Sep-2026",38319,"",""
"85","ABCOTS","EQ",202,207.9,200.98,201.58,202.5,203.57,5289,10.65,"24-Sep-2026",130,"",""
"86","ABDL","EQ",660,722,650,712.15,722,656.4,6590774,45708.41,"24-Sep-2026",154282,"",""
"87","ABFRL","EQ",49,49,47.94,48.06,48.02,49.09,5072424,2447.52,"24-Sep-2026",22393,"",""
"88","ABGSEC","EQ",113.62,114.1,113.56,113.95,113.95,114.39,1465,1.67,"24-Sep-2026",8,"",""
"89","ABH","SM",47.75,47.75,47.75,47.75,47.75,50.25,10800,5.16,"24-Sep-2026",9,"",""
"90","ABHAPOWER","SM",24.3,24.3,23.45,23.45,23.45,24.3,3200,0.76,"24-Sep-2026",2,"",""
"91","ABINFRA","BE",12.32,12.8,12.06,12.31,12.49,12.57,202741,25.06,"24-Sep-2026",290,"",""
"92","ABLBL","EQ",80,80.08,77.78,78.59,78.73,79.81,942973,742.56,"24-Sep-2026",9704,"",""
"93","ABMINTLLTD","BE",46.83,46.83,46.12,46.12,46.12,47.06,1083,0.5,"24-Sep-2026",5,"",""
"94","ABMKNO","EQ",172.01,174.99,167.2,170.8,170.8,171.41,1253,2.11,"24-Sep-2026",54,"",""
"95","ABREL","EQ",1200,1262.9,1189.6,1211.8,1209.2,1206.4,500792,6181.35,"24-Sep-2026",36941,"",""
"96","ABSL10BANK","EQ",162.16,164.51,162.16,164.16,164.07,166.32,292,0.48,"24-Sep-2026",28,"",""
"97","ABSLAMC","EQ",1020,1030.3,1013.7,1024.2,1027,1026.6,67545,689.74,"24-Sep-2026",9326,"",""
"98","ABSLBANETF","EQ",59.11,59.11,56.81,57.26,57.49,57.95,153368,87.61,"24-Sep-2026",403,"",""
"99","ABSLLIQUID","EQ",1000,1000.01,999.99,1000.01,1000.01,1000,5882,58.82,"24-Sep-2026",58,"",""
"100","ABSLMSCIN","EQ",28.81,28.81,28.45,28.51,28.79,29.03,539,0.15,"24-Sep-2026",19,"",""
"101","ABSLNN50ET","EQ",75,76.13,75,75.26,75.4,76.24,4562,3.45,"24-Sep-2026",185,"",""
"102","ABSLPSE","EQ",10.02,10.22,9.89,9.97,10.06,10.02,123310,12.32,"24-Sep-2026",438,"",""
"103","ABSMARINE","SM",302.25,328,295.5,309.6,311.95,302.25,76500,239.38,"24-Sep-2026",139,"",""
"104","ACC","EQ",1247,1247.1,1230.5,1236.1,1236.7,1251.4,89640,1108.96,"24-Sep-2026",6694,"",""
"105","ACCELYA","EQ",1124.6,1124.6,1115,1120.9,1123,1124.6,5200,58.25,"24-Sep-2026",364,"",""
"106","ACCENTMIC","SM",665,688.5,665,674.25,675,670.35,94500,639.73,"24-Sep-2026",143,"",""
"107","ACCPL","ST",205,206.4,201.2,205,205,204.95,12000,24.5,"24-Sep-2026",8,"",""
"108","ACCURACY","BE",4.2,4.51,4.2,4.3,4.37,4.3,105093,4.59,"24-Sep-2026",198,"",""
"109","ACE","EQ",1250,1254.4,1234,1241,1244.6,1253.9,270648,3364.38,"24-Sep-2026",19867,"",""
"110","ACEINTEG","EQ",17.78,17.87,17.49,17.71,17.74,17.43,920,0.16,"24-Sep-2026",16,"",""
"111","ACETEC","SM",157.5,157.5,148,148,148,153,4800,7.37,"24-Sep-2026",4,"",""
"112","ACGL","EQ",1731.8,1760,1700,1716.5,1700,1731.8,781,13.47,"24-Sep-2026",115,"",""
"113","ACI","EQ",470,496,470,491.4,493.85,474.6,435141,2109.3,"24-Sep-2026",19172,"",""
"114","ACL","EQ",42.58,42.79,42.1,42.56,42.6,42.58,4530,1.92,"24-Sep-2026",169,"",""
"115","ACMESOLAR","EQ",454.8,459.45,444.15,446.65,447,452.3,1545806,6981.25,"24-Sep-2026",40898,"",""
"116","ACSTECH","BE",75.49,80.38,72.8,80.37,80.38,76.56,875467,677.64,"24-Sep-2026",1534,"",""
"117","ACUTAAS","EQ",3232,3366.6,3232,3283.7,3295,3265.2,321801,10666.07,"24-Sep-2026",39072,"",""
"118","ADANIENSOL","EQ",1367,1371.4,1335.1,1340.5,1340.5,1380,1837547,24798.79,"24-Sep-2026",61657,"",""
"119","ADANIENT","EQ",2978,2978,2898.2,2900,2900,2993.2,1082462,31726.2,"24-Sep-2026",53908,"",""
"120","ADANIGREEN","EQ",1295,1309.8,1277.8,1280.1,1280.1,1300.9,2379526,30810.27,"24-Sep-2026",44329,"",""
"121","ADANIPORTS","EQ",1802.4,1802.4,1775,1785.3,1785.3,1807.3,1589739,28407.34,"24-Sep-2026",76347,"",""
"122","ADANIPOWER","EQ",203.8,203.8,198.8,199.48,199.48,204.8,20283670,40843.46,"24-Sep-2026",96066,"",""
"123","ADDICTIVE","SM",44.4,44.55,44,44.1,44.1,45.55,14500,6.42,"24-Sep-2026",7,"",""
"124","ADDIND","EQ",74.05,80,73.55,76.99,77,74.05,128,0.1,"24-Sep-2026",22,"",""
"125","ADFFOODS","EQ",266.8,273.9,264.2,271.65,272,268.05,85764,232.26,"24-Sep-2026",4028,"",""
"126","ADISOFT","SM",255,262.4,246,251.05,253.95,258.35,157600,399.53,"24-Sep-2026",171,"",""
"127","ADL","EQ",78.9,78.9,68,69.82,73.5,69.87,1669,1.2,"24-Sep-2026",66,"",""
"128","ADOR","EQ",1597,1655,1590,1612.9,1610.1,1598,33616,548.58,"24-Sep-2026",4444,"",""
"129","ADROITINFO","EQ",13.88,13.91,12.61,12.73,12.79,13.53,170767,22.61,"24-Sep-2026",1225,"",""
"130","ADSL","EQ",97.1,98.69,95.62,96.27,96,97.78,123273,119.16,"24-Sep-2026",2521,"",""
"131","ADVAIT","EQ",1975,1980.9,1915.3,1922.4,1936.5,1976.8,34484,670.56,"24-Sep-2026",5154,"",""
"132","ADVANCE","EQ",118,122.49,118,118.67,118.69,119.37,197531,237.03,"24-Sep-2026",3233,"",""
"133","ADVANIHOTR","EQ",47.57,48.48,47.55,47.75,47.99,47.57,15922,7.6,"24-Sep-2026",292,"",""
"134","ADVENTHTL","EQ",128.57,128.78,126,127.04,127.04,130.36,133111,169.23,"24-Sep-2026",1728,"",""
"135","ADVENZYMES","EQ",295,300.05,291.85,292.75,293,297,205547,609.7,"24-Sep-2026",5960,"",""
"136","ADVIKCA","EQ",1.01,1.03,0.96,0.99,1,1.01,177622,1.78,"24-Sep-2026",250,"",""
"137","AEGISLOG","EQ",1405.8,1405.8,1348.4,1369.7,1370,1404.5,547668,7492.2,"24-Sep-2026",32659,"",""
"138","AEGISVOPAK","EQ",300.8,300.8,283.6,289.1,290,302.8,2451978,7090.69,"24-Sep-2026",48438,"",""
"139","AEPL","EQ",16.49,16.56,16,16.13,16.28,16.49,12427,2,"24-Sep-2026",147,"",""
"140","AEQUS","EQ",241.51,247,239.52,242.79,243,243.94,1907443,4641.39,"24-Sep-2026",41212,"",""
"141","AEROENTER","EQ",125.9,129.67,120,126.86,127.8,126.51,501763,636.54,"24-Sep-2026",5875,"",""
"142","AEROFLEX","EQ",515,546,515,527.2,527.55,520.8,1258585,6716.6,"24-Sep-2026",32267,"",""
"143","AERON","SM",81.25,85,81,82,81.5,81,17000,14.09,"24-Sep-2026",17,"",""
"144","AERONEU","EQ",68.2,80.64,68,80.64,80.64,67.2,88367,68.33,"24-Sep-2026",482,"",""
"145","AEROPLANE","EQ",202.8,207.47,201.34,201.98,201.55,205.74,177483,361.34,"24-Sep-2026",3895,"",""
"146","AETHER","EQ",1648,1659,1629,1646.2,1648,1648.2,112531,1849.06,"24-Sep-2026",16340,"",""
"147","AFCONS","EQ",254,262.5,252.95,253.75,254,258.3,845057,2171.61,"24-Sep-2026",18241,"",""
"148","AFFLE","EQ",1574.3,1598.5,1555.7,1588.1,1588.3,1584.3,99024,1557.78,"24-Sep-2026",13610,"",""
"149","AFFORDABLE","EQ",174.65,183.38,169.47,177.35,177.1,174.65,60546,108.35,"24-Sep-2026",2236,"",""
"150","AFIL","EQ",8.45,8.45,8,8.04,8.07,8.22,510964,41.3,"24-Sep-2026",758,"",""
"151","AFSL","EQ",207.4,207.4,201.2,203.47,203.99,204.56,1319,2.68,"24-Sep-2026",88,"",""
"152","AGARIND","EQ",408.7,410,396.1,400.05,410,408.65,28830,115.75,"24-Sep-2026",1684,"",""
"153","AGARWALEYE","EQ",492.15,506.25,491,502.1,503.75,494.8,355015,1780.32,"24-Sep-2026",20414,"",""
"154","AGARWALFT","SM",27.3,27.3,27.3,27.3,27.3,28.65,1500,0.41,"24-Sep-2026",1,"",""
"155","AGARWALTUF","SM",156.3,157.05,154.8,155.1,155.1,158.05,8400,13.06,"24-Sep-2026",7,"",""
"156","AGI","EQ",837,837,819,821.35,821,837.2,93291,771.74,"24-Sep-2026",7750,"",""
"157","AGIIL","EQ",268,273.3,267.05,271.45,272,268.8,1792301,4828.04,"24-Sep-2026",7298,"",""
"158","AGL","EQ",14.49,14.6,13.61,13.68,13.74,14.22,1874610,260.73,"24-Sep-2026",3614,"",""
"159","AGNI","SM",15.1,15.95,15.1,15.95,15.95,15.35,25000,3.85,"24-Sep-2026",10,"",""
"160","AGRITECH","EQ",93,98.5,93,95.76,96,97.83,2897,2.79,"24-Sep-2026",135,"",""
"161","AGROPHOS","EQ",24.25,24.3,23.1,24.27,24.19,24.25,13144,3.1,"24-Sep-2026",152,"",""
"162","AGSTRA","BZ",2.29,2.29,2.28,2.29,2.29,2.19,64312,1.47,"24-Sep-2026",107,"",""
"163","AHCL","EQ",29.68,30.68,28.18,28.65,28.35,29.68,49040894,14342.22,"24-Sep-2026",88604,"",""
"164","AHLADA","EQ",39.15,39.89,37.2,38.76,38.95,39.15,4123,1.6,"24-Sep-2026",113,"",""
"165","AHLEAST","EQ",135.57,143,135.55,136.41,136.1,136.36,3028,4.21,"24-Sep-2026",79,"",""
"166","AHLUCONT","EQ",578,590,571.3,582.75,582.55,580.6,46626,271.79,"24-Sep-2026",2999,"",""
"167","AHLWEST","BE",534,534,521.05,521.05,521.05,530,185,0.98,"24-Sep-2026",3,"",""
"168","AIAENG","EQ",3955,4033.6,3912.4,3953.4,3965,3970,311377,12333.67,"24-Sep-2026",12175,"",""
"169","AIIL","EQ",562.6,562.6,548.75,551.6,554.35,561.45,147739,817.74,"24-Sep-2026",12583,"",""
"170","AIMTRON","SM",1800.6,1868.95,1775,1797.55,1796.3,1813.6,49800,904.28,"24-Sep-2026",227,"",""
"171","AIRAN","EQ",16.45,17.5,16.38,16.58,16.55,16.78,30585,5.12,"24-Sep-2026",432,"",""
"172","AIROLAM","EQ",91.24,91.24,87.01,88.34,88.1,90.79,2630,2.38,"24-Sep-2026",79,"",""
"173","AISL","SM",54,54.1,53.35,54,54,56,11400,6.15,"24-Sep-2026",6,"",""
"174","AJANTPHARM","EQ",3521.1,3594,3521.1,3539.5,3549.2,3568.1,37012,1316,"24-Sep-2026",8872,"",""
"175","AJAXENGG","EQ",555,588,555,575.2,572.1,569.15,1346962,7750.53,"24-Sep-2026",26160,"",""
"176","AJMERA","EQ",119.01,121.78,116.82,120.51,120.51,120.63,338485,405.73,"24-Sep-2026",4122,"",""
"177","AJOONI","EQ",3.3,3.32,3.18,3.18,3.19,3.28,340761,11.01,"24-Sep-2026",512,"",""
"178","AKANKSHA","SM",158.65,158.65,156,158.65,158.65,151.1,45000,71.34,"24-Sep-2026",39,"",""
"179","AKASH","EQ",24.65,25.4,24.5,24.51,24.51,24.76,589,0.15,"24-Sep-2026",28,"",""
"180","AKCAPIT","EQ",1746.2,1760,1698.2,1729.2,1753,1753.9,1647,28.63,"24-Sep-2026",248,"",""
"181","AKG","EQ",10,10.33,9.6,9.76,9.61,9.97,36898,3.65,"24-Sep-2026",116,"",""
"182","AKI","BE",7,7,6.7,6.85,6.8,6.74,200378,13.69,"24-Sep-2026",519,"",""
"183","AKIKO","SM",441.95,441.95,420,420.05,420.1,438,12000,51.51,"24-Sep-2026",14,"",""
"184","AKSHAR","EQ",0.41,0.42,0.4,0.41,0.41,0.41,1589240,6.52,"24-Sep-2026",270,"",""
"185","AKSHARCHEM","BE",389.95,390,375,379.3,380,389.95,12423,47.39,"24-Sep-2026",176,"",""
"186","AKSHOPTFBR","BE",6.86,7.32,6.82,7.21,7.3,6.98,509773,36.73,"24-Sep-2026",648,"",""
"187","AKUMS","EQ",824,836.8,813.3,817.6,819.95,823.3,218858,1804.8,"24-Sep-2026",14484,"",""
"188","ALANKIT","EQ",8.04,8.1,7.8,7.91,7.94,8.04,80891,6.43,"24-Sep-2026",447,"",""
"189","ALBERTDAVD","EQ",863.6,886,863.6,871.1,879.4,878.55,2557,22.41,"24-Sep-2026",337,"",""
"190","ALEMBICLTD","EQ",105,107.85,104.5,107.18,107.06,106.04,1227728,1305.2,"24-Sep-2026",10655,"",""
"191","ALFREDHE","EQ",2796.9,2830,2780,2786.8,2780,2796.9,20,0.56,"24-Sep-2026",7,"",""
"192","ALGOQUANT","EQ",72,75.35,71.72,73.37,73.48,72.1,1563012,1148.46,"24-Sep-2026",8877,"",""
"193","ALICON","EQ",735.65,741.85,714.45,737.8,735.5,739.05,46506,339.72,"24-Sep-2026",2838,"",""
"194","ALIVUS","EQ",1390,1396.7,1357.3,1370,1374,1383.1,39065,537.32,"24-Sep-2026",5802,"",""
"195","ALKALI","EQ",99.96,99.96,96,96.37,96.58,101.63,55361,54.33,"24-Sep-2026",975,"",""
"196","ALKEM","EQ",5372,5447,5261.5,5326,5326,5417.5,165474,8844.73,"24-Sep-2026",33662,"",""
"197","ALKYLAMINE","EQ",1879,1895.7,1841.1,1862.5,1855.1,1883,25203,470.31,"24-Sep-2026",5274,"",""
"198","ALLCARGO","EQ",11.4,11.42,10.88,10.95,10.94,11.38,6441937,711.86,"24-Sep-2026",8285,"",""
"199","ALLDIGI","EQ",780.25,784.1,762,771.65,766.95,780.25,4525,35.05,"24-Sep-2026",602,"",""
"200","ALLETEC","SM",127,130,125.05,128.25,129,129.1,8800,11.21,"24-Sep-2026",21,"",""
"201","ALLTIME","EQ",205.25,207.1,198.25,201.03,200,205.36,150765,302.3,"24-Sep-2026",2874,"",""
"202","ALMONDZ","EQ",19.24,20.35,19.24,19.86,20.05,19.55,448919,89.47,"24-Sep-2026",1223,"",""
"203","ALOKINDS","EQ",7.6,7.6,7.4,7.48,7.53,7.64,13073959,978.97,"24-Sep-2026",9987,"",""
"204","ALPA","EQ",60.69,61.6,58.61,59.07,59,60.39,87569,52.57,"24-Sep-2026",986,"",""
"205","ALPEXSOLAR","SM",846,858.8,828,847,856,846,35000,293.69,"24-Sep-2026",232,"",""
"206","ALPHA","EQ",53.35,53.4,52.52,52.82,52.65,53.42,870366,461.8,"24-Sep-2026",3406,"",""
"207","ALPHAETF","EQ",26.56,26.56,26,26.03,26.07,26.5,573387,150.26,"24-Sep-2026",1478,"",""
"208","ALPHAGEO","BE",298.8,298.8,283.2,285.45,289,292.5,5339,15.45,"24-Sep-2026",148,"",""
"209","ALPINETEX","EQ",52.46,52.46,50,50.65,50.51,52.44,290128,148.36,"24-Sep-2026",3323,"",""
"210","ALPL30IETF","EQ",27.13,27.13,26.69,26.8,26.97,27.23,154939,41.7,"24-Sep-2026",905,"",""
"211","ALUFLUOR","EQ",577.55,577.55,562.55,565.8,568.9,577.55,4903,27.76,"24-Sep-2026",410,"",""
"212","ALUWIND","SM",52.6,52.6,49.8,50.6,49.8,52.4,34500,17.71,"24-Sep-2026",19,"",""
"213","AMAGI","EQ",576.5,581.45,560.15,562.15,562.4,578.7,155822,882.71,"24-Sep-2026",8230,"",""
"214","AMAL","EQ",700.05,714.35,685,687.65,689.8,704.3,14729,102.26,"24-Sep-2026",1106,"",""
"215","AMANTA","BE",192,192,189.21,189.21,189.21,189.21,21865,41.7,"24-Sep-2026",134,"",""
"216","AMARJOTHI","EQ",148.12,148.55,147,147,147,148.12,1266,1.86,"24-Sep-2026",17,"",""
"217","AMBAAUTO","SM",96,100,96,98,98,95.9,11000,10.72,"24-Sep-2026",11,"",""
"218","AMBALALSA","BE",41.94,42.49,40.1,41.27,41.49,40.47,55275,23.12,"24-Sep-2026",224,"",""
"219","AMBANIORGO","SM",117,117.85,112,115.25,117,112.25,1e+05,115.24,"24-Sep-2026",13,"",""
"220","AMBER","EQ",7025.5,7050,6911,6911,6911,7064.5,86469,6038.07,"24-Sep-2026",13748,"",""
"221","AMBICAAGAR","EQ",25.57,25.87,24.32,25.39,25.5,25.45,140237,35.18,"24-Sep-2026",518,"",""
"222","AMBIKCO","EQ",1569.9,1578,1551.6,1556.5,1553.3,1582.7,3932,61.42,"24-Sep-2026",663,"",""
"223","AMBUJACEM","EQ",390,390.9,382.65,384.1,384.1,392.75,912389,3523.74,"24-Sep-2026",22069,"",""
"224","AMCL","SM",354.25,365,349,349.7,349.7,355.75,20800,73.51,"24-Sep-2026",32,"",""
"225","AMDIND","BE",57.53,57.53,55.5,56.09,56.1,57.58,28678,16.12,"24-Sep-2026",258,"",""
"226","AMEYA","SM",164.5,164.5,153.85,153.85,153.85,161.9,16000,25.37,"24-Sep-2026",16,"",""
"227","AMJLAND","EQ",37.6,38.5,37.23,37.32,37.9,37.97,1615,0.61,"24-Sep-2026",92,"",""
"228","AMNPLST","EQ",170,171,160.8,164.09,164,169,7235,11.85,"24-Sep-2026",288,"",""
"229","AMRUTANJAN","EQ",507.25,525.6,505,510.2,512.8,510.05,75103,387.98,"24-Sep-2026",3679,"",""
"230","ANANDRATHI","EQ",2168,2185,2161.5,2167.4,2168,2169.2,212941,4620.46,"24-Sep-2026",15034,"",""
"231","ANANTAM","IV",105.99,106,104.9,105.3,105.32,105.49,383665,404.1,"24-Sep-2026",132,"",""
"232","ANANTRAJ","EQ",625,636,621.05,624.1,622.55,631.8,1717068,10786.34,"24-Sep-2026",31257,"",""
"233","ANAWIL","SM",438,445.3,420.2,428.9,428.65,440.3,95200,412.58,"24-Sep-2026",222,"",""
"234","ANDHRAPAP","EQ",70.53,74.48,70.16,73.62,73.15,71.19,812860,591.59,"24-Sep-2026",9070,"",""
"235","ANDHRSUGAR","EQ",95,95.14,92.51,92.98,93.32,95.2,192709,180.57,"24-Sep-2026",7130,"",""
"236","ANDREWYU","EQ",28.25,28.28,26.3,26.85,27,28.09,181022,49.1,"24-Sep-2026",1384,"",""
"237","ANGELONE","EQ",296,297.75,289.8,290.7,290.7,300,3663688,10737.79,"24-Sep-2026",34905,"",""
"238","ANIKINDS","EQ",44.98,44.98,42.91,43,43,44.98,4476,1.95,"24-Sep-2026",128,"",""
"239","ANKITMETAL","BZ",1.82,1.85,1.82,1.85,1.85,1.82,3511,0.06,"24-Sep-2026",13,"",""
"240","ANLON","SM",755,817.95,755,809,812,769.95,10800,86.28,"24-Sep-2026",25,"",""
"241","ANMOL","BE",14,14,13.2,13.45,13.4,13.85,53722,7.22,"24-Sep-2026",433,"",""
"242","ANNAPURNA","EQ",132.4,132.4,128.42,131.17,129.5,130.68,34805,45.24,"24-Sep-2026",829,"",""
"243","ANNU","EQ",51.8,52.35,49.52,49.8,49.85,53.04,1047458,529.4,"24-Sep-2026",10223,"",""
"244","ANONDITA","SM",1090,1116,1056.05,1089.7,1109,1094.6,92000,997.99,"24-Sep-2026",349,"",""
"245","ANSALAPI","BZ",3.86,3.86,3.72,3.86,3.86,3.79,36067,1.39,"24-Sep-2026",50,"",""
"246","ANSALBU","EQ",103.3,103.3,93,94.9,94.6,100.14,12729,12.18,"24-Sep-2026",489,"",""
"247","ANTELOPUS","EQ",1161.2,1177,1119.1,1130.95,1132,1161.2,379382,4320.58,"24-Sep-2026",15403,"",""
"248","ANTGRAPHIC","EQ",0.72,0.73,0.71,0.71,0.72,0.73,107802,0.77,"24-Sep-2026",146,"",""
"249","ANTHEM","EQ",877,898.55,876.2,885.6,885.75,881.9,404794,3600.49,"24-Sep-2026",26714,"",""
"250","ANUHPHR","EQ",92.11,93.6,90.2,90.78,91.19,93.39,72865,66.65,"24-Sep-2026",1241,"",""
"251","ANUP","EQ",1695.5,1715,1665,1670.1,1670,1698.4,29114,491.34,"24-Sep-2026",3332,"",""
"252","ANURAS","EQ",1189.5,1199,1172,1177.2,1172.2,1193.4,215684,2556.44,"24-Sep-2026",14458,"",""
"253","ANYA","SM",17.55,20.7,17.55,18.3,20.7,17.6,25000,4.57,"24-Sep-2026",5,"",""
"254","AONEGOLD","EQ",14.15,14.15,13.95,13.95,13.97,14.09,363524,50.92,"24-Sep-2026",1710,"",""
"255","AONELIQUID","EQ",1078.15,1078.17,1078.14,1078.16,1078.17,1078.01,50840,548.13,"24-Sep-2026",101,"",""
"256","AONENIFTY","EQ",9.44,9.79,9.44,9.59,9.59,9.69,159547,15.3,"24-Sep-2026",1386,"",""
"257","AONESILVER","EQ",8.8,8.9,8.63,8.64,8.65,8.8,455481,39.54,"24-Sep-2026",1328,"",""
"258","AONETMMQ50","EQ",10.26,10.26,10.07,10.11,10.13,10.21,133465,13.59,"24-Sep-2026",230,"",""
"259","AONETOTAL","EQ",11.98,11.98,11.54,11.57,11.55,11.72,182637,21.2,"24-Sep-2026",1070,"",""
"260","APARINDS","EQ",17876,18143,17705,17804,17882,17876,78141,13988.46,"24-Sep-2026",24886,"",""
"261","APCL","EQ",96.99,96.99,93.63,95.27,94.35,95.93,6625,6.25,"24-Sep-2026",167,"",""
"262","APCOTEXIND","EQ",610,626,600.35,602.85,602.15,609.8,107799,661.16,"24-Sep-2026",5748,"",""
"263","APEX","EQ",361,361.05,347.25,348.9,349.5,362.5,64058,226,"24-Sep-2026",4032,"",""
"264","APEXECO","ST",268,268,255.4,255.4,255.4,268.8,15200,39.43,"24-Sep-2026",19,"",""
"265","APLAPOLLO","EQ",2177,2204.9,2158.2,2184.8,2184.8,2195,469774,10259.49,"24-Sep-2026",28227,"",""
"266","APLLTD","EQ",840,858.4,834.95,850,848,844.4,354230,3013.97,"24-Sep-2026",30166,"",""
"267","APOLLO","EQ",401,407.8,396.8,399.05,399.9,404.6,5160852,20731.89,"24-Sep-2026",53814,"",""
"268","APOLLOHOSP","EQ",9069,9069,8888.5,8888.5,8888.5,9069,383106,34384.89,"24-Sep-2026",38984,"",""
"269","APOLLOPIPE","EQ",519.85,524.35,503.25,510.5,511.8,522.45,71129,363.47,"24-Sep-2026",3063,"",""
"270","APOLLOTYRE","EQ",405.5,405.5,396.2,397.95,397,405.7,432811,1731.94,"24-Sep-2026",16297,"",""
"271","APOLSINHOT","EQ",1214,1233.9,1214,1217.1,1217.1,1214,406,4.96,"24-Sep-2026",34,"",""
"272","APOORVA","EQ",35.58,35.58,32.61,33.7,33.7,34.32,2496,0.83,"24-Sep-2026",40,"",""
"273","APRAMEYA","SM",100,103.5,98,99.2,98,101.85,8500,8.5,"24-Sep-2026",14,"",""
"274","APS","SM",236,239.9,235,237,237,235.7,6500,15.41,"24-Sep-2026",23,"",""
"275","APSISAERO","ST",599.75,599.75,599.75,599.75,599.75,588,7200,43.18,"24-Sep-2026",6,"",""
"276","APTECHT","EQ",92.49,93.8,91.15,92.1,92.25,92.06,109778,101.56,"24-Sep-2026",1295,"",""
"277","APTUS","EQ",248,248,238.81,240.92,240.5,251.33,2030314,4902.31,"24-Sep-2026",39006,"",""
"278","AQYLON","EQ",18.3,19.5,18.05,18.99,19.19,18.81,489420,92.27,"24-Sep-2026",2123,"",""
"279","ARABIAN","SM",88.5,88.5,86,87,88,88.5,8000,6.97,"24-Sep-2026",4,"",""
"280","ARCHIDPLY","EQ",109.96,109.96,106.21,106.47,107,109.77,5897,6.35,"24-Sep-2026",223,"",""
"281","ARCHIES","EQ",12.99,13.15,12.6,12.66,12.67,12.93,3236,0.42,"24-Sep-2026",111,"",""
"282","ARCIIL","SM",35,35,31.6,33.2,33.2,34.65,30000,9.89,"24-Sep-2026",18,"",""
"283","ARCIL","EQ",145,157,145,148.62,148.5,149.76,9331667,14203.91,"24-Sep-2026",103055,"",""
"284","ARCL","EQ",268.5,268.5,245.45,256.85,256.85,255.79,5963,15.08,"24-Sep-2026",169,"",""
"285","ARDEE","EQ",51.3,51.35,49.11,49.62,49.9,52.25,3091839,1552.86,"24-Sep-2026",15564,"",""
"286","ARE&M","EQ",809,809.05,793,795.4,795,812.85,302626,2421.23,"24-Sep-2026",20478,"",""
"287","ARENTERP","EQ",34.5,34.8,33.1,34.77,34.5,34.98,282,0.1,"24-Sep-2026",17,"",""
"288","ARFIN","EQ",88.71,92,88.51,89.42,89.12,91.42,1135122,1022.14,"24-Sep-2026",4210,"",""
"289","ARHAM","SM",213,213.8,210.7,213.2,213.8,214.35,7000,14.89,"24-Sep-2026",7,"",""
"290","ARIES","BE",470,472,465,466.9,469.3,466.95,26734,125.54,"24-Sep-2026",167,"",""
"291","ARIHANT","EQ",889.4,895,871.4,890.4,894.9,900.8,5086,45.05,"24-Sep-2026",251,"",""
"292","ARIHANTACA","SM",499.95,499.95,470.05,470.05,470.05,500,1600,7.8,"24-Sep-2026",4,"",""
"293","ARIHANTCAP","EQ",95,95.39,91.22,91.95,91.87,94.06,779218,724.91,"24-Sep-2026",7822,"",""
"294","ARIHANTSUP","EQ",239.85,247.85,239.85,243.1,243.05,239.95,6222,15.11,"24-Sep-2026",126,"",""
"295","ARIS","EQ",143.9,143.9,139,141.92,141.65,143.72,767528,1084.44,"24-Sep-2026",12439,"",""
"296","ARKADE","EQ",127.47,128.89,123.2,124.73,125.31,127.73,186335,234.21,"24-Sep-2026",2682,"",""
"297","ARMANFIN","EQ",1958,1959.9,1869,1897.5,1901,1968.9,39659,754.07,"24-Sep-2026",6959,"",""
"298","ARMOUR","ST",19.15,19.15,19,19.15,19.15,18.25,12000,2.29,"24-Sep-2026",6,"",""
"299","AROGRANITE","EQ",24.13,24.13,23.7,23.97,23.7,24.23,1397,0.33,"24-Sep-2026",36,"",""
"300","ARROWGREEN","EQ",900,915.05,886,895.95,895.5,900,30653,276.02,"24-Sep-2026",2962,"",""
"301","ARSHIYA","BZ",0.73,0.74,0.7,0.72,0.72,0.71,196619,1.42,"24-Sep-2026",75,"",""
"302","ARSSBL","EQ",508.8,509,495,497.45,496.1,510.8,139770,698.51,"24-Sep-2026",4185,"",""
"303","ARTEMISMED","EQ",339,342.65,331.1,332.7,333.5,341.9,212640,714.59,"24-Sep-2026",7759,"",""
"304","ARTNIRMAN","EQ",40.21,40.21,38.6,39.97,39.99,40.01,316,0.12,"24-Sep-2026",15,"",""
"305","ARUNAYA","SM",14.15,14.15,14,14,14,14.15,4000,0.56,"24-Sep-2026",2,"",""
"306","ARVEE","EQ",237.8,237.8,219.27,224.25,223.05,242.18,27441,61.94,"24-Sep-2026",804,"",""
"307","ARVIND","EQ",541.1,571.9,541.1,565.7,566,548.25,1035806,5831.09,"24-Sep-2026",38554,"",""
"308","ARVINDFASN","EQ",422,422.05,413.2,414.25,415.9,425.45,112586,469.63,"24-Sep-2026",9710,"",""
"309","ARVINDPORT","SM",36.05,36.05,34.5,34.5,34.5,36.05,9000,3.16,"24-Sep-2026",6,"",""
"310","ARVSMART","EQ",630,637.9,618.55,622.75,627,634.05,168728,1058.29,"24-Sep-2026",6906,"",""
"311","ARYAMAN","EQ",611.05,615,610,615,615,611.05,885,5.44,"24-Sep-2026",4,"",""
"312","ASAHIINDIA","EQ",965,994.9,960,965.4,964.15,971.3,181631,1780.8,"24-Sep-2026",15649,"",""
"313","ASAHISONG","BE",382.9,393,376,388,389.9,382.9,12997,49.88,"24-Sep-2026",211,"",""
"314","ASAL","EQ",451,454.8,439,441.7,443.9,452,8394,37.32,"24-Sep-2026",545,"",""
"315","ASALCBR","EQ",657.9,664.4,647.1,651,649.1,657.9,20912,136.51,"24-Sep-2026",2967,"",""
"316","ASHALOG","SM",61.5,61.5,60,60.5,60.5,60,4000,2.42,"24-Sep-2026",3,"",""
"317","ASHAPURMIN","EQ",530.85,531.65,509,510.75,512,532.85,441922,2279.63,"24-Sep-2026",16178,"",""
"318","ASHIANA","EQ",387,395.9,386,388.5,387.7,391.05,30140,117.83,"24-Sep-2026",1603,"",""
"319","ASHIKAG","BE",407.6,408.9,398.05,402.45,407.8,403.85,5424,21.77,"24-Sep-2026",136,"",""
"320","ASHIMASYN","EQ",15.99,16.25,15.7,15.8,15.83,15.81,52805,8.4,"24-Sep-2026",250,"",""
"321","ASHOKA","EQ",112.1,115,111.1,113.05,114,112.8,391179,438.68,"24-Sep-2026",4753,"",""
"322","ASHOKAMET","EQ",15.75,16.1,14.71,15.68,15.69,15.54,143518,22.25,"24-Sep-2026",696,"",""
"323","ASHOKLEY","EQ",160,160.6,157,157.3,157.3,162.89,8138134,12934.25,"24-Sep-2026",102700,"",""
"324","ASHUTOSH","SM",160.55,164.85,156.3,161.1,161.85,161.45,99600,160.53,"24-Sep-2026",82,"",""
"325","ASHWINI","SM",160,160,160,160,160,160.95,1000,1.6,"24-Sep-2026",1,"",""
"326","ASIANENE","EQ",490,496,470.05,474.65,477,489.7,252857,1213.82,"24-Sep-2026",9357,"",""
"327","ASIANHOTNR","EQ",392.65,398.25,381.05,389.5,383.8,390.45,5722,22.08,"24-Sep-2026",323,"",""
"328","ASIANPAINT","EQ",2430,2437.8,2391,2392.7,2392.7,2455,259577,6264.16,"24-Sep-2026",35870,"",""
"329","ASIANTILES","EQ",50.9,50.9,49.32,50.35,50.63,51.16,2851492,1427.55,"24-Sep-2026",6261,"",""
"330","ASIANTNE","EQ",9.75,9.75,9.02,9.19,9.2,9.24,3593,0.33,"24-Sep-2026",59,"",""
"331","ASKAUTOLTD","EQ",650.5,654.95,637.7,642.75,646.95,651.25,201541,1301.19,"24-Sep-2026",12671,"",""
"332","ASMS","EQ",6.45,6.55,6.34,6.41,6.4,6.47,201114,12.98,"24-Sep-2026",703,"",""
"333","ASPINWALL","EQ",257,260.05,252.15,258.95,252.55,255.55,6938,17.77,"24-Sep-2026",73,"",""
"334","ASTAR","EQ",695,726.25,663,679.25,670,708.95,713,4.95,"24-Sep-2026",103,"",""
"335","ASTEC","EQ",747.7,756.8,721,728.8,731,757.45,67021,493.7,"24-Sep-2026",4232,"",""
"336","ASTERDM","EQ",752,780,752,768.65,763.2,760.05,1555012,11987.69,"24-Sep-2026",58922,"",""
"337","ASTRAL","EQ",1387.8,1402.3,1384,1392,1392,1394.8,539189,7520.92,"24-Sep-2026",35939,"",""
"338","ASTRAMICRO","EQ",1604.1,1609,1591,1596.2,1598.8,1602.1,225496,3608.13,"24-Sep-2026",11263,"",""
"339","ASTRAZEN","EQ",6706,6706,6543,6591,6600,6706,4758,314.82,"24-Sep-2026",1399,"",""
"340","ASTRON","BZ",2.97,3.04,2.84,2.95,2.98,2.97,23515,0.69,"24-Sep-2026",93,"",""
"341","ATALREAL","EQ",14.3,14.83,14.3,14.6,14.61,14.36,5678874,828.22,"24-Sep-2026",3008,"",""
"342","ATAM","EQ",59.24,60.42,57,58.08,58.9,59.24,7448,4.32,"24-Sep-2026",308,"",""
"343","ATGL","EQ",623.9,623.9,611.1,612.4,612.8,625.25,634187,3915.14,"24-Sep-2026",18041,"",""
"344","ATHERENERG","EQ",1489,1524.5,1481,1499,1499,1499.4,3276318,49324.25,"24-Sep-2026",83694,"",""
"345","ATL","EQ",25.99,26.17,24.91,25.18,25.21,25.93,294106,74.48,"24-Sep-2026",1741,"",""
"346","ATLANTAA","EQ",35.65,35.83,35.06,35.65,35.82,35.83,6973,2.48,"24-Sep-2026",201,"",""
"347","ATLANTAELE","EQ",1676,1676,1577,1587.2,1590,1656.3,107385,1722.68,"24-Sep-2026",8831,"",""
"348","ATLASCYCLE","EQ",100,101.55,96.32,97.89,97.86,100.46,8923,8.81,"24-Sep-2026",256,"",""
"349","ATLPP","E1",9.21,9.21,8.82,8.82,8.82,9.1,569,0.05,"24-Sep-2026",10,"",""
"350","ATMASTCO","SM",123.65,127.65,115.55,115.6,115.6,121.6,173600,203.55,"24-Sep-2026",234,"",""
"351","ATUL","EQ",6100,6208.5,6098.5,6135.5,6195,6118,22896,1407.63,"24-Sep-2026",7084,"",""
"352","ATULAUTO","EQ",457.75,457.75,445,447.55,448.75,457.75,48768,219.82,"24-Sep-2026",3004,"",""
"353","AUBANK","EQ",1034.1,1034.1,999.2,1000.1,1000.1,1053,3448868,34789.6,"24-Sep-2026",85022,"",""
"354","AUGMONT","EQ",879.95,895,858.6,864.1,860.35,886.3,448654,3926.99,"24-Sep-2026",21756,"",""
"355","AURIONPRO","EQ",680,704,675.25,682.55,682,689.4,115289,796.01,"24-Sep-2026",6713,"",""
"356","AUROIMPEX","SM",40.95,40.95,39,40.95,40.95,39,152000,61.99,"24-Sep-2026",81,"",""
"357","AUROPHARMA","EQ",1719.7,1740,1710,1716,1716,1721.5,819753,14156.97,"24-Sep-2026",37170,"",""
"358","AURUM","EQ",223,223,219.9,220.22,220,223.19,67430,148.77,"24-Sep-2026",1263,"",""
"359","AURUS","EQ",4.85,4.85,4.51,4.63,4.63,4.67,17035,0.79,"24-Sep-2026",117,"",""
"360","AUSL","SM",21.9,24.15,21.85,24.15,24.15,23,18000,4.12,"24-Sep-2026",8,"",""
"361","AUSOMENT","EQ",147.63,149,140.3,145.66,146.88,147.63,8104,11.74,"24-Sep-2026",352,"",""
"362","AUSTENG","EQ",164.4,171.97,164.19,169.04,169.5,164.19,33265,55.91,"24-Sep-2026",607,"",""
"363","AUTOAXLES","EQ",1687.8,1700,1668.6,1683.6,1685,1682,4622,77.99,"24-Sep-2026",513,"",""
"364","AUTOBEES","EQ",280,281.29,277,277.2,277.4,280.54,179921,500.83,"24-Sep-2026",3203,"",""
"365","AUTOIETF","EQ",28.06,28.2,27.61,27.7,27.84,28.2,1031747,286.76,"24-Sep-2026",2648,"",""
"366","AUTOIND","EQ",87.5,89.54,84,84.32,84.3,87.79,768484,661.97,"24-Sep-2026",5127,"",""
"367","AVADHSUGAR","EQ",731.05,737,719.95,724.1,728.4,730.8,33701,245.27,"24-Sep-2026",2879,"",""
"368","AVALON","EQ",2427.9,2470,2280,2316.1,2358,2445.6,373474,8818.42,"24-Sep-2026",37572,"",""
"369","AVANA","ST",139,139,134.2,135.9,138.55,138,18000,24.51,"24-Sep-2026",9,"",""
"370","AVANCE","EQ",0.84,0.84,0.8,0.8,0.81,0.83,4330582,35.45,"24-Sep-2026",1295,"",""
"371","AVANTEL","EQ",153,160,151.38,155.34,155.19,146.17,19469119,30482.26,"24-Sep-2026",149839,"",""
"372","AVANTIFEED","EQ",762,764.15,747.2,749.75,750.85,767.2,161012,1214.02,"24-Sep-2026",11162,"",""
"373","AVATAR","ST",197.2,197.2,178.55,178.55,178.55,187.9,8000,14.66,"24-Sep-2026",4,"",""
"374","AVG","BE",168,168,162.3,162.99,163,167.05,6982,11.44,"24-Sep-2026",89,"",""
"375","AVIANSH","SM",101,101.5,101,101.5,101.5,100,2000,2.03,"24-Sep-2026",2,"",""
"376","AVIENCE","SM",350,350,334.4,338.2,340,354.45,79800,272.84,"24-Sep-2026",122,"",""
"377","AVL","EQ",624.1,630,617,628.05,628,624.4,83082,519.4,"24-Sep-2026",6917,"",""
"378","AVONMORE","EQ",13.64,13.64,13.01,13.1,13.06,13.48,174612,23.13,"24-Sep-2026",575,"",""
"379","AVPINFRA","SM",57,57.5,56.45,56.45,56.45,57.4,9600,5.48,"24-Sep-2026",11,"",""
"380","AVROIND","EQ",7.24,7.24,6.99,7.08,7.12,7.13,132690,9.41,"24-Sep-2026",559,"",""
"381","AVTNPL","EQ",95.3,96.7,91.91,92.93,93.47,96.88,418880,393.29,"24-Sep-2026",4752,"",""
"382","AWFIS","EQ",269.25,269.9,257.8,262.4,262.65,269.05,717703,1880.1,"24-Sep-2026",13843,"",""
"383","AWHCL","EQ",383.05,387.8,377.95,381.05,380.2,387.95,96746,370.62,"24-Sep-2026",5220,"",""
"384","AWL","EQ",188.49,189.33,183.7,184.69,184.37,186.18,3163547,5872.75,"24-Sep-2026",36792,"",""
"385","AXISBANK","EQ",1225.2,1225.2,1175,1186.5,1186.5,1243.2,10890660,129781.14,"24-Sep-2026",206284,"",""
"386","AXISCADES","EQ",1930,1959,1905.2,1923.1,1926,1940.2,118651,2291.08,"24-Sep-2026",12283,"",""
"387","AXITA","EQ",8.11,8.12,7.95,8,8,8,1313832,105.27,"24-Sep-2026",1022,"",""
"388","AXTEL","EQ",449.5,459.9,435,442.3,444.95,450.35,1962,8.77,"24-Sep-2026",239,"",""
"389","AYE","EQ",181.99,181.99,170.6,171.99,172.5,180.66,1306567,2275.1,"24-Sep-2026",22831,"",""
"390","AYMSYNTEX","EQ",296.95,296.95,283.15,285.4,285,292.8,47064,134.67,"24-Sep-2026",3242,"",""
"391","AZAD","EQ",2705,2739.3,2667.9,2678.3,2690,2713.2,194120,5251.28,"24-Sep-2026",19434,"",""
"392","AZADIND","EQ",84,88.9,81.06,83.77,85,80.93,39928,33.57,"24-Sep-2026",1630,"",""
"393","BAFNAPH","BE",343.2,343.2,343.2,343.2,343.2,336.5,740,2.54,"24-Sep-2026",15,"",""
"394","BAGDIGITAL","SM",102.9,104.5,100,103.75,104.3,105,40000,41.24,"24-Sep-2026",21,"",""
"395","BAGFILMS","EQ",4.35,4.38,4.25,4.29,4.29,4.34,43213,1.85,"24-Sep-2026",129,"",""
"396","BAGMANE","RR",110.29,110.89,109.12,109.72,109.3,110.29,494732,545.24,"24-Sep-2026",7078,"",""
"397","BAHETI","SM",783,783,740,750.2,745,761.25,13125,100.06,"24-Sep-2026",25,"",""
"398","BAIDFIN","EQ",10.55,10.63,10.29,10.45,10.45,10.55,40141,4.17,"24-Sep-2026",322,"",""
"399","BAJAJ-AUTO","EQ",11341,11383,11201,11208,11208,11400,106766,12025.13,"24-Sep-2026",18532,"",""
"400","BAJAJCON","EQ",504,514.1,499.5,501.7,502.55,505.85,542706,2736.44,"24-Sep-2026",19304,"",""
"401","BAJAJELEC","EQ",326.15,328,320.15,321.45,322.25,329.4,85820,277.56,"24-Sep-2026",3521,"",""
"402","BAJAJFINSV","EQ",1818,1818,1760.9,1762.3,1762.3,1846.5,1520045,27042.54,"24-Sep-2026",87450,"",""
"403","BAJAJHCARE","EQ",354,364.4,348.3,350.15,350.9,352.7,310385,1107.65,"24-Sep-2026",10570,"",""
"404","BAJAJHFL","EQ",83.28,83.39,82.08,82.96,83,83.52,4579123,3784.22,"24-Sep-2026",28771,"",""
"405","BAJAJHIND","EQ",20.48,20.48,19.7,19.9,20.06,20.52,9500176,1902.02,"24-Sep-2026",13849,"",""
"406","BAJAJHLDNG","EQ",11390,11390,10898,10917,10917,11449,43678,4863.11,"24-Sep-2026",11998,"",""
"407","BAJAJINDEF","EQ",220.05,223.59,217.83,218.37,217.92,221.9,11131,24.44,"24-Sep-2026",392,"",""
"408","BAJAJST","EQ",347,349.1,345,347,347,349.8,3155,10.93,"24-Sep-2026",234,"",""
"409","BAJEL","EQ",174.02,174.02,168,172.11,171.5,174.06,114747,196.01,"24-Sep-2026",2868,"",""
"410","BAJFINANCE","EQ",1005,1015,974,982,982,1043.2,13385656,132373.03,"24-Sep-2026",226906,"",""
"411","BALAJEE","EQ",24.95,26.4,24.95,25.38,25.02,25.68,38348,9.77,"24-Sep-2026",269,"",""
"412","BALAJIPHOS","SM",116.5,116.5,110.05,110.05,110.05,112.6,6000,6.73,"24-Sep-2026",3,"",""
"413","BALAJITELE","EQ",93,97.3,92.76,93.82,94.49,94.18,173922,165.46,"24-Sep-2026",2515,"",""
"414","BALAMINES","EQ",2259.1,2308.4,2209.1,2226,2220,2271.2,182755,4114.84,"24-Sep-2026",19094,"",""
"415","BALAXI","EQ",22.5,23.25,22.5,22.73,22.78,22.94,20375,4.64,"24-Sep-2026",183,"",""
"416","BALCO","SM",20.85,20.85,20.85,20.85,20.85,19.9,1200,0.25,"24-Sep-2026",1,"",""
"417","BALKRISHNA","EQ",16.15,16.4,15.5,15.9,15.8,16.15,4835,0.77,"24-Sep-2026",153,"",""
"418","BALKRISIND","EQ",2185,2201.7,2161.1,2167.8,2161.1,2199.6,49847,1087.66,"24-Sep-2026",9483,"",""
"419","BALMLAWRIE","EQ",167,167,161.05,164.25,164.72,167.43,123861,203.65,"24-Sep-2026",2480,"",""
"420","BALPHARMA","EQ",106.25,108.99,103,105.02,103.81,108.28,37460,39.9,"24-Sep-2026",959,"",""
"421","BALRAMCHIN","EQ",674.8,677.5,657,659.4,663,676.4,578395,3845.46,"24-Sep-2026",15573,"",""
"422","BALUFORGE","EQ",502.55,506.95,495.15,498.1,500.5,506.25,319506,1599.48,"24-Sep-2026",11038,"",""
"423","BANARBEADS","EQ",116.99,119.64,113.1,115.86,116.39,113.28,7965,9.29,"24-Sep-2026",197,"",""
"424","BANARISUG","EQ",3334.6,3334.6,3300,3306.5,3300,3342.8,550,18.2,"24-Sep-2026",106,"",""
"425","BANCOINDIA","EQ",608,612.35,600.2,602.35,604.95,611.75,54525,330.48,"24-Sep-2026",6621,"",""
"426","BANDHANBNK","EQ",186,189.28,182.62,182.9,182.9,191.38,19300035,35871.72,"24-Sep-2026",81476,"",""
"427","BANG","EQ",32.38,32.4,31.45,31.61,31.61,31.78,10834,3.43,"24-Sep-2026",146,"",""
"428","BANK10ADD","EQ",16.54,16.89,16.36,16.53,16.89,16.59,116459,19.14,"24-Sep-2026",296,"",""
"429","BANK10BETF","EQ",20.32,20.32,20.05,20.17,20.17,20.46,6777,1.37,"24-Sep-2026",47,"",""
"430","BANKA","EQ",76.5,76.5,76.5,76.5,76.5,76.5,51,0.04,"24-Sep-2026",5,"",""
"431","BANKADD","EQ",57.78,57.78,56.78,56.9,56.89,58.01,33277,18.96,"24-Sep-2026",186,"",""
"432","BANKBARODA","EQ",234.5,236.22,233.77,234.3,234.3,236.87,3751372,8806.11,"24-Sep-2026",30881,"",""
"433","BANKBEES","EQ",586,586,570.93,575.88,577.51,585.57,806404,4651.17,"24-Sep-2026",15203,"",""
"434","BANKBETA","EQ",59.88,59.88,57.36,57.5,57.6,58.42,151910,87.56,"24-Sep-2026",706,"",""
"435","BANKBETF","EQ",57.64,57.64,56.31,56.52,56.64,57.64,22513,12.75,"24-Sep-2026",320,"",""
"436","BANKETF","EQ",570.73,570.96,565.21,566.53,566.44,576.92,36849,209.2,"24-Sep-2026",564,"",""
"437","BANKIETF","EQ",57.41,57.65,56.97,57.06,57.18,58.02,463705,265.3,"24-Sep-2026",2758,"",""
"438","BANKINDIA","EQ",138.26,138.75,137.11,137.76,137.76,139.65,3672188,5055.42,"24-Sep-2026",22847,"",""
"439","BANKNIFTY1","EQ",60.14,60.14,57.21,57.55,57.55,58.68,1004664,579.31,"24-Sep-2026",2126,"",""
"440","BANKPSU","EQ",84,84.14,83.25,83.44,83.48,84.16,4131,3.45,"24-Sep-2026",98,"",""
"441","BANSALWIRE","EQ",316.1,330,316.1,323.35,322,315.9,223728,725.3,"24-Sep-2026",6301,"",""
"442","BANSWRAS","EQ",111.85,114.62,108.62,109.34,110.74,111.28,102020,113.1,"24-Sep-2026",1547,"",""
"443","BARFLEX","SM",59.5,60,59.5,60,60,60,22000,13.18,"24-Sep-2026",8,"",""
"444","BASF","EQ",3570,3579.9,3509.7,3523.9,3510,3580.4,13349,471.4,"24-Sep-2026",3045,"",""
"445","BASILIC","SM",172.25,172.25,164.2,165.9,167.3,172.5,36600,61.08,"24-Sep-2026",113,"",""
"446","BASML","BE",24.6,25.4,24.25,24.26,24.27,25.04,69285,16.96,"24-Sep-2026",126,"",""
"447","BATAINDIA","EQ",637.2,638.95,626,627,627.25,637.2,89666,564.79,"24-Sep-2026",8087,"",""
"448","BATLIBOI","EQ",82.5,84.5,81.5,83.77,83,84.28,18593,15.52,"24-Sep-2026",713,"",""
"449","BAWEJA","SM",25.65,25.9,25.65,25.85,25.85,25.9,7200,1.86,"24-Sep-2026",7,"",""
"450","BAYERCROP","EQ",3762.6,3764.9,3725,3736.3,3725,3762.6,20014,748.67,"24-Sep-2026",5980,"",""
"451","BBETF0432","EQ",1335.36,1342.94,1335,1335.53,1335.2,1340.66,621,8.31,"24-Sep-2026",38,"",""
"452","BBL","EQ",2215,2242,2185,2203.1,2219,2231.1,14261,314.12,"24-Sep-2026",2487,"",""
"453","BBNPNBETF","EQ",56.46,57.04,55.87,55.87,56.04,57.19,1140,0.64,"24-Sep-2026",32,"",""
"454","BBNPPGOLD","EQ",147.1,147.2,143.15,144.9,145,146.4,19352,28.11,"24-Sep-2026",73,"",""
"455","BBOX","EQ",803,809.7,791.75,795.4,799,809.85,282103,2256.46,"24-Sep-2026",17746,"",""
"456","BBTC","EQ",1450.2,1450.2,1429.1,1437.4,1432.5,1450.2,36159,520.42,"24-Sep-2026",3726,"",""
"457","BBTCL","EQ",232.69,234.02,223.52,229.17,231.8,231.3,5451,12.49,"24-Sep-2026",372,"",""
"458","BCG","EQ",9.54,9.61,9.4,9.46,9.47,9.59,4054174,385.11,"24-Sep-2026",6024,"",""
"459","BCLIND","EQ",33.99,34.09,33.14,33.48,33.33,34.14,428082,143.86,"24-Sep-2026",2399,"",""
"460","BCONCEPTS","EQ",153.99,154,150.05,151.32,150.7,153.06,5900,8.99,"24-Sep-2026",230,"",""
"461","BCPL","EQ",70.8,72.99,67.71,68.4,68.6,69.47,26282,18.25,"24-Sep-2026",470,"",""
"462","BDL","EQ",1170,1183,1152.1,1155,1155,1161,2015425,23596.65,"24-Sep-2026",52373,"",""
"463","BEACON","SM",87.3,87.3,83.5,85.9,85.9,87.15,4000,3.4,"24-Sep-2026",4,"",""
"464","BEARDSELL","EQ",25.25,25.25,23.89,24.11,24.01,24.75,18314,4.43,"24-Sep-2026",222,"",""
"465","BECTORFOOD","EQ",220.77,221,215,215.68,216,219.3,540566,1175.15,"24-Sep-2026",15327,"",""
"466","BEDMUTHA","EQ",104.96,108,102.1,103.05,106,104.89,527,0.55,"24-Sep-2026",29,"",""
"467","BEEKAY","EQ",427.5,427.5,423,426.4,425.05,423.25,745,3.17,"24-Sep-2026",64,"",""
"468","BEL","EQ",394,398.05,392,392,392,396.05,5841116,23116.21,"24-Sep-2026",81361,"",""
"469","BELLACASA","EQ",284,284,268.02,272.34,268.02,284.12,14031,38.92,"24-Sep-2026",1151,"",""
"470","BELRISE","EQ",246,250.61,242.21,243.63,245,249.78,2808239,6948.37,"24-Sep-2026",38629,"",""
"471","BEML","EQ",2078.2,2089,2030,2044.4,2049,2095.4,193556,3983.02,"24-Sep-2026",15937,"",""
"472","BENARAS","EQ",10470,10550,10215,10299,10299,10470,83,8.58,"24-Sep-2026",26,"",""
"473","BENGALASM","EQ",6153,6179.5,6120.5,6126,6122.5,6182.5,142,8.72,"24-Sep-2026",31,"",""
"474","BEPL","EQ",130.2,131.04,126,127.09,127.3,130.49,995288,1273.91,"24-Sep-2026",8858,"",""
"475","BERGEPAINT","EQ",457.85,457.85,444.35,449.4,450.8,459.75,671583,3011.76,"24-Sep-2026",19615,"",""
"476","BESTAGRO","EQ",18.48,18.75,18.01,18.19,18.1,18.59,400243,73.26,"24-Sep-2026",1422,"",""
"477","BETA","EQ",2190.5,2197.9,2080,2093.4,2110,2187.8,16148,341.26,"24-Sep-2026",2701,"",""
"478","BEWLTD","SM",72,78,70,74.3,73.95,72.9,131000,98.35,"24-Sep-2026",155,"",""
"479","BFINVEST","EQ",446.7,447.4,436.2,439.55,440.7,446.7,13440,59.44,"24-Sep-2026",750,"",""
"480","BFSI","EQ",26.58,26.75,25.94,26.04,26.01,26.58,682471,177.94,"24-Sep-2026",1707,"",""
"481","BFUTILITIE","EQ",525,529,518,525.45,527.65,530.5,32590,170.81,"24-Sep-2026",1473,"",""
"482","BGRENERGY","BE",259.99,265,247.57,251.53,250,260.6,63121,158.78,"24-Sep-2026",631,"",""
"483","BHADORA","ST",127,129.55,126,126.5,126,127,12000,15.31,"24-Sep-2026",10,"",""
"484","BHAGCHEM","EQ",244.5,247.4,243.25,244.85,245,247,104144,254.5,"24-Sep-2026",1448,"",""
"485","BHAGERIA","EQ",340,361.95,335.25,359.65,360,351.75,243343,854.7,"24-Sep-2026",4949,"",""
"486","BHAGYANGR","EQ",448.9,453.4,429.35,432.3,434.45,444.65,137809,608.9,"24-Sep-2026",6007,"",""
"487","BHANDARI","EQ",2.97,2.97,2.91,2.93,2.95,2.95,61014,1.79,"24-Sep-2026",187,"",""
"488","BHARATCOAL","EQ",32.49,32.49,32,32.13,32.12,32.62,3636614,1171.61,"24-Sep-2026",13702,"",""
"489","BHARATFORG","EQ",1965,2023.2,1965,1998.9,1998.9,2004,1248669,24983.91,"24-Sep-2026",57656,"",""
"490","BHARATGEAR","BE",101.25,101.3,100.02,100.33,100.1,101.42,5711,5.73,"24-Sep-2026",87,"",""
"491","BHARATRAS","EQ",1136.4,1136.4,1105,1114,1111,1134,11034,123.59,"24-Sep-2026",1271,"",""
"492","BHARATSE","EQ",220.05,220.06,214.44,217.55,218.98,220.05,75195,163.19,"24-Sep-2026",3886,"",""
"493","BHARATWIRE","EQ",170.1,170.11,164.1,165.34,165.39,170.1,119874,200.45,"24-Sep-2026",3039,"",""
"494","BHARTIARTL","EQ",1829.7,1829.9,1795.8,1795.8,1795.8,1833.2,4567379,82559.32,"24-Sep-2026",113401,"",""
"495","BHARTIHEXA","EQ",1511,1519.9,1496.8,1507.2,1505,1525.2,27837,419.08,"24-Sep-2026",6153,"",""
"496","BHEL","EQ",421.4,422.65,415.35,415.35,415.35,423.1,5474876,22930.55,"24-Sep-2026",54114,"",""
"497","BI","BE",103,103,102.77,102.77,102.77,104.86,10765,11.07,"24-Sep-2026",29,"",""
"498","BIGBLOC","EQ",40.4,40.95,39.52,40.56,40.94,39.97,22890,9.23,"24-Sep-2026",390,"",""
"499","BIKAJI","EQ",591.1,591.9,570.95,575.2,579.3,591.1,146636,853.1,"24-Sep-2026",9250,"",""
"500","BIKEWO","ST",122.9,122.9,122.8,122.8,122.8,125.3,56000,68.8,"24-Sep-2026",23,"",""
"501","BIL","EQ",1036.55,1043.95,1001,1010.25,1022.95,1034.95,8544,87.29,"24-Sep-2026",600,"",""
"502","BILVYAPAR","BE",4.29,4.44,4.29,4.29,4.29,4.29,4175,0.18,"24-Sep-2026",20,"",""
"503","BIMETAL","EQ",661,661,645,659.1,661,660.65,137,0.9,"24-Sep-2026",18,"",""
"504","BIOCON","EQ",390.9,394.8,384.9,387,387,395,1708424,6658.42,"24-Sep-2026",32800,"",""
"505","BIOFILCHEM","EQ",32.05,32.63,32.05,32.33,32.13,32.29,9891,3.2,"24-Sep-2026",165,"",""
"506","BIOPOL","SM",47.5,48.35,47.5,47.6,47.6,48.65,15600,7.45,"24-Sep-2026",13,"",""
"507","BIRET","RR",338.5,339,334.56,336.98,337,338.89,316319,1067.34,"24-Sep-2026",10481,"",""
"508","BIRLACABLE","EQ",361.05,364.75,343.95,345.2,345,361.9,371183,1300.67,"24-Sep-2026",7719,"",""
"509","BIRLACORPN","EQ",831,849.75,828.85,840.9,843.4,839.95,60283,507.45,"24-Sep-2026",5490,"",""
"510","BIRLAMONEY","EQ",120.34,120.5,117.6,118.66,120.47,120.34,16031,19.02,"24-Sep-2026",646,"",""
"511","BIRLANU","EQ",1407.3,1445.9,1385.2,1421.3,1410,1407.3,9067,127.26,"24-Sep-2026",1264,"",""
"512","BIRLAPREC","BE",58,58.95,55.32,56.47,57,56.67,128209,73.75,"24-Sep-2026",528,"",""
"513","BLACKBUCK","EQ",610,610,588,592.95,593,616.05,482807,2883.01,"24-Sep-2026",24675,"",""
"514","BLACKROSE","BE",112.61,115,110.2,112.86,112.8,114.91,13522,15.29,"24-Sep-2026",191,"",""
"515","BLAL","EQ",165.33,167.8,162.05,162.83,163,165.33,16847,27.52,"24-Sep-2026",651,"",""
"516","BLBLIMITED","EQ",17.26,17.5,16.84,17.12,17.13,17.33,159672,27.5,"24-Sep-2026",610,"",""
"517","BLEL","EQ",464,464.35,442.2,447.3,448,469.6,611687,2753.97,"24-Sep-2026",17736,"",""
"518","BLIL","EQ",67.3,67.3,66.66,66.73,66.77,67.28,49766,33.27,"24-Sep-2026",1739,"",""
"519","BLISSGVS","BE",707.75,707.75,680,687.05,685.1,699.2,159514,1094.71,"24-Sep-2026",1670,"",""
"520","BLKASHYAP","EQ",53.21,53.39,52.4,52.85,52.8,53.97,162477,85.89,"24-Sep-2026",1468,"",""
"521","BLS","EQ",229.8,229.8,220.96,223.9,224.53,230.07,979443,2202.9,"24-Sep-2026",16752,"",""
"522","BLSE","EQ",321.75,328,320.35,326.7,328,322.45,346574,1125.87,"24-Sep-2026",7879,"",""
"523","BLUECLOUDS","EQ",19.66,20.41,19.5,20.06,20.08,19.73,2344649,470.91,"24-Sep-2026",6131,"",""
"524","BLUECOAST","EQ",20.82,21.79,20.69,20.72,20.72,20.82,724,0.15,"24-Sep-2026",28,"",""
"525","BLUEDART","EQ",4785,4839,4740,4793,4781.7,4799.5,4436,211.54,"24-Sep-2026",1630,"",""
"526","BLUEJET","EQ",582,592,571.85,573.45,573.75,585.75,392347,2285.9,"24-Sep-2026",16804,"",""
"527","BLUEPEBBLE","ST",72,72,71.25,71.25,71.25,75,1600,1.14,"24-Sep-2026",4,"",""
"528","BLUESTARCO","EQ",1522.6,1545.6,1514.1,1525,1525,1532.6,204703,3131.54,"24-Sep-2026",18001,"",""
"529","BLUESTONE","EQ",862.45,862.55,790.05,807.15,799,855.5,6798097,56092.77,"24-Sep-2026",87771,"",""
"530","BLUEWATER","ST",500,515,480.3,509.35,510,500,161000,813.55,"24-Sep-2026",65,"",""
"531","BLUSPRING","EQ",132.59,142.75,131.32,140.56,139.2,132.59,1598336,2222.65,"24-Sep-2026",18985,"",""
"532","BMETRICS","SM",34.8,34.85,34.5,34.5,34.5,34.9,5600,1.95,"24-Sep-2026",6,"",""
"533","BMLL","SM",165,168.65,165,168.5,168.5,165.95,22000,36.81,"24-Sep-2026",11,"",""
"534","BMWVENTLTD","EQ",51.49,52.9,50.01,52.23,52.48,51.2,112493,57.92,"24-Sep-2026",1593,"",""
"535","BNAGROCHEM","EQ",207,215,200,207.99,207.99,206.88,646,1.31,"24-Sep-2026",48,"",""
"536","BNKETFAXIS","EQ",575.6,575.6,572.01,573.8,574.18,584.85,1115,6.4,"24-Sep-2026",55,"",""
"537","BODALCHEM","EQ",197.53,202.79,189.56,195.08,194.1,199.53,2298596,4471.58,"24-Sep-2026",15566,"",""
"538","BOHRAIND","EQ",13.11,15,13.11,14.93,14.95,13.64,36086,5.24,"24-Sep-2026",112,"",""
"539","BOMDYEING","EQ",111.04,111.97,109,109.63,109.39,111.52,395572,435.84,"24-Sep-2026",3914,"",""
"540","BONLON","EQ",40.91,42.49,39.5,41.32,40.5,40.93,43963,18.19,"24-Sep-2026",355,"",""
"541","BORANA","EQ",296,298.95,289.35,291,292,295.5,53011,154.75,"24-Sep-2026",1147,"",""
"542","BOROLTD","EQ",263,267.9,258,259.31,259,267.5,268071,703.57,"24-Sep-2026",4941,"",""
"543","BORORENEW","EQ",472.95,472.95,458,459.75,460,475,247809,1152.5,"24-Sep-2026",10951,"",""
"544","BOROSCI","EQ",116.3,118,114.08,115.77,115.5,117.74,136780,158.62,"24-Sep-2026",1640,"",""
"545","BOSCH-HCIL","EQ",1755,1795,1725,1730,1728.1,1769.8,18011,316.27,"24-Sep-2026",2184,"",""
"546","BOSCHLTD","EQ",47890,48080,47145,47750,47750,47955,14604,6979.14,"24-Sep-2026",7038,"",""
"547","BOSS","ST",57.2,57.2,57.2,57.2,57.2,56.65,2000,1.14,"24-Sep-2026",1,"",""
"548","BPCL","EQ",312.4,313.95,306.7,307.1,307.1,315.75,3225066,9986.8,"24-Sep-2026",25125,"",""
"549","BPL","EQ",45.9,45.9,44.11,44.85,45.49,45.09,39207,17.51,"24-Sep-2026",683,"",""
"550","BPLPHARMA","EQ",1539.9,1590.2,1539.9,1581.7,1587.8,1545.5,2856,44.74,"24-Sep-2026",307,"",""
"551","BRAHMINFRA","EQ",157,157,151.5,153.13,155.37,154.55,18627,28.6,"24-Sep-2026",171,"",""
"552","BRANDMAN","SM",160,163.15,159.5,160.6,160.6,164,8000,12.87,"24-Sep-2026",10,"",""
"553","BRIGADE","EQ",616,616,598.8,606.2,604,616.45,181473,1100.98,"24-Sep-2026",11673,"",""
"554","BRIGHOTEL","EQ",57,57.44,55.49,56.11,56.08,57.05,159327,90.03,"24-Sep-2026",3408,"",""
"555","BRIGHTBR","EQ",249.85,249.85,235.1,240.5,241.95,251.1,6586,15.84,"24-Sep-2026",124,"",""
"556","BRITANNIA","EQ",4935,4959.5,4885,4895,4895,4929,184523,9094.94,"24-Sep-2026",15766,"",""
"557","BRNL","EQ",16.66,16.92,16.12,16.71,16.92,16.66,10532,1.74,"24-Sep-2026",174,"",""
"558","BROOKS","EQ",61,61.35,58.67,59.4,59,61,26893,16.2,"24-Sep-2026",400,"",""
"559","BSE","EQ",3235,3308,3175,3183.8,3183.8,3270.7,5659943,183503.87,"24-Sep-2026",217553,"",""
"560","BSE500IETF","EQ",38.72,38.72,38.13,38.29,38.28,38.72,1552777,592.81,"24-Sep-2026",1086,"",""
"561","BSHSL","EQ",86.64,87.8,85.21,87.16,87.6,85.57,2701,2.35,"24-Sep-2026",128,"",""
"562","BSL","EQ",123.62,124.24,120.55,120.9,121,124.24,3988,4.87,"24-Sep-2026",114,"",""
"563","BSLGOLDETF","EQ",131.6,132.41,131.36,131.48,131.57,132.9,2075169,2732.74,"24-Sep-2026",2250,"",""
"564","BSLNIFTY","EQ",28.24,28.24,26.9,27.15,27.2,27.56,909838,247.47,"24-Sep-2026",5239,"",""
"565","BSLSENETFG","EQ",75.32,75.75,74.36,74.42,74.5,75.32,9258,6.91,"24-Sep-2026",118,"",""
"566","BSOFT","EQ",280,280.35,276,277.7,277.3,281.1,673742,1872.62,"24-Sep-2026",18108,"",""
"567","BTML","EQ",7.3,7.3,6.95,6.97,6.97,7.15,123057,8.69,"24-Sep-2026",478,"",""
"568","BTTL","BE",40,40,38.41,39,39,40,542,0.21,"24-Sep-2026",8,"",""
"569","BUILDPRO","EQ",1292.3,1300.5,1255,1272.6,1289.7,1292.3,194395,2489.48,"24-Sep-2026",5509,"",""
"570","BURNPUR","BE",15.05,16.39,15.05,15.62,15.6,15.77,36574,5.78,"24-Sep-2026",318,"",""
"571","BUTTERFLY","EQ",566,573.1,562.5,568.3,565,566,13853,78.68,"24-Sep-2026",783,"",""
"572","BVCL","EQ",41.75,42.14,41,41.18,41.79,42.12,3050,1.26,"24-Sep-2026",100,"",""
"573","BYKE","EQ",30.92,30.92,29.6,30.05,30,30.35,17342,5.23,"24-Sep-2026",204,"",""
"574","C2C","SM",182.4,184.4,170,173.3,173.9,181.35,229350,407.55,"24-Sep-2026",1098,"",""
"575","CADSYS","SM",46,46,46,46,46,46.05,500,0.23,"24-Sep-2026",1,"",""
"576","CALSOFT","BE",39.6,39.99,38.02,38.02,38.02,40.02,139801,53.64,"24-Sep-2026",1109,"",""
"577","CAMLINFINE","EQ",98.1,98.34,96.6,97.25,97.29,98.69,330848,322.78,"24-Sep-2026",4071,"",""
"578","CAMPUS","EQ",211,211.4,207.78,210.95,211.4,211.05,372182,781.05,"24-Sep-2026",12292,"",""
"579","CAMS","EQ",718.45,725,705,710.6,710.6,723.9,989945,7093.78,"24-Sep-2026",57003,"",""
"580","CANARYS","SM",31.7,31.95,29.25,30.8,31.2,31.95,268000,83,"24-Sep-2026",62,"",""
"581","CANBK","EQ",124.95,126.2,124.57,125.9,125.9,126,9112129,11422.8,"24-Sep-2026",46491,"",""
"582","CANFINHOME","EQ",757.95,759.9,740.05,743.15,741.6,757.95,224170,1673.51,"24-Sep-2026",15269,"",""
"583","CANHLIFE","EQ",143,154.88,135.68,151.51,151.5,151.63,4556970,6680.43,"24-Sep-2026",65833,"",""
"584","CANTABIL","EQ",238.73,239.8,236.2,238.52,238,238.55,104044,247.89,"24-Sep-2026",1392,"",""
"585","CAPACITE","EQ",195.3,196.88,191.3,192.57,192.92,198.25,202408,392.96,"24-Sep-2026",3450,"",""
"586","CAPILLARY","EQ",544.45,574.9,523.15,567.55,565,545.55,780150,4406.35,"24-Sep-2026",25440,"",""
"587","CAPINVIT","IV",77.22,77.22,76.11,76.48,76.5,77.04,252751,193.98,"24-Sep-2026",3528,"",""
"588","CAPITALSFB","EQ",284.6,287.4,279.6,280.55,280,284.6,47408,134.31,"24-Sep-2026",1171,"",""
"589","CAPLIPOINT","EQ",2775,2990,2770,2867.4,2856,2793.8,1241321,36321.95,"24-Sep-2026",111301,"",""
"590","CAPTRUST","BE",19.5,19.7,18.6,19,19,19.35,27351,5.21,"24-Sep-2026",78,"",""
"591","CARBORUNIV","EQ",1264,1368.9,1257.1,1296.5,1285,1264.5,3529279,46820.66,"24-Sep-2026",166670,"",""
"592","CARERATING","EQ",1638.3,1638.3,1610,1616.8,1620,1639.6,22146,358.47,"24-Sep-2026",4556,"",""
"593","CARRARO","EQ",549.85,554,541.2,550.05,549.1,554.6,82085,450.02,"24-Sep-2026",5205,"",""
"594","CARTRADE","EQ",2989.1,3099,2963.6,3004.8,3015,3001.8,374113,11374.55,"24-Sep-2026",39363,"",""
"595","CARYSIL","EQ",1083.7,1084.4,1040.1,1047.9,1042,1085.1,78532,829.86,"24-Sep-2026",6092,"",""
"596","CASHIETF","EQ",1080.83,1080.85,1080.83,1080.84,1080.85,1080.68,272120,2941.2,"24-Sep-2026",128,"",""
"597","CASTROLIND","EQ",193.2,195.9,192.11,194.8,194.74,193.23,2326661,4530.6,"24-Sep-2026",31416,"",""
"598","CCAVENUE","EQ",16,16.26,15.82,15.99,16.03,16.09,9133232,1463.85,"24-Sep-2026",12187,"",""
"599","CCCL","EQ",13.26,13.48,13.03,13.31,13.48,13.26,125757,16.59,"24-Sep-2026",580,"",""
"600","CCHHL","EQ",13.39,13.85,13.1,13.49,13.15,13.42,57882,7.83,"24-Sep-2026",483,"",""
"601","CCL","EQ",1045,1050.1,1029.8,1039.5,1037.5,1043.2,114687,1188.79,"24-Sep-2026",16234,"",""
"602","CDSL","EQ",1339,1347.3,1318.1,1320,1320,1351.1,1232299,16426.46,"24-Sep-2026",41854,"",""
"603","CEATLTD","EQ",3408.9,3429.8,3335,3353.8,3355,3432.2,30034,1015.14,"24-Sep-2026",6340,"",""
"604","CEDAAR","ST",11.3,12.05,11,11.1,11,11.5,37000,4.28,"24-Sep-2026",25,"",""
"605","CEIGALL","EQ",387,390,379.65,382.55,382.25,388.85,154717,594.44,"24-Sep-2026",4726,"",""
"606","CEINSYS","EQ",701.4,713.65,688.35,695.5,704,712.05,49272,345.96,"24-Sep-2026",3136,"",""
"607","CELEBRITY","EQ",6.36,6.85,6.21,6.56,6.53,6.65,61846,4.01,"24-Sep-2026",312,"",""
"608","CELLECOR","SM",30,30.75,29.75,30.5,30.5,30,405000,123.4,"24-Sep-2026",44,"",""
"609","CELLO","EQ",324,344,320.15,339.8,338,324.1,2264566,7653.28,"24-Sep-2026",58143,"",""
"610","CEMNTGROWW","EQ",14.39,14.39,14.1,14.14,14.2,14.28,55125,7.83,"24-Sep-2026",320,"",""
"611","CEMPRO","EQ",1305,1305,1254.5,1268.5,1265.1,1311.2,173946,2217.83,"24-Sep-2026",11555,"",""
"612","CENTENKA","EQ",581.95,581.95,565,567.55,565,580.55,18962,108.23,"24-Sep-2026",1666,"",""
"613","CENTEXT","EQ",19,19.1,18.61,18.82,18.88,18.79,95536,18,"24-Sep-2026",464,"",""
"614","CENTEXT-RE","BE",2,3.06,1.35,1.92,2,2.19,317229,6.34,"24-Sep-2026",590,"",""
"615","CENTRALBK","EQ",31.5,31.52,31.08,31.19,31.24,31.63,2898783,905.71,"24-Sep-2026",10418,"",""
"616","CENTRUM","EQ",21.35,21.5,21,21.06,21.07,21.21,257403,54.43,"24-Sep-2026",508,"",""
"617","CENTUM","EQ",4822.3,4959,4766.8,4837.6,4840,4826.1,91384,4427.47,"24-Sep-2026",17695,"",""
"618","CENTURYPLY","EQ",711.9,722.15,689.55,694.25,698,711.9,132522,923.32,"24-Sep-2026",9357,"",""
"619","CERA","EQ",5480,5521.5,5475,5492.5,5486.5,5520,2719,149.56,"24-Sep-2026",978,"",""
"620","CESC","EQ",142.44,142.44,139.6,139.89,140.01,142.56,1219300,1716.74,"24-Sep-2026",21126,"",""
"621","CEWATER","EQ",273,275.8,266.25,268.75,270.1,274.4,44723,121.54,"24-Sep-2026",2126,"",""
"622","CFEL","BE",47.51,47.9,46,46.53,46.53,47.51,16686,7.79,"24-Sep-2026",103,"",""
"623","CGCL","EQ",268,269.5,256.25,259.4,259.4,268.6,1779349,4636.06,"24-Sep-2026",23059,"",""
"624","CGPOWER","EQ",877.1,896.4,877.1,886.7,886.7,895,1340393,11911.13,"24-Sep-2026",33370,"",""
"625","CGRAPHICS","SM",133.6,136.5,133,134.5,134.5,135.15,23200,31.21,"24-Sep-2026",29,"",""
"626","CGVAK","EQ",151,151,141.81,148.11,148.25,148.67,2570,3.74,"24-Sep-2026",121,"",""
"627","CHALET","EQ",884,897,866.6,894.9,896,884.05,129562,1147.49,"24-Sep-2026",15734,"",""
"628","CHAMBLFERT","EQ",419.6,421.5,415.45,418.2,419.1,419.6,269494,1127.92,"24-Sep-2026",11248,"",""
"629","CHAMUNDA","SM",41.15,41.15,40.55,40.55,40.55,41.45,12000,4.91,"24-Sep-2026",4,"",""
"630","CHANDAN","SM",222.55,248,222.55,231.3,231.2,222.55,144000,342.57,"24-Sep-2026",169,"",""
"631","CHAVDA","SM",74,84,70,70.3,70,140,654000,499.61,"24-Sep-2026",245,"",""
"632","CHEMBOND","EQ",197.83,197.83,191,191.59,195,193.68,6927,13.35,"24-Sep-2026",371,"",""
"633","CHEMBONDCH","BE",252,260,248.1,249.6,248.1,259.5,6764,17,"24-Sep-2026",152,"",""
"634","CHEMCON","BE",225.1,235,225.1,228.08,226.25,228.66,38636,88.7,"24-Sep-2026",535,"",""
"635","CHEMCRUX","EQ",78,79.9,77.77,78.61,79,78.16,3216,2.54,"24-Sep-2026",107,"",""
"636","CHEMFAB","EQ",352,375,350,358.2,358.5,351.6,5232,18.87,"24-Sep-2026",278,"",""
"637","CHEMICAL","EQ",29.56,29.68,29.1,29.13,29.18,29.56,153885,45.07,"24-Sep-2026",1256,"",""
"638","CHEMPLASTS","EQ",198,198,187.93,192.65,192.9,199.4,231387,447.15,"24-Sep-2026",5292,"",""
"639","CHENNPETRO","EQ",1385.7,1398.2,1360.8,1372.7,1371,1388.6,873065,12006.96,"24-Sep-2026",41730,"",""
"640","CHEVIOT","EQ",1190,1194,1165,1166.6,1165,1176.7,588,6.94,"24-Sep-2026",99,"",""
"641","CHOICEGOLD","EQ",149.9,149.98,147.23,148.1,148.73,149.87,32937,49.05,"24-Sep-2026",241,"",""
"642","CHOICEIN","EQ",749,759,745.75,749.5,750,751.85,178798,1344.43,"24-Sep-2026",5460,"",""
"643","CHOLAFIN","EQ",1630,1712,1629.9,1681.7,1681.7,1774,4152387,69777.71,"24-Sep-2026",95022,"",""
"644","CHOLAHLDNG","EQ",1451,1456.4,1405.4,1432.6,1426.1,1472.4,415789,5931.23,"24-Sep-2026",35328,"",""
"645","CIEINDIA","EQ",384.35,391.95,382.1,388.95,389,384.2,203748,792.87,"24-Sep-2026",12837,"",""
"646","CIFL","EQ",21.9,22.5,21.16,21.76,21.85,21.34,224279,48.96,"24-Sep-2026",1674,"",""
"647","CINELINE","EQ",88.23,90.25,88.23,89.17,89.14,90.01,17998,16.07,"24-Sep-2026",441,"",""
"648","CINEVISTA","EQ",14.21,14.4,14,14.11,14.05,14.1,21066,2.97,"24-Sep-2026",95,"",""
"649","CIPLA","EQ",1375,1419,1364.6,1399,1399,1383,1580784,22105.81,"24-Sep-2026",52856,"",""
"650","CITIUSINVT","IV",119,119.18,116.31,117.04,117.54,118,34993,41.12,"24-Sep-2026",131,"",""
"651","CKKRETAIL","SM",184,184,174.1,178.35,178.8,173,7200,12.82,"24-Sep-2026",8,"",""
"652","CLASSICEIL","SM",53,53.95,53,53,53,52.15,20800,11.04,"24-Sep-2026",10,"",""
"653","CLAYCRAFT","SM",161.2,162,158,159.8,159.15,164.95,40200,64.58,"24-Sep-2026",56,"",""
"654","CLEAN","EQ",831.3,831.3,811.35,815.45,815,836.6,221209,1813.26,"24-Sep-2026",11637,"",""
"655","CLEANMAX","EQ",1453,1453,1373.8,1385.2,1384.1,1457.5,285889,4031.97,"24-Sep-2026",25232,"",""
"656","CLEDUCATE","EQ",56.28,56.28,54.5,55.07,56.18,56.31,5647,3.1,"24-Sep-2026",77,"",""
"657","CLSEL","EQ",292.8,298.85,290.3,292.4,296.4,296.25,34504,101.48,"24-Sep-2026",1466,"",""
"658","CMLL","EQ",509,523,502.5,506.25,506.2,504.65,600592,3073.17,"24-Sep-2026",24034,"",""
"659","CMNL","SM",110,113.95,110,111.5,111.5,113.45,8250,9.23,"24-Sep-2026",11,"",""
"660","CMPDI","EQ",210,211.76,205.1,206.71,206.98,213.53,927444,1930.59,"24-Sep-2026",12229,"",""
"661","CMRGREEN","EQ",227.73,227.73,219.91,220.72,221,227.73,411849,919.92,"24-Sep-2026",12952,"",""
"662","CMRSL","SM",74.2,74.35,74.2,74.35,74.35,70.85,4800,3.57,"24-Sep-2026",6,"",""
"663","CMSINFO","EQ",234,234,230.1,232.32,232.15,234.12,516478,1194.97,"24-Sep-2026",9131,"",""
"664","CNL","EQ",1156.9,1156.9,1101,1106.9,1102,1146.1,10193,114.6,"24-Sep-2026",1405,"",""
"665","COALINDIA","EQ",422,423.85,418.8,422,422,424.55,3565762,15021.16,"24-Sep-2026",51623,"",""
"666","COASTCORP","EQ",38,38.48,37.2,37.68,37.6,38.04,26291,9.94,"24-Sep-2026",365,"",""
"667","COCHINSHIP","EQ",1365,1385,1358.1,1370,1370,1370,557426,7661.6,"24-Sep-2026",21904,"",""
"668","COCKERILL","EQ",8176,8176,7922,7955.5,7938,8144,4221,336.86,"24-Sep-2026",1167,"",""
"669","COFFEEDAY","EQ",30.99,31.35,30.6,30.7,30.75,31,401197,123.76,"24-Sep-2026",1478,"",""
"670","COFORGE","EQ",1762,1803.4,1758.1,1785.9,1785.9,1782.4,1123720,20056.62,"24-Sep-2026",52686,"",""
"671","COHANCE","EQ",459,464.45,451.1,454.15,453.55,461.45,349978,1598.97,"24-Sep-2026",14504,"",""
"672","COLPAL","EQ",1875,1885.7,1852.2,1854.8,1854.8,1886.7,374034,6976.4,"24-Sep-2026",20862,"",""
"673","COMFINTE","EQ",5.75,5.83,5.6,5.69,5.63,5.73,139714,7.94,"24-Sep-2026",364,"",""
"674","COMMOIETF","EQ",98.01,98.88,96.8,96.98,97,98.01,49039,47.68,"24-Sep-2026",1801,"",""
"675","COMPEAU","EQ",373,375,365,365,365,364.4,276,1.03,"24-Sep-2026",12,"",""
"676","COMPINFO","BZ",1.1,1.13,1.05,1.07,1.06,1.1,27408,0.29,"24-Sep-2026",32,"",""
"677","COMPUSOFT","EQ",13.48,13.59,13.2,13.3,13.4,13.35,29910,4.02,"24-Sep-2026",186,"",""
"678","COMSYN","EQ",299.7,308,290,292.5,292,299.3,326769,978.97,"24-Sep-2026",6272,"",""
"679","CONCOR","EQ",462.9,472.9,457.55,466.3,466.3,464.65,2952951,13784.23,"24-Sep-2026",30509,"",""
"680","CONCORDBIO","EQ",1548.5,1548.5,1472.7,1478.8,1480,1560.3,317814,4754.87,"24-Sep-2026",38984,"",""
"681","CONFIPET","EQ",88.8,90.43,85.41,86.29,87.3,89.12,2532139,2223.66,"24-Sep-2026",27428,"",""
"682","CONNPLEX","SM",262.75,267.25,258.55,260.25,259,264.1,37600,98.94,"24-Sep-2026",45,"",""
"683","CONS","EQ",11.71,11.98,11.62,11.73,11.78,11.86,13268,1.56,"24-Sep-2026",166,"",""
"684","CONSOFINVT","BE",300.4,300.4,288.1,289.7,289,302.5,23155,68.4,"24-Sep-2026",109,"",""
"685","CONSUMAXIS","EQ",118.5,118.5,116.96,117.33,117.33,118.44,829,0.97,"24-Sep-2026",25,"",""
"686","CONSUMBEES","EQ",129.78,129.78,126.67,127.1,127.41,128.81,40878,52.09,"24-Sep-2026",1112,"",""
"687","CONSUMER","EQ",12.07,12.11,11.58,11.63,11.61,11.91,167936,19.65,"24-Sep-2026",705,"",""
"688","CONSUMIETF","EQ",119.25,119.25,117.85,118.21,118.53,119.51,9801,11.63,"24-Sep-2026",272,"",""
"689","CONTROLPR","EQ",585.05,588.2,578.35,584.65,582,584.55,14635,85.34,"24-Sep-2026",1017,"",""
"690","COOLCAPS","SM",25.7,25.7,23.8,24.45,24.5,24.95,72500,17.7,"24-Sep-2026",43,"",""
"691","CORALFINAC","EQ",32.25,32.25,31.2,31.29,31.75,31.9,15514,4.88,"24-Sep-2026",104,"",""
"692","CORDELIA","EQ",112,112.5,107.33,107.97,108.2,112.97,945738,1034.15,"24-Sep-2026",8991,"",""
"693","CORDSCABLE","EQ",365,373.9,360.95,366.75,364,369.65,92945,340.77,"24-Sep-2026",5488,"",""
"694","COROMANDEL","EQ",1943,1957.4,1922.2,1942.5,1946,1956,368429,7147.15,"24-Sep-2026",9865,"",""
"695","CORONA","EQ",2163.4,2163.4,2101,2111,2118,2163.4,45427,973.68,"24-Sep-2026",2747,"",""
"696","COSMOFIRST","EQ",867.2,871.65,850,857.25,859.6,867.2,29882,257.36,"24-Sep-2026",2267,"",""
"697","COUNCODOS","BE",6.52,6.52,6.23,6.38,6.4,6.38,16220,1.04,"24-Sep-2026",92,"",""
"698","CPCAP","EQ",153.5,157.78,152.5,154.6,154,152.95,24807,38.33,"24-Sep-2026",1276,"",""
"699","CPEDU","EQ",180,182.89,175,179.17,180,179.52,1697,3,"24-Sep-2026",46,"",""
"700","CPL","EQ",62.8,62.99,61.96,62.54,62.35,62.46,23312,14.61,"24-Sep-2026",232,"",""
"701","CPPLUS","EQ",3819.8,3874.6,3752,3800.1,3801,3831.9,318527,12143.95,"24-Sep-2026",29371,"",""
"702","CPSEETF","EQ",95.53,95.53,91.9,92.72,92.64,93.2,766534,711.64,"24-Sep-2026",5459,"",""
"703","CRAFTSMAN","EQ",10720,11005,10640,10710,10659,10904,50498,5468.4,"24-Sep-2026",19003,"",""
"704","CRAMC","EQ",230,232.3,227.45,228.8,229.1,230.35,322477,740.14,"24-Sep-2026",6332,"",""
"705","CRAVATEX","EQ",341.7,410,340.95,361.45,365,341.7,14410,56.24,"24-Sep-2026",637,"",""
"706","CREATIVEYE","EQ",6.25,6.35,5.66,6.26,6.27,6.19,37615,2.18,"24-Sep-2026",242,"",""
"707","CREDENT","SM",401,402,374,385.05,388,401.7,59400,231.33,"24-Sep-2026",84,"",""
"708","CREDITACC","EQ",1345.8,1345.9,1311.2,1315.1,1315,1349.6,153580,2029.25,"24-Sep-2026",13538,"",""
"709","CREST","EQ",362.6,364.95,360,364.15,360,366,1486,5.36,"24-Sep-2026",48,"",""
"710","CRESTO","EQ",21.8,24.16,20.5,24.13,24.16,20.14,495249,116.88,"24-Sep-2026",1759,"",""
"711","CRISIL","EQ",4588.9,4599,4489,4503.5,4495,4605.8,14052,637.41,"24-Sep-2026",4380,"",""
"712","CRIZAC","EQ",176.5,192.89,174.35,186.1,185.1,176.5,1104991,2056.05,"24-Sep-2026",14988,"",""
"713","CROMPTON","EQ",222.78,223.3,218.65,219.8,219.8,223.43,1694754,3743.58,"24-Sep-2026",21276,"",""
"714","CROWN","EQ",124.5,125.99,113.6,117.94,118.49,122.53,49383,58.38,"24-Sep-2026",1128,"",""
"715","CRSL","BE",2.53,2.58,2.45,2.5,2.5,2.53,224860,5.62,"24-Sep-2026",720,"",""
"716","CSBBANK","EQ",336,336,325.3,333.75,334.85,336.4,347821,1152.01,"24-Sep-2026",14321,"",""
"717","CSLFINANCE","EQ",216.95,220.18,210.99,211.73,211.2,216.95,66295,141.2,"24-Sep-2026",1368,"",""
"718","CSM","EQ",103,104.4,101,101.57,101.5,103.93,242909,249.6,"24-Sep-2026",2419,"",""
"719","CSSL","SM",88,88,75.5,77.2,78.6,88,121000,95.83,"24-Sep-2026",89,"",""
"720","CTE","BE",42.15,44.7,42.15,43.79,43.79,43.95,6322,2.73,"24-Sep-2026",53,"",""
"721","CUB","EQ",225,228.37,218.95,220.52,224.4,225.34,3679351,8219.58,"24-Sep-2026",45327,"",""
"722","CUBEINVIT","IV",155.4,156.55,155.11,155.99,155.99,156.01,1415339,2209.55,"24-Sep-2026",10657,"",""
"723","CUBEXTUB","EQ",138.4,138.4,125.82,138.4,138.4,125.82,807577,1112.02,"24-Sep-2026",2801,"",""
"724","CUDML","SM",100.1,101.2,100.1,101.15,101.1,100.55,17000,17.13,"24-Sep-2026",7,"",""
"725","CUMMINSIND","EQ",5003.5,5011.5,4958,4973,4973,5010,164357,8189.48,"24-Sep-2026",18224,"",""
"726","CUPID","EQ",274.9,276.95,263.5,266.3,266,273.85,30961528,83060.5,"24-Sep-2026",178082,"",""
"727","CURAA","BE",68.4,75.4,68.4,74.4,74.4,72,462,0.32,"24-Sep-2026",16,"",""
"728","CURIS","ST",222.95,222.95,213,213,213,222.95,12000,26.11,"24-Sep-2026",11,"",""
"729","CURRENT","SM",88.3,92.65,88.3,92.65,92.65,91,6400,5.82,"24-Sep-2026",4,"",""
"730","CYBERMEDIA","BE",21.16,21.16,20.09,20.64,20.7,20.67,13460,2.75,"24-Sep-2026",103,"",""
"731","CYBERTECH","BE",135.5,139,135.5,137.01,137,137.33,10109,13.91,"24-Sep-2026",107,"",""
"732","CYIENT","EQ",1064.1,1085,1044,1057.8,1054.9,1072.2,225594,2400.3,"24-Sep-2026",23956,"",""
"733","CYIENTDLM","EQ",952.1,968,905.6,912.7,919.1,963.5,311196,2899.57,"24-Sep-2026",23257,"",""
"734","DABUR","EQ",387.2,388.9,383.45,385.7,385.7,387.4,836163,3226.79,"24-Sep-2026",25185,"",""
"735","DAICHI","BE",328,328,315,326.3,326.3,328,1333,4.26,"24-Sep-2026",20,"",""
"736","DALBHARAT","EQ",1748,1750,1711.2,1721.2,1719,1744,18355,316.9,"24-Sep-2026",3884,"",""
"737","DALMIASUG","EQ",402.75,409.35,396.95,399.5,399.35,407.75,110048,442.92,"24-Sep-2026",4885,"",""
"738","DAMCAPITAL","EQ",140.11,140.3,136.75,137.2,137.69,140.39,157626,217.63,"24-Sep-2026",2966,"",""
"739","DAMODARIND","BE",29.7,29.7,28.1,28.61,28.61,29.49,1863,0.55,"24-Sep-2026",23,"",""
"740","DANGEE","EQ",2.75,2.97,2.74,2.97,2.97,2.7,7561092,213.51,"24-Sep-2026",305,"",""
"741","DANISH","SM",1025,1037,945,950.45,953.8,1003.2,55800,554.04,"24-Sep-2026",270,"",""
"742","DATAMATICS","EQ",784.9,788.5,772.55,783.95,777.7,789.85,47138,368.67,"24-Sep-2026",1922,"",""
"743","DATAPATTNS","EQ",4390,4464,4370.8,4395.5,4394,4422.4,291150,12837.24,"24-Sep-2026",31422,"",""
"744","DAVANGERE","EQ",2.18,2.23,2.16,2.19,2.2,2.2,5520097,120.57,"24-Sep-2026",1899,"",""
"745","DBCORP","EQ",182,182.79,179.2,180.31,179.56,182.22,51129,92.42,"24-Sep-2026",2168,"",""
"746","DBEIL","EQ",6.78,6.81,6.43,6.64,6.64,6.8,203483,13.51,"24-Sep-2026",949,"",""
"747","DBL","EQ",412.4,416.3,411.25,412.6,413.5,413.55,80854,333.64,"24-Sep-2026",3569,"",""
"748","DBOL","EQ",116,116.05,112,113.2,113.38,115.63,103725,118.47,"24-Sep-2026",2029,"",""
"749","DBREALTY","EQ",100.3,104.27,97.4,100.22,99.9,101.48,2505139,2529.54,"24-Sep-2026",13894,"",""
"750","DBSTOCKBRO","BE",29.6,30.29,29.6,30.28,30.28,30,618,0.18,"24-Sep-2026",36,"",""
"751","DCAL","EQ",172.2,174,167.22,168.19,169.32,173.33,120226,204.36,"24-Sep-2026",2942,"",""
"752","DCBBANK","EQ",218.4,218.99,206.69,213.35,213.25,223.69,2863570,6091.42,"24-Sep-2026",34466,"",""
"753","DCG","ST",72,76,70.4,71.05,70.6,74.1,24000,17.27,"24-Sep-2026",20,"",""
"754","DCI","EQ",265,318.9,264.3,302.4,301.2,268.6,1477566,4490.32,"24-Sep-2026",32547,"",""
"755","DCM","EQ",76.85,76.85,74.3,75.07,75,75.34,14020,10.53,"24-Sep-2026",102,"",""
"756","DCMFINSERV","EQ",5.01,5.16,4.91,4.99,4.96,5.01,2209,0.11,"24-Sep-2026",57,"",""
"757","DCMNVL","EQ",177.94,179,176.27,178.64,178,179.43,2461,4.39,"24-Sep-2026",85,"",""
"758","DCMSHRIRAM","EQ",978,982.5,969,975.6,976,980,30872,301.09,"24-Sep-2026",5267,"",""
"759","DCMSIL","EQ",79.45,85.2,74.1,85.2,85.2,77.46,396594,319.96,"24-Sep-2026",2510,"",""
"760","DCMSRIND","EQ",38,38.2,37.55,37.88,37.99,38.01,63506,24.02,"24-Sep-2026",812,"",""
"761","DCW","EQ",50.02,50.47,48.11,48.36,48.11,50.02,1887262,930.48,"24-Sep-2026",12053,"",""
"762","DCXINDIA","EQ",164,165,161.1,162.28,162.51,164.73,254929,415.63,"24-Sep-2026",5114,"",""
"763","DDEVPLSTIK","EQ",264,264,255.15,257.75,257,262.6,45580,117.97,"24-Sep-2026",1939,"",""
"764","DECCANCE","EQ",560,569.45,555.1,555.95,555.1,560.45,9295,51.98,"24-Sep-2026",796,"",""
"765","DECNGOLD","EQ",220.35,220.75,213,214.51,214.9,222.44,1062301,2294.28,"24-Sep-2026",16657,"",""
"766","DEEDEV","EQ",714.6,719.8,675.6,675.6,675.6,711.15,126760,873.79,"24-Sep-2026",6814,"",""
"767","DEEM","ST",49.65,49.65,47.4,47.4,47.4,47.3,11000,5.42,"24-Sep-2026",11,"",""
"768","DEEP","BE",46,46,43.8,45.1,45.94,46.1,6933,3.08,"24-Sep-2026",98,"",""
"769","DEEPA","EQ",193.95,198.3,190.1,194.18,193.35,196.4,2050357,3973.94,"24-Sep-2026",22399,"",""
"770","DEEPAKFERT","EQ",1385,1393.8,1351.9,1361.4,1360,1386.2,150002,2055.94,"24-Sep-2026",13758,"",""
"771","DEEPAKNTR","EQ",1634,1634,1596.1,1600.9,1599,1635.8,90646,1460.19,"24-Sep-2026",12049,"",""
"772","DEEPINDS","EQ",772.9,784.9,746.5,766,768.9,772.9,320720,2442.75,"24-Sep-2026",15850,"",""
"773","DEFENCE","EQ",80.68,80.68,78.1,78.32,78.19,79.1,136239,106.94,"24-Sep-2026",986,"",""
"774","DELAPLEX","SM",92,95.7,90.35,91.9,91.9,90,15000,13.94,"24-Sep-2026",25,"",""
"775","DELHIVERY","EQ",430,432.15,424.15,426.3,426.3,435,4190544,17907.19,"24-Sep-2026",34042,"",""
"776","DELPHIFX","BE",5.91,5.91,5.91,5.91,5.91,5.63,34332,2.03,"24-Sep-2026",30,"",""
"777","DELTACORP","EQ",68.85,74.8,68.85,72.68,72.2,68.65,28302261,20650.33,"24-Sep-2026",112720,"",""
"778","DELTAMAGNT","EQ",54.4,56.37,53.4,54.45,55.99,56.57,3290,1.79,"24-Sep-2026",93,"",""
"779","DELTIC","SM",34.95,34.95,33.5,34.45,34.45,34.6,8000,2.73,"24-Sep-2026",8,"",""
"780","DEN","EQ",26.99,26.99,26.4,26.52,26.65,26.84,269872,71.81,"24-Sep-2026",1312,"",""
"781","DENEERS","SM",172,173.6,170,172.95,172.95,175.45,7200,12.38,"24-Sep-2026",11,"",""
"782","DENORA","EQ",791,800,782,783.9,783.8,795.65,1375,10.87,"24-Sep-2026",293,"",""
"783","DENTA","EQ",275.8,276.4,268.85,270.1,270.7,274.8,83961,228.17,"24-Sep-2026",2176,"",""
"784","DENTALKART","SM",410.05,415,410,413.25,415,413.8,4250,17.48,"24-Sep-2026",14,"",""
"785","DEVIT","EQ",23.71,23.71,22.25,22.59,22.6,23.24,101583,23.03,"24-Sep-2026",677,"",""
"786","DEVX","EQ",34.1,36.6,34.1,36.13,36.3,35,160466,56.97,"24-Sep-2026",759,"",""
"787","DEVYANI","EQ",137.66,139.32,135.81,137.5,137.5,140.11,963555,1326.92,"24-Sep-2026",11195,"",""
"788","DGCONTENT","EQ",25,25.15,22.55,23.77,23.79,24.9,23265,5.5,"24-Sep-2026",228,"",""
"789","DHABRIYA","BE",494.7,500,482.15,486.3,490.8,494.7,2511,12.35,"24-Sep-2026",140,"",""
"790","DHAMPURSUG","EQ",166.5,167.81,163.37,164.64,164.72,168.39,278678,460.34,"24-Sep-2026",6719,"",""
"791","DHANBANK","EQ",30,30,29.22,29.68,29.8,30.01,361353,106.78,"24-Sep-2026",1678,"",""
"792","DHANSA","ST",27.75,27.75,27.75,27.75,27.75,29,4000,1.11,"24-Sep-2026",2,"",""
"793","DHANUKA","EQ",985.5,985.5,960,967.6,961.65,982.65,14336,139.05,"24-Sep-2026",1399,"",""
"794","DHARAN","BZ",0.14,0.15,0.14,0.14,0.15,0.14,7503654,10.83,"24-Sep-2026",1150,"",""
"795","DHARARAIL","ST",142.9,143,142.9,143,143,142.35,9000,12.87,"24-Sep-2026",9,"",""
"796","DHARIWAL","SM",25.3,26.25,24.4,25.85,25.75,25,219000,56.57,"24-Sep-2026",59,"",""
"797","DHARMAJ","EQ",299.5,304,292,300.55,299.9,299.1,51334,153.4,"24-Sep-2026",1838,"",""
"798","DHATRE","EQ",4.12,4.39,4.1,4.23,4.13,4.15,23807,1,"24-Sep-2026",116,"",""
"799","DHOOTTRANS","EQ",1608,1629.6,1553,1587.6,1589,1615.4,1317047,20953.26,"24-Sep-2026",60780,"",""
"800","DHRUV","EQ",21.4,22,20.87,20.94,20.87,21.07,4787,1.01,"24-Sep-2026",64,"",""
"801","DHUNINV","EQ",1014.4,1014.4,975.3,991.2,1002,1001.75,710,6.99,"24-Sep-2026",89,"",""
"802","DIACABS","BE",374,374,359,360.45,365.9,377.85,744191,2714.58,"24-Sep-2026",6034,"",""
"803","DIAMINESQ","EQ",253.65,253.65,243.49,246.84,244,249.38,2830,7.01,"24-Sep-2026",141,"",""
"804","DIAMONDYD","EQ",1100.6,1100.6,1053.1,1065.3,1061,1088,8496,91.28,"24-Sep-2026",798,"",""
"805","DICIND","EQ",660,675,642,647.75,646,665.65,4423,29.19,"24-Sep-2026",263,"",""
"806","DIFFNKG","EQ",437,440.95,425.1,427.25,427.1,439.3,87483,377.92,"24-Sep-2026",4161,"",""
"807","DIGIDRIVE","EQ",17.9,18.3,17.81,17.88,18.1,17.9,12856,2.31,"24-Sep-2026",145,"",""
"808","DIGIKORE","SM",38,38,35.05,35.7,36.1,37.5,33600,12.08,"24-Sep-2026",58,"",""
"809","DIGISPICE","EQ",16.25,16.94,16.1,16.21,16.2,16.5,65448,10.66,"24-Sep-2026",259,"",""
"810","DIGITIDE","EQ",81.5,81.5,79.04,79.76,80.2,81.13,152820,122.47,"24-Sep-2026",2305,"",""
"811","DIGJAMLMTD","BE",53.5,55,51.9,54.28,51.9,53.99,4690,2.53,"24-Sep-2026",45,"",""
"812","DISAQ","EQ",11999,12100,11846,12008,11999,12088,67,8,"24-Sep-2026",41,"",""
"813","DISHTV","EQ",2.47,2.47,2.42,2.43,2.46,2.46,1510220,36.86,"24-Sep-2026",1415,"",""
"814","DIVGIITTS","EQ",1175,1185,1148.9,1156.6,1165.8,1177.1,58655,683.47,"24-Sep-2026",6193,"",""
"815","DIVIDEND","EQ",35,35,34.67,34.71,34.71,35,6313,2.2,"24-Sep-2026",68,"",""
"816","DIVINEHIRA","ST",96.05,98.95,95,98.5,98.5,100,44400,42.61,"24-Sep-2026",35,"",""
"817","DIVISLAB","EQ",9540.5,9740,9540,9602,9602,9624,666667,64257.71,"24-Sep-2026",70605,"",""
"818","DIVOPPBEES","EQ",75.48,75.48,74,74.43,74.6,74.86,38679,28.74,"24-Sep-2026",772,"",""
"819","DIXON","EQ",13100,13315,13091,13299,13299,13200,185172,24498.29,"24-Sep-2026",31814,"",""
"820","DJML","EQ",70.7,76.19,70.7,74.44,74.99,72.7,85690,63.5,"24-Sep-2026",937,"",""
"821","DLF","EQ",666.75,681,666.55,670.4,670.4,675,5074007,34285.8,"24-Sep-2026",51326,"",""
"822","DLINKINDIA","EQ",424,426.7,414.45,418.9,419,426.1,52544,220.64,"24-Sep-2026",2579,"",""
"823","DMART","EQ",3818,3832.1,3780.1,3787.5,3787.5,3834.8,429727,16349.69,"24-Sep-2026",21457,"",""
"824","DMCC","EQ",299,306.9,289.9,295.05,293.4,296.3,246754,741.76,"24-Sep-2026",6653,"",""
"825","DNAMEDIA","EQ",2.5,2.51,2.46,2.48,2.48,2.5,23613,0.59,"24-Sep-2026",70,"",""
"826","DODLA","EQ",1049.5,1058,1038.7,1045.7,1050.6,1048.6,12559,131.63,"24-Sep-2026",1847,"",""
"827","DOLATALGO","EQ",68.76,69,66.42,66.7,66.8,68.72,120296,81.03,"24-Sep-2026",1698,"",""
"828","DOLLAR","EQ",273.2,274.7,265.35,269.5,269,274.45,50023,135.19,"24-Sep-2026",2092,"",""
"829","DOLLEX","EQ",38,38,35.5,37,37.45,37.75,37243,13.56,"24-Sep-2026",198,"",""
"830","DOLPHIN","EQ",729.9,729.9,680.4,685.3,684,723.55,60219,419.18,"24-Sep-2026",4237,"",""
"831","DOMS","EQ",2130,2133.9,2100,2109,2107.9,2141.5,13316,281.67,"24-Sep-2026",3132,"",""
"832","DONEAR","EQ",83.79,83.79,81.9,82.22,82.7,83.13,15332,12.65,"24-Sep-2026",256,"",""
"833","DPABHUSHAN","EQ",1450,1461.4,1395,1405.6,1409,1455.9,22814,325.63,"24-Sep-2026",1866,"",""
"834","DPEL","SM",640,646.85,628,633.8,632,640.15,29000,183.95,"24-Sep-2026",49,"",""
"835","DPSCLTD","BE",7.19,7.19,6.74,7.06,6.98,7.09,121370,8.48,"24-Sep-2026",473,"",""
"836","DPWIRES","BE",163.56,170.03,163.56,170.02,170.01,161.94,25119,42.59,"24-Sep-2026",419,"",""
"837","DRAGARWQ","EQ",5180,5300,5115,5159,5199,5202,5598,291.49,"24-Sep-2026",681,"",""
"838","DRCSYSTEMS","EQ",12.8,12.8,12.18,12.55,12.42,12.67,61393,7.68,"24-Sep-2026",478,"",""
"839","DREAMFOLKS","EQ",63.9,64.5,62.94,64.13,64.01,63.91,39635,25.41,"24-Sep-2026",980,"",""
"840","DREDGECORP","EQ",1015,1016.4,989.2,996.5,990,1017.5,44839,448.08,"24-Sep-2026",3331,"",""
"841","DRONE","SM",33.5,34.3,33.4,33.6,33.6,33.5,19500,6.61,"24-Sep-2026",33,"",""
"842","DRREDDY","EQ",1210.9,1213.9,1197,1200.4,1200.4,1211.2,1667696,20096.34,"24-Sep-2026",48822,"",""
"843","DSFCL","EQ",31.25,31.76,30.25,31.58,31.71,30.25,164659,51.58,"24-Sep-2026",1024,"",""
"844","DSKULKARNI","BE",23.62,23.62,23.62,23.62,23.62,23.16,73,0.02,"24-Sep-2026",1,"",""
"845","DSSL","EQ",1038,1046.7,1011.9,1022.1,1020.7,1030.4,22654,232.92,"24-Sep-2026",1808,"",""
"846","DTIL","BE",141.22,144.22,138.43,142,142,141.22,2767,3.89,"24-Sep-2026",53,"",""
"847","DUCOL","SM",123.5,128.8,123.5,128.75,128.75,124,16800,20.92,"24-Sep-2026",8,"",""
"848","DUCON","EQ",1.64,1.68,1.54,1.64,1.66,1.6,9358405,154.89,"24-Sep-2026",1944,"",""
"849","DUGLOBAL","SM",19.25,20.2,19.25,20.05,20,19,35000,6.92,"24-Sep-2026",14,"",""
"850","DURLAX","SM",60,60.95,59.55,60.55,60.95,60.05,98000,59.46,"24-Sep-2026",45,"",""
"851","DVL","EQ",292.2,299.95,284.3,293.8,292.5,292.2,17896,52.72,"24-Sep-2026",634,"",""
"852","DWARKESH","EQ",41.65,41.8,40.47,40.74,40.98,41.86,929163,380.17,"24-Sep-2026",5144,"",""
"853","DYCL","EQ",476.5,483.7,465,473.2,474,476.9,626764,2975.48,"24-Sep-2026",21170,"",""
"854","DYNAMATECH","EQ",12516,12630,12350,12551,12541,12561,23951,2989.24,"24-Sep-2026",9990,"",""
"855","DYNAMIC","SM",153.25,167.4,144,149,149,147.65,29000,46.03,"24-Sep-2026",30,"",""
"856","DYNPRO","EQ",235.13,236.93,232,232.85,233.17,234.58,7401,17.23,"24-Sep-2026",205,"",""
"857","E2E","BE",620,666.9,615,646.7,645.9,635.15,1060105,6852.3,"24-Sep-2026",17198,"",""
"858","E2ERAIL","SM",319.95,344.8,313.2,331.55,320,320.75,261600,857.04,"24-Sep-2026",208,"",""
"859","EASEMYTRIP","EQ",5.84,5.86,5.77,5.8,5.8,5.87,9371481,543.37,"24-Sep-2026",5910,"",""
"860","EASTSILK","BE",71.25,71.93,68,71.8,71.93,68.51,4679,3.35,"24-Sep-2026",46,"",""
"861","EASTWEST","EQ",2.41,2.42,2.34,2.36,2.4,2.39,32844,0.78,"24-Sep-2026",130,"",""
"862","EBANK10","EQ",16.64,16.64,16.3,16.58,16.58,16.64,583,0.1,"24-Sep-2026",24,"",""
"863","EBANKNIFTY","EQ",56.64,56.64,55.89,55.89,56.13,57.21,10879,6.11,"24-Sep-2026",61,"",""
"864","EBBETF0430","EQ",1612.97,1612.97,1602.26,1603.95,1602.26,1609.69,14910,239.29,"24-Sep-2026",249,"",""
"865","EBBETF0431","EQ",1428,1433.58,1427.48,1430.1,1430.1,1431.06,3485,49.86,"24-Sep-2026",61,"",""
"866","EBBETF0433","EQ",1306.92,1311.69,1300,1301.38,1300,1309.84,3112,40.65,"24-Sep-2026",133,"",""
"867","EBGNG","EQ",711.6,712.05,674.1,676.65,679.9,715.15,778533,5353.37,"24-Sep-2026",35510,"",""
"868","EBIX","BE",19.2,19.2,17.8,17.89,18,18.64,110608,19.92,"24-Sep-2026",187,"",""
"869","ECAPINSURE","EQ",23.54,23.6,23.24,23.43,23.46,23.71,123588,28.85,"24-Sep-2026",403,"",""
"870","ECLERX","EQ",1910,1920.8,1880,1890.1,1886.4,1924.2,63177,1199.23,"24-Sep-2026",9952,"",""
"871","ECOLINE","SM",195,195,185.05,190.4,190.4,195.5,8000,15.12,"24-Sep-2026",8,"",""
"872","ECORECO","EQ",425,425,417,419.25,420.9,419.55,7233,30.44,"24-Sep-2026",766,"",""
"873","ECOSMOBLTY","EQ",109,110.74,107,108.04,107.5,109.11,33055,35.73,"24-Sep-2026",957,"",""
"874","EDELWEISS","EQ",140.6,142.8,138,139.01,138.5,142.03,5585348,7836.32,"24-Sep-2026",33723,"",""
"875","EEPL","ST",138,138,131,131.05,131,134.9,4000,5.35,"24-Sep-2026",4,"",""
"876","EFACTOR","SM",155,161.95,155,161.95,161.95,151.05,27200,43.48,"24-Sep-2026",26,"",""
"877","EFCIL","EQ",182.8,184,178,181.2,181.85,183.08,167623,302.53,"24-Sep-2026",3694,"",""
"878","EFFWA","SM",374.95,375,355,361.75,355,365.7,17200,62.66,"24-Sep-2026",26,"",""
"879","EFORCE","SM",17.85,18.85,17.85,18.8,18.85,19.1,4800,0.88,"24-Sep-2026",4,"",""
"880","EGOLD","EQ",150.5,150.5,149.1,149.3,149.3,150.9,32162,48.06,"24-Sep-2026",750,"",""
"881","EICHERMOT","EQ",7437,7460,7333,7338.5,7338.5,7470,258170,19049.07,"24-Sep-2026",29096,"",""
"882","EIDPARRY","EQ",701.05,703.15,687.65,689.55,695.5,701.4,184152,1278.92,"24-Sep-2026",13998,"",""
"883","EIEL","EQ",202.49,202.49,199.41,201.63,201.98,203.32,353347,710.57,"24-Sep-2026",7240,"",""
"884","EIFFL","BE",266.45,266.45,266.4,266.4,266.4,261.25,660,1.76,"24-Sep-2026",13,"",""
"885","EIHAHOTELS","EQ",296.85,296.85,285.6,288.6,285.6,296.85,16256,47.54,"24-Sep-2026",574,"",""
"886","EIHOTEL","EQ",299,301.15,295.25,296.9,297.5,301.15,85796,255.81,"24-Sep-2026",6840,"",""
"887","EIMCOELECO","EQ",2270,2329.8,2250.5,2304.4,2312,2297.8,29400,675.84,"24-Sep-2026",3187,"",""
"888","EKC","EQ",111,115,110.37,111.5,111.9,113.66,1474664,1659.94,"24-Sep-2026",16329,"",""
"889","EKI","EQ",83.98,99.04,83.5,99.04,99.04,82.54,665973,642.67,"24-Sep-2026",4442,"",""
"890","ELANTAS","EQ",14499,14499,13623,13849,13990,14308,2753,383.52,"24-Sep-2026",1428,"",""
"891","ELCIDIN","EQ",104850,104850,104810,104830,104810,105800,3,3.15,"24-Sep-2026",3,"",""
"892","ELDEHSG","EQ",789.25,789.25,733,760,760,779.75,873,6.61,"24-Sep-2026",120,"",""
"893","ELECON","EQ",463,468.5,450.15,459.1,457.5,466.6,1947203,8960.07,"24-Sep-2026",47298,"",""
"894","ELECTCAST","EQ",73.3,73.31,71.44,72.56,72.5,74.22,1426253,1034.11,"24-Sep-2026",10889,"",""
"895","ELECTHERM","EQ",909.2,920,875,887.7,880.6,904.65,5994,53.59,"24-Sep-2026",364,"",""
"896","ELGIEQUIP","EQ",608.55,617.5,604.45,608.8,612,614.7,188186,1150.96,"24-Sep-2026",16834,"",""
"897","ELGIRUBCO","EQ",59.9,59.94,57,57.15,57.06,59.35,39799,23.09,"24-Sep-2026",983,"",""
"898","ELGNZ","SM",87,88.5,83.5,84.8,83.5,85.85,20000,17.26,"24-Sep-2026",11,"",""
"899","ELIN","EQ",89.96,89.99,88.2,89.5,89.99,89.95,58154,51.69,"24-Sep-2026",1126,"",""
"900","ELIQUID","EQ",1044.65,1048.98,1044.6,1048.98,1048.98,1048.83,51098,535.79,"24-Sep-2026",25,"",""
"901","ELITECON","EQ",9.2,9.58,9.2,9.55,9.58,9.13,14696070,1402.36,"24-Sep-2026",10034,"",""
"902","ELLEN","EQ",368,370,353.1,357.7,358.45,371.3,1000879,3616.17,"24-Sep-2026",15280,"",""
"903","ELM250","EQ",15.88,16.3,15.88,16.11,16,16.2,292300,47.35,"24-Sep-2026",240,"",""
"904","ELMDIV","EQ",35.48,35.49,35.19,35.25,35.25,35.76,870,0.31,"24-Sep-2026",38,"",""
"905","ELPROINTL","EQ",171.5,174.4,170.45,172.01,172,171.5,3141,5.4,"24-Sep-2026",161,"",""
"906","EMAMILTD","EQ",390,397.3,388,390.5,390,391.45,1756668,6889.63,"24-Sep-2026",37125,"",""
"907","EMAMIPAP","BE",115.99,117,112.9,115.54,115.15,115.6,15572,17.92,"24-Sep-2026",129,"",""
"908","EMAMIREAL","EQ",69.75,69.9,68,69.03,69,69.58,6575,4.53,"24-Sep-2026",109,"",""
"909","EMAPARTNER","SM",84.8,84.8,80.45,82,82,82.1,10000,8.22,"24-Sep-2026",10,"",""
"910","EMBASSY","RR",437.8,440,436.4,439.77,439.5,437.44,594992,2611.85,"24-Sep-2026",16488,"",""
"911","EMBDL","EQ",60.4,60.99,58.2,58.81,58.65,61.22,2396537,1426.59,"24-Sep-2026",15723,"",""
"912","EMCURE","EQ",1980,1991.4,1943.5,1952.1,1953.1,1981.7,47459,931.64,"24-Sep-2026",7623,"",""
"913","EMETAL","EQ",12.89,13.99,12.83,12.92,12.83,13.23,7559,0.98,"24-Sep-2026",50,"",""
"914","EMIL","EQ",191.62,194.4,188.11,189.16,189,191.32,2792300,5344.79,"24-Sep-2026",40314,"",""
"915","EMKAY","EQ",267.15,276,266.05,272.55,271,270.6,39396,106.87,"24-Sep-2026",1062,"",""
"916","EMKAYTOOLS","SM",96,96,93.5,93.5,93.5,95,1050,0.99,"24-Sep-2026",6,"",""
"917","EMMBI","BE",90.19,90.45,88.1,88.49,88.9,88.71,5432,4.85,"24-Sep-2026",53,"",""
"918","EMMIL","SM",124,127.5,122,123.3,125.95,127.65,2750,3.43,"24-Sep-2026",9,"",""
"919","EMMVEE","EQ",329.55,331.15,316.05,317.6,317.65,333.1,3608599,11604.24,"24-Sep-2026",61011,"",""
"920","EMPIND","EQ",1046,1063.9,1046,1051.6,1052,1074.8,1192,12.52,"24-Sep-2026",219,"",""
"921","EMPOWER","EQ",1.96,2.13,1.96,1.96,1.96,2.06,20949300,412.04,"24-Sep-2026",2604,"",""
"922","EMSLIMITED","EQ",366.7,366.7,357.2,358.6,359,366.35,98178,353.61,"24-Sep-2026",3001,"",""
"923","EMUDHRA","EQ",640.1,667,638.75,659.4,657,637.8,1009718,6597.63,"24-Sep-2026",38881,"",""
"924","EMULTIMQ","EQ",41.12,41.58,41.02,41.3,41.54,41.32,71774,29.67,"24-Sep-2026",145,"",""
"925","ENCOMPAS","SM",255.25,255.25,239.95,240,240,255,7200,17.69,"24-Sep-2026",14,"",""
"926","ENDURANCE","EQ",2645,2698.9,2636,2663.2,2659.2,2669.6,92156,2464.39,"24-Sep-2026",19807,"",""
"927","ENERGY","EQ",38.89,38.89,37.59,37.64,37.73,38.13,142872,53.92,"24-Sep-2026",1382,"",""
"928","ENERGYAXIS","EQ",18.84,19,18.72,18.77,19,18.92,13067,2.45,"24-Sep-2026",86,"",""
"929","ENERGYDEV","EQ",14.69,14.95,14.64,14.91,14.94,14.71,17824,2.64,"24-Sep-2026",188,"",""
"930","ENEXT50","EQ",72.16,72.52,70.77,71.53,71.46,72.16,1833,1.31,"24-Sep-2026",31,"",""
"931","ENGINERSIN","EQ",303.5,305.65,295,296.65,297,306.2,4627761,13869.19,"24-Sep-2026",64293,"",""
"932","ENIFTY","EQ",24.24,24.24,23.28,23.37,23.37,23.65,7421,1.73,"24-Sep-2026",69,"",""
"933","ENIL","EQ",100.02,101.46,99.65,99.66,99.65,100.17,4809,4.82,"24-Sep-2026",109,"",""
"934","ENKEIWHEL","EQ",399,405.35,381.5,385.75,387,399.45,2549,9.98,"24-Sep-2026",105,"",""
"935","ENRIN","EQ",3191.7,3281.7,3158.5,3215.4,3216,3214.4,372166,12019.61,"24-Sep-2026",37688,"",""
"936","ENSER","SM",15.45,15.45,14.3,14.7,14.3,15.25,40000,6.02,"24-Sep-2026",8,"",""
"937","ENTERO","EQ",1835,1875,1780,1852.2,1845.2,1842.5,247589,4582.68,"24-Sep-2026",18737,"",""
"938","ENVIRO","SM",75,75,69.2,70.1,70.1,73.55,32000,22.61,"24-Sep-2026",28,"",""
"939","EPACK","EQ",184,185.88,179.1,180.12,180.85,184.82,287195,521.15,"24-Sep-2026",5265,"",""
"940","EPACKPEB","EQ",253.01,258.97,241.3,246.29,248.49,253.95,815923,2051.48,"24-Sep-2026",17266,"",""
"941","EPIGRAL","EQ",1091,1099,1065,1071,1067,1093.6,32669,353.01,"24-Sep-2026",3141,"",""
"942","EPL","EQ",238,240.25,234.3,238.05,237,239.1,1071636,2545.91,"24-Sep-2026",20951,"",""
"943","EQUAL200","EQ",13.98,13.98,13.42,13.42,13.43,13.64,37157,5.01,"24-Sep-2026",97,"",""
"944","EQUAL50","EQ",317.03,331.66,317.03,320.14,320.05,325.16,4296,13.79,"24-Sep-2026",78,"",""
"945","EQUAL50ADD","EQ",333,334.29,330.54,331.12,331.99,334.44,19683,65.4,"24-Sep-2026",387,"",""
"946","EQUIPPP","BE",21.8,22.97,21.8,22.88,22.97,22.63,318,0.07,"24-Sep-2026",7,"",""
"947","EQUITASBNK","EQ",69,70.77,68.52,70.21,70.77,72.27,2416236,1689.27,"24-Sep-2026",15746,"",""
"948","ERIS","EQ",1266,1284.1,1264.5,1274.6,1275,1269.9,47023,598.76,"24-Sep-2026",6140,"",""
"949","ESABINDIA","EQ",5604.5,5656.5,5476,5528,5518,5604.5,3824,211.67,"24-Sep-2026",1316,"",""
"950","ESAFSFB","BE",40.51,42.4,39.57,40.82,40.66,40.69,1751479,724.93,"24-Sep-2026",2641,"",""
"951","ESCONET","ST",216.15,216.15,208,209.95,211.95,216.2,10000,20.99,"24-Sep-2026",24,"",""
"952","ESCORTS","EQ",2804,2861.9,2789.1,2822.9,2831,2796.9,321127,9066.99,"24-Sep-2026",38822,"",""
"953","ESDS","EQ",1724,1859.2,1704.05,1853.15,1858,1770.7,2468558,45030.63,"24-Sep-2026",98848,"",""
"954","ESENSEX","EQ",75.21,75.21,74.33,74.47,74.47,75.54,318,0.24,"24-Sep-2026",39,"",""
"955","ESFL","SM",121.1,121.1,118.1,119.05,118.1,123.2,8640,10.36,"24-Sep-2026",16,"",""
"956","ESG","EQ",39.93,40.02,39.6,39.67,39.61,40.29,7060,2.81,"24-Sep-2026",97,"",""
"957","ESILVER","EQ",225.9,228.52,225.42,225.69,225.5,229.58,16246,36.82,"24-Sep-2026",855,"",""
"958","ESSARSHPNG","EQ",16.37,16.43,16.08,16.18,16.24,16.38,82898,13.46,"24-Sep-2026",444,"",""
"959","ESSENTIA","EQ",1.04,1.05,1.02,1.03,1.03,1.03,1416593,14.68,"24-Sep-2026",782,"",""
"960","ESTER","EQ",88,88.51,84.91,86.89,86.1,88.32,100440,87.21,"24-Sep-2026",1378,"",""
"961","ETERNAL","EQ",338.7,343.6,333.55,335.5,335.5,342.65,14989187,50808.26,"24-Sep-2026",217489,"",""
"962","ETHOSLTD","EQ",2675.2,2697,2575,2605.7,2576,2660.2,91793,2400.84,"24-Sep-2026",13170,"",""
"963","ETL","SM",1130,1145,1130,1145,1145,1118,1500,17.06,"24-Sep-2026",9,"",""
"964","ETML","SM",80,80,78.4,79.85,79.85,80.1,7200,5.69,"24-Sep-2026",6,"",""
"965","EUREKAFORB","EQ",379.9,379.9,368.6,375.1,375,378.45,223143,833.43,"24-Sep-2026",10877,"",""
"966","EUROBOND","EQ",151,152.9,148.5,148.57,152,152.22,704,1.06,"24-Sep-2026",35,"",""
"967","EUROPRATIK","EQ",220,220.45,211,211.65,211.15,220.15,192201,413.94,"24-Sep-2026",4969,"",""
"968","EUROTEXIND","BE",11.2,12.23,11.07,12.21,12.21,11.65,10861,1.26,"24-Sep-2026",69,"",""
"969","EVEREADY","EQ",325,328.1,324.5,326.05,328.1,328.5,25369,82.67,"24-Sep-2026",1195,"",""
"970","EVERESTIND","BE",449.9,449.9,425.6,431.75,430,445.65,5495,23.86,"24-Sep-2026",121,"",""
"971","EVIETF","EQ",31.75,32.47,31.19,31.42,31.52,31.76,625125,196.25,"24-Sep-2026",874,"",""
"972","EVINDIA","EQ",32.35,32.35,31.3,31.35,31.42,31.72,849271,266.63,"24-Sep-2026",1580,"",""
"973","EXCELINDUS","EQ",968,969.9,943,950,965,963.3,8092,77.25,"24-Sep-2026",984,"",""
"974","EXCELLENT","ST",194,203,190.55,190.55,190.55,195,16000,32.03,"24-Sep-2026",10,"",""
"975","EXCELSOFT","EQ",80.2,85,80.18,81.69,81.75,80.94,1877150,1564.54,"24-Sep-2026",17021,"",""
"976","EXICOM","EQ",166.95,166.95,163,164.64,164,168.09,700884,1153.31,"24-Sep-2026",8473,"",""
"977","EXIDEIND","EQ",426,436.8,421.9,426.55,426,425.95,3273879,14066.63,"24-Sep-2026",59403,"",""
"978","EXIMROUTES","SM",88,97.1,88,90.1,97.1,90.6,217600,198.18,"24-Sep-2026",23,"",""
"979","EXPLEOSOL","EQ",872.45,884.7,862,871.55,873,872.45,10007,87.43,"24-Sep-2026",1241,"",""
"980","EXXARO","EQ",6.3,6.3,6.16,6.24,6.25,6.27,102930,6.42,"24-Sep-2026",267,"",""
"981","FABTECH","EQ",146.64,148.5,145.02,146.47,146.9,148.64,41003,60.07,"24-Sep-2026",609,"",""
"982","FACT","EQ",795,795,775.85,777.8,778.5,796.7,86883,680.53,"24-Sep-2026",5627,"",""
"983","FAIRCHEMOR","BE",630,657.95,630,657.95,657.95,626.65,11704,76.44,"24-Sep-2026",666,"",""
"984","FASCINATE","SM",57.95,58.05,54.15,58.05,58.05,55.3,423200,244.38,"24-Sep-2026",328,"",""
"985","FAZE3Q","EQ",444,444,421,422,422.1,438.05,16274,69.77,"24-Sep-2026",754,"",""
"986","FCL","EQ",56.55,58.42,55.13,56.07,56.28,56.81,19880015,11273.4,"24-Sep-2026",64395,"",""
"987","FCSSOFT","EQ",1.36,1.37,1.33,1.33,1.34,1.36,2041112,27.54,"24-Sep-2026",1228,"",""
"988","FDC","EQ",348.9,353.15,343.5,345.7,345.25,349.95,159649,552.63,"24-Sep-2026",6716,"",""
"989","FEDDERSHOL","EQ",68.01,69.75,63.5,64.71,64.45,67.22,9579140,6326.97,"24-Sep-2026",37792,"",""
"990","FEDERALBNK","EQ",328,332.7,325.95,329.5,329.5,331.3,6031916,19864.05,"24-Sep-2026",78222,"",""
"991","FEDFINA","EQ",151.01,154.48,150.25,152.71,152.4,153.42,956440,1458.36,"24-Sep-2026",14086,"",""
"992","FEL","BZ",0.36,0.37,0.36,0.36,0.37,0.36,119323,0.43,"24-Sep-2026",100,"",""
"993","FELDVR","BZ",2.13,2.13,1.99,2.07,2.07,2.09,3806,0.08,"24-Sep-2026",15,"",""
"994","FELIX","SM",208.5,208.5,201.6,202.15,201.6,204.3,47500,97.31,"24-Sep-2026",43,"",""
"995","FERMENTA","EQ",482.2,511.65,460,478.05,471.3,475.5,580390,2862.39,"24-Sep-2026",19638,"",""
"996","FIBERWEB","EQ",26.69,28.68,25.9,26.57,26.51,26.48,40274,10.86,"24-Sep-2026",406,"",""
"997","FIDEL","SM",175,175.25,175,175,175,175.25,3000,5.25,"24-Sep-2026",3,"",""
"998","FIEMIND","EQ",1929.7,1935,1903.5,1917.2,1916.1,1924.5,53114,1018.16,"24-Sep-2026",9327,"",""
"999","FILATEX","EQ",107.42,108.75,104.41,105.32,105.5,108.72,4644101,4932.79,"24-Sep-2026",25559,"",""
"1000","FILATFASH","EQ",0.19,0.19,0.18,0.18,0.18,0.18,47083777,89.45,"24-Sep-2026",1454,"",""
"1001","FINBUD","SM",113,123.45,113,121.7,121.3,114.5,35000,42.26,"24-Sep-2026",31,"",""
"1002","FINCABLES","EQ",1465,1490.9,1450.1,1480,1480,1470.2,791508,11704.77,"24-Sep-2026",41256,"",""
"1003","FINEORG","EQ",5059,5124,4968,5062.5,5076,5096.5,21083,1067.42,"24-Sep-2026",6597,"",""
"1004","FINIETF","EQ",33.17,33.17,31.08,31.25,31.26,32.37,969293,304.43,"24-Sep-2026",4167,"",""
"1005","FINKURVE","EQ",69.2,71,69.1,70.18,70.5,70.12,15875,11.09,"24-Sep-2026",407,"",""
"1006","FINOPB","EQ",132.1,132.68,129,129.28,129.21,132.68,213176,277.37,"24-Sep-2026",2720,"",""
"1007","FINPIPE","EQ",154,155.2,151.88,154.04,154.15,154.16,343672,526.86,"24-Sep-2026",6770,"",""
"1008","FIRSTCRY","EQ",180.05,190.8,173.3,179.63,178.82,180.41,31265673,56340.92,"24-Sep-2026",173097,"",""
"1009","FISCHER","EQ",34.98,35.01,33.86,34.23,34.4,35.03,505113,173.54,"24-Sep-2026",3210,"",""
"1010","FIVESTAR","EQ",540,540,516.35,524.85,525,549.7,1610174,8488.31,"24-Sep-2026",56388,"",""
"1011","FLAIR","EQ",238.99,248,237.26,242.96,243.95,240.79,132147,321.27,"24-Sep-2026",4239,"",""
"1012","FLEXIADD","EQ",9.73,9.89,9.63,9.68,9.7,9.74,61962,6.01,"24-Sep-2026",491,"",""
"1013","FLEXITUFF","BE",2.73,2.78,2.73,2.77,2.77,2.73,10204,0.28,"24-Sep-2026",13,"",""
"1014","FLFL","BZ",1.13,1.16,1.12,1.14,1.15,1.13,5239,0.06,"24-Sep-2026",46,"",""
"1015","FLUOROCHEM","EQ",4476.4,4532.8,4430.3,4475.9,4471,4476.4,66948,3003.8,"24-Sep-2026",10217,"",""
"1016","FLYSBS","SM",669,669,650.1,654.4,659,667.2,30000,196.53,"24-Sep-2026",99,"",""
"1017","FMCGADD","EQ",46.23,46.47,45.92,46,46,45.86,20150,9.31,"24-Sep-2026",191,"",""
"1018","FMCGIETF","EQ",49.71,49.71,49.03,49.2,49.31,49.71,1127021,556.36,"24-Sep-2026",4130,"",""
"1019","FMGOETZE","EQ",452.95,472.2,448.25,468.45,467,453.55,295065,1359.46,"24-Sep-2026",8183,"",""
"1020","FMNL","EQ",8.12,8.36,7.7,8.09,8.1,8.1,76249,6.09,"24-Sep-2026",176,"",""
"1021","FOCUS","BE",59.61,60.74,57.9,58.24,58.79,60.1,54024,31.83,"24-Sep-2026",373,"",""
"1022","FONEBOX","ST",159.7,159.7,152.1,159.7,159.7,152.1,69000,110.01,"24-Sep-2026",50,"",""
"1023","FOODSIN","EQ",53.15,53.5,52.6,52.98,52.96,53.41,69602,36.96,"24-Sep-2026",391,"",""
"1024","FORCAS","ST",220,228,218,220.05,220,220,38400,85.74,"24-Sep-2026",24,"",""
"1025","FORCEMOT","EQ",17300,17456,17112,17142,17142,17352,56971,9822.29,"24-Sep-2026",14688,"",""
"1026","FORGEAUTO","SM",101.95,102,101,101,101,103,4800,4.88,"24-Sep-2026",4,"",""
"1027","FORTIS","EQ",891.6,897.15,877.35,877.35,877.35,894,906861,8054.8,"24-Sep-2026",34122,"",""
"1028","FOSECOIND","EQ",6555,6648,6440,6477,6475,6555,9084,593.1,"24-Sep-2026",3009,"",""
"1029","FRACTAL","EQ",758,758.95,745.4,749.25,746.4,761.65,173105,1301.44,"24-Sep-2026",14659,"",""
"1030","FREDUN","EQ",1394,1400.8,1352.7,1360.3,1367,1394,30132,413.96,"24-Sep-2026",3277,"",""
"1031","FRESHARA","ST",405,409,398,404.35,407.85,406,13200,53.25,"24-Sep-2026",20,"",""
"1032","FROG","SM",266.95,277.95,261.1,268.95,271.4,267.1,29200,78.85,"24-Sep-2026",67,"",""
"1033","FRONTSP","EQ",1451.8,1569.8,1451.8,1510.4,1490.1,1394.6,1615746,24539.9,"24-Sep-2026",110705,"",""
"1034","FSL","EQ",267.85,267.95,261,262.15,261.25,267.85,468349,1235.08,"24-Sep-2026",14192,"",""
"1035","FUSION","EQ",184,184,176.01,176.8,176.78,184.2,456966,816.46,"24-Sep-2026",8262,"",""
"1036","FWSTC","SM",162,170,161,162,162,170,51000,82.26,"24-Sep-2026",11,"",""
"1037","GABRIEL","EQ",1415,1436.6,1389.2,1397.3,1401,1428.1,329569,4653.91,"24-Sep-2026",17834,"",""
"1038","GAEL","EQ",163,164.8,159.48,162.59,161.91,163.19,652362,1063.48,"24-Sep-2026",17649,"",""
"1039","GAIL","EQ",172.1,173.85,171.84,173.85,173.85,172.95,6183667,10686.71,"24-Sep-2026",37105,"",""
"1040","GAJA","EQ",148.8,148.8,145.15,145.94,146,150.04,448375,658.93,"24-Sep-2026",7790,"",""
"1041","GALAPREC","EQ",1164.2,1179.5,1111,1117.1,1114.2,1164.2,74133,846.32,"24-Sep-2026",7573,"",""
"1042","GALAXYSURF","EQ",2205,2267.7,2194.7,2246.6,2247.9,2222,35010,785.3,"24-Sep-2026",7313,"",""
"1043","GALLANTT","EQ",550,556.4,542.55,545.25,545,556.45,40560,222.76,"24-Sep-2026",2876,"",""
"1044","GANDHAR","EQ",266,267.85,261.7,262.7,263.2,268.4,311752,824.3,"24-Sep-2026",4784,"",""
"1045","GANDHITUBE","EQ",994.75,994.75,967.4,979.1,980.6,995.05,14867,145.68,"24-Sep-2026",1433,"",""
"1046","GANECOS","EQ",1035,1048.4,1000,1014,1009,1036.6,83366,854.92,"24-Sep-2026",5507,"",""
"1047","GANESHBE","BE",128.5,132,125,126.49,126.55,131.08,196757,250.06,"24-Sep-2026",692,"",""
"1048","GANESHCP","EQ",164.97,166.13,161.49,161.92,162,164.48,179057,291.56,"24-Sep-2026",2702,"",""
"1049","GANESHHOU","EQ",746.1,746.1,725,736.85,736.9,746.1,50131,369.44,"24-Sep-2026",1688,"",""
"1050","GANESHIN","SM",91,93.85,90.85,91,91,92.65,57600,52.88,"24-Sep-2026",56,"",""
"1051","GANGAFORGE","EQ",1.56,1.57,1.51,1.52,1.53,1.55,2658153,40.91,"24-Sep-2026",1304,"",""
"1052","GANGESSECU","EQ",114.5,116.98,112,112.1,112.1,115.63,2357,2.67,"24-Sep-2026",61,"",""
"1053","GARFIBRES","EQ",783,799.9,764.05,781.95,785,787.15,36667,286.48,"24-Sep-2026",5837,"",""
"1054","GARUDA","EQ",183.39,183.9,176.97,178.21,177.9,184.48,333762,599.62,"24-Sep-2026",6321,"",""
"1055","GATECH","BE",0.73,0.73,0.73,0.73,0.73,0.76,5313371,38.79,"24-Sep-2026",3429,"",""
"1056","GATECHDVR","BE",0.49,0.49,0.47,0.47,0.48,0.48,156220,0.75,"24-Sep-2026",151,"",""
"1057","GATEWAY","EQ",52.5,52.98,52.2,52.37,52.33,52.67,421697,221.43,"24-Sep-2026",3846,"",""
"1058","GAUDIUMIVF","EQ",119.7,123,114.61,115.85,115.8,117.69,292066,343.56,"24-Sep-2026",4697,"",""
"1059","GAYAHWS","EQ",1.87,1.9,1.85,1.85,1.85,1.88,188295,3.52,"24-Sep-2026",267,"",""
"1060","GAYAPROJ","EQ",24,24.47,22.97,23.01,23.09,24.17,1415515,334.22,"24-Sep-2026",3322,"",""
"1061","GCHOTELS","ST",129.8,135.5,129.8,130,130,130,52200,68.08,"24-Sep-2026",58,"",""
"1062","GCSL","EQ",640,648,631.1,633.3,631.6,642.7,336550,2145.46,"24-Sep-2026",3437,"",""
"1063","GEECEE","BE",375.5,377.75,360,371.95,371.95,377.95,3987,14.44,"24-Sep-2026",78,"",""
"1064","GEEKAYWIRE","EQ",33.41,33.66,33.2,33.41,33.5,33.25,152650,50.93,"24-Sep-2026",877,"",""
"1065","GEMAROMA","EQ",154.2,157.6,150.25,155.18,155.99,154.94,47069,72.27,"24-Sep-2026",1312,"",""
"1066","GENCON","EQ",39.65,40.1,38.15,38.65,38.18,39.31,408402,160.25,"24-Sep-2026",1002,"",""
"1067","GENESYS","EQ",280.79,302,276.26,283.18,283,281.62,1214456,3532.92,"24-Sep-2026",24246,"",""
"1068","GENSOL","BZ",16.95,17.2,16.4,17.04,17.12,16.77,48447,8.12,"24-Sep-2026",384,"",""
"1069","GENUSPAPER","EQ",11.21,11.48,11.07,11.2,11.16,11.34,50058,5.62,"24-Sep-2026",228,"",""
"1070","GENUSPOWER","EQ",308,321.3,304.75,306.6,307.95,308.35,2744915,8578.31,"24-Sep-2026",41748,"",""
"1071","GENXAI","SM",75,75.7,72,72.15,72.15,75.4,20400,15.08,"24-Sep-2026",13,"",""
"1072","GEOJITFSL","EQ",80.8,80.8,78.5,79.17,78.52,81.98,478340,378.56,"24-Sep-2026",5433,"",""
"1073","GESHIP","EQ",1478,1498.5,1466,1482.6,1480,1483.8,606281,9003.54,"24-Sep-2026",34353,"",""
"1074","GFLLIMITED","EQ",56.74,57,53.57,54.93,55.3,56.74,70943,38.96,"24-Sep-2026",1017,"",""
"1075","GFSTEELS","BE",30.91,30.91,30.91,30.91,30.91,29.44,12229,3.78,"24-Sep-2026",31,"",""
"1076","GGBL","SM",220,224,215.6,218.3,219.1,224.7,17400,37.99,"24-Sep-2026",51,"",""
"1077","GHCL","EQ",430,430,419,421.3,421,424,167377,710.32,"24-Sep-2026",4779,"",""
"1078","GHCLTEXTIL","EQ",134.49,138.82,132.21,135.34,135,134.61,563475,766.88,"24-Sep-2026",13487,"",""
"1079","GICHSGFIN","EQ",138.98,139.9,137.02,137.96,137.5,139.48,76031,104.98,"24-Sep-2026",997,"",""
"1080","GICL","BE",22.5,23.99,22.35,23.5,23.98,23.33,160774,36.65,"24-Sep-2026",168,"",""
"1081","GICRE","EQ",341.95,344.05,338.05,339.25,339.4,344.15,334321,1138.12,"24-Sep-2026",9349,"",""
"1082","GILLANDERS","EQ",105.96,106.49,101,103.76,103,104.91,2856,2.95,"24-Sep-2026",93,"",""
"1083","GILLETTE","EQ",7094,7145,7032.5,7118.5,7113,7094,16115,1145.23,"24-Sep-2026",4636,"",""
"1084","GILT10BETA","EQ",26.58,26.63,26.33,26.63,26.63,26.58,18,0,"24-Sep-2026",12,"",""
"1085","GILT5BETA","EQ",66.6,66.6,65.76,66.49,66.28,66.25,962,0.64,"24-Sep-2026",15,"",""
"1086","GILT5YBEES","EQ",66.05,66.05,65.65,65.84,65.87,66.05,383916,252.97,"24-Sep-2026",557,"",""
"1087","GINNIFILA","BE",42.6,43.4,41.75,42.39,42.8,42.95,2644,1.13,"24-Sep-2026",32,"",""
"1088","GIPCL","EQ",190,192.28,185.05,186.42,186.01,191.64,245732,461.16,"24-Sep-2026",6200,"",""
"1089","GIRIRAJ","SM",78,78.1,70.75,70.75,70.75,74.45,5000,3.69,"24-Sep-2026",15,"",""
"1090","GJL","ST",368,368.55,367,368.55,368.55,351,6400,23.57,"24-Sep-2026",8,"",""
"1091","GKB","EQ",74,74,66.71,67.68,67.2,69.73,2440,1.66,"24-Sep-2026",93,"",""
"1092","GKENERGY","EQ",126.5,126.9,124,124.69,124.28,127.14,211202,263.86,"24-Sep-2026",2585,"",""
"1093","GKSL","EQ",177.71,179.95,170,170.85,170.8,177.71,352319,610.88,"24-Sep-2026",5020,"",""
"1094","GKWLIMITED","EQ",1602.9,1605,1561.4,1561.4,1561.4,1605,224,3.59,"24-Sep-2026",11,"",""
"1095","GLAND","EQ",2896,2933.2,2875.1,2897.4,2886,2910.2,327302,9533.71,"24-Sep-2026",28363,"",""
"1096","GLASSWALL","EQ",287,287,260.27,272.07,274.5,286.41,12703984,34737.41,"24-Sep-2026",115717,"",""
"1097","GLAXO","EQ",2874,2880,2815,2829.2,2829.6,2876.9,17953,511.23,"24-Sep-2026",3561,"",""
"1098","GLENMARK","EQ",2460,2470,2422,2430.4,2430.4,2475,453221,11089.3,"24-Sep-2026",29669,"",""
"1099","GLFL","EQ",5.09,5.33,4.85,5.02,5.33,5.09,6547,0.33,"24-Sep-2026",26,"",""
"1100","GLOBAL","EQ",134.45,143,134.01,141,140.99,134.45,873103,1217.53,"24-Sep-2026",9573,"",""
"1101","GLOBALE","EQ",11.39,11.64,10.78,10.8,10.8,11.34,4654,0.51,"24-Sep-2026",24,"",""
"1102","GLOBALVECT","EQ",139.5,139.5,133.3,135.89,137,137.46,6163,8.46,"24-Sep-2026",200,"",""
"1103","GLOBE","EQ",2.28,2.33,2.21,2.26,2.27,2.24,764992,17.37,"24-Sep-2026",394,"",""
"1104","GLOBECIVIL","EQ",44,44.99,42.62,43.18,43.01,44.18,9764,4.26,"24-Sep-2026",248,"",""
"1105","GLOBUSSPR","EQ",828,856.8,824.05,836.5,837,829.1,99347,836.15,"24-Sep-2026",6564,"",""
"1106","GLOSTERLTD","EQ",578,579.8,570.1,572,572,578,420,2.41,"24-Sep-2026",56,"",""
"1107","GLOTTIS","EQ",58.48,69.72,57.51,63.36,63.3,58.1,791242,515.04,"24-Sep-2026",7344,"",""
"1108","GMBREW","EQ",968,978.3,952,967.25,967,968.3,51293,496.08,"24-Sep-2026",4024,"",""
"1109","GMDCLTD","EQ",551,552.7,541,542.5,543,556.7,461347,2520.67,"24-Sep-2026",13033,"",""
"1110","GML","SM",17.8,17.8,16.95,16.95,16.95,17.8,8000,1.39,"24-Sep-2026",4,"",""
"1111","GMMPFAUDLR","EQ",1415,1491.1,1415,1475.4,1478,1432.6,403019,5934.28,"24-Sep-2026",29003,"",""
"1112","GMRAIRPORT","EQ",98.58,99.59,97.11,97.35,97.35,99.14,10723487,10570.03,"24-Sep-2026",30361,"",""
"1113","GMRP&UI","EQ",97,103,96.34,101.41,101.1,98.13,3555672,3552.19,"24-Sep-2026",23457,"",""
"1114","GNA","EQ",601.5,648,590,620.45,617.3,596.65,7316206,45858.62,"24-Sep-2026",165697,"",""
"1115","GNFC","EQ",620,635,616,625.1,626,623.05,1155725,7228.85,"24-Sep-2026",33959,"",""
"1116","GNRL","EQ",98.6,100.7,97.75,98.11,98,98.07,338664,332.61,"24-Sep-2026",4315,"",""
"1117","GOACARBON","EQ",399.05,409.8,399,404.75,406.25,402.35,18901,76.48,"24-Sep-2026",1133,"",""
"1118","GOCLCORP","EQ",385.95,398.2,377,380.25,384.95,392.75,198301,765.07,"24-Sep-2026",6921,"",""
"1119","GOCOLORS","EQ",315.05,323.9,311.6,318.35,317.35,317.55,85831,272.66,"24-Sep-2026",3247,"",""
"1120","GODAVARIB","EQ",238.9,242,234.5,238.65,241.83,239.43,69191,164.07,"24-Sep-2026",1778,"",""
"1121","GODFRYPHLP","EQ",1999.9,1999.9,1965.5,1974,1974,2003,91758,1819.4,"24-Sep-2026",7872,"",""
"1122","GODIGIT","EQ",240,253.45,236.15,250.3,252,245,4077269,10047.6,"24-Sep-2026",64822,"",""
"1123","GODREJAGRO","EQ",671,698.4,666.55,676.05,675.6,670.05,851491,5840.67,"24-Sep-2026",38022,"",""
"1124","GODREJCP","EQ",875.5,884.7,871.2,875,875,879.75,692739,6075.79,"24-Sep-2026",14960,"",""
"1125","GODREJIND","EQ",1102,1109.1,1085.3,1099,1091,1106,38073,418.51,"24-Sep-2026",4465,"",""
"1126","GODREJPROP","EQ",1680,1707.9,1665.7,1671.2,1671.2,1707.6,481036,8100.69,"24-Sep-2026",27738,"",""
"1127","GOKEX","EQ",701.1,726,688,692.85,711,710.25,240932,1687.14,"24-Sep-2026",14170,"",""
"1128","GOKUL","EQ",40.42,40.6,39.4,39.92,39.56,40.42,137327,55.51,"24-Sep-2026",436,"",""
"1129","GOKULAGRO","EQ",226.77,236.5,222.7,224.98,223.65,225.81,1505364,3417.59,"24-Sep-2026",20478,"",""
"1130","GOLD1","EQ",125.01,125.48,124.58,124.65,124.65,125.96,1257237,1571.16,"24-Sep-2026",6766,"",""
"1131","GOLD360","EQ",147,147,145.35,145.85,145.35,147.35,8851,12.93,"24-Sep-2026",277,"",""
"1132","GOLDADD","EQ",14.6,14.61,14.48,14.5,14.51,14.65,6431488,936.07,"24-Sep-2026",5361,"",""
"1133","GOLDAXIS","EQ",124.6,125.14,124.17,124.24,124.25,125.69,2469888,3079.55,"24-Sep-2026",3091,"",""
"1134","GOLDBEES","EQ",124,124.28,123.22,123.43,123.47,124.73,20039975,24813.53,"24-Sep-2026",93111,"",""
"1135","GOLDBETA","EQ",126.6,126.6,125.7,125.8,125.8,127.1,346933,437.38,"24-Sep-2026",2502,"",""
"1136","GOLDBND","EQ",149.47,150.7,148.96,149.24,149.61,150.95,13781,20.61,"24-Sep-2026",116,"",""
"1137","GOLDCASE","EQ",23.7,23.7,23.47,23.5,23.53,23.76,7324812,1727.08,"24-Sep-2026",11560,"",""
"1138","GOLDENTOBC","BZ",23.26,24.24,22.42,24.24,24.24,23.5,1146,0.27,"24-Sep-2026",59,"",""
"1139","GOLDETF","EQ",145.82,146.14,145.16,145.32,145.35,146.79,675967,984.25,"24-Sep-2026",5598,"",""
"1140","GOLDIAM","EQ",328.95,328.95,320,321.7,321.1,332.6,306994,994.35,"24-Sep-2026",6433,"",""
"1141","GOLDIETF","EQ",128.72,128.72,127.79,127.88,127.94,129.21,5216625,6691.6,"24-Sep-2026",27734,"",""
"1142","GOLDSTAR","SM",10.15,10.15,9.5,10.15,10.15,9.7,911250,91.65,"24-Sep-2026",77,"",""
"1143","GOLDTECH","BE",45.44,46.28,44.9,46.28,46.28,44.08,9493,4.34,"24-Sep-2026",45,"",""
"1144","GOODLUCK","EQ",534.9,541.6,528,530.45,530,537.1,378269,2019.02,"24-Sep-2026",17477,"",""
"1145","GOODYEAR","EQ",709.7,722,704.05,707.15,709.6,709.7,3213,22.9,"24-Sep-2026",580,"",""
"1146","GOPAL","EQ",263.15,265,254.1,262.55,262,262.45,225147,584.23,"24-Sep-2026",9527,"",""
"1147","GOYALALUM","EQ",6.08,6.08,5.84,5.93,5.93,5.92,30595,1.81,"24-Sep-2026",337,"",""
"1148","GPECO","SM",398.1,398.1,385.55,389.65,390,401.7,34600,135.34,"24-Sep-2026",128,"",""
"1149","GPIL","EQ",234,234.88,228.1,229.78,229,234.68,836832,1938.32,"24-Sep-2026",10626,"",""
"1150","GPPL","EQ",163.5,165.89,162,163.27,163.15,164.12,1245571,2040.03,"24-Sep-2026",16829,"",""
"1151","GPTHEALTH","EQ",159.25,166.8,159.25,161.73,162.5,161.5,115656,189.44,"24-Sep-2026",3744,"",""
"1152","GPTINFRA","EQ",116.15,116.41,113,113.52,113.99,116.29,109085,124.89,"24-Sep-2026",2059,"",""
"1153","GRADIENTE","BE",2.26,2.26,2.15,2.15,2.15,2.26,757135,16.45,"24-Sep-2026",300,"",""
"1154","GRANDOAK","EQ",35.19,36,33.6,33.82,34,35.06,4199,1.44,"24-Sep-2026",135,"",""
"1155","GRANULES","EQ",857,867,850.55,853,852,860.25,327434,2804.54,"24-Sep-2026",15281,"",""
"1156","GRAPHISAD","SM",24,24,24,24,24,24.5,1200,0.29,"24-Sep-2026",1,"",""
"1157","GRAPHITE","EQ",817.25,824.55,803.5,814.7,816,821,1120162,9135.01,"24-Sep-2026",45187,"",""
"1158","GRASIM","EQ",3151,3203.7,3150.6,3166.5,3166.5,3188.5,471338,14980.88,"24-Sep-2026",22588,"",""
"1159","GRAUWEIL","EQ",84.95,87.18,84,86.69,87.1,86.18,725531,621.58,"24-Sep-2026",6514,"",""
"1160","GRAVISSHO","BE",32.4,32.4,31.17,32.35,32.35,32.81,11821,3.69,"24-Sep-2026",70,"",""
"1161","GRAVITA","EQ",1558,1560.8,1510,1515.4,1520,1561.1,229386,3518.76,"24-Sep-2026",19988,"",""
"1162","GRCL","SM",572,572.1,572,572,572,546,1000,5.72,"24-Sep-2026",4,"",""
"1163","GREAVESCOT","EQ",206.17,223.5,202.22,221.83,222.25,206.01,15910393,34767.08,"24-Sep-2026",161835,"",""
"1164","GREENCHEF","SM",74,74,72,73.4,73.4,74.35,7200,5.26,"24-Sep-2026",9,"",""
"1165","GREENLAM","EQ",227.83,228.88,225.02,227,226,227.83,14418,32.78,"24-Sep-2026",833,"",""
"1166","GREENLEAF","ST",106,106,106,106,106,104.95,1000,1.06,"24-Sep-2026",1,"",""
"1167","GREENPANEL","EQ",168,170.04,165.48,166.61,166.99,169.08,216447,363.49,"24-Sep-2026",5340,"",""
"1168","GREENPLY","EQ",296.35,302,294,294.3,294.55,298.4,219169,651.83,"24-Sep-2026",8841,"",""
"1169","GREENPOWER","EQ",9.1,9.11,8.98,9,9,9.08,1935904,174.56,"24-Sep-2026",2991,"",""
"1170","GRINDWELL","EQ",1966,2038,1957,1981,1994.9,1977.6,31249,626.54,"24-Sep-2026",7339,"",""
"1171","GRINFRA","EQ",820.05,822.95,798.3,810.3,812.95,825.65,26306,212.95,"24-Sep-2026",3942,"",""
"1172","GRMOVER","EQ",81.91,81.91,78.74,79.87,79.8,81.54,1104269,878.94,"24-Sep-2026",20377,"",""
"1173","GROBTEA","EQ",900,900,873.3,895,895,919.35,409,3.61,"24-Sep-2026",65,"",""
"1174","GROWW","EQ",188.88,189.87,184.25,186.55,186.56,188.63,20205654,37655.05,"24-Sep-2026",134247,"",""
"1175","GROWWCAPM","EQ",11.34,11.34,11.13,11.2,11.18,11.29,561389,62.99,"24-Sep-2026",1184,"",""
"1176","GROWWCHEM","EQ",29.46,29.58,29.01,29.26,29.44,29.6,53263,15.59,"24-Sep-2026",265,"",""
"1177","GROWWDEFNC","EQ",94.33,94.6,92.66,93.65,93.01,94.32,169368,159.09,"24-Sep-2026",2032,"",""
"1178","GROWWEV","EQ",31.88,31.88,31,31.17,31.03,31.5,381693,119.89,"24-Sep-2026",1738,"",""
"1179","GROWWGOLD","EQ",14.7,14.7,14.58,14.6,14.6,14.74,1393465,203.9,"24-Sep-2026",3058,"",""
"1180","GROWWHOSPI","EQ",53,53.2,52.46,52.8,52.94,53.2,178478,94.34,"24-Sep-2026",910,"",""
"1181","GROWWLIQID","EQ",110.88,110.88,110.51,110.87,110.88,110.86,886909,983.31,"24-Sep-2026",246,"",""
"1182","GROWWLOVOL","EQ",10.19,10.29,9.94,10.18,10.29,10.19,5013,0.51,"24-Sep-2026",122,"",""
"1183","GROWWMC150","EQ",229.24,231.99,225.3,225.99,231.99,230.65,1334,3.05,"24-Sep-2026",41,"",""
"1184","GROWWMETAL","EQ",12.91,12.91,12.27,12.37,12.45,12.6,434696,54.31,"24-Sep-2026",1254,"",""
"1185","GROWWMOM50","EQ",10.95,10.97,10.81,10.83,10.85,10.92,618257,67.21,"24-Sep-2026",584,"",""
"1186","GROWWN200","EQ",11.15,11.25,10.92,10.97,10.97,11.15,91298,10.04,"24-Sep-2026",354,"",""
"1187","GROWWNET","EQ",10.95,11.15,10.43,10.47,10.5,11.15,1693767,179.91,"24-Sep-2026",2446,"",""
"1188","GROWWNIFTY","EQ",9.74,9.74,9.34,9.38,9.36,9.51,1867295,175.34,"24-Sep-2026",5147,"",""
"1189","GROWWNXT50","EQ",71,72.5,71,71.76,72.39,72.02,10276,7.4,"24-Sep-2026",165,"",""
"1190","GROWWPOWER","EQ",11.13,11.19,11,11.05,11.01,11.16,1471791,162.91,"24-Sep-2026",2657,"",""
"1191","GROWWPSE","EQ",98,98,95.85,96.61,97.46,96.84,4157,4.01,"24-Sep-2026",168,"",""
"1192","GROWWPSUBK","EQ",83.6,84.29,81.93,82.72,82.7,83.6,6178,5.14,"24-Sep-2026",114,"",""
"1193","GROWWRAIL","EQ",27.06,27.11,26.81,26.88,26.91,27.07,330298,88.88,"24-Sep-2026",2345,"",""
"1194","GROWWRLTY","EQ",9.68,9.86,9.52,9.59,9.6,9.74,211017,20.51,"24-Sep-2026",531,"",""
"1195","GROWWSC250","EQ",10.66,10.66,10.45,10.5,10.53,10.62,129244,13.63,"24-Sep-2026",560,"",""
"1196","GROWWSLVR","EQ",22.38,22.38,22.11,22.14,22.16,22.57,1491233,332.01,"24-Sep-2026",2248,"",""
"1197","GRPLTD","EQ",1951,2019,1951,1987.8,2000,2001.2,1031,20.56,"24-Sep-2026",244,"",""
"1198","GRSE","EQ",2365,2369.3,2333.5,2344,2353.9,2380.6,197066,4635.5,"24-Sep-2026",16281,"",""
"1199","GRWRHITECH","EQ",6484.5,6484.5,6260,6342.5,6450,6537.5,58487,3710.47,"24-Sep-2026",13233,"",""
"1200","GSEC10ADD","EQ",26.71,26.77,26.7,26.73,26.77,26.35,75,0.02,"24-Sep-2026",10,"",""
"1201","GSEC10IETF","EQ",264.41,264.69,260.49,264.69,264.69,261.97,13,0.03,"24-Sep-2026",6,"",""
"1202","GSEC10YEAR","EQ",30.47,30.47,29.91,29.99,29.91,30.44,12692,3.82,"24-Sep-2026",46,"",""
"1203","GSEC5IETF","EQ",65.95,66.33,65.65,65.69,65.65,66.1,49706,32.83,"24-Sep-2026",59,"",""
"1204","GSFC","EQ",154.4,155.92,153.62,155.35,155.4,155.34,657583,1018.9,"24-Sep-2026",8298,"",""
"1205","GSLSU","EQ",32.5,33,30.81,31.98,32,32.43,138130,44.07,"24-Sep-2026",1252,"",""
"1206","GSMFOILS","SM",76,77.85,73.75,73.9,74.1,77.6,367500,275.86,"24-Sep-2026",416,"",""
"1207","GSPCROP","EQ",485.75,493.95,482.05,490.4,490.2,488.85,234623,1146.88,"24-Sep-2026",2331,"",""
"1208","GSS","EQ",10.52,10.86,10.06,10.48,10.45,10.51,34851,3.65,"24-Sep-2026",309,"",""
"1209","GSTL","SM",11.45,11.95,11.45,11.95,11.95,12.05,8000,0.92,"24-Sep-2026",7,"",""
"1210","GTECJAINX","EQ",27.18,27.99,26.11,26.48,26.14,28.07,5666,1.53,"24-Sep-2026",109,"",""
"1211","GTL","EQ",7.03,7.19,6.95,6.99,7.02,7.03,130935,9.21,"24-Sep-2026",559,"",""
"1212","GTLINFRA","EQ",1.15,1.15,1.1,1.11,1.12,1.14,56159609,628.71,"24-Sep-2026",12374,"",""
"1213","GTPL","EQ",56.07,56.88,54.6,55.07,54.61,56.07,20897,11.58,"24-Sep-2026",414,"",""
"1214","GUFICBIO","EQ",437.45,441.95,417.6,422,424,437.45,70169,300.07,"24-Sep-2026",3206,"",""
"1215","GUJALKALI","EQ",630.1,633.9,617,620.8,618,633,31043,193.94,"24-Sep-2026",2462,"",""
"1216","GUJAPOLLO","EQ",336.2,341,326.1,327.4,326.1,336.95,7272,24.04,"24-Sep-2026",460,"",""
"1217","GUJENERGY","EQ",236.6,236.88,234,235.72,236,237.32,539851,1271.66,"24-Sep-2026",17073,"",""
"1218","GUJRAFFIA","EQ",39.6,40.99,39,39.75,39.75,40,5693,2.26,"24-Sep-2026",106,"",""
"1219","GUJTHEM","EQ",413.4,423.9,406.05,410.45,412,410.75,232115,962.36,"24-Sep-2026",7586,"",""
"1220","GULFOILLUB","EQ",1093.9,1100,1074.4,1090.8,1088,1098.7,38837,421.59,"24-Sep-2026",4380,"",""
"1221","GULFPETRO","BE",64,65.45,63.07,63.55,64,66.38,54277,34.6,"24-Sep-2026",350,"",""
"1222","GULPOLY","EQ",174.8,174.8,168.9,169.4,169,174.22,72219,123.03,"24-Sep-2026",1919,"",""
"1223","GVKPIL","BE",2.58,2.58,2.58,2.58,2.58,2.53,988960,25.52,"24-Sep-2026",291,"",""
"1224","GVPIL","EQ",685,688,653,659.4,661.9,686.3,156642,1042.53,"24-Sep-2026",6771,"",""
"1225","GVPTECH","BE",7.5,7.89,7.5,7.81,7.85,7.55,108819,8.49,"24-Sep-2026",262,"",""
"1226","GVT&D","EQ",4372.1,4405,4286.3,4286.3,4286.3,4417,337791,14702.39,"24-Sep-2026",49389,"",""
"1227","GYFTR","EQ",172.41,172.41,166.78,169.67,170,168.03,46047,77.92,"24-Sep-2026",3255,"",""
"1228","HAL","EQ",4810,4846.7,4770,4774.2,4774.2,4836,357585,17210.34,"24-Sep-2026",25827,"",""
"1229","HALDER","EQ",263.9,285,244,248.75,244.15,266.15,51353,134.52,"24-Sep-2026",2983,"",""
"1230","HALDYNGL","BE",149.7,151.5,144,144.68,144.1,147.83,68600,101.89,"24-Sep-2026",871,"",""
"1231","HALEOSLABS","EQ",1510,1530,1490,1503.4,1530,1510.7,1264,18.9,"24-Sep-2026",70,"",""
"1232","HAMPTON","EQ",8.09,8.16,7.02,7.87,7.87,8.09,17570,1.4,"24-Sep-2026",92,"",""
"1233","HAPPSTMNDS","EQ",316.65,316.65,310.5,311.6,310.5,317.7,452183,1415.99,"24-Sep-2026",14303,"",""
"1234","HAPPY","SM",76,79,74,78.85,79,75.4,60000,46.36,"24-Sep-2026",29,"",""
"1235","HAPPYFORGE","EQ",2089.3,2114.2,2045.4,2084.8,2080,2099.8,49345,1033.2,"24-Sep-2026",10670,"",""
"1236","HARDWYN","EQ",9.26,9.4,9.18,9.25,9.2,9.22,562340,52.17,"24-Sep-2026",891,"",""
"1237","HARIOMPIPE","EQ",356,357,350,350.7,351.4,357.2,74089,261.13,"24-Sep-2026",2179,"",""
"1238","HARRMALAYA","EQ",178.78,178.78,174.1,174.88,174.1,178.03,7716,13.62,"24-Sep-2026",374,"",""
"1239","HARSHA","EQ",461.95,473.6,454.4,457.55,455.6,464.5,311042,1448.54,"24-Sep-2026",12841,"",""
"1240","HATHWAY","EQ",10.1,10.1,9.92,9.96,9.97,10.1,1724774,172.34,"24-Sep-2026",2526,"",""
"1241","HATSUN","EQ",1147.1,1159.1,1131,1134.4,1138.6,1155.7,13360,152.56,"24-Sep-2026",1812,"",""
"1242","HAVELLS","EQ",1092,1102.9,1087,1090,1090,1096.5,374085,4097.88,"24-Sep-2026",23056,"",""
"1243","HAVISHA","EQ",1.34,1.39,1.33,1.36,1.39,1.38,63845,0.87,"24-Sep-2026",82,"",""
"1244","HAWKINCOOK","EQ",8098,8135,7996,8063.5,8025,7992,1556,125.1,"24-Sep-2026",453,"",""
"1245","HAZOOR","EQ",18.99,19.4,18.14,18.53,18.85,19.05,294880,55.05,"24-Sep-2026",1215,"",""
"1246","HBESD","EQ",71,71,70.5,70.51,70.51,70.65,72,0.05,"24-Sep-2026",5,"",""
"1247","HBLENGINE","EQ",758,777.85,747.5,775.3,775.1,764.35,1559409,11975.71,"24-Sep-2026",41297,"",""
"1248","HBPOR","EQ",61.5,61.5,60,61.39,61.39,62,98,0.06,"24-Sep-2026",17,"",""
"1249","HBSL","EQ",57,57,55,55.02,55.9,55.68,2513,1.39,"24-Sep-2026",76,"",""
"1250","HCC","EQ",21.93,21.93,21.5,21.62,21.68,22.17,9196586,1994.87,"24-Sep-2026",16639,"",""
"1251","HCG","EQ",714.4,714.4,698,701.05,702,712.7,28731,202.65,"24-Sep-2026",3131,"",""
"1252","HCL-INSYS","EQ",10.93,10.95,10.17,10.42,10.4,10.93,299474,31.69,"24-Sep-2026",1156,"",""
"1253","HCLTECH","EQ",1251,1263.3,1242.8,1243.6,1243.6,1256.7,822109,10283.88,"24-Sep-2026",34362,"",""
"1254","HDBFS","EQ",669,670.75,658,661,661.6,670.8,344057,2277.33,"24-Sep-2026",18792,"",""
"1255","HDFCAMC","EQ",2427.8,2432,2380.3,2380.3,2380.3,2448.3,680651,16355.53,"24-Sep-2026",37742,"",""
"1256","HDFCBANK","EQ",725,734.85,722.7,728.9,728.9,737.25,29575194,215886.98,"24-Sep-2026",281991,"",""
"1257","HDFCBSE500","EQ",36.96,36.96,36.31,36.46,36.88,36.92,1143323,416.77,"24-Sep-2026",298,"",""
"1258","HDFCGOLD","EQ",128.45,128.45,127.59,127.64,127.69,128.94,11149352,14275.4,"24-Sep-2026",11371,"",""
"1259","HDFCGROWTH","EQ",113.01,114.15,111.26,113.14,113.18,114.12,8501,9.65,"24-Sep-2026",216,"",""
"1260","HDFCLIFE","EQ",531,535.35,514,526.9,526.9,561.5,17905953,94449.99,"24-Sep-2026",172153,"",""
"1261","HDFCLIQUID","EQ",1079.21,1079.21,1079.19,1079.2,1079.19,1079.06,69142,746.19,"24-Sep-2026",67,"",""
"1262","HDFCLOWVOL","EQ",19.92,19.94,19.71,19.81,19.85,19.93,255306,50.59,"24-Sep-2026",68,"",""
"1263","HDFCMID150","EQ",23.25,23.25,22.75,22.83,22.87,23.25,712472,163.3,"24-Sep-2026",2233,"",""
"1264","HDFCMOMENT","EQ",30.87,30.87,30.56,30.62,30.67,30.87,902796,278.3,"24-Sep-2026",718,"",""
"1265","HDFCNEXT50","EQ",73.63,73.81,73,73.2,73.4,74.12,176717,129.84,"24-Sep-2026",777,"",""
"1266","HDFCNIF100","EQ",25.45,25.45,25.05,25.15,25.22,25.45,81685,20.6,"24-Sep-2026",375,"",""
"1267","HDFCNIFBAN","EQ",59.59,59.59,57.03,57.22,57.33,58.14,180088,103.11,"24-Sep-2026",639,"",""
"1268","HDFCNIFIT","EQ",30.27,30.44,30.05,30.14,30.25,30.26,70506,21.32,"24-Sep-2026",397,"",""
"1269","HDFCNIFTY","EQ",263.61,263.61,260.5,261.05,261.65,264.65,371359,973.12,"24-Sep-2026",1509,"",""
"1270","HDFCNIMEG","EQ",132.45,132.45,130.16,130.38,130.54,132.45,4647,6.09,"24-Sep-2026",97,"",""
"1271","HDFCPSUBK","EQ",84.05,84.31,83.2,83.47,83.2,84.34,21540,18.05,"24-Sep-2026",216,"",""
"1272","HDFCPVTBAN","EQ",27.88,27.88,27.31,27.43,27.49,27.95,209055,57.35,"24-Sep-2026",1023,"",""
"1273","HDFCQUAL","EQ",55.79,57.43,55.79,56.43,56.73,56.93,4239,2.39,"24-Sep-2026",98,"",""
"1274","HDFCSENSEX","EQ",87.12,87.12,83.61,83.93,84.13,85,105623,88.66,"24-Sep-2026",1030,"",""
"1275","HDFCSILVER","EQ",217.9,218.24,215.52,215.69,215.78,220.13,3155092,6843.65,"24-Sep-2026",11581,"",""
"1276","HDFCSML250","EQ",185.99,186.03,182.82,183.3,183.49,185.99,1751528,3217.25,"24-Sep-2026",15612,"",""
"1277","HDFCVALUE","EQ",121.24,121.51,119.86,120.01,121.07,122.17,22769,27.5,"24-Sep-2026",215,"",""
"1278","HDIL","BZ",1.47,1.49,1.45,1.47,1.46,1.47,58528,0.86,"24-Sep-2026",161,"",""
"1279","HEADSUP","EQ",6.77,6.88,6.61,6.85,6.88,6.77,6559,0.44,"24-Sep-2026",84,"",""
"1280","HEALTHADD","EQ",16.96,17.09,16.9,16.96,16.91,16.9,60251,10.21,"24-Sep-2026",224,"",""
"1281","HEALTHAXIS","EQ",173.6,173.6,170.5,172.51,173.6,173.88,15664,26.88,"24-Sep-2026",139,"",""
"1282","HEALTHCARE","EQ",22.53,22.53,21.75,21.99,21.99,22.09,41755,9.22,"24-Sep-2026",227,"",""
"1283","HEALTHIETF","EQ",172.89,173.5,170.33,172.12,172.29,172.89,81276,140.47,"24-Sep-2026",1542,"",""
"1284","HEALTHX","EQ",296.35,296.35,287.9,290.65,290.95,293.3,1859,5.4,"24-Sep-2026",110,"",""
"1285","HEALTHY","EQ",17.79,17.79,17.1,17.22,17.21,17.36,734744,127.7,"24-Sep-2026",1110,"",""
"1286","HECPROJECT","EQ",115.35,117.25,114.3,115.66,117.25,115.42,3768,4.35,"24-Sep-2026",110,"",""
"1287","HEGAM","EQ",239.9,243.45,231.7,235.25,236.05,237.3,1352882,3207.94,"24-Sep-2026",24522,"",""
"1288","HEIDELBERG","EQ",140.98,141.5,139,139.49,139.6,141.58,141046,197.77,"24-Sep-2026",2346,"",""
"1289","HEMIPROP","EQ",120,120.37,118.41,118.83,118.55,120.91,157275,187.7,"24-Sep-2026",2526,"",""
"1290","HERANBA","EQ",171,174.99,168.4,172.27,172.9,171.49,38960,66.82,"24-Sep-2026",1426,"",""
"1291","HERITGFOOD","EQ",425.45,425.45,412,414.1,417,424.05,191411,800.21,"24-Sep-2026",7834,"",""
"1292","HEROMOTOCO","EQ",5331.5,5368,5294,5296,5296,5394,360294,19195.07,"24-Sep-2026",33972,"",""
"1293","HEROMOTORS","EQ",103,118.08,103,118.08,118.08,98.4,147638382,168282.01,"24-Sep-2026",581966,"",""
"1294","HESTERBIO","EQ",2237.8,2237.9,2187.1,2201.2,2196,2241.8,1381,30.49,"24-Sep-2026",245,"",""
"1295","HEXAGON","BE",64.7,66.7,64.7,64.8,65,65.68,93318,60.8,"24-Sep-2026",412,"",""
"1296","HEXATRADEX","EQ",159.99,159.99,155.6,156.98,155.6,158.95,2011,3.16,"24-Sep-2026",73,"",""
"1297","HEXT","EQ",500,503.4,490.05,499.35,498.5,500,129020,640.4,"24-Sep-2026",9944,"",""
"1298","HFCL","BE",214.5,218.88,209.1,210.69,212,217.37,4152139,8831.81,"24-Sep-2026",30009,"",""
"1299","HGINFRA","EQ",448.85,513.5,445.45,468.05,459,450.7,13068436,63556,"24-Sep-2026",239020,"",""
"1300","HGM","EQ",42.7,43.97,42.2,42.74,43.29,42.64,9113,3.95,"24-Sep-2026",112,"",""
"1301","HGS","EQ",380,380.95,373,374.55,375.2,378.5,7542,28.42,"24-Sep-2026",623,"",""
"1302","HIGREEN","SM",108.1,129,108.1,127.9,127,107.75,66400,80.75,"24-Sep-2026",78,"",""
"1303","HIKAL","EQ",230.45,233.1,212.41,214.15,215.13,232.43,1623096,3554.44,"24-Sep-2026",34169,"",""
"1304","HILINFRA","EQ",43.56,43.79,43,43.17,43.28,43.56,44392,19.18,"24-Sep-2026",487,"",""
"1305","HILTON","EQ",16.57,17.09,16.57,16.99,17,16.73,111251,18.8,"24-Sep-2026",439,"",""
"1306","HIMATSEIDE","EQ",68.28,70.5,67.36,69.47,70.45,67.87,1816349,1254.06,"24-Sep-2026",15979,"",""
"1307","HINDADH","EQ",387.9,393.5,365.1,389.3,393.5,380.4,2664,10.23,"24-Sep-2026",89,"",""
"1308","HINDALCO","EQ",983.5,991.9,976.5,982,982,1003.8,4331000,42561.28,"24-Sep-2026",68623,"",""
"1309","HINDALUMI","EQ",94.44,95,92.5,93.15,93.93,93.78,807,0.76,"24-Sep-2026",64,"",""
"1310","HINDCOMPOS","EQ",394.5,394.5,378.5,381.8,380.25,389.1,673,2.58,"24-Sep-2026",169,"",""
"1311","HINDCON","EQ",24.65,25.85,24.55,25.12,25.3,25.21,36583,9.25,"24-Sep-2026",340,"",""
"1312","HINDCOPPER","EQ",504.1,507.4,493.6,495.7,495.2,513,5874882,29440.89,"24-Sep-2026",83924,"",""
"1313","HINDOILEXP","EQ",174.78,175.86,170.01,172.81,174.03,173.58,462300,796.84,"24-Sep-2026",6165,"",""
"1314","HINDPETRO","EQ",356.05,358,349.3,350.4,350.4,360,3088358,10904.15,"24-Sep-2026",31695,"",""
"1315","HINDUNILVR","EQ",1940,1953,1925.5,1933.5,1933.5,1950,1257687,24311.97,"24-Sep-2026",49784,"",""
"1316","HINDWAREAP","EQ",174,179.5,169.05,170.31,170.6,177.02,200038,344.17,"24-Sep-2026",5678,"",""
"1317","HINDZINC","EQ",585.85,594.9,581,587.15,587.15,595.45,3299611,19463.13,"24-Sep-2026",38013,"",""
"1318","HIRECT","EQ",1239,1239.9,1210.1,1219,1215.1,1239.9,25662,313.89,"24-Sep-2026",2671,"",""
"1319","HISARMETAL","EQ",155,158.8,151.5,152.75,151.5,156.13,1621,2.5,"24-Sep-2026",65,"",""
"1320","HITECH","EQ",75.01,75.79,74.4,74.84,74.6,75.86,384829,288.53,"24-Sep-2026",3094,"",""
"1321","HITECHCORP","BE",328.45,334.9,328.45,331.55,333,334,2563,8.49,"24-Sep-2026",32,"",""
"1322","HITECHGEAR","BE",584,588.95,570,588.95,588.95,560.95,6416,37.6,"24-Sep-2026",109,"",""
"1323","HLEGLAS","EQ",446.75,448.2,425,428.75,429,446.85,138846,603.99,"24-Sep-2026",6264,"",""
"1324","HLVLTD","EQ",6.69,6.69,6.45,6.5,6.51,6.59,118080,7.72,"24-Sep-2026",493,"",""
"1325","HMAAGRO","EQ",23.5,23.58,23.05,23.22,23.32,23.61,1239989,287.65,"24-Sep-2026",3058,"",""
"1326","HMT","BZ",64.25,64.25,61.53,61.72,61.72,63.73,6007,3.74,"24-Sep-2026",67,"",""
"1327","HMVL","BE",78.15,78.15,74.65,75.1,74.65,78.57,34806,26.16,"24-Sep-2026",296,"",""
"1328","HNDFDS","EQ",616,622.95,608,618.25,618,621.1,38201,236.4,"24-Sep-2026",2779,"",""
"1329","HNGSNGBEES","EQ",461.52,462,458.05,460.02,461,461.52,105194,483.85,"24-Sep-2026",3667,"",""
"1330","HOACFOODS","ST",841.8,841.8,841.8,841.8,841.8,825.3,750,6.31,"24-Sep-2026",2,"",""
"1331","HOLMARC","SM",116.6,116.6,116.6,116.6,116.6,120,750,0.87,"24-Sep-2026",1,"",""
"1332","HOMEFIRST","EQ",1207.2,1207.2,1153.3,1157.5,1158.9,1205.8,89649,1048.6,"24-Sep-2026",8793,"",""
"1333","HONASA","EQ",483.6,492,470.1,472.95,475,484.9,677532,3250.76,"24-Sep-2026",22208,"",""
"1334","HONAUT","EQ",34275,34275,33200,33625,33375,34275,2109,712.78,"24-Sep-2026",1252,"",""
"1335","HONDAPOWER","EQ",1930,1947.5,1900.2,1905.6,1901,1931.7,2468,47.23,"24-Sep-2026",573,"",""
"1336","HORIZONIND","EQ",52.32,53.54,51.52,51.81,51.56,53.28,3423391,1790.59,"24-Sep-2026",16126,"",""
"1337","HPAL","EQ",36.19,36.58,35.02,35.6,35.22,35.65,27216,9.69,"24-Sep-2026",330,"",""
"1338","HPIL","EQ",115.1,118.02,115.1,115.38,115.22,116.49,1947,2.28,"24-Sep-2026",96,"",""
"1339","HPL","EQ",283.9,283.9,271.05,274.35,274.6,280.55,141655,390.39,"24-Sep-2026",4266,"",""
"1340","HPTL","SM",490,491.7,456,456.25,456,468.3,12000,57.47,"24-Sep-2026",19,"",""
"1341","HRHNEXT","SM",22.85,23.95,22.8,23.2,23.2,24,22500,5.16,"24-Sep-2026",12,"",""
"1342","HRYNSHP","EQ",99.5,99.5,98.01,98.02,98.02,99.52,199,0.2,"24-Sep-2026",24,"",""
"1343","HSBCGOLD","EQ",131,131.56,129.37,130.3,130.27,131.04,34977,45.68,"24-Sep-2026",56,"",""
"1344","HSCL","EQ",664.45,682.5,660,674.9,677.5,667.75,1849598,12495.98,"24-Sep-2026",32132,"",""
"1345","HTEL","EQ",70.1,71.32,69,69.37,69.25,71.27,1153090,803.95,"24-Sep-2026",9987,"",""
"1346","HTMEDIA","EQ",24.8,25,24.01,24.36,24.55,24.86,76333,18.62,"24-Sep-2026",434,"",""
"1347","HUBTOWN","EQ",175.5,176.89,172.2,173.38,172.4,177.35,90456,157.72,"24-Sep-2026",1997,"",""
"1348","HUDCO","EQ",176,176.4,171.15,174.32,174.75,177.92,2632690,4570.84,"24-Sep-2026",26032,"",""
"1349","HUHTAMAKI","EQ",249.6,251.9,241.15,242.45,242,250,159453,389.76,"24-Sep-2026",4683,"",""
"1350","HVAX","SM",747.7,747.7,679.4,683.9,679.4,715.15,2100,14.84,"24-Sep-2026",12,"",""
"1351","HYBRIDETF","EQ",10.02,10.02,9.94,9.94,9.95,10.02,23475,2.34,"24-Sep-2026",86,"",""
"1352","HYBRIDFIN","BE",16.79,17.17,16.4,17.07,17.07,16.79,4777,0.8,"24-Sep-2026",22,"",""
"1353","HYUNDAI","EQ",2077.2,2109.5,2060,2060.6,2060.6,2095,388850,8106.06,"24-Sep-2026",27686,"",""
"1354","IBLFL","SM",61,62,61,62,62,61,4000,2.46,"24-Sep-2026",2,"",""
"1355","IBULLSLTD","EQ",29,29.05,28.12,28.41,28.9,29.12,17487540,4984.13,"24-Sep-2026",17198,"",""
"1356","ICDSLTD","BE",61.4,61.4,58.75,59.01,58.8,59.58,1057,0.63,"24-Sep-2026",29,"",""
"1357","ICELCO","SM",131.1,134.55,128.65,129.35,128.7,134.75,21600,28.32,"24-Sep-2026",18,"",""
"1358","ICEMAKE","EQ",695.2,704.65,674,677.2,675.2,699.45,45798,314.61,"24-Sep-2026",4127,"",""
"1359","ICICIAMC","EQ",3145,3189.5,3132.4,3169.2,3165.5,3179,160187,5070.68,"24-Sep-2026",18302,"",""
"1360","ICICIB22","EQ",111.1,113.55,111.1,112.03,112.14,113.36,272514,305.28,"24-Sep-2026",3002,"",""
"1361","ICICIBANK","EQ",1333.1,1347.8,1330.1,1334.5,1334.5,1340,8653920,115583.91,"24-Sep-2026",156949,"",""
"1362","ICICIGI","EQ",1471.9,1583.9,1465.6,1577,1577,1500.6,2743847,42834.25,"24-Sep-2026",101880,"",""
"1363","ICICIPRULI","EQ",452,472.85,445.35,464.5,464.5,484.5,7763087,35797.26,"24-Sep-2026",164302,"",""
"1364","ICIL","EQ",474.5,474.5,446.5,450.95,453.8,476.55,486239,2228.35,"24-Sep-2026",18721,"",""
"1365","ICRA","EQ",4529,4568.7,4421,4442.7,4421,4533.3,42485,1907.57,"24-Sep-2026",5257,"",""
"1366","IDBI","EQ",83,83.25,81.35,82.6,82.66,83.39,9378785,7713.43,"24-Sep-2026",27683,"",""
"1367","IDEA","EQ",14.42,14.5,14.04,14.12,14.12,14.52,364050771,51884.39,"24-Sep-2026",507473,"",""
"1368","IDEAFORGE","EQ",713,732.05,704,726.35,727,720.45,304604,2188.99,"24-Sep-2026",17331,"",""
"1369","IDEALTECHO","SM",85.05,92,85.05,92,92,95,2000,1.77,"24-Sep-2026",2,"",""
"1370","IDENTICAL","SM",17.15,17.15,17.15,17.15,17.15,17.5,2000,0.34,"24-Sep-2026",1,"",""
"1371","IDFCFIRSTB","EQ",84.5,85.49,83.3,83.76,83.76,87.9,40583451,34248.59,"24-Sep-2026",114158,"",""
"1372","IDFNIFTYET","EQ",257.7,262.9,255.05,262.64,262,259.52,934,2.4,"24-Sep-2026",56,"",""
"1373","IEML","ST",48.65,48.65,48.25,48.65,48.65,46.35,97500,47.4,"24-Sep-2026",99,"",""
"1374","IEX","EQ",112.32,112.5,111.04,111.2,111.2,113.16,2660046,2972.19,"24-Sep-2026",24504,"",""
"1375","IFBAGRO","EQ",874.95,874.95,852.6,857.7,867,864.8,1923,16.58,"24-Sep-2026",201,"",""
"1376","IFBIND","EQ",1251,1251,1215,1222.3,1228,1258.7,26050,320.59,"24-Sep-2026",3530,"",""
"1377","IFCI","EQ",78.39,78.86,74.67,75.19,75.25,79.49,70782804,53949.55,"24-Sep-2026",150634,"",""
"1378","IFGLEXPOR","EQ",197.74,199.55,192,194.27,195,197.16,15647,30.52,"24-Sep-2026",656,"",""
"1379","IGARASHI","EQ",431,431,415.1,418.35,421,431.8,42460,178.89,"24-Sep-2026",1763,"",""
"1380","IGCL","EQ",63,63.27,61.52,62.1,62.74,63.55,68708,42.9,"24-Sep-2026",750,"",""
"1381","IGIL","EQ",327,332.45,324.1,325.25,324.8,331.65,375940,1229.65,"24-Sep-2026",13109,"",""
"1382","IGL","EQ",146.5,146.62,145.1,145.74,145.73,147.09,1180776,1722.3,"24-Sep-2026",23340,"",""
"1383","IGPL","EQ",590,604.7,577.5,586.4,583.05,588.95,186698,1108.67,"24-Sep-2026",6872,"",""
"1384","IIFL","EQ",624.2,631.45,615.3,617.55,618.7,633.3,929076,5794.23,"24-Sep-2026",26102,"",""
"1385","IIFLCAPS","EQ",352.4,356,347.1,347.7,348.5,353.05,660308,2309.98,"24-Sep-2026",11996,"",""
"1386","IITL","EQ",138.5,145.94,136.99,143.27,140.31,140.39,121783,170.5,"24-Sep-2026",2036,"",""
"1387","IKIO","EQ",207.89,208,202.75,205.03,205,207.89,115942,237.42,"24-Sep-2026",3192,"",""
"1388","IKS","EQ",1920,1940,1849,1868.3,1853.1,1937.8,366105,6961.41,"24-Sep-2026",30541,"",""
"1389","IL&FSENGG","BZ",42,42.4,41.5,41.52,42,42,6502,2.72,"24-Sep-2026",32,"",""
"1390","IL&FSTRANS","BZ",1.88,1.89,1.84,1.87,1.88,1.83,24875,0.46,"24-Sep-2026",58,"",""
"1391","IMAGICAA","EQ",52.84,52.84,50.7,51.48,51.8,52.84,595864,307.07,"24-Sep-2026",2648,"",""
"1392","IMFA","EQ",1260,1267.5,1229.6,1241,1243.8,1266.1,64545,806.2,"24-Sep-2026",8010,"",""
"1393","IMPAL","EQ",1063,1086,1041,1056,1063.9,1059.5,2370,25.05,"24-Sep-2026",349,"",""
"1394","IMPEXFERRO","BZ",6.02,6.02,6.02,6.02,6.02,5.91,279672,16.84,"24-Sep-2026",271,"",""
"1395","INA","EQ",91.4,93.8,90.16,92.33,92.05,91.47,422040,389.3,"24-Sep-2026",3489,"",""
"1396","INCREDIBLE","EQ",32.11,32.91,30.53,32.38,32.28,32.08,3055,0.98,"24-Sep-2026",54,"",""
"1397","INDBANK","EQ",26.15,27.2,25.86,26.23,26.35,26.14,55645,14.62,"24-Sep-2026",750,"",""
"1398","INDGN","EQ",597.4,609.9,591.2,594.1,592.95,598.4,434449,2616.03,"24-Sep-2026",21649,"",""
"1399","INDHOTEL","EQ",739,740.1,727.4,728.8,728.8,743.7,1140542,8373.01,"24-Sep-2026",27006,"",""
"1400","INDIACEM","EQ",337.2,339.7,329,330.1,329.9,340.05,144709,482.03,"24-Sep-2026",11098,"",""
"1401","INDIAGLYCO","EQ",256.9,309.2,255.4,306,309.2,257.7,4841031,14453,"24-Sep-2026",81593,"",""
"1402","INDIAMART","EQ",1657.5,1657.5,1619,1635.9,1638.9,1652.4,92462,1510.4,"24-Sep-2026",9909,"",""
"1403","INDIANB","EQ",836.25,840.2,824.1,830,830,842,693067,5751.06,"24-Sep-2026",24388,"",""
"1404","INDIANCARD","EQ",210,213.94,206.21,209.21,213.9,208.64,212,0.44,"24-Sep-2026",38,"",""
"1405","INDIANHUME","EQ",366.25,372.5,359,361.5,360.45,366.25,218801,797.83,"24-Sep-2026",2675,"",""
"1406","INDIASHLTR","EQ",661.4,662,642.7,653.05,650,667.15,98186,639.69,"24-Sep-2026",6519,"",""
"1407","INDIGO","EQ",4975,4975,4874.5,4890,4890,5028.5,570454,28081.43,"24-Sep-2026",63168,"",""
"1408","INDIGOPNTS","EQ",1128,1145,1109,1117.8,1115,1140,40553,458.26,"24-Sep-2026",5937,"",""
"1409","INDIGRID","IV",173.8,173.8,171.3,171.98,171.5,173.47,1014345,1748.74,"24-Sep-2026",9836,"",""
"1410","INDIQUBE","EQ",192.06,201,183.01,194.06,193.34,192.46,55539,107.45,"24-Sep-2026",1962,"",""
"1411","INDNIPPON","EQ",1250,1329,1250,1315.9,1317,1260.7,98115,1267.52,"24-Sep-2026",9528,"",""
"1412","INDOAMIN","BE",137,137,132.55,134.48,135,137.07,40745,55.01,"24-Sep-2026",336,"",""
"1413","INDOBORAX","EQ",457,466.5,447.5,452.45,453,462.55,53425,243.81,"24-Sep-2026",3258,"",""
"1414","INDOCO","EQ",250.99,256.79,247,250.29,249,251.16,119939,301.73,"24-Sep-2026",3980,"",""
"1415","INDOFARM","EQ",142.6,142.6,137.42,139.17,139.99,144.03,94234,131.98,"24-Sep-2026",1950,"",""
"1416","INDOKEM","EQ",619.85,634.8,565.25,614,630,614.9,13353,79.22,"24-Sep-2026",841,"",""
"1417","INDOMIM","EQ",1245,1314.45,1233.85,1311.15,1314.45,1251.9,1984666,25647.98,"24-Sep-2026",87868,"",""
"1418","INDORAMA","EQ",99.19,107.44,98,101.72,102.17,100,2652171,2755.39,"24-Sep-2026",30172,"",""
"1419","INDOSTAR","EQ",227.09,227.19,216.72,217.95,218.88,227.26,101952,225.76,"24-Sep-2026",2478,"",""
"1420","INDOTECH","EQ",3200,3316.6,3180,3190.1,3185,3286.8,12871,416.45,"24-Sep-2026",2871,"",""
"1421","INDOTHAI","EQ",30.8,32.3,30.11,32.29,32.3,30.77,2149890,685.14,"24-Sep-2026",5590,"",""
"1422","INDOUS","EQ",81.68,81.68,77.57,78.06,78.01,78.1,2897,2.27,"24-Sep-2026",153,"",""
"1423","INDOWIND","EQ",8.94,9.07,8.8,8.82,8.84,8.94,87052,7.74,"24-Sep-2026",343,"",""
"1424","INDPRUD","EQ",6348,6348,6180,6200,6200,6225,62,3.84,"24-Sep-2026",10,"",""
"1425","INDRAMEDCO","EQ",374.9,378.8,368.05,370.5,369.85,374.6,318831,1189.94,"24-Sep-2026",9610,"",""
"1426","INDSWFTLAB","EQ",403,419.8,393.6,401.25,397.3,405.05,641089,2610.29,"24-Sep-2026",15307,"",""
"1427","INDTERRAIN","EQ",29.1,30.74,28.6,29.89,29.86,29.37,21209,6.36,"24-Sep-2026",249,"",""
"1428","INDUSINDBK","EQ",918,928.9,909.3,919.5,919.5,959.3,5861520,53886.83,"24-Sep-2026",105228,"",""
"1429","INDUSINVIT","IV",133.65,133.69,131.61,131.95,131.94,133.69,149019,197.46,"24-Sep-2026",6554,"",""
"1430","INDUSTOWER","EQ",382,384.85,376.55,379.85,379.85,384.8,3016883,11471.74,"24-Sep-2026",37135,"",""
"1431","INFINIUM","SM",274.5,274.5,255,256.6,257.25,266.9,2500,6.51,"24-Sep-2026",5,"",""
"1432","INFLUX","SM",280,285,280,280.5,280,283,18600,52.22,"24-Sep-2026",23,"",""
"1433","INFOBEAN","EQ",151,151.9,150,150.24,150.55,151.81,83242,125.26,"24-Sep-2026",1323,"",""
"1434","INFOLLION","SM",152.35,155.05,148.5,154.85,154.85,152.15,10800,16.35,"24-Sep-2026",25,"",""
"1435","INFOMEDIA","EQ",5.47,5.48,5.14,5.44,5.44,5.48,24243,1.32,"24-Sep-2026",76,"",""
"1436","INFRA","EQ",11.87,11.87,11.7,11.71,11.71,11.87,23762,2.8,"24-Sep-2026",275,"",""
"1437","INFRABEES","EQ",937.79,938.81,924,926.98,931.27,937.79,12622,117.23,"24-Sep-2026",608,"",""
"1438","INFRAIETF","EQ",92.33,93.12,91.77,92.08,91.78,93.36,102501,94.72,"24-Sep-2026",3555,"",""
"1439","INFY","EQ",1015,1022.8,1005.2,1014.5,1014.5,1020.5,6891893,69789.52,"24-Sep-2026",168191,"",""
"1440","INGERRAND","EQ",4227.1,4248.8,4199.7,4234.4,4238,4228.4,13267,560.79,"24-Sep-2026",3005,"",""
"1441","INM","SM",143,143,143,143,143,143,600,0.86,"24-Sep-2026",1,"",""
"1442","INNOMET","ST",280.85,280.85,280.85,280.85,280.85,286.55,18000,50.55,"24-Sep-2026",12,"",""
"1443","INNOVACAP","EQ",1297.6,1322.9,1272.2,1295.3,1296,1297.6,100699,1312.65,"24-Sep-2026",13814,"",""
"1444","INNOVANA","EQ",301,301,295.1,298.85,300,299.1,63451,189.09,"24-Sep-2026",1036,"",""
"1445","INNOVISION","EQ",254.4,257.9,254,254.2,254,257.05,7569,19.32,"24-Sep-2026",386,"",""
"1446","INOXGREEN","EQ",172,175.39,172,174.64,173.48,174.81,883157,1538.08,"24-Sep-2026",6704,"",""
"1447","INOXINDIA","EQ",2160,2165.9,2055,2064.8,2072,2168.9,166493,3498.14,"24-Sep-2026",21533,"",""
"1448","INOXWIND","EQ",74.36,75.06,72.81,73.09,73.09,75.02,9666599,7141.03,"24-Sep-2026",33560,"",""
"1449","INSECTICID","EQ",604.7,608,592.45,603.65,604,608.9,17869,107.62,"24-Sep-2026",1093,"",""
"1450","INSPIRISYS","EQ",92,92,88,89,90,91.69,4198,3.75,"24-Sep-2026",116,"",""
"1451","INSUREIETF","EQ",14.58,14.94,14.57,14.89,14.94,15.21,1142256,169.17,"24-Sep-2026",683,"",""
"1452","INTEGRITY","SM",170,170,170,170,170,170.7,27600,46.92,"24-Sep-2026",1,"",""
"1453","INTELLECT","EQ",664,664,635,638.7,637.5,668.05,266408,1720.35,"24-Sep-2026",15718,"",""
"1454","INTENTECH","EQ",83.69,85.4,80.8,82.86,82.75,83.69,21951,18.12,"24-Sep-2026",275,"",""
"1455","INTERARCH","EQ",1696,1696,1668.9,1678.6,1685,1693.1,36634,616.31,"24-Sep-2026",4190,"",""
"1456","INTERNET","EQ",15.25,15.25,13.93,14.14,14.09,15.03,1864942,265.39,"24-Sep-2026",1425,"",""
"1457","INTLCONV","EQ",81.26,84,80,80.04,80.13,80.99,97825,79.96,"24-Sep-2026",1182,"",""
"1458","INVENTURE","EQ",0.91,0.91,0.87,0.87,0.89,0.9,1164211,10.3,"24-Sep-2026",409,"",""
"1459","INVICTA","SM",70,70,70,70,70,69,1600,1.12,"24-Sep-2026",1,"",""
"1460","INVPRECQ","BE",1451.6,1451.6,1451.6,1451.6,1451.6,1423.2,8247,119.71,"24-Sep-2026",64,"",""
"1461","IOB","EQ",32.09,32.13,31.81,31.92,31.91,32.13,1870230,597.14,"24-Sep-2026",10044,"",""
"1462","IOC","EQ",136.5,137.5,135.51,136.27,136.27,138.15,7245913,9891,"24-Sep-2026",45982,"",""
"1463","IOLCP","EQ",205,212.99,201.32,203.22,201.9,206.6,3583698,7421.57,"24-Sep-2026",39375,"",""
"1464","IONEXCHANG","EQ",427.1,427.45,417.25,420.55,422.3,430.1,141310,596.2,"24-Sep-2026",10311,"",""
"1465","IPCALAB","EQ",1968.9,2006.9,1962.6,1997.1,1995,1962.6,272964,5449.9,"24-Sep-2026",35765,"",""
"1466","IPHL","SM",72.4,72.4,72.35,72.35,72.35,71.4,2400,1.74,"24-Sep-2026",2,"",""
"1467","IPL","EQ",133.52,133.74,131.6,132.09,132.5,133.52,124508,165.07,"24-Sep-2026",1715,"",""
"1468","IPRINGLTD","EQ",133.01,149,133,144.31,141.01,136.89,7350,10.43,"24-Sep-2026",213,"",""
"1469","IRB","EQ",17.8,17.95,17.74,17.88,17.88,18.03,9762664,1743.17,"24-Sep-2026",19854,"",""
"1470","IRBINVIT","IV",64.4,65.25,64.2,65.04,64.75,64.43,585063,379.11,"24-Sep-2026",3632,"",""
"1471","IRCON","EQ",109,109,106.06,106.6,106.5,110.13,2596498,2777.58,"24-Sep-2026",32007,"",""
"1472","IRCTC","EQ",463.8,464.55,460.05,461.2,461.5,463.8,467961,2159.73,"24-Sep-2026",17897,"",""
"1473","IREDA","EQ",110,110.6,109.06,110.11,110.11,111,2509085,2760.16,"24-Sep-2026",21238,"",""
"1474","IRFC","EQ",80.5,80.5,79.41,79.86,79.86,81,5332621,4257.93,"24-Sep-2026",34982,"",""
"1475","IRIS","EQ",235.21,238.5,230.01,231.58,231.01,234.87,16400,38.2,"24-Sep-2026",613,"",""
"1476","IRISDOREME","EQ",66.2,67.5,65.1,65.85,65.72,66.26,194217,128.07,"24-Sep-2026",2559,"",""
"1477","IRMENERGY","EQ",266.65,271.4,262,267.6,269.4,272.9,42249,113.07,"24-Sep-2026",1800,"",""
"1478","ISFT","EQ",105.32,106.7,98,102.14,102,107.63,195972,202.2,"24-Sep-2026",2351,"",""
"1479","ISGEC","EQ",856.1,879.85,826.95,850.1,848,867.85,129248,1092.06,"24-Sep-2026",8689,"",""
"1480","ISHAN","SM",0.5,0.5,0.5,0.5,0.5,0.5,48000,0.24,"24-Sep-2026",1,"",""
"1481","ISHANCH","EQ",49.87,50.9,48.8,49.9,50.8,49.87,6350,3.15,"24-Sep-2026",163,"",""
"1482","ISTLTD","EQ",656,668,650,657.95,658,655,242,1.6,"24-Sep-2026",23,"",""
"1483","IT","EQ",30.64,31.61,30.64,31.42,31.44,31.43,322846,101.41,"24-Sep-2026",953,"",""
"1484","ITADD","EQ",30.32,30.32,29.85,29.95,30.02,30.17,36337,10.9,"24-Sep-2026",99,"",""
"1485","ITAXIS","EQ",316.48,316.48,308,308.61,308,313.65,2557,7.96,"24-Sep-2026",97,"",""
"1486","ITBEES","EQ",32.25,32.25,31.2,31.32,31.35,31.47,6899204,2169.52,"24-Sep-2026",15482,"",""
"1487","ITBETA","EQ",299.52,303.8,296,300.34,303.8,299,609,1.81,"24-Sep-2026",35,"",""
"1488","ITC","EQ",268.7,270.3,266.7,268,268,270.15,7398276,19851.43,"24-Sep-2026",90922,"",""
"1489","ITCHOTELS","EQ",160,165.4,158.84,164.01,163.52,161.23,3509055,5745.55,"24-Sep-2026",50048,"",""
"1490","ITDC","EQ",697.5,697.5,681,685.75,686.75,702.65,82927,570.42,"24-Sep-2026",5703,"",""
"1491","ITETF","EQ",30.6,30.6,29.81,29.87,29.97,30,364066,108.99,"24-Sep-2026",848,"",""
"1492","ITI","EQ",256.55,256.55,250.4,251.05,251.55,257.2,148833,375.24,"24-Sep-2026",4528,"",""
"1493","ITIETF","EQ",32.26,32.26,30.85,31.37,31.6,31.48,500721,157.67,"24-Sep-2026",1383,"",""
"1494","ITL","EQ",369,369,356.1,361,362.3,364.75,896,3.24,"24-Sep-2026",129,"",""
"1495","IVALUE","EQ",230.29,242.5,230.29,234.43,233,233.07,310427,737.08,"24-Sep-2026",6680,"",""
"1496","IVC","EQ",7.87,7.87,7.64,7.7,7.7,7.83,209287,16.26,"24-Sep-2026",1046,"",""
"1497","IVP","BE",227.96,230,222,228.57,229.9,227.96,12881,29.2,"24-Sep-2026",155,"",""
"1498","IVZBANKNF","EQ",55.71,55.8,55.35,55.43,55.4,56.53,4530,2.52,"24-Sep-2026",41,"",""
"1499","IVZINGOLD","EQ",131,131,129.5,130.05,130.4,131.25,37867,49.3,"24-Sep-2026",415,"",""
"1500","IVZINNIFTY","EQ",276.2,276.2,262.73,265.8,265.8,269.47,1986,5.3,"24-Sep-2026",38,"",""
"1501","IVZSENSEX","EQ",76.51,76.51,73.83,73.96,73.97,75.11,586,0.43,"24-Sep-2026",37,"",""
"1502","IWARE","ST",399.7,400,385,391.95,387,400.25,16800,65.56,"24-Sep-2026",26,"",""
"1503","IWP","EQ",35.51,36,34.2,34.29,34.2,35.34,4088,1.41,"24-Sep-2026",53,"",""
"1504","IXIGO","EQ",163.9,163.91,158.8,159.31,159.3,163.9,576315,923.56,"24-Sep-2026",7814,"",""
"1505","IZMO","EQ",930.1,930.1,902,904.45,906,931.15,54182,493.93,"24-Sep-2026",3587,"",""
"1506","J&KBANK","EQ",148.7,149,146.7,147.07,147.39,149.25,897539,1326.59,"24-Sep-2026",15385,"",""
"1507","JAGRAN","EQ",63,63.4,62.5,62.89,63.2,63.41,133071,83.74,"24-Sep-2026",1679,"",""
"1508","JAGSNPHARM","EQ",227.9,249.84,226.76,243.97,247,225.63,9252736,22338.57,"24-Sep-2026",101843,"",""
"1509","JAIBALAJI","EQ",65.2,67.9,65.2,65.5,65.4,66.78,538884,357.88,"24-Sep-2026",3886,"",""
"1510","JAICORPLTD","EQ",96.1,96.1,93.63,94.46,95.3,96.73,322845,306.39,"24-Sep-2026",4870,"",""
"1511","JAINAM","SM",200,200,200,200,200,197,500,1,"24-Sep-2026",1,"",""
"1512","JAINIK","ST",201.8,202.85,198.05,201.3,202.85,193.2,32400,65.47,"24-Sep-2026",24,"",""
"1513","JAINREC","EQ",300,300,290.1,291.35,291.3,302.95,1114138,3272.25,"24-Sep-2026",20087,"",""
"1514","JAIPURKURT","EQ",24.95,25.3,24.31,25.26,25.3,24.95,7243,1.82,"24-Sep-2026",58,"",""
"1515","JALAN","ST",1.7,1.7,1.7,1.7,1.7,1.65,3000,0.05,"24-Sep-2026",1,"",""
"1516","JAMNAAUTO","EQ",129,140.08,128.32,138.39,138.01,129.55,14203329,19523.48,"24-Sep-2026",115344,"",""
"1517","JARO","EQ",462.5,462.95,455.1,457.7,456.5,462.5,71823,330.51,"24-Sep-2026",1829,"",""
"1518","JASH","EQ",592,592,572.15,577.15,577,588.95,232284,1352.38,"24-Sep-2026",10717,"",""
"1519","JAYAGROGN","EQ",235.4,236,228.1,230.91,230.95,237.12,35664,82.36,"24-Sep-2026",993,"",""
"1520","JAYBARMARU","EQ",119,121.9,117.69,121.9,121.9,116.1,262106,315.93,"24-Sep-2026",1142,"",""
"1521","JAYBEE","SM",96.4,103.8,92.5,98.05,95.2,95.05,143500,141.16,"24-Sep-2026",231,"",""
"1522","JAYKAY","EQ",210,213.8,200.78,202.53,202.5,212.76,1010193,2087.3,"24-Sep-2026",16571,"",""
"1523","JAYNECOIND","EQ",91.77,91.77,89.1,89.53,89.32,91.36,1528484,1376.54,"24-Sep-2026",12568,"",""
"1524","JAYSREETEA","EQ",89.2,90.01,86,87.92,88.15,89.55,52622,46.02,"24-Sep-2026",824,"",""
"1525","JBMA","EQ",599.7,599.7,590.4,593.05,593,601.8,133875,795.48,"24-Sep-2026",6481,"",""
"1526","JENBURPH","EQ",950.2,959.9,946.4,954,956,952,1281,12.22,"24-Sep-2026",101,"",""
"1527","JETFREIGHT","EQ",21.28,21.94,21.1,21.21,21.25,21.67,125891,27,"24-Sep-2026",1704,"",""
"1528","JEYYAM","SM",21,21,20.6,21,21,21.05,58000,12.07,"24-Sep-2026",27,"",""
"1529","JFLLIFE","SM",9.9,9.9,9.9,9.9,9.9,9.95,6000,0.59,"24-Sep-2026",1,"",""
"1530","JGCHEM","EQ",622.75,644.85,595.95,601.75,605,621.55,504302,3128.12,"24-Sep-2026",23237,"",""
"1531","JHS","EQ",8.4,8.79,8.02,8.18,8.4,8.47,100866,8.35,"24-Sep-2026",344,"",""
"1532","JINDALPHOT","EQ",1084.8,1085,1060,1063.2,1060.1,1084.8,1196,12.76,"24-Sep-2026",218,"",""
"1533","JINDALPOLY","EQ",705,713.95,695,699.8,695.15,715.2,12636,88.86,"24-Sep-2026",954,"",""
"1534","JINDALSAW","EQ",290.95,294.55,281.95,283.1,283.7,292.6,860596,2468.46,"24-Sep-2026",26766,"",""
"1535","JINDALSTEL","EQ",1157.3,1174.7,1152.3,1157.8,1157.8,1175.3,598786,6949.56,"24-Sep-2026",18860,"",""
"1536","JINDRILL","EQ",606.7,606.7,588.6,591.95,589,606.8,134469,799.32,"24-Sep-2026",5298,"",""
"1537","JINDWORLD","EQ",51.78,51.78,48.41,49.17,49.06,52.2,5928392,2933.21,"24-Sep-2026",19139,"",""
"1538","JIOFIN","EQ",229.83,230.6,226.7,227.2,227.2,232.15,11460271,26193.13,"24-Sep-2026",90064,"",""
"1539","JISLDVREQS","EQ",21,21,20.02,20.14,20.32,20.36,22456,4.53,"24-Sep-2026",226,"",""
"1540","JISLJALEQS","EQ",28.79,28.79,28.41,28.58,28.56,28.9,1294531,370.03,"24-Sep-2026",4385,"",""
"1541","JITFINFRA","EQ",284,284.95,275.1,278.3,276.1,280.45,20767,58.14,"24-Sep-2026",673,"",""
"1542","JIWANRAM","SM",4.2,4.2,4,4,4,4.4,12000,0.49,"24-Sep-2026",2,"",""
"1543","JKCEMENT","EQ",5025,5229,4981,5184.5,5190,5085,42384,2177.03,"24-Sep-2026",12383,"",""
"1544","JKIL","EQ",479.35,481.9,473,478.1,481.9,479.6,37906,180.21,"24-Sep-2026",1482,"",""
"1545","JKIPL","EQ",102,102,96.15,98.15,98.15,100.25,4895,4.83,"24-Sep-2026",160,"",""
"1546","JKLAKSHMI","EQ",512.8,513.95,507,509.45,509,511.2,66329,338.51,"24-Sep-2026",4457,"",""
"1547","JKPAPER","EQ",414.7,414.85,408.1,411.15,410.45,415.25,222048,912.46,"24-Sep-2026",7794,"",""
"1548","JKTYRE","EQ",350,353.35,346,347.2,346.9,355.35,408047,1424.03,"24-Sep-2026",14926,"",""
"1549","JLHL","EQ",274,275,266.1,267.8,266.2,274.05,197581,532.12,"24-Sep-2026",8444,"",""
"1550","JMA","EQ",90.4,90.4,86.5,87.92,87.5,89.89,15096,13.33,"24-Sep-2026",391,"",""
"1551","JMFINANCIL","EQ",127.65,127.65,125.34,127.03,127.25,127.51,3399939,4298.31,"24-Sep-2026",23391,"",""
"1552","JNKINDIA","EQ",418.4,435,413.5,422.45,425,418.4,255676,1091.12,"24-Sep-2026",11215,"",""
"1553","JNPR","EQ",265.75,265.75,254.3,257.7,257.4,267.3,807227,2083.11,"24-Sep-2026",50374,"",""
"1554","JOCIL","EQ",148.72,149,144.01,146.75,146.75,148.71,1650,2.43,"24-Sep-2026",50,"",""
"1555","JPOLYINVST","EQ",971,978.95,955,964.8,968.1,978.95,2769,26.79,"24-Sep-2026",364,"",""
"1556","JPPOWER","EQ",15.97,15.99,15.78,15.84,15.86,16.04,33648899,5338.77,"24-Sep-2026",1038399,"",""
"1557","JSFB","EQ",543,544.25,519.65,522.7,528,546.6,631956,3341.69,"24-Sep-2026",17700,"",""
"1558","JSIPL","BE",132.3,132.3,132.3,132.3,132.3,126,158039,209.09,"24-Sep-2026",1503,"",""
"1559","JSL","EQ",752,763.85,737,738.95,738.3,758.55,741423,5551.45,"24-Sep-2026",37688,"",""
"1560","JSLL","EQ",522,529.55,510,511.15,511,524.3,212822,1100.75,"24-Sep-2026",11769,"",""
"1561","JSWCEMENT","EQ",118,118,115.25,115.71,115.57,118.18,1180047,1372.79,"24-Sep-2026",35455,"",""
"1562","JSWDULUX","EQ",3164.6,3165.8,3106,3132.3,3130,3160.9,27787,868.95,"24-Sep-2026",6067,"",""
"1563","JSWENERGY","EQ",520,520,508.1,510,510,521,1303485,6672.12,"24-Sep-2026",30426,"",""
"1564","JSWHL","EQ",11300,11300,11051,11116,11060,11333,1304,145.47,"24-Sep-2026",625,"",""
"1565","JSWINFRA","EQ",361.95,369.95,358,360.7,358,363.6,4464796,16255.89,"24-Sep-2026",73218,"",""
"1566","JSWSTEEL","EQ",1289,1298.4,1272.2,1273.2,1273.2,1297.8,836579,10718.47,"24-Sep-2026",53182,"",""
"1567","JTEKTINDIA","EQ",119.89,119.89,117.65,118.28,118.48,119.99,72743,86.24,"24-Sep-2026",1268,"",""
"1568","JTLIND","EQ",90.35,92.2,89.24,90.1,90.46,91.31,1853584,1680.5,"24-Sep-2026",15014,"",""
"1569","JUBLCPL","EQ",2225,2245,2130.2,2160.3,2140,2202.4,6373,138.2,"24-Sep-2026",969,"",""
"1570","JUBLFOOD","EQ",484.65,484.75,476.05,478.9,478.9,483.3,339592,1633.4,"24-Sep-2026",13547,"",""
"1571","JUBLINGREA","EQ",640.95,649,631.8,635.35,634,640.95,284101,1821.51,"24-Sep-2026",18135,"",""
"1572","JUBLPHARMA","EQ",1059,1066.25,1038.1,1063.85,1060,1058,114741,1211.39,"24-Sep-2026",8994,"",""
"1573","JUNIORBEES","EQ",780.62,781.54,772.08,773.76,773.1,784.54,322504,2505.73,"24-Sep-2026",10800,"",""
"1574","JUNIPER","EQ",221,221.99,217.51,218.41,218.5,221.77,69636,152.61,"24-Sep-2026",1613,"",""
"1575","JUSTDIAL","EQ",693.55,697.55,666,672.35,672,693.55,80570,546.73,"24-Sep-2026",4077,"",""
"1576","JWL","EQ",230,230.59,226.81,228.07,228.37,233.16,616463,1406.39,"24-Sep-2026",15109,"",""
"1577","JYOTHYLAB","EQ",194.3,194.44,191.8,192.86,192.9,194.11,207081,399.92,"24-Sep-2026",8432,"",""
"1578","JYOTICNC","EQ",1098,1100,1067,1072.55,1067.55,1100.8,504405,5469.74,"24-Sep-2026",22343,"",""
"1579","JYOTIGLOBL","SM",43.7,45.65,42.15,42.7,42.15,43.5,62000,26.99,"24-Sep-2026",30,"",""
"1580","JYOTIRES","EQ",852.3,861.95,830.05,833,830.5,848.45,5158,43.22,"24-Sep-2026",571,"",""
"1581","JYOTISTRUC","EQ",9.28,9.28,9.03,9.08,9.11,9.33,2781040,253.87,"24-Sep-2026",3078,"",""
"1582","K2INFRA","SM",43,43,41.1,41.75,41.45,42.7,10200,4.31,"24-Sep-2026",17,"",""
"1583","KABRAEXTRU","EQ",739.8,806.1,737,806.1,806.1,732.85,520858,4145.21,"24-Sep-2026",9920,"",""
"1584","KAJARIACER","EQ",1214,1239.1,1204,1221.8,1221.4,1216.4,282539,3451.75,"24-Sep-2026",30078,"",""
"1585","KAKATCEM","EQ",107.99,109.59,105.9,105.99,105.9,107.97,656,0.7,"24-Sep-2026",24,"",""
"1586","KALAMANDIR","EQ",78.79,79.8,78.01,78.47,78.25,79.99,255927,202.01,"24-Sep-2026",3354,"",""
"1587","KALPATARU","EQ",278,289.45,270.6,277.8,281.55,272.55,282261,791.19,"24-Sep-2026",5033,"",""
"1588","KALYANIFRG","BE",950,968.9,921.55,936.95,939,957.6,1042,9.88,"24-Sep-2026",95,"",""
"1589","KALYANKJIL","EQ",583.1,588.6,570.35,573.6,573.6,584.25,3630749,21024.55,"24-Sep-2026",44349,"",""
"1590","KAMAHOLD","EQ",2230.1,2348.7,2172.3,2199.6,2206,2239.2,20376,456.76,"24-Sep-2026",3851,"",""
"1591","KAMANWALA","EQ",16.02,17.4,16.02,16.99,17,16.5,2709,0.45,"24-Sep-2026",30,"",""
"1592","KAMATHOTEL","EQ",238.6,240.3,231.25,235.69,235.99,240.35,38921,91.83,"24-Sep-2026",1659,"",""
"1593","KAMDHENU","EQ",41.3,41.3,39,40.34,40.5,40.77,748522,301.19,"24-Sep-2026",3803,"",""
"1594","KAMOPAINTS","EQ",4.24,4.34,4.17,4.21,4.21,4.27,268131,11.31,"24-Sep-2026",687,"",""
"1595","KANANIIND","EQ",1.42,1.44,1.4,1.41,1.4,1.42,108081,1.54,"24-Sep-2026",129,"",""
"1596","KANCHI","EQ",382.7,395.05,382.5,393.85,395.05,390.3,1215,4.72,"24-Sep-2026",46,"",""
"1597","KANCOTEA","EQ",52.5,54.9,52.5,52.66,54.59,54.72,104,0.05,"24-Sep-2026",24,"",""
"1598","KANDARP","SM",77.95,78.1,71,76.95,78.1,74.4,46000,34.95,"24-Sep-2026",39,"",""
"1599","KANOHAR","EQ",873.9,908.4,852.45,863.3,863,907,2625443,23111.73,"24-Sep-2026",80889,"",""
"1600","KANORICHEM","BE",182.5,191.35,178.59,191.33,191,182.24,100474,191.2,"24-Sep-2026",679,"",""
"1601","KANPRPLA","EQ",256.45,274.95,256.3,262.5,265.5,257.05,63305,168.29,"24-Sep-2026",1817,"",""
"1602","KANSAINER","EQ",182.58,182.91,179.01,179.41,179.75,182.58,146681,264.64,"24-Sep-2026",4620,"",""
"1603","KAPSTON","EQ",585.9,586.95,575.05,578.1,577,585.9,34980,202.84,"24-Sep-2026",1561,"",""
"1604","KARAMTARA","EQ",361,382.95,355.6,369.05,368.9,361.95,6731277,24955.44,"24-Sep-2026",104808,"",""
"1605","KARMAENG","EQ",39.71,40.8,39.02,39.43,39.02,40.18,7821,3.12,"24-Sep-2026",201,"",""
"1606","KARNIKA","SM",121,123,121,122.55,123,120.9,22000,26.75,"24-Sep-2026",12,"",""
"1607","KARURVYSYA","EQ",323.15,327.55,321,325,323.8,324.45,1136510,3690.39,"24-Sep-2026",37733,"",""
"1608","KATARIA","SM",150.75,150.75,148,149,149,149.9,3000,4.47,"24-Sep-2026",5,"",""
"1609","KAUSHALYA","BE",831,859.9,831,859.9,859.9,862.4,62,0.52,"24-Sep-2026",15,"",""
"1610","KAVDEFENCE","BE",81.9,86.46,79,83,83.7,82.35,572713,485.03,"24-Sep-2026",2708,"",""
"1611","KAYA","BE",325,325,311,313.05,320,327.2,9571,30.18,"24-Sep-2026",145,"",""
"1612","KAYNES","EQ",3430,3576,3415.3,3509.5,3509.5,3458,1525539,53692.13,"24-Sep-2026",95023,"",""
"1613","KAYTEX","SM",57.5,57.5,55.5,57.05,57.05,57.95,5600,3.17,"24-Sep-2026",6,"",""
"1614","KCEIL","SM",78.4,82.65,78.4,82.4,82.5,80.45,20500,16.73,"24-Sep-2026",37,"",""
"1615","KCK","ST",13.45,13.65,13.3,13.65,13.65,13,105000,14.27,"24-Sep-2026",28,"",""
"1616","KCP","EQ",157.05,160.98,156,159.18,158.15,157.05,111803,177.28,"24-Sep-2026",2044,"",""
"1617","KCPSUGIND","BE",28.81,29.85,28.81,29.01,29.29,29.56,35694,10.48,"24-Sep-2026",178,"",""
"1618","KDDL","EQ",4237.2,4237.2,4066.5,4119.8,4120,4251.9,67371,2784.76,"24-Sep-2026",12760,"",""
"1619","KDGREEN","EQ",51.69,51.69,49.61,50.22,50.4,50.03,16908,8.45,"24-Sep-2026",226,"",""
"1620","KDL","SM",60.85,60.85,60.85,60.85,60.85,64.05,7500,4.56,"24-Sep-2026",33,"",""
"1621","KEC","EQ",398,399.5,394,395.4,396,402.4,378577,1501.19,"24-Sep-2026",13665,"",""
"1622","KECL","EQ",121,126.8,120.24,122.75,123.5,120.24,261030,324.03,"24-Sep-2026",5586,"",""
"1623","KEEPLEARN","EQ",1.88,1.94,1.81,1.82,1.83,1.84,32956,0.61,"24-Sep-2026",96,"",""
"1624","KEI","EQ",4700,4706.5,4627,4636.5,4636.5,4722.5,224864,10497.56,"24-Sep-2026",19838,"",""
"1625","KELLTONTEC","EQ",13.8,13.8,13.4,13.48,13.5,13.76,1468588,198.61,"24-Sep-2026",2739,"",""
"1626","KEN","SM",43.75,43.75,43.75,43.75,43.75,43.95,1200,0.53,"24-Sep-2026",1,"",""
"1627","KENNAMET","EQ",4254,4355.1,4250,4266.4,4270,4316.7,11487,491.55,"24-Sep-2026",2573,"",""
"1628","KERNEX","EQ",1727.3,1749.9,1692.5,1700.8,1701.6,1731,83450,1432.95,"24-Sep-2026",10139,"",""
"1629","KESORAMIND","BE",11.7,11.89,11.21,11.39,11.3,11.57,232726,26.97,"24-Sep-2026",474,"",""
"1630","KEYFINSERV","EQ",243.9,243.9,226.35,231.65,229.05,244.05,1614,3.78,"24-Sep-2026",81,"",""
"1631","KFINTECH","EQ",902.2,911,893.05,897.95,897.95,911.95,432496,3896.13,"24-Sep-2026",22827,"",""
"1632","KHADIM","BE",125.39,125.39,120.49,120.49,120.49,122.94,42491,53.08,"24-Sep-2026",66,"",""
"1633","KHAICHEM","EQ",50.29,50.65,49,49.41,49.28,50.13,113281,56.29,"24-Sep-2026",1342,"",""
"1634","KHAITANLTD","EQ",153.14,153.14,148.1,150.34,150,153.14,774,1.17,"24-Sep-2026",41,"",""
"1635","KHANDSE","EQ",18.32,18.48,17.5,18.07,18.14,18,729,0.13,"24-Sep-2026",43,"",""
"1636","KHERIAAUTO","ST",104.9,106.5,101.1,103.05,102.45,101,1188000,1238.88,"24-Sep-2026",659,"",""
"1637","KICL","EQ",4950,5018.5,4920.5,4940.5,4930,5000,831,41.24,"24-Sep-2026",198,"",""
"1638","KILITCH","BE",232.5,232.5,211,217.23,215.75,221.62,85945,192.35,"24-Sep-2026",805,"",""
"1639","KIMS","EQ",795,811.2,795,800.45,802,798.05,260151,2089.49,"24-Sep-2026",16988,"",""
"1640","KINGFA","EQ",6239,6435,6185.5,6228.5,6320,6240.5,14512,913.53,"24-Sep-2026",4126,"",""
"1641","KIOCL","EQ",349.35,353,339.3,340.65,340.05,349.35,42480,145.88,"24-Sep-2026",1902,"",""
"1642","KIRANVYPAR","EQ",218.65,218.65,196.04,203.41,202,215.1,1329,2.73,"24-Sep-2026",164,"",""
"1643","KIRIINDUS","EQ",564,583.95,552,559.9,561,572.75,1422251,8091.88,"24-Sep-2026",27596,"",""
"1644","KIRLFER","EQ",475.1,485.85,473.2,478.2,479.75,478.1,109335,524.94,"24-Sep-2026",6051,"",""
"1645","KIRLOSBROS","EQ",1790,1793.6,1752.1,1768.4,1768,1794.3,16227,287.85,"24-Sep-2026",3136,"",""
"1646","KIRLOSENG","EQ",2195,2254,2156.8,2164.5,2171.6,2219.5,278809,6134.46,"24-Sep-2026",25441,"",""
"1647","KIRLOSIND","EQ",3681,3681,3616.1,3635,3620,3681,4437,161.6,"24-Sep-2026",1055,"",""
"1648","KIRLPNU","EQ",705,710.1,692.1,697.75,699.8,711.95,71227,499.45,"24-Sep-2026",6728,"",""
"1649","KISSHT","EQ",351,351,335.1,337.3,337.75,355.15,1679730,5742.27,"24-Sep-2026",37085,"",""
"1650","KITEX","EQ",120.99,121.9,117.75,118.65,119,121.33,265979,317.1,"24-Sep-2026",3499,"",""
"1651","KJMCFIN","EQ",62.11,62.11,58.45,59.84,59,61.5,304,0.18,"24-Sep-2026",14,"",""
"1652","KKCL","EQ",478,478.65,465.05,469.3,466,477.55,13783,65.03,"24-Sep-2026",971,"",""
"1653","KKJEWELS","SM",100,100,96.15,96.15,96.15,99.55,7000,6.84,"24-Sep-2026",7,"",""
"1654","KKVAPOW","SM",326.8,326.8,326.8,326.8,326.8,344,171,0.56,"24-Sep-2026",1,"",""
"1655","KLBRENG-B","EQ",513.5,524.45,508.45,517.9,519.2,518.6,189495,979.47,"24-Sep-2026",5118,"",""
"1656","KLL","SM",44.9,46.05,42.2,46,46.05,41.9,353600,160.66,"24-Sep-2026",257,"",""
"1657","KMCSHIL","EQ",162,162.16,155.11,157.92,157.5,162.2,211733,334.99,"24-Sep-2026",4284,"",""
"1658","KMEW","EQ",2950,3009.9,2876,2890.6,2905,2996.6,62583,1831.94,"24-Sep-2026",11339,"",""
"1659","KMSUGAR","EQ",29.4,29.4,28.78,29.06,29.15,29.5,84745,24.7,"24-Sep-2026",941,"",""
"1660","KNACK","EQ",182.9,184.77,179.25,182.25,181.42,184.25,805858,1467.02,"24-Sep-2026",9983,"",""
"1661","KNAGRI","EQ",214.9,215,208.04,213.63,209.99,211.63,8248,17.55,"24-Sep-2026",229,"",""
"1662","KNRCON","EQ",120.49,123.1,119.5,120.03,120.45,121.77,1488078,1805.52,"24-Sep-2026",15704,"",""
"1663","KODYTECH","ST",1533,1555,1525,1527.25,1527,1533,5500,84.57,"24-Sep-2026",46,"",""
"1664","KOHINOOR","EQ",31.74,32.59,30.6,30.82,30.6,31.75,127383,39.87,"24-Sep-2026",2175,"",""
"1665","KOKUYOCMLN","EQ",76.35,77.81,76.15,76.64,76.35,76.35,35121,27.02,"24-Sep-2026",381,"",""
"1666","KOLTEPATIL","EQ",441.45,441.45,429.95,432.05,433.25,440.05,35712,155.34,"24-Sep-2026",2501,"",""
"1667","KONSTELEC","ST",61,61,58.85,58.85,58.85,61.9,9000,5.33,"24-Sep-2026",9,"",""
"1668","KOPRAN","EQ",279.42,284.84,267.3,270.81,272.3,279.42,379629,1051.1,"24-Sep-2026",6933,"",""
"1669","KORE","ST",180.3,180.9,164.1,171.6,164.1,172.3,21750,38.51,"24-Sep-2026",47,"",""
"1670","KOTAKBANK","EQ",407,410,404.3,405,405,413.25,12799846,52047.93,"24-Sep-2026",153559,"",""
"1671","KOTARISUG","BE",26.53,27.3,26.53,26.83,27,27.35,15202,4.09,"24-Sep-2026",142,"",""
"1672","KOTHARIPET","EQ",137.58,137.58,132.76,134.01,134.99,136.81,28073,37.77,"24-Sep-2026",696,"",""
"1673","KOTHARIPRO","EQ",68.02,69.86,66.3,67.13,67,69.64,15513,10.59,"24-Sep-2026",371,"",""
"1674","KOTIC","EQ",147.82,154.78,141.3,143.82,145.65,147.11,29000,42.61,"24-Sep-2026",718,"",""
"1675","KOTYARK","BE",32.05,32.05,31,31.3,31.48,32.05,106225,33.29,"24-Sep-2026",309,"",""
"1676","KOVAI","EQ",6199,6199,6036.5,6101,6117,6160.5,3104,189.35,"24-Sep-2026",813,"",""
"1677","KPEL","EQ",226,227.24,218,221.55,220.4,228.8,329639,732.06,"24-Sep-2026",8173,"",""
"1678","KPIGREEN","EQ",344.9,344.9,330.1,333.2,334,350.05,2039670,6854.44,"24-Sep-2026",39848,"",""
"1679","KPIL","EQ",1414.9,1427,1381.2,1399.6,1401.3,1411.8,157152,2209.89,"24-Sep-2026",15937,"",""
"1680","KPITTECH","EQ",526,527.8,514,516.85,516.85,527,1561197,8137.8,"24-Sep-2026",33497,"",""
"1681","KPL","EQ",3743,3777.4,3602,3642.1,3668,3724.5,34399,1268.79,"24-Sep-2026",6710,"",""
"1682","KPRMILL","EQ",1130,1141.9,1109.9,1113.8,1118,1136.7,158616,1783.29,"24-Sep-2026",18661,"",""
"1683","KRBL","EQ",404.75,410.95,396.2,398.2,398.7,404.85,360627,1453.32,"24-Sep-2026",15393,"",""
"1684","KREBSBIO","EQ",57.54,57.89,55.51,57.66,57.77,57.54,3409,1.95,"24-Sep-2026",63,"",""
"1685","KRIDHANINF","EQ",1.86,1.87,1.81,1.85,1.85,1.84,16428,0.3,"24-Sep-2026",65,"",""
"1686","KRISHANA","EQ",190.98,191.8,183.2,184.51,183.5,188.15,631052,1181.16,"24-Sep-2026",6937,"",""
"1687","KRISHCA","SM",192.5,230.8,191,216.7,218.6,192.35,451000,982.14,"24-Sep-2026",629,"",""
"1688","KRISHIVAL","EQ",418.15,419,410,411.3,415.5,417.35,8216,33.99,"24-Sep-2026",330,"",""
"1689","KRISHNADEF","EQ",1034.9,1038,1012,1015.5,1018,1032.9,45530,465.16,"24-Sep-2026",3777,"",""
"1690","KRITI","EQ",61.35,64,61.35,61.65,61.4,63.19,8298,5.14,"24-Sep-2026",213,"",""
"1691","KRITIKA","EQ",5,5.1,4.99,5.02,5.04,5,99913,5.04,"24-Sep-2026",443,"",""
"1692","KRITINUT","EQ",81,81,77.6,77.81,78.48,80.21,15010,11.89,"24-Sep-2026",214,"",""
"1693","KRMAYURVED","SM",306.45,307.9,300,300.3,300,302.95,57000,172.59,"24-Sep-2026",47,"",""
"1694","KRN","EQ",1411.8,1424.9,1394.2,1401.6,1400,1412.6,107810,1520.62,"24-Sep-2026",12651,"",""
"1695","KRONOX","BE",191,196.75,191,196.75,196.75,187.39,174809,342.72,"24-Sep-2026",716,"",""
"1696","KROSS","EQ",276,279.34,268.11,272.9,274,278.56,1470381,4021.55,"24-Sep-2026",31661,"",""
"1697","KRSNAA","EQ",565,565,549.3,551.25,551,560.05,43526,241.19,"24-Sep-2026",2035,"",""
"1698","KRT","RR",113.9,114.05,113.4,113.87,113.53,113.7,1962445,2234.23,"24-Sep-2026",7524,"",""
"1699","KRYSTAL","EQ",635.05,646.95,631,637.5,639.9,643.65,3949,25.29,"24-Sep-2026",316,"",""
"1700","KSB","EQ",822.95,822.95,797.3,802.15,804.9,823.2,90671,728.92,"24-Sep-2026",7952,"",""
"1701","KSCL","EQ",712.85,819.95,704.4,783.85,777,710.7,19332004,153986.16,"24-Sep-2026",398896,"",""
"1702","KSE","EQ",184,184,178.81,181.11,181,178.79,6832,12.36,"24-Sep-2026",313,"",""
"1703","KSHINTL","EQ",1048,1069,1023,1036,1044.9,1046.8,248567,2595.86,"24-Sep-2026",16225,"",""
"1704","KSHITIJPOL","EQ",5.06,5.07,5.06,5.06,5.07,4.83,12906313,653.91,"24-Sep-2026",5818,"",""
"1705","KSL","EQ",995.15,997.65,972.5,974.2,974.5,998.25,110396,1085.03,"24-Sep-2026",4907,"",""
"1706","KSOLVES","EQ",257.55,258.35,247.35,249.15,249.05,259.05,54728,137.66,"24-Sep-2026",2214,"",""
"1707","KSR","BE",39.28,40.5,37.6,37.8,38,39.28,24003,9.13,"24-Sep-2026",98,"",""
"1708","KTKBANK","EQ",339,345.4,336.55,338.15,339.9,343.05,2049219,6985.62,"24-Sep-2026",34634,"",""
"1709","KUANTUM","EQ",83,83.99,79.1,80.17,80,82.87,87226,70.63,"24-Sep-2026",1453,"",""
"1710","KUSUMGAR","EQ",634.9,634.9,610.55,620.1,620,635.1,261170,1616.03,"24-Sep-2026",13781,"",""
"1711","KWIL","EQ",41.88,41.88,40.54,40.81,40.75,41.92,5527010,2272.93,"24-Sep-2026",20593,"",""
"1712","LADDERUP","BE",55.99,56.89,53.19,53.63,53.55,55.95,3407,1.86,"24-Sep-2026",48,"",""
"1713","LAGNAM","EQ",74,75,72.81,74.99,75,75,2832,2.11,"24-Sep-2026",76,"",""
"1714","LAHOTIOV","EQ",41,41,37,38.28,38.4,40.77,14264,5.53,"24-Sep-2026",109,"",""
"1715","LAKPRE","BZ",5.3,5.3,5,5.09,5.09,5.05,45,0,"24-Sep-2026",5,"",""
"1716","LAKSHMIMIL","EQ",8066,8066,7721,7780.5,7721,7716.5,20,1.6,"24-Sep-2026",8,"",""
"1717","LAKSHYA","SM",102,107.8,101.9,107.8,107.8,98,40800,42.94,"24-Sep-2026",50,"",""
"1718","LAL","EQ",8.72,9.49,8.47,9.07,8.8,8.57,163991,14.87,"24-Sep-2026",383,"",""
"1719","LALITHAA","EQ",359,370.5,356.4,370.5,370.5,352.9,10872334,39913.5,"24-Sep-2026",58417,"",""
"1720","LALPATHLAB","EQ",1940,1976.2,1911.7,1961.3,1957,1924.3,430163,8402.96,"24-Sep-2026",57589,"",""
"1721","LAMBODHARA","EQ",120.9,141.5,119.42,139.46,141.5,119.93,393605,537.53,"24-Sep-2026",7361,"",""
"1722","LAMOSAIC","ST",50,51.2,47.65,51,51,50.15,322800,161.38,"24-Sep-2026",154,"",""
"1723","LANCER","EQ",11.85,11.85,11.11,11.59,11.8,11.78,340911,39.52,"24-Sep-2026",965,"",""
"1724","LANCORHOL","BE",35.48,36.7,33.56,34.03,34.95,34.97,104968,37.46,"24-Sep-2026",267,"",""
"1725","LANDMARK","EQ",500.9,511.15,485.25,489.05,486.1,506.4,51104,252.16,"24-Sep-2026",2446,"",""
"1726","LANDSMILL","EQ",0.55,0.55,0.52,0.52,0.54,0.54,3840492,20.46,"24-Sep-2026",1105,"",""
"1727","LAOPALA","EQ",162.3,163,159.45,160.21,159.6,163.06,98696,159.23,"24-Sep-2026",2463,"",""
"1728","LARGEMID50","EQ",35.33,35.35,35.05,35.1,35.1,35.61,889,0.31,"24-Sep-2026",29,"",""
"1729","LASERPOWER","EQ",284.75,285.4,270.4,274.5,273.6,287.4,834811,2304.04,"24-Sep-2026",15542,"",""
"1730","LATENTVIEW","EQ",252.9,252.9,245,245.4,245.65,253.4,335304,830.87,"24-Sep-2026",11554,"",""
"1731","LATTEYS","EQ",20,20.75,20,20.08,20.25,20.35,42119,8.47,"24-Sep-2026",232,"",""
"1732","LAURUSLABS","EQ",2021.1,2055.3,2020,2026.2,2026.2,2034,1388039,28328.55,"24-Sep-2026",56843,"",""
"1733","LAXMICOT","EQ",13.2,14.18,13.01,13.23,13.5,13.4,3757,0.5,"24-Sep-2026",82,"",""
"1734","LAXMIDENTL","EQ",193.99,201.59,193.56,197.05,196.26,195.09,95949,189.65,"24-Sep-2026",2638,"",""
"1735","LAXMIINDIA","EQ",126.4,126.4,119.4,120.66,121,126.12,152816,186.12,"24-Sep-2026",2811,"",""
"1736","LCCINFOTEC","EQ",4.03,4.03,3.99,4.03,4.03,3.84,120873,4.87,"24-Sep-2026",85,"",""
"1737","LCCPROJECT","EQ",146.35,146.35,141.87,144.22,143.8,146.59,1209866,1737.05,"24-Sep-2026",18258,"",""
"1738","LCL","EQ",572.6,589,571.8,575.55,573.7,577.55,218144,1265.82,"24-Sep-2026",15519,"",""
"1739","LEAPIND","EQ",146.45,148.16,142.11,143.09,142.7,148.62,1423067,2064.98,"24-Sep-2026",16418,"",""
"1740","LEENEE","BE",7.89,8.21,7.51,7.8,7.8,7.9,16954,1.32,"24-Sep-2026",44,"",""
"1741","LEMERITE","EQ",20.45,20.85,19.5,20.59,19.83,19.88,220522,44.93,"24-Sep-2026",637,"",""
"1742","LEMONTREE","EQ",107,107.7,106.2,106.72,106.8,107.92,1819035,1941.41,"24-Sep-2026",21486,"",""
"1743","LENSKART","EQ",681.5,691.9,673.55,676,679.6,686.7,3191467,21826.14,"24-Sep-2026",101558,"",""
"1744","LEXUS","EQ",12.9,12.9,12.12,12.19,12.17,12.5,14276,1.79,"24-Sep-2026",149,"",""
"1745","LFIC","EQ",136.5,136.99,131,136.36,136.99,136.14,1564,2.07,"24-Sep-2026",61,"",""
"1746","LGBBROSLTD","EQ",1720,1764.9,1710.1,1745.3,1735.4,1734.5,25762,447.84,"24-Sep-2026",3647,"",""
"1747","LGEINDIA","EQ",1685,1719.9,1669.9,1697.7,1695.8,1694.2,527914,8982.74,"24-Sep-2026",58428,"",""
"1748","LGHL","EQ",171.3,192,171.3,181.48,185,176.62,38541,71.16,"24-Sep-2026",390,"",""
"1749","LIBAS","EQ",12,12.56,11.15,12.02,12.56,12.09,241544,28.02,"24-Sep-2026",752,"",""
"1750","LIBERTSHOE","EQ",241.4,242.34,235,237.84,239.25,235.48,45513,108.42,"24-Sep-2026",2073,"",""
"1751","LICHSGFIN","EQ",569.8,571.9,563.8,564.25,564.25,572.5,1297709,7366.1,"24-Sep-2026",17530,"",""
"1752","LICI","EQ",400.9,417.8,398.5,406,406,407.5,14741490,60211.73,"24-Sep-2026",132216,"",""
"1753","LICMFGOLD","EQ",135.7,135.7,134.2,134.5,134.7,135.9,24030,32.41,"24-Sep-2026",487,"",""
"1754","LICNETFGSC","EQ",29.48,29.48,29.07,29.16,29.19,29.27,7011,2.04,"24-Sep-2026",61,"",""
"1755","LICNETFN50","EQ",262.23,262.42,259.94,260.13,260.13,263.9,806,2.11,"24-Sep-2026",29,"",""
"1756","LICNETFSEN","EQ",840.54,840.54,834.79,835.18,835.18,844.27,9,0.08,"24-Sep-2026",5,"",""
"1757","LICNFNHGP","EQ",274.19,276.93,267.2,275.99,275.99,274.19,85,0.23,"24-Sep-2026",28,"",""
"1758","LICNMID100","EQ",62.98,62.98,61.22,61.29,61.3,62.75,6888,4.25,"24-Sep-2026",144,"",""
"1759","LIKHITHA","EQ",230.35,236.5,227,227.38,227.18,229.21,34331,78.63,"24-Sep-2026",842,"",""
"1760","LINC","EQ",94.89,94.89,91.62,92.24,91.82,93.85,39577,36.45,"24-Sep-2026",432,"",""
"1761","LINCOLN","EQ",603,604.35,590.1,594.65,595,603.55,16062,95.8,"24-Sep-2026",1361,"",""
"1762","LINDEINDIA","EQ",6270,6333.5,6166.5,6196.5,6200,6286,11679,726.7,"24-Sep-2026",3252,"",""
"1763","LIQGRWBEES","EQ",1056.7,1056.72,1056.7,1056.71,1056.71,1056.58,45129,476.88,"24-Sep-2026",185,"",""
"1764","LIQUID","EQ",999.99,1000,999.99,999.99,999.99,999.99,297034,2970.31,"24-Sep-2026",174,"",""
"1765","LIQUID1","EQ",1118.19,1130,1118.19,1123.96,1123.95,1123.81,700510,7873.46,"24-Sep-2026",576,"",""
"1766","LIQUIDADD","EQ",1146.07,1146.37,1146.07,1146.08,1146.09,1145.93,658390,7545.7,"24-Sep-2026",272,"",""
"1767","LIQUIDBEES","EQ",999.99,1000.01,999.99,999.99,1000,1000,2147668,21476.63,"24-Sep-2026",4055,"",""
"1768","LIQUIDBETA","EQ",1009.22,1009.22,1009.22,1009.22,1009.22,1009.1,99,1,"24-Sep-2026",1,"",""
"1769","LIQUIDBETF","EQ",1100.04,1100.06,1100.04,1100.05,1100.05,1099.9,232382,2556.32,"24-Sep-2026",70,"",""
"1770","LIQUIDCASE","EQ",116.05,116.07,116.05,116.06,116.06,116.04,17169903,19927.1,"24-Sep-2026",11436,"",""
"1771","LIQUIDETF","EQ",1000,1000.01,999.99,1000,1000,999.99,152036,1520.36,"24-Sep-2026",218,"",""
"1772","LIQUIDIETF","EQ",994.95,1000.01,994.95,999.99,1000,999.95,298668,2986.53,"24-Sep-2026",183,"",""
"1773","LIQUIDPLUS","EQ",1104.36,1104.51,1104.36,1104.49,1104.49,1104.36,1037533,11459.46,"24-Sep-2026",258,"",""
"1774","LIQUIDSBI","EQ",1000,1000.01,999.99,1000.01,1000.01,999.99,2977,29.77,"24-Sep-2026",28,"",""
"1775","LIQUIDSHRI","EQ",1122.7,1122.72,1122.7,1122.71,1122.72,1122.57,24624,276.46,"24-Sep-2026",45,"",""
"1776","LKPSEC","EQ",15.58,15.58,15,15.02,15.02,15.27,2398,0.36,"24-Sep-2026",43,"",""
"1777","LLOYDS","SM",61.7,61.7,61.7,61.7,61.7,62,1000,0.62,"24-Sep-2026",1,"",""
"1778","LLOYDSENGG","EQ",90.25,93,90.1,90.91,90.8,91.52,10861920,9946.57,"24-Sep-2026",50470,"",""
"1779","LLOYDSENT","EQ",72.71,77.15,72.71,75.58,75.29,74.15,4465318,3382.61,"24-Sep-2026",25651,"",""
"1780","LLOYDSME","EQ",1870,1881.5,1816,1821.9,1821.2,1890.9,278524,5148.9,"24-Sep-2026",22881,"",""
"1781","LMW","EQ",17145,17339,17049,17136,17151,17126,2245,385.77,"24-Sep-2026",1026,"",""
"1782","LODHA","EQ",1153,1177,1148.9,1158,1158,1162.5,1243527,14484.27,"24-Sep-2026",33598,"",""
"1783","LOKESHMACH","EQ",360.15,362.75,342,342.9,342.25,359.25,43467,152.25,"24-Sep-2026",2140,"",""
"1784","LORDSCHLO","EQ",140,140,132.2,134.5,134.57,137.38,12002,16.18,"24-Sep-2026",406,"",""
"1785","LOTUSCHO","EQ",578.7,578.7,560,566.15,567.5,562.4,1318,7.48,"24-Sep-2026",188,"",""
"1786","LOTUSDEV","BE",220.9,226,215.85,219.05,218.5,224.46,450172,990.88,"24-Sep-2026",2917,"",""
"1787","LOTUSEYE","EQ",115,115.86,112.5,113.23,113.11,115.24,3217,3.66,"24-Sep-2026",84,"",""
"1788","LOVABLE","EQ",71,71.5,69,69.7,69.94,71.38,8216,5.73,"24-Sep-2026",341,"",""
"1789","LOWVOL","EQ",204.09,204.09,197.73,198.01,198.01,200.09,1661,3.31,"24-Sep-2026",20,"",""
"1790","LOWVOL1","EQ",20.49,20.49,20.12,20.16,20.12,20.39,302634,61.27,"24-Sep-2026",11090,"",""
"1791","LOWVOLIETF","EQ",21.58,21.58,21.1,21.2,21.31,21.4,628332,133.53,"24-Sep-2026",11925,"",""
"1792","LOYALTEX","EQ",240.9,240.9,221.27,223.98,221.6,231.23,6531,15.32,"24-Sep-2026",245,"",""
"1793","LPDC","EQ",6.77,6.77,6.43,6.63,6.65,6.66,17312,1.15,"24-Sep-2026",132,"",""
"1794","LRRPL","SM",97,98,97,98,98,95.55,4500,4.38,"24-Sep-2026",3,"",""
"1795","LT","EQ",3887.3,3907,3849,3858.4,3858.4,3929.9,1649308,63850.85,"24-Sep-2026",78162,"",""
"1796","LTF","EQ",279,290.6,279,282,282,310,36077849,102756.17,"24-Sep-2026",218575,"",""
"1797","LTFOODS","EQ",426.95,433.85,423,424.5,427.3,430,257102,1100.87,"24-Sep-2026",15707,"",""
"1798","LTGILTBEES","EQ",30,30,29.61,29.62,29.64,29.79,1537754,456.26,"24-Sep-2026",850,"",""
"1799","LTGILTCASE","EQ",30.38,30.38,30.22,30.22,30.22,30.37,275925,83.47,"24-Sep-2026",192,"",""
"1800","LTM","EQ",4031,4089,4011,4038,4038,4085,350005,14199.13,"24-Sep-2026",28623,"",""
"1801","LTTS","EQ",3233.7,3238.8,3190,3209.1,3205.8,3231.3,27363,879.5,"24-Sep-2026",7036,"",""
"1802","LUMAXIND","EQ",5808,5808,5710,5732.5,5765,5788,5160,296.93,"24-Sep-2026",1867,"",""
"1803","LUMAXTECH","EQ",2049.4,2099.8,2026.9,2068.8,2060,2044.9,122712,2548.52,"24-Sep-2026",23425,"",""
"1804","LUMINO","EQ",108.53,110.44,106.5,107.22,107.5,109.9,5968222,6449.89,"24-Sep-2026",28405,"",""
"1805","LUPIN","EQ",2099.9,2114.8,2084.5,2100.7,2100.7,2102.8,533164,11185.27,"24-Sep-2026",37101,"",""
"1806","LUXIND","EQ",1180,1190,1155.4,1167.8,1170,1186.5,18229,214.06,"24-Sep-2026",1545,"",""
"1807","LXCHEM","EQ",186.05,187,179.92,180.61,180.69,188.44,1098678,2013.52,"24-Sep-2026",17477,"",""
"1808","LYKALABS","BE",88,88,87,87,87,87.1,65274,57.09,"24-Sep-2026",95,"",""
"1809","M&M","EQ",3028.8,3039,2982.7,2982.7,2982.7,3035,1903721,57235.2,"24-Sep-2026",87552,"",""
"1810","M&MFIN","EQ",343.35,343.35,334.45,339.9,339,348.6,1834421,6232.76,"24-Sep-2026",59986,"",""
"1811","MAANALU","EQ",105,105,102.25,102.62,102.65,103.93,37559,38.87,"24-Sep-2026",957,"",""
"1812","MACOBSTECH","SM",204,206,204,206,206,202,34400,70.19,"24-Sep-2026",3,"",""
"1813","MACPOWER","EQ",2059.5,2170,2018.1,2061.1,2059.9,2059.5,57329,1201.85,"24-Sep-2026",8450,"",""
"1814","MADHAV","EQ",35.45,35.82,33.72,34.46,34.46,34.57,2431,0.84,"24-Sep-2026",95,"",""
"1815","MADHAVBAUG","ST",164.2,168,163,168,168,171.5,2400,3.94,"24-Sep-2026",6,"",""
"1816","MADHAVIPL","EQ",7.84,7.9,7.18,7.59,7.61,7.67,189234,14.21,"24-Sep-2026",589,"",""
"1817","MADHUCON","EQ",4.06,4.3,3.94,4.25,4.25,4.14,21341,0.88,"24-Sep-2026",70,"",""
"1818","MADHURKNIT","SM",46,46.8,44.6,45.9,45.15,45.55,43200,19.71,"24-Sep-2026",31,"",""
"1819","MADHUSUDAN","ST",225,225,217.8,224.3,225,225.55,12000,26.7,"24-Sep-2026",12,"",""
"1820","MADRASFERT","EQ",61.89,61.89,60.5,60.72,60.55,61.47,19924,12.17,"24-Sep-2026",482,"",""
"1821","MAFANG","EQ",238.88,238.88,228.28,231.32,232.9,234.14,515916,1194.22,"24-Sep-2026",13322,"",""
"1822","MAFATIND","EQ",120.5,122,119.41,119.81,119.6,121.05,23718,28.56,"24-Sep-2026",918,"",""
"1823","MAGADSUGAR","EQ",502.2,506.45,499.9,503,501.4,509.2,9365,47.18,"24-Sep-2026",647,"",""
"1824","MAGNUM","EQ",19,19.1,18.56,18.65,18.58,19,12019,2.27,"24-Sep-2026",82,"",""
"1825","MAGSON","SM",180,180,179.6,180,180,180,215000,387,"24-Sep-2026",67,"",""
"1826","MAHABANK","EQ",83.7,83.9,81.8,82.38,82.38,84.11,7964442,6588.95,"24-Sep-2026",36069,"",""
"1827","MAHAPEXLTD","EQ",53,54.8,51,51.74,51.86,53,16177,8.4,"24-Sep-2026",282,"",""
"1828","MAHASTEEL","BE",1179.8,1214.6,1164,1211.9,1214,1156.8,5126,61.74,"24-Sep-2026",518,"",""
"1829","MAHEPC","EQ",99.02,100.98,98,98.19,98.02,100.45,18772,18.56,"24-Sep-2026",630,"",""
"1830","MAHESHWARI","EQ",72.75,73.2,72.7,72.7,72.7,72.83,7920,5.76,"24-Sep-2026",22,"",""
"1831","MAHICKRA","SM",297,297,297,297,297,297,750,2.23,"24-Sep-2026",1,"",""
"1832","MAHKTECH","EQ",22.22,22.22,21.6,21.78,21.89,21.86,396306,86.8,"24-Sep-2026",4104,"",""
"1833","MAHLIFE","EQ",356.6,360.55,347.85,353.9,352.35,356.6,68743,242.08,"24-Sep-2026",4868,"",""
"1834","MAHLOG","EQ",415.9,429.2,411.55,420.05,420,416.55,499911,2116.6,"24-Sep-2026",16553,"",""
"1835","MAHSCOOTER","EQ",13121,13300,13080,13255,13298,13269,3227,426.82,"24-Sep-2026",1183,"",""
"1836","MAHSEAMLES","EQ",698.7,723.9,696.05,708.55,710,702.75,232935,1658.5,"24-Sep-2026",16866,"",""
"1837","MAITHANALL","EQ",996.05,1004.85,975,977.1,977.95,1009.9,65584,647.26,"24-Sep-2026",4518,"",""
"1838","MAITREYA","SM",116.45,116.5,116.45,116.5,116.5,116.6,800,0.93,"24-Sep-2026",2,"",""
"1839","MAJESAUT","BE",372.8,372.8,366,369.55,369,371.5,1516,5.6,"24-Sep-2026",82,"",""
"1840","MAKEINDIA","EQ",167.08,167.08,160.68,160.93,160.7,163.01,19729,31.92,"24-Sep-2026",515,"",""
"1841","MAKERSL","EQ",184.5,191,184,189.42,184.6,182.88,2038,3.79,"24-Sep-2026",48,"",""
"1842","MAKS","SM",15,15,15,15,15,14.35,1500,0.23,"24-Sep-2026",1,"",""
"1843","MAL","ST",42,42.5,41.5,41.75,41.75,43.55,14400,6.05,"24-Sep-2026",8,"",""
"1844","MALLCOM","EQ",970.1,972,950,950.8,950.6,975.35,6604,63.54,"24-Sep-2026",234,"",""
"1845","MALUPAPER","EQ",32.63,33.39,31.71,31.79,31.95,31.99,3983,1.27,"24-Sep-2026",71,"",""
"1846","MAMATA","EQ",422.7,422.7,397.35,403.8,401.65,423.35,144579,584.98,"24-Sep-2026",7014,"",""
"1847","MANAKALUCO","EQ",36.48,36.48,35,35.31,35.69,35.96,30719,10.87,"24-Sep-2026",543,"",""
"1848","MANAKCOAT","EQ",131.99,134.16,130,131.16,131.91,131.99,224387,295.72,"24-Sep-2026",2924,"",""
"1849","MANAKSIA","EQ",65.98,66.45,63.71,64.03,64.2,66.8,73292,47.28,"24-Sep-2026",992,"",""
"1850","MANAKSTEEL","BE",106.05,107.25,101.29,102.14,102.4,106.62,63951,65.54,"24-Sep-2026",235,"",""
"1851","MANALIPETC","EQ",87.1,87.1,82.62,83.28,83.3,87.69,1080286,914.12,"24-Sep-2026",7148,"",""
"1852","MANAPPURAM","EQ",314.4,327,313.15,324.95,324.95,320.4,4674648,14987.51,"24-Sep-2026",37107,"",""
"1853","MANBA","EQ",139,145.4,138.88,140.35,139.9,139.19,243633,346.15,"24-Sep-2026",3840,"",""
"1854","MANCREDIT","EQ",222.02,227.5,221,222.52,221.01,225.17,118659,267.17,"24-Sep-2026",1776,"",""
"1855","MANDEEP","SM",18.3,18.3,17.75,17.75,17.75,18.4,18000,3.23,"24-Sep-2026",6,"",""
"1856","MANGALAM","EQ",32.64,32.64,31.42,31.65,31.51,32.32,33768,10.72,"24-Sep-2026",394,"",""
"1857","MANGLMCEM","EQ",1029,1049,1014.8,1031.5,1032,1033.3,57124,589.48,"24-Sep-2026",2971,"",""
"1858","MANIKA","BE",42,42.57,41.1,41.46,41.14,42.58,559031,234.76,"24-Sep-2026",2544,"",""
"1859","MANINDS","EQ",990.75,990.9,956.55,962.85,962.95,986.7,1416561,13746.78,"24-Sep-2026",49669,"",""
"1860","MANINFRA","EQ",123.9,125.45,123.45,124.17,124.25,124.75,1221376,1519.99,"24-Sep-2026",8363,"",""
"1861","MANIPALHOS","EQ",760.6,763.2,736.25,742.5,740,760.95,952691,7143.36,"24-Sep-2026",36505,"",""
"1862","MANKIND","EQ",2442.6,2504.3,2442.6,2500,2500,2465,447288,11121.64,"24-Sep-2026",38596,"",""
"1863","MANOMAY","EQ",228.48,235.35,224.5,233.21,233,224.48,382971,885.33,"24-Sep-2026",11933,"",""
"1864","MANORAMA","EQ",1921.7,1931.4,1868.2,1882.7,1870,1929.4,133580,2530.44,"24-Sep-2026",20600,"",""
"1865","MANORG","EQ",457.9,462.7,452,453.15,456,458.15,2268,10.34,"24-Sep-2026",177,"",""
"1866","MANUFGBEES","EQ",157.2,160.77,157.2,159,159.72,160.41,39814,63.81,"24-Sep-2026",131,"",""
"1867","MANUGRAPH","EQ",24.26,24.26,21.56,22.02,22.3,23.52,466712,106.95,"24-Sep-2026",2800,"",""
"1868","MANYAVAR","EQ",530.1,530.1,511.6,524.45,527.6,531.15,178569,930.96,"24-Sep-2026",10416,"",""
"1869","MAPMYINDIA","EQ",900,910,878.6,882.8,887.4,906.8,114146,1015.46,"24-Sep-2026",7462,"",""
"1870","MARALOVER","EQ",60.5,61,58,58.93,58.61,61.11,19526,11.59,"24-Sep-2026",236,"",""
"1871","MARATHON","EQ",421.9,421.9,406.65,410.8,410,419.4,35268,145.94,"24-Sep-2026",1511,"",""
"1872","MARC","ST",155.4,155.4,143.05,150.95,150.95,148.05,4800,7.16,"24-Sep-2026",4,"",""
"1873","MARCO","SM",29.45,29.7,29.4,29.7,29.7,29.35,4500,1.33,"24-Sep-2026",3,"",""
"1874","MARICO","EQ",830,831.65,820.05,824.55,824.55,832.3,919851,7599.45,"24-Sep-2026",33901,"",""
"1875","MARINE","EQ",415,421.1,396,401.5,401.65,425.8,2132733,8673.66,"24-Sep-2026",51936,"",""
"1876","MARKOLINES","EQ",170.01,170.01,165.95,167.42,166.6,169.9,62571,104.68,"24-Sep-2026",994,"",""
"1877","MARKSANS","EQ",345.8,350.95,336.15,337.4,336.9,347.6,2858544,9810.84,"24-Sep-2026",56948,"",""
"1878","MARSONS","EQ",127.36,129.99,124,124.37,124.4,128.05,4536331,5801.19,"24-Sep-2026",10930,"",""
"1879","MARUSHIKA","SM",114.25,117,114.25,117,117,116.65,2400,2.78,"24-Sep-2026",2,"",""
"1880","MARUTI","EQ",12180,12184,11975,11990,11990,12230,393665,47542.06,"24-Sep-2026",48739,"",""
"1881","MASFIN","EQ",284.5,285.9,276,280.35,279.35,284.5,134842,377.85,"24-Sep-2026",4435,"",""
"1882","MASKINVEST","EQ",145.94,152,139.5,140.81,140,146.67,125,0.18,"24-Sep-2026",17,"",""
"1883","MASON","SM",111.5,111.5,110,110,110,111,1500,1.67,"24-Sep-2026",3,"",""
"1884","MASPTOP50","EQ",99.99,107.31,93.01,96.78,96.2,97.56,3529466,3554,"24-Sep-2026",27623,"",""
"1885","MASTEK","EQ",1570,1579,1538,1543.6,1540,1573.3,64792,1007.3,"24-Sep-2026",9819,"",""
"1886","MASTER","SM",392,395.1,392,395.05,395.05,400,1500,5.91,"24-Sep-2026",3,"",""
"1887","MASTERTR","EQ",87.7,87.72,84.35,85.21,85.45,88.14,134087,115.18,"24-Sep-2026",1328,"",""
"1888","MATRIMONY","EQ",535,541.3,525,538.55,534.2,544.95,7656,41.07,"24-Sep-2026",412,"",""
"1889","MAWANASUG","EQ",133.07,135.38,130,130.7,131.99,133.07,138444,183.1,"24-Sep-2026",2233,"",""
"1890","MAXESTATES","EQ",620.35,652.8,605.3,616.8,612.55,603.2,1371303,8688.6,"24-Sep-2026",59524,"",""
"1891","MAXHEALTH","EQ",1035,1055.8,1029,1046,1046,1059.9,2505137,26169.52,"24-Sep-2026",48388,"",""
"1892","MAXIND","EQ",151,151,148.02,149.22,149.92,149.82,18417,27.5,"24-Sep-2026",685,"",""
"1893","MAXVOLT","SM",429,432.4,418,432.4,432.4,411.85,134000,577.26,"24-Sep-2026",260,"",""
"1894","MAYASHEEL","SM",35,35,33.3,33.35,33.3,34.5,18000,6.14,"24-Sep-2026",6,"",""
"1895","MAYURUNIQ","EQ",722.9,738.15,718,733.1,732,722.9,71013,518.25,"24-Sep-2026",4258,"",""
"1896","MAZDA","BE",262.8,267.55,261,267.55,267.55,254.85,15619,41.66,"24-Sep-2026",150,"",""
"1897","MAZDOCK","EQ",2205,2221.8,2189.2,2202,2202,2211.5,463672,10212.96,"24-Sep-2026",26398,"",""
"1898","MBAPL","EQ",169,169,162.91,164.07,163.88,167.51,459173,757.8,"24-Sep-2026",5092,"",""
"1899","MBECL","BE",447.46,447.46,447.46,447.46,447.46,438.69,4906,21.95,"24-Sep-2026",76,"",""
"1900","MBEL","EQ",259.9,270.4,256,263.95,265,261,109451,288.61,"24-Sep-2026",6321,"",""
"1901","MBLINFRA","EQ",22.3,22.3,20.64,20.9,20.64,21.72,91520,19.39,"24-Sep-2026",308,"",""
"1902","MCCHRLS-B","EQ",679.8,679.8,645,677.85,679.8,657.1,297,1.98,"24-Sep-2026",51,"",""
"1903","MCL","EQ",61,63,60,61.61,61,60.75,143738,88.41,"24-Sep-2026",2016,"",""
"1904","MCLEODRUSS","EQ",46.1,47.8,44.84,44.84,44.84,47.2,445980,203.8,"24-Sep-2026",1918,"",""
"1905","MCLOUD","EQ",25.3,25.3,24.56,24.9,24.97,25.41,710919,178.09,"24-Sep-2026",2623,"",""
"1906","MCON","SM",41,41,41,41,41,41,1000,0.41,"24-Sep-2026",1,"",""
"1907","MCX","EQ",3365,3477,3351.1,3427.7,3427.7,3374,4133428,141768.44,"24-Sep-2026",167893,"",""
"1908","MDL","SM",69.95,69.95,64.95,64.95,64.95,60,2000,1.35,"24-Sep-2026",2,"",""
"1909","MEDANTA","EQ",1490,1513,1479.1,1506.2,1503,1496.1,171482,2573.75,"24-Sep-2026",12148,"",""
"1910","MEDIASSIST","EQ",330,332.65,318.1,320.3,320.1,334.6,424095,1379.64,"24-Sep-2026",15609,"",""
"1911","MEDICAMEQ","BE",320,326.75,304,306.5,307.15,319.95,16732,52.37,"24-Sep-2026",323,"",""
"1912","MEDICAPQ","BE",25.05,25.09,24.39,24.99,24.99,25.09,460,0.11,"24-Sep-2026",10,"",""
"1913","MEDICO","EQ",32.9,33.25,32.2,32.5,32.79,32.65,133117,43.32,"24-Sep-2026",1313,"",""
"1914","MEDIORG","SM",24.15,24.15,24.15,24.15,24.15,23,10000,2.42,"24-Sep-2026",3,"",""
"1915","MEDISTEP","SM",18.45,19,18.45,19,19,18.3,12000,2.25,"24-Sep-2026",4,"",""
"1916","MEDPLUS","EQ",661.75,661.75,653,654.25,656,662,52368,343.15,"24-Sep-2026",5271,"",""
"1917","MEESHO","EQ",235.01,239.66,232,232.84,232,236.37,13461160,31699.1,"24-Sep-2026",95313,"",""
"1918","MEGASTAR","EQ",277.5,277.5,254.55,260.9,258.6,277.6,8559,22.58,"24-Sep-2026",405,"",""
"1919","MEGATHERM","SM",263.05,269.25,249,251.6,251,263.05,13200,33.98,"24-Sep-2026",31,"",""
"1920","MEIL","EQ",270.45,275,269,272.7,273.75,274.25,27992,76.32,"24-Sep-2026",1516,"",""
"1921","MENNPIS","BE",73.69,74.1,72.5,72.88,72.62,73.99,15961,11.69,"24-Sep-2026",134,"",""
"1922","MENONBE","BE",303,305,288.1,293.25,296,301.25,41494,123.07,"24-Sep-2026",683,"",""
"1923","MEP","BZ",0.65,0.65,0.63,0.65,0.65,0.64,5070,0.03,"24-Sep-2026",20,"",""
"1924","MERCANTILE","EQ",22.98,22.98,21.95,22.59,22.55,22.01,1336,0.3,"24-Sep-2026",35,"",""
"1925","MERCURYEV","EQ",38.24,39.13,37.82,38.87,39.09,38.72,345992,133.46,"24-Sep-2026",2142,"",""
"1926","METAL","EQ",13.57,13.57,13.15,13.18,13.19,13.4,1750256,231.73,"24-Sep-2026",4653,"",""
"1927","METALIC","ST",171.7,171.7,171.7,171.7,171.7,163.55,32000,54.94,"24-Sep-2026",13,"",""
"1928","METALIETF","EQ",13.67,13.67,13.1,13.11,13.14,13.34,4539278,599.46,"24-Sep-2026",9059,"",""
"1929","METROBRAND","EQ",911.1,911.15,878,884.55,880.05,911.1,63891,569.85,"24-Sep-2026",10519,"",""
"1930","METROGLOBL","EQ",128.4,128.4,128.4,128.4,128.4,130.38,200,0.26,"24-Sep-2026",12,"",""
"1931","METROPOLIS","EQ",583.95,589.9,578.45,582.95,582.55,585.5,143495,836.4,"24-Sep-2026",11618,"",""
"1932","MFML","EQ",18.84,19.48,17.05,19.16,19.47,18.22,21958,4.11,"24-Sep-2026",234,"",""
"1933","MFSL","EQ",1406.7,1429.8,1360.1,1410,1410,1562.9,11421840,159247.85,"24-Sep-2026",284662,"",""
"1934","MGEL","EQ",15.7,15.9,15.3,15.63,15.51,15.49,3566425,553.05,"24-Sep-2026",1214,"",""
"1935","MGL","EQ",1083.7,1092,1077.4,1079.6,1079,1092.8,51860,562.31,"24-Sep-2026",6783,"",""
"1936","MGSL","SM",68,70.7,66,66.65,66,69.45,15600,10.64,"24-Sep-2026",13,"",""
"1937","MHLXMIRU","BE",156.45,164.81,150,162.68,162.1,156.97,16516,26.25,"24-Sep-2026",175,"",""
"1938","MHRIL","EQ",201.39,201.99,198,199.71,200,201.39,54816,109.53,"24-Sep-2026",2820,"",""
"1939","MICEL","BE",35.4,35.4,35.4,35.4,35.4,34.71,53721,19.02,"24-Sep-2026",88,"",""
"1940","MICROPRO","SM",17.1,18.25,17.1,18.25,18.25,17.45,3200,0.57,"24-Sep-2026",2,"",""
"1941","MID150","EQ",23.47,23.47,22.82,22.9,22.96,23.33,102632,23.63,"24-Sep-2026",403,"",""
"1942","MID150BEES","EQ",236.9,236.9,232.42,233.02,233.48,237.36,856091,2004.77,"24-Sep-2026",15511,"",""
"1943","MID150CASE","EQ",11.6,11.66,11.3,11.33,11.38,11.56,2268030,258.26,"24-Sep-2026",4581,"",""
"1944","MIDBANKADD","EQ",17,17,16.84,16.86,16.89,17.25,253272,42.82,"24-Sep-2026",123,"",""
"1945","MIDCAP","EQ",18.21,18.5,17.89,17.93,17.98,18.31,602076,108.44,"24-Sep-2026",1695,"",""
"1946","MIDCAPADD","EQ",22.86,22.86,22.52,22.59,22.63,22.86,32287,7.3,"24-Sep-2026",150,"",""
"1947","MIDCAPBETA","EQ",229.65,235.08,227.17,232.81,232,230.8,2128,4.87,"24-Sep-2026",44,"",""
"1948","MIDCAPETF","EQ",23.42,23.42,22.98,23,23.02,23.43,4666905,1080.54,"24-Sep-2026",10639,"",""
"1949","MIDCAPIETF","EQ",23.49,23.71,23.29,23.35,23.5,23.74,891504,208.77,"24-Sep-2026",2824,"",""
"1950","MIDHANI","EQ",415,415.7,403.7,406.9,406.8,416.2,437136,1788.37,"24-Sep-2026",13802,"",""
"1951","MIDQ50ADD","EQ",24.39,24.41,24.09,24.22,24.26,24.28,28869,7.01,"24-Sep-2026",175,"",""
"1952","MIDSELIETF","EQ",19.7,19.99,19.11,19.19,19.24,19.79,672031,129.72,"24-Sep-2026",1552,"",""
"1953","MIDSMALL","EQ",51.31,51.53,50.9,50.98,51.09,51.56,719033,368.52,"24-Sep-2026",1196,"",""
"1954","MIDWESTLTD","EQ",1004.7,1004.7,931.2,942.6,943,993.4,57422,549.93,"24-Sep-2026",4519,"",""
"1955","MIEL","SM",12.65,12.9,12.65,12.9,12.9,12.3,6000,0.77,"24-Sep-2026",3,"",""
"1956","MIIL","EQ",699,706.85,694.1,703.9,705.25,698.1,47887,336.01,"24-Sep-2026",1166,"",""
"1957","MILKYMIST","EQ",323,333.11,305.1,309.16,310.9,317.25,9525794,30869.94,"24-Sep-2026",95751,"",""
"1958","MILTON","SM",37,38,34.4,34.4,34.4,36.2,8800,3.22,"24-Sep-2026",3,"",""
"1959","MINALIND","BE",4.77,4.77,4.77,4.77,4.77,4.86,3261,0.16,"24-Sep-2026",19,"",""
"1960","MINDACORP","EQ",683.9,687.9,675.05,680.3,679.1,689.05,91801,626.58,"24-Sep-2026",10400,"",""
"1961","MINDSPACE","RR",503.9,506.98,500.22,504.59,504.5,502.25,291548,1472.07,"24-Sep-2026",4377,"",""
"1962","MINDTECK","EQ",159.65,159.99,154.95,155.37,156.4,159.65,17903,28.06,"24-Sep-2026",746,"",""
"1963","MIRZAINT","EQ",29.05,29.69,28.8,28.9,28.81,29.35,124507,36.26,"24-Sep-2026",1145,"",""
"1964","MITCON","EQ",88.5,91.98,84.17,89.25,87.15,82.62,106676,94.56,"24-Sep-2026",1092,"",""
"1965","MITTAL","EQ",0.75,0.75,0.74,0.74,0.75,0.74,653559,4.88,"24-Sep-2026",290,"",""
"1966","MKEXIM","EQ",68.9,68.9,67.5,68.64,68.88,68.13,20858,14.19,"24-Sep-2026",207,"",""
"1967","MKPL","EQ",4.04,4.07,4,4.01,4.01,4.04,45022,1.81,"24-Sep-2026",216,"",""
"1968","MLKFOOD","EQ",83.29,84,80.54,83.12,84,82.88,5173,4.29,"24-Sep-2026",99,"",""
"1969","MMEL","SM",29.35,29.8,29.35,29.8,29.8,29.35,6000,1.78,"24-Sep-2026",3,"",""
"1970","MMFL","EQ",610.8,623.2,609.1,612.75,613,614.65,36723,225.79,"24-Sep-2026",3206,"",""
"1971","MMP","EQ",465,470.4,446,453.95,463,464.8,55173,250.85,"24-Sep-2026",2927,"",""
"1972","MMTC","EQ",60.54,60.6,57.45,57.97,58,60.47,2102337,1234.74,"24-Sep-2026",11334,"",""
"1973","MMWL","EQ",13.7,14.38,13.35,14.38,14.38,13.7,82026,11.66,"24-Sep-2026",195,"",""
"1974","MNC","EQ",32.48,32.53,32.22,32.27,32.34,32.49,24812,8.02,"24-Sep-2026",391,"",""
"1975","MOALPHA50","EQ",55.69,56.49,54.57,55.01,55.03,55.69,7125,3.93,"24-Sep-2026",131,"",""
"1976","MOBANK10","EQ",16.28,16.7,16.25,16.35,16.35,16.7,30346,4.99,"24-Sep-2026",126,"",""
"1977","MOBIKWIK","EQ",202,206.6,198.26,203.8,203.85,202.93,1821686,3704.97,"24-Sep-2026",21676,"",""
"1978","MOCAPITAL","EQ",53.98,54,52.88,53.18,53.38,53.88,791936,423.76,"24-Sep-2026",3468,"",""
"1979","MODEFENCE","EQ",103.5,105,102.6,102.77,102.88,103.76,1300097,1343.61,"24-Sep-2026",6721,"",""
"1980","MODINATUR","EQ",356.2,359,331.3,338.5,343.85,352.65,8750,30.05,"24-Sep-2026",422,"",""
"1981","MODIRUBBER","EQ",121.51,122.8,119.1,119.99,119.2,121.51,2354,2.83,"24-Sep-2026",58,"",""
"1982","MODIS","EQ",356.05,368,355.55,363.2,363.6,356.35,40714,147.7,"24-Sep-2026",1383,"",""
"1983","MODISONLTD","BE",477,477,455.2,457.35,457,472.8,73843,341.77,"24-Sep-2026",1049,"",""
"1984","MODTHREAD","EQ",47,47.98,46.21,47.24,47.79,45.92,5968,2.81,"24-Sep-2026",59,"",""
"1985","MOENERGY","EQ",38.03,38.03,37.16,37.5,37.75,38.02,155453,58.35,"24-Sep-2026",767,"",""
"1986","MOGOLD","EQ",148.85,148.85,147.3,147.6,147.3,149.1,13760,20.4,"24-Sep-2026",397,"",""
"1987","MOGSEC","EQ",65.3,65.4,64.51,64.72,64.67,65.44,3023,1.96,"24-Sep-2026",698,"",""
"1988","MOHEALTH","EQ",53.5,53.5,52.23,52.55,52.69,52.8,73646,38.77,"24-Sep-2026",545,"",""
"1989","MOHITE","EQ",2.42,2.51,2.36,2.41,2.42,2.45,88251,2.13,"24-Sep-2026",122,"",""
"1990","MOHITIND","EQ",23.9,23.9,23.21,23.67,23.7,23.5,6977,1.65,"24-Sep-2026",84,"",""
"1991","MOIL","EQ",246,250.9,243.75,245.38,246.03,248.7,423535,1046.11,"24-Sep-2026",12252,"",""
"1992","MOINFRA","EQ",58.14,58.2,57.47,58,58,58.32,1408,0.81,"24-Sep-2026",75,"",""
"1993","MOIPO","EQ",48.74,48.76,47.37,47.62,47.5,48.97,14716,7.04,"24-Sep-2026",80,"",""
"1994","MOKSH","EQ",10.06,10.18,9.9,9.92,9.95,10.13,52068,5.2,"24-Sep-2026",244,"",""
"1995","MOL","EQ",61.3,61.31,58.9,59.56,59.88,61.63,643537,385.78,"24-Sep-2026",4851,"",""
"1996","MOLBIO","EQ",1304.2,1321.6,1230,1246.2,1244.9,1313.2,727312,9289.98,"24-Sep-2026",31581,"",""
"1997","MOLDTECH","BE",204.9,205,195.2,199.2,199.35,199.88,32494,65.22,"24-Sep-2026",328,"",""
"1998","MOLDTKPAC","EQ",681,686,668.1,672.95,674.55,679.95,41100,278.06,"24-Sep-2026",3409,"",""
"1999","MOLOWVOL","EQ",35.35,35.35,34.89,35.13,35.13,35.25,5203,1.83,"24-Sep-2026",42,"",""
"2000","MOM100","EQ",68.97,68.97,65.5,65.89,66.15,67.29,395664,262.16,"24-Sep-2026",3889,"",""
"2001","MOM30IETF","EQ",31.02,31.19,30.75,30.8,30.94,31.12,406652,125.7,"24-Sep-2026",1831,"",""
"2002","MOM50","EQ",245,245,240.77,242.03,243.2,244.51,3609,8.77,"24-Sep-2026",144,"",""
"2003","MOMENTUM","EQ",30.94,30.96,30.5,30.67,30.91,30.94,33664,10.37,"24-Sep-2026",187,"",""
"2004","MOMENTUM30","EQ",31.14,31.14,30.07,30.26,30.25,30.53,11940,3.63,"24-Sep-2026",151,"",""
"2005","MOMENTUM50","EQ",54,54,53.26,53.46,53.6,54,354763,190.57,"24-Sep-2026",12891,"",""
"2006","MOMETAL","EQ",13.34,14.55,13.07,13.95,14.39,13.36,15247,2.01,"24-Sep-2026",54,"",""
"2007","MOMGF","EQ",160.8,160.85,158.14,159.4,158.63,159.93,310,0.49,"24-Sep-2026",31,"",""
"2008","MOMIDMTM","EQ",64.25,64.25,63.04,63.67,63.71,64.22,55321,35.22,"24-Sep-2026",303,"",""
"2009","MOMMIDCAP","EQ",12.98,12.98,12.76,12.79,12.79,12.98,2176041,279.22,"24-Sep-2026",688,"",""
"2010","MOMNC","EQ",31,31.61,31,31.05,31.09,31.61,1346,0.42,"24-Sep-2026",31,"",""
"2011","MOMOMENTUM","EQ",61.52,61.9,60.9,61.13,60.9,61.77,105178,64.73,"24-Sep-2026",416,"",""
"2012","MOMSBELIEF","EQ",224,234.98,221,222.44,223.75,227.7,114208,260.74,"24-Sep-2026",2580,"",""
"2013","MON100","EQ",328,328.39,320,322.8,322.7,327.37,729468,2358.29,"24-Sep-2026",20788,"",""
"2014","MON50EQUAL","EQ",33.05,33.7,32.05,32.28,32.24,33.9,322366,104.02,"24-Sep-2026",386,"",""
"2015","MONARCH","EQ",358.35,369.9,358.35,365.6,365.9,363.45,55606,203.64,"24-Sep-2026",1270,"",""
"2016","MONEXT50","EQ",74.14,74.14,71.34,71.55,71.71,72.69,23374,16.83,"24-Sep-2026",112,"",""
"2017","MONEYBOXX","EQ",54.96,55.84,52.31,53.9,53.9,54.96,35634,19.05,"24-Sep-2026",233,"",""
"2018","MONIFTY100","EQ",24.67,24.67,24.4,24.45,24.45,24.67,20188,4.95,"24-Sep-2026",87,"",""
"2019","MONIFTY500","EQ",24.1,24.1,23.04,23.18,23.2,23.52,891865,207.34,"24-Sep-2026",2343,"",""
"2020","MONOLITH","SM",1200,1227.9,1160.1,1179.55,1182,1208.2,62750,748.33,"24-Sep-2026",219,"",""
"2021","MONQ50","EQ",182.63,241.52,164.01,209.44,216.1,202.92,5727244,12024.78,"24-Sep-2026",89662,"",""
"2022","MONTECARLO","EQ",528.8,528.8,515.15,516.5,516.05,527.6,61524,320.02,"24-Sep-2026",2152,"",""
"2023","MOOILGAS","EQ",11.17,11.17,10.87,10.89,10.92,11.06,34446,3.77,"24-Sep-2026",88,"",""
"2024","MOPSE","EQ",98,98.18,97.56,97.57,97.57,98.42,1016,1,"24-Sep-2026",17,"",""
"2025","MOQUALITY","EQ",194,194.26,192.5,193.41,193.49,195.28,1308,2.53,"24-Sep-2026",36,"",""
"2026","MOREALTY","EQ",87.14,88.06,86.21,86.57,86.51,87.24,376495,328.1,"24-Sep-2026",1750,"",""
"2027","MOREPENLAB","EQ",121.94,122.57,115.56,116.6,116.8,122.35,9209711,10933.73,"24-Sep-2026",37844,"",""
"2028","MOS","SM",7.35,7.65,7.35,7.65,7.65,7.3,328000,24.96,"24-Sep-2026",57,"",""
"2029","MOSCHIP","EQ",204.9,206.28,202.05,203.24,202.95,207.32,855867,1748.44,"24-Sep-2026",13779,"",""
"2030","MOSERVICE","EQ",29.82,30.01,29.65,29.72,29.7,30.38,7848,2.33,"24-Sep-2026",112,"",""
"2031","MOSILVER","EQ",224.99,225.75,223.15,223.45,223.81,227.74,29471,66.03,"24-Sep-2026",602,"",""
"2032","MOSMALL250","EQ",18.38,18.48,18.2,18.25,18.3,18.48,2054119,376.73,"24-Sep-2026",2858,"",""
"2033","MOTHERSON","EQ",163.75,164.8,162.5,162.5,162.5,164.4,22050862,36194.69,"24-Sep-2026",41215,"",""
"2034","MOTILALOFS","EQ",1039.1,1044.9,1014,1022,1022,1042.5,869276,8951.33,"24-Sep-2026",29687,"",""
"2035","MOTISONS","EQ",18.89,19.78,18.6,18.79,18.79,18.89,150224923,28724,"24-Sep-2026",268394,"",""
"2036","MOTOGENFIN","EQ",26,26.39,25.65,25.7,25.9,26.09,13416,3.47,"24-Sep-2026",54,"",""
"2037","MOTOUR","EQ",77.91,78.25,77.04,77.14,77.06,78.33,11220,8.7,"24-Sep-2026",170,"",""
"2038","MOVALUE","EQ",112.28,112.28,110.41,110.69,111.12,111.73,61307,68.11,"24-Sep-2026",851,"",""
"2039","MOXSH","SM",90.15,95,90.15,95,95,94,3200,2.96,"24-Sep-2026",2,"",""
"2040","MPDL","BE",27.11,28.05,27.11,28.05,28.05,28.51,264,0.07,"24-Sep-2026",3,"",""
"2041","MPEL","SM",24.25,24.25,23.25,24.25,24.25,23.1,30400,7.35,"24-Sep-2026",18,"",""
"2042","MPHASIS","EQ",2230,2277,2230,2248.2,2248.2,2259,151071,3413.58,"24-Sep-2026",15046,"",""
"2043","MPIMANIPAL","EQ",364,375.8,357.1,359.95,359.4,372.6,1210487,4434.21,"24-Sep-2026",34757,"",""
"2044","MPSLTD","EQ",2694,2700.1,2610.1,2617,2618,2691.2,8543,225.9,"24-Sep-2026",1878,"",""
"2045","MRF","EQ",124300,124480,123520,123985,123980,124580,3125,3876.24,"24-Sep-2026",2130,"",""
"2046","MRIL","ST",79.95,83,79.95,81.15,83,80.85,16000,12.98,"24-Sep-2026",6,"",""
"2047","MRPL","EQ",165.7,166.9,163.61,164.49,164.3,166.32,2717313,4471.07,"24-Sep-2026",22791,"",""
"2048","MSCI360","EQ",10.17,10.19,9.74,9.88,10.05,10.25,55811,5.49,"24-Sep-2026",1033,"",""
"2049","MSCIADD","EQ",28.75,28.75,28.5,28.55,28.74,28.88,368,0.11,"24-Sep-2026",106,"",""
"2050","MSCIINDIA","EQ",29.15,29.15,28.63,28.83,28.92,29.29,8334,2.41,"24-Sep-2026",228,"",""
"2051","MSPL","EQ",35.1,35.29,34.6,34.92,35.05,35.57,413570,144.33,"24-Sep-2026",2343,"",""
"2052","MSTCLTD","EQ",742.05,757.95,735,738.05,741.35,752.25,292006,2179.83,"24-Sep-2026",11381,"",""
"2053","MSUMI","EQ",34.75,35.35,34.63,34.7,34.84,34.98,13661765,4767.1,"24-Sep-2026",45922,"",""
"2054","MTARTECH","BE",7164.5,7260,6960,7050,7095,7286.5,77908,5551.37,"24-Sep-2026",14578,"",""
"2055","MTEDUCARE","BE",1.66,1.74,1.58,1.69,1.65,1.66,53463,0.91,"24-Sep-2026",35,"",""
"2056","MTNL","EQ",24.3,24.3,23.67,23.81,23.84,24.36,588746,140.5,"24-Sep-2026",2903,"",""
"2057","MUFIN","EQ",132.75,132.97,130.4,131.82,131,133.11,515045,678.59,"24-Sep-2026",3527,"",""
"2058","MUFTI","EQ",73.2,73.72,72,72.54,72.99,73.2,29602,21.48,"24-Sep-2026",553,"",""
"2059","MUKANDLTD","EQ",157,161.4,154.1,155.26,154.46,157.11,1025053,1614.73,"24-Sep-2026",14329,"",""
"2060","MUKESHB","EQ",126.5,127,126.5,127,127,132.98,40,0.05,"24-Sep-2026",3,"",""
"2061","MUKKA","BE",26.7,27.65,26.11,27.04,27.28,27.1,202056,54.71,"24-Sep-2026",915,"",""
"2062","MUKTAARTS","BE",57.89,57.89,57.4,57.4,57.4,57.89,17,0.01,"24-Sep-2026",2,"",""
"2063","MULTICAP","EQ",16.86,16.86,16.29,16.31,16.31,16.53,598600,98.34,"24-Sep-2026",670,"",""
"2064","MUNISH","SM",94.95,94.95,89.7,89.95,89.85,94.95,21600,19.72,"24-Sep-2026",17,"",""
"2065","MUNJALAU","EQ",106.45,106.99,104.32,105.34,106.02,107.27,237491,250.38,"24-Sep-2026",7929,"",""
"2066","MUNJALSHOW","EQ",132.5,132.9,128.3,128.9,128.5,133.44,39135,51.03,"24-Sep-2026",540,"",""
"2067","MURUDCERA","EQ",29.9,29.9,28.5,28.57,28.52,29.06,8117,2.33,"24-Sep-2026",161,"",""
"2068","MUTHOOTCAP","EQ",228.37,233.49,225,231.03,231.75,227.71,12323,28.25,"24-Sep-2026",483,"",""
"2069","MUTHOOTFIN","EQ",2825,2855,2808.1,2825.3,2825.3,2856.5,460320,13027.06,"24-Sep-2026",58890,"",""
"2070","MUTHOOTMF","EQ",189,189,182.5,183.4,183.3,189.19,137330,253.84,"24-Sep-2026",3487,"",""
"2071","MVELECTRO","EQ",867,867,811.55,818.5,819,871.6,903917,7562.62,"24-Sep-2026",22312,"",""
"2072","MVGJL","EQ",219.46,220.55,213.36,214.8,214,221.29,228762,495.88,"24-Sep-2026",4665,"",""
"2073","MVKAGRO","SM",199.05,219.95,199.05,219.95,219.95,209.5,195600,406.36,"24-Sep-2026",163,"",""
"2074","MWL","EQ",44.6,44.86,43.5,43.86,44.38,44.63,391087,172.33,"24-Sep-2026",2695,"",""
"2075","MYSORPETRO","BE",131.49,131.49,125.25,127.2,129.8,129.89,435,0.56,"24-Sep-2026",15,"",""
"2076","NACLIND","EQ",139,143.2,137.5,139.33,139.48,139.23,488457,684.23,"24-Sep-2026",9955,"",""
"2077","NAGREEKCAP","EQ",29.8,30,28.21,29.55,29.21,30.2,25722,7.53,"24-Sep-2026",402,"",""
"2078","NAGREEKEXP","EQ",25.35,27,23.9,24.02,24,24.21,381260,97.32,"24-Sep-2026",1555,"",""
"2079","NAHARCAP","EQ",253.55,253.55,242.55,248,243.05,252.3,10097,25.22,"24-Sep-2026",70,"",""
"2080","NAHARINDUS","EQ",130.09,132.1,128.1,128.71,129.8,131.86,17158,22.22,"24-Sep-2026",331,"",""
"2081","NAHARPOLY","EQ",231,235.35,225,226.47,226,228.81,5141,11.73,"24-Sep-2026",291,"",""
"2082","NAHARSPING","EQ",282,283.8,267.8,270.6,270.1,277.45,21449,58.46,"24-Sep-2026",584,"",""
"2083","NAM-INDIA","EQ",1159,1170.6,1130.9,1144.9,1144.9,1165,985413,11321.56,"24-Sep-2026",33111,"",""
"2084","NAMAN","SM",44.5,46.3,44.5,46.3,46.3,44.1,72000,33.31,"24-Sep-2026",25,"",""
"2085","NAMOEWASTE","SM",305,305,288.8,295.25,299,311.75,68800,205.32,"24-Sep-2026",86,"",""
"2086","NARMADA","EQ",13.25,13.45,13.06,13.24,13.17,13.34,582800,76.79,"24-Sep-2026",483,"",""
"2087","NATCAPSUQ","BE",174.73,174.73,167,168.9,167,172.67,4726,8.04,"24-Sep-2026",63,"",""
"2088","NATCOPHARM","EQ",835,855,832.25,842,842.1,837.6,524314,4438.91,"24-Sep-2026",28502,"",""
"2089","NATHBIOGEN","EQ",149.5,151.49,148.3,150.21,150.8,148.02,8860,13.27,"24-Sep-2026",389,"",""
"2090","NATIONALUM","EQ",355.95,361.65,354.4,358.4,358.4,363.45,3247810,11649.69,"24-Sep-2026",42838,"",""
"2091","NATIONSTD","EQ",116,116,109.57,115.11,115.18,113.38,20720,23.52,"24-Sep-2026",572,"",""
"2092","NAUKRI","EQ",1232,1257.6,1202.3,1224,1224,1297,3155710,38742.39,"24-Sep-2026",116226,"",""
"2093","NAVA","EQ",547.05,561,546.55,557,557.8,553.65,276326,1532.7,"24-Sep-2026",15629,"",""
"2094","NAVINFLUOR","EQ",8400,8559.5,8400,8461,8446,8457.5,58189,4929.12,"24-Sep-2026",13946,"",""
"2095","NAVKARCORP","EQ",87.95,88.94,86.93,87.82,88,87.94,434942,383.03,"24-Sep-2026",5707,"",""
"2096","NAVKARURB","EQ",0.94,0.94,0.91,0.91,0.92,0.93,461734,4.22,"24-Sep-2026",231,"",""
"2097","NAVNETEDUL","EQ",123.5,124.71,121.91,123.4,122.31,123.75,137001,168.95,"24-Sep-2026",1418,"",""
"2098","NAZARA","EQ",367,380,367,374.55,374.1,372.7,1869672,7024.16,"24-Sep-2026",27375,"",""
"2099","NBCC","EQ",83.3,83.68,81.83,82.34,82.34,83.99,4925562,4077.98,"24-Sep-2026",27966,"",""
"2100","NBIFIN","EQ",1959.3,1959.3,1920.1,1923.7,1921.9,1948.9,166,3.2,"24-Sep-2026",69,"",""
"2101","NCC","EQ",135.1,135.89,133,133.42,133.59,136.05,1311315,1756.68,"24-Sep-2026",16896,"",""
"2102","NCLIND","EQ",176.96,178,171.9,176.07,176,176.22,22175,39.06,"24-Sep-2026",750,"",""
"2103","NDGL","EQ",2639.9,2645,2572,2576,2575.5,2579,100,2.63,"24-Sep-2026",22,"",""
"2104","NDL","EQ",2.77,2.8,2.68,2.69,2.7,2.76,1208977,33.02,"24-Sep-2026",1192,"",""
"2105","NDLVENTURE","EQ",124.06,124.06,121.16,122.25,122,124.06,1217,1.49,"24-Sep-2026",64,"",""
"2106","NDRAUTO","EQ",752.5,780,748.5,754.2,756,763.15,35359,271.62,"24-Sep-2026",1762,"",""
"2107","NDTV","EQ",71.96,72.08,69.12,69.93,69.51,71.11,65162,45.88,"24-Sep-2026",1441,"",""
"2108","NECCLTD","BE",19.31,19.59,18.61,19.39,19.05,19.54,65054,12.43,"24-Sep-2026",164,"",""
"2109","NECLIFE","EQ",11.18,11.18,10.85,10.88,10.85,11.06,94617,10.4,"24-Sep-2026",423,"",""
"2110","NELCAST","EQ",105.39,110.75,105.39,108.89,110.75,106.98,67799,73.32,"24-Sep-2026",1417,"",""
"2111","NELCO","EQ",1020,1030.4,986.5,993.05,993.95,1020.75,180049,1818.6,"24-Sep-2026",7596,"",""
"2112","NEOCHEM","SM",101.05,104.95,101.05,104.75,104.75,105.85,12000,12.38,"24-Sep-2026",10,"",""
"2113","NEOGEN","EQ",2390.2,2411.5,2296.7,2326.1,2326,2392.1,231587,5451.5,"24-Sep-2026",31329,"",""
"2114","NEPHROCARE","SM",98.4,101,92.65,96.45,96.1,98.45,41600,40.34,"24-Sep-2026",85,"",""
"2115","NEPHROPLUS","EQ",718.4,718.4,701,709.5,709.85,741.9,9381845,66378.18,"24-Sep-2026",65879,"",""
"2116","NEPTUNE","SM",185,185,183.1,183.1,183.1,184.9,2000,3.68,"24-Sep-2026",4,"",""
"2117","NESCO","EQ",1062,1088.2,1062,1073.5,1078,1078.5,23461,252.94,"24-Sep-2026",3900,"",""
"2118","NESTLEIND","EQ",1355.7,1386,1350.2,1351,1351,1387.2,800885,10908.6,"24-Sep-2026",38759,"",""
"2119","NETF","EQ",248.79,255.99,248.79,255.1,255.99,255.17,3310,8.41,"24-Sep-2026",153,"",""
"2120","NETWEB","EQ",4685,4719.5,4633,4661.5,4680,4736,501756,23483.88,"24-Sep-2026",40765,"",""
"2121","NETWORK18","EQ",26.9,27.29,26.62,26.97,26.9,27.14,2143083,577.85,"24-Sep-2026",5510,"",""
"2122","NEUEON","BE",13.71,13.71,13.71,13.71,13.71,13.06,4288,0.59,"24-Sep-2026",12,"",""
"2123","NEULANDLAB","EQ",22450,22595,21800,21905,21940,22490,81922,18101.05,"24-Sep-2026",22180,"",""
"2124","NEWGEN","EQ",498.1,505.1,490.05,493.6,493,504.15,338272,1683.74,"24-Sep-2026",13123,"",""
"2125","NEWJAISA","ST",16.4,17.6,16.35,17.45,17.6,17.15,40500,6.78,"24-Sep-2026",13,"",""
"2126","NEXT30ADD","EQ",42.13,42.18,41.74,41.85,41.97,42.25,2175,0.91,"24-Sep-2026",106,"",""
"2127","NEXT50","EQ",742.72,746.08,737.76,738.93,738.94,748.46,30769,228.09,"24-Sep-2026",2903,"",""
"2128","NEXT50ADD","EQ",72.48,72.62,71.85,71.86,71.91,72.88,2314,1.67,"24-Sep-2026",44,"",""
"2129","NEXT50BETA","EQ",78,78.06,77.01,77.47,77.01,78.1,135563,105.1,"24-Sep-2026",624,"",""
"2130","NEXT50ETF","EQ",73.56,73.56,72.11,72.12,72.14,73.2,20324,14.73,"24-Sep-2026",248,"",""
"2131","NEXT50IETF","EQ",76.48,76.48,75.5,75.59,75.78,76.47,706871,535.84,"24-Sep-2026",6413,"",""
"2132","NEXTMEDIA","EQ",3.79,3.79,3.61,3.62,3.68,3.79,45315,1.66,"24-Sep-2026",81,"",""
"2133","NFL","EQ",67.4,67.4,66.52,66.72,66.7,67.84,317524,212.42,"24-Sep-2026",2400,"",""
"2134","NFPSAMPOOR","SM",22.95,22.95,22.5,22.5,22.5,22.75,8000,1.81,"24-Sep-2026",4,"",""
"2135","NGIL","EQ",40.17,40.5,39,39.33,39.19,39.78,1694,0.67,"24-Sep-2026",32,"",""
"2136","NGLFINE","EQ",2801,2965,2760.1,2894.9,2900,2830.4,24655,715.03,"24-Sep-2026",3779,"",""
"2137","NH","EQ",1908.9,1909.9,1870,1877.7,1875,1919.3,68468,1294.9,"24-Sep-2026",11316,"",""
"2138","NHPC","EQ",76.17,76.77,75.77,76.25,76.25,76.74,8150246,6217.92,"24-Sep-2026",34289,"",""
"2139","NIACL","EQ",187,188.45,179.5,180.4,180.36,191.16,4044014,7403.16,"24-Sep-2026",41582,"",""
"2140","NIBE","EQ",1348.7,1348.7,1290,1297.2,1302,1346.9,47737,624.53,"24-Sep-2026",4223,"",""
"2141","NIBL","EQ",33.98,34.2,32.1,32.61,32.5,33.52,47316,15.67,"24-Sep-2026",281,"",""
"2142","NICCOPAR","EQ",77.1,80.89,77.1,80.49,80.49,80,363,0.29,"24-Sep-2026",30,"",""
"2143","NIDAN","SM",13.5,13.95,12.9,13.15,13.2,13.7,19000,2.54,"24-Sep-2026",15,"",""
"2144","NIF100BEES","EQ",261,261,256.01,257.89,258.5,261,29815,77.06,"24-Sep-2026",761,"",""
"2145","NIF100IETF","EQ",27.35,27.35,27.08,27.15,27.21,27.43,79317,21.56,"24-Sep-2026",1267,"",""
"2146","NIF500BETA","EQ",37.69,37.69,36.24,36.24,36.24,36.78,5561,2.02,"24-Sep-2026",18,"",""
"2147","NIFTY1","EQ",266.64,266.64,256.12,257.16,257.31,260.14,119958,308.99,"24-Sep-2026",1732,"",""
"2148","NIFTY100EW","EQ",34.35,34.42,34.07,34.19,34.21,34.48,57305,19.61,"24-Sep-2026",267,"",""
"2149","NIFTYADD","EQ",245.73,245.83,243.2,243.8,243.26,246.62,5276,12.89,"24-Sep-2026",174,"",""
"2150","NIFTYAXIS","EQ",260.08,261.5,255.84,257.37,261.5,260.08,17929,46.1,"24-Sep-2026",260,"",""
"2151","NIFTYBEES","EQ",274,274,263.3,263.99,264.98,267.59,8101315,21430.59,"24-Sep-2026",131054,"",""
"2152","NIFTYBETA","EQ",259.97,259.97,256.22,256.77,257.14,259.97,234676,603.18,"24-Sep-2026",617,"",""
"2153","NIFTYBETF","EQ",241.85,241.85,237.12,238.03,238.69,241.75,3781,9.03,"24-Sep-2026",124,"",""
"2154","NIFTYCASE","EQ",9.63,9.63,9.27,9.31,9.33,9.4,1329048,123.82,"24-Sep-2026",3239,"",""
"2155","NIFTYETF","EQ",253.94,253.94,251.27,251.57,251.52,255.42,330384,834.59,"24-Sep-2026",1483,"",""
"2156","NIFTYIETF","EQ",266.65,266.65,261.98,262.34,262.9,266.29,896997,2360.56,"24-Sep-2026",12791,"",""
"2157","NIFTYJBLK","EQ",11.71,12.47,11.71,11.84,11.98,12.02,158750,18.87,"24-Sep-2026",818,"",""
"2158","NIFTYQLITY","EQ",20.56,20.59,20.31,20.34,20.38,20.56,9794,2,"24-Sep-2026",212,"",""
"2159","NIITLTD","EQ",90.41,91.23,89.17,89.9,89.52,91.67,115883,104.44,"24-Sep-2026",1936,"",""
"2160","NIITMTS","EQ",217.7,221.5,215,217.57,217.38,220.27,85624,185.88,"24-Sep-2026",6581,"",""
"2161","NIKITA","SM",67,67.95,66.1,66.1,66.1,65,16800,11.28,"24-Sep-2026",14,"",""
"2162","NILAINFRA","EQ",7,7.39,6.83,7.06,7.1,6.82,528500,37.86,"24-Sep-2026",1200,"",""
"2163","NILASPACES","EQ",11.81,11.81,11.38,11.43,11.48,11.81,867119,100.24,"24-Sep-2026",2022,"",""
"2164","NILE","EQ",1430,1445.9,1360,1388,1383,1436.6,6441,90.14,"24-Sep-2026",994,"",""
"2165","NILKAMAL","EQ",1865,1918.4,1865,1883.7,1891,1880.2,25578,483.71,"24-Sep-2026",3490,"",""
"2166","NIMBSPROJ","EQ",193.96,203.6,187.73,199.44,195.25,194.79,36190,70.07,"24-Sep-2026",600,"",""
"2167","NINSYS","EQ",710,714.8,703.95,713.05,713,710.3,1685,11.98,"24-Sep-2026",216,"",""
"2168","NIPPOBATRY","EQ",332.9,332.9,323.45,324.55,325.4,329.6,1010,3.29,"24-Sep-2026",95,"",""
"2169","NIRAJ","EQ",28.55,29.51,27.8,29.13,29.15,27.99,58167,16.8,"24-Sep-2026",202,"",""
"2170","NIRAJISPAT","BE",273,285.6,273,278,278,274.8,300,0.83,"24-Sep-2026",19,"",""
"2171","NIRLON","EQ",612.8,615,605,607.15,609.75,610.05,6139,37.43,"24-Sep-2026",255,"",""
"2172","NIRMAN","SM",27.1,27.25,26.25,26.6,26.6,27.1,9600,2.57,"24-Sep-2026",30,"",""
"2173","NITCO","EQ",91.1,92.38,89.3,90.03,89.91,92.38,228235,207.43,"24-Sep-2026",2548,"",""
"2174","NITINSPIN","EQ",613,621.5,599.5,605.55,608,617.8,59443,361.42,"24-Sep-2026",3668,"",""
"2175","NITIRAJ","EQ",224.27,228.38,216.02,226.25,227.99,228.34,1530,3.44,"24-Sep-2026",81,"",""
"2176","NITTAGELA","EQ",1729.5,1739.9,1691.2,1699.5,1696.8,1730.2,1116,19.04,"24-Sep-2026",198,"",""
"2177","NIVABUPA","EQ",78,78.69,75.97,76.13,76.1,80.23,1747075,1344.71,"24-Sep-2026",31384,"",""
"2178","NKIND","EQ",56.78,60,56.78,59.34,59.99,56.78,297,0.17,"24-Sep-2026",15,"",""
"2179","NLCINDIA","EQ",267,267.05,261.75,263.25,264,267.1,1007201,2655.25,"24-Sep-2026",20100,"",""
"2180","NMDC","EQ",81.1,82.09,80.8,80.82,80.82,82,5166455,4203.36,"24-Sep-2026",35442,"",""
"2181","NMSTEEL","SM",23.45,23.45,20,21.45,21.45,22,27200,5.81,"24-Sep-2026",16,"",""
"2182","NOCIL","EQ",204.91,204.91,187,191.4,192.01,206.3,4920382,9492.87,"24-Sep-2026",53847,"",""
"2183","NOIDATOLL","EQ",3.98,4.01,3.87,3.92,3.96,3.93,67357,2.67,"24-Sep-2026",252,"",""
"2184","NORBTEAEXP","EQ",65.55,68.6,65.55,67.88,68,65.55,989,0.66,"24-Sep-2026",27,"",""
"2185","NORTHARC","EQ",307,309.95,301.5,303,303,313.8,825722,2513.3,"24-Sep-2026",20532,"",""
"2186","NOVAAGRI","EQ",23.4,23.4,22.85,23.01,23.25,23.11,45976,10.59,"24-Sep-2026",365,"",""
"2187","NOVARTIND","EQ",2027.4,2034.8,1955,1971.4,1977,2027.4,30262,603.76,"24-Sep-2026",3122,"",""
"2188","NPBET","EQ",276.9,280.37,276.9,278.7,278.7,284,1961,5.47,"24-Sep-2026",45,"",""
"2189","NPST","EQ",1835.4,1852.2,1775,1782.3,1786,1844.7,54106,977.51,"24-Sep-2026",6262,"",""
"2190","NRAIL","EQ",659.25,674.95,630.15,637.75,649.8,657.9,13942,91.51,"24-Sep-2026",1362,"",""
"2191","NRBBEARING","EQ",538,540.6,526.2,528.9,532,541.05,342989,1833.12,"24-Sep-2026",15821,"",""
"2192","NRL","BE",167.26,167.26,165,165,165,166.26,147046,244.86,"24-Sep-2026",400,"",""
"2193","NRVANDANA","SM",71.7,71.7,71.7,71.7,71.7,71.6,9000,6.45,"24-Sep-2026",1,"",""
"2194","NSIL","EQ",5575,5621.5,5480,5502,5481.5,5624,1918,106.43,"24-Sep-2026",432,"",""
"2195","NSLNISP","EQ",43.8,44.18,42.43,42.54,42.62,43.95,3626151,1564.86,"24-Sep-2026",18248,"",""
"2196","NTCIND","EQ",140,144.1,137,139.02,139.2,141.63,193,0.27,"24-Sep-2026",27,"",""
"2197","NTPC","EQ",326.95,327.7,324.4,326.6,326.6,326,7662580,25003.7,"24-Sep-2026",86371,"",""
"2198","NTPCGREEN","EQ",94.6,95.98,93.36,95.43,95.21,95.42,5272785,5023.07,"24-Sep-2026",41775,"",""
"2199","NUCLEUS","EQ",681.05,687.95,673.2,675.15,674,685,9954,67.74,"24-Sep-2026",1020,"",""
"2200","NURECA","BE",341,346,336,342.35,346,335.6,8362,28.59,"24-Sep-2026",138,"",""
"2201","NUVAMA","EQ",1685,1719.9,1671.1,1695.4,1698.7,1688.2,256618,4361.17,"24-Sep-2026",23565,"",""
"2202","NUVOCO","EQ",342.95,343.4,333.6,335,338,344.75,259668,876.29,"24-Sep-2026",14434,"",""
"2203","NV20","EQ",13.55,13.55,13.36,13.43,13.45,13.56,45583,6.12,"24-Sep-2026",354,"",""
"2204","NV20BEES","EQ",135,135.18,133.73,134.21,134.58,135.55,31301,42.05,"24-Sep-2026",414,"",""
"2205","NV20IETF","EQ",13.2,13.2,13.04,13.09,13.1,13.21,694370,90.92,"24-Sep-2026",2099,"",""
"2206","NXST","RR",166.49,166.9,164.4,166.42,166.9,166.21,2402560,3993.45,"24-Sep-2026",9873,"",""
"2207","NXT-INFRA","IV",99.8,99.8,97.5,97.5,97.5,99.8,575000,561.2,"24-Sep-2026",4,"",""
"2208","NYKAA","EQ",337.35,343.9,333.05,335.3,335.3,340.85,3775285,12810.56,"24-Sep-2026",37978,"",""
"2209","OAL","EQ",555.6,555.6,531,532.3,533,558.35,26526,143.65,"24-Sep-2026",1489,"",""
"2210","OBCL","EQ",60.27,60.49,58.1,59.42,59.4,60.27,16912,10.17,"24-Sep-2026",138,"",""
"2211","OBEROIRLTY","EQ",1815,1874.7,1815,1837.5,1837.5,1850,468799,8697.12,"24-Sep-2026",31416,"",""
"2212","OBSCP","SM",955,972,920,931.25,945,952.6,42000,399.43,"24-Sep-2026",102,"",""
"2213","OCCLLTD","BE",156.5,160.3,152.4,159.69,160,155.17,59420,94.38,"24-Sep-2026",346,"",""
"2214","ODIGMA","EQ",21.1,21.11,20.75,20.96,21,21.1,6093,1.27,"24-Sep-2026",207,"",""
"2215","ODYCORP","EQ",7.27,7.27,6.9,7.02,7.22,7.13,11794,0.82,"24-Sep-2026",85,"",""
"2216","OFSS","EQ",10600,10995,10600,10925,10925,10849,142508,15533.86,"24-Sep-2026",27793,"",""
"2217","OIL","EQ",470.55,479,469.15,479,479,470,1490649,7057.26,"24-Sep-2026",26606,"",""
"2218","OILCOUNTUB","BE",69.5,70.89,69.1,70.89,70.89,69.5,39504,27.94,"24-Sep-2026",103,"",""
"2219","OILIETF","EQ",11.15,11.15,11.01,11.02,11.05,11.15,481405,53.25,"24-Sep-2026",2592,"",""
"2220","OLAELEC","EQ",41.05,44.55,40.91,42.52,42.1,41.87,376053325,160536.29,"24-Sep-2026",547117,"",""
"2221","OLECTRA","EQ",1270.3,1272.7,1240,1244,1245.8,1275.9,349647,4379.43,"24-Sep-2026",20628,"",""
"2222","OLIL","SM",429.3,433.9,421,422.75,421,434.6,75200,320.65,"24-Sep-2026",55,"",""
"2223","OMAXAUTO","EQ",214.69,217.2,196.34,201.62,199.9,209.94,279300,573.8,"24-Sep-2026",4787,"",""
"2224","OMAXE","EQ",122.7,123.77,116.91,117.67,117.11,123.13,596007,711.29,"24-Sep-2026",7235,"",""
"2225","OMFREIGHT","BE",90.65,92.95,88.26,91.83,92,92.26,13595,12.41,"24-Sep-2026",86,"",""
"2226","OMFURN","SM",52.95,53,52.95,52.95,53,53.95,2400,1.27,"24-Sep-2026",2,"",""
"2227","OMINFRAL","EQ",78.5,79.59,78.05,78.45,78.2,78.34,33406,26.24,"24-Sep-2026",678,"",""
"2228","OMNI","EQ",550,556.15,545.1,547.85,547.5,553.7,356073,1960.24,"24-Sep-2026",12220,"",""
"2229","OMPOWER","EQ",171.01,171.01,165.05,166.03,165.5,170.39,28076,46.96,"24-Sep-2026",808,"",""
"2230","ONDOOR","SM",269.95,272,265.4,271,271,268,3000,8.1,"24-Sep-2026",7,"",""
"2231","ONEGLOBAL","EQ",552,552,528.05,530.9,529.95,543.35,8979,48.34,"24-Sep-2026",637,"",""
"2232","ONELIFECAP","BE",35.69,36,34.5,35.81,34.85,35.09,87253,30.79,"24-Sep-2026",150,"",""
"2233","ONEPOINT","EQ",70.5,72.4,68.41,69.31,69.54,68.41,5430134,3799.02,"24-Sep-2026",37671,"",""
"2234","ONESOURCE","EQ",1596.5,1605,1579.2,1594.6,1603,1596.7,104912,1669.25,"24-Sep-2026",12715,"",""
"2235","ONGC","EQ",235.5,239,235.23,239,239,236.9,8493746,20082.33,"24-Sep-2026",76677,"",""
"2236","ONIDA","EQ",34,34.63,33.16,33.28,33.5,34.3,209547,70.47,"24-Sep-2026",804,"",""
"2237","ONIXSOLAR","EQ",291.2,321.8,291.2,321.8,321.8,306.5,455503,1414.58,"24-Sep-2026",4845,"",""
"2238","ONMOBILE","BE",52.8,53.8,50.5,52.42,52.9,52.09,47576,25.01,"24-Sep-2026",363,"",""
"2239","ONWARDTEC","EQ",288.1,291.35,284.9,287.25,287.1,294,15168,43.71,"24-Sep-2026",394,"",""
"2240","ONYX","ST",36,36,36,36,36,36.1,4000,1.44,"24-Sep-2026",1,"",""
"2241","OPTIEMUS","EQ",820,820,771,781.5,777.65,828.35,1597081,12797.22,"24-Sep-2026",50012,"",""
"2242","OPTIFIN","EQ",15.41,15.98,14.51,14.98,15.1,15.46,166891,25.03,"24-Sep-2026",431,"",""
"2243","OPTIMYSTIX","SM",137.5,137.5,130,133.15,132.9,136.65,136800,180.78,"24-Sep-2026",76,"",""
"2244","OPTIVALUE","ST",230,234.6,224.6,229.55,230,223.45,416000,969.16,"24-Sep-2026",141,"",""
"2245","ORBTEXP","BE",228,234.9,225.5,227,227,228.36,234,0.53,"24-Sep-2026",10,"",""
"2246","ORCHASP","EQ",1.39,1.4,1.35,1.35,1.37,1.37,80865,1.11,"24-Sep-2026",180,"",""
"2247","ORCHPHARMA","EQ",1100,1141,1088.05,1096.15,1092.1,1102.05,139255,1554.17,"24-Sep-2026",12603,"",""
"2248","ORIANA","SM",315,315,301,303.7,303,308.3,329625,1009.12,"24-Sep-2026",759,"",""
"2249","ORICONENT","EQ",54.37,54.37,51.2,51.77,52.38,53.84,21083,11.06,"24-Sep-2026",593,"",""
"2250","ORIENTALTL","EQ",4.94,5.04,4.92,4.96,4.93,4.96,56769,2.82,"24-Sep-2026",212,"",""
"2251","ORIENTBELL","EQ",393.7,393.7,387.55,391.05,390.8,391.5,8776,34.23,"24-Sep-2026",576,"",""
"2252","ORIENTCEM","EQ",124.7,124.7,122.02,122.32,122.3,124.89,330197,406.25,"24-Sep-2026",2345,"",""
"2253","ORIENTCER","EQ",47.7,47.99,45.5,46.83,47.38,47.7,81986,38.43,"24-Sep-2026",1146,"",""
"2254","ORIENTELEC","EQ",168,168,163.3,163.98,163.5,168.08,132569,218.6,"24-Sep-2026",3046,"",""
"2255","ORIENTHOT","EQ",144.3,144.3,139.15,140.41,140.5,143.58,422911,600.56,"24-Sep-2026",2709,"",""
"2256","ORIENTLTD","BE",79.1,79.5,79.1,79.5,79.5,80.19,152,0.12,"24-Sep-2026",3,"",""
"2257","ORIENTPPR","EQ",16.94,17.04,16.7,16.8,16.9,16.9,136291,22.9,"24-Sep-2026",1239,"",""
"2258","ORIENTTECH","EQ",241.95,243.97,234.1,235.2,235.7,238.06,130674,308.37,"24-Sep-2026",2676,"",""
"2259","ORIRAIL","EQ",127.8,127.95,124.04,125.17,124.4,126.81,52651,66.16,"24-Sep-2026",1336,"",""
"2260","ORISSAMINE","EQ",3780.5,3830,3701.1,3716.9,3711,3841.2,9457,354.48,"24-Sep-2026",1948,"",""
"2261","ORKLAINDIA","EQ",562.8,562.8,543,545.95,544,557.45,91120,500.84,"24-Sep-2026",9455,"",""
"2262","ORTINGLOBE","EQ",15.29,15.3,14.63,14.75,14.75,15.1,6081,0.92,"24-Sep-2026",24,"",""
"2263","OSELDEVICE","SM",410.95,411,386,390.85,394.8,404.65,36200,142.82,"24-Sep-2026",127,"",""
"2264","OSIAHYPER","BE",2.22,2.24,2.15,2.21,2.2,2.2,178849,3.95,"24-Sep-2026",306,"",""
"2265","OSWALAGRO","EQ",34.55,34.99,33.81,33.88,34.31,34.96,21272,7.26,"24-Sep-2026",244,"",""
"2266","OSWALGREEN","EQ",20.08,20.26,19.86,19.9,19.9,20.2,37809,7.55,"24-Sep-2026",438,"",""
"2267","OSWALPUMPS","EQ",285.95,285.95,278,280.25,279.25,284.25,384808,1077.63,"24-Sep-2026",8261,"",""
"2268","OSWALSEEDS","EQ",13.4,13.75,12.55,12.68,12.73,13.57,445150,57.34,"24-Sep-2026",1374,"",""
"2269","OWAIS","ST",75.7,77.1,74.1,74.1,74.1,75.6,5700,4.32,"24-Sep-2026",34,"",""
"2270","PACEDIGITK","EQ",167,169,164,167.36,167.01,169.39,673951,1118,"24-Sep-2026",10108,"",""
"2271","PACIFICI","EQ",136,140,129.99,136.14,136.99,142.34,963,1.28,"24-Sep-2026",70,"",""
"2272","PAGEIND","EQ",37015,37705,37010,37500,37500,37340,16407,6147.5,"24-Sep-2026",8521,"",""
"2273","PAISALO","EQ",89.94,92.9,87.8,89.45,89,90.39,11349620,10218.75,"24-Sep-2026",32965,"",""
"2274","PAKKA","EQ",77,77.49,75.26,76.25,76.5,77.15,90009,68.67,"24-Sep-2026",1897,"",""
"2275","PALASHSECU","EQ",87.99,87.99,84.05,84.11,84.11,85.69,2652,2.26,"24-Sep-2026",60,"",""
"2276","PALREDTEC","EQ",45.2,49,45.2,46.09,47.88,46.73,1880,0.88,"24-Sep-2026",31,"",""
"2277","PANACEABIO","EQ",380,383.2,372.25,374.75,376.75,381.75,42969,162.52,"24-Sep-2026",1446,"",""
"2278","PANACHE","BE",518,518,514.9,514.9,514.9,519.75,1558,8.05,"24-Sep-2026",22,"",""
"2279","PANAMAPET","EQ",478,485.35,475.2,480.6,483,480.7,110951,532.49,"24-Sep-2026",4072,"",""
"2280","PANCHMAHQ","EQ",324.4,324.4,290,305,305,290.95,510,1.58,"24-Sep-2026",69,"",""
"2281","PANORAMA","EQ",56.8,59.9,55.81,59.15,59.47,56.87,759790,445.58,"24-Sep-2026",4672,"",""
"2282","PANSARI","EQ",276,288,276,286.9,288,277,23,0.07,"24-Sep-2026",5,"",""
"2283","PAR","BE",127.65,134.9,127.65,131.31,133.5,131.92,11310,14.89,"24-Sep-2026",198,"",""
"2284","PARACABLES","EQ",61.1,62.77,59.6,60.15,60.25,62.29,1840758,1117.02,"24-Sep-2026",9490,"",""
"2285","PARADEEP","EQ",153.26,156.08,152.52,154.5,154.57,154.26,1395578,2159.55,"24-Sep-2026",27212,"",""
"2286","PARAGMILK","EQ",267.9,267.9,256.55,258.4,258,268.9,1619666,4206.45,"24-Sep-2026",25511,"",""
"2287","PARAGON","SM",51.1,53,51.1,53,53,53.2,7200,3.76,"24-Sep-2026",6,"",""
"2288","PARAMATRIX","SM",59,59,59,59,59,60,1200,0.71,"24-Sep-2026",1,"",""
"2289","PARAS","EQ",1370,1378.4,1331,1343.4,1346.9,1381.2,451551,6117.01,"24-Sep-2026",27462,"",""
"2290","PARASPETRO","EQ",2.08,2.13,2.07,2.08,2.08,2.08,67041,1.41,"24-Sep-2026",216,"",""
"2291","PARIN","SM",710,719.8,701.15,715,715,701.2,22000,156.26,"24-Sep-2026",77,"",""
"2292","PARKHOSPS","EQ",286.55,287.75,284.2,285,285.9,286.55,300078,856.33,"24-Sep-2026",6142,"",""
"2293","PARKHOTELS","EQ",106.29,107.11,104.7,105.23,105.55,106.29,105567,111.55,"24-Sep-2026",1565,"",""
"2294","PARNAXLAB","EQ",121.23,125.22,119.4,123.86,123.88,128.73,1984,2.41,"24-Sep-2026",49,"",""
"2295","PARSVNATH","BE",1.96,1.96,1.93,1.95,1.96,1.93,4202471,82.36,"24-Sep-2026",432,"",""
"2296","PARTH","SM",515,532.95,515,520,520,524,4800,25.02,"24-Sep-2026",10,"",""
"2297","PARTYCRUS","SM",92,98.95,92,98.95,98.95,98.9,7000,6.76,"24-Sep-2026",7,"",""
"2298","PASHUPATI","EQ",80.69,80.75,78.56,78.94,78.93,80.39,78056,62.04,"24-Sep-2026",1629,"",""
"2299","PASUPTAC","EQ",80.49,80.49,75.25,76.25,76.5,79.82,435657,335.87,"24-Sep-2026",5351,"",""
"2300","PATANJALI","EQ",405,409.9,402.6,404.85,404.85,409.45,3161150,12838.4,"24-Sep-2026",53373,"",""
"2301","PATELENG","EQ",27.15,28.07,26.82,27.68,27.66,27.27,4700126,1297.03,"24-Sep-2026",14213,"",""
"2302","PATELRMART","EQ",210.1,210.1,203.12,207.03,208,210.33,117165,242.07,"24-Sep-2026",2395,"",""
"2303","PATILAUTOM","SM",343.1,354.9,332.5,335.65,336,350.15,87000,295.36,"24-Sep-2026",119,"",""
"2304","PATINTLOG","EQ",14.42,14.47,13.8,14.01,14.09,14.42,80517,11.31,"24-Sep-2026",415,"",""
"2305","PAUSHAKLTD","EQ",688,695,661.65,669.85,671,687.2,51906,348.38,"24-Sep-2026",2453,"",""
"2306","PAVNAIND","EQ",15.12,15.79,15,15.29,15.3,15.5,54956,8.47,"24-Sep-2026",280,"",""
"2307","PAYTM","EQ",1768,1784.7,1730.3,1735.5,1735.5,1775,3538274,62174.38,"24-Sep-2026",93411,"",""
"2308","PBMPOLY","EQ",63.68,63.68,63.68,63.68,63.68,63.68,151,0.1,"24-Sep-2026",6,"",""
"2309","PCBL","EQ",341,346.7,337,338.6,338,345.45,957134,3267.54,"24-Sep-2026",24271,"",""
"2310","PCCL","SM",441,450,430.1,445,445,453.05,22400,99.73,"24-Sep-2026",35,"",""
"2311","PCJEWELLER","EQ",14.61,14.65,14.01,14.25,14.26,14.47,473639166,67719.65,"24-Sep-2026",244293,"",""
"2312","PDMJEPAPER","EQ",98,98,94.76,95.45,95,98.27,184459,176.94,"24-Sep-2026",3145,"",""
"2313","PDSL","EQ",358.55,361.25,354.9,359.65,356.1,361.4,54408,195.21,"24-Sep-2026",4694,"",""
"2314","PEARLPOLY","EQ",19.31,19.31,18.72,18.72,18.72,19.7,8216,1.55,"24-Sep-2026",89,"",""
"2315","PELATRO","SM",394.5,395,375,375.1,375,394.5,4500,17.32,"24-Sep-2026",14,"",""
"2316","PENIND","EQ",183.31,184.9,177.4,178.75,179.3,183.31,606333,1097.93,"24-Sep-2026",10216,"",""
"2317","PENINLAND","EQ",17.45,17.45,16.51,16.58,16.64,17.38,230786,39.06,"24-Sep-2026",810,"",""
"2318","PENTAGON","ST",90.25,90.25,90.25,90.25,90.25,95,1000,0.9,"24-Sep-2026",1,"",""
"2319","PERFECT","SZ",1.65,1.65,1.65,1.65,1.65,1.6,3000,0.05,"24-Sep-2026",1,"",""
"2320","PERMAGN","EQ",840.85,849.15,829.85,847.7,848,832.5,2167,18.22,"24-Sep-2026",275,"",""
"2321","PERNIASPOP","EQ",543,545.25,527.1,530.4,527.25,549.05,28951,155.55,"24-Sep-2026",2361,"",""
"2322","PERSISTENT","EQ",5188,5345,5188,5277,5277,5240,411640,21831.41,"24-Sep-2026",30886,"",""
"2323","PETRONET","EQ",285,288.1,283.3,286.6,286.6,285.85,1049770,3007.01,"24-Sep-2026",22246,"",""
"2324","PFC","EQ",343.85,345.1,338,339.35,339.35,346,7953489,27135.74,"24-Sep-2026",61372,"",""
"2325","PFIZER","EQ",4029.9,4060,3998.9,4046.2,4054.4,4025.5,18668,754.78,"24-Sep-2026",4296,"",""
"2326","PFOCUS","EQ",329,335,315,318.75,320.3,337.15,4097678,13514.19,"24-Sep-2026",34422,"",""
"2327","PFS","EQ",26.7,27.09,26.37,26.93,26.95,26.72,857717,231.35,"24-Sep-2026",3718,"",""
"2328","PGEL","EQ",519.7,524.75,512,514.45,514.45,521.15,732431,3792.68,"24-Sep-2026",14808,"",""
"2329","PGHH","EQ",7193.5,7199,7068.5,7093,7086,7193.5,17683,1259.08,"24-Sep-2026",5164,"",""
"2330","PGHL","EQ",5434.5,5514,5405,5416.5,5408,5452,7525,409.98,"24-Sep-2026",2093,"",""
"2331","PGIL","EQ",1294.9,1328.7,1264.9,1273.6,1270.3,1300.8,292394,3803.59,"24-Sep-2026",25482,"",""
"2332","PGINVIT","IV",101.1,102,101.1,101.94,101.91,101.47,1093115,1109.97,"24-Sep-2026",5073,"",""
"2333","PHANTOMFX","SM",90.7,95.45,89.25,90.6,89.25,91.65,7500,6.81,"24-Sep-2026",24,"",""
"2334","PHARMABEES","EQ",28.58,28.58,27.71,27.8,27.79,27.89,4033114,1125.5,"24-Sep-2026",9397,"",""
"2335","PHOENIXLTD","EQ",1985.3,2035.6,1948,1955,1955,1993.2,558988,11151.17,"24-Sep-2026",33905,"",""
"2336","PHOENXINTL","EQ",28.5,28.9,27.81,28.33,28.03,28.16,3567,1.01,"24-Sep-2026",68,"",""
"2337","PHOGLOBAL","SM",16,16,16,16,16,16.3,2000,0.32,"24-Sep-2026",1,"",""
"2338","PICCADIL","EQ",621.5,621.5,599,601.55,603.1,621.6,128361,780.71,"24-Sep-2026",6850,"",""
"2339","PIDILITIND","EQ",1561,1579,1517.5,1522,1522,1588.1,1259222,19328.56,"24-Sep-2026",41926,"",""
"2340","PIGL","EQ",99.7,104.5,98.01,102.63,101.3,99.92,99510,101.27,"24-Sep-2026",892,"",""
"2341","PIIND","EQ",2386,2410,2365.3,2393.5,2393.5,2386,115568,2760.06,"24-Sep-2026",15638,"",""
"2342","PILANIINVS","EQ",4007.3,4065,3992.1,4007.1,4016.6,4041.8,1420,57.01,"24-Sep-2026",283,"",""
"2343","PILITA","EQ",7.53,7.79,7.35,7.47,7.5,7.43,19377,1.46,"24-Sep-2026",134,"",""
"2344","PINELABS","EQ",187.05,187.3,177.65,179.31,180,188.3,32802728,59473.37,"24-Sep-2026",170426,"",""
"2345","PIONEEREMB","EQ",21.85,22.9,21.6,21.7,21.61,22.24,3471,0.77,"24-Sep-2026",82,"",""
"2346","PIONRINV","BE",81.69,81.69,78.57,78.57,78.57,78.51,6,0,"24-Sep-2026",3,"",""
"2347","PIRAMALFIN","EQ",1781.2,2200.8,1781.2,2104.3,2114,2226.5,879880,18513.59,"24-Sep-2026",62560,"",""
"2348","PITTIENG","EQ",1168,1179,1140,1161,1163,1167.1,101695,1181.01,"24-Sep-2026",9970,"",""
"2349","PIXTRANS","EQ",1737,1768,1721.6,1745.8,1755,1758.7,8779,152.81,"24-Sep-2026",1322,"",""
"2350","PKTEA","BE",990,1020,959,998.35,1010,988.15,1326,13.22,"24-Sep-2026",117,"",""
"2351","PLASTIBLEN","EQ",187,194.27,187,189.71,190.2,187.5,29339,56.24,"24-Sep-2026",942,"",""
"2352","PLATIND","EQ",217,217,211,213.33,212.2,216.58,54033,115.14,"24-Sep-2026",4156,"",""
"2353","PLAZACABLE","EQ",63,63,60.5,60.69,60.9,62.84,63063,38.72,"24-Sep-2026",998,"",""
"2354","PML","EQ",490.85,490.85,471.1,483.85,484,486,753,3.58,"24-Sep-2026",75,"",""
"2355","PNB","EQ",117.25,118.67,117.06,117.12,117.12,118.3,10755825,12662.36,"24-Sep-2026",32225,"",""
"2356","PNBGILTS","EQ",76.2,76.49,75.01,75.35,75.39,76.33,249579,188.78,"24-Sep-2026",2719,"",""
"2357","PNBHOUSING","EQ",1130,1135.1,1085.7,1094.5,1094.5,1138.5,598730,6592.33,"24-Sep-2026",23865,"",""
"2358","PNC","EQ",17.05,17.33,16.4,16.62,16.76,17.33,6240,1.04,"24-Sep-2026",161,"",""
"2359","PNCINFRA","EQ",139,139.17,135.25,136.72,135.61,139.17,1211443,1664.94,"24-Sep-2026",13837,"",""
"2360","PNGJL","EQ",604.95,604.95,586.55,591.2,591,605,317687,1893.16,"24-Sep-2026",16697,"",""
"2361","PNGSREVA","EQ",525,527.1,511,523.85,524,525.95,80424,417.06,"24-Sep-2026",3627,"",""
"2362","POCL","EQ",487,487,463.5,468.85,470,487.4,459994,2189.36,"24-Sep-2026",14400,"",""
"2363","PODDARMENT","EQ",278.6,288.95,274,275.15,274.8,281.8,4006,11.1,"24-Sep-2026",146,"",""
"2364","POEL","EQ",140.56,153,138.61,146.7,147,140.57,53141,78.21,"24-Sep-2026",1700,"",""
"2365","POKARNA","EQ",736,739.95,724.6,729.05,729.75,741.05,39133,286.27,"24-Sep-2026",2516,"",""
"2366","POLICYBZR","EQ",1697.7,1697.7,1207.2,1207.2,1207.2,1886.3,27348784,350973.76,"24-Sep-2026",182400,"",""
"2367","POLYCAB","EQ",8371,8420,8324,8366.5,8366.5,8417,237772,19915.02,"24-Sep-2026",24092,"",""
"2368","POLYMED","EQ",1720.1,1772,1710.1,1716,1715,1726.6,114079,1979.47,"24-Sep-2026",16376,"",""
"2369","POLYPLEX","EQ",1117.1,1117.1,1092.7,1097.4,1096,1117.1,17239,189.78,"24-Sep-2026",2314,"",""
"2370","POLYSIL","SM",54,59.6,54,59.6,59.6,56.8,175000,99.45,"24-Sep-2026",206,"",""
"2371","POLYSPIN","EQ",36.49,36.49,29.33,30.35,29.33,30.78,13108,4.28,"24-Sep-2026",276,"",""
"2372","PONNIERODE","EQ",375,390.45,374,380.6,376.6,375.25,46615,177.67,"24-Sep-2026",2166,"",""
"2373","POONAWALLA","EQ",470.1,474.3,463.45,466.8,467,478.85,1114308,5213.59,"24-Sep-2026",44112,"",""
"2374","POSITRON","SM",238.45,239.85,230.5,238.25,239.2,233.1,22800,53.7,"24-Sep-2026",69,"",""
"2375","POWERGRID","EQ",270.4,270.9,265.75,266.4,266.4,270.2,8968993,23999.84,"24-Sep-2026",59103,"",""
"2376","POWERICA","EQ",565.25,580,554.95,562.85,566.9,570.85,121712,690.73,"24-Sep-2026",5657,"",""
"2377","POWERINDIA","EQ",31110,31245,30625,30715,30715,31150,65076,20111.28,"24-Sep-2026",21004,"",""
"2378","POWERMECH","EQ",2440,2460,2415.1,2429.5,2421,2453.5,22575,550.38,"24-Sep-2026",4571,"",""
"2379","PPAP","BE",244.2,256.4,244.2,253.5,253,244.2,19283,48.62,"24-Sep-2026",300,"",""
"2380","PPL","BE",277.95,277.95,265.2,265.95,267.4,272.25,21551,58.2,"24-Sep-2026",263,"",""
"2381","PPLPHARMA","EQ",210.65,214.89,207.1,208.12,207.94,210.74,4373651,9226.74,"24-Sep-2026",63637,"",""
"2382","PPSL","SM",2.9,2.9,2.85,2.85,2.85,2.9,27000,0.78,"24-Sep-2026",7,"",""
"2383","PRABHA","EQ",234.71,234.71,223.4,225.76,228,234.8,63514,145.24,"24-Sep-2026",1569,"",""
"2384","PRADPME","BE",507.5,522.9,504,505.5,506,509.3,5440,27.64,"24-Sep-2026",123,"",""
"2385","PRAENG","EQ",21,24.13,20.7,22.86,22.94,21.38,127589,29.11,"24-Sep-2026",535,"",""
"2386","PRAJIND","EQ",316,319.9,314.55,316.1,316.15,320.15,328703,1039.42,"24-Sep-2026",9997,"",""
"2387","PRAKASH","EQ",118.52,119.59,116,117.68,119.5,119.79,1135105,1334.97,"24-Sep-2026",7687,"",""
"2388","PRAKASHSTL","EQ",3.79,3.8,3.65,3.68,3.65,3.72,50041,1.85,"24-Sep-2026",301,"",""
"2389","PRAMARA","SM",96.9,97.75,96.9,97.75,97.75,93.1,18500,18.05,"24-Sep-2026",22,"",""
"2390","PRAMODINI","SM",115,117,112.15,114.55,114.2,116.2,88800,101.88,"24-Sep-2026",72,"",""
"2391","PRANAV","EQ",104,105,99.55,100.19,100.17,105.85,2925323,2975.66,"24-Sep-2026",29536,"",""
"2392","PRANIK","SM",40,40,37.15,39.4,39.4,41.65,8000,3.11,"24-Sep-2026",5,"",""
"2393","PRASOLCHEM","EQ",737,750.9,713.1,720.7,724,740.9,250318,1831.03,"24-Sep-2026",18224,"",""
"2394","PRATHAM","SM",121.05,122.3,121.05,121.7,121.7,125.1,4800,5.83,"24-Sep-2026",12,"",""
"2395","PRAVEG","EQ",259.15,263.4,255.05,259.3,260,261.05,33460,86.56,"24-Sep-2026",627,"",""
"2396","PRAXIS","EQ",4.42,4.49,4.1,4.45,4.49,4.28,64541,2.86,"24-Sep-2026",189,"",""
"2397","PRECAM","EQ",121.6,125,119.01,119.99,120.28,122.11,146953,177.19,"24-Sep-2026",2575,"",""
"2398","PRECOT","EQ",647.85,647.85,632.05,634.45,633,646.9,3735,23.77,"24-Sep-2026",188,"",""
"2399","PRECWIRE","EQ",494,503,485.1,488.9,488,498.85,316420,1565.9,"24-Sep-2026",20328,"",""
"2400","PREMCO","EQ",400.75,409.9,400.05,402.3,402,400.75,528,2.13,"24-Sep-2026",77,"",""
"2401","PREMEXPLN","EQ",675,686,675,680.5,681,675.15,405163,2755.53,"24-Sep-2026",6661,"",""
"2402","PREMIER","BE",2.98,2.98,2.71,2.93,2.93,2.85,72701,2.05,"24-Sep-2026",73,"",""
"2403","PREMIERENE","EQ",901.5,910,885,898,898,915,1038026,9282.41,"24-Sep-2026",21452,"",""
"2404","PREMIERPOL","EQ",98,106,93.2,100.51,99.3,96.72,6670334,6758.12,"24-Sep-2026",74672,"",""
"2405","PREMIUM","SM",43,43,42,42.45,42.45,41.95,12000,5.1,"24-Sep-2026",4,"",""
"2406","PRESSTONIC","SM",39.2,47.8,35.5,47.75,47.8,39.85,295200,134,"24-Sep-2026",243,"",""
"2407","PRESTIGE","EQ",1469.1,1495.8,1463.1,1475,1475,1490,286757,4227.96,"24-Sep-2026",9866,"",""
"2408","PRICOLLTD","EQ",762,772.75,748.05,763.8,765.05,763.65,322125,2456.87,"24-Sep-2026",15724,"",""
"2409","PRIMECAB","ST",172,172,167,168.5,168.5,169.1,25600,43.58,"24-Sep-2026",16,"",""
"2410","PRIMESECU","EQ",294.5,300.1,294.5,299.7,299.8,296.35,50758,151.95,"24-Sep-2026",658,"",""
"2411","PRIMO","EQ",23.05,23.05,22.1,22.29,22.51,22.92,85789,19.11,"24-Sep-2026",437,"",""
"2412","PRINCEPIPE","EQ",263.5,266.05,258.75,259.8,260.5,265.75,81141,212.2,"24-Sep-2026",3272,"",""
"2413","PRIORITY","EQ",270.6,312.9,265.05,303.99,298.6,263.35,2319891,6896.36,"24-Sep-2026",53354,"",""
"2414","PRISMX","EQ",0.53,0.53,0.51,0.51,0.52,0.53,187552,0.97,"24-Sep-2026",132,"",""
"2415","PRITI","EQ",33.99,33.99,32.27,32.61,32.6,33.17,2736,0.9,"24-Sep-2026",108,"",""
"2416","PRITIKA","SM",63,63,62.5,63,63,63,20000,12.55,"24-Sep-2026",9,"",""
"2417","PRITIKAUTO","BE",16.5,17.14,16.5,17.13,17.14,16.33,297255,50.64,"24-Sep-2026",587,"",""
"2418","PRIVISCL","EQ",3476.9,3553,3461.9,3537.9,3524.2,3483.8,125259,4416.82,"24-Sep-2026",20091,"",""
"2419","PRIZOR","ST",1128.55,1128.55,1106,1106,1106,1128.55,14800,164.66,"24-Sep-2026",35,"",""
"2420","PRLIND","SM",47.9,48.9,45,48.45,48.45,47.9,30000,14.09,"24-Sep-2026",25,"",""
"2421","PROLIFE","SM",80,80.05,79,80,80,79,2500,2,"24-Sep-2026",5,"",""
"2422","PROPSHOP","SM",73,73,71.65,71.65,71.65,73,22000,15.99,"24-Sep-2026",6,"",""
"2423","PROSTARM","EQ",134.6,144.8,134.6,139.26,138.75,138.08,1007492,1424.09,"24-Sep-2026",15634,"",""
"2424","PROTEAN","EQ",634.75,670.35,622.2,641.95,640,636.2,2739934,17882.4,"24-Sep-2026",68706,"",""
"2425","PROV","SM",1940,1940,1920,1920.5,1921,1940,400,7.73,"24-Sep-2026",5,"",""
"2426","PROZONER","EQ",51.47,55.87,51.47,54.16,53.91,52.19,667907,360.27,"24-Sep-2026",5470,"",""
"2427","PRSMJOHNSN","EQ",115.5,116.43,114.75,115.24,115,116.43,186625,215.21,"24-Sep-2026",2885,"",""
"2428","PRUDENT","EQ",3290,3292.5,3211,3219.6,3225,3352.7,27031,878.21,"24-Sep-2026",5086,"",""
"2429","PRUDMOULI","EQ",14.4,14.4,13.21,13.67,13.7,13.8,1726,0.23,"24-Sep-2026",45,"",""
"2430","PSB","EQ",22,22,21.7,21.78,21.82,22.1,748966,163.48,"24-Sep-2026",2683,"",""
"2431","PSPPROJECT","EQ",829.9,829.9,800,802.6,801.5,832.55,85398,691.81,"24-Sep-2026",4663,"",""
"2432","PSUBANK","EQ",83.39,83.82,82.51,82.92,82.94,83.41,87881,72.87,"24-Sep-2026",700,"",""
"2433","PSUBANKADD","EQ",84.44,84.44,83.4,83.81,83.4,84.44,23742,19.9,"24-Sep-2026",299,"",""
"2434","PSUBNKBEES","EQ",95.51,95.51,92.1,92.45,92.47,93.19,1171527,1083.67,"24-Sep-2026",5272,"",""
"2435","PSUBNKIETF","EQ",84.41,84.42,83.41,83.77,84.17,84.54,66563,55.89,"24-Sep-2026",844,"",""
"2436","PTC","EQ",156.9,157.79,155.26,155.89,156.35,157.08,1398404,2193.12,"24-Sep-2026",16767,"",""
"2437","PTCIL","EQ",22300,22375,21630,21820,21870,22355,11033,2420.77,"24-Sep-2026",4531,"",""
"2438","PTL","EQ",38.24,38.4,38.05,38.19,38.24,38.18,22131,8.46,"24-Sep-2026",530,"",""
"2439","PULZ","SM",20.45,20.45,20.45,20.45,20.45,20.45,4000,0.82,"24-Sep-2026",2,"",""
"2440","PUNJABCHEM","EQ",1065,1065,1043.8,1054.1,1051.4,1064.9,1979,20.89,"24-Sep-2026",310,"",""
"2441","PURPLEUTED","ST",465.2,507,459.35,482.05,470,483.5,36500,175.36,"24-Sep-2026",116,"",""
"2442","PURVA","EQ",213.52,217.34,211.7,215.06,216.7,216.82,149647,319.92,"24-Sep-2026",3232,"",""
"2443","PURVFLEXI","SM",45.6,45.6,45.6,45.6,45.6,48,800,0.36,"24-Sep-2026",1,"",""
"2444","PUSHPA","SM",104,107,103,106.35,107,103,81000,84.98,"24-Sep-2026",71,"",""
"2445","PVP","EQ",68.21,72.04,65.18,65.2,65.29,68.61,4027491,2789.35,"24-Sep-2026",13531,"",""
"2446","PVRINOX","EQ",1295.1,1310,1251,1256.7,1262,1317.5,673506,8622.12,"24-Sep-2026",32155,"",""
"2447","PVSL","EQ",98,99.7,98,98.62,98.4,98.71,15179,14.99,"24-Sep-2026",362,"",""
"2448","PVTBANIETF","EQ",27.65,27.65,27.07,27.25,27.45,27.65,5328625,1449.42,"24-Sep-2026",2990,"",""
"2449","PVTBANK","EQ",27.31,27.31,26.85,26.96,27.02,27.39,450586,121.85,"24-Sep-2026",105,"",""
"2450","PVTBANKADD","EQ",27.6,27.6,27.22,27.33,27.34,27.77,92971,25.39,"24-Sep-2026",309,"",""
"2451","PVTBKGROWW","EQ",27.89,27.89,26.9,27.01,27.05,28.03,76198,20.62,"24-Sep-2026",246,"",""
"2452","PWL","EQ",135,135.5,131.64,132.64,133,136.11,3851869,5122.8,"24-Sep-2026",41447,"",""
"2453","PYRAMID","EQ",160.5,165,156.92,161.52,162.24,159.33,66073,106.17,"24-Sep-2026",1636,"",""
"2454","QFIL","SM",55.1,55.1,55.1,55.1,55.1,58,1000,0.55,"24-Sep-2026",1,"",""
"2455","QGOLDHALF","EQ",124.89,124.89,123.57,123.65,123.7,124.98,90015,111.9,"24-Sep-2026",945,"",""
"2456","QLINE","SM",699.6,707,662,674.85,670,699.55,39200,267.25,"24-Sep-2026",93,"",""
"2457","QMSMEDI","BE",195.1,195.9,188.3,192.54,192,195.1,55427,105.83,"24-Sep-2026",304,"",""
"2458","QNIFTY","EQ",256.4,257.03,254.4,254.69,254.8,258.62,3315,8.47,"24-Sep-2026",148,"",""
"2459","QPOWER","EQ",1548.2,1560,1492,1500.1,1504.5,1555.6,304777,4614.54,"24-Sep-2026",20518,"",""
"2460","QUADFUTURE","EQ",521,521.95,497.05,500.4,502.9,526.55,327499,1663.47,"24-Sep-2026",10072,"",""
"2461","QUADPRO","ST",3.85,3.85,3.85,3.85,3.85,3.7,48000,1.85,"24-Sep-2026",4,"",""
"2462","QUAL30IETF","EQ",20.31,20.33,20.11,20.17,20.21,20.33,45071,9.1,"24-Sep-2026",291,"",""
"2463","QUALIANCE","ST",185,191.6,181.1,191.6,191.6,182.5,169000,321.62,"24-Sep-2026",117,"",""
"2464","QUALITY30","EQ",20.14,20.14,19.77,19.8,19.83,19.95,5657,1.12,"24-Sep-2026",155,"",""
"2465","QUESS","EQ",355,361,345.05,353.4,355,359,330356,1171.69,"24-Sep-2026",17858,"",""
"2466","QUESTLAB","SM",74.05,90.1,73,90.1,90.1,75.1,212400,181.45,"24-Sep-2026",142,"",""
"2467","QUICKHEAL","EQ",151.8,152.49,146.01,147.9,148.28,151.57,149055,221.52,"24-Sep-2026",3124,"",""
"2468","QUICKTOUCH","SM",15.45,16,15.45,16,16,16.25,1500,0.23,"24-Sep-2026",3,"",""
"2469","QUINT","BE",88.8,88.8,88.01,88.8,88.8,84.58,242233,215.09,"24-Sep-2026",313,"",""
"2470","RACE","EQ",120.2,122.89,114,115.98,116,122.91,76549,91.16,"24-Sep-2026",1801,"",""
"2471","RACLGEAR","EQ",1683,1710,1651.2,1679.8,1679,1689.6,29143,489.34,"24-Sep-2026",4089,"",""
"2472","RADAAN","EQ",3.13,3.49,3.02,3.1,3.05,3.13,317163,10.33,"24-Sep-2026",458,"",""
"2473","RADHIKAJWE","BE",71.99,72.7,69,70.64,71.2,71.92,148191,104.55,"24-Sep-2026",1020,"",""
"2474","RADIANTCMS","EQ",35.5,35.9,35,35.61,35.53,35.54,139012,49.29,"24-Sep-2026",1119,"",""
"2475","RADICO","EQ",4589.1,4598.1,4475,4481.3,4481.3,4601.9,227909,10365.48,"24-Sep-2026",37717,"",""
"2476","RADIOCITY","EQ",6.14,6.14,5.92,5.98,5.98,6.04,40424,2.43,"24-Sep-2026",155,"",""
"2477","RADIOWALLA","ST",29.1,29.1,29.1,29.1,29.1,27.75,3200,0.93,"24-Sep-2026",2,"",""
"2478","RAILTEL","EQ",265,266.55,260.1,261.55,261.5,268.75,365253,959.86,"24-Sep-2026",9029,"",""
"2479","RAIN","EQ",218.25,224.09,216.42,218.23,218.56,221.86,4226826,9313.14,"24-Sep-2026",31910,"",""
"2480","RAINBOW","EQ",1401,1415,1372.3,1412.6,1414.9,1406.5,239564,3335.6,"24-Sep-2026",36576,"",""
"2481","RAJESHEXPO","BZ",68.5,70,67,68.07,68,68.53,138444,94.31,"24-Sep-2026",1632,"",""
"2482","RAJINDLTD","SM",66.5,66.5,66.5,66.5,66.5,67,1500,1,"24-Sep-2026",1,"",""
"2483","RAJMET","EQ",3.13,3.18,3.09,3.12,3.12,3.12,235422,7.38,"24-Sep-2026",589,"",""
"2484","RAJOOENG","BE",55.7,55.7,53.2,54.81,54.21,55.25,214508,116.76,"24-Sep-2026",733,"",""
"2485","RAJPALAYAM","EQ",760,777.95,758,767.9,768,790.45,508,3.88,"24-Sep-2026",48,"",""
"2486","RAJRATAN","EQ",478,480.5,469.05,472.05,473.25,483.2,65143,309.29,"24-Sep-2026",3678,"",""
"2487","RAJRILTD","BE",20.39,20.57,20.2,20.57,20.57,20.17,5648,1.16,"24-Sep-2026",79,"",""
"2488","RAJSREESUG","EQ",32,33.25,31.3,31.57,31.5,32,20368,6.46,"24-Sep-2026",224,"",""
"2489","RAJTV","EQ",9.77,10.25,9.77,10.25,10.25,9.77,137056,13.91,"24-Sep-2026",549,"",""
"2490","RALLIS","EQ",202,202,199.6,200.36,200.2,202.62,548828,1099.73,"24-Sep-2026",12792,"",""
"2491","RAMANEWS","EQ",31.66,32.6,30.81,31.21,31.35,31.81,15382,4.82,"24-Sep-2026",196,"",""
"2492","RAMAPHO","EQ",124.9,124.9,121.1,122.49,123.37,123.21,11509,14.21,"24-Sep-2026",299,"",""
"2493","RAMASTEEL","BE",4.57,4.57,4.57,4.57,4.57,4.66,403947,18.46,"24-Sep-2026",1009,"",""
"2494","RAMBHAJO","EQ",284.9,285.45,275,275.76,276,286.1,240258,669.2,"24-Sep-2026",3978,"",""
"2495","RAMCOCEM","EQ",884.9,888.8,866.95,872.1,870,885.05,91368,802.61,"24-Sep-2026",6723,"",""
"2496","RAMCOIND","EQ",326,326,317.55,321.8,322,325.95,36329,116.52,"24-Sep-2026",1480,"",""
"2497","RAMCOSYS","EQ",594,597.45,575.55,581.35,583.5,598,48525,283.51,"24-Sep-2026",2649,"",""
"2498","RAMKY","EQ",324.05,324.05,308.85,310.15,310.05,325.15,90295,283.76,"24-Sep-2026",2284,"",""
"2499","RAMRAT","EQ",559.75,559.75,538.3,548.4,547.1,558.65,133797,731.87,"24-Sep-2026",7737,"",""
"2500","RANASUG","EQ",14.14,14.14,13.77,13.86,13.94,14.06,644335,89.68,"24-Sep-2026",594,"",""
"2501","RANEHOLDIN","EQ",1596,1596,1560.6,1590.7,1592,1591.9,6742,106.49,"24-Sep-2026",1005,"",""
"2502","RAPIDFLEET","SM",198,202,198,202,202,200,6600,13.11,"24-Sep-2026",10,"",""
"2503","RAPPID","SM",353,357.95,342.2,352,352,361.7,7200,25.28,"24-Sep-2026",12,"",""
"2504","RATEGAIN","EQ",848,853,820,824,825.65,851.8,229457,1914.79,"24-Sep-2026",14840,"",""
"2505","RATNAMANI","EQ",2798,2838,2771,2824.2,2815.5,2800.8,25738,724.28,"24-Sep-2026",6512,"",""
"2506","RATNAVEER","EQ",333.6,335.95,322.35,323.95,324.8,331.4,2762101,9036.53,"24-Sep-2026",22156,"",""
"2507","RAYMOND","EQ",1114.65,1221,1100,1203.85,1200.05,1114.65,7466499,87448.33,"24-Sep-2026",225905,"",""
"2508","RAYMONDLSL","EQ",674.05,720,670.75,688.85,688,677.45,832796,5826.14,"24-Sep-2026",40271,"",""
"2509","RAYMONDREL","EQ",664.6,717,662.5,708.3,705,671.45,18194912,127910.15,"24-Sep-2026",311422,"",""
"2510","RBA","EQ",94.5,94.74,89.73,90.65,90.15,94.86,2714662,2484.86,"24-Sep-2026",15959,"",""
"2511","RBLBANK","EQ",416.5,423.2,409.1,412.75,412.75,428,7315903,30335.74,"24-Sep-2026",90061,"",""
"2512","RBMINFRA","SM",270,270,265,267.9,268.1,270.9,11400,30.42,"24-Sep-2026",53,"",""
"2513","RBS","SM",83,83,83,83,83,83.8,800,0.66,"24-Sep-2026",1,"",""
"2514","RBZJEWEL","BE",177.8,178,171,172.26,171.54,178.05,52127,90.49,"24-Sep-2026",611,"",""
"2515","RCDL","SM",16.25,16.25,16.25,16.25,16.25,15.5,18000,2.93,"24-Sep-2026",5,"",""
"2516","RCF","EQ",108.9,109.15,108,108.4,108.51,109.63,649262,705.43,"24-Sep-2026",6019,"",""
"2517","RCOM","BE",0.93,0.97,0.93,0.93,0.94,0.93,2828600,26.77,"24-Sep-2026",2381,"",""
"2518","READYMIX","SM",67.9,67.95,63,63,63,67.9,14000,9.23,"24-Sep-2026",13,"",""
"2519","RECLTD","EQ",309.85,310.85,307.2,308.25,308.25,311.5,5871620,18147.64,"24-Sep-2026",36869,"",""
"2520","REDINGTON","EQ",396.9,409.8,395.6,406.4,408,400.75,4726104,19092.09,"24-Sep-2026",76384,"",""
"2521","REDTAPE","EQ",120,122.99,118.33,122.13,122,121.1,829244,1007.1,"24-Sep-2026",15274,"",""
"2522","REFEX","EQ",285,287.7,282,283.35,283.1,286.65,192387,546.32,"24-Sep-2026",3273,"",""
"2523","REFRACTORY","SM",38,38.35,38,38.35,38.35,36.55,8000,3.06,"24-Sep-2026",8,"",""
"2524","REGAAL","EQ",94.56,96.5,89.02,90.61,89.02,94.56,1558224,1449.74,"24-Sep-2026",12409,"",""
"2525","REGENCERAM","EQ",35,35,33.22,34.78,34,34.89,1189,0.41,"24-Sep-2026",51,"",""
"2526","RELAXO","EQ",298.3,298.3,290.5,291.7,292.5,298.3,142551,418.97,"24-Sep-2026",8359,"",""
"2527","RELCHEMQ","EQ",117.71,119,115.1,118.41,116.66,117.71,1306,1.53,"24-Sep-2026",83,"",""
"2528","RELIABLE","EQ",147.5,149.5,144.01,147.95,147.8,145.7,15260,22.52,"24-Sep-2026",559,"",""
"2529","RELIANCE","EQ",1236.6,1241.6,1219.2,1219.2,1219.2,1248,13923795,171176.77,"24-Sep-2026",238449,"",""
"2530","RELIGARE","EQ",246.75,251,240.1,240.32,240.5,251.77,861682,2098.36,"24-Sep-2026",19977,"",""
"2531","RELINFRA","BE",46.12,46.12,46.12,46.12,46.12,47.06,133336,61.49,"24-Sep-2026",418,"",""
"2532","RELTD","EQ",155.4,158.9,145.8,146.32,147.9,149.36,417879,631.29,"24-Sep-2026",6618,"",""
"2533","REMSONSIND","EQ",102.5,113.39,101.52,111.12,111.59,99.87,1520482,1660.81,"24-Sep-2026",17784,"",""
"2534","REMUS","SM",951,969.95,935,942.2,935,977.25,4200,40.23,"24-Sep-2026",37,"",""
"2535","RENTOMOJO","EQ",517.6,523.15,496,501.9,502,521.35,2577386,13098.04,"24-Sep-2026",55462,"",""
"2536","RENUKA","EQ",22.89,23.13,22.45,22.92,22.9,23.04,8155853,1860.3,"24-Sep-2026",13711,"",""
"2537","REPCOHOME","EQ",354.3,357.75,350,352.45,351.9,355.85,44419,156.57,"24-Sep-2026",1332,"",""
"2538","REPL","EQ",57.7,64.05,57,60.62,64.05,58.23,4259,2.52,"24-Sep-2026",109,"",""
"2539","REPRO","EQ",302.85,306,299,302.2,299.05,301.35,3630,10.99,"24-Sep-2026",596,"",""
"2540","RESPONIND","EQ",162,163.8,156.35,158.02,156.45,162.24,176568,281.48,"24-Sep-2026",2851,"",""
"2541","RETAIL","EQ",17,17,16.66,16.72,16.67,17.25,1209,0.2,"24-Sep-2026",37,"",""
"2542","REXPRO","SM",34.85,34.85,34.85,34.85,34.85,36,2000,0.7,"24-Sep-2026",2,"",""
"2543","RFBL","ST",102.3,102.35,98,101,101,97.5,225000,226.42,"24-Sep-2026",16,"",""
"2544","RGL","EQ",170.49,173,164.12,166.3,165.8,170.48,1450286,2425.97,"24-Sep-2026",17236,"",""
"2545","RHETAN","EQ",15.96,15.96,15.96,15.96,15.96,16.79,738428,117.85,"24-Sep-2026",1138,"",""
"2546","RHFL","BZ",1.69,1.73,1.65,1.68,1.69,1.69,552488,9.27,"24-Sep-2026",876,"",""
"2547","RHIM","EQ",385,386.75,380,383.8,382.25,388.85,551183,2114.02,"24-Sep-2026",19313,"",""
"2548","RHL","EQ",173,179,170.25,177.76,177.9,173.1,462,0.8,"24-Sep-2026",21,"",""
"2549","RICOAUTO","EQ",129,133.74,127.29,130.67,130.7,129.23,1542883,2021.44,"24-Sep-2026",15989,"",""
"2550","RIIL","EQ",719,719,700.6,703.45,704.9,719.95,41538,293.41,"24-Sep-2026",2043,"",""
"2551","RIIT","IV",119.1,119.62,118.9,118.91,118.9,119.62,154686,184.13,"24-Sep-2026",4784,"",""
"2552","RILINFRA","SM",33.05,33.55,32.55,33.2,33.25,33.05,4800,1.59,"24-Sep-2026",27,"",""
"2553","RIR","EQ",187.99,191.21,182.22,184.03,183.01,189.75,636443,1186.37,"24-Sep-2026",10471,"",""
"2554","RISHABH","EQ",735,746.9,697.1,704.55,700,738.95,128028,917.78,"24-Sep-2026",5296,"",""
"2555","RITCO","EQ",292.5,298.7,285,286.1,285.6,289.75,114579,332.8,"24-Sep-2026",3108,"",""
"2556","RITES","EQ",203.03,203.69,201,201.74,201.82,204.05,329723,666.29,"24-Sep-2026",9069,"",""
"2557","RITEZONE","SM",18.5,18.5,18.5,18.5,18.5,19.4,1600,0.3,"24-Sep-2026",1,"",""
"2558","RKDL","EQ",18.77,18.77,18.26,18.66,18.66,18.49,7008,1.29,"24-Sep-2026",58,"",""
"2559","RKEC","EQ",19.67,22.84,18.8,22.84,22.84,19.04,234560,50.93,"24-Sep-2026",694,"",""
"2560","RKFORGE","EQ",705.5,720.85,701,709.55,709,710.2,397737,2826.2,"24-Sep-2026",14587,"",""
"2561","RKSWAMY","EQ",93.95,94.39,91.01,91.72,91.85,92.45,46656,43.3,"24-Sep-2026",574,"",""
"2562","RMC","EQ",221.93,223.15,215,216.75,218.25,221.94,13798,30.07,"24-Sep-2026",706,"",""
"2563","RMDRIP","BE",23.61,24.05,23.5,23.5,23.55,23.61,371800,87.8,"24-Sep-2026",461,"",""
"2564","RML","EQ",1356.7,1395,1337.1,1362.8,1365,1356.7,112125,1542.49,"24-Sep-2026",9910,"",""
"2565","RNBDENIMS","BE",9.37,9.37,9.1,9.14,9.1,9.13,100887,9.3,"24-Sep-2026",365,"",""
"2566","RNFI","SM",311,322.2,309.05,318.3,318.3,311,19800,62.73,"24-Sep-2026",30,"",""
"2567","RNPL","SM",55,56.85,55,56.85,56.85,54.15,4800,2.69,"24-Sep-2026",4,"",""
"2568","ROCKINGDCE","SM",210,226,210,218.5,213,217,16000,34.73,"24-Sep-2026",41,"",""
"2569","ROHLTD","EQ",309.75,309.75,302,304,303.9,309.75,11622,35.46,"24-Sep-2026",855,"",""
"2570","ROLEXRINGS","EQ",183.58,184.34,178.91,181.41,182.54,183.58,1604576,2917.84,"24-Sep-2026",22266,"",""
"2571","ROLLT","BE",6.39,6.39,6.09,6.09,6.09,6.41,174023,10.66,"24-Sep-2026",318,"",""
"2572","ROML","EQ",41.55,42,41.21,41.87,41.5,41.87,1600,0.67,"24-Sep-2026",47,"",""
"2573","ROSSARI","EQ",451.3,451.4,441.5,446.5,445,454.8,46736,208.63,"24-Sep-2026",4013,"",""
"2574","ROSSELLIND","EQ",51.25,52.29,51.07,51.73,51.45,52.03,21996,11.39,"24-Sep-2026",400,"",""
"2575","ROSSTECH","EQ",1440.1,1473.5,1409.3,1418.9,1415,1449.8,111226,1594.04,"24-Sep-2026",14502,"",""
"2576","ROTO","EQ",62.98,66.23,62.32,63.77,63.5,63.13,1667390,1080.93,"24-Sep-2026",10537,"",""
"2577","ROUTE","EQ",470.9,471.45,463,464.3,463.7,473.25,110981,517.93,"24-Sep-2026",5201,"",""
"2578","ROXHITECH","SM",48,48,47,47.35,47,46.65,17600,8.38,"24-Sep-2026",11,"",""
"2579","ROYALARC","SM",156,156,156,156,156,160,1200,1.87,"24-Sep-2026",1,"",""
"2580","RPEL","EQ",1694.5,1745.9,1669.6,1698.4,1681,1711.7,49456,842.47,"24-Sep-2026",7580,"",""
"2581","RPGLIFE","EQ",3040,3040.6,2880.6,2899.9,2935.5,3025.4,62443,1838.06,"24-Sep-2026",10587,"",""
"2582","RPOWER","EQ",21,21.01,20.58,20.67,20.7,21.03,12599620,2612.43,"24-Sep-2026",24379,"",""
"2583","RPPINFRA","EQ",54.3,55,54,54.41,54.06,55.05,22062,11.99,"24-Sep-2026",411,"",""
"2584","RPPL","BE",20.46,20.46,19.5,19.7,19.84,20.46,82758,16.38,"24-Sep-2026",89,"",""
"2585","RPSGVENT","EQ",869,869,839.2,844.45,846,851.75,22823,193.33,"24-Sep-2026",1241,"",""
"2586","RPTECH","EQ",881.8,896.7,873,883.5,882.6,898.7,177454,1572.24,"24-Sep-2026",11366,"",""
"2587","RRECL","EQ",130,136.9,124,133.12,136.9,137,298,0.39,"24-Sep-2026",27,"",""
"2588","RRIL","EQ",16.1,16.26,15.75,16.17,16.18,16.04,10313,1.65,"24-Sep-2026",102,"",""
"2589","RRKABEL","EQ",2462.7,2545.1,2460,2529.8,2542.4,2476.7,356342,8951.26,"24-Sep-2026",38821,"",""
"2590","RSDFIN","BE",90,90,90,90,90,88.07,1,0,"24-Sep-2026",1,"",""
"2591","RSL","EQ",184,187.5,180.72,181.92,183,184.02,228791,420.81,"24-Sep-2026",6375,"",""
"2592","RSSOFTWARE","EQ",32.39,33.5,31.05,31.24,31.75,32.39,27801,9.04,"24-Sep-2026",175,"",""
"2593","RSWM","EQ",224.16,225.62,216.1,220.51,222.82,225.28,85731,188.46,"24-Sep-2026",1670,"",""
"2594","RSYSTEMS","EQ",239.17,241.51,236.13,237.43,238,239.6,145166,346.75,"24-Sep-2026",2818,"",""
"2595","RTNINDIA","EQ",27.5,27.51,26.24,26.57,26.8,27.45,1099558,294.61,"24-Sep-2026",6010,"",""
"2596","RTNPOWER","EQ",7.11,7.12,7,7.02,7.06,7.11,13603465,956.85,"24-Sep-2026",11936,"",""
"2597","RTSPOWR","EQ",85.05,91.85,85.05,87.16,87,89,757,0.66,"24-Sep-2026",36,"",""
"2598","RUBFILA","EQ",66.04,66.99,63.25,63.79,63.99,66.04,67396,43.71,"24-Sep-2026",832,"",""
"2599","RUBICON","EQ",1665,1693.2,1641,1676.1,1685,1674.8,265569,4423.82,"24-Sep-2026",33682,"",""
"2600","RUBYMILLS","EQ",490.2,510,465.65,494.6,487.25,490.2,31875,158.7,"24-Sep-2026",2009,"",""
"2601","RUCHINFRA","EQ",5.46,5.46,5.01,5.13,5.16,5.25,45578,2.34,"24-Sep-2026",252,"",""
"2602","RUCHIRA","EQ",105,105.4,103.92,104.53,104.2,105.77,21423,22.42,"24-Sep-2026",483,"",""
"2603","RUDRA","EQ",19.55,19.9,18.86,19.26,19.25,19.81,42631,8.25,"24-Sep-2026",197,"",""
"2604","RULKA","SM",105.2,106.95,105.2,106.95,106.95,105.2,900,0.96,"24-Sep-2026",3,"",""
"2605","RUPA","EQ",140,140,135.4,136,136.04,140.63,211159,289.09,"24-Sep-2026",4279,"",""
"2606","RUSHIL","EQ",16.86,17.1,16.42,16.63,16.8,16.78,179384,29.97,"24-Sep-2026",449,"",""
"2607","RUSTOMJEE","EQ",365.75,367.65,355.2,364,362.5,365.75,43140,156.92,"24-Sep-2026",1107,"",""
"2608","RVHL","EQ",39.69,39.69,37.53,38.83,39.24,39.48,27826,10.74,"24-Sep-2026",191,"",""
"2609","RVNL","EQ",209.75,210.1,205.26,206,206,211.77,2862163,5948.18,"24-Sep-2026",31087,"",""
"2610","RVTH","EQ",642.05,696.8,641.95,661,661,641.15,754,5,"24-Sep-2026",58,"",""
"2611","S&SPOWER","EQ",319.6,326.4,310,315.35,320,318.05,1797,5.69,"24-Sep-2026",134,"",""
"2612","SAAKSHI","ST",380,380,373.15,373.15,373.15,380.75,4200,15.82,"24-Sep-2026",6,"",""
"2613","SAATVIKGL","EQ",446.8,449.9,435.5,437.95,436.85,447.6,114648,506.88,"24-Sep-2026",3443,"",""
"2614","SAB","EQ",170,170,170,170,170,170,46,0.08,"24-Sep-2026",2,"",""
"2615","SACHEEROME","SM",499,504.95,477.2,480.85,480,498.55,16500,80.67,"24-Sep-2026",54,"",""
"2616","SADBHAV","EQ",7.72,7.72,7.5,7.54,7.6,7.71,174570,13.2,"24-Sep-2026",291,"",""
"2617","SADBHIN","EQ",2.59,2.63,2.56,2.59,2.61,2.59,65283,1.7,"24-Sep-2026",132,"",""
"2618","SADHAV","SM",103,105,103,105,105,105,3000,3.11,"24-Sep-2026",5,"",""
"2619","SADHNANIQ","BE",2.75,2.88,2.63,2.82,2.84,2.75,2972259,81.54,"24-Sep-2026",1099,"",""
"2620","SAFARI","EQ",1482.1,1495,1475.9,1481.2,1481,1491.6,14060,208.39,"24-Sep-2026",3554,"",""
"2621","SAFEENTP","SM",247.65,249.7,242.5,244.65,242.5,250.05,22000,54.25,"24-Sep-2026",41,"",""
"2622","SAGARDEEP","EQ",24.38,24.38,23.52,23.7,23.9,24.36,3152,0.75,"24-Sep-2026",89,"",""
"2623","SAGCEM","EQ",152.99,153.49,151,151.76,151,152.68,26975,41.04,"24-Sep-2026",626,"",""
"2624","SAGILITY","EQ",45.5,45.71,44.82,45,45,45.99,10874146,4913.62,"24-Sep-2026",21931,"",""
"2625","SAHAJSOLAR","SM",89.5,89.95,88.05,89.35,89.1,89.85,7200,6.4,"24-Sep-2026",18,"",""
"2626","SAHANA","SM",840,870,840,851.15,855,863.05,15150,129.39,"24-Sep-2026",78,"",""
"2627","SAHASRA","SM",408.45,408.45,408.45,408.45,408.45,389,32000,130.7,"24-Sep-2026",39,"",""
"2628","SAHLIBHFI","EQ",77,81.78,76.5,78.24,79.49,76.03,15818,12.52,"24-Sep-2026",637,"",""
"2629","SAHYADRI","EQ",360,383,356.6,366.85,369,369.6,14940,55.84,"24-Sep-2026",870,"",""
"2630","SAICAPI","EQ",157.25,157.25,142.15,146.03,146.03,155.69,488,0.72,"24-Sep-2026",27,"",""
"2631","SAIFL","SM",4.3,4.3,4.2,4.3,4.3,4.25,68000,2.9,"24-Sep-2026",16,"",""
"2632","SAIL","EQ",182.7,191.36,182.15,184,184,185.44,24815644,46583.15,"24-Sep-2026",101689,"",""
"2633","SAILIFE","EQ",1601,1649.8,1589,1594.9,1602,1609.6,518814,8404.05,"24-Sep-2026",32097,"",""
"2634","SAIPARENT","EQ",509.3,524,501.25,506.4,507.9,509.3,84888,436,"24-Sep-2026",3300,"",""
"2635","SAJHOTELS","ST",32.8,32.8,32.7,32.7,32.7,34.4,14000,4.58,"24-Sep-2026",7,"",""
"2636","SAKAR","EQ",1158,1189.9,1109.95,1128.55,1130.95,1162.65,121571,1395.73,"24-Sep-2026",11009,"",""
"2637","SAKHTISUG","EQ",18.2,18.23,17.86,17.96,17.99,18.23,79745,14.39,"24-Sep-2026",518,"",""
"2638","SAKSOFT","EQ",145.61,148.55,142.9,143.53,143.5,147.79,188469,272.05,"24-Sep-2026",3092,"",""
"2639","SAKUMA","EQ",1.67,1.75,1.6,1.66,1.65,1.67,2472729,40.86,"24-Sep-2026",1693,"",""
"2640","SALASAR","EQ",4.92,4.94,4.86,4.91,4.93,4.94,2533913,123.94,"24-Sep-2026",2818,"",""
"2641","SALONA","EQ",266,279.95,256.6,274.25,273.75,270.65,3076,8.22,"24-Sep-2026",242,"",""
"2642","SALSTEEL","EQ",86.8,89.27,85.21,89.27,89.27,85.02,974201,862.78,"24-Sep-2026",2588,"",""
"2643","SALZERELEC","EQ",551.1,551.1,532,538.65,539.5,549.05,22627,122.22,"24-Sep-2026",1916,"",""
"2644","SAMBANDAM","EQ",103,107,103,107,107,102.5,11,0.01,"24-Sep-2026",3,"",""
"2645","SAMBHAAV","EQ",6.1,6.1,5.64,5.89,5.96,5.98,5858,0.35,"24-Sep-2026",81,"",""
"2646","SAMBHV","EQ",157,157.14,151.53,152.36,152.4,158.22,2398819,3698.43,"24-Sep-2026",25057,"",""
"2647","SAMHI","EQ",160.64,161.7,157.76,158.94,159.27,160.01,618453,985.65,"24-Sep-2026",10249,"",""
"2648","SAMMAANCAP","EQ",143.55,144.42,140,140.55,140.85,144.48,3981880,5636.94,"24-Sep-2026",23102,"",""
"2649","SAMPANN","EQ",24.34,24.45,23.81,24.08,24.09,24.34,8544,2.06,"24-Sep-2026",143,"",""
"2650","SANATHAN","EQ",504.35,544.3,504.35,529.25,526,506.35,786460,4166.08,"24-Sep-2026",31440,"",""
"2651","SANDESH","EQ",1027,1038,1006,1014.3,1023.5,1027,216,2.2,"24-Sep-2026",63,"",""
"2652","SANDHAR","EQ",580.8,585.9,561.35,575.65,573.8,591.75,179293,1034.85,"24-Sep-2026",11662,"",""
"2653","SANDUMA","EQ",186.4,186.4,182.66,183.11,183.4,188.06,365304,671.84,"24-Sep-2026",7285,"",""
"2654","SANGAMIND","EQ",565,594.55,563.1,579.7,579.9,570.85,38862,226.4,"24-Sep-2026",2254,"",""
"2655","SANGHVIMOV","EQ",439.4,460.65,430.55,446.45,445.5,441.75,406457,1827.88,"24-Sep-2026",14863,"",""
"2656","SANGINITA","BE",76.89,76.89,73.89,73.89,73.89,75.39,296633,226.53,"24-Sep-2026",306,"",""
"2657","SANOFI","EQ",3075,3220.9,3075,3132.7,3138,3052.4,112839,3560.26,"24-Sep-2026",16500,"",""
"2658","SANOFICONR","EQ",3999,4068.4,3955,3971.3,3980,4005.4,4134,165.2,"24-Sep-2026",1631,"",""
"2659","SANSERA","EQ",4600,4725,4535.8,4605.6,4680,4621.4,268650,12488.82,"24-Sep-2026",41919,"",""
"2660","SANSTAR","EQ",110.5,110.85,108.7,109.4,109.42,111.15,138568,152.09,"24-Sep-2026",7357,"",""
"2661","SANWARIA","BZ",0.19,0.2,0.19,0.19,0.19,0.19,380152,0.74,"24-Sep-2026",134,"",""
"2662","SAPPHIRE","EQ",229.69,231,222.68,225.7,226,231.48,411301,929.3,"24-Sep-2026",11407,"",""
"2663","SAPPL","EQ",271.45,284.3,270,278.15,279,273.1,794,2.19,"24-Sep-2026",35,"",""
"2664","SARDAEN","EQ",505,508.35,496.8,499.45,497.95,505.95,204170,1026.44,"24-Sep-2026",10748,"",""
"2665","SAREGAMA","EQ",502,507,495.2,498.45,499,507,202297,1011.58,"24-Sep-2026",10633,"",""
"2666","SARLAPOLY","EQ",101.59,101.59,99,99.99,100,100.03,27669,27.6,"24-Sep-2026",569,"",""
"2667","SARTELE","SM",82,99.4,82,98.4,98.95,83.05,287500,271.39,"24-Sep-2026",443,"",""
"2668","SARVESHWAR","EQ",3.7,3.7,3.63,3.63,3.63,3.66,798944,29.16,"24-Sep-2026",1513,"",""
"2669","SASKEN","EQ",1809.9,1809.9,1730.5,1736.8,1732.5,1780.6,13119,230.48,"24-Sep-2026",2049,"",""
"2670","SATECH","SM",37.5,37.5,36.1,36.1,36.1,37.5,13000,4.76,"24-Sep-2026",13,"",""
"2671","SATIA","EQ",66.85,68.18,66.45,67.67,68,67.24,68295,45.96,"24-Sep-2026",1060,"",""
"2672","SATIN","EQ",224.95,227.38,220.04,226.15,226,225.3,243175,546.53,"24-Sep-2026",3905,"",""
"2673","SATIPOLY","SM",36.1,36.1,33.5,33.5,33.5,34.4,3000,1.02,"24-Sep-2026",3,"",""
"2674","SATKARTAR","SM",168,182.5,167,179.45,177.2,164.55,199200,352.6,"24-Sep-2026",208,"",""
"2675","SATTVAENGG","SM",59.9,59.9,52.95,57.3,57.1,58,57600,31.99,"24-Sep-2026",32,"",""
"2676","SAURASHCEM","EQ",53.8,54.2,52.5,52.76,52.51,53.86,47022,25.12,"24-Sep-2026",856,"",""
"2677","SAWALIYA","SM",161,162,158.5,158.95,158.95,159.6,11400,18.19,"24-Sep-2026",13,"",""
"2678","SAYAJIHOTL","EQ",325,329,325,327,327,327,17,0.06,"24-Sep-2026",4,"",""
"2679","SAYAJIIND","EQ",116,122,116,122,122,122,641,0.77,"24-Sep-2026",54,"",""
"2680","SBC","EQ",49.03,49.65,47.9,48.01,48,48.78,8735953,4253.44,"24-Sep-2026",6643,"",""
"2681","SBCL","EQ",1153.2,1184.9,1137,1143.2,1147.6,1156,198267,2297.41,"24-Sep-2026",13802,"",""
"2682","SBFC","EQ",90.99,91.35,88.74,89.14,89,91.21,962702,863.04,"24-Sep-2026",9637,"",""
"2683","SBGLP","EQ",23.64,25.45,22.1,22.89,23.3,24.31,202878,47.73,"24-Sep-2026",1163,"",""
"2684","SBIBPB","EQ",48.75,48.75,47.82,48.03,48.31,48.41,26580,12.8,"24-Sep-2026",324,"",""
"2685","SBICARD","EQ",632,642.3,616.2,618.4,618.4,635,1184379,7417.53,"24-Sep-2026",33735,"",""
"2686","SBIETFCON","EQ",120.53,120.53,117.28,117.45,118.08,119.33,3128,3.7,"24-Sep-2026",102,"",""
"2687","SBIETFIT","EQ",316.99,316.99,312.06,312.82,312.8,314.58,5296,16.61,"24-Sep-2026",217,"",""
"2688","SBIETFPB","EQ",274.86,280.01,273.19,275.05,274.15,280.47,1329913,3657.19,"24-Sep-2026",812,"",""
"2689","SBIETFQLTY","EQ",214.01,214.01,211.18,211.29,211.65,214.2,1544,3.28,"24-Sep-2026",69,"",""
"2690","SBIFUNDS","EQ",548,548.35,536,537.6,536.55,551.35,852645,4605.23,"24-Sep-2026",40059,"",""
"2691","SBILIFE","EQ",1710,1791.4,1699.9,1755,1755,1760,3449627,60821.15,"24-Sep-2026",127769,"",""
"2692","SBILIQETF","EQ",1057.18,1057.2,1057.18,1057.19,1057.2,1057.04,70404,744.31,"24-Sep-2026",53,"",""
"2693","SBIMIDMOM","EQ",63.5,63.5,62.4,62.44,62.71,63.65,31346,19.66,"24-Sep-2026",183,"",""
"2694","SBIN","EQ",982.3,992,975.8,978.5,978.5,994.1,13724672,134684.9,"24-Sep-2026",123600,"",""
"2695","SBINEQWETF","EQ",32.59,32.59,32.12,32.17,32.3,32.64,66640,21.49,"24-Sep-2026",321,"",""
"2696","SBINMID150","EQ",23.01,23.01,22.49,22.61,22.63,23.01,45366,10.22,"24-Sep-2026",185,"",""
"2697","SBISILVER","EQ",223.81,223.82,221.04,221.28,221.45,225.79,1118425,2489.57,"24-Sep-2026",6380,"",""
"2698","SBISMLETF","EQ",18.49,18.57,18.1,18.2,18.28,18.4,47840,8.74,"24-Sep-2026",242,"",""
"2699","SBIVALETF","EQ",14.65,14.65,14.3,14.43,14.47,14.58,31178,4.5,"24-Sep-2026",65,"",""
"2700","SCANSTL","BE",51.38,52,50,50.99,51.99,51.79,48547,24.81,"24-Sep-2026",155,"",""
"2701","SCHAEFFLER","EQ",4062,4093,4000,4024.2,4009,4085.7,47083,1911,"24-Sep-2026",5551,"",""
"2702","SCHAND","EQ",136.01,138.4,135.1,137.13,136.9,137.86,22847,31.33,"24-Sep-2026",816,"",""
"2703","SCHNEIDER","EQ",1243.4,1243.4,1215,1218.8,1217.1,1243.4,84376,1033.1,"24-Sep-2026",9389,"",""
"2704","SCI","EQ",276,280.3,274.1,276.6,277.5,279.05,1057549,2921.65,"24-Sep-2026",20693,"",""
"2705","SCILAL","EQ",38.38,38.38,37,37.29,37.35,38.2,375079,140.69,"24-Sep-2026",1693,"",""
"2706","SCML","SM",76,76,75,75,75,77,2000,1.51,"24-Sep-2026",2,"",""
"2707","SCODATUBES","EQ",137.74,138.14,131.01,133.79,134.9,137.74,556368,745.9,"24-Sep-2026",5806,"",""
"2708","SCPL","BE",663.95,663.95,624,630.55,624,650,7631,48.5,"24-Sep-2026",240,"",""
"2709","SDBL","EQ",67.89,67.89,66.8,67.24,67.38,67.89,207968,139.94,"24-Sep-2026",2488,"",""
"2710","SEAMECLTD","EQ",1730.2,1764.5,1719.6,1730.1,1735,1752.7,27330,474.86,"24-Sep-2026",3908,"",""
"2711","SECLEDBETA","EQ",14.36,14.8,14.2,14.25,14.25,14.36,222461,32.02,"24-Sep-2026",95,"",""
"2712","SECMARK","EQ",143.35,143.35,140,142.5,142.5,141.03,3193,4.48,"24-Sep-2026",22,"",""
"2713","SECURKLOUD","EQ",16.69,17.08,16.43,16.72,16.9,16.61,28849,4.82,"24-Sep-2026",171,"",""
"2714","SEDEMAC","EQ",2998,3350,2998,3313.6,3328,3035.2,1058936,34087.62,"24-Sep-2026",96711,"",""
"2715","SEIL","EQ",199,200,192.78,194.69,194.96,197.86,217128,425,"24-Sep-2026",2354,"",""
"2716","SEJALLTD","EQ",702,724.5,669.3,683.05,688,699.6,13503,93.68,"24-Sep-2026",795,"",""
"2717","SEKURITIND","EQ",114.8,114.8,111.05,111.52,111.2,113.82,12064,13.58,"24-Sep-2026",281,"",""
"2718","SEL","SM",336.25,371.3,336.2,356.35,371.3,353.75,1800,6.33,"24-Sep-2026",9,"",""
"2719","SELECTIPO","EQ",48.49,48.65,47.46,47.51,47.49,48.93,67314,32.33,"24-Sep-2026",222,"",""
"2720","SELLOWRAP","SM",64.35,65.35,64.35,64.7,65.35,67.5,4800,3.1,"24-Sep-2026",3,"",""
"2721","SEMAC","EQ",260.05,271.8,260.05,268.4,266,265.65,170,0.45,"24-Sep-2026",40,"",""
"2722","SENCO","EQ",338.5,339.6,333.65,336,335,342.25,507270,1705.38,"24-Sep-2026",17023,"",""
"2723","SENORES","EQ",1384.5,1398,1341,1344.3,1345,1383.4,217301,2955.47,"24-Sep-2026",16740,"",""
"2724","SENSEXADD","EQ",76.74,76.85,76.11,76.33,76.49,77.06,19345,14.75,"24-Sep-2026",265,"",""
"2725","SENSEXAXIS","EQ",78.28,78.28,76.5,76.71,76.7,77.86,6723,5.18,"24-Sep-2026",100,"",""
"2726","SENSEXBETA","EQ",830.89,830.89,817.1,821.01,817.25,828.72,1992,16.34,"24-Sep-2026",162,"",""
"2727","SENSEXETF","EQ",77.4,77.4,76,76.18,76.16,77.37,200011,153.18,"24-Sep-2026",630,"",""
"2728","SENSEXIETF","EQ",855.01,856.68,847.88,850.2,852.7,861.59,16831,143.39,"24-Sep-2026",733,"",""
"2729","SEPC","EQ",5.06,5.18,5.06,5.12,5.14,5.22,5340821,273.45,"24-Sep-2026",3745,"",""
"2730","SERVOTECH","EQ",71,71.19,70.2,70.29,70.5,71.67,329681,232.4,"24-Sep-2026",3745,"",""
"2731","SESHAPAPER","EQ",245.73,250,244,244.74,244,247.95,23085,56.96,"24-Sep-2026",570,"",""
"2732","SETCO","BE",16.51,17.89,16.51,17.89,17.89,17.04,135183,23.88,"24-Sep-2026",186,"",""
"2733","SETF10GILT","EQ",263,263.8,261.85,263.36,263.53,263.59,4119,10.85,"24-Sep-2026",56,"",""
"2734","SETFGOLD","EQ",128.22,128.22,127.25,127.35,127.35,128.64,4102003,5233.18,"24-Sep-2026",10243,"",""
"2735","SETFNIF50","EQ",258.97,258.97,248.7,249.39,249.69,252.66,1650846,4126.83,"24-Sep-2026",7783,"",""
"2736","SETFNIFBK","EQ",578.47,578.47,569.6,571.57,571.98,580.67,96046,549.54,"24-Sep-2026",1515,"",""
"2737","SETFNN50","EQ",774.99,775,766.42,769.51,772,776.31,31794,244.77,"24-Sep-2026",1056,"",""
"2738","SETL","EQ",406.95,420,398.05,402.8,400,407,589754,2413.42,"24-Sep-2026",10019,"",""
"2739","SETUINFRA","BZ",0.56,0.56,0.56,0.56,0.56,0.57,1498,0.01,"24-Sep-2026",10,"",""
"2740","SEYAIND","BE",13.91,14.16,13.63,14.05,14.05,13.9,11376,1.6,"24-Sep-2026",52,"",""
"2741","SFL","EQ",644.6,651.3,638.1,642.4,642.2,643.1,124707,802.99,"24-Sep-2026",11397,"",""
"2742","SFML","SM",20.75,21,20.55,20.9,21,20.8,6400,1.33,"24-Sep-2026",4,"",""
"2743","SGBAPR28I","GB",15030,15130,14995.01,15010.9,15010,15150.04,808,121.4,"24-Sep-2026",41,"",""
"2744","SGBAUG27","GB",15070,15070,14861,14928,14928,15070,33,4.93,"24-Sep-2026",16,"",""
"2745","SGBAUG28V","GB",15100,15100,14915,14938.06,14930,15044.13,386,57.77,"24-Sep-2026",95,"",""
"2746","SGBAUG29V","GB",15138,15144.99,14961.01,15020.05,15049.87,15107.06,64,9.62,"24-Sep-2026",23,"",""
"2747","SGBAUG30","GB",15206,15375,15200,15210,15200,15380,150,22.94,"24-Sep-2026",60,"",""
"2748","SGBD29VIII","GB",15140,15250,15000,15000,15000,15138.49,141,21.25,"24-Sep-2026",43,"",""
"2749","SGBDC27VII","GB",14901,15150,14901,14990,14990,15090,25,3.75,"24-Sep-2026",13,"",""
"2750","SGBDE30III","GB",15200,15350,15180.03,15204.11,15200,15298,150,22.86,"24-Sep-2026",57,"",""
"2751","SGBDE31III","GB",15429,15470,15386,15400.56,15401.02,15481.36,438,67.55,"24-Sep-2026",147,"",""
"2752","SGBDEC26","GB",15099.98,15100,15099.98,15100,15100,15100,6,0.91,"24-Sep-2026",4,"",""
"2753","SGBFEB27","GB",14842,14930,14842,14899.9,14899.9,15145.35,17,2.53,"24-Sep-2026",8,"",""
"2754","SGBFEB29XI","GB",14911,14936.4,14910.01,14935.17,14935,15100,16,2.39,"24-Sep-2026",6,"",""
"2755","SGBFEB32IV","GB",15511,15723.99,15511,15592.55,15640,15713.26,735,115.02,"24-Sep-2026",169,"",""
"2756","SGBJ28VIII","GB",15000.01,15049.98,15000.01,15049.98,15049.98,15078.99,6,0.9,"24-Sep-2026",2,"",""
"2757","SGBJAN29IX","GB",15070,15070,14915,14915.6,14915.01,15070,71,10.62,"24-Sep-2026",21,"",""
"2758","SGBJAN29X","GB",14975,14980,14916,14916.8,14916,15076.25,31,4.64,"24-Sep-2026",14,"",""
"2759","SGBJAN30IX","GB",15100,15170,15001.01,15145,15145,15190.1,48,7.24,"24-Sep-2026",23,"",""
"2760","SGBJU29III","GB",15045,15045,14920,14922.32,14947.9,15125,61,9.11,"24-Sep-2026",22,"",""
"2761","SGBJUL27","GB",15050,15050,15050,15050,15050,15050,5,0.75,"24-Sep-2026",3,"",""
"2762","SGBJUL28IV","GB",14910.01,14985,14831,14895.9,14865.03,15035.88,205,30.61,"24-Sep-2026",46,"",""
"2763","SGBJUL29IV","GB",15000,15000.01,14942,14999.89,14999.89,15133.09,73,10.93,"24-Sep-2026",19,"",""
"2764","SGBJUN28","GB",15298,15298,14900,14925.83,14900,15059,210,31.48,"24-Sep-2026",58,"",""
"2765","SGBJUN29II","GB",15090,15090,14965,14965,14965,15097.5,54,8.13,"24-Sep-2026",15,"",""
"2766","SGBJUN30","GB",15299,15299,15045,15200,15200,15292.17,83,12.62,"24-Sep-2026",23,"",""
"2767","SGBJUN31I","GB",15325,15374.99,15285.1,15325.92,15347.5,15376.18,323,49.5,"24-Sep-2026",70,"",""
"2768","SGBMAR28X","GB",15500,15500,14836.11,14899.9,14899.9,15990,19,2.83,"24-Sep-2026",4,"",""
"2769","SGBMAR30X","GB",15100,15298,14970,15003.93,14972,15136,29,4.38,"24-Sep-2026",18,"",""
"2770","SGBMAR31IV","GB",15240.01,15379.88,15156.36,15229.35,15299,15350,173,26.43,"24-Sep-2026",61,"",""
"2771","SGBMAY28","GB",14925.61,15085,14910,14920,14920,15091.14,8,1.2,"24-Sep-2026",5,"",""
"2772","SGBMAY29I","GB",15050,15050,14921,14936,14921,15099.99,508,76.19,"24-Sep-2026",72,"",""
"2773","SGBMR29XII","GB",15099,15099,14921,14995.48,14999,15098.36,308,46.17,"24-Sep-2026",90,"",""
"2774","SGBN28VIII","GB",15002,15003,14941,14949.98,14950,15120,90,13.47,"24-Sep-2026",15,"",""
"2775","SGBNV29VII","GB",15105,15105,14951,14961.48,14959,15106.63,58,8.7,"24-Sep-2026",23,"",""
"2776","SGBOC28VII","GB",15040.2,15050,14951,14951,14951,15180,145,21.74,"24-Sep-2026",14,"",""
"2777","SGBOCT27","GB",15000,15000,14901,14950.5,14901,15105,2,0.3,"24-Sep-2026",2,"",""
"2778","SGBOCT27VI","GB",14963.85,14963.85,14963.85,14963.85,14963.85,15115,1,0.15,"24-Sep-2026",1,"",""
"2779","SGBSEP27","GB",15000,15000,15000,15000,15000,15049.9,1,0.15,"24-Sep-2026",1,"",""
"2780","SGBSEP28VI","GB",14990,14998.99,14855.01,14899.06,14899,15051.66,58,8.67,"24-Sep-2026",37,"",""
"2781","SGBSEP29VI","GB",15074,15094.54,14926,14942.72,14930,15094.54,331,49.63,"24-Sep-2026",121,"",""
"2782","SGBSEP31II","GB",15350,15369,15287.53,15292.88,15338,15356.78,598,91.72,"24-Sep-2026",115,"",""
"2783","SGFIN","EQ",622.75,622.75,591.95,601.55,600.4,622.15,266998,1618.15,"24-Sep-2026",10967,"",""
"2784","SGIL","EQ",664.4,666.35,633.35,646.6,646.8,668.5,11360,73.86,"24-Sep-2026",891,"",""
"2785","SGL","EQ",8.93,9.82,8.88,9.81,9.82,8.93,54123,5.23,"24-Sep-2026",256,"",""
"2786","SGLRES","EQ",2.54,2.54,2.32,2.32,2.32,2.44,64861,1.53,"24-Sep-2026",140,"",""
"2787","SGMART","EQ",731,732.3,710.05,717.15,722.45,731.45,157780,1135.7,"24-Sep-2026",8564,"",""
"2788","SGRL","EQ",731.5,739.45,654,677.15,684.15,735.55,45846,321.48,"24-Sep-2026",2529,"",""
"2789","SHADOWFAX","EQ",285,292.2,278.8,285.8,285.55,285.75,5612297,16108.02,"24-Sep-2026",98798,"",""
"2790","SHAH","EQ",3.22,3.26,3.19,3.2,3.22,3.25,1595392,51.57,"24-Sep-2026",626,"",""
"2791","SHAHALLOYS","BE",91.45,92.99,90,92.01,92,91.45,93988,86.43,"24-Sep-2026",151,"",""
"2792","SHAILY","EQ",3210.3,3210.3,3100,3112.1,3120,3211,101352,3195.02,"24-Sep-2026",15652,"",""
"2793","SHAKTIPUMP","EQ",471.9,475.05,463.65,472.15,471.5,476.8,302418,1419.77,"24-Sep-2026",13180,"",""
"2794","SHALBY","EQ",145.5,149.29,142.81,143.77,144.5,145.67,118942,173.88,"24-Sep-2026",3088,"",""
"2795","SHALPAINTS","BE",78.8,80.7,76.3,76.65,77.79,79.09,69597,54.07,"24-Sep-2026",360,"",""
"2796","SHANKARA","EQ",142.9,142.9,137.01,137.18,137.16,143.39,45295,63.06,"24-Sep-2026",1108,"",""
"2797","SHANKESH","EQ",93.6,94.06,90.6,91.51,91.5,94.32,1871422,1721.96,"24-Sep-2026",13856,"",""
"2798","SHANTI","EQ",5.9,5.9,5.5,5.62,5.6,5.7,12131,0.69,"24-Sep-2026",73,"",""
"2799","SHANTIGEAR","EQ",660,701.45,659.25,666.25,665.5,668.05,151787,1035.32,"24-Sep-2026",4302,"",""
"2800","SHANTIGOLD","EQ",287.34,291.25,281.1,283.62,285.7,288.07,4189312,11992.45,"24-Sep-2026",48749,"",""
"2801","SHANTIINOR","SM",180.05,184.45,170.25,175.95,175.1,181.1,152000,271.49,"24-Sep-2026",90,"",""
"2802","SHARDACROP","EQ",760.25,760.25,738.6,740.9,740,758.05,101457,755.56,"24-Sep-2026",8701,"",""
"2803","SHARDAMOTR","EQ",970.8,976.9,955.2,961.85,966,971.85,52212,504.86,"24-Sep-2026",5390,"",""
"2804","SHARDUL","BE",54.45,55.59,54.45,55.28,55.59,54.8,23283,12.81,"24-Sep-2026",75,"",""
"2805","SHAREINDIA","EQ",215.57,219.88,209.09,211.85,211.11,219.98,1855459,3949.1,"24-Sep-2026",21494,"",""
"2806","SHARIABEES","EQ",437.41,441.8,432.23,433.87,440.9,437.41,6880,29.89,"24-Sep-2026",466,"",""
"2807","SHBAJRG","EQ",163.75,163.75,157.01,161,161,161.24,1921,3.08,"24-Sep-2026",77,"",""
"2808","SHEEL","ST",58,60.9,58,60.6,60.6,58,10000,6.01,"24-Sep-2026",5,"",""
"2809","SHEETAL","SM",354.95,357.9,354.95,357.9,357.9,354.95,1000,3.56,"24-Sep-2026",2,"",""
"2810","SHEKHAWATI","BE",25.6,26.09,23.65,26.09,26.09,24.85,114960,28.99,"24-Sep-2026",287,"",""
"2811","SHEMAROO","BE",123.75,124,121.51,122.91,121.62,123.79,8590,10.58,"24-Sep-2026",44,"",""
"2812","SHERA","SM",180,181,176,176,176,181.65,25000,44.43,"24-Sep-2026",24,"",""
"2813","SHERVANI","EQ",325,325,325,325,325,320.1,3,0.01,"24-Sep-2026",1,"",""
"2814","SHETHJI","SM",183.15,187.8,182.1,185.5,182.1,189.25,25000,46.56,"24-Sep-2026",11,"",""
"2815","SHIGAN","SM",54.25,60,54,58.55,58.5,62,31500,17.87,"24-Sep-2026",15,"",""
"2816","SHILCTECH","EQ",4147,4170,4046,4079.1,4096,4147.6,20213,831.76,"24-Sep-2026",4915,"",""
"2817","SHILGRAVQ","EQ",144.2,152,142,144.95,147.99,147.67,23252,33.69,"24-Sep-2026",406,"",""
"2818","SHILPAMED","EQ",1035.8,1055,992,1007.3,1021,1037.7,622161,6379.47,"24-Sep-2026",34408,"",""
"2819","SHINDL","EQ",165.73,165.73,159,162.78,162.02,164.13,392824,633.41,"24-Sep-2026",3413,"",""
"2820","SHIPROCKET","EQ",126,126.8,119.52,120.46,120.5,127.23,2928780,3586.17,"24-Sep-2026",28624,"",""
"2821","SHIVAAGRO","EQ",39.74,42.58,37.24,38.99,38.49,39.74,3883,1.54,"24-Sep-2026",57,"",""
"2822","SHIVACEM","EQ",15.61,15.8,15.3,15.65,15.71,15.6,28331,4.41,"24-Sep-2026",156,"",""
"2823","SHIVALIK","EQ",435,435.1,407.55,410.7,419,431.65,94146,394.95,"24-Sep-2026",5024,"",""
"2824","SHIVAMAUTO","EQ",18.21,18.21,17.12,17.44,17.44,18.21,95578,16.79,"24-Sep-2026",405,"",""
"2825","SHIVAMILLS","EQ",62.91,62.91,60,60.93,61.68,59.92,816,0.49,"24-Sep-2026",29,"",""
"2826","SHIVASHRIT","SM",116.25,119,111,112.6,111,113.65,81000,92.13,"24-Sep-2026",70,"",""
"2827","SHIVATEX","EQ",170.05,172,170.01,170.93,172,172,548,0.93,"24-Sep-2026",29,"",""
"2828","SHIVAUM","EQ",513,519.5,513,513.2,513,513.2,2864,14.71,"24-Sep-2026",97,"",""
"2829","SHK","EQ",144.44,144.44,140.4,140.96,141,144.45,167596,237.34,"24-Sep-2026",2736,"",""
"2830","SHKSIL","SM",34.8,34.95,34.8,34.85,34.95,33.9,4000,1.4,"24-Sep-2026",2,"",""
"2831","SHOPERSTOP","EQ",386.2,390.2,379.05,385.05,385,391.1,38955,150.02,"24-Sep-2026",2519,"",""
"2832","SHRADDHA","EQ",148.84,151.8,144.05,150.49,150.5,149.58,1357,2.03,"24-Sep-2026",87,"",""
"2833","SHRADHA","EQ",30.3,31.4,29.36,30.51,31.4,30.45,16232,4.87,"24-Sep-2026",148,"",""
"2834","SHREDIGCEM","EQ",69.25,69.25,65.5,67.52,67.91,68.8,90814,61.21,"24-Sep-2026",1264,"",""
"2835","SHREECEM","EQ",22300,22725,22170,22350,22350,22500,17131,3855.47,"24-Sep-2026",8645,"",""
"2836","SHREEDHAR","ST",173.9,180.7,163.5,170.05,170.05,172.1,30000,51.44,"24-Sep-2026",15,"",""
"2837","SHREEJISPG","EQ",719.8,729,714.35,724.85,724.35,723.75,344972,2488.36,"24-Sep-2026",4970,"",""
"2838","SHREEKARNI","SM",385,385,380,380.85,380,387.9,900,3.43,"24-Sep-2026",3,"",""
"2839","SHREEOSFM","SM",51.9,52.8,51.9,51.9,51.9,51.8,6000,3.14,"24-Sep-2026",6,"",""
"2840","SHREEPUSHK","EQ",490,498.75,476.55,492.15,493,495.8,93203,453.71,"24-Sep-2026",3645,"",""
"2841","SHREERAMA","EQ",45,46.27,43.49,43.87,43.66,45.79,69801,31.49,"24-Sep-2026",843,"",""
"2842","SHREMINVIT","IV",102,102,102,102,102,102,125000,127.5,"24-Sep-2026",2,"",""
"2843","SHRENIK","BZ",0.28,0.29,0.28,0.28,0.29,0.28,451768,1.29,"24-Sep-2026",172,"",""
"2844","SHREYANIND","EQ",129.74,131.5,129,130.41,131.5,129.1,1573,2.04,"24-Sep-2026",31,"",""
"2845","SHRIAHIMSA","SM",468.95,468.95,449.5,453.55,458,466.1,30000,137.46,"24-Sep-2026",43,"",""
"2846","SHRIKANHA","SM",22.1,22.1,22.1,22.1,22.1,21.05,30400,6.72,"24-Sep-2026",13,"",""
"2847","SHRIKRISH","EQ",37,37,37,37,37,35.45,19,0.01,"24-Sep-2026",5,"",""
"2848","SHRINGARMS","EQ",210.5,215.8,208.71,210.25,210,210.22,344700,730.73,"24-Sep-2026",2604,"",""
"2849","SHRIPISTON","EQ",4481.5,4678.9,4458.2,4526.7,4565,4489.8,116305,5341.36,"24-Sep-2026",27580,"",""
"2850","SHRIRAMFIN","EQ",999,1008.6,983.4,990,990,1010.8,4096126,40779.47,"24-Sep-2026",105452,"",""
"2851","SHRIRAMPPS","EQ",72.05,72.84,70.52,70.85,70.93,72.69,327512,233.94,"24-Sep-2026",2843,"",""
"2852","SHRITECH","SM",60.05,60.05,60.05,60.05,60.05,61.1,2000,1.2,"24-Sep-2026",1,"",""
"2853","SHRJAGP","EQ",625.5,690,615.2,654.7,654.75,632.25,875,5.58,"24-Sep-2026",79,"",""
"2854","SHUBHLAXMI","SM",19.85,20.1,18.25,19.7,20.1,19.2,29000,5.72,"24-Sep-2026",11,"",""
"2855","SHUBHSHREE","SM",350,350,350,350,350,350,300,1.05,"24-Sep-2026",1,"",""
"2856","SHUKRAPHAR","EQ",56.4,57.28,55.13,55.76,56,56.79,1524285,853.63,"24-Sep-2026",7419,"",""
"2857","SHYAMCENT","BE",5.09,5.1,4.92,5,5,5.02,26951,1.36,"24-Sep-2026",73,"",""
"2858","SHYAMDHANI","SM",55.55,55.6,55.5,55.55,55.55,54.5,8000,4.44,"24-Sep-2026",4,"",""
"2859","SHYAMMETL","EQ",1103.5,1148,1086.8,1097.9,1104,1105.8,1377316,15382.74,"24-Sep-2026",54967,"",""
"2860","SHYAMTEL","EQ",11.5,11.5,10.85,10.91,11.18,11.14,5847,0.64,"24-Sep-2026",39,"",""
"2861","SICAGEN","EQ",53,53,52.11,52.36,52.3,52.98,10193,5.35,"24-Sep-2026",123,"",""
"2862","SICALLOG","BE",94,95.99,92.81,93.44,94,94.36,13486,12.7,"24-Sep-2026",58,"",""
"2863","SIDDHICOTS","SM",26.55,26.6,26.55,26.6,26.6,26.5,2400,0.64,"24-Sep-2026",2,"",""
"2864","SIDDHIKA","SM",211.2,220,209,213.2,220,219,6000,12.79,"24-Sep-2026",12,"",""
"2865","SIEL","EQ",30.48,30.48,29.05,29.05,29.05,30.48,54,0.02,"24-Sep-2026",3,"",""
"2866","SIEMENS","EQ",3852,3878.3,3825,3841.8,3841.8,3886,199507,7689.14,"24-Sep-2026",21091,"",""
"2867","SIGACHI","EQ",31.34,31.49,30.11,30.3,30.39,31.34,2313647,705.5,"24-Sep-2026",6696,"",""
"2868","SIGIND","BE",71.4,74.95,69.7,70.56,71.94,71.8,21254,15.31,"24-Sep-2026",198,"",""
"2869","SIGMA","EQ",46.05,46.05,44.06,44.53,45.1,46.04,78932,35.52,"24-Sep-2026",1153,"",""
"2870","SIGMAADV","BE",930,980,897,949.65,958,936.7,279428,2667.69,"24-Sep-2026",6149,"",""
"2871","SIGNATURE","EQ",765,801.85,763,784.6,784.5,768.75,575895,4524.94,"24-Sep-2026",27777,"",""
"2872","SIGNPOST","EQ",278.2,281.35,272,272.8,272.3,273.9,86371,238.74,"24-Sep-2026",2596,"",""
"2873","SIKA","EQ",1057.05,1073.85,1031.65,1038.7,1040,1059.75,29215,306.16,"24-Sep-2026",2928,"",""
"2874","SIKKO","BE",6.11,6.42,5.94,6.42,6.42,6.12,1886697,119.63,"24-Sep-2026",782,"",""
"2875","SIL","EQ",17.35,17.43,16.62,16.89,16.99,17.13,61696,10.46,"24-Sep-2026",497,"",""
"2876","SILGO","EQ",69.02,71,69,70.47,70.35,70.43,20318,14.19,"24-Sep-2026",279,"",""
"2877","SILINV","EQ",444.55,459,441,451.6,459,452.8,1317,5.89,"24-Sep-2026",78,"",""
"2878","SILKFLEX","SM",281.15,281.15,272.05,272.05,272.05,286.35,10000,27.42,"24-Sep-2026",10,"",""
"2879","SILKY","SM",80.9,80.9,66,68.85,68.85,67.85,8800,6.07,"24-Sep-2026",11,"",""
"2880","SILVER","EQ",226.63,228.17,225.34,225.73,225.73,230.26,967902,2193.23,"24-Sep-2026",7174,"",""
"2881","SILVER001","EQ",23.55,23.55,22.76,22.82,22.85,23.19,80732,18.46,"24-Sep-2026",136,"",""
"2882","SILVER1","EQ",22.13,22.17,21.9,21.91,21.91,22.36,4869469,1073.43,"24-Sep-2026",6004,"",""
"2883","SILVER360","EQ",225.99,225.99,222,222.4,222.48,226.75,17624,39.31,"24-Sep-2026",407,"",""
"2884","SILVERADD","EQ",22,22.03,21.73,21.74,21.79,22.2,2739872,598.8,"24-Sep-2026",4091,"",""
"2885","SILVERAG","EQ",220.85,222.34,219.63,219.94,219.84,224.4,287976,635.75,"24-Sep-2026",2707,"",""
"2886","SILVERAXIS","EQ",227,227,224.3,224.63,224.99,229.19,978031,2201.74,"24-Sep-2026",2554,"",""
"2887","SILVERBEES","EQ",217.89,218.43,215.75,215.95,216.24,220.26,17227623,37395.69,"24-Sep-2026",74817,"",""
"2888","SILVERBETA","EQ",221.41,221.41,217.75,217.96,218.31,222.41,535801,1175.77,"24-Sep-2026",3693,"",""
"2889","SILVERBND","EQ",227.9,230.09,226.11,226.46,226.11,231.23,7790,17.71,"24-Sep-2026",133,"",""
"2890","SILVERCASE","EQ",23.01,23.15,22.88,22.91,22.93,23.37,5000866,1151.26,"24-Sep-2026",7359,"",""
"2891","SILVERIETF","EQ",226.57,228.1,225.38,225.62,225.84,230.09,2445772,5546.95,"24-Sep-2026",14483,"",""
"2892","SILVERTUC","EQ",153,154.4,146,147.51,147.04,152.99,700732,1037.66,"24-Sep-2026",6470,"",""
"2893","SIMBHALS","BZ",6.29,6.29,6.19,6.19,6.19,6.31,7319,0.46,"24-Sep-2026",30,"",""
"2894","SIMCA","ST",272,287.95,272,279.8,287.95,277.25,30600,83.57,"24-Sep-2026",18,"",""
"2895","SIMPLEXINF","EQ",254.05,255.2,251.1,251.75,252,256.4,67543,170.92,"24-Sep-2026",1048,"",""
"2896","SIMPLXREA","EQ",132,132,126,131.99,132,126,303,0.39,"24-Sep-2026",8,"",""
"2897","SINCLAIR","EQ",82.06,83.64,78.03,79.61,78.7,82.04,44862,35.83,"24-Sep-2026",1030,"",""
"2898","SINDHUTRAD","EQ",24.01,24.48,23.53,23.66,23.8,23.96,279264,66.43,"24-Sep-2026",823,"",""
"2899","SINGERIND","EQ",79.12,82.6,77.5,77.95,78,79.13,113651,90.97,"24-Sep-2026",1179,"",""
"2900","SINTERCOM","EQ",78.75,81.34,76.1,77.01,77.9,78.75,1195,0.93,"24-Sep-2026",111,"",""
"2901","SIRCA","EQ",415.8,424.55,406.2,410.7,410,414.4,306940,1279.83,"24-Sep-2026",5164,"",""
"2902","SIS","EQ",420,426.65,415.2,418.45,415.5,421.45,118643,502,"24-Sep-2026",7964,"",""
"2903","SITINET","BZ",0.29,0.29,0.27,0.28,0.29,0.28,392771,1.11,"24-Sep-2026",252,"",""
"2904","SIYSIL","EQ",540.55,544.8,532.2,539.6,543,540.55,21521,116.15,"24-Sep-2026",1720,"",""
"2905","SJLOGISTIC","SM",318.7,320,317,319.25,319.15,321.9,7750,24.7,"24-Sep-2026",29,"",""
"2906","SJS","EQ",2290.1,2328,2255,2261.4,2290,2334.1,101698,2319.17,"24-Sep-2026",12861,"",""
"2907","SJVN","EQ",63.2,63.2,62.01,62.24,62.29,63.25,2315850,1443.08,"24-Sep-2026",28606,"",""
"2908","SKFINDIA","EQ",1526.2,1549.7,1508,1542,1543.9,1519.8,54183,833.75,"24-Sep-2026",7227,"",""
"2909","SKFINDUS","EQ",2900,2981.2,2836.1,2939.7,2922.3,2885.9,45151,1316.85,"24-Sep-2026",10240,"",""
"2910","SKIPPER","EQ",568.1,574,546.75,552.35,553,567.5,688572,3857.61,"24-Sep-2026",23489,"",""
"2911","SKMEGGPROD","EQ",228,229.5,221.95,223.2,222.5,229.75,152496,342.47,"24-Sep-2026",2365,"",""
"2912","SKP","SM",163,174,163,167.5,167.5,163.9,21000,35.79,"24-Sep-2026",35,"",""
"2913","SKYGOLD","EQ",791,801.9,775.1,782.7,784.7,794.1,537578,4255.59,"24-Sep-2026",24366,"",""
"2914","SKYTECH","SM",30.55,30.55,30.55,30.55,30.55,29.1,11200,3.42,"24-Sep-2026",6,"",""
"2915","SKYWAYS","EQ",130,135.53,128.07,131,131.35,129.57,11545591,15204.56,"24-Sep-2026",75674,"",""
"2916","SLONE","ST",169.65,176.95,161.5,173.2,176.95,169.65,6400,10.9,"24-Sep-2026",16,"",""
"2917","SMALL250","EQ",18.7,18.7,18.2,18.23,18.26,18.5,466744,85.26,"24-Sep-2026",1083,"",""
"2918","SMALLADD","EQ",18.62,18.62,18.23,18.27,18.26,18.56,11221,2.06,"24-Sep-2026",196,"",""
"2919","SMALLCAP","EQ",49.02,49.13,48.36,48.51,48.58,49.12,2008823,978.4,"24-Sep-2026",4667,"",""
"2920","SMALLGROWW","EQ",48.99,49.19,48.02,48.32,48.2,49.47,7761,3.78,"24-Sep-2026",142,"",""
"2921","SMALLIETF","EQ",18.95,18.95,18.13,18.2,18.3,18.49,101315,18.58,"24-Sep-2026",219,"",""
"2922","SMARTEN","SM",64.9,64.9,61,62.95,63.7,62.25,27600,17.09,"24-Sep-2026",20,"",""
"2923","SMARTLINK","BE",216,224.4,214.05,217.82,221.31,218.48,680,1.47,"24-Sep-2026",19,"",""
"2924","SMARTWORKS","EQ",532.65,548.6,532.15,538.95,538.5,541.05,25763,138.92,"24-Sep-2026",1084,"",""
"2925","SMCGLOBAL","EQ",87,87.4,83.35,85.07,85.4,87.14,820006,701.02,"24-Sep-2026",8815,"",""
"2926","SML100CASE","EQ",11.28,11.53,11.17,11.2,11.24,11.38,1896869,213.63,"24-Sep-2026",2117,"",""
"2927","SMLMAH","EQ",6703,6849.5,6555,6603,6620,6794,33865,2265.98,"24-Sep-2026",5980,"",""
"2928","SMLT","EQ",62.62,62.62,60,60.74,60.92,60.61,2408,1.46,"24-Sep-2026",80,"",""
"2929","SMSPHARMA","EQ",474.55,491,471,474.05,474.7,482.95,510891,2453.33,"24-Sep-2026",15200,"",""
"2930","SNOWMAN","EQ",35.2,35.35,34.25,34.39,34.25,35.18,123221,42.63,"24-Sep-2026",934,"",""
"2931","SNXT30BEES","EQ",41.98,42.05,41.7,41.75,41.85,42.28,3757,1.57,"24-Sep-2026",86,"",""
"2932","SNXT50BETA","EQ",93.45,94.27,91.51,92.27,94.26,93.45,5851,5.45,"24-Sep-2026",99,"",""
"2933","SOBHA","EQ",1248.4,1248.4,1221.8,1227.7,1244.9,1243.8,46367,573.47,"24-Sep-2026",5223,"",""
"2934","SOCL","SM",26.8,28.9,26.8,28.6,28.9,28.2,75200,21.36,"24-Sep-2026",11,"",""
"2935","SOFTTECH","EQ",513,513,484.35,486.2,485.05,491.85,2497,12.29,"24-Sep-2026",153,"",""
"2936","SOLARA","EQ",726,752.9,715,727.35,734,722.9,322402,2380.84,"24-Sep-2026",16698,"",""
"2937","SOLARINDS","EQ",19600,19860,19450,19480,19480,19730,120513,23724.52,"24-Sep-2026",26795,"",""
"2938","SOLARWORLD","EQ",137,137.97,132.2,133.89,133.25,138.52,176321,236.49,"24-Sep-2026",3073,"",""
"2939","SOLEX","EQ",739.45,755,713.15,731.5,740,735.2,65750,477.58,"24-Sep-2026",4689,"",""
"2940","SOMANYCERA","EQ",597.95,608.45,590.5,601.85,597,596.3,122260,736.55,"24-Sep-2026",6272,"",""
"2941","SOMATEX","EQ",82,82.69,79,79.94,79.95,82.35,4922,3.95,"24-Sep-2026",142,"",""
"2942","SOMICONVEY","EQ",91.02,91.98,89,89.6,89,91.51,19824,17.84,"24-Sep-2026",504,"",""
"2943","SONA","BE",102.31,107.42,102.31,107.42,107.42,99,2223139,2355.98,"24-Sep-2026",16741,"",""
"2944","SONACOMS","EQ",828.55,837,814.7,816.3,816.3,833,2572412,21257,"24-Sep-2026",86962,"",""
"2945","SONAL","EQ",87.5,87.7,87.5,87.7,87.7,83.55,203,0.18,"24-Sep-2026",8,"",""
"2946","SONAMAC","SM",31.5,31.5,30.5,30.5,30.5,31.5,4000,1.24,"24-Sep-2026",4,"",""
"2947","SONAMLTD","BE",69.99,69.99,66,66.5,66.5,68.02,21146,14.26,"24-Sep-2026",187,"",""
"2948","SONATSOFTW","EQ",280.1,280.95,274,274.7,276,282,380843,1055.17,"24-Sep-2026",8513,"",""
"2949","SONUINFRA","ST",43,43,42.75,42.75,42.75,45,22500,9.62,"24-Sep-2026",11,"",""
"2950","SOTL","EQ",715,737,707.7,726.5,726,715.6,358641,2601.87,"24-Sep-2026",12763,"",""
"2951","SOUTHBANK","EQ",47,50.17,46.72,49.9,49.95,47.08,57683718,28408.62,"24-Sep-2026",148611,"",""
"2952","SOUTHWEST","EQ",190.2,194.2,187.47,188.76,188.3,194.64,80269,152.72,"24-Sep-2026",1901,"",""
"2953","SPAL","EQ",980,993.2,960.2,979,990,989.5,28092,273.55,"24-Sep-2026",2572,"",""
"2954","SPANDANA","EQ",230,231.44,224.31,225.61,225.25,232.18,95230,216.1,"24-Sep-2026",3848,"",""
"2955","SPARC","EQ",205.28,206.78,200.32,203.98,204,205.65,907336,1844.88,"24-Sep-2026",18375,"",""
"2956","SPCENET","EQ",3.44,3.44,3.35,3.36,3.37,3.39,229800,7.78,"24-Sep-2026",378,"",""
"2957","SPCL","SM",67.5,67.5,65.1,65.1,65.1,67.6,13800,9.15,"24-Sep-2026",22,"",""
"2958","SPCON","SM",182.5,183,165,166.6,165,165,26400,43.99,"24-Sep-2026",5,"",""
"2959","SPEB","SM",91,93,91,93,93,91,6000,5.52,"24-Sep-2026",3,"",""
"2960","SPECIALITY","BE",151.69,155,147,151.37,150.5,152.45,42007,63.5,"24-Sep-2026",245,"",""
"2961","SPECTRAA","ST",224.2,235.4,224.2,235.4,235.4,118,1680000,3861.84,"24-Sep-2026",868,"",""
"2962","SPECTRUM","BE",3150,3379,3080,3356.3,3325.1,3241.6,17675,573.81,"24-Sep-2026",966,"",""
"2963","SPECTSTM","SM",56.55,56.55,56.55,56.55,56.55,56.55,800,0.45,"24-Sep-2026",1,"",""
"2964","SPENCERS","EQ",29.73,29.73,28.56,28.92,29,29.44,30208,8.74,"24-Sep-2026",200,"",""
"2965","SPIC","EQ",66.7,67.39,65.1,65.86,65.9,67,263877,174.52,"24-Sep-2026",2681,"",""
"2966","SPLIL","EQ",30.21,30.59,29.6,29.61,29.75,30.19,1459,0.44,"24-Sep-2026",31,"",""
"2967","SPLPETRO","EQ",880,887.95,870.1,879.9,882.25,882.2,148875,1309.39,"24-Sep-2026",14130,"",""
"2968","SPMLINFRA","EQ",167.3,167.89,164,165.36,165.01,168.58,130233,216.22,"24-Sep-2026",2101,"",""
"2969","SPORTKING","EQ",210,213.4,208,210.85,212.1,211.26,135379,285.23,"24-Sep-2026",5146,"",""
"2970","SPPPOLY","SM",11.75,12,11.75,12,12,11.8,6000,0.71,"24-Sep-2026",3,"",""
"2971","SPRL","SM",120.35,120.35,120.35,120.35,120.35,114.65,2400,2.89,"24-Sep-2026",3,"",""
"2972","SPUNWEB","SM",102,103,100,100,100,101.05,8400,8.57,"24-Sep-2026",7,"",""
"2973","SRD","EQ",40.49,40.49,39.15,39.45,39.37,40.88,42571,16.94,"24-Sep-2026",237,"",""
"2974","SREEL","BE",293.89,308.5,290,299.57,300,293.89,22108,67,"24-Sep-2026",569,"",""
"2975","SRF","EQ",2540,2558.8,2515.2,2533.8,2533.8,2550,110060,2792.9,"24-Sep-2026",11680,"",""
"2976","SRGHFL","EQ",158.1,159.65,150.2,154.5,153.05,158.1,30079,46.16,"24-Sep-2026",410,"",""
"2977","SRHHYPOLTD","EQ",587.5,631.4,580.55,605.75,605,587.5,72755,442.83,"24-Sep-2026",5337,"",""
"2978","SRIKPRIND","BE",27.2,28.4,27.16,27.84,27.16,28.58,5987,1.65,"24-Sep-2026",50,"",""
"2979","SRIVASAVI","ST",81.55,85.6,81.55,82.4,82.4,81.55,8000,6.74,"24-Sep-2026",7,"",""
"2980","SRM","EQ",420.5,423.95,414.45,419,420,422.45,22818,95.69,"24-Sep-2026",1125,"",""
"2981","SRTL","EQ",38.62,39.29,38,38.38,38.65,38.9,16603,6.42,"24-Sep-2026",284,"",""
"2982","SSDL","EQ",65.62,68.43,64.1,66.3,66.02,65.62,58214,38.94,"24-Sep-2026",1350,"",""
"2983","SSEGL","SM",384,404,384,400.2,402.75,386.05,112000,446.02,"24-Sep-2026",228,"",""
"2984","SSFL","ST",280.2,281,269,274.4,274.4,280.2,3000,8.24,"24-Sep-2026",6,"",""
"2985","SSRETAIL","EQ",771.95,888,767.55,811.8,797,748.8,30540990,257207.2,"24-Sep-2026",755533,"",""
"2986","SSWL","EQ",368,386.55,365.5,376.1,378.8,371.95,1355247,5142.87,"24-Sep-2026",43310,"",""
"2987","STALLION","BE",224,224,217.35,219.5,219.9,224.26,174531,385.04,"24-Sep-2026",1652,"",""
"2988","STANLEY","EQ",137,137.43,134.7,135.22,135.02,137.43,36775,49.9,"24-Sep-2026",785,"",""
"2989","STAR","EQ",1222.2,1233.1,1199.3,1202.8,1211.1,1223.3,126615,1537.87,"24-Sep-2026",13429,"",""
"2990","STARCEMENT","EQ",188,189,186.05,187.24,187.93,189.23,63388,118.84,"24-Sep-2026",1881,"",""
"2991","STARHEALTH","EQ",513,555,513,550.4,547,549.2,9649635,53012.13,"24-Sep-2026",63366,"",""
"2992","STARPAPER","EQ",156,161.99,155,155.27,155,156.27,12814,20.18,"24-Sep-2026",282,"",""
"2993","STARTECK","EQ",256,256,240.4,240.4,240.4,253.85,227,0.55,"24-Sep-2026",19,"",""
"2994","STCINDIA","EQ",112.3,112.3,109,109.85,110,111.98,18503,20.43,"24-Sep-2026",544,"",""
"2995","STEAMHOUSE","EQ",108.75,115.63,106.89,113.71,114.66,110.73,9348134,10424.76,"24-Sep-2026",61221,"",""
"2996","STEELCAS","EQ",352,359.8,346.95,357.8,355.5,359.7,173791,617.42,"24-Sep-2026",4642,"",""
"2997","STEELCITY","EQ",84.94,85.89,82.3,83.19,83,84.82,7921,6.6,"24-Sep-2026",176,"",""
"2998","STEELXIND","EQ",12.25,12.45,11.3,11.43,11.5,12.01,13813428,1644.87,"24-Sep-2026",14367,"",""
"2999","STEL","EQ",667,669,622.05,625.85,629.95,640.6,7774,50.23,"24-Sep-2026",928,"",""
"3000","STERTOOLS","BE",224.98,233.05,224.98,233.05,233.05,221.96,79881,184.12,"24-Sep-2026",754,"",""
"3001","STLNETWORK","EQ",52.18,52.18,49,52.01,52.18,49.7,27090526,13985.68,"24-Sep-2026",46790,"",""
"3002","STLSTRINF","EQ",24.05,24.05,22.59,23.15,23.88,24.01,14778,3.42,"24-Sep-2026",114,"",""
"3003","STLTECH","BE",856.6,862,823.75,823.75,823.75,867.1,1029835,8585.26,"24-Sep-2026",29917,"",""
"3004","STOVEKRAFT","EQ",829.1,834.5,812.5,818.35,821.8,829.1,82310,675.73,"24-Sep-2026",4899,"",""
"3005","STRIDERS","SM",52.8,52.8,51.2,51.2,51.2,51.35,11200,5.85,"24-Sep-2026",6,"",""
"3006","STUDDS","EQ",414.2,418.7,406.05,412.25,410.3,415.75,42948,176.63,"24-Sep-2026",2668,"",""
"3007","STUDIOLSD","SM",8.8,9.05,8.8,9.05,9.05,8.8,18000,1.61,"24-Sep-2026",8,"",""
"3008","STYL","EQ",356.5,391,351.45,370.35,375.4,359.8,113636,414.69,"24-Sep-2026",3594,"",""
"3009","STYLAMIND","EQ",3355,3425,3290.9,3319.2,3355,3355.6,61387,2056.37,"24-Sep-2026",17434,"",""
"3010","STYLEBAAZA","EQ",379,381.3,367,370.4,371.5,378.05,554142,2068.73,"24-Sep-2026",8629,"",""
"3011","STYRENIX","EQ",2115.6,2128.7,2080.1,2088.2,2088.5,2130.1,12894,270.86,"24-Sep-2026",2008,"",""
"3012","SUBAHOTELS","SM",92,92,90,90.5,90.5,92,9600,8.73,"24-Sep-2026",8,"",""
"3013","SUBEXLTD","EQ",21.9,22.22,20.31,20.71,20.75,22.08,19515256,4130.2,"24-Sep-2026",47426,"",""
"3014","SUBROS","EQ",725,729.95,708.05,720.1,719,731.5,27699,199.25,"24-Sep-2026",2220,"",""
"3015","SUDARCOLOR","EQ",399,399,381.1,382.2,382.5,390.7,4473,17.34,"24-Sep-2026",367,"",""
"3016","SUDARSCHEM","EQ",1225,1248.9,1206.6,1218,1220,1236.9,114610,1409.62,"24-Sep-2026",10075,"",""
"3017","SUDEEPPHRM","EQ",1180.1,1193,1139.7,1143.4,1146,1199.6,144322,1667.75,"24-Sep-2026",9129,"",""
"3018","SUKHJITS","EQ",162.55,163.41,159,161.13,161.99,162.58,16679,26.83,"24-Sep-2026",358,"",""
"3019","SULA","EQ",137.73,137.73,135,135.78,135.85,137.76,147857,200.84,"24-Sep-2026",3685,"",""
"3020","SUMAX","SM",107.6,118,107.6,108.5,109.1,106.6,178800,200.81,"24-Sep-2026",140,"",""
"3021","SUMEDHA","EQ",43.5,43.5,43.5,43.5,43.5,44.08,602,0.26,"24-Sep-2026",5,"",""
"3022","SUMEETINDS","EQ",11.6,11.6,11.6,11.6,11.6,11.05,332514,38.57,"24-Sep-2026",116,"",""
"3023","SUMICHEM","EQ",458,462.2,447.1,449.7,452,464.2,200137,907.61,"24-Sep-2026",9417,"",""
"3024","SUMIT","EQ",50.26,50.26,48.36,49.59,49,49.91,4190,2.07,"24-Sep-2026",81,"",""
"3025","SUMMITSEC","EQ",1395,1395,1380,1383.2,1382.5,1403.7,2653,36.77,"24-Sep-2026",346,"",""
"3026","SUNCLAY","EQ",1254,1269.8,1231,1249.4,1240.1,1253.9,4263,53.08,"24-Sep-2026",380,"",""
"3027","SUNDARAM","EQ",1.19,1.19,1.02,1.16,1.16,1.17,872800,10.08,"24-Sep-2026",366,"",""
"3028","SUNDARMFIN","EQ",4664.9,4674,4550,4592,4560,4654.9,40423,1852.3,"24-Sep-2026",8229,"",""
"3029","SUNDRMBRAK","BE",679.9,695.85,671.6,693.55,686.1,676.55,782,5.35,"24-Sep-2026",45,"",""
"3030","SUNDRMFAST","EQ",1170,1203.7,1166,1172.3,1170.4,1185.4,153739,1819.38,"24-Sep-2026",17238,"",""
"3031","SUNDROP","EQ",746.55,765,740,756.2,750,744.3,27010,203.37,"24-Sep-2026",1273,"",""
"3032","SUNFLAG","EQ",395,408.9,390.2,396.8,396,390.55,1545083,6167.15,"24-Sep-2026",34913,"",""
"3033","SUNLITE","SM",618,625,596.05,608.75,605.05,613.95,28200,173.09,"24-Sep-2026",76,"",""
"3034","SUNLOC","EQ",75.7,75.7,71.64,72,72,75.8,290,0.21,"24-Sep-2026",25,"",""
"3035","SUNPHARMA","EQ",1859,1880,1848.4,1849.9,1849.9,1865,1742885,32391.27,"24-Sep-2026",79309,"",""
"3036","SUNRAKSHAK","EQ",367.5,371.7,357.05,367.75,370,366.6,7604,27.68,"24-Sep-2026",303,"",""
"3037","SUNREST","SM",38.4,39.9,38.4,39.9,39.9,38.45,12800,5.02,"24-Sep-2026",7,"",""
"3038","SUNSHIEL","EQ",1160,1188.9,1145,1149.8,1147.6,1164.3,2612,30.23,"24-Sep-2026",340,"",""
"3039","SUNSHINE","EQ",442,446.45,432.6,436.9,435.15,441.45,382361,1678.99,"24-Sep-2026",4791,"",""
"3040","SUNTECH","SM",37.9,38.75,37.4,38.5,38.5,37.9,11200,4.27,"24-Sep-2026",7,"",""
"3041","SUNTECK","EQ",288.95,289.8,283.05,284.05,284.35,290.1,79719,228.08,"24-Sep-2026",2874,"",""
"3042","SUNTV","EQ",485,522,483,512.7,511.35,490.2,3364719,17281.26,"24-Sep-2026",79456,"",""
"3043","SUPERHOUSE","EQ",170,170,164,165.45,165.1,168.47,3063,5.09,"24-Sep-2026",118,"",""
"3044","SUPERSPIN","BE",7.72,7.72,7.32,7.65,7.65,7.57,4558,0.35,"24-Sep-2026",23,"",""
"3045","SUPRAJIT","EQ",480,494.4,480,486.65,492.85,485.05,61664,299.24,"24-Sep-2026",4383,"",""
"3046","SUPREME","EQ",32.12,32.39,30.9,31.29,31.99,31.97,11722,3.7,"24-Sep-2026",164,"",""
"3047","SUPREMEENG","BZ",3.86,3.86,3.86,3.86,3.86,3.79,190666,7.36,"24-Sep-2026",101,"",""
"3048","SUPREMEIND","EQ",3472.6,3495.3,3429,3434,3434,3497.1,64745,2239.54,"24-Sep-2026",11683,"",""
"3049","SUPREMEINF","EQ",81,82.79,79.8,80.39,79.82,81,11926,9.59,"24-Sep-2026",184,"",""
"3050","SUPREMEPWR","SM",205.35,208,201.4,202.6,203.8,205.35,53000,108.01,"24-Sep-2026",95,"",""
"3051","SUPRIYA","EQ",998.6,1009.7,955.05,961.75,962,1000.9,246987,2420.84,"24-Sep-2026",14963,"",""
"3052","SUPTANERY","BE",11.14,11.18,10.12,10.12,10.12,10.65,258938,26.93,"24-Sep-2026",644,"",""
"3053","SURAJEST","EQ",220.41,228.6,214.1,219.42,221.98,220.41,345285,769.56,"24-Sep-2026",5914,"",""
"3054","SURAJLTD","EQ",204.89,204.89,199,200.5,202,197.01,154,0.32,"24-Sep-2026",11,"",""
"3055","SURAKSHA","EQ",350,357.95,348,356,356,355.35,61147,216.84,"24-Sep-2026",2562,"",""
"3056","SURANASOL","EQ",25.51,25.85,25.43,25.65,25.77,25.86,13041,3.34,"24-Sep-2026",290,"",""
"3057","SURANAT&P","EQ",16.29,16.29,15.86,15.89,15.9,16.04,86919,13.81,"24-Sep-2026",429,"",""
"3058","SURANI","SM",92,99.8,90.15,93,93,96.05,8000,7.44,"24-Sep-2026",25,"",""
"3059","SURYALA","EQ",390.05,390.05,385.15,390.05,390.05,400.05,2631,10.24,"24-Sep-2026",26,"",""
"3060","SURYALAXMI","EQ",58,59.39,56.5,57.5,57.5,58.82,4529,2.62,"24-Sep-2026",128,"",""
"3061","SURYAROSNI","EQ",212.2,219.9,212.2,217.5,218.01,214.64,386944,834.01,"24-Sep-2026",6860,"",""
"3062","SURYODAY","EQ",149.64,149.64,143.09,145.34,144.84,149.3,398726,578.44,"24-Sep-2026",5972,"",""
"3063","SUTLEJTEX","BE",38.5,38.79,37.52,38,38,38.95,14630,5.58,"24-Sep-2026",76,"",""
"3064","SUVEN","EQ",338.5,339.15,333,335.05,333,341.85,211218,709.63,"24-Sep-2026",5596,"",""
"3065","SUVIDHAA","EQ",2.18,2.25,2.16,2.21,2.24,2.19,116093,2.58,"24-Sep-2026",187,"",""
"3066","SUYOG","EQ",680,680.05,656,660.15,669.95,671.55,9010,59.98,"24-Sep-2026",804,"",""
"3067","SUZLON","EQ",42.12,42.24,40.55,40.74,40.74,42.39,131241030,53891.19,"24-Sep-2026",192643,"",""
"3068","SVGLOBAL","EQ",155,155.82,148,148.32,148.3,151.93,1964,2.94,"24-Sep-2026",72,"",""
"3069","SVLL","EQ",860.3,865.6,801.1,820.4,815.15,861.3,3176,26.41,"24-Sep-2026",149,"",""
"3070","SVPGLOB","EQ",3.48,3.48,3.26,3.28,3.35,3.35,9421,0.31,"24-Sep-2026",71,"",""
"3071","SWANCORP","EQ",297.7,299.65,293.4,294.7,295.5,300.05,628548,1858.62,"24-Sep-2026",11072,"",""
"3072","SWANDEF","BE",2763.5,2790,2637.4,2716.6,2715,2776.2,15105,415.65,"24-Sep-2026",1350,"",""
"3073","SWARAJ","BE",322.5,322.5,308.1,322.5,322.5,307.15,115951,373.58,"24-Sep-2026",122,"",""
"3074","SWARAJENG","EQ",3558.7,3565.6,3528,3548.6,3555,3559.3,7958,282.18,"24-Sep-2026",2335,"",""
"3075","SWARNSAR","EQ",42.04,44.15,41,42.04,43,42.04,45191,19.18,"24-Sep-2026",290,"",""
"3076","SWELECTES","EQ",575.9,587,555,561.65,563,581.85,15162,86.62,"24-Sep-2026",846,"",""
"3077","SWIGGY","EQ",275.7,276.6,265.6,267.45,267.45,278.5,15664085,42556.6,"24-Sep-2026",103638,"",""
"3078","SWISSMLTRY","BE",14.4,14.45,13.9,14.06,14.03,14.03,90007,12.73,"24-Sep-2026",336,"",""
"3079","SWSOLAR","EQ",179.01,179.21,176.51,177.34,176.55,180.76,656330,1167.13,"24-Sep-2026",8521,"",""
"3080","SYMBIOTEC","EQ",1061.05,1078.2,1015.1,1024.05,1020.1,1062,546818,5682.36,"24-Sep-2026",33632,"",""
"3081","SYMPHONY","EQ",584.25,589.1,570,576.7,575.05,592.6,57959,336.62,"24-Sep-2026",3196,"",""
"3082","SYNCOMF","EQ",20.01,20.75,19.8,20.03,19.96,20.01,12034163,2432.53,"24-Sep-2026",25964,"",""
"3083","SYNGENE","EQ",380,384.9,378.1,380.35,380,381.85,230354,878.36,"24-Sep-2026",11706,"",""
"3084","SYNOPTICS","ST",47,47.1,47,47.1,47.1,44.9,1800,0.85,"24-Sep-2026",3,"",""
"3085","SYRMA","EQ",1699.9,1737.2,1686.1,1698.6,1707,1719.4,841054,14379.12,"24-Sep-2026",41796,"",""
"3086","SYSTANGO","SM",223.7,230,223.7,224.65,224,221.1,22000,49.77,"24-Sep-2026",54,"",""
"3087","SYSTMTXC","BE",78,79.05,78,79.05,79.05,77.5,10602,8.31,"24-Sep-2026",60,"",""
"3088","TAALTECH","EQ",1082.1,1122.8,1022.5,1050.5,1022.5,1094.8,60717,653.54,"24-Sep-2026",6459,"",""
"3089","TAC","ST",484,488,469.5,469.5,469.5,494.2,28200,134.49,"24-Sep-2026",119,"",""
"3090","TAINWALCHM","EQ",217,219.7,212.15,216.79,214,214.31,3740,8.1,"24-Sep-2026",74,"",""
"3091","TAJGVK","EQ",329,329.05,321.65,323.2,322.45,329.9,48019,155.99,"24-Sep-2026",1990,"",""
"3092","TAKE","EQ",15.98,15.98,15.15,15.4,15.48,15.86,136493,21.11,"24-Sep-2026",516,"",""
"3093","TALBROAUTO","EQ",460,483.2,456.3,466,468.9,466.9,265580,1241.81,"24-Sep-2026",9849,"",""
"3094","TAMBOLIIN","BE",282.1,300,282.1,294.95,294.95,296.6,4551,13.2,"24-Sep-2026",42,"",""
"3095","TANAA","EQ",349.5,349.6,314.25,331.8,330.05,352.45,97808,326.49,"24-Sep-2026",3430,"",""
"3096","TANKUP","ST",1620,1620,1619.95,1619.95,1619.95,1614,1000,16.2,"24-Sep-2026",3,"",""
"3097","TANLA","EQ",496.55,496.55,486.5,489.6,491,500.4,213003,1045.32,"24-Sep-2026",8718,"",""
"3098","TAPIFRUIT","SM",43.35,43.5,43.35,43.5,43.5,44.25,2250,0.98,"24-Sep-2026",3,"",""
"3099","TARACHAND","EQ",45.5,47.15,45.43,46.11,46.45,45.97,65029,29.88,"24-Sep-2026",542,"",""
"3100","TARAPUR","EQ",12.14,12.24,11.85,12.22,12.24,12.16,21986,2.68,"24-Sep-2026",138,"",""
"3101","TARC","EQ",128,129.9,127.01,129.35,129.51,129.65,300094,386.03,"24-Sep-2026",4427,"",""
"3102","TARIL","EQ",287,287.45,279.75,280.4,280.4,289,673240,1904.04,"24-Sep-2026",15366,"",""
"3103","TARMAT","EQ",54.11,54.99,53.89,54.05,54.01,54.73,6404,3.48,"24-Sep-2026",242,"",""
"3104","TARSONS","EQ",336.85,339.85,330.35,335.45,335.95,335.45,102908,345.94,"24-Sep-2026",3224,"",""
"3105","TASTYBITE","EQ",10161,10324,9866,9903,9882,10180,2802,284.24,"24-Sep-2026",1003,"",""
"3106","TATACAP","EQ",347.8,347.8,333,336.25,336.15,350.05,2156796,7293.21,"24-Sep-2026",49775,"",""
"3107","TATACHEM","EQ",669.9,670,649.95,652.2,650,669.9,765531,5051.42,"24-Sep-2026",21748,"",""
"3108","TATACOMM","EQ",1696,1701,1666.6,1670,1670,1700.6,111964,1890.5,"24-Sep-2026",8714,"",""
"3109","TATACONSUM","EQ",989,992,983,986.3,986.3,994.3,1002889,9894.84,"24-Sep-2026",47254,"",""
"3110","TATAELXSI","EQ",3212,3235,3169,3183.8,3183.8,3212,220867,7064.15,"24-Sep-2026",26471,"",""
"3111","TATAGOLD","EQ",14.61,14.61,14.51,14.52,14.52,14.67,35682468,5195.77,"24-Sep-2026",60859,"",""
"3112","TATAINVEST","EQ",671,672.15,655.7,658.35,660.95,674.3,325712,2159.23,"24-Sep-2026",14729,"",""
"3113","TATAPOWER","EQ",366.5,367.5,362.95,363.45,363.45,369,2708315,9903.68,"24-Sep-2026",31290,"",""
"3114","TATASTEEL","EQ",188.21,191.8,187.72,188.02,188.02,190.82,15701549,29733.55,"24-Sep-2026",105599,"",""
"3115","TATATECH","EQ",716.45,732.65,712.25,717.75,717,716.45,1085643,7866.15,"24-Sep-2026",53714,"",""
"3116","TATSILV","EQ",22.1,22.18,21.89,21.92,21.95,22.37,42029593,9260.7,"24-Sep-2026",49706,"",""
"3117","TATVA","EQ",1778,1798.8,1717.3,1728.6,1746,1778.1,51972,910.85,"24-Sep-2026",6540,"",""
"3118","TAURIAN","ST",597.85,611.1,578.05,608.4,609,582,54400,326.92,"24-Sep-2026",65,"",""
"3119","TBI","SM",74,75.75,71.25,74.7,75.4,74,14400,10.57,"24-Sep-2026",24,"",""
"3120","TBOTEK","EQ",1704.5,1715.5,1681.1,1687.2,1689,1704.5,189060,3215.37,"24-Sep-2026",10682,"",""
"3121","TBZ","BE",687.7,695,657.85,674.85,674,692.45,626801,4296.02,"24-Sep-2026",5284,"",""
"3122","TCC","EQ",53.3,53.79,51,51.63,52.5,53.89,569671,298.51,"24-Sep-2026",4750,"",""
"3123","TCI","EQ",830.65,844.8,815.05,833.45,830.2,829.75,27766,231.93,"24-Sep-2026",4530,"",""
"3124","TCIEXP","EQ",505.75,513.6,490,492.75,495,505.6,13017,64.75,"24-Sep-2026",1350,"",""
"3125","TCIFINANCE","EQ",15.12,15.29,14.73,14.86,14.87,15.19,8216,1.22,"24-Sep-2026",96,"",""
"3126","TCL","SM",130,131,127.5,130.95,131,130.1,37600,48.69,"24-Sep-2026",20,"",""
"3127","TCPLPACK","EQ",4009.9,4138.8,3951.3,4058.8,4065.9,4003,11836,482.92,"24-Sep-2026",2636,"",""
"3128","TCS","EQ",2076,2096.9,2067.1,2087,2087,2089.6,1760662,36677.6,"24-Sep-2026",82859,"",""
"3129","TDPOWERSYS","EQ",758,765.4,738.15,742,747.85,765.5,1289189,9681.77,"24-Sep-2026",44265,"",""
"3130","TEAMGTY","EQ",239.96,242.95,235.01,241.71,241.98,239.95,75,0.18,"24-Sep-2026",12,"",""
"3131","TEAMLEASE","EQ",1201.9,1215.9,1183.1,1192,1201,1196,11262,134.8,"24-Sep-2026",4361,"",""
"3132","TEAMTECH","ST",137.9,139.45,136.75,138.35,138.35,136,26000,35.84,"24-Sep-2026",13,"",""
"3133","TECH","EQ",32.45,32.45,30.8,30.95,31.09,31.05,38691,11.98,"24-Sep-2026",301,"",""
"3134","TECHD","SM",562,571.7,550.4,558,558.95,565,15600,87.78,"24-Sep-2026",47,"",""
"3135","TECHERA","SM",158.5,158.5,150.8,152.35,152.25,158.7,80800,123.14,"24-Sep-2026",95,"",""
"3136","TECHLABS","SM",115.95,117.1,112.55,114.9,116.75,115.95,23500,27.12,"24-Sep-2026",121,"",""
"3137","TECHM","EQ",1549.9,1576.2,1543,1543,1543,1557,1707105,26578.33,"24-Sep-2026",48979,"",""
"3138","TECHNOCRAF","EQ",472,482,462.4,475.05,474.05,475.65,1197482,5677.01,"24-Sep-2026",22493,"",""
"3139","TECHNOE","EQ",1002.95,1006.4,984.6,991.65,990,1012.05,59392,590.33,"24-Sep-2026",8358,"",""
"3140","TECHNVISN","EQ",4300,4388,4071,4130,4130,4181.5,659,27.8,"24-Sep-2026",135,"",""
"3141","TECILCHEM","EQ",9.6,9.61,9.16,9.25,9.21,9.5,10562,0.98,"24-Sep-2026",77,"",""
"3142","TEGA","EQ",2070,2106.1,2040,2062,2042.5,2078.8,382732,7941,"24-Sep-2026",24976,"",""
"3143","TEJA","SM",210.05,217.5,210.05,215.75,217.5,208.15,3600,7.7,"24-Sep-2026",6,"",""
"3144","TEJASCARGO","SM",425,425,419,419,419,420,800,3.38,"24-Sep-2026",2,"",""
"3145","TEJASNET","EQ",517.1,519.6,507.2,511.3,512.5,521.55,1162117,5946.99,"24-Sep-2026",27635,"",""
"3146","TEMBO","EQ",59,63,58.55,59.26,59.84,59.31,4699220,2849.19,"24-Sep-2026",22512,"",""
"3147","TEMPSENS","EQ",561.1,563.45,540,543.4,545.4,565.65,1781856,9812.03,"24-Sep-2026",41960,"",""
"3148","TENNIND","EQ",514.2,522.25,509.6,511.25,511.8,518.6,332762,1712.25,"24-Sep-2026",17149,"",""
"3149","TERAI","EQ",113,115,110,111.55,115,111.36,258,0.29,"24-Sep-2026",16,"",""
"3150","TERASOFT","EQ",230.8,234.25,211.05,220.65,219,230.8,69488,152.21,"24-Sep-2026",1998,"",""
"3151","TEXINFRA","EQ",125,125,118.11,118.9,119,123.47,328844,398.21,"24-Sep-2026",5500,"",""
"3152","TEXMOPIPES","EQ",59.7,59.7,57.9,58.05,57.9,59.63,116010,67.92,"24-Sep-2026",1292,"",""
"3153","TEXRAIL","EQ",124.75,127.14,121.55,126.77,126.9,124.75,7694285,9624.22,"24-Sep-2026",65848,"",""
"3154","TFCILTD","EQ",140.9,144.39,140.5,143.46,143.51,141.55,18259746,26051.41,"24-Sep-2026",42135,"",""
"3155","TFL","EQ",11.17,12,11.17,11.73,11.87,11.77,20237,2.37,"24-Sep-2026",93,"",""
"3156","TGBHOTELS","EQ",10.14,10.14,9.23,9.5,9.5,9.43,20766,1.96,"24-Sep-2026",101,"",""
"3157","TGL","ST",14.5,14.5,14.45,14.45,14.45,14.7,3600,0.52,"24-Sep-2026",11,"",""
"3158","TGVSL","EQ",108.55,111.9,107.54,109.31,110,108.55,488751,538.54,"24-Sep-2026",4601,"",""
"3159","THAKDEV","EQ",143.9,143.9,127.61,131.44,127.94,133.78,256,0.34,"24-Sep-2026",93,"",""
"3160","THANGAMAYL","EQ",5317,5333.5,5080,5097,5093,5317,50396,2606.28,"24-Sep-2026",10855,"",""
"3161","THEINVEST","EQ",94,95.45,92.25,92.63,92.25,94.06,7483,6.97,"24-Sep-2026",145,"",""
"3162","THEJO","EQ",2179.9,2200,2132.4,2168.8,2200,2173.5,3841,82.94,"24-Sep-2026",502,"",""
"3163","THELEELA","EQ",540.05,545.65,530.5,533.2,537.4,544.95,137918,741.83,"24-Sep-2026",11079,"",""
"3164","THEMISMED","EQ",121.98,122.99,117.21,118.1,117.53,121.97,32113,38.36,"24-Sep-2026",947,"",""
"3165","THERMAX","EQ",3468,3470,3400,3406.1,3407,3464.9,84227,2894.86,"24-Sep-2026",17191,"",""
"3166","THESL","ST",15.25,15.25,13.85,13.85,13.85,14.55,15000,2.25,"24-Sep-2026",5,"",""
"3167","THOMASCOOK","EQ",104,104.5,103.25,103.97,104.5,105.12,403771,419.34,"24-Sep-2026",4006,"",""
"3168","THOMASCOTT","EQ",235,236.5,228.6,235,235,235.15,29547,69.01,"24-Sep-2026",726,"",""
"3169","THYROCARE","EQ",571.5,576.75,565,566.75,565.2,573.75,87557,499.27,"24-Sep-2026",8543,"",""
"3170","TI","EQ",595,603.25,583.8,587.55,589,601.5,506431,2989.96,"24-Sep-2026",20030,"",""
"3171","TICL","BE",6.12,6.12,6.12,6.12,6.12,5.83,1221318,74.74,"24-Sep-2026",322,"",""
"3172","TIGERLOGS","EQ",27.65,27.65,26,26.36,26.5,26.87,170542,45.13,"24-Sep-2026",1217,"",""
"3173","TIIL","EQ",3040,3112.7,2990.1,3033.1,3060,3019.9,26986,823.78,"24-Sep-2026",6316,"",""
"3174","TIINDIA","EQ",2558,2585.5,2540.5,2540.5,2540.5,2578.6,70640,1810.09,"24-Sep-2026",9935,"",""
"3175","TIJARIA","BE",6.59,6.85,6.27,6.72,6.7,6.53,72897,4.88,"24-Sep-2026",140,"",""
"3176","TIL","BE",255,260,250.02,256.16,254,259.09,60699,154.97,"24-Sep-2026",352,"",""
"3177","TIMETECHNO","EQ",181.7,181.7,178.01,179.31,180.81,181.96,1714746,3082.18,"24-Sep-2026",17423,"",""
"3178","TIMEX","EQ",724,734.05,705,710.8,713.5,725.75,288835,2079.89,"24-Sep-2026",18639,"",""
"3179","TIMKEN","EQ",3285.1,3315,3242.9,3256.9,3246.8,3287.9,42287,1386.53,"24-Sep-2026",9123,"",""
"3180","TINNARUBR","EQ",1007.15,1007.2,970,982.8,993,1007.25,33002,326.75,"24-Sep-2026",2703,"",""
"3181","TIPSFILMS","EQ",320.5,320.5,310.05,311.5,310.65,314.75,1398,4.38,"24-Sep-2026",111,"",""
"3182","TIPSMUSIC","EQ",668,676.75,657,662.05,662.05,670.5,266188,1777.62,"24-Sep-2026",11312,"",""
"3183","TIRUMALCHM","EQ",164.15,166.54,161.26,162.95,162.22,165.22,488664,800.35,"24-Sep-2026",10811,"",""
"3184","TIRUPATIFL","BE",81.5,82.25,76.65,79.87,79.8,78.34,1212481,968.58,"24-Sep-2026",2963,"",""
"3185","TITAGARH","EQ",830,837.4,818,819.25,820,842.05,326786,2697.46,"24-Sep-2026",22225,"",""
"3186","TITAN","EQ",4868,4912,4830,4832.5,4832.5,4880,504126,24510.12,"24-Sep-2026",40952,"",""
"3187","TMB","EQ",920,920,891.5,893.55,902.5,921.4,167289,1508.74,"24-Sep-2026",13849,"",""
"3188","TMCV","EQ",447.35,456.05,431.55,437.15,437.6,450.2,4805833,21305.8,"24-Sep-2026",98415,"",""
"3189","TMPV","EQ",299.8,300.95,295,295,295,300.5,9126313,27237.49,"24-Sep-2026",108949,"",""
"3190","TNIDETF","EQ",89.79,89.79,85.71,86.3,85.89,88.8,110546,95.52,"24-Sep-2026",1079,"",""
"3191","TNPETRO","EQ",129,133.49,125.5,126.98,126.37,128.98,863308,1118.39,"24-Sep-2026",12293,"",""
"3192","TNPL","EQ",142.7,151.4,142.5,148.94,151.34,144.37,403094,591.77,"24-Sep-2026",5258,"",""
"3193","TNTELE","EQ",9.15,9.48,8.52,9.31,9.4,9.06,75331,6.85,"24-Sep-2026",347,"",""
"3194","TOKYOPLAST","EQ",76.05,78.8,75.5,75.62,78,79.4,1039,0.8,"24-Sep-2026",61,"",""
"3195","TOLINS","EQ",91.55,92.9,89.78,90.14,90,91.58,31227,28.56,"24-Sep-2026",1063,"",""
"3196","TOP100CASE","EQ",10.32,10.36,10.19,10.21,10.24,10.35,848441,86.84,"24-Sep-2026",1832,"",""
"3197","TOP10ADD","EQ",86.69,86.69,83.47,83.79,83.96,84.58,414184,347.73,"24-Sep-2026",1012,"",""
"3198","TOP15IETF","EQ",9.43,9.5,9.29,9.34,9.35,9.48,559755,52.32,"24-Sep-2026",657,"",""
"3199","TOP20","EQ",8.85,8.85,8.5,8.5,8.52,8.65,99666,8.51,"24-Sep-2026",422,"",""
"3200","TORNTPHARM","EQ",4976,5010,4902,4928.5,4928.5,4985,255716,12658.71,"24-Sep-2026",23692,"",""
"3201","TORNTPOWER","EQ",1238,1254,1235.1,1244.2,1245,1259.4,67834,844.82,"24-Sep-2026",9026,"",""
"3202","TOTAL","BE",71,72,69.5,71.93,71.94,71.5,2371,1.68,"24-Sep-2026",31,"",""
"3203","TOUCHWOOD","EQ",61.78,61.78,61.78,61.78,61.78,61.85,62,0.04,"24-Sep-2026",3,"",""
"3204","TOYAMSL","EQ",0.92,0.92,0.84,0.84,0.84,0.88,4080574,34.98,"24-Sep-2026",639,"",""
"3205","TPHQ","BE",0.52,0.53,0.5,0.51,0.52,0.52,1834710,9.41,"24-Sep-2026",332,"",""
"3206","TPLPLASTEH","EQ",67.17,67.69,64.8,65.06,64.8,67.15,98176,64.88,"24-Sep-2026",976,"",""
"3207","TRACXN","EQ",32.99,33.04,31.62,31.83,31.91,32.95,113250,36.71,"24-Sep-2026",999,"",""
"3208","TRANSCOR","EQ",24.28,25.25,24.28,24.41,24.9,24.28,4604,1.14,"24-Sep-2026",51,"",""
"3209","TRANSPEK","BE",1344.1,1375,1331,1358.6,1375,1350.9,699,9.41,"24-Sep-2026",46,"",""
"3210","TRANSRAILL","EQ",487,487.9,463,464,464.9,488.9,1282611,6058.87,"24-Sep-2026",35968,"",""
"3211","TRANSTEEL","SM",84.3,88,84.2,85.95,85.95,86.65,37000,31.61,"24-Sep-2026",25,"",""
"3212","TRANSWORLD","BE",166,166,165.97,165.97,165.97,166.7,5124,8.51,"24-Sep-2026",22,"",""
"3213","TRAVELFOOD","EQ",1214,1224,1199.9,1214.2,1219,1214.5,12316,148.56,"24-Sep-2026",3015,"",""
"3214","TREEHOUSE","EQ",5.94,6.13,5.84,6.07,6.12,5.93,14428,0.87,"24-Sep-2026",59,"",""
"3215","TREJHARA","EQ",135.22,137,131,135.31,133.4,135.22,7294,9.79,"24-Sep-2026",295,"",""
"3216","TREL","EQ",28.2,28.58,27,27.8,28.14,27.78,108843,30.21,"24-Sep-2026",4234,"",""
"3217","TRENT","EQ",2765,2767.5,2699.9,2700,2700,2774,556839,15227.04,"24-Sep-2026",43924,"",""
"3218","TRF","EQ",217.4,219,212.3,215.13,214.15,216.31,11662,25.06,"24-Sep-2026",257,"",""
"3219","TRIDENT","EQ",23.3,23.4,23.02,23.15,23.2,23.42,2398291,555.49,"24-Sep-2026",11403,"",""
"3220","TRIGYN","EQ",56.25,56.39,54.21,54.95,55.84,56.14,15610,8.65,"24-Sep-2026",305,"",""
"3221","TRITONV","EQ",1154,1154,1101.1,1109.4,1117,1133.8,1610,17.98,"24-Sep-2026",286,"",""
"3222","TRITURBINE","EQ",559.5,561.45,549.4,551.8,554,562.1,219693,1218.88,"24-Sep-2026",30308,"",""
"3223","TRIVENI","EQ",244,244,239.45,240.2,240.05,242.35,380043,913.06,"24-Sep-2026",7698,"",""
"3224","TROM","SM",53,54.9,53,53.4,53.25,54.1,7800,4.19,"24-Sep-2026",13,"",""
"3225","TRU","EQ",4.04,4.4,4.04,4.21,4.29,4.23,47849,2.03,"24-Sep-2026",144,"",""
"3226","TRUALT","EQ",435,441.8,420.35,429,430,438.9,389804,1676.77,"24-Sep-2026",9748,"",""
"3227","TRUST","SM",26.5,26.9,26.15,26.15,26.15,26.5,7800,2.06,"24-Sep-2026",13,"",""
"3228","TSC","ST",50,51,50,51,51,52.05,16000,8.1,"24-Sep-2026",6,"",""
"3229","TSFINV","EQ",456.5,459.75,451.55,456.9,458,462.05,88605,404.58,"24-Sep-2026",6806,"",""
"3230","TTKHLTCARE","EQ",1053.6,1066.8,1040,1045.4,1048.7,1051.2,11744,123.59,"24-Sep-2026",1515,"",""
"3231","TTKPRESTIG","EQ",524,527.3,509.5,515.3,514,525.8,38754,201.99,"24-Sep-2026",2721,"",""
"3232","TTL","EQ",7.2,7.5,7.11,7.25,7.34,7.26,591416,43,"24-Sep-2026",606,"",""
"3233","TTML","EQ",35.48,35.5,34.9,35.02,35.1,35.63,976514,342.88,"24-Sep-2026",5470,"",""
"3234","TUNWAL","SM",25.1,25.7,25.1,25.45,25.65,25.65,42000,10.7,"24-Sep-2026",21,"",""
"3235","TURTLEMINT","EQ",109.04,109.04,109.04,109.04,109.04,136.3,1011837,1103.31,"24-Sep-2026",6104,"",""
"3236","TUTIALKA","EQ",56.25,56.89,53.25,55.53,56,55.64,11871,6.6,"24-Sep-2026",158,"",""
"3237","TVSELECT","EQ",394.7,394.7,380.3,381.7,383,391.8,34653,133.26,"24-Sep-2026",1848,"",""
"3238","TVSHLTD","EQ",12452,12549,12185,12501,12500,12591,7441,922.26,"24-Sep-2026",2928,"",""
"3239","TVSMOTOR","EQ",4093.4,4123,4057,4091,4091,4135,933899,38185.72,"24-Sep-2026",43886,"",""
"3240","TVSSCS","EQ",131,133.46,130,130.47,130.69,132.48,524473,687.97,"24-Sep-2026",11763,"",""
"3241","TVSSRICHAK","EQ",4650.5,4684.5,4386,4412,4403,4651,16193,725.93,"24-Sep-2026",3109,"",""
"3242","TVTODAY","EQ",107.7,109.4,106,107.77,109.17,107.7,8880,9.55,"24-Sep-2026",310,"",""
"3243","TVVISION","BE",3.05,3.05,2.96,3.05,3.05,2.91,125043,3.8,"24-Sep-2026",174,"",""
"3244","TWCGOLDETF","EQ",150.6,150.6,147.65,149.01,149.03,150.51,22184,33.11,"24-Sep-2026",144,"",""
"3245","UBL","EQ",1240,1289.7,1227.1,1270.2,1282.6,1242.3,133103,1671.28,"24-Sep-2026",12874,"",""
"3246","UCAL","BE",142,143.2,140.2,141.45,141.2,143.56,2413,3.41,"24-Sep-2026",36,"",""
"3247","UCOBANK","EQ",23.99,23.99,23.65,23.74,23.75,24.04,2411463,573.36,"24-Sep-2026",9967,"",""
"3248","UDAYJEW","EQ",153.87,162.95,152.06,162.33,161,153.87,71597,114.07,"24-Sep-2026",2127,"",""
"3249","UDS","EQ",203.91,203.91,200.11,201.9,201.1,205.27,56075,113.42,"24-Sep-2026",1644,"",""
"3250","UEL","EQ",195,197.9,184.67,188.09,189.9,191.86,18430,34.7,"24-Sep-2026",834,"",""
"3251","UFBL","BE",722.1,740,710.05,723,722.4,722.1,32428,236.74,"24-Sep-2026",1694,"",""
"3252","UFLEX","EQ",669.65,685,657.85,661.55,660,670.45,119810,806.33,"24-Sep-2026",5430,"",""
"3253","UFO","EQ",61.7,61.7,59.25,59.53,59.32,60.64,19495,11.72,"24-Sep-2026",309,"",""
"3254","UGARSUGAR","EQ",56.42,57.11,55.51,55.77,55.62,57.22,262893,147.22,"24-Sep-2026",2361,"",""
"3255","UGROCAP","EQ",83.89,84.89,81.2,82.23,82.1,84.29,155699,128.34,"24-Sep-2026",3109,"",""
"3256","UHTL","ST",203.65,203.65,195.75,195.75,195.75,199.7,368000,737.05,"24-Sep-2026",65,"",""
"3257","UJJIVANSFB","EQ",64.52,64.7,61.25,62.69,63,66.01,33045929,20749.65,"24-Sep-2026",148970,"",""
"3258","ULTRACEMCO","EQ",11098,11192,11056,11056,11056,11155,304695,33916.05,"24-Sep-2026",36403,"",""
"3259","ULTRAMAR","EQ",438,442,426.95,429.05,429,439.15,42929,187.26,"24-Sep-2026",1840,"",""
"3260","UMA","SM",17.5,17.5,17.5,17.5,17.5,17.5,4000,0.7,"24-Sep-2026",1,"",""
"3261","UMAEXPORTS","BE",20.81,20.81,20.81,20.81,20.81,20.41,488,0.1,"24-Sep-2026",7,"",""
"3262","UMESLTD","EQ",4.51,4.85,4.49,4.51,4.5,4.6,39599,1.82,"24-Sep-2026",119,"",""
"3263","UMIYA-MRO","EQ",95,106,93.5,96.42,96.94,95.1,74800,75.62,"24-Sep-2026",1372,"",""
"3264","UNICHEMLAB","EQ",573,582,549.8,552.65,552.6,573.2,156065,883.17,"24-Sep-2026",7266,"",""
"3265","UNIDT","EQ",231,272,231,259.76,256.3,235.24,645371,1662.87,"24-Sep-2026",14331,"",""
"3266","UNIECOM","EQ",83,83.8,82.3,82.76,82.53,83.26,191326,158.69,"24-Sep-2026",2269,"",""
"3267","UNIENTER","EQ",91.05,92.57,89.57,90.5,90.5,91.09,1617,1.47,"24-Sep-2026",34,"",""
"3268","UNIHEALTH","SM",626.85,660,626.85,656,660,626.85,7500,48.27,"24-Sep-2026",15,"",""
"3269","UNIINFO","EQ",11.02,11.4,11.02,11.29,11.4,11.4,183,0.02,"24-Sep-2026",11,"",""
"3270","UNILEX","SM",30.3,31,29,31,31,30.3,8000,2.4,"24-Sep-2026",5,"",""
"3271","UNIMECH","EQ",1712,1758.8,1673.2,1692.3,1698.5,1716.1,179298,3081.44,"24-Sep-2026",22411,"",""
"3272","UNIONBANK","EQ",178.9,180.2,175.86,179.45,179.45,180,4484417,8010.2,"24-Sep-2026",37474,"",""
"3273","UNIONGOLD","EQ",147.45,147.6,146,146.45,146.6,147.4,2328,3.42,"24-Sep-2026",273,"",""
"3274","UNIPARTS","EQ",861,865.6,840.15,850.35,855.1,861.2,54719,468.08,"24-Sep-2026",7055,"",""
"3275","UNITDSPR","EQ",1434,1442,1421.2,1423.3,1423.3,1441,219089,3136.5,"24-Sep-2026",18007,"",""
"3276","UNITECH","EQ",4.11,4.16,4.03,4.05,4.05,4.17,4096221,167.26,"24-Sep-2026",2254,"",""
"3277","UNITEDPOLY","EQ",46.5,46.75,45,45.27,45.7,45.94,170870,77.55,"24-Sep-2026",505,"",""
"3278","UNITEDTEA","EQ",428,435,425.35,428.25,431,428,1821,7.83,"24-Sep-2026",104,"",""
"3279","UNIVASTU","BE",142,144.96,139,140.54,140,145.71,44569,62.75,"24-Sep-2026",471,"",""
"3280","UNIVCABLES","EQ",1508.8,1539.8,1490,1517,1520,1508.8,128146,1943.22,"24-Sep-2026",10584,"",""
"3281","UNIVPHOTO","BE",565.2,565.2,548.2,549.85,548.2,577.05,1245,6.9,"24-Sep-2026",81,"",""
"3282","UNOMINDA","EQ",1216.3,1252.9,1212.3,1224.4,1224.4,1223.1,445754,5517.8,"24-Sep-2026",28796,"",""
"3283","UPL","EQ",550.7,553.65,546.5,549.6,549.6,553.15,1278779,7046.36,"24-Sep-2026",28987,"",""
"3284","URAVIDEF","BE",104,104,103,103,103,104.15,1274,1.32,"24-Sep-2026",36,"",""
"3285","URBAN","SM",118.95,119.9,118,119,119,117.05,8000,9.5,"24-Sep-2026",10,"",""
"3286","URBANCO","EQ",172.21,174.26,168.5,171.26,170.7,172.73,4162727,7152,"24-Sep-2026",37079,"",""
"3287","URJA","EQ",9.06,9.1,8.95,9,9,9.05,403236,36.29,"24-Sep-2026",1986,"",""
"3288","USASEEDS","SM",85.5,89.5,85.5,89.5,89.5,90,2140,1.86,"24-Sep-2026",5,"",""
"3289","USHAFIN","SM",55.9,56,55.8,55.8,55.8,54.15,9600,5.37,"24-Sep-2026",4,"",""
"3290","USHAMART","EQ",534,534.15,515,523.2,525.9,535.05,607143,3181.66,"24-Sep-2026",19360,"",""
"3291","USK","EQ",19.6,20.3,19.51,19.61,19.6,19.85,21157,4.18,"24-Sep-2026",207,"",""
"3292","UTIAMC","EQ",905.3,914.4,903.2,907.9,905,909.95,47119,427.53,"24-Sep-2026",5233,"",""
"3293","UTKAL","SM",51,51,50.5,50.8,50.8,50.25,8000,4.06,"24-Sep-2026",4,"",""
"3294","UTKARSHBNK","EQ",13.94,14,13.7,13.86,13.89,14.07,4749458,657.09,"24-Sep-2026",9886,"",""
"3295","UTLSOLAR","EQ",443.85,443.85,428.3,433.4,434.5,446.1,205916,893.62,"24-Sep-2026",10713,"",""
"3296","UTSSAV","SM",640,659,640,652.2,653,653.25,51000,330.69,"24-Sep-2026",56,"",""
"3297","UTTAMSUGAR","EQ",265.5,266.2,258.45,260,263,266.35,64541,169.03,"24-Sep-2026",1861,"",""
"3298","UYFINCORP","BE",19.12,19.6,19.11,19.26,19.39,19.51,85744,16.57,"24-Sep-2026",183,"",""
"3299","V2RETAIL","EQ",213.11,216,211.21,214.47,214.75,215.63,556422,1192.6,"24-Sep-2026",10889,"",""
"3300","VADILALIND","EQ",7450,7529,7322,7413.5,7385,7492,9796,727.6,"24-Sep-2026",3192,"",""
"3301","VADILENT","EQ",10310,10310,10250,10303,10250,10370,11,1.13,"24-Sep-2026",8,"",""
"3302","VAIBHAVGBL","EQ",208.81,209.93,204,205.25,205.49,209.49,153843,317.54,"24-Sep-2026",4275,"",""
"3303","VAISHALI","EQ",8.32,8.79,8.32,8.53,8.49,8.45,171784,14.71,"24-Sep-2026",346,"",""
"3304","VAKRANGEE","EQ",5.37,5.45,5.2,5.3,5.29,5.35,1008105,53.18,"24-Sep-2026",1738,"",""
"3305","VAL30IETF","EQ",14.91,14.96,14.81,14.87,14.84,15,128483,19.11,"24-Sep-2026",657,"",""
"3306","VALIANTLAB","BE",121.24,125.99,117.3,123.15,123.85,121.24,77365,94.03,"24-Sep-2026",522,"",""
"3307","VALIANTORG","EQ",420,420,406.5,411.35,412,420.8,59473,244.65,"24-Sep-2026",1514,"",""
"3308","VALUE","EQ",16.14,16.14,15.75,15.78,15.8,15.94,15227,2.41,"24-Sep-2026",103,"",""
"3309","VALUE360","SM",60,60,56,56.35,56.05,62.05,20400,11.71,"24-Sep-2026",16,"",""
"3310","VALUEAXIS","EQ",32.48,32.64,32.04,32.18,32.33,32.48,42653,13.74,"24-Sep-2026",370,"",""
"3311","VAML","EQ",430.9,438.9,428.25,429.4,428.25,436.3,4520000,19573,"24-Sep-2026",73128,"",""
"3312","VARDHACRLC","BE",44.6,44.6,43,43.95,43.95,44.48,34631,15.14,"24-Sep-2026",156,"",""
"3313","VARDMNPOLY","EQ",5.96,6,5.78,5.81,5.81,5.91,128283,7.52,"24-Sep-2026",281,"",""
"3314","VARROC","EQ",837,844.6,825,833.4,836.8,836.5,129764,1084.66,"24-Sep-2026",10454,"",""
"3315","VASCONEQ","EQ",32.5,34.9,32.25,33.29,33.31,32.99,1975613,668.59,"24-Sep-2026",7865,"",""
"3316","VASUPRADA","EQ",99,99,95.3,95.3,95.3,95.05,212,0.21,"24-Sep-2026",3,"",""
"3317","VASWANI","EQ",45.5,45.92,44.57,45.08,44.9,45.68,26319,11.96,"24-Sep-2026",222,"",""
"3318","VBL","EQ",432.15,436.85,428.3,431.25,431.25,436.15,5016972,21709.13,"24-Sep-2026",50013,"",""
"3319","VCL","BE",1.45,1.45,1.45,1.45,1.45,1.52,227569,3.3,"24-Sep-2026",170,"",""
"3320","VDEAL","SM",122,122,118.25,118.25,118.25,121.6,6000,7.24,"24-Sep-2026",9,"",""
"3321","VEDAVAAG","EQ",22.27,22.3,21.13,21.31,21.18,22.16,20903,4.53,"24-Sep-2026",182,"",""
"3322","VEDL","EQ",267.9,269.4,264.2,267.5,267.5,271,5685750,15150.62,"24-Sep-2026",62020,"",""
"3323","VEDPOWER","EQ",32.85,32.85,31.9,32.1,32.1,32.98,9200935,2966.55,"24-Sep-2026",38103,"",""
"3324","VEEDOL","EQ",1358,1374.8,1354.5,1364.3,1367.7,1365.8,5343,72.9,"24-Sep-2026",836,"",""
"3325","VEEGALAND","BE",141.5,145.8,140.9,142.38,142.04,142.87,866388,1240.51,"24-Sep-2026",3161,"",""
"3326","VEEKAYEM","SM",97.2,97.2,97.15,97.15,97.15,102.25,1500,1.46,"24-Sep-2026",2,"",""
"3327","VELJAN","BE",2051.2,2081.5,1991.1,2067.9,2080,2051.2,436,8.86,"24-Sep-2026",43,"",""
"3328","VENKEYS","EQ",1697.9,1703.6,1645,1664.1,1667,1692.2,34737,580.07,"24-Sep-2026",3667,"",""
"3329","VENTIVE","EQ",586.9,586.9,565.55,572.75,574.95,578.35,10555,60.44,"24-Sep-2026",891,"",""
"3330","VENUSPIPES","EQ",2230,2258.2,2190,2206.3,2200,2235.5,95848,2136.74,"24-Sep-2026",9544,"",""
"3331","VENUSREM","EQ",1628.9,1674.8,1582.2,1624.8,1630,1643.7,31456,513.78,"24-Sep-2026",3122,"",""
"3332","VERANDA","EQ",230.5,237.5,226.16,232.46,231.3,231.5,466617,1079.53,"24-Sep-2026",7467,"",""
"3333","VERITAAS","SM",25.35,25.45,25.35,25.45,25.45,24.25,2400,0.61,"24-Sep-2026",2,"",""
"3334","VERTIS","IV",115.75,115.75,115.75,115.75,115.75,115.75,75000,86.81,"24-Sep-2026",3,"",""
"3335","VERTOZ","EQ",35.6,38.24,35.6,36.73,36.52,36.84,41283,15.23,"24-Sep-2026",393,"",""
"3336","VESUVIUS","EQ",395,396,391,391.85,391.8,396.1,45504,178.79,"24-Sep-2026",2808,"",""
"3337","VETO","EQ",147,147.02,142.51,143.04,143.11,145.57,81284,116.82,"24-Sep-2026",2086,"",""
"3338","VGCL","EQ",48.89,48.89,45.12,47.2,47.28,47.18,3116,1.43,"24-Sep-2026",34,"",""
"3339","VGINFOTECH","SM",140,142,138,141.1,140.95,140.05,64000,89.89,"24-Sep-2026",33,"",""
"3340","VGL","EQ",69,70.06,66.22,66.52,66.45,70.63,117211,79.95,"24-Sep-2026",896,"",""
"3341","VGUARD","EQ",315.5,315.6,307.6,308.6,309.1,316.4,198837,618.27,"24-Sep-2026",10492,"",""
"3342","VHL","EQ",3341,3409.4,3341,3368.1,3380,3383.8,416,14.06,"24-Sep-2026",42,"",""
"3343","VHLTD","BE",129.9,129.9,125.5,129.16,129.35,126.49,23968,30.81,"24-Sep-2026",136,"",""
"3344","VIAZ","SM",82.9,82.9,75.05,78.85,81.5,79,22000,17.22,"24-Sep-2026",10,"",""
"3345","VICTORYEV","SM",13.6,13.95,13.55,13.85,13.85,13.75,15000,2.06,"24-Sep-2026",5,"",""
"3346","VIDHIING","EQ",355.15,362.45,345.1,352.45,350.05,359.85,37289,131.48,"24-Sep-2026",1162,"",""
"3347","VIDYAWIRES","EQ",86.57,87.33,84.4,86.23,86.25,88.71,1387256,1188.07,"24-Sep-2026",8849,"",""
"3348","VIESL","SM",371.1,371.1,365.1,369.05,365.1,370.4,5600,20.68,"24-Sep-2026",7,"",""
"3349","VIGOR","SM",102.7,102.7,100,101,101,102.85,20800,21,"24-Sep-2026",9,"",""
"3350","VIJAYA","EQ",1571.4,1571.4,1520.5,1526.5,1522.8,1570.7,101780,1571.21,"24-Sep-2026",13559,"",""
"3351","VIJAYPD","SM",66.6,73.9,64.75,71.15,73,65,40000,28.01,"24-Sep-2026",20,"",""
"3352","VIJIFIN","BE",16.21,16.22,15.6,16.22,16.22,15.91,2422961,386.73,"24-Sep-2026",531,"",""
"3353","VIJSOLX","EQ",634,636.05,634,636.05,636.05,632.3,7,0.04,"24-Sep-2026",2,"",""
"3354","VIKASECO","EQ",1.04,1.05,1.03,1.03,1.04,1.04,1701614,17.67,"24-Sep-2026",1045,"",""
"3355","VIKASLIFE","EQ",1.28,1.28,1.24,1.24,1.25,1.28,2276172,28.6,"24-Sep-2026",8454,"",""
"3356","VIKRAMSOLR","EQ",163.34,163.55,160.3,160.42,160.45,163.34,974428,1570.42,"24-Sep-2026",11057,"",""
"3357","VIKRAN","EQ",58.5,62.62,57.53,60.99,61.21,56.14,34848858,21308.09,"24-Sep-2026",142260,"",""
"3358","VILAS","SM",402.6,419.5,361,399.35,388.5,403.85,61000,247.46,"24-Sep-2026",193,"",""
"3359","VILINBIO","ST",52.3,52.3,52.3,52.3,52.3,52.3,4000,2.09,"24-Sep-2026",1,"",""
"3360","VIMTALABS","EQ",606,616,595,597.5,600,610.7,140540,848.27,"24-Sep-2026",9592,"",""
"3361","VINATIORGA","EQ",1220.1,1225.6,1190,1195,1194,1222.8,68223,820.76,"24-Sep-2026",9194,"",""
"3362","VINCOFE","EQ",184.37,191.35,182.69,183.75,183.4,183.79,3693467,6931.52,"24-Sep-2026",46470,"",""
"3363","VINDHYATEL","EQ",2830,2874,2748.9,2767.5,2775,2864.6,52006,1450.25,"24-Sep-2026",6289,"",""
"3364","VINEETLAB","EQ",35.75,35.75,34.1,34.93,35,34.82,52687,18.37,"24-Sep-2026",571,"",""
"3365","VINNY","EQ",0.92,0.93,0.92,0.92,0.93,0.92,309005,2.87,"24-Sep-2026",179,"",""
"3366","VINOD","ST",69.25,69.25,69.25,69.25,69.25,72.85,2400,1.66,"24-Sep-2026",2,"",""
"3367","VINSYS","ST",587,587,560,573.8,584,587.65,7750,44.92,"24-Sep-2026",22,"",""
"3368","VINYAS","SM",1582,1582,1543,1543.5,1543,1599.3,3000,46.73,"24-Sep-2026",28,"",""
"3369","VINYLINDIA","EQ",221.54,224.2,218.1,220.32,219.41,221.54,7702,17.03,"24-Sep-2026",741,"",""
"3370","VIPCLOTHNG","EQ",21.99,22,21.5,21.7,21.74,21.72,39989,8.67,"24-Sep-2026",208,"",""
"3371","VIPIND","EQ",298,303.95,295.1,300.95,301,298.9,321535,964.19,"24-Sep-2026",4259,"",""
"3372","VIPULLTD","BE",10.99,11.08,10.54,10.56,10.54,11.09,834651,88.36,"24-Sep-2026",356,"",""
"3373","VIRAT","EQ",377,389.9,356.1,361.55,367.85,371.2,7756,28.67,"24-Sep-2026",589,"",""
"3374","VIRINCHI","EQ",14.17,14.17,13.8,13.81,13.8,14.03,39412,5.48,"24-Sep-2026",214,"",""
"3375","VIRTUALG","BE",0.46,0.47,0.45,0.45,0.45,0.45,102248,0.46,"24-Sep-2026",110,"",""
"3376","VISACHROME","EQ",36.48,36.55,33.4,36.34,36.32,34.81,47827,17.09,"24-Sep-2026",383,"",""
"3377","VISAKAIND","EQ",96.08,102.4,94.01,94.79,94.01,96.08,1406348,1375.87,"24-Sep-2026",13025,"",""
"3378","VISAMAN","SM",31.75,31.75,31.75,31.75,31.75,33.4,12000,3.81,"24-Sep-2026",5,"",""
"3379","VISHAL","EQ",18.1,18.25,17.55,18.06,18.07,18.18,27608,4.96,"24-Sep-2026",256,"",""
"3380","VISHNU","EQ",723.9,725.85,701.05,703.25,703.4,723.95,59548,424.85,"24-Sep-2026",4581,"",""
"3381","VISHNUINFR","SM",150,150,150,150,150,150.5,500,0.75,"24-Sep-2026",1,"",""
"3382","VISHWARAJ","EQ",5.34,5.43,5.25,5.28,5.3,5.35,162085,8.65,"24-Sep-2026",570,"",""
"3383","VISHWAS","ST",37.1,40.4,37.1,40.4,40.4,38.5,4800,1.89,"24-Sep-2026",3,"",""
"3384","VISL","EQ",33.92,34.25,32.13,32.13,32.13,33.82,31103791,10200.43,"24-Sep-2026",53737,"",""
"3385","VITAL","EQ",55.67,57.33,53.6,54.37,56.94,55.66,6134,3.41,"24-Sep-2026",153,"",""
"3386","VIVIANA","EQ",728,728,700,706.25,706.5,724.55,13420,95.79,"24-Sep-2026",749,"",""
"3387","VIVIDEL","SM",1784.95,1847.45,1750,1790,1799.8,1763,19680,352.2,"24-Sep-2026",72,"",""
"3388","VIVIDHA","EQ",0.52,0.55,0.52,0.53,0.54,0.52,395032,2.12,"24-Sep-2026",168,"",""
"3389","VIVIMEDLAB","BE",5.34,5.46,5.34,5.45,5.45,5.36,44391,2.42,"24-Sep-2026",38,"",""
"3390","VIVOBIOT","EQ",16.58,16.98,15.51,16.08,16,16.67,16987,2.76,"24-Sep-2026",181,"",""
"3391","VIYASH","EQ",252.95,252.95,244.85,246,246.4,253.75,1767338,4393.24,"24-Sep-2026",28580,"",""
"3392","VLEGOV","EQ",10.63,10.63,10.05,10.25,10.37,10.42,44465,4.59,"24-Sep-2026",328,"",""
"3393","VLINFRA","SM",25,25,25,25,25,25.45,1500,0.38,"24-Sep-2026",1,"",""
"3394","VLSFINANCE","EQ",241.15,242.16,236.35,239.58,242,241.15,6473,15.53,"24-Sep-2026",260,"",""
"3395","VMARCIND","SM",337,337,325,329.2,328.2,338.4,132000,433.99,"24-Sep-2026",82,"",""
"3396","VMART","EQ",782,784.45,760.15,773.7,773,786.6,142108,1095.6,"24-Sep-2026",10453,"",""
"3397","VMM","EQ",106.45,108.23,104.84,105.46,105.46,106,17613951,18749.6,"24-Sep-2026",72865,"",""
"3398","VMOBILE","SM",58.9,58.9,57.2,57.2,57.2,56.6,3200,1.86,"24-Sep-2026",4,"",""
"3399","VMSTMT","EQ",45.6,47.09,45.6,46.13,46.21,45.92,32492,15.07,"24-Sep-2026",474,"",""
"3400","VOEPL","EQ",525,527.95,495,497.65,496.25,515.1,66741,339.28,"24-Sep-2026",3430,"",""
"3401","VOGL","EQ",35.5,35.68,34.41,34.53,34.59,35.86,14402274,5024.18,"24-Sep-2026",36925,"",""
"3402","VOITHPAPR","EQ",1445,1454.9,1400.3,1416.7,1415,1440,876,12.53,"24-Sep-2026",47,"",""
"3403","VOLERCAR","SM",229.5,237,220,229.5,229.5,226.9,8800,20.11,"24-Sep-2026",11,"",""
"3404","VOLTAMP","EQ",10723,10729,10550,10587,10603,10799,9565,1017.26,"24-Sep-2026",3609,"",""
"3405","VOLTAS","EQ",1119.1,1126.4,1106.9,1113.4,1113.4,1130,530213,5922.07,"24-Sep-2026",20385,"",""
"3406","VPRPL","EQ",32.64,33.15,32.26,32.9,32.98,32.83,252747,82.6,"24-Sep-2026",1267,"",""
"3407","VRAJ","EQ",128.86,128.97,125.21,126.19,126.4,127.9,8792,11.15,"24-Sep-2026",516,"",""
"3408","VRLLOG","EQ",291.3,293.45,289.5,291.65,292.35,291.75,121565,354.38,"24-Sep-2026",4472,"",""
"3409","VSSL","EQ",410.7,418.35,390.05,405,405,413.6,115559,474.08,"24-Sep-2026",5149,"",""
"3410","VSTIND","EQ",209.35,209.35,205.4,206.69,205.94,208.8,100738,208.42,"24-Sep-2026",3197,"",""
"3411","VSTL","EQ",113,114.83,111.55,112.87,113.94,113.48,5459,6.19,"24-Sep-2026",254,"",""
"3412","VSTTILLERS","EQ",4400.2,4631.8,4371.3,4516.7,4436,4425,17167,769.19,"24-Sep-2026",3094,"",""
"3413","VTL","EQ",559.1,596.6,556.65,563.6,560.2,561.45,2304091,13229.98,"24-Sep-2026",66153,"",""
"3414","VTMLTD","EQ",45.68,45.68,41.5,42.13,42.22,44.5,91863,38.81,"24-Sep-2026",1332,"",""
"3415","WAAREEENER","EQ",2502,2511.9,2470,2482,2482,2512,389057,9683.43,"24-Sep-2026",39334,"",""
"3416","WAAREEINDO","EQ",242.95,242.95,242.95,242.95,242.95,255.7,32007,77.76,"24-Sep-2026",548,"",""
"3417","WAAREERTL","EQ",838,848,827.25,832.3,832,848,133525,1117.2,"24-Sep-2026",12445,"",""
"3418","WABAG","EQ",2038,2073,2019.7,2029.2,2028,2048.7,690358,14069.47,"24-Sep-2026",31144,"",""
"3419","WAKEFIT","EQ",146.78,148,142.4,142.83,143,146.78,161388,232.66,"24-Sep-2026",2529,"",""
"3420","WALCHANNAG","EQ",211.09,212,207,208.07,209.1,212.63,434910,910.06,"24-Sep-2026",6809,"",""
"3421","WALPAR","SM",26.65,26.65,26.65,26.65,26.65,25.4,2000,0.53,"24-Sep-2026",1,"",""
"3422","WANBURY","EQ",230,238.4,223.65,225.15,226.2,233.1,190580,436.38,"24-Sep-2026",4898,"",""
"3423","WARDINMOBI","EQ",5.7,5.74,5.6,5.62,5.61,5.66,248149,13.98,"24-Sep-2026",759,"",""
"3424","WATERBASE","EQ",46.66,46.66,45,45.36,45.35,46.66,17346,7.88,"24-Sep-2026",311,"",""
"3425","WCIL","EQ",99.99,99.99,95.1,95.78,96.4,97.33,165817,160.96,"24-Sep-2026",1786,"",""
"3426","WEALTH","EQ",833,850.9,827,839.25,844,840.45,1405,11.74,"24-Sep-2026",118,"",""
"3427","WEBELSOLAR","EQ",74.52,76.78,72.2,74.07,73.8,73.93,2342303,1745.28,"24-Sep-2026",17193,"",""
"3428","WEIZMANIND","EQ",71.75,73.69,71.6,71.67,71.65,71.57,158,0.11,"24-Sep-2026",13,"",""
"3429","WEL","EQ",77.25,77.5,74.01,74.18,74.01,76.93,434603,326.47,"24-Sep-2026",2929,"",""
"3430","WELCORP","EQ",2786,2800,2675,2692.2,2701.5,2796.8,1002471,27514.19,"24-Sep-2026",59183,"",""
"3431","WELENT","EQ",773.4,775,744.5,749.15,759,774,226253,1718.99,"24-Sep-2026",10806,"",""
"3432","WELINV","BE",2457,2457,2457,2457,2457,2457,16,0.39,"24-Sep-2026",9,"",""
"3433","WELSPLSOL","EQ",52.91,55.59,52.9,53.46,54.85,53.59,524720,284.8,"24-Sep-2026",4558,"",""
"3434","WELSPUNLIV","EQ",221.56,228.8,217.19,222.32,223.25,223.77,4797903,10740.18,"24-Sep-2026",46500,"",""
"3435","WENDT","EQ",8625,8654.5,8478,8525.5,8530,8678.5,6775,580.31,"24-Sep-2026",1864,"",""
"3436","WESTLIFE","EQ",585,593,564.45,569.25,569.75,598.7,132688,765.62,"24-Sep-2026",8210,"",""
"3437","WEWIN","EQ",46.85,50,46.85,49.01,49.48,46.76,15434,7.42,"24-Sep-2026",120,"",""
"3438","WEWORK","EQ",665,665.2,648.15,651.7,650.65,668.5,73586,480.83,"24-Sep-2026",4911,"",""
"3439","WHBRADY","EQ",421,498.95,421,498.95,498.95,502.6,40,0.18,"24-Sep-2026",17,"",""
"3440","WHEELS","EQ",2210,2300,2161.1,2180.8,2176,2240.3,188804,4234.8,"24-Sep-2026",14504,"",""
"3441","WHIRLPOOL","EQ",810,878,810,853.45,860.1,865.25,7497954,62383.17,"24-Sep-2026",205329,"",""
"3442","WILLAMAGOR","EQ",24,24,22.5,23.4,23.4,22.78,2759,0.65,"24-Sep-2026",46,"",""
"3443","WINDLAS","EQ",1070.2,1099,1065.45,1093.8,1095,1077.45,53563,583.08,"24-Sep-2026",5094,"",""
"3444","WINDMACHIN","EQ",294,304.9,293,300.9,300,295.4,120512,361.88,"24-Sep-2026",1670,"",""
"3445","WINSOL","SM",108,108,107.65,107.65,107.65,111.7,1200,1.29,"24-Sep-2026",3,"",""
"3446","WIPL","EQ",160.91,173.85,160.01,166.6,165.1,160.91,1451,2.41,"24-Sep-2026",65,"",""
"3447","WIPRO","EQ",164.16,165.67,163.36,163.64,163.64,164.9,7033397,11560.39,"24-Sep-2026",65135,"",""
"3448","WOCKPHARMA","EQ",2310,2334.5,2265,2287.7,2273,2329.7,824745,18966.48,"24-Sep-2026",44365,"",""
"3449","WOMANCART","ST",101,104,98.15,100.65,101.9,102.5,17200,17.26,"24-Sep-2026",39,"",""
"3450","WONDERLA","EQ",508,511.7,506.05,509.95,508.7,510.75,62008,315.95,"24-Sep-2026",1822,"",""
"3451","WORTHPERI","EQ",146.98,149.99,145.03,147.26,147,149.21,2003,2.94,"24-Sep-2026",62,"",""
"3452","WPIL","EQ",440,446,431.55,435.8,434,440,31249,137.07,"24-Sep-2026",1839,"",""
"3453","WSI","EQ",58.13,58.13,56.5,56.96,56.5,58.13,9922,5.69,"24-Sep-2026",255,"",""
"3454","WSTCSTPAPR","EQ",746,753.8,734.1,737.95,734.4,747.25,164772,1226.66,"24-Sep-2026",10457,"",""
"3455","WTICAB","SM",98,98,96,96.45,96.65,98,18500,17.89,"24-Sep-2026",30,"",""
"3456","XCHANGING","EQ",61.6,61.6,59.81,60.35,60.31,61.79,56011,33.93,"24-Sep-2026",1020,"",""
"3457","XELPMOC","EQ",74.4,74.78,72.63,74.59,74.78,74.03,3454,2.55,"24-Sep-2026",147,"",""
"3458","XPROINDIA","EQ",1219,1263.5,1184.3,1207,1198.8,1223.5,68439,837.08,"24-Sep-2026",5300,"",""
"3459","XTGLOBAL","EQ",31,31,28.93,29.26,29.8,29.93,51819,15.51,"24-Sep-2026",552,"",""
"3460","XTRANET","EQ",312.99,317.97,301.77,313.71,315,317.65,1073441,3297.45,"24-Sep-2026",14185,"",""
"3461","YAAP","SM",132,132,122.5,122.5,122.5,126.6,7000,8.96,"24-Sep-2026",7,"",""
"3462","YASHO","EQ",4100,4249,4012.7,4043.7,4028.4,4144.7,41712,1726.52,"24-Sep-2026",9113,"",""
"3463","YASHOPTICS","SM",134,136,131,131.35,131,134.65,18400,24.45,"24-Sep-2026",19,"",""
"3464","YATHARTH","EQ",1163,1172.5,1145,1157,1157,1162.2,489737,5677.3,"24-Sep-2026",25331,"",""
"3465","YATRA","EQ",109.15,109.21,104.31,105.2,105.48,108.74,575540,611.57,"24-Sep-2026",5462,"",""
"3466","YCCL","SM",8.25,8.25,8.25,8.25,8.25,8.25,3000,0.25,"24-Sep-2026",1,"",""
"3467","YESBANK","EQ",23.08,23.08,22.38,22.44,22.44,23.24,102237435,23044.8,"24-Sep-2026",160857,"",""
"3468","YOGI","EQ",162.9,164,158,164,164,161.95,596,0.96,"24-Sep-2026",8,"",""
"3469","YUDIZ","SM",23,24,23,24,24,23,3200,0.74,"24-Sep-2026",4,"",""
"3470","YUKEN","EQ",1146,1146,1109.7,1127.75,1127.1,1138.9,7863,88.63,"24-Sep-2026",941,"",""
"3471","ZAGGLE","EQ",178.9,179.3,176.62,178.22,178.2,179.86,676984,1206.1,"24-Sep-2026",8266,"",""
"3472","ZEAL","SM",78.5,83,78.5,82.3,83,76,7200,5.82,"24-Sep-2026",11,"",""
"3473","ZEEL","EQ",77.18,79.45,76.85,78.17,78.5,77.28,14869768,11662.32,"24-Sep-2026",53583,"",""
"3474","ZEELEARN","EQ",6.84,6.89,6.7,6.77,6.75,6.84,107560,7.3,"24-Sep-2026",338,"",""
"3475","ZEEMEDIA","EQ",7.51,7.59,7.37,7.4,7.41,7.51,848644,63.2,"24-Sep-2026",1408,"",""
"3476","ZENITHDRUG","SM",46.55,46.55,44.4,44.4,44.4,48.95,5600,2.54,"24-Sep-2026",7,"",""
"3477","ZENITHEXPO","EQ",196.02,199,194.2,195.53,195.53,197,231,0.45,"24-Sep-2026",62,"",""
"3478","ZENITHSTL","EQ",5.47,5.47,5.22,5.27,5.33,5.34,41752,2.22,"24-Sep-2026",286,"",""
"3479","ZENSARTECH","EQ",430,430,418.5,422.55,422,430.75,1163001,4919.93,"24-Sep-2026",32582,"",""
"3480","ZENTEC","EQ",1664.6,1681.6,1640.7,1645.7,1644.9,1672.3,168806,2799.8,"24-Sep-2026",14784,"",""
"3481","ZFCVINDIA","EQ",2356.9,2375.8,2325.2,2345.5,2340,2357.2,164020,3846.96,"24-Sep-2026",23874,"",""
"3482","ZFSTEERING","EQ",710,760,709.85,746.1,748.45,703.65,11028,81.67,"24-Sep-2026",1044,"",""
"3483","ZIMLAB","EQ",132.09,143.88,131.5,137.82,139,133.56,90235,122.94,"24-Sep-2026",830,"",""
"3484","ZODIAC","EQ",229.94,229.94,220,227.44,227.75,229.94,9943,22.48,"24-Sep-2026",536,"",""
"3485","ZODIACLOTH","EQ",70.09,70.09,69.23,69.23,69.23,69.71,1807,1.26,"24-Sep-2026",28,"",""
"3486","ZOTA","EQ",1370.3,1405.8,1325.5,1345.7,1333.5,1390.6,92659,1264.52,"24-Sep-2026",7601,"",""
"3487","ZSARACOM","EQ",10188,10188,9906,9948,10138,10294,51,5.1,"24-Sep-2026",42,"",""
"3488","ZTECH","SM",427.05,435,419,429.15,429,429.55,16500,70.98,"24-Sep-2026",46,"",""
"3489","ZUARI","EQ",222.55,225.75,217.06,218.41,218,224.09,85550,189.46,"24-Sep-2026",2783,"",""
"3490","ZUARIIND","EQ",283.65,289,278.2,282.85,285,278.9,133311,378.93,"24-Sep-2026",4036,"",""
"3491","ZYDUSLIFE","EQ",1169.8,1190.6,1161.6,1180.3,1180.3,1170.1,1965875,23225.58,"24-Sep-2026",39301,"",""
"3492","ZYDUSWELL","EQ",529,529.45,518.6,520.15,520.1,531,66218,346.31,"24-Sep-2026",5302,"",""
