"","SYMBOL","SERIES","OPEN","HIGH","LOW","CLOSE","LAST","PREVCLOSE","TOTTRDQTY","TOTTRDVAL","TIMESTAMP","TOTALTRADES","ISIN","X"
"1","1018GS2026","GS",104.35,104.35,104.01,104.05,104.01,104.25,2001,2.08,"27-Jul-2026",10,"",""
"2","20MICRONS","EQ",205.25,211.47,203.05,204,203.87,204.23,151604,313.26,"27-Jul-2026",3578,"",""
"3","21STCENMGM","EQ",37.85,37.85,37.85,37.85,37.85,37.11,4700,1.78,"27-Jul-2026",27,"",""
"4","360ONE","EQ",1116.3,1136.9,1103.1,1132.7,1129.3,1102.3,928617,10465.98,"27-Jul-2026",40785,"",""
"5","3BBLACKBIO","EQ",1282,1314.8,1263.8,1292.3,1297.6,1278.1,9178,118.67,"27-Jul-2026",1013,"",""
"6","3IINFOLTD","EQ",19.9,21.38,19.5,20.68,20.32,19.74,1627856,335.99,"27-Jul-2026",4854,"",""
"7","3MINDIA","EQ",35790,35830,35150,35195,35195,35500,1279,451.96,"27-Jul-2026",916,"",""
"8","3PLAND","EQ",34.5,34.5,31.5,32.29,32.98,31.57,5697,1.84,"27-Jul-2026",118,"",""
"9","574GS2026","GS",101.45,101.45,100,100,100,100.39,1001,1.01,"27-Jul-2026",4,"",""
"10","591GS2028","GS",98.31,98.31,98.31,98.31,98.31,99,17800,17.5,"27-Jul-2026",3,"",""
"11","5PAISA","EQ",375.45,381.95,368,369.25,368.5,373.1,34073,126.33,"27-Jul-2026",1737,"",""
"12","601GS2030","GS",99,99,98,98,98,98,136400,133.87,"27-Jul-2026",14,"",""
"13","603GS2029","GS",101,101,100,100,100,101,400,0.4,"27-Jul-2026",3,"",""
"14","610GS2031","GS",102.85,102.85,102.85,102.85,102.85,102.45,1,0,"27-Jul-2026",1,"",""
"15","63MOONS","EQ",711.1,746.85,705.1,728.8,728,708.3,227517,1667.86,"27-Jul-2026",9407,"",""
"16","648GS2035","GS",98.11,98.5,98.11,98.5,98.5,99,200,0.2,"27-Jul-2026",2,"",""
"17","654GS2032","GS",99.8,99.8,99.8,99.8,99.8,99.56,16,0.02,"27-Jul-2026",1,"",""
"18","664GS2035","GS",97.46,97.46,97.46,97.46,97.46,97.46,2,0,"27-Jul-2026",2,"",""
"19","667GS2050","GS",91,92.75,91,92.75,92.75,93,5551,5.09,"27-Jul-2026",15,"",""
"20","668GS2033","GS",99.8,100,98.41,100,100,99.85,3530,3.5,"27-Jul-2026",5,"",""
"21","668GS2040","GS",98.37,98.37,97,97,97,98.05,136400,132.35,"27-Jul-2026",21,"",""
"22","676GS2061","GS",92.52,93.5,92.52,92.8,92.83,92.52,61907,57.45,"27-Jul-2026",33,"",""
"23","679GS2031","GS",100,100,99,99.15,99,100,5300,5.26,"27-Jul-2026",13,"",""
"24","690GS2065","GS",94,94.2,93.35,93.55,93.55,93.37,15011,14.05,"27-Jul-2026",23,"",""
"25","694GS2036","GS",102.01,102.01,102.01,102.01,102.01,102.4,200,0.2,"27-Jul-2026",2,"",""
"26","695GS2061","GS",94,94,93,93.12,93,94,501,0.47,"27-Jul-2026",4,"",""
"27","699GS2051","GS",97.8,97.8,95,95,95,97.5,252,0.25,"27-Jul-2026",3,"",""
"28","702GS2027","GS",101.25,101.26,101,101.26,101.26,101.2,24904,25.2,"27-Jul-2026",15,"",""
"29","702GS2031","GS",102.8,102.8,102.8,102.8,102.8,102.79,42,0.04,"27-Jul-2026",1,"",""
"30","704GS2029","GS",101.55,101.55,101.55,101.55,101.55,101,5000,5.08,"27-Jul-2026",1,"",""
"31","706GS2028","GS",103,103,103,103,103,103,33,0.03,"27-Jul-2026",1,"",""
"32","709GS2054","GS",100,100,99,99.2,99.2,99.24,254,0.25,"27-Jul-2026",7,"",""
"33","709GS2074","GS",95.3,95.75,95.3,95.74,95.74,95.3,4783,4.56,"27-Jul-2026",10,"",""
"34","710GS2029","GS",104.19,104.19,104.19,104.19,104.19,103.2,1,0,"27-Jul-2026",1,"",""
"35","716GS2050","GS",98.01,102,98,102,102,100.01,6210,6.15,"27-Jul-2026",8,"",""
"36","717GS2030","GS",104.3,104.3,103.1,103.1,103.1,104.3,3951,4.11,"27-Jul-2026",4,"",""
"37","718GS2037","GS",101.21,102.34,101.21,102.34,102.34,102,6302,6.4,"27-Jul-2026",6,"",""
"38","71GS2034","GS",102.35,102.35,102.35,102.35,102.35,103.2,3000,3.07,"27-Jul-2026",1,"",""
"39","724GS2055","GS",101.07,101.35,100.6,101.31,101.31,101.07,11556,11.65,"27-Jul-2026",21,"",""
"40","725GS2063","GS",97.9,97.9,97.33,97.43,97.54,97.09,63602,61.97,"27-Jul-2026",82,"",""
"41","726GS2032","GS",104.26,106,104.26,105.52,105.5,106.25,10502,11.08,"27-Jul-2026",7,"",""
"42","726GS2033","GS",105.5,105.5,105.5,105.5,105.5,105.76,10,0.01,"27-Jul-2026",1,"",""
"43","734GS2064","GS",99.56,99.8,99.35,99.48,99.5,99.4,41008,40.8,"27-Jul-2026",36,"",""
"44","736GS2052","GS",100.9,101.25,100.51,101.25,101.25,101.65,510,0.51,"27-Jul-2026",10,"",""
"45","737GS2028","GS",105,105,102,102.41,102,105,22700,23.35,"27-Jul-2026",12,"",""
"46","738GS2027","GS",101.7,102.1,101.7,101.95,101.99,102,14652,14.94,"27-Jul-2026",20,"",""
"47","73GS2053","GS",100.24,100.24,99.6,100.13,100.14,100.24,65571,65.58,"27-Jul-2026",18,"",""
"48","741GS2036","GS",104.5,105.2,104.16,104.61,104.6,104.14,189949,198.43,"27-Jul-2026",43,"",""
"49","743GS2076","GS",98.9,99.54,97.7,99.41,99.41,98.9,105197,104.47,"27-Jul-2026",148,"",""
"50","746GS2073","GS",102.45,102.45,100.5,101,101,100.99,3087,3.12,"27-Jul-2026",7,"",""
"51","74GS2062","GS",100.3,101.5,100.05,101,101.5,101.45,707,0.71,"27-Jul-2026",7,"",""
"52","750GS2056","GS",103,103,103,103,103,103,45,0.05,"27-Jul-2026",3,"",""
"53","754GS2036","GS",106.16,106.92,106.15,106.5,106.41,106.18,301847,321.17,"27-Jul-2026",166,"",""
"54","769GS2043","GS",105,105,103,103,103,105.4,397,0.42,"27-Jul-2026",2,"",""
"55","771GS2066","GS",104.2,105,104.05,104.05,104.05,104.25,104,0.11,"27-Jul-2026",5,"",""
"56","772GS2049","GS",108.85,108.85,108.85,108.85,108.85,114.54,1,0,"27-Jul-2026",1,"",""
"57","824GS2027","GS",106,106,106,106,106,105.98,1501,1.59,"27-Jul-2026",2,"",""
"58","897GS2030","GS",111,111,110.9,110.9,110.9,110.72,5102,5.66,"27-Jul-2026",28,"",""
"59","92GS2030","GS",117.77,117.77,113.84,113.84,113.84,114.9,4479,5.11,"27-Jul-2026",5,"",""
"60","A2ZINFRA","EQ",12.6,12.8,12.25,12.34,12.25,12.46,290010,36.04,"27-Jul-2026",360,"",""
"61","AAATECH","EQ",90.62,92.38,89.66,91.4,91.72,89.66,4946,4.53,"27-Jul-2026",430,"",""
"62","AADHARHFC","EQ",500,507.6,497.3,502,501.3,495,223206,1124.89,"27-Jul-2026",8845,"",""
"63","AAKAAR","SM",67.7,68,67.7,68,68,71.2,4800,3.25,"27-Jul-2026",3,"",""
"64","AAKASH","EQ",8.96,9.18,8.9,9,9,8.92,102950,9.26,"27-Jul-2026",231,"",""
"65","AAREYDRUGS","BE",75.95,75.95,75.95,75.95,75.95,77.5,3868,2.94,"27-Jul-2026",22,"",""
"66","AARNAV","EQ",28.38,32.8,28.38,31.63,31.64,28.32,164190,51.62,"27-Jul-2026",1394,"",""
"67","AARON","EQ",152,154.8,136.85,141.95,138.43,135.25,476997,686.56,"27-Jul-2026",8237,"",""
"68","AARTECH","BE",47.01,48.6,47.01,47.21,47.21,47.93,6581,3.12,"27-Jul-2026",68,"",""
"69","AARTIDRUGS","EQ",406.35,416.6,406.35,410.95,410,404.5,83432,343.81,"27-Jul-2026",3287,"",""
"70","AARTIIND","EQ",480,489.7,480,486.1,485,477.8,357510,1737.24,"27-Jul-2026",11812,"",""
"71","AARTIPHARM","EQ",685,692.95,675.05,684.35,683.05,673.8,105041,720.14,"27-Jul-2026",11994,"",""
"72","AARTISURF","EQ",381.6,408.9,381.6,398.3,394.25,381.6,23122,92.54,"27-Jul-2026",1645,"",""
"73","AARVI","EQ",155.5,160.99,155.01,157.32,155.01,154.89,16612,26.29,"27-Jul-2026",704,"",""
"74","AASTHA","EQ",103.95,104.19,102,102.37,102.02,102.62,10078967,10336.17,"27-Jul-2026",37295,"",""
"75","AATMAJ","SM",18.5,18.5,18.5,18.5,18.5,17.75,4000,0.74,"27-Jul-2026",2,"",""
"76","AAVAS","EQ",1398,1398,1380.3,1390.6,1390,1379,20553,285.79,"27-Jul-2026",4544,"",""
"77","ABAN","BE",15.47,15.47,14.9,14.96,15,14.93,29746,4.5,"27-Jul-2026",170,"",""
"78","ABANSENT","BE",26.55,27.1,25.65,26.49,26,26.2,8568,2.28,"27-Jul-2026",51,"",""
"79","ABB","EQ",7419,7434,7225,7327.5,7330.5,7375.5,370848,27076.7,"27-Jul-2026",38598,"",""
"80","ABBOTINDIA","EQ",28015,28155,27750,27800,27820,28005,6597,1839.31,"27-Jul-2026",3086,"",""
"81","ABCAPITAL","EQ",396.75,401.05,396,400.45,400,393.85,1675500,6678.09,"27-Jul-2026",27274,"",""
"82","ABCOTS","EQ",200.38,203.63,200.38,201.58,201,200.38,2750,5.55,"27-Jul-2026",258,"",""
"83","ABDL","EQ",630,641.95,621.15,624.3,622.6,620.75,246389,1555.11,"27-Jul-2026",14421,"",""
"84","ABFRL","EQ",56.88,58.07,56.82,57.05,57,56.25,2012834,1156.44,"27-Jul-2026",10620,"",""
"85","ABGSEC","EQ",114.54,114.54,114.54,114.54,114.54,113.32,44,0.05,"27-Jul-2026",4,"",""
"86","ABHAPOWER","SM",25.15,25.15,25.15,25.15,25.15,25.4,1600,0.4,"27-Jul-2026",1,"",""
"87","ABINFRA","EQ",10.2,10.5,10.17,10.33,10.21,10.32,379560,39.05,"27-Jul-2026",851,"",""
"88","ABLBL","EQ",94.57,96.66,94.57,95.47,95.02,94.01,287808,275.39,"27-Jul-2026",3849,"",""
"89","ABMINTLLTD","EQ",41.05,45.12,41.05,44.63,41.3,41.02,2935,1.28,"27-Jul-2026",35,"",""
"90","ABMKNO","EQ",195,201,192.11,197.99,199.9,190.11,620,1.22,"27-Jul-2026",31,"",""
"91","ABREL","EQ",1380.6,1430,1380.6,1400.2,1407.5,1374.2,93552,1317.45,"27-Jul-2026",11638,"",""
"92","ABSL10BANK","EQ",169.27,169.6,168.75,169.29,168.86,168.46,11415,19.34,"27-Jul-2026",29,"",""
"93","ABSLAMC","EQ",1005.1,1016.9,976.8,989.2,990,1017,469490,4664.11,"27-Jul-2026",37982,"",""
"94","ABSLBANETF","EQ",56.79,58.71,56.79,58.54,58.58,58.25,18454,10.8,"27-Jul-2026",306,"",""
"95","ABSLLIQUID","EQ",1000.01,1000.01,999.99,1000,999.99,1000,1207,12.07,"27-Jul-2026",25,"",""
"96","ABSLMSCIN","EQ",29.32,29.35,29.3,29.35,29.35,29.13,1355,0.4,"27-Jul-2026",7,"",""
"97","ABSLNN50ET","EQ",75.56,76.41,75.34,76.22,76.29,75.56,5537,4.22,"27-Jul-2026",210,"",""
"98","ABSLPSE","EQ",10.3,10.56,10.27,10.39,10.38,10.33,41417,4.3,"27-Jul-2026",346,"",""
"99","ABSMARINE","ST",225.95,229.1,220,220.7,220,220.4,46000,102.65,"27-Jul-2026",61,"",""
"100","ACC","EQ",1343,1365,1332,1358.1,1362,1340.9,206361,2790.65,"27-Jul-2026",16570,"",""
"101","ACCELYA","EQ",1175,1180,1150,1160.4,1165,1158.9,21267,248.13,"27-Jul-2026",2683,"",""
"102","ACCENTMIC","SM",494.25,507.2,494.25,504.25,506.5,494.95,42500,213.82,"27-Jul-2026",78,"",""
"103","ACCPL","ST",160,160,160,160,160,164.2,1200,1.92,"27-Jul-2026",1,"",""
"104","ACCURACY","BE",5.03,5.08,4.78,4.97,4.97,5.03,94728,4.65,"27-Jul-2026",195,"",""
"105","ACE","EQ",1050,1075.3,1042.6,1061.8,1057.9,1039.4,716079,7632.2,"27-Jul-2026",31157,"",""
"106","ACEINTEG","EQ",19.89,19.94,19.29,19.31,19.31,19.7,306,0.06,"27-Jul-2026",30,"",""
"107","ACI","EQ",557,584.9,556.95,576.75,572.1,554.85,261051,1505.23,"27-Jul-2026",16522,"",""
"108","ACL","EQ",47.06,49.9,47.06,48.42,48.9,47.06,71611,34.77,"27-Jul-2026",449,"",""
"109","ACMESOLAR","EQ",370,371,358.4,362.4,361,365.85,2262264,8242.13,"27-Jul-2026",52213,"",""
"110","ACSTECH","EQ",42.05,42.05,40.3,40.51,40.41,40.82,222692,90.79,"27-Jul-2026",658,"",""
"111","ACUTAAS","EQ",3273.9,3477,3216.2,3367.8,3351.2,3259.5,526067,17800.92,"27-Jul-2026",51533,"",""
"112","ADANIENSOL","EQ",1719.6,1719.6,1678.1,1703.3,1708,1702.2,2632783,44665.29,"27-Jul-2026",48974,"",""
"113","ADANIENT","EQ",3045.1,3057.4,3008.1,3036.6,3035,3026.4,636870,19307.06,"27-Jul-2026",33709,"",""
"114","ADANIGREEN","EQ",1410.2,1418.2,1390.1,1399.7,1397.7,1395.1,1695918,23772.76,"27-Jul-2026",43934,"",""
"115","ADANIPORTS","EQ",1784,1785,1752.1,1770.4,1767.8,1768.3,2266975,39989.98,"27-Jul-2026",98219,"",""
"116","ADANIPOWER","EQ",214.23,215.75,213.15,213.96,213.84,213.66,14546955,31158.08,"27-Jul-2026",81663,"",""
"117","ADDICTIVE","SM",41,42,41,41.9,42,40,49500,20.78,"27-Jul-2026",41,"",""
"118","ADFFOODS","EQ",308,319.6,308,314.4,313.45,307.05,196201,617.62,"27-Jul-2026",6161,"",""
"119","ADISOFT","SM",183,183,170,177.1,179.9,183.5,129600,227.66,"27-Jul-2026",114,"",""
"120","ADL","EQ",73.49,73.49,70.1,70.2,70.2,73.49,146,0.1,"27-Jul-2026",13,"",""
"121","ADOR","EQ",1493.1,1531.8,1481.6,1523,1515,1493.9,41485,626.38,"27-Jul-2026",5228,"",""
"122","ADROITINFO","EQ",9.25,9.69,8.66,9.15,9.03,9.25,35328,3.2,"27-Jul-2026",145,"",""
"123","ADSL","EQ",119.2,119.25,115.68,116.36,115.7,118.14,167478,195.99,"27-Jul-2026",2881,"",""
"124","ADVAIT","EQ",2280,2336.9,2254.5,2314.8,2301,2252.4,32104,739.89,"27-Jul-2026",5129,"",""
"125","ADVANCE","EQ",111.54,114.9,111.09,113.6,114.44,109.89,136656,154.58,"27-Jul-2026",1013,"",""
"126","ADVANIHOTR","EQ",51,53.52,51,52.25,51.9,51.12,28086,14.61,"27-Jul-2026",588,"",""
"127","ADVENTHTL","EQ",142.5,154.35,142.5,149.47,148.32,142.31,619826,934.26,"27-Jul-2026",7483,"",""
"128","ADVENZYMES","EQ",318,324.65,315,316.6,316.6,317.35,185177,590.04,"27-Jul-2026",5386,"",""
"129","AEGISLOG","EQ",1356.4,1360,1282,1291.3,1290,1349.6,1130343,14774.68,"27-Jul-2026",37351,"",""
"130","AEGISVOPAK","EQ",294.74,305.07,292.7,303.49,302.47,292.64,3083157,9312.04,"27-Jul-2026",50911,"",""
"131","AEPL","EQ",15.1,15.59,14.66,15.14,15.16,14.96,4688,0.71,"27-Jul-2026",61,"",""
"132","AEQUS","EQ",232,232.79,227,229.8,231.5,229.23,1793039,4122.54,"27-Jul-2026",18877,"",""
"133","AEROENTER","EQ",128.56,129.59,121.02,122.1,121.92,127.3,502369,627.43,"27-Jul-2026",6301,"",""
"134","AEROFLEX","EQ",425,430.3,410.2,418.15,422,420.85,1478407,6225,"27-Jul-2026",25175,"",""
"135","AERON","SM",79.2,80,79.1,79.1,79.1,79.2,5000,3.97,"27-Jul-2026",5,"",""
"136","AERONEU","EQ",84.96,88.19,84.96,86.64,87.29,85.38,41956,36.52,"27-Jul-2026",262,"",""
"137","AEROPLANE","EQ",187.84,193.75,187.1,189.26,187.52,187.84,351325,668.59,"27-Jul-2026",3393,"",""
"138","AESTHETIK","SM",70.05,72,70,70.05,70.05,70,26000,18.25,"27-Jul-2026",8,"",""
"139","AETHER","EQ",1431.9,1493,1420.4,1480.1,1472.5,1427.5,224382,3308.11,"27-Jul-2026",31639,"",""
"140","AFCONS","EQ",286.9,288.6,283.4,284.25,284.25,285.95,271429,774.92,"27-Jul-2026",7349,"",""
"141","AFFLE","EQ",1459.3,1501,1453.7,1492.8,1490.1,1445.3,159012,2350.2,"27-Jul-2026",17401,"",""
"142","AFFORDABLE","BE",186.9,186.95,180.81,184.13,185.39,183.49,7372,13.61,"27-Jul-2026",177,"",""
"143","AFIL","EQ",9.23,9.44,9.08,9.26,9.22,9.21,606017,55.87,"27-Jul-2026",909,"",""
"144","AFSL","EQ",201.01,201.95,201,201.03,201,201,20213,40.67,"27-Jul-2026",134,"",""
"145","AGARIND","EQ",477.9,493.75,477.9,483.55,490,477.7,27672,134.27,"27-Jul-2026",1574,"",""
"146","AGARWALEYE","EQ",481,489.55,472.1,476.2,473,478.9,114369,548.44,"27-Jul-2026",10088,"",""
"147","AGARWALTUF","SM",135,137.5,132,135.5,135,134.45,30000,40.32,"27-Jul-2026",23,"",""
"148","AGI","EQ",687.95,714,677.55,707.15,708,672.85,273122,1917.39,"27-Jul-2026",14275,"",""
"149","AGIIL","EQ",315,316.8,303.1,304.05,303.95,311.75,794976,2463.12,"27-Jul-2026",10195,"",""
"150","AGL","EQ",12.58,12.77,12.25,12.3,12.3,12.58,2310534,285.93,"27-Jul-2026",6082,"",""
"151","AGNI","SM",17.5,17.5,17,17.15,17.25,17.1,12500,2.15,"27-Jul-2026",5,"",""
"152","AGRITECH","BE",111.7,113.97,106,111.98,111.99,110.59,1132,1.26,"27-Jul-2026",44,"",""
"153","AGROPHOS","EQ",28.4,29.7,28.4,28.72,28.99,29.04,6909,2,"27-Jul-2026",83,"",""
"154","AGSTRA","BZ",2.1,2.21,2.1,2.1,2.1,2.21,285790,6.02,"27-Jul-2026",282,"",""
"155","AGUL","SM",60.5,60.5,60.5,60.5,60.5,58.65,2000,1.21,"27-Jul-2026",1,"",""
"156","AHCL","EQ",15.11,15.99,15.1,15.75,15.84,15.01,5852235,916.09,"27-Jul-2026",10050,"",""
"157","AHLADA","EQ",37.5,38.79,35.7,36.52,36.5,38.01,24231,8.96,"27-Jul-2026",300,"",""
"158","AHLEAST","EQ",152,152,142,143.95,146.8,146.23,5777,8.38,"27-Jul-2026",104,"",""
"159","AHLUCONT","EQ",836.05,843.95,824,830.65,834.7,827.7,25094,208.31,"27-Jul-2026",3492,"",""
"160","AHLWEST","BE",570,574.9,569,569,569,574.95,408,2.34,"27-Jul-2026",9,"",""
"161","AIAENG","EQ",4585,4651.5,4531,4634.5,4646,4583,70317,3229.48,"27-Jul-2026",15189,"",""
"162","AIIL","EQ",539,554.8,538.5,551.7,551.1,531.1,283202,1545.91,"27-Jul-2026",13860,"",""
"163","AIMTRON","SM",1301,1360.25,1267.05,1339.3,1360.25,1283.95,53600,709.01,"27-Jul-2026",254,"",""
"164","AIRAN","EQ",15.03,15.5,14.97,15.03,14.97,15.03,65571,9.91,"27-Jul-2026",445,"",""
"165","AIROLAM","EQ",88,88,86.25,86.5,86.5,85.88,309,0.27,"27-Jul-2026",22,"",""
"166","AISL","SM",59.5,59.5,59.5,59.5,59.5,62.25,600,0.36,"27-Jul-2026",1,"",""
"167","AJANTPHARM","EQ",3371,3460.3,3368.1,3386.1,3387,3369.5,81968,2786.1,"27-Jul-2026",16857,"",""
"168","AJAXENGG","EQ",568,576,560.75,566.85,565.95,567.6,35689,202.68,"27-Jul-2026",2888,"",""
"169","AJMERA","EQ",123.5,128.49,123.5,126.18,125.88,122.57,281078,355.9,"27-Jul-2026",4813,"",""
"170","AJOONI","EQ",4.1,4.12,3.95,3.97,3.95,4.03,341800,13.75,"27-Jul-2026",624,"",""
"171","AKANKSHA","ST",83,83,82,82,82,83.15,5000,4.14,"27-Jul-2026",5,"",""
"172","AKASH","EQ",27.45,27.45,26.4,26.49,26.4,26.95,8450,2.25,"27-Jul-2026",60,"",""
"173","AKCAPIT","EQ",1752.4,1769.6,1748.2,1749.6,1750,1759.5,607,10.65,"27-Jul-2026",89,"",""
"174","AKG","EQ",10.51,10.79,9.8,9.99,9.95,10.46,34939,3.61,"27-Jul-2026",333,"",""
"175","AKI","EQ",4.42,4.42,4.15,4.19,4.22,4.26,72212,3.1,"27-Jul-2026",202,"",""
"176","AKIKO","ST",347.5,347.5,335,335,335,346.3,10400,35.21,"27-Jul-2026",13,"",""
"177","AKSHAR","EQ",0.43,0.43,0.41,0.41,0.42,0.42,770271,3.2,"27-Jul-2026",278,"",""
"178","AKSHARCHEM","BE",236.58,241.9,225.01,235,235,236.58,1734,4.11,"27-Jul-2026",58,"",""
"179","AKSHOPTFBR","BE",5.66,5.68,5.66,5.66,5.66,5.77,168950,9.56,"27-Jul-2026",101,"",""
"180","AKUMS","EQ",687.4,703,673.7,675.6,675.3,687.3,178763,1222.78,"27-Jul-2026",17783,"",""
"181","ALANKIT","EQ",7.96,8.12,7.85,7.88,7.99,7.96,65841,5.23,"27-Jul-2026",482,"",""
"182","ALBERTDAVD","EQ",699.3,701.6,680,684.25,688.9,698.35,1714,11.78,"27-Jul-2026",265,"",""
"183","ALEMBICLTD","EQ",88,90.85,88,90.15,89.99,87.94,223367,200.72,"27-Jul-2026",2161,"",""
"184","ALGOQUANT","EQ",69.4,69.95,68.21,69.3,69.25,68.41,1276401,883.09,"27-Jul-2026",4061,"",""
"185","ALICON","EQ",649,684.75,642,678.45,676,636.35,41877,280.58,"27-Jul-2026",3281,"",""
"186","ALIVUS","EQ",1106.8,1163.3,1106.8,1132.5,1136.9,1101.2,59581,678.54,"27-Jul-2026",7455,"",""
"187","ALKALI","BE",74.4,74.4,68.01,69.99,70,71.11,9403,6.53,"27-Jul-2026",117,"",""
"188","ALKEM","EQ",5693.5,5699.5,5597,5613,5615,5633.5,112113,6320.86,"27-Jul-2026",21853,"",""
"189","ALKYLAMINE","EQ",1801,1852,1801,1821.5,1827,1789.5,50513,923.4,"27-Jul-2026",7316,"",""
"190","ALLCARGO","EQ",8.11,8.25,8.04,8.09,8.1,8.06,2633753,214.72,"27-Jul-2026",3496,"",""
"191","ALLDIGI","EQ",850,893.55,850,872.05,875,822.75,103621,904.41,"27-Jul-2026",7670,"",""
"192","ALLETEC","ST",139.45,139.45,135,136.2,137.7,136.15,12400,16.96,"27-Jul-2026",27,"",""
"193","ALLTIME","EQ",224.8,229.8,222,226.87,226,220.87,33287,74.96,"27-Jul-2026",1161,"",""
"194","ALMONDZ","EQ",13.1,13.1,12.82,12.98,12.99,12.86,37496,4.88,"27-Jul-2026",165,"",""
"195","ALOKINDS","EQ",12.19,12.33,12.02,12.04,12.08,12.07,2353541,285.44,"27-Jul-2026",4737,"",""
"196","ALPA","EQ",67.17,69,65.6,66.58,66.9,67.17,19033,12.77,"27-Jul-2026",320,"",""
"197","ALPEXSOLAR","SM",842.05,861.95,822.05,827.2,824.1,836.35,33300,278.04,"27-Jul-2026",247,"",""
"198","ALPHA","EQ",51.49,51.5,51.1,51.44,51.5,50.84,1376218,705.95,"27-Jul-2026",2388,"",""
"199","ALPHAETF","EQ",26.19,26.2,25.66,25.89,25.93,25.56,300245,77.64,"27-Jul-2026",761,"",""
"200","ALPHAGEO","EQ",201.2,209,201.2,202.31,202.1,204.65,4114,8.39,"27-Jul-2026",200,"",""
"201","ALPINETEX","BE",81.27,81.27,81.27,81.27,81.27,85.54,49122,39.92,"27-Jul-2026",908,"",""
"202","ALPL30IETF","EQ",27.75,27.99,27.75,27.97,27.95,27.75,136783,38.22,"27-Jul-2026",1061,"",""
"203","ALUWIND","SM",47,52,47,51.7,52,49,78000,39.54,"27-Jul-2026",38,"",""
"204","AMAGI","EQ",617.65,636.55,606,625.05,626,609.05,231373,1446.5,"27-Jul-2026",15680,"",""
"205","AMANTA","BE",164,164,160,160,160,163,35055,56.3,"27-Jul-2026",195,"",""
"206","AMBAAUTO","SM",80.35,84,78.75,79.6,78.75,79.9,46000,37,"27-Jul-2026",35,"",""
"207","AMBALALSA","EQ",32.4,32.5,30.98,31.59,31.77,32.39,58849,18.6,"27-Jul-2026",887,"",""
"208","AMBER","EQ",7320,7353.5,7243,7280.5,7280,7261.5,171342,12512.53,"27-Jul-2026",29857,"",""
"209","AMBICAAGAR","EQ",25,25.2,24.03,24.64,24.41,24.64,2845,0.71,"27-Jul-2026",44,"",""
"210","AMBIKCO","EQ",1709.8,1739,1698.7,1713.2,1717.3,1708.2,3539,60.83,"27-Jul-2026",557,"",""
"211","AMBUJACEM","EQ",429,432.85,424.2,430.95,430,425.15,1140841,4907.67,"27-Jul-2026",19247,"",""
"212","AMCL","SM",417.9,417.9,409.9,411.15,412.4,409.5,1600,6.62,"27-Jul-2026",4,"",""
"213","AMDIND","EQ",49.3,50.29,47.22,47.57,47.51,49.68,33076,16.13,"27-Jul-2026",323,"",""
"214","AMEYA","SM",103.55,107.95,103.55,107.85,107.85,102.85,10000,10.7,"27-Jul-2026",7,"",""
"215","AMIABLE","SM",59.55,70.7,59.55,70.7,70.7,72.95,4800,3.19,"27-Jul-2026",3,"",""
"216","AMJLAND","EQ",38.57,38.99,37.5,37.68,37.61,37.99,9066,3.46,"27-Jul-2026",184,"",""
"217","AMNPLST","EQ",199.9,199.9,193.6,195.16,195.99,194.27,7794,15.28,"27-Jul-2026",823,"",""
"218","AMRUTANJAN","EQ",510.5,517.15,503.6,513.35,513,509,67931,344.45,"27-Jul-2026",5389,"",""
"219","ANANDRATHI","EQ",2065,2065,2033.2,2052.1,2053.8,2042.1,110241,2258.46,"27-Jul-2026",8004,"",""
"220","ANANTAM","IV",105.7,106,104.95,104.96,104.95,105.42,17962,18.91,"27-Jul-2026",246,"",""
"221","ANANTRAJ","EQ",588,619.6,586.3,616.9,618.55,586.55,4640775,28285.33,"27-Jul-2026",62558,"",""
"222","ANDHRAPAP","EQ",61.2,64.45,61.2,62.59,62.55,61.33,472813,298.27,"27-Jul-2026",2858,"",""
"223","ANDHRSUGAR","EQ",86.85,88.8,86,87.45,87.3,86.33,345153,301.73,"27-Jul-2026",3572,"",""
"224","ANGELONE","EQ",309.9,312.5,302.95,304.2,304.4,307.95,7603595,23316.87,"27-Jul-2026",43945,"",""
"225","ANIKINDS","EQ",43,46.3,41.75,42.27,42,40.7,14299,6.26,"27-Jul-2026",316,"",""
"226","ANKITMETAL","BZ",1.53,1.57,1.46,1.55,1.55,1.53,57946,0.87,"27-Jul-2026",63,"",""
"227","ANLON","ST",634,635,611,629.75,635,632,4000,25.22,"27-Jul-2026",10,"",""
"228","ANMOL","EQ",10.2,10.25,9.95,10.04,10.01,10.14,39972,4.01,"27-Jul-2026",225,"",""
"229","ANNAPURNA","SM",130,130.2,124.2,126.25,127,129.5,101750,130.55,"27-Jul-2026",135,"",""
"230","ANONDITA","SM",1128.7,1149,1116.1,1121.2,1119.8,1128.7,9600,108.42,"27-Jul-2026",45,"",""
"231","ANSALAPI","BZ",3.09,3.09,3.09,3.09,3.09,3.03,5851,0.18,"27-Jul-2026",10,"",""
"232","ANTELOPUS","EQ",886,895,850.05,875.55,877,894.45,138813,1207.1,"27-Jul-2026",5142,"",""
"233","ANTGRAPHIC","EQ",0.75,0.76,0.74,0.74,0.76,0.75,138013,1.03,"27-Jul-2026",156,"",""
"234","ANTHEM","EQ",773.95,796.85,769.05,790.55,789.2,769.9,527906,4165.9,"27-Jul-2026",30697,"",""
"235","ANUHPHR","EQ",79.1,81.5,79.1,80.68,81.5,79.07,27827,22.29,"27-Jul-2026",637,"",""
"236","ANUP","EQ",2119.6,2156.2,2115,2144.4,2141,2119.6,11690,250.34,"27-Jul-2026",2793,"",""
"237","ANURAS","EQ",1247.3,1247.3,1216,1223.3,1216.9,1249.6,145811,1788.32,"27-Jul-2026",7837,"",""
"238","AONEGOLD","EQ",13.44,13.48,13.33,13.38,13.38,13.3,221136,29.65,"27-Jul-2026",1332,"",""
"239","AONELIQUID","EQ",1075,1075,1069.92,1069.93,1069.92,1069.79,7573,81.03,"27-Jul-2026",85,"",""
"240","AONENIFTY","EQ",9.72,9.95,9.57,9.91,9.92,9.82,104928,10.38,"27-Jul-2026",1189,"",""
"241","AONESILVER","EQ",8.5,8.58,8.43,8.52,8.53,8.39,531136,45.18,"27-Jul-2026",878,"",""
"242","AONETMMQ50","EQ",10.11,10.11,9.94,10.01,10.03,9.94,73842,7.4,"27-Jul-2026",346,"",""
"243","AONETOTAL","EQ",11.91,11.91,11.7,11.81,11.83,11.68,164774,19.4,"27-Jul-2026",1435,"",""
"244","APARINDS","EQ",14133,14149,13289,14051,14145,13889,193959,26752.76,"27-Jul-2026",50372,"",""
"245","APCL","EQ",106.68,106.68,101.7,104.99,105.7,102.97,2369,2.47,"27-Jul-2026",111,"",""
"246","APCOTEXIND","EQ",561.5,593.4,561.5,588.5,590.5,561.05,278947,1626.8,"27-Jul-2026",11608,"",""
"247","APEX","EQ",387.9,390.7,381.1,383.85,381.5,381,60966,234.9,"27-Jul-2026",3481,"",""
"248","APEXECO","ST",259.85,264.5,256,256,256,252,4800,12.52,"27-Jul-2026",6,"",""
"249","APLAPOLLO","EQ",1825,1864,1822,1849.9,1852.4,1822.8,282780,5234.65,"27-Jul-2026",19841,"",""
"250","APLLTD","EQ",824,824,802.05,814.45,815.7,797.6,50274,408.82,"27-Jul-2026",5160,"",""
"251","APOLLO","EQ",396.1,399.6,390.65,392.95,391.5,394.3,3984153,15729.07,"27-Jul-2026",45962,"",""
"252","APOLLOHOSP","EQ",8816,8860.5,8744,8843.5,8837,8805.5,135186,11905.85,"27-Jul-2026",22664,"",""
"253","APOLLOPIPE","EQ",494,514.35,493,505.35,505,490.3,116605,591.25,"27-Jul-2026",4449,"",""
"254","APOLLOTYRE","EQ",423.25,424.75,418,419.95,419.65,419.65,529821,2227.65,"27-Jul-2026",29259,"",""
"255","APOLSINHOT","EQ",1182,1210.9,1178.1,1199,1192,1173,535,6.38,"27-Jul-2026",86,"",""
"256","APRAMEYA","SM",156,156,147,149.3,149.3,149,4500,6.79,"27-Jul-2026",7,"",""
"257","APS","SM",273.6,278,273.6,275.35,275,275.45,8500,23.44,"27-Jul-2026",34,"",""
"258","APSISAERO","ST",434.45,434.45,434.45,434.45,434.45,425.95,9600,41.71,"27-Jul-2026",8,"",""
"259","APTECHT","BE",90.87,92.25,89.91,91.66,91.9,91.35,59577,54.33,"27-Jul-2026",486,"",""
"260","APTUS","EQ",280.7,284.7,277.6,279.05,279.25,277.15,410392,1151.08,"27-Jul-2026",11790,"",""
"261","AQYLON","EQ",25.91,26.25,24.94,24.98,24.99,26.25,776545,195.5,"27-Jul-2026",3039,"",""
"262","ARABIAN","SM",69.45,69.45,69.45,69.45,69.45,69.45,4000,2.78,"27-Jul-2026",2,"",""
"263","ARCHIDPLY","EQ",81.28,85.94,81.28,81.45,81.45,82.94,10904,8.94,"27-Jul-2026",145,"",""
"264","ARCHIES","EQ",14.2,14.2,13.91,13.99,14,13.75,5341,0.75,"27-Jul-2026",35,"",""
"265","ARCIIL","ST",37,37.95,37,37.3,37.3,37.8,3000,1.12,"27-Jul-2026",3,"",""
"266","ARE&M","EQ",875.95,882,870.45,874,875,872.9,273424,2394.68,"27-Jul-2026",15652,"",""
"267","ARENTERP","EQ",47,47,38.67,41.1,41.7,44.24,54339,22.82,"27-Jul-2026",796,"",""
"268","ARFIN","EQ",90.81,92.5,90.47,91.17,91.14,91.99,1762784,1608.04,"27-Jul-2026",5672,"",""
"269","ARHAM","SM",164.4,167.45,162.35,164.95,164.15,162.65,135000,222.59,"27-Jul-2026",89,"",""
"270","ARIES","EQ",334,347.95,334,343.95,345,341.05,10356,35.51,"27-Jul-2026",507,"",""
"271","ARIHANT","EQ",1022,1097,1022,1081.4,1075,1021.7,7647,80.76,"27-Jul-2026",657,"",""
"272","ARIHANTCAP","EQ",83,84.8,77.25,78.06,77.79,81.62,1279834,1039.56,"27-Jul-2026",11276,"",""
"273","ARIHANTSUP","EQ",257.6,264.3,257.6,260.65,260.6,262.6,2030,5.3,"27-Jul-2026",128,"",""
"274","ARIS","EQ",125.4,127.55,121.7,124.78,124.51,123.06,1090248,1360.53,"27-Jul-2026",11261,"",""
"275","ARKADE","EQ",137,137.87,134.1,134.59,134.1,135.61,228642,310.62,"27-Jul-2026",1885,"",""
"276","ARMANFIN","EQ",1930.1,2000,1930.1,1993.4,1985,1917.3,40012,788.57,"27-Jul-2026",4764,"",""
"277","AROGRANITE","EQ",25.49,25.74,24.1,25.25,25.28,25.01,14513,3.63,"27-Jul-2026",102,"",""
"278","ARROWGREEN","BE",718,723.95,690.05,705.8,710,708.9,12084,85.6,"27-Jul-2026",227,"",""
"279","ARSHIYA","BZ",0.98,0.99,0.94,0.98,0.98,0.95,230636,2.25,"27-Jul-2026",105,"",""
"280","ARSSBL","EQ",517.7,519.8,509.9,512.5,512.8,508.2,94216,483.79,"27-Jul-2026",2540,"",""
"281","ARTEMISMED","EQ",281,281.35,274.4,278.5,278.3,275.75,142749,396.15,"27-Jul-2026",3475,"",""
"282","ARTNIRMAN","EQ",40.19,41.66,38.21,39.42,38.7,40.19,599,0.24,"27-Jul-2026",15,"",""
"283","ARUNAYA","ST",16,16,16,16,16,15.6,2000,0.32,"27-Jul-2026",1,"",""
"284","ARVEE","EQ",154,158.79,153.66,158.27,158.5,153.66,46,0.07,"27-Jul-2026",9,"",""
"285","ARVIND","EQ",530,538.9,520.65,523.45,524,527.2,404881,2140.54,"27-Jul-2026",19977,"",""
"286","ARVINDFASN","EQ",462.95,472.2,461.7,463.7,462.85,462.65,130445,606.7,"27-Jul-2026",7934,"",""
"287","ARVINDPORT","ST",29.45,30.25,29.45,30.25,30.25,31,4500,1.34,"27-Jul-2026",3,"",""
"288","ARVSMART","EQ",608.8,612,595.05,599.7,598,608.8,18714,112.59,"27-Jul-2026",899,"",""
"289","ASAHIINDIA","EQ",899,899,872.75,878.15,873.8,888.3,119814,1055.38,"27-Jul-2026",9358,"",""
"290","ASAHISONG","EQ",342,366.45,329.8,339.85,344.95,332.95,248295,862.84,"27-Jul-2026",7829,"",""
"291","ASAL","EQ",514,519.75,494.2,498.25,497.3,508.75,46710,236.56,"27-Jul-2026",2912,"",""
"292","ASALCBR","EQ",800,804.95,762.3,791.7,793,821.45,77400,612.37,"27-Jul-2026",5322,"",""
"293","ASHAPURMIN","EQ",705,718,694.25,702.1,704.9,697.05,522020,3689.14,"27-Jul-2026",18892,"",""
"294","ASHIANA","EQ",388.55,395,385.1,386.9,386.5,386.7,49299,191.57,"27-Jul-2026",2220,"",""
"295","ASHIKAG","EQ",400.05,434,396.2,429.65,432.75,399.25,991103,4165.11,"27-Jul-2026",4241,"",""
"296","ASHIMASYN","EQ",16.86,19.25,16.86,18.05,18.05,16.85,567851,104.5,"27-Jul-2026",2003,"",""
"297","ASHOKA","EQ",123,124.35,121.68,124.13,124.2,120.87,680173,839.49,"27-Jul-2026",5528,"",""
"298","ASHOKAMET","EQ",14.16,14.5,14.07,14.27,14.36,14.16,7014,1,"27-Jul-2026",67,"",""
"299","ASHOKLEY","EQ",153.51,155.26,152.84,155.06,155.1,151.07,9544585,14721.19,"27-Jul-2026",43491,"",""
"300","ASHWINI","SM",201,204,194,195.35,195,197.2,17000,33.8,"27-Jul-2026",16,"",""
"301","ASIANENE","EQ",365.15,387,358.8,383.8,385.9,355.7,1432312,5449.47,"27-Jul-2026",28769,"",""
"302","ASIANHOTNR","EQ",302.05,317,302.05,311.9,311.4,306.65,9876,30.47,"27-Jul-2026",410,"",""
"303","ASIANPAINT","EQ",2665.8,2723.9,2664.3,2710.2,2710,2637.9,715239,19386.06,"27-Jul-2026",39822,"",""
"304","ASIANTILES","EQ",54.4,55.6,53,53.42,53.1,53.47,15658699,8478.12,"27-Jul-2026",33522,"",""
"305","ASKAUTOLTD","EQ",514,524.3,511,514.4,515.5,509.3,327078,1691.05,"27-Jul-2026",14574,"",""
"306","ASMS","BE",7.07,7.15,6.95,7.01,7.1,7,128174,9.04,"27-Jul-2026",366,"",""
"307","ASPINWALL","EQ",250.4,250.4,243.32,246.9,246.9,250.4,1339,3.3,"27-Jul-2026",63,"",""
"308","ASPIRE","SM",15.1,15.1,15.1,15.1,15.1,14.65,2000,0.3,"27-Jul-2026",1,"",""
"309","ASTAR","EQ",575.15,625,575.15,585.1,585.1,606.5,17,0.1,"27-Jul-2026",7,"",""
"310","ASTEC","EQ",665,672.95,661.05,664.6,663,659.1,8266,55.06,"27-Jul-2026",927,"",""
"311","ASTERDM","EQ",790,807.3,786.05,801.5,805,785.65,485747,3887.59,"27-Jul-2026",18274,"",""
"312","ASTRAL","EQ",1480,1481.5,1448.1,1465.8,1455.9,1468.1,385986,5671.35,"27-Jul-2026",24335,"",""
"313","ASTRAMICRO","EQ",1815,1840,1788,1801.8,1803,1813.4,270091,4881.13,"27-Jul-2026",21937,"",""
"314","ASTRAZEN","EQ",8005.5,8185,8005,8167.5,8110,8005.5,6363,517.67,"27-Jul-2026",1624,"",""
"315","ASTRON","BE",3.94,4.2,3.94,3.99,4,4.14,30829,1.25,"27-Jul-2026",110,"",""
"316","ATALREAL","EQ",31.69,31.7,31.13,31.54,31.33,31.44,7529736,2367.82,"27-Jul-2026",15167,"",""
"317","ATAM","EQ",67,67,64.11,66.08,66.71,65.88,8034,5.3,"27-Jul-2026",186,"",""
"318","ATCENERGY","ST",21.7,21.95,20.85,21.2,21,21.75,24000,5.13,"27-Jul-2026",19,"",""
"319","ATGL","EQ",658,665.5,657.65,660.5,660,652.85,671241,4437.75,"27-Jul-2026",18251,"",""
"320","ATHERENERG","EQ",1214.9,1233.9,1196.5,1214.9,1212.1,1208.7,1911132,23144.12,"27-Jul-2026",88102,"",""
"321","ATL","EQ",23.37,23.91,23.01,23.68,23.91,22.81,152896,36.04,"27-Jul-2026",973,"",""
"322","ATLANTAA","EQ",35.71,38.65,35.26,35.36,35.26,35.18,27048,9.71,"27-Jul-2026",1129,"",""
"323","ATLANTAELE","EQ",1604.9,1645.1,1589.8,1614.3,1612.8,1589.8,111916,1819.17,"27-Jul-2026",11701,"",""
"324","ATLASCYCLE","EQ",97.11,98.58,96,97.47,97.51,97.1,10387,10.07,"27-Jul-2026",120,"",""
"325","ATLPP","E1",8.8,9,8.6,8.61,8.6,8.62,2774,0.24,"27-Jul-2026",16,"",""
"326","ATMASTCO","ST",152.6,156.6,152.55,156.6,156.6,157.5,3200,4.94,"27-Jul-2026",8,"",""
"327","ATUL","EQ",6590,6838,6550,6789.5,6790,6407.5,328187,22127.54,"27-Jul-2026",66908,"",""
"328","ATULAUTO","EQ",480.95,487.75,477.1,482.25,482.2,473.4,51508,248.76,"27-Jul-2026",2357,"",""
"329","AUBANK","EQ",1021,1062,1021,1052.2,1055,1004,5047131,52761.04,"27-Jul-2026",82667,"",""
"330","AURIONPRO","EQ",851.2,851.2,814,836.65,840,825.45,101294,847.71,"27-Jul-2026",5148,"",""
"331","AUROPHARMA","EQ",1533.5,1568.9,1531.9,1549.4,1551,1532,850225,13219.01,"27-Jul-2026",32164,"",""
"332","AURUM","EQ",222.84,232.12,221.7,229.68,230.14,221.25,162652,370.4,"27-Jul-2026",3521,"",""
"333","AURUS","EQ",4.71,4.88,4.7,4.74,4.74,4.8,16484,0.78,"27-Jul-2026",93,"",""
"334","AUSL","SM",26.5,26.5,26.5,26.5,26.5,26,2000,0.53,"27-Jul-2026",1,"",""
"335","AUSOMENT","BE",130,135,128.2,133.15,135,130,3401,4.49,"27-Jul-2026",57,"",""
"336","AUTOAXLES","EQ",1800.1,1827.9,1778.7,1792.5,1790.5,1798.9,6712,120.66,"27-Jul-2026",1063,"",""
"337","AUTOBEES","EQ",282.99,285.7,282.34,285.24,285.1,281.18,233833,665.28,"27-Jul-2026",2615,"",""
"338","AUTOIETF","EQ",28.98,28.98,28.22,28.6,28.62,28.22,594311,169.37,"27-Jul-2026",1921,"",""
"339","AUTOIND","BE",89.2,91.82,87.85,89.63,89.9,87.87,86207,77.23,"27-Jul-2026",411,"",""
"340","AVADHSUGAR","EQ",516,547.45,516,533.75,534,525.35,32832,176.5,"27-Jul-2026",1624,"",""
"341","AVALON","EQ",1751.1,1767.9,1654.1,1728.2,1731.1,1741.5,278018,4760.79,"27-Jul-2026",25650,"",""
"342","AVANA","ST",159,166.9,159,161.3,160.05,159,48000,78.54,"27-Jul-2026",22,"",""
"343","AVANTEL","EQ",164.5,166.5,163.03,165.05,164.9,163.49,879462,1448.18,"27-Jul-2026",8934,"",""
"344","AVANTIFEED","EQ",990,993.4,964,979.55,980.8,977.05,313085,3052.67,"27-Jul-2026",17395,"",""
"345","AVG","BE",202.5,209.99,197,205.61,204.95,203.64,21667,44.84,"27-Jul-2026",204,"",""
"346","AVIANSH","SM",102,102,100.5,100.5,100.5,102.5,2000,2.03,"27-Jul-2026",2,"",""
"347","AVIENCE","SM",268.95,268.95,256.5,259.5,262.5,259.75,75000,197.16,"27-Jul-2026",113,"",""
"348","AVL","EQ",611.25,645,611.25,623.95,622.65,611.05,61129,381.12,"27-Jul-2026",5120,"",""
"349","AVONMORE","EQ",9.75,9.75,9.2,9.29,9.38,9.39,98601,9.22,"27-Jul-2026",755,"",""
"350","AVPINFRA","SM",71.3,71.4,66.2,70.5,70.85,69.35,39200,27.24,"27-Jul-2026",46,"",""
"351","AVROIND","EQ",9.09,9.4,8.6,8.94,8.69,8.82,393381,35.18,"27-Jul-2026",929,"",""
"352","AVTNPL","EQ",69.1,71.76,69.1,70.22,70.1,70.02,28276,19.97,"27-Jul-2026",627,"",""
"353","AWFIS","EQ",276.5,295.15,273.25,288.65,288.9,271.85,771559,2231.13,"27-Jul-2026",16256,"",""
"354","AWHCL","EQ",440,442,434.55,440,440.95,433.4,36238,158.65,"27-Jul-2026",2182,"",""
"355","AWL","EQ",188.19,190.71,187.12,187.64,187.71,188.16,790854,1489.59,"27-Jul-2026",13671,"",""
"356","AXISBANK","EQ",1237,1237,1221.6,1227.5,1229,1227.3,5967502,73217.65,"27-Jul-2026",142736,"",""
"357","AXISCADES","EQ",1630,1630,1527.6,1533.4,1528,1608,184831,2882.84,"27-Jul-2026",10634,"",""
"358","AXITA","EQ",7.46,7.46,7.39,7.41,7.43,7.36,189022,14.01,"27-Jul-2026",556,"",""
"359","AYE","EQ",173,174.15,166,166.81,167,172.03,574279,968.27,"27-Jul-2026",7419,"",""
"360","AYMSYNTEX","EQ",238.01,242.99,229.98,235.27,235,234.49,18228,42.54,"27-Jul-2026",941,"",""
"361","AZAD","EQ",2452,2493.9,2405,2441.6,2437,2439,579495,14176.12,"27-Jul-2026",41925,"",""
"362","BABAFP","SM",23.5,25,23.5,24.5,25,24,4800,1.16,"27-Jul-2026",3,"",""
"363","BAFNAPH","BE",240,242.91,240,242.91,242.91,238.15,5947,14.36,"27-Jul-2026",51,"",""
"364","BAGDIGITAL","SM",108.2,108.5,108.2,108.5,108.5,109.85,8000,8.67,"27-Jul-2026",5,"",""
"365","BAGFILMS","EQ",4.54,4.82,4.46,4.61,4.6,4.54,141060,6.5,"27-Jul-2026",277,"",""
"366","BAGMANE","RR",104.86,105.1,104.16,104.77,104.8,104.63,2153384,2257.87,"27-Jul-2026",34680,"",""
"367","BAHETI","SM",720,723.9,710,712.6,710,709.9,30375,217.75,"27-Jul-2026",61,"",""
"368","BAIDFIN","EQ",9.85,10.48,9.73,9.86,9.92,9.86,41221,4.1,"27-Jul-2026",191,"",""
"369","BAJAJ-AUTO","EQ",11200.5,11251,11094,11183.5,11180,11130,270544,30248.6,"27-Jul-2026",38490,"",""
"370","BAJAJCON","EQ",552.95,555,534.1,540.85,539.4,549.8,600626,3276.4,"27-Jul-2026",20918,"",""
"371","BAJAJELEC","EQ",330.45,333.9,328,329.4,328.1,328.9,42350,139.93,"27-Jul-2026",2197,"",""
"372","BAJAJFINSV","EQ",1885,1920,1885,1913,1919.4,1876.7,651274,12421.06,"27-Jul-2026",49060,"",""
"373","BAJAJHCARE","EQ",329.1,329.35,317.4,319.65,319.9,323.35,249558,799.13,"27-Jul-2026",5299,"",""
"374","BAJAJHFL","EQ",84.98,85.88,84.98,85.5,85.52,84.19,2127865,1818.19,"27-Jul-2026",19340,"",""
"375","BAJAJHIND","EQ",17.3,17.48,16.85,16.93,16.93,17.29,4178249,714.97,"27-Jul-2026",7428,"",""
"376","BAJAJHLDNG","EQ",10694,10829,10631,10810,10735,10679,69044,7435.79,"27-Jul-2026",15861,"",""
"377","BAJAJINDEF","EQ",231.8,239.9,230.3,230.85,230.35,230.25,14350,33.22,"27-Jul-2026",379,"",""
"378","BAJAJST","EQ",399.9,406.35,391.1,395.25,397.95,395.7,10315,41.08,"27-Jul-2026",742,"",""
"379","BAJEL","EQ",179.51,182.09,176.9,177.74,178,178.9,89792,160.58,"27-Jul-2026",1615,"",""
"380","BAJFINANCE","EQ",1026.7,1050,1026.6,1048.3,1049,1012.8,7610916,79327.09,"27-Jul-2026",165999,"",""
"381","BALAJEE","EQ",28,28,27.01,27.13,27.2,27.07,17501,4.77,"27-Jul-2026",166,"",""
"382","BALAJIPHOS","SM",90.5,90.5,87,87.95,89,90.75,8000,7.04,"27-Jul-2026",5,"",""
"383","BALAJITELE","EQ",84.18,85.9,83.38,83.8,84.25,84.04,72465,61.19,"27-Jul-2026",1328,"",""
"384","BALAMINES","EQ",2217.9,2323.4,2174.6,2284.8,2298,2174.5,323794,7340.05,"27-Jul-2026",28818,"",""
"385","BALAXI","EQ",24.97,24.97,24,24.39,24.4,24.47,10773,2.63,"27-Jul-2026",139,"",""
"386","BALCO","ST",19.85,19.85,19.85,19.85,19.85,20.85,2400,0.48,"27-Jul-2026",2,"",""
"387","BALKRISHNA","EQ",17.71,18.4,17.4,17.54,17.51,17.54,12176,2.21,"27-Jul-2026",60,"",""
"388","BALKRISIND","EQ",2047.8,2052,2005,2025.2,2031.4,2013.5,177608,3591.93,"27-Jul-2026",21280,"",""
"389","BALMLAWRIE","EQ",175.6,177.38,175.6,176.65,176.9,174.6,46117,81.4,"27-Jul-2026",1122,"",""
"390","BALPHARMA","EQ",88.6,92.49,88.06,88.63,89,87.34,164269,148.69,"27-Jul-2026",2106,"",""
"391","BALRAMCHIN","EQ",609,618,609,611.65,609.4,610.15,208287,1274.87,"27-Jul-2026",7420,"",""
"392","BALUFORGE","EQ",434.05,444.8,434.05,439.75,440.65,433.6,257865,1134.29,"27-Jul-2026",8337,"",""
"393","BANARBEADS","EQ",121.95,125,118.51,119.56,120.8,121.95,10400,12.79,"27-Jul-2026",629,"",""
"394","BANARISUG","EQ",3499,3499,3475,3475.1,3475,3501.8,204,7.09,"27-Jul-2026",20,"",""
"395","BANCOINDIA","EQ",612.2,632.1,612.2,626.1,628,608.45,165884,1039.14,"27-Jul-2026",10513,"",""
"396","BANDHANBNK","EQ",167.5,170.64,166.82,169.43,169.4,165.93,13639409,23099.23,"27-Jul-2026",65610,"",""
"397","BANG","EQ",28.39,28.75,27.81,28.06,28.04,28.1,5741,1.62,"27-Jul-2026",185,"",""
"398","BANK10ADD","EQ",16.95,16.98,16.87,16.89,16.89,16.83,179631,30.45,"27-Jul-2026",165,"",""
"399","BANK10BETF","EQ",20.97,20.98,20.75,20.87,20.87,20.97,14201,2.97,"27-Jul-2026",69,"",""
"400","BANKA","BE",88.1,95.3,88.01,94.12,95.3,90.77,3265,2.99,"27-Jul-2026",27,"",""
"401","BANKADD","EQ",58.58,58.67,58.25,58.45,58.45,58.08,13270,7.75,"27-Jul-2026",155,"",""
"402","BANKBARODA","EQ",243.5,247.7,241.9,244,244.2,246.45,14707217,36021.84,"27-Jul-2026",76555,"",""
"403","BANKBEES","EQ",590,594,588.1,591.44,591.9,587.76,631908,3735.96,"27-Jul-2026",8073,"",""
"404","BANKBETA","EQ",60.2,60.2,58.82,59.13,59.03,58.74,52390,30.97,"27-Jul-2026",543,"",""
"405","BANKBETF","EQ",58.31,58.39,57.87,57.97,58.03,57.76,4269,2.48,"27-Jul-2026",204,"",""
"406","BANKETF","EQ",581.29,584.64,579.91,581.47,582.61,578.68,5298,30.86,"27-Jul-2026",1120,"",""
"407","BANKIETF","EQ",58.99,58.99,58.44,58.68,58.54,58.31,815088,477.41,"27-Jul-2026",1745,"",""
"408","BANKINDIA","EQ",145,145.39,136.55,137.87,137.9,142.62,26282058,36618.75,"27-Jul-2026",86656,"",""
"409","BANKNIFTY1","EQ",59.49,59.5,59.05,59.36,59.41,58.9,397580,235.8,"27-Jul-2026",974,"",""
"410","BANKPSU","EQ",84.57,85.04,84.26,84.28,84.51,84.43,6593,5.57,"27-Jul-2026",118,"",""
"411","BANSALWIRE","EQ",325.6,326,315.1,316.45,317,324,83438,266.79,"27-Jul-2026",3670,"",""
"412","BANSWRAS","EQ",130.4,130.4,122.8,124.33,124,127.94,43662,54.81,"27-Jul-2026",1079,"",""
"413","BARFLEX","SM",56.25,56.25,55,55,55,54.6,6000,3.33,"27-Jul-2026",3,"",""
"414","BASF","EQ",3735.7,3750,3700.1,3738.4,3742,3670.2,6605,246.48,"27-Jul-2026",1754,"",""
"415","BASILIC","SM",194,194,191.45,191.85,191.5,190.3,21300,40.83,"27-Jul-2026",30,"",""
"416","BASML","BE",26.06,27.23,26.06,26.99,27,26.66,127797,34.54,"27-Jul-2026",100,"",""
"417","BATAINDIA","EQ",695,704.95,691.05,699.65,698,689.95,192036,1341.7,"27-Jul-2026",11336,"",""
"418","BATLIBOI","EQ",87.64,87.85,83.04,84.46,84.4,84.93,12928,10.93,"27-Jul-2026",232,"",""
"419","BAWEJA","ST",27.65,27.9,27.15,27.15,27.15,28.55,16800,4.58,"27-Jul-2026",17,"",""
"420","BAYERCROP","EQ",4268,4277.9,4220,4238.5,4246.5,4217.5,14477,613.77,"27-Jul-2026",3138,"",""
"421","BBETF0432","EQ",1346.2,1354.95,1346.2,1350,1350,1354.62,1149,15.5,"27-Jul-2026",59,"",""
"422","BBL","EQ",2549,2594.9,2521.3,2562,2560.1,2519.4,22173,569.22,"27-Jul-2026",3044,"",""
"423","BBNPNBETF","EQ",58.47,58.47,57.29,57.55,57.55,57.22,1040,0.6,"27-Jul-2026",43,"",""
"424","BBNPPGOLD","EQ",137.9,139.45,137.9,138.6,138.55,137.9,2410,3.35,"27-Jul-2026",83,"",""
"425","BBOX","EQ",785,803.2,772.8,775.7,775,778.45,205754,1610.48,"27-Jul-2026",14029,"",""
"426","BBTC","EQ",1461.9,1501.2,1461.9,1496.6,1500,1458.2,28710,429.29,"27-Jul-2026",4517,"",""
"427","BBTCL","EQ",227,227,212.32,219.33,220,217.09,10918,23.95,"27-Jul-2026",196,"",""
"428","BCG","EQ",9.42,9.67,9.41,9.47,9.48,9.4,2716706,258.48,"27-Jul-2026",2852,"",""
"429","BCLIND","EQ",35.9,36.08,35,35.3,35.17,35.74,780267,277.78,"27-Jul-2026",5533,"",""
"430","BCONCEPTS","EQ",197.9,197.9,186.75,192.19,191.03,186.53,6405,12.24,"27-Jul-2026",413,"",""
"431","BCPL","EQ",69.17,71.89,69.17,70.75,70.9,70.39,3028,2.14,"27-Jul-2026",133,"",""
"432","BDL","EQ",1249.2,1263.5,1239,1256.4,1255,1243,667606,8365.8,"27-Jul-2026",25192,"",""
"433","BEACON","ST",91.85,91.85,90.5,90.5,90.5,91.85,2000,1.82,"27-Jul-2026",2,"",""
"434","BEARDSELL","EQ",27.64,28.5,27,27.42,27.78,27.64,2036,0.56,"27-Jul-2026",56,"",""
"435","BECTORFOOD","EQ",208.7,212.9,205.01,211.89,211,206.63,3219598,6774.54,"27-Jul-2026",28488,"",""
"436","BEDMUTHA","EQ",107,112.23,107,112.18,112.23,106.89,6765,7.56,"27-Jul-2026",99,"",""
"437","BEEKAY","EQ",404.05,414.3,391.65,395.3,396.05,400.4,528,2.13,"27-Jul-2026",39,"",""
"438","BEL","EQ",408,408.45,404.6,407.15,406.7,405,9683515,39358.53,"27-Jul-2026",87478,"",""
"439","BELLACASA","EQ",246.75,248.9,238,240.35,238,239.5,4787,11.64,"27-Jul-2026",324,"",""
"440","BELRISE","EQ",229.51,233.72,227.21,232.66,232,228.26,3264364,7548.54,"27-Jul-2026",36186,"",""
"441","BEML","EQ",1730,1788.3,1726.9,1780.1,1775,1713.2,224432,3959.35,"27-Jul-2026",20119,"",""
"442","BENGALASM","EQ",6202,6312,6175,6215.5,6274,6202,278,17.33,"27-Jul-2026",83,"",""
"443","BEPL","EQ",122.9,122.9,113.75,114.51,114.79,121.81,4964378,5775.08,"27-Jul-2026",29880,"",""
"444","BERGEPAINT","EQ",502.1,506.9,499.55,504,503.9,497.95,173146,869.99,"27-Jul-2026",11514,"",""
"445","BESTAGRO","EQ",15.2,15.99,15.2,15.91,15.99,15.16,427040,67.28,"27-Jul-2026",1573,"",""
"446","BETA","EQ",2365,2365,2225.6,2230.7,2228,2315.6,29565,668.45,"27-Jul-2026",4413,"",""
"447","BEWLTD","SM",58.5,59.5,56.2,58.85,58.5,58.9,24500,14.15,"27-Jul-2026",44,"",""
"448","BFINVEST","EQ",467,468,457.65,460.1,459,460.05,26054,120.68,"27-Jul-2026",964,"",""
"449","BFSI","EQ",27.26,27.26,26.96,27.12,27.2,26.95,264968,71.69,"27-Jul-2026",1139,"",""
"450","BFUTILITIE","EQ",599,599.1,575.95,577.85,576.4,580.4,43437,253.46,"27-Jul-2026",2111,"",""
"451","BGLOBAL","BZ",3.35,3.35,3.05,3.12,3.1,3.21,108528,3.35,"27-Jul-2026",75,"",""
"452","BGRENERGY","BE",296.65,296.65,279.8,280.25,281.1,291.1,63353,180.13,"27-Jul-2026",600,"",""
"453","BHADORA","ST",87.15,88.95,87.15,88.5,88.5,86.5,3600,3.18,"27-Jul-2026",3,"",""
"454","BHAGCHEM","EQ",263.45,267.95,260.35,263.3,266,263.45,49552,130.71,"27-Jul-2026",1157,"",""
"455","BHAGERIA","BE",228.9,233,217.55,218.11,218.7,228.98,58952,130.66,"27-Jul-2026",519,"",""
"456","BHAGYANGR","BE",410,431,391.5,426.7,431,410.9,278017,1170.41,"27-Jul-2026",3009,"",""
"457","BHANDARI","BE",2.9,2.94,2.83,2.87,2.88,2.89,180704,5.21,"27-Jul-2026",214,"",""
"458","BHARATCOAL","EQ",35.17,35.44,35.08,35.25,35.25,34.99,4197348,1479.07,"27-Jul-2026",12039,"",""
"459","BHARATFORG","EQ",2168,2189,2151.6,2181.3,2185,2151.6,704988,15296.09,"27-Jul-2026",28671,"",""
"460","BHARATGEAR","BE",121.93,127.48,120.01,127.48,127.48,121.41,38845,48.68,"27-Jul-2026",404,"",""
"461","BHARATRAS","EQ",1277,1299,1264,1273.8,1271,1261.1,6619,84.81,"27-Jul-2026",1209,"",""
"462","BHARATSE","EQ",216.3,219.78,207.75,211.85,213,218.14,441091,934.9,"27-Jul-2026",13571,"",""
"463","BHARATWIRE","EQ",196.9,205,195.35,202.91,204.8,193.31,124310,248.23,"27-Jul-2026",2883,"",""
"464","BHARTIARTL","EQ",1892,1917,1890,1905.3,1904,1898.2,5230299,99462.17,"27-Jul-2026",91860,"",""
"465","BHARTIHEXA","EQ",1630,1630,1601.1,1614.3,1608,1607.6,175287,2833.85,"27-Jul-2026",7680,"",""
"466","BHEL","EQ",420,422.4,412.9,415.95,415.05,417.3,9042974,37716.54,"27-Jul-2026",98830,"",""
"467","BI","EQ",59,61,58.12,58.46,58.21,59.27,4056,2.4,"27-Jul-2026",100,"",""
"468","BIGBLOC","EQ",47.81,48.39,46.8,46.98,46.8,47.75,43396,20.52,"27-Jul-2026",839,"",""
"469","BIKAJI","EQ",626.15,643.2,626.15,641.25,638.1,630.7,54084,346.43,"27-Jul-2026",7999,"",""
"470","BIKEWO","ST",59.25,62.2,59,62.2,62.2,59.25,146000,90.05,"27-Jul-2026",54,"",""
"471","BIL","EQ",680,757,680,745.8,757,729.9,854,6.31,"27-Jul-2026",90,"",""
"472","BILVYAPAR","BE",4,4.18,3.85,4.13,4.18,3.99,28677,1.16,"27-Jul-2026",70,"",""
"473","BIMETAL","EQ",667,672.45,650,650.8,672.45,667.4,1196,7.8,"27-Jul-2026",22,"",""
"474","BIOCON","EQ",437,437.55,434.05,436.25,436.8,433.65,2570388,11194.54,"27-Jul-2026",24916,"",""
"475","BIOFILCHEM","EQ",33.45,33.45,32.11,32.82,32.32,32.07,6289,2.06,"27-Jul-2026",100,"",""
"476","BIOPOL","SM",97.4,97.8,94.35,97.3,97.3,97.45,36000,34.64,"27-Jul-2026",19,"",""
"477","BIRET","RR",340.44,344.5,337.28,343.44,343,339.01,318274,1086.84,"27-Jul-2026",9770,"",""
"478","BIRLACABLE","BE",189,203.98,189,200.98,200.5,197.31,63779,127.12,"27-Jul-2026",544,"",""
"479","BIRLACORPN","EQ",955,955,900,910.2,904.8,956.6,462709,4268.57,"27-Jul-2026",28339,"",""
"480","BIRLAMONEY","EQ",133.97,135.7,130,131.22,130.1,131.99,61022,80.65,"27-Jul-2026",1457,"",""
"481","BIRLANU","EQ",1351.9,1395,1334.1,1368,1364.2,1351.9,15526,212.31,"27-Jul-2026",1855,"",""
"482","BIRLAPREC","EQ",34.2,35.1,34.01,34.21,34.2,34.19,14104,4.84,"27-Jul-2026",307,"",""
"483","BLACKBUCK","EQ",542.55,557.85,539.05,547.6,546,539.35,221110,1211.95,"27-Jul-2026",16450,"",""
"484","BLACKROSE","BE",95.98,100.77,95.98,100.76,100.77,95.98,21754,21.63,"27-Jul-2026",167,"",""
"485","BLAL","EQ",177,179.2,177,177.61,178.98,175.92,5695,10.13,"27-Jul-2026",338,"",""
"486","BLBLIMITED","EQ",16.01,17.27,15.97,16.11,16.2,15.7,49420,8.14,"27-Jul-2026",207,"",""
"487","BLIL","EQ",70.44,70.44,69.82,69.97,70,69.88,35697,25,"27-Jul-2026",569,"",""
"488","BLISSGVS","BE",461.3,463.95,451,459.4,460,464.6,224080,1023.74,"27-Jul-2026",3322,"",""
"489","BLKASHYAP","EQ",55.3,56.45,53.81,54.11,54.1,54.56,261009,142.6,"27-Jul-2026",1327,"",""
"490","BLS","EQ",237.3,240.8,235.7,237.5,237.95,233.6,1010794,2408.38,"27-Jul-2026",21222,"",""
"491","BLSE","EQ",286,293,282.41,288.32,287,282.32,1807981,5240.43,"27-Jul-2026",15841,"",""
"492","BLUECHIP","BE",1.88,1.88,1.88,1.88,1.88,1.91,2068,0.04,"27-Jul-2026",14,"",""
"493","BLUECOAST","BE",27.05,28.25,25.65,25.69,27.06,27,6024,1.57,"27-Jul-2026",39,"",""
"494","BLUEDART","EQ",4935.8,5129.2,4922.9,5114.2,5111,4911.5,37705,1905.81,"27-Jul-2026",6920,"",""
"495","BLUEJET","EQ",570.9,589.9,570.9,576.05,579,566.9,509908,2958.54,"27-Jul-2026",16247,"",""
"496","BLUEPEBBLE","SM",68.25,70,68,70,70,70,6800,4.72,"27-Jul-2026",11,"",""
"497","BLUESTARCO","EQ",1642.5,1669.1,1638.3,1643.2,1643.1,1637.2,135209,2235.31,"27-Jul-2026",14592,"",""
"498","BLUESTONE","EQ",793,829,765.8,820.75,821.95,772.4,20293817,163919.92,"27-Jul-2026",370768,"",""
"499","BLUEWATER","ST",427,446.25,420.1,444.95,446.25,425,90000,398.69,"27-Jul-2026",86,"",""
"500","BLUSPRING","EQ",110.44,111.49,108.5,109.36,109.6,108.42,120858,132.65,"27-Jul-2026",1710,"",""
"501","BMETRICS","SM",37,37,37,37,37,35.5,800,0.3,"27-Jul-2026",1,"",""
"502","BMLL","SM",141.45,141.55,140.15,141.45,141.55,138.7,21000,29.67,"27-Jul-2026",20,"",""
"503","BMWVENTLTD","EQ",56.22,60.9,56.22,59.34,59.41,56.52,247389,145.4,"27-Jul-2026",3291,"",""
"504","BNAGROCHEM","BE",274.95,274.95,265.4,274.95,274.95,274.9,135,0.37,"27-Jul-2026",6,"",""
"505","BNALTD","BE",484.15,484.15,465,466.95,465,461.1,170,0.82,"27-Jul-2026",6,"",""
"506","BNKETFAXIS","EQ",587.85,591.19,587.23,589.4,589.4,583.85,1459,8.59,"27-Jul-2026",33,"",""
"507","BODALCHEM","BE",68.5,69.89,67.01,67.6,67.6,68.02,96155,65.83,"27-Jul-2026",523,"",""
"508","BOHRAIND","EQ",12.02,13.25,12.02,13.16,13.25,12.62,16496,2.13,"27-Jul-2026",70,"",""
"509","BOMDYEING","EQ",122.1,123.6,121.7,122.08,122.23,121.71,261611,320.09,"27-Jul-2026",4105,"",""
"510","BONLON","EQ",42.5,42.5,39.23,40.55,40.01,40.92,7188,2.95,"27-Jul-2026",127,"",""
"511","BORANA","EQ",333.25,333.25,325,328.05,329.7,327.45,9141,30,"27-Jul-2026",408,"",""
"512","BOROLTD","EQ",239.9,240,231.12,233.73,232.31,232.34,83179,195.01,"27-Jul-2026",2679,"",""
"513","BORORENEW","EQ",582.4,589.9,577.75,585.1,582.55,580.65,321533,1878.06,"27-Jul-2026",9022,"",""
"514","BOROSCI","EQ",152.25,156,152.25,154.37,155,152.09,24215,37.4,"27-Jul-2026",948,"",""
"515","BOSCH-HCIL","EQ",1330,1348.9,1322.1,1332.9,1335,1332.8,18246,243.64,"27-Jul-2026",980,"",""
"516","BOSCHLTD","EQ",41905,42165,41130,41250,41195,41755,22295,9272.84,"27-Jul-2026",8849,"",""
"517","BPCL","EQ",315.2,318.55,313.2,316.25,317,310.15,5954256,18805.79,"27-Jul-2026",44441,"",""
"518","BPL","EQ",53.78,55.06,52.48,52.73,52.61,53.78,109201,58.22,"27-Jul-2026",1387,"",""
"519","BRACEPORT","SM",65,65,65,65,65,63,1600,1.04,"27-Jul-2026",1,"",""
"520","BRANDMAN","SM",186,188,184,187.2,184,182.75,15200,28.44,"27-Jul-2026",10,"",""
"521","BRIGADE","EQ",528,545.5,526.15,543.45,545.45,525.45,410222,2202.09,"27-Jul-2026",14590,"",""
"522","BRIGHOTEL","EQ",60.21,60.98,59.81,59.99,59.99,60.16,186725,112.5,"27-Jul-2026",2086,"",""
"523","BRITANNIA","EQ",5399.5,5436.5,5343,5384.5,5386.5,5379.5,238867,12851.96,"27-Jul-2026",20962,"",""
"524","BRNL","EQ",18.4,18.4,17.38,17.59,17.38,18.06,31146,5.52,"27-Jul-2026",348,"",""
"525","BROOKS","BE",63.98,65.49,63,63.95,63.7,64.06,8324,5.34,"27-Jul-2026",67,"",""
"526","BSE","EQ",3575,3586.6,3491.8,3536.8,3543,3549.7,2557303,90277.13,"27-Jul-2026",133993,"",""
"527","BSE500IETF","EQ",38.3,39.49,38.3,39.1,39.08,38.74,58842,22.99,"27-Jul-2026",1858,"",""
"528","BSHSL","BE",87,87,84.8,86.12,86.9,87,2479,2.13,"27-Jul-2026",59,"",""
"529","BSL","EQ",124.74,127.49,124.1,124.95,125.1,124.74,2714,3.41,"27-Jul-2026",79,"",""
"530","BSLGOLDETF","EQ",125.49,126.43,125.49,126.09,126.11,125.49,52366,66.07,"27-Jul-2026",1287,"",""
"531","BSLNIFTY","EQ",28.57,28.57,27.5,28.18,28.12,27.88,1536042,432.64,"27-Jul-2026",6414,"",""
"532","BSLSENETFG","EQ",77.87,77.87,77,77.51,77.5,76.54,1148,0.89,"27-Jul-2026",134,"",""
"533","BSOFT","EQ",284.05,296.9,284.05,293.45,293.65,282.4,1999905,5848.83,"27-Jul-2026",40917,"",""
"534","BTML","EQ",7.05,7.05,6.5,6.68,6.7,6.96,378521,25.46,"27-Jul-2026",924,"",""
"535","BTTL","BE",47.61,50,47.61,48.6,48.5,49.87,5569,2.73,"27-Jul-2026",60,"",""
"536","BUILDPRO","EQ",1236.2,1258,1205,1219.3,1221,1236.2,34679,429.9,"27-Jul-2026",3636,"",""
"537","BULKCORP","SM",59.75,59.75,59.75,59.75,59.75,57.35,1200,0.72,"27-Jul-2026",1,"",""
"538","BUTTERFLY","EQ",763.1,787.45,748.1,766.1,770,761.9,51425,396.67,"27-Jul-2026",3237,"",""
"539","BVCL","EQ",40.8,41.38,40.61,41.08,40.68,40.79,5617,2.3,"27-Jul-2026",85,"",""
"540","BYKE","BE",33.88,33.88,32,32.75,32.75,32.44,13716,4.5,"27-Jul-2026",64,"",""
"541","C2C","SM",289.7,292.75,270.6,275.25,275.95,284.35,160500,444.32,"27-Jul-2026",776,"",""
"542","CALSOFT","BE",22.33,22.33,21.7,21.77,21.78,21.78,87908,19.32,"27-Jul-2026",162,"",""
"543","CAMLINFINE","EQ",125.43,129.75,124.05,127.38,127.8,124.47,593377,758.64,"27-Jul-2026",7843,"",""
"544","CAMPUS","EQ",218.4,221.73,217.5,219.44,219.1,216.55,434471,953.72,"27-Jul-2026",7797,"",""
"545","CAMS","EQ",763,790,762,785.05,786,761.45,1440127,11269.72,"27-Jul-2026",40156,"",""
"546","CANARYS","SM",19.25,19.45,18.75,19.3,19.3,18.5,108000,20.71,"27-Jul-2026",25,"",""
"547","CANBK","EQ",126.5,129.7,125.78,127.26,127.01,125.65,48778366,62317.12,"27-Jul-2026",120692,"",""
"548","CANFINHOME","EQ",818.7,838.95,808.1,812.8,816.05,813.9,373838,3066.28,"27-Jul-2026",19964,"",""
"549","CANHLIFE","EQ",147.95,148.86,144.12,145.01,144.7,147.31,488467,713.29,"27-Jul-2026",8469,"",""
"550","CANTABIL","EQ",238.6,242.29,238.01,238.41,238.83,239.83,59716,142.87,"27-Jul-2026",2678,"",""
"551","CAPACITE","EQ",215,221.75,215,218.8,218.5,212.75,352848,770.81,"27-Jul-2026",7327,"",""
"552","CAPILLARY","EQ",478.6,559.55,478.6,535.3,538,476.25,8291808,44752.97,"27-Jul-2026",126685,"",""
"553","CAPINVIT","IV",72.6,73.6,71.8,73.23,73.15,72.24,773353,560.03,"27-Jul-2026",9834,"",""
"554","CAPITALSFB","EQ",293.45,303,293.45,299.85,301,292,75000,223.96,"27-Jul-2026",2470,"",""
"555","CAPLIPOINT","EQ",2470,2652,2470,2621.4,2618.5,2467.1,354020,9261.23,"27-Jul-2026",38896,"",""
"556","CAPTRUST","EQ",15.22,15.38,14.43,15.38,15.38,14.65,76021,11.45,"27-Jul-2026",173,"",""
"557","CARBORUNIV","EQ",1074.9,1089.9,1055.2,1073.1,1058.1,1064.3,79889,853.66,"27-Jul-2026",9299,"",""
"558","CARERATING","EQ",1699.9,1741,1685.5,1700.6,1699.9,1680,138919,2377.78,"27-Jul-2026",24739,"",""
"559","CARRARO","EQ",536.7,542.4,534,536.05,536.7,534,65915,353.98,"27-Jul-2026",6075,"",""
"560","CARTRADE","EQ",2677,3015,2677,2978.5,2977,2656.4,3555902,103884.79,"27-Jul-2026",215354,"",""
"561","CARYSIL","EQ",1161.6,1169,1141,1154.1,1157,1125.7,43284,500.02,"27-Jul-2026",4451,"",""
"562","CASHIETF","EQ",1099.28,1099.28,1072.59,1072.59,1072.59,1072.47,446572,4789.91,"27-Jul-2026",252,"",""
"563","CASTROLIND","EQ",185.09,185.64,184.05,184.32,184.14,184.79,1187995,2189.75,"27-Jul-2026",11501,"",""
"564","CCAVENUE","EQ",16.55,17.06,16.55,16.73,16.73,16.34,7999020,1339.85,"27-Jul-2026",11201,"",""
"565","CCCL","EQ",15.99,16.08,15.45,15.74,15.83,15.88,424342,66.96,"27-Jul-2026",971,"",""
"566","CCHHL","EQ",12.46,12.85,12.46,12.69,12.75,12.74,12626,1.61,"27-Jul-2026",100,"",""
"567","CCL","EQ",1184,1202.6,1168.2,1174.4,1174.7,1183.6,138419,1640.78,"27-Jul-2026",18874,"",""
"568","CDSL","EQ",1345.1,1349,1326,1329,1327.5,1333.1,835504,11152.07,"27-Jul-2026",30331,"",""
"569","CEATLTD","EQ",3389,3389,3354.1,3369.7,3370,3328.6,65031,2192.78,"27-Jul-2026",10089,"",""
"570","CEDAAR","ST",18,18.6,17.2,17.45,17.5,18.1,21000,3.69,"27-Jul-2026",14,"",""
"571","CEIGALL","EQ",338.85,341.2,333.45,335.8,336,337.1,228583,769.12,"27-Jul-2026",9765,"",""
"572","CEINSYS","EQ",889.95,900,857,858.6,859,870.05,67485,586.57,"27-Jul-2026",2708,"",""
"573","CELEBRITY","EQ",7.37,7.37,6.95,6.99,6.98,7.04,15600,1.11,"27-Jul-2026",115,"",""
"574","CELLECOR","ST",33.7,34.35,33.05,33.65,34,33.7,60000,20.27,"27-Jul-2026",18,"",""
"575","CELLO","EQ",348.25,349.35,343,345.05,344.5,344.3,140965,487.95,"27-Jul-2026",7072,"",""
"576","CELLPOINT","SM",20.05,21.1,20.05,20.05,20.05,20.05,12000,2.47,"27-Jul-2026",10,"",""
"577","CEMPRO","EQ",1382,1440.5,1369,1369,1369,1441,558725,7740.25,"27-Jul-2026",16313,"",""
"578","CENTENKA","EQ",577,597,575.1,577.8,577,574.2,117955,692.14,"27-Jul-2026",4061,"",""
"579","CENTEXT","EQ",18.92,19.07,18.61,18.7,18.7,18.95,53987,10.16,"27-Jul-2026",555,"",""
"580","CENTRALBK","EQ",31.3,31.61,31.16,31.25,31.27,31.03,7486343,2345.08,"27-Jul-2026",14677,"",""
"581","CENTRUM","EQ",23.69,24,22.98,23.15,23.12,23.66,250326,58.28,"27-Jul-2026",1618,"",""
"582","CENTUM","EQ",3600,3669.4,3490,3503.1,3509.9,3593.8,33847,1199.97,"27-Jul-2026",8573,"",""
"583","CENTURYPLY","EQ",808,808,785.25,792.65,786.1,792.2,37113,294.42,"27-Jul-2026",5526,"",""
"584","CERA","EQ",6019.5,6232.5,6019.5,6205.5,6225,6017,9821,604.58,"27-Jul-2026",3026,"",""
"585","CEREBRAINT","BZ",3.11,3.11,2.9,3,3.01,2.99,37270,1.13,"27-Jul-2026",79,"",""
"586","CESC","EQ",163.51,165.32,161.65,162.32,162.44,163.18,766356,1250.85,"27-Jul-2026",12823,"",""
"587","CEWATER","EQ",302.8,305.4,289,291.5,291.9,298.35,99000,292.43,"27-Jul-2026",6527,"",""
"588","CGCL","EQ",242,246.01,238.04,244.27,245.8,238.23,2052332,4968.93,"27-Jul-2026",25559,"",""
"589","CGPOWER","EQ",871.8,885,867.7,877.3,877.4,867.7,4921275,43060.1,"27-Jul-2026",84729,"",""
"590","CGRAPHICS","SM",130,131.4,123.95,125.45,126.45,130,44800,57.05,"27-Jul-2026",51,"",""
"591","CHALET","EQ",818.95,847.85,818.95,846.5,847.1,814.4,81960,687.56,"27-Jul-2026",7497,"",""
"592","CHAMBLFERT","EQ",434.2,441.2,433.05,439.7,441.1,431,240525,1052.98,"27-Jul-2026",10111,"",""
"593","CHAMUNDA","SM",45.8,45.8,45.8,45.8,45.8,44.95,3000,1.37,"27-Jul-2026",1,"",""
"594","CHANDAN","SM",231,235.5,225,226.45,225,230,22400,51.15,"27-Jul-2026",26,"",""
"595","CHAVDA","SM",127.95,127.95,124.15,126.55,126.85,123.05,33000,41.55,"27-Jul-2026",32,"",""
"596","CHEMBOND","BE",177.75,177.79,170,171.85,172.25,174.25,3054,5.23,"27-Jul-2026",101,"",""
"597","CHEMBONDCH","BE",252.4,252.95,239.08,240.62,240.2,247.44,5294,12.86,"27-Jul-2026",120,"",""
"598","CHEMCON","BE",176.53,182.3,175.5,177.98,178.97,176.53,23751,42.39,"27-Jul-2026",188,"",""
"599","CHEMFAB","BE",366.1,378.4,350,377,377,366.1,4898,17.91,"27-Jul-2026",47,"",""
"600","CHEMICAL","EQ",30.93,30.93,30.29,30.54,30.61,30.18,412980,125.7,"27-Jul-2026",1143,"",""
"601","CHEMPLASTS","EQ",203.5,209.49,203.5,206.98,206.9,202.29,193300,399.74,"27-Jul-2026",4043,"",""
"602","CHENNPETRO","EQ",1230,1232,1162.8,1168.8,1171,1214.8,1629065,19205.96,"27-Jul-2026",53531,"",""
"603","CHETANA","ST",48.95,48.95,46.65,46.65,46.65,47.8,8000,3.81,"27-Jul-2026",5,"",""
"604","CHEVIOT","EQ",1155,1170,1146.1,1161.1,1158.2,1153.6,2113,24.54,"27-Jul-2026",416,"",""
"605","CHOICEGOLD","EQ",141.55,143,141.05,142.25,142.14,141.55,4401,6.26,"27-Jul-2026",143,"",""
"606","CHOICEIN","EQ",801,811.65,798,800,800,797.15,505379,4059.51,"27-Jul-2026",7307,"",""
"607","CHOLAFIN","EQ",1744,1804.5,1743.8,1785.2,1783.5,1724.4,1963093,35028.16,"27-Jul-2026",60801,"",""
"608","CHOLAHLDNG","EQ",1529.7,1563.9,1521.5,1526.5,1521.9,1516.7,107079,1646.21,"27-Jul-2026",10457,"",""
"609","CIEINDIA","EQ",417,423,410.45,413.4,413.95,413.75,411200,1701.68,"27-Jul-2026",18803,"",""
"610","CIFL","EQ",21.34,21.34,19.56,20.12,20.17,20.05,58357,11.82,"27-Jul-2026",470,"",""
"611","CINELINE","EQ",87.39,87.87,80.25,82.29,81.7,86.71,82731,69.59,"27-Jul-2026",1070,"",""
"612","CINEVISTA","EQ",15.29,15.89,15.1,15.32,15.16,15.29,16198,2.5,"27-Jul-2026",94,"",""
"613","CIPLA","EQ",1412.6,1418.1,1392.8,1409.4,1415,1410.6,1162030,16351.37,"27-Jul-2026",36018,"",""
"614","CITIUSINVT","IV",109.9,109.93,109.02,109.26,109.1,108.48,18026,19.72,"27-Jul-2026",526,"",""
"615","CKKRETAIL","SM",130,130,130,130,130,130,800,1.04,"27-Jul-2026",1,"",""
"616","CLASSICEIL","ST",59,59,59,59,59,60,1600,0.94,"27-Jul-2026",1,"",""
"617","CLAYCRAFT","SM",171,171,166,170.2,171,170.2,27600,46.66,"27-Jul-2026",38,"",""
"618","CLCIND","BE",56.75,56.75,54.05,56.75,56.75,54.05,18298,10.18,"27-Jul-2026",73,"",""
"619","CLEAN","EQ",730.05,737,726.55,728.3,728.2,721,79303,580.16,"27-Jul-2026",7729,"",""
"620","CLEANMAX","EQ",1447.1,1456.3,1419.6,1439,1431.1,1456.9,111773,1609.36,"27-Jul-2026",12786,"",""
"621","CLEDUCATE","BE",61.01,61.01,57.86,57.86,57.86,60.9,25983,15.08,"27-Jul-2026",123,"",""
"622","CLSEL","EQ",280.9,287.8,276,279.3,276,279.8,19609,54.96,"27-Jul-2026",926,"",""
"623","CLSL","SM",61.9,66.5,61.9,64.1,64,61,44000,28.19,"27-Jul-2026",22,"",""
"624","CMICABLES","BZ",2.98,3,2.84,2.84,2.84,2.98,6384,0.19,"27-Jul-2026",24,"",""
"625","CMLL","EQ",535,624.4,523.45,570.55,580,528.2,25880974,151045.44,"27-Jul-2026",385088,"",""
"626","CMNL","SM",100,105,99.95,103.15,105,105,48750,49.91,"27-Jul-2026",28,"",""
"627","CMPDI","EQ",251.65,254.9,247.1,253.45,253.49,248.43,1341702,3377.79,"27-Jul-2026",15143,"",""
"628","CMRGREEN","EQ",220.5,226.5,217.25,219.1,219,218.05,755516,1674.46,"27-Jul-2026",11339,"",""
"629","CMRSL","SM",65,65.1,65,65.1,65.1,62,4800,3.12,"27-Jul-2026",4,"",""
"630","CMSINFO","EQ",278,278,272,272.6,272.4,273.9,179511,492.05,"27-Jul-2026",6106,"",""
"631","CNL","EQ",1029.95,1080.25,983,1019.9,1045,987,2031199,20625.8,"27-Jul-2026",70115,"",""
"632","COALINDIA","EQ",429.5,431,425.75,427.5,427,427.4,5241433,22494.53,"27-Jul-2026",66750,"",""
"633","COASTCORP","EQ",49,51,48.76,50.07,50,49.93,91336,45.9,"27-Jul-2026",584,"",""
"634","COCHINSHIP","EQ",1398.6,1406.8,1387.1,1402.3,1400.8,1392.4,847899,11853.27,"27-Jul-2026",25444,"",""
"635","COCKERILL","EQ",8965,9159,8774,8859.5,8892,8937.5,3922,352.29,"27-Jul-2026",1402,"",""
"636","COFFEEDAY","BE",30.6,30.89,30.2,30.39,30.3,30.24,240799,73.2,"27-Jul-2026",624,"",""
"637","COFORGE","EQ",1495.5,1538.2,1489.4,1528.4,1531,1484.7,3779933,57484.39,"27-Jul-2026",78729,"",""
"638","COHANCE","EQ",425,436.5,419.15,428,426,417.1,505417,2164.11,"27-Jul-2026",18237,"",""
"639","COLPAL","EQ",2088.8,2156,2088.8,2136.6,2135.2,2086.1,381885,8146.84,"27-Jul-2026",25706,"",""
"640","COMFINTE","EQ",5.57,5.58,5.38,5.4,5.41,5.44,103097,5.63,"27-Jul-2026",311,"",""
"641","COMMITTED","ST",342,342,330,330,330,339,2400,8.1,"27-Jul-2026",3,"",""
"642","COMMOIETF","EQ",101.6,101.6,99.62,99.85,99.69,99.62,42678,42.58,"27-Jul-2026",1120,"",""
"643","COMPINFO","BZ",1.16,1.19,1.12,1.17,1.18,1.16,9976,0.11,"27-Jul-2026",16,"",""
"644","COMPUSOFT","EQ",13.46,13.46,13.06,13.22,13.24,13.33,9171,1.21,"27-Jul-2026",130,"",""
"645","COMSYN","EQ",179,183.7,173.2,174.48,177.9,178.52,71832,126.65,"27-Jul-2026",1742,"",""
"646","CONCOR","EQ",470,515.3,469.95,510.5,510,477.55,13227175,66792.71,"27-Jul-2026",187557,"",""
"647","CONCORDBIO","EQ",1255.2,1275.3,1244.5,1256.4,1266,1248.5,79408,996.17,"27-Jul-2026",7962,"",""
"648","CONFIPET","EQ",79.4,83,78.02,81.04,80.89,78.3,8619919,6998.25,"27-Jul-2026",48448,"",""
"649","CONNPLEX","SM",210,210,204.05,204.75,204.05,203.55,7200,14.86,"27-Jul-2026",9,"",""
"650","CONS","EQ",12.19,12.26,12.14,12.24,12.26,12.08,85874,10.47,"27-Jul-2026",148,"",""
"651","CONSOFINVT","BE",285,290,280,285,285,286.42,6283,17.93,"27-Jul-2026",75,"",""
"652","CONSUMAXIS","EQ",122,122.24,121.65,122.17,122.12,120.3,317,0.39,"27-Jul-2026",28,"",""
"653","CONSUMBEES","EQ",130.01,132.45,130,132.26,132.3,130.19,129495,171.01,"27-Jul-2026",988,"",""
"654","CONSUMER","EQ",11.6,11.81,11.6,11.8,11.81,11.6,189276,22.29,"27-Jul-2026",393,"",""
"655","CONSUMIETF","EQ",121.76,123.27,121.76,123.07,123.25,121.14,22849,28.08,"27-Jul-2026",358,"",""
"656","CONTI","SM",10.45,10.45,10.45,10.45,10.45,10.45,3333,0.35,"27-Jul-2026",1,"",""
"657","CONTROLPR","EQ",590,598.95,588.75,592,592,590.55,50615,299.4,"27-Jul-2026",2801,"",""
"658","COOLCAPS","ST",20.95,20.95,19.7,20.5,20.65,20.15,48750,9.88,"27-Jul-2026",29,"",""
"659","CORALFINAC","EQ",32.66,34.7,32.22,33.65,32.67,32.5,22993,7.67,"27-Jul-2026",269,"",""
"660","CORDELIA","EQ",820.5,840.7,812,820.7,816,806.4,182658,1507.04,"27-Jul-2026",7785,"",""
"661","CORDSCABLE","BE",203.66,208.99,202,204.57,204.5,203.66,11767,24.16,"27-Jul-2026",169,"",""
"662","COROMANDEL","EQ",1990.5,2011,1983,2003.8,2003,1980.8,85074,1704,"27-Jul-2026",8250,"",""
"663","CORONA","EQ",2126.8,2140,2086.6,2098.2,2099,2113,20186,426.24,"27-Jul-2026",4646,"",""
"664","COSMOFIRST","EQ",881,919.8,870,909.2,905,881,162543,1466.35,"27-Jul-2026",8438,"",""
"665","COUNCODOS","EQ",6.41,6.6,6.21,6.32,6.31,6.4,58858,3.74,"27-Jul-2026",147,"",""
"666","CPCAP","BE",108,110,106.25,108.33,108.3,108.49,10724,11.64,"27-Jul-2026",61,"",""
"667","CPEDU","EQ",188.3,210,188.3,197.32,196.5,186.47,61588,123.02,"27-Jul-2026",1275,"",""
"668","CPL","EQ",71,75.74,70.2,70.81,70.31,69.84,16526,11.74,"27-Jul-2026",377,"",""
"669","CPPLUS","EQ",3539.1,3685,3495,3557.8,3556.1,3543.4,134944,4840.25,"27-Jul-2026",17309,"",""
"670","CPS","SM",1039,1039,1030,1030,1030,1039.5,300,3.1,"27-Jul-2026",2,"",""
"671","CPSEETF","EQ",96.99,96.99,95.9,96.06,95.93,96.23,524348,504.43,"27-Jul-2026",7990,"",""
"672","CRAFTSMAN","EQ",9312,9414.5,9293.5,9327,9379,9284,16833,1570.66,"27-Jul-2026",4854,"",""
"673","CRAMC","EQ",260.99,264.57,260.99,262.87,263,259.95,382782,1006.55,"27-Jul-2026",11124,"",""
"674","CRAYONS","SM",24.05,25.25,24.05,25.25,25.25,24.05,3000,0.74,"27-Jul-2026",3,"",""
"675","CREATIVEYE","EQ",6.99,6.99,6.05,6.37,6.48,6.66,106526,6.98,"27-Jul-2026",412,"",""
"676","CREDITACC","EQ",1585.5,1614,1550.1,1591.1,1598.9,1517.6,3825382,60845,"27-Jul-2026",183934,"",""
"677","CREST","EQ",389,389,368.1,375,375,377.7,8217,30.46,"27-Jul-2026",210,"",""
"678","CRISIL","EQ",4350,4502.9,4347.2,4486.3,4490,4347.2,59947,2677.73,"27-Jul-2026",13254,"",""
"679","CRIZAC","EQ",185.9,195.99,185.15,194.98,195.21,184.44,612160,1172.1,"27-Jul-2026",14263,"",""
"680","CROMPTON","EQ",252.1,252.15,248.05,249.1,249,250.15,2359921,5887.72,"27-Jul-2026",30409,"",""
"681","CROWN","EQ",116,117.87,112.15,112.51,112.3,114.38,14628,16.67,"27-Jul-2026",271,"",""
"682","CSBBANK","EQ",341.2,346.55,336,337.25,337,340.9,489401,1664.27,"27-Jul-2026",14150,"",""
"683","CSLFINANCE","EQ",219,219,215,217.24,217.25,213.84,12113,26.27,"27-Jul-2026",388,"",""
"684","CSM","EQ",99.62,100.5,99,99.54,99.5,99.62,178019,177.39,"27-Jul-2026",1387,"",""
"685","CSSL","SM",96,101.5,96,98,98,95,11000,10.91,"27-Jul-2026",11,"",""
"686","CTE","EQ",31.01,32.68,30.5,31.96,32,31.5,8441,2.66,"27-Jul-2026",74,"",""
"687","CUB","EQ",221,226.99,220.6,221.45,220.99,219.75,1372673,3058.83,"27-Jul-2026",22711,"",""
"688","CUBEINVIT","IV",155,155,155,155,155,155,25000,38.75,"27-Jul-2026",1,"",""
"689","CUBEXTUB","EQ",77.8,78.98,77.01,77.43,77.35,76.99,35436,27.59,"27-Jul-2026",642,"",""
"690","CUDML","ST",135.4,135.4,135.4,135.4,135.4,135.4,3000,4.06,"27-Jul-2026",2,"",""
"691","CUMMINSIND","EQ",5643.5,5649.5,5589.5,5629.5,5630,5600.5,343112,19275.89,"27-Jul-2026",21476,"",""
"692","CUPID","EQ",214.56,222,213.75,221.46,221.8,213.43,24777700,54356.89,"27-Jul-2026",117455,"",""
"693","CURAA","EQ",71.99,72.64,67.41,72.62,72.64,71.37,243,0.18,"27-Jul-2026",18,"",""
"694","CYBERMEDIA","BE",15.5,16.17,15.01,15.93,15.45,15.5,36998,5.85,"27-Jul-2026",101,"",""
"695","CYBERTECH","BE",143.99,143.99,137.6,138.85,140,141.94,15320,21.4,"27-Jul-2026",243,"",""
"696","CYIENT","EQ",842,844.9,822,825.2,822.5,840.05,559577,4646.95,"27-Jul-2026",27214,"",""
"697","CYIENTDLM","EQ",680,681.55,652.55,665.05,666.75,670.45,315550,2091.71,"27-Jul-2026",13758,"",""
"698","DABUR","EQ",425.6,429.05,424.5,427.35,427.35,423.2,853775,3649.13,"27-Jul-2026",16552,"",""
"699","DAICHI","BE",309.85,309.85,302.2,302.5,302.5,304.8,299,0.91,"27-Jul-2026",18,"",""
"700","DALBHARAT","EQ",1730.6,1831.9,1683,1826.5,1822.7,1810.8,305803,5535.95,"27-Jul-2026",24938,"",""
"701","DALMIASUG","EQ",361.4,366.95,357.6,358.5,359.65,361.95,43852,157.84,"27-Jul-2026",1697,"",""
"702","DAMCAPITAL","EQ",159.3,160.98,155.35,156.86,156.7,157.88,575685,908.01,"27-Jul-2026",7855,"",""
"703","DAMODARIND","BE",28.84,28.84,28,28,28,28.84,814,0.23,"27-Jul-2026",18,"",""
"704","DANGEE","EQ",2.95,3.03,2.88,2.92,2.94,2.95,44359,1.3,"27-Jul-2026",142,"",""
"705","DANISH","SM",827.75,844.95,812,821.75,827.5,823.75,29700,244.33,"27-Jul-2026",142,"",""
"706","DATAMATICS","EQ",835.95,857,828.1,854.8,855,821.5,85941,729.5,"27-Jul-2026",4714,"",""
"707","DATAPATTNS","EQ",4600,4686,4540,4578.9,4581,4584.5,657193,30321.45,"27-Jul-2026",57683,"",""
"708","DAVANGERE","EQ",3.48,3.51,3.27,3.3,3.3,3.42,13131742,440.76,"27-Jul-2026",4498,"",""
"709","DBCORP","EQ",211.5,211.94,206.45,208.29,208.1,208.75,167446,349.42,"27-Jul-2026",4462,"",""
"710","DBEIL","BE",7.5,7.62,7.2,7.39,7.44,7.42,76612,5.67,"27-Jul-2026",314,"",""
"711","DBL","EQ",414.6,444.9,414.6,443.65,440,420.25,2647147,11564.45,"27-Jul-2026",40665,"",""
"712","DBOL","EQ",102.3,104.49,98.82,102.3,102,102.09,63340,64.29,"27-Jul-2026",870,"",""
"713","DBREALTY","BE",113.9,115.5,112.2,113.85,112.5,112.5,272338,310.32,"27-Jul-2026",850,"",""
"714","DBSTOCKBRO","BE",33.8,35,33.49,33.75,33.5,34.38,10914,3.69,"27-Jul-2026",49,"",""
"715","DCAL","EQ",183.9,188.84,183.9,186.11,187.3,183.58,190451,355.41,"27-Jul-2026",4830,"",""
"716","DCBBANK","EQ",193.16,204.74,189.74,190.26,191.4,186.24,10927140,21452.07,"27-Jul-2026",94576,"",""
"717","DCCL","SM",51,51,51,51,51,51,10000,5.1,"27-Jul-2026",1,"",""
"718","DCG","SM",52.65,53.55,52.65,53.55,53.55,53.45,3600,1.92,"27-Jul-2026",3,"",""
"719","DCI","EQ",287.85,299.55,287.85,288.7,287.85,287.85,40862,120.57,"27-Jul-2026",937,"",""
"720","DCM","BE",86.4,88,86.4,87,87,88.9,3941,3.43,"27-Jul-2026",55,"",""
"721","DCMFINSERV","EQ",5.51,5.51,5.07,5.26,5.16,5.02,2305,0.12,"27-Jul-2026",29,"",""
"722","DCMNVL","BE",141,145,141,145,145,143.53,6099,8.8,"27-Jul-2026",39,"",""
"723","DCMSHRIRAM","EQ",1016.6,1035.9,1012.6,1032.9,1033.8,1005.8,23674,243.48,"27-Jul-2026",4304,"",""
"724","DCMSIL","BE",78.6,78.6,78.6,78.6,78.6,79.77,60190,47.31,"27-Jul-2026",138,"",""
"725","DCMSRIND","EQ",41,41,39.15,39.81,40.39,39.86,66805,26.83,"27-Jul-2026",817,"",""
"726","DCW","EQ",46.8,47.32,46.61,47.17,47.01,46.23,409937,192.86,"27-Jul-2026",2022,"",""
"727","DCXINDIA","EQ",182.45,184.03,181.47,182.98,182.67,180.68,311198,568.66,"27-Jul-2026",4626,"",""
"728","DDEVPLSTIK","EQ",277,281.8,273.1,275.45,276.8,275.65,109584,304.68,"27-Jul-2026",5192,"",""
"729","DECCANCE","EQ",576.9,576.9,542,545.3,542,553.65,19411,106.43,"27-Jul-2026",852,"",""
"730","DECCANTRAN","SM",22.35,23.95,22.35,23.4,23.95,22.5,20400,4.71,"27-Jul-2026",10,"",""
"731","DECNGOLD","EQ",194,200.6,194,197,197.49,194.52,1053771,2081.99,"27-Jul-2026",11179,"",""
"732","DEEDEV","BE",653.45,686.1,653.45,682.65,686.1,653.45,58774,399.83,"27-Jul-2026",1347,"",""
"733","DEEPAKFERT","EQ",1578.2,1641.9,1557.1,1634.5,1629.9,1573.2,326561,5244.6,"27-Jul-2026",19620,"",""
"734","DEEPAKNTR","EQ",1664,1698.8,1659,1678.9,1681.2,1649.6,95397,1603.52,"27-Jul-2026",11906,"",""
"735","DEEPINDS","EQ",479.6,529.45,479.6,516.45,516.8,479.6,1633199,8432.19,"27-Jul-2026",40064,"",""
"736","DEFENCE","EQ",77.94,78.95,77.94,78.58,78.49,77.94,106924,83.85,"27-Jul-2026",494,"",""
"737","DELAPLEX","SM",101,101,95,95.55,95,96.3,5400,5.31,"27-Jul-2026",6,"",""
"738","DELHIVERY","EQ",466,471.3,461.45,470,469.9,462.55,2718387,12698.05,"27-Jul-2026",53005,"",""
"739","DELPHIFX","BE",6.87,7.14,6.62,7.06,7.12,6.87,144292,9.95,"27-Jul-2026",242,"",""
"740","DELTACORP","EQ",63.19,63.93,62.55,62.71,62.57,62.99,649761,409.7,"27-Jul-2026",3364,"",""
"741","DELTAMAGNT","EQ",55.83,59.7,55.83,56.22,58.36,55.83,1864,1.05,"27-Jul-2026",65,"",""
"742","DELTIC","SM",36.95,36.95,33.65,35.2,35.2,36.8,17000,6.04,"27-Jul-2026",17,"",""
"743","DEN","EQ",27.2,27.7,27.1,27.37,27.39,27.16,247039,67.59,"27-Jul-2026",1461,"",""
"744","DENEERS","SM",195.2,197.95,184.5,190.35,196.9,194.65,13200,24.97,"27-Jul-2026",18,"",""
"745","DENORA","EQ",868.8,894.3,861,871.05,879.4,852.55,4116,36.26,"27-Jul-2026",611,"",""
"746","DENTA","EQ",342.5,343.65,331.4,333.85,334.9,336.65,146523,491.58,"27-Jul-2026",4536,"",""
"747","DENTALKART","SM",436.5,437.95,427.5,431.6,435,425.45,9000,38.93,"27-Jul-2026",33,"",""
"748","DEVIT","EQ",26,26.8,26,26.08,26.01,26.07,21903,5.74,"27-Jul-2026",248,"",""
"749","DEVX","EQ",33.23,35.05,33.23,34.16,34.15,33.9,29916,10.19,"27-Jul-2026",200,"",""
"750","DEVYANI","EQ",113.3,117.1,112.61,116.06,116.35,112.3,4449216,5159.06,"27-Jul-2026",28724,"",""
"751","DGCONTENT","EQ",24.62,25.43,24.03,24.99,24.99,24.1,28749,7.18,"27-Jul-2026",60,"",""
"752","DHAMPURSUG","EQ",142.25,144.4,140.65,143.61,144,142.12,145357,207.44,"27-Jul-2026",2239,"",""
"753","DHANBANK","EQ",34.3,35.9,34.12,35.4,35.35,34.29,3148881,1109.25,"27-Jul-2026",8801,"",""
"754","DHANLAXMI","SM",25.55,25.55,24,25.4,25.4,24.25,14000,3.47,"27-Jul-2026",7,"",""
"755","DHANSA","SM",20.3,20.3,20.3,20.3,20.3,20.65,2000,0.41,"27-Jul-2026",1,"",""
"756","DHANUKA","EQ",1019.9,1023.3,990.2,996.2,996,1013.3,90838,906.36,"27-Jul-2026",6807,"",""
"757","DHARAN","BZ",0.16,0.16,0.15,0.15,0.16,0.15,7908744,12.26,"27-Jul-2026",1077,"",""
"758","DHARARAIL","ST",130,131.95,130,131.95,131.95,130,3000,3.94,"27-Jul-2026",3,"",""
"759","DHARIWAL","SM",32.8,32.8,32.8,32.8,32.8,32.8,3000,0.98,"27-Jul-2026",1,"",""
"760","DHARMAJ","EQ",261.1,264.2,258,260.15,260,260.95,17825,46.29,"27-Jul-2026",1191,"",""
"761","DHRUV","BE",24.3,25.4,23.8,23.99,24,24.49,11666,2.82,"27-Jul-2026",36,"",""
"762","DHUNINV","EQ",866,897,860,867.5,860,864.7,633,5.52,"27-Jul-2026",91,"",""
"763","DIACABS","EQ",309.9,309.9,298.1,307.17,305.8,295.15,8209562,25040.86,"27-Jul-2026",53090,"",""
"764","DIAMINESQ","EQ",250.74,252.78,246.42,247.84,247.6,246.9,1824,4.57,"27-Jul-2026",100,"",""
"765","DIAMONDYD","EQ",1111.4,1122.8,1080.5,1097.6,1080.5,1111.4,17731,195.58,"27-Jul-2026",1589,"",""
"766","DICIND","EQ",524,524,499,502.2,500,517.5,2888,14.61,"27-Jul-2026",161,"",""
"767","DIFFNKG","EQ",401.15,408,394.3,404.05,405.95,395.35,76782,309.03,"27-Jul-2026",3417,"",""
"768","DIGIDRIVE","EQ",17.95,18.64,17.65,17.83,17.89,17.95,9965,1.78,"27-Jul-2026",95,"",""
"769","DIGIKORE","SM",50.5,50.5,46.9,48.4,48.25,50.6,152800,73.55,"27-Jul-2026",256,"",""
"770","DIGISPICE","BE",18.69,19.23,18,18.16,18.05,18.79,104975,19.15,"27-Jul-2026",290,"",""
"771","DIGITIDE","EQ",100.61,102.38,100,100.72,100.55,101.22,228422,231.39,"27-Jul-2026",2893,"",""
"772","DIGJAMLMTD","EQ",40.4,43.48,39.2,42.97,42.8,40.4,135836,55.4,"27-Jul-2026",488,"",""
"773","DIL","BZ",0.78,0.84,0.76,0.81,0.81,0.8,467721,3.73,"27-Jul-2026",371,"",""
"774","DISAQ","EQ",12296,12297,12094,12191,12195,12110,516,62.8,"27-Jul-2026",379,"",""
"775","DISHTV","BE",2.82,2.92,2.75,2.87,2.88,2.82,1134555,32.32,"27-Jul-2026",1100,"",""
"776","DIVGIITTS","EQ",958,974.95,930,962.35,955.2,945.6,25653,246.85,"27-Jul-2026",2795,"",""
"777","DIVIDEND","EQ",35.34,35.5,35.31,35.48,35.49,35.1,4051,1.43,"27-Jul-2026",59,"",""
"778","DIVINEHIRA","ST",111,111,106,106.35,107.8,107.45,10800,11.63,"27-Jul-2026",9,"",""
"779","DIVISLAB","EQ",7222,7459,7220.5,7414,7440,7248.5,544701,40171.47,"27-Jul-2026",54383,"",""
"780","DIVOPPBEES","EQ",78.55,78.55,76.16,77.48,77.62,77.01,61486,47.61,"27-Jul-2026",871,"",""
"781","DIVYADHAN","ST",53.75,53.75,53.75,53.75,53.75,54.8,2000,1.08,"27-Jul-2026",1,"",""
"782","DIXON","EQ",13951,14021,13741,13810,13780,13846,205726,28569.3,"27-Jul-2026",37508,"",""
"783","DJML","EQ",115.75,115.94,112.66,114.49,114.8,114.39,367828,421.89,"27-Jul-2026",3599,"",""
"784","DKEGL","SM",65.95,65.95,65.95,65.95,65.95,65.9,1500,0.99,"27-Jul-2026",1,"",""
"785","DLF","EQ",647.1,651.95,641.9,650.9,651.5,645.2,2658172,17212.55,"27-Jul-2026",34213,"",""
"786","DLINKINDIA","EQ",456,456.9,445.1,447.65,446,452.2,77120,347.36,"27-Jul-2026",3068,"",""
"787","DMART","EQ",4030,4074.1,4013,4027.7,4019,4018.8,384728,15554.36,"27-Jul-2026",40700,"",""
"788","DMCC","EQ",275.75,279,265.6,271.05,271.7,272.75,29552,80.8,"27-Jul-2026",1100,"",""
"789","DNAMEDIA","EQ",2.68,2.9,2.68,2.83,2.84,2.79,10753,0.3,"27-Jul-2026",71,"",""
"790","DODLA","EQ",1025,1043.9,1019.1,1031.9,1031,1061.2,55675,575.27,"27-Jul-2026",5876,"",""
"791","DOLATALGO","EQ",68.85,69.75,68.2,68.39,68.3,68.76,51681,35.51,"27-Jul-2026",780,"",""
"792","DOLLAR","EQ",260,261.9,257,257.7,257,258,103287,267.93,"27-Jul-2026",5414,"",""
"793","DOLLEX","SM",30.3,30.3,29,29.85,30.25,29.65,12000,3.58,"27-Jul-2026",3,"",""
"794","DOLPHIN","EQ",374,382.65,370,379.15,377.2,376.95,6399,24.21,"27-Jul-2026",465,"",""
"795","DOMS","EQ",2230,2279.7,2230,2263.5,2260,2221,42006,950.88,"27-Jul-2026",3788,"",""
"796","DONEAR","EQ",85,86.98,84.22,86.18,86.27,85.79,9061,7.75,"27-Jul-2026",319,"",""
"797","DPABHUSHAN","EQ",1347.85,1445,1316.25,1412.35,1421,1328.05,96545,1352.15,"27-Jul-2026",9545,"",""
"798","DPEL","SM",572,573.45,565.1,567.95,570,565.8,15500,88.28,"27-Jul-2026",31,"",""
"799","DPSCLTD","BE",7.31,7.32,7.05,7.17,7.2,7.17,62084,4.45,"27-Jul-2026",426,"",""
"800","DPWIRES","BE",165.2,169.99,163,167.86,168,165.18,6372,10.62,"27-Jul-2026",141,"",""
"801","DRAGARWQ","EQ",5021.5,5075,4990,5041.5,5050,5021.5,476,23.95,"27-Jul-2026",171,"",""
"802","DRCSYSTEMS","EQ",13.27,13.69,13.21,13.58,13.61,13.41,24048,3.22,"27-Jul-2026",193,"",""
"803","DREAMFOLKS","EQ",66.4,68.5,66.4,67.54,67,67.03,28055,18.95,"27-Jul-2026",582,"",""
"804","DREDGECORP","EQ",1015,1075.9,1003.2,1064.9,1070,1003.3,219789,2313.84,"27-Jul-2026",15630,"",""
"805","DRONE","ST",40.7,40.7,39.15,40,40,39.9,11000,4.34,"27-Jul-2026",17,"",""
"806","DRREDDY","EQ",1154.7,1159.3,1147.2,1150.8,1151,1151.7,1053461,12135.34,"27-Jul-2026",47835,"",""
"807","DSFCL","BE",27.99,27.99,27.38,27.38,27.38,27.93,25876,7.2,"27-Jul-2026",55,"",""
"808","DSSL","EQ",1270.9,1298.8,1224.1,1231.6,1232.7,1240.6,33482,420.05,"27-Jul-2026",3206,"",""
"809","DTIL","EQ",131.05,135,131.05,131.93,131.95,132.36,3038,4.02,"27-Jul-2026",99,"",""
"810","DUCOL","SM",105.05,105.05,105.05,105.05,105.05,108.9,800,0.84,"27-Jul-2026",1,"",""
"811","DUCON","EQ",3.02,3.05,2.91,3.02,3.04,3.01,190189,5.7,"27-Jul-2026",261,"",""
"812","DUGLOBAL","SM",27,27.7,25.55,25.95,26,26.55,45000,11.76,"27-Jul-2026",17,"",""
"813","DURLAX","SM",50.2,52.2,50.2,51.5,51.5,50.2,18000,9.31,"27-Jul-2026",9,"",""
"814","DVL","EQ",243.97,247.58,240.01,241.21,240.25,243.97,9015,21.85,"27-Jul-2026",345,"",""
"815","DWARKESH","EQ",43.35,43.87,42.4,42.52,42.5,43.31,683323,292.7,"27-Jul-2026",3297,"",""
"816","DYCL","EQ",406,420,401.4,414.9,414.5,402.4,680337,2810.39,"27-Jul-2026",14837,"",""
"817","DYNAMATECH","EQ",10507,10779,10466,10546,10491,10458,13287,1414.93,"27-Jul-2026",4591,"",""
"818","DYNPRO","EQ",234.9,244,230.4,238.21,243.9,231.33,15783,37.27,"27-Jul-2026",449,"",""
"819","E2E","EQ",534,542.5,534,542.5,542.5,516.7,429556,2317.88,"27-Jul-2026",1898,"",""
"820","E2ERAIL","ST",273,275.15,260,275,275,262.05,76000,206.09,"27-Jul-2026",67,"",""
"821","EASEMYTRIP","EQ",6.86,6.91,6.76,6.82,6.8,6.83,11033467,755.8,"27-Jul-2026",6395,"",""
"822","EASTSILK","BE",56.26,56.26,52.44,55,55,55.19,503,0.28,"27-Jul-2026",14,"",""
"823","EBANKNIFTY","EQ",57.89,57.96,57.26,57.43,57.42,57.37,342,0.2,"27-Jul-2026",42,"",""
"824","EBBETF0430","EQ",1598,1614,1598,1609.85,1611,1606.02,12830,206.63,"27-Jul-2026",1610,"",""
"825","EBBETF0431","EQ",1441.28,1442,1437.51,1441.71,1442,1439.92,4759,68.53,"27-Jul-2026",71,"",""
"826","EBBETF0433","EQ",1314.92,1319.99,1311.4,1312.88,1319.99,1310.61,3269,42.99,"27-Jul-2026",116,"",""
"827","EBGNG","EQ",588,595,572,587.3,584.1,572.35,343611,2002.97,"27-Jul-2026",12049,"",""
"828","ECAPINSURE","EQ",23.64,23.97,23.64,23.74,23.9,23.64,202782,48.33,"27-Jul-2026",311,"",""
"829","ECLERX","EQ",1860,1896,1735,1811.7,1805,1861.5,436178,7862.54,"27-Jul-2026",42380,"",""
"830","ECOLINE","ST",192,200,192,196,200,195,13000,25.24,"27-Jul-2026",12,"",""
"831","ECOSMOBLTY","BE",128.6,132.95,127,131.47,132.67,126.9,83532,107.13,"27-Jul-2026",491,"",""
"832","EDELWEISS","EQ",117.99,118.9,115.31,116.91,117.03,117.02,2138758,2499.11,"27-Jul-2026",23361,"",""
"833","EDUCOMP","BZ",0.9,0.95,0.87,0.9,0.88,0.91,37562,0.34,"27-Jul-2026",100,"",""
"834","EEPL","SM",101.6,108,101.6,104.45,105,100.6,29000,30.45,"27-Jul-2026",29,"",""
"835","EFACTOR","SM",174.5,175,174.5,175,175,173.2,8400,14.7,"27-Jul-2026",7,"",""
"836","EFCIL","EQ",197,199.85,195,197.05,198.05,195.3,140108,276.37,"27-Jul-2026",2748,"",""
"837","EFFWA","ST",370.05,383.7,364,379.9,379.9,381.75,12400,46.21,"27-Jul-2026",24,"",""
"838","EFORCE","SM",21.25,21.25,20.3,21,21,21.25,12000,2.49,"27-Jul-2026",10,"",""
"839","EGOLD","EQ",143,144.45,142.7,143.4,143.05,142.55,300098,430.42,"27-Jul-2026",290,"",""
"840","EICHERMOT","EQ",7680,7847,7648,7769.5,7758,7628,367549,28533.35,"27-Jul-2026",36446,"",""
"841","EIDPARRY","EQ",758,774,755.5,771.15,770.8,758,149486,1145.39,"27-Jul-2026",12823,"",""
"842","EIEL","EQ",223.9,224.94,217.49,218.76,219,220.16,646608,1423.94,"27-Jul-2026",10344,"",""
"843","EIFFL","BE",321,327,314,316.25,316,320,3711,11.81,"27-Jul-2026",36,"",""
"844","EIHAHOTELS","EQ",312,320.9,312,316.95,318,310.9,6800,21.56,"27-Jul-2026",579,"",""
"845","EIHOTEL","EQ",327.05,331.75,327.05,330.65,330.9,326.4,98370,324.45,"27-Jul-2026",4438,"",""
"846","EIMCOELECO","EQ",1822.2,1844,1800.1,1829.8,1828.1,1789.2,17827,325.3,"27-Jul-2026",2635,"",""
"847","EKC","EQ",109.6,111.93,109.3,109.79,109.5,108.76,103914,114.46,"27-Jul-2026",1452,"",""
"848","ELANTAS","EQ",9344,9648,9290,9555,9510,9266,720,68.32,"27-Jul-2026",234,"",""
"849","ELCIDIN","EQ",105505,112000,105505,110725,109500,109500,11,12.08,"27-Jul-2026",11,"",""
"850","ELDEHSG","EQ",818,818.4,762.1,774.1,769.95,778.3,1155,9.03,"27-Jul-2026",96,"",""
"851","ELECON","EQ",424,436.85,418.35,423.7,423,421.65,1284270,5463.7,"27-Jul-2026",33590,"",""
"852","ELECTCAST","EQ",72.28,73.64,72,72.14,72.05,72.1,637363,462.8,"27-Jul-2026",6516,"",""
"853","ELECTHERM","EQ",1039,1047,1000,1030.2,1015,1008.2,15666,160.36,"27-Jul-2026",1388,"",""
"854","ELGIEQUIP","EQ",578.25,584.3,575.1,578.85,575.1,577.3,95386,552.6,"27-Jul-2026",8298,"",""
"855","ELGIRUBCO","EQ",56.5,56.9,55.2,56.62,56.8,54.58,22265,12.52,"27-Jul-2026",443,"",""
"856","ELGNZ","SM",107.4,109,101,103.3,102.2,104.75,17000,17.68,"27-Jul-2026",14,"",""
"857","ELIN","EQ",101.5,103.57,100.42,101.41,101.49,101.13,122496,124.25,"27-Jul-2026",1413,"",""
"858","ELIQUID","EQ",1041.04,1041.06,1041.04,1041.05,1041.05,1040.9,19851,206.66,"27-Jul-2026",15,"",""
"859","ELITECON","EQ",15.64,16.2,15.53,15.98,16,15.51,1784679,284.78,"27-Jul-2026",4600,"",""
"860","ELLEN","EQ",287,287,279.2,282.45,281.85,281.2,240990,681.5,"27-Jul-2026",5397,"",""
"861","ELM250","EQ",16.46,16.88,16.45,16.69,16.88,16.38,39273,6.52,"27-Jul-2026",193,"",""
"862","ELPROINTL","EQ",175.43,178.5,174.5,177.89,178.5,176.52,189067,333.35,"27-Jul-2026",1069,"",""
"863","EMAMILTD","EQ",409.8,419.6,406.55,414.1,413.1,407.9,548841,2262.66,"27-Jul-2026",15986,"",""
"864","EMAMIPAP","BE",118.15,120,112.28,112.28,112.28,118.18,71198,80.31,"27-Jul-2026",406,"",""
"865","EMAMIREAL","BE",78,82.25,78,79.84,78.62,79.92,2426,1.92,"27-Jul-2026",42,"",""
"866","EMBASSY","RR",439,445.38,437.06,437.95,438,437.98,765622,3363.65,"27-Jul-2026",30265,"",""
"867","EMBDL","EQ",62,63.1,61.39,62.17,62,61.21,1122374,701.8,"27-Jul-2026",6780,"",""
"868","EMCURE","EQ",1898,1938.6,1882.1,1924.8,1916,1881,253294,4872.07,"27-Jul-2026",23200,"",""
"869","EMIL","EQ",130.95,132.52,125.18,125.67,125.8,129.64,2168808,2761.04,"27-Jul-2026",14001,"",""
"870","EMKAY","EQ",239.5,255.75,234.8,238.05,239.8,239.5,108351,265.89,"27-Jul-2026",3763,"",""
"871","EMKAYTOOLS","SM",92.2,95,90.55,91.05,91.05,91.35,2250,2.07,"27-Jul-2026",10,"",""
"872","EMMBI","BE",87.96,90,86.05,87.45,87.45,87.53,5609,4.92,"27-Jul-2026",47,"",""
"873","EMMIL","SM",123,123,118,119.95,120,121.75,8500,10.22,"27-Jul-2026",29,"",""
"874","EMMVEE","EQ",336,341.4,331.7,333.6,333.65,331,2340536,7866.67,"27-Jul-2026",27939,"",""
"875","EMPOWER","BE",2.39,2.42,2.37,2.4,2.41,2.38,2679426,64.21,"27-Jul-2026",1601,"",""
"876","EMSLIMITED","EQ",406.7,411.95,398.35,401.75,402,403.3,218786,885.5,"27-Jul-2026",6259,"",""
"877","EMUDHRA","EQ",458.75,464.8,452.3,463.15,463.5,455.75,72386,332.23,"27-Jul-2026",3196,"",""
"878","EMULTIMQ","EQ",41.7,41.7,40.8,40.92,41,40.76,16747,6.86,"27-Jul-2026",201,"",""
"879","ENCOMPAS","SM",224.3,238,223.45,230,232,217.1,66800,153.17,"27-Jul-2026",63,"",""
"880","ENDURANCE","EQ",2626.7,2740.1,2616,2732.8,2725,2634,60908,1649.92,"27-Jul-2026",11502,"",""
"881","ENERGY","EQ",39.08,39.45,38.93,39.02,39.01,39.06,137410,53.62,"27-Jul-2026",979,"",""
"882","ENERGYDEV","EQ",17.45,17.7,17.05,17.14,17.1,17.45,9005,1.55,"27-Jul-2026",272,"",""
"883","ENEXT50","EQ",71.77,72.45,71.77,72.45,72.45,71.72,14057,10.17,"27-Jul-2026",9,"",""
"884","ENFUSE","SM",171,171,171,171,171,165,600,1.03,"27-Jul-2026",1,"",""
"885","ENGINERSIN","EQ",226.06,229.95,225.1,226.42,226.67,225.21,837874,1899.63,"27-Jul-2026",15197,"",""
"886","ENIFTY","EQ",24.58,24.58,24.06,24.18,24.22,23.99,1605,0.39,"27-Jul-2026",56,"",""
"887","ENIL","EQ",106.1,107.72,105.61,106.06,106.95,105.63,8037,8.57,"27-Jul-2026",203,"",""
"888","ENRIN","EQ",3260.1,3275,3192,3264.6,3275,3240.2,327391,10606.07,"27-Jul-2026",36446,"",""
"889","ENSER","SM",14.7,14.7,14.45,14.45,14.45,13.65,10000,1.46,"27-Jul-2026",2,"",""
"890","ENTERO","EQ",1244,1277.9,1217,1273.4,1277.9,1229.6,165836,2080.28,"27-Jul-2026",10728,"",""
"891","ENVIRO","SM",77.95,78.4,77.1,77.1,77.1,77.25,6000,4.66,"27-Jul-2026",6,"",""
"892","EPACK","EQ",236.69,237.99,231.04,232.1,232.3,234.57,209862,490.12,"27-Jul-2026",3663,"",""
"893","EPACKPEB","EQ",256,256.8,250,255.19,255.3,251.92,374100,951.08,"27-Jul-2026",7447,"",""
"894","EPIGRAL","EQ",1192.7,1208.9,1111.2,1157,1165,1162.7,649654,7518.75,"27-Jul-2026",49004,"",""
"895","EPL","EQ",232.8,240.07,231.45,239.06,239.38,233.06,231791,550.74,"27-Jul-2026",6643,"",""
"896","EPWINDIA","ST",255.05,257.1,255.05,256.7,256,260,8400,21.55,"27-Jul-2026",5,"",""
"897","EQUAL200","EQ",13.73,13.78,13.72,13.74,13.74,13.63,2298,0.32,"27-Jul-2026",49,"",""
"898","EQUAL50","EQ",330.09,331.96,329.94,331.25,331.22,328.36,5947,19.64,"27-Jul-2026",22,"",""
"899","EQUAL50ADD","EQ",340.83,343.85,340.83,342.93,342.99,339.64,6661,22.78,"27-Jul-2026",302,"",""
"900","EQUIPPP","BE",23.45,25.1,22.88,25.03,25.1,24.01,231519,57.73,"27-Jul-2026",96,"",""
"901","EQUITASBNK","EQ",79.61,80.29,78.61,79,78.75,78.34,2138413,1697.28,"27-Jul-2026",19397,"",""
"902","ERIS","EQ",1399,1414,1386.1,1403.5,1413.2,1400.6,38227,534.73,"27-Jul-2026",11280,"",""
"903","ESABINDIA","EQ",5699,5703.5,5602,5621.5,5608,5649.5,2031,114.48,"27-Jul-2026",963,"",""
"904","ESAFSFB","EQ",39.99,40.2,37.5,38.29,38.16,38.69,4228358,1650.77,"27-Jul-2026",15823,"",""
"905","ESCONET","SM",138,141,129,130.4,132,136.5,18000,24.13,"27-Jul-2026",42,"",""
"906","ESCORTS","EQ",2936.9,2960,2915.4,2954.1,2959.9,2905.1,53545,1576.3,"27-Jul-2026",8474,"",""
"907","ESENSEX","EQ",77.54,77.54,76.7,77.19,77.19,76.72,14180,10.93,"27-Jul-2026",15,"",""
"908","ESFL","SM",140,140,129.75,129.9,129.75,136.55,36360,48.18,"27-Jul-2026",75,"",""
"909","ESG","EQ",41.22,41.48,41.19,41.46,41.47,40.97,11471,4.75,"27-Jul-2026",76,"",""
"910","ESILVER","EQ",222.48,223.07,221.73,222.69,222.9,219.61,402859,897.12,"27-Jul-2026",2392,"",""
"911","ESPRIT","SM",58.25,61,58.25,60,60,57,25600,15.34,"27-Jul-2026",15,"",""
"912","ESSARSHPNG","EQ",20.03,20.6,19.9,20.43,20.6,20.17,160923,32.56,"27-Jul-2026",704,"",""
"913","ESSENTIA","BE",1.11,1.12,1.08,1.08,1.09,1.11,1192688,13.09,"27-Jul-2026",905,"",""
"914","ESTER","EQ",88.53,91.8,88.5,90.89,91.18,88.53,101157,91.4,"27-Jul-2026",1636,"",""
"915","ETERNAL","EQ",281.5,297,281.45,295.85,295.7,280,48012383,140785.85,"27-Jul-2026",242086,"",""
"916","ETHOSLTD","EQ",2562.9,2613.3,2562.9,2578.8,2583,2562.8,10977,284.28,"27-Jul-2026",1929,"",""
"917","ETL","SM",1043,1043,980,990.1,990.1,970,600,5.99,"27-Jul-2026",4,"",""
"918","ETML","SM",84.9,86.05,84,84,84,84.9,46800,39.66,"27-Jul-2026",25,"",""
"919","EUREKAFORB","EQ",439,444,434.5,439.7,439.95,432.15,179826,790.55,"27-Jul-2026",13197,"",""
"920","EUROBOND","EQ",164.02,165.8,157.62,158.99,161,161.61,7746,12.53,"27-Jul-2026",318,"",""
"921","EUROPRATIK","EQ",303.35,318.4,303,314.6,315,301.65,225420,702.72,"27-Jul-2026",5323,"",""
"922","EUROTEXIND","BE",12.26,12.26,12.26,12.26,12.26,12.2,19,0,"27-Jul-2026",2,"",""
"923","EVEREADY","EQ",358.15,364,348.5,349.75,351,357,95130,336.17,"27-Jul-2026",4492,"",""
"924","EVERESTIND","BE",543.4,545,521,540.65,544.95,524.25,21906,117.14,"27-Jul-2026",446,"",""
"925","EVIETF","EQ",32.28,32.28,31.51,32.06,31.51,31.74,122624,39.21,"27-Jul-2026",611,"",""
"926","EVINDIA","EQ",31.1,32.55,31.1,32.02,32,31.9,208198,66.55,"27-Jul-2026",1891,"",""
"927","EXCELINDUS","EQ",940.9,997.95,927,982.15,984.55,932.15,26284,256.04,"27-Jul-2026",2261,"",""
"928","EXCELLENT","ST",215,218,209.25,209.25,209.25,208,16000,34.39,"27-Jul-2026",10,"",""
"929","EXCELSOFT","EQ",74.7,79.63,74.7,77.47,77,74.38,804813,626.74,"27-Jul-2026",6046,"",""
"930","EXICOM","EQ",163.4,166.19,162.5,165.2,165.2,160.3,970983,1598.76,"27-Jul-2026",9737,"",""
"931","EXIDEIND","EQ",443,444.4,423.15,427,429.35,443,5848999,25367.44,"27-Jul-2026",52378,"",""
"932","EXIMROUTES","SM",117,119.7,116.2,116.2,116.2,112,4800,5.64,"27-Jul-2026",6,"",""
"933","EXPLEOSOL","EQ",793,824.95,793,812,814.85,801.55,34009,273.46,"27-Jul-2026",2811,"",""
"934","EXXARO","EQ",6.65,6.89,6.51,6.58,6.55,6.54,472166,31.78,"27-Jul-2026",886,"",""
"935","FABTECH","EQ",149,152.99,145.1,148.9,148.3,149.73,139208,206.99,"27-Jul-2026",3461,"",""
"936","FACT","EQ",819.9,825,812.45,819.55,819.8,809.3,75961,621.88,"27-Jul-2026",6120,"",""
"937","FAIRCHEMOR","BE",768.1,806.5,748.05,806.5,806.5,768.1,141631,1134.93,"27-Jul-2026",1597,"",""
"938","FALCONTECH","SM",11.3,11.7,11.3,11.7,11.7,11.3,2400,0.28,"27-Jul-2026",2,"",""
"939","FAZE3Q","EQ",555.3,562.55,551.5,552.9,555,546.95,5335,29.74,"27-Jul-2026",343,"",""
"940","FCL","EQ",40,40.65,37.2,40.22,40.49,39.59,20485164,8081.34,"27-Jul-2026",38419,"",""
"941","FCONSUMER","BZ",0.27,0.29,0.27,0.27,0.27,0.28,3267712,8.89,"27-Jul-2026",880,"",""
"942","FCSSOFT","EQ",1.59,1.59,1.51,1.52,1.53,1.55,1434925,21.95,"27-Jul-2026",1632,"",""
"943","FDC","EQ",417,419.8,411.6,417.1,417.05,412.95,60671,252.24,"27-Jul-2026",4201,"",""
"944","FEDDERSHOL","EQ",46.99,48.19,43.5,44.64,44.68,45.64,3826671,1722.13,"27-Jul-2026",10968,"",""
"945","FEDERALBNK","EQ",355.05,357.7,354.3,356.5,356.9,354.3,6585012,23440.84,"27-Jul-2026",67540,"",""
"946","FEDFINA","EQ",150,153.25,149.7,150.27,150.52,150.53,683171,1029.59,"27-Jul-2026",8922,"",""
"947","FEL","BZ",0.38,0.38,0.37,0.37,0.38,0.37,123991,0.47,"27-Jul-2026",74,"",""
"948","FELDVR","BZ",2.56,2.56,2.37,2.37,2.37,2.49,1644,0.04,"27-Jul-2026",22,"",""
"949","FELIX","SM",181.9,181.9,176.5,177.6,177.6,178.95,15500,27.71,"27-Jul-2026",24,"",""
"950","FERMENTA","EQ",436.7,448,436.7,442.05,439.6,432.05,122096,540.73,"27-Jul-2026",4456,"",""
"951","FIBERWEB","EQ",30.43,30.8,29.66,30.68,30.68,30.43,20763,6.26,"27-Jul-2026",133,"",""
"952","FICRF3GP","MF",411,411,410,410,410,379,2,0.01,"27-Jul-2026",2,"",""
"953","FIDEL","SM",152,166,150,164,164,152,33000,53.56,"27-Jul-2026",27,"",""
"954","FIEMIND","EQ",2338.1,2423.9,2335.1,2356.6,2348,2331.9,67883,1616.64,"27-Jul-2026",12596,"",""
"955","FILATEX","EQ",74.88,75.88,73.55,74.64,74.24,73.83,3571940,2669.21,"27-Jul-2026",18315,"",""
"956","FILATFASH","BE",0.19,0.19,0.18,0.18,0.19,0.18,35066145,63.64,"27-Jul-2026",2090,"",""
"957","FINBUD","SM",125,126.8,122,124.75,126.8,125.6,14000,17.34,"27-Jul-2026",14,"",""
"958","FINCABLES","EQ",999.9,1015,992.4,998.6,996,998.9,209703,2099.92,"27-Jul-2026",19053,"",""
"959","FINEORG","EQ",4829,4926,4806,4838.5,4806,4828.5,9918,482.36,"27-Jul-2026",3338,"",""
"960","FINIETF","EQ",32.81,32.81,32.09,32.58,32.76,32.01,320452,103.8,"27-Jul-2026",1225,"",""
"961","FINKURVE","EQ",63.9,64.99,60.57,61.52,61.2,62.15,23723,14.69,"27-Jul-2026",472,"",""
"962","FINOPB","EQ",169.89,171.68,165,166.46,165.43,167.06,745288,1250.57,"27-Jul-2026",8254,"",""
"963","FINPIPE","EQ",165,166.85,163.5,163.83,163.6,163.67,290897,479.59,"27-Jul-2026",11272,"",""
"964","FIRSTCRY","EQ",210.5,215,210.1,213.51,213.28,208.3,525785,1121.62,"27-Jul-2026",10461,"",""
"965","FISCHER","EQ",38.58,38.58,37.54,37.7,38,37.94,1922676,732.27,"27-Jul-2026",2527,"",""
"966","FIVESTAR","EQ",540,557.95,538.55,540.25,543,535.2,1366135,7446.43,"27-Jul-2026",56073,"",""
"967","FLAIR","EQ",257,258.6,252.2,256.75,255.5,252.5,90668,231.49,"27-Jul-2026",2995,"",""
"968","FLEXIADD","EQ",10,10.05,10,10.02,10.04,9.92,47419,4.75,"27-Jul-2026",208,"",""
"969","FLEXITUFF","BE",4.58,4.74,4.44,4.62,4.67,4.58,54340,2.47,"27-Jul-2026",86,"",""
"970","FLFL","BZ",1.41,1.41,1.33,1.34,1.34,1.4,35238,0.47,"27-Jul-2026",74,"",""
"971","FLUOROCHEM","EQ",4653.2,4653.2,4521.4,4563.5,4541.8,4573.7,122548,5618.9,"27-Jul-2026",17300,"",""
"972","FLYSBS","SM",473,473,458,462.4,458,466.65,13600,62.81,"27-Jul-2026",43,"",""
"973","FMCGADD","EQ",49.8,49.84,49.55,49.81,49.79,49.25,6305,3.14,"27-Jul-2026",20,"",""
"974","FMCGIETF","EQ",52.98,53.4,52.69,53.18,53.23,52.69,704739,374.66,"27-Jul-2026",2810,"",""
"975","FMGOETZE","EQ",486.05,486.95,478.45,483.75,482,478.85,21821,105.46,"27-Jul-2026",721,"",""
"976","FMNL","BE",9.21,9.36,9.02,9.18,9.19,9.21,10952,1.01,"27-Jul-2026",55,"",""
"977","FOCE","SM",569.05,569.05,569.05,569.05,569.05,599,61440,349.62,"27-Jul-2026",54,"",""
"978","FOCUS","BE",73.7,75.4,69.16,71.66,71.99,72.23,28133,19.89,"27-Jul-2026",199,"",""
"979","FOODSIN","EQ",55.12,56.5,52.91,53.63,53.57,55.05,136697,73.53,"27-Jul-2026",3339,"",""
"980","FORCAS","ST",175,181.15,175,181.1,181.15,172.55,56000,100.22,"27-Jul-2026",33,"",""
"981","FORCEMOT","EQ",17809,17860,17240,17268,17289,17620,113614,19775.86,"27-Jul-2026",32245,"",""
"982","FORGEAUTO","SM",81,85,81,85,85,84.3,2400,1.99,"27-Jul-2026",2,"",""
"983","FORTIS","EQ",958,958.6,939.9,942.3,943,948.7,1227263,11598.02,"27-Jul-2026",33284,"",""
"984","FOSECOIND","EQ",5079,5118,5022,5036.5,5026,5048,1230,62.22,"27-Jul-2026",298,"",""
"985","FRACTAL","EQ",791.05,811.05,772.85,809.3,810.5,786.75,638751,5095.84,"27-Jul-2026",38255,"",""
"986","FRESHARA","SM",339.5,374,339,349.95,357,337.55,182400,648.57,"27-Jul-2026",230,"",""
"987","FROG","ST",207.2,215.6,207.2,213.5,213.5,211.4,18800,40.27,"27-Jul-2026",31,"",""
"988","FRONTSP","EQ",1349.9,1446.4,1336.4,1380.8,1373,1328.8,27004,376.25,"27-Jul-2026",4105,"",""
"989","FSL","EQ",256,264.13,255.77,262.23,262,253.58,1162441,3040.08,"27-Jul-2026",30406,"",""
"990","FUSION","EQ",218,228.5,218,220.7,220.39,216.48,554472,1240.15,"27-Jul-2026",9293,"",""
"991","FWSTC","SM",205,205,200,200,200,200,63000,126.13,"27-Jul-2026",36,"",""
"992","GABRIEL","EQ",1370.1,1449,1369,1437.8,1442,1363.5,662635,9404.65,"27-Jul-2026",37761,"",""
"993","GAEL","EQ",153.69,158.98,150.2,157.31,156.65,151.64,3107123,4840.16,"27-Jul-2026",39111,"",""
"994","GAIL","EQ",170.11,174.89,170.11,174.23,173.91,170.02,10641180,18431.73,"27-Jul-2026",102454,"",""
"995","GAJANAND","SM",8.15,8.15,8.15,8.15,8.15,8.6,3000,0.24,"27-Jul-2026",1,"",""
"996","GALAPREC","EQ",1151.9,1192,1147.2,1164.2,1161,1146.3,33678,394.09,"27-Jul-2026",3817,"",""
"997","GALAXYSURF","EQ",1952.9,1985.9,1934.2,1962.8,1968.9,1945,6391,124.98,"27-Jul-2026",1275,"",""
"998","GALLANTT","EQ",522.1,547.25,522,547.25,547.25,521.2,176732,959.5,"27-Jul-2026",4111,"",""
"999","GANDHAR","EQ",279,279,231,245.47,246.8,282.46,20541880,50704.31,"27-Jul-2026",184521,"",""
"1000","GANDHITUBE","EQ",877.4,883.95,870.05,875.85,875.1,868,4803,42.15,"27-Jul-2026",314,"",""
"1001","GANECOS","EQ",1212,1243,1195,1212.1,1217,1209.4,132037,1602.6,"27-Jul-2026",8930,"",""
"1002","GANESHBE","EQ",113.18,114.9,110.56,112.35,112.1,111.41,517305,582.96,"27-Jul-2026",5493,"",""
"1003","GANESHCP","EQ",173.7,174.58,168.1,169.9,169.9,171.84,32572,55.85,"27-Jul-2026",987,"",""
"1004","GANESHHOU","EQ",810,852,796.05,819.85,823.95,799.4,89342,739.22,"27-Jul-2026",6353,"",""
"1005","GANESHIN","ST",93.75,101.8,92.65,92.65,92.65,97.5,56800,53.79,"27-Jul-2026",56,"",""
"1006","GANGABATH","SM",21.65,22.3,21.4,21.95,21.95,21.55,18000,3.93,"27-Jul-2026",5,"",""
"1007","GANGAFORGE","BE",1.59,1.72,1.59,1.68,1.71,1.67,13472825,223.24,"27-Jul-2026",888,"",""
"1008","GANGESSECU","EQ",118.07,118.07,116,116.75,116,116.24,39,0.05,"27-Jul-2026",8,"",""
"1009","GARFIBRES","EQ",751.4,760,747.5,753,754,748.45,23157,174.19,"27-Jul-2026",2537,"",""
"1010","GARUDA","EQ",176.54,178,171.77,172.34,171.99,174.69,239612,416.37,"27-Jul-2026",3502,"",""
"1011","GATECH","EQ",0.48,0.53,0.48,0.49,0.49,0.48,11410406,57.63,"27-Jul-2026",1041,"",""
"1012","GATECHDVR","EQ",0.45,0.46,0.44,0.44,0.44,0.43,456472,2.04,"27-Jul-2026",155,"",""
"1013","GATEWAY","EQ",57.05,59,56.71,58.5,58.46,56.38,1423107,829.99,"27-Jul-2026",9362,"",""
"1014","GAUDIUMIVF","BE",148.87,148.87,148.87,148.87,148.87,151.9,13165,19.6,"27-Jul-2026",218,"",""
"1015","GAYAHWS","EQ",1.92,1.92,1.85,1.88,1.88,1.88,126331,2.38,"27-Jul-2026",256,"",""
"1016","GAYAPROJ","BE",21.1,21.1,20,20.21,20.4,20.73,299650,61.14,"27-Jul-2026",1223,"",""
"1017","GCHOTELS","ST",116,116.9,110.2,113.1,113.1,116,19800,22.21,"27-Jul-2026",30,"",""
"1018","GCSL","EQ",534,538.7,528.25,531.1,530,531,375553,2002.58,"27-Jul-2026",3972,"",""
"1019","GEECEE","BE",342.7,344,340.2,340.9,340.2,334.15,1005,3.43,"27-Jul-2026",17,"",""
"1020","GEEKAYWIRE","EQ",23.85,24.74,23.51,23.91,24.15,23.79,82660,19.87,"27-Jul-2026",1376,"",""
"1021","GEMAROMA","EQ",181.1,191.5,181.1,189.37,191.44,178.1,179131,334.61,"27-Jul-2026",3669,"",""
"1022","GENCON","EQ",40.5,40.99,40.01,40.46,40.01,40.52,266584,107.73,"27-Jul-2026",1629,"",""
"1023","GENESYS","EQ",305,306.3,297.3,300.55,301,297.7,147856,444.84,"27-Jul-2026",4583,"",""
"1024","GENSOL","BZ",17.44,17.44,17.44,17.44,17.44,18.35,82755,14.43,"27-Jul-2026",349,"",""
"1025","GENUSPAPER","EQ",12.13,12.65,12.12,12.59,12.44,11.92,139558,17.39,"27-Jul-2026",644,"",""
"1026","GENUSPOWER","EQ",317.8,329,314.2,322,322.5,315.6,5483067,17615.32,"27-Jul-2026",70784,"",""
"1027","GENXAI","SM",71.45,74.8,70.05,74.65,74.5,70.7,43200,31.52,"27-Jul-2026",33,"",""
"1028","GEOJITFSL","EQ",76.19,77.98,75,75.16,75.48,76.15,251893,192.08,"27-Jul-2026",2487,"",""
"1029","GESHIP","EQ",1439,1440,1386.3,1398.6,1390,1437.9,488878,6851.68,"27-Jul-2026",33013,"",""
"1030","GFLLIMITED","EQ",46.7,47.35,46,46.95,47.1,45.95,44432,20.72,"27-Jul-2026",1011,"",""
"1031","GGBL","SM",263.25,269,263.25,263.65,264,262.8,21600,57.39,"27-Jul-2026",69,"",""
"1032","GHCL","EQ",437,442.3,435.55,438.6,437.05,436.2,249684,1096.24,"27-Jul-2026",3835,"",""
"1033","GHCLTEXTIL","EQ",117,120.9,116,116.15,116.2,115.82,938372,1110.6,"27-Jul-2026",12394,"",""
"1034","GICHSGFIN","EQ",147.25,149.8,146.55,148.26,148.49,146.87,80520,118.75,"27-Jul-2026",2137,"",""
"1035","GICL","EQ",16.8,17,16,16.23,16.03,16.72,125394,20.47,"27-Jul-2026",560,"",""
"1036","GICRE","EQ",358.3,360.6,357.1,359.2,358.95,357.5,314450,1127.41,"27-Jul-2026",21141,"",""
"1037","GILLANDERS","EQ",89.86,89.86,88,88.14,88.14,87.98,287,0.25,"27-Jul-2026",10,"",""
"1038","GILLETTE","EQ",7850,8100,7829,7940.5,7943,7828.5,15054,1194.29,"27-Jul-2026",5124,"",""
"1039","GILT10BETA","EQ",26.82,26.82,26.32,26.32,26.32,26.69,49,0.01,"27-Jul-2026",8,"",""
"1040","GILT5BETA","EQ",66.67,66.72,65.48,65.64,65.51,66.67,855,0.57,"27-Jul-2026",17,"",""
"1041","GILT5YBEES","EQ",64.56,66.28,64.56,66.03,66.05,65.88,87250,57.6,"27-Jul-2026",507,"",""
"1042","GINNIFILA","BE",47.1,49.3,47.1,48.98,49.19,47.06,40623,19.58,"27-Jul-2026",189,"",""
"1043","GIPCL","EQ",162,163.66,160.29,162.58,162.61,157.23,296739,481.63,"27-Jul-2026",4944,"",""
"1044","GIRIRAJ","SM",89.95,89.95,81.5,81.5,81.5,85.75,7000,5.89,"27-Jul-2026",22,"",""
"1045","GJL","ST",162,162,154.5,154.55,154.55,160,10400,16.13,"27-Jul-2026",8,"",""
"1046","GKENERGY","EQ",137.48,138.69,135.61,136.69,136.7,136.14,305846,419.12,"27-Jul-2026",3953,"",""
"1047","GKSL","EQ",130.12,130.12,126.71,127.39,127.1,128.2,306451,390.44,"27-Jul-2026",1881,"",""
"1048","GKWLIMITED","EQ",1640.7,1675,1600,1609.6,1608,1640.7,1299,21.03,"27-Jul-2026",131,"",""
"1049","GLAND","EQ",2381.3,2430.1,2376.1,2427.1,2430,2379.8,300623,7240.55,"27-Jul-2026",21028,"",""
"1050","GLAXO","EQ",2524,2563.8,2494.1,2551.2,2550.5,2514.3,67921,1722.81,"27-Jul-2026",12374,"",""
"1051","GLENMARK","EQ",2218,2220,2183.1,2196,2199,2192,593586,13063.01,"27-Jul-2026",21803,"",""
"1052","GLFL","BE",4.99,5.26,4.99,5.26,5.26,5.01,4453,0.22,"27-Jul-2026",7,"",""
"1053","GLOBAL","EQ",101.99,105.32,101.07,103.99,104.2,101.99,69063,71.52,"27-Jul-2026",462,"",""
"1054","GLOBALE","BE",10.5,10.99,10.36,10.97,10.99,10.9,6398,0.67,"27-Jul-2026",25,"",""
"1055","GLOBALVECT","EQ",150.01,173.5,150.01,159.71,159.88,148.95,113359,186.93,"27-Jul-2026",2445,"",""
"1056","GLOBE","EQ",2.12,2.16,2.12,2.15,2.15,2.14,111925,2.41,"27-Jul-2026",141,"",""
"1057","GLOBECIVIL","EQ",40.7,41.5,39.61,40.15,40.49,39.25,48971,19.87,"27-Jul-2026",568,"",""
"1058","GLOBUSSPR","EQ",880.45,897.6,880.45,889.45,891.65,880.45,74494,663.14,"27-Jul-2026",4073,"",""
"1059","GLOSTERLTD","EQ",671.2,683.85,659.35,677.75,676,683.65,1928,12.92,"27-Jul-2026",169,"",""
"1060","GLOTTIS","BE",65.65,67.4,63.4,66.67,66.99,66.73,76009,50.17,"27-Jul-2026",414,"",""
"1061","GMBREW","EQ",913.95,913.95,897,905.6,897,904.45,14741,133.71,"27-Jul-2026",1629,"",""
"1062","GMDCLTD","EQ",565,568,560.1,562.15,562,562.55,472075,2662.07,"27-Jul-2026",14936,"",""
"1063","GMMPFAUDLR","EQ",816,837.7,812.05,830.75,826.1,808.05,106321,877.15,"27-Jul-2026",6695,"",""
"1064","GMRAIRPORT","EQ",107.8,108.7,107,108,107.99,107.12,10608220,11423.58,"27-Jul-2026",27930,"",""
"1065","GMRP&UI","EQ",98.17,98.9,97.52,97.62,97.7,97.59,243530,238.69,"27-Jul-2026",2455,"",""
"1066","GNA","EQ",515,523.9,507.85,511.85,512.2,507,212597,1094.49,"27-Jul-2026",7133,"",""
"1067","GNFC","EQ",506,515,506,513.95,514,503.05,203336,1040.91,"27-Jul-2026",9919,"",""
"1068","GNRL","EQ",92.95,93.75,91.65,92.09,92.85,92.53,53339,49.35,"27-Jul-2026",953,"",""
"1069","GOACARBON","EQ",378.8,381.8,374,376.35,374.35,375.65,13395,50.59,"27-Jul-2026",535,"",""
"1070","GOCLCORP","EQ",397.05,404.2,394.8,395.95,395.15,396.55,59703,237.74,"27-Jul-2026",2083,"",""
"1071","GOCOLORS","EQ",332.45,333,327.55,329.4,328.7,324.15,92615,305.27,"27-Jul-2026",2184,"",""
"1072","GODAVARIB","EQ",279.45,283.85,272.8,273.9,274,278.9,58628,162.45,"27-Jul-2026",2202,"",""
"1073","GODFRYPHLP","EQ",2144.9,2248.2,2121.2,2210.5,2215.4,2129.6,1459627,32189.09,"27-Jul-2026",82645,"",""
"1074","GODIGIT","EQ",256.35,258.85,247.35,254.8,254.9,256.2,2772521,7034.8,"27-Jul-2026",50654,"",""
"1075","GODREJAGRO","EQ",579.5,583,573,574.35,574.6,573.6,85033,489.96,"27-Jul-2026",6069,"",""
"1076","GODREJCP","EQ",1065,1075,1061.1,1073.7,1075,1059.5,318835,3411.62,"27-Jul-2026",15063,"",""
"1077","GODREJIND","EQ",1332.2,1352.5,1328,1332.9,1336.4,1332.2,57846,775.12,"27-Jul-2026",7920,"",""
"1078","GODREJPROP","EQ",2050.6,2086.5,2025.1,2078.8,2075,2028.7,732918,15046.52,"27-Jul-2026",40739,"",""
"1079","GOKEX","EQ",831,844,822.15,834.25,832,830.5,168409,1407.22,"27-Jul-2026",8582,"",""
"1080","GOKUL","EQ",39.2,40.49,39.2,39.61,40.48,39.28,131018,52.17,"27-Jul-2026",451,"",""
"1081","GOKULAGRO","EQ",213.94,215.26,209.65,211.55,212.04,209.93,213114,451.86,"27-Jul-2026",4809,"",""
"1082","GOLD1","EQ",119.2,119.93,119.2,119.7,119.75,118.72,1066147,1276.2,"27-Jul-2026",6729,"",""
"1083","GOLD360","EQ",141.2,141.2,139.7,139.85,140.1,139.3,5810,8.15,"27-Jul-2026",211,"",""
"1084","GOLDADD","EQ",139.15,139.7,139.15,139.37,139.53,138.61,146489,204.23,"27-Jul-2026",4721,"",""
"1085","GOLDAXIS","EQ",120.06,120.06,119.14,119.57,119.58,118.7,328210,392.25,"27-Jul-2026",2826,"",""
"1086","GOLDBEES","EQ",118.53,118.91,118.31,118.62,118.62,117.91,19438238,23068.9,"27-Jul-2026",76515,"",""
"1087","GOLDBETA","EQ",120.05,121.9,120.05,120.75,120.75,120.05,316135,381.72,"27-Jul-2026",2395,"",""
"1088","GOLDBND","EQ",143.2,144.41,142.91,143.05,143.03,142.5,10088,14.45,"27-Jul-2026",192,"",""
"1089","GOLDCASE","EQ",23,23,22.48,22.56,22.57,22.44,7013840,1583.79,"27-Jul-2026",10750,"",""
"1090","GOLDENTOBC","BZ",22.91,24.99,22.91,24.77,24.76,24.03,7588,1.77,"27-Jul-2026",60,"",""
"1091","GOLDETF","EQ",139.3,140,139.13,139.4,139.35,138.89,2733670,3815.89,"27-Jul-2026",5736,"",""
"1092","GOLDIAM","EQ",352.15,358.5,352.15,355.75,357.25,349.5,603390,2142.94,"27-Jul-2026",11909,"",""
"1093","GOLDIETF","EQ",123.32,124,122.3,122.93,123.05,122.05,8981818,11053.02,"27-Jul-2026",40966,"",""
"1094","GOLDKART","SM",128.25,128.25,128.25,128.25,128.25,135,1250,1.6,"27-Jul-2026",1,"",""
"1095","GOLDSTAR","SM",7.1,7.1,7.1,7.1,7.1,6.85,22500,1.6,"27-Jul-2026",2,"",""
"1096","GOLDTECH","BE",59.3,59.3,56.5,57.15,57.4,58.72,28885,16.54,"27-Jul-2026",136,"",""
"1097","GOODLUCK","EQ",1528.8,1547.8,1505.1,1527.6,1531.5,1511.6,74674,1140.62,"27-Jul-2026",7734,"",""
"1098","GOODYEAR","EQ",813,827.45,813,818.3,819.8,822.85,10402,85.13,"27-Jul-2026",927,"",""
"1099","GOPAL","EQ",265,265.05,259.25,260.15,261.4,258.25,161299,421.2,"27-Jul-2026",7702,"",""
"1100","GOYALALUM","EQ",6.54,6.64,6.41,6.46,6.5,6.54,59781,3.9,"27-Jul-2026",337,"",""
"1101","GOYALSALT","SM",115,115,114.05,114.05,114.05,114,1200,1.37,"27-Jul-2026",2,"",""
"1102","GPECO","ST",427.95,435,427.95,430.5,430,421.05,11000,47.51,"27-Jul-2026",44,"",""
"1103","GPIL","EQ",235.05,238.9,230.55,237.75,238.25,240.15,2618820,6140.96,"27-Jul-2026",34958,"",""
"1104","GPPL","EQ",150.12,151.86,147.74,148.31,148,149.23,1639150,2447.73,"27-Jul-2026",14231,"",""
"1105","GPTHEALTH","EQ",159.95,167,159.31,165.99,166.5,159.64,485454,795.62,"27-Jul-2026",7718,"",""
"1106","GPTINFRA","EQ",118.4,123.93,117.31,120.9,123,116.41,354437,428.16,"27-Jul-2026",6227,"",""
"1107","GRADIENTE","BE",2.64,2.77,2.6,2.77,2.77,2.64,157240,4.31,"27-Jul-2026",158,"",""
"1108","GRANDOAK","EQ",37.5,39.35,35.77,39.17,39.35,37.48,5970,2.29,"27-Jul-2026",88,"",""
"1109","GRANULES","EQ",839.95,852.25,824.4,842.8,842.85,833.55,917482,7697.53,"27-Jul-2026",30634,"",""
"1110","GRAPHISAD","SM",28.6,29,28.5,29,29,29,6000,1.72,"27-Jul-2026",5,"",""
"1111","GRAPHITE","EQ",675.8,675.8,655.5,662.65,660.2,672.75,731066,4866.44,"27-Jul-2026",18224,"",""
"1112","GRASIM","EQ",3100,3120,3086.1,3112.4,3120,3089.4,266078,8246.35,"27-Jul-2026",20701,"",""
"1113","GRAUWEIL","EQ",75.07,75.89,74.91,75.32,74.99,73.97,61669,46.37,"27-Jul-2026",825,"",""
"1114","GRAVISSHO","EQ",30.8,30.8,29.1,29.45,29.2,30.55,2818,0.83,"27-Jul-2026",22,"",""
"1115","GRAVITA","EQ",1800,1807,1772.6,1788.8,1789.5,1775.7,135647,2427.32,"27-Jul-2026",13986,"",""
"1116","GRCL","ST",585,585,585,585,585,596,250,1.46,"27-Jul-2026",1,"",""
"1117","GREAVESCOT","EQ",247.1,251.92,244.2,245.99,246.2,246.32,1108107,2740.89,"27-Jul-2026",20579,"",""
"1118","GREENLAM","EQ",256,264.95,253.25,256.3,253.5,256,183172,475.19,"27-Jul-2026",4813,"",""
"1119","GREENLEAF","ST",110.15,110.25,109.9,110.25,110.25,105,8000,8.82,"27-Jul-2026",8,"",""
"1120","GREENPANEL","EQ",193.31,197.19,191.1,191.86,191.3,194.24,104048,200.7,"27-Jul-2026",6144,"",""
"1121","GREENPLY","EQ",301.1,303.35,291.6,294.75,294,298.15,364020,1078.32,"27-Jul-2026",8929,"",""
"1122","GREENPOWER","EQ",10.12,10.12,9.97,9.99,10,10.03,1353212,135.66,"27-Jul-2026",3368,"",""
"1123","GRINDWELL","EQ",2017.7,2028,1951,2014.6,2015,2011.6,54759,1091.42,"27-Jul-2026",9083,"",""
"1124","GRINFRA","EQ",878,883.55,872.5,877.45,875,869.85,6380,55.99,"27-Jul-2026",748,"",""
"1125","GRMOVER","EQ",91.6,92.27,89.85,90.12,90.01,90.2,340972,308.58,"27-Jul-2026",4244,"",""
"1126","GROBTEA","EQ",900,900,899.95,899.95,900,899.8,5,0.04,"27-Jul-2026",3,"",""
"1127","GROWW","EQ",203.1,203.99,198.5,199.38,199.3,202.15,25644994,51526.92,"27-Jul-2026",128774,"",""
"1128","GROWWCAPM","EQ",11.46,11.46,11.11,11.2,11.25,11.19,464006,51.94,"27-Jul-2026",841,"",""
"1129","GROWWCHEM","EQ",30.11,30.5,30.02,30.36,30.5,30.01,70263,21.35,"27-Jul-2026",305,"",""
"1130","GROWWDEFNC","EQ",93.98,94.56,93.1,94.3,94,93.47,150653,141.66,"27-Jul-2026",2749,"",""
"1131","GROWWEV","EQ",32.03,32.07,31.59,31.94,31.61,31.64,431242,137.39,"27-Jul-2026",2233,"",""
"1132","GROWWGOLD","EQ",14.01,14.06,13.99,14.02,14.03,13.93,1210717,169.85,"27-Jul-2026",3784,"",""
"1133","GROWWHOSPI","EQ",53.99,54.24,53.48,54.12,53.9,53.52,342069,184.46,"27-Jul-2026",835,"",""
"1134","GROWWLIQID","EQ",109.52,110.09,109.52,110.08,110.08,110.07,629260,692.7,"27-Jul-2026",330,"",""
"1135","GROWWLOVOL","EQ",10.49,10.52,10.25,10.5,10.5,10.35,12655,1.33,"27-Jul-2026",134,"",""
"1136","GROWWMC150","EQ",229.42,230.87,228.59,228.96,228.96,227.37,498,1.14,"27-Jul-2026",33,"",""
"1137","GROWWMETAL","EQ",11.6,12.08,11.6,11.86,11.85,11.84,409907,48.81,"27-Jul-2026",2681,"",""
"1138","GROWWMOM50","EQ",10.7,10.7,10.53,10.62,10.64,10.53,54643,5.79,"27-Jul-2026",505,"",""
"1139","GROWWN200","EQ",11.23,11.39,11.23,11.32,11.25,11.23,79025,8.94,"27-Jul-2026",281,"",""
"1140","GROWWNET","EQ",9.64,9.88,9.56,9.84,9.87,9.64,266755,26.16,"27-Jul-2026",579,"",""
"1141","GROWWNIFTY","EQ",9.36,9.76,9.36,9.69,9.7,9.61,426495,41.31,"27-Jul-2026",3972,"",""
"1142","GROWWNXT50","EQ",72.72,73.12,72.3,73,73.12,72.22,2681,1.95,"27-Jul-2026",126,"",""
"1143","GROWWPOWER","EQ",11.84,11.84,11.64,11.73,11.73,11.67,1056177,123.52,"27-Jul-2026",2240,"",""
"1144","GROWWPSE","EQ",100,100.8,99.65,99.91,100.1,100.06,1521,1.52,"27-Jul-2026",56,"",""
"1145","GROWWPSUBK","EQ",84.3,84.94,83.07,83.98,83.58,84.05,6047,5.09,"27-Jul-2026",141,"",""
"1146","GROWWRAIL","EQ",29.1,29.1,28.66,28.81,28.9,28.63,584116,168.57,"27-Jul-2026",2349,"",""
"1147","GROWWRLTY","EQ",9.88,10.2,9.88,10.12,10.1,9.88,322807,32.5,"27-Jul-2026",595,"",""
"1148","GROWWSC250","EQ",10.22,10.35,10.19,10.24,10.28,10.17,305117,31.44,"27-Jul-2026",602,"",""
"1149","GROWWSLVR","EQ",21.83,21.91,21.76,21.81,21.86,21.59,845133,184.57,"27-Jul-2026",2362,"",""
"1150","GRPLTD","EQ",2066.9,2067.3,1994,2021.1,2025,2007.5,3328,67.34,"27-Jul-2026",494,"",""
"1151","GRSE","EQ",2579.3,2659,2570,2647.5,2628,2565.8,479760,12614.48,"27-Jul-2026",30774,"",""
"1152","GRWRHITECH","EQ",6975,7199,6970,7160,7180,6903,76292,5416.09,"27-Jul-2026",10790,"",""
"1153","GSEC10ABSL","EQ",111.6,112.74,111.6,112.74,112.74,113.3,10,0.01,"27-Jul-2026",4,"",""
"1154","GSEC10IETF","EQ",264.87,265.5,262.46,265.45,265.45,262.25,1162,3.08,"27-Jul-2026",9,"",""
"1155","GSEC10YEAR","EQ",30.44,30.6,30.23,30.6,30.6,30.44,13859,4.21,"27-Jul-2026",35,"",""
"1156","GSEC5IETF","EQ",66.67,66.67,65.35,66.19,66.2,66.15,19186,12.62,"27-Jul-2026",39,"",""
"1157","GSFC","EQ",156.25,162.19,156.25,160.08,159.8,154.56,933160,1492.96,"27-Jul-2026",17562,"",""
"1158","GSLSU","EQ",29.41,29.41,28.85,29.41,29.41,28.01,43770,12.87,"27-Jul-2026",80,"",""
"1159","GSMFOILS","SM",279,293.85,265,271.55,270.85,277.5,140500,388.87,"27-Jul-2026",242,"",""
"1160","GSPCROP","EQ",527.6,562,521.1,556.6,562,530.5,345999,1884.74,"27-Jul-2026",8396,"",""
"1161","GSS","EQ",11.8,12.31,11.8,11.89,11.86,12.11,61537,7.36,"27-Jul-2026",180,"",""
"1162","GSTL","SM",17.25,17.4,17.15,17.4,17.4,18.05,10000,1.73,"27-Jul-2026",9,"",""
"1163","GTECJAINX","BE",28.64,28.65,28.64,28.64,28.64,28.64,2654,0.76,"27-Jul-2026",23,"",""
"1164","GTL","EQ",7.17,7.8,7.17,7.36,7.44,7.17,531793,40.16,"27-Jul-2026",1176,"",""
"1165","GTLINFRA","EQ",1.24,1.25,1.22,1.22,1.22,1.22,25214557,309.73,"27-Jul-2026",10889,"",""
"1166","GTPL","EQ",61.6,61.94,59.11,59.86,59.6,60.68,46906,28.15,"27-Jul-2026",895,"",""
"1167","GUFICBIO","EQ",384,386.5,377.6,382.25,383.35,378.85,48311,185.27,"27-Jul-2026",1785,"",""
"1168","GUJALKALI","EQ",672.5,701,672.5,694.1,693,674.8,328088,2266.74,"27-Jul-2026",11529,"",""
"1169","GUJAPOLLO","EQ",374,374,356.05,359.2,359,364.35,13651,49.62,"27-Jul-2026",2027,"",""
"1170","GUJENERGY","EQ",266.45,267.75,262.5,265.55,265,265.45,626631,1661.11,"27-Jul-2026",36628,"",""
"1171","GUJRAFFIA","EQ",40.5,40.5,39.01,39.01,39.01,40.56,229,0.09,"27-Jul-2026",13,"",""
"1172","GUJTHEM","EQ",360.5,369.9,355.9,360.75,363.9,360.5,33813,122.5,"27-Jul-2026",1412,"",""
"1173","GULFOILLUB","EQ",1028.4,1059,1020.9,1048.2,1049.2,1015.7,89310,935.92,"27-Jul-2026",11316,"",""
"1174","GULFPETRO","BE",45.44,45.44,45.44,45.44,45.44,43.28,193586,87.97,"27-Jul-2026",302,"",""
"1175","GULPOLY","EQ",196.6,199.4,190.81,197.74,199,195.12,468199,917.26,"27-Jul-2026",6111,"",""
"1176","GURUNANAK","ST",37.2,37.2,37.05,37.05,37.05,38.95,3200,1.19,"27-Jul-2026",2,"",""
"1177","GVKPIL","BE",2.43,2.45,2.39,2.39,2.41,2.43,804849,19.37,"27-Jul-2026",915,"",""
"1178","GVPIL","EQ",805,815.55,777.6,779.85,781,800.7,134857,1062.31,"27-Jul-2026",6207,"",""
"1179","GVPTECH","EQ",6.85,7.3,6.65,6.97,6.98,6.75,161096,11.3,"27-Jul-2026",658,"",""
"1180","GVT&D","EQ",4215,4338.4,4135,4202.3,4213.2,4157.4,1316155,55924.48,"27-Jul-2026",113540,"",""
"1181","GYFTR","EQ",151.97,152.27,145,148.63,147.8,149.51,36262,53.57,"27-Jul-2026",750,"",""
"1182","HAL","EQ",4582,4644.8,4577,4619,4618,4573.4,694103,32059.2,"27-Jul-2026",50205,"",""
"1183","HALDER","EQ",234.54,238.02,231.03,233.71,234.99,234.54,29160,68.65,"27-Jul-2026",392,"",""
"1184","HALDYNGL","BE",120.92,121,118,120.45,121,118.96,3394,4.08,"27-Jul-2026",65,"",""
"1185","HALEOSLABS","EQ",1548.2,1597.9,1531,1535.6,1535,1538.4,665,10.27,"27-Jul-2026",156,"",""
"1186","HAPPSTMNDS","EQ",378,388.95,377.15,387.7,388,372.55,1510349,5826.6,"27-Jul-2026",41036,"",""
"1187","HAPPY","ST",60.25,63.85,60.25,63.85,63.85,62.25,22000,13.58,"27-Jul-2026",11,"",""
"1188","HAPPYFORGE","EQ",1650,1661,1626.1,1650.7,1661,1615.5,69759,1146.47,"27-Jul-2026",7924,"",""
"1189","HARDWYN","EQ",16.08,16.49,15.48,15.59,15.5,15.82,4082237,646.52,"27-Jul-2026",7272,"",""
"1190","HARIOMPIPE","EQ",395,398.85,391.8,395,395,391.8,95228,375.62,"27-Jul-2026",3516,"",""
"1191","HARRMALAYA","EQ",219,219,214.1,214.89,214.1,216.96,7481,16.24,"27-Jul-2026",306,"",""
"1192","HARSHA","EQ",411,414.4,402.4,405.75,405.9,405.65,148943,606.81,"27-Jul-2026",6356,"",""
"1193","HATHWAY","EQ",10.9,10.93,10.81,10.88,10.9,10.76,957666,104.06,"27-Jul-2026",1676,"",""
"1194","HATSUN","EQ",900,900,868.1,874.65,882.9,886.85,53203,464.71,"27-Jul-2026",4786,"",""
"1195","HAVELLS","EQ",1235,1246.9,1230,1237.4,1238.8,1226.9,828132,10245.91,"27-Jul-2026",24010,"",""
"1196","HAVISHA","EQ",1.25,1.25,1.2,1.21,1.21,1.23,22781,0.28,"27-Jul-2026",65,"",""
"1197","HAWKINCOOK","EQ",8814.5,8942.5,8790,8894.5,8800,8704,2418,214.3,"27-Jul-2026",759,"",""
"1198","HBESD","EQ",77.99,77.99,73.51,75.33,75.5,74.01,1843,1.4,"27-Jul-2026",34,"",""
"1199","HBLENGINE","EQ",701.1,715.8,701.05,713.75,713,698.6,657729,4672.78,"27-Jul-2026",20438,"",""
"1200","HBSL","BE",50.96,50.96,47.76,48.22,49.3,49.56,1987,0.96,"27-Jul-2026",37,"",""
"1201","HCC","EQ",21.6,22.03,21.56,21.73,21.89,21.43,16327008,3557.66,"27-Jul-2026",18274,"",""
"1202","HCG","EQ",661.6,683,661.6,676.95,683,666.55,148812,1006.25,"27-Jul-2026",15413,"",""
"1203","HCL-INSYS","EQ",11.4,11.62,11.31,11.49,11.51,11.34,139383,15.95,"27-Jul-2026",739,"",""
"1204","HCLTECH","EQ",1284.6,1303,1277.3,1295.9,1294.9,1271,3847049,49846.99,"27-Jul-2026",100035,"",""
"1205","HDBFS","EQ",695,698.95,684.95,686.3,685.8,691.5,306980,2120.48,"27-Jul-2026",26557,"",""
"1206","HDFCAMC","EQ",2515.9,2558,2515.9,2552.4,2553,2505.7,554072,14116.94,"27-Jul-2026",32831,"",""
"1207","HDFCBANK","EQ",746.1,747.95,738.1,739.55,740.25,742.8,29678752,219884.22,"27-Jul-2026",333807,"",""
"1208","HDFCBSE500","EQ",37.01,37.74,37.01,37.29,37.72,37,250311,93.31,"27-Jul-2026",231,"",""
"1209","HDFCGOLD","EQ",123,123,122.03,122.57,122.66,121.79,1946565,2385.49,"27-Jul-2026",9653,"",""
"1210","HDFCGROWTH","EQ",115.89,118.27,115.89,117.96,117.7,115.89,55525,65.27,"27-Jul-2026",376,"",""
"1211","HDFCLIFE","EQ",555.95,558.25,550.9,552.85,552.6,555.05,1368559,7571.7,"27-Jul-2026",29867,"",""
"1212","HDFCLIQUID","EQ",1073.55,1073.55,1071.04,1071.05,1071.06,1070.92,15407,165.02,"27-Jul-2026",65,"",""
"1213","HDFCLOWVOL","EQ",20.7,20.79,20.69,20.73,20.75,20.53,16396,3.4,"27-Jul-2026",120,"",""
"1214","HDFCMID150","EQ",23.23,23.27,23.11,23.24,23.21,22.99,281836,65.47,"27-Jul-2026",1380,"",""
"1215","HDFCMOMENT","EQ",30.38,30.85,30.38,30.69,30.84,30.38,105586,32.34,"27-Jul-2026",592,"",""
"1216","HDFCNEXT50","EQ",75.16,75.16,73.71,74,74.01,73.33,320148,236.62,"27-Jul-2026",735,"",""
"1217","HDFCNIF100","EQ",25.13,25.98,25.13,25.88,25.89,25.64,121731,31.51,"27-Jul-2026",346,"",""
"1218","HDFCNIFBAN","EQ",58.87,59,58.59,58.79,58.86,58.45,53737,31.59,"27-Jul-2026",502,"",""
"1219","HDFCNIFIT","EQ",31.57,33,30.96,31.64,31.35,30.8,376771,118.63,"27-Jul-2026",1104,"",""
"1220","HDFCNIFTY","EQ",269.53,270.84,269.26,270.58,270.8,268.19,69302,187.09,"27-Jul-2026",1275,"",""
"1221","HDFCPSUBK","EQ",86.74,86.74,84.2,84.56,84.2,84.63,136202,115.36,"27-Jul-2026",331,"",""
"1222","HDFCPVTBAN","EQ",28,28.08,27.85,27.92,27.98,27.86,333778,93.17,"27-Jul-2026",465,"",""
"1223","HDFCQUAL","EQ",57.1,58.18,57.1,58.07,58.03,57.45,30052,17.45,"27-Jul-2026",148,"",""
"1224","HDFCSENSEX","EQ",87.38,87.45,86.05,86.95,87.27,86.4,52836,45.92,"27-Jul-2026",809,"",""
"1225","HDFCSILVER","EQ",211.66,213.85,211.66,213.09,212.83,210.79,1807284,3852.28,"27-Jul-2026",10604,"",""
"1226","HDFCSML250","EQ",178.06,180.98,178.06,179.94,180.5,177.58,1684024,3025.36,"27-Jul-2026",8823,"",""
"1227","HDFCVALUE","EQ",123.65,125.73,123.65,125.65,125.3,124.9,9045,11.36,"27-Jul-2026",93,"",""
"1228","HDIL","BZ",1.66,1.7,1.66,1.66,1.68,1.68,65102,1.09,"27-Jul-2026",141,"",""
"1229","HEADSUP","EQ",7.25,7.25,6.75,7.09,7.2,7.11,6420,0.45,"27-Jul-2026",139,"",""
"1230","HEALTHADD","EQ",16.46,16.68,16.46,16.62,16.61,16.4,43437,7.2,"27-Jul-2026",82,"",""
"1231","HEALTHAXIS","EQ",166.12,167.72,166.12,167.19,166.91,165.1,2047,3.42,"27-Jul-2026",103,"",""
"1232","HEALTHCARE","EQ",20.96,21.87,20.96,21.33,21.34,20.96,27231,5.79,"27-Jul-2026",162,"",""
"1233","HEALTHIETF","EQ",166.77,169.15,166.77,168.86,168.8,166.63,122302,205.83,"27-Jul-2026",2432,"",""
"1234","HEALTHX","EQ",333.7,333.7,304.5,313.55,307.05,312.85,27401,85.51,"27-Jul-2026",1009,"",""
"1235","HEALTHY","EQ",17.09,17.09,16.61,16.97,17,16.68,422037,71.28,"27-Jul-2026",1084,"",""
"1236","HECPROJECT","EQ",140.2,144,135.35,137.7,139.62,139.46,25331,35.41,"27-Jul-2026",560,"",""
"1237","HEG","EQ",650,663.9,635.5,652.5,653,643.15,3378029,22088.6,"27-Jul-2026",56961,"",""
"1238","HEIDELBERG","EQ",156.79,159,156.79,158.06,157.5,156.41,54269,85.62,"27-Jul-2026",1349,"",""
"1239","HEMIPROP","EQ",134.9,135.5,134.13,135.14,135,133.37,135412,182.82,"27-Jul-2026",1601,"",""
"1240","HERANBA","EQ",176,179.09,173.1,175.94,175.5,174.96,20953,36.9,"27-Jul-2026",789,"",""
"1241","HERITGFOOD","EQ",335.6,338.05,323,327.2,326.9,335.3,647523,2138.79,"27-Jul-2026",10728,"",""
"1242","HEROMOTOCO","EQ",5050,5125.5,5034.2,5113.8,5111,5011.1,564495,28761.62,"27-Jul-2026",50601,"",""
"1243","HESTERBIO","EQ",2376,2564.9,2376,2528.4,2542,2367.4,41089,1034.03,"27-Jul-2026",5780,"",""
"1244","HEXAGON","BE",65.47,65.47,63,64.18,64,65.51,345574,221.11,"27-Jul-2026",1341,"",""
"1245","HEXATRADEX","EQ",155.1,170.54,155.1,157.23,158.35,155.04,66117,109.57,"27-Jul-2026",1710,"",""
"1246","HEXT","EQ",551.6,572.6,545.1,562.95,563,551.85,270444,1529.19,"27-Jul-2026",12590,"",""
"1247","HFCL","EQ",200,200.9,191.1,192.54,192.06,196.85,26152896,50959.54,"27-Jul-2026",118846,"",""
"1248","HGINFRA","EQ",538.3,545.45,538.3,539.8,542.85,536.85,36021,194.64,"27-Jul-2026",2918,"",""
"1249","HGM","EQ",46.9,53.9,45,52.4,53.5,46.73,11777,5.94,"27-Jul-2026",114,"",""
"1250","HGS","EQ",428.8,432.55,420,422.55,421.05,422.55,15933,67.51,"27-Jul-2026",1059,"",""
"1251","HIGREEN","SM",138.75,140,137,137,137,137.5,25600,35.45,"27-Jul-2026",32,"",""
"1252","HIKAL","EQ",218.11,224.5,218.11,221.98,222.25,217.4,197350,438.07,"27-Jul-2026",5421,"",""
"1253","HILINFRA","EQ",44.3,49.5,44.3,46.37,46.5,43.87,192373,89.16,"27-Jul-2026",1642,"",""
"1254","HILTON","BE",21.35,21.69,20.51,21.05,20.89,21.14,67070,14.22,"27-Jul-2026",212,"",""
"1255","HIMATSEIDE","EQ",81.2,81.98,80.53,81.02,80.7,80.52,402565,327.54,"27-Jul-2026",2889,"",""
"1256","HINDALCO","EQ",944.45,951.25,943.05,945.25,945,942.8,2035425,19282.35,"27-Jul-2026",63663,"",""
"1257","HINDCOMPOS","EQ",428.6,443.55,422,423.95,426,428.4,3220,13.75,"27-Jul-2026",346,"",""
"1258","HINDCON","EQ",19.66,21.5,19.66,20.77,20.93,20.51,10048,2.08,"27-Jul-2026",121,"",""
"1259","HINDCOPPER","EQ",485.95,489.5,481,482.4,483,483.15,1932275,9368.68,"27-Jul-2026",36458,"",""
"1260","HINDOILEXP","EQ",160,161.81,157.61,157.98,158,162.04,257350,410.13,"27-Jul-2026",3635,"",""
"1261","HINDPETRO","EQ",390.2,396.15,386.8,393.95,395.35,381.1,7119104,27850.33,"27-Jul-2026",64332,"",""
"1262","HINDUNILVR","EQ",2155,2181.3,2152.4,2174.6,2173.6,2145,698681,15185.27,"27-Jul-2026",36147,"",""
"1263","HINDWAREAP","EQ",216.85,228.9,214,221.05,228.9,211.9,148302,324.62,"27-Jul-2026",2447,"",""
"1264","HINDZINC","EQ",541.05,541.6,528,529.65,529,531.95,4726406,25207.64,"27-Jul-2026",59645,"",""
"1265","HIRECT","EQ",1333.3,1359,1316.1,1332.3,1333,1301.9,161969,2165.8,"27-Jul-2026",12705,"",""
"1266","HISARMETAL","EQ",147.49,151,145.5,146.12,146.12,147.49,319,0.47,"27-Jul-2026",24,"",""
"1267","HITECH","EQ",85.49,87.25,85.36,86.74,86.75,84.79,289606,250.09,"27-Jul-2026",2929,"",""
"1268","HITECHCORP","BE",318.1,323.5,318.1,319.35,319.5,320.25,3887,12.44,"27-Jul-2026",89,"",""
"1269","HITECHGEAR","BE",588.05,597,576,577.8,576,588.05,2317,13.41,"27-Jul-2026",111,"",""
"1270","HLEGLAS","EQ",424.4,426.55,415.15,418.95,418,418.95,112574,472.17,"27-Jul-2026",4603,"",""
"1271","HLVLTD","EQ",7.07,7.37,7.07,7.31,7.35,7.06,103193,7.51,"27-Jul-2026",515,"",""
"1272","HMAAGRO","EQ",21.5,21.74,21.3,21.53,21.6,21.34,102072,21.98,"27-Jul-2026",814,"",""
"1273","HMT","BZ",59.5,62.3,59.5,60.77,60.5,61.39,9540,5.82,"27-Jul-2026",116,"",""
"1274","HMVL","EQ",91.65,95.5,91.65,95.25,95.18,93.4,67277,63.81,"27-Jul-2026",771,"",""
"1275","HNDFDS","EQ",579.9,595,576,578.15,577.5,577.2,80724,472.59,"27-Jul-2026",5433,"",""
"1276","HNGSNGBEES","EQ",494,496.43,483.01,488.21,487.4,484.33,123811,606.24,"27-Jul-2026",5398,"",""
"1277","HOACFOODS","ST",739.95,739.95,720,722.05,730,738,2250,16.31,"27-Jul-2026",6,"",""
"1278","HOLMARC","SM",110,110,109,109,109,110,1500,1.64,"27-Jul-2026",2,"",""
"1279","HOMEFIRST","EQ",1191.6,1220.1,1175,1182.5,1188,1174,149218,1775.38,"27-Jul-2026",15916,"",""
"1280","HONASA","EQ",451.95,460.7,447.2,452.75,452,448.6,1134201,5134.76,"27-Jul-2026",29321,"",""
"1281","HONAUT","EQ",37650,38155,37325,37525,37765,37345,2166,813.93,"27-Jul-2026",1141,"",""
"1282","HONDAPOWER","EQ",2120.5,2135.8,2104.4,2124.2,2126,2089.2,2587,54.9,"27-Jul-2026",452,"",""
"1283","HPAL","EQ",33.5,34.56,33.01,33.39,33.35,33.29,47936,16.09,"27-Jul-2026",798,"",""
"1284","HPIL","EQ",124,129,120.55,121.84,124.8,125.66,1866,2.29,"27-Jul-2026",74,"",""
"1285","HPL","EQ",334.95,341.95,334.95,339.75,340,333.5,58133,197.27,"27-Jul-2026",1695,"",""
"1286","HPTL","SM",267,271.85,267,271.85,271.85,271.85,1200,3.23,"27-Jul-2026",2,"",""
"1287","HSBCGOLD","EQ",126.4,126.4,123.05,125.42,125.42,124.12,755,0.94,"27-Jul-2026",28,"",""
"1288","HSCL","EQ",793.2,794,771.05,790.45,790.8,789.55,7101930,55665.44,"27-Jul-2026",72747,"",""
"1289","HTMEDIA","EQ",24.3,26.1,24.3,24.56,24.41,24.26,177914,44.31,"27-Jul-2026",710,"",""
"1290","HUBTOWN","EQ",198,201.02,195,196.04,196.5,194.98,230322,453.09,"27-Jul-2026",3753,"",""
"1291","HUDCO","EQ",199.9,205,197.1,202.16,201.41,195.54,3848410,7734.97,"27-Jul-2026",30407,"",""
"1292","HUHTAMAKI","EQ",320.26,330,306.12,312.61,313.82,318.68,3886901,12335.24,"27-Jul-2026",45832,"",""
"1293","HVAX","SM",633,635,633,635,635,623,300,1.9,"27-Jul-2026",2,"",""
"1294","HYBRIDFIN","BE",18.04,19,18,18.76,18.76,18.14,1986,0.36,"27-Jul-2026",27,"",""
"1295","HYUNDAI","EQ",1963,1993.7,1959.8,1984.6,1985.3,1952.6,338046,6691.82,"27-Jul-2026",17598,"",""
"1296","IBLFL","SM",61,61,61,61,61,61,8000,4.88,"27-Jul-2026",2,"",""
"1297","IBULLSLTD","BE",30.84,31.8,30.5,31.16,31,30.53,4694441,1467.79,"27-Jul-2026",5167,"",""
"1298","ICDSLTD","EQ",41,41,39.1,39.46,39.59,40.48,142,0.06,"27-Jul-2026",11,"",""
"1299","ICELCO","SM",159.6,161.1,149,153.65,154.15,159.6,241200,371.13,"27-Jul-2026",178,"",""
"1300","ICEMAKE","EQ",878.05,899,858,863.25,862.3,865.7,43856,382.96,"27-Jul-2026",2794,"",""
"1301","ICICIAMC","EQ",3129.9,3152,3113.1,3143.9,3136.9,3125.6,178886,5612.21,"27-Jul-2026",25314,"",""
"1302","ICICIB22","EQ",118.24,118.24,115.01,115.53,115.56,115.36,1676239,1939.67,"27-Jul-2026",3880,"",""
"1303","ICICIBANK","EQ",1435.7,1449,1428.8,1445.7,1445.5,1432.9,10608300,152705.62,"27-Jul-2026",195530,"",""
"1304","ICICIGI","EQ",1667.1,1693.1,1652,1681,1682.2,1661.8,904443,15171.22,"27-Jul-2026",61031,"",""
"1305","ICICIPRULI","EQ",504.25,510.6,501.9,509.8,509,500.55,1911594,9706.52,"27-Jul-2026",50076,"",""
"1306","ICIL","EQ",406.7,422,398,401.15,401.35,403.45,580542,2375.49,"27-Jul-2026",20034,"",""
"1307","ICRA","EQ",4801,4871,4731,4745,4741,4804,23027,1101.84,"27-Jul-2026",6997,"",""
"1308","IDBI","EQ",85.6,85.9,84.16,84.48,84.32,84.93,4321340,3669.04,"27-Jul-2026",17996,"",""
"1309","IDEA","EQ",13.13,13.26,13.02,13.06,13.06,13.13,247499082,32492.78,"27-Jul-2026",428129,"",""
"1310","IDEAFORGE","BE",870.65,884.9,857,860.25,860.55,870.65,119689,1033.48,"27-Jul-2026",6705,"",""
"1311","IDEALTECHO","SM",185,185,185,185,185,185,500,0.93,"27-Jul-2026",1,"",""
"1312","IDENTICAL","SM",20,20,19,19,19,20,6000,1.16,"27-Jul-2026",3,"",""
"1313","IDFCFIRSTB","EQ",86.3,88.76,84.7,84.88,84.83,80.79,177923165,153742.33,"27-Jul-2026",319208,"",""
"1314","IDFNIFTYET","EQ",262.78,267.17,262.78,265.13,264.48,262.78,177,0.47,"27-Jul-2026",50,"",""
"1315","IEML","SM",42.5,43.45,42.5,43.4,43.3,41.95,18000,7.76,"27-Jul-2026",33,"",""
"1316","IEX","EQ",125.21,129.49,124.5,126.77,126.99,124.26,14091109,17892.7,"27-Jul-2026",83232,"",""
"1317","IFBAGRO","BE",1030,1044.55,991,1044.55,1044.55,994.85,18606,192.56,"27-Jul-2026",535,"",""
"1318","IFBIND","EQ",1330,1368.9,1293.2,1323.8,1329.6,1304.1,246955,3285.06,"27-Jul-2026",21676,"",""
"1319","IFCI","EQ",70.9,71.5,70.21,70.39,70.4,70.12,5755522,4071.14,"27-Jul-2026",19554,"",""
"1320","IFGLEXPOR","EQ",201.2,208.13,200,200.88,200.07,197.67,62167,126.17,"27-Jul-2026",3485,"",""
"1321","IGARASHI","EQ",463.9,463.9,452,455.65,452,456.1,23795,108.6,"27-Jul-2026",1545,"",""
"1322","IGCL","EQ",74.6,76.45,73.23,75.17,75.35,74.55,228570,170.2,"27-Jul-2026",1805,"",""
"1323","IGIL","EQ",336.1,340.1,328.05,329.7,329.35,338.15,714283,2373.59,"27-Jul-2026",34839,"",""
"1324","IGL","EQ",150.29,152.3,149.7,150.27,150.2,149.33,1779530,2679.3,"27-Jul-2026",40628,"",""
"1325","IGPL","EQ",452.35,478,449.05,472.75,474,451.55,139288,653.85,"27-Jul-2026",4668,"",""
"1326","IIFL","EQ",565,575.4,558.6,573.2,571,556.55,1874996,10699.89,"27-Jul-2026",28164,"",""
"1327","IIFLCAPS","EQ",339.6,340.95,336.7,337.7,337.9,340.2,1132308,3822.75,"27-Jul-2026",6663,"",""
"1328","IITL","EQ",131.01,139,131.01,132.59,135.3,132.02,95106,129.03,"27-Jul-2026",967,"",""
"1329","IKIO","EQ",204.8,212.1,204.8,207.98,206.1,204.82,283051,589.86,"27-Jul-2026",5465,"",""
"1330","IKS","EQ",1761,1835,1761,1829,1835,1759.8,129614,2338.35,"27-Jul-2026",13156,"",""
"1331","IL&FSENGG","BZ",30.1,32,29.99,30.7,30.7,31.56,56693,17.48,"27-Jul-2026",90,"",""
"1332","IL&FSTRANS","BZ",2.06,2.12,2,2.12,2.12,2.02,28700,0.6,"27-Jul-2026",58,"",""
"1333","IMAGICAA","EQ",46.66,47.88,45.18,45.72,45.6,46.66,440861,202.72,"27-Jul-2026",2691,"",""
"1334","IMFA","EQ",1360,1380,1342.2,1371.8,1373.6,1340.1,41870,572.03,"27-Jul-2026",5175,"",""
"1335","IMPAL","EQ",1076.1,1154.2,1072.2,1132.4,1125,1076.1,5400,60.78,"27-Jul-2026",794,"",""
"1336","IMPEXFERRO","BZ",2.28,2.5,2.28,2.5,2.5,2.39,125723,3.14,"27-Jul-2026",37,"",""
"1337","INA","EQ",113.02,115.79,110,112.04,112.52,112.57,396562,449.79,"27-Jul-2026",3875,"",""
"1338","INCREDIBLE","EQ",34.49,35.37,32.56,33.44,33.01,33.39,31816,10.76,"27-Jul-2026",153,"",""
"1339","INDBANK","EQ",33.37,33.48,33.01,33.1,33.04,33.21,20250,6.72,"27-Jul-2026",362,"",""
"1340","INDGN","EQ",491,511.4,491,508.05,510.5,492.65,165173,836.03,"27-Jul-2026",9835,"",""
"1341","INDHOTEL","EQ",730.35,737.95,728.6,733.75,737,727.45,1143931,8391.13,"27-Jul-2026",20629,"",""
"1342","INDIACEM","EQ",408,409.9,397.1,398.35,398.05,407,214124,861.99,"27-Jul-2026",10554,"",""
"1343","INDIAGLYCO","EQ",1171.95,1199.05,1160.7,1184.45,1184,1157.8,222525,2634.38,"27-Jul-2026",14590,"",""
"1344","INDIAMART","EQ",1772,1783.8,1755,1759.7,1764.3,1759.9,119934,2116.58,"27-Jul-2026",12059,"",""
"1345","INDIANB","EQ",835,838.6,826.1,831.25,829.8,826.1,936950,7796.15,"27-Jul-2026",21342,"",""
"1346","INDIANCARD","EQ",224.04,228.15,221.7,224.6,225,223.97,1945,4.38,"27-Jul-2026",34,"",""
"1347","INDIANHUME","EQ",394,394.9,385.7,387,386.85,387.15,45948,178.76,"27-Jul-2026",1697,"",""
"1348","INDIASHLTR","EQ",724,738,716.55,727.95,729.95,723.9,122066,887.51,"27-Jul-2026",8636,"",""
"1349","INDIGO","EQ",5111,5242.5,5095,5230,5240,4985,1731299,89779.37,"27-Jul-2026",104301,"",""
"1350","INDIGOPNTS","EQ",1059.9,1098.7,1055.3,1073.9,1074.7,1048.9,75768,820.5,"27-Jul-2026",8927,"",""
"1351","INDIGRID","IV",179.98,180.2,176.9,177.2,177.4,179.27,1245183,2216.13,"27-Jul-2026",12016,"",""
"1352","INDIQUBE","EQ",184.5,184.5,176,177.51,176,181.31,39427,71.12,"27-Jul-2026",1100,"",""
"1353","INDNIPPON","EQ",1203,1229.2,1191.6,1198.9,1202,1198,22084,266.98,"27-Jul-2026",2230,"",""
"1354","INDOAMIN","BE",130.99,131.85,127.05,128.11,129.33,129.47,39564,51.14,"27-Jul-2026",246,"",""
"1355","INDOBORAX","EQ",423.95,426,392,406.6,399.95,416.1,418213,1714.5,"27-Jul-2026",12104,"",""
"1356","INDOCO","EQ",245,250.99,243.98,248.14,248,243.42,80973,201.51,"27-Jul-2026",2270,"",""
"1357","INDOFARM","EQ",154,158,153.38,155.38,156,152.25,139104,217.3,"27-Jul-2026",2540,"",""
"1358","INDORAMA","EQ",49,50.75,48.91,49.74,49.7,48.43,175679,87.89,"27-Jul-2026",1342,"",""
"1359","INDOSTAR","EQ",261,274.95,261,268.5,269.5,260.5,76295,206.04,"27-Jul-2026",2786,"",""
"1360","INDOTECH","BE",3400,3550,3351.1,3503.4,3510,3418,29769,1030.47,"27-Jul-2026",1495,"",""
"1361","INDOTHAI","EQ",217,223,216.24,220.09,220,216.3,1498077,3273.79,"27-Jul-2026",6349,"",""
"1362","INDOUS","EQ",88.18,88.7,83.6,85,84,84.98,11099,9.54,"27-Jul-2026",473,"",""
"1363","INDOWIND","BE",9.23,9.25,9.03,9.22,9.25,9.14,64444,5.93,"27-Jul-2026",247,"",""
"1364","INDPRUD","EQ",6570,6588.5,6400,6552,6564,6570,16,1.05,"27-Jul-2026",10,"",""
"1365","INDRAMEDCO","EQ",366.6,371.95,364.6,368.6,368.95,364.6,108019,397.59,"27-Jul-2026",2831,"",""
"1366","INDSWFTLAB","EQ",228,240.7,228,239.91,240.4,227.49,478681,1137.15,"27-Jul-2026",6934,"",""
"1367","INDTERRAIN","EQ",30.84,30.84,28.64,29.21,29.69,29.26,6916,2.02,"27-Jul-2026",102,"",""
"1368","INDUSINDBK","EQ",1003,1015.6,1000.1,1006.65,1005,996.05,1979222,19934.75,"27-Jul-2026",49523,"",""
"1369","INDUSINVIT","IV",131.07,131.77,129.57,130.63,131,130.76,164175,214.13,"27-Jul-2026",7097,"",""
"1370","INDUSTOWER","EQ",396,397.25,382.5,387.4,385.5,394.6,3923875,15361.18,"27-Jul-2026",50582,"",""
"1371","INFINIUM","SM",213.8,214,206.1,206.1,206.1,209,1500,3.17,"27-Jul-2026",3,"",""
"1372","INFLUX","SM",290.3,290.3,280.3,285,285,290.15,31200,88.84,"27-Jul-2026",37,"",""
"1373","INFOBEAN","EQ",159.69,161.8,156.1,157.14,158.6,157.33,220223,351.08,"27-Jul-2026",3501,"",""
"1374","INFOLLION","SM",160.05,163.05,157,158.75,158.8,159.9,10000,15.96,"27-Jul-2026",19,"",""
"1375","INFOMEDIA","EQ",5.75,5.75,5.18,5.45,5.5,5.57,38681,2.1,"27-Jul-2026",126,"",""
"1376","INFRA","EQ",12.14,12.16,12.08,12.13,12.16,12.05,22664,2.75,"27-Jul-2026",130,"",""
"1377","INFRABEES","EQ",957.26,974,952.47,963.34,965,957.26,6686,64.33,"27-Jul-2026",707,"",""
"1378","INFRAIETF","EQ",95.43,96.39,95.38,95.63,95.5,94.89,289174,276.31,"27-Jul-2026",2212,"",""
"1379","INFY","EQ",1065,1082,1057.4,1079.2,1078.3,1040.9,15956349,171605.07,"27-Jul-2026",241917,"",""
"1380","INGERRAND","EQ",4374,4442,4323.1,4378.9,4397,4354.3,31797,1403.91,"27-Jul-2026",3232,"",""
"1381","INM","SM",179.6,181,179.6,180,180,175,4200,7.58,"27-Jul-2026",6,"",""
"1382","INNOMET","ST",180.5,180.5,180.5,180.5,180.5,184.15,7200,13,"27-Jul-2026",11,"",""
"1383","INNOVACAP","EQ",948,975.9,948,970.4,975,950.45,43736,422.64,"27-Jul-2026",4907,"",""
"1384","INNOVANA","EQ",349.85,352.5,337.95,347.55,347.65,344.35,2360,8.2,"27-Jul-2026",234,"",""
"1385","INNOVISION","EQ",285.65,290,282.4,283.55,283.35,285.3,20237,57.54,"27-Jul-2026",982,"",""
"1386","INOXGREEN","EQ",193,202.58,192.4,199.05,198.5,191.87,5386399,10636.12,"27-Jul-2026",40924,"",""
"1387","INOXINDIA","EQ",2041,2041,1965.1,1985.9,1999,2004,121889,2423.2,"27-Jul-2026",15074,"",""
"1388","INOXWIND","EQ",78,78.5,77.21,78.23,78.5,76.97,7107792,5548.65,"27-Jul-2026",21217,"",""
"1389","INSECTICID","EQ",616.1,645,610,612.55,614.95,616.1,46257,287.65,"27-Jul-2026",4974,"",""
"1390","INSPIRE","ST",8.6,9.5,8.6,9.5,9.5,9.05,4000,0.36,"27-Jul-2026",2,"",""
"1391","INSPIRISYS","BE",101.7,101.7,97.07,99.34,101,97.88,2644,2.64,"27-Jul-2026",34,"",""
"1392","INTEGRITY","ST",163,163,163,163,163,160,1200,1.96,"27-Jul-2026",1,"",""
"1393","INTELLECT","EQ",735.35,748.3,713.25,717.7,714,732.2,545930,3978.5,"27-Jul-2026",20023,"",""
"1394","INTENTECH","EQ",90,92.9,88.5,89.02,89.49,90.45,18288,16.45,"27-Jul-2026",362,"",""
"1395","INTERARCH","EQ",1800,1850,1800,1827.1,1829.3,1799.3,27618,505.51,"27-Jul-2026",3612,"",""
"1396","INTERNET","EQ",13.08,13.31,13.08,13.26,13.24,12.97,161767,21.34,"27-Jul-2026",203,"",""
"1397","INTLCONV","EQ",76.2,76.98,73.31,74.93,75.18,75.05,42439,31.95,"27-Jul-2026",1097,"",""
"1398","INVENTURE","EQ",0.9,0.94,0.9,0.91,0.91,0.89,1402535,12.99,"27-Jul-2026",394,"",""
"1399","INVICTA","ST",66.7,66.85,66.7,66.75,66.75,63.75,8000,5.34,"27-Jul-2026",5,"",""
"1400","INVPRECQ","BE",984.75,998.8,931,971,960,979.85,3712,35.74,"27-Jul-2026",170,"",""
"1401","IOB","EQ",34.35,34.53,34.02,34.12,34.16,33.88,2152227,736.67,"27-Jul-2026",10638,"",""
"1402","IOC","EQ",140.5,142,139.91,141.52,142,138.47,8260417,11628.51,"27-Jul-2026",53328,"",""
"1403","IOLCP","EQ",150.9,152.9,149.56,151.46,151.25,149.22,1217772,1845.46,"27-Jul-2026",11493,"",""
"1404","IONEXCHANG","EQ",430,434.4,423.9,427.4,426.9,425.1,647993,2782.44,"27-Jul-2026",18392,"",""
"1405","IPCALAB","EQ",1762.7,1800,1749.6,1777.6,1789,1762.7,119666,2120.03,"27-Jul-2026",20101,"",""
"1406","IPHL","SM",57,66,57,66,66,55,138000,87.97,"27-Jul-2026",92,"",""
"1407","IPL","EQ",150.48,152.67,148.93,149.88,150.05,149.98,110128,165.69,"27-Jul-2026",1933,"",""
"1408","IPSL","SM",215,244.8,215,244.8,244.8,235,2000,4.67,"27-Jul-2026",4,"",""
"1409","IRB","EQ",19.88,19.95,19.6,19.62,19.6,19.61,4354101,857.33,"27-Jul-2026",12978,"",""
"1410","IRBINVIT","IV",63.3,63.95,63.19,63.47,63.49,63.01,1310922,831.96,"27-Jul-2026",7118,"",""
"1411","IRCON","EQ",127.59,128.22,126.1,126.48,126.43,126.07,660499,837.38,"27-Jul-2026",9080,"",""
"1412","IRCTC","EQ",498,499.8,493.1,494,494,495.05,517297,2563.43,"27-Jul-2026",18717,"",""
"1413","IREDA","EQ",120.79,121.83,119.56,120.29,120.29,120.48,4198411,5059.93,"27-Jul-2026",23887,"",""
"1414","IRFC","EQ",88.1,88.53,88,88.13,88.06,87.62,5143354,4541.82,"27-Jul-2026",31870,"",""
"1415","IRIS","EQ",248.5,254.4,241.55,244.25,241.55,244.5,21765,53.79,"27-Jul-2026",699,"",""
"1416","IRISDOREME","EQ",48,49.8,46.35,48.29,48.94,47.83,1814818,877.04,"27-Jul-2026",12429,"",""
"1417","IRMENERGY","EQ",255.05,265,255,258.8,257.95,254.55,58820,152.61,"27-Jul-2026",1945,"",""
"1418","ISFT","EQ",79.2,79.2,75.05,77.07,77,76.24,12671,9.82,"27-Jul-2026",174,"",""
"1419","ISGEC","EQ",861.4,872,854.65,859.25,861.4,855.6,14481,125.06,"27-Jul-2026",1922,"",""
"1420","ISHAN","SM",0.5,0.5,0.5,0.5,0.5,0.5,144000,0.72,"27-Jul-2026",3,"",""
"1421","ISHANCH","EQ",51.65,53.68,51.65,52.64,52.9,52.14,3698,1.96,"27-Jul-2026",46,"",""
"1422","IT","EQ",32.31,32.79,32.31,32.74,32.78,31.99,461773,150.83,"27-Jul-2026",1136,"",""
"1423","ITADD","EQ",30.85,31.38,30.85,31.26,31.21,30.53,141234,44.21,"27-Jul-2026",163,"",""
"1424","ITALIANE","SM",32.2,32.2,31.7,31.85,31.85,33,24000,7.67,"27-Jul-2026",12,"",""
"1425","ITAXIS","EQ",319.33,325,318.76,323.94,323.02,316.49,13220,42.79,"27-Jul-2026",496,"",""
"1426","ITBEES","EQ",32.27,32.8,32.27,32.7,32.7,32,19426362,6345.48,"27-Jul-2026",18273,"",""
"1427","ITBETA","EQ",303.1,311.44,303.1,309.43,309.41,303.03,5006,15.43,"27-Jul-2026",48,"",""
"1428","ITC","EQ",287.75,287.9,285.5,285.85,285.95,283.45,19312804,55360.85,"27-Jul-2026",236925,"",""
"1429","ITCHOTELS","EQ",161.22,166.45,161,165.43,166.15,159.92,2555776,4198.41,"27-Jul-2026",37183,"",""
"1430","ITDC","EQ",740.25,759.5,725.2,735.15,734.9,737.4,329942,2454.22,"27-Jul-2026",14243,"",""
"1431","ITETF","EQ",30.97,31.27,30.69,31.16,31.17,30.48,578301,180.03,"27-Jul-2026",880,"",""
"1432","ITI","EQ",277.45,279.85,275.55,276.1,276.8,275.15,142075,393.64,"27-Jul-2026",3939,"",""
"1433","ITIETF","EQ",32.43,32.82,32.34,32.73,32.72,31.97,908636,296.96,"27-Jul-2026",1761,"",""
"1434","ITTL","ST",69.25,69.25,69.25,69.25,69.25,70.65,105,0.07,"27-Jul-2026",1,"",""
"1435","IVALUE","EQ",293.95,296.85,287.7,288.9,289.95,287.7,395532,1151.71,"27-Jul-2026",19189,"",""
"1436","IVC","EQ",8.2,8.36,8.2,8.27,8.32,8.23,152441,12.63,"27-Jul-2026",640,"",""
"1437","IVP","BE",153.8,157.9,153.8,154.28,156.8,151.02,2136,3.31,"27-Jul-2026",45,"",""
"1438","IVZINGOLD","EQ",124.95,125.25,124.35,125,125,124.05,9767,12.2,"27-Jul-2026",144,"",""
"1439","IVZINNIFTY","EQ",2745,2754.49,2736.32,2752.73,2754.3,2726.94,426,11.7,"27-Jul-2026",59,"",""
"1440","IWARE","ST",495,495,469.25,472.75,475,493.9,18000,85.38,"27-Jul-2026",29,"",""
"1441","IWP","EQ",34.48,34.48,32.54,32.88,33,32.36,2234,0.74,"27-Jul-2026",34,"",""
"1442","IXIGO","EQ",187.5,197.99,185.4,195.99,196,184.6,1133097,2212.35,"27-Jul-2026",17569,"",""
"1443","IZMO","EQ",1107,1130,1090.1,1104,1110,1104.5,70875,785.7,"27-Jul-2026",5584,"",""
"1444","J&KBANK","EQ",174,178.05,172,177.51,177.04,172.57,3410387,5990.93,"27-Jul-2026",29691,"",""
"1445","JAGRAN","EQ",63.49,63.69,62.1,62.31,62.39,62.85,178008,111.39,"27-Jul-2026",2628,"",""
"1446","JAGSNPHARM","EQ",221.61,232,217.18,229.61,229.9,221.61,68559,155.65,"27-Jul-2026",2193,"",""
"1447","JAIBALAJI","BE",61.44,62.49,60.61,61.34,61.59,61.24,282117,173.7,"27-Jul-2026",645,"",""
"1448","JAICORPLTD","EQ",101.2,103,101.2,102.69,102.75,100.33,222591,228.05,"27-Jul-2026",2690,"",""
"1449","JAINIK","SM",173.8,178.65,173.8,178.4,178.4,174,9600,17.02,"27-Jul-2026",7,"",""
"1450","JAINREC","EQ",342,346.45,336.15,338.45,337.45,341,721453,2465.23,"27-Jul-2026",17724,"",""
"1451","JAIPURKURT","EQ",27.6,27.6,26.23,26.65,26.55,27.01,1980,0.53,"27-Jul-2026",36,"",""
"1452","JALAN","ST",1.6,1.6,1.6,1.6,1.6,1.65,51000,0.82,"27-Jul-2026",10,"",""
"1453","JAMNAAUTO","EQ",133.73,136.26,132.67,135.06,135.1,132.67,1623281,2180.64,"27-Jul-2026",14764,"",""
"1454","JARO","EQ",480.5,480.55,472.4,478.55,480,475.7,101111,483.62,"27-Jul-2026",1746,"",""
"1455","JASH","EQ",511,519.9,507.15,516.8,516.65,508,99741,511.53,"27-Jul-2026",8471,"",""
"1456","JAYAGROGN","EQ",222.32,237,219.11,232.68,237,222.32,13851,31.48,"27-Jul-2026",400,"",""
"1457","JAYBARMARU","EQ",165,169.42,161,169.42,169.42,161.36,430679,712.5,"27-Jul-2026",4386,"",""
"1458","JAYBEE","SM",87,90.45,86.7,89.9,90.4,88,14000,12.4,"27-Jul-2026",24,"",""
"1459","JAYESH","SM",133.9,140,133.9,140,140,129,3000,4.09,"27-Jul-2026",3,"",""
"1460","JAYKAY","EQ",164.4,170.58,164.4,167.99,169.5,165.16,60169,101.33,"27-Jul-2026",1371,"",""
"1461","JAYNECOIND","EQ",88,88.74,87,87.58,87.24,86.76,3068361,2698.04,"27-Jul-2026",19476,"",""
"1462","JAYSREETEA","EQ",82.38,82.4,80,80.53,80.1,80.68,19965,16.14,"27-Jul-2026",415,"",""
"1463","JBMA","EQ",659,672,659,665,665.4,656.05,185743,1237.41,"27-Jul-2026",7872,"",""
"1464","JETFREIGHT","EQ",22.63,24.52,22.63,23.44,23.43,22.88,390592,92.98,"27-Jul-2026",1367,"",""
"1465","JEYYAM","ST",26.3,26.75,25.7,26,26,26.2,22000,5.75,"27-Jul-2026",10,"",""
"1466","JFLLIFE","SM",11.9,11.9,10.85,11.25,11.45,11.35,48000,5.49,"27-Jul-2026",7,"",""
"1467","JGCHEM","EQ",506.45,512,501.05,507.75,505.05,505.35,157788,799.76,"27-Jul-2026",5523,"",""
"1468","JHS","EQ",7.41,7.75,7.34,7.4,7.34,7.49,57649,4.29,"27-Jul-2026",130,"",""
"1469","JINDALPHOT","EQ",1090.5,1090.5,1045.1,1063.4,1060.1,1076.1,3204,34.14,"27-Jul-2026",468,"",""
"1470","JINDALPOLY","EQ",637.6,646.95,633.3,635.4,637.9,637.35,7824,49.94,"27-Jul-2026",740,"",""
"1471","JINDALSAW","EQ",257.4,259.5,250,250.85,250.9,255.35,690623,1754.51,"27-Jul-2026",13895,"",""
"1472","JINDALSTEL","EQ",1055,1068.2,1036,1065.7,1066,1035.8,2617855,27775.78,"27-Jul-2026",70538,"",""
"1473","JINDRILL","EQ",601.3,602.5,589,594.35,591.3,605.1,94034,558.5,"27-Jul-2026",3085,"",""
"1474","JINDWORLD","EQ",38.1,40.4,37.5,39.43,39.15,37.83,55992502,21907.69,"27-Jul-2026",123513,"",""
"1475","JIOFIN","EQ",237,237.4,235.26,236.17,236.24,234.71,6984152,16491.86,"27-Jul-2026",59868,"",""
"1476","JISLDVREQS","EQ",21.78,22.1,21.32,21.92,21.52,21.28,18803,4.12,"27-Jul-2026",53,"",""
"1477","JISLJALEQS","EQ",30.5,31.04,30.26,30.43,30.4,30.37,902016,275.86,"27-Jul-2026",4546,"",""
"1478","JITFINFRA","EQ",370,373.95,347.15,350.35,348.6,365.4,36661,129.94,"27-Jul-2026",899,"",""
"1479","JIWANRAM","SM",4.9,4.9,4.9,4.9,4.9,4.9,6000,0.29,"27-Jul-2026",1,"",""
"1480","JKCEMENT","EQ",5699.5,5749,5631,5730,5732,5649,39940,2284.06,"27-Jul-2026",13985,"",""
"1481","JKIL","EQ",492.9,496,485.15,489,487.05,485.65,98303,481.16,"27-Jul-2026",2198,"",""
"1482","JKIPL","BE",96.45,98,93.5,96.88,96.67,96.69,13919,13.49,"27-Jul-2026",100,"",""
"1483","JKLAKSHMI","EQ",576.9,578.7,571.5,574.2,575.1,572.5,59113,339.6,"27-Jul-2026",5779,"",""
"1484","JKPAPER","EQ",406.7,419.2,403.7,414.55,417.3,401.45,2094793,8628.22,"27-Jul-2026",46117,"",""
"1485","JKTYRE","EQ",396,402.2,394.3,399.6,399.4,390.6,438325,1748.46,"27-Jul-2026",11242,"",""
"1486","JLHL","EQ",321.1,330,312.9,327,329,323.2,147567,471.98,"27-Jul-2026",7613,"",""
"1487","JMA","EQ",89.5,89.5,86.4,88.88,88.88,88.35,3391,3,"27-Jul-2026",63,"",""
"1488","JMFINANCIL","EQ",123,125.74,122.66,124.36,124,122.05,1505925,1875.33,"27-Jul-2026",18458,"",""
"1489","JNKINDIA","EQ",472,481.7,465.1,469.4,470.9,470.9,173799,823.97,"27-Jul-2026",4866,"",""
"1490","JOCIL","BE",147.9,149,146.42,148,148,147.9,2251,3.35,"27-Jul-2026",21,"",""
"1491","JPOLYINVST","EQ",1026.4,1057.9,1026.4,1043.1,1036.1,1029.1,4498,46.95,"27-Jul-2026",720,"",""
"1492","JPPOWER","EQ",17.2,17.29,16.95,17.01,16.99,16.95,28221162,4828.91,"27-Jul-2026",23243,"",""
"1493","JSFB","EQ",544,559.6,532,537.25,537,536.95,428226,2316.88,"27-Jul-2026",16980,"",""
"1494","JSL","EQ",720,726.75,710.1,724,724.2,714.25,338590,2437.35,"27-Jul-2026",26581,"",""
"1495","JSLL","EQ",557.5,581.45,557.5,565.35,562.8,554.8,483511,2753.17,"27-Jul-2026",14291,"",""
"1496","JSWCEMENT","EQ",132.99,136.15,132.99,134.41,135,132.12,1002215,1349.2,"27-Jul-2026",19892,"",""
"1497","JSWDULUX","EQ",2960,2970,2910.1,2944,2930,2943.9,10518,308.83,"27-Jul-2026",2681,"",""
"1498","JSWENERGY","EQ",552,556.9,547.45,549.7,549.6,551.65,1125093,6196.43,"27-Jul-2026",21895,"",""
"1499","JSWHL","EQ",10867,11105,10822,10999,11060,10865,2154,236.31,"27-Jul-2026",1092,"",""
"1500","JSWINFRA","EQ",322.7,325.65,317.05,321.8,321.35,322.7,3153852,10116.79,"27-Jul-2026",53586,"",""
"1501","JSWSTEEL","EQ",1251,1251,1234.3,1244.6,1248.9,1240.8,1128386,14008.76,"27-Jul-2026",26104,"",""
"1502","JTEKTINDIA","EQ",132.99,133.81,132.01,133.29,132.5,131.62,83304,110.88,"27-Jul-2026",1388,"",""
"1503","JTLIND","EQ",73.37,74.2,72.42,73.18,73.39,72.64,1019554,748.15,"27-Jul-2026",6849,"",""
"1504","JUBLCPL","EQ",1851.5,1887.9,1842.2,1876.7,1860,1851.5,2702,50.6,"27-Jul-2026",465,"",""
"1505","JUBLFOOD","EQ",420.8,428.4,420.45,427.45,428,418.25,1229160,5235.64,"27-Jul-2026",18218,"",""
"1506","JUBLINGREA","EQ",725.55,755.25,725.3,744.1,745,725.55,445843,3325.11,"27-Jul-2026",25743,"",""
"1507","JUBLPHARMA","EQ",975,988.75,972.5,979.7,973.6,965.35,117876,1156.52,"27-Jul-2026",13666,"",""
"1508","JUNIORBEES","EQ",780,784.48,777.32,783.45,783.99,776.3,338305,2646.38,"27-Jul-2026",9860,"",""
"1509","JUNIPER","EQ",198.4,199,193.81,198.01,198.5,193.07,110129,217.19,"27-Jul-2026",4395,"",""
"1510","JUSTDIAL","EQ",741,741,712.25,718.7,716.35,728.95,356069,2580.8,"27-Jul-2026",8858,"",""
"1511","JWL","EQ",247.05,250.4,246.8,247.6,247.4,246.55,356937,886.9,"27-Jul-2026",9308,"",""
"1512","JYOTHYLAB","EQ",200.19,204.19,197.25,201.98,202,198.57,575317,1164.49,"27-Jul-2026",13323,"",""
"1513","JYOTICNC","EQ",801,812,797.1,803.75,805,795.05,312391,2515.39,"27-Jul-2026",10363,"",""
"1514","JYOTIGLOBL","SM",36,36,36,36,36,36,2000,0.72,"27-Jul-2026",1,"",""
"1515","JYOTISTRUC","EQ",11.09,11.14,10.9,10.94,10.96,10.97,2371702,260.69,"27-Jul-2026",2351,"",""
"1516","K2INFRA","ST",56.15,57.95,55.8,56.3,55.95,58.7,15600,8.78,"27-Jul-2026",23,"",""
"1517","KABRAEXTRU","EQ",392,408,377.25,404.8,407,376.8,577413,2295.67,"27-Jul-2026",20717,"",""
"1518","KAJARIACER","EQ",1214.9,1252,1212,1220,1218.5,1214.9,206695,2548.42,"27-Jul-2026",14412,"",""
"1519","KAKATCEM","BE",123.9,123.9,120,120.34,120,121,554,0.67,"27-Jul-2026",28,"",""
"1520","KALAMANDIR","EQ",89.25,89.72,86.94,87.34,87.98,88.43,1025959,905.6,"27-Jul-2026",8182,"",""
"1521","KALANA","SM",19.7,19.7,17,17.6,17.85,18.15,68000,11.78,"27-Jul-2026",32,"",""
"1522","KALPATARU","EQ",267,270.35,265.25,267,266.25,266.35,53611,143.61,"27-Jul-2026",2352,"",""
"1523","KALYANIFRG","EQ",600.1,624,598.9,604,602,601.9,2464,15.03,"27-Jul-2026",126,"",""
"1524","KALYANKJIL","EQ",575.1,585.55,562.45,564.6,565.4,573.55,16629166,95042.69,"27-Jul-2026",150668,"",""
"1525","KAMAHOLD","EQ",2565.8,2585,2530.2,2543.5,2538,2527.9,1784,45.64,"27-Jul-2026",542,"",""
"1526","KAMATHOTEL","EQ",169.13,172.35,168.08,169.83,171,169.11,31689,53.81,"27-Jul-2026",1203,"",""
"1527","KAMDHENU","BE",36.5,37,35.7,36.76,37,36.14,836699,303.54,"27-Jul-2026",1348,"",""
"1528","KAMOPAINTS","EQ",4.55,4.69,4.5,4.61,4.67,4.55,207932,9.56,"27-Jul-2026",555,"",""
"1529","KANANIIND","EQ",1.48,1.55,1.31,1.51,1.55,1.49,170626,2.51,"27-Jul-2026",272,"",""
"1530","KANCHI","BE",359,370.9,359,370.9,370.9,355.4,510,1.83,"27-Jul-2026",18,"",""
"1531","KANDARP","SM",99.9,99.9,91.35,96.7,95,91.35,18000,17.09,"27-Jul-2026",14,"",""
"1532","KANORICHEM","BE",162.4,162.45,155,159.73,157.5,161.75,30418,48.75,"27-Jul-2026",384,"",""
"1533","KANPRPLA","EQ",229,229.9,223,224.54,225.06,221.25,48793,110.23,"27-Jul-2026",1456,"",""
"1534","KANSAINER","EQ",196.68,206.6,194.8,203.88,203.95,193.19,635135,1287.83,"27-Jul-2026",12967,"",""
"1535","KAPSTON","EQ",467,468.55,452.65,460.2,464,460.7,36890,169.63,"27-Jul-2026",1532,"",""
"1536","KARMAENG","EQ",38.18,39.09,37.72,37.81,38.3,38.18,4354,1.66,"27-Jul-2026",64,"",""
"1537","KARNIKA","SM",113.25,113.8,108.05,111.85,113.8,112.95,117000,129.24,"27-Jul-2026",98,"",""
"1538","KARURVYSYA","EQ",341,344.75,335.7,339.65,339,338.9,2727470,9269.9,"27-Jul-2026",60308,"",""
"1539","KATARIA","SM",99.95,99.95,99.95,99.95,99.95,98.3,600,0.6,"27-Jul-2026",1,"",""
"1540","KAUSHALYA","BE",910,920,880,909.5,909,895,118,1.08,"27-Jul-2026",22,"",""
"1541","KAVDEFENCE","EQ",56.51,58.59,56.51,57.37,57.61,57.06,45791,26.39,"27-Jul-2026",858,"",""
"1542","KAYA","EQ",285,287.99,281.02,282.22,284.39,282.63,24755,70.19,"27-Jul-2026",579,"",""
"1543","KAYNES","EQ",3211,3224.9,3173,3181.3,3181,3176.2,614724,19620.3,"27-Jul-2026",39358,"",""
"1544","KAYTEX","SM",59,60,58.25,58.5,58.5,59,14400,8.51,"27-Jul-2026",11,"",""
"1545","KCEIL","SM",89.15,96.1,89.15,92.65,93,87.6,33000,30.64,"27-Jul-2026",59,"",""
"1546","KCK","SM",18,18,17,17.3,17.15,17.7,570000,99.49,"27-Jul-2026",117,"",""
"1547","KCP","EQ",163.7,165.98,161.66,162.55,162.4,162.64,98347,160.57,"27-Jul-2026",1743,"",""
"1548","KCPSUGIND","EQ",28.7,32.84,28.21,32.08,32,27.85,3727198,1159.93,"27-Jul-2026",22316,"",""
"1549","KDDL","EQ",3182.2,3219.9,3070,3119,3120,3135.2,11663,367.12,"27-Jul-2026",2150,"",""
"1550","KDL","SM",118.2,118.2,113.15,114.3,114,118.15,16350,18.95,"27-Jul-2026",72,"",""
"1551","KEC","EQ",475.95,476,464.05,464.6,464.5,469.9,947596,4430.82,"27-Jul-2026",22012,"",""
"1552","KECL","EQ",126.9,137.33,126.9,137.33,137.33,124.85,418474,565.55,"27-Jul-2026",2529,"",""
"1553","KEEPLEARN","EQ",1.9,1.98,1.71,1.9,1.93,1.85,149543,2.79,"27-Jul-2026",136,"",""
"1554","KEI","EQ",4902,4945,4850,4873,4861,4868,136296,6675.91,"27-Jul-2026",20881,"",""
"1555","KEL","SM",80,80,78,78.1,78.1,81.45,12000,9.48,"27-Jul-2026",9,"",""
"1556","KELLTONTEC","EQ",14.22,14.69,14.02,14.1,14.11,14.09,1690609,240.57,"27-Jul-2026",3292,"",""
"1557","KEN","SM",36.1,36.1,35.2,35.2,35.2,35,3600,1.28,"27-Jul-2026",3,"",""
"1558","KENNAMET","EQ",2783.4,2860.5,2783.4,2837.3,2830.5,2782.9,24487,693.69,"27-Jul-2026",2816,"",""
"1559","KERNEX","EQ",2215,2337,2208,2321.2,2317,2205.2,215636,4948.22,"27-Jul-2026",15448,"",""
"1560","KESORAMIND","BE",11.66,12.1,11.14,11.45,11.6,11.72,637264,72.63,"27-Jul-2026",857,"",""
"1561","KEYFINSERV","EQ",267.89,267.89,255.1,259.08,259,253.89,1589,4.1,"27-Jul-2026",52,"",""
"1562","KFINTECH","EQ",872.35,955.3,862,949.25,948.1,857.75,10620157,98640.3,"27-Jul-2026",161390,"",""
"1563","KHADIM","BE",95.8,98.75,93.1,93.71,94.5,94.13,59802,57.33,"27-Jul-2026",1286,"",""
"1564","KHAICHEM","EQ",49.4,50.9,48.6,48.86,48.95,47.95,166939,82.97,"27-Jul-2026",1186,"",""
"1565","KHAITANLTD","BE",128.8,130.89,128.8,130.83,130.89,128.83,385,0.5,"27-Jul-2026",10,"",""
"1566","KHANDSE","EQ",17.83,17.83,17,17.2,17.37,17.83,5348,0.93,"27-Jul-2026",46,"",""
"1567","KHFM","SM",44.8,47.8,44.7,47.8,47.8,44.7,6200,2.82,"27-Jul-2026",3,"",""
"1568","KICL","EQ",5300,5475,5300,5445.5,5390,5298,1682,90.86,"27-Jul-2026",331,"",""
"1569","KILITCH","BE",181.9,189,175,180.85,181.99,180.01,54695,98.39,"27-Jul-2026",276,"",""
"1570","KIMS","EQ",801.95,805.95,790.1,800.45,802.4,797.85,392176,3128.45,"27-Jul-2026",20583,"",""
"1571","KINGFA","EQ",5114,5484.5,5101,5128.5,5101,5212,18705,982.99,"27-Jul-2026",4373,"",""
"1572","KIOCL","EQ",352,359.2,352,355.35,354.1,348.75,63446,225.89,"27-Jul-2026",3046,"",""
"1573","KIRANVYPAR","EQ",201.32,202,199,201,201,200.32,246,0.49,"27-Jul-2026",23,"",""
"1574","KIRIINDUS","EQ",409,414.2,407,410.8,410,405.55,126856,521.09,"27-Jul-2026",3379,"",""
"1575","KIRLFER","EQ",471.2,484.3,468.2,480.95,483,470.65,109886,525.84,"27-Jul-2026",5951,"",""
"1576","KIRLOSBROS","EQ",1837,1859.5,1790,1833.5,1834.7,1836.1,62726,1143.62,"27-Jul-2026",8862,"",""
"1577","KIRLOSENG","EQ",2190,2298,2141,2283.1,2275,2182.5,537005,12067.1,"27-Jul-2026",51009,"",""
"1578","KIRLOSIND","EQ",3851,3855.4,3784.2,3807.2,3811.3,3787.7,2617,100.05,"27-Jul-2026",737,"",""
"1579","KIRLPNU","EQ",1494.1,1539.8,1461.9,1489.6,1490,1497.1,200249,2986.33,"27-Jul-2026",22205,"",""
"1580","KISSHT","EQ",341.8,351.5,339.1,342.25,344,340.15,1766690,6124.55,"27-Jul-2026",32313,"",""
"1581","KITEX","EQ",147.04,150.97,146.41,147.18,146.7,147.04,420805,624.48,"27-Jul-2026",4633,"",""
"1582","KKCL","EQ",509.4,513.45,498,501.95,498,502.3,35517,179.84,"27-Jul-2026",1679,"",""
"1583","KKJEWELS","SM",104,107,102.3,106.9,107,104.05,12000,12.63,"27-Jul-2026",11,"",""
"1584","KLBRENG-B","EQ",442.15,444.35,437,439.65,440,439.5,52812,232.24,"27-Jul-2026",2300,"",""
"1585","KLL","SM",28.6,28.6,27.9,28.15,28.4,29.1,16800,4.72,"27-Jul-2026",16,"",""
"1586","KMEW","EQ",2430.3,2478.9,2400,2427.8,2445,2430.3,39707,970.59,"27-Jul-2026",7716,"",""
"1587","KMSUGAR","EQ",27.81,28.8,27.81,28.33,28.26,27.66,110779,31.43,"27-Jul-2026",1187,"",""
"1588","KNACK","EQ",196.75,205.74,196,197.35,197,194.88,2296861,4621.15,"27-Jul-2026",24070,"",""
"1589","KNAGRI","EQ",219,227,212.43,221.46,222.9,213.64,24096,53.01,"27-Jul-2026",665,"",""
"1590","KNRCON","EQ",122.25,123.01,121.5,122.58,122.3,121.22,343142,419.86,"27-Jul-2026",5564,"",""
"1591","KODYTECH","SM",1257,1345.3,1257,1345.3,1345.3,1223,24700,324.28,"27-Jul-2026",197,"",""
"1592","KOHINOOR","EQ",22.98,23.39,22.93,23.21,23.29,22.92,81373,18.85,"27-Jul-2026",2138,"",""
"1593","KOKUYOCMLN","EQ",86.7,86.7,83.89,85.86,85.9,83.87,16269,13.85,"27-Jul-2026",225,"",""
"1594","KOLTEPATIL","EQ",398,398,384.6,386.6,388,391.25,38187,148.6,"27-Jul-2026",1798,"",""
"1595","KONSTELEC","ST",64.35,65.5,61.2,62,62,64.35,9000,5.68,"27-Jul-2026",8,"",""
"1596","KOPRAN","BE",201.9,204,197.99,201.21,200.5,198.74,51205,103.35,"27-Jul-2026",449,"",""
"1597","KORE","SM",165,177.6,160,177.2,177.45,167.5,5750,9.89,"27-Jul-2026",20,"",""
"1598","KOTAKBANK","EQ",386,388.75,383.55,384.65,386,384.75,16710096,64342.61,"27-Jul-2026",208906,"",""
"1599","KOTARISUG","EQ",24.15,24.94,24.15,24.84,24.9,24.45,39790,9.86,"27-Jul-2026",231,"",""
"1600","KOTHARIPET","EQ",132.36,138.5,132.36,136.07,136.06,131.82,121244,165.24,"27-Jul-2026",2095,"",""
"1601","KOTHARIPRO","EQ",69.8,69.8,67.65,68.25,68.93,68.08,4791,3.27,"27-Jul-2026",106,"",""
"1602","KOTIC","EQ",163,176,163,164.82,167,163,10204,17.12,"27-Jul-2026",476,"",""
"1603","KOTYARK","BE",31.96,32.35,30.25,31.97,32.33,31.82,111439,34.63,"27-Jul-2026",386,"",""
"1604","KOVAI","EQ",5848,5900.5,5760.5,5844,5790,5845,3319,193.88,"27-Jul-2026",1172,"",""
"1605","KPEL","EQ",303.95,315.5,301.95,311.15,310.5,302.8,162993,502.21,"27-Jul-2026",4458,"",""
"1606","KPIGREEN","EQ",391.75,398,391.5,392.45,392,390.2,307348,1209.99,"27-Jul-2026",9917,"",""
"1607","KPIL","EQ",1305.8,1312,1278,1298.4,1300,1299.9,161452,2086.47,"27-Jul-2026",16873,"",""
"1608","KPITTECH","EQ",585.7,594.1,580.7,585.2,585,583.2,5068869,29726.24,"27-Jul-2026",55732,"",""
"1609","KPL","EQ",2829.9,2830,2700.9,2708,2705.9,2781.7,19615,541.39,"27-Jul-2026",3398,"",""
"1610","KPRMILL","EQ",1076,1079.9,1048.2,1056,1058,1061.5,225674,2389.28,"27-Jul-2026",19548,"",""
"1611","KRBL","EQ",351.45,356,349.5,350.55,349.65,350.75,157363,553.58,"27-Jul-2026",4762,"",""
"1612","KREBSBIO","EQ",53.3,56.77,53.3,55.5,55.5,51.9,4036,2.24,"27-Jul-2026",69,"",""
"1613","KRIDHANINF","BE",2.32,2.5,2.32,2.34,2.35,2.44,69254,1.62,"27-Jul-2026",60,"",""
"1614","KRISHANA","EQ",163.75,169.45,160.55,167.65,167.25,162.05,2829905,4700.26,"27-Jul-2026",18203,"",""
"1615","KRISHCA","SM",173,173,162,164.75,165,170,34000,56.61,"27-Jul-2026",53,"",""
"1616","KRISHIVAL","EQ",395,397.5,385.9,390.75,393,387.55,8398,32.8,"27-Jul-2026",351,"",""
"1617","KRISHNADEF","EQ",1334.3,1367.9,1290,1295.9,1290,1316.8,105239,1393.69,"27-Jul-2026",7901,"",""
"1618","KRITI","BE",64,66.8,64,64.64,64.5,64.25,9157,5.97,"27-Jul-2026",63,"",""
"1619","KRITIKA","EQ",5.47,5.65,5.4,5.52,5.5,5.47,154171,8.51,"27-Jul-2026",362,"",""
"1620","KRITINUT","EQ",75.7,79.5,75.7,78.71,76.6,75.21,5193,4.03,"27-Jul-2026",69,"",""
"1621","KRMAYURVED","ST",253.5,259.6,253.3,255,255,255.3,44000,113.03,"27-Jul-2026",35,"",""
"1622","KRN","BE",1255,1265,1231.5,1244.6,1241.2,1233.9,49483,618.12,"27-Jul-2026",3606,"",""
"1623","KRONOX","EQ",159.59,159.59,153.21,155.55,156,154.39,102020,158.86,"27-Jul-2026",2130,"",""
"1624","KROSS","EQ",205,205,189,190.31,191.5,206.13,1456808,2828.1,"27-Jul-2026",25307,"",""
"1625","KRSNAA","EQ",545.35,549.9,539.7,542.1,542.35,544.8,72447,393.98,"27-Jul-2026",6454,"",""
"1626","KRT","RR",116.99,118.39,116.25,118.04,118.3,116.69,350586,410.83,"27-Jul-2026",6120,"",""
"1627","KRYSTAL","EQ",604.45,604.75,600,600.3,600.3,601.4,9369,56.3,"27-Jul-2026",185,"",""
"1628","KSB","EQ",874.95,889,859.15,877.4,874,866.05,141045,1238.72,"27-Jul-2026",14336,"",""
"1629","KSCL","EQ",846,847.4,831,832.7,832.8,835.5,39047,326.71,"27-Jul-2026",2838,"",""
"1630","KSHINTL","EQ",892.8,899.7,881.05,885.1,886,888.45,72826,647.37,"27-Jul-2026",6153,"",""
"1631","KSHITIJPOL","BE",3,3,2.72,3,3,2.86,3450046,98.91,"27-Jul-2026",2306,"",""
"1632","KSL","EQ",895.8,906.8,886.3,895.95,897,892.95,23019,206.13,"27-Jul-2026",2247,"",""
"1633","KSOLVES","EQ",283,286.5,278,279.5,278.1,280.9,35524,99.68,"27-Jul-2026",1925,"",""
"1634","KSR","EQ",30.11,30.69,28.21,28.51,28.79,29.52,21014,6.07,"27-Jul-2026",159,"",""
"1635","KTKBANK","EQ",280,287,280,285.55,286.5,279.7,3550008,10103.5,"27-Jul-2026",30100,"",""
"1636","KUANTUM","EQ",79.5,83.38,79.5,80.17,79.98,77.36,213786,173.15,"27-Jul-2026",2643,"",""
"1637","KUSUMGAR","EQ",609.05,623.95,573,575.2,574.95,601.35,1108662,6583.64,"27-Jul-2026",32942,"",""
"1638","KWIL","EQ",32.44,32.48,31.39,31.5,31.5,32,5030799,1596.29,"27-Jul-2026",15450,"",""
"1639","LAGNAM","EQ",90.31,92.01,88.8,90.38,91.23,90.31,25151,22.67,"27-Jul-2026",200,"",""
"1640","LAKPRE","BZ",5.18,5.2,4.82,5,5,5.05,2402,0.12,"27-Jul-2026",10,"",""
"1641","LAKSHYA","SM",97.2,97.2,93.8,93.8,93.8,95.75,5600,5.33,"27-Jul-2026",7,"",""
"1642","LAL","EQ",8.38,8.67,7.99,8.1,8.2,8.38,67053,5.54,"27-Jul-2026",209,"",""
"1643","LALPATHLAB","EQ",1800.4,1894.9,1793,1827.2,1820,1759.2,2106429,39206.28,"27-Jul-2026",131764,"",""
"1644","LAMBODHARA","EQ",114.99,115,111.63,114.21,115,112.27,2211,2.52,"27-Jul-2026",53,"",""
"1645","LAMOSAIC","ST",48.95,50,46.1,49.65,47.75,48.3,124800,60.83,"27-Jul-2026",62,"",""
"1646","LANCORHOL","EQ",25.51,26.19,25.06,25.3,25.51,25.81,54742,13.95,"27-Jul-2026",857,"",""
"1647","LANDMARK","EQ",534,542,520.05,538.5,537.8,512.8,678636,3625.03,"27-Jul-2026",20689,"",""
"1648","LANDSMILL","EQ",0.75,0.89,0.75,0.82,0.83,0.75,15689177,130.33,"27-Jul-2026",2143,"",""
"1649","LAOPALA","EQ",185.51,190.11,184.2,185.87,185.8,184.35,88612,165.1,"27-Jul-2026",4860,"",""
"1650","LASA","EQ",6.98,7.18,6.76,6.82,6.86,6.94,22892,1.57,"27-Jul-2026",148,"",""
"1651","LASERPOWER","EQ",315.55,317,298,306.22,308.48,307.52,5223714,16002.84,"27-Jul-2026",54003,"",""
"1652","LATENTVIEW","EQ",299,321.1,299,313.85,314.05,296.05,5284442,16721.93,"27-Jul-2026",74082,"",""
"1653","LATTEYS","BE",20.4,20.95,19.5,20,20,20.4,52419,10.4,"27-Jul-2026",206,"",""
"1654","LAURUSLABS","EQ",1624.8,1734.5,1617.1,1713.4,1711,1601.2,7989771,135167.04,"27-Jul-2026",185888,"",""
"1655","LAXMICOT","EQ",14.5,14.99,14.25,14.37,14.4,14.12,26446,3.83,"27-Jul-2026",70,"",""
"1656","LAXMIDENTL","EQ",218,223,217,218.05,217.7,216.44,145098,317.12,"27-Jul-2026",2116,"",""
"1657","LAXMIINDIA","BE",131.49,131.49,127,128.52,128.8,129.12,62891,80.99,"27-Jul-2026",463,"",""
"1658","LCCINFOTEC","EQ",4.57,4.57,4.17,4.34,4.36,4.38,63940,2.77,"27-Jul-2026",151,"",""
"1659","LEMERITE","EQ",20.87,21.41,20.79,21.33,21.4,20.5,530355,111.5,"27-Jul-2026",1125,"",""
"1660","LEMONTREE","EQ",110.36,112.9,110.36,111.82,111.7,109.36,1685106,1884.66,"27-Jul-2026",30239,"",""
"1661","LENSKART","EQ",558,574.7,558,572,572,555.9,4051944,23058.07,"27-Jul-2026",80024,"",""
"1662","LEXUS","EQ",15.28,15.35,14.8,14.97,14.8,15.13,12698,1.9,"27-Jul-2026",148,"",""
"1663","LFIC","EQ",145,149,135.51,144.89,143.05,143.3,1339,1.95,"27-Jul-2026",45,"",""
"1664","LGBBROSLTD","EQ",1540.4,1575,1536.7,1553.8,1555.6,1540.4,17755,276.6,"27-Jul-2026",2227,"",""
"1665","LGEINDIA","EQ",1529.9,1539.9,1522,1526.8,1528,1527.2,97519,1490.85,"27-Jul-2026",7870,"",""
"1666","LGHL","EQ",206,212.99,204,205.19,204,203.91,20414,42.21,"27-Jul-2026",267,"",""
"1667","LIBAS","EQ",10.55,10.55,10.02,10.12,10.18,10.04,31100,3.16,"27-Jul-2026",117,"",""
"1668","LIBERTSHOE","EQ",264,272,259.4,269,268.9,258.25,98288,263.68,"27-Jul-2026",3972,"",""
"1669","LICHSGFIN","EQ",542.4,553.5,541.1,551.75,552,538.95,763125,4184.85,"27-Jul-2026",18157,"",""
"1670","LICI","EQ",422.1,427.35,422.1,424.35,425,421.3,1064234,4518.98,"27-Jul-2026",17470,"",""
"1671","LICMFGOLD","EQ",129.4,129.8,128.8,129.05,129.05,128.7,27101,35.07,"27-Jul-2026",444,"",""
"1672","LICNETFGSC","EQ",29.5,29.73,29.36,29.46,29.46,29.36,62005,18.27,"27-Jul-2026",114,"",""
"1673","LICNETFN50","EQ",268.02,269,267.83,268.51,268.51,266.3,302,0.81,"27-Jul-2026",27,"",""
"1674","LICNETFSEN","EQ",840.51,866.91,840.51,866.91,866.91,862.07,13,0.11,"27-Jul-2026",4,"",""
"1675","LICNFNHGP","EQ",273.44,275.39,273.44,275.1,275.38,273.4,129,0.35,"27-Jul-2026",17,"",""
"1676","LICNMID100","EQ",62.07,62.82,62.07,62.62,62.62,62.07,7581,4.74,"27-Jul-2026",85,"",""
"1677","LIKHITHA","EQ",224,236,216.8,230.3,227,226.6,36538,84.01,"27-Jul-2026",1365,"",""
"1678","LINC","EQ",101.56,104.37,101.56,102.83,102.71,102.67,19327,19.91,"27-Jul-2026",430,"",""
"1679","LINCOLN","EQ",584,592.45,578.1,582.1,583.7,580,12914,75.52,"27-Jul-2026",1113,"",""
"1680","LINDEINDIA","EQ",6752,6810,6726,6766.5,6779,6731,17244,1166.58,"27-Jul-2026",4973,"",""
"1681","LIQGRWBEES","EQ",1049.18,1049.2,1049.18,1049.18,1049.18,1049.05,33787,354.49,"27-Jul-2026",177,"",""
"1682","LIQUID","EQ",999.99,1000,999.99,999.99,1000,999.99,219929,2199.29,"27-Jul-2026",134,"",""
"1683","LIQUID1","EQ",1115.21,1116.5,1115.2,1115.35,1115.36,1115.2,617354,6885.73,"27-Jul-2026",431,"",""
"1684","LIQUIDADD","EQ",1137.49,1137.51,1137.49,1137.49,1137.49,1137.35,646698,7356.16,"27-Jul-2026",452,"",""
"1685","LIQUIDBEES","EQ",1000.97,1000.97,999.99,999.99,1000,999.99,2867011,28670.02,"27-Jul-2026",3961,"",""
"1686","LIQUIDBETA","EQ",1001.72,1001.72,1001.72,1001.72,1001.72,1001.57,2,0.02,"27-Jul-2026",1,"",""
"1687","LIQUIDBETF","EQ",1091.96,1091.98,1091.96,1091.97,1091.97,1091.81,112886,1232.68,"27-Jul-2026",121,"",""
"1688","LIQUIDCASE","EQ",115.18,115.2,115.18,115.19,115.18,115.17,13555490,15614.41,"27-Jul-2026",10837,"",""
"1689","LIQUIDETF","EQ",999.99,1000.01,999.99,999.99,1000,1000,54978,549.78,"27-Jul-2026",202,"",""
"1690","LIQUIDIETF","EQ",1000,1000.01,999.99,999.99,999.99,999.99,274535,2745.34,"27-Jul-2026",331,"",""
"1691","LIQUIDPLUS","EQ",1094.92,1096.18,1094,1096.16,1096.16,1096.02,734165,8047.68,"27-Jul-2026",251,"",""
"1692","LIQUIDSBI","EQ",1000,1000.01,999.99,999.99,999.99,1000,6202,62.02,"27-Jul-2026",34,"",""
"1693","LIQUIDSHRI","EQ",1114.7,1114.7,1114.68,1114.68,1114.68,1114.54,1652,18.41,"27-Jul-2026",29,"",""
"1694","LLOYDS","ST",70.5,70.5,67,67,67,70.5,4000,2.72,"27-Jul-2026",4,"",""
"1695","LLOYDSENGG","EQ",89.05,92,89.05,91.33,91.31,88.42,9220184,8412.92,"27-Jul-2026",31777,"",""
"1696","LLOYDSENT","EQ",78.69,82,78.56,81.64,81.6,78.04,5630540,4569.51,"27-Jul-2026",23374,"",""
"1697","LLOYDSME","EQ",1959.4,2037,1928,2014.9,2013.9,1940.5,1480673,29634.41,"27-Jul-2026",48389,"",""
"1698","LMW","EQ",15799,16249,15670,16140,16218,15763,4554,726.38,"27-Jul-2026",1385,"",""
"1699","LODHA","EQ",1155,1207,1150.1,1198.7,1204.45,1144.1,4971286,59030.16,"27-Jul-2026",119386,"",""
"1700","LOKESHMACH","BE",339,339,334.35,335,335,339,16831,56.37,"27-Jul-2026",81,"",""
"1701","LORDSCHLO","EQ",153,162.46,150.09,157.86,160.01,149.05,135332,214.64,"27-Jul-2026",2485,"",""
"1702","LOTUSDEV","EQ",182.74,188.4,182.15,187.95,187.82,180.39,7601080,14141.66,"27-Jul-2026",19494,"",""
"1703","LOTUSEYE","EQ",118.5,125.46,118,118.95,118.87,119.06,65528,79.26,"27-Jul-2026",1052,"",""
"1704","LOVABLE","EQ",72.95,73.4,70.6,71.21,71.45,71.96,17873,12.76,"27-Jul-2026",363,"",""
"1705","LOWVOL","EQ",206.62,208.15,206.62,208.11,208.11,205.73,79,0.16,"27-Jul-2026",7,"",""
"1706","LOWVOL1","EQ",20.91,21.32,20.91,21.25,21.32,20.95,796393,169.39,"27-Jul-2026",247,"",""
"1707","LOWVOLIETF","EQ",22.33,22.33,22.18,22.29,22.27,22.08,3774766,839.87,"27-Jul-2026",1624,"",""
"1708","LOYALTEX","EQ",205,205,193,203.94,204,205.05,104,0.21,"27-Jul-2026",10,"",""
"1709","LPDC","EQ",6.1,6.42,6,6.11,6.26,6.1,28889,1.76,"27-Jul-2026",105,"",""
"1710","LRRPL","SM",86,86,86,86,86,86.05,1500,1.29,"27-Jul-2026",1,"",""
"1711","LT","EQ",3820,3837.3,3798.7,3806,3808,3785.6,1454211,55528.11,"27-Jul-2026",70922,"",""
"1712","LTF","EQ",305,312.85,305,312.25,312.8,302.4,5922451,18436.09,"27-Jul-2026",42903,"",""
"1713","LTFOODS","EQ",377.7,380,375.15,376.4,376.25,375.6,314585,1186.07,"27-Jul-2026",23363,"",""
"1714","LTGILTBEES","EQ",30.35,30.46,29.7,29.98,29.98,29.86,1259216,377.44,"27-Jul-2026",658,"",""
"1715","LTGILTCASE","EQ",30.54,30.54,30.47,30.53,30.54,30.45,108123,33.02,"27-Jul-2026",486,"",""
"1716","LTM","EQ",4119.5,4215,4115,4190.8,4181.3,4091.8,468632,19597.18,"27-Jul-2026",39314,"",""
"1717","LTTS","EQ",3464,3519,3444.1,3498.1,3500,3418.1,106805,3725.42,"27-Jul-2026",12174,"",""
"1718","LUMAXIND","EQ",5198,5272.5,5152.5,5182,5197.5,5142,6273,326.46,"27-Jul-2026",1868,"",""
"1719","LUMAXTECH","EQ",1465.8,1524.8,1465.8,1493.9,1492.4,1465.8,106677,1599.06,"27-Jul-2026",10908,"",""
"1720","LUPIN","EQ",2371,2432.1,2368.1,2410,2410,2370.5,1179096,28428.09,"27-Jul-2026",61157,"",""
"1721","LUXIND","EQ",1228.9,1255,1227.1,1246.6,1246,1226.6,15993,198.46,"27-Jul-2026",1498,"",""
"1722","LXCHEM","EQ",191,193.98,185.46,193.05,193,182.28,3877963,7397.12,"27-Jul-2026",39701,"",""
"1723","LYKALABS","BE",63.99,65.4,63.5,64.41,64.2,62.53,8337,5.38,"27-Jul-2026",80,"",""
"1724","M&M","EQ",3183,3246.8,3179,3238.6,3240,3161.4,2264570,72897.11,"27-Jul-2026",103100,"",""
"1725","M&MFIN","EQ",361,369,356.6,363,361,356.5,3518187,12777.3,"27-Jul-2026",47977,"",""
"1726","MAANALU","EQ",113.6,116.88,113.6,114.21,114.9,114.86,26594,30.6,"27-Jul-2026",558,"",""
"1727","MACOBSTECH","SM",207,207,207,207,207,207.1,25600,52.99,"27-Jul-2026",13,"",""
"1728","MACPOWER","EQ",1348,1399.6,1307,1318.3,1330,1344.5,9734,130.47,"27-Jul-2026",1481,"",""
"1729","MADHAV","EQ",33.79,35.42,33.7,33.79,33.71,33.79,8781,2.99,"27-Jul-2026",40,"",""
"1730","MADHAVBAUG","ST",196,196,191.9,191.9,191.9,202,1600,3.1,"27-Jul-2026",4,"",""
"1731","MADHAVIPL","EQ",7.89,8.09,7.61,7.81,7.75,7.85,116737,9.17,"27-Jul-2026",345,"",""
"1732","MADHUCON","BE",5.31,5.5,5.15,5.35,5.39,5.31,4989,0.27,"27-Jul-2026",41,"",""
"1733","MADHUSUDAN","ST",240,243.9,235,237.65,235.2,233,56000,134.47,"27-Jul-2026",48,"",""
"1734","MADRASFERT","EQ",65.7,67.29,65.7,66.55,66.07,66.35,38460,25.65,"27-Jul-2026",568,"",""
"1735","MAFANG","EQ",192.54,192.54,192.54,192.54,192.54,196.13,201030,387.06,"27-Jul-2026",329,"",""
"1736","MAFATIND","EQ",134.9,135,133.65,134.51,135,132.9,19820,26.63,"27-Jul-2026",507,"",""
"1737","MAGADSUGAR","EQ",490.95,503.95,485,489.05,485,493.85,6443,31.7,"27-Jul-2026",578,"",""
"1738","MAGNUM","EQ",19.9,20.25,19.01,19.85,20.25,19.42,180562,35.63,"27-Jul-2026",353,"",""
"1739","MAGSON","SM",182,182,182,182,182,180,1000,1.82,"27-Jul-2026",1,"",""
"1740","MAHABANK","EQ",81.54,82.29,79.94,80.63,80.8,81.03,13344525,10786.28,"27-Jul-2026",61392,"",""
"1741","MAHAPEXLTD","EQ",43.07,45,43.07,44.49,45,43.53,7027,3.11,"27-Jul-2026",55,"",""
"1742","MAHASTEEL","EQ",751.35,787.45,742,769.2,760,757.35,9571,73.47,"27-Jul-2026",597,"",""
"1743","MAHEPC","EQ",105.6,110.38,105.6,108.04,108.41,105.38,81080,87.85,"27-Jul-2026",1298,"",""
"1744","MAHESHWARI","BE",73.5,73.5,72.11,73.5,73.5,73.15,6559,4.79,"27-Jul-2026",27,"",""
"1745","MAHICKRA","SM",264.95,265,264.95,265,265,257.95,1500,3.97,"27-Jul-2026",2,"",""
"1746","MAHKTECH","EQ",23.08,23.31,23.08,23.31,23.31,23.16,741183,172.64,"27-Jul-2026",5152,"",""
"1747","MAHLIFE","EQ",380,384.05,373.3,380.25,377.9,374.65,485785,1838.46,"27-Jul-2026",14704,"",""
"1748","MAHLOG","EQ",417,431.9,412.95,419.1,417.1,416.35,920860,3893.36,"27-Jul-2026",24256,"",""
"1749","MAHSCOOTER","EQ",12651,13158,12651,12986,13045,12672,3651,471.8,"27-Jul-2026",1251,"",""
"1750","MAHSEAMLES","EQ",574.6,581.4,573.4,576.85,579.85,571.55,30834,178.29,"27-Jul-2026",3298,"",""
"1751","MAITHANALL","EQ",965,983,961.8,966.3,968,959.3,22763,220.54,"27-Jul-2026",2001,"",""
"1752","MAITREYA","SM",128.6,128.6,119.85,120,119.85,138,26800,32.55,"27-Jul-2026",47,"",""
"1753","MAJESAUT","EQ",430,435,426.15,429.15,430,422.8,18307,78.68,"27-Jul-2026",982,"",""
"1754","MAKEINDIA","EQ",161.85,163.15,161.73,163.08,162.68,161.52,24626,40.11,"27-Jul-2026",351,"",""
"1755","MAL","SM",32.35,32.5,32.35,32.4,32.5,32,6400,2.08,"27-Jul-2026",4,"",""
"1756","MALLCOM","EQ",1032,1038.9,989.1,999.4,989.1,1038.9,2568,25.92,"27-Jul-2026",372,"",""
"1757","MALUPAPER","EQ",36,37.4,35,35.2,35.03,35.68,114211,41.42,"27-Jul-2026",666,"",""
"1758","MAMATA","EQ",398,398,379.1,380.75,381.9,395.45,56905,219.29,"27-Jul-2026",1790,"",""
"1759","MANAKALUCO","EQ",35.58,36.69,34.97,35.2,35.2,35.23,32269,11.45,"27-Jul-2026",569,"",""
"1760","MANAKCOAT","EQ",126.01,129.27,125.13,126.11,125.55,126.02,574875,728.82,"27-Jul-2026",3025,"",""
"1761","MANAKSIA","EQ",55.82,58.97,55.26,56.02,56.09,55.82,13352,7.55,"27-Jul-2026",306,"",""
"1762","MANAKSTEEL","EQ",73,73.5,69.5,69.97,70,70.72,22889,16.15,"27-Jul-2026",221,"",""
"1763","MANALIPETC","EQ",67.75,68.5,66,66.97,67,66.77,665825,447.95,"27-Jul-2026",4984,"",""
"1764","MANAPPURAM","EQ",356,361.5,354.65,359.85,360.1,352.95,3881990,13874.4,"27-Jul-2026",42137,"",""
"1765","MANAV","SM",28.4,28.4,28.4,28.4,28.4,29.85,4000,1.14,"27-Jul-2026",1,"",""
"1766","MANBA","EQ",141,151,138,146.37,149.2,138.21,2948629,4298.38,"27-Jul-2026",31045,"",""
"1767","MANCREDIT","EQ",225,244.88,217.35,222.3,221,215.03,1930672,4531.55,"27-Jul-2026",24229,"",""
"1768","MANDEEP","SM",19.8,19.95,19.8,19.95,19.95,19.95,6000,1.19,"27-Jul-2026",3,"",""
"1769","MANGALAM","EQ",27.22,27.79,27.07,27.42,27.43,27.22,8630,2.35,"27-Jul-2026",98,"",""
"1770","MANGLMCEM","EQ",985.05,997.2,981,984.7,984.65,984.05,13172,130.22,"27-Jul-2026",641,"",""
"1771","MANINDS","EQ",533.9,543.75,524.05,526.8,529.5,527.35,188808,1005.74,"27-Jul-2026",7847,"",""
"1772","MANINFRA","EQ",97.15,98.93,97.15,98.38,98.9,96.68,303888,298.35,"27-Jul-2026",2138,"",""
"1773","MANKIND","EQ",2513,2559,2513,2551.6,2558,2507.2,185805,4729.59,"27-Jul-2026",16882,"",""
"1774","MANOMAY","EQ",202.5,208,202.5,206.46,207.75,202.68,203755,419.76,"27-Jul-2026",1489,"",""
"1775","MANORAMA","EQ",1595.5,1674,1591.7,1658.9,1657,1585.5,286631,4731.27,"27-Jul-2026",19169,"",""
"1776","MANORG","BE",523.1,537,523.1,526.25,524,523.6,1386,7.38,"27-Jul-2026",58,"",""
"1777","MANUFGBEES","EQ",159.91,161.16,159.91,160.99,160.3,159.47,2641,4.24,"27-Jul-2026",61,"",""
"1778","MANUGRAPH","BE",13.89,13.89,12.84,13.09,13.6,13.51,7659,1,"27-Jul-2026",43,"",""
"1779","MANYAVAR","EQ",412.9,419.9,397.2,410.3,407.1,402.3,685960,2801.78,"27-Jul-2026",34245,"",""
"1780","MAPMYINDIA","EQ",1135,1167.95,1128,1132.1,1134.3,1117.1,309716,3561.37,"27-Jul-2026",20720,"",""
"1781","MARALOVER","BE",56.05,58.8,56.05,58.7,58.8,56,28139,16.34,"27-Jul-2026",231,"",""
"1782","MARATHON","EQ",386.1,394.5,383.4,388.7,390,382.75,86840,338.34,"27-Jul-2026",2601,"",""
"1783","MARC","SM",119.1,123,114,115.55,115,120.85,28800,34.32,"27-Jul-2026",24,"",""
"1784","MARCO","SM",33.5,33.5,32.9,32.9,32.9,34.5,4500,1.5,"27-Jul-2026",3,"",""
"1785","MARICO","EQ",862,864.6,852,858.65,859.3,855.6,1006199,8628.25,"27-Jul-2026",25597,"",""
"1786","MARINE","EQ",259.9,271.8,256.25,269.95,270.3,254.8,1123801,2976.62,"27-Jul-2026",17430,"",""
"1787","MARKOLINES","EQ",177.85,182.09,176,178.36,176.9,175.85,161933,291.26,"27-Jul-2026",1818,"",""
"1788","MARKSANS","EQ",248,265.5,247.75,263.4,264.1,246.3,2396136,6217.92,"27-Jul-2026",37556,"",""
"1789","MARSONS","EQ",111.75,113.99,110.5,111.86,111.69,109.92,1816057,2043.16,"27-Jul-2026",9752,"",""
"1790","MARUSHIKA","SM",89.15,99,89.15,94,94,94.5,15600,15.02,"27-Jul-2026",10,"",""
"1791","MARUTI","EQ",13579,13760,13501,13730,13730,13442,333477,45512.56,"27-Jul-2026",53523,"",""
"1792","MASFIN","EQ",316.95,323.8,315.15,318.3,317.1,313.55,89217,284.21,"27-Jul-2026",3686,"",""
"1793","MASKINVEST","BE",147,153,144,151,151,147.1,203,0.3,"27-Jul-2026",4,"",""
"1794","MASON","SM",128,128,121.6,125.25,125,120,21500,26.76,"27-Jul-2026",29,"",""
"1795","MASPTOP50","EQ",78.09,78.09,78.09,78.09,78.09,79.53,54798,42.79,"27-Jul-2026",157,"",""
"1796","MASTEK","EQ",1700.2,1750,1700.2,1731.6,1735,1690.9,67476,1169.18,"27-Jul-2026",10378,"",""
"1797","MASTER","SM",441,441,441,441,441,432,500,2.21,"27-Jul-2026",1,"",""
"1798","MASTERTR","EQ",84.89,85.8,83.25,84.14,83.9,84.71,197521,167.3,"27-Jul-2026",1156,"",""
"1799","MATRIMONY","EQ",421.85,437.95,421.85,429.3,425,426.05,10255,43.89,"27-Jul-2026",437,"",""
"1800","MAWANASUG","BE",110.2,112.5,108,109.44,110,110.11,42294,46.41,"27-Jul-2026",249,"",""
"1801","MAXESTATES","EQ",390,399.9,385.5,395.45,396,387.15,34563,136.81,"27-Jul-2026",2141,"",""
"1802","MAXHEALTH","EQ",1086.9,1119.8,1085.4,1114.6,1116.1,1080.4,1759824,19451.65,"27-Jul-2026",50133,"",""
"1803","MAXIND","EQ",186.7,189.13,180,184.96,185.4,182.11,562325,1044.34,"27-Jul-2026",7658,"",""
"1804","MAXVOLT","ST",347.4,347.4,327.05,327.7,327.45,344.25,58800,196.68,"27-Jul-2026",141,"",""
"1805","MAYURUNIQ","EQ",792.5,837.85,790,817.65,819,788.65,144191,1186.4,"27-Jul-2026",19087,"",""
"1806","MAZDA","BE",215.31,221.99,214,216.92,217.8,216.39,3958,8.58,"27-Jul-2026",99,"",""
"1807","MAZDOCK","EQ",2299,2336.2,2299,2330.3,2324,2293.8,496352,11531.21,"27-Jul-2026",28158,"",""
"1808","MBAPL","EQ",150,166.95,147.85,163.95,163.25,148.25,5234794,8373.77,"27-Jul-2026",50681,"",""
"1809","MBEL","EQ",298.25,304,295.9,296.95,296.2,296.3,100256,299.57,"27-Jul-2026",6534,"",""
"1810","MBLINFRA","BE",25.5,26,24.15,24.45,24.9,25.24,32694,8.11,"27-Jul-2026",102,"",""
"1811","MCCHRLS-B","EQ",798.7,798.7,683,698.95,698.55,709.95,428,3.02,"27-Jul-2026",21,"",""
"1812","MCL","EQ",53.37,54.2,53.06,53.33,53.9,53.37,11547,6.17,"27-Jul-2026",536,"",""
"1813","MCLEODRUSS","BE",54.5,55.95,51.45,52.57,52.5,54.07,256448,135.9,"27-Jul-2026",602,"",""
"1814","MCLOUD","EQ",26.85,27.18,26.37,26.86,27.05,26.61,2978257,795.93,"27-Jul-2026",8870,"",""
"1815","MCON","SM",45.95,46.2,45.95,46.2,46.2,44,7000,3.23,"27-Jul-2026",7,"",""
"1816","MCX","EQ",2740.4,2766.9,2733.1,2755.1,2752.8,2730,932313,25638.21,"27-Jul-2026",61506,"",""
"1817","MDL","ST",69,69,69,69,69,69,1000,0.69,"27-Jul-2026",1,"",""
"1818","MEDANTA","EQ",1375,1411,1370.3,1407.2,1411,1371,320048,4467.67,"27-Jul-2026",21680,"",""
"1819","MEDIASSIST","EQ",340.05,354.15,339.2,347.15,346.55,340.05,259635,901.99,"27-Jul-2026",8516,"",""
"1820","MEDICAMEQ","EQ",243.6,245.9,240,241.15,243,241.85,10041,24.37,"27-Jul-2026",253,"",""
"1821","MEDICO","EQ",38,42,38,40.75,41.65,37.99,417055,164.76,"27-Jul-2026",849,"",""
"1822","MEDIORG","SM",25.5,25.5,25.5,25.5,25.5,24.7,2000,0.51,"27-Jul-2026",1,"",""
"1823","MEDISTEP","SM",18.5,18.5,18.5,18.5,18.5,19.75,3000,0.56,"27-Jul-2026",1,"",""
"1824","MEDPLUS","EQ",720.95,724,710,716.9,720,720.55,290079,2076.72,"27-Jul-2026",14458,"",""
"1825","MEESHO","EQ",187.5,188.88,179.95,182.1,182.4,185.24,7308444,13502.15,"27-Jul-2026",75664,"",""
"1826","MEGAFLEX","SM",100,100,100,100,100,100,1000,1,"27-Jul-2026",1,"",""
"1827","MEGASTAR","EQ",335.15,344.45,335.05,338.4,335.05,340.8,1758,6,"27-Jul-2026",184,"",""
"1828","MEGATHERM","SM",221,221,214.1,214.3,214.6,212,5200,11.21,"27-Jul-2026",12,"",""
"1829","MEIL","EQ",291.95,313.95,291,300.95,301.75,284.65,157554,479.68,"27-Jul-2026",4265,"",""
"1830","MENNPIS","EQ",75.9,75.9,73.11,73.87,74.39,73.97,49137,36.49,"27-Jul-2026",1363,"",""
"1831","MENONBE","BE",214.98,224,207,217.46,217,213.77,100801,215.47,"27-Jul-2026",785,"",""
"1832","MEP","BZ",0.54,0.56,0.54,0.54,0.54,0.55,84136,0.45,"27-Jul-2026",79,"",""
"1833","MERCANTILE","EQ",25.01,25.69,23.7,24.69,24.5,24.52,4890,1.21,"27-Jul-2026",97,"",""
"1834","MERCURYEV","EQ",35.6,36.86,34.4,35.92,36.25,35.11,224878,80.51,"27-Jul-2026",836,"",""
"1835","METAL","EQ",12.84,12.84,12.52,12.59,12.59,12.53,6529387,821.74,"27-Jul-2026",5898,"",""
"1836","METALIETF","EQ",12.51,12.74,12.49,12.54,12.58,12.5,8121000,1019.3,"27-Jul-2026",10590,"",""
"1837","METROBRAND","EQ",1023.8,1039.9,1023.8,1031.7,1035,1021.9,12365,127.59,"27-Jul-2026",2187,"",""
"1838","METROGLOBL","EQ",129.79,132,128.2,130.92,130,129.79,771,1.01,"27-Jul-2026",50,"",""
"1839","METROPOLIS","EQ",574.95,594,574.95,577.35,582,570.25,357337,2077.93,"27-Jul-2026",18566,"",""
"1840","MFML","EQ",19,19.74,18.16,18.84,18.85,18.75,2710,0.51,"27-Jul-2026",66,"",""
"1841","MFSL","EQ",1522.8,1532.6,1500.9,1511.1,1506.3,1515.5,556988,8435.59,"27-Jul-2026",38973,"",""
"1842","MGEL","BE",16.12,16.8,16.05,16.43,16.64,16.2,152886,25.1,"27-Jul-2026",257,"",""
"1843","MGL","EQ",1080.2,1107,1080.2,1098,1092.1,1077,98882,1088.97,"27-Jul-2026",12957,"",""
"1844","MGSL","SM",67.5,73,67.5,68.55,68.5,66.85,32400,22.87,"27-Jul-2026",27,"",""
"1845","MHHL","SM",33.85,33.85,33.85,33.85,33.85,33.8,3000,1.02,"27-Jul-2026",2,"",""
"1846","MHLXMIRU","EQ",139.99,140.99,138.09,140.65,140.9,139.58,10977,15.38,"27-Jul-2026",239,"",""
"1847","MHRIL","EQ",218.85,225.31,218.85,223.83,223,218.85,307825,687.24,"27-Jul-2026",4738,"",""
"1848","MICEL","BE",36.7,37.4,36.2,36.41,36.68,36.17,165599,60.85,"27-Jul-2026",1089,"",""
"1849","MICROPRO","SM",20.5,20.5,19.95,19.95,19.95,20,3200,0.65,"27-Jul-2026",2,"",""
"1850","MID150","EQ",23.08,23.35,22.93,23.27,23.35,23.08,22485,5.23,"27-Jul-2026",238,"",""
"1851","MID150BEES","EQ",235.9,237.75,234.84,237.47,237.69,234.83,563943,1337.74,"27-Jul-2026",7762,"",""
"1852","MID150CASE","EQ",11.42,11.59,11.42,11.53,11.55,11.42,795445,91.68,"27-Jul-2026",4577,"",""
"1853","MIDCAP","EQ",18.06,18.55,17.55,18.35,18.5,18.06,442380,81.03,"27-Jul-2026",833,"",""
"1854","MIDCAPADD","EQ",22.94,22.99,22.91,22.94,22.94,22.78,9507,2.18,"27-Jul-2026",32,"",""
"1855","MIDCAPBETA","EQ",225.58,232.38,225.58,232,232,227.86,2126,4.92,"27-Jul-2026",49,"",""
"1856","MIDCAPETF","EQ",23.07,23.5,22.8,23.41,23.43,23.19,3452483,808.6,"27-Jul-2026",6106,"",""
"1857","MIDCAPIETF","EQ",23.6,23.8,23.56,23.78,23.77,23.52,1168042,277.52,"27-Jul-2026",2638,"",""
"1858","MIDHANI","EQ",395.35,398.9,394,397.1,398,392.7,296453,1175.1,"27-Jul-2026",9328,"",""
"1859","MIDQ50ADD","EQ",24.79,24.93,24.77,24.79,24.8,24.65,48426,12.01,"27-Jul-2026",97,"",""
"1860","MIDSELIETF","EQ",19,19.51,18.87,19.45,19.51,19.14,292665,56.83,"27-Jul-2026",864,"",""
"1861","MIDSMALL","EQ",50.56,50.83,50.36,50.75,50.68,50.07,319857,162.19,"27-Jul-2026",771,"",""
"1862","MIDWESTLTD","EQ",1255,1257.9,1232.4,1240.1,1243.4,1234.2,5111,63.62,"27-Jul-2026",744,"",""
"1863","MIEL","SM",12.4,12.4,12.4,12.4,12.4,12,2000,0.25,"27-Jul-2026",1,"",""
"1864","MINDACORP","EQ",680,704.6,680,692.55,694,676.45,363763,2532.8,"27-Jul-2026",18976,"",""
"1865","MINDSPACE","RR",486.97,495.8,485,494.07,494.4,484.59,81184,399.73,"27-Jul-2026",6111,"",""
"1866","MINDTECK","EQ",195.98,200.65,192.21,194.68,193,195.04,42494,83.67,"27-Jul-2026",749,"",""
"1867","MIRZAINT","EQ",35.1,35.9,35,35.14,35.04,35.06,172855,61.13,"27-Jul-2026",1543,"",""
"1868","MITCON","BE",75.45,75.62,69,73.15,74.98,72.02,4901,3.53,"27-Jul-2026",36,"",""
"1869","MITTAL","EQ",0.91,0.93,0.91,0.91,0.92,0.91,232131,2.13,"27-Jul-2026",210,"",""
"1870","MKPL","EQ",4.17,4.3,4.11,4.18,4.19,4.13,60498,2.55,"27-Jul-2026",395,"",""
"1871","MMEL","ST",29.25,29.25,29.25,29.25,29.25,30.75,2000,0.59,"27-Jul-2026",1,"",""
"1872","MMFL","EQ",559.9,565,556.2,559.5,563,551.85,85615,480.19,"27-Jul-2026",3744,"",""
"1873","MMP","EQ",284.25,287.8,281.95,285.05,287,281.7,23515,66.9,"27-Jul-2026",592,"",""
"1874","MMTC","EQ",61.84,62.69,61.39,61.66,61.75,61.52,1108364,685.31,"27-Jul-2026",6353,"",""
"1875","MMWL","BE",14.27,14.27,13.7,13.72,13.72,13.99,17923,2.51,"27-Jul-2026",30,"",""
"1876","MNC","EQ",33.37,33.75,33.23,33.65,33.75,33.37,95001,31.86,"27-Jul-2026",328,"",""
"1877","MOALPHA50","EQ",53.25,53.56,53.1,53.48,53.4,52.9,4589,2.45,"27-Jul-2026",47,"",""
"1878","MOBANK10","EQ",16.96,17.2,16.86,16.88,16.89,16.88,40918,6.93,"27-Jul-2026",117,"",""
"1879","MOBIKWIK","EQ",202.45,207.8,202.45,205.56,205,201.02,546989,1125.61,"27-Jul-2026",7682,"",""
"1880","MOBILISE","ST",109.1,119.65,109.1,116.6,119.65,114,6400,7.46,"27-Jul-2026",4,"",""
"1881","MOCAPITAL","EQ",52.82,53.49,52.81,53.14,53.49,52.81,854671,454.21,"27-Jul-2026",2723,"",""
"1882","MODEFENCE","EQ",102.99,103.65,102.55,103.31,103.22,102.55,932426,960.5,"27-Jul-2026",6193,"",""
"1883","MODINATUR","BE",419.9,424.7,390.05,411.65,416.35,410.1,4711,19.29,"27-Jul-2026",72,"",""
"1884","MODIRUBBER","EQ",128.38,129.47,124,126,126,125.86,8306,10.47,"27-Jul-2026",33,"",""
"1885","MODIS","EQ",397.05,404.45,385,388.45,394.95,392.1,23204,91.14,"27-Jul-2026",794,"",""
"1886","MODISONLTD","BE",277,277,263,272.25,274,276.3,99096,264.84,"27-Jul-2026",1002,"",""
"1887","MODTHREAD","EQ",48.16,50,47.66,49.27,47.66,47.66,1125,0.54,"27-Jul-2026",20,"",""
"1888","MOENERGY","EQ",39.06,39.58,38.81,38.95,38.98,39.06,97054,37.82,"27-Jul-2026",935,"",""
"1889","MOGOLD","EQ",141.95,142.25,141.5,141.85,142,141.15,29570,41.95,"27-Jul-2026",414,"",""
"1890","MOGSEC","EQ",65.19,65.97,64.9,65.73,65.73,64.97,2058,1.35,"27-Jul-2026",66,"",""
"1891","MOHEALTH","EQ",50.24,53,50.02,51.54,50.85,50.24,38313,19.54,"27-Jul-2026",571,"",""
"1892","MOHITIND","EQ",23,23.35,22.61,22.94,23.35,23,2072,0.48,"27-Jul-2026",22,"",""
"1893","MOIL","EQ",270.9,271.8,267.85,268.4,268.95,268.85,186256,502.19,"27-Jul-2026",6242,"",""
"1894","MOINFRA","EQ",60.85,60.9,60.49,60.57,60.76,60.46,1853,1.12,"27-Jul-2026",46,"",""
"1895","MOIPO","EQ",45.59,46.1,45.59,46.09,46.1,45.59,400,0.18,"27-Jul-2026",21,"",""
"1896","MOKSH","EQ",10.61,10.99,10.2,10.29,10.3,10.72,355221,37,"27-Jul-2026",520,"",""
"1897","MOL","EQ",55.01,56.2,54.5,55.61,55.1,54.46,970285,535.76,"27-Jul-2026",6037,"",""
"1898","MOLDTECH","EQ",150,150,137.55,142.39,142.11,134.68,316159,451.78,"27-Jul-2026",5332,"",""
"1899","MOLDTKPAC","EQ",732.7,744.95,680.5,692.35,688,727.45,822742,5826.92,"27-Jul-2026",31496,"",""
"1900","MOLOWVOL","EQ",37.06,37.1,36.91,36.99,36.97,36.82,75470,27.86,"27-Jul-2026",28,"",""
"1901","MOM100","EQ",68.2,68.2,66.51,67.27,67.34,66.54,278744,187.63,"27-Jul-2026",2440,"",""
"1902","MOM30IETF","EQ",30.93,30.94,30.76,30.89,30.89,30.59,343749,106.05,"27-Jul-2026",1666,"",""
"1903","MOM50","EQ",248.99,252.98,248.81,251.12,251.01,248.99,3387,8.5,"27-Jul-2026",143,"",""
"1904","MOMENTUM","EQ",30.38,30.79,30.38,30.67,30.79,30.38,41144,12.61,"27-Jul-2026",206,"",""
"1905","MOMENTUM30","EQ",30.24,30.4,30.22,30.38,30.39,30.17,158504,48.08,"27-Jul-2026",77,"",""
"1906","MOMENTUM50","EQ",52.44,52.6,52.11,52.44,52.6,51.9,258131,135.02,"27-Jul-2026",1307,"",""
"1907","MOMGF","EQ",159.79,160.67,159.19,159.99,159.99,158.72,1843,2.95,"27-Jul-2026",30,"",""
"1908","MOMIDMTM","EQ",62.83,63.5,62.64,63.14,62.85,62.64,21067,13.27,"27-Jul-2026",226,"",""
"1909","MOMMIDCAP","EQ",12.45,12.53,12.45,12.51,12.52,12.34,1369182,171.36,"27-Jul-2026",204,"",""
"1910","MOMNC","EQ",32.47,32.67,32.44,32.67,32.67,32.27,4174,1.36,"27-Jul-2026",15,"",""
"1911","MOMOMENTUM","EQ",61.07,62,60.95,61.48,61.84,60.95,29914,18.38,"27-Jul-2026",424,"",""
"1912","MON100","EQ",322.11,322.11,322.11,322.11,322.11,328.15,202173,651.22,"27-Jul-2026",1152,"",""
"1913","MON50EQUAL","EQ",33.26,33.3,33.11,33.24,33.25,33.04,2136,0.71,"27-Jul-2026",51,"",""
"1914","MONARCH","EQ",361,403.8,360,397.6,393,357.75,5152604,20153.2,"27-Jul-2026",77241,"",""
"1915","MONEXT50","EQ",72.26,72.58,72.07,72.56,72.58,72.07,20734,15.03,"27-Jul-2026",39,"",""
"1916","MONEYBOXX","EQ",61.9,61.9,56.51,59.01,59.9,59.97,15866,9.32,"27-Jul-2026",643,"",""
"1917","MONIFTY100","EQ",25.41,25.41,25,25.27,25.2,25,25592,6.45,"27-Jul-2026",68,"",""
"1918","MONIFTY500","EQ",23.96,23.96,23.54,23.62,23.65,23.51,266755,63.09,"27-Jul-2026",1334,"",""
"1919","MONOLITH","SM",800,829,800,820.75,827,774.75,147250,1202.55,"27-Jul-2026",448,"",""
"1920","MONQ50","EQ",142.17,142.17,142,142.17,142.17,142.45,78667,111.84,"27-Jul-2026",1652,"",""
"1921","MONTECARLO","EQ",539.65,552,539.65,546.85,546,537.1,31887,174.29,"27-Jul-2026",1962,"",""
"1922","MOPSE","EQ",101.17,101.75,101.17,101.64,101.64,101,298,0.3,"27-Jul-2026",10,"",""
"1923","MOQUALITY","EQ",197.01,202.31,197.01,201.57,201.57,199.23,1241,2.51,"27-Jul-2026",24,"",""
"1924","MORARJEE","BZ",12.4,12.4,11.78,11.83,11.79,12.4,14436,1.71,"27-Jul-2026",47,"",""
"1925","MOREALTY","EQ",88.5,90.52,88.29,90.38,90.35,88.28,1495012,1342.84,"27-Jul-2026",2215,"",""
"1926","MOREPENLAB","EQ",54.3,56.9,54.1,56.66,56.6,53.8,9188433,5156.1,"27-Jul-2026",27209,"",""
"1927","MOS","ST",11.85,12.1,11.6,11.85,11.95,11.85,92000,10.98,"27-Jul-2026",22,"",""
"1928","MOSCHIP","EQ",210.4,218.14,206.38,208.3,208.31,231.79,10880186,22964.01,"27-Jul-2026",107984,"",""
"1929","MOSERVICE","EQ",30.86,31.01,30.82,31.01,31.01,30.57,732,0.23,"27-Jul-2026",14,"",""
"1930","MOSILVER","EQ",217.11,220.9,217.11,219.69,219.7,217.55,42288,93.07,"27-Jul-2026",1341,"",""
"1931","MOSMALL250","EQ",17.85,17.98,17.73,17.93,17.98,17.66,2536841,454.52,"27-Jul-2026",2519,"",""
"1932","MOTHERSON","EQ",146.99,149.5,146.3,148.97,149.29,145.55,13920800,20655.56,"27-Jul-2026",52614,"",""
"1933","MOTILALOFS","EQ",872.05,882.55,862.85,869.3,869,871.95,1491913,12974.28,"27-Jul-2026",41897,"",""
"1934","MOTISONS","EQ",14.25,15.08,13.84,13.96,13.99,14.17,55312451,7992.37,"27-Jul-2026",56645,"",""
"1935","MOTOGENFIN","BE",27.5,27.5,26.82,27.39,27.4,27.44,726,0.2,"27-Jul-2026",19,"",""
"1936","MOTOUR","EQ",77.29,78.97,77.29,78.81,78.86,77.3,18426,14.46,"27-Jul-2026",181,"",""
"1937","MOVALUE","EQ",113.27,113.7,113.1,113.54,113.52,112.7,37211,42.2,"27-Jul-2026",831,"",""
"1938","MOXSH","ST",106,106,106,106,106,111,1600,1.7,"27-Jul-2026",1,"",""
"1939","MPEL","ST",35.2,36.5,34.25,36.5,36.5,35.7,16000,5.64,"27-Jul-2026",7,"",""
"1940","MPHASIS","EQ",2332.1,2368.5,2316.4,2332.7,2325.1,2288.1,726071,16974.39,"27-Jul-2026",37277,"",""
"1941","MPSLTD","EQ",2762.5,2768.9,2616,2687.1,2685,2769.7,138352,3707.2,"27-Jul-2026",11436,"",""
"1942","MRF","EQ",131890,132500,131005,132020,132500,130755,3983,5245.37,"27-Jul-2026",2830,"",""
"1943","MRIL","ST",69.6,69.6,69.6,69.6,69.6,69.6,1600,1.11,"27-Jul-2026",1,"",""
"1944","MRPL","EQ",173.5,174.21,161.5,162.29,162.4,169.75,11048279,18205.4,"27-Jul-2026",58494,"",""
"1945","MSCI360","EQ",10.04,10.09,10.03,10.09,10.09,9.99,200,0.02,"27-Jul-2026",10,"",""
"1946","MSCIADD","EQ",29.34,29.5,29.33,29.5,29.5,29.06,7046,2.07,"27-Jul-2026",6,"",""
"1947","MSCIINDIA","EQ",29.73,29.86,29.65,29.73,29.83,29.41,7520,2.23,"27-Jul-2026",100,"",""
"1948","MSPL","EQ",36.19,36.9,36,36.14,36.05,35.37,273518,98.86,"27-Jul-2026",3055,"",""
"1949","MSTCLTD","EQ",615,616.95,601.05,602.7,602.4,607.2,119248,723.72,"27-Jul-2026",5049,"",""
"1950","MSUMI","EQ",40.06,42,40.02,41.74,41.7,40.11,12207219,5034.28,"27-Jul-2026",31618,"",""
"1951","MTARTECH","BE",5741.5,5798,5520,5754.5,5745,5805,153251,8610.19,"27-Jul-2026",22525,"",""
"1952","MTEDUCARE","BE",2,2.01,2,2,2,1.93,29309,0.59,"27-Jul-2026",54,"",""
"1953","MTNL","EQ",27.11,27.57,27.1,27.17,27.25,27.11,402941,109.89,"27-Jul-2026",2078,"",""
"1954","MUFIN","EQ",125.25,128,125,125.61,125.36,124.32,802885,1012.32,"27-Jul-2026",4252,"",""
"1955","MUFTI","EQ",84.28,86,83.4,84.25,85,82.92,38027,31.99,"27-Jul-2026",960,"",""
"1956","MUKANDLTD","EQ",139.5,142.64,139.5,140.57,140.1,138.4,74299,104.95,"27-Jul-2026",1490,"",""
"1957","MUKKA","EQ",23.01,23.49,21.5,22.62,22.69,22.94,415221,94.1,"27-Jul-2026",1784,"",""
"1958","MUKTAARTS","BE",53.31,58.68,53.31,58.5,58.5,55.89,7210,4.18,"27-Jul-2026",55,"",""
"1959","MULTICAP","EQ",16.74,16.79,16.46,16.56,16.56,16.38,129207,21.39,"27-Jul-2026",547,"",""
"1960","MUNISH","ST",77,77.7,77,77.7,77.7,74,22800,17.68,"27-Jul-2026",16,"",""
"1961","MUNJALAU","EQ",100.6,106.1,100.6,104.9,104.47,99.77,1121215,1170.14,"27-Jul-2026",9910,"",""
"1962","MUNJALSHOW","EQ",135.82,138.5,135.82,136.93,137.3,135.82,33075,45.35,"27-Jul-2026",784,"",""
"1963","MURUDCERA","EQ",30.4,31,30.4,30.66,30.7,30.4,6283,1.93,"27-Jul-2026",64,"",""
"1964","MUTHOOTCAP","EQ",216,221.41,212.16,215.09,217.6,213.77,32932,71.26,"27-Jul-2026",684,"",""
"1965","MUTHOOTFIN","EQ",3020.2,3061.6,3015,3025.9,3025,2986.7,517845,15718.34,"27-Jul-2026",32079,"",""
"1966","MUTHOOTMF","EQ",250.11,262.77,249.92,255.03,256.01,250.11,550120,1413.19,"27-Jul-2026",10043,"",""
"1967","MVGJL","EQ",157.8,170,156.61,167.13,168.1,155.76,178153,293.28,"27-Jul-2026",4125,"",""
"1968","MVKAGRO","SM",390,390,377,377.85,378.15,387.7,8400,32.04,"27-Jul-2026",28,"",""
"1969","MWL","EQ",36.4,36.55,35.6,35.9,35.8,36,122360,44.07,"27-Jul-2026",457,"",""
"1970","MYMUDRA","SM",76.5,80,75,79.55,80,76.5,22800,17.9,"27-Jul-2026",13,"",""
"1971","NACLIND","EQ",201,201,190.4,193.1,192,196.8,801321,1550.91,"27-Jul-2026",12161,"",""
"1972","NAGAFERT","BZ",2.62,2.62,2.62,2.62,2.62,2.75,207865,5.45,"27-Jul-2026",331,"",""
"1973","NAGREEKCAP","EQ",22.65,23.5,22,22.73,23.4,22.67,8853,1.99,"27-Jul-2026",66,"",""
"1974","NAGREEKEXP","EQ",22.4,23.92,22.4,22.83,22.94,23.14,9044,2.07,"27-Jul-2026",48,"",""
"1975","NAHARCAP","EQ",245.5,250,244.01,244.53,244.11,245.33,464,1.15,"27-Jul-2026",41,"",""
"1976","NAHARINDUS","EQ",117.15,118.93,116.01,116.5,116.59,116.64,3146,3.68,"27-Jul-2026",67,"",""
"1977","NAHARPOLY","EQ",273.8,283,272,279.55,279.95,273.8,27752,77.5,"27-Jul-2026",788,"",""
"1978","NAHARSPING","BE",283.9,283.9,277.6,279.65,280.2,275.55,7379,20.63,"27-Jul-2026",65,"",""
"1979","NAM-INDIA","EQ",1123.6,1159.9,1119.2,1153.9,1150.6,1112.5,1164795,13376.51,"27-Jul-2026",48330,"",""
"1980","NAMAN","SM",47.5,47.5,47.5,47.5,47.5,47.8,800,0.38,"27-Jul-2026",1,"",""
"1981","NAMOEWASTE","ST",283.65,283.65,283.65,283.65,283.65,278.1,19200,54.46,"27-Jul-2026",22,"",""
"1982","NARMADA","EQ",36,36,31.56,32.98,33.63,34.92,8722979,2874.83,"27-Jul-2026",25006,"",""
"1983","NATCAPSUQ","EQ",147.05,149.49,144.05,147.84,147.89,148.86,10409,15.21,"27-Jul-2026",116,"",""
"1984","NATCOPHARM","EQ",923.15,938.6,920.5,927.1,926.6,921.45,230818,2147.07,"27-Jul-2026",17218,"",""
"1985","NATHBIOGEN","EQ",162,165.9,162,164.88,165.45,161.13,11662,19.15,"27-Jul-2026",426,"",""
"1986","NATIONALUM","EQ",345.1,346.05,338.35,339.35,339.1,343.9,3868006,13244.94,"27-Jul-2026",41824,"",""
"1987","NATIONSTD","EQ",304.2,304.2,304.2,304.2,304.2,320.2,2350,7.15,"27-Jul-2026",141,"",""
"1988","NAUKRI","EQ",1171.45,1203,1171.45,1194.3,1190,1165.5,2342436,27933.93,"27-Jul-2026",70774,"",""
"1989","NAVA","EQ",559.05,578.55,558,564.65,563,554.8,385815,2186.5,"27-Jul-2026",21558,"",""
"1990","NAVINFLUOR","EQ",7600,7749,7578,7711,7735,7520,145527,11174.52,"27-Jul-2026",18337,"",""
"1991","NAVKARCORP","EQ",103.3,105.6,102.6,104.17,103.9,102.15,554802,579.06,"27-Jul-2026",4639,"",""
"1992","NAVKARURB","BE",1.09,1.11,1.03,1.06,1.07,1.08,499923,5.24,"27-Jul-2026",248,"",""
"1993","NAVNETEDUL","EQ",145.1,145.99,143.01,144.54,144.4,143.97,97402,140.72,"27-Jul-2026",1968,"",""
"1994","NAZARA","EQ",303.85,308,302,303.4,303,302.3,2329997,7109.7,"27-Jul-2026",8964,"",""
"1995","NBCC","EQ",94.5,95.95,94.5,94.9,94.89,93.84,6593505,6275.43,"27-Jul-2026",28933,"",""
"1996","NBIFIN","EQ",2254.9,2254.9,2181.9,2222.4,2252,2216.5,282,6.23,"27-Jul-2026",107,"",""
"1997","NCC","EQ",141,142.71,138.11,142.14,142.01,137.09,1809015,2559.2,"27-Jul-2026",27655,"",""
"1998","NCLIND","EQ",185.65,187,183.21,185.59,187,184.67,13681,25.33,"27-Jul-2026",565,"",""
"1999","NDGL","EQ",2790,2850,2710.1,2736,2720,2774.5,23,0.64,"27-Jul-2026",11,"",""
"2000","NDL","EQ",2.3,2.36,2.3,2.32,2.33,2.31,601922,14.05,"27-Jul-2026",805,"",""
"2001","NDLVENTURE","EQ",125.16,127,120.1,121.16,121.79,125.06,18769,23.1,"27-Jul-2026",402,"",""
"2002","NDRAUTO","EQ",813,830.95,813,824.9,829,812.75,10841,89.48,"27-Jul-2026",1109,"",""
"2003","NDTV","EQ",77,78.47,77,77.42,77.35,76.66,66049,51.18,"27-Jul-2026",1201,"",""
"2004","NECCLTD","BE",15.06,15.5,15.06,15.15,15.12,15.25,18339,2.81,"27-Jul-2026",87,"",""
"2005","NECLIFE","BE",10.35,10.57,10.35,10.41,10.4,10.3,56490,5.91,"27-Jul-2026",243,"",""
"2006","NEELAM","SM",10.05,10.05,9.45,9.45,9.45,9.7,12000,1.17,"27-Jul-2026",2,"",""
"2007","NELCAST","EQ",136,137.78,113.5,116.64,116.59,134.47,2814717,3337.47,"27-Jul-2026",34542,"",""
"2008","NELCO","EQ",948.7,974.35,926.1,933.75,931.5,932.8,313008,2966.86,"27-Jul-2026",12104,"",""
"2009","NEOCHEM","ST",89.2,89.45,89.2,89.45,89.45,85.2,10800,9.65,"27-Jul-2026",9,"",""
"2010","NEOGEN","EQ",2135,2159.7,2042.3,2064.1,2065.1,2062.8,149380,3109.25,"27-Jul-2026",22611,"",""
"2011","NEPHROCARE","ST",63.2,64.95,60,63,63,62.95,29600,18.14,"27-Jul-2026",56,"",""
"2012","NEPHROPLUS","EQ",675,684.45,669,681.65,684,673.1,105459,716.82,"27-Jul-2026",7623,"",""
"2013","NEPTUNE","SM",180,180,180,180,180,180,500,0.9,"27-Jul-2026",1,"",""
"2014","NESCO","EQ",1058,1067.5,1001.6,1008.3,1009.6,1055.9,243109,2508.25,"27-Jul-2026",19097,"",""
"2015","NESTLEIND","EQ",1451,1461.5,1435.3,1446.1,1448,1443.5,2030304,29308.49,"27-Jul-2026",55967,"",""
"2016","NETF","EQ",252.44,261,252.44,260.41,260.99,258.92,1663,4.33,"27-Jul-2026",138,"",""
"2017","NETWEB","EQ",4181.8,4385,4129.4,4362.2,4381,4156,992864,42499.83,"27-Jul-2026",74540,"",""
"2018","NETWORK18","EQ",28.9,29.1,28.62,28.85,28.9,28.62,2570517,740.74,"27-Jul-2026",6726,"",""
"2019","NEUEON","BE",15.7,16.36,15.62,15.62,15.62,16.44,48248,7.61,"27-Jul-2026",105,"",""
"2020","NEULANDLAB","EQ",18600,19145,18471,18994,19000,18546,27760,5254.1,"27-Jul-2026",11676,"",""
"2021","NEWGEN","EQ",511.8,523.95,504.2,506.3,506.85,505.7,1031928,5294.95,"27-Jul-2026",24038,"",""
"2022","NEWJAISA","ST",15.95,15.95,15.4,15.4,15.4,15.2,28500,4.45,"27-Jul-2026",18,"",""
"2023","NEXT30ADD","EQ",42.26,42.35,42.09,42.3,42.28,42.05,3648,1.54,"27-Jul-2026",60,"",""
"2024","NEXT50","EQ",744.05,747.97,742.1,747.3,747.83,740.35,10771,80.41,"27-Jul-2026",1087,"",""
"2025","NEXT50ADD","EQ",72.5,73.03,72.5,72.74,73.01,72.24,8515,6.19,"27-Jul-2026",47,"",""
"2026","NEXT50BETA","EQ",77.84,78.32,77.76,78.16,78.16,77.75,168206,131.32,"27-Jul-2026",685,"",""
"2027","NEXT50ETF","EQ",73.73,73.73,72.55,72.9,73.1,72.28,7760,5.65,"27-Jul-2026",71,"",""
"2028","NEXT50IETF","EQ",77.64,77.64,75.86,76.41,76.46,75.75,515005,393.1,"27-Jul-2026",4889,"",""
"2029","NEXTMEDIA","EQ",3.98,4.03,3.81,3.96,4,3.98,3707,0.14,"27-Jul-2026",64,"",""
"2030","NFL","EQ",71.3,71.8,70.69,71.04,71.02,70.31,449042,320.11,"27-Jul-2026",3154,"",""
"2031","NFPSAMPOOR","SM",24.3,24.85,22.95,23.8,23.8,24.15,58000,13.79,"27-Jul-2026",25,"",""
"2032","NGIL","BE",38.05,39.9,36.25,39.04,39.9,38.05,10044,3.86,"27-Jul-2026",63,"",""
"2033","NGLFINE","EQ",3210,3349,3177.5,3226.5,3200,3205.5,7529,247.09,"27-Jul-2026",1537,"",""
"2034","NH","EQ",1970.7,2064,1965.1,2054,2058.5,1961.5,398068,8108.53,"27-Jul-2026",32327,"",""
"2035","NHIT","IV",171,171,171,171,171,168,825000,1410.75,"27-Jul-2026",3,"",""
"2036","NHPC","EQ",79.5,80.04,78.91,79.72,79.59,79.39,6965651,5540.2,"27-Jul-2026",28015,"",""
"2037","NIACL","EQ",166.81,169,163.89,165.57,165.25,173.2,2134634,3545.87,"27-Jul-2026",26609,"",""
"2038","NIBE","EQ",1506,1560,1481.5,1494.2,1483,1504.3,38476,578.79,"27-Jul-2026",3202,"",""
"2039","NIBL","EQ",36.99,37.8,36.49,36.91,36.95,36.98,75798,28.12,"27-Jul-2026",13317,"",""
"2040","NIDAN","SM",13.4,13.4,13.15,13.15,13.15,12.5,4000,0.53,"27-Jul-2026",4,"",""
"2041","NIF100BEES","EQ",264.34,266.5,264.34,266.49,266.48,263.57,28728,76.38,"27-Jul-2026",584,"",""
"2042","NIF100IETF","EQ",28.21,28.21,27.05,27.95,27.97,27.66,90927,25.35,"27-Jul-2026",2406,"",""
"2043","NIFTY1","EQ",264.09,266.78,264.09,266.42,265.94,264.09,63870,169.85,"27-Jul-2026",1833,"",""
"2044","NIFTY100EW","EQ",34.75,35.61,34.75,35.01,35.06,34.75,303393,105.92,"27-Jul-2026",182,"",""
"2045","NIFTYADD","EQ",248.35,253.13,248.35,252.93,252.49,250.86,7267,18.34,"27-Jul-2026",154,"",""
"2046","NIFTYAXIS","EQ",268.55,268.55,263.92,265.44,265.2,263.28,9305,24.68,"27-Jul-2026",216,"",""
"2047","NIFTYBEES","EQ",272.28,273.9,272.02,273.59,273.9,271.21,4597158,12549.07,"27-Jul-2026",40406,"",""
"2048","NIFTYBETA","EQ",263.98,267.03,263.98,266.36,267.02,263.98,203133,540.98,"27-Jul-2026",705,"",""
"2049","NIFTYBETF","EQ",245.3,247.35,245.18,246.98,246.45,244.94,1303,3.21,"27-Jul-2026",98,"",""
"2050","NIFTYCASE","EQ",9.77,9.77,9.52,9.64,9.65,9.54,617863,59.5,"27-Jul-2026",1554,"",""
"2051","NIFTYETF","EQ",259.16,261.38,259.15,261.26,261.36,258.5,254173,663.12,"27-Jul-2026",1559,"",""
"2052","NIFTYIETF","EQ",270.32,277,270.32,272.15,272.2,269.76,488025,1325.22,"27-Jul-2026",16734,"",""
"2053","NIFTYQLITY","EQ",21,21.41,21,21.34,21.34,21.16,129814,27.71,"27-Jul-2026",223,"",""
"2054","NIITLTD","EQ",96,96.79,94.6,95.08,95,94.62,279744,267.49,"27-Jul-2026",3430,"",""
"2055","NIITMTS","EQ",234.11,238.23,232.65,233.57,234,230.18,106665,250.62,"27-Jul-2026",3952,"",""
"2056","NIKITA","SM",72.35,75.5,72.35,75.25,75.25,75.05,154800,115.65,"27-Jul-2026",29,"",""
"2057","NILAINFRA","EQ",7.35,7.78,7.32,7.39,7.4,7.32,131656,9.79,"27-Jul-2026",501,"",""
"2058","NILASPACES","EQ",12.18,12.23,11.73,12.12,12.02,11.89,266485,32.06,"27-Jul-2026",764,"",""
"2059","NILE","EQ",1860,1942.5,1824.1,1897.2,1898,1802.6,4403,83.13,"27-Jul-2026",836,"",""
"2060","NILKAMAL","EQ",1716.9,1801,1667.1,1775.2,1785,1676.1,115784,2001.47,"27-Jul-2026",12889,"",""
"2061","NIMBSPROJ","BE",191,193.5,190,190,193.5,190,1096,2.08,"27-Jul-2026",10,"",""
"2062","NINSYS","BE",845.3,870.35,836.6,845.2,838,866.6,1498,12.69,"27-Jul-2026",105,"",""
"2063","NIPPOBATRY","EQ",328,338,328,333.4,333.5,326.3,1501,4.97,"27-Jul-2026",66,"",""
"2064","NIRAJ","BE",28.16,29.39,28.16,28.97,28.98,28.58,4469,1.29,"27-Jul-2026",22,"",""
"2065","NIRLON","EQ",633.05,633.05,610.55,620.05,620,620.6,2136,13.28,"27-Jul-2026",197,"",""
"2066","NIRMAN","SM",38.5,42.1,38.3,42.1,42,38.3,99000,41.54,"27-Jul-2026",145,"",""
"2067","NITCO","EQ",106,109,104.2,107.59,107.99,104.11,350909,374.54,"27-Jul-2026",4375,"",""
"2068","NITINSPIN","EQ",537,545.9,535.9,539.85,544,535.2,37676,203.45,"27-Jul-2026",1741,"",""
"2069","NITIRAJ","EQ",225.7,225.7,211,218.95,218.98,220.22,7201,15.68,"27-Jul-2026",140,"",""
"2070","NITTAGELA","EQ",1943,1959.8,1900,1904.9,1909,1909,4547,87.38,"27-Jul-2026",779,"",""
"2071","NIVABUPA","EQ",87.18,87.76,86.5,86.92,86.5,86.64,408564,355.79,"27-Jul-2026",6958,"",""
"2072","NKIND","EQ",61.9,61.9,59.51,59.51,59.51,59.72,108,0.07,"27-Jul-2026",6,"",""
"2073","NLCINDIA","EQ",295,299.75,292.8,298.45,297.25,292.8,2030451,6022.29,"27-Jul-2026",36430,"",""
"2074","NMDC","EQ",84,84.41,83.31,83.52,83.57,83.56,11291198,9464.14,"27-Jul-2026",31870,"",""
"2075","NMSTEEL","SM",24.9,25,24,24.5,24.5,22.25,9600,2.36,"27-Jul-2026",6,"",""
"2076","NOCIL","EQ",163.47,164.38,162.04,163.03,163.01,160.11,158657,258.69,"27-Jul-2026",2210,"",""
"2077","NOIDATOLL","BE",4.5,4.53,4.22,4.44,4.44,4.32,187219,8.29,"27-Jul-2026",268,"",""
"2078","NORBTEAEXP","EQ",67,70.65,67,68.06,68,67.37,1649,1.12,"27-Jul-2026",29,"",""
"2079","NORTHARC","EQ",304.4,310,296,300.1,298,299.4,1178018,3577.24,"27-Jul-2026",16890,"",""
"2080","NOVAAGRI","BE",23.4,23.4,22.86,23.17,23.08,22.81,18660,4.31,"27-Jul-2026",137,"",""
"2081","NOVARTIND","EQ",1689.8,1689.8,1616.6,1631,1629,1641.2,17325,285.71,"27-Jul-2026",2614,"",""
"2082","NPBET","EQ",282.47,284.74,282.45,284.31,284.27,282.47,112,0.32,"27-Jul-2026",23,"",""
"2083","NPST","EQ",1533.9,1584,1510.2,1557.1,1562,1519.2,85342,1337.59,"27-Jul-2026",3206,"",""
"2084","NRAIL","EQ",520,534.4,472.5,478.6,485.05,508.95,30020,151.54,"27-Jul-2026",1906,"",""
"2085","NRBBEARING","EQ",399.3,428,399.3,419.25,426.05,397.65,359437,1482.32,"27-Jul-2026",6030,"",""
"2086","NRL","BE",105,105,103.1,103.1,103.1,105,64455,67.08,"27-Jul-2026",110,"",""
"2087","NRVANDANA","ST",68,68.9,68,68.85,68.85,68.1,213000,144.91,"27-Jul-2026",21,"",""
"2088","NSIL","EQ",5470,5527,5410,5445,5410,5452.5,1249,68.3,"27-Jul-2026",323,"",""
"2089","NSLNISP","EQ",41.6,42.74,41.6,42.15,42.1,41.41,2439423,1031.92,"27-Jul-2026",12454,"",""
"2090","NTPC","EQ",353,353,347.8,350.8,349.95,347.2,12350753,43291.6,"27-Jul-2026",86134,"",""
"2091","NTPCGREEN","EQ",96.56,96.96,93.05,93.69,93.5,96.32,7973373,7531,"27-Jul-2026",53173,"",""
"2092","NUCLEUS","EQ",738.1,740,730,731.5,730,724.55,15565,114.33,"27-Jul-2026",1275,"",""
"2093","NURECA","EQ",306.16,317.9,300.61,315.7,315.9,301.64,41738,129.24,"27-Jul-2026",1242,"",""
"2094","NUVAMA","EQ",1979.5,2008.7,1902,1916.6,1920,1980.1,475623,9371.95,"27-Jul-2026",25574,"",""
"2095","NUVOCO","EQ",359.95,360.45,349.7,351.15,352.25,356.05,372984,1319.96,"27-Jul-2026",9380,"",""
"2096","NV20","EQ",13.91,14.17,13.76,13.95,13.96,13.86,46773,6.52,"27-Jul-2026",241,"",""
"2097","NV20BEES","EQ",137.51,140.3,136.05,139.09,138.94,138.91,9268,12.9,"27-Jul-2026",233,"",""
"2098","NV20IETF","EQ",13.49,13.74,13.4,13.62,13.68,13.55,405194,55.11,"27-Jul-2026",2358,"",""
"2099","NXST","RR",166.28,168.3,166,167.5,167.13,166.28,216340,362.41,"27-Jul-2026",4559,"",""
"2100","NYKAA","EQ",325,327.85,323.65,326.75,325.4,322.8,3589386,11695.55,"27-Jul-2026",34877,"",""
"2101","OAL","EQ",366,394.9,366,392.45,393.95,373,104430,403.71,"27-Jul-2026",4191,"",""
"2102","OBCL","EQ",53.05,53.49,52.65,53.35,53.35,52.39,5694,3,"27-Jul-2026",29,"",""
"2103","OBEROIRLTY","EQ",1852.2,1854.1,1823.3,1832.6,1827.3,1821.2,300191,5514.34,"27-Jul-2026",18435,"",""
"2104","OBSCP","SM",584,600,577,591.9,596,585.05,28800,169.23,"27-Jul-2026",69,"",""
"2105","OCCLLTD","BE",145.99,152.2,145.99,152.2,152.2,144.96,151676,229.49,"27-Jul-2026",783,"",""
"2106","ODIGMA","BE",22.65,23.64,22.52,23.06,23.24,22.64,13595,3.12,"27-Jul-2026",236,"",""
"2107","OFSS","EQ",10760,11189,10665,11089,11098,10652,460067,50838.77,"27-Jul-2026",66048,"",""
"2108","OIL","EQ",445,446.1,438.1,442,438.85,449.75,3806947,16834.25,"27-Jul-2026",38921,"",""
"2109","OILCOUNTUB","BE",59.28,59.28,56.5,56.65,56.5,58.7,50450,29.23,"27-Jul-2026",127,"",""
"2110","OILIETF","EQ",11.27,11.39,11.22,11.27,11.27,11.24,1526748,172.04,"27-Jul-2026",2308,"",""
"2111","OLAELEC","EQ",37.5,37.68,37.04,37.27,37.4,37.08,25117046,9381.19,"27-Jul-2026",46404,"",""
"2112","OLECTRA","EQ",1342.5,1355,1325,1328.1,1334,1336.3,221480,2957.71,"27-Jul-2026",15903,"",""
"2113","OLIL","ST",419.5,419.9,418,418,418,420,3200,13.4,"27-Jul-2026",5,"",""
"2114","OMAXAUTO","BE",215.1,215.1,215.1,215.1,215.1,226.42,25831,55.56,"27-Jul-2026",260,"",""
"2115","OMAXE","EQ",87.52,91.8,87.52,89.95,90.9,87.66,426419,382.92,"27-Jul-2026",4420,"",""
"2116","OMFREIGHT","BE",92.98,93,90,91.9,91.9,92.98,5769,5.24,"27-Jul-2026",97,"",""
"2117","OMFURN","ST",55.95,56.6,55.25,56.6,56.6,53.95,38400,21.55,"27-Jul-2026",16,"",""
"2118","OMINFRAL","EQ",87.25,88.59,86.19,87.04,86.7,87.1,50494,44.21,"27-Jul-2026",1091,"",""
"2119","OMNI","EQ",622,630.4,614.1,619.65,619.9,612,193825,1205.57,"27-Jul-2026",9781,"",""
"2120","OMPOWER","EQ",170,171.25,167.41,169.87,168.97,169.2,78237,132.46,"27-Jul-2026",1002,"",""
"2121","ONDOOR","SM",243.8,266.95,240,253.6,250,243.5,24000,60.39,"27-Jul-2026",62,"",""
"2122","ONELIFECAP","BE",37.9,37.9,36.1,37.89,37.9,36.33,145427,53.07,"27-Jul-2026",99,"",""
"2123","ONEPOINT","EQ",54.3,56.01,54.3,55.44,55.3,53.98,645094,356.77,"27-Jul-2026",2797,"",""
"2124","ONESOURCE","EQ",1695.7,1727.6,1636,1688.9,1687,1653.9,717187,12150.15,"27-Jul-2026",48085,"",""
"2125","ONGC","EQ",248,248.17,238.14,238.56,238.39,248.76,19910285,47999.61,"27-Jul-2026",163346,"",""
"2126","ONIDA","BE",38.18,38.89,37.51,38.26,38.45,38.18,131912,50.26,"27-Jul-2026",636,"",""
"2127","ONMOBILE","BE",60.7,63,60.7,62.05,61.8,60.74,84699,52.57,"27-Jul-2026",418,"",""
"2128","ONWARDTEC","EQ",294,305,291.1,292.75,292.1,290.65,178828,531.8,"27-Jul-2026",5309,"",""
"2129","ONYX","ST",38.9,38.9,38.9,38.9,38.9,37.05,6000,2.33,"27-Jul-2026",3,"",""
"2130","OPTIEMUS","EQ",606,614.85,600,610.45,610,599.95,90875,553.32,"27-Jul-2026",5244,"",""
"2131","OPTIVALUE","SM",104,118.95,104,118.95,118.95,99.15,1073600,1233.25,"27-Jul-2026",301,"",""
"2132","ORBTEXP","BE",243,247,235.5,244.07,244,243.05,7061,17.1,"27-Jul-2026",134,"",""
"2133","ORCHASP","EQ",1.62,1.64,1.57,1.6,1.61,1.58,163464,2.62,"27-Jul-2026",254,"",""
"2134","ORCHPHARMA","EQ",995,1006.1,979.95,987.95,990,988.6,45685,452.43,"27-Jul-2026",6527,"",""
"2135","ORIANA","SM",1422.35,1441,1411,1438.25,1439.5,1398.25,32250,461.21,"27-Jul-2026",336,"",""
"2136","ORICONENT","EQ",55.03,55.87,53.9,54.35,54.5,55.03,23561,12.82,"27-Jul-2026",460,"",""
"2137","ORIENTALTL","EQ",5.34,5.45,5.27,5.32,5.34,5.31,21731,1.16,"27-Jul-2026",193,"",""
"2138","ORIENTBELL","EQ",321.6,332,320.2,327.2,326,319.5,20779,67.87,"27-Jul-2026",890,"",""
"2139","ORIENTCEM","EQ",133.8,136.5,133.33,136.11,136.5,133.8,588926,798.55,"27-Jul-2026",3286,"",""
"2140","ORIENTCER","EQ",40.32,41.67,40.11,40.32,40.31,40.77,49940,20.35,"27-Jul-2026",1319,"",""
"2141","ORIENTELEC","EQ",170,175.73,169.51,172.98,173.25,170.74,584946,1011.5,"27-Jul-2026",9501,"",""
"2142","ORIENTHOT","EQ",134.62,138.38,133.34,137.35,136.55,134.84,368592,503.17,"27-Jul-2026",5429,"",""
"2143","ORIENTLTD","EQ",98.49,102.3,92.5,98.44,97.3,89.29,682320,670.62,"27-Jul-2026",7743,"",""
"2144","ORIENTPPR","EQ",17.76,18.8,17.76,18.21,18.24,17.58,472111,86.6,"27-Jul-2026",1469,"",""
"2145","ORIENTTECH","EQ",266.47,289.95,266.47,279.17,279,258.78,7708727,21577.46,"27-Jul-2026",100809,"",""
"2146","ORISSAMINE","EQ",3730,3784.7,3702,3713.3,3702,3747,4123,153.77,"27-Jul-2026",834,"",""
"2147","ORKLAINDIA","EQ",556.75,572.2,556.05,568.9,565.85,556.75,38630,218.82,"27-Jul-2026",5803,"",""
"2148","ORTEL","BZ",1.8,1.84,1.71,1.72,1.83,1.8,6306,0.11,"27-Jul-2026",28,"",""
"2149","ORTINGLOBE","BE",14.11,15.23,14.11,14.51,14.5,14.81,6735,0.99,"27-Jul-2026",215,"",""
"2150","OSELDEVICE","SM",428.05,434.85,418.2,419.75,420.95,430.8,17200,73,"27-Jul-2026",67,"",""
"2151","OSIAHYPER","BE",2.99,3.01,2.89,2.96,3,2.99,324614,9.54,"27-Jul-2026",365,"",""
"2152","OSWALAGRO","EQ",38,39.5,37.1,38.77,39.31,37.42,51731,20.2,"27-Jul-2026",273,"",""
"2153","OSWALGREEN","EQ",21.03,21.27,20.86,21.17,21.19,20.71,56565,11.94,"27-Jul-2026",512,"",""
"2154","OSWALPUMPS","EQ",360,360,348,349.2,349.05,359.15,460219,1620.79,"27-Jul-2026",10884,"",""
"2155","OSWALSEEDS","EQ",10.15,10.21,10.02,10.1,10.06,10.03,56180,5.7,"27-Jul-2026",135,"",""
"2156","OWAIS","ST",99,100.5,98.5,99.5,99.5,99.3,5700,5.66,"27-Jul-2026",32,"",""
"2157","PACEDIGITK","EQ",197,202,196.5,197.8,198.3,195.25,602021,1195.88,"27-Jul-2026",6761,"",""
"2158","PAGEIND","EQ",40300,40565,39790,39970,40010,40275,11464,4593.51,"27-Jul-2026",5129,"",""
"2159","PAISALO","EQ",70.5,71.18,69.01,70.44,70.3,70.17,11574048,8128.18,"27-Jul-2026",26942,"",""
"2160","PAKKA","EQ",71.5,73.64,70,71.1,71.45,71.49,98784,71.12,"27-Jul-2026",1434,"",""
"2161","PALASHSECU","EQ",91.4,91.4,89,89.11,89,88.31,1245,1.11,"27-Jul-2026",98,"",""
"2162","PALREDTEC","BE",44.6,47.78,43.24,45.24,47.7,45.51,7898,3.56,"27-Jul-2026",76,"",""
"2163","PANACEABIO","EQ",442.6,447.25,431.05,433.1,434.6,441.2,125044,548.17,"27-Jul-2026",6426,"",""
"2164","PANACHE","BE",417.95,428.85,408,426.45,426.45,418.4,7878,32.97,"27-Jul-2026",84,"",""
"2165","PANAMAPET","EQ",499.05,503.5,482.75,487.1,490,498.25,234411,1149.51,"27-Jul-2026",10445,"",""
"2166","PANSARI","EQ",359.3,360,336.25,340.25,339,355.2,14342,49.62,"27-Jul-2026",518,"",""
"2167","PAR","EQ",96,96.8,94.01,94.35,94.21,93.79,6057,5.74,"27-Jul-2026",139,"",""
"2168","PARACABLES","EQ",62.25,63.6,62.15,62.9,63.46,61.64,626892,394.99,"27-Jul-2026",4286,"",""
"2169","PARADEEP","EQ",137.5,139,134,134.64,134.2,136.07,2556199,3464.23,"27-Jul-2026",24113,"",""
"2170","PARAGMILK","EQ",218.49,221.38,215.4,217.41,217,214.2,276144,603.23,"27-Jul-2026",6347,"",""
"2171","PARAGON","SM",47.9,49,47.5,49,49,47.3,3600,1.73,"27-Jul-2026",3,"",""
"2172","PARAMATRIX","SM",58.05,58.05,58.05,58.05,58.05,58,1200,0.7,"27-Jul-2026",1,"",""
"2173","PARAMOUNT","ST",36,37.25,36,37.25,37.25,35.5,8400,3.04,"27-Jul-2026",4,"",""
"2174","PARAS","EQ",1201.2,1227.2,1185.4,1221.3,1218,1195.2,577142,6967.17,"27-Jul-2026",22016,"",""
"2175","PARASPETRO","EQ",2.02,2.18,1.97,2.18,2.18,1.99,418011,8.69,"27-Jul-2026",458,"",""
"2176","PARIN","SM",725,740,710,734.4,740,728.8,7750,55.69,"27-Jul-2026",14,"",""
"2177","PARKHOSPS","EQ",284.7,284.7,278.3,279.7,279.9,280.25,362975,1018.68,"27-Jul-2026",7425,"",""
"2178","PARKHOTELS","EQ",124.8,126.73,121.8,122.32,122.03,122.39,104829,128.93,"27-Jul-2026",2541,"",""
"2179","PARSVNATH","BE",1.92,1.92,1.92,1.92,1.92,1.95,90716,1.74,"27-Jul-2026",111,"",""
"2180","PARTH","SM",467.95,484,467.95,478,478,470.7,17200,81.98,"27-Jul-2026",28,"",""
"2181","PARTYCRUS","SM",89,90,87,89.95,90,90,10000,8.87,"27-Jul-2026",8,"",""
"2182","PASHUPATI","EQ",87.7,87.88,85.51,86.8,87,87.09,65453,56.92,"27-Jul-2026",3172,"",""
"2183","PASUPTAC","BE",60.28,60.28,57.16,57.22,57.33,57.91,21340,12.38,"27-Jul-2026",154,"",""
"2184","PATANJALI","EQ",343.45,348,341.1,346.85,345.85,340.95,6854453,23685.75,"27-Jul-2026",48955,"",""
"2185","PATELENG","EQ",28.42,28.62,27.91,27.98,27.99,28.02,2998015,842.35,"27-Jul-2026",7417,"",""
"2186","PATELRMART","EQ",223.44,226.87,220.01,222.21,223.6,223.44,62137,138.63,"27-Jul-2026",2120,"",""
"2187","PATILAUTOM","ST",183,184.75,180.8,182.05,180.8,184.2,16200,29.47,"27-Jul-2026",24,"",""
"2188","PATINTLOG","BE",13.99,14.45,13.76,14.14,14.11,13.82,20637,2.91,"27-Jul-2026",108,"",""
"2189","PAUSHAKLTD","EQ",565.25,575,562,572.15,567,562.45,10693,60.94,"27-Jul-2026",834,"",""
"2190","PAVNAIND","EQ",16.46,16.46,15.75,16.22,16.23,16.09,26945,4.36,"27-Jul-2026",164,"",""
"2191","PAYTM","EQ",1288,1298,1270.1,1289.4,1292.5,1283.2,2199063,28239.47,"27-Jul-2026",64455,"",""
"2192","PCBL","EQ",319.85,327.45,319.85,326.15,326.55,317.9,666364,2164.64,"27-Jul-2026",13931,"",""
"2193","PCCL","SM",269.6,269.6,268.35,269,269.55,269.1,2800,7.54,"27-Jul-2026",7,"",""
"2194","PCJEWELLER","EQ",9.49,9.5,9.33,9.35,9.37,9.28,139047251,13056.68,"27-Jul-2026",53315,"",""
"2195","PDMJEPAPER","EQ",94.9,99.24,93.98,95.75,95.7,91.72,718707,693.26,"27-Jul-2026",8280,"",""
"2196","PDSL","EQ",352.15,359.95,352.15,357.5,355.9,352,63849,227.8,"27-Jul-2026",2742,"",""
"2197","PEARLPOLY","BE",17.1,17.89,16.5,17,17,17.2,7420,1.26,"27-Jul-2026",33,"",""
"2198","PELATRO","SM",263,263,260,260,260,263,1500,3.92,"27-Jul-2026",5,"",""
"2199","PENIND","EQ",164.35,169,163.61,165.16,164.55,162.84,215484,359.03,"27-Jul-2026",3513,"",""
"2200","PENINLAND","BE",15.77,16.09,15.77,16.09,16.09,16.09,66875,10.63,"27-Jul-2026",87,"",""
"2201","PENTAGON","SM",51.35,51.35,51.35,51.35,51.35,53.95,2000,1.03,"27-Jul-2026",2,"",""
"2202","PERFECT","SZ",2.75,2.75,2.75,2.75,2.75,2.75,6000,0.17,"27-Jul-2026",1,"",""
"2203","PERSISTENT","EQ",5249,5339.5,5237,5268.2,5273.5,5200.5,557415,29447.43,"27-Jul-2026",50657,"",""
"2204","PETRONET","EQ",275.1,276.45,272,272.9,272.95,274.7,1308556,3587.45,"27-Jul-2026",28296,"",""
"2205","PFC","EQ",412.2,420.7,411,420.1,419.8,411.9,4447916,18558.61,"27-Jul-2026",40263,"",""
"2206","PFIZER","EQ",4623.6,4713,4602.1,4692.6,4711,4623.6,36458,1702.29,"27-Jul-2026",8378,"",""
"2207","PFOCUS","EQ",292.4,295,286,287.75,287.7,289.29,623243,1813.75,"27-Jul-2026",11795,"",""
"2208","PFS","EQ",29.28,29.8,29,29.24,29.4,29.28,326119,95.95,"27-Jul-2026",1861,"",""
"2209","PGEL","EQ",580,586.8,577,579.7,578,572.45,769994,4468.1,"27-Jul-2026",15317,"",""
"2210","PGHH","EQ",9010,9031,8955.5,8993.5,9000,8974.5,6458,581.01,"27-Jul-2026",1782,"",""
"2211","PGHL","EQ",6745,6915,6730,6784,6788,6714,5453,371.61,"27-Jul-2026",1780,"",""
"2212","PGIL","EQ",1980,2036.7,1946.1,2016.6,2012,1974.5,69227,1386.01,"27-Jul-2026",9940,"",""
"2213","PGINVIT","IV",100.73,101.48,100.45,101.33,101.45,100.26,2348336,2372.23,"27-Jul-2026",7814,"",""
"2214","PHANTOMFX","SM",172,197.9,172,187.25,184,171.35,21300,39.21,"27-Jul-2026",64,"",""
"2215","PHARMABEES","EQ",26.28,26.85,26.28,26.72,26.75,26.28,5154164,1372.71,"27-Jul-2026",10444,"",""
"2216","PHOENIXLTD","EQ",2011.4,2053.5,2011.4,2036.6,2024.1,2010.7,402381,8187.35,"27-Jul-2026",28429,"",""
"2217","PHOGLOBAL","SM",16.3,16.5,16.3,16.5,16.5,15.9,22000,3.62,"27-Jul-2026",8,"",""
"2218","PICCADIL","EQ",745.9,768.9,742.55,757.05,754,737.2,256342,1939.56,"27-Jul-2026",14538,"",""
"2219","PIDILITIND","EQ",1588.9,1622.4,1579.7,1611.3,1614,1570.9,1161586,18718.89,"27-Jul-2026",46473,"",""
"2220","PIGL","EQ",106.5,110,105.23,109.07,108.97,105.29,68901,74.82,"27-Jul-2026",3545,"",""
"2221","PIIND","EQ",2751,2765.9,2735.6,2742.6,2742,2731.2,72244,1987.17,"27-Jul-2026",9212,"",""
"2222","PILANIINVS","EQ",4322,4362,4301,4345.2,4347.5,4311.4,455,19.74,"27-Jul-2026",123,"",""
"2223","PILITA","BE",8.88,9.09,8.62,8.73,8.62,8.88,134970,11.9,"27-Jul-2026",149,"",""
"2224","PINELABS","EQ",147.11,150.41,147.11,148.94,148.93,145.67,5482549,8176.16,"27-Jul-2026",32019,"",""
"2225","PIONEEREMB","EQ",22.49,23.38,21.81,23.04,23.19,22.05,10875,2.48,"27-Jul-2026",60,"",""
"2226","PIONRINV","EQ",97.99,97.99,91.11,93.26,92,94.14,1140,1.07,"27-Jul-2026",67,"",""
"2227","PIRAMALFIN","EQ",2095.9,2110,2032.2,2044.8,2039,2085.4,343746,7111.92,"27-Jul-2026",18320,"",""
"2228","PITTIENG","EQ",923.2,935,921.8,930.7,929.5,920.65,18937,175.8,"27-Jul-2026",1681,"",""
"2229","PIXTRANS","EQ",1797.9,1800,1768.1,1796.7,1792,1766.1,7305,130.35,"27-Jul-2026",1518,"",""
"2230","PKTEA","EQ",684.9,700,678,698,698,677.15,72,0.5,"27-Jul-2026",18,"",""
"2231","PLASTIBLEN","EQ",190.9,194.79,188.81,191.08,191,188.85,70294,134.68,"27-Jul-2026",1614,"",""
"2232","PLATIND","EQ",227.87,244,227.87,240.24,239.6,227.82,180514,431.66,"27-Jul-2026",4734,"",""
"2233","PLAZACABLE","BE",42.69,42.9,42.01,42.8,42.79,42.9,10795,4.57,"27-Jul-2026",120,"",""
"2234","PML","EQ",489,489,465.3,476.05,481.7,485.6,912,4.32,"27-Jul-2026",69,"",""
"2235","PNB","EQ",111.25,112.23,110.76,111.62,111.53,110.38,12850732,14326.02,"27-Jul-2026",49165,"",""
"2236","PNBGILTS","EQ",85.59,86.69,85.25,85.44,85.36,85.51,163759,140.56,"27-Jul-2026",1746,"",""
"2237","PNBHOUSING","EQ",1068,1085.5,1051.6,1078.5,1075.9,1058,937828,10037.46,"27-Jul-2026",34741,"",""
"2238","PNC","EQ",19.74,19.99,19.36,19.6,19.6,19.35,1317,0.26,"27-Jul-2026",56,"",""
"2239","PNCINFRA","EQ",238.83,244.98,237,241.85,241,238.21,405716,979.51,"27-Jul-2026",15662,"",""
"2240","PNGJL","EQ",654.7,700,652.1,689.05,685,647,2989095,20280.49,"27-Jul-2026",86401,"",""
"2241","PNGSREVA","EQ",408.6,425.9,403.55,414.1,415.8,405.95,90394,376.49,"27-Jul-2026",3079,"",""
"2242","POCL","EQ",534,539.7,520.2,522.8,523.8,526.2,361002,1906.78,"27-Jul-2026",9645,"",""
"2243","PODDARMENT","EQ",265.62,269.98,249.71,252.74,253,263.98,12740,32.86,"27-Jul-2026",539,"",""
"2244","POKARNA","EQ",926,961,926,933.3,930,926.5,44988,423.85,"27-Jul-2026",5877,"",""
"2245","POLICYBZR","EQ",1540,1558.9,1536.4,1553.2,1554,1537.2,638636,9897.14,"27-Jul-2026",29979,"",""
"2246","POLYCAB","EQ",8956,9050,8956,9010,9026,8907.5,232047,20923.21,"27-Jul-2026",34253,"",""
"2247","POLYMED","EQ",1775,1775,1664,1680.7,1672.2,1664,148378,2512.17,"27-Jul-2026",19814,"",""
"2248","POLYPLEX","EQ",1137.4,1174,1131.85,1161.9,1170,1128.95,117512,1365.83,"27-Jul-2026",7342,"",""
"2249","POLYSIL","SM",112.1,116.95,110.5,112.5,110.5,112,10000,11.46,"27-Jul-2026",14,"",""
"2250","PONNIERODE","EQ",314.9,317.95,310.1,311.5,310.9,316,29277,91.49,"27-Jul-2026",706,"",""
"2251","POONAWALLA","EQ",457,472,456.2,465.1,471,459.7,664006,3070.02,"27-Jul-2026",13568,"",""
"2252","POSITRON","SM",176.8,183,172.8,180,180,177,6300,11.23,"27-Jul-2026",20,"",""
"2253","POWERGRID","EQ",288.3,290.55,286.55,288.85,287.95,288.2,12143388,35070.89,"27-Jul-2026",52783,"",""
"2254","POWERICA","EQ",575.8,580.45,560.05,565.7,562.35,568.25,172709,980.55,"27-Jul-2026",6226,"",""
"2255","POWERINDIA","EQ",31400,31755,30900,31550,31610,31070,125914,39543.5,"27-Jul-2026",37277,"",""
"2256","POWERMECH","EQ",2629,2721.9,2572.6,2692.9,2680,2593.6,133658,3559.36,"27-Jul-2026",17778,"",""
"2257","PPAP","BE",285.1,295,280.01,287.43,288,290.38,13383,38.77,"27-Jul-2026",285,"",""
"2258","PPL","BE",272,279.95,263,268.6,266.2,271.35,22966,62.06,"27-Jul-2026",379,"",""
"2259","PPLPHARMA","EQ",180.75,192.64,180.75,192.05,192,181.27,15154930,28779,"27-Jul-2026",107479,"",""
"2260","PPSL","SM",2.85,3.2,2.85,3.2,3.2,2.7,594000,18.71,"27-Jul-2026",108,"",""
"2261","PRABHA","EQ",142.14,145.5,139.01,142.02,143,139.86,19298,27.41,"27-Jul-2026",384,"",""
"2262","PRADPME","BE",511,522.5,502.25,510.25,507,506.45,3496,17.93,"27-Jul-2026",63,"",""
"2263","PRAENG","EQ",23.14,23.14,21.94,22.11,22.05,22.42,60742,13.66,"27-Jul-2026",350,"",""
"2264","PRAJIND","EQ",320,322,314.35,316,316.5,323.5,715781,2273.68,"27-Jul-2026",18918,"",""
"2265","PRAKASH","EQ",125,125.95,123.46,125.47,125.95,123.77,230451,287.2,"27-Jul-2026",2380,"",""
"2266","PRAKASHSTL","EQ",4.04,4.35,3.95,4.06,4.06,4.01,140092,5.72,"27-Jul-2026",268,"",""
"2267","PRAMARA","SM",129.4,131,127.75,128.7,128.7,127.8,29500,37.99,"27-Jul-2026",42,"",""
"2268","PRATHAM","SM",113.35,115.9,113.35,114.15,114,117.3,4800,5.48,"27-Jul-2026",11,"",""
"2269","PRAVEG","EQ",290,313,286.5,301.07,300.95,285.08,306929,935.74,"27-Jul-2026",8231,"",""
"2270","PRAXIS","BE",7.09,7.11,6.81,7.03,7,6.93,20173,1.43,"27-Jul-2026",58,"",""
"2271","PRECAM","EQ",139.88,145.9,139.06,139.85,139.3,138.65,244587,348.73,"27-Jul-2026",3999,"",""
"2272","PRECISION","SM",8.3,8.3,7.6,8,8,7.95,10000,0.78,"27-Jul-2026",5,"",""
"2273","PRECOT","EQ",831.35,860,810,844.5,859.9,823.75,4729,39.13,"27-Jul-2026",340,"",""
"2274","PRECWIRE","EQ",372.5,377.25,370.55,373.95,373.45,372.5,87364,326.84,"27-Jul-2026",6334,"",""
"2275","PREMCO","EQ",386.05,386.05,367,368.15,368.15,363.9,174,0.65,"27-Jul-2026",14,"",""
"2276","PREMEXPLN","EQ",662.95,673.4,662.5,669.1,668,662.1,127897,853.69,"27-Jul-2026",3221,"",""
"2277","PREMIER","BE",2.84,2.95,2.84,2.94,2.94,2.84,1471,0.04,"27-Jul-2026",18,"",""
"2278","PREMIERENE","EQ",1028.9,1042.7,1017.7,1039.9,1038.7,1019.3,547770,5648.05,"27-Jul-2026",16769,"",""
"2279","PREMIERPOL","EQ",79.3,80,74,74.48,74.8,79.3,328951,250.3,"27-Jul-2026",4179,"",""
"2280","PREMIUM","SM",38.6,38.6,38.5,38.5,38.5,40,9000,3.47,"27-Jul-2026",3,"",""
"2281","PRESSTONIC","SM",25.45,26.9,25.1,25.35,25.3,25.45,18400,4.68,"27-Jul-2026",22,"",""
"2282","PRESTIGE","EQ",1619,1649.8,1604.7,1644.6,1641.3,1592.8,652716,10687.56,"27-Jul-2026",26000,"",""
"2283","PRICOLLTD","EQ",638,671.4,633.2,665.35,666,628.7,1352331,8897.05,"27-Jul-2026",51718,"",""
"2284","PRIMECAB","ST",183.75,183.75,180,183.75,183.75,175,19200,35.01,"27-Jul-2026",11,"",""
"2285","PRIMESECU","EQ",273.05,293.95,273.05,274.5,274.05,274.45,5127,14.12,"27-Jul-2026",546,"",""
"2286","PRIMO","EQ",22.06,23,22.06,22.49,22.26,22.34,87137,19.66,"27-Jul-2026",1390,"",""
"2287","PRINCEPIPE","EQ",263.6,267.3,261.25,265.65,264,261.2,116284,307.24,"27-Jul-2026",3615,"",""
"2288","PRITI","BE",37.07,38.8,37,37.11,37.79,37.73,3154,1.17,"27-Jul-2026",53,"",""
"2289","PRITIKAUTO","BE",18.42,18.44,17.5,17.96,18,18.01,54346,9.77,"27-Jul-2026",305,"",""
"2290","PRIVISCL","EQ",3613.4,3655,3585,3623.6,3628,3595.2,41625,1505.36,"27-Jul-2026",6692,"",""
"2291","PRIZOR","ST",861,861.85,860,860,860,845,9600,82.68,"27-Jul-2026",17,"",""
"2292","PRLIND","SM",45,45.3,44.7,44.75,44.75,45.3,12000,5.42,"27-Jul-2026",8,"",""
"2293","PROLIFE","SM",71.25,71.25,71.25,71.25,71.25,75,500,0.36,"27-Jul-2026",1,"",""
"2294","PROSTARM","EQ",125.67,125.86,122.23,123.41,123.9,123.67,101957,126.17,"27-Jul-2026",1876,"",""
"2295","PROTEAN","EQ",600,632.95,596,625.75,621.8,593.9,911326,5642.8,"27-Jul-2026",24404,"",""
"2296","PROV","SM",1750,1750,1700,1720,1720,1710,560,9.6,"27-Jul-2026",5,"",""
"2297","PROZONER","EQ",43.65,44.8,43.15,44.11,44.35,43.8,92301,40.56,"27-Jul-2026",842,"",""
"2298","PRSMJOHNSN","EQ",108.91,109.69,108.2,108.55,108.38,108.02,50253,54.68,"27-Jul-2026",1305,"",""
"2299","PRUDENT","EQ",2920.9,3036,2833.3,2870,2851,2858.9,133291,3924.78,"27-Jul-2026",20666,"",""
"2300","PRUDMOULI","BE",12.92,13.56,12.92,13,13,12.92,414,0.05,"27-Jul-2026",11,"",""
"2301","PSB","EQ",23.91,24.7,23.32,23.89,23.88,23.77,1506830,365.9,"27-Jul-2026",3938,"",""
"2302","PSFL","SM",30.6,31.05,30.55,31,31,31,18000,5.56,"27-Jul-2026",6,"",""
"2303","PSPPROJECT","EQ",1039,1065.4,1029.3,1055.9,1057,1031.2,79166,829.57,"27-Jul-2026",4465,"",""
"2304","PSRAJ","ST",90.6,90.6,85,90.5,90.5,86.3,22500,20.1,"27-Jul-2026",7,"",""
"2305","PSUBANK","EQ",85.57,85.57,83.6,83.93,84,83.49,116885,98.14,"27-Jul-2026",496,"",""
"2306","PSUBANKADD","EQ",84.6,85.28,84.25,84.79,84.45,84.48,42707,36.21,"27-Jul-2026",441,"",""
"2307","PSUBNKBEES","EQ",94.95,94.95,92.2,93.52,93.55,93.42,1152191,1079.73,"27-Jul-2026",5184,"",""
"2308","PSUBNKIETF","EQ",84.9,85.5,84.69,84.96,84.9,84.71,110680,94.19,"27-Jul-2026",863,"",""
"2309","PTC","EQ",165.48,167.8,165.05,166.33,166.2,164.4,430444,716.06,"27-Jul-2026",5987,"",""
"2310","PTCIL","EQ",17832,18250,17732,17923,17852,17732,14951,2694.17,"27-Jul-2026",5287,"",""
"2311","PTL","EQ",39.26,40.35,39.06,39.42,39.6,39.26,29842,11.78,"27-Jul-2026",827,"",""
"2312","PUNJABCHEM","EQ",1131,1171,1123.7,1156.1,1160,1121.6,6941,79.89,"27-Jul-2026",735,"",""
"2313","PURPLEUTED","ST",357,357,329,332.5,335,341.35,15500,52.21,"27-Jul-2026",52,"",""
"2314","PURVA","EQ",215.5,219.9,214.74,219.45,219.29,213.35,113195,246.62,"27-Jul-2026",2481,"",""
"2315","PURVFLEXI","SM",42.1,46.25,42.1,45.75,46.25,44.1,14400,6.42,"27-Jul-2026",18,"",""
"2316","PUSHPA","SM",111,112,105,107.55,107,111,12000,12.99,"27-Jul-2026",12,"",""
"2317","PVP","EQ",27.72,30.34,27.1,27.4,27.29,27.31,1123455,318.98,"27-Jul-2026",5644,"",""
"2318","PVRINOX","EQ",1072.3,1136.9,1071,1123.2,1120.15,1063.95,1608571,17991.55,"27-Jul-2026",95192,"",""
"2319","PVSL","EQ",106.9,109,106.08,108.25,108.8,106.01,33294,35.89,"27-Jul-2026",737,"",""
"2320","PVTBANIETF","EQ",28.24,28.24,27.28,27.66,27.7,27.56,1566539,433.11,"27-Jul-2026",1828,"",""
"2321","PVTBANK","EQ",27.44,27.53,27.31,27.31,27.31,27.41,3633,0.99,"27-Jul-2026",44,"",""
"2322","PVTBANKADD","EQ",27.88,27.94,27.7,27.81,27.88,27.74,39736,11.04,"27-Jul-2026",226,"",""
"2323","PVTBKGROWW","EQ",27.9,27.95,27.11,27.55,27.39,27.35,28408,7.81,"27-Jul-2026",1354,"",""
"2324","PWL","EQ",129.85,129.85,122.06,123.09,123.65,128.05,10401923,12945.47,"27-Jul-2026",60716,"",""
"2325","PYRAMID","EQ",165.09,197.05,165.01,195.96,197.05,164.21,4561988,8760.66,"27-Jul-2026",31234,"",""
"2326","QFIL","SM",61.5,62.8,61.5,62.8,62.8,61.5,2000,1.24,"27-Jul-2026",2,"",""
"2327","QGOLDHALF","EQ",118.2,119.38,118.2,118.91,118.91,118.07,196523,233.69,"27-Jul-2026",942,"",""
"2328","QLINE","SM",511,511,492.1,500.3,498.05,505.75,102000,509.55,"27-Jul-2026",211,"",""
"2329","QMSMEDI","EQ",110.85,114,110.7,112.13,111.85,110.6,10371,11.65,"27-Jul-2026",772,"",""
"2330","QNIFTY","EQ",268.14,268.14,263.2,264.2,264.2,261.6,7185,18.94,"27-Jul-2026",89,"",""
"2331","QPOWER","BE",1120,1140,1096,1105.6,1100,1105.4,63072,700.87,"27-Jul-2026",2093,"",""
"2332","QUADFUTURE","EQ",365.5,369.7,352.5,362.7,360,361.05,226958,827.91,"27-Jul-2026",7161,"",""
"2333","QUAL30IETF","EQ",21.36,21.36,20.93,21.1,21.05,20.94,198857,42.07,"27-Jul-2026",350,"",""
"2334","QUALITY30","EQ",20.65,20.85,20.65,20.78,20.7,20.46,75740,15.73,"27-Jul-2026",50,"",""
"2335","QUESS","EQ",298.35,300,293,295.75,298,295.4,123913,366.91,"27-Jul-2026",4371,"",""
"2336","QUESTLAB","SM",91.05,93.9,91.05,92.95,93,92.95,15600,14.45,"27-Jul-2026",11,"",""
"2337","QUICKHEAL","BE",153,160,153,155.72,155.75,152.72,40517,63.35,"27-Jul-2026",679,"",""
"2338","QUICKTOUCH","SM",22,22,20.9,21.1,21.05,22,12000,2.55,"27-Jul-2026",16,"",""
"2339","QUINT","EQ",38.64,39.99,36,37.35,37,38.64,1083,0.41,"27-Jul-2026",24,"",""
"2340","QUINTEGRA","BE",1.45,1.45,1.33,1.44,1.44,1.39,22631,0.31,"27-Jul-2026",22,"",""
"2341","QVCEL","SM",22.7,23.55,22.7,23.55,23.55,23.55,3200,0.74,"27-Jul-2026",2,"",""
"2342","RACE","EQ",111.99,111.99,108,109.03,109.3,109.25,9795,10.84,"27-Jul-2026",39,"",""
"2343","RACLGEAR","EQ",1315.5,1386,1312,1332.2,1338.6,1315.5,34422,459.08,"27-Jul-2026",2725,"",""
"2344","RADAAN","EQ",2.88,2.88,2.78,2.79,2.79,2.88,23468,0.66,"27-Jul-2026",83,"",""
"2345","RADHIKAJWE","EQ",64,68.68,64,68.03,67.9,63.63,1931509,1298.54,"27-Jul-2026",16007,"",""
"2346","RADIANTCMS","EQ",36.5,37.43,36.4,36.64,36.62,36.93,76166,27.96,"27-Jul-2026",974,"",""
"2347","RADICO","EQ",4120,4201,4117.7,4149.5,4161,4091.3,515365,21416.45,"27-Jul-2026",33667,"",""
"2348","RADIOCITY","EQ",6.5,6.82,6.3,6.58,6.6,6.4,106089,6.98,"27-Jul-2026",212,"",""
"2349","RAILTEL","EQ",288.4,291,287.4,288.55,288.1,284.75,291361,841.62,"27-Jul-2026",9653,"",""
"2350","RAIN","EQ",226.45,228,221.17,223.74,223.75,225.23,3339585,7486.78,"27-Jul-2026",28336,"",""
"2351","RAINBOW","EQ",1468.2,1487,1464.4,1483.5,1483.2,1457.8,44019,651.64,"27-Jul-2026",7090,"",""
"2352","RAJESHEXPO","BZ",85.07,89.99,85.07,88.46,88.49,88.93,66769,59.01,"27-Jul-2026",1015,"",""
"2353","RAJINDLTD","SM",72.45,72.45,71.85,71.85,71.85,70.45,4500,3.24,"27-Jul-2026",3,"",""
"2354","RAJMET","EQ",3.36,3.43,3.31,3.33,3.35,3.36,162977,5.47,"27-Jul-2026",563,"",""
"2355","RAJOOENG","BE",54.97,56,54,54.18,54.2,54.35,148000,81.44,"27-Jul-2026",762,"",""
"2356","RAJPALAYAM","EQ",802.05,820,802.05,810.75,810,807.75,982,7.98,"27-Jul-2026",46,"",""
"2357","RAJPUTANA","SM",192,199,192,199,199,199.45,1500,2.92,"27-Jul-2026",3,"",""
"2358","RAJRATAN","EQ",497,519.65,495,504.5,503.65,488.3,459053,2337.58,"27-Jul-2026",20747,"",""
"2359","RAJRILTD","BE",21.25,21.25,20.43,20.67,20.89,20.84,23098,4.73,"27-Jul-2026",173,"",""
"2360","RAJSREESUG","EQ",30.6,31.39,29.97,30.83,30.4,29.97,12214,3.75,"27-Jul-2026",155,"",""
"2361","RAJTV","EQ",11.89,11.98,11.66,11.81,11.76,11.67,26518,3.13,"27-Jul-2026",163,"",""
"2362","RAJVIR","BZ",5.93,5.95,5.93,5.93,5.93,6.23,3919,0.23,"27-Jul-2026",5,"",""
"2363","RALLIS","EQ",220,227.07,220,221.59,220.95,218.72,1235821,2766.16,"27-Jul-2026",22450,"",""
"2364","RAMANEWS","EQ",28.74,29.1,28.1,28.52,28.99,28.57,12069,3.44,"27-Jul-2026",94,"",""
"2365","RAMAPHO","EQ",134,134.9,129.11,130.9,131.85,131.1,55794,73.58,"27-Jul-2026",687,"",""
"2366","RAMASTEEL","BE",4.29,4.31,4.21,4.24,4.23,4.26,1689124,71.74,"27-Jul-2026",3377,"",""
"2367","RAMBHAJO","EQ",193.56,201.5,193.56,197.89,196.1,194.07,296930,586.05,"27-Jul-2026",5141,"",""
"2368","RAMCOCEM","EQ",907,926,907,919.75,915.05,914.8,58579,538.35,"27-Jul-2026",9751,"",""
"2369","RAMCOIND","EQ",329.5,345.35,327.1,336.85,334.15,329.15,261964,884.2,"27-Jul-2026",7184,"",""
"2370","RAMCOSYS","EQ",668.9,696.3,639.9,639.9,639.9,710.95,1208773,7945.64,"27-Jul-2026",21213,"",""
"2371","RAMKY","EQ",372.6,381.6,372.6,375.2,374.1,371.1,40579,153.25,"27-Jul-2026",1266,"",""
"2372","RAMRAT","EQ",414.15,429.9,414.15,425.3,428,414.1,105248,444.37,"27-Jul-2026",2844,"",""
"2373","RANASUG","EQ",11.88,12.05,11.73,11.84,11.85,11.78,69252,8.23,"27-Jul-2026",352,"",""
"2374","RANEHOLDIN","EQ",1738,1767.8,1731,1762.7,1767.8,1738.4,8218,144.24,"27-Jul-2026",953,"",""
"2375","RAPPID","SM",337.85,337.85,319.25,330.2,334.9,337.85,10200,33.42,"27-Jul-2026",17,"",""
"2376","RATEGAIN","EQ",899,929,895,905.8,905,900.4,189729,1728.78,"27-Jul-2026",14588,"",""
"2377","RATNAMANI","EQ",2400.8,2435.7,2395.1,2404.3,2423,2394.5,17021,409.65,"27-Jul-2026",6182,"",""
"2378","RATNAVEER","EQ",182,204,182,199.61,204,178.61,53640552,106218.03,"27-Jul-2026",320678,"",""
"2379","RAYMOND","EQ",598,603.05,585.25,595,596,588.4,781629,4636.75,"27-Jul-2026",18337,"",""
"2380","RAYMONDLSL","EQ",717,717,701.05,705.6,706.5,714.95,92348,654.72,"27-Jul-2026",4423,"",""
"2381","RAYMONDREL","EQ",661.1,673.8,656.3,665.9,662.45,654.55,275017,1831.19,"27-Jul-2026",8502,"",""
"2382","RBA","EQ",65.6,70.5,65.6,67.57,67.71,65.16,10453213,7155.29,"27-Jul-2026",36350,"",""
"2383","RBLBANK","EQ",352.9,364.1,352.9,362.85,363.05,352.9,6318621,22798.2,"27-Jul-2026",61323,"",""
"2384","RBMINFRA","SM",300.25,300.6,288,290.9,289.4,300.25,27200,80.16,"27-Jul-2026",100,"",""
"2385","RBS","SM",76,81.65,74.3,75.6,75.6,74.25,89600,71,"27-Jul-2026",51,"",""
"2386","RBZJEWEL","EQ",142.1,148.99,142.1,145.61,144.55,140.91,83688,121.71,"27-Jul-2026",2452,"",""
"2387","RCDL","SM",24,24,24,24,24,24,3000,0.72,"27-Jul-2026",1,"",""
"2388","RCF","EQ",124.91,127,124.91,126.27,126.45,124.22,511013,644.71,"27-Jul-2026",6089,"",""
"2389","RCOM","BE",0.82,0.86,0.82,0.83,0.83,0.82,2332156,19.41,"27-Jul-2026",2166,"",""
"2390","READYMIX","SM",96,106,96,105,105,104.95,8000,8.33,"27-Jul-2026",8,"",""
"2391","RECLTD","EQ",357.5,368.85,356.9,368.15,368.8,361.6,9400642,34344.8,"27-Jul-2026",92411,"",""
"2392","REDINGTON","EQ",261,279.85,260.2,278.15,277.9,259.05,8059901,22238.68,"27-Jul-2026",94048,"",""
"2393","REDTAPE","EQ",126.99,130.28,126.52,127.28,128.3,126.77,178327,227.96,"27-Jul-2026",2998,"",""
"2394","REFEX","EQ",319.9,334.2,317.7,331.55,332,316,777695,2551.09,"27-Jul-2026",12639,"",""
"2395","REFRACTORY","SM",26.15,26.25,25.6,25.9,25.6,26.9,11000,2.87,"27-Jul-2026",10,"",""
"2396","REGAAL","BE",75.98,78.4,75.97,77.58,77.9,75.65,57102,43.89,"27-Jul-2026",274,"",""
"2397","REGENCERAM","EQ",34,35.4,33.06,33.6,33.09,33.94,8301,2.82,"27-Jul-2026",58,"",""
"2398","RELAXO","EQ",403.95,409.55,396.7,401.4,401.8,402.95,363059,1469.51,"27-Jul-2026",11537,"",""
"2399","RELCHEMQ","EQ",127.29,128.77,123.27,128.07,128.64,127.29,7670,9.6,"27-Jul-2026",138,"",""
"2400","RELIABLE","EQ",148,148,137.29,139.22,141,143.88,6897,9.68,"27-Jul-2026",376,"",""
"2401","RELIANCE","EQ",1288.2,1288.7,1278,1280,1281,1278,7163132,91765.06,"27-Jul-2026",130094,"",""
"2402","RELIGARE","EQ",259.25,259.25,252.6,255.45,255.15,258.05,1314228,3356.52,"27-Jul-2026",16106,"",""
"2403","RELINFRA","BE",60.04,63.19,60.04,60.04,60.04,63.19,2206582,1336.7,"27-Jul-2026",4807,"",""
"2404","RELTD","EQ",173.4,179.35,173.01,174.03,174.02,171.45,195941,342.9,"27-Jul-2026",4609,"",""
"2405","REMSONSIND","EQ",79.7,80.81,79,79.63,79.5,78.31,25643,20.46,"27-Jul-2026",736,"",""
"2406","REMUS","SM",719,726,719,721,720,719.6,2200,15.91,"27-Jul-2026",13,"",""
"2407","RENUKA","EQ",22.26,22.49,21.81,21.86,21.88,22.23,2679724,590.1,"27-Jul-2026",6935,"",""
"2408","REPCOHOME","EQ",388.45,397.2,388.45,391.05,390.25,388.4,49776,195.33,"27-Jul-2026",1900,"",""
"2409","REPL","BE",66.74,66.74,63.01,63.59,65.39,65.43,3301,2.12,"27-Jul-2026",36,"",""
"2410","REPRO","EQ",371.3,378.95,370,372.8,371.3,371.9,7224,27.01,"27-Jul-2026",323,"",""
"2411","RESPONIND","EQ",177,179.49,174.2,175.47,175,176.02,117789,208.23,"27-Jul-2026",2331,"",""
"2412","RETAIL","EQ",16.57,17.95,16.57,17.51,17.58,16.65,6597,1.15,"27-Jul-2026",64,"",""
"2413","RGL","EQ",117,119.85,117,118.04,118.36,118.11,185414,218.91,"27-Jul-2026",978,"",""
"2414","RHETAN","EQ",28.5,30.21,28.42,29.05,29.09,28.35,14137548,4137.16,"27-Jul-2026",22380,"",""
"2415","RHFL","BZ",1.98,2,1.95,1.96,1.97,1.96,301361,5.94,"27-Jul-2026",694,"",""
"2416","RHIM","EQ",405,411.95,399,401.05,403,398.95,491685,1989.5,"27-Jul-2026",13490,"",""
"2417","RHL","EQ",165.61,170.01,165.6,168.64,168.1,167.34,2573,4.34,"27-Jul-2026",127,"",""
"2418","RICOAUTO","EQ",140.5,146.6,139.3,145.59,145.6,139.07,4112427,5919.92,"27-Jul-2026",30095,"",""
"2419","RIIL","EQ",737.5,742.45,732,736.2,735.75,729.55,40985,302.31,"27-Jul-2026",2001,"",""
"2420","RIIT","IV",115.65,117,115.65,116.82,116.5,115.64,57095,66.67,"27-Jul-2026",5073,"",""
"2421","RILINFRA","SM",39.85,39.9,38.55,39.35,38.85,39.5,7600,2.99,"27-Jul-2026",46,"",""
"2422","RIR","EQ",157.57,161.99,156.7,157.21,157.63,157.51,41734,66.11,"27-Jul-2026",1355,"",""
"2423","RISHABH","EQ",624,642,619.55,624.7,629.5,622.3,71724,448.49,"27-Jul-2026",4117,"",""
"2424","RITCO","EQ",299.9,303.9,291.2,295.1,295,297.2,465386,1376.37,"27-Jul-2026",7051,"",""
"2425","RITES","EQ",215.45,218.25,214.5,217.15,217,213.7,407264,881.71,"27-Jul-2026",10962,"",""
"2426","RKDL","EQ",19.65,19.91,19.4,19.48,19.46,19.91,11245,2.2,"27-Jul-2026",111,"",""
"2427","RKEC","EQ",27.29,28.7,26.5,26.96,26.67,26.73,35907,9.88,"27-Jul-2026",236,"",""
"2428","RKFORGE","EQ",595,635.55,595,625.45,625.3,580.7,12147443,75416.09,"27-Jul-2026",199518,"",""
"2429","RKSWAMY","EQ",103.9,107.7,102.32,106.71,107.21,101.37,84741,89.15,"27-Jul-2026",1743,"",""
"2430","RMC","EQ",272.1,279.4,262.3,265.65,263.5,268.05,33262,90.19,"27-Jul-2026",1388,"",""
"2431","RMDRIP","EQ",18.15,18.99,18.05,18.65,18.51,18.11,2603869,484.28,"27-Jul-2026",3985,"",""
"2432","RML","EQ",1139.5,1186.6,1125,1149,1145,1130.4,23632,274.85,"27-Jul-2026",3437,"",""
"2433","RNBDENIMS","EQ",9.32,9.45,9.22,9.32,9.38,9.27,221590,20.69,"27-Jul-2026",906,"",""
"2434","RNFI","SM",268,271.7,266.1,268,268,268.75,54600,146.49,"27-Jul-2026",23,"",""
"2435","RNPL","SM",74.2,74.6,74.2,74.6,74.6,78,3600,2.68,"27-Jul-2026",3,"",""
"2436","ROHLTD","EQ",315.75,323.9,311,322.35,320.5,310.95,27913,88.95,"27-Jul-2026",712,"",""
"2437","ROLEXRINGS","EQ",139.73,141.78,135.5,137.92,138.5,139.64,2182897,2992.04,"27-Jul-2026",13115,"",""
"2438","ROLLT","BE",2.11,2.27,2.11,2.22,2.27,2.17,108683,2.4,"27-Jul-2026",105,"",""
"2439","ROML","EQ",45.1,45.1,44.07,44.98,45,44.51,1122,0.5,"27-Jul-2026",30,"",""
"2440","ROSSARI","EQ",491.8,528.4,491.8,519.95,521.85,489.8,230496,1185.17,"27-Jul-2026",9502,"",""
"2441","ROSSELLIND","EQ",58.01,60.83,58.01,58.89,58.89,58.94,16220,9.62,"27-Jul-2026",899,"",""
"2442","ROSSTECH","EQ",984,1005,960.55,975.65,976,983.3,98539,960.39,"27-Jul-2026",6143,"",""
"2443","ROTO","EQ",68.42,69,67.11,67.29,67.11,68.08,235371,159,"27-Jul-2026",1947,"",""
"2444","ROUTE","EQ",570,571.65,535.35,540.6,537.95,568.55,1114587,6071.69,"27-Jul-2026",23676,"",""
"2445","ROXHITECH","SM",41.85,45.9,40.8,45.55,45.5,38.75,121600,53.68,"27-Jul-2026",63,"",""
"2446","ROYALARC","SM",148,148,148,148,148,148,1200,1.78,"27-Jul-2026",1,"",""
"2447","RPEL","EQ",1319,1324.5,1284.5,1292.7,1291,1303.2,44411,577.49,"27-Jul-2026",4351,"",""
"2448","RPGLIFE","EQ",2920.5,2984.9,2900,2928.1,2925,2937,16187,475.09,"27-Jul-2026",2321,"",""
"2449","RPOWER","EQ",24.06,24.18,23.51,23.76,23.77,24.06,18164482,4339.08,"27-Jul-2026",31812,"",""
"2450","RPPINFRA","EQ",62.26,64.53,61.5,62.15,61.5,61.5,19583,12.23,"27-Jul-2026",408,"",""
"2451","RPPL","EQ",21.46,22.05,20.8,21.69,22,21.47,60125,12.78,"27-Jul-2026",581,"",""
"2452","RPSGVENT","EQ",893.95,909.95,893.95,898.7,896.2,893.95,10079,90.54,"27-Jul-2026",404,"",""
"2453","RPTECH","EQ",787.95,809,770,801.45,809,779.85,450228,3560.92,"27-Jul-2026",18715,"",""
"2454","RRIL","EQ",17.2,17.2,16.3,16.45,16.4,16.63,16410,2.72,"27-Jul-2026",99,"",""
"2455","RRKABEL","EQ",2529,2584,2453,2525.3,2570,2493.6,1757341,44241.1,"27-Jul-2026",111433,"",""
"2456","RSDFIN","EQ",73.2,82.79,73.2,82,82,82.81,45,0.04,"27-Jul-2026",5,"",""
"2457","RSL","EQ",134.99,137.05,132.2,134.33,132.3,132.72,520856,701.84,"27-Jul-2026",2831,"",""
"2458","RSSOFTWARE","BE",31.26,32.29,30.5,32.09,32.28,31.26,11983,3.81,"27-Jul-2026",153,"",""
"2459","RSWM","BE",211.71,218.4,211.71,213.67,213,211.71,47082,101.33,"27-Jul-2026",286,"",""
"2460","RSYSTEMS","EQ",249,259.75,248.01,252.85,252.01,245.51,416728,1060.73,"27-Jul-2026",19077,"",""
"2461","RTL","SM",80,80,80,80,80,78,6000,4.8,"27-Jul-2026",3,"",""
"2462","RTNINDIA","EQ",32.01,32.46,31.1,32.03,32.1,31.6,748701,240.49,"27-Jul-2026",4021,"",""
"2463","RTNPOWER","EQ",8.81,8.84,8.55,8.63,8.66,8.63,15468021,1338.73,"27-Jul-2026",13300,"",""
"2464","RUBFILA","EQ",73.08,73.75,70.01,72.34,72.08,73.08,26296,18.94,"27-Jul-2026",312,"",""
"2465","RUBICON","EQ",1545,1578,1520.2,1556,1570,1520.2,221234,3417.16,"27-Jul-2026",17869,"",""
"2466","RUBYMILLS","BE",405,414.8,388.1,397.55,405,407.35,13332,53.78,"27-Jul-2026",243,"",""
"2467","RUCHINFRA","EQ",6.13,6.13,5.41,5.95,5.92,5.99,150702,8.75,"27-Jul-2026",298,"",""
"2468","RUCHIRA","EQ",108.05,112.39,108.05,110.42,111.15,106.47,91315,100.94,"27-Jul-2026",1282,"",""
"2469","RUDRA","EQ",16.88,18.99,16.56,17.68,17.7,16.22,179860,32.27,"27-Jul-2026",787,"",""
"2470","RULKA","SM",101.1,115,101.1,111.05,112.9,100,11700,13.07,"27-Jul-2026",37,"",""
"2471","RUPA","EQ",163.51,166.28,163.51,164,163.9,163.19,31691,52.15,"27-Jul-2026",1217,"",""
"2472","RUSHIL","EQ",17.76,18.34,17.4,17.64,17.45,17.76,739683,132.22,"27-Jul-2026",2324,"",""
"2473","RUSTOMJEE","EQ",405.75,414.5,401.55,409.6,414.5,399.75,15906,64.9,"27-Jul-2026",1017,"",""
"2474","RVHL","EQ",46,46.5,45.13,45.53,45.2,45.87,11867,5.43,"27-Jul-2026",104,"",""
"2475","RVNL","EQ",226.03,227.6,223.56,223.95,223.8,224.53,3968892,8950.74,"27-Jul-2026",31373,"",""
"2476","RVTH","EQ",692.05,712,680.05,709.5,711.95,685.05,588,4.06,"27-Jul-2026",24,"",""
"2477","S&SPOWER","EQ",359.4,359.4,331.75,336.8,333,347.3,1473,5.03,"27-Jul-2026",40,"",""
"2478","SAAKSHI","ST",286.25,294.95,286.25,290.6,294.95,299.9,9000,26.03,"27-Jul-2026",10,"",""
"2479","SAATVIKGL","EQ",441.5,448.4,440.55,442.95,444.15,440.55,36176,160.45,"27-Jul-2026",2023,"",""
"2480","SABAR","SM",5.65,5.65,5.6,5.65,5.65,5.45,15000,0.85,"27-Jul-2026",3,"",""
"2481","SABEVENTS","EQ",7.29,7.29,7.29,7.29,7.29,7.67,3088,0.23,"27-Jul-2026",16,"",""
"2482","SACHEEROME","SM",423.1,438.95,414.1,424.95,424.95,422.95,23100,97.99,"27-Jul-2026",59,"",""
"2483","SADBHAV","EQ",7.9,8.59,7.9,8.31,8.4,7.9,372056,30.91,"27-Jul-2026",877,"",""
"2484","SADBHIN","BE",2.26,2.35,2.23,2.32,2.34,2.26,106993,2.45,"27-Jul-2026",146,"",""
"2485","SADHAV","SM",118,118.05,114.45,118.05,118.05,116,17400,20.37,"27-Jul-2026",23,"",""
"2486","SADHNANIQ","BE",2.69,2.69,2.69,2.69,2.69,2.74,340970,9.17,"27-Jul-2026",236,"",""
"2487","SAFARI","EQ",1541,1600.6,1541,1594.2,1588.1,1538.9,14865,235.05,"27-Jul-2026",2364,"",""
"2488","SAFEENTP","SM",252.35,254.05,245,252.7,253,252.15,69000,172.14,"27-Jul-2026",91,"",""
"2489","SAGARDEEP","EQ",26.48,26.48,24.32,24.96,25.45,25.16,19495,4.86,"27-Jul-2026",148,"",""
"2490","SAGCEM","EQ",180.69,184,174.85,183.15,184,177.54,101734,183.4,"27-Jul-2026",2581,"",""
"2491","SAGILITY","EQ",40.89,43.81,40.72,43.29,43.3,40.42,111335747,48029.21,"27-Jul-2026",189868,"",""
"2492","SAHAJSOLAR","SM",121,124.95,120.1,123.6,123.6,124.35,6000,7.34,"27-Jul-2026",15,"",""
"2493","SAHANA","SM",909,979,908,919.7,929,893.8,301250,2817.02,"27-Jul-2026",996,"",""
"2494","SAHASRA","ST",304.05,326.55,304.05,326.55,326.55,311,88400,288.23,"27-Jul-2026",141,"",""
"2495","SAHLIBHFI","EQ",77.93,83.7,77.89,78.2,78.2,77.93,6670,5.23,"27-Jul-2026",16,"",""
"2496","SAHYADRI","EQ",285,295,281,292.25,292,281.25,5414,15.63,"27-Jul-2026",216,"",""
"2497","SAIFL","SM",5.15,5.2,5,5.1,5.2,5.1,264000,13.34,"27-Jul-2026",51,"",""
"2498","SAIL","EQ",162.9,166.5,162.1,162.62,162.87,161.45,13672214,22398.13,"27-Jul-2026",60113,"",""
"2499","SAILIFE","EQ",1244.8,1295,1239.3,1287,1290,1232.9,476995,6084.1,"27-Jul-2026",27872,"",""
"2500","SAIPARENT","EQ",540.95,562,540.95,559.75,558,535.6,92370,511.67,"27-Jul-2026",4022,"",""
"2501","SAJHOTELS","ST",34.7,36.9,34.7,36.9,36.9,36.5,36000,13.19,"27-Jul-2026",5,"",""
"2502","SAKAR","EQ",817.45,835,798,830,829.1,802.2,110028,901.69,"27-Jul-2026",8708,"",""
"2503","SAKHTISUG","EQ",17.2,17.47,17.14,17.2,17.28,17.28,40599,7,"27-Jul-2026",271,"",""
"2504","SAKSOFT","EQ",170.2,173.01,162.04,164.69,164.95,168.3,891947,1483.78,"27-Jul-2026",9883,"",""
"2505","SAKUMA","EQ",1.67,1.69,1.63,1.66,1.67,1.64,610676,10.17,"27-Jul-2026",665,"",""
"2506","SALASAR","EQ",6.01,6.11,5.94,5.96,5.95,5.97,2052725,122.71,"27-Jul-2026",3140,"",""
"2507","SALONA","EQ",245,252.8,243.25,245.65,247.95,248.8,3113,7.66,"27-Jul-2026",108,"",""
"2508","SALSTEEL","BE",58,59.54,58,59.54,59.54,56.71,197903,117.67,"27-Jul-2026",386,"",""
"2509","SALZERELEC","EQ",585,592,571.45,573.85,573.55,575.95,37291,214.76,"27-Jul-2026",1946,"",""
"2510","SAMBHAAV","EQ",6.25,6.64,6.15,6.33,6.4,6.11,36534,2.3,"27-Jul-2026",79,"",""
"2511","SAMBHV","EQ",116,123.55,114.91,121.69,121.8,115.92,1861564,2242.49,"27-Jul-2026",15272,"",""
"2512","SAMHI","EQ",177.8,183.69,177.38,178.54,179.26,177.66,1037485,1874.46,"27-Jul-2026",20084,"",""
"2513","SAMMAANCAP","EQ",161.57,165.45,160.12,164.96,165.3,160.64,4635674,7598.69,"27-Jul-2026",18340,"",""
"2514","SAMPANN","EQ",28.35,28.39,27.31,27.64,28.15,27.57,15932,4.44,"27-Jul-2026",320,"",""
"2515","SANATHAN","EQ",485.4,495.65,476,488.25,488.95,483,91043,443.49,"27-Jul-2026",2597,"",""
"2516","SANDESH","EQ",979,1010,969.8,974.55,979,979,1183,11.67,"27-Jul-2026",121,"",""
"2517","SANDHAR","EQ",601.9,607,593.5,599.55,598,593.95,88230,530.78,"27-Jul-2026",7224,"",""
"2518","SANDUMA","EQ",195.15,200.69,195.15,198.15,198.48,195.04,457227,906.9,"27-Jul-2026",9404,"",""
"2519","SANGAMIND","EQ",625.1,625.95,610.2,612.55,611.35,615.85,22980,141.34,"27-Jul-2026",1615,"",""
"2520","SANGANI","SM",44.5,44.8,44.5,44.8,44.8,42.7,7500,3.36,"27-Jul-2026",5,"",""
"2521","SANGHVIMOV","EQ",460.45,465,446.7,450,450.75,455.7,353824,1607.85,"27-Jul-2026",11237,"",""
"2522","SANGINITA","BE",62.86,62.86,62.86,62.86,62.86,61.63,35261,22.17,"27-Jul-2026",99,"",""
"2523","SANOFI","EQ",3429,3429,3351.5,3368.8,3370,3388.9,9673,326.43,"27-Jul-2026",3009,"",""
"2524","SANOFICONR","EQ",4639.3,4750,4624.1,4685.2,4670,4674.7,4106,193.08,"27-Jul-2026",1143,"",""
"2525","SANSERA","EQ",3232.5,3299.7,3217.6,3273,3272,3184.7,106918,3491.14,"27-Jul-2026",12310,"",""
"2526","SANSTAR","EQ",109.25,117,108.5,116.24,116.1,108.97,889963,1014.1,"27-Jul-2026",10971,"",""
"2527","SANWARIA","BZ",0.21,0.21,0.2,0.2,0.21,0.2,294149,0.61,"27-Jul-2026",137,"",""
"2528","SAPPHIRE","EQ",181,191.9,181,187.09,187.9,179.12,5604160,10504.9,"27-Jul-2026",74255,"",""
"2529","SAPPL","EQ",290.05,314.8,290,299.1,300,293.55,2178,6.44,"27-Jul-2026",101,"",""
"2530","SARDAEN","EQ",505.5,513.9,504.75,512.3,513,502.25,252108,1288.82,"27-Jul-2026",15675,"",""
"2531","SAREGAMA","EQ",502.7,518,494.2,514.85,516,496.5,625299,3189.84,"27-Jul-2026",21996,"",""
"2532","SARLAPOLY","EQ",100.6,102.19,99.18,100.58,100.61,100.01,43638,43.65,"27-Jul-2026",1304,"",""
"2533","SARTELE","SM",118.2,119,116.05,117.8,117.25,117,59000,69.53,"27-Jul-2026",103,"",""
"2534","SARVESHWAR","EQ",3.54,3.55,3.11,3.38,3.37,3.45,2648664,88.01,"27-Jul-2026",3087,"",""
"2535","SASKEN","EQ",1871,1911.9,1800,1819,1810,1821,29549,546.62,"27-Jul-2026",2279,"",""
"2536","SATECH","SM",31.5,34.35,31.15,33.95,34.35,32.75,27000,8.74,"27-Jul-2026",20,"",""
"2537","SATIA","EQ",61.4,63.8,61.08,62.13,62.33,60.45,177018,110.48,"27-Jul-2026",2062,"",""
"2538","SATIN","EQ",271,274.14,260.1,261.51,260.1,268.87,864860,2318.8,"27-Jul-2026",14818,"",""
"2539","SATIPOLY","ST",37.5,37.5,37.5,37.5,37.5,37.5,2500,0.94,"27-Jul-2026",3,"",""
"2540","SATKARTAR","ST",138,138,131.25,131.6,131.6,136.6,12800,17.15,"27-Jul-2026",16,"",""
"2541","SATTVAENGG","SM",79.05,79.05,79,79,79,77.75,4800,3.79,"27-Jul-2026",3,"",""
"2542","SAURASHCEM","EQ",55.74,58.8,55.74,57.93,57.88,55.66,58445,33.82,"27-Jul-2026",1633,"",""
"2543","SAVY","SM",134,134,120.05,122.95,122.95,126.1,21600,26.83,"27-Jul-2026",18,"",""
"2544","SAWALIYA","SM",295,295,288,289.6,288.05,295.05,37200,108.1,"27-Jul-2026",32,"",""
"2545","SAYAJIHOTL","EQ",299.6,299.6,299.6,299.6,299.6,299.6,18,0.05,"27-Jul-2026",2,"",""
"2546","SBC","EQ",42.25,42.4,42.01,42.09,42.01,42.07,7111649,2998.9,"27-Jul-2026",2733,"",""
"2547","SBCL","EQ",755.7,764.45,741,742.25,742,755.7,113371,852.39,"27-Jul-2026",8513,"",""
"2548","SBFC","EQ",93.99,94.64,90,90.38,90.33,92.18,2682881,2464.04,"27-Jul-2026",18061,"",""
"2549","SBGLP","EQ",25.73,25.73,24.2,24.43,24.89,24.42,8601,2.12,"27-Jul-2026",127,"",""
"2550","SBIBPB","EQ",48.32,49,48.01,48.26,48.05,48.32,38973,18.93,"27-Jul-2026",434,"",""
"2551","SBICARD","EQ",630.65,647.25,627.95,645,647,618.75,2047438,13076.23,"27-Jul-2026",40013,"",""
"2552","SBIETFCON","EQ",122.78,122.78,121,122.62,122.62,120.82,5293,6.47,"27-Jul-2026",128,"",""
"2553","SBIETFIT","EQ",326.67,327.61,319.05,326.09,325,318.71,21983,71.63,"27-Jul-2026",317,"",""
"2554","SBIETFPB","EQ",280,281,278.39,279.71,278.39,278.46,47807,133.31,"27-Jul-2026",666,"",""
"2555","SBIETFQLTY","EQ",217.9,223,217.04,222.01,221.93,219.48,1953,4.34,"27-Jul-2026",72,"",""
"2556","SBIFUNDS","EQ",590,594.35,581,583.2,582,587.3,4053030,23740.32,"27-Jul-2026",87259,"",""
"2557","SBILIFE","EQ",1860,1870.7,1836.2,1866.8,1867.2,1858.6,1098594,20405.04,"27-Jul-2026",31635,"",""
"2558","SBILIQETF","EQ",1049.2,1049.2,1049.18,1049.18,1049.2,1049.06,10099,105.96,"27-Jul-2026",31,"",""
"2559","SBIMIDMOM","EQ",61.96,62.26,61.35,62.16,62.18,61.35,6730,4.17,"27-Jul-2026",107,"",""
"2560","SBIN","EQ",1020.3,1023.7,1015.9,1020.6,1019.8,1015,6093002,62152.44,"27-Jul-2026",162737,"",""
"2561","SBINEQWETF","EQ",33,33.7,33,33.36,33.08,33.02,21923,7.3,"27-Jul-2026",305,"",""
"2562","SBINMID150","EQ",23.02,23.25,22.89,22.95,23.13,22.8,12561,2.89,"27-Jul-2026",263,"",""
"2563","SBISILVER","EQ",217.98,218.85,217.42,218.31,218.6,215.98,718371,1568.38,"27-Jul-2026",5801,"",""
"2564","SBISMLETF","EQ",17.75,18.13,17.7,17.85,17.81,17.67,82159,14.69,"27-Jul-2026",203,"",""
"2565","SBIVALETF","EQ",14.91,15.05,14.86,14.89,14.86,14.84,1542,0.23,"27-Jul-2026",43,"",""
"2566","SCANSTL","EQ",50.54,50.54,47.01,48.27,49,49.79,192347,93.71,"27-Jul-2026",1507,"",""
"2567","SCHAEFFLER","EQ",4107.8,4213.2,4082.1,4185.5,4177.9,4107.7,88323,3670.75,"27-Jul-2026",14687,"",""
"2568","SCHAND","EQ",147.69,149.8,146.55,147.86,149.8,147.69,15004,22.16,"27-Jul-2026",491,"",""
"2569","SCHNEIDER","EQ",1360,1368.8,1320,1352,1346.8,1352.6,190172,2558.3,"27-Jul-2026",22589,"",""
"2570","SCI","EQ",277.15,287.1,275.4,283.8,283.3,275.1,2204031,6224.86,"27-Jul-2026",28483,"",""
"2571","SCILAL","EQ",41.61,42.79,41.31,42.15,42.39,41.33,252633,105.85,"27-Jul-2026",1568,"",""
"2572","SCML","SM",75.3,80,75.3,78.85,79,75.2,44000,34.36,"27-Jul-2026",34,"",""
"2573","SCODATUBES","EQ",148.39,149.89,146.53,147.73,148.99,146.93,106946,158.42,"27-Jul-2026",1689,"",""
"2574","SCPL","EQ",570.25,607,568.6,599.3,597,570.85,37999,225.53,"27-Jul-2026",1504,"",""
"2575","SDBL","EQ",73.5,74.4,71.5,72.07,71.98,72.89,663692,481.21,"27-Jul-2026",5373,"",""
"2576","SDREAMS","SM",89.95,90,88.5,88.5,88.5,87.15,3000,2.68,"27-Jul-2026",3,"",""
"2577","SEAMECLTD","EQ",1435,1462,1402,1411.2,1410,1396.3,48371,690.95,"27-Jul-2026",5573,"",""
"2578","SECMARK","EQ",130,130,124,125.1,127.6,128.18,1418,1.78,"27-Jul-2026",10,"",""
"2579","SECURKLOUD","EQ",18.45,18.45,17.21,17.51,17.6,17.47,26703,4.76,"27-Jul-2026",94,"",""
"2580","SEDEMAC","EQ",2690,2792,2690,2778.3,2770,2689.2,121002,3331.95,"27-Jul-2026",15143,"",""
"2581","SEIL","EQ",203.23,206.97,199.47,205.1,206,203.23,166692,338.9,"27-Jul-2026",2207,"",""
"2582","SEJALLTD","BE",762.95,791,731.05,772.45,770,753.45,16442,125.78,"27-Jul-2026",241,"",""
"2583","SEL","SM",273,273,260.2,264.5,264.5,273,1400,3.77,"27-Jul-2026",6,"",""
"2584","SELECTIPO","EQ",45.44,46.12,45,46.09,46,45.44,78456,36.09,"27-Jul-2026",186,"",""
"2585","SELLOWRAP","SM",62.5,63.5,62.5,63.5,63.5,64,3200,2.02,"27-Jul-2026",2,"",""
"2586","SELMC","EQ",29.49,29.49,27.18,27.68,28.11,28.24,10143,2.82,"27-Jul-2026",141,"",""
"2587","SEMAC","BE",321.45,321.45,319.95,319.95,319.95,319.9,65,0.21,"27-Jul-2026",3,"",""
"2588","SENCO","EQ",386.65,430,386.65,417.95,417,382.85,18605457,77436.6,"27-Jul-2026",238244,"",""
"2589","SENORES","EQ",1408.3,1443.7,1378,1412,1395.5,1387.5,422207,5955.26,"27-Jul-2026",24784,"",""
"2590","SENSEXADD","EQ",78.84,79.39,78.84,79.07,79.39,78.57,4521,3.57,"27-Jul-2026",29,"",""
"2591","SENSEXAXIS","EQ",79.93,79.95,79.19,79.89,79.52,79.07,1893,1.5,"27-Jul-2026",63,"",""
"2592","SENSEXBETA","EQ",847.99,851.98,845,849.42,845,843.04,632,5.37,"27-Jul-2026",153,"",""
"2593","SENSEXETF","EQ",78.6,79.35,78.59,79.23,79.35,78.46,11713,9.25,"27-Jul-2026",218,"",""
"2594","SENSEXIETF","EQ",876,884.89,875.99,883.44,884.89,876.78,5128,45.21,"27-Jul-2026",377,"",""
"2595","SEPC","EQ",6.08,6.16,6.02,6.06,6.07,6.01,7117363,433.56,"27-Jul-2026",3460,"",""
"2596","SERVICE","SM",61.45,61.8,61.45,61.8,61.8,62.2,12000,7.4,"27-Jul-2026",6,"",""
"2597","SERVOTECH","EQ",97.64,97.64,95.31,95.6,95.7,95.64,402420,386.44,"27-Jul-2026",4300,"",""
"2598","SESHAPAPER","EQ",253,264,233.32,237.29,238.1,230.23,3834474,9671.99,"27-Jul-2026",46985,"",""
"2599","SETCO","BE",17.75,18.01,17.75,18,18,18,67306,12.05,"27-Jul-2026",103,"",""
"2600","SETF10GILT","EQ",264.89,266.74,263.63,266.5,265.1,264.32,11881,31.51,"27-Jul-2026",73,"",""
"2601","SETFGOLD","EQ",123,123,122.1,122.35,122.4,121.62,4063612,4972.2,"27-Jul-2026",13210,"",""
"2602","SETFNIF50","EQ",256.26,258.99,256.26,258.69,258.96,256.26,681087,1758.57,"27-Jul-2026",5199,"",""
"2603","SETFNIFBK","EQ",587.4,588.71,585,587.2,587.25,583.2,93554,548.11,"27-Jul-2026",3642,"",""
"2604","SETFNN50","EQ",774.5,778.99,771.5,777.91,778.3,769.7,28560,221.74,"27-Jul-2026",1268,"",""
"2605","SETL","EQ",275.9,284.8,265.5,282.8,284,272.7,630188,1737.62,"27-Jul-2026",8761,"",""
"2606","SETUINFRA","BZ",0.42,0.46,0.42,0.43,0.44,0.44,36211,0.16,"27-Jul-2026",50,"",""
"2607","SEYAIND","BE",12.04,12.39,12.04,12.18,12.18,12.28,26474,3.19,"27-Jul-2026",58,"",""
"2608","SFL","EQ",767.9,777.3,760,767.2,767.9,761.95,180984,1387.33,"27-Jul-2026",12538,"",""
"2609","SFML","SM",23.15,23.15,23.05,23.05,23.05,23.5,3200,0.74,"27-Jul-2026",2,"",""
"2610","SGBAPR28I","GB",14280.61,14401.65,14201,14297.77,14295,14280.61,265,38,"27-Jul-2026",56,"",""
"2611","SGBAUG27","GB",14300.01,14325,14300,14318,14311,14255.99,23,3.29,"27-Jul-2026",5,"",""
"2612","SGBAUG28V","GB",14266,14372.99,14241.01,14354.09,14325,14240.36,1510,216.41,"27-Jul-2026",130,"",""
"2613","SGBAUG29V","GB",14301,14450,14301,14412.35,14412,14250,59,8.51,"27-Jul-2026",19,"",""
"2614","SGBAUG30","GB",14351,14485.94,14351,14436.56,14450,14340,190,27.36,"27-Jul-2026",58,"",""
"2615","SGBD29VIII","GB",14300,14370,14183,14280,14266,14298,134,19.14,"27-Jul-2026",59,"",""
"2616","SGBDC27VII","GB",14250,14300,14200,14208.25,14200,14200,12,1.71,"27-Jul-2026",6,"",""
"2617","SGBDE30III","GB",14792.52,14792.52,14425.02,14579.98,14580,14431.73,184,26.71,"27-Jul-2026",53,"",""
"2618","SGBDE31III","GB",14556.01,14643.94,14556.01,14595.43,14590,14541.55,581,84.84,"27-Jul-2026",134,"",""
"2619","SGBDEC26","GB",14200,14415,14200,14399.99,14399.99,14230,9,1.29,"27-Jul-2026",7,"",""
"2620","SGBFEB28IX","GB",14205,14350,14205,14350,14350,14150.01,11,1.57,"27-Jul-2026",3,"",""
"2621","SGBFEB29XI","GB",14231,14387.99,14231,14375.24,14387.99,14230,49,7.03,"27-Jul-2026",18,"",""
"2622","SGBFEB32IV","GB",14682,14842.79,14611.01,14699.46,14700,14667.51,1221,179.53,"27-Jul-2026",202,"",""
"2623","SGBJAN27","GB",14200,14250,14200,14250,14250,14200,11,1.57,"27-Jul-2026",6,"",""
"2624","SGBJAN29IX","GB",14120.01,14240,14117.5,14197.2,14186,14117.5,71,10.07,"27-Jul-2026",17,"",""
"2625","SGBJAN29X","GB",14152,14319,14152,14200,14200,14117.25,20,2.84,"27-Jul-2026",7,"",""
"2626","SGBJAN30IX","GB",14167.01,14350.01,14167.01,14266.66,14265,14166.67,161,23,"27-Jul-2026",37,"",""
"2627","SGBJU29III","GB",14227.71,14227.71,14186,14200.01,14200.01,14227.71,112,15.9,"27-Jul-2026",13,"",""
"2628","SGBJUL28IV","GB",14155.01,14235,14155.01,14200,14200,14151.2,215,30.54,"27-Jul-2026",31,"",""
"2629","SGBJUL29IV","GB",14145.01,14289,14145.01,14200,14200,14143.66,75,10.68,"27-Jul-2026",19,"",""
"2630","SGBJUN28","GB",14187,14225,14051,14220,14220,14110,225,31.89,"27-Jul-2026",38,"",""
"2631","SGBJUN29II","GB",14160,14250,14160,14249,14249,14125.1,14,1.99,"27-Jul-2026",5,"",""
"2632","SGBJUN30","GB",14241.01,14445,14241.01,14350,14350,14240.13,25,3.59,"27-Jul-2026",18,"",""
"2633","SGBJUN31I","GB",14535,14651,14450,14489.29,14499,14535.17,598,87.14,"27-Jul-2026",112,"",""
"2634","SGBMAR28X","GB",14165.01,14199,14165.01,14199,14199,14116.66,5,0.71,"27-Jul-2026",3,"",""
"2635","SGBMAR30X","GB",14300,14371.5,14295,14295.42,14295.7,14209.26,114,16.31,"27-Jul-2026",40,"",""
"2636","SGBMAR31IV","GB",14649.99,14649.99,14500,14527.97,14527.97,14450.03,112,16.31,"27-Jul-2026",41,"",""
"2637","SGBMAY28","GB",14200,14230,14176,14201.16,14200,14136.89,181,25.7,"27-Jul-2026",42,"",""
"2638","SGBMAY29I","GB",14209.11,14289.98,14202,14235.03,14249.9,14209.11,466,66.32,"27-Jul-2026",97,"",""
"2639","SGBMR29XII","GB",14180,14289.99,14180,14240.27,14213,14177.5,78,11.11,"27-Jul-2026",25,"",""
"2640","SGBN28VIII","GB",14166.3,14225,14166.3,14201,14201,14158.1,21,2.98,"27-Jul-2026",7,"",""
"2641","SGBNOV26","GB",14250,14250,14250,14250,14250,14250,3,0.43,"27-Jul-2026",3,"",""
"2642","SGBNV29VII","GB",14268,14290,14240.01,14246.53,14240.01,14270.2,66,9.42,"27-Jul-2026",16,"",""
"2643","SGBOC28VII","GB",14284.97,14284.97,14223,14243.81,14262.9,14155,13,1.85,"27-Jul-2026",8,"",""
"2644","SGBOCT26","GB",14300,14300,14300,14300,14300,14300,4,0.57,"27-Jul-2026",1,"",""
"2645","SGBOCT27","GB",14105.01,14300,14105.01,14300,14300,14100,2,0.28,"27-Jul-2026",2,"",""
"2646","SGBOCT27VI","GB",14200.01,14209,14180,14209,14209,14159,21,2.98,"27-Jul-2026",4,"",""
"2647","SGBSEP27","GB",14210.01,14235,14210.01,14231,14231,14156.27,26,3.7,"27-Jul-2026",3,"",""
"2648","SGBSEP28VI","GB",14200,14294.99,14200,14250.44,14250,14244.55,111,15.81,"27-Jul-2026",21,"",""
"2649","SGBSEP29VI","GB",14250,14340,14162.1,14235,14240,14229.28,144,20.51,"27-Jul-2026",34,"",""
"2650","SGBSEP31II","GB",14589.99,14624.98,14521.01,14561.56,14555,14508.49,581,84.77,"27-Jul-2026",98,"",""
"2651","SGFIN","EQ",713.1,722.5,685,688.1,688.25,696.05,455519,3174.42,"27-Jul-2026",13116,"",""
"2652","SGIL","EQ",602.4,608.95,595,599.75,595.1,596.3,7999,48.05,"27-Jul-2026",393,"",""
"2653","SGL","EQ",9.75,10.49,9.75,9.86,9.86,9.74,8368,0.83,"27-Jul-2026",47,"",""
"2654","SGMART","EQ",715.05,737.45,705.45,720.65,721.7,713.55,570078,4110.84,"27-Jul-2026",19195,"",""
"2655","SHADOWFAX","EQ",214,214.68,207.2,209.6,210,214.48,9482795,19998.3,"27-Jul-2026",77287,"",""
"2656","SHAH","EQ",4.38,4.8,4.37,4.56,4.55,4.37,10711590,493.59,"27-Jul-2026",4829,"",""
"2657","SHAHALLOYS","EQ",67.01,68.89,66,66.33,66,66.56,11571,7.71,"27-Jul-2026",54,"",""
"2658","SHAILY","EQ",2976.4,3064,2957.7,3049.7,3055,2969.7,187201,5674.61,"27-Jul-2026",18826,"",""
"2659","SHAKTIPUMP","EQ",533,538.95,524.1,529.5,528.5,553,1075712,5692.89,"27-Jul-2026",35835,"",""
"2660","SHALBY","EQ",165.99,167.77,163.17,163.48,163.38,163.1,52497,86.38,"27-Jul-2026",1168,"",""
"2661","SHALPAINTS","EQ",72.1,75.75,67.15,69.57,69.75,68.9,1020167,730.67,"27-Jul-2026",5853,"",""
"2662","SHANKARA","EQ",140.07,141.98,140.07,140.87,140.7,140.07,59276,83.43,"27-Jul-2026",411,"",""
"2663","SHANTHALA","SM",18,18,18,18,18,18,4800,0.86,"27-Jul-2026",4,"",""
"2664","SHANTI","EQ",7.07,7.2,6.68,6.87,7.09,7.07,16941,1.17,"27-Jul-2026",79,"",""
"2665","SHANTIGEAR","EQ",423.4,423.4,414.3,416.6,419,420,59845,251.13,"27-Jul-2026",1045,"",""
"2666","SHANTIGOLD","EQ",213.3,234.9,212.34,216.91,217,211.29,6334728,14265.61,"27-Jul-2026",55197,"",""
"2667","SHARDACROP","EQ",877,892.55,877,888.6,888,872.95,99553,883.9,"27-Jul-2026",6095,"",""
"2668","SHARDAMOTR","EQ",834,847,831.3,834.55,836,826.45,17392,145.71,"27-Jul-2026",2100,"",""
"2669","SHARDUL","BE",50.93,50.93,50.93,50.93,50.93,53.61,6724,3.42,"27-Jul-2026",37,"",""
"2670","SHAREINDIA","EQ",197,197.36,186,188.39,186,191.57,1931245,3703.44,"27-Jul-2026",16427,"",""
"2671","SHARIABEES","EQ",453.94,464.52,453.94,460.4,460.75,453.94,4713,21.67,"27-Jul-2026",496,"",""
"2672","SHBAJRG","EQ",181.25,188.93,181,182.44,183,183.93,4169,7.63,"27-Jul-2026",57,"",""
"2673","SHEEL","ST",69.95,70.95,69,69,69,68,10000,7,"27-Jul-2026",5,"",""
"2674","SHEETAL","SM",290,291.9,289,291.9,291.9,294.25,3000,8.72,"27-Jul-2026",5,"",""
"2675","SHEKHAWATI","EQ",12.23,12.96,11.78,12.63,12.72,11.78,39443,4.95,"27-Jul-2026",191,"",""
"2676","SHEMAROO","BE",121,123.89,116.25,118.97,118.11,121.38,9905,11.82,"27-Jul-2026",110,"",""
"2677","SHERA","ST",178,178,169.1,172,172,177.15,48000,83.08,"27-Jul-2026",43,"",""
"2678","SHETHJI","ST",150,150.25,150,150.05,150.05,150,26000,39.02,"27-Jul-2026",16,"",""
"2679","SHIGAN","SM",63,63,62.5,62.55,62.5,67.4,7500,4.7,"27-Jul-2026",5,"",""
"2680","SHILCTECH","EQ",4315,4416.6,4225.5,4407.1,4415,4267.7,16459,716.17,"27-Jul-2026",3938,"",""
"2681","SHILPAMED","EQ",615,626.5,607.1,620.6,623,606.2,305420,1897.21,"27-Jul-2026",14644,"",""
"2682","SHINDL","EQ",160.3,161,155.21,158.97,158.65,158.12,153272,244.74,"27-Jul-2026",1741,"",""
"2683","SHIVALIK","BE",259.99,266.44,256,264.18,266,253.76,59576,155.38,"27-Jul-2026",560,"",""
"2684","SHIVAMAUTO","BE",17.4,17.4,17.4,17.4,17.4,17.06,1833,0.32,"27-Jul-2026",9,"",""
"2685","SHIVAMILLS","BE",60.88,60.88,57,59.55,59.9,59.88,218,0.13,"27-Jul-2026",17,"",""
"2686","SHIVASHRIT","SM",123.9,126,120,125,125,123,35000,42.34,"27-Jul-2026",21,"",""
"2687","SHIVATEX","EQ",152.4,154.8,150.5,154.75,154.8,154.92,12670,19.32,"27-Jul-2026",71,"",""
"2688","SHIVAUM","EQ",387,397.95,385,388.35,385,391.25,459,1.79,"27-Jul-2026",47,"",""
"2689","SHK","EQ",141.65,149.5,141.65,148.26,148,140.65,897665,1320.28,"27-Jul-2026",10679,"",""
"2690","SHOPERSTOP","EQ",377.7,388.65,374.55,385.85,386.5,377.75,74429,285.97,"27-Jul-2026",4158,"",""
"2691","SHRADHA","EQ",35.79,35.79,34.5,34.86,34.51,34.79,23358,8.19,"27-Jul-2026",150,"",""
"2692","SHREDIGCEM","EQ",75,75.5,72.31,73.18,73,76.16,191765,140.42,"27-Jul-2026",2187,"",""
"2693","SHREECEM","EQ",26960,27040,26620,26860,27000,26740,12362,3323.93,"27-Jul-2026",5956,"",""
"2694","SHREEDHAR","SM",90,90,85,85,85,90.05,10000,8.86,"27-Jul-2026",5,"",""
"2695","SHREEJISPG","EQ",630,639.8,628,631.25,634,625.8,465367,2946.44,"27-Jul-2026",9161,"",""
"2696","SHREEKARNI","SM",417.9,430,417.9,422,422,403,1350,5.71,"27-Jul-2026",7,"",""
"2697","SHREEOSFM","SM",60.45,60.5,60.2,60.5,60.5,57.9,5000,3.02,"27-Jul-2026",5,"",""
"2698","SHREEPUSHK","EQ",390.05,395.4,383,388.15,392,386.85,31992,124.96,"27-Jul-2026",1250,"",""
"2699","SHREERAMA","EQ",39.26,41.8,39.26,39.8,39.8,40.18,70193,28.3,"27-Jul-2026",728,"",""
"2700","SHRENIK","BZ",0.35,0.35,0.33,0.33,0.34,0.34,285016,0.97,"27-Jul-2026",169,"",""
"2701","SHREYANIND","EQ",141,146,139.23,143,142.41,138.65,10292,14.79,"27-Jul-2026",360,"",""
"2702","SHRIAHIMSA","ST",382,386,380,385,385,386,27000,103.76,"27-Jul-2026",25,"",""
"2703","SHRIKRISH","EQ",39.52,40,39.4,39.47,39.4,39.32,1147,0.45,"27-Jul-2026",18,"",""
"2704","SHRINGARMS","EQ",220.9,227.56,219.08,220.18,220,219.66,449501,1002.5,"27-Jul-2026",3797,"",""
"2705","SHRIPISTON","EQ",4172.5,4279,4172.5,4241.8,4248.6,4159.9,37326,1582.33,"27-Jul-2026",8303,"",""
"2706","SHRIRAMFIN","EQ",1020,1040,1002.2,1038.2,1038,1005.1,9459410,96914.06,"27-Jul-2026",114243,"",""
"2707","SHRIRAMPPS","EQ",85.44,86.78,84.26,85.49,85.5,85.02,453613,386.6,"27-Jul-2026",3399,"",""
"2708","SHUBHLAXMI","SM",20.5,20.5,20.5,20.5,20.5,21.55,4000,0.82,"27-Jul-2026",4,"",""
"2709","SHYAMCENT","BE",5.44,5.44,5.15,5.22,5.26,5.34,28097,1.46,"27-Jul-2026",178,"",""
"2710","SHYAMDHANI","ST",58,58,58,58,58,58.25,32000,18.56,"27-Jul-2026",1,"",""
"2711","SHYAMMETL","EQ",1026.1,1044.9,1015.65,1035.1,1035,1027.45,215142,2218.89,"27-Jul-2026",14572,"",""
"2712","SHYAMTEL","BE",15.9,16.01,15.9,16.01,16.01,15.88,496,0.08,"27-Jul-2026",7,"",""
"2713","SICAGEN","EQ",50.31,52.75,49.11,50.94,51.39,50.63,9920,5.06,"27-Jul-2026",105,"",""
"2714","SICALLOG","EQ",100.99,101.92,97.1,101.92,101.92,97.07,52165,52.65,"27-Jul-2026",426,"",""
"2715","SIDDHICOTS","SM",28.6,29.25,28.55,28.55,28.55,28.55,4800,1.38,"27-Jul-2026",4,"",""
"2716","SIDDHIKA","SM",206,212,206,212,212,216.25,4000,8.29,"27-Jul-2026",4,"",""
"2717","SIEMENS","EQ",3721,3745,3690,3718,3712.4,3689.8,273869,10174.51,"27-Jul-2026",22520,"",""
"2718","SIGACHI","BE",24.99,25.98,24.99,25.94,25.94,25.5,1668080,425.83,"27-Jul-2026",1007,"",""
"2719","SIGIND","EQ",45.39,46.97,44.5,45.78,46.4,44.57,10379,4.73,"27-Jul-2026",108,"",""
"2720","SIGMA","EQ",38.01,38.67,37.41,37.93,37.74,38.07,32228,12.27,"27-Jul-2026",642,"",""
"2721","SIGMAADV","BE",547,549.15,547,549.15,549.15,523,263149,1443.03,"27-Jul-2026",1575,"",""
"2722","SIGNATURE","EQ",783.9,797.7,780.55,790.8,790,768.35,373293,2948.46,"27-Jul-2026",13044,"",""
"2723","SIGNORIA","ST",135,135,135,135,135,135,1000,1.35,"27-Jul-2026",1,"",""
"2724","SIGNPOST","EQ",309.9,313.95,304.1,305.65,306.5,309.4,141701,437.1,"27-Jul-2026",2742,"",""
"2725","SIKA","EQ",1148,1159.5,1115,1123.5,1129,1139.6,25631,289.68,"27-Jul-2026",3148,"",""
"2726","SIKKO","EQ",4.79,5.41,4.79,5.02,5.04,4.7,1714553,87.09,"27-Jul-2026",1555,"",""
"2727","SIL","EQ",15.89,16.39,15.81,16.22,16.28,15.89,18124,2.94,"27-Jul-2026",216,"",""
"2728","SILGO","EQ",74.06,75.3,73.81,74.31,75.3,74.06,110292,81.87,"27-Jul-2026",561,"",""
"2729","SILINV","EQ",411.1,428,411.1,416.8,415.5,414.95,572,2.38,"27-Jul-2026",65,"",""
"2730","SILKFLEX","ST",185,197.9,185,197.9,197.9,188.5,10000,19.23,"27-Jul-2026",10,"",""
"2731","SILKY","SM",66.65,72.95,66.65,70.95,70.95,68.15,20800,14.68,"27-Jul-2026",23,"",""
"2732","SILLYMONKS","EQ",15.55,16.99,15.5,16.6,16.8,15.79,7218,1.2,"27-Jul-2026",106,"",""
"2733","SILVER","EQ",214.9,222.94,214.9,222.16,222.48,220.42,624616,1388.97,"27-Jul-2026",7384,"",""
"2734","SILVER1","EQ",21.41,21.67,21.41,21.57,21.56,21.36,4424404,955.75,"27-Jul-2026",4117,"",""
"2735","SILVER360","EQ",219.96,219.96,218.06,218.77,218.79,217.03,4406,9.65,"27-Jul-2026",255,"",""
"2736","SILVERADD","EQ",214.44,215.26,214,214.46,214.63,212.4,134183,288.13,"27-Jul-2026",1485,"",""
"2737","SILVERAG","EQ",217.28,217.53,216,216.8,217.1,214.74,111506,241.8,"27-Jul-2026",2572,"",""
"2738","SILVERAXIS","EQ",220.57,222.17,220.57,221.3,221.89,219.04,339216,751.96,"27-Jul-2026",5909,"",""
"2739","SILVERBEES","EQ",212.51,213.88,212.02,213.01,213,210.96,15004369,31984.2,"27-Jul-2026",51761,"",""
"2740","SILVERBETA","EQ",214.34,216.9,213.84,215.47,215.51,212.92,455862,981.76,"27-Jul-2026",2572,"",""
"2741","SILVERBND","EQ",222.77,224.17,222.7,223.55,223.56,221.58,4971,11.11,"27-Jul-2026",123,"",""
"2742","SILVERCASE","EQ",22.87,22.87,22.32,22.56,22.58,22.32,4740474,1070.33,"27-Jul-2026",6855,"",""
"2743","SILVERIETF","EQ",221.12,223.15,221.12,222.24,222.5,220.47,3060224,6810.12,"27-Jul-2026",18998,"",""
"2744","SILVERTUC","EQ",207,208.99,198.14,202.42,204.4,200.14,498869,1019.36,"27-Jul-2026",7699,"",""
"2745","SIMBHALS","BZ",7.05,7.14,6.71,6.85,6.85,6.9,17464,1.2,"27-Jul-2026",98,"",""
"2746","SIMCA","SM",216,216,205,208.55,210,203.4,50400,104.79,"27-Jul-2026",56,"",""
"2747","SIMPLEXINF","EQ",239.25,242.7,235.55,237.95,238.9,239.25,33878,80.85,"27-Jul-2026",1020,"",""
"2748","SINCLAIR","EQ",75.5,75.94,73.05,73.65,73.12,74.77,25889,19.2,"27-Jul-2026",292,"",""
"2749","SINDHUTRAD","EQ",24.89,25.3,24.5,24.81,25.1,24.45,380342,94,"27-Jul-2026",975,"",""
"2750","SINGERIND","EQ",67,67.2,66.05,66.47,66.12,65.82,15495,10.33,"27-Jul-2026",624,"",""
"2751","SINTERCOM","EQ",80.4,81.7,80.01,81.37,80.3,82.04,1780,1.43,"27-Jul-2026",61,"",""
"2752","SIRCA","EQ",399,403,396.25,397.75,396.6,393.45,263633,1052.79,"27-Jul-2026",6334,"",""
"2753","SIS","EQ",440,440,431.75,435.4,437.9,437.55,53598,233.36,"27-Jul-2026",3359,"",""
"2754","SITINET","BZ",0.32,0.33,0.32,0.32,0.33,0.32,182100,0.59,"27-Jul-2026",159,"",""
"2755","SIYSIL","EQ",609.7,626.6,609.7,624.7,626,609.45,29239,182.09,"27-Jul-2026",2209,"",""
"2756","SJLOGISTIC","SM",313.95,315.05,302.1,307.35,306.5,306.6,45000,138.43,"27-Jul-2026",112,"",""
"2757","SJS","EQ",2371.6,2434,2335.6,2419.3,2432,2335.6,150999,3602.9,"27-Jul-2026",19697,"",""
"2758","SJVN","EQ",67.69,68.3,67.69,68.04,68.09,67.58,1134315,771.94,"27-Jul-2026",10781,"",""
"2759","SKFINDIA","EQ",1500,1500,1470,1481.4,1480.5,1484.8,37000,547.39,"27-Jul-2026",6869,"",""
"2760","SKFINDUS","EQ",2732.5,2761.7,2698.2,2714,2715,2731.2,20891,568.26,"27-Jul-2026",4404,"",""
"2761","SKIL","BZ",0.96,0.96,0.88,0.96,0.96,0.92,81485,0.74,"27-Jul-2026",59,"",""
"2762","SKIPPER","EQ",534,543.9,510.2,520.65,520.75,528.65,627753,3279.14,"27-Jul-2026",18205,"",""
"2763","SKMEGGPROD","EQ",325.55,330,315,318.8,316,324.75,363976,1172.93,"27-Jul-2026",6498,"",""
"2764","SKYGOLD","EQ",660.65,681.55,656.8,671.65,669,653.7,892937,5990.82,"27-Jul-2026",26600,"",""
"2765","SLONE","ST",121.7,128.4,121.7,128.3,128.3,122.3,9200,11.57,"27-Jul-2026",17,"",""
"2766","SMALL250","EQ",17.98,17.99,17.47,17.84,17.86,17.65,222124,39.63,"27-Jul-2026",751,"",""
"2767","SMALLADD","EQ",17.77,17.95,17.77,17.94,17.95,17.67,23494,4.2,"27-Jul-2026",106,"",""
"2768","SMALLCAP","EQ",46.57,47.09,45.7,46.91,46.91,46.52,2385511,1118.24,"27-Jul-2026",3387,"",""
"2769","SMALLGROWW","EQ",47.21,47.21,46.65,47.03,47.12,46.61,5442,2.56,"27-Jul-2026",100,"",""
"2770","SMALLIETF","EQ",18.15,18.15,17.7,17.86,17.98,18.2,174063,31.04,"27-Jul-2026",323,"",""
"2771","SMARTEN","ST",57.2,57.8,54.5,57.8,57.8,57.2,7200,4.09,"27-Jul-2026",6,"",""
"2772","SMARTLINK","BE",201.9,211.5,198,210.6,210,201.9,6291,13.12,"27-Jul-2026",84,"",""
"2773","SMARTWORKS","EQ",481.7,488.75,477.7,485,485,482.55,71669,345.77,"27-Jul-2026",4217,"",""
"2774","SMCGLOBAL","EQ",76,77.65,75.41,76.31,76.11,75.46,323030,246.76,"27-Jul-2026",2751,"",""
"2775","SML100CASE","EQ",10.88,10.89,10.76,10.87,10.88,10.71,1044125,113.33,"27-Jul-2026",1480,"",""
"2776","SMLMAH","EQ",3909.8,3995,3872,3903.8,3914,3844.4,55979,2197.1,"27-Jul-2026",7628,"",""
"2777","SMLT","EQ",68.5,68.5,66.79,67.54,68.29,66.79,2860,1.94,"27-Jul-2026",103,"",""
"2778","SMSPHARMA","EQ",385.95,396.35,385,391.9,388.55,381.1,98936,386.5,"27-Jul-2026",3907,"",""
"2779","SNEHAA","SM",46.5,47.5,46.3,47.5,47.5,47.3,5000,2.35,"27-Jul-2026",5,"",""
"2780","SNOWMAN","EQ",36.2,37,36.01,36.35,36.25,36.4,76393,27.86,"27-Jul-2026",1059,"",""
"2781","SNXT30BEES","EQ",41.7,42.27,41.7,42.18,42.18,41.86,9042,3.81,"27-Jul-2026",55,"",""
"2782","SNXT50BETA","EQ",92.64,94.28,92.64,93.99,94.1,92.64,2198,2.06,"27-Jul-2026",106,"",""
"2783","SOBHA","EQ",1373.7,1385,1354,1361.2,1364,1362.3,102281,1401.92,"27-Jul-2026",12131,"",""
"2784","SOCL","ST",27,27,27,27,27,28.4,1600,0.43,"27-Jul-2026",1,"",""
"2785","SOFTTECH","BE",412.1,415,412.1,415,415,418.8,1257,5.21,"27-Jul-2026",7,"",""
"2786","SOLARA","EQ",493,509.15,471.55,505,502,491.95,579028,2852.38,"27-Jul-2026",18743,"",""
"2787","SOLARINDS","EQ",18612,18706,18350,18628,18549,18494,55560,10314.66,"27-Jul-2026",14300,"",""
"2788","SOLARWORLD","EQ",201.93,204.99,196.2,200.5,200.01,201.93,72842,146.43,"27-Jul-2026",2104,"",""
"2789","SOLEX","EQ",938,987,931.4,939.6,938.4,938,31977,305.55,"27-Jul-2026",3213,"",""
"2790","SOMANYCERA","EQ",499,518.2,490,491.85,494.4,496.7,82778,409.28,"27-Jul-2026",3824,"",""
"2791","SOMATEX","EQ",105.55,105.55,98.42,99.53,100.48,101.06,12803,12.93,"27-Jul-2026",270,"",""
"2792","SOMICONVEY","EQ",96.6,98.04,96.6,97.22,97.17,97.31,2298,2.24,"27-Jul-2026",95,"",""
"2793","SONACOMS","EQ",728.8,728.8,714.5,720.9,718.55,717.95,2803460,20215.5,"27-Jul-2026",41695,"",""
"2794","SONAL","EQ",92,92,90.08,90.08,90.08,94.82,49,0.04,"27-Jul-2026",4,"",""
"2795","SONAMAC","SM",34,35.8,34,35.25,35.8,34,5000,1.74,"27-Jul-2026",5,"",""
"2796","SONAMLTD","EQ",52.2,56.2,52.2,55.99,55.01,53.01,162741,89.8,"27-Jul-2026",1137,"",""
"2797","SONATSOFTW","EQ",289.45,300.3,289.45,293.35,293.55,288.1,1008207,2974.93,"27-Jul-2026",21263,"",""
"2798","SONUINFRA","ST",39.7,43,39.7,43,43,41.75,39000,15.53,"27-Jul-2026",14,"",""
"2799","SOTL","EQ",657.95,665,633.3,649.35,655.25,645.75,555851,3616.93,"27-Jul-2026",18713,"",""
"2800","SOUTHBANK","EQ",47,48.26,46.8,47.9,47.95,46.52,15756388,7545.56,"27-Jul-2026",30912,"",""
"2801","SOUTHWEST","EQ",238,238.49,231.15,235.31,237,233.67,59299,140.12,"27-Jul-2026",1598,"",""
"2802","SPAL","EQ",1020,1027.9,993,1014.4,1010,1002.8,48101,487.04,"27-Jul-2026",4427,"",""
"2803","SPANDANA","EQ",269.9,272.9,263.85,266,265.75,261.5,394494,1063.05,"27-Jul-2026",9767,"",""
"2804","SPARC","EQ",217.49,219.1,212.25,214.91,215,216.23,940079,2022.51,"27-Jul-2026",13143,"",""
"2805","SPCENET","EQ",3.53,3.6,3.43,3.44,3.43,3.51,400917,14.01,"27-Jul-2026",506,"",""
"2806","SPCL","SM",69.25,70.35,69.25,69.8,69.5,69.15,5400,3.76,"27-Jul-2026",9,"",""
"2807","SPCON","SM",126,146.5,126,134,134,126,13200,17.65,"27-Jul-2026",3,"",""
"2808","SPEB","ST",87,87,85.9,85.9,85.9,87,4000,3.46,"27-Jul-2026",2,"",""
"2809","SPECIALITY","EQ",137.87,139.8,131,132.03,131.55,137.73,60151,81.35,"27-Jul-2026",1393,"",""
"2810","SPECTRUM","EQ",2298.8,2298.8,2187.7,2203.1,2194.9,2281.6,16799,373.51,"27-Jul-2026",2489,"",""
"2811","SPECTSTM","SM",59.95,66.2,59.95,63.2,62.5,57.9,17600,11.06,"27-Jul-2026",20,"",""
"2812","SPENCERS","EQ",33.07,34.39,32.12,33.46,33.49,33.06,102442,34.06,"27-Jul-2026",1705,"",""
"2813","SPIC","EQ",65.61,66.43,65.54,66.15,66.28,64.94,145392,95.96,"27-Jul-2026",1927,"",""
"2814","SPLIL","EQ",31.01,31.9,30.8,30.92,30.94,31.25,12261,3.81,"27-Jul-2026",57,"",""
"2815","SPLPETRO","EQ",749.95,774.9,746.05,760.9,762.2,741.6,530640,4036.39,"27-Jul-2026",17914,"",""
"2816","SPMLINFRA","EQ",200.9,203.22,197,198.57,198.75,199.39,105665,210.4,"27-Jul-2026",2322,"",""
"2817","SPORTKING","EQ",215.4,218.48,214.1,215.56,215.51,213.74,377432,815.73,"27-Jul-2026",9344,"",""
"2818","SPRL","SM",94,95,93,93,93,97.85,4800,4.5,"27-Jul-2026",6,"",""
"2819","SPUNWEB","SM",102.05,102.55,102.05,102.15,102.55,102,7200,7.35,"27-Jul-2026",5,"",""
"2820","SRD","EQ",37.97,38,37.2,37.63,37.5,37.92,12087,4.56,"27-Jul-2026",118,"",""
"2821","SREEL","EQ",233.9,233.9,222,222.71,224.95,227.97,8964,20.25,"27-Jul-2026",273,"",""
"2822","SRF","EQ",2694,2694.3,2631.7,2636.5,2639,2664.7,1098350,29139.85,"27-Jul-2026",41632,"",""
"2823","SRGHFL","EQ",308,318.35,303.1,309.1,313.15,309.5,2075,6.45,"27-Jul-2026",89,"",""
"2824","SRHHYPOLTD","EQ",481.4,497.6,481.4,487.1,485.4,477.85,2326,11.32,"27-Jul-2026",192,"",""
"2825","SRIVASAVI","ST",81.8,82.2,81.8,82.2,82.2,78.3,25000,20.54,"27-Jul-2026",18,"",""
"2826","SRM","EQ",510,518,507.15,509.55,510.8,507.6,84861,435.04,"27-Jul-2026",2617,"",""
"2827","SRPL","BZ",0.34,0.35,0.33,0.33,0.33,0.34,300139,0.99,"27-Jul-2026",129,"",""
"2828","SRTL","EQ",40.29,41.3,40,40.87,40.94,40.28,22847,9.26,"27-Jul-2026",239,"",""
"2829","SSDL","EQ",52.47,53.31,51.91,52.93,53,52.47,6291,3.33,"27-Jul-2026",237,"",""
"2830","SSEGL","SM",310,321,308.05,317.2,316.9,304.55,19800,62.2,"27-Jul-2026",81,"",""
"2831","SSFL","ST",239.55,260.45,239.55,260,260,249,13500,34.58,"27-Jul-2026",26,"",""
"2832","SSFLPP","E1",143.9,148,143.9,145,145,142.5,5243,7.61,"27-Jul-2026",32,"",""
"2833","SSWL","EQ",291.8,304.08,289.21,293.95,290.71,288.31,1751734,5201.06,"27-Jul-2026",22796,"",""
"2834","STALLION","EQ",243.9,257.9,234.05,255.5,255.55,241.9,4447620,11105.61,"27-Jul-2026",50203,"",""
"2835","STANLEY","EQ",155.6,158.5,154.17,156.07,155.6,153.85,69297,108.05,"27-Jul-2026",1995,"",""
"2836","STAR","EQ",1022.6,1053.4,1022,1043,1041,1020,248701,2579.43,"27-Jul-2026",26415,"",""
"2837","STARCEMENT","EQ",204.14,206.79,201.1,202.83,204,204.88,283032,575.9,"27-Jul-2026",4873,"",""
"2838","STARHEALTH","EQ",581.05,594,577.2,592.05,590.5,580.8,380389,2228.52,"27-Jul-2026",20864,"",""
"2839","STARPAPER","EQ",152.43,157.72,149.2,150.53,149.25,147.75,62899,96.46,"27-Jul-2026",812,"",""
"2840","STARTECK","EQ",265.5,279.95,263.5,268.7,269.95,266.2,8020,21.43,"27-Jul-2026",97,"",""
"2841","STCINDIA","EQ",119,120.75,118,118.4,118.2,117.89,20013,23.78,"27-Jul-2026",478,"",""
"2842","STEELCAS","EQ",312.5,318,306.05,311.45,311.8,306.65,48582,152.14,"27-Jul-2026",1899,"",""
"2843","STEELCITY","EQ",74.01,75.84,74.01,75.57,75.7,74.36,3413,2.57,"27-Jul-2026",121,"",""
"2844","STEELXIND","EQ",11.6,11.74,11.5,11.58,11.72,11.57,987072,114.62,"27-Jul-2026",1990,"",""
"2845","STEL","EQ",555.3,565.1,546.95,558.6,564.4,555.55,2644,14.76,"27-Jul-2026",218,"",""
"2846","STERTOOLS","BE",244,244,236,241.83,239.05,242.54,11595,27.93,"27-Jul-2026",322,"",""
"2847","STLNETWORK","BE",25.79,26.16,25.52,25.71,25.7,25.51,707199,183.07,"27-Jul-2026",1250,"",""
"2848","STLTECH","BE",587,592.35,548,555.4,555,564.15,3815968,22112.05,"27-Jul-2026",50381,"",""
"2849","STOVEKRAFT","EQ",771.05,814.7,771.05,795.9,796,773.4,211211,1681.5,"27-Jul-2026",8957,"",""
"2850","STRIDERS","SM",63.25,67.95,61,64.95,67.95,63.25,17600,11.29,"27-Jul-2026",8,"",""
"2851","STUDDS","EQ",454.95,456.6,443,444.2,443.45,450.6,50266,224.38,"27-Jul-2026",1782,"",""
"2852","STUDIOLSD","SM",9.8,9.8,9.1,9.4,9.4,9.9,10000,0.94,"27-Jul-2026",4,"",""
"2853","STYL","EQ",384.45,388.9,356.8,359.4,358,384.45,226335,831.46,"27-Jul-2026",8968,"",""
"2854","STYLAMIND","EQ",3466.2,3609.9,3401,3415.2,3447.9,3416.8,107652,3770.63,"27-Jul-2026",22589,"",""
"2855","STYLEBAAZA","BE",277.9,283.5,273,274.95,275.9,280.4,72198,200.94,"27-Jul-2026",831,"",""
"2856","STYRENIX","EQ",2498,2514.8,2462.2,2476,2475.1,2455,40493,1008.4,"27-Jul-2026",5418,"",""
"2857","SUBAHOTELS","SM",108,109.2,107.4,108.9,108.9,107.05,12000,12.99,"27-Jul-2026",10,"",""
"2858","SUBEXLTD","BE",12.6,12.84,12.21,12.31,12.3,12.58,842199,104.55,"27-Jul-2026",1100,"",""
"2859","SUBROS","EQ",785,795.9,783.55,788,785,781.95,25232,199.1,"27-Jul-2026",2071,"",""
"2860","SUDARCOLOR","EQ",360.85,366.9,360,360,360,360.6,2478,8.93,"27-Jul-2026",113,"",""
"2861","SUDARSCHEM","EQ",1058.15,1067.95,1049.35,1056.35,1054.65,1041.05,108653,1146.56,"27-Jul-2026",8055,"",""
"2862","SUDEEPPHRM","EQ",856.4,878.8,842,858.1,867,825.15,412880,3549.44,"27-Jul-2026",27197,"",""
"2863","SUKHJITS","EQ",161.4,169.9,160.4,168.76,168.89,159.43,50565,83.99,"27-Jul-2026",795,"",""
"2864","SULA","EQ",151.84,151.84,149.32,150.85,151,149.79,193841,291.78,"27-Jul-2026",3444,"",""
"2865","SUMEETINDS","EQ",27.34,27.34,27.34,27.34,27.34,28.77,15398,4.21,"27-Jul-2026",149,"",""
"2866","SUMICHEM","EQ",522,551.9,517.95,538.85,541,520.45,1891044,10112.75,"27-Jul-2026",59545,"",""
"2867","SUMIT","BE",54.72,54.72,51.99,52.05,52.49,54.72,45218,23.68,"27-Jul-2026",101,"",""
"2868","SUMMITSEC","EQ",1495,1509.9,1485,1496.5,1497,1482.8,1177,17.6,"27-Jul-2026",196,"",""
"2869","SUNCLAY","EQ",1367.8,1455.4,1351.4,1399.8,1438,1363.2,3698,51.31,"27-Jul-2026",475,"",""
"2870","SUNDARAM","EQ",1.3,1.3,1.26,1.28,1.28,1.28,240203,3.07,"27-Jul-2026",284,"",""
"2871","SUNDARMFIN","EQ",4447.8,4489,4380,4416.8,4415,4447.8,45216,1998.21,"27-Jul-2026",10860,"",""
"2872","SUNDRMBRAK","BE",786.5,814.45,786,786,786,795,232,1.84,"27-Jul-2026",23,"",""
"2873","SUNDRMFAST","EQ",941.35,964,933.5,958.3,960.5,940.6,42536,406.54,"27-Jul-2026",4244,"",""
"2874","SUNDROP","EQ",688,696.95,678.1,682.55,680.55,687.05,19408,133.06,"27-Jul-2026",841,"",""
"2875","SUNFLAG","EQ",352.9,368,352.9,362.15,362.9,348.7,253363,918.01,"27-Jul-2026",5667,"",""
"2876","SUNLITE","ST",428.6,445.7,421.4,445.7,445.7,424.5,16200,71.39,"27-Jul-2026",50,"",""
"2877","SUNPHARMA","EQ",1948.5,1977,1933,1973.7,1973,1941.1,5414380,106041.53,"27-Jul-2026",88441,"",""
"2878","SUNTECH","ST",32,33.15,30.5,31,30.5,31.6,20800,6.71,"27-Jul-2026",12,"",""
"2879","SUNTECK","EQ",311,314.65,308,310.75,309.8,306.25,220959,688.25,"27-Jul-2026",4398,"",""
"2880","SUNTV","EQ",490,493.4,485.35,488.7,487.3,486.9,194633,950.07,"27-Jul-2026",14842,"",""
"2881","SUPERHOUSE","EQ",154.2,162.89,154.2,157.12,157.89,154.97,29541,46.66,"27-Jul-2026",797,"",""
"2882","SUPERSPIN","BE",5.51,5.61,5.51,5.61,5.61,5.5,29281,1.64,"27-Jul-2026",19,"",""
"2883","SUPRAJIT","EQ",484.45,497,482.35,491.4,490,484.45,51535,253.84,"27-Jul-2026",4758,"",""
"2884","SUPREME","EQ",45,45.5,44.42,44.58,44.5,45.27,12502,5.6,"27-Jul-2026",154,"",""
"2885","SUPREMEENG","BZ",1.95,1.95,1.95,1.95,1.95,1.92,183287,3.57,"27-Jul-2026",36,"",""
"2886","SUPREMEIND","EQ",3483.2,3505,3320,3338.2,3340,3458.9,184892,6281.4,"27-Jul-2026",17294,"",""
"2887","SUPREMEINF","EQ",82.53,84.01,79.28,80.29,80.2,82.53,52721,43.1,"27-Jul-2026",2171,"",""
"2888","SUPREMEPWR","SM",194.95,212.95,188.1,209.05,210,192.3,64000,130.64,"27-Jul-2026",117,"",""
"2889","SUPRIYA","EQ",850,857.5,838.7,844.9,844.5,840.5,126906,1074.52,"27-Jul-2026",9117,"",""
"2890","SURAJEST","EQ",196.99,196.99,194.16,195.57,195,193.56,10285,20.09,"27-Jul-2026",413,"",""
"2891","SURAJLTD","EQ",225,247,215.4,219.13,216,221.3,20090,45.54,"27-Jul-2026",343,"",""
"2892","SURAKSHA","EQ",253,257.9,248.5,249.6,249.8,252.95,39484,99.7,"27-Jul-2026",1329,"",""
"2893","SURANASOL","EQ",28.5,30.5,27.61,27.9,28,26.26,1016676,296.65,"27-Jul-2026",4265,"",""
"2894","SURANAT&P","EQ",18.68,18.9,18.11,18.12,18.12,18.25,37999,6.97,"27-Jul-2026",284,"",""
"2895","SURANI","SM",98.35,98.35,93,93.45,93,98.4,1600,1.52,"27-Jul-2026",7,"",""
"2896","SURYALA","EQ",435.05,447.5,422.25,422.5,422.4,440,2050,8.74,"27-Jul-2026",129,"",""
"2897","SURYALAXMI","EQ",58.78,59.8,55.51,56.8,55.51,57.51,3003,1.75,"27-Jul-2026",79,"",""
"2898","SURYAROSNI","EQ",240.05,246.25,237.65,239.2,240.25,237.95,306470,739.86,"27-Jul-2026",8101,"",""
"2899","SURYODAY","EQ",191.2,197.2,183.4,184.62,183.6,193.1,7154365,13714.43,"27-Jul-2026",51762,"",""
"2900","SUTLEJTEX","BE",38.99,38.99,37.25,38.13,38.1,37.61,33575,12.75,"27-Jul-2026",86,"",""
"2901","SUVEN","EQ",319,319.85,310.05,311.65,312.05,316,511043,1600.52,"27-Jul-2026",8596,"",""
"2902","SUVIDHAA","EQ",2.5,2.56,2.28,2.41,2.45,2.5,184448,4.43,"27-Jul-2026",298,"",""
"2903","SUYOG","EQ",860,896,849.3,885.4,872,850.45,39422,347.37,"27-Jul-2026",2760,"",""
"2904","SUZLON","EQ",52.5,53.2,52.22,53.15,53.15,52.28,45205048,23864.64,"27-Jul-2026",62884,"",""
"2905","SVLL","BE",757.05,780,757.05,758,758,772.2,702,5.39,"27-Jul-2026",17,"",""
"2906","SVPGLOB","BE",4.05,4.05,3.8,3.8,3.8,3.87,47256,1.86,"27-Jul-2026",70,"",""
"2907","SWANCORP","EQ",312.3,314.75,309,312.2,312,310.3,642483,2001.93,"27-Jul-2026",8211,"",""
"2908","SWANDEF","BE",2427,2459.8,2385,2430.7,2459.7,2427.7,14027,339.96,"27-Jul-2026",859,"",""
"2909","SWARAJ","SM",366.55,370,348,354.4,369,367.55,354500,1278.12,"27-Jul-2026",316,"",""
"2910","SWARAJENG","EQ",3623.7,3623.7,3577,3605.4,3610,3569,5972,214.86,"27-Jul-2026",1331,"",""
"2911","SWASTIK","ST",19.05,19.05,19,19,19,18.7,4800,0.91,"27-Jul-2026",4,"",""
"2912","SWELECTES","EQ",616.6,625,605.5,607.85,605.5,613.3,7163,43.93,"27-Jul-2026",539,"",""
"2913","SWIGGY","EQ",254.24,264.5,252.96,257.98,257.8,251.42,23908041,62150.28,"27-Jul-2026",108662,"",""
"2914","SWSOLAR","EQ",209.5,213,207.1,208.27,207.5,207.93,898320,1882.85,"27-Jul-2026",13542,"",""
"2915","SYLVANPLY","SM",52.35,52.35,52.35,52.35,52.35,52.35,2000,1.05,"27-Jul-2026",1,"",""
"2916","SYMPHONY","EQ",676.85,689.9,675,678.95,678.6,676.85,66975,455.97,"27-Jul-2026",5725,"",""
"2917","SYNCOMF","EQ",13.09,13.4,13.08,13.17,13.22,13.09,916672,121.15,"27-Jul-2026",2967,"",""
"2918","SYNGENE","EQ",410,415.95,403.8,413.85,413,406.65,530732,2190.22,"27-Jul-2026",25985,"",""
"2919","SYRMA","EQ",1300,1318.5,1257,1316.2,1317.9,1288.3,1172726,15129.39,"27-Jul-2026",71072,"",""
"2920","SYSTANGO","SM",214,223.9,214,214.9,215.1,214.4,22000,47.8,"27-Jul-2026",48,"",""
"2921","SYSTMTXC","BE",60.07,61.48,60,60,60,60.07,5438,3.3,"27-Jul-2026",67,"",""
"2922","TAALTECH","EQ",3949.3,3996,3849.9,3975.8,3950.2,3816.1,1376,54.43,"27-Jul-2026",302,"",""
"2923","TAC","SM",550.8,563.95,513.65,515.1,517.7,540.65,103400,545.64,"27-Jul-2026",385,"",""
"2924","TAINWALCHM","EQ",203.21,208.67,203,204.11,204.75,201.87,1581,3.23,"27-Jul-2026",82,"",""
"2925","TAJGVK","EQ",359.9,365,357.1,360.1,358.2,359.9,45792,165.45,"27-Jul-2026",2005,"",""
"2926","TAKE","EQ",20.84,21.2,20.45,20.84,20.89,20.79,750641,156.3,"27-Jul-2026",1182,"",""
"2927","TALBROAUTO","EQ",399,406.4,384.65,386.85,388.5,391.75,192371,756.45,"27-Jul-2026",6390,"",""
"2928","TAMBOLIIN","BE",214.77,221,211.55,215.1,215.1,212.65,1906,4.07,"27-Jul-2026",12,"",""
"2929","TANKUP","ST",1199.95,1199.95,1145,1145,1145,1144.5,1000,11.81,"27-Jul-2026",4,"",""
"2930","TANLA","EQ",606.95,614.6,583.65,587.1,585.65,599.75,1295942,7753.9,"27-Jul-2026",29251,"",""
"2931","TARACHAND","EQ",54.26,56.5,54.26,54.6,54.47,54.99,126981,69.37,"27-Jul-2026",842,"",""
"2932","TARAPUR","EQ",18.25,18.25,17.67,17.74,17.7,18.16,15607,2.78,"27-Jul-2026",139,"",""
"2933","TARC","EQ",132.05,135.47,130.82,132.93,132.6,131.45,1167549,1556.57,"27-Jul-2026",10014,"",""
"2934","TARIL","EQ",299.8,303.8,293.15,302.5,302.55,295,1500221,4483.68,"27-Jul-2026",23667,"",""
"2935","TARMAT","EQ",50.95,52.09,50.2,50.44,50.42,50.95,3513,1.79,"27-Jul-2026",43,"",""
"2936","TARSONS","EQ",313,326.35,313,320.9,320,312.75,208664,670.04,"27-Jul-2026",4969,"",""
"2937","TASTYBITE","EQ",9020,9185,8850,8873.5,8861.5,8999,1070,95.76,"27-Jul-2026",485,"",""
"2938","TATACAP","EQ",343.1,352.3,342.65,350.55,351,341.9,939267,3266.56,"27-Jul-2026",23912,"",""
"2939","TATACHEM","EQ",694.4,702,688,698.9,701,685.35,279049,1936.58,"27-Jul-2026",9327,"",""
"2940","TATACOMM","EQ",1787.7,1796.9,1713,1735.2,1739.5,1775.3,387586,6736.23,"27-Jul-2026",36245,"",""
"2941","TATACONSUM","EQ",1115.1,1123.4,1096.6,1107.4,1108,1088,2360635,26126.18,"27-Jul-2026",58308,"",""
"2942","TATAELXSI","EQ",3555.8,3583,3520.7,3554.4,3555,3538,512981,18243.04,"27-Jul-2026",35225,"",""
"2943","TATAGOLD","EQ",13.89,14,13.87,13.93,13.95,13.86,34204483,4768.26,"27-Jul-2026",74566,"",""
"2944","TATAINVEST","EQ",634,651,634,649.95,648.1,630.75,222641,1438.95,"27-Jul-2026",16877,"",""
"2945","TATAPOWER","EQ",376.75,379,374.45,377.35,379,374.4,2369047,8911.44,"27-Jul-2026",35913,"",""
"2946","TATASTEEL","EQ",183.6,184.89,183.33,184.25,184.48,182.67,11857396,21841.86,"27-Jul-2026",115134,"",""
"2947","TATATECH","EQ",720,727.9,711,713.3,713.5,711,395025,2839.72,"27-Jul-2026",17893,"",""
"2948","TATSILV","EQ",21.41,21.78,21.41,21.63,21.67,21.41,27187970,5888.26,"27-Jul-2026",48416,"",""
"2949","TATVA","EQ",1750.8,1835,1710.4,1800.1,1818,1722.4,242226,4280.05,"27-Jul-2026",17103,"",""
"2950","TAURIAN","SM",360.1,388.95,360.1,384,384,376,25600,97.27,"27-Jul-2026",31,"",""
"2951","TBI","SM",62.5,63.85,62.5,63.5,63.5,62.25,7800,4.94,"27-Jul-2026",13,"",""
"2952","TBOTEK","EQ",1439.9,1524.9,1435.1,1519.2,1520,1429,211003,3181.79,"27-Jul-2026",17079,"",""
"2953","TBZ","EQ",260.39,283,260.39,280.22,282.49,258.89,2863637,7866.57,"27-Jul-2026",44182,"",""
"2954","TCC","EQ",282,282.3,265.15,269.2,268.05,271.95,24543,66.3,"27-Jul-2026",1312,"",""
"2955","TCI","EQ",932.75,936,918,932.3,934.15,917.75,22111,205.87,"27-Jul-2026",2636,"",""
"2956","TCIEXP","EQ",561.45,568.9,557.9,561.35,561.55,561.15,17695,99.26,"27-Jul-2026",1454,"",""
"2957","TCIFINANCE","BE",14.61,15.65,14.61,15.17,15.06,15.19,10626,1.62,"27-Jul-2026",108,"",""
"2958","TCL","SM",112.05,112.1,108,109.25,109,112.5,32800,36.12,"27-Jul-2026",31,"",""
"2959","TCPLPACK","EQ",3278.4,3298.9,3200,3208.7,3200.1,3226.5,1811,58.37,"27-Jul-2026",472,"",""
"2960","TCS","EQ",2286,2315,2272.4,2295.6,2296.9,2254.3,4007292,92162.96,"27-Jul-2026",162713,"",""
"2961","TDPOWERSYS","EQ",1121,1153.8,1111.1,1141.5,1141,1113.6,336514,3828.76,"27-Jul-2026",22075,"",""
"2962","TEAMGTY","EQ",254.6,254.6,226,229.49,230,226.72,888,2.05,"27-Jul-2026",86,"",""
"2963","TEAMLEASE","EQ",1320,1324.4,1286.2,1294,1288,1313.7,67591,874.89,"27-Jul-2026",10819,"",""
"2964","TEAMTECH","ST",132,134,124.55,125.5,124.55,131.1,44000,55.99,"27-Jul-2026",21,"",""
"2965","TECH","EQ",31.37,32.39,31.37,32.29,32.29,31.37,58977,19.01,"27-Jul-2026",395,"",""
"2966","TECHD","ST",609,623.95,604.1,623.65,623.5,598.45,9000,55.67,"27-Jul-2026",28,"",""
"2967","TECHERA","SM",156.05,158,148,149.4,149.8,155,1e+05,151.42,"27-Jul-2026",116,"",""
"2968","TECHLABS","ST",129.65,132.75,126.55,128,127,126.45,22250,28.96,"27-Jul-2026",95,"",""
"2969","TECHM","EQ",1576,1599.6,1571,1575,1576,1559.5,1513324,23977.04,"27-Jul-2026",54519,"",""
"2970","TECHNOE","EQ",999.8,1006,988,997.2,998.9,991.8,132972,1325.31,"27-Jul-2026",9647,"",""
"2971","TECHNVISN","EQ",5287.9,5499,4750,4914,4950,5074.5,6009,307.76,"27-Jul-2026",1873,"",""
"2972","TECILCHEM","EQ",10.16,10.5,9.6,9.99,9.76,9.96,3125,0.31,"27-Jul-2026",41,"",""
"2973","TEGA","EQ",1564.9,1570.9,1500.6,1510.5,1514,1560.3,114630,1751.36,"27-Jul-2026",12957,"",""
"2974","TEJA","SM",662.55,680,660,669.4,665.1,672.45,40200,268.87,"27-Jul-2026",57,"",""
"2975","TEJASCARGO","SM",356,356,356,356,356,347.5,800,2.85,"27-Jul-2026",2,"",""
"2976","TEJASNET","EQ",501,516.9,492.8,513.05,511.6,495.4,2141738,10908.23,"27-Jul-2026",42996,"",""
"2977","TEMBO","EQ",534,560.25,534,552.3,552.45,530.4,316273,1746.13,"27-Jul-2026",4129,"",""
"2978","TENNIND","EQ",545,545.5,535.1,540.45,543.75,539.95,882273,4764.34,"27-Jul-2026",24199,"",""
"2979","TERASOFT","EQ",395.1,406.95,390.1,392.85,394,393.7,7717,30.39,"27-Jul-2026",271,"",""
"2980","TEXINFRA","EQ",112.62,114,112,113.2,113.5,112.42,119740,135.33,"27-Jul-2026",663,"",""
"2981","TEXMOPIPES","EQ",45.48,45.48,42.95,43.47,43.51,43.04,11906,5.23,"27-Jul-2026",196,"",""
"2982","TEXRAIL","EQ",111.11,113.99,111,112.77,113.02,110.08,1120929,1261.05,"27-Jul-2026",8123,"",""
"2983","TFCILTD","EQ",89,95.25,87.75,94.8,95.09,87.27,43311808,40334.73,"27-Jul-2026",89258,"",""
"2984","TFL","EQ",11.19,11.35,10.58,11.17,11.2,10.41,13657,1.51,"27-Jul-2026",71,"",""
"2985","TGBHOTELS","EQ",8.82,9.51,8.64,9.04,9.01,8.56,91333,8.27,"27-Jul-2026",302,"",""
"2986","TGL","ST",18.75,20.35,18.75,19.3,19.3,19.7,7400,1.45,"27-Jul-2026",27,"",""
"2987","THACKER","BE",1040,1047.8,1011,1011,1011,1036.1,15,0.16,"27-Jul-2026",12,"",""
"2988","THAKDEV","EQ",163,163.01,147.92,161,161,155.7,1202,1.82,"27-Jul-2026",23,"",""
"2989","THANGAMAYL","EQ",6999,7344.5,6915.5,7309.5,7320,6906.5,301466,21548.98,"27-Jul-2026",41859,"",""
"2990","THEINVEST","EQ",96,97,94.1,96.4,96.7,95.21,3215,3.08,"27-Jul-2026",96,"",""
"2991","THEJO","EQ",1895,1940,1894.5,1921.2,1923.3,1898.8,3500,67.06,"27-Jul-2026",574,"",""
"2992","THELEELA","EQ",478.95,489.5,470.85,475.6,479.5,474.7,227395,1089.3,"27-Jul-2026",14830,"",""
"2993","THEMISMED","EQ",110.64,112.81,107.35,107.93,107.98,109.86,33238,36.32,"27-Jul-2026",1373,"",""
"2994","THERMAX","EQ",4560,4571,4394,4454.5,4447,4514,152455,6760.22,"27-Jul-2026",18871,"",""
"2995","THOMASCOOK","EQ",98.64,101.66,98.1,98.45,99.6,97.85,705450,702.49,"27-Jul-2026",5096,"",""
"2996","THOMASCOTT","EQ",316,340.45,312.6,315.15,315,307.05,75894,244.35,"27-Jul-2026",4290,"",""
"2997","THYROCARE","EQ",573.6,617.45,571,584.05,582,564.25,3960893,23577.55,"27-Jul-2026",106336,"",""
"2998","TI","EQ",446.95,455.3,444.75,446.7,445.8,441.8,404982,1816.04,"27-Jul-2026",15152,"",""
"2999","TICL","BE",9.72,10.09,9.24,9.26,9.3,9.72,114083,10.67,"27-Jul-2026",257,"",""
"3000","TIGERLOGS","BE",31.25,32.6,31.25,31.85,31.72,31.4,10733,3.43,"27-Jul-2026",92,"",""
"3001","TIIL","EQ",2598,2610,2549.9,2593,2598.9,2566.5,4643,119.78,"27-Jul-2026",779,"",""
"3002","TIINDIA","EQ",2793.7,2865.8,2754.6,2849.3,2840.8,2767,262758,7456.07,"27-Jul-2026",28924,"",""
"3003","TIJARIA","EQ",4.8,4.81,4.37,4.47,4.37,4.64,103922,4.72,"27-Jul-2026",299,"",""
"3004","TIL","EQ",211.17,217.35,208.84,214.06,213.46,211.39,97237,207.87,"27-Jul-2026",2097,"",""
"3005","TIMETECHNO","EQ",202.25,211.3,200.64,206.75,206.3,201.26,4606690,9512.98,"27-Jul-2026",36428,"",""
"3006","TIMEX","EQ",589.1,609.8,558,561.25,561.4,578.85,400370,2283.66,"27-Jul-2026",19556,"",""
"3007","TIMKEN","EQ",3144.6,3168.6,3100.1,3126.9,3152,3127,19146,600.15,"27-Jul-2026",5156,"",""
"3008","TINNARUBR","EQ",1128.85,1180,1109.1,1139.3,1130,1098.85,284366,3282.1,"27-Jul-2026",21231,"",""
"3009","TIPSFILMS","EQ",397.85,397.85,371.4,377.25,377.85,409.15,46888,178.75,"27-Jul-2026",2112,"",""
"3010","TIPSMUSIC","EQ",705.1,717.5,696.9,712.55,709,699.45,586014,4160.14,"27-Jul-2026",15991,"",""
"3011","TIRUMALCHM","EQ",170,173.45,168.23,172.09,172.25,167.74,1162625,1984.46,"27-Jul-2026",10133,"",""
"3012","TIRUPATI","SM",418.45,418.45,418.45,418.45,418.45,440.45,59125,247.41,"27-Jul-2026",82,"",""
"3013","TIRUPATIFL","BE",73.5,77,69.94,75.31,75.65,73.61,466189,343.41,"27-Jul-2026",2140,"",""
"3014","TITAGARH","EQ",828.75,832.6,813,816.1,820,819.45,250928,2057.29,"27-Jul-2026",15411,"",""
"3015","TITAN","EQ",4686.9,4749.1,4686.9,4740.1,4739,4677,500721,23612.76,"27-Jul-2026",46780,"",""
"3016","TMB","EQ",811,917,808.95,893.65,911,804.5,7671271,67498.32,"27-Jul-2026",214629,"",""
"3017","TMCV","EQ",412,416.9,406.6,411.1,411.35,406.15,8607193,35390.75,"27-Jul-2026",103177,"",""
"3018","TMPV","EQ",326.75,329.05,326.1,327.65,327.5,323.8,4777294,15648.54,"27-Jul-2026",52429,"",""
"3019","TNIDETF","EQ",84.84,85.86,84.04,85.58,85.37,84.04,69057,59,"27-Jul-2026",673,"",""
"3020","TNPETRO","EQ",95,97.66,93.1,94.14,94,95,119079,113.5,"27-Jul-2026",2657,"",""
"3021","TNPL","EQ",152.1,158.1,152.04,156.04,157,149.75,639163,996.47,"27-Jul-2026",8126,"",""
"3022","TNTELE","EQ",9.14,9.29,8.86,9.09,9,9.14,56569,5.07,"27-Jul-2026",140,"",""
"3023","TOKYOPLAST","BE",81.49,84.1,80.2,81.38,81.99,80.15,2054,1.68,"27-Jul-2026",33,"",""
"3024","TOLINS","EQ",103,104.34,102.55,102.89,103,102.7,24367,25.15,"27-Jul-2026",449,"",""
"3025","TOP100CASE","EQ",10.66,10.66,10.43,10.52,10.53,10.43,391216,41.15,"27-Jul-2026",1375,"",""
"3026","TOP10ADD","EQ",87.27,87.27,86.73,86.79,87.27,86.41,2248800,1952.87,"27-Jul-2026",704,"",""
"3027","TOP15IETF","EQ",9.77,10.02,9.77,9.9,10.02,9.73,47311,4.65,"27-Jul-2026",172,"",""
"3028","TOP20","EQ",8.9,8.9,8.74,8.86,8.87,8.73,53725,4.74,"27-Jul-2026",95,"",""
"3029","TORNTPHARM","EQ",4985,5070,4961.8,5019.5,5010,4961.5,267708,13441.45,"27-Jul-2026",33856,"",""
"3030","TORNTPOWER","EQ",1434.3,1446.5,1427.8,1440,1442,1434.1,342490,4907.52,"27-Jul-2026",17298,"",""
"3031","TOTAL","EQ",50,50.1,47.56,48.1,48.05,49.98,7949,3.87,"27-Jul-2026",138,"",""
"3032","TOUCHWOOD","EQ",67.29,67.29,65.4,67,67,67.29,816,0.54,"27-Jul-2026",61,"",""
"3033","TPHQ","EQ",0.42,0.45,0.41,0.43,0.43,0.4,1496986,6.41,"27-Jul-2026",407,"",""
"3034","TPLPLASTEH","EQ",78.44,80.59,77.2,78.34,77.8,76.9,126845,100.27,"27-Jul-2026",1506,"",""
"3035","TRACXN","EQ",29.99,30.9,29.68,30.08,30.02,29.7,74741,22.43,"27-Jul-2026",617,"",""
"3036","TRANSPEK","EQ",1082.9,1122.3,1057.55,1110.3,1107,1064.9,20432,225.61,"27-Jul-2026",2350,"",""
"3037","TRANSRAILL","EQ",486.05,490.85,482,485,483.95,482.7,269719,1308.02,"27-Jul-2026",7751,"",""
"3038","TRANSTEEL","SM",112.65,116,112,112.75,112.25,112.65,23000,26.3,"27-Jul-2026",20,"",""
"3039","TRANSWORLD","BE",159,164.99,158,163.89,163.99,158.86,3657,5.89,"27-Jul-2026",59,"",""
"3040","TRAVELFOOD","EQ",1286.3,1304.9,1270,1276.4,1280,1286.3,20370,262.75,"27-Jul-2026",2441,"",""
"3041","TREEHOUSE","EQ",6.39,6.48,6.25,6.46,6.47,6.35,21205,1.36,"27-Jul-2026",91,"",""
"3042","TREJHARA","EQ",141.94,141.94,136.82,138.01,137,138.75,4237,5.87,"27-Jul-2026",121,"",""
"3043","TREL","EQ",24.56,24.99,24.14,24.41,24.24,24.32,17651,4.32,"27-Jul-2026",306,"",""
"3044","TRENT","EQ",2918.9,2953.5,2907.1,2938.3,2938,2890.5,789065,23187.2,"27-Jul-2026",44967,"",""
"3045","TRF","EQ",236.7,239.69,231.01,232.67,232.3,232.96,75520,177.98,"27-Jul-2026",2417,"",""
"3046","TRIDENT","EQ",25.2,25.43,25,25.08,25.1,25.12,3437030,864.7,"27-Jul-2026",10670,"",""
"3047","TRIGYN","EQ",53.2,54.99,52.62,53.41,53.4,54.5,39125,21.09,"27-Jul-2026",897,"",""
"3048","TRITURBINE","EQ",614.9,627,610.05,623.4,623,611.8,1575560,9712.76,"27-Jul-2026",24159,"",""
"3049","TRIVENI","BE",237.3,247.5,236.3,240,241.05,248.7,1325944,3156.53,"27-Jul-2026",6612,"",""
"3050","TROM","ST",58,58,58,58,58,58,1200,0.7,"27-Jul-2026",1,"",""
"3051","TRU","EQ",4.93,4.94,4.71,4.91,4.94,4.88,50414,2.45,"27-Jul-2026",130,"",""
"3052","TRUALT","EQ",442,442,414.2,421.25,420,428.95,373174,1582.59,"27-Jul-2026",11578,"",""
"3053","TRUST","SM",28.5,30,28.5,28.5,28.5,29,10200,2.96,"27-Jul-2026",16,"",""
"3054","TSC","SM",32.75,33.25,32,33,33,30.5,20000,6.56,"27-Jul-2026",10,"",""
"3055","TSFINV","EQ",432.8,442.9,428.5,431.6,434,432.8,43276,187.59,"27-Jul-2026",2606,"",""
"3056","TTKHLTCARE","EQ",1064,1167,1061,1088.8,1072,1047.2,102563,1139.61,"27-Jul-2026",10938,"",""
"3057","TTKPRESTIG","EQ",640.1,664.8,640,655.35,658.9,643.35,67198,441.02,"27-Jul-2026",4691,"",""
"3058","TTL","EQ",6.37,6.4,6.19,6.27,6.29,6.37,87429,5.5,"27-Jul-2026",158,"",""
"3059","TTML","EQ",40.5,40.5,39.39,39.48,39.45,39.38,1352435,537.39,"27-Jul-2026",8594,"",""
"3060","TUNWAL","SM",26.5,26.75,26.2,26.2,26.2,26.5,68000,17.95,"27-Jul-2026",22,"",""
"3061","TURTLEMINT","EQ",130.3,131.5,123.94,125.92,126,130.07,957639,1212.02,"27-Jul-2026",13169,"",""
"3062","TVSELECT","EQ",498,507.45,493,494,496.7,496.65,24104,120.34,"27-Jul-2026",1182,"",""
"3063","TVSHLTD","EQ",14641,14880,14641,14694,14690,14633,6708,989.32,"27-Jul-2026",2006,"",""
"3064","TVSMOTOR","EQ",3905,3905.1,3850,3876.4,3881.9,3870.2,576740,22325.93,"27-Jul-2026",57123,"",""
"3065","TVSSCS","EQ",133.49,137,133.49,136.62,136.77,133.13,215529,293.11,"27-Jul-2026",4489,"",""
"3066","TVSSRICHAK","EQ",3970,4079,3968,3972.5,3980.1,3964.2,2661,106.52,"27-Jul-2026",715,"",""
"3067","TVTODAY","EQ",117,119,116.3,117.6,116.3,116.45,20370,23.92,"27-Jul-2026",640,"",""
"3068","TVVISION","EQ",4.7,4.77,4.52,4.65,4.75,4.7,5169,0.24,"27-Jul-2026",46,"",""
"3069","TWCGOLDETF","EQ",145.3,145.3,142.57,143.17,143.25,142.45,2008,2.88,"27-Jul-2026",216,"",""
"3070","UBL","EQ",1418,1457,1410.1,1428.7,1425,1398.6,334806,4805.97,"27-Jul-2026",25432,"",""
"3071","UCAL","EQ",115.05,119.89,115.05,117.67,117.13,114.9,2799,3.31,"27-Jul-2026",158,"",""
"3072","UCL","ST",182.75,190,182.75,190,190,186.45,12000,22.08,"27-Jul-2026",3,"",""
"3073","UCOBANK","EQ",26.25,27.09,26.21,26.66,26.6,25.88,16555999,4442.17,"27-Jul-2026",29729,"",""
"3074","UDS","EQ",203.7,209.42,200.26,206.6,206.5,201.19,326849,669.72,"27-Jul-2026",7445,"",""
"3075","UEL","EQ",122.98,123.87,120.11,120.96,121.46,119.98,4151,5.06,"27-Jul-2026",186,"",""
"3076","UFBL","EQ",655,700,655,699.35,700,674.85,100422,695.85,"27-Jul-2026",4496,"",""
"3077","UFLEX","EQ",480.55,488.9,470.6,476.45,476.9,478.5,119911,570.93,"27-Jul-2026",3270,"",""
"3078","UFO","EQ",67.21,71.45,67.21,68.45,68.5,67.02,100698,70.09,"27-Jul-2026",1194,"",""
"3079","UGARSUGAR","EQ",40.01,44.47,39.26,43.49,43.27,39.72,870227,368.14,"27-Jul-2026",5715,"",""
"3080","UGROCAP","EQ",94.68,97,93.63,95.65,95,92.77,180061,171.76,"27-Jul-2026",2842,"",""
"3081","UHTL","ST",104,104,103.75,103.75,103.75,102,16000,16.63,"27-Jul-2026",7,"",""
"3082","UJJIVANSFB","EQ",71.5,73.29,71.1,71.57,71.42,70.72,49027357,35434.73,"27-Jul-2026",136129,"",""
"3083","ULTRACEMCO","EQ",11905,12000,11752,11881,11892,11846,250956,29737.36,"27-Jul-2026",29705,"",""
"3084","ULTRAMAR","EQ",379.5,385,372.3,374.95,375.9,379.5,34925,132.1,"27-Jul-2026",3939,"",""
"3085","UMA","SM",14.7,15.5,14.7,15.5,15.5,15.5,16000,2.45,"27-Jul-2026",4,"",""
"3086","UMAEXPORTS","BE",20.38,20.38,19.36,19.47,19.78,20.03,9854,1.94,"27-Jul-2026",112,"",""
"3087","UMESLTD","EQ",5.55,5.55,5.14,5.36,5.39,5.39,13427,0.72,"27-Jul-2026",77,"",""
"3088","UMIYA-MRO","EQ",91.52,91.52,88.52,89.82,88.99,89.29,1688,1.51,"27-Jul-2026",61,"",""
"3089","UNICHEMLAB","EQ",548.9,552.3,538,539.95,540.15,537.35,51339,278.63,"27-Jul-2026",2993,"",""
"3090","UNIDT","BE",229.99,229.99,220.01,226.07,225.9,223.73,958,2.15,"27-Jul-2026",45,"",""
"3091","UNIECOM","EQ",84.4,85.95,84.15,85.73,85.9,84.38,296292,252.28,"27-Jul-2026",2239,"",""
"3092","UNIENTER","EQ",100,102.87,96.25,97.64,97.47,98.27,19064,18.84,"27-Jul-2026",730,"",""
"3093","UNIHEALTH","SM",787.05,794.9,770,786.25,786,792.7,20000,156.29,"27-Jul-2026",38,"",""
"3094","UNIINFO","BE",12.4,12.4,11.9,12.35,12.4,12.4,179,0.02,"27-Jul-2026",9,"",""
"3095","UNIMECH","EQ",1241,1250,1195,1203.2,1212.3,1237.4,67119,816.57,"27-Jul-2026",5991,"",""
"3096","UNIONBANK","EQ",172,173.46,169.5,170.11,170.09,170.5,13706219,23428.23,"27-Jul-2026",74828,"",""
"3097","UNIONGOLD","EQ",140.15,141,140.1,140.65,140.85,139.5,385,0.54,"27-Jul-2026",28,"",""
"3098","UNIPARTS","EQ",710,711.7,690,704.8,705,689.5,109878,772.59,"27-Jul-2026",6105,"",""
"3099","UNITDSPR","EQ",1477.7,1503.5,1471.7,1482,1483,1467.2,1154306,17218.42,"27-Jul-2026",54442,"",""
"3100","UNITECH","EQ",4.4,4.44,4.29,4.3,4.3,4.38,4565887,198.31,"27-Jul-2026",2574,"",""
"3101","UNITEDPOLY","BE",29.99,30.5,29.15,30.06,30.13,30.17,10779,3.22,"27-Jul-2026",108,"",""
"3102","UNITEDTEA","EQ",479.35,479.5,468.25,472.95,473,469.8,660,3.12,"27-Jul-2026",56,"",""
"3103","UNIVASTU","BE",125,126.9,123.66,124.88,125.9,123.68,105507,131.88,"27-Jul-2026",508,"",""
"3104","UNIVCABLES","EQ",1238,1268.9,1210.1,1256.2,1253,1234.8,126439,1569.76,"27-Jul-2026",11258,"",""
"3105","UNIVPHOTO","BE",475.75,490,475,489.05,487,475.75,2015,9.77,"27-Jul-2026",52,"",""
"3106","UNOMINDA","EQ",1139.9,1168,1135,1162.4,1162,1127,923914,10664.19,"27-Jul-2026",21863,"",""
"3107","UPL","EQ",605.45,610.95,603.25,608.5,605.5,602.45,1543100,9380.88,"27-Jul-2026",31802,"",""
"3108","URAVIDEF","BE",111.99,115,111.6,114,114,111.94,103974,118.51,"27-Jul-2026",192,"",""
"3109","URBAN","SM",132,138.5,132,133.15,133.15,133.75,76000,101.97,"27-Jul-2026",29,"",""
"3110","URBANCO","EQ",131,132.27,130.1,130.42,130.2,129.76,1019935,1337.41,"27-Jul-2026",13261,"",""
"3111","URJA","EQ",9.22,9.27,9.05,9.1,9.13,9.22,710420,64.9,"27-Jul-2026",3460,"",""
"3112","USHAFIN","SM",35.1,35.1,35.1,35.1,35.1,35.1,1600,0.56,"27-Jul-2026",1,"",""
"3113","USHAMART","EQ",495.7,505,494.8,502.1,504,495.7,309401,1547.69,"27-Jul-2026",11187,"",""
"3114","USK","EQ",22.69,22.69,21.84,21.91,21.9,21.75,8072,1.78,"27-Jul-2026",67,"",""
"3115","UTIAMC","EQ",895,905.95,888.35,904,904.75,881.4,210439,1892.32,"27-Jul-2026",12386,"",""
"3116","UTKAL","SM",40.25,40.25,38.6,40.25,40.25,38.35,78000,31.32,"27-Jul-2026",24,"",""
"3117","UTKARSHBNK","EQ",14.48,14.85,14.48,14.51,14.5,14.45,3379362,495.21,"27-Jul-2026",12361,"",""
"3118","UTLSOLAR","EQ",385.6,387.95,380.4,384.4,384.3,383.8,181974,697.17,"27-Jul-2026",8020,"",""
"3119","UTSSAV","ST",510,510,491.15,495.1,499,517,21600,107.44,"27-Jul-2026",35,"",""
"3120","UTTAMSUGAR","EQ",228.46,231.11,228.15,228.71,228.35,228.46,21010,48.16,"27-Jul-2026",773,"",""
"3121","UYFINCORP","EQ",18.99,19.33,18.61,18.88,18.99,18.57,383173,72.86,"27-Jul-2026",978,"",""
"3122","V2RETAIL","EQ",220.76,226.64,219.75,223.46,222.5,219.29,600559,1343.74,"27-Jul-2026",11738,"",""
"3123","VADILALIND","EQ",6710.5,6791,6700.5,6761.5,6765,6710.5,5183,349.66,"27-Jul-2026",1155,"",""
"3124","VAIBHAVGBL","EQ",255,267.22,252.8,264.99,264.6,251.94,675981,1782.44,"27-Jul-2026",16631,"",""
"3125","VAISHALI","EQ",8,8.14,7.38,7.72,7.74,7.76,60695,4.71,"27-Jul-2026",165,"",""
"3126","VAKRANGEE","EQ",5.85,6.26,5.81,6.09,6.09,5.81,3112375,189.28,"27-Jul-2026",3339,"",""
"3127","VAL30IETF","EQ",15.27,15.39,15.11,15.35,15.36,15.27,108143,16.6,"27-Jul-2026",478,"",""
"3128","VALIANTLAB","BE",60.1,62.5,60.1,61.51,62,61.5,4633,2.85,"27-Jul-2026",61,"",""
"3129","VALIANTORG","BE",263.1,270.9,261.1,262.4,266.95,262.85,7957,20.96,"27-Jul-2026",168,"",""
"3130","VALUE","EQ",16.09,16.1,16.03,16.07,16.05,15.99,45800,7.36,"27-Jul-2026",65,"",""
"3131","VALUE360","SM",80,80,79,79,79,80,4800,3.82,"27-Jul-2026",4,"",""
"3132","VALUEAXIS","EQ",32.55,32.87,32.5,32.77,32.65,32.55,89466,29.24,"27-Jul-2026",339,"",""
"3133","VAML","EQ",437,443.9,434.3,437.15,438,435.6,4182120,18303.52,"27-Jul-2026",72905,"",""
"3134","VARDHACRLC","BE",41.99,44.04,41.8,44.04,44.04,41.95,38088,16.59,"27-Jul-2026",181,"",""
"3135","VARDMNPOLY","EQ",6.15,6.3,6.03,6.15,6.11,6.01,181219,11.26,"27-Jul-2026",455,"",""
"3136","VARROC","EQ",644,667.95,642.75,665.7,667,642.75,158687,1051.94,"27-Jul-2026",13675,"",""
"3137","VASCONEQ","BE",32.33,33,32.33,32.53,32.51,32.33,76045,24.87,"27-Jul-2026",324,"",""
"3138","VASWANI","EQ",53.01,53.75,52.12,52.68,52.21,52.52,34446,18.29,"27-Jul-2026",1091,"",""
"3139","VBL","EQ",460.95,465.4,454,464.5,463.95,457.2,5407996,24921.87,"27-Jul-2026",79462,"",""
"3140","VCL","EQ",1.03,1.03,0.99,1.02,1.03,0.99,412537,4.16,"27-Jul-2026",268,"",""
"3141","VDEAL","SM",154,154,154,154,154,153.5,600,0.92,"27-Jul-2026",1,"",""
"3142","VEDL","EQ",267.05,268.1,264,264.65,264.3,264.65,7084059,18842.99,"27-Jul-2026",53849,"",""
"3143","VEDPOWER","EQ",35.74,37.43,35.41,36.97,37.02,35.01,23415598,8590.87,"27-Jul-2026",49864,"",""
"3144","VEEDOL","EQ",1408.9,1413.5,1385.1,1392.3,1387.1,1398.8,9432,132.03,"27-Jul-2026",1004,"",""
"3145","VEEKAYEM","SM",122,122,122,122,122,122,500,0.61,"27-Jul-2026",1,"",""
"3146","VELJAN","BE",1745,1829.8,1712.7,1804.3,1815,1743.8,1595,28.61,"27-Jul-2026",73,"",""
"3147","VENKEYS","EQ",1513.5,1533,1491.9,1503.7,1501.1,1505.2,68141,1031.07,"27-Jul-2026",4316,"",""
"3148","VENTIVE","EQ",621.9,622.9,613.6,617.8,622.9,617.75,15381,95.09,"27-Jul-2026",891,"",""
"3149","VENUSPIPES","EQ",1708.4,1730,1670,1688,1683,1700.1,59861,1015.9,"27-Jul-2026",5860,"",""
"3150","VENUSREM","BE",1649,1699,1566.6,1572,1572.5,1649,70003,1120.04,"27-Jul-2026",2493,"",""
"3151","VERANDA","EQ",241.85,241.85,231.15,232.95,233.49,233.78,84370,198.05,"27-Jul-2026",2295,"",""
"3152","VERTIS","IV",113,113,112.5,113,113,113,550000,621.38,"27-Jul-2026",13,"",""
"3153","VERTOZ","BE",35.58,36,35,35.55,35.69,35.58,39973,14.22,"27-Jul-2026",227,"",""
"3154","VESUVIUS","EQ",450.05,457.65,449.2,450.95,453.65,452.3,32405,146.47,"27-Jul-2026",3004,"",""
"3155","VETO","BE",122.8,123.99,120.29,121.14,121,121.5,11860,14.39,"27-Jul-2026",149,"",""
"3156","VGINFOTECH","SM",159,159.9,152.05,152.2,152.05,153.7,38000,58.47,"27-Jul-2026",36,"",""
"3157","VGL","EQ",61.57,62.89,61.2,61.62,61.3,61.2,5263,3.25,"27-Jul-2026",211,"",""
"3158","VGUARD","EQ",294.6,300.45,292,294.4,294.6,290.8,272931,808.74,"27-Jul-2026",12087,"",""
"3159","VHL","EQ",3452,3579,3452,3503.3,3501,3503.3,773,27.14,"27-Jul-2026",135,"",""
"3160","VHLTD","BE",131.99,134.19,131.05,134.09,134.15,131.99,92015,122.97,"27-Jul-2026",151,"",""
"3161","VICTORYEV","ST",16.95,16.95,16.15,16.5,16.5,16.95,33000,5.46,"27-Jul-2026",11,"",""
"3162","VIDHIING","EQ",314.85,320,310,315.15,314,310.55,27107,85.08,"27-Jul-2026",589,"",""
"3163","VIDYAWIRES","EQ",89.19,92.96,88.62,91.3,91,88.54,1398257,1280.74,"27-Jul-2026",8581,"",""
"3164","VIESL","SM",316.1,322.95,312,316.35,316.2,314.25,33600,106.02,"27-Jul-2026",32,"",""
"3165","VIGOR","ST",99,99,95,98.75,98.75,98,14400,14.04,"27-Jul-2026",9,"",""
"3166","VIJAYA","EQ",1322,1357.8,1308.2,1350.8,1356,1313.9,84864,1139.92,"27-Jul-2026",8082,"",""
"3167","VIJAYPD","SM",64.2,64.2,64.2,64.2,64.2,63.95,2000,1.28,"27-Jul-2026",1,"",""
"3168","VIJIFIN","BE",9.45,9.45,9.45,9.45,9.45,9.27,151251,14.29,"27-Jul-2026",49,"",""
"3169","VIKASECO","EQ",1.12,1.16,1.11,1.12,1.11,1.11,2595664,29.29,"27-Jul-2026",946,"",""
"3170","VIKASLIFE","EQ",1.33,1.34,1.24,1.27,1.28,1.31,3656429,47.42,"27-Jul-2026",8902,"",""
"3171","VIKRAMSOLR","EQ",185.19,185.19,180.75,181.19,180.89,182.8,1016051,1854.96,"27-Jul-2026",11954,"",""
"3172","VIKRAN","EQ",72.5,73,71.49,71.83,71.99,71.43,1037657,747.16,"27-Jul-2026",4423,"",""
"3173","VILAS","SM",365,375,352.65,353.7,353,357.55,25250,90.26,"27-Jul-2026",86,"",""
"3174","VILINBIO","SM",38.65,42.6,38.65,42.6,42.6,40.65,8000,3.25,"27-Jul-2026",2,"",""
"3175","VIMTALABS","EQ",576.45,593,574.25,587.15,589,570.45,272440,1593.26,"27-Jul-2026",10341,"",""
"3176","VINATIORGA","EQ",1329,1329,1306.1,1313.6,1314.1,1300.1,20783,273.34,"27-Jul-2026",2432,"",""
"3177","VINCOFE","EQ",157.5,165.45,157.5,162.87,163.18,156.18,3500698,5728.17,"27-Jul-2026",26044,"",""
"3178","VINDHYATEL","EQ",1905,1920.3,1870,1907.5,1890,1886,17478,332.1,"27-Jul-2026",3062,"",""
"3179","VINEETLAB","BE",37.15,39.9,37.15,38.87,38.88,38.52,49004,18.96,"27-Jul-2026",136,"",""
"3180","VINNY","EQ",1.06,1.08,1.05,1.05,1.05,1.07,457680,4.83,"27-Jul-2026",169,"",""
"3181","VINSYS","ST",528,530,523,523.5,523,522.1,6750,35.68,"27-Jul-2026",18,"",""
"3182","VINYAS","SM",1268,1304,1260.05,1275,1270,1272.75,2600,33.32,"27-Jul-2026",24,"",""
"3183","VINYLINDIA","EQ",244,256.65,243.8,251.2,251,242.65,18149,45.65,"27-Jul-2026",799,"",""
"3184","VIPCLOTHNG","BE",21.79,21.87,21.37,21.83,21.84,21.37,14288,3.09,"27-Jul-2026",66,"",""
"3185","VIPIND","EQ",295.5,299.55,295.1,296.25,296,295.4,44743,132.75,"27-Jul-2026",1740,"",""
"3186","VIPULLTD","BE",11.52,11.52,11.52,11.52,11.52,12.12,64638,7.45,"27-Jul-2026",133,"",""
"3187","VIRINCHI","EQ",15.51,16,15.43,15.49,15.43,15.53,40417,6.27,"27-Jul-2026",203,"",""
"3188","VISACHROME","BE",36.9,38.05,36.9,37.97,37.95,36.9,24460,9.28,"27-Jul-2026",81,"",""
"3189","VISAKAIND","EQ",80.43,85.4,80.43,82.29,82.6,79.85,320941,267.53,"27-Jul-2026",3696,"",""
"3190","VISHNU","EQ",638,652,630.2,636.3,635,632.4,121792,782.71,"27-Jul-2026",4750,"",""
"3191","VISHNUINFR","SM",164,164,158.1,161.35,161.95,155,17000,27.43,"27-Jul-2026",18,"",""
"3192","VISHWARAJ","EQ",5.2,5.29,5.2,5.25,5.27,5.19,78228,4.1,"27-Jul-2026",294,"",""
"3193","VISHWAS","ST",43.95,44,43.95,44,44,44.8,24000,10.55,"27-Jul-2026",2,"",""
"3194","VISL","EQ",30.9,31.49,30.2,30.36,30.44,30.35,26150010,8067.01,"27-Jul-2026",43870,"",""
"3195","VITAL","BE",47.7,47.7,46,46,46,46.8,2976,1.39,"27-Jul-2026",11,"",""
"3196","VIVIANA","BE",704.65,732.3,702.5,732.3,732.3,697.45,18357,133.53,"27-Jul-2026",309,"",""
"3197","VIVIDEL","ST",1322,1330.95,1300,1320,1320,1315,17760,234,"27-Jul-2026",45,"",""
"3198","VIVIDHA","EQ",0.53,0.55,0.52,0.52,0.52,0.53,311186,1.66,"27-Jul-2026",179,"",""
"3199","VIVIMEDLAB","BE",5.18,5.4,5.15,5.26,5.22,5.18,38270,2.03,"27-Jul-2026",59,"",""
"3200","VIYASH","EQ",253.25,261.35,253,259.7,260.2,250.9,1323745,3421.43,"27-Jul-2026",23702,"",""
"3201","VLEGOV","BE",10.29,10.69,10.29,10.69,10.69,10.49,49311,5.16,"27-Jul-2026",129,"",""
"3202","VLSFINANCE","EQ",252.55,256.7,252.55,254.35,253.55,253.5,10140,25.82,"27-Jul-2026",337,"",""
"3203","VMARCIND","SM",282.85,292,278.1,279,278.95,280,174000,493.5,"27-Jul-2026",113,"",""
"3204","VMART","EQ",724.65,725.4,682.65,714.95,715.5,724.65,258775,1823.52,"27-Jul-2026",18603,"",""
"3205","VMM","EQ",109.88,110.48,107.2,110.31,110.26,108.04,14442715,15710.09,"27-Jul-2026",105249,"",""
"3206","VMOBILE","SM",63.85,67.7,63.85,67.7,67.7,64.5,93600,61.92,"27-Jul-2026",99,"",""
"3207","VMSTMT","BE",44.9,45.07,44,44.02,44.39,44.05,13789,6.11,"27-Jul-2026",133,"",""
"3208","VOEPL","EQ",494.8,514,486.1,496.6,494.05,484.05,238675,1194.86,"27-Jul-2026",4872,"",""
"3209","VOGL","EQ",34.65,35.34,33.93,34.84,34.84,34.23,36182252,12544.12,"27-Jul-2026",60046,"",""
"3210","VOLERCAR","SM",222.5,224.85,220,224.85,224.85,235,3200,7.12,"27-Jul-2026",4,"",""
"3211","VOLTAMP","EQ",9219,9242,9078,9183,9219,9180,26700,2447.08,"27-Jul-2026",11242,"",""
"3212","VOLTAS","EQ",1327.9,1340.4,1310.2,1319.3,1313,1327.3,314808,4164.99,"27-Jul-2026",10895,"",""
"3213","VPRPL","BE",28,29.4,27.3,28.29,28.3,28,464923,132.31,"27-Jul-2026",1534,"",""
"3214","VRAJ","EQ",130.8,131.97,128.21,128.5,128.28,129.21,16135,20.93,"27-Jul-2026",764,"",""
"3215","VRLLOG","EQ",260.99,267.87,250.65,262.75,262.68,243.11,2163637,5617.85,"27-Jul-2026",28600,"",""
"3216","VSSL","EQ",297.8,304.95,295.7,297.3,297,296.25,64711,193.83,"27-Jul-2026",1569,"",""
"3217","VSTIND","EQ",234.5,235.9,232,234.7,234.95,230.05,308790,723.34,"27-Jul-2026",4123,"",""
"3218","VSTL","EQ",111.14,114.49,110.9,111.33,112.25,111.14,9246,10.32,"27-Jul-2026",156,"",""
"3219","VSTTILLERS","EQ",4491,4491,4416.7,4430.2,4425,4416.7,4646,205.92,"27-Jul-2026",1019,"",""
"3220","VTL","EQ",617.9,632.75,617,628.25,627,614.6,141054,881.6,"27-Jul-2026",9447,"",""
"3221","WAAREEENER","EQ",2721,2760.9,2716.5,2741.4,2742,2702,710887,19493.69,"27-Jul-2026",37763,"",""
"3222","WAAREEINDO","EQ",335.05,344.95,335.05,335.05,335.05,352.65,265859,892.73,"27-Jul-2026",1572,"",""
"3223","WAAREERTL","EQ",949.1,955,927.6,931.3,929,932,269690,2524.96,"27-Jul-2026",12948,"",""
"3224","WABAG","EQ",2055,2069,1951,1977.5,1973,2041.2,821451,16264.51,"27-Jul-2026",42988,"",""
"3225","WAKEFIT","EQ",132,134,126.4,127.7,127.6,129.7,3547070,4583.54,"27-Jul-2026",22253,"",""
"3226","WALCHANNAG","EQ",240.15,242.75,231.4,233.5,233.5,237.1,678336,1600.66,"27-Jul-2026",9093,"",""
"3227","WANBURY","EQ",335,343,327.4,329.25,328.3,331.9,188536,630.71,"27-Jul-2026",6131,"",""
"3228","WCIL","EQ",90.37,91.7,90.2,91.06,91.49,89.98,37552,34.17,"27-Jul-2026",829,"",""
"3229","WEALTH","EQ",954.85,996.25,945,958.95,950,940.25,3098,29.96,"27-Jul-2026",341,"",""
"3230","WEBELSOLAR","EQ",101.88,102.53,98.12,99.01,99.05,99.77,1999850,2000.96,"27-Jul-2026",10496,"",""
"3231","WEIZMANIND","EQ",77.31,79.49,77.31,77.41,77.31,77.19,1952,1.52,"27-Jul-2026",30,"",""
"3232","WEL","EQ",107.09,110.99,107,109.97,110.5,107.24,481065,522.67,"27-Jul-2026",3235,"",""
"3233","WELCORP","EQ",1665,1668.8,1595.1,1599.8,1599.9,1596.9,944994,15288.24,"27-Jul-2026",52235,"",""
"3234","WELENT","EQ",600.1,617.8,590.85,596.8,596.8,598.8,795444,4819.97,"27-Jul-2026",10368,"",""
"3235","WELINV","BE",1860,1980,1805.8,1931.9,1900,1898,467,9,"27-Jul-2026",38,"",""
"3236","WELSPLSOL","EQ",51.75,53.1,50.97,51.69,51.96,51.3,493425,256.46,"27-Jul-2026",3234,"",""
"3237","WELSPUNLIV","EQ",162.8,168.63,161.97,163.53,164.25,162,1445681,2391.98,"27-Jul-2026",19047,"",""
"3238","WENDT","EQ",8300,8600,8100,8302.5,8320,8074.5,48101,4030.3,"27-Jul-2026",12111,"",""
"3239","WESTLIFE","EQ",459.9,471.35,459,464.5,461.5,459.15,85823,398.75,"27-Jul-2026",5983,"",""
"3240","WEWIN","BE",46.34,47.25,45.36,46.5,46.5,47.33,3190,1.47,"27-Jul-2026",17,"",""
"3241","WEWORK","EQ",719,726.95,710.5,724.4,716,711.95,317784,2295.56,"27-Jul-2026",14760,"",""
"3242","WHEELS","EQ",1461,1505,1445.4,1495.6,1499.9,1441.7,78256,1159.46,"27-Jul-2026",6640,"",""
"3243","WHIRLPOOL","EQ",775,804.8,774,794.8,796,771.45,443562,3529.26,"27-Jul-2026",18755,"",""
"3244","WHITEFORCE","ST",39.85,39.85,39.85,39.85,39.85,41.9,1600,0.64,"27-Jul-2026",1,"",""
"3245","WILLAMAGOR","EQ",25.27,26.78,25,25.45,25.4,25.27,1940,0.49,"27-Jul-2026",27,"",""
"3246","WINDLAS","EQ",871,874,853,857.5,853,857.95,23569,203.21,"27-Jul-2026",3572,"",""
"3247","WINDMACHIN","EQ",292.35,298.95,278.35,281.9,282,292.2,99640,282.7,"27-Jul-2026",2048,"",""
"3248","WINSOL","SM",113.5,114,112,112.65,113,113.5,8800,9.96,"27-Jul-2026",22,"",""
"3249","WINSOME","BZ",2.35,2.39,2.35,2.39,2.39,2.35,20401,0.49,"27-Jul-2026",16,"",""
"3250","WIPL","EQ",165.06,172,163.25,169.07,170.5,165.06,323,0.54,"27-Jul-2026",29,"",""
"3251","WIPRO","EQ",177.5,178.78,175.61,178.53,178.35,177.12,12504426,22177.97,"27-Jul-2026",75289,"",""
"3252","WOCKPHARMA","EQ",1855.9,1881.9,1853.3,1865.2,1863.9,1849.2,269719,5034.13,"27-Jul-2026",13682,"",""
"3253","WOL3D","ST",130,131,130,131,131,130.3,2000,2.61,"27-Jul-2026",2,"",""
"3254","WOMANCART","SM",102,102,97.3,99.95,99.95,96.4,11200,11.01,"27-Jul-2026",19,"",""
"3255","WONDERLA","EQ",474.85,475.15,466.1,467.75,467.1,468.75,29812,140.29,"27-Jul-2026",1676,"",""
"3256","WORTHPERI","EQ",143.5,143.99,140.04,143.31,141.06,142.83,5803,8.24,"27-Jul-2026",288,"",""
"3257","WPIL","EQ",453.95,462.8,436.5,442.2,440.65,450.45,83864,374.55,"27-Jul-2026",4108,"",""
"3258","WSI","EQ",62.33,65.89,61.49,62.4,62.68,62.31,121079,75.89,"27-Jul-2026",1888,"",""
"3259","WSTCSTPAPR","EQ",560.5,590,560.5,581.7,581,553.55,542425,3153.17,"27-Jul-2026",23675,"",""
"3260","WTICAB","SM",124.7,124.7,117,119.6,118.25,118.15,9000,10.8,"27-Jul-2026",17,"",""
"3261","XCHANGING","EQ",64.04,65.33,63.96,64.19,64.5,64.04,49616,31.99,"27-Jul-2026",1087,"",""
"3262","XELPMOC","EQ",83.98,83.98,78.11,79.32,79.8,81.19,10235,8.21,"27-Jul-2026",255,"",""
"3263","XPROINDIA","EQ",1399,1406,1378.2,1394.1,1395,1386.2,32790,457.61,"27-Jul-2026",2182,"",""
"3264","XTGLOBAL","EQ",27.6,28.64,27.6,28.39,28.25,27.99,134465,38.16,"27-Jul-2026",240,"",""
"3265","YAAP","ST",163,163,153,155.3,157.45,156,27000,42.49,"27-Jul-2026",27,"",""
"3266","YASHO","EQ",3145.4,3201.1,3045,3092.6,3078.4,3072,12164,375.56,"27-Jul-2026",2654,"",""
"3267","YASHOPTICS","SM",111.3,111.3,111.3,111.3,111.3,112.15,2400,2.67,"27-Jul-2026",3,"",""
"3268","YATHARTH","EQ",843.05,868.55,838.8,843.9,847.5,838.8,234669,1999.61,"27-Jul-2026",13097,"",""
"3269","YATRA","EQ",107.7,111.23,107.27,110.65,111.19,107.67,932619,1025.1,"27-Jul-2026",10337,"",""
"3270","YESBANK","EQ",23.05,23.18,22.9,22.94,22.95,22.95,47752439,10987.92,"27-Jul-2026",59381,"",""
"3271","YUKEN","EQ",718.8,718.8,701,710.55,713.9,708.25,5937,41.92,"27-Jul-2026",340,"",""
"3272","ZAGGLE","EQ",203.59,205.9,201.5,203.34,203.8,199.97,461204,938.46,"27-Jul-2026",7814,"",""
"3273","ZEAL","SM",64,64,63,63,63,62,1800,1.14,"27-Jul-2026",3,"",""
"3274","ZEEL","EQ",106,109.5,105.8,108.86,109,105.46,15284220,16525.89,"27-Jul-2026",47761,"",""
"3275","ZEELEARN","BE",8.03,8.35,7.88,8.16,8.16,8.02,319916,26.09,"27-Jul-2026",308,"",""
"3276","ZEEMEDIA","EQ",8,8.14,7.9,7.96,7.99,7.97,823511,65.96,"27-Jul-2026",1202,"",""
"3277","ZENITHDRUG","SM",49,49,49,49,49,49.25,800,0.39,"27-Jul-2026",1,"",""
"3278","ZENITHEXPO","EQ",205,205,201,205,205,200.17,26,0.05,"27-Jul-2026",4,"",""
"3279","ZENITHSTL","EQ",5.83,6.14,5.61,5.72,5.7,5.83,92940,5.36,"27-Jul-2026",221,"",""
"3280","ZENSARTECH","EQ",510.1,521.5,502.2,515.4,515,505.9,2237749,11510.15,"27-Jul-2026",37586,"",""
"3281","ZENTEC","EQ",1613.6,1717.5,1613.6,1688.2,1680.2,1768.7,1617808,27175.28,"27-Jul-2026",84468,"",""
"3282","ZFCVINDIA","EQ",2315.1,2341.2,2266,2299.1,2300,2320.6,160091,3680.51,"27-Jul-2026",17100,"",""
"3283","ZFSTEERING","EQ",680.3,697,680,686.4,687,694.15,4399,30.22,"27-Jul-2026",364,"",""
"3284","ZIMLAB","BE",119.9,119.9,118,118,118,120.4,4966,5.87,"27-Jul-2026",21,"",""
"3285","ZODIAC","BE",251,254.7,245,245.9,245.7,251.25,9966,24.66,"27-Jul-2026",393,"",""
"3286","ZODIACLOTH","EQ",76.5,76.98,75.6,75.84,75.83,75.84,931,0.71,"27-Jul-2026",20,"",""
"3287","ZOTA","EQ",1277.6,1298.3,1262.1,1283.1,1287,1258.4,39042,499.71,"27-Jul-2026",3672,"",""
"3288","ZSARACOM","EQ",12370,12850,12230,12342.5,12230,12364.5,24,2.99,"27-Jul-2026",21,"",""
"3289","ZTECH","SM",538.95,539,509.05,517.2,520,524.15,9600,50.45,"27-Jul-2026",31,"",""
"3290","ZUARI","EQ",221.6,227.23,220.36,222.1,222.5,219.86,62715,139.56,"27-Jul-2026",1641,"",""
"3291","ZUARIIND","EQ",257.95,261.8,252.1,255.6,252.6,257,13344,34.32,"27-Jul-2026",539,"",""
"3292","ZYDUSLIFE","EQ",1111.9,1126.2,1104.4,1108.2,1109.7,1108.7,607249,6733.99,"27-Jul-2026",18788,"",""
"3293","ZYDUSWELL","EQ",568.65,573.85,549.5,559.35,561,563.05,183505,1025.21,"27-Jul-2026",11604,"",""
