"","SYMBOL","SERIES","OPEN","HIGH","LOW","CLOSE","LAST","PREVCLOSE","TOTTRDQTY","TOTTRDVAL","TIMESTAMP","TOTALTRADES","ISIN","X"
"1","1018GS2026","GS",104.2,105,103.91,105,105,104.45,4913,5.12,"28-Aug-2026",7,"",""
"2","20MICRONS","EQ",217.34,224.87,217,222,220.3,216.37,241206,532.82,"28-Aug-2026",5911,"",""
"3","21STCENMGM","EQ",41.74,41.74,41.16,41.16,41.16,42,3530,1.46,"28-Aug-2026",33,"",""
"4","360ONE","EQ",1204,1208,1193.9,1200,1200,1204,422710,5084.8,"28-Aug-2026",29706,"",""
"5","3BBLACKBIO","EQ",1362,1463,1362,1441.2,1440.1,1350.3,45446,643.28,"28-Aug-2026",3114,"",""
"6","3IINFOLTD","BE",23.5,24.57,23.4,23.85,23.85,23.4,185320,44.63,"28-Aug-2026",824,"",""
"7","3MINDIA","EQ",34245,34840,34130,34415,34500,34245,2422,836.68,"28-Aug-2026",1347,"",""
"8","3PLAND","EQ",31.9,32.34,31.55,31.74,32.25,31.87,2074,0.66,"28-Aug-2026",33,"",""
"9","574GS2026","GS",101.51,101.9,101.51,101.9,101.9,101.89,91,0.09,"28-Aug-2026",2,"",""
"10","5PAISA","EQ",371,372.5,365,368.35,366,371.15,16145,59.66,"28-Aug-2026",1159,"",""
"11","603GS2029","GS",99.22,99.22,99.22,99.22,99.22,99.35,400,0.4,"28-Aug-2026",1,"",""
"12","610GS2031","GS",99.99,99.99,99.99,99.99,99.99,99.5,1,0,"28-Aug-2026",1,"",""
"13","620GS2029","GS",97.11,99.89,97.11,99.86,99.89,99.09,24240,24.19,"28-Aug-2026",13,"",""
"14","636GS2031","GS",100,100,99.75,99.75,99.75,99.8,44000,43.89,"28-Aug-2026",5,"",""
"15","63MOONS","EQ",745,789,744.95,776.4,776.95,745.45,242493,1875.34,"28-Aug-2026",10165,"",""
"16","654GS2032","GS",99.45,99.45,99.45,99.45,99.45,100.55,868,0.86,"28-Aug-2026",1,"",""
"17","657GS2033A","GS",99,99,98.41,98.41,98.41,98.41,2000,1.97,"28-Aug-2026",2,"",""
"18","667GS2050","GS",92.7,92.7,92.52,92.52,92.52,92.5,5,0,"28-Aug-2026",5,"",""
"19","668GS2033","GS",100,100,100,100,100,100,200,0.2,"28-Aug-2026",1,"",""
"20","668GS2040","GS",99,99,98,98,98,98.45,1913,1.89,"28-Aug-2026",3,"",""
"21","675GS2029","GS",102.65,102.65,102.65,102.65,102.65,100.96,3100,3.18,"28-Aug-2026",1,"",""
"22","676GS2061","GS",91.7,91.7,90.79,90.79,91,91.5,229769,208.88,"28-Aug-2026",273,"",""
"23","679GS2031","GS",102.5,102.5,102.5,102.5,102.5,100.62,100,0.1,"28-Aug-2026",1,"",""
"24","679GS2034","GS",101.5,101.5,101.5,101.5,101.5,101,50,0.05,"28-Aug-2026",1,"",""
"25","690GS2065","GS",94.7,94.7,94.07,94.37,94.37,94.45,17822,16.84,"28-Aug-2026",14,"",""
"26","694GS2036","GS",102.75,103,102.51,102.51,102.51,102.71,1102,1.13,"28-Aug-2026",4,"",""
"27","695GS2061","GS",93.5,93.5,93.5,93.5,93.5,94,35,0.03,"28-Aug-2026",1,"",""
"28","698GR2054","GS",93.8,95,93.8,95,95,95.8,2,0,"28-Aug-2026",2,"",""
"29","702GS2027","GS",102.55,102.55,102.15,102.15,102.15,101.85,152,0.16,"28-Aug-2026",2,"",""
"30","706GS2028","GS",103.8,103.8,103.8,103.8,103.8,103.51,17000,17.65,"28-Aug-2026",7,"",""
"31","706GS2041","GS",100.5,100.8,100.5,100.5,100.5,100.5,5110,5.14,"28-Aug-2026",4,"",""
"32","706GS2046","GS",100,103,100,103,103,103,2,0,"28-Aug-2026",2,"",""
"33","709GS2054","GS",96.49,96.49,95.1,95.38,95.3,96.34,34619,33.09,"28-Aug-2026",49,"",""
"34","709GS2074","GS",96.3,96.3,95.5,95.53,95.5,96.23,12819,12.27,"28-Aug-2026",31,"",""
"35","710GS2029","GS",104,104.5,104,104.23,104.3,103.76,8348,8.7,"28-Aug-2026",8,"",""
"36","718GS2037","GS",103.1,104.48,102.47,103.96,102.93,104.8,44624,45.93,"28-Aug-2026",17,"",""
"37","71GS2034","GS",105.08,105.08,103.5,105.07,105.07,104.48,102,0.11,"28-Aug-2026",3,"",""
"38","723GS2039","GS",105,105,105,105,105,104.4,50,0.05,"28-Aug-2026",1,"",""
"39","724GS2055","GS",98,98.38,97.71,97.8,97.8,98.22,43552,42.68,"28-Aug-2026",58,"",""
"40","725GS2063","GS",98.5,98.5,95,97.58,97.58,97.86,892960,871.9,"28-Aug-2026",1139,"",""
"41","726GS2032","GS",103.75,103.75,103.5,103.5,103.5,103.75,15470,16.05,"28-Aug-2026",5,"",""
"42","732GS2030","GS",103.95,103.95,103.95,103.95,103.95,103.8,100,0.1,"28-Aug-2026",1,"",""
"43","733GS2026","GS",102.48,102.49,102.48,102.49,102.49,102.51,2747,2.82,"28-Aug-2026",2,"",""
"44","734GS2064","GS",99.9,99.9,99.7,99.79,99.84,99.93,59157,59.09,"28-Aug-2026",49,"",""
"45","736GS2052","GS",101.01,102.25,101.01,102.25,102.25,102.5,1083,1.09,"28-Aug-2026",4,"",""
"46","738GS2027","GS",102.6,102.62,102.15,102.51,102.5,102.54,30029,30.76,"28-Aug-2026",26,"",""
"47","73GS2053","GS",99.68,99.72,99.4,99.6,99.72,99.68,25813,25.73,"28-Aug-2026",14,"",""
"48","741GS2036","GS",105.7,105.8,105.7,105.8,105.8,105.5,2030,2.15,"28-Aug-2026",6,"",""
"49","743GS2076","GS",100.94,100.94,99.5,99.74,99.71,100.2,372532,372.31,"28-Aug-2026",478,"",""
"50","746GS2073","GS",107,107,101.5,101.5,101.5,101.94,1701,1.76,"28-Aug-2026",5,"",""
"51","74GS2062","GS",102.2,103.84,101.9,101.9,101.9,104,1019,1.04,"28-Aug-2026",3,"",""
"52","750GS2056","GS",101.5,101.5,101.2,101.2,101.2,101.2,198,0.2,"28-Aug-2026",3,"",""
"53","754GS2036","GS",106.94,107.09,106.8,106.85,106.85,107.06,357450,382.18,"28-Aug-2026",182,"",""
"54","771GS2066","GS",104.76,105.75,104.51,104.6,104.6,104.76,3484,3.65,"28-Aug-2026",16,"",""
"55","795GS2032","GS",104.86,104.86,104.86,104.86,104.86,109,10,0.01,"28-Aug-2026",1,"",""
"56","897GS2030","GS",114,114,114,114,114,112,50,0.06,"28-Aug-2026",1,"",""
"57","92GS2030","GS",113.51,114.93,113.5,114.83,114.83,113.2,13881,15.83,"28-Aug-2026",10,"",""
"58","A2ZINFRA","EQ",16.79,17.12,16.18,16.63,16.52,16.41,482090,79.87,"28-Aug-2026",723,"",""
"59","AAATECH","EQ",91.96,98.4,91.5,95.03,94.24,92.01,31461,30.13,"28-Aug-2026",714,"",""
"60","AADHARHFC","EQ",463.2,472.45,463.2,471.1,470.35,465.8,121779,570.42,"28-Aug-2026",15383,"",""
"61","AAKAAR","SM",65,65,64.6,64.6,64.6,67.95,6400,4.15,"28-Aug-2026",4,"",""
"62","AAKASH","EQ",8.61,8.9,8.59,8.73,8.79,8.75,63832,5.57,"28-Aug-2026",275,"",""
"63","AAREYDRUGS","EQ",87,89.01,86.1,89.01,89.01,84.78,379960,336.51,"28-Aug-2026",913,"",""
"64","AARNAV","BE",33.36,33.67,31.86,33.66,33.67,33.36,4573,1.48,"28-Aug-2026",33,"",""
"65","AARON","EQ",137.2,139.8,134,134.94,137.6,135.71,6654,9.06,"28-Aug-2026",342,"",""
"66","AARTECH","BE",49.5,50.79,48.52,49.16,48.7,49.62,32990,16.34,"28-Aug-2026",120,"",""
"67","AARTIDRUGS","EQ",417.9,422,417,418.55,419.95,417.9,59919,251.1,"28-Aug-2026",3418,"",""
"68","AARTIIND","EQ",540,543,528,540.35,542.5,538.9,644631,3453.89,"28-Aug-2026",19146,"",""
"69","AARTIPHARM","EQ",818,848.9,815.75,840.7,843,813.5,278187,2317.46,"28-Aug-2026",15849,"",""
"70","AARTISURF","BE",537,545,522,541.5,545,539.9,9952,53.11,"28-Aug-2026",351,"",""
"71","AARVI","EQ",144.35,148.15,141,142.25,141.1,145.07,25356,36.46,"28-Aug-2026",694,"",""
"72","AASTHA","EQ",85,85,79.53,79.61,79.75,88.36,2379114,1941.86,"28-Aug-2026",9067,"",""
"73","AAVAS","EQ",1273.4,1333.8,1264.1,1275.5,1289.4,1269.4,348832,4523.34,"28-Aug-2026",48510,"",""
"74","ABAN","BE",15.13,15.13,15.13,15.13,15.13,15.43,7423,1.12,"28-Aug-2026",48,"",""
"75","ABANSENT","EQ",28.8,28.8,27,27.99,27.99,27.51,2791,0.77,"28-Aug-2026",87,"",""
"76","ABB","EQ",7501,7529,7440,7509,7509,7490,98513,7372.91,"28-Aug-2026",17075,"",""
"77","ABBOTINDIA","EQ",26420,26745,26120,26175,26200,26350,6550,1724.65,"28-Aug-2026",4655,"",""
"78","ABCAPITAL","EQ",409.85,410.35,404.8,405.55,405.55,410,1217070,4955.35,"28-Aug-2026",25871,"",""
"79","ABCOTS","EQ",203.48,209,200.2,203.7,203.8,204.5,6512,13.28,"28-Aug-2026",201,"",""
"80","ABDL","EQ",607.5,613.4,605.65,610,610.4,607.5,109318,666.77,"28-Aug-2026",5499,"",""
"81","ABFRL","EQ",54,54,52.21,52.49,52.59,53.64,4611357,2445.08,"28-Aug-2026",18625,"",""
"82","ABGSEC","EQ",115.29,115.29,113.92,115.28,115.28,114.15,14,0.02,"28-Aug-2026",8,"",""
"83","ABHAPOWER","SM",24,24.5,24,24.5,24.5,24,4800,1.16,"28-Aug-2026",3,"",""
"84","ABINFRA","BE",11.08,11.92,11,11.82,11.9,11.36,603652,68.52,"28-Aug-2026",612,"",""
"85","ABLBL","EQ",85.15,85.64,84.4,84.6,84.5,85.22,252167,214.17,"28-Aug-2026",4409,"",""
"86","ABMINTLLTD","BE",56.3,56.3,56.3,56.3,56.3,57.44,271,0.15,"28-Aug-2026",10,"",""
"87","ABMKNO","EQ",188,194,185,193.39,193.35,187.21,164,0.31,"28-Aug-2026",15,"",""
"88","ABREL","EQ",1382,1406.2,1380,1387,1387.4,1393.4,81323,1130.51,"28-Aug-2026",7073,"",""
"89","ABSL10BANK","EQ",173.47,173.47,168.75,168.96,168.75,170.07,5367,9.11,"28-Aug-2026",63,"",""
"90","ABSLAMC","EQ",1050,1053.5,1038.1,1047.9,1050.3,1046.5,74281,778.34,"28-Aug-2026",8950,"",""
"91","ABSLBANETF","EQ",59.06,59.2,58.8,59.07,59.08,59.06,21048,12.4,"28-Aug-2026",250,"",""
"92","ABSLLIQUID","EQ",1000,1000.01,1000,1000,1000,1000,1246,12.46,"28-Aug-2026",37,"",""
"93","ABSLMSCIN","EQ",29.87,29.87,29.62,29.75,29.75,29.73,1100,0.33,"28-Aug-2026",8,"",""
"94","ABSLNN50ET","EQ",78.38,78.45,77.7,77.89,78.4,77.53,9554,7.45,"28-Aug-2026",214,"",""
"95","ABSLPSE","EQ",10.19,10.19,10.07,10.12,10.19,10.11,266913,26.96,"28-Aug-2026",650,"",""
"96","ABSMARINE","ST",293,293,278.8,283,283.5,293.45,84500,237.19,"28-Aug-2026",112,"",""
"97","ACC","EQ",1314,1314,1303,1306.4,1309,1310.6,65574,857.59,"28-Aug-2026",8824,"",""
"98","ACCELYA","EQ",1135,1144,1119.8,1134.1,1131.7,1134.9,7211,81.74,"28-Aug-2026",784,"",""
"99","ACCENTMIC","SM",595,606.85,594.6,605.85,606.85,592.1,30500,184.13,"28-Aug-2026",56,"",""
"100","ACCURACY","BE",4.56,4.62,4.46,4.6,4.61,4.57,54136,2.48,"28-Aug-2026",154,"",""
"101","ACE","EQ",1141.2,1154.1,1132,1140.6,1144,1136,146229,1672.52,"28-Aug-2026",12198,"",""
"102","ACEINTEG","EQ",17.96,17.96,17.4,17.44,17.4,17.38,404,0.07,"28-Aug-2026",11,"",""
"103","ACETEC","SM",125,138,125,138,138,129,46800,61.28,"28-Aug-2026",9,"",""
"104","ACGL","EQ",1823.5,1825,1773.4,1792.6,1787,1805.3,342,6.13,"28-Aug-2026",85,"",""
"105","ACI","EQ",480,489.85,479.8,484.3,484.3,483.95,390477,1895.89,"28-Aug-2026",14775,"",""
"106","ACL","EQ",44.95,44.95,43.72,44.14,44,44.06,26615,11.73,"28-Aug-2026",196,"",""
"107","ACMESOLAR","EQ",392,398,388.05,393.7,392.05,386.3,1185544,4668.82,"28-Aug-2026",37800,"",""
"108","ACSTECH","BE",50.2,52,48.51,51.58,51.75,49.95,231778,117.16,"28-Aug-2026",318,"",""
"109","ACUTAAS","EQ",3359.8,3384,3235,3281.6,3262.5,3329.2,240776,7905.09,"28-Aug-2026",39978,"",""
"110","ADANIENSOL","EQ",1610,1611.9,1566.9,1581.4,1581.4,1617,1647674,26040.56,"28-Aug-2026",59276,"",""
"111","ADANIENT","EQ",3170,3173.7,3133.3,3168.5,3168.5,3169,530795,16731.47,"28-Aug-2026",39519,"",""
"112","ADANIGREEN","EQ",1319.8,1321,1303.2,1311,1311,1328.5,776595,10167.88,"28-Aug-2026",20162,"",""
"113","ADANIPORTS","EQ",1712,1723.9,1699.2,1707.5,1707.5,1714,3268356,55918.68,"28-Aug-2026",89746,"",""
"114","ADANIPOWER","EQ",215.92,216.5,210.91,212.63,212.63,215,14256352,30293.85,"28-Aug-2026",75985,"",""
"115","ADDICTIVE","SM",46,47.8,46,47.65,47.8,45.55,8500,4.02,"28-Aug-2026",15,"",""
"116","ADDIND","EQ",84.53,84.53,79.92,84,84,86.7,88,0.07,"28-Aug-2026",17,"",""
"117","ADFFOODS","EQ",273.8,276.05,270.6,274.45,271.35,273.8,85375,233.51,"28-Aug-2026",3519,"",""
"118","ADISOFT","SM",206.95,206.95,196,198,197.1,204.85,18400,37.02,"28-Aug-2026",22,"",""
"119","ADL","EQ",70.96,75,70.96,75,75,70.91,1056,0.78,"28-Aug-2026",19,"",""
"120","ADOR","EQ",1546.9,1652,1546.6,1635.6,1638,1541.9,130736,2110.05,"28-Aug-2026",12883,"",""
"121","ADROITINFO","EQ",10.64,10.77,10.12,10.44,10.25,10.4,14489,1.52,"28-Aug-2026",148,"",""
"122","ADSL","EQ",107,108.79,105.7,106.21,106.7,107.53,87735,93.9,"28-Aug-2026",1818,"",""
"123","ADVAIT","EQ",2122,2230.1,2119,2200.5,2208.6,2114.7,98198,2156.05,"28-Aug-2026",10126,"",""
"124","ADVANCE","EQ",120.92,123.9,115.93,116.95,117.85,120.32,282536,333.68,"28-Aug-2026",2566,"",""
"125","ADVANIHOTR","EQ",50.7,53.14,49.5,50.01,50,49.92,55736,28.25,"28-Aug-2026",537,"",""
"126","ADVENTHTL","EQ",140.9,144.79,139.11,142.8,142.31,140.52,333397,475.85,"28-Aug-2026",5125,"",""
"127","ADVENZYMES","EQ",297.95,301.95,296.25,299.8,300,297.6,192573,574.81,"28-Aug-2026",2941,"",""
"128","ADVIKCA","EQ",1.21,1.23,1.18,1.19,1.19,1.19,284503,3.41,"28-Aug-2026",227,"",""
"129","AEGISLOG","EQ",1304,1304.7,1283.6,1289.4,1290,1298,263570,3410.7,"28-Aug-2026",13415,"",""
"130","AEGISVOPAK","EQ",267,272.45,262,269.9,269.15,263.5,588121,1581.61,"28-Aug-2026",11497,"",""
"131","AEPL","EQ",15.65,15.65,14.67,15.38,15.35,15.39,15835,2.39,"28-Aug-2026",157,"",""
"132","AEQUS","EQ",246.66,248,243.29,245.99,246,246.66,1329838,3273.34,"28-Aug-2026",19541,"",""
"133","AEROENTER","EQ",144.82,147.43,143.05,146.29,146.1,142.66,930558,1357.05,"28-Aug-2026",9749,"",""
"134","AEROFLEX","EQ",521.85,547,519.8,542.1,541.75,522.1,2093610,11233.37,"28-Aug-2026",43794,"",""
"135","AERON","SM",71.15,72.9,71.1,71.3,71.1,71.15,14000,10.05,"28-Aug-2026",11,"",""
"136","AERONEU","EQ",83.99,83.99,80.25,80.68,81.01,81.88,3586,2.93,"28-Aug-2026",259,"",""
"137","AEROPLANE","EQ",170.7,176.41,170.7,174.82,174,171.41,179790,312.46,"28-Aug-2026",3183,"",""
"138","AESTHETIK","SM",72,72.5,71.5,71.85,71.85,72,13000,9.35,"28-Aug-2026",12,"",""
"139","AETHER","EQ",1685.5,1717,1664,1696.8,1700,1677.3,443550,7492.87,"28-Aug-2026",39734,"",""
"140","AFCONS","EQ",284,292,284,286.65,286,285.05,728796,2101.86,"28-Aug-2026",14358,"",""
"141","AFFLE","EQ",1650.3,1659,1615.9,1620.2,1619,1650.3,133536,2181.56,"28-Aug-2026",15928,"",""
"142","AFFORDABLE","BE",166,168.95,162.15,165.31,165.4,167.47,5551,9.19,"28-Aug-2026",168,"",""
"143","AFIL","EQ",9.52,9.61,9.35,9.4,9.43,9.42,383110,36.25,"28-Aug-2026",380,"",""
"144","AFSL","EQ",201.01,215,201.01,211.92,212.16,202.04,19645,41.04,"28-Aug-2026",432,"",""
"145","AGARIND","EQ",466.25,470,463.85,465.3,464.6,465.5,15795,73.66,"28-Aug-2026",1074,"",""
"146","AGARWALEYE","EQ",493.15,512.7,489.5,507.8,504.85,496.65,663188,3332.94,"28-Aug-2026",20205,"",""
"147","AGARWALFT","SM",30.05,30.05,30.05,30.05,30.05,31.6,4500,1.35,"28-Aug-2026",3,"",""
"148","AGARWALTUF","SM",141,141,139,139.1,139.05,140.8,9600,13.43,"28-Aug-2026",8,"",""
"149","AGI","EQ",737.7,777.15,725.7,774.8,775,737.7,385938,2949.48,"28-Aug-2026",16492,"",""
"150","AGIIL","EQ",297,297,287.25,289.1,290,288.8,447958,1301.33,"28-Aug-2026",6735,"",""
"151","AGL","EQ",14.33,14.6,13.95,14.03,14.11,14.34,1366639,193.29,"28-Aug-2026",3057,"",""
"152","AGRITECH","EQ",101.11,103.63,100.06,102.9,102.9,101.11,1874,1.92,"28-Aug-2026",76,"",""
"153","AGROPHOS","EQ",27,27.49,26.01,26.34,26.35,27.04,15966,4.21,"28-Aug-2026",164,"",""
"154","AGSTRA","BZ",1.95,2.05,1.95,2.01,2.03,2,108607,2.2,"28-Aug-2026",255,"",""
"155","AGUL","SM",46.05,46.05,46.05,46.05,46.05,48.45,2000,0.92,"28-Aug-2026",1,"",""
"156","AHCL","EQ",15.6,16.87,15.26,15.91,15.89,15.6,15441669,2512.61,"28-Aug-2026",55557,"",""
"157","AHLADA","EQ",37.57,39.07,37.5,38.06,38.85,38.47,4759,1.81,"28-Aug-2026",86,"",""
"158","AHLEAST","EQ",137.05,141.4,135,139.32,141.4,136.73,3751,5.2,"28-Aug-2026",63,"",""
"159","AHLUCONT","EQ",638,647.75,630.05,641.1,640,636.6,80833,517.93,"28-Aug-2026",5603,"",""
"160","AHLWEST","BE",524,533.4,509,524,533.4,508,1174,6.19,"28-Aug-2026",22,"",""
"161","AIAENG","EQ",4232.3,4260.7,4192.2,4234.2,4249.9,4232.3,33928,1432.97,"28-Aug-2026",11401,"",""
"162","AIIL","EQ",550.25,558.95,544,545.9,544.2,553.9,114584,632.32,"28-Aug-2026",9285,"",""
"163","AILIMITED","SM",18.9,18.9,18.9,18.9,18.9,18,3000,0.57,"28-Aug-2026",1,"",""
"164","AIMTRON","SM",1640,1655.95,1612.5,1644.45,1655.95,1647.15,26200,429.64,"28-Aug-2026",97,"",""
"165","AIRAN","EQ",14.98,15.47,14.84,15.09,15.05,14.81,58965,8.91,"28-Aug-2026",405,"",""
"166","AIROLAM","EQ",88.2,89,86.51,88.88,88.9,87.5,1901,1.69,"28-Aug-2026",43,"",""
"167","AJANTPHARM","EQ",3584.9,3596,3541.6,3557,3566,3543.6,39913,1419.13,"28-Aug-2026",12218,"",""
"168","AJAXENGG","EQ",577,579,566.25,571.1,570,579.1,35790,204.28,"28-Aug-2026",4911,"",""
"169","AJMERA","EQ",117.36,118.88,114.56,117.41,116.82,116.98,497791,580.06,"28-Aug-2026",4308,"",""
"170","AJOONI","EQ",3.8,3.84,3.75,3.82,3.83,3.79,108907,4.13,"28-Aug-2026",245,"",""
"171","AKANKSHA","SM",125,125.1,125,125.1,125.1,124.5,3000,3.75,"28-Aug-2026",2,"",""
"172","AKASH","EQ",24.31,24.97,24.31,24.36,24.36,24.31,4053,0.99,"28-Aug-2026",34,"",""
"173","AKCAPIT","EQ",1687.7,1774.7,1644.2,1708.1,1719.9,1686.2,3268,55.68,"28-Aug-2026",453,"",""
"174","AKG","EQ",9.24,9.5,9.1,9.16,9.16,9.24,2096,0.19,"28-Aug-2026",61,"",""
"175","AKI","EQ",4.12,4.24,4.08,4.13,4.15,4.2,85878,3.56,"28-Aug-2026",295,"",""
"176","AKIKO","SM",400.05,412,400.05,410,410,409.8,8000,32.57,"28-Aug-2026",10,"",""
"177","AKSHAR","EQ",0.42,0.43,0.41,0.42,0.43,0.42,834403,3.53,"28-Aug-2026",256,"",""
"178","AKSHARCHEM","BE",350,365.65,347.37,348.91,357.2,365.65,15186,53.51,"28-Aug-2026",256,"",""
"179","AKSHOPTFBR","BE",7,7.35,6.71,7.19,7.25,7.04,299799,21.1,"28-Aug-2026",550,"",""
"180","AKUMS","EQ",764,774.45,758.6,772.6,773.75,761.2,408016,3135.7,"28-Aug-2026",18171,"",""
"181","ALANKIT","EQ",7.88,8.22,7.88,8.13,8.18,7.91,107670,8.76,"28-Aug-2026",614,"",""
"182","ALBERTDAVD","EQ",894.5,912,880.05,898.6,898.9,890.25,20164,181.35,"28-Aug-2026",1842,"",""
"183","ALCODIS","SM",69,69,69,69,69,69,625,0.43,"28-Aug-2026",1,"",""
"184","ALEMBICLTD","EQ",102.77,103.23,99.47,100.04,99.99,102.77,645251,651.89,"28-Aug-2026",7664,"",""
"185","ALFREDHE","EQ",2900,2900,2828.9,2855,2855,2910.8,8,0.23,"28-Aug-2026",6,"",""
"186","ALGOQUANT","EQ",65,66.38,64.08,64.56,65.45,64.88,1028546,662.36,"28-Aug-2026",1974,"",""
"187","ALICON","EQ",678.35,695.9,678.15,685.05,688.25,683.65,14703,100.86,"28-Aug-2026",1018,"",""
"188","ALIVUS","EQ",1358.2,1375.9,1338.2,1350.2,1359,1358.2,51812,699.85,"28-Aug-2026",6400,"",""
"189","ALKALI","BE",65.6,67.76,65,66.26,65.13,65.6,345,0.23,"28-Aug-2026",27,"",""
"190","ALKEM","EQ",5352.5,5406.5,5316,5355,5355,5320,231100,12393.08,"28-Aug-2026",16890,"",""
"191","ALKYLAMINE","EQ",2054.2,2086.2,2041.1,2047.9,2050,2045,43006,886.89,"28-Aug-2026",6393,"",""
"192","ALLCARGO","EQ",12.6,12.83,12.02,12.19,12.17,12.57,21895655,2709.85,"28-Aug-2026",25841,"",""
"193","ALLDIGI","EQ",795,818,795,813.65,815,797.2,3998,32.29,"28-Aug-2026",372,"",""
"194","ALLETEC","ST",116.95,122.75,116.95,122.75,122.75,116.95,14000,17.03,"28-Aug-2026",34,"",""
"195","ALLTIME","EQ",205.2,209.17,202.31,203.79,202.7,206.36,111080,228.42,"28-Aug-2026",1970,"",""
"196","ALMONDZ","EQ",16.5,17.49,16,16.96,16.99,16.15,774739,130.47,"28-Aug-2026",1850,"",""
"197","ALOKINDS","EQ",10.49,10.49,9.16,9.24,9.23,10.43,85131255,8107.84,"28-Aug-2026",56499,"",""
"198","ALPA","EQ",61.1,65.3,61,63.77,64.3,61.18,21708,13.88,"28-Aug-2026",338,"",""
"199","ALPEXSOLAR","SM",866,869.9,845,849.05,850,861.2,22800,195.69,"28-Aug-2026",177,"",""
"200","ALPHA","EQ",55.35,55.52,55,55.39,55.5,55.08,785101,433.67,"28-Aug-2026",2132,"",""
"201","ALPHAETF","EQ",27.36,27.41,27.22,27.31,27.35,27.4,260843,71.27,"28-Aug-2026",857,"",""
"202","ALPHAGEO","BE",314.13,315,304.5,306.47,305,311.02,4818,14.8,"28-Aug-2026",163,"",""
"203","ALPINETEX","EQ",55.91,56.79,54.5,55.16,55.03,55.67,201803,112.1,"28-Aug-2026",2329,"",""
"204","ALPL30IETF","EQ",28.05,28.21,27.92,27.96,27.94,28.04,337375,94.39,"28-Aug-2026",928,"",""
"205","ALUFLUOR","EQ",469.9,484,459.5,477.9,481,458.5,17315,82.35,"28-Aug-2026",692,"",""
"206","ALUWIND","SM",47,47.55,47,47.55,47.55,48.35,6000,2.84,"28-Aug-2026",4,"",""
"207","AMAGI","EQ",573,578.45,566.45,570.8,571.35,578.45,184757,1056.7,"28-Aug-2026",8251,"",""
"208","AMAL","EQ",750,779.9,737,760.75,757,741.3,10626,80.81,"28-Aug-2026",741,"",""
"209","AMANTA","BE",183.47,185.1,183.47,185.1,185.1,187.21,96563,177.3,"28-Aug-2026",230,"",""
"210","AMARJOTHI","EQ",160,163.97,156,162.4,162.4,160,377,0.59,"28-Aug-2026",18,"",""
"211","AMBAAUTO","SM",112.9,113,112.9,112.95,113,115.2,3000,3.39,"28-Aug-2026",3,"",""
"212","AMBALALSA","BE",43.99,44.05,43,44.01,44.01,43.13,40548,17.69,"28-Aug-2026",120,"",""
"213","AMBER","EQ",7750.5,7794,7655,7675,7675,7701,271368,20940.66,"28-Aug-2026",27872,"",""
"214","AMBICAAGAR","EQ",24.97,25.89,24.6,25.24,25.24,24.97,697,0.17,"28-Aug-2026",16,"",""
"215","AMBIKCO","EQ",1633.3,1659.9,1631.5,1638.3,1636,1636.7,9146,150.38,"28-Aug-2026",1119,"",""
"216","AMBUJACEM","EQ",411.55,413.5,410,412.05,412.05,411.05,2152464,8871.97,"28-Aug-2026",16160,"",""
"217","AMCL","SM",370,370,358.6,358.6,358.6,368,1200,4.39,"28-Aug-2026",3,"",""
"218","AMDIND","EQ",53.25,54.5,51.73,52.38,52.4,53.33,5977,3.15,"28-Aug-2026",102,"",""
"219","AMEYA","SM",109.5,112,109.5,112,112,109.45,9000,9.88,"28-Aug-2026",3,"",""
"220","AMJLAND","EQ",39.22,39.22,38.61,38.62,38.62,39.22,1890,0.73,"28-Aug-2026",46,"",""
"221","AMNPLST","EQ",183.63,189,180.6,184.16,185,186.81,3545,6.54,"28-Aug-2026",181,"",""
"222","AMRUTANJAN","EQ",517.2,522.2,511.2,514.25,513.6,517.05,67238,346.81,"28-Aug-2026",4593,"",""
"223","ANANDRATHI","EQ",2195,2242,2182,2213.4,2219.7,2182.9,418905,9258.37,"28-Aug-2026",27226,"",""
"224","ANANTAM","IV",104.99,105.79,104.81,105.46,105.78,104.99,9820,10.32,"28-Aug-2026",154,"",""
"225","ANANTRAJ","EQ",605.25,611.9,603.2,606.15,604.65,605.25,616038,3738.03,"28-Aug-2026",18116,"",""
"226","ANAWIL","SM",422.5,431.95,405.3,409.3,408,421.2,191200,791.58,"28-Aug-2026",463,"",""
"227","ANDHRAPAP","EQ",60.41,61.65,60.17,61.07,61.37,60.11,136218,82.73,"28-Aug-2026",2234,"",""
"228","ANDHRSUGAR","EQ",96.36,100.37,95.84,98.02,97.84,95.45,610078,598.43,"28-Aug-2026",5526,"",""
"229","ANDREWYU","EQ",27.99,28.79,27.75,28.45,28.25,27.99,101147,28.59,"28-Aug-2026",393,"",""
"230","ANGELONE","EQ",295.9,297.7,291.65,294,294,295.9,2866743,8438.97,"28-Aug-2026",26505,"",""
"231","ANIKINDS","EQ",46.5,48.99,44.1,46.06,47.77,46.5,8384,3.87,"28-Aug-2026",72,"",""
"232","ANKITMETAL","BZ",1.8,1.8,1.77,1.77,1.77,1.8,15283,0.27,"28-Aug-2026",35,"",""
"233","ANLON","SM",638,640,638,639.9,639.9,640.1,2400,15.34,"28-Aug-2026",6,"",""
"234","ANMOL","EQ",10.07,10.18,10,10.05,10,9.99,38369,3.85,"28-Aug-2026",150,"",""
"235","ANNAPURNA","EQ",150.9,153.2,143.5,144.65,143.7,146.4,51186,75.49,"28-Aug-2026",612,"",""
"236","ANONDITA","SM",1026,1085.85,1007,1060.9,1055,1023.8,55400,582.41,"28-Aug-2026",244,"",""
"237","ANSALAPI","BZ",3.28,3.3,3.23,3.28,3.28,3.29,12696,0.42,"28-Aug-2026",25,"",""
"238","ANSALBU","EQ",77.45,86.49,77.45,82.42,81.33,85.69,10639,8.87,"28-Aug-2026",172,"",""
"239","ANTELOPUS","EQ",781.2,794.15,777.85,787.3,782.1,781.2,43078,338.13,"28-Aug-2026",2545,"",""
"240","ANTGRAPHIC","EQ",0.74,0.86,0.72,0.75,0.77,0.72,1307534,10.17,"28-Aug-2026",325,"",""
"241","ANTHEM","EQ",928.9,932,896,900.1,900.05,924.6,375323,3418.58,"28-Aug-2026",23007,"",""
"242","ANUHPHR","EQ",83.57,85.99,82.25,83.57,83.75,83.58,141578,119.28,"28-Aug-2026",2520,"",""
"243","ANUP","EQ",1801,1817,1770.3,1800.5,1800,1801.3,21172,380.02,"28-Aug-2026",3164,"",""
"244","ANURAS","EQ",1265.4,1269,1253,1260.4,1253,1259.8,132636,1669.23,"28-Aug-2026",4731,"",""
"245","ANYA","SM",15.2,15.2,15,15,15,15.2,10000,1.51,"28-Aug-2026",2,"",""
"246","AONEGOLD","EQ",14.63,14.82,14.51,14.73,14.79,14.65,288491,42.39,"28-Aug-2026",1142,"",""
"247","AONELIQUID","EQ",1074.77,1074.77,1074.75,1074.76,1074.75,1074.32,10046,107.97,"28-Aug-2026",65,"",""
"248","AONENIFTY","EQ",10.03,10.03,9.95,9.96,9.96,9.96,189083,18.86,"28-Aug-2026",1092,"",""
"249","AONESILVER","EQ",9.15,9.25,9.02,9.2,9.2,9.04,321987,29.5,"28-Aug-2026",1117,"",""
"250","AONETMMQ50","EQ",10.16,10.55,10.16,10.44,10.42,10.43,119934,12.49,"28-Aug-2026",244,"",""
"251","AONETOTAL","EQ",12.08,12.08,11.96,11.98,11.98,12.02,193160,23.18,"28-Aug-2026",1143,"",""
"252","APARINDS","EQ",17858,17900,17485,17803,17735,17900,120837,21382.76,"28-Aug-2026",33923,"",""
"253","APCL","EQ",103,103,99.8,100.27,100,101.16,10017,10.06,"28-Aug-2026",154,"",""
"254","APCOTEXIND","EQ",610,629,610,625.25,627,611.65,118722,737.94,"28-Aug-2026",5242,"",""
"255","APEX","EQ",385.35,387.95,379.95,381.25,381.1,383.45,67352,257.43,"28-Aug-2026",2616,"",""
"256","APEXECO","ST",242,254.1,242,253.9,253.9,242,4800,11.94,"28-Aug-2026",6,"",""
"257","APLAPOLLO","EQ",2187,2278.4,2182.5,2265.6,2265.6,2188,1037530,23209.55,"28-Aug-2026",38752,"",""
"258","APLLTD","EQ",824,828.45,811.1,813.45,812.7,824,89882,731.58,"28-Aug-2026",5352,"",""
"259","APOLLO","EQ",387.7,388.5,383.85,387.45,388.4,386.35,3217421,12422.95,"28-Aug-2026",22693,"",""
"260","APOLLOHOSP","EQ",8848,8905,8818.5,8838.5,8838.5,8800,311286,27630.44,"28-Aug-2026",26318,"",""
"261","APOLLOPIPE","EQ",638.55,643,620.6,631,625,638.55,204371,1285.16,"28-Aug-2026",7446,"",""
"262","APOLLOTYRE","EQ",448.1,451,442.1,443.5,443.5,443.25,836372,3743.62,"28-Aug-2026",23412,"",""
"263","APOLSINHOT","EQ",1206,1249.9,1206,1215.4,1215,1235.3,553,6.8,"28-Aug-2026",95,"",""
"264","APRAMEYA","SM",126,126,124.2,124.25,124.25,126,8000,9.97,"28-Aug-2026",10,"",""
"265","APS","SM",257,264,254.05,259.1,256,256.95,15000,38.87,"28-Aug-2026",51,"",""
"266","APSISAERO","ST",549,553.8,541,553.8,553.8,545.4,20400,111.89,"28-Aug-2026",15,"",""
"267","APTECHT","BE",90.3,92.48,90.3,91.52,92,90.28,59251,54.31,"28-Aug-2026",355,"",""
"268","APTUS","EQ",254.8,257.2,253.55,256.15,256.15,256.45,324345,828.96,"28-Aug-2026",16616,"",""
"269","AQYLON","EQ",23.2,23.34,22.11,22.11,22.11,23.27,1075974,242.24,"28-Aug-2026",1548,"",""
"270","ARABIAN","SM",86.9,89.75,86.9,87.6,87.6,82,12000,10.58,"28-Aug-2026",6,"",""
"271","ARCHIDPLY","EQ",103.06,108.4,99.01,105.23,105.44,103.04,49263,51.45,"28-Aug-2026",1148,"",""
"272","ARCHIES","EQ",13.5,13.7,13.38,13.4,13.45,13.4,10149,1.37,"28-Aug-2026",68,"",""
"273","ARCIIL","SM",35.1,36.5,34.6,36.15,36.5,36.85,31000,11.15,"28-Aug-2026",19,"",""
"274","ARCL","EQ",231.99,235,221.05,226.22,235,232,114,0.27,"28-Aug-2026",8,"",""
"275","ARDEE","EQ",59.96,61.96,58.78,61.16,61.5,59.28,6521624,3952.41,"28-Aug-2026",25408,"",""
"276","ARE&M","EQ",912.4,936.5,912.4,921.35,923.5,911.9,567121,5255.34,"28-Aug-2026",28996,"",""
"277","ARENTERP","EQ",37,37.29,36.01,37.29,37.29,37.29,634,0.24,"28-Aug-2026",41,"",""
"278","ARFIN","EQ",86.11,86.3,84.65,85.77,85.99,85.4,964118,821.83,"28-Aug-2026",2417,"",""
"279","ARHAM","SM",215,217,208.95,215.4,215,211.75,53000,113.63,"28-Aug-2026",48,"",""
"280","ARIES","EQ",492.8,497.6,465.3,484.3,482.2,490.65,54489,264.52,"28-Aug-2026",2404,"",""
"281","ARIHANT","EQ",994.8,994.8,950,958.9,965,974.8,1298,12.51,"28-Aug-2026",188,"",""
"282","ARIHANTCAP","EQ",78.6,80.49,76.93,79.39,80.3,78.62,192228,150.76,"28-Aug-2026",1401,"",""
"283","ARIHANTSUP","EQ",262.1,262.1,252.1,255.35,256.8,261.5,8417,21.6,"28-Aug-2026",268,"",""
"284","ARIS","EQ",143.25,153.25,143.25,151.31,151.2,143.89,5643850,8483.93,"28-Aug-2026",30342,"",""
"285","ARKADE","EQ",127.2,128,126.5,127.38,128,127.25,140894,179.43,"28-Aug-2026",1212,"",""
"286","ARMANFIN","EQ",1966,2045,1959.4,2034.2,2035,1967.1,50932,1021.71,"28-Aug-2026",4724,"",""
"287","ARMOUR","ST",18.9,18.9,18.9,18.9,18.9,18.1,2000,0.38,"28-Aug-2026",1,"",""
"288","AROGRANITE","EQ",26.5,26.5,25,25.1,25.05,25.59,6645,1.68,"28-Aug-2026",56,"",""
"289","ARROWGREEN","BE",696.85,708.9,689.1,692,689.9,689.1,11838,82.6,"28-Aug-2026",352,"",""
"290","ARSHIYA","BZ",0.83,0.83,0.8,0.81,0.81,0.84,126333,1.01,"28-Aug-2026",132,"",""
"291","ARSSBL","EQ",517.05,521,508,509.7,509.95,517.05,128495,658.82,"28-Aug-2026",3294,"",""
"292","ARTEMISMED","EQ",316.95,321,316.95,319.25,320.8,316.95,123988,395.63,"28-Aug-2026",5900,"",""
"293","ARTNIRMAN","EQ",42,42,39.62,39.84,39.85,39.7,1005,0.41,"28-Aug-2026",18,"",""
"294","ARUNAYA","SM",14.35,14.35,14.3,14.3,14.3,14.3,6000,0.86,"28-Aug-2026",3,"",""
"295","ARVEE","EQ",162.15,174.5,162.15,169,169,170.59,823,1.4,"28-Aug-2026",48,"",""
"296","ARVIND","EQ",545,545.25,532.2,543.35,539.1,540.95,760011,4098.33,"28-Aug-2026",18102,"",""
"297","ARVINDFASN","EQ",450.65,454.5,442.35,450.65,450.15,449.4,173596,778.33,"28-Aug-2026",16021,"",""
"298","ARVINDPORT","SM",32,33.95,31,33.95,33.95,32.45,45000,14.86,"28-Aug-2026",17,"",""
"299","ARVSMART","EQ",652.65,668,646,661.4,661.4,652.65,88204,577.77,"28-Aug-2026",4112,"",""
"300","ARYAMAN","EQ",620,674.95,614,644.3,674.95,625,709,4.52,"28-Aug-2026",26,"",""
"301","ASAHIINDIA","EQ",954.2,968.1,944,952.7,949.95,951.25,172883,1660.05,"28-Aug-2026",15793,"",""
"302","ASAHISONG","BE",355.4,375,352,366.7,372,365.9,9722,34.8,"28-Aug-2026",159,"",""
"303","ASAL","EQ",486,493.3,486,488.2,487.5,488.45,10947,53.63,"28-Aug-2026",502,"",""
"304","ASALCBR","EQ",719.6,721.4,710,714.5,715.7,716.4,12716,90.81,"28-Aug-2026",1629,"",""
"305","ASHAPURMIN","EQ",579.95,587.2,576.4,582.1,582.3,578.05,220503,1284.49,"28-Aug-2026",11642,"",""
"306","ASHIANA","EQ",366.3,369.85,362.05,368.8,369.8,365.55,23913,87.55,"28-Aug-2026",1099,"",""
"307","ASHIKAG","BE",441.35,441.35,432.4,436.55,435,439.2,21456,93.37,"28-Aug-2026",105,"",""
"308","ASHIMASYN","EQ",18.87,19.6,18.5,18.83,18.92,18.87,46088,8.67,"28-Aug-2026",291,"",""
"309","ASHOKA","EQ",113.01,113.4,112.32,112.65,112.92,113.05,294687,332.7,"28-Aug-2026",2950,"",""
"310","ASHOKAMET","EQ",13.88,13.89,13.16,13.65,13.65,13.51,17883,2.46,"28-Aug-2026",134,"",""
"311","ASHOKLEY","EQ",178,178.18,174.81,175.77,175.77,177.4,11814260,20775.28,"28-Aug-2026",39809,"",""
"312","ASHWINI","SM",184.6,184.6,182,182,182,184.9,3000,5.49,"28-Aug-2026",3,"",""
"313","ASIANENE","EQ",496.45,520,477,480.8,479,492.7,701493,3498.81,"28-Aug-2026",20552,"",""
"314","ASIANHOTNR","EQ",307.75,317.8,301.55,315.95,317.8,312.05,98958,310.47,"28-Aug-2026",499,"",""
"315","ASIANPAINT","EQ",2645,2645,2583.8,2608.7,2608.7,2631,482544,12576.84,"28-Aug-2026",36207,"",""
"316","ASIANTILES","EQ",47.78,48.29,47,47.88,48,47.02,2511054,1196.06,"28-Aug-2026",6314,"",""
"317","ASIANTNE","EQ",9.9,10.99,9.72,10.89,10.98,9.65,58850,6.23,"28-Aug-2026",252,"",""
"318","ASKAUTOLTD","EQ",607.95,635.95,604.25,633.1,635,606.05,416555,2606.1,"28-Aug-2026",20075,"",""
"319","ASMS","BE",7,7.18,6.75,7.01,7.05,7.07,138147,9.63,"28-Aug-2026",338,"",""
"320","ASPINWALL","EQ",260.21,268,260.1,262.52,260.3,261.26,1933,5.13,"28-Aug-2026",52,"",""
"321","ASPIRE","SM",12.5,13.5,12.5,13.5,13.5,13.15,4000,0.52,"28-Aug-2026",2,"",""
"322","ASSAMENT","EQ",705,778.05,705,778.05,778.05,741,172,1.25,"28-Aug-2026",9,"",""
"323","ASTAR","EQ",590,599.95,588,599.9,599.85,590,75,0.45,"28-Aug-2026",13,"",""
"324","ASTEC","EQ",589,593.95,572,581.45,580,585.9,25129,146.49,"28-Aug-2026",1545,"",""
"325","ASTERDM","EQ",759.85,765,744.05,748.4,747.7,754.8,1768713,13237.8,"28-Aug-2026",62879,"",""
"326","ASTRAL","EQ",1535.6,1556.4,1529.5,1532.3,1532.3,1529.2,700559,10787.14,"28-Aug-2026",59978,"",""
"327","ASTRAMICRO","EQ",1689.8,1722.4,1670,1706.6,1702,1687.5,242127,4096.43,"28-Aug-2026",17156,"",""
"328","ASTRAZEN","EQ",7140.5,7170,7081,7106.5,7137,7136,2651,189.07,"28-Aug-2026",1060,"",""
"329","ASTRON","BZ",3.08,3.16,3,3.13,3.14,3.08,16663,0.52,"28-Aug-2026",53,"",""
"330","ATALREAL","EQ",35.35,36,34.71,35.51,35.5,35.13,13592636,4804.56,"28-Aug-2026",7126,"",""
"331","ATAM","EQ",56.51,58.5,55.25,55.85,55.55,56.51,17108,9.73,"28-Aug-2026",239,"",""
"332","ATCENERGY","ST",22.4,22.4,22.4,22.4,22.4,22.4,1200,0.27,"28-Aug-2026",1,"",""
"333","ATGL","EQ",644,645.15,635,636.5,639.5,645.35,302887,1936.3,"28-Aug-2026",11650,"",""
"334","ATHERENERG","EQ",1523.7,1630,1523.7,1616.3,1616.3,1495.3,14538878,231419,"28-Aug-2026",350831,"",""
"335","ATL","EQ",26.6,28,26.35,27.04,26.91,26.25,534798,146.16,"28-Aug-2026",3505,"",""
"336","ATLANTAA","EQ",37.1,37.78,36.95,37.03,37.15,37.64,37210,13.83,"28-Aug-2026",329,"",""
"337","ATLANTAELE","EQ",1684,1750,1675.3,1745.1,1743,1674.9,128412,2210.92,"28-Aug-2026",15372,"",""
"338","ATLASCYCLE","EQ",97,97.43,95.5,96.11,96.49,96.28,3218,3.09,"28-Aug-2026",88,"",""
"339","ATLPP","E1",10.4,10.4,9.66,9.7,9.71,9.66,7690,0.75,"28-Aug-2026",55,"",""
"340","ATMASTCO","SM",140.8,145.5,140,144.9,144.9,139.7,10800,15.49,"28-Aug-2026",20,"",""
"341","ATUL","EQ",6598,6598,6437.5,6459.5,6469,6585,28383,1841.49,"28-Aug-2026",10476,"",""
"342","ATULAUTO","EQ",482.1,485.8,479.05,483.35,483.2,481.15,49107,236.7,"28-Aug-2026",1719,"",""
"343","AUBANK","EQ",1086.3,1094.3,1073.3,1077.1,1077.1,1091,871951,9445.58,"28-Aug-2026",41897,"",""
"344","AURIONPRO","EQ",692.8,712.45,690,707.6,703.3,688,204145,1434.48,"28-Aug-2026",11865,"",""
"345","AUROPHARMA","EQ",1637,1656.2,1620.1,1645.3,1645.3,1637,484381,7940.25,"28-Aug-2026",21512,"",""
"346","AURUM","EQ",229.76,235.25,228.21,232.98,232.51,228.45,107260,249.21,"28-Aug-2026",2349,"",""
"347","AURUS","EQ",4.64,4.75,4.52,4.66,4.68,4.57,25000,1.16,"28-Aug-2026",129,"",""
"348","AUSOMENT","EQ",147.25,148.85,144.65,148.24,148.85,147.25,5076,7.52,"28-Aug-2026",183,"",""
"349","AUSTENG","EQ",120.01,125,119.99,123.28,123,121.01,1859,2.27,"28-Aug-2026",53,"",""
"350","AUTOAXLES","EQ",1735.9,1744.9,1714.2,1740.2,1739.8,1723.6,1988,34.46,"28-Aug-2026",369,"",""
"351","AUTOBEES","EQ",301.04,301.04,296.55,298.11,298.99,298.96,168372,502.08,"28-Aug-2026",2762,"",""
"352","AUTOIETF","EQ",30.29,30.29,29.77,29.92,29.97,29.99,449966,134.62,"28-Aug-2026",1919,"",""
"353","AUTOIND","EQ",88.58,90.78,88.05,89.04,88.7,89.02,70443,62.84,"28-Aug-2026",661,"",""
"354","AVADHSUGAR","EQ",811,838.4,806.85,830.05,828.2,804.55,170865,1412.03,"28-Aug-2026",6229,"",""
"355","AVALON","EQ",2250,2251.1,2172,2231.7,2239,2256.6,239819,5315.48,"28-Aug-2026",25509,"",""
"356","AVANA","ST",150,150,149.8,150,150,147.5,10000,15,"28-Aug-2026",5,"",""
"357","AVANCE","EQ",0.87,0.89,0.87,0.87,0.88,0.87,2849676,25,"28-Aug-2026",1104,"",""
"358","AVANTEL","EQ",157,158.4,156.48,156.79,157.63,158.05,369537,580.12,"28-Aug-2026",5280,"",""
"359","AVANTIFEED","EQ",844.9,845.6,822,826.75,828,844.45,415922,3443.55,"28-Aug-2026",23086,"",""
"360","AVG","BE",179.69,180.86,175.7,179.22,179.31,179.69,16257,28.91,"28-Aug-2026",113,"",""
"361","AVIANSH","SM",104,104.5,100.5,100.5,100.5,104,8000,8.17,"28-Aug-2026",8,"",""
"362","AVIENCE","SM",270.7,279,265.3,269.5,269,270.65,23400,63.82,"28-Aug-2026",36,"",""
"363","AVL","EQ",590,595.85,582.25,590.8,591,592.3,220999,1303.1,"28-Aug-2026",18716,"",""
"364","AVONMORE","EQ",13.72,14.15,13.72,13.9,13.9,13.68,145925,20.37,"28-Aug-2026",350,"",""
"365","AVPINFRA","SM",59.8,59.8,57.5,57.55,57.5,58.9,43200,25.13,"28-Aug-2026",35,"",""
"366","AVROIND","EQ",9.34,9.8,9,9.3,9.01,9.29,547964,51.56,"28-Aug-2026",1306,"",""
"367","AVTNPL","EQ",85.25,86.6,83.57,85.19,85.5,85.64,141293,119.8,"28-Aug-2026",1993,"",""
"368","AWFIS","EQ",260,262,251.9,253.25,252,257.65,409033,1045.5,"28-Aug-2026",22403,"",""
"369","AWHCL","EQ",391,391,385.05,387.3,385.65,389.2,44715,173.5,"28-Aug-2026",2341,"",""
"370","AWL","EQ",199.74,199.74,195.3,196.27,195.81,199.74,1135382,2242.55,"28-Aug-2026",23429,"",""
"371","AXISBANK","EQ",1256,1265.4,1248.2,1265,1265,1256,3243469,40885.5,"28-Aug-2026",103208,"",""
"372","AXISCADES","EQ",1619,1645,1581,1594.7,1602,1612.9,101508,1636.66,"28-Aug-2026",9508,"",""
"373","AXITA","EQ",8.05,8.23,8.05,8.05,8.06,7.98,1263568,102.13,"28-Aug-2026",1174,"",""
"374","AXTEL","EQ",400,406.8,392.3,394.35,398,403.85,3424,13.64,"28-Aug-2026",129,"",""
"375","AYE","EQ",182.97,195,180.73,183.92,185.15,181.54,8919813,16725.45,"28-Aug-2026",75404,"",""
"376","AYMSYNTEX","EQ",250,256.55,241.55,254.4,256.55,250.25,65947,163.51,"28-Aug-2026",2284,"",""
"377","AZAD","EQ",2814.4,2882,2798.5,2850.5,2849,2802.4,401279,11422.54,"28-Aug-2026",27291,"",""
"378","AZADIND","EQ",96.8,98.99,89.13,93.5,90,96.8,49897,45.63,"28-Aug-2026",686,"",""
"379","BABAFP","SM",21.1,23,21.1,23,23,22.4,9600,2.12,"28-Aug-2026",6,"",""
"380","BAFNAPH","BE",278,291.35,278,291.1,291.35,277.5,25177,73.18,"28-Aug-2026",261,"",""
"381","BAGDIGITAL","SM",105.8,106,104.2,105.1,104.2,105.1,8000,8.44,"28-Aug-2026",3,"",""
"382","BAGFILMS","EQ",4.49,4.49,4.34,4.42,4.44,4.44,51030,2.25,"28-Aug-2026",146,"",""
"383","BAGMANE","RR",106.97,107,106.11,106.78,106.77,106.44,294711,314.76,"28-Aug-2026",6897,"",""
"384","BAHETI","SM",875,875,839,847,847,835.4,20250,170.94,"28-Aug-2026",44,"",""
"385","BAIDFIN","EQ",9.86,9.86,9.53,9.74,9.75,9.76,43620,4.23,"28-Aug-2026",156,"",""
"386","BAJAJ-AUTO","EQ",11810,11974,11769,11910,11910,11720,262591,31279.69,"28-Aug-2026",34876,"",""
"387","BAJAJCON","EQ",452,479.5,449.1,477.45,478.7,450.6,1407453,6631.78,"28-Aug-2026",28964,"",""
"388","BAJAJELEC","EQ",335.9,337.9,329.65,332.75,333.45,334.8,131210,437.59,"28-Aug-2026",5904,"",""
"389","BAJAJFINSV","EQ",2011,2014.7,1982.3,2002,2002,2011,466703,9300.5,"28-Aug-2026",41192,"",""
"390","BAJAJHCARE","EQ",322.7,325.7,320.1,322,320.1,320.9,36072,116.36,"28-Aug-2026",1533,"",""
"391","BAJAJHFL","EQ",85.71,85.79,84.76,85,85.05,85.29,1693097,1439.82,"28-Aug-2026",16466,"",""
"392","BAJAJHIND","EQ",21.13,22.08,21.13,21.67,21.89,21.11,51508959,11149.1,"28-Aug-2026",66394,"",""
"393","BAJAJHLDNG","EQ",11406,11429,11250,11340,11340,11399,31945,3625.82,"28-Aug-2026",6759,"",""
"394","BAJAJINDEF","EQ",229.5,229.5,225.33,228.49,227.3,228.85,11019,25.02,"28-Aug-2026",324,"",""
"395","BAJAJST","EQ",362.65,364.65,343,345.55,346.85,357.4,18018,62.88,"28-Aug-2026",1028,"",""
"396","BAJEL","EQ",195.45,197.3,192.21,192.84,193,194.53,194797,378.56,"28-Aug-2026",4393,"",""
"397","BAJFINANCE","EQ",1065.7,1081.5,1065.7,1079.9,1079.9,1083,4554311,48934.65,"28-Aug-2026",72226,"",""
"398","BALAJEE","EQ",26.98,26.98,26.16,26.51,26.5,26.46,25967,6.86,"28-Aug-2026",175,"",""
"399","BALAJITELE","EQ",93.96,95,93.3,94.05,94.9,93.54,52835,49.68,"28-Aug-2026",849,"",""
"400","BALAMINES","EQ",2413,2431.1,2361.1,2390.5,2393.8,2425.8,124958,2983.68,"28-Aug-2026",14622,"",""
"401","BALAXI","EQ",22.1,22.9,22.1,22.54,22.6,22.44,13533,3.05,"28-Aug-2026",96,"",""
"402","BALKRISHNA","EQ",17.11,17.48,16.6,16.89,16.67,17.13,16299,2.76,"28-Aug-2026",210,"",""
"403","BALKRISIND","EQ",2358,2360.9,2326.5,2340.1,2344,2352.1,755064,17674.8,"28-Aug-2026",93022,"",""
"404","BALMLAWRIE","EQ",176.45,178.16,175.81,177.8,177.8,175.26,116790,207.1,"28-Aug-2026",2045,"",""
"405","BALPHARMA","EQ",85.89,86.03,84.17,84.8,84.56,85.02,6199,5.29,"28-Aug-2026",140,"",""
"406","BALRAMCHIN","EQ",649.6,665.8,645.65,654.85,653.9,649.95,2100532,13781.63,"28-Aug-2026",41226,"",""
"407","BALUFORGE","EQ",635,649.5,635,638.8,638.7,632.9,1441287,9260.29,"28-Aug-2026",22011,"",""
"408","BANARBEADS","EQ",122.4,122.8,115.26,115.53,115.43,119.51,3807,4.46,"28-Aug-2026",130,"",""
"409","BANARISUG","EQ",3797.5,4060,3797.5,3930.7,3979,3766.4,8682,343.81,"28-Aug-2026",1591,"",""
"410","BANCOINDIA","EQ",624.3,630.5,619,624.4,626.3,623.65,55866,349.5,"28-Aug-2026",4639,"",""
"411","BANDHANBNK","EQ",170.03,170.48,167.8,168.25,168.25,169.7,3469922,5859.46,"28-Aug-2026",44093,"",""
"412","BANG","EQ",34.4,35,32.81,34.75,34.25,33.42,279802,95.73,"28-Aug-2026",836,"",""
"413","BANK10ADD","EQ",16.95,17,16.87,16.95,17,17.01,23809,4.02,"28-Aug-2026",86,"",""
"414","BANK10BETF","EQ",21.15,21.15,20.7,20.77,20.77,20.95,1494,0.31,"28-Aug-2026",13,"",""
"415","BANKA","EQ",79.5,80.99,78,79.2,79.2,79.62,283,0.22,"28-Aug-2026",23,"",""
"416","BANKADD","EQ",59.19,59.19,58.8,58.84,58.91,59.04,5670,3.34,"28-Aug-2026",61,"",""
"417","BANKBARODA","EQ",241.15,241.9,239.5,241.9,241.9,241,3571651,8589.99,"28-Aug-2026",30675,"",""
"418","BANKBEES","EQ",597.75,598,594.05,596.06,596.25,596.79,526937,3140.74,"28-Aug-2026",5018,"",""
"419","BANKBETA","EQ",59.58,59.72,59.31,59.48,59.43,59.58,1102472,654.28,"28-Aug-2026",377,"",""
"420","BANKBETF","EQ",58.57,58.65,58.23,58.49,58.43,58.57,246198,143.95,"28-Aug-2026",219,"",""
"421","BANKETF","EQ",587.54,588.11,584.84,585.97,585.87,587.54,13548,79.44,"28-Aug-2026",949,"",""
"422","BANKIETF","EQ",59.36,59.36,58.91,59.13,59.19,59.24,862614,510.57,"28-Aug-2026",1134,"",""
"423","BANKINDIA","EQ",144.89,144.89,142.7,144,144,144.6,4694456,6737.16,"28-Aug-2026",31540,"",""
"424","BANKNIFTY1","EQ",59.82,60.6,59.53,60,60.04,59.76,1030739,617.27,"28-Aug-2026",840,"",""
"425","BANKPSU","EQ",86.6,86.87,86.41,86.63,86.74,86.7,9490,8.22,"28-Aug-2026",75,"",""
"426","BANSALWIRE","EQ",319.3,320.9,317,318,318.05,316.95,23351,74.46,"28-Aug-2026",1557,"",""
"427","BANSWRAS","EQ",117.86,119.78,116.45,116.88,117.9,118.46,26728,31.32,"28-Aug-2026",406,"",""
"428","BARFLEX","SM",62,62,60,60,60,61.4,24000,14.48,"28-Aug-2026",8,"",""
"429","BASF","EQ",3845,3879.9,3835.8,3848.7,3835.8,3846.1,7730,298.07,"28-Aug-2026",2178,"",""
"430","BASILIC","SM",186,186.6,183.35,186.45,186.5,183.3,4500,8.37,"28-Aug-2026",15,"",""
"431","BASML","BE",24.94,25.76,24.75,25.5,25.5,24.94,28248,7.17,"28-Aug-2026",75,"",""
"432","BATAINDIA","EQ",682,684.7,678.1,681.3,683.95,681.6,80053,545.21,"28-Aug-2026",5428,"",""
"433","BATLIBOI","EQ",85.95,90,84.54,88.41,88,85.03,35076,30.73,"28-Aug-2026",744,"",""
"434","BAWEJA","ST",24.2,24.2,22.75,22.75,22.75,23.65,16000,3.74,"28-Aug-2026",11,"",""
"435","BAYERCROP","EQ",4077,4077.3,4042,4048.7,4049.8,4067.9,12947,524.6,"28-Aug-2026",2329,"",""
"436","BBETF0432","EQ",1356.02,1356.02,1341.66,1342.48,1342.01,1343.23,2622,35.21,"28-Aug-2026",54,"",""
"437","BBL","EQ",2384,2384,2345,2358.8,2359.9,2370.4,12187,287.68,"28-Aug-2026",1663,"",""
"438","BBNPNBETF","EQ",59.34,59.34,57.9,57.97,57.97,57.9,71,0.04,"28-Aug-2026",16,"",""
"439","BBNPPGOLD","EQ",151.8,153.85,151.45,152.85,153.85,151.8,2251,3.43,"28-Aug-2026",86,"",""
"440","BBOX","EQ",741.05,754.95,740,745.9,748.9,739,139959,1044.71,"28-Aug-2026",8770,"",""
"441","BBTC","EQ",1598.9,1598.9,1552,1563.2,1564.5,1613.6,627788,9843.8,"28-Aug-2026",31290,"",""
"442","BBTCL","EQ",235.05,239.78,233.12,235.59,235.6,237.01,4480,10.61,"28-Aug-2026",188,"",""
"443","BCG","EQ",9.01,9.09,9.01,9.05,9.07,9.03,2448110,221.36,"28-Aug-2026",2938,"",""
"444","BCLIND","EQ",37.02,37.13,36.55,36.74,36.95,37.02,402479,148.11,"28-Aug-2026",2322,"",""
"445","BCONCEPTS","EQ",159.93,167.5,158.05,163.07,163.91,160.01,9226,15.06,"28-Aug-2026",555,"",""
"446","BCPL","EQ",70.5,70.5,67,68.94,68.5,69.42,6526,4.48,"28-Aug-2026",150,"",""
"447","BDL","EQ",1345.8,1348.4,1301,1306,1306,1348.6,1589088,20895.99,"28-Aug-2026",47737,"",""
"448","BEACON","SM",79.4,83,79.4,82.65,82.3,79.4,18000,14.68,"28-Aug-2026",18,"",""
"449","BEARDSELL","EQ",27.68,27.68,25.65,25.96,26.26,26.52,15836,4.16,"28-Aug-2026",326,"",""
"450","BECTORFOOD","EQ",240,241.28,230.29,232.87,233.38,238.12,1011561,2383.76,"28-Aug-2026",17253,"",""
"451","BEDMUTHA","EQ",105,107.75,105,106.25,106.27,106.04,2412,2.56,"28-Aug-2026",40,"",""
"452","BEEKAY","EQ",428,444,419,424.2,421,427.25,6911,29.46,"28-Aug-2026",50,"",""
"453","BEL","EQ",410.85,411.9,407.25,411.9,411.9,411,8025382,32866.71,"28-Aug-2026",65127,"",""
"454","BELLACASA","EQ",245,254.8,243.42,247.3,251.99,246.74,9120,22.76,"28-Aug-2026",319,"",""
"455","BELRISE","EQ",229.32,232.2,226.2,229.87,231,229.22,3131483,7186.47,"28-Aug-2026",31850,"",""
"456","BEML","EQ",1926.1,1990,1909,1984.9,1981,1920.6,494559,9744.42,"28-Aug-2026",39282,"",""
"457","BENARAS","EQ",10025,10270,10000,10122,10122,10200,167,16.71,"28-Aug-2026",24,"",""
"458","BENGALASM","EQ",6250,6350,6247.5,6339.5,6339.5,6248,462,29.06,"28-Aug-2026",62,"",""
"459","BEPL","EQ",122,125.8,121.51,123.52,123.59,121.43,979785,1213.08,"28-Aug-2026",7786,"",""
"460","BERGEPAINT","EQ",501.85,501.85,493,494.35,495.45,501,149998,744.44,"28-Aug-2026",14789,"",""
"461","BESTAGRO","EQ",17.48,17.78,17.42,17.61,17.55,17.47,265082,46.66,"28-Aug-2026",1184,"",""
"462","BETA","EQ",2194.2,2253,2166.2,2201,2195.1,2194.2,16090,352.78,"28-Aug-2026",2550,"",""
"463","BEWLTD","SM",52.55,54,49.8,50,50,52.5,29000,14.9,"28-Aug-2026",48,"",""
"464","BFINVEST","EQ",443,450,441,442.8,442.95,442.95,9810,43.48,"28-Aug-2026",614,"",""
"465","BFSI","EQ",28.09,28.09,27.22,27.31,27.37,27.41,78704,21.5,"28-Aug-2026",680,"",""
"466","BFUTILITIE","EQ",502.55,514.9,500,510.25,510.8,502.55,49622,252.21,"28-Aug-2026",2960,"",""
"467","BGRENERGY","BE",264,266.95,256.3,256.3,256.3,269.75,70048,181.68,"28-Aug-2026",810,"",""
"468","BHADORA","ST",114.05,122,112.5,118,118,117.8,21600,25.06,"28-Aug-2026",18,"",""
"469","BHAGCHEM","EQ",282.45,283.95,272.1,277.9,279,282.6,90077,251.13,"28-Aug-2026",1815,"",""
"470","BHAGERIA","BE",225,238.75,225,238.75,238.75,227.39,184545,438.15,"28-Aug-2026",742,"",""
"471","BHAGYANGR","EQ",380.95,398.5,380.05,391.05,391.85,382.9,81903,319.95,"28-Aug-2026",2929,"",""
"472","BHANDARI","EQ",3.09,3.09,3.01,3.03,3.05,3.04,90135,2.75,"28-Aug-2026",212,"",""
"473","BHARATCOAL","EQ",34.34,34.48,33.92,34.02,34.1,34.17,2950662,1007.11,"28-Aug-2026",10241,"",""
"474","BHARATFORG","EQ",2048.1,2048.1,2005.4,2037.7,2037.7,2050,362775,7352.18,"28-Aug-2026",24847,"",""
"475","BHARATGEAR","BE",103.78,103.89,102.01,103.59,103.65,103.27,9295,9.59,"28-Aug-2026",120,"",""
"476","BHARATRAS","EQ",1278.5,1281.7,1251.5,1255.2,1256,1272.6,11614,146.21,"28-Aug-2026",1829,"",""
"477","BHARATSE","EQ",221.9,227.77,220.15,226.43,225.35,221.07,130053,291.25,"28-Aug-2026",2902,"",""
"478","BHARATWIRE","EQ",186.64,188.94,185.64,186.99,186.5,187.64,83316,156.09,"28-Aug-2026",1936,"",""
"479","BHARTIARTL","EQ",1875.7,1894.3,1867.6,1882.4,1882.4,1878.3,6106300,114806.6,"28-Aug-2026",133052,"",""
"480","BHARTIHEXA","EQ",1545,1576.2,1522,1550.1,1540.9,1551.1,104940,1615.89,"28-Aug-2026",9643,"",""
"481","BHEL","EQ",434,436.65,427,430.85,430.85,433.95,5837847,25158.81,"28-Aug-2026",58385,"",""
"482","BI","BE",86.99,91.95,85,91.83,91.95,87.58,31014,27.72,"28-Aug-2026",259,"",""
"483","BIGBLOC","EQ",42.9,43.27,41.95,42.33,42.67,42.67,50587,21.37,"28-Aug-2026",575,"",""
"484","BIKAJI","EQ",614.95,624.2,612,618.8,616.3,611.9,244238,1510.19,"28-Aug-2026",20077,"",""
"485","BIKEWO","ST",98.9,98.9,98.9,98.9,98.9,94.2,32000,31.65,"28-Aug-2026",14,"",""
"486","BIL","EQ",872.05,890,844.55,857.7,855,867.15,21683,188.12,"28-Aug-2026",927,"",""
"487","BILVYAPAR","BE",4.2,4.2,3.95,4.1,4.1,4.1,6231,0.25,"28-Aug-2026",21,"",""
"488","BIMETAL","EQ",625,679,625,648.5,660,618.5,2388,15.31,"28-Aug-2026",113,"",""
"489","BIOCON","EQ",416.4,418.65,410,411.1,411.1,418.4,2187557,9031.21,"28-Aug-2026",26051,"",""
"490","BIOFILCHEM","EQ",32.8,33.79,32.8,32.93,33,32.8,4186,1.38,"28-Aug-2026",116,"",""
"491","BIOPOL","SM",67.15,70,56.9,56.9,56.9,71.1,270000,162.75,"28-Aug-2026",190,"",""
"492","BIRET","RR",341.5,342.15,339.95,341.93,342,341.39,194045,662.76,"28-Aug-2026",6126,"",""
"493","BIRLACABLE","BE",295.11,295.11,295.11,295.11,295.11,281.06,81045,239.17,"28-Aug-2026",564,"",""
"494","BIRLACORPN","EQ",883,897.95,877.15,881.2,883.35,883,32452,286.06,"28-Aug-2026",3594,"",""
"495","BIRLAMONEY","EQ",131.77,131.77,128.45,129.94,130.75,129.89,24071,31.26,"28-Aug-2026",544,"",""
"496","BIRLANU","EQ",1450,1467.2,1430,1442.3,1445,1450.8,6565,95.16,"28-Aug-2026",1045,"",""
"497","BIRLAPREC","EQ",48.39,49,46.2,47.64,47.25,47.37,222244,106.46,"28-Aug-2026",1736,"",""
"498","BLACKBUCK","EQ",589.95,592.75,584.75,588.15,592,588.2,164649,969.55,"28-Aug-2026",7720,"",""
"499","BLACKROSE","BE",111.31,116,111.31,114.46,115,114.31,10783,12.33,"28-Aug-2026",153,"",""
"500","BLAL","EQ",166,167.74,165.92,166.14,167.01,166.46,28314,47.06,"28-Aug-2026",330,"",""
"501","BLBLIMITED","EQ",15.82,16.18,15.8,15.98,16,16.04,88700,14.13,"28-Aug-2026",292,"",""
"502","BLEL","EQ",470,470.5,452.3,457.45,454.8,469.85,1468288,6751.23,"28-Aug-2026",25019,"",""
"503","BLIL","EQ",72.3,72.43,71.95,72.14,72.18,72.19,52904,38.13,"28-Aug-2026",811,"",""
"504","BLISSGVS","BE",567,588.1,558,588.1,588.1,560.1,459003,2628.81,"28-Aug-2026",3426,"",""
"505","BLKASHYAP","EQ",56.47,60.9,56.47,58.57,58.61,56.47,2938216,1741.08,"28-Aug-2026",15238,"",""
"506","BLS","EQ",238.1,240.45,237.2,239.03,239.15,238.07,890636,2127.31,"28-Aug-2026",17695,"",""
"507","BLSE","EQ",314,328.9,313,326.25,326,314.05,641255,2077.67,"28-Aug-2026",11460,"",""
"508","BLUECHIP","EQ",2.14,2.14,2.14,2.14,2.14,2.1,11621,0.25,"28-Aug-2026",15,"",""
"509","BLUECLOUDS","EQ",20.6,20.9,19.9,20.19,20.19,20.43,3212056,646.14,"28-Aug-2026",4679,"",""
"510","BLUECOAST","BE",22.99,23.55,22.44,23.5,23.5,22.44,1237,0.29,"28-Aug-2026",29,"",""
"511","BLUEDART","EQ",5001,5032.5,4975,4989.5,4980,5005.5,3660,182.79,"28-Aug-2026",1134,"",""
"512","BLUEJET","EQ",585,590.25,575,577.65,580.9,585.6,378817,2198.65,"28-Aug-2026",13214,"",""
"513","BLUEPEBBLE","SM",62.5,64,59.2,63,63,64,10400,6.39,"28-Aug-2026",26,"",""
"514","BLUESTARCO","EQ",1494,1494,1472.9,1480,1480,1497,292190,4325.31,"28-Aug-2026",18226,"",""
"515","BLUESTONE","EQ",804,809.85,790.15,794.7,794,800.5,277657,2220.94,"28-Aug-2026",10978,"",""
"516","BLUEWATER","ST",475,498.75,456.6,480,480,475,24000,116.54,"28-Aug-2026",23,"",""
"517","BLUSPRING","EQ",132,135,127,127.43,128,131.56,429364,558.34,"28-Aug-2026",5538,"",""
"518","BMETRICS","SM",33.65,33.65,33,33.5,33.5,35,3200,1.07,"28-Aug-2026",4,"",""
"519","BMLL","SM",149,149,146,146.55,146,151,21000,31.06,"28-Aug-2026",14,"",""
"520","BMWVENTLTD","EQ",57,57.38,56.51,56.65,56.51,56.95,39438,22.48,"28-Aug-2026",806,"",""
"521","BNAGROCHEM","EQ",234.95,234.95,223.65,226.8,226,233.9,22675,52.72,"28-Aug-2026",65,"",""
"522","BNALTD","BE",375,375,370,371.1,371.1,386.1,7756,29,"28-Aug-2026",19,"",""
"523","BNKETFAXIS","EQ",593.94,595.24,591.2,593.78,594.57,594.58,3459,20.48,"28-Aug-2026",18,"",""
"524","BODALCHEM","BE",94.2,99.19,91.8,99.08,99.19,94.47,1598996,1573.17,"28-Aug-2026",5059,"",""
"525","BOHRAIND","EQ",13.8,13.8,12.11,12.64,12.5,12.85,31336,3.98,"28-Aug-2026",158,"",""
"526","BOMDYEING","EQ",116.69,119.75,115.15,118.4,118.45,116.95,1343633,1583,"28-Aug-2026",13637,"",""
"527","BONLON","EQ",39.05,41.99,39.05,40.5,40.7,40.3,21445,8.74,"28-Aug-2026",275,"",""
"528","BORANA","EQ",311.85,322,309.85,317.75,315.25,310.15,12087,37.94,"28-Aug-2026",245,"",""
"529","BOROLTD","EQ",244.59,251.84,238.27,239.81,239.99,244.07,651151,1594.42,"28-Aug-2026",10258,"",""
"530","BORORENEW","EQ",514.5,520,501,502.25,502,517.55,988158,5014.28,"28-Aug-2026",20448,"",""
"531","BOROSCI","EQ",126.5,126.69,122.41,124.44,125,125.89,36344,45.42,"28-Aug-2026",973,"",""
"532","BOSCH-HCIL","EQ",1675.1,1706.8,1666.8,1695.2,1685,1667.6,17547,296.5,"28-Aug-2026",2124,"",""
"533","BOSCHLTD","EQ",48780,48930,48020,48640,48640,48780,26114,12682.5,"28-Aug-2026",8138,"",""
"534","BOSS","SM",48.35,51.95,48.35,51.95,51.95,50.85,6000,2.97,"28-Aug-2026",3,"",""
"535","BPCL","EQ",318,319.9,316,319.25,319.25,318,4733069,15044.67,"28-Aug-2026",30824,"",""
"536","BPL","EQ",52,52.01,49.3,50.43,50.39,51.79,36901,18.83,"28-Aug-2026",577,"",""
"537","BPLPHARMA","EQ",1578.2,1578.2,1510,1527.8,1540,1496.6,936,14.41,"28-Aug-2026",151,"",""
"538","BRACEPORT","SM",60.2,60.2,58.2,58.2,58.2,60.2,6400,3.82,"28-Aug-2026",4,"",""
"539","BRAHMINFRA","EQ",161.29,165,155.02,160.13,163.49,156.86,15733,24.97,"28-Aug-2026",468,"",""
"540","BRANDMAN","SM",159.5,162.45,158,162,162.45,159.5,10400,16.66,"28-Aug-2026",11,"",""
"541","BRIGADE","EQ",657.1,657.75,640.4,642.25,641,656.75,249374,1613.53,"28-Aug-2026",12265,"",""
"542","BRIGHOTEL","EQ",59.99,60,59,59.56,59.4,59.57,74934,44.53,"28-Aug-2026",2058,"",""
"543","BRIGHTBR","EQ",253.36,267.67,240,260.78,255.03,263.83,1113,2.77,"28-Aug-2026",34,"",""
"544","BRITANNIA","EQ",5298,5355,5276.5,5308.5,5308.5,5298,246611,13089.5,"28-Aug-2026",19372,"",""
"545","BRNL","EQ",17.29,17.4,17.1,17.29,17.25,17.29,9562,1.65,"28-Aug-2026",110,"",""
"546","BROOKS","BE",68.5,69.28,65.36,69.28,69.28,65.99,50162,34.46,"28-Aug-2026",232,"",""
"547","BSE","EQ",3313,3410,3303,3405,3405,3328,4774200,161391.18,"28-Aug-2026",140695,"",""
"548","BSE500IETF","EQ",39.69,40.01,39.55,39.85,39.89,39.69,53181,21.19,"28-Aug-2026",536,"",""
"549","BSHSL","EQ",90,92.61,90,91.85,90.5,89.08,8443,7.74,"28-Aug-2026",129,"",""
"550","BSL","EQ",125,125,121.8,123.03,123.5,123.42,1236,1.52,"28-Aug-2026",48,"",""
"551","BSLGOLDETF","EQ",138.75,140.01,137.57,139.62,139.58,138.75,222269,308.92,"28-Aug-2026",1978,"",""
"552","BSLNIFTY","EQ",28.79,28.79,28.1,28.38,28.43,28.4,832664,236.26,"28-Aug-2026",3166,"",""
"553","BSLSENETFG","EQ",78,78.33,77,78.01,78.33,77.93,1259,0.98,"28-Aug-2026",84,"",""
"554","BSOFT","EQ",289.95,303.95,289.9,300.9,300.85,287.95,3235524,9667.7,"28-Aug-2026",44867,"",""
"555","BTML","EQ",8.93,8.96,8.54,8.61,8.59,8.98,374591,33.02,"28-Aug-2026",472,"",""
"556","BTTL","BE",43.45,43.49,43.06,43.4,43.4,43.36,2796,1.21,"28-Aug-2026",39,"",""
"557","BUILDPRO","EQ",1242,1268.2,1240.1,1243.7,1245.3,1242.1,18107,227.19,"28-Aug-2026",1757,"",""
"558","BURNPUR","EQ",16.15,16.15,15.1,16.15,16.15,14.69,494712,79.43,"28-Aug-2026",1124,"",""
"559","BUTTERFLY","EQ",628,655.45,625.05,633.15,626.6,627.75,26089,166.58,"28-Aug-2026",1899,"",""
"560","BVCL","EQ",43.5,45.48,41.9,43.9,43.95,43.57,161651,71.15,"28-Aug-2026",533,"",""
"561","BYKE","BE",31,31.35,30.7,30.74,31.35,30.98,36236,11.21,"28-Aug-2026",130,"",""
"562","C2C","SM",228,235,224.6,228.4,226.5,227.45,42900,97.84,"28-Aug-2026",203,"",""
"563","CADSYS","ST",48.3,48.3,48.3,48.3,48.3,50.8,2500,1.21,"28-Aug-2026",2,"",""
"564","CALSOFT","EQ",35.5,35.5,35.5,35.5,35.5,33.81,90695,32.2,"28-Aug-2026",238,"",""
"565","CAMLINFINE","EQ",104.1,104.4,102.51,103.52,104,102.94,655783,677.59,"28-Aug-2026",5496,"",""
"566","CAMPUS","EQ",225,227.8,223.1,226.14,227,224.99,428622,966.72,"28-Aug-2026",6756,"",""
"567","CAMS","EQ",743.4,762,739,762,762,740.9,3420858,25745.54,"28-Aug-2026",54804,"",""
"568","CANARYS","SM",26.05,27.05,26.05,26.35,26.3,26.05,120000,31.75,"28-Aug-2026",30,"",""
"569","CANBK","EQ",128.15,129.06,127.25,128.35,128.35,128.14,13970144,17875.88,"28-Aug-2026",47694,"",""
"570","CANFINHOME","EQ",804.7,819.25,804.4,815.5,817.4,803.8,225609,1837.58,"28-Aug-2026",8042,"",""
"571","CANHLIFE","EQ",157.5,159,153.1,154.19,154.5,156.89,1161040,1796.98,"28-Aug-2026",12849,"",""
"572","CANTABIL","EQ",246.6,247.01,242.5,243.59,242.5,246.52,36886,90.13,"28-Aug-2026",901,"",""
"573","CAPACITE","EQ",224,224.05,216.5,217.33,217,223.16,385660,843.07,"28-Aug-2026",7297,"",""
"574","CAPILLARY","EQ",508.95,509,498.1,501.5,504.5,508.95,81204,408.7,"28-Aug-2026",3986,"",""
"575","CAPINVIT","IV",77.25,77.25,76.71,77,77.01,76.97,292849,225.33,"28-Aug-2026",1650,"",""
"576","CAPITALSFB","EQ",286.85,286.9,280.05,281.65,281.25,283.95,13245,37.48,"28-Aug-2026",564,"",""
"577","CAPLIPOINT","EQ",2553.3,2597.9,2510,2517.2,2523.8,2540.7,47400,1206.39,"28-Aug-2026",7440,"",""
"578","CAPTRUST","BE",20.28,20.45,19.94,20.02,20.32,20.28,9313,1.88,"28-Aug-2026",59,"",""
"579","CARBORUNIV","EQ",1100.1,1125,1087,1116.8,1115,1103.2,85151,940.14,"28-Aug-2026",8581,"",""
"580","CARERATING","EQ",1634,1685.2,1634,1682.1,1685.2,1633.7,27594,462.33,"28-Aug-2026",4838,"",""
"581","CARRARO","EQ",546.7,561.8,542.4,557.8,560,544.05,518886,2894.45,"28-Aug-2026",9905,"",""
"582","CARTRADE","EQ",3079,3079,3001,3014.6,3020,3080.2,205402,6249.75,"28-Aug-2026",21079,"",""
"583","CARYSIL","EQ",1117,1130,1108.1,1112.8,1117.3,1116.3,36105,402.82,"28-Aug-2026",3872,"",""
"584","CASHIETF","EQ",1079.75,1079.75,1077.44,1077.45,1077.46,1077.01,115599,1245.53,"28-Aug-2026",95,"",""
"585","CASTROLIND","EQ",185.55,186.95,185.06,185.24,185.3,185.27,848396,1578.03,"28-Aug-2026",18012,"",""
"586","CCAVENUE","EQ",15.25,15.52,15.2,15.27,15.27,15.22,6373496,975.81,"28-Aug-2026",8887,"",""
"587","CCCL","EQ",15.18,15.18,14.66,14.76,14.75,14.98,268918,39.95,"28-Aug-2026",420,"",""
"588","CCHHL","EQ",12.93,13.09,12.78,12.89,12.9,12.86,7905,1.02,"28-Aug-2026",38,"",""
"589","CCL","EQ",1111.5,1126.9,1101.7,1123.1,1125,1111.5,131036,1463.16,"28-Aug-2026",14019,"",""
"590","CDSL","EQ",1410.8,1417.3,1397,1414.7,1414.7,1410.8,1052357,14834.03,"28-Aug-2026",34284,"",""
"591","CEATLTD","EQ",3514.3,3548.6,3494.5,3511.5,3509.5,3510.6,33013,1163.13,"28-Aug-2026",7265,"",""
"592","CEIGALL","EQ",340.45,344.65,335.6,341,340,341.05,624378,2128.33,"28-Aug-2026",8333,"",""
"593","CEINSYS","EQ",730.6,741.1,720,723.15,722,727,29948,218.71,"28-Aug-2026",2399,"",""
"594","CELEBRITY","EQ",6.88,6.93,6.7,6.8,6.8,6.88,7244,0.49,"28-Aug-2026",71,"",""
"595","CELLECOR","SM",33.4,34,32.25,32.45,32.4,33.35,240000,78.59,"28-Aug-2026",51,"",""
"596","CELLO","EQ",352.9,353.7,348.3,350.8,350.35,350.4,156223,547.44,"28-Aug-2026",6468,"",""
"597","CELLPOINT","SM",16.3,16.3,16.3,16.3,16.3,16.3,1200,0.2,"28-Aug-2026",1,"",""
"598","CEMNTGROWW","EQ",15.04,15.13,14.72,14.87,14.88,14.97,56947,8.45,"28-Aug-2026",562,"",""
"599","CEMPRO","EQ",1264,1285,1252.9,1268.1,1268,1251.2,129496,1643.37,"28-Aug-2026",9650,"",""
"600","CENTENKA","EQ",548.4,553,544,547.4,551.95,547.3,20796,113.96,"28-Aug-2026",1885,"",""
"601","CENTEXT","EQ",22.65,22.89,22.02,22.27,22.2,22.59,99676,22.24,"28-Aug-2026",552,"",""
"602","CENTRALBK","EQ",30.67,30.77,30.37,30.54,30.59,30.65,6429357,1960.93,"28-Aug-2026",18644,"",""
"603","CENTRUM","EQ",23.29,23.31,23,23.05,23.3,23.09,139773,32.32,"28-Aug-2026",448,"",""
"604","CENTUM","EQ",3401,3456.1,3399.9,3442.8,3448.9,3401.9,25905,890.02,"28-Aug-2026",5098,"",""
"605","CENTURYPLY","EQ",740,758.25,740,753.8,751,751.75,81308,613.09,"28-Aug-2026",3452,"",""
"606","CERA","EQ",5690,5709.5,5600,5654.5,5645,5662,7189,407.07,"28-Aug-2026",2907,"",""
"607","CEREBRAINT","BZ",2.7,2.7,2.52,2.61,2.65,2.65,96302,2.49,"28-Aug-2026",141,"",""
"608","CESC","EQ",152.2,152.29,147.83,148.11,147.99,152.13,1728235,2586.33,"28-Aug-2026",21299,"",""
"609","CEWATER","EQ",263.7,272.15,263.3,267.5,267.05,266.25,94109,252.13,"28-Aug-2026",2669,"",""
"610","CFEL","EQ",32,32,31,31,31,31.63,17757,5.56,"28-Aug-2026",64,"",""
"611","CGCL","EQ",245,263.56,244.1,257.98,257.55,244.8,29680127,74798.25,"28-Aug-2026",118337,"",""
"612","CGPOWER","EQ",896.45,896.45,878.2,889,889,897.9,2230616,19796.73,"28-Aug-2026",40430,"",""
"613","CGRAPHICS","SM",148.05,148.1,143.55,145.9,145.9,151.75,23200,33.85,"28-Aug-2026",27,"",""
"614","CGVAK","EQ",148,154,147.13,149.7,149.7,148.15,4564,6.82,"28-Aug-2026",48,"",""
"615","CHALET","EQ",906,925.1,894.75,901.2,905,910.3,204227,1862.35,"28-Aug-2026",18281,"",""
"616","CHAMBLFERT","EQ",425.7,426.95,421.1,421.55,422,424.75,336671,1422.19,"28-Aug-2026",12666,"",""
"617","CHAMUNDA","SM",43.95,43.95,43.95,43.95,43.95,43.95,9000,3.96,"28-Aug-2026",1,"",""
"618","CHANDAN","SM",222.3,222.3,214,217.9,217.05,222.25,45600,99.16,"28-Aug-2026",50,"",""
"619","CHAVDA","SM",138.2,139.05,137.8,138.65,138,138.05,131000,181.23,"28-Aug-2026",49,"",""
"620","CHEMBOND","EQ",174.88,176.99,168,174.48,175.12,173.59,7183,12.36,"28-Aug-2026",112,"",""
"621","CHEMBONDCH","BE",274.8,274.8,266,267.49,266.1,269.84,4106,11.03,"28-Aug-2026",96,"",""
"622","CHEMCON","BE",196,201.99,196,199.54,199.98,200.68,14296,28.42,"28-Aug-2026",234,"",""
"623","CHEMCRUX","EQ",85.95,85.95,82.3,84.46,84.9,83.98,2359,1.98,"28-Aug-2026",88,"",""
"624","CHEMFAB","EQ",354,372.5,354,369.75,369,358.9,3184,11.71,"28-Aug-2026",150,"",""
"625","CHEMICAL","EQ",30.66,30.66,30.3,30.39,30.47,30.51,162213,49.31,"28-Aug-2026",821,"",""
"626","CHEMPLASTS","EQ",178.5,188.5,178.5,182.68,181.55,178.65,993182,1835.78,"28-Aug-2026",19903,"",""
"627","CHENNPETRO","EQ",1359.1,1376,1333.2,1341.1,1346,1352.4,690557,9336.21,"28-Aug-2026",32317,"",""
"628","CHETANA","SM",43,43,43,43,43,43.35,3200,1.38,"28-Aug-2026",1,"",""
"629","CHEVIOT","EQ",1142.5,1146,1135,1141.6,1135.1,1135.8,725,8.27,"28-Aug-2026",117,"",""
"630","CHOICEGOLD","EQ",159,159,155.09,156.63,156.63,156.51,4970,7.79,"28-Aug-2026",157,"",""
"631","CHOICEIN","EQ",775,792.9,774.3,786.4,785,775.05,378490,2976.02,"28-Aug-2026",9069,"",""
"632","CHOLAFIN","EQ",1878,1878,1845,1862.9,1862.9,1875.4,803008,14942.37,"28-Aug-2026",27822,"",""
"633","CHOLAHLDNG","EQ",1517.2,1527.6,1491.7,1498.8,1494,1517.2,191026,2868.36,"28-Aug-2026",18473,"",""
"634","CIEINDIA","EQ",394.5,397.45,389,389.95,391,394.5,258053,1009.58,"28-Aug-2026",14701,"",""
"635","CIFL","EQ",20.33,20.86,20.33,20.72,20.75,20.74,13146,2.73,"28-Aug-2026",130,"",""
"636","CINELINE","EQ",89.1,89.1,87.9,87.98,88,89.37,29265,25.79,"28-Aug-2026",152,"",""
"637","CINEVISTA","EQ",14.11,14.9,14.1,14.41,14.49,14.18,9025,1.31,"28-Aug-2026",108,"",""
"638","CIPLA","EQ",1420,1423.9,1409.1,1423.5,1423.5,1420,377976,5356.96,"28-Aug-2026",20704,"",""
"639","CITIUSINVT","IV",114.44,116.5,113.87,114.46,114.32,114,161816,186.65,"28-Aug-2026",510,"",""
"640","CKKRETAIL","SM",165,166.8,165,166.8,166.8,160.5,1600,2.65,"28-Aug-2026",2,"",""
"641","CLASSICEIL","SM",61.5,62.5,56.95,56.95,56.95,59.9,43200,25.28,"28-Aug-2026",27,"",""
"642","CLAYCRAFT","SM",157.5,159,157,159,159,156,13200,20.84,"28-Aug-2026",21,"",""
"643","CLEAN","EQ",832,844.4,822.6,836.45,836.5,830.05,253666,2121.43,"28-Aug-2026",13484,"",""
"644","CLEANMAX","EQ",1272,1273.9,1240.5,1250.9,1254,1274.6,224246,2810.86,"28-Aug-2026",15602,"",""
"645","CLEDUCATE","BE",63.62,65.86,63.6,65.34,65.49,64.72,25034,16.05,"28-Aug-2026",72,"",""
"646","CLSEL","EQ",294.05,299,291.25,293.05,293.4,295.2,80641,236.75,"28-Aug-2026",2662,"",""
"647","CLSL","ST",90,91.5,86.45,91.5,91.5,91,22000,19.51,"28-Aug-2026",11,"",""
"648","CMLL","EQ",517.25,517.25,507.35,509.8,510,511.35,140467,716.72,"28-Aug-2026",3092,"",""
"649","CMNL","SM",122,122,112.5,120,120,121.25,25500,30.67,"28-Aug-2026",20,"",""
"650","CMPDI","EQ",230.1,232.01,229.05,230.97,231.88,229.97,468417,1079,"28-Aug-2026",7181,"",""
"651","CMRGREEN","EQ",221.79,226.8,218.69,225.11,225.02,221.07,627825,1410.76,"28-Aug-2026",10329,"",""
"652","CMRSL","SM",68,68.4,68,68.4,68.4,68.4,3200,2.19,"28-Aug-2026",4,"",""
"653","CMSINFO","EQ",241,244.65,239.5,242.55,243.45,239.95,1254724,3026.88,"28-Aug-2026",30073,"",""
"654","CNL","EQ",1203.7,1268.95,1194,1242.15,1242.65,1207.95,68622,842.47,"28-Aug-2026",5583,"",""
"655","COALINDIA","EQ",401,406.35,397.5,401,401,400,38504284,153689.14,"28-Aug-2026",132542,"",""
"656","COASTCORP","EQ",40.93,40.93,40.3,40.62,40.8,40.62,38682,15.71,"28-Aug-2026",537,"",""
"657","COCHINSHIP","EQ",1543,1543.9,1528,1535,1535,1543,412702,6335.57,"28-Aug-2026",17338,"",""
"658","COCKERILL","EQ",8101.5,8150,8030,8123,8145,8089.5,2613,211.47,"28-Aug-2026",1216,"",""
"659","COFFEEDAY","BE",29.93,30.95,29.2,29.49,30,29.93,408924,121.83,"28-Aug-2026",1044,"",""
"660","COFORGE","EQ",1915,2016.5,1911,2014.6,2014.6,1901.8,5516587,109339.88,"28-Aug-2026",172421,"",""
"661","COHANCE","EQ",453.7,454.75,447.25,449.9,450.45,454,272982,1230.23,"28-Aug-2026",9027,"",""
"662","COLPAL","EQ",1851.9,1851.9,1825,1826.9,1826.9,1845,283459,5190.86,"28-Aug-2026",39248,"",""
"663","COMFINTE","EQ",5.95,6.2,5.85,5.94,5.99,5.93,97517,5.78,"28-Aug-2026",302,"",""
"664","COMMITTED","SM",333.9,357,333.9,352.2,357,330.45,24000,83.2,"28-Aug-2026",21,"",""
"665","COMMOIETF","EQ",100.36,100.36,99.36,99.82,99.67,100.2,40558,40.42,"28-Aug-2026",1018,"",""
"666","COMPEAU","EQ",348.05,355,340,353.95,355,348.05,1520,5.27,"28-Aug-2026",39,"",""
"667","COMPINFO","BZ",1.04,1.12,1.04,1.08,1.08,1.07,38102,0.41,"28-Aug-2026",39,"",""
"668","COMPUSOFT","EQ",13.54,13.99,12.67,13.26,13.2,13.47,34546,4.64,"28-Aug-2026",282,"",""
"669","COMSYN","EQ",283.75,286.76,266.04,282,280.7,283.75,1058298,2909.87,"28-Aug-2026",5807,"",""
"670","CONCOR","EQ",502.35,520,502.35,516,516,493.05,4311023,22147.86,"28-Aug-2026",76983,"",""
"671","CONCORDBIO","EQ",1507.8,1519.7,1475.4,1481.1,1486,1481.9,88034,1314.18,"28-Aug-2026",11622,"",""
"672","CONFIPET","EQ",78.9,80.6,78.16,79.87,79.21,79.01,1407583,1121.37,"28-Aug-2026",8590,"",""
"673","CONNPLEX","SM",225,230,220,225.1,225.1,225,20000,45.19,"28-Aug-2026",25,"",""
"674","CONS","EQ",12.34,12.34,12.21,12.28,12.32,12.32,23314,2.86,"28-Aug-2026",130,"",""
"675","CONSOFINVT","BE",272,282.75,260.05,269,271.8,272,5588,14.98,"28-Aug-2026",37,"",""
"676","CONSUMAXIS","EQ",122.9,123.23,122.23,122.8,122.7,122.9,2122,2.6,"28-Aug-2026",23,"",""
"677","CONSUMBEES","EQ",133.23,133.85,132,132.58,132.1,133.22,95453,126.55,"28-Aug-2026",967,"",""
"678","CONSUMER","EQ",12.07,12.34,12.07,12.23,12.25,12.31,116527,14.28,"28-Aug-2026",381,"",""
"679","CONSUMIETF","EQ",123.61,124,122.97,123.2,123,124.16,6108,7.53,"28-Aug-2026",219,"",""
"680","CONTI","SM",10.5,10.95,10.15,10.95,10.95,10.45,273306,28.69,"28-Aug-2026",5,"",""
"681","CONTROLPR","EQ",594,612.7,594,598.2,604,596.7,31181,187.47,"28-Aug-2026",2354,"",""
"682","COOLCAPS","ST",19.85,20,19.35,19.85,19.85,19.9,58750,11.53,"28-Aug-2026",29,"",""
"683","CORALFINAC","EQ",34.16,34.16,33.16,33.26,33.86,33.8,19686,6.63,"28-Aug-2026",403,"",""
"684","CORDELIA","EQ",105,106.95,100.15,105.05,103.75,105,4082279,4192.19,"28-Aug-2026",13138,"",""
"685","CORDSCABLE","BE",245,251.99,245,251.23,251.6,244.2,19459,48.58,"28-Aug-2026",326,"",""
"686","COROMANDEL","EQ",1931,1943,1895.2,1913.7,1917,1928.4,115794,2215.88,"28-Aug-2026",18480,"",""
"687","CORONA","EQ",2093,2093.1,2054.1,2079.5,2085,2083.2,10524,218.26,"28-Aug-2026",2297,"",""
"688","COSMOFIRST","EQ",942.05,949,931.45,938.35,940,942.05,48392,455.03,"28-Aug-2026",3010,"",""
"689","COUNCODOS","BE",6.98,6.98,6.82,6.93,6.97,6.92,57913,4.02,"28-Aug-2026",270,"",""
"690","CPCAP","EQ",112.73,116.19,111,114.16,113.05,112.73,14367,16.31,"28-Aug-2026",409,"",""
"691","CPEDU","EQ",191.95,194.37,185,186.52,185.9,192.21,4888,9.16,"28-Aug-2026",104,"",""
"692","CPL","EQ",64.76,65.55,63.01,63.89,63.9,64.76,148670,96.02,"28-Aug-2026",1890,"",""
"693","CPPLUS","EQ",3630,3662,3552,3576.6,3570.9,3629.7,138494,4980.98,"28-Aug-2026",15638,"",""
"694","CPS","SM",1145.1,1150,1145.1,1150,1150,1145.1,300,3.44,"28-Aug-2026",2,"",""
"695","CPSEETF","EQ",94.9,94.9,92.51,92.76,92.84,92.59,981251,909.29,"28-Aug-2026",5515,"",""
"696","CRAFTSMAN","EQ",10949,11199.5,10858,11118,11097,10898,70823,7838.9,"28-Aug-2026",20516,"",""
"697","CRAMC","EQ",258,261.15,255.7,259.9,259.5,258.9,179348,464.09,"28-Aug-2026",5978,"",""
"698","CRAVATEX","EQ",332.6,332.6,328.3,328.3,328.3,332.6,25,0.08,"28-Aug-2026",6,"",""
"699","CRAYONS","SM",26.55,26.55,26.55,26.55,26.55,25.3,3000,0.8,"28-Aug-2026",3,"",""
"700","CREATIVEYE","EQ",6.36,6.36,6.06,6.18,6.29,6.06,8732,0.54,"28-Aug-2026",35,"",""
"701","CREDENT","ST",357,357,345,349.1,349,357.15,86400,300.83,"28-Aug-2026",98,"",""
"702","CREDITACC","EQ",1417,1422.8,1367.4,1391.7,1394,1425.9,488002,6762.65,"28-Aug-2026",43765,"",""
"703","CREST","EQ",363.4,378,363.05,371.95,372,371.85,938,3.48,"28-Aug-2026",99,"",""
"704","CRISIL","EQ",4707,4795.5,4690.7,4732.7,4740,4703.2,105229,5006.79,"28-Aug-2026",21347,"",""
"705","CRIZAC","EQ",175.95,178.08,171.8,172.9,173.5,175.78,149889,259.96,"28-Aug-2026",3924,"",""
"706","CROMPTON","EQ",240,240,230.7,233,233,237.9,5656422,13172.39,"28-Aug-2026",50707,"",""
"707","CROWN","EQ",104.06,105.49,101.44,102.7,103.8,105.1,4747,4.92,"28-Aug-2026",204,"",""
"708","CRSL","BE",2.39,2.62,2.38,2.62,2.62,2.5,656843,16.97,"28-Aug-2026",554,"",""
"709","CSBBANK","EQ",349,350.25,334.9,336.3,338,348.8,585124,2002.94,"28-Aug-2026",16994,"",""
"710","CSLFINANCE","EQ",230,236,228,230.92,229.99,226.87,43515,100.29,"28-Aug-2026",403,"",""
"711","CSM","EQ",97.2,98,96.61,97.4,97.5,97.14,40209,39.15,"28-Aug-2026",808,"",""
"712","CSSL","SM",94,95.95,93.5,93.5,93.5,92,5000,4.71,"28-Aug-2026",5,"",""
"713","CTE","BE",42.37,46.81,42.37,46.8,46.8,44.59,32796,15.13,"28-Aug-2026",185,"",""
"714","CUB","EQ",229.05,230.92,221.77,222.24,222.65,229.23,1085352,2443.13,"28-Aug-2026",21072,"",""
"715","CUBEINVIT","IV",156.57,157.2,155.87,156.6,156,156.57,832226,1306.38,"28-Aug-2026",3191,"",""
"716","CUBEXTUB","EQ",78.29,78.46,76.5,77.41,77,76.43,40364,31.21,"28-Aug-2026",1850,"",""
"717","CUDML","ST",102.25,102.25,99.05,99.05,99.05,104,39000,39.07,"28-Aug-2026",28,"",""
"718","CUMMINSIND","EQ",5215,5215,5126,5193,5193,5190,387326,19955.02,"28-Aug-2026",28413,"",""
"719","CUPID","EQ",278.2,287.94,274.25,282.33,282.28,276.65,15411651,43540.17,"28-Aug-2026",139501,"",""
"720","CURAA","EQ",69,70.05,69,70.05,70.05,69.27,5,0,"28-Aug-2026",3,"",""
"721","CURIS","SM",124.8,128,124.8,128,128,124.95,8000,10.19,"28-Aug-2026",8,"",""
"722","CURRENT","SM",96,96,96,96,96,100,1600,1.54,"28-Aug-2026",1,"",""
"723","CYBERMEDIA","EQ",18.42,18.96,17.85,18.78,18.88,18.41,11469,2.13,"28-Aug-2026",167,"",""
"724","CYBERTECH","BE",133.9,135.3,133.01,134.04,134,134.57,9216,12.36,"28-Aug-2026",134,"",""
"725","CYIENT","EQ",1042.05,1114.5,1039.2,1107.45,1111.4,1052.7,2503595,27311.76,"28-Aug-2026",81258,"",""
"726","CYIENTDLM","EQ",815,836.3,800,819.1,820,810.4,817892,6695.64,"28-Aug-2026",42558,"",""
"727","DABUR","EQ",387.7,387.7,383.1,386,386,386.2,1925866,7402.76,"28-Aug-2026",33459,"",""
"728","DAICHI","EQ",325.4,348,325.4,344.05,345,331.9,6004,20.18,"28-Aug-2026",130,"",""
"729","DALBHARAT","EQ",1876.2,1876.2,1832.3,1845.3,1842.4,1876.2,72320,1335.72,"28-Aug-2026",13172,"",""
"730","DALMIASUG","EQ",478.8,489.75,472.6,477.95,482.55,474.55,229150,1101.08,"28-Aug-2026",7601,"",""
"731","DAMCAPITAL","EQ",148.97,149.12,146,146.27,146.95,149.12,126736,186.29,"28-Aug-2026",2141,"",""
"732","DAMODARIND","BE",27.26,27.9,27,27.25,27.25,27.75,6645,1.82,"28-Aug-2026",28,"",""
"733","DANGEE","EQ",2.92,2.92,2.79,2.86,2.84,2.87,56001,1.6,"28-Aug-2026",131,"",""
"734","DANISH","SM",821.6,855.2,806.65,850.35,855.2,815.9,29850,249.6,"28-Aug-2026",162,"",""
"735","DATAMATICS","EQ",790.8,809.15,787.65,791.9,788.65,790.8,54584,435.22,"28-Aug-2026",3358,"",""
"736","DATAPATTNS","EQ",4676,4688.9,4608.5,4624.8,4627,4666.7,302955,14038.33,"28-Aug-2026",26632,"",""
"737","DAVANGERE","EQ",1.95,2.17,1.95,2.09,2.1,2.12,50635098,1045.43,"28-Aug-2026",11200,"",""
"738","DBCORP","EQ",206,206,201.92,202.57,202.51,205.17,41206,83.62,"28-Aug-2026",1341,"",""
"739","DBEIL","BE",6.67,6.67,6.22,6.39,6.4,6.54,134357,8.64,"28-Aug-2026",354,"",""
"740","DBL","EQ",408,411,404.45,406.95,410,407.55,71934,293.34,"28-Aug-2026",2372,"",""
"741","DBOL","EQ",126.5,130.9,123.78,125.42,126.35,123.34,362310,460.65,"28-Aug-2026",5619,"",""
"742","DBREALTY","EQ",107.01,109.5,105.5,107.37,107.5,106.85,1049285,1129.66,"28-Aug-2026",9676,"",""
"743","DBSTOCKBRO","BE",28,29.97,28,29.48,29.97,28.72,2741,0.8,"28-Aug-2026",43,"",""
"744","DCAL","EQ",177.22,178.18,173.1,174.77,175,177.22,253662,444.8,"28-Aug-2026",2440,"",""
"745","DCBBANK","EQ",217.85,217.85,212.5,212.97,213,217.51,1702351,3645.05,"28-Aug-2026",20293,"",""
"746","DCCL","SM",44,44.5,44,44.5,44.5,45,4000,1.77,"28-Aug-2026",2,"",""
"747","DCG","SM",53.25,54,53,54,54,53.25,4800,2.56,"28-Aug-2026",4,"",""
"748","DCI","EQ",418,464,402,410.05,411,413.85,1492745,6452.33,"28-Aug-2026",39920,"",""
"749","DCM","BE",80.5,81.4,78.6,78.96,78.6,81.5,20246,16.12,"28-Aug-2026",52,"",""
"750","DCMFINSERV","EQ",5.43,5.62,5.05,5.38,5.3,5.43,10587,0.56,"28-Aug-2026",63,"",""
"751","DCMNVL","EQ",193.99,196.99,188.41,192.85,193.81,190.98,22211,42.79,"28-Aug-2026",472,"",""
"752","DCMSHRIRAM","EQ",1025.6,1038,1015.1,1022.3,1025,1028.4,70239,719.98,"28-Aug-2026",7917,"",""
"753","DCMSIL","EQ",73.35,75.67,72.81,73.49,74.68,73.26,50800,37.89,"28-Aug-2026",304,"",""
"754","DCMSRIND","EQ",47.11,49.26,46.5,46.98,47.23,46.77,126969,60.42,"28-Aug-2026",796,"",""
"755","DCW","EQ",45.95,46.9,45.81,46.4,46.39,45.95,981591,455.51,"28-Aug-2026",4482,"",""
"756","DCXINDIA","EQ",173.88,178.89,173.88,177.81,178.02,173.99,591125,1049.07,"28-Aug-2026",5993,"",""
"757","DDEVPLSTIK","EQ",278.7,281.85,277,279.05,278.6,278.7,44046,122.47,"28-Aug-2026",1299,"",""
"758","DECCANCE","EQ",575,576.95,567,568.75,568.1,575.15,23021,131.78,"28-Aug-2026",357,"",""
"759","DECCANTRAN","SM",20.25,21.7,20.2,21.6,21.6,21.7,10800,2.22,"28-Aug-2026",9,"",""
"760","DECNGOLD","EQ",230.39,234.49,226.4,227.64,227.87,229.37,1156406,2657.4,"28-Aug-2026",15166,"",""
"761","DEEDEV","EQ",643.95,645,604.05,606.15,610.95,635.8,454298,2771.15,"28-Aug-2026",8997,"",""
"762","DEEP","EQ",37.24,37.25,36.06,36.95,36.95,37.44,3406,1.24,"28-Aug-2026",44,"",""
"763","DEEPAKFERT","EQ",1464.9,1464.9,1430,1436.3,1438,1455.3,117367,1692.45,"28-Aug-2026",13152,"",""
"764","DEEPAKNTR","EQ",1752.8,1787.9,1752.8,1762.9,1766.9,1752.8,186904,3313.73,"28-Aug-2026",16787,"",""
"765","DEEPINDS","EQ",666,685.25,666,674.45,672,667.35,184232,1249.47,"28-Aug-2026",7376,"",""
"766","DEFENCE","EQ",82.77,82.77,81.89,82.34,82.49,82.74,302122,248.63,"28-Aug-2026",887,"",""
"767","DELAPLEX","SM",105.1,113.8,105.1,111,112,101.4,49200,54.09,"28-Aug-2026",70,"",""
"768","DELHIVERY","EQ",466.7,471.05,460,470.2,470.2,466,1426037,6646.69,"28-Aug-2026",51166,"",""
"769","DELPHIFX","BE",6.64,6.64,6.2,6.42,6.47,6.48,95789,6.05,"28-Aug-2026",177,"",""
"770","DELTACORP","EQ",60.14,60.22,59.3,59.43,59.45,59.84,358522,213.71,"28-Aug-2026",2505,"",""
"771","DELTAMAGNT","EQ",60.35,60.35,56.1,57.55,57.55,57.22,587,0.34,"28-Aug-2026",38,"",""
"772","DELTIC","SM",33.5,34.5,33.5,34.5,34.5,34.35,3000,1.02,"28-Aug-2026",3,"",""
"773","DEN","EQ",28,28.65,27.98,28.31,28.25,28.12,193788,54.99,"28-Aug-2026",1205,"",""
"774","DENEERS","SM",173.4,187.85,172,174.9,174.95,176.05,20400,35.88,"28-Aug-2026",24,"",""
"775","DENORA","EQ",831.7,843.25,812,830.2,822.45,832.35,1639,13.56,"28-Aug-2026",341,"",""
"776","DENTA","EQ",285.1,287.1,282.2,283.75,284.1,284.5,54630,155.35,"28-Aug-2026",1843,"",""
"777","DENTALKART","SM",403,410.15,403,408.75,405.3,409.7,7500,30.46,"28-Aug-2026",21,"",""
"778","DEVIT","EQ",24.99,25.4,24.75,24.91,24.8,24.86,25314,6.36,"28-Aug-2026",179,"",""
"779","DEVX","EQ",34.67,36.14,34.51,35.92,36.14,34.98,262973,92.85,"28-Aug-2026",1310,"",""
"780","DEVYANI","EQ",146.5,146.79,139.16,139.94,140.45,146.11,2546557,3606.32,"28-Aug-2026",22984,"",""
"781","DGCONTENT","EQ",24.44,24.97,23.84,23.85,23.84,24,9947,2.41,"28-Aug-2026",52,"",""
"782","DHABRIYA","BE",536.9,555.55,520,552.2,550.05,536.9,11244,61,"28-Aug-2026",284,"",""
"783","DHAMPURSUG","EQ",173,178.46,171.96,175.23,175.84,170.92,890434,1557.4,"28-Aug-2026",11082,"",""
"784","DHANBANK","EQ",32.72,33,32.06,32.27,32.3,32.72,500508,162.22,"28-Aug-2026",2017,"",""
"785","DHANLAXMI","SM",25.05,25.05,25,25,25,25,4000,1,"28-Aug-2026",2,"",""
"786","DHANSA","SM",26,26,25.95,26,26,24.8,28000,7.28,"28-Aug-2026",11,"",""
"787","DHANUKA","EQ",985.8,999,972.2,976.1,979,985.8,27694,271.74,"28-Aug-2026",4803,"",""
"788","DHARAN","BZ",0.16,0.17,0.15,0.15,0.16,0.16,9404338,14.99,"28-Aug-2026",1132,"",""
"789","DHARARAIL","ST",149.95,149.95,149.95,149.95,149.95,149.95,1000,1.5,"28-Aug-2026",1,"",""
"790","DHARIWAL","SM",19.4,19.7,18.6,19.7,19.7,18.8,111000,21.72,"28-Aug-2026",30,"",""
"791","DHARMAJ","EQ",270.25,272.35,269.8,270.45,271.85,270.8,20846,56.37,"28-Aug-2026",539,"",""
"792","DHATRE","EQ",4.42,4.42,4.15,4.24,4.24,4.32,19182,0.81,"28-Aug-2026",117,"",""
"793","DHOOTTRANS","EQ",1509,1510.9,1431.25,1454.9,1446,1499.85,2198048,32248.88,"28-Aug-2026",83558,"",""
"794","DHRUV","EQ",24.2,24.47,23.1,23.22,23.21,24.2,7212,1.69,"28-Aug-2026",121,"",""
"795","DHTL","SM",32.4,32.45,32.4,32.45,32.45,31.35,1600,0.52,"28-Aug-2026",2,"",""
"796","DHUNINV","EQ",1050.2,1073,1011.85,1026.45,1028,1046.5,2491,25.98,"28-Aug-2026",187,"",""
"797","DIACABS","BE",342,353,335,349.4,349.95,338.6,905525,3112.75,"28-Aug-2026",10645,"",""
"798","DIAMINESQ","EQ",240.8,245.99,240.1,243.27,245.9,244.38,14898,36.23,"28-Aug-2026",231,"",""
"799","DIAMONDYD","EQ",1170.1,1175.9,1150,1162.8,1169,1175,11325,131.68,"28-Aug-2026",1485,"",""
"800","DICIND","EQ",601.1,611.95,598.6,605.6,605,601.3,2697,16.33,"28-Aug-2026",155,"",""
"801","DIFFNKG","EQ",406.5,419.7,400.25,411,412.2,402.55,75646,308.74,"28-Aug-2026",1989,"",""
"802","DIGIDRIVE","EQ",17.32,18,17.32,17.71,17.6,17.77,5144,0.91,"28-Aug-2026",99,"",""
"803","DIGIKORE","SM",35.7,39.8,30.25,37.55,39.4,35.7,443600,151.94,"28-Aug-2026",663,"",""
"804","DIGISPICE","EQ",16.99,17.72,16.91,17.07,17,16.99,51653,8.9,"28-Aug-2026",248,"",""
"805","DIGITIDE","EQ",101.85,103.95,98.5,99.46,98.6,102.44,357370,359.29,"28-Aug-2026",3466,"",""
"806","DIGJAMLMTD","EQ",53,53.48,50.22,51.31,50.7,52,3184,1.66,"28-Aug-2026",64,"",""
"807","DISAQ","EQ",11754,12400,11734,12208,12252,11590,819,98.36,"28-Aug-2026",563,"",""
"808","DISHTV","EQ",2.72,2.86,2.69,2.82,2.79,2.73,1605915,44.48,"28-Aug-2026",1304,"",""
"809","DIVGIITTS","EQ",1200,1204.05,1156.55,1175.15,1172.4,1195.5,114049,1332.27,"28-Aug-2026",8804,"",""
"810","DIVIDEND","EQ",35.61,35.93,35.6,35.82,35.83,35.57,33710,12.08,"28-Aug-2026",64,"",""
"811","DIVINEHIRA","ST",114.1,118.5,114.1,116.95,117.9,117.75,13200,15.49,"28-Aug-2026",11,"",""
"812","DIVISLAB","EQ",9099.5,9270,9080.5,9239,9239,9060,773225,71067.43,"28-Aug-2026",56456,"",""
"813","DIVOPPBEES","EQ",77.84,77.87,77.32,77.44,77.32,77.32,45047,34.93,"28-Aug-2026",633,"",""
"814","DIVYADHAN","ST",41.9,41.9,41.9,41.9,41.9,44.1,2000,0.84,"28-Aug-2026",1,"",""
"815","DIXON","EQ",14811,14920,14650,14650,14650,14711,223996,33178.65,"28-Aug-2026",32959,"",""
"816","DJML","EQ",72.9,76.08,67.57,72.19,71.11,73.08,212993,153.31,"28-Aug-2026",2029,"",""
"817","DLF","EQ",680,682.95,672.5,679.8,679.8,676.15,1060004,7179.99,"28-Aug-2026",30945,"",""
"818","DLINKINDIA","EQ",439.3,448.9,438,443.25,443.2,438,54705,242.36,"28-Aug-2026",2234,"",""
"819","DMART","EQ",3850,3853.9,3822,3830.6,3830.6,3847.4,276877,10620.58,"28-Aug-2026",19223,"",""
"820","DMCC","EQ",277.75,311.95,277.75,301,302,279.1,527305,1595.5,"28-Aug-2026",16514,"",""
"821","DNAMEDIA","EQ",2.55,2.75,2.5,2.57,2.55,2.6,35825,0.93,"28-Aug-2026",153,"",""
"822","DODLA","EQ",1090.4,1110.9,1075.2,1093.4,1105.1,1090.5,53044,573.63,"28-Aug-2026",3763,"",""
"823","DOLATALGO","EQ",74.31,74.31,72.51,72.82,73.45,73.76,82639,60.31,"28-Aug-2026",1040,"",""
"824","DOLLAR","EQ",265.1,271,265,268.7,270,265.25,73785,198.13,"28-Aug-2026",1558,"",""
"825","DOLLEX","SM",34.3,35.8,33.4,35.35,35.8,33.45,32000,10.9,"28-Aug-2026",8,"",""
"826","DOLPHIN","EQ",628.2,640,605.35,612.55,611.1,628.2,47390,295.38,"28-Aug-2026",1875,"",""
"827","DOMS","EQ",2193,2214.4,2186.1,2198.9,2205,2214.9,25988,572.63,"28-Aug-2026",4637,"",""
"828","DONEAR","EQ",84.98,85.4,83.95,84.75,84.26,84.46,10670,9.01,"28-Aug-2026",109,"",""
"829","DPABHUSHAN","EQ",1529.9,1548.9,1475.4,1483,1486,1521.2,28136,423.23,"28-Aug-2026",2895,"",""
"830","DPEL","SM",572,580,570,572.5,572,566.05,18500,106.34,"28-Aug-2026",31,"",""
"831","DPSCLTD","BE",7.26,7.45,7.15,7.19,7.2,7.36,69930,5.08,"28-Aug-2026",319,"",""
"832","DPWIRES","BE",158.3,159,152.05,153.01,156.9,155.2,4954,7.64,"28-Aug-2026",127,"",""
"833","DRAGARWQ","EQ",5229.5,5275,5175.5,5245.5,5250,5176.5,780,40.8,"28-Aug-2026",294,"",""
"834","DRCSYSTEMS","EQ",12.63,12.95,12.63,12.71,12.75,12.79,37580,4.79,"28-Aug-2026",193,"",""
"835","DREAMFOLKS","EQ",67.99,68.49,66.86,67.06,66.95,67.31,21252,14.31,"28-Aug-2026",650,"",""
"836","DREDGECORP","EQ",1111.1,1131.8,1108.1,1120.4,1121.5,1115.8,131251,1473.89,"28-Aug-2026",6149,"",""
"837","DRONE","SM",35.5,39,34.85,37.95,37.85,35.3,48000,17.82,"28-Aug-2026",66,"",""
"838","DRREDDY","EQ",1175,1186.6,1172.5,1178,1178,1177,682712,8046.86,"28-Aug-2026",25106,"",""
"839","DSFCL","BE",26.97,27.24,26.97,27.16,27.16,26.97,43539,11.8,"28-Aug-2026",51,"",""
"840","DSKULKARNI","BE",18.31,18.31,18.31,18.31,18.31,17.96,39,0.01,"28-Aug-2026",2,"",""
"841","DSSL","EQ",1081.5,1084.1,1067,1069.9,1072,1078,11157,119.8,"28-Aug-2026",1366,"",""
"842","DTIL","EQ",170.99,171.3,165.32,167.09,167.8,173.94,32402,54.43,"28-Aug-2026",821,"",""
"843","DTL","SM",120,120,120,120,120,125,1200,1.44,"28-Aug-2026",1,"",""
"844","DUCOL","SM",110,112,110,111.95,111.95,107.45,4800,5.32,"28-Aug-2026",6,"",""
"845","DUCON","EQ",2.17,2.17,2.06,2.07,2.07,2.17,1573568,33.02,"28-Aug-2026",937,"",""
"846","DUGLOBAL","SM",26.5,28.5,25.95,27.2,28.5,26.8,7500,2.02,"28-Aug-2026",3,"",""
"847","DURLAX","SM",68.8,69,65.3,66,66,67.6,322000,213.54,"28-Aug-2026",59,"",""
"848","DVL","EQ",291.55,293.14,278,279.37,280.25,293.97,18238,51.69,"28-Aug-2026",728,"",""
"849","DWARKESH","EQ",51.87,53.89,50.97,51.89,52.41,51.18,4452694,2329.15,"28-Aug-2026",18049,"",""
"850","DYCL","EQ",449,491,447.2,487.6,489,448.25,2566700,12342.75,"28-Aug-2026",54805,"",""
"851","DYNAMATECH","EQ",11497,11615,11390,11436,11485,11497,4340,497.96,"28-Aug-2026",1838,"",""
"852","DYNAMIC","ST",137.55,138,137.55,138,138,141,1500,2.07,"28-Aug-2026",3,"",""
"853","DYNPRO","EQ",236.5,236.5,223.1,228.55,228.3,232.4,18143,41.75,"28-Aug-2026",803,"",""
"854","E2E","BE",632,634.9,599,616.4,618,618.1,304250,1874.39,"28-Aug-2026",10158,"",""
"855","E2ERAIL","SM",270,285.8,270,275.8,278.9,276.4,33600,92.82,"28-Aug-2026",41,"",""
"856","EASEMYTRIP","EQ",6.11,6.18,6.06,6.12,6.13,6.1,8588475,526.56,"28-Aug-2026",4785,"",""
"857","EASTSILK","BE",59.58,65.4,59.58,64.99,64.99,62.71,270,0.18,"28-Aug-2026",11,"",""
"858","EASTWEST","EQ",2.46,2.57,2.44,2.49,2.54,2.49,17311,0.43,"28-Aug-2026",93,"",""
"859","EBANK10","EQ",16.7,17,16.7,16.75,16.98,16.94,126,0.02,"28-Aug-2026",4,"",""
"860","EBANKNIFTY","EQ",58.56,58.56,57.76,58.13,58.14,58.27,2684,1.56,"28-Aug-2026",21,"",""
"861","EBBETF0430","EQ",1610.9,1610.9,1600.17,1605.93,1604.5,1606.16,30958,497.11,"28-Aug-2026",289,"",""
"862","EBBETF0431","EQ",1430.02,1437.28,1430.01,1432.21,1432.02,1432.87,8631,123.53,"28-Aug-2026",62,"",""
"863","EBBETF0433","EQ",1310.98,1313,1310.98,1311.6,1311.6,1310.98,1034,13.56,"28-Aug-2026",66,"",""
"864","EBGNG","EQ",584.9,638.25,578,635.1,630.1,580.25,1346148,8374.21,"28-Aug-2026",31132,"",""
"865","EBIX","EQ",22.39,22.39,20.98,21.69,21.51,21.5,108719,23.6,"28-Aug-2026",302,"",""
"866","ECAPINSURE","EQ",24.38,24.64,24.06,24.24,24.31,24.45,30336,7.35,"28-Aug-2026",288,"",""
"867","ECLERX","EQ",1938.9,1998,1930,1955.5,1945,1940.9,188636,3703.11,"28-Aug-2026",20551,"",""
"868","ECOLINE","ST",176.45,181,176.45,180.65,181,182,7000,12.6,"28-Aug-2026",5,"",""
"869","ECORECO","EQ",457.7,470,451.5,467.65,470,459.95,9337,42.9,"28-Aug-2026",607,"",""
"870","ECOSMOBLTY","BE",112.8,114.9,112.8,113.39,113.2,114.09,28130,32.06,"28-Aug-2026",317,"",""
"871","EDELWEISS","EQ",125.01,127.7,124.07,125.42,125.36,124.61,3373693,4244.98,"28-Aug-2026",25777,"",""
"872","EEPL","SM",152.5,156.5,150,154.1,152.5,152.8,43000,65.99,"28-Aug-2026",43,"",""
"873","EFACTOR","SM",199,200,185.05,196,196,192,5200,10.06,"28-Aug-2026",13,"",""
"874","EFCIL","EQ",200.31,202.9,196.81,202.26,202,198.72,162859,326.34,"28-Aug-2026",4647,"",""
"875","EFFWA","ST",310.1,323.3,304,305.35,307,315.8,28400,88.36,"28-Aug-2026",45,"",""
"876","EFORCE","SM",21.3,21.3,20.85,20.85,20.85,21.45,2400,0.51,"28-Aug-2026",2,"",""
"877","EGOLD","EQ",157.15,158.15,156.2,158.1,158,157.15,46623,73.48,"28-Aug-2026",503,"",""
"878","EICHERMOT","EQ",8140,8140,8003,8059,8059,8100,337007,27159.67,"28-Aug-2026",35904,"",""
"879","EIDPARRY","EQ",801.95,818.2,800,805.3,806,795.3,567851,4591.97,"28-Aug-2026",24645,"",""
"880","EIEL","EQ",201.8,201.8,197.8,199.23,199.2,201.04,296099,588.98,"28-Aug-2026",5702,"",""
"881","EIFFL","BE",300,305.1,293.55,301.95,301.95,295.2,2548,7.62,"28-Aug-2026",76,"",""
"882","EIHAHOTELS","EQ",302.55,302.55,299,301.8,302,302.55,6180,18.61,"28-Aug-2026",247,"",""
"883","EIHOTEL","EQ",302.15,302.15,296.35,297.8,297.95,300.05,52017,155.5,"28-Aug-2026",3114,"",""
"884","EIMCOELECO","EQ",2225.5,2232.5,2182.1,2196.1,2197,2211.2,14369,316.93,"28-Aug-2026",2454,"",""
"885","EKC","EQ",109,109.92,108.5,108.87,109.5,109.16,66898,72.92,"28-Aug-2026",1164,"",""
"886","EKI","EQ",74.75,77.98,73,74.21,75.1,77.24,23089,17.31,"28-Aug-2026",460,"",""
"887","ELANTAS","EQ",11690,11700,11404,11475,11500,11583.5,927,106.72,"28-Aug-2026",287,"",""
"888","ELCIDIN","EQ",109900,109900,106000,109000,109000,109130,5,5.42,"28-Aug-2026",5,"",""
"889","ELDEHSG","EQ",809.75,823.65,787.5,799.2,792.35,781.8,1453,11.75,"28-Aug-2026",115,"",""
"890","ELECON","EQ",423.25,428.65,420.05,425.25,426.3,423.25,259116,1101.83,"28-Aug-2026",11941,"",""
"891","ELECTCAST","EQ",79,82.4,78.84,81.5,81.3,78.99,3779745,3058.58,"28-Aug-2026",18271,"",""
"892","ELECTHERM","EQ",1031.8,1034.8,1012.9,1016.1,1019.9,1032.9,9988,102.41,"28-Aug-2026",383,"",""
"893","ELGIEQUIP","EQ",599.9,631,596,628.85,627.5,599.25,1169585,7225.22,"28-Aug-2026",29262,"",""
"894","ELGIRUBCO","EQ",59.5,63.6,57.5,60.94,60.55,58.16,134200,81.72,"28-Aug-2026",2225,"",""
"895","ELGNZ","SM",93.05,97.6,93.05,94.7,94.25,95.15,11000,10.47,"28-Aug-2026",9,"",""
"896","ELIN","EQ",101.39,106.75,100.55,104.88,103.72,100.64,965462,1003.83,"28-Aug-2026",8830,"",""
"897","ELIQUID","EQ",1045.73,1045.75,1045.73,1045.75,1045.75,1045.32,2494,26.08,"28-Aug-2026",9,"",""
"898","ELITECON","EQ",11.2,11.2,11.2,11.2,11.2,11.78,1116613,125.06,"28-Aug-2026",3079,"",""
"899","ELLEN","EQ",330.8,332.6,319,319.8,319.6,325.8,277761,897.16,"28-Aug-2026",5538,"",""
"900","ELM250","EQ",16.82,16.9,16.75,16.88,16.76,16.83,97601,16.47,"28-Aug-2026",171,"",""
"901","ELMDIV","EQ",37.34,37.34,36.65,36.65,36.65,36.95,563,0.21,"28-Aug-2026",15,"",""
"902","ELPROINTL","EQ",175.01,175.87,174.29,174.71,175,173.21,7211,12.6,"28-Aug-2026",132,"",""
"903","EMAMILTD","EQ",388,388.55,378.3,379.4,381,387.7,1065144,4076.42,"28-Aug-2026",29906,"",""
"904","EMAMIPAP","BE",118,118,112.45,114.24,115.05,120.38,35350,40.6,"28-Aug-2026",299,"",""
"905","EMAMIREAL","EQ",68.99,70.9,67.1,70.16,70.48,67.57,10252,7.19,"28-Aug-2026",337,"",""
"906","EMAPARTNER","SM",92.9,92.9,87.05,88,87.05,85.4,6000,5.32,"28-Aug-2026",6,"",""
"907","EMBASSY","RR",437.99,439.5,435.86,437.22,436.95,437.19,438338,1920.17,"28-Aug-2026",17959,"",""
"908","EMBDL","EQ",62.39,64.34,62.39,62.78,62.77,62.16,2970745,1884.7,"28-Aug-2026",13459,"",""
"909","EMCURE","EQ",1878.9,1893,1850,1869.4,1866,1878.4,133174,2486.93,"28-Aug-2026",21731,"",""
"910","EMETAL","EQ",13.63,13.63,13.42,13.53,13.54,13.3,15808,2.13,"28-Aug-2026",42,"",""
"911","EMIL","EQ",178,181,176.2,177.35,176.5,178.99,724327,1291.69,"28-Aug-2026",9310,"",""
"912","EMKAY","EQ",239,259.9,239,251.59,251,239.73,77078,193.53,"28-Aug-2026",2777,"",""
"913","EMKAYTOOLS","SM",95.75,99,94.2,94.2,94.2,96.8,1500,1.46,"28-Aug-2026",6,"",""
"914","EMMBI","BE",82.47,86.5,81.24,86,86,82.4,11633,9.81,"28-Aug-2026",97,"",""
"915","EMMIL","SM",124,130,123,130,130,124,4500,5.69,"28-Aug-2026",13,"",""
"916","EMMVEE","EQ",327.3,331,322.75,324.1,324.65,327.3,737469,2391.07,"28-Aug-2026",17520,"",""
"917","EMPIND","EQ",1248,1248,1209,1214.2,1215,1212.7,3295,40.06,"28-Aug-2026",266,"",""
"918","EMPOWER","EQ",2.12,2.12,2.12,2.12,2.12,2.23,1655980,35.11,"28-Aug-2026",1077,"",""
"919","EMSLIMITED","EQ",383,383.7,376.55,377.85,378.4,381.1,86423,327.16,"28-Aug-2026",2783,"",""
"920","EMUDHRA","EQ",559.25,564,550.4,559.65,555.15,559.25,121659,678.85,"28-Aug-2026",4329,"",""
"921","EMULTIMQ","EQ",42.6,42.6,42.05,42.2,42.58,42.39,27075,11.5,"28-Aug-2026",126,"",""
"922","ENCOMPAS","SM",251.15,251.15,250,251,251,248.05,14800,37.15,"28-Aug-2026",5,"",""
"923","ENDURANCE","EQ",2945.8,2985,2913.6,2929.2,2943.9,2944.8,119626,3511.46,"28-Aug-2026",14858,"",""
"924","ENERGY","EQ",39.06,39.06,38.15,38.23,38.26,38.29,232113,88.84,"28-Aug-2026",1055,"",""
"925","ENERGYDEV","EQ",16.13,16.39,16,16.06,16,16.13,19571,3.17,"28-Aug-2026",250,"",""
"926","ENEXT50","EQ",75.15,75.8,73.99,74,74,74.78,1292,0.96,"28-Aug-2026",25,"",""
"927","ENFUSE","SM",160,160,160,160,160,161,600,0.96,"28-Aug-2026",1,"",""
"928","ENGINERSIN","EQ",247.5,254.59,246.76,253.72,254,246.96,4342151,10965.03,"28-Aug-2026",63553,"",""
"929","ENIFTY","EQ",24.37,24.43,24.29,24.35,24.36,24.37,1045,0.25,"28-Aug-2026",49,"",""
"930","ENIL","EQ",104.98,108.23,103,104.89,104.02,104.41,20428,21.66,"28-Aug-2026",704,"",""
"931","ENKEIWHEL","EQ",396,400,385,400,400,396.95,8474,33.56,"28-Aug-2026",45,"",""
"932","ENRIN","EQ",3267,3290,3227.2,3242.6,3245,3256.4,253686,8241.6,"28-Aug-2026",26280,"",""
"933","ENSER","SM",15.3,15.3,14.5,14.9,15.3,15.2,80000,12.04,"28-Aug-2026",16,"",""
"934","ENTERO","EQ",1749.6,1838,1745.2,1808.6,1807,1753.5,815739,14757.31,"28-Aug-2026",51329,"",""
"935","ENVIRO","SM",69,71.8,68.1,70.95,71,69.95,10000,7.06,"28-Aug-2026",9,"",""
"936","EPACK","EQ",196.75,197.5,190.98,191.95,192.95,196.86,829652,1600.11,"28-Aug-2026",11692,"",""
"937","EPACKPEB","EQ",233.95,233.95,218.8,225.65,226.55,233.95,394792,901.68,"28-Aug-2026",5160,"",""
"938","EPIGRAL","EQ",1206.4,1241,1204,1232.8,1235,1206.4,51366,629.05,"28-Aug-2026",5833,"",""
"939","EPL","EQ",252.8,259.2,247.45,251.94,252,252.8,1428390,3613.38,"28-Aug-2026",21441,"",""
"940","EPWINDIA","ST",256,256,255,255,255,265,3600,9.19,"28-Aug-2026",3,"",""
"941","EQUAL200","EQ",14.04,14.05,13.96,13.99,14.01,14.02,16273,2.27,"28-Aug-2026",66,"",""
"942","EQUAL50","EQ",334.5,334.58,333.41,334.29,334.29,334.28,4997,16.7,"28-Aug-2026",26,"",""
"943","EQUAL50ADD","EQ",345.3,347.12,344.75,345.92,347.12,345.36,5565,19.23,"28-Aug-2026",184,"",""
"944","EQUIPPP","BE",23.07,23.68,22.21,23.4,23.4,23.18,5303,1.24,"28-Aug-2026",16,"",""
"945","EQUITASBNK","EQ",74.17,74.5,73.49,73.9,74.1,74.17,898730,664.5,"28-Aug-2026",10111,"",""
"946","ERIS","EQ",1310,1325.1,1295,1314.8,1325,1312.2,86138,1127.34,"28-Aug-2026",11490,"",""
"947","ESABINDIA","EQ",6112,6216,6039,6162,6151,6095.5,5270,322.8,"28-Aug-2026",2214,"",""
"948","ESAFSFB","BE",44.38,44.99,43.8,44.71,44.76,43.97,493495,220.58,"28-Aug-2026",2017,"",""
"949","ESCONET","SM",182.1,199,180,198.2,198.8,186.05,29600,56.43,"28-Aug-2026",60,"",""
"950","ESCORTS","EQ",2974.1,3056.2,2974,3015.5,3008.8,2974.1,65907,1992.26,"28-Aug-2026",13016,"",""
"951","ESENSEX","EQ",77.97,78.09,77.67,77.96,77.96,78.13,163,0.13,"28-Aug-2026",12,"",""
"952","ESFL","SM",119.25,124.45,119.25,123.4,122.25,120.95,18720,22.67,"28-Aug-2026",38,"",""
"953","ESG","EQ",41.48,41.61,41.35,41.5,41.5,41.53,7927,3.29,"28-Aug-2026",51,"",""
"954","ESILVER","EQ",237,241.88,236.02,240.2,240.1,236.99,192609,462.38,"28-Aug-2026",3207,"",""
"955","ESPRIT","SM",67.95,67.95,64.75,64.75,64.75,66.25,6400,4.24,"28-Aug-2026",4,"",""
"956","ESSARSHPNG","EQ",16.79,17.29,16.62,16.77,16.8,16.79,153219,25.94,"28-Aug-2026",511,"",""
"957","ESSENTIA","EQ",1.05,1.08,1.03,1.08,1.08,1.03,1512552,16.22,"28-Aug-2026",372,"",""
"958","ESTER","EQ",93.14,94.47,93.01,93.73,93.9,93,41734,39.1,"28-Aug-2026",795,"",""
"959","ETERNAL","EQ",329.1,330,324.3,328,328,328.5,31385139,102772.04,"28-Aug-2026",156665,"",""
"960","ETHOSLTD","EQ",2883.2,2910,2850.2,2875.1,2895,2891,18140,523.49,"28-Aug-2026",3573,"",""
"961","ETL","SM",1060,1120,1012.1,1104,1120,1063.8,2700,29.11,"28-Aug-2026",15,"",""
"962","ETML","SM",80.05,82,79.4,81.7,81.7,82.85,9600,7.79,"28-Aug-2026",7,"",""
"963","EUREKAFORB","EQ",433.5,440.3,426,427.75,428,433.15,101179,440.06,"28-Aug-2026",5591,"",""
"964","EUROBOND","EQ",155,155,148,150.32,150.55,151.24,21463,32.3,"28-Aug-2026",193,"",""
"965","EUROPRATIK","EQ",255,258.6,253.15,257.45,257.2,254.05,191858,493.76,"28-Aug-2026",1670,"",""
"966","EVEREADY","EQ",342.7,345.1,335.6,337.1,337,342.7,61683,208.65,"28-Aug-2026",1765,"",""
"967","EVERESTIND","BE",428.55,439,425,434.75,438,435.1,3547,15.32,"28-Aug-2026",99,"",""
"968","EVIETF","EQ",33.57,34.24,33.38,33.67,33.69,33.51,137730,46.23,"28-Aug-2026",541,"",""
"969","EVINDIA","EQ",34.33,34.33,33.41,33.58,33.56,33.5,263880,88.57,"28-Aug-2026",1477,"",""
"970","EXCELINDUS","EQ",1046,1048.5,1025.2,1030.85,1025.2,1041.6,7207,74.64,"28-Aug-2026",674,"",""
"971","EXCELLENT","ST",210,216,204,210,210,214,8000,16.8,"28-Aug-2026",5,"",""
"972","EXCELSOFT","EQ",72,72,70.9,71.03,71.22,71.53,139173,99.25,"28-Aug-2026",1246,"",""
"973","EXICOM","EQ",156.15,171.39,156.15,167.93,169,156.14,5278089,8851.11,"28-Aug-2026",47574,"",""
"974","EXIDEIND","EQ",438.05,457.9,437.75,444.6,443.5,437.75,6027670,27113.19,"28-Aug-2026",80903,"",""
"975","EXPLEOSOL","EQ",873.7,897,872,875.75,877.05,873.7,21427,189.01,"28-Aug-2026",1508,"",""
"976","EXXARO","EQ",6.2,7.42,6.2,7.41,7.42,6.19,12072793,890.79,"28-Aug-2026",6423,"",""
"977","FABTECH","EQ",146.24,148.99,146,147.56,148.04,146.97,51330,75.66,"28-Aug-2026",673,"",""
"978","FACT","EQ",839,850,829.6,832.5,833.6,842.55,165741,1387.78,"28-Aug-2026",8005,"",""
"979","FAIRCHEMOR","BE",672,680,663.25,680,680,676,1871,12.55,"28-Aug-2026",66,"",""
"980","FALCONTECH","SM",12.9,12.9,12.9,12.9,12.9,12.9,1200,0.15,"28-Aug-2026",1,"",""
"981","FASCINATE","ST",94,94,93.6,93.6,93.6,98.5,209600,196.19,"28-Aug-2026",39,"",""
"982","FAZE3Q","EQ",488.6,501.5,484,491.05,490,485.75,22544,110.76,"28-Aug-2026",746,"",""
"983","FCL","EQ",48.65,50.49,47.81,50.03,49.95,48.49,11903879,5876.18,"28-Aug-2026",28478,"",""
"984","FCSSOFT","EQ",1.47,1.52,1.44,1.5,1.51,1.45,3112760,45.69,"28-Aug-2026",1160,"",""
"985","FDC","EQ",345.05,349.85,341.2,342.5,344.9,343.85,130650,450.62,"28-Aug-2026",6050,"",""
"986","FEDDERSHOL","EQ",44.85,45.1,43.9,43.99,44,43.11,672325,297.42,"28-Aug-2026",874,"",""
"987","FEDERALBNK","EQ",343.05,345.85,342.25,344.25,344.25,344.8,3391019,11662.46,"28-Aug-2026",96165,"",""
"988","FEDFINA","EQ",157,160.77,154.85,158.94,158.1,157.94,602415,956.32,"28-Aug-2026",6767,"",""
"989","FEL","BZ",0.4,0.4,0.39,0.39,0.4,0.39,99311,0.39,"28-Aug-2026",98,"",""
"990","FELDVR","BZ",2.35,2.35,2.21,2.34,2.34,2.3,2431,0.06,"28-Aug-2026",12,"",""
"991","FELIX","SM",178.25,179.3,174.6,177.15,176.25,178.7,46500,82.19,"28-Aug-2026",69,"",""
"992","FERMENTA","EQ",492.25,519.9,486.1,509.9,509.5,486.25,198787,1014.18,"28-Aug-2026",10042,"",""
"993","FIBERWEB","EQ",26.55,26.9,26.31,26.7,26.75,26.42,10118,2.7,"28-Aug-2026",72,"",""
"994","FIEMIND","EQ",2070.8,2102.8,2067.2,2087.7,2086.5,2067.2,45157,941.19,"28-Aug-2026",7001,"",""
"995","FILATEX","EQ",78.35,79.75,77.45,78.89,78.44,78.31,1752425,1377.36,"28-Aug-2026",7463,"",""
"996","FILATFASH","EQ",0.19,0.19,0.18,0.18,0.19,0.18,14509523,26.58,"28-Aug-2026",1486,"",""
"997","FINBUD","SM",130,131.95,126,131.95,131.95,130.5,16000,20.66,"28-Aug-2026",12,"",""
"998","FINCABLES","EQ",1298,1308.15,1283.1,1297.9,1300,1291.15,443359,5742.21,"28-Aug-2026",21204,"",""
"999","FINEORG","EQ",5258.1,5312,5187,5282.5,5295,5258.2,23657,1244.49,"28-Aug-2026",9659,"",""
"1000","FINIETF","EQ",33.45,33.45,33.19,33.26,33.39,33.44,160164,53.3,"28-Aug-2026",1194,"",""
"1001","FINKURVE","EQ",78,79.6,74,75.56,75.5,78.18,109029,84.03,"28-Aug-2026",1315,"",""
"1002","FINOPB","EQ",141.05,144.19,141,141.57,142.15,143.06,109487,155.8,"28-Aug-2026",1986,"",""
"1003","FINPIPE","EQ",160.54,162,160.1,160.56,161.2,160.54,300382,483,"28-Aug-2026",12861,"",""
"1004","FIRSTCRY","EQ",188.53,189.5,184.97,185.48,185.34,188.26,752050,1399.23,"28-Aug-2026",12279,"",""
"1005","FISCHER","EQ",35.53,36.5,34.89,35.44,36.3,35.27,1086361,385.13,"28-Aug-2026",3644,"",""
"1006","FIVESTAR","EQ",533.15,539.7,530.85,537.85,539,533.75,347854,1862.3,"28-Aug-2026",21238,"",""
"1007","FLAIR","EQ",247.5,251.6,246.65,249.3,249.2,247.95,31596,78.43,"28-Aug-2026",1064,"",""
"1008","FLEXIADD","EQ",10.18,10.27,10.18,10.24,10.25,10.2,88380,9.05,"28-Aug-2026",182,"",""
"1009","FLEXITUFF","BE",2.6,2.65,2.57,2.58,2.6,2.61,48352,1.26,"28-Aug-2026",84,"",""
"1010","FLFL","BZ",1.17,1.2,1.11,1.15,1.15,1.15,26848,0.32,"28-Aug-2026",56,"",""
"1011","FLUOROCHEM","EQ",4672.1,4789,4642.3,4771.2,4770,4672.1,111013,5241.21,"28-Aug-2026",11729,"",""
"1012","FLYSBS","SM",605,634,598,617.55,624,596.45,205800,1281.31,"28-Aug-2026",553,"",""
"1013","FMCGADD","EQ",47.47,47.9,46.84,47.33,47.16,47.47,37492,17.62,"28-Aug-2026",214,"",""
"1014","FMCGIETF","EQ",50.8,50.8,50.21,50.34,50.48,50.61,1623851,818.41,"28-Aug-2026",5951,"",""
"1015","FMGOETZE","EQ",576.15,614.8,561.95,602.05,609,545.55,18185623,108234.93,"28-Aug-2026",259520,"",""
"1016","FMNL","EQ",10.75,11.15,10.31,11,11,10.62,65746,7.16,"28-Aug-2026",148,"",""
"1017","FOCUS","BE",68.49,68.49,67.1,67.49,67.5,66.72,17113,11.56,"28-Aug-2026",80,"",""
"1018","FONEBOX","SM",95.55,95.55,90.65,95.5,95.55,91,37000,33.8,"28-Aug-2026",37,"",""
"1019","FOODSIN","EQ",54.32,54.45,52.3,52.87,52.5,53.15,37977,20.24,"28-Aug-2026",858,"",""
"1020","FORCAS","ST",216.95,216.95,201.05,214,214,210,17600,36.91,"28-Aug-2026",9,"",""
"1021","FORCEMOT","EQ",17355,17469,17280,17370,17370,17375,39573,6865.98,"28-Aug-2026",11434,"",""
"1022","FORGEAUTO","SM",97.2,97.2,91.25,94.2,91.25,96,7200,6.78,"28-Aug-2026",6,"",""
"1023","FORTIS","EQ",918.75,941.9,916.05,926.75,926.75,915.65,1462799,13623.76,"28-Aug-2026",41575,"",""
"1024","FOSECOIND","EQ",6162.5,6580,6066,6362,6300,6110.5,86007,5488.39,"28-Aug-2026",16161,"",""
"1025","FRACTAL","EQ",842.8,857,835,844.3,845,840.25,479939,4066.27,"28-Aug-2026",20207,"",""
"1026","FREDUN","EQ",1500.1,1509.8,1465.7,1476.6,1470.2,1492.7,10875,161.86,"28-Aug-2026",1108,"",""
"1027","FRESHARA","ST",437,447.7,416.05,438.9,437,426.4,71400,307.36,"28-Aug-2026",93,"",""
"1028","FROG","ST",238.1,238.1,238,238,238,233.45,46800,111.39,"28-Aug-2026",40,"",""
"1029","FRONTSP","EQ",1294.7,1298.6,1265,1273.4,1279.7,1285.4,8714,111.1,"28-Aug-2026",1583,"",""
"1030","FSL","EQ",268.5,272.85,268,269.3,269.4,268.5,683316,1846.63,"28-Aug-2026",13694,"",""
"1031","FUSION","EQ",196.79,200.5,194.3,199.24,198.58,196.05,333505,659.51,"28-Aug-2026",6533,"",""
"1032","GABRIEL","EQ",1361.8,1375,1316.1,1367.6,1373,1357.2,501459,6738.99,"28-Aug-2026",33567,"",""
"1033","GAEL","EQ",169,170.57,165.56,166.98,167.4,168.5,913733,1531.23,"28-Aug-2026",16281,"",""
"1034","GAIL","EQ",171.7,172.44,170.11,171.1,171.1,172.44,8706458,14877.07,"28-Aug-2026",64883,"",""
"1035","GAJA","EQ",165.13,170.4,156.91,158.66,158.8,165.13,5358385,8786.82,"28-Aug-2026",46651,"",""
"1036","GAJANAND","SM",8,9.45,8,9.45,9.45,8.9,6000,0.52,"28-Aug-2026",2,"",""
"1037","GALAPREC","EQ",1048,1049.9,1019.1,1034.2,1032,1039.8,36705,378.04,"28-Aug-2026",2711,"",""
"1038","GALAXYSURF","EQ",2305,2327.9,2268.3,2285,2294.9,2305,20322,467.94,"28-Aug-2026",3748,"",""
"1039","GALLANTT","EQ",579.45,585.85,574.75,577.85,578.55,576.85,17144,99.37,"28-Aug-2026",2197,"",""
"1040","GANDHAR","EQ",255,259,253.55,256.47,256.46,254.85,553101,1420.56,"28-Aug-2026",10095,"",""
"1041","GANDHITUBE","EQ",895,900,893.4,898.25,900,903.1,2356,21.13,"28-Aug-2026",285,"",""
"1042","GANECOS","EQ",1030,1035.4,1015.1,1019.3,1018.7,1029.2,54854,563.47,"28-Aug-2026",4731,"",""
"1043","GANESHBE","BE",125.7,127,119,119.93,120,125.09,197420,242.76,"28-Aug-2026",815,"",""
"1044","GANESHCP","EQ",165.49,180,165.09,174.15,176.57,163.49,542827,953.09,"28-Aug-2026",8850,"",""
"1045","GANESHHOU","EQ",798,812.15,791.05,803.6,804,798.3,19735,158.05,"28-Aug-2026",1710,"",""
"1046","GANESHIN","ST",111.9,112,109.05,110.5,109.05,111.15,13600,15.06,"28-Aug-2026",15,"",""
"1047","GANGABATH","SM",22.3,22.3,21,21.45,21.65,22.25,60000,12.99,"28-Aug-2026",19,"",""
"1048","GANGAFORGE","EQ",1.61,1.66,1.61,1.61,1.61,1.69,11863316,191.12,"28-Aug-2026",2644,"",""
"1049","GANGESSECU","EQ",117.71,120.79,116.67,116.81,116.67,117.71,194,0.23,"28-Aug-2026",5,"",""
"1050","GARFIBRES","EQ",785,805.9,785,799,799.9,792.55,29877,238.13,"28-Aug-2026",3364,"",""
"1051","GARUDA","EQ",175.71,178,174,175.2,175.1,175.52,207234,364.44,"28-Aug-2026",3476,"",""
"1052","GATECH","BE",1.07,1.07,1.06,1.06,1.07,1.02,89538442,957.87,"28-Aug-2026",14829,"",""
"1053","GATECHDVR","BE",0.54,0.54,0.54,0.54,0.54,0.52,582290,3.14,"28-Aug-2026",124,"",""
"1054","GATEWAY","EQ",53.98,53.98,53.01,53.61,53.39,53.74,1075095,573.51,"28-Aug-2026",5843,"",""
"1055","GAUDIUMIVF","BE",121.72,121.72,121.72,121.72,121.72,119.34,43502,52.95,"28-Aug-2026",203,"",""
"1056","GAYAHWS","EQ",1.87,1.91,1.85,1.88,1.89,1.87,176841,3.31,"28-Aug-2026",295,"",""
"1057","GAYAPROJ","BE",22.28,22.56,21.59,22.15,22.25,22.02,403022,89.46,"28-Aug-2026",1000,"",""
"1058","GCHOTELS","ST",95.5,97.5,93.1,96.6,96.95,96.9,42600,40.44,"28-Aug-2026",65,"",""
"1059","GCSL","EQ",545.75,545.75,537.1,541.3,543.8,540.55,433052,2350.59,"28-Aug-2026",4031,"",""
"1060","GEECEE","BE",362,371,362,370,370,365.35,3965,14.66,"28-Aug-2026",29,"",""
"1061","GEEKAYWIRE","EQ",23.02,25.24,22.91,24.69,24.52,23.02,595471,144.94,"28-Aug-2026",3009,"",""
"1062","GEMAROMA","EQ",170.83,174.49,168,168.75,169.27,170.83,50771,85.92,"28-Aug-2026",922,"",""
"1063","GENCON","EQ",45.91,46.13,43.16,44.12,43.57,45.83,547085,244.64,"28-Aug-2026",1312,"",""
"1064","GENESYS","EQ",234.5,234.5,222,227.8,226.3,234.5,984498,2234.42,"28-Aug-2026",13849,"",""
"1065","GENSOL","BZ",17.94,17.94,16.95,17.32,17.23,17.27,28105,4.87,"28-Aug-2026",338,"",""
"1066","GENUSPAPER","EQ",12.14,12.5,12,12.16,12.15,12.37,34987,4.26,"28-Aug-2026",305,"",""
"1067","GENUSPOWER","EQ",332.7,353.5,328.3,349.7,352,332.2,8939930,30900.93,"28-Aug-2026",88291,"",""
"1068","GENXAI","SM",85.8,88,83.5,85.6,85.1,84.1,68400,59.07,"28-Aug-2026",53,"",""
"1069","GEOJITFSL","EQ",82.64,85.25,81.4,83.7,83.75,82.64,785239,656.25,"28-Aug-2026",6136,"",""
"1070","GESHIP","EQ",1324.9,1363,1321.2,1339.6,1338,1317.2,1428262,19176.56,"28-Aug-2026",73647,"",""
"1071","GFLLIMITED","EQ",55.8,55.8,53.83,54.28,54.4,54.92,39595,21.6,"28-Aug-2026",812,"",""
"1072","GGBL","SM",218.15,225.55,217.05,224.9,225,218.15,20100,44.75,"28-Aug-2026",63,"",""
"1073","GHCL","EQ",440.15,446,440.15,441.45,444,440.15,62705,277.93,"28-Aug-2026",2459,"",""
"1074","GHCLTEXTIL","EQ",126.37,132.04,125,130.79,131.9,125.36,1355885,1751.57,"28-Aug-2026",10105,"",""
"1075","GICHSGFIN","EQ",142,142.09,140.52,141.03,140.8,142.1,24679,34.82,"28-Aug-2026",509,"",""
"1076","GICL","EQ",23.34,23.89,23.11,23.73,23.85,23.34,97474,22.91,"28-Aug-2026",291,"",""
"1077","GICRE","EQ",354,355.9,351.9,353.3,354,351.85,672586,2381.21,"28-Aug-2026",12568,"",""
"1078","GILLANDERS","EQ",105,108.45,105,106.38,107.8,104.99,12239,12.97,"28-Aug-2026",93,"",""
"1079","GILLETTE","EQ",7431.5,7442.5,7300,7316,7308,7409,14848,1091.94,"28-Aug-2026",5430,"",""
"1080","GILT10BETA","EQ",26.87,26.87,26.87,26.87,26.87,26.92,1205,0.32,"28-Aug-2026",8,"",""
"1081","GILT5BETA","EQ",66.15,67.1,66.15,66.5,66.5,65.85,346,0.23,"28-Aug-2026",4,"",""
"1082","GILT5YBEES","EQ",66.49,66.49,66.01,66.22,66.23,66.21,234740,155.29,"28-Aug-2026",326,"",""
"1083","GINNIFILA","BE",44.98,45.24,44.26,44.48,44.5,45.24,46850,20.85,"28-Aug-2026",117,"",""
"1084","GIPCL","EQ",200.99,206.8,200.56,205.91,205.61,200.48,1384606,2828.37,"28-Aug-2026",14397,"",""
"1085","GIRIRAJ","SM",88,89,87.25,87.25,87.25,91.8,31250,27.34,"28-Aug-2026",70,"",""
"1086","GJL","ST",247,247,247,247,247,249.5,800,1.98,"28-Aug-2026",1,"",""
"1087","GKB","EQ",65,65,62,62.5,62.5,65,476,0.3,"28-Aug-2026",11,"",""
"1088","GKENERGY","EQ",140.95,140.95,136.32,138.46,138.31,139.65,670822,930.32,"28-Aug-2026",8306,"",""
"1089","GKSL","EQ",155.2,163.44,153.02,160.64,160.51,154.29,1261120,2003.26,"28-Aug-2026",12477,"",""
"1090","GKWLIMITED","EQ",1606.9,1606.9,1580.1,1597.9,1597.8,1599.8,160,2.56,"28-Aug-2026",17,"",""
"1091","GLAND","EQ",2873.5,2900,2852.1,2888,2885,2873.5,165191,4762.86,"28-Aug-2026",23505,"",""
"1092","GLAXO","EQ",3069,3120.7,3052.7,3106.4,3105,3069.1,135782,4210.62,"28-Aug-2026",12393,"",""
"1093","GLENMARK","EQ",2460,2537.6,2431.7,2515,2515,2460,807816,20103.41,"28-Aug-2026",53159,"",""
"1094","GLFL","EQ",5.45,5.72,5.2,5.72,5.72,5.45,9421,0.53,"28-Aug-2026",37,"",""
"1095","GLOBAL","EQ",110.99,110.99,108.3,108.99,108.3,110.98,50333,55,"28-Aug-2026",632,"",""
"1096","GLOBALE","EQ",11.25,11.7,11.24,11.58,11.24,11.24,296,0.03,"28-Aug-2026",12,"",""
"1097","GLOBALVECT","EQ",145,148.7,144.25,145.92,147.33,146.47,5273,7.75,"28-Aug-2026",232,"",""
"1098","GLOBE","EQ",2.07,2.07,1.99,2,2,2.05,368659,7.42,"28-Aug-2026",266,"",""
"1099","GLOBECIVIL","EQ",46.08,46.48,45.5,45.58,45.98,45.73,54328,24.89,"28-Aug-2026",819,"",""
"1100","GLOBUSSPR","EQ",916.2,924,910.5,916.1,915,912.3,61880,567.31,"28-Aug-2026",3415,"",""
"1101","GLOSTERLTD","EQ",595,610,595,607.15,600.1,604.4,794,4.8,"28-Aug-2026",62,"",""
"1102","GLOTTIS","EQ",64.34,65.03,64.25,64.27,64.26,64.66,49445,31.82,"28-Aug-2026",506,"",""
"1103","GMBREW","EQ",890.1,895.95,886.55,890.4,889,891.7,8173,72.82,"28-Aug-2026",902,"",""
"1104","GMDCLTD","EQ",567,574.35,565.6,567.65,567.5,567.25,736396,4190.79,"28-Aug-2026",16469,"",""
"1105","GML","SM",16.4,17,16.4,17,17,17.1,8000,1.34,"28-Aug-2026",4,"",""
"1106","GMMPFAUDLR","EQ",1030,1043,1015,1026.7,1022.95,1025.15,60107,618.95,"28-Aug-2026",5454,"",""
"1107","GMRAIRPORT","EQ",99.3,99.35,98.11,98.31,98.31,98.68,23296240,22992.19,"28-Aug-2026",30637,"",""
"1108","GMRP&UI","EQ",95.3,98.28,92.21,93.35,93.56,94.54,3307470,3134.63,"28-Aug-2026",34509,"",""
"1109","GNA","EQ",547,553,531.25,542.65,542.65,546.8,300414,1625.11,"28-Aug-2026",9340,"",""
"1110","GNFC","EQ",577,591.95,572.95,580.05,581.9,577,363373,2107.57,"28-Aug-2026",12961,"",""
"1111","GNRL","EQ",97.9,97.9,96.31,96.82,96.9,97.65,34747,33.7,"28-Aug-2026",550,"",""
"1112","GOACARBON","EQ",356,363,351.15,361.85,363,352.15,13443,48.16,"28-Aug-2026",864,"",""
"1113","GOCLCORP","EQ",398.65,399,385.05,388.25,389,397.35,108569,423.04,"28-Aug-2026",3082,"",""
"1114","GOCOLORS","EQ",334.5,341.55,334,335.65,335,334.5,47026,158.66,"28-Aug-2026",1570,"",""
"1115","GODAVARIB","EQ",239.2,242.35,237.55,239.05,238.6,239.15,58540,140.37,"28-Aug-2026",2290,"",""
"1116","GODFRYPHLP","EQ",2117.5,2140,2105.9,2123.7,2123.7,2115,125235,2662.03,"28-Aug-2026",12967,"",""
"1117","GODIGIT","EQ",258.05,265.1,256.2,262.35,261,257.75,368020,958.01,"28-Aug-2026",13921,"",""
"1118","GODREJAGRO","EQ",613.65,616.65,604,609.3,607,614.75,102348,623.08,"28-Aug-2026",5218,"",""
"1119","GODREJCP","EQ",927.8,927.8,911.6,915,915,923,930774,8515.54,"28-Aug-2026",23601,"",""
"1120","GODREJIND","EQ",1163.6,1175.7,1146.1,1167.5,1162,1150.5,71294,829.42,"28-Aug-2026",8671,"",""
"1121","GODREJPROP","EQ",2075.4,2083.3,2024.5,2029.1,2029.1,2069.4,329143,6753.48,"28-Aug-2026",20174,"",""
"1122","GOKEX","EQ",777.4,777.4,765,767.8,770.95,774.9,216062,1663.69,"28-Aug-2026",16176,"",""
"1123","GOKUL","EQ",43.09,44.26,42.05,42.46,42.95,43.09,162046,69.84,"28-Aug-2026",1284,"",""
"1124","GOKULAGRO","EQ",244.25,248.07,243.39,244.34,245.89,244.48,480942,1178.48,"28-Aug-2026",8826,"",""
"1125","GOLD1","EQ",131.33,132.48,130.52,132.21,132.2,131.33,1407154,1849.86,"28-Aug-2026",6827,"",""
"1126","GOLD360","EQ",154.3,155,152.55,154.7,154.4,153.85,16074,24.71,"28-Aug-2026",323,"",""
"1127","GOLDADD","EQ",15.48,15.49,15.09,15.36,15.4,152.98,2211829,338.25,"28-Aug-2026",9667,"",""
"1128","GOLDAXIS","EQ",130.72,132.08,130.14,131.78,131.92,130.79,2586465,3392.33,"28-Aug-2026",4755,"",""
"1129","GOLDBEES","EQ",129.65,131.08,129.13,130.85,130.96,130.05,26501307,34502.09,"28-Aug-2026",71008,"",""
"1130","GOLDBETA","EQ",133.95,134,131.5,133.3,134,132.6,577545,766.17,"28-Aug-2026",2658,"",""
"1131","GOLDBND","EQ",157.15,158.46,156.03,157.91,157.51,157.15,4053,6.36,"28-Aug-2026",141,"",""
"1132","GOLDCASE","EQ",25.35,25.35,24.55,24.9,24.93,24.74,12105364,2999.7,"28-Aug-2026",9083,"",""
"1133","GOLDENTOBC","BZ",24,25.2,24,24.9,24.9,24,2772,0.67,"28-Aug-2026",22,"",""
"1134","GOLDETF","EQ",152.49,154.24,150.01,153.76,154,153.09,1124814,1723.13,"28-Aug-2026",11139,"",""
"1135","GOLDIAM","EQ",355,355.85,346.1,348.55,348.65,352.75,332253,1162.5,"28-Aug-2026",6460,"",""
"1136","GOLDIETF","EQ",138,138,133.78,135.62,135.69,134.64,5602015,7570.02,"28-Aug-2026",20379,"",""
"1137","GOLDSTAR","SM",7.5,7.5,7.25,7.5,7.5,7.15,56250,4.19,"28-Aug-2026",5,"",""
"1138","GOLDTECH","BE",50.66,51.98,50.11,50.83,51.24,50.81,7072,3.62,"28-Aug-2026",69,"",""
"1139","GOODLUCK","EQ",434.4,453,430.1,449.9,450.8,432.8,539784,2399.81,"28-Aug-2026",14949,"",""
"1140","GOODYEAR","EQ",774.35,774.35,736.3,749.9,750,765.05,7639,57.55,"28-Aug-2026",526,"",""
"1141","GOPAL","EQ",279.15,284,275.1,276.25,276.95,279.15,167988,468.09,"28-Aug-2026",8878,"",""
"1142","GOYALALUM","EQ",6.32,6.55,6.25,6.27,6.33,6.33,53164,3.35,"28-Aug-2026",269,"",""
"1143","GPECO","ST",400.05,415.6,398,411.35,411.9,401,12400,50.6,"28-Aug-2026",51,"",""
"1144","GPIL","EQ",240.6,247,239,239.85,240,240.33,837487,2024.34,"28-Aug-2026",13764,"",""
"1145","GPPL","EQ",169.55,169.55,167.4,168.75,168.7,169.1,1092016,1840.33,"28-Aug-2026",12181,"",""
"1146","GPTHEALTH","EQ",151.4,153.7,150.49,151.72,150.5,151.39,55986,84.93,"28-Aug-2026",1395,"",""
"1147","GPTINFRA","EQ",113.58,114.05,111.6,111.91,111.6,113.58,82362,92.59,"28-Aug-2026",1024,"",""
"1148","GRADIENTE","EQ",2.79,2.79,2.65,2.72,2.75,2.71,2679318,73.74,"28-Aug-2026",362,"",""
"1149","GRANDOAK","EQ",37.82,38.95,35.58,36.69,36.7,37.45,16138,5.87,"28-Aug-2026",228,"",""
"1150","GRANULES","EQ",833.5,844.75,833.5,836.65,837.85,832.3,328237,2752.46,"28-Aug-2026",14831,"",""
"1151","GRAPHISAD","SM",26.05,26.7,25.15,26.7,26.7,26.35,16800,4.35,"28-Aug-2026",11,"",""
"1152","GRAPHITE","EQ",683.9,705.6,683,696,695.5,683,930045,6490.97,"28-Aug-2026",36210,"",""
"1153","GRASIM","EQ",3261,3292.5,3229,3290,3290,3258,676185,21995.49,"28-Aug-2026",26435,"",""
"1154","GRAUWEIL","EQ",67.95,72,67.75,71.32,71.19,67.75,715607,503.69,"28-Aug-2026",9449,"",""
"1155","GRAVISSHO","EQ",28.67,30,28.67,30,30,30.85,82,0.02,"28-Aug-2026",8,"",""
"1156","GRAVITA","EQ",1821.9,1835,1809,1825.8,1825,1824.5,85446,1557.89,"28-Aug-2026",9732,"",""
"1157","GRCL","SM",550,568,550,568,568,559.9,500,2.8,"28-Aug-2026",2,"",""
"1158","GREAVESCOT","EQ",192.02,196.53,192.02,194.41,194.11,191.17,884651,1720.67,"28-Aug-2026",9284,"",""
"1159","GREENCHEF","SM",62.65,64.75,59,59.45,59,62.65,11200,6.78,"28-Aug-2026",13,"",""
"1160","GREENLAM","EQ",244.6,248.8,242.5,246.35,246.75,243.25,84116,206.66,"28-Aug-2026",2705,"",""
"1161","GREENLEAF","ST",116,116,112.1,114.2,114.2,118,10000,11.32,"28-Aug-2026",10,"",""
"1162","GREENPANEL","EQ",159.85,164.13,158.41,161.06,160.89,159.9,218249,352.09,"28-Aug-2026",4146,"",""
"1163","GREENPLY","EQ",293,293.4,283.1,286.25,285,291.25,68923,197.49,"28-Aug-2026",2323,"",""
"1164","GREENPOWER","EQ",9.41,9.54,9.36,9.39,9.42,9.41,1758824,165.46,"28-Aug-2026",2574,"",""
"1165","GRINDWELL","EQ",2034.2,2063.7,2024.4,2057.7,2059,2024.1,15697,321.55,"28-Aug-2026",5057,"",""
"1166","GRINFRA","EQ",893.3,896.75,884.55,890.75,886,890.4,10647,94.77,"28-Aug-2026",1235,"",""
"1167","GRMOVER","EQ",87.07,88.65,86,86.38,86,87.76,956059,832.7,"28-Aug-2026",3993,"",""
"1168","GROBTEA","EQ",1012,1012,980.5,991.6,980.5,995.9,246,2.45,"28-Aug-2026",30,"",""
"1169","GROWW","EQ",196.5,196.75,189.7,191.46,191.58,196.84,53275950,102306.39,"28-Aug-2026",319137,"",""
"1170","GROWWCAPM","EQ",11.58,11.63,11.42,11.58,11.63,11.48,332571,38.5,"28-Aug-2026",604,"",""
"1171","GROWWCHEM","EQ",30.56,30.78,30.14,30.35,30.42,30.4,38114,11.55,"28-Aug-2026",282,"",""
"1172","GROWWDEFNC","EQ",97.98,98.73,97.05,97.44,97.69,97.95,170175,165.87,"28-Aug-2026",2363,"",""
"1173","GROWWEV","EQ",33.26,33.55,33.11,33.38,33.11,33.25,217473,72.61,"28-Aug-2026",1611,"",""
"1174","GROWWGOLD","EQ",15.65,15.65,15.25,15.43,15.48,15.33,1858335,285.33,"28-Aug-2026",3875,"",""
"1175","GROWWHOSPI","EQ",52.2,52.8,52.2,52.64,52.52,52.43,709887,373.81,"28-Aug-2026",1041,"",""
"1176","GROWWLIQID","EQ",110.55,110.56,110.55,110.55,110.56,110.51,493871,545.98,"28-Aug-2026",176,"",""
"1177","GROWWLOVOL","EQ",10.38,10.58,10.38,10.47,10.48,10.38,9671,1.01,"28-Aug-2026",85,"",""
"1178","GROWWMC150","EQ",240.98,240.98,234.39,237.13,236.98,237,625,1.48,"28-Aug-2026",38,"",""
"1179","GROWWMETAL","EQ",12.97,12.98,12.77,12.87,12.83,12.84,416956,53.6,"28-Aug-2026",1547,"",""
"1180","GROWWMOM50","EQ",10.91,11.55,10.91,11.35,11.23,11.19,438378,49.44,"28-Aug-2026",556,"",""
"1181","GROWWN200","EQ",11.75,11.75,11.39,11.39,11.39,11.47,34342,3.92,"28-Aug-2026",247,"",""
"1182","GROWWNET","EQ",11.09,11.09,10.81,10.88,10.91,11,480119,52.46,"28-Aug-2026",803,"",""
"1183","GROWWNIFTY","EQ",9.9,9.9,9.71,9.74,9.81,9.77,679296,66.32,"28-Aug-2026",3269,"",""
"1184","GROWWNXT50","EQ",75.48,75.48,74.17,74.51,74.7,74.99,16692,12.44,"28-Aug-2026",116,"",""
"1185","GROWWPOWER","EQ",11.39,11.42,11.3,11.33,11.36,11.32,2374411,269.12,"28-Aug-2026",1926,"",""
"1186","GROWWPSE","EQ",96.1,99.6,95.96,97.13,97.8,97.92,3578,3.48,"28-Aug-2026",64,"",""
"1187","GROWWPSUBK","EQ",86.51,86.51,85.73,85.83,86,85.78,1740,1.49,"28-Aug-2026",35,"",""
"1188","GROWWRAIL","EQ",28.64,28.7,28.37,28.52,28.56,28.51,464130,132.17,"28-Aug-2026",2466,"",""
"1189","GROWWRLTY","EQ",10.25,10.32,10.11,10.14,10.11,10.2,238175,24.19,"28-Aug-2026",433,"",""
"1190","GROWWSC250","EQ",10.6,10.69,10.58,10.67,10.68,10.61,162225,17.29,"28-Aug-2026",502,"",""
"1191","GROWWSLVR","EQ",23.78,23.78,23.1,23.59,23.6,23.2,1375964,322.61,"28-Aug-2026",2233,"",""
"1192","GRPLTD","EQ",1969.4,2025.3,1961.2,2010.9,2025.3,1982.9,495,9.85,"28-Aug-2026",107,"",""
"1193","GRSE","EQ",2642,2650,2607.1,2612.9,2615,2643,199226,5218.67,"28-Aug-2026",13800,"",""
"1194","GRWRHITECH","EQ",7084.5,7309.5,7065.5,7224.5,7240,7060.5,88184,6341.44,"28-Aug-2026",8210,"",""
"1195","GSEC10ABSL","EQ",112.05,112.05,112.05,112.05,112.05,112.28,35,0.04,"28-Aug-2026",1,"",""
"1196","GSEC10ADD","EQ",26.66,26.89,26.66,26.89,26.89,26.82,11,0,"28-Aug-2026",3,"",""
"1197","GSEC10YEAR","EQ",30.73,30.73,30.33,30.63,30.64,30.73,571,0.17,"28-Aug-2026",19,"",""
"1198","GSEC5IETF","EQ",66.7,66.7,66.15,66.2,66.15,66.8,1275,0.85,"28-Aug-2026",25,"",""
"1199","GSFC","EQ",159.4,161,157.6,157.97,157.96,159.16,729308,1155.12,"28-Aug-2026",7150,"",""
"1200","GSLSU","EQ",27.89,28.24,26.62,27.08,27,27.26,188689,51.01,"28-Aug-2026",813,"",""
"1201","GSMFOILS","SM",117.6,117.6,117.6,117.6,117.6,112,107500,126.42,"28-Aug-2026",67,"",""
"1202","GSPCROP","EQ",627,637.1,622.5,626.6,627.8,627.75,140331,882.11,"28-Aug-2026",4752,"",""
"1203","GSS","EQ",12.47,12.47,12.08,12.38,12.41,12.13,7380,0.91,"28-Aug-2026",103,"",""
"1204","GSTL","SM",13,13,12.75,12.75,12.75,13.4,7000,0.9,"28-Aug-2026",6,"",""
"1205","GTECJAINX","BE",28.01,29.52,27.71,28.8,29.1,28.99,9806,2.8,"28-Aug-2026",36,"",""
"1206","GTL","EQ",7.42,7.5,7.26,7.37,7.4,7.32,231354,17.05,"28-Aug-2026",504,"",""
"1207","GTLINFRA","EQ",1.21,1.23,1.2,1.2,1.21,1.2,24825816,300.43,"28-Aug-2026",5260,"",""
"1208","GTPL","EQ",53.55,55.1,53.25,53.54,53.52,53.95,383813,207.19,"28-Aug-2026",514,"",""
"1209","GUFICBIO","EQ",412.2,414.05,400.5,406.3,409.4,412.2,69317,283.79,"28-Aug-2026",2792,"",""
"1210","GUJALKALI","EQ",715,716.6,705,706.85,705.3,710.75,34553,245.22,"28-Aug-2026",3298,"",""
"1211","GUJAPOLLO","EQ",360,360,342.8,345.25,344.4,351.5,7280,25.3,"28-Aug-2026",445,"",""
"1212","GUJENERGY","EQ",251.9,255.65,250,254.8,254.7,250.35,848622,2147.85,"28-Aug-2026",18522,"",""
"1213","GUJRAFFIA","EQ",41.5,41.5,39.4,41.4,41.4,41,627,0.25,"28-Aug-2026",16,"",""
"1214","GUJTHEM","EQ",410.1,417.5,406.75,411.05,410.15,412.2,209713,861.34,"28-Aug-2026",6180,"",""
"1215","GULFOILLUB","EQ",1154.3,1154.6,1136.6,1143.9,1143.4,1154.3,55037,630.63,"28-Aug-2026",8985,"",""
"1216","GULFPETRO","BE",66.18,68.5,63.21,67.76,67.8,66.18,148231,97.64,"28-Aug-2026",482,"",""
"1217","GULPOLY","EQ",193.09,195.48,191,192.73,192.53,193.09,105481,203.49,"28-Aug-2026",2161,"",""
"1218","GURUNANAK","SM",36.6,36.6,36.6,36.6,36.6,38.5,3200,1.17,"28-Aug-2026",2,"",""
"1219","GVKPIL","BE",2.08,2.12,2.05,2.12,2.12,2.08,2089956,43.75,"28-Aug-2026",966,"",""
"1220","GVPIL","EQ",660.5,663.45,650.6,652.7,654,661.75,116813,765.6,"28-Aug-2026",5006,"",""
"1221","GVPTECH","EQ",7.88,9.03,7.87,9.03,9.03,7.53,1285332,113.17,"28-Aug-2026",2146,"",""
"1222","GVT&D","EQ",4404,4416.4,4331,4339.2,4339.2,4407.8,520191,22666.18,"28-Aug-2026",49358,"",""
"1223","GYFTR","EQ",168.58,168.58,164.88,166.82,168.5,166.81,12842,21.34,"28-Aug-2026",121,"",""
"1224","HAL","EQ",4884.1,4890,4816,4861.1,4861.1,4899,484334,23486.31,"28-Aug-2026",35812,"",""
"1225","HALDER","EQ",297.97,298,287,294.99,295,297.88,15606,46.24,"28-Aug-2026",143,"",""
"1226","HALDYNGL","BE",135,140.23,131.1,139.29,139.95,134.26,86342,119.94,"28-Aug-2026",407,"",""
"1227","HALEOSLABS","EQ",1495,1526.8,1486,1495.1,1495,1501.8,1337,20.05,"28-Aug-2026",154,"",""
"1228","HAMPTON","EQ",8.83,8.83,8,8.03,8.14,8.3,36275,2.95,"28-Aug-2026",120,"",""
"1229","HAPPSTMNDS","EQ",421.1,427.1,404.05,408,410,420.25,3267707,13519.24,"28-Aug-2026",64728,"",""
"1230","HAPPY","SM",84.15,92.6,84.15,92,92.6,84.25,104000,92.79,"28-Aug-2026",46,"",""
"1231","HAPPYFORGE","EQ",2272,2311,2260.1,2307,2310,2250.8,51595,1182.5,"28-Aug-2026",6987,"",""
"1232","HARDWYN","EQ",9.07,9.24,9,9.07,9.06,9.05,1621337,147.46,"28-Aug-2026",1373,"",""
"1233","HARIOMPIPE","EQ",343.65,354.4,342.15,352.2,353.5,341.15,96840,337.32,"28-Aug-2026",2774,"",""
"1234","HARRMALAYA","EQ",198.75,198.75,193.22,197.2,197.51,194.7,9508,18.64,"28-Aug-2026",345,"",""
"1235","HARSHA","EQ",441.9,447.8,436.65,438.85,438,438.55,149012,660.08,"28-Aug-2026",5288,"",""
"1236","HATHWAY","EQ",10.55,10.65,10.51,10.57,10.58,10.55,1196466,126.58,"28-Aug-2026",1785,"",""
"1237","HATSUN","EQ",1151,1196.55,1135.55,1176.05,1177,1152.5,119907,1406.53,"28-Aug-2026",11389,"",""
"1238","HAVELLS","EQ",1247,1247,1190.1,1222.9,1222.9,1241,1778490,21620.91,"28-Aug-2026",60138,"",""
"1239","HAVISHA","EQ",1.41,1.41,1.35,1.37,1.39,1.35,19177,0.26,"28-Aug-2026",91,"",""
"1240","HAWKINCOOK","EQ",8250,8301,8131,8230,8270,8239,373,30.74,"28-Aug-2026",223,"",""
"1241","HAZOOR","EQ",20.82,22.49,19.41,19.94,19.8,20.82,480486,97.85,"28-Aug-2026",1193,"",""
"1242","HBESD","EQ",75.95,77.49,74.05,74.5,74.5,75.95,540,0.4,"28-Aug-2026",15,"",""
"1243","HBLENGINE","EQ",665.75,677.9,665.75,674.1,674.45,665.75,573296,3858.24,"28-Aug-2026",19610,"",""
"1244","HBPOR","EQ",61.99,61.99,56.45,61.79,61.9,59.5,479,0.29,"28-Aug-2026",27,"",""
"1245","HBSL","EQ",52,53.4,50.7,52.55,52.95,51.99,4040,2.1,"28-Aug-2026",139,"",""
"1246","HCC","EQ",25.25,25.59,24.5,24.64,24.69,25.1,41624710,10382.97,"28-Aug-2026",44159,"",""
"1247","HCG","EQ",703.95,704.9,693.55,696.3,694.6,699.95,54966,384.79,"28-Aug-2026",8646,"",""
"1248","HCL-INSYS","EQ",10.81,11.07,10.62,10.78,10.76,10.81,206429,22.35,"28-Aug-2026",788,"",""
"1249","HCLTECH","EQ",1290,1334.2,1290,1316.1,1316.1,1282,3459476,45600.32,"28-Aug-2026",91276,"",""
"1250","HDBFS","EQ",685.15,687,678,679.35,680,685.15,172622,1176.4,"28-Aug-2026",10930,"",""
"1251","HDFCAMC","EQ",2573,2589.2,2539,2569,2569,2575,587652,15035.85,"28-Aug-2026",34671,"",""
"1252","HDFCBANK","EQ",710.85,720.3,707,720.3,720.3,711,16494301,117960.11,"28-Aug-2026",221663,"",""
"1253","HDFCBSE500","EQ",37.46,38.17,37.46,37.87,37.99,37.86,363854,137.76,"28-Aug-2026",173,"",""
"1254","HDFCGOLD","EQ",132.63,137.99,132.62,135.29,135.3,134.63,2979111,4013.79,"28-Aug-2026",8346,"",""
"1255","HDFCGROWTH","EQ",121.5,121.85,120.92,121.37,121.81,120.43,13860,16.82,"28-Aug-2026",98,"",""
"1256","HDFCLIFE","EQ",550.8,550.95,543.8,548,548,548,2076182,11370.41,"28-Aug-2026",48440,"",""
"1257","HDFCLIQUID","EQ",1075.85,1075.87,1075.85,1075.85,1075.87,1075.43,31517,339.08,"28-Aug-2026",44,"",""
"1258","HDFCLOWVOL","EQ",20.72,20.83,20.72,20.74,20.74,20.72,9837,2.04,"28-Aug-2026",59,"",""
"1259","HDFCMID150","EQ",23.82,23.91,23.77,23.79,23.89,23.81,339699,80.87,"28-Aug-2026",1208,"",""
"1260","HDFCMOMENT","EQ",31.73,31.87,31.62,31.71,31.75,31.71,132955,42.17,"28-Aug-2026",519,"",""
"1261","HDFCNEXT50","EQ",76.28,76.28,75.52,75.73,75.97,75.91,60024,45.53,"28-Aug-2026",539,"",""
"1262","HDFCNIF100","EQ",26.14,26.33,26.1,26.31,26.33,26.29,119859,31.49,"28-Aug-2026",237,"",""
"1263","HDFCNIFBAN","EQ",59.29,59.44,59.1,59.28,59.37,59.29,21219,12.58,"28-Aug-2026",319,"",""
"1264","HDFCNIFIT","EQ",32.33,33.44,32.33,33.25,33.26,32.33,273938,91.02,"28-Aug-2026",317,"",""
"1265","HDFCNIFTY","EQ",272.59,273.18,271.76,272.45,273,272.77,90081,245.36,"28-Aug-2026",819,"",""
"1266","HDFCNIMEG","EQ",134.74,134.96,133.96,134.3,134.24,133.2,23694,31.83,"28-Aug-2026",52,"",""
"1267","HDFCPSUBK","EQ",86.51,87.28,86.5,86.7,86.5,86.77,28295,24.56,"28-Aug-2026",134,"",""
"1268","HDFCPVTBAN","EQ",29.04,29.04,28.23,28.32,28.38,28.34,135247,38.3,"28-Aug-2026",362,"",""
"1269","HDFCQUAL","EQ",57.98,59.74,57.98,59.26,59.6,59.09,41122,24.39,"28-Aug-2026",81,"",""
"1270","HDFCSENSEX","EQ",88,88,87.31,87.54,87.4,87.65,13651,11.97,"28-Aug-2026",464,"",""
"1271","HDFCSILVER","EQ",231.88,231.88,225.23,230.34,230.44,226.23,3146569,7217.28,"28-Aug-2026",10664,"",""
"1272","HDFCSML250","EQ",186.82,186.82,185.56,186.5,186.55,185.58,879722,1639.58,"28-Aug-2026",8440,"",""
"1273","HDFCVALUE","EQ",125.43,125.85,125.2,125.51,125.5,125.42,5306,6.66,"28-Aug-2026",53,"",""
"1274","HDIL","BZ",1.51,1.53,1.48,1.5,1.52,1.51,74332,1.12,"28-Aug-2026",166,"",""
"1275","HEADSUP","EQ",6.8,7.29,6.8,6.99,7,6.87,15550,1.09,"28-Aug-2026",111,"",""
"1276","HEALTHADD","EQ",16.95,16.98,16.85,16.91,16.9,16.87,38715,6.54,"28-Aug-2026",80,"",""
"1277","HEALTHAXIS","EQ",165.4,171.42,165.4,170.79,170.69,169.65,7441,12.69,"28-Aug-2026",76,"",""
"1278","HEALTHCARE","EQ",22.24,22.24,21.8,21.89,21.91,21.8,30792,6.73,"28-Aug-2026",166,"",""
"1279","HEALTHIETF","EQ",173.2,173.2,171.28,172.18,171.78,171.49,97956,168.44,"28-Aug-2026",1455,"",""
"1280","HEALTHX","EQ",292.1,302.25,292.1,300.05,302.25,293.55,2233,6.65,"28-Aug-2026",58,"",""
"1281","HEALTHY","EQ",17.2,17.39,17.14,17.24,17.31,17.2,511546,88.23,"28-Aug-2026",851,"",""
"1282","HECPROJECT","EQ",116.26,119.35,116.26,118.06,118.9,117.97,3081,3.64,"28-Aug-2026",86,"",""
"1283","HEG","EQ",713.1,743.55,712.2,737.35,737.8,710.2,2665306,19575.04,"28-Aug-2026",49201,"",""
"1284","HEIDELBERG","EQ",161.7,162.75,160.65,160.99,161,161.7,135775,219.03,"28-Aug-2026",1608,"",""
"1285","HEMIPROP","EQ",130.61,131.47,129.26,129.98,130,130.56,208579,271.3,"28-Aug-2026",1715,"",""
"1286","HERANBA","EQ",174,174,170,171.64,172.33,169.69,18761,32.15,"28-Aug-2026",866,"",""
"1287","HERITGFOOD","EQ",378,380.65,369,370.55,370.8,378.15,114313,425.99,"28-Aug-2026",4910,"",""
"1288","HEROMOTOCO","EQ",5549,5654,5529,5600,5600,5550,408239,22922.92,"28-Aug-2026",33549,"",""
"1289","HESTERBIO","EQ",2294.4,2347.9,2291.2,2302.3,2292.9,2289.8,2398,55.49,"28-Aug-2026",565,"",""
"1290","HEXAGON","BE",70,70,68.2,68.37,68.99,69.16,107913,74.39,"28-Aug-2026",632,"",""
"1291","HEXATRADEX","EQ",159.1,161.79,158.01,160.09,158.15,159.1,852,1.36,"28-Aug-2026",31,"",""
"1292","HEXT","EQ",565.5,565.85,552.2,555.7,553.2,556.6,188517,1056.15,"28-Aug-2026",14813,"",""
"1293","HFCL","EQ",246.4,255.1,245.55,251.47,252.2,245.84,17035686,42708.69,"28-Aug-2026",101581,"",""
"1294","HGINFRA","EQ",502,504.15,495.1,496.5,497.7,502.15,52973,263.88,"28-Aug-2026",2547,"",""
"1295","HGM","EQ",44.89,48.9,42,46.74,46.79,43.99,20040,9.25,"28-Aug-2026",329,"",""
"1296","HGS","EQ",406.9,406.9,398.6,402.55,404,402.55,11089,44.6,"28-Aug-2026",652,"",""
"1297","HIGREEN","SM",125.85,127,125.85,127,127,123,6400,8.08,"28-Aug-2026",7,"",""
"1298","HIKAL","EQ",204.85,206.89,202.23,204.23,204.15,204.63,139273,284.27,"28-Aug-2026",3213,"",""
"1299","HILINFRA","EQ",45.12,46.1,44.5,45.52,46.1,45.29,81065,36.77,"28-Aug-2026",1388,"",""
"1300","HILTON","EQ",19.98,19.98,19.02,19.37,19.35,19.51,68962,13.35,"28-Aug-2026",336,"",""
"1301","HIMATSEIDE","EQ",72.25,72.25,70.66,71.31,71.45,71.83,284820,202.88,"28-Aug-2026",2380,"",""
"1302","HINDADH","EQ",352.7,355.4,344,349.05,348,350.4,1895,6.64,"28-Aug-2026",127,"",""
"1303","HINDALCO","EQ",1030,1037.4,1025.95,1037.4,1037.4,1024,1687987,17411.33,"28-Aug-2026",44004,"",""
"1304","HINDALUMI","EQ",97.51,100,97.51,99.76,100,97.99,895,0.89,"28-Aug-2026",36,"",""
"1305","HINDCOMPOS","EQ",410.35,413,406,408.35,406.5,409.45,4130,16.87,"28-Aug-2026",270,"",""
"1306","HINDCON","EQ",23.9,23.9,22.25,22.89,22.99,22.6,23694,5.42,"28-Aug-2026",172,"",""
"1307","HINDCOPPER","EQ",539,543,530,533.55,532.95,536.3,10119066,53977.8,"28-Aug-2026",112591,"",""
"1308","HINDOILEXP","EQ",164.05,164.05,160.53,162.66,162,163.43,262249,425.86,"28-Aug-2026",3994,"",""
"1309","HINDPETRO","EQ",370,370.9,363.85,364,364,371,3150636,11534.57,"28-Aug-2026",35545,"",""
"1310","HINDUNILVR","EQ",2018,2018,1997.5,2010.4,2010.4,2009,933212,18695.68,"28-Aug-2026",43909,"",""
"1311","HINDWAREAP","EQ",191.94,195.59,191.25,191.61,192.2,190.84,46887,90.32,"28-Aug-2026",1690,"",""
"1312","HINDZINC","EQ",615.7,624.35,607.8,622,622,610.1,6227595,38399.34,"28-Aug-2026",66474,"",""
"1313","HIRECT","EQ",1230,1247,1218.8,1237.8,1236.3,1223,27665,340.34,"28-Aug-2026",2772,"",""
"1314","HISARMETAL","EQ",148,159.9,148,155.96,156,149.23,4146,6.42,"28-Aug-2026",120,"",""
"1315","HITECH","EQ",78.12,82.73,78.12,82.05,82.02,77.93,1162242,940.12,"28-Aug-2026",8392,"",""
"1316","HITECHCORP","BE",336,338.95,333,333,336.45,336.3,9642,32.2,"28-Aug-2026",73,"",""
"1317","HITECHGEAR","BE",551.1,578.65,549.45,578.35,578.65,551.1,9840,56.38,"28-Aug-2026",154,"",""
"1318","HLEGLAS","EQ",316,316,312.2,313.3,314,314.85,39351,123.35,"28-Aug-2026",1368,"",""
"1319","HLVLTD","EQ",6.66,6.66,6.48,6.53,6.48,6.63,180001,11.83,"28-Aug-2026",592,"",""
"1320","HMAAGRO","EQ",21.07,21.22,20.72,20.97,21,20.9,1054199,220.9,"28-Aug-2026",2237,"",""
"1321","HMT","BZ",64.38,65.39,61.4,61.82,62.95,64.53,22881,14.36,"28-Aug-2026",203,"",""
"1322","HMVL","BE",87,89.79,85.16,88.69,88.58,87.9,3282,2.87,"28-Aug-2026",54,"",""
"1323","HNDFDS","EQ",635,639.75,631,634.45,636,635.55,26448,168.15,"28-Aug-2026",2470,"",""
"1324","HNGSNGBEES","EQ",477.23,478.7,471.95,473.21,473.99,472.5,66465,314.62,"28-Aug-2026",2936,"",""
"1325","HOLMARC","SM",97,100,97,97.2,97.2,102,3000,2.94,"28-Aug-2026",4,"",""
"1326","HOMEFIRST","EQ",1200,1205,1188.3,1198.3,1200,1200.2,89891,1077.71,"28-Aug-2026",8301,"",""
"1327","HONASA","EQ",483.8,483.8,467.2,470.65,470,484.85,684018,3235.85,"28-Aug-2026",20362,"",""
"1328","HONAUT","EQ",36750,36970,36515,36635,36670,36800,1514,556.47,"28-Aug-2026",1133,"",""
"1329","HONDAPOWER","EQ",2060.5,2081.7,2050,2058.6,2052,2068.3,2497,51.46,"28-Aug-2026",360,"",""
"1330","HORIZONIND","EQ",56.78,58.7,56.6,58.05,57.5,56.78,6908806,3999.15,"28-Aug-2026",26446,"",""
"1331","HPAL","EQ",34,35.62,34,34.86,35.25,34.63,66287,23.21,"28-Aug-2026",613,"",""
"1332","HPIL","EQ",124.9,127.39,123.25,125.08,125.2,123.81,2501,3.13,"28-Aug-2026",69,"",""
"1333","HPL","EQ",309.05,311.95,304.8,308.8,309.5,307.65,69054,212.84,"28-Aug-2026",2426,"",""
"1334","HPTL","SM",331.8,331.8,315,315,315,316,3000,9.85,"28-Aug-2026",5,"",""
"1335","HRHNEXT","SM",26,26,25.95,25.95,25.95,27.3,15000,3.89,"28-Aug-2026",9,"",""
"1336","HRYNSHP","EQ",102.85,102.85,99.9,99.9,99.9,99.86,22,0.02,"28-Aug-2026",5,"",""
"1337","HSBCGOLD","EQ",138.29,139.65,134.05,137.1,138,136.93,11675,15.98,"28-Aug-2026",49,"",""
"1338","HSCL","EQ",677.15,683.8,667.65,672.95,675.9,674.35,8440567,56927.98,"28-Aug-2026",65459,"",""
"1339","HTMEDIA","EQ",27.6,27.7,26.29,26.78,26.8,27.05,108269,29.18,"28-Aug-2026",546,"",""
"1340","HUBTOWN","EQ",184.8,188.72,183.23,186.09,186.9,184.71,192831,357.69,"28-Aug-2026",3160,"",""
"1341","HUDCO","EQ",182.5,184.27,181.6,183.23,183,182.63,1015334,1860.31,"28-Aug-2026",23199,"",""
"1342","HUHTAMAKI","EQ",260.5,264.9,259.4,262.9,262.95,260.5,97579,256.16,"28-Aug-2026",3313,"",""
"1343","HVAX","SM",642,660,642,660,660,675,900,5.86,"28-Aug-2026",6,"",""
"1344","HYBRIDETF","EQ",10.24,10.24,10.15,10.19,10.19,10.19,18329,1.87,"28-Aug-2026",58,"",""
"1345","HYBRIDFIN","BE",16.88,17.4,16.82,17.35,17.35,16.82,489,0.08,"28-Aug-2026",20,"",""
"1346","HYUNDAI","EQ",2248.7,2279,2240.3,2267,2267,2253,855357,19378.5,"28-Aug-2026",68318,"",""
"1347","IBLFL","SM",61,61,61,61,61,61,2000,1.22,"28-Aug-2026",1,"",""
"1348","IBULLSLTD","EQ",26.45,26.5,25.82,26.31,26.3,26.11,5773711,1505.7,"28-Aug-2026",10603,"",""
"1349","ICDSLTD","EQ",41.63,45.5,40.05,41.44,40.05,41.63,1467,0.64,"28-Aug-2026",54,"",""
"1350","ICELCO","SM",132.5,132.5,125.8,128,128,127.05,58800,75.08,"28-Aug-2026",37,"",""
"1351","ICEMAKE","EQ",747.65,749,730.2,742.55,742,747.65,8314,61.33,"28-Aug-2026",775,"",""
"1352","ICICIAMC","EQ",3114.8,3179.3,3088.6,3139.6,3140,3093.6,755036,23775.57,"28-Aug-2026",54766,"",""
"1353","ICICIB22","EQ",115,115,114.28,114.41,114.5,114.52,211427,241.94,"28-Aug-2026",2433,"",""
"1354","ICICIBANK","EQ",1435,1439.8,1418.9,1422.8,1422.8,1443,8625738,123141.81,"28-Aug-2026",87869,"",""
"1355","ICICIGI","EQ",1588.1,1589,1550.1,1562,1562,1588.1,859511,13432.51,"28-Aug-2026",53811,"",""
"1356","ICICIPRULI","EQ",510.25,510.4,502.45,506,506,510,1603027,8120.08,"28-Aug-2026",26860,"",""
"1357","ICIL","EQ",425,439.35,420.2,434.95,437,423.4,668975,2893.84,"28-Aug-2026",18759,"",""
"1358","ICRA","EQ",4813,4949.9,4793.1,4912.8,4903.4,4832.5,33309,1628.54,"28-Aug-2026",6286,"",""
"1359","IDBI","EQ",92.29,93.8,91.55,92.66,92.7,92.24,10401965,9641.79,"28-Aug-2026",37615,"",""
"1360","IDEA","EQ",15.03,15.1,14.6,14.68,14.68,14.97,375500261,55431.75,"28-Aug-2026",383204,"",""
"1361","IDEAFORGE","EQ",811.9,827.9,796.2,807.65,813,805,369510,2998.42,"28-Aug-2026",15431,"",""
"1362","IDENTICAL","SM",17.05,19.25,17.05,18.95,18.95,17,10000,1.82,"28-Aug-2026",5,"",""
"1363","IDFCFIRSTB","EQ",83.79,84.23,82.95,83.12,83.12,83.8,14247602,11882.91,"28-Aug-2026",52105,"",""
"1364","IDFNIFTYET","EQ",267.15,267.75,262.75,264.35,265,267.17,781,2.08,"28-Aug-2026",52,"",""
"1365","IEML","SM",43,44.35,43,43.6,44,44.1,25500,11.14,"28-Aug-2026",40,"",""
"1366","IEX","EQ",122,122.24,121.07,121.8,121.8,122,1550661,1883.27,"28-Aug-2026",25591,"",""
"1367","IFBAGRO","EQ",950.5,950.5,915,919.8,925,946.15,16694,154.4,"28-Aug-2026",804,"",""
"1368","IFBIND","EQ",1354.3,1358.3,1328.3,1336.8,1337,1351.6,21273,284.82,"28-Aug-2026",3241,"",""
"1369","IFCI","EQ",84.27,92.45,83.57,89.96,90.2,84.27,139340453,124466.13,"28-Aug-2026",325702,"",""
"1370","IFGLEXPOR","EQ",210.98,219,210.91,215.47,215.9,212.96,20333,43.65,"28-Aug-2026",882,"",""
"1371","IGARASHI","EQ",422.15,428.4,420.8,427.1,428.4,420.8,24661,104.98,"28-Aug-2026",1028,"",""
"1372","IGCL","EQ",72,72.11,71.5,71.84,71.51,72.24,32425,23.27,"28-Aug-2026",416,"",""
"1373","IGIL","EQ",341.15,346.8,337.45,338.95,339.4,343.55,277869,948.28,"28-Aug-2026",11452,"",""
"1374","IGL","EQ",147.45,148.66,147.21,147.61,147.36,147.17,2537531,3749.2,"28-Aug-2026",15918,"",""
"1375","IGPL","EQ",524.9,536,522.4,532.4,533.4,521.95,98498,523.23,"28-Aug-2026",4573,"",""
"1376","IIFL","EQ",633.65,667.35,615,659.25,658,635.65,1785071,11633.27,"28-Aug-2026",39408,"",""
"1377","IIFLCAPS","EQ",334.4,335.35,333.1,333.2,333.1,334.4,132914,443.44,"28-Aug-2026",6666,"",""
"1378","IITL","EQ",160,164.46,152.73,156.53,154.1,159.91,114182,183.13,"28-Aug-2026",1884,"",""
"1379","IKIO","EQ",186.14,217.7,186.14,213.72,215.2,186.14,6393359,13574.3,"28-Aug-2026",68918,"",""
"1380","IKS","EQ",1743,1778,1740.5,1762,1756.3,1750.6,110044,1942.8,"28-Aug-2026",14012,"",""
"1381","IL&FSENGG","BZ",36,36,35.01,35.41,35.99,35.55,34647,12.36,"28-Aug-2026",37,"",""
"1382","IL&FSTRANS","BZ",2.28,2.33,2.11,2.2,2.2,2.22,43864,0.99,"28-Aug-2026",74,"",""
"1383","IMAGICAA","EQ",60.03,62,57.01,58.07,58.2,60.21,14845101,8849.95,"28-Aug-2026",52973,"",""
"1384","IMFA","EQ",1377,1399.3,1361.5,1370.7,1375,1367.9,71985,992.34,"28-Aug-2026",7710,"",""
"1385","IMPAL","EQ",1107.8,1119.9,1086.5,1097.5,1097,1108.1,1862,20.46,"28-Aug-2026",246,"",""
"1386","IMPEXFERRO","BZ",4.3,4.3,4.3,4.3,4.3,4.22,12628,0.54,"28-Aug-2026",14,"",""
"1387","INA","EQ",90.7,92.97,90.7,92.58,92.77,90.55,217012,199.81,"28-Aug-2026",2812,"",""
"1388","INCREDIBLE","EQ",33.9,33.9,32,32.19,32.99,32.85,8155,2.65,"28-Aug-2026",71,"",""
"1389","INDBANK","EQ",31.99,31.99,31,31.45,31.31,31.55,23473,7.37,"28-Aug-2026",224,"",""
"1390","INDGN","EQ",567.35,587.15,565.5,578.95,582,567.35,1891693,10972.46,"28-Aug-2026",85500,"",""
"1391","INDHOTEL","EQ",716,716.9,703.55,706.4,706.4,718.5,3199451,22609.77,"28-Aug-2026",67736,"",""
"1392","INDIACEM","EQ",369.35,371.9,363.1,369.75,370.05,369.05,235653,866.41,"28-Aug-2026",7230,"",""
"1393","INDIAGLYCO","EQ",1195,1204.5,1168,1178.3,1174,1203.3,229423,2711.49,"28-Aug-2026",16475,"",""
"1394","INDIAMART","EQ",1763.9,1774,1752.5,1756.9,1758,1755.4,74123,1304.42,"28-Aug-2026",15035,"",""
"1395","INDIANB","EQ",882.2,883.95,872.45,882.4,882.4,884.4,456709,4007.44,"28-Aug-2026",15081,"",""
"1396","INDIANCARD","EQ",208.01,214.38,205.22,210.29,210.94,208.03,1179,2.47,"28-Aug-2026",38,"",""
"1397","INDIANHUME","EQ",392,392.1,381.55,386.55,384,390.85,20050,77.37,"28-Aug-2026",1286,"",""
"1398","INDIASHLTR","EQ",653.7,653.7,646.1,649.85,650.5,650.3,55916,363.11,"28-Aug-2026",7659,"",""
"1399","INDIGO","EQ",5199,5200.5,5137.5,5166,5166,5189,257496,13302.54,"28-Aug-2026",24501,"",""
"1400","INDIGOPNTS","EQ",1175.5,1176.9,1145,1151.8,1151,1170.2,42514,491.01,"28-Aug-2026",6696,"",""
"1401","INDIGRID","IV",174.83,175,174.05,174.19,174.17,174.83,487115,849.64,"28-Aug-2026",7319,"",""
"1402","INDIQUBE","EQ",192.45,193.3,189.31,192.36,192.1,191.06,33833,64.94,"28-Aug-2026",1502,"",""
"1403","INDNIPPON","EQ",1056.5,1072.9,1056.1,1061.6,1058.2,1062.2,8033,85.45,"28-Aug-2026",1225,"",""
"1404","INDOAMIN","BE",120.8,123,118.26,120.59,121.1,120.2,34582,41.65,"28-Aug-2026",283,"",""
"1405","INDOBORAX","EQ",512,512,490,495.1,495.55,503,107301,533.12,"28-Aug-2026",4776,"",""
"1406","INDOCO","EQ",242.53,253.7,239.34,248.8,248,242.53,256307,635.79,"28-Aug-2026",6061,"",""
"1407","INDOFARM","EQ",140.1,140.79,138,138.85,138.41,138.24,61967,86.02,"28-Aug-2026",1517,"",""
"1408","INDOKEM","EQ",611,634.95,608,617.85,626.1,610.85,1353,8.38,"28-Aug-2026",217,"",""
"1409","INDOMIM","EQ",881.7,892,864.45,868.05,869,877.5,1086896,9511.63,"28-Aug-2026",35935,"",""
"1410","INDORAMA","EQ",64.89,64.89,61.81,63.65,63.85,63.87,451194,285.6,"28-Aug-2026",4218,"",""
"1411","INDOSTAR","EQ",253.35,260,252.6,258.85,258,255.05,82794,211.74,"28-Aug-2026",1437,"",""
"1412","INDOTECH","EQ",3728,3795.1,3725,3757.1,3751.1,3712.2,10275,386.9,"28-Aug-2026",1443,"",""
"1413","INDOTHAI","EQ",46.18,46.18,46.18,46.18,46.18,48.61,276690,127.78,"28-Aug-2026",1006,"",""
"1414","INDOUS","EQ",83.22,83.75,79,80.91,80.99,80.79,68690,55.59,"28-Aug-2026",211,"",""
"1415","INDOWIND","EQ",9.15,9.35,9.1,9.16,9.19,9.21,71572,6.61,"28-Aug-2026",379,"",""
"1416","INDPRUD","EQ",6270,6389.5,6225,6302.5,6389.5,6200,26,1.64,"28-Aug-2026",14,"",""
"1417","INDRAMEDCO","EQ",369.5,372.55,366.1,368.05,369.65,369.3,118497,436.74,"28-Aug-2026",7837,"",""
"1418","INDSWFTLAB","EQ",360,366,355.65,362.92,361,358.04,527926,1910.61,"28-Aug-2026",12528,"",""
"1419","INDTERRAIN","EQ",30.12,30.5,29.75,30.02,30,30.11,17734,5.32,"28-Aug-2026",78,"",""
"1420","INDUSINDBK","EQ",997,1000.6,987.3,994,994,1002.9,1026834,10189.56,"28-Aug-2026",55158,"",""
"1421","INDUSINVIT","IV",135.08,135.08,133.65,133.9,134,134.28,70576,94.62,"28-Aug-2026",6487,"",""
"1422","INDUSTOWER","EQ",379.95,385.7,378.75,380,380,379.95,1536497,5876.24,"28-Aug-2026",33128,"",""
"1423","INFINIUM","SM",260,272,260,271.2,271,264,25500,67.44,"28-Aug-2026",29,"",""
"1424","INFLUX","SM",302.9,304,299.85,302.75,304,300.15,22800,68.65,"28-Aug-2026",35,"",""
"1425","INFOBEAN","EQ",155.01,183,155.01,165.67,167,154.65,8786919,15202.56,"28-Aug-2026",72280,"",""
"1426","INFOLLION","SM",159,159.8,156,156,156,159.9,4000,6.29,"28-Aug-2026",10,"",""
"1427","INFOMEDIA","EQ",5.21,5.35,5.09,5.33,5.33,5.11,110,0.01,"28-Aug-2026",11,"",""
"1428","INFRA","EQ",12.18,12.19,12.1,12.13,12.14,12.18,26340,3.2,"28-Aug-2026",182,"",""
"1429","INFRABEES","EQ",959.2,962.84,951.27,955.87,959.5,959.2,14984,143.03,"28-Aug-2026",646,"",""
"1430","INFRAIETF","EQ",95.31,95.49,94.61,94.79,95.3,95.3,1646089,1561.77,"28-Aug-2026",4307,"",""
"1431","INFY","EQ",1123.6,1145,1123.3,1144,1144,1110.8,9621969,109630.88,"28-Aug-2026",147819,"",""
"1432","INGERRAND","EQ",4609,4899,4609,4860.2,4871.1,4609.4,123159,5915.28,"28-Aug-2026",22921,"",""
"1433","INM","SM",156,156,156,156,156,158.1,600,0.94,"28-Aug-2026",1,"",""
"1434","INNOMET","ST",255.95,255.95,255.95,255.95,255.95,250.95,6000,15.36,"28-Aug-2026",7,"",""
"1435","INNOVACAP","EQ",1021.55,1060,1016.2,1055.1,1057,1021.55,41828,438.44,"28-Aug-2026",6125,"",""
"1436","INNOVANA","EQ",316.5,316.5,300,306.75,306.2,313.6,2852,8.7,"28-Aug-2026",93,"",""
"1437","INNOVISION","EQ",249.3,254.75,246.2,247.25,246.85,251.4,16674,41.54,"28-Aug-2026",1178,"",""
"1438","INOXGREEN","EQ",172.18,177.4,168,174.26,175.7,172.18,1571341,2711.14,"28-Aug-2026",9526,"",""
"1439","INOXINDIA","EQ",2175,2267.9,2115.2,2126.2,2118,2177.9,733868,15903.85,"28-Aug-2026",56284,"",""
"1440","INOXWIND","EQ",72,72.48,71.27,71.79,71.79,72,7058151,5056.5,"28-Aug-2026",28457,"",""
"1441","INSECTICID","EQ",568.1,608.1,566.3,598.5,601.35,567.1,125263,742.83,"28-Aug-2026",6790,"",""
"1442","INSPIRE","SM",8.15,8.15,8.15,8.15,8.15,8.15,2000,0.16,"28-Aug-2026",1,"",""
"1443","INSPIRISYS","BE",90,92.77,88,92.77,92.77,88.36,3128,2.86,"28-Aug-2026",31,"",""
"1444","INSUREIETF","EQ",15.4,16.06,15.27,15.35,15.28,15.49,3357020,515.91,"28-Aug-2026",316,"",""
"1445","INTEGRITY","ST",161,167.7,161,167.7,167.7,159.75,4800,7.92,"28-Aug-2026",4,"",""
"1446","INTELLECT","EQ",677,689.6,677,679.7,679.9,678.3,395222,2691.7,"28-Aug-2026",21044,"",""
"1447","INTENTECH","EQ",82.98,84.5,82.02,83.62,83.25,82.05,10882,9.03,"28-Aug-2026",225,"",""
"1448","INTERARCH","EQ",1719.4,1746,1690,1701.4,1695,1685.6,88375,1511.55,"28-Aug-2026",9040,"",""
"1449","INTERNET","EQ",14.83,15.33,14.65,14.66,14.65,14.76,700673,104.11,"28-Aug-2026",346,"",""
"1450","INTLCONV","EQ",76.98,82,76.51,80.31,80.79,76.92,300014,242.24,"28-Aug-2026",6510,"",""
"1451","INVENTURE","EQ",0.97,0.98,0.94,0.96,0.96,0.97,936470,9,"28-Aug-2026",432,"",""
"1452","INVPRECQ","BE",1305,1305,1288,1290,1290,1285,977,12.64,"28-Aug-2026",28,"",""
"1453","IOB","EQ",33,33,32.62,32.81,32.85,32.9,1294744,424.6,"28-Aug-2026",9391,"",""
"1454","IOC","EQ",137.57,137.57,136.23,137.1,137.1,137.57,4050844,5537.14,"28-Aug-2026",34602,"",""
"1455","IOLCP","EQ",193.89,197,190.1,194.95,193.9,193.07,4410316,8553.25,"28-Aug-2026",35484,"",""
"1456","IONEXCHANG","EQ",377,379.15,371,371.45,371.15,376,116406,436,"28-Aug-2026",6924,"",""
"1457","IPCALAB","EQ",1951,1977.3,1929.8,1950.3,1953.7,1959.8,276397,5379.36,"28-Aug-2026",25707,"",""
"1458","IPHL","SM",74.4,76.9,71.6,76.9,76.9,74.35,21600,16.11,"28-Aug-2026",18,"",""
"1459","IPL","EQ",138.1,140.05,138.1,139,139.3,137.79,48826,67.9,"28-Aug-2026",1388,"",""
"1460","IPRINGLTD","EQ",146.9,146.9,140,145,145,138.64,1192,1.7,"28-Aug-2026",44,"",""
"1461","IPSL","SM",183.55,215.6,183.5,215.6,215.6,216,3000,6.04,"28-Aug-2026",5,"",""
"1462","IRB","EQ",19.25,19.41,19.04,19.07,19.08,19.32,5016562,963.74,"28-Aug-2026",14168,"",""
"1463","IRBINVIT","IV",63.67,64.35,63.25,64.19,64.3,63.67,192321,122.79,"28-Aug-2026",3306,"",""
"1464","IRCON","EQ",123.3,123.89,122.2,122.4,123,123.04,834876,1027.12,"28-Aug-2026",11487,"",""
"1465","IRCTC","EQ",487.55,489,484.7,485.65,486.4,487.55,581576,2827.18,"28-Aug-2026",32911,"",""
"1466","IREDA","EQ",117,117.9,115.77,117.02,117.02,117.4,4510429,5268.95,"28-Aug-2026",38298,"",""
"1467","IRFC","EQ",84.65,84.99,83.65,83.9,83.9,84.65,6872970,5791.11,"28-Aug-2026",47245,"",""
"1468","IRIS","EQ",240,253,235.68,250.72,250,235.68,25805,63.4,"28-Aug-2026",882,"",""
"1469","IRISDOREME","EQ",58.37,59.09,58.11,58.7,58.9,57.93,415448,243.58,"28-Aug-2026",3442,"",""
"1470","IRMENERGY","EQ",282.5,289,281.1,283.35,283.3,283.1,72208,205.1,"28-Aug-2026",2518,"",""
"1471","ISFT","EQ",93.36,99.15,93.21,94.11,93.51,95.17,123205,116.91,"28-Aug-2026",946,"",""
"1472","ISGEC","EQ",775,791,774.6,789.05,788,780.4,41044,321.88,"28-Aug-2026",3685,"",""
"1473","ISHAN","SM",0.55,0.55,0.55,0.55,0.55,0.55,48000,0.26,"28-Aug-2026",1,"",""
"1474","ISHANCH","EQ",44.46,45,43.4,44.82,44.5,44,23463,10.36,"28-Aug-2026",400,"",""
"1475","ISTLTD","EQ",670,678,650.1,676.4,677,668.9,360,2.42,"28-Aug-2026",54,"",""
"1476","IT","EQ",34,34.92,33.68,34.63,34.7,33.68,503340,173.87,"28-Aug-2026",904,"",""
"1477","ITADD","EQ",32.68,33.21,32.65,33.01,33.01,32.19,69661,22.99,"28-Aug-2026",1881,"",""
"1478","ITALIANE","SM",36.1,36.1,34.7,34.85,35,34.4,34000,12.22,"28-Aug-2026",15,"",""
"1479","ITAXIS","EQ",337.68,345.34,337.68,343.84,345.34,332,10697,36.69,"28-Aug-2026",174,"",""
"1480","ITBEES","EQ",33.71,34.82,33.62,34.7,34.7,33.71,20158995,6973.76,"28-Aug-2026",17645,"",""
"1481","ITBETA","EQ",327.9,330.21,326.47,328,328,319,3772,12.36,"28-Aug-2026",43,"",""
"1482","ITC","EQ",269,269,264.8,266,266,269,15200847,40423.98,"28-Aug-2026",204924,"",""
"1483","ITCHOTELS","EQ",164.16,164.95,161.95,162.73,163.35,164.16,1319791,2152.4,"28-Aug-2026",20369,"",""
"1484","ITDC","EQ",664.9,675.6,659.05,662.15,663.75,659.35,63395,420.67,"28-Aug-2026",5349,"",""
"1485","ITETF","EQ",32.5,33.21,32.07,33.08,33.17,32.07,467295,154.07,"28-Aug-2026",959,"",""
"1486","ITI","EQ",275.95,279.55,274.6,275.5,276,275.2,176937,490.2,"28-Aug-2026",4473,"",""
"1487","ITIETF","EQ",33.81,34.8,33.81,34.65,34.61,33.72,917093,316.92,"28-Aug-2026",1475,"",""
"1488","ITL","EQ",360,377,360,368.4,368.4,367.2,2845,10.56,"28-Aug-2026",70,"",""
"1489","ITTL","ST",64.2,64.2,64.2,64.2,64.2,64.2,105,0.07,"28-Aug-2026",1,"",""
"1490","IVALUE","EQ",273.1,274.65,258.35,264.65,265,274.75,279869,742.23,"28-Aug-2026",7126,"",""
"1491","IVC","EQ",8.56,8.58,8.36,8.49,8.49,8.39,253604,21.58,"28-Aug-2026",848,"",""
"1492","IVP","BE",192.1,193,189.8,191.37,191.07,191.77,7289,13.96,"28-Aug-2026",73,"",""
"1493","IVZBANKNF","EQ",57.39,57.54,57.26,57.35,57.35,57.66,936,0.54,"28-Aug-2026",11,"",""
"1494","IVZINGOLD","EQ",138.1,138.45,135.8,138.1,138,136.75,22801,31.21,"28-Aug-2026",445,"",""
"1495","IVZINNIFTY","EQ",270.08,277.97,270.08,276.86,276.53,277.01,243,0.67,"28-Aug-2026",32,"",""
"1496","IVZSENSEX","EQ",76.24,79.2,76.22,79.2,79.2,77.37,10260,7.82,"28-Aug-2026",13,"",""
"1497","IWARE","ST",445,445,430,430.55,430,445,8400,36.41,"28-Aug-2026",14,"",""
"1498","IWP","EQ",35.2,35.65,34,34.03,34,34.95,4697,1.63,"28-Aug-2026",72,"",""
"1499","IXIGO","EQ",164.73,167.91,163,163.36,163.78,162.83,879086,1443.95,"28-Aug-2026",15025,"",""
"1500","IZMO","EQ",834,880.8,827.65,848.45,850,829.6,71967,612.02,"28-Aug-2026",5524,"",""
"1501","J&KBANK","EQ",151.93,152.39,149,150.01,150,152.17,884757,1328.15,"28-Aug-2026",14043,"",""
"1502","JAGRAN","EQ",61.8,62.02,61.2,61.3,61.25,61.68,132770,81.68,"28-Aug-2026",2040,"",""
"1503","JAGSNPHARM","EQ",237.76,242.86,236.17,239.06,240.86,236.99,92231,221.11,"28-Aug-2026",3024,"",""
"1504","JAIBALAJI","EQ",70.3,70.81,68.45,69.23,69.9,70.16,986503,685.83,"28-Aug-2026",3886,"",""
"1505","JAICORPLTD","EQ",100.91,101,99.66,100.32,100.33,100.1,200251,200.84,"28-Aug-2026",2572,"",""
"1506","JAINIK","SM",198.25,209.75,188.35,209.75,209.75,205,12000,23.78,"28-Aug-2026",10,"",""
"1507","JAINREC","EQ",285.1,293.35,285.1,287.95,287.9,285.05,811696,2345.44,"28-Aug-2026",16108,"",""
"1508","JAIPURKURT","EQ",26.34,26.88,26.33,26.78,26.43,26.33,4902,1.32,"28-Aug-2026",26,"",""
"1509","JAMNAAUTO","EQ",119.88,122.72,119.88,120.8,121.16,119.88,886484,1074.97,"28-Aug-2026",9941,"",""
"1510","JARO","EQ",465.9,477.75,464.2,470.05,472.95,463.15,93456,440.64,"28-Aug-2026",3720,"",""
"1511","JASH","EQ",488,488,477.1,478.3,478.9,484.65,44964,215.69,"28-Aug-2026",3210,"",""
"1512","JAYAGROGN","EQ",223.11,227.58,222.32,223.14,224.78,222.07,3465,7.77,"28-Aug-2026",233,"",""
"1513","JAYBARMARU","EQ",124.99,128.7,123.21,128.35,127,122.58,283574,358.96,"28-Aug-2026",2518,"",""
"1514","JAYBEE","SM",85.45,89,83.9,85.45,85.95,83.75,27500,23.72,"28-Aug-2026",45,"",""
"1515","JAYESH","SM",135,144,133.1,142.35,140,135.5,258000,362.67,"28-Aug-2026",76,"",""
"1516","JAYKAY","EQ",151.22,156.8,149,154.11,154.95,169.62,781470,1197.48,"28-Aug-2026",11518,"",""
"1517","JAYNECOIND","EQ",101.09,102.1,97.31,99.1,99,101.09,4064048,4035.49,"28-Aug-2026",27350,"",""
"1518","JAYSREETEA","EQ",100.05,101.8,98.15,98.84,98.98,100.1,56082,56.09,"28-Aug-2026",816,"",""
"1519","JBMA","EQ",645.9,650.7,640.1,641.55,641.5,645.25,132197,850.99,"28-Aug-2026",7652,"",""
"1520","JENBURPH","EQ",1031,1055,1030.1,1048,1053,1032.8,501,5.24,"28-Aug-2026",58,"",""
"1521","JETFREIGHT","EQ",22.55,22.82,22.2,22.39,22.57,22.85,102690,23.13,"28-Aug-2026",346,"",""
"1522","JEYYAM","ST",22.75,23.5,22.75,22.8,22.8,22.8,104000,23.89,"28-Aug-2026",18,"",""
"1523","JGCHEM","EQ",589.9,675,586.45,651.3,658,585.5,5912922,38785.95,"28-Aug-2026",149333,"",""
"1524","JHS","EQ",8.95,9.3,8.24,8.29,8.3,8.95,129946,11.06,"28-Aug-2026",500,"",""
"1525","JINDALPHOT","EQ",1020.4,1055.8,1012.1,1026.6,1048,1041,4737,48.5,"28-Aug-2026",346,"",""
"1526","JINDALPOLY","EQ",637.55,642,632.85,635.85,635,637.55,5335,33.99,"28-Aug-2026",410,"",""
"1527","JINDALSAW","EQ",310.25,311.2,305.05,308.6,309,310.25,1154109,3555.55,"28-Aug-2026",19347,"",""
"1528","JINDALSTEL","EQ",1172.7,1191.9,1170,1179.2,1179.2,1170,652427,7688.87,"28-Aug-2026",24138,"",""
"1529","JINDRILL","EQ",630.9,635.5,625.55,628.2,630,630.55,106924,674.25,"28-Aug-2026",4968,"",""
"1530","JINDWORLD","EQ",37.01,38.67,37.01,37.86,38,36.83,5772657,2184.07,"28-Aug-2026",13347,"",""
"1531","JIOFIN","EQ",238.6,240,237.6,238.4,238.4,238.1,7150998,17046.98,"28-Aug-2026",61321,"",""
"1532","JISLDVREQS","EQ",20.95,21.7,20.89,21.22,21,21.13,7484,1.59,"28-Aug-2026",70,"",""
"1533","JISLJALEQS","EQ",29.5,29.98,28.5,28.7,28.89,29.69,2217553,645.36,"28-Aug-2026",6733,"",""
"1534","JITFINFRA","EQ",321.55,325.5,317,318.1,317,321.5,6571,21.11,"28-Aug-2026",295,"",""
"1535","JKCEMENT","EQ",5233.5,5244.5,5132,5168.5,5139,5233.5,26769,1386.31,"28-Aug-2026",6816,"",""
"1536","JKIL","EQ",506,506.9,497,500.25,502.25,504.25,37156,186,"28-Aug-2026",2307,"",""
"1537","JKIPL","EQ",107.55,109.8,104.26,104.92,104.26,109.12,329849,347.68,"28-Aug-2026",734,"",""
"1538","JKLAKSHMI","EQ",544.2,544.4,539,540.85,541.6,544.2,66478,359.96,"28-Aug-2026",7291,"",""
"1539","JKPAPER","EQ",391.45,395.3,389,391.55,390.75,390.4,141274,554.32,"28-Aug-2026",4961,"",""
"1540","JKTYRE","EQ",381.95,382.55,377.6,380.25,379.5,378.75,301864,1146.3,"28-Aug-2026",8279,"",""
"1541","JLHL","EQ",309,312.95,295,301.4,300,307.45,111623,336.6,"28-Aug-2026",4197,"",""
"1542","JMA","EQ",93.04,103.7,92,95.09,95,93.04,198237,195,"28-Aug-2026",1600,"",""
"1543","JMFINANCIL","EQ",130.87,132.5,128.6,129.29,129.1,130.45,2233306,2911.76,"28-Aug-2026",16847,"",""
"1544","JNKINDIA","EQ",440.75,450.1,437.1,447.65,446,444.75,106881,473.96,"28-Aug-2026",3325,"",""
"1545","JNPR","EQ",254.51,259,246.57,258.23,258.5,254.32,1228144,3106.29,"28-Aug-2026",20405,"",""
"1546","JOCIL","BE",154,154,146.6,152.5,152.5,151.15,2296,3.46,"28-Aug-2026",44,"",""
"1547","JPOLYINVST","EQ",968,1030,968,1025,1027.1,966.1,21055,212.35,"28-Aug-2026",1610,"",""
"1548","JPPOWER","EQ",16.94,16.98,16.76,16.82,16.81,16.92,19545803,3290.84,"28-Aug-2026",90341,"",""
"1549","JSFB","EQ",547,551.25,539.2,541,543,544.55,301768,1640.23,"28-Aug-2026",9207,"",""
"1550","JSL","EQ",704,707.55,697,705.15,705,705,307596,2164.98,"28-Aug-2026",17519,"",""
"1551","JSLL","EQ",505,515,502.6,512.5,511.2,501.9,361458,1839.13,"28-Aug-2026",10068,"",""
"1552","JSWCEMENT","EQ",127,127.2,124.7,125.24,125.15,126.55,476253,596.51,"28-Aug-2026",10156,"",""
"1553","JSWDULUX","EQ",3130,3139,3100.3,3110.8,3110,3110.4,6926,215.93,"28-Aug-2026",2078,"",""
"1554","JSWENERGY","EQ",539.8,542,535.3,535.3,535.3,542.1,995262,5362.67,"28-Aug-2026",32579,"",""
"1555","JSWHL","EQ",11800,11800,11524,11578,11622,11735,1170,136.19,"28-Aug-2026",533,"",""
"1556","JSWINFRA","EQ",339.5,344.85,337.5,342.95,342,337.95,1428019,4889.7,"28-Aug-2026",29463,"",""
"1557","JSWSTEEL","EQ",1335.2,1344,1320.4,1334.9,1334.9,1337.5,1403899,18646.68,"28-Aug-2026",33207,"",""
"1558","JTEKTINDIA","EQ",126.18,126.99,125,126.38,126.35,126.18,66429,83.86,"28-Aug-2026",1422,"",""
"1559","JTLIND","EQ",83.37,91.01,82.83,89.87,89.6,82.57,18590394,16402.19,"28-Aug-2026",79438,"",""
"1560","JUBLCPL","EQ",2118.7,2166.4,2102,2140.4,2150,2122.9,2075,44.26,"28-Aug-2026",396,"",""
"1561","JUBLFOOD","EQ",502.25,502.7,490.05,490.45,490.45,504,1153110,5708.15,"28-Aug-2026",24513,"",""
"1562","JUBLINGREA","EQ",691,698,681,683.5,684.05,691.1,142239,979.22,"28-Aug-2026",8209,"",""
"1563","JUBLPHARMA","EQ",880,895,871.1,882.65,881.95,878.7,124044,1097.75,"28-Aug-2026",12474,"",""
"1564","JUNIORBEES","EQ",821.9,821.9,800.5,801.29,803,805.78,194210,1558.74,"28-Aug-2026",6812,"",""
"1565","JUNIPER","EQ",216.05,217.9,213.45,214.59,215.42,216.05,163439,351.69,"28-Aug-2026",3812,"",""
"1566","JUSTDIAL","EQ",655,704.55,653.35,704.55,704.55,640.5,739937,5175.27,"28-Aug-2026",9281,"",""
"1567","JWL","EQ",246.9,247.7,244.5,245.1,245.5,247,606055,1490.49,"28-Aug-2026",11953,"",""
"1568","JYOTHYLAB","EQ",209.52,210.05,206.1,207.4,206.1,209.52,323793,675.42,"28-Aug-2026",8243,"",""
"1569","JYOTICNC","EQ",1029.8,1048,1014.55,1039.4,1033.4,1029.8,873856,9055.96,"28-Aug-2026",45284,"",""
"1570","JYOTIGLOBL","SM",37.05,37.4,37,37.3,37.25,38.2,12000,4.46,"28-Aug-2026",6,"",""
"1571","JYOTIRES","EQ",897.15,904.55,873,879.65,883,890.55,5279,46.86,"28-Aug-2026",547,"",""
"1572","JYOTISTRUC","EQ",10.23,10.36,10.06,10.14,10.21,10.19,2945954,300.39,"28-Aug-2026",2952,"",""
"1573","K2INFRA","ST",50.05,51.7,48.9,50.25,51.7,51.1,31200,15.49,"28-Aug-2026",48,"",""
"1574","KABRAEXTRU","EQ",590,612.15,578.3,603.5,601.7,589.6,278180,1664.73,"28-Aug-2026",10623,"",""
"1575","KAJARIACER","EQ",1204,1229.9,1202,1215.5,1217,1200.4,91389,1111.34,"28-Aug-2026",6990,"",""
"1576","KAKATCEM","EQ",112.8,117,112.8,113.78,113.12,115.39,4787,5.46,"28-Aug-2026",76,"",""
"1577","KALAMANDIR","EQ",86.48,87.5,86.45,87.09,87.33,86.48,157352,136.64,"28-Aug-2026",1530,"",""
"1578","KALANA","SM",23.5,23.5,23.5,23.5,23.5,24.7,2000,0.47,"28-Aug-2026",1,"",""
"1579","KALPATARU","EQ",275,279.8,274,276.45,276,274.15,54833,151.62,"28-Aug-2026",861,"",""
"1580","KALYANI","BE",144.99,144.99,144.99,144.99,144.99,138.09,250,0.36,"28-Aug-2026",12,"",""
"1581","KALYANIFRG","EQ",679.3,784.5,672.05,761.95,745,682.45,14670,108.74,"28-Aug-2026",836,"",""
"1582","KALYANKJIL","EQ",633,635.5,613,615.8,615.8,629.3,7914847,49215,"28-Aug-2026",72981,"",""
"1583","KAMAHOLD","EQ",2398.4,2400,2370,2374.6,2383,2389.4,4904,116.67,"28-Aug-2026",711,"",""
"1584","KAMANWALA","EQ",16.9,17,16.1,16.93,17,16.52,3706,0.62,"28-Aug-2026",25,"",""
"1585","KAMATHOTEL","EQ",237,241.11,227.21,228.3,229.84,236.51,78492,183.82,"28-Aug-2026",2212,"",""
"1586","KAMDHENU","BE",35.8,36.5,35.03,36.17,36,35.63,425421,152.59,"28-Aug-2026",726,"",""
"1587","KAMOPAINTS","EQ",4.63,4.65,4.45,4.5,4.5,4.54,99545,4.47,"28-Aug-2026",441,"",""
"1588","KANANIIND","EQ",1.45,1.54,1.45,1.52,1.51,1.47,300568,4.54,"28-Aug-2026",203,"",""
"1589","KANCHI","EQ",415.5,435,404.2,422.3,424.4,420,4421,18.74,"28-Aug-2026",140,"",""
"1590","KANCOTEA","EQ",57.99,57.99,55.94,55.95,55.95,56.35,283,0.16,"28-Aug-2026",10,"",""
"1591","KANDARP","SM",96.15,96.15,95.05,95.05,95.05,96.05,4000,3.83,"28-Aug-2026",4,"",""
"1592","KANORICHEM","BE",158.5,160.29,155,159.25,160,158.79,9149,14.39,"28-Aug-2026",93,"",""
"1593","KANPRPLA","EQ",271.39,275,261.36,272.32,274.85,268.49,48314,130.18,"28-Aug-2026",1371,"",""
"1594","KANSAINER","EQ",198.44,200.01,194.93,195.77,195.9,198.44,219737,432.5,"28-Aug-2026",7565,"",""
"1595","KAPSTON","EQ",504.7,566.4,504.7,559.2,561,501,242617,1298.87,"28-Aug-2026",6571,"",""
"1596","KARMAENG","EQ",37.51,43.2,37.51,38.84,39.01,38.05,8956,3.53,"28-Aug-2026",251,"",""
"1597","KARNIKA","SM",113.1,115.6,113.1,115.05,115.05,114.85,32000,36.72,"28-Aug-2026",29,"",""
"1598","KARURVYSYA","EQ",346.3,350.85,344.45,346,346,346.3,1302287,4520.53,"28-Aug-2026",34548,"",""
"1599","KATARIA","SM",104.5,104.5,104.5,104.5,104.5,103.5,600,0.63,"28-Aug-2026",1,"",""
"1600","KAUSHALYA","BE",852.6,899,852.6,867.5,867.5,893,99,0.87,"28-Aug-2026",15,"",""
"1601","KAVDEFENCE","EQ",57.7,58.11,56.73,57.22,57.02,57.83,75324,43.12,"28-Aug-2026",894,"",""
"1602","KAYA","BE",334.25,334.25,318.6,327.35,328,334.25,10118,32.95,"28-Aug-2026",154,"",""
"1603","KAYNES","EQ",4035.1,4053.5,3930.3,3943.1,3943.1,4018.8,673805,26894.21,"28-Aug-2026",44979,"",""
"1604","KAYTEX","SM",58.9,58.9,56.7,57.4,57.4,56.7,4800,2.78,"28-Aug-2026",6,"",""
"1605","KCK","ST",14.9,15,14.9,14.9,14.9,14.65,95000,14.23,"28-Aug-2026",14,"",""
"1606","KCP","EQ",169.69,173.94,166.35,168.69,166.35,169.51,145640,247.85,"28-Aug-2026",2520,"",""
"1607","KCPSUGIND","BE",31.98,32.95,31.01,32.12,32.05,31.98,90147,28.93,"28-Aug-2026",363,"",""
"1608","KDDL","EQ",3949,3972.4,3921.9,3936.9,3940.2,3947.2,12866,507.24,"28-Aug-2026",3199,"",""
"1609","KDL","SM",99,104,98,100.3,100.95,97.75,18000,18.13,"28-Aug-2026",71,"",""
"1610","KEC","EQ",421,427,421,425.8,425.8,421.4,486493,2063.44,"28-Aug-2026",15062,"",""
"1611","KECL","EQ",129.85,138.95,129.85,134.83,134.7,129.87,263151,355.43,"28-Aug-2026",3512,"",""
"1612","KEEPLEARN","EQ",1.98,1.98,1.91,1.94,1.98,1.98,16395,0.32,"28-Aug-2026",76,"",""
"1613","KEI","EQ",5536,5570,5487.4,5570,5570,5536,316313,17516.78,"28-Aug-2026",32631,"",""
"1614","KELLTONTEC","EQ",14.86,15.7,14.81,15.07,14.9,14.86,18231630,2798.21,"28-Aug-2026",46165,"",""
"1615","KEN","SM",40,40.9,39.3,39.3,39.3,39.9,9600,3.86,"28-Aug-2026",8,"",""
"1616","KENNAMET","EQ",4505,4860,4472.5,4580.3,4620,4515.1,97124,4510.43,"28-Aug-2026",20429,"",""
"1617","KERNEX","EQ",1805,1828.9,1751,1800,1810,1801.2,227048,4049.62,"28-Aug-2026",16270,"",""
"1618","KESORAMIND","BE",11.11,11.3,11.11,11.3,11.3,11.11,223544,25.18,"28-Aug-2026",224,"",""
"1619","KEYFINSERV","EQ",255,257.5,252.45,254.2,253.35,255,185,0.47,"28-Aug-2026",13,"",""
"1620","KFINTECH","EQ",959.65,964.15,942.6,949.95,949.95,957,587920,5593.58,"28-Aug-2026",26064,"",""
"1621","KHADIM","BE",115.85,119.04,112,117.63,116.15,113.38,157548,184.78,"28-Aug-2026",894,"",""
"1622","KHAICHEM","EQ",55.5,56.78,55.37,55.58,55.6,55.52,82431,46.02,"28-Aug-2026",723,"",""
"1623","KHAITANLTD","EQ",145,147,140,142.1,142.2,144.78,2714,3.86,"28-Aug-2026",78,"",""
"1624","KHANDSE","EQ",17.81,18.38,16.19,17.05,17.87,17.38,1305,0.22,"28-Aug-2026",66,"",""
"1625","KICL","EQ",5223.5,5259.5,5134,5180,5157,5238,1041,54.05,"28-Aug-2026",199,"",""
"1626","KILITCH","BE",171,173.9,169.1,171.77,172.45,171.33,10073,17.25,"28-Aug-2026",179,"",""
"1627","KIMS","EQ",772.25,785.6,763.3,771,766.8,768.45,627500,4851.93,"28-Aug-2026",41367,"",""
"1628","KINGFA","EQ",5950,5975,5910,5947,5975,5960.5,4643,275.96,"28-Aug-2026",1338,"",""
"1629","KIOCL","EQ",384,389.15,382.35,386.55,388.3,382.8,44120,170.24,"28-Aug-2026",1836,"",""
"1630","KIRANVYPAR","EQ",197,202.58,196,198.24,197.9,200.62,1934,3.84,"28-Aug-2026",47,"",""
"1631","KIRIINDUS","EQ",482.5,497,482.5,492.9,491.45,481.1,698220,3427.38,"28-Aug-2026",15336,"",""
"1632","KIRLFER","EQ",447.5,452.05,441.1,449.85,451.4,447.6,24121,107.96,"28-Aug-2026",1793,"",""
"1633","KIRLOSBROS","EQ",1909.6,1920.2,1890.5,1914.7,1915,1899.3,33445,638.1,"28-Aug-2026",3423,"",""
"1634","KIRLOSENG","EQ",2119.4,2144.4,2090.4,2123.1,2115.2,2100.2,332403,7062.73,"28-Aug-2026",22451,"",""
"1635","KIRLOSIND","EQ",3710.1,3757.6,3700,3715.1,3711.1,3704.2,1628,60.48,"28-Aug-2026",314,"",""
"1636","KIRLPNU","EQ",733,737.9,717.3,723.3,724,731.5,91054,659.67,"28-Aug-2026",7991,"",""
"1637","KISSHT","EQ",302.9,312,302.4,306.3,306.45,303.1,907622,2793.12,"28-Aug-2026",31771,"",""
"1638","KITEX","EQ",128.76,130.6,127.05,128.4,128.23,129.86,295487,378.72,"28-Aug-2026",3874,"",""
"1639","KJMCFIN","EQ",64.6,72.46,64.6,66.97,66.37,69.11,1211,0.82,"28-Aug-2026",42,"",""
"1640","KKCL","EQ",501.05,508.3,492.5,507.05,507,498.2,46684,234.85,"28-Aug-2026",1594,"",""
"1641","KKJEWELS","SM",97,97.4,96.65,97.4,97.4,98,10000,9.71,"28-Aug-2026",10,"",""
"1642","KLBRENG-B","EQ",395.2,427,394.8,421,420.9,390.9,605979,2514.84,"28-Aug-2026",11527,"",""
"1643","KLL","SM",22,22.3,21.5,21.75,21.95,21.35,5600,1.23,"28-Aug-2026",7,"",""
"1644","KMCSHIL","EQ",138.6,139.58,136.62,138.05,139,138.18,82093,113.28,"28-Aug-2026",1400,"",""
"1645","KMEW","EQ",2980,3080,2969,3051.9,3052,2969,155002,4705.34,"28-Aug-2026",27147,"",""
"1646","KMSUGAR","EQ",30.84,32.99,30.66,32.64,32.55,30.61,505957,162.17,"28-Aug-2026",2158,"",""
"1647","KNACK","EQ",192.89,195.97,192.05,192.61,193.38,192.05,341774,662.15,"28-Aug-2026",3985,"",""
"1648","KNAGRI","EQ",214.1,220,214.1,219.99,220,214.23,9223,20.07,"28-Aug-2026",192,"",""
"1649","KNRCON","EQ",123,125.67,121.32,124.55,124.01,122.45,2939674,3605.62,"28-Aug-2026",22783,"",""
"1650","KODYTECH","ST",1416.15,1422,1385,1419.1,1422,1384.2,9100,128.29,"28-Aug-2026",41,"",""
"1651","KOHINOOR","EQ",34.1,34.95,33.91,34.45,34.1,34.35,172391,59.32,"28-Aug-2026",1666,"",""
"1652","KOKUYOCMLN","EQ",81,81.9,80.02,80.18,80.15,81.21,13438,10.81,"28-Aug-2026",265,"",""
"1653","KOLTEPATIL","EQ",450,452.85,443.5,448.2,446,447.95,46188,207.04,"28-Aug-2026",2119,"",""
"1654","KONSTELEC","ST",57.3,62.25,57.1,62.05,62.05,59.3,58000,35.47,"28-Aug-2026",46,"",""
"1655","KONTOR","SM",60,60,56,56,56,57.15,2400,1.37,"28-Aug-2026",4,"",""
"1656","KOPRAN","BE",193.5,202.35,191,201.76,201,192.72,252164,507.03,"28-Aug-2026",1361,"",""
"1657","KORE","SM",105.25,116.3,104,108,105,105.75,47750,53.58,"28-Aug-2026",115,"",""
"1658","KOTAKBANK","EQ",424.6,426.2,421,423.7,423.7,424.2,18952918,80366.35,"28-Aug-2026",166948,"",""
"1659","KOTARISUG","BE",31.47,32.5,30.51,31.43,31.65,32.11,152443,47.53,"28-Aug-2026",580,"",""
"1660","KOTHARIPET","EQ",132,133.78,130.86,131.15,130.86,131.52,23331,30.78,"28-Aug-2026",845,"",""
"1661","KOTHARIPRO","EQ",71.8,71.8,67.3,68.24,68.83,68.84,4461,3.05,"28-Aug-2026",69,"",""
"1662","KOTIC","EQ",149,153.65,149,150.19,150.99,149,9899,14.97,"28-Aug-2026",276,"",""
"1663","KOTYARK","BE",35.34,35.6,33.85,34.8,34.8,35.34,159433,54.61,"28-Aug-2026",415,"",""
"1664","KOVAI","EQ",6021.5,6094,6014,6032.5,6050,6014,4637,280.66,"28-Aug-2026",700,"",""
"1665","KPEL","EQ",244,250.55,242.6,249.45,248.85,244.9,194393,481.7,"28-Aug-2026",4634,"",""
"1666","KPIGREEN","EQ",319,319.4,311.55,314.25,315.75,316.65,444520,1395.03,"28-Aug-2026",12910,"",""
"1667","KPIL","EQ",1395.9,1404.9,1382,1386.3,1382.5,1391,96391,1339.48,"28-Aug-2026",14253,"",""
"1668","KPITTECH","EQ",590,613.45,589.4,609.4,609.4,588,5637989,34208.84,"28-Aug-2026",75088,"",""
"1669","KPL","EQ",3276.6,3338.4,3257.7,3314.3,3313,3267.1,18523,611.12,"28-Aug-2026",3004,"",""
"1670","KPRMILL","EQ",1129.4,1138,1100.6,1130.2,1130,1126.5,270993,3033.39,"28-Aug-2026",18721,"",""
"1671","KRBL","EQ",431.5,443.85,424,437.65,435.6,433.55,829333,3616.07,"28-Aug-2026",14224,"",""
"1672","KREBSBIO","EQ",56.25,62,56.23,59.17,59,56.21,10318,6,"28-Aug-2026",139,"",""
"1673","KRIDHANINF","BE",2.08,2.08,2,2.04,2.04,2.04,13042,0.27,"28-Aug-2026",25,"",""
"1674","KRISHANA","EQ",191.05,194.22,189.57,192.91,191.15,191.92,561202,1077.98,"28-Aug-2026",9603,"",""
"1675","KRISHCA","SM",156,159.2,155.5,158.15,157.6,156,25000,39.17,"28-Aug-2026",24,"",""
"1676","KRISHIVAL","EQ",408.95,411.95,404.35,410.25,411.8,406.5,22511,92.1,"28-Aug-2026",613,"",""
"1677","KRISHNADEF","EQ",1033.9,1036,1015.1,1019.8,1021.6,1031,65359,668.53,"28-Aug-2026",4409,"",""
"1678","KRITI","EQ",64.99,64.99,61.99,62.71,63.8,64.08,21987,13.85,"28-Aug-2026",203,"",""
"1679","KRITIKA","EQ",5.55,5.55,5.36,5.46,5.5,5.44,103920,5.67,"28-Aug-2026",317,"",""
"1680","KRITINUT","EQ",87.95,90.3,84.5,88.88,90.29,86.23,6203,5.43,"28-Aug-2026",167,"",""
"1681","KRMAYURVED","SM",284.95,284.95,279.05,280.05,279.15,281.6,33000,92.47,"28-Aug-2026",23,"",""
"1682","KRN","EQ",1542,1612.1,1539.9,1609.7,1612.1,1535.4,314773,4997.51,"28-Aug-2026",18642,"",""
"1683","KRONOX","BE",186.1,191,178.85,179.59,180,188.26,183951,333.7,"28-Aug-2026",1980,"",""
"1684","KROSS","EQ",215,218.2,213.22,213.99,215,215.11,287407,620.16,"28-Aug-2026",5656,"",""
"1685","KRSNAA","EQ",558.5,569.4,555.4,564.05,566.3,557.7,43292,244.33,"28-Aug-2026",9486,"",""
"1686","KRT","RR",113.64,113.64,112.05,113.41,113.39,113.19,1599222,1803.51,"28-Aug-2026",5085,"",""
"1687","KRYSTAL","EQ",652,652,639,646.05,640.15,648.35,6515,41.98,"28-Aug-2026",466,"",""
"1688","KSB","EQ",795,798.45,787,793.85,793,793.85,138338,1096.98,"28-Aug-2026",9644,"",""
"1689","KSCL","EQ",789.9,789.9,780,786.8,788,785,70765,555.88,"28-Aug-2026",3395,"",""
"1690","KSE","EQ",177.96,180.95,175.02,177.99,177.11,177.96,22498,40.06,"28-Aug-2026",374,"",""
"1691","KSHINTL","EQ",967.9,970,946.05,963.85,959.5,962.35,154785,1482.9,"28-Aug-2026",9291,"",""
"1692","KSHITIJ-RE","BE",0.03,0.03,0.03,0.03,0.03,0.02,997431,0.3,"28-Aug-2026",406,"",""
"1693","KSHITIJPOL","EQ",3.01,3.08,2.96,3.05,3.07,3.01,983386,29.99,"28-Aug-2026",874,"",""
"1694","KSL","EQ",881.3,932,880.55,888.35,889,881.3,198799,1795.02,"28-Aug-2026",10757,"",""
"1695","KSOLVES","EQ",274.5,274.5,265.05,269.35,269.1,267.85,34553,93.2,"28-Aug-2026",1136,"",""
"1696","KSR","EQ",29.5,31.43,29.5,31.42,31.43,28.58,329368,103.06,"28-Aug-2026",413,"",""
"1697","KTKBANK","EQ",325,331.35,324.2,330.35,330.75,327.15,1698579,5573.39,"28-Aug-2026",23891,"",""
"1698","KUANTUM","EQ",72.31,73.98,72,72.54,73,72.31,73864,53.6,"28-Aug-2026",854,"",""
"1699","KUSUMGAR","EQ",571.45,573.7,557.85,563.1,563.8,572.35,404494,2282.18,"28-Aug-2026",10498,"",""
"1700","KWIL","EQ",46.52,47.47,45.2,45.55,45.55,46.35,18050967,8370.85,"28-Aug-2026",34208,"",""
"1701","LADDERUP","EQ",50.9,50.9,50.9,50.9,50.9,52.1,10,0.01,"28-Aug-2026",1,"",""
"1702","LAGNAM","EQ",77.48,78.31,76.21,76.56,76.5,75.47,3982,3.11,"28-Aug-2026",24,"",""
"1703","LAHOTIOV","EQ",41.1,42,40.5,40.71,40.71,41.72,6370,2.62,"28-Aug-2026",47,"",""
"1704","LAKPRE","BZ",4.71,4.94,4.71,4.91,4.93,4.71,714,0.03,"28-Aug-2026",9,"",""
"1705","LAKSHMIMIL","EQ",8300,8375,8288,8370,8370,8298,9,0.75,"28-Aug-2026",7,"",""
"1706","LAKSHYA","SM",83.5,83.8,83.5,83.6,83.6,81.1,9600,8.03,"28-Aug-2026",9,"",""
"1707","LAL","EQ",8.95,10.29,8.8,9.06,9.14,8.98,58396,5.34,"28-Aug-2026",191,"",""
"1708","LALITHAA","EQ",247.35,267.9,245.52,265.24,267.15,246.23,24374432,63287.95,"28-Aug-2026",194690,"",""
"1709","LALPATHLAB","EQ",1938.5,1946.8,1916.1,1931.1,1926.4,1936.4,90724,1749.85,"28-Aug-2026",26056,"",""
"1710","LAMBODHARA","EQ",144,145.7,137.24,138.48,139.95,140.71,31026,43.5,"28-Aug-2026",539,"",""
"1711","LAMOSAIC","ST",59.9,61.55,58.15,60.85,61.55,60.2,133800,79.04,"28-Aug-2026",38,"",""
"1712","LANCER","EQ",11.96,11.96,11.45,11.5,11.5,11.64,207955,24.26,"28-Aug-2026",479,"",""
"1713","LANCORHOL","EQ",33,34.49,32.36,33.93,33.95,30.86,1647306,551.21,"28-Aug-2026",7054,"",""
"1714","LANDMARK","EQ",510.2,513.95,501,503.35,501.8,506.15,83915,423.5,"28-Aug-2026",5259,"",""
"1715","LANDSMILL","EQ",0.7,0.7,0.69,0.69,0.7,0.69,1303618,9.07,"28-Aug-2026",832,"",""
"1716","LAOPALA","EQ",169.91,179.9,168.3,175.95,175.24,169.92,551312,968.56,"28-Aug-2026",12067,"",""
"1717","LARGEMID50","EQ",36.8,36.88,36.7,36.87,36.87,36.86,3301,1.22,"28-Aug-2026",17,"",""
"1718","LASA","EQ",7,7.42,6.85,6.99,6.9,6.97,69589,4.93,"28-Aug-2026",247,"",""
"1719","LASERPOWER","EQ",320.05,327.9,318.45,325.65,326.45,319.6,466158,1505.88,"28-Aug-2026",8734,"",""
"1720","LATENTVIEW","EQ",276,284.6,275.2,279.6,279.7,275.25,539539,1515.49,"28-Aug-2026",17016,"",""
"1721","LATTEYS","EQ",22.99,23.39,22.03,22.19,22.24,22.2,54079,12.05,"28-Aug-2026",229,"",""
"1722","LAURUSLABS","EQ",1929.7,1938.5,1910.1,1938.5,1938.5,1929.4,2231476,42926.38,"28-Aug-2026",56959,"",""
"1723","LAXMICOT","EQ",14.19,14.19,13.35,13.42,13.4,13.83,18723,2.53,"28-Aug-2026",86,"",""
"1724","LAXMIDENTL","EQ",196.27,202,194.89,199.78,200.48,194.82,76144,151.44,"28-Aug-2026",2434,"",""
"1725","LAXMIINDIA","EQ",123.39,127.65,122.11,126.29,127.4,122.5,126472,157.96,"28-Aug-2026",1921,"",""
"1726","LCCINFOTEC","EQ",3.58,3.85,3.5,3.68,3.68,3.53,143489,5.28,"28-Aug-2026",328,"",""
"1727","LCL","EQ",569.95,576,556.3,565.1,565.95,566,339182,1915.19,"28-Aug-2026",15016,"",""
"1728","LEAPIND","EQ",162.48,169.8,161.85,168.4,169.29,161.77,8859488,14788.46,"28-Aug-2026",70327,"",""
"1729","LEENEE","EQ",10.06,10.47,9.51,10.25,9.99,9.82,33254,3.34,"28-Aug-2026",181,"",""
"1730","LEMERITE","EQ",22.49,22.49,20.8,20.97,20.98,21.81,195943,42.3,"28-Aug-2026",436,"",""
"1731","LEMONTREE","EQ",105.5,108.8,105.12,108.53,108.64,107.69,9179975,9898.8,"28-Aug-2026",30121,"",""
"1732","LENSKART","EQ",645,648,635.75,636.15,636.1,640.6,6054352,38757.2,"28-Aug-2026",154870,"",""
"1733","LEXUS","EQ",13.44,13.6,12.82,13.03,13.08,13.07,25357,3.31,"28-Aug-2026",111,"",""
"1734","LFIC","EQ",139,139.4,136.7,137.6,137.61,136.56,362,0.5,"28-Aug-2026",21,"",""
"1735","LGBBROSLTD","EQ",1692,1724.6,1675.1,1717.7,1715.1,1684.4,32810,559.94,"28-Aug-2026",4747,"",""
"1736","LGEINDIA","EQ",1700,1719.2,1682.7,1691.4,1686,1700.4,753223,12856.27,"28-Aug-2026",32661,"",""
"1737","LGHL","EQ",170,183.6,170,173.45,175.98,179.9,14592,25.98,"28-Aug-2026",764,"",""
"1738","LIBAS","EQ",10.48,11,10.15,10.46,10.53,10.47,26728,2.83,"28-Aug-2026",174,"",""
"1739","LIBERTSHOE","EQ",245.1,247.95,243.05,244.35,245.8,245.1,10075,24.72,"28-Aug-2026",324,"",""
"1740","LICHSGFIN","EQ",536,543,531.75,535,535,535.5,4033348,21683.87,"28-Aug-2026",40355,"",""
"1741","LICI","EQ",416.8,422,409.5,422,422,413.95,16058167,66703.28,"28-Aug-2026",67262,"",""
"1742","LICMFGOLD","EQ",141.35,142.6,140.2,142,142.1,141.35,81378,115.24,"28-Aug-2026",955,"",""
"1743","LICNETFGSC","EQ",29.69,29.69,29.46,29.59,29.59,29.69,7872,2.33,"28-Aug-2026",57,"",""
"1744","LICNETFN50","EQ",278.51,278.51,269.95,271.55,271.55,271.72,309,0.84,"28-Aug-2026",32,"",""
"1745","LICNETFSEN","EQ",875.63,875.92,873.4,873.4,873.4,874.9,5,0.04,"28-Aug-2026",4,"",""
"1746","LICNFNHGP","EQ",278.73,282.2,276.74,277.75,278.46,278.67,759,2.11,"28-Aug-2026",35,"",""
"1747","LICNMID100","EQ",64.8,65.11,63.89,64.21,64.21,64.27,14789,9.54,"28-Aug-2026",103,"",""
"1748","LIKHITHA","EQ",208.87,212,208.2,208.88,208.3,212.02,29394,61.59,"28-Aug-2026",582,"",""
"1749","LINC","EQ",95.21,97.09,94.6,95.54,96,95.04,24522,23.44,"28-Aug-2026",373,"",""
"1750","LINCOLN","EQ",616,617.85,603.05,614.95,616.5,614,21598,132.01,"28-Aug-2026",1170,"",""
"1751","LINDEINDIA","EQ",6549,6549.5,6491,6504,6518,6549,9814,639.79,"28-Aug-2026",2842,"",""
"1752","LIQGRWBEES","EQ",1053.64,1053.66,1053.64,1053.65,1053.66,1053.24,26347,277.61,"28-Aug-2026",137,"",""
"1753","LIQUID","EQ",999.99,1000,999.99,999.99,1000,999.99,222659,2226.57,"28-Aug-2026",156,"",""
"1754","LIQUID1","EQ",1120.45,1120.47,1120.45,1120.45,1120.46,1120,2787105,31228.31,"28-Aug-2026",746,"",""
"1755","LIQUIDADD","EQ",1142.55,1142.78,1142.55,1142.56,1142.57,1142.11,433741,4955.76,"28-Aug-2026",389,"",""
"1756","LIQUIDBEES","EQ",1000,1000.01,999.99,1000,1000.01,1000,4166382,41663.77,"28-Aug-2026",4412,"",""
"1757","LIQUIDBETF","EQ",1096.74,1096.76,1096.74,1096.75,1096.76,1096.32,146356,1605.16,"28-Aug-2026",94,"",""
"1758","LIQUIDCASE","EQ",115.71,115.71,115.69,115.7,115.71,115.65,20472543,23686.67,"28-Aug-2026",8385,"",""
"1759","LIQUIDETF","EQ",1000,1000.01,999.99,999.99,1000,1000,127637,1276.37,"28-Aug-2026",218,"",""
"1760","LIQUIDIETF","EQ",1000.01,1000.01,999.99,999.99,1000,999.99,483882,4838.82,"28-Aug-2026",201,"",""
"1761","LIQUIDPLUS","EQ",1101.09,1101.11,1101.09,1101.1,1101.11,1100.65,160545,1767.77,"28-Aug-2026",284,"",""
"1762","LIQUIDSBI","EQ",1000.01,1000.01,999.99,1000,1000.01,1000.01,1783,17.83,"28-Aug-2026",15,"",""
"1763","LIQUIDSHRI","EQ",1119.42,1119.44,1119.42,1119.42,1119.42,1119,19854,222.25,"28-Aug-2026",28,"",""
"1764","LKPSEC","EQ",15.45,15.87,15.21,15.44,15.43,15.63,7798,1.21,"28-Aug-2026",83,"",""
"1765","LLOYDS","SM",60,60,60,60,60,60,3000,1.8,"28-Aug-2026",3,"",""
"1766","LLOYDSENGG","EQ",87.5,87.85,86.02,86.74,86.71,87.56,3159675,2744.65,"28-Aug-2026",15659,"",""
"1767","LLOYDSENT","EQ",72.6,74.52,71.69,73.53,73.5,72.94,2941824,2161.5,"28-Aug-2026",10928,"",""
"1768","LLOYDSME","EQ",1800.9,1850,1798.4,1810.2,1800,1798.5,428526,7813.6,"28-Aug-2026",22462,"",""
"1769","LMW","EQ",19286,19286,18795,18901,18900,19132,2505,476.01,"28-Aug-2026",1109,"",""
"1770","LODHA","EQ",1260,1274,1248.5,1274,1274,1246.3,995058,12561.99,"28-Aug-2026",27575,"",""
"1771","LOKESHMACH","BE",297.7,312.45,297.7,312.45,312.45,297.6,33244,101.78,"28-Aug-2026",322,"",""
"1772","LORDSCHLO","EQ",139.66,145.42,136.51,140.25,138,139.42,23683,33.61,"28-Aug-2026",704,"",""
"1773","LOTUSCHO","EQ",615,622.9,612,614.35,617,618.7,1278,7.88,"28-Aug-2026",129,"",""
"1774","LOTUSDEV","BE",183.05,190,180.1,186.61,184.9,186.21,1014331,1869.93,"28-Aug-2026",2609,"",""
"1775","LOTUSEYE","EQ",113.02,114.2,108.8,110.52,110,112.63,32816,36.35,"28-Aug-2026",472,"",""
"1776","LOVABLE","EQ",71.22,75.5,71.07,74.66,74.49,72.51,32684,24.12,"28-Aug-2026",631,"",""
"1777","LOWVOL","EQ",208.04,208.17,207.6,208.13,208.13,207.87,519,1.08,"28-Aug-2026",11,"",""
"1778","LOWVOL1","EQ",21.34,21.37,21.17,21.29,21.17,21.33,15820,3.37,"28-Aug-2026",173,"",""
"1779","LOWVOLIETF","EQ",22.57,22.57,22.09,22.26,22.21,22.32,949638,211.4,"28-Aug-2026",1079,"",""
"1780","LOYALTEX","EQ",257.79,257.79,221.01,226.02,223,218.9,4243,9.85,"28-Aug-2026",267,"",""
"1781","LPDC","EQ",6.76,6.99,6.58,6.93,6.86,6.7,108365,7.4,"28-Aug-2026",272,"",""
"1782","LRRPL","SM",86,86,86,86,86,86.5,1500,1.29,"28-Aug-2026",1,"",""
"1783","LT","EQ",4045,4060,4021.3,4045.8,4045.8,4027,893956,36090.13,"28-Aug-2026",52314,"",""
"1784","LTF","EQ",322,322.4,314.3,314.3,314.3,321.9,2889242,9144.19,"28-Aug-2026",38973,"",""
"1785","LTFOODS","EQ",437.8,444.95,436,439.35,439,437.85,403175,1778.92,"28-Aug-2026",18302,"",""
"1786","LTGILTBEES","EQ",29.97,29.98,29.88,29.95,29.96,29.94,2271031,679.27,"28-Aug-2026",708,"",""
"1787","LTGILTCASE","EQ",30.54,30.58,30.47,30.54,30.58,30.55,62977,19.23,"28-Aug-2026",179,"",""
"1788","LTM","EQ",4500.9,4700,4500.9,4675,4675,4464,1148000,53416.58,"28-Aug-2026",90379,"",""
"1789","LTTS","EQ",3545,3603,3544.6,3568.7,3557.3,3537.9,48168,1719.14,"28-Aug-2026",8774,"",""
"1790","LUMAXIND","EQ",6122,6140,6025,6071,6070,6094.5,6056,367.17,"28-Aug-2026",2427,"",""
"1791","LUMAXTECH","EQ",1939.2,2000,1928.1,1985.5,1987.7,1930.6,235382,4651.46,"28-Aug-2026",24007,"",""
"1792","LUPIN","EQ",2164.9,2179.8,2153,2171.5,2171.5,2158.1,348121,7547.79,"28-Aug-2026",20422,"",""
"1793","LUXIND","EQ",1196,1227.7,1186.2,1199.5,1200,1201,22393,269.64,"28-Aug-2026",2724,"",""
"1794","LXCHEM","EQ",168.95,172.8,167.95,171.34,171.85,167.47,563267,962.1,"28-Aug-2026",7786,"",""
"1795","LYKALABS","BE",74.82,74.82,73.3,74.8,74.8,73.36,6824,5.08,"28-Aug-2026",66,"",""
"1796","M&M","EQ",3331,3351.7,3302,3334,3334,3330,1744074,57992.69,"28-Aug-2026",110918,"",""
"1797","M&MFIN","EQ",383.35,384.35,375.2,376.6,376.15,383.35,886148,3346.2,"28-Aug-2026",26520,"",""
"1798","MAANALU","EQ",121.8,121.95,116.61,120.43,120,116.68,34831,41.83,"28-Aug-2026",739,"",""
"1799","MACPOWER","EQ",1897.5,2050,1876,2007.1,1973.9,1868.8,103809,2058.44,"28-Aug-2026",10209,"",""
"1800","MADHAV","EQ",35.39,35.4,34.21,34.31,34.31,35.19,1131,0.39,"28-Aug-2026",24,"",""
"1801","MADHAVBAUG","ST",170,170,169.1,169.45,169.1,178,8800,14.92,"28-Aug-2026",12,"",""
"1802","MADHAVIPL","EQ",8.12,8.45,8.12,8.21,8.3,8.12,229567,19.12,"28-Aug-2026",481,"",""
"1803","MADHUCON","BE",5.15,5.15,4.82,5.13,4.9,4.98,11710,0.6,"28-Aug-2026",29,"",""
"1804","MADHUSUDAN","ST",225,229,221,221,221,220,13000,29.06,"28-Aug-2026",9,"",""
"1805","MADRASFERT","EQ",68.01,69.02,67.01,67.43,67.35,67.97,60820,41.2,"28-Aug-2026",901,"",""
"1806","MAFANG","EQ",207.13,207.13,207.13,207.13,207.13,206.55,59201,122.62,"28-Aug-2026",307,"",""
"1807","MAFATIND","EQ",121.51,124,120.61,123.4,123.7,120.73,29417,36.1,"28-Aug-2026",791,"",""
"1808","MAGADSUGAR","EQ",552.95,590.35,552.95,584.15,584,551,71010,407.31,"28-Aug-2026",3936,"",""
"1809","MAGNUM","EQ",19.57,19.57,18.91,19.04,19.25,19.25,6773,1.31,"28-Aug-2026",58,"",""
"1810","MAHABANK","EQ",84.89,84.89,82.95,83.8,83.8,84.69,9938458,8314.36,"28-Aug-2026",45589,"",""
"1811","MAHAPEXLTD","EQ",55,56.96,53.5,54.2,54,55.95,9015,4.92,"28-Aug-2026",248,"",""
"1812","MAHASTEEL","BE",1269.9,1330,1230,1329.7,1330,1270.7,30787,393.91,"28-Aug-2026",471,"",""
"1813","MAHEPC","EQ",106.94,107.87,104.5,105.47,105.05,106.86,23453,24.8,"28-Aug-2026",455,"",""
"1814","MAHESHWARI","BE",70.65,72.8,70.65,72.17,72.01,72,5030,3.6,"28-Aug-2026",31,"",""
"1815","MAHICKRA","SM",292,301,270,297,301,294,11250,32.75,"28-Aug-2026",13,"",""
"1816","MAHKTECH","EQ",22.57,22.75,22.5,22.75,22.75,22.57,274749,62.51,"28-Aug-2026",1479,"",""
"1817","MAHLIFE","EQ",369.85,371.8,367,367.55,368.2,368.65,27344,100.87,"28-Aug-2026",2822,"",""
"1818","MAHLOG","EQ",392.35,395.5,388.5,392.75,393.6,391.6,85642,336.1,"28-Aug-2026",4429,"",""
"1819","MAHSCOOTER","EQ",13699,13934,13561,13696,13685,13564,5667,778.77,"28-Aug-2026",1873,"",""
"1820","MAHSEAMLES","EQ",643,667.85,642.95,661.7,663.5,642.05,550119,3622.94,"28-Aug-2026",25400,"",""
"1821","MAITHANALL","EQ",1000.5,1002,974.65,982.15,978,994.8,33450,330.42,"28-Aug-2026",2221,"",""
"1822","MAITREYA","SM",120.3,128,110.05,113.7,114.05,118.95,6800,7.87,"28-Aug-2026",16,"",""
"1823","MAJESAUT","BE",369,369,350.05,363.05,364,368.1,3756,13.41,"28-Aug-2026",160,"",""
"1824","MAKEINDIA","EQ",169.04,169.05,167.79,168.4,168.55,168.87,67914,114.32,"28-Aug-2026",363,"",""
"1825","MAKERSL","EQ",206,206.11,195.02,198.73,195.25,206.11,6128,12.21,"28-Aug-2026",185,"",""
"1826","MAKS","SM",13.3,13.3,13.3,13.3,13.3,13.35,3000,0.4,"28-Aug-2026",2,"",""
"1827","MALLCOM","EQ",974.75,1014.95,968.05,1000.05,988,973.4,3165,31.31,"28-Aug-2026",318,"",""
"1828","MALUPAPER","EQ",32,32.59,31.61,32.04,32.39,32.25,4291,1.37,"28-Aug-2026",38,"",""
"1829","MAMATA","EQ",402,405,398.4,400.05,400.85,403.5,82152,330.03,"28-Aug-2026",1313,"",""
"1830","MANAKALUCO","EQ",38.71,39.74,37.92,39.39,39.4,39.1,58604,22.7,"28-Aug-2026",731,"",""
"1831","MANAKCOAT","EQ",121.33,125.49,121.15,122.85,121.15,121.09,333746,410.88,"28-Aug-2026",4333,"",""
"1832","MANAKSIA","EQ",57.05,59.06,56.89,58.13,58.02,56.89,61674,36.03,"28-Aug-2026",442,"",""
"1833","MANAKSTEEL","EQ",93.39,94.79,90.88,94.79,94.79,90.28,244759,230.35,"28-Aug-2026",1216,"",""
"1834","MANALIPETC","EQ",70.99,74.14,70.64,73.36,73.2,70.8,688296,499.89,"28-Aug-2026",6679,"",""
"1835","MANAPPURAM","EQ",348.15,351.15,346.15,348.9,348.9,348,1893238,6601.35,"28-Aug-2026",27546,"",""
"1836","MANAV","SM",34.4,34.4,34.4,34.4,34.4,32.8,4000,1.38,"28-Aug-2026",1,"",""
"1837","MANBA","EQ",129.87,132,129,130.81,129.52,129.93,60090,78.11,"28-Aug-2026",669,"",""
"1838","MANBRO","EQ",60.95,60.95,58.97,59.64,60,60.51,77984,46.39,"28-Aug-2026",286,"",""
"1839","MANCREDIT","EQ",232.5,256,232.5,247.65,255.9,229.52,437371,1052.55,"28-Aug-2026",3421,"",""
"1840","MANDEEP","SM",16.95,18.05,16.9,18.05,18.05,17.65,44000,7.89,"28-Aug-2026",8,"",""
"1841","MANGALAM","EQ",32,32.83,29.1,31.94,32,32.15,61865,19.07,"28-Aug-2026",558,"",""
"1842","MANGLMCEM","EQ",1084,1084,1050.4,1062.9,1069.8,1058.2,103225,1095.67,"28-Aug-2026",3500,"",""
"1843","MANINDS","EQ",777.55,778.95,748,768.2,767.55,767.45,985437,7521.58,"28-Aug-2026",34212,"",""
"1844","MANINFRA","EQ",116.02,123.45,116.02,122.81,122.8,115.46,7397297,8955.33,"28-Aug-2026",34460,"",""
"1845","MANIPALHOS","EQ",814,815,768,771.65,775.95,797.95,2108677,16588.11,"28-Aug-2026",54864,"",""
"1846","MANKIND","EQ",2419,2422.1,2370,2382.9,2382.9,2417.5,190737,4554.2,"28-Aug-2026",20759,"",""
"1847","MANOMAY","EQ",227.78,227.8,223.8,225.93,225.9,227.91,241205,543.71,"28-Aug-2026",2954,"",""
"1848","MANORAMA","EQ",1898.5,1907.5,1872,1889.4,1880.2,1887.2,115933,2190.77,"28-Aug-2026",11458,"",""
"1849","MANORG","EQ",505.1,517.5,499.8,510.6,514.9,500,8802,44.47,"28-Aug-2026",293,"",""
"1850","MANUFGBEES","EQ",165.81,167.27,165.4,166.38,167.1,166.66,3760,6.25,"28-Aug-2026",88,"",""
"1851","MANUGRAPH","BE",15.82,15.82,14.7,15.39,15.45,15.07,8783,1.34,"28-Aug-2026",38,"",""
"1852","MANYAVAR","EQ",544,550.5,537,547.8,546.7,544.55,255004,1391.59,"28-Aug-2026",19655,"",""
"1853","MAPMYINDIA","EQ",981,1011,961.6,965.9,970,977.1,250732,2456.38,"28-Aug-2026",15406,"",""
"1854","MARALOVER","EQ",56.99,57.4,55.6,56.65,56.65,56.27,4078,2.31,"28-Aug-2026",41,"",""
"1855","MARATHON","EQ",430.15,430.15,418.25,421.55,425,428.75,58874,248.83,"28-Aug-2026",2319,"",""
"1856","MARICO","EQ",832.1,840.7,826.45,829.65,829.65,833.5,2455289,20407.29,"28-Aug-2026",75553,"",""
"1857","MARINE","EQ",376.25,412.15,376.25,406.8,407,374.1,2596284,10331.1,"28-Aug-2026",54541,"",""
"1858","MARKOLINES","EQ",172.81,173.85,171.2,171.92,171.5,172.74,163793,281.9,"28-Aug-2026",990,"",""
"1859","MARKSANS","EQ",326.15,335.45,324.05,329.7,329.95,326.15,1463661,4814.51,"28-Aug-2026",27128,"",""
"1860","MARSONS","EQ",126.4,136.5,125.3,133.17,136,125.54,4963629,6340.29,"28-Aug-2026",20190,"",""
"1861","MARUSHIKA","SM",108.6,114,108.6,112.65,111.3,113.05,4800,5.32,"28-Aug-2026",4,"",""
"1862","MARUTI","EQ",13500,13525,13318,13376,13376,13440,277509,37219.74,"28-Aug-2026",45941,"",""
"1863","MASFIN","EQ",295.5,297.6,290.6,294.4,294.55,295.5,550606,1620.51,"28-Aug-2026",30878,"",""
"1864","MASKINVEST","EQ",147.76,147.76,145,145,145,146.3,7,0.01,"28-Aug-2026",3,"",""
"1865","MASON","SM",118,121,118,118.35,118.35,122,27000,32.43,"28-Aug-2026",31,"",""
"1866","MASPTOP50","EQ",79.78,79.78,79.78,79.78,79.78,79.96,15883,12.67,"28-Aug-2026",96,"",""
"1867","MASTEK","EQ",1615,1933.9,1615,1901.4,1933.9,1611.6,5449060,100287.73,"28-Aug-2026",228186,"",""
"1868","MASTER","SM",436,449,428.05,449,449,449,2000,8.72,"28-Aug-2026",4,"",""
"1869","MASTERTR","EQ",82.85,83.61,82.48,82.68,82.95,83.34,132504,109.69,"28-Aug-2026",533,"",""
"1870","MATRIMONY","EQ",512.1,519.05,511.5,515,515,515.45,7035,36.26,"28-Aug-2026",341,"",""
"1871","MAWANASUG","EQ",144,151.28,141.1,147.94,150,141.67,494282,729.16,"28-Aug-2026",7697,"",""
"1872","MAXESTATES","EQ",560,560,529,539.05,541.95,558.45,154812,839.49,"28-Aug-2026",5018,"",""
"1873","MAXHEALTH","EQ",1009.1,1017.5,1001.8,1014.1,1014.1,1009,1811091,18303.27,"28-Aug-2026",29462,"",""
"1874","MAXIND","EQ",151.6,154.79,149.2,150.4,150,150.48,33498,50.3,"28-Aug-2026",936,"",""
"1875","MAXPOSURE","SM",30.4,31.4,30,31.4,31.4,30.4,9000,2.74,"28-Aug-2026",8,"",""
"1876","MAXVOLT","SM",341.1,346.8,341.05,344,345.5,337.2,20000,68.83,"28-Aug-2026",39,"",""
"1877","MAYURUNIQ","EQ",753.9,774.5,745.1,766.9,773,749.4,86499,659.16,"28-Aug-2026",4394,"",""
"1878","MAZDA","BE",245.81,249,240.02,247.82,247,244.59,11659,28.68,"28-Aug-2026",182,"",""
"1879","MAZDOCK","EQ",2583,2596,2543,2555,2555,2588,388879,9961.44,"28-Aug-2026",20107,"",""
"1880","MBAPL","EQ",164.25,164.66,160.66,162.94,163.9,162.78,637478,1038.14,"28-Aug-2026",8118,"",""
"1881","MBEL","EQ",275.25,276.55,270,271.35,271.8,273.3,60889,166.03,"28-Aug-2026",1777,"",""
"1882","MBLINFRA","EQ",22.5,23.75,22,23.27,23.4,22.62,45515,10.42,"28-Aug-2026",182,"",""
"1883","MCCHRLS-B","EQ",697.95,697.95,680,687.8,694.95,680,46,0.32,"28-Aug-2026",10,"",""
"1884","MCL","EQ",57.15,59.58,57.15,59.17,59.01,57.77,61746,36.28,"28-Aug-2026",1273,"",""
"1885","MCLEODRUSS","EQ",49.15,50.5,48.5,49.81,50.35,49.17,199015,98.64,"28-Aug-2026",1214,"",""
"1886","MCLOUD","EQ",27.89,28.09,27.1,27.47,27.5,27.79,1705240,472.3,"28-Aug-2026",5367,"",""
"1887","MCX","EQ",3273.1,3339,3245,3332,3332,3273,1360874,44956.87,"28-Aug-2026",71961,"",""
"1888","MDL","ST",61.9,61.95,61.9,61.95,61.95,59,10000,6.19,"28-Aug-2026",5,"",""
"1889","MEDANTA","EQ",1520.5,1531.4,1462.1,1472.2,1469.5,1508.9,404295,6067.77,"28-Aug-2026",30380,"",""
"1890","MEDIASSIST","EQ",337.55,340,331.25,333.8,333,337.25,164861,550.16,"28-Aug-2026",10055,"",""
"1891","MEDICAMEQ","EQ",231.13,251,220,248.88,249,230.74,71552,173.47,"28-Aug-2026",1975,"",""
"1892","MEDICAPQ","EQ",25.58,26.5,25,25.91,25.99,25.5,1313,0.34,"28-Aug-2026",38,"",""
"1893","MEDICO","EQ",43.62,43.62,42,42.41,42.5,43.31,166991,71.43,"28-Aug-2026",1001,"",""
"1894","MEDIORG","SM",24.45,24.5,24.45,24.5,24.5,23.5,8000,1.96,"28-Aug-2026",4,"",""
"1895","MEDISTEP","SM",19.75,19.75,19.75,19.75,19.75,19.75,27000,5.33,"28-Aug-2026",3,"",""
"1896","MEDPLUS","EQ",688.35,695,674.3,676.35,676.5,688.35,85619,586.1,"28-Aug-2026",6913,"",""
"1897","MEESHO","EQ",203.85,210,201.82,208.63,208,207.64,9520098,19830.01,"28-Aug-2026",92647,"",""
"1898","MEGASTAR","EQ",318,318,308.2,311.6,311.7,309.2,2700,8.4,"28-Aug-2026",179,"",""
"1899","MEGATHERM","SM",229.9,229.9,215,218.9,218.9,229.15,19600,43.48,"28-Aug-2026",40,"",""
"1900","MEIL","EQ",307,308,296.95,299.4,298.2,304.3,75243,226.41,"28-Aug-2026",1736,"",""
"1901","MENNPIS","EQ",77,77.19,73,73.97,73.75,74.59,78947,59.46,"28-Aug-2026",1168,"",""
"1902","MENONBE","BE",282.8,286.9,280,284.62,286.9,283.35,77246,217.48,"28-Aug-2026",535,"",""
"1903","MEP","BZ",0.72,0.72,0.72,0.72,0.72,0.71,32328,0.23,"28-Aug-2026",14,"",""
"1904","MERCANTILE","EQ",24.83,25.26,23.57,24.99,25.26,24.71,107,0.03,"28-Aug-2026",10,"",""
"1905","MERCURYEV","EQ",39.12,39.69,38.4,38.67,38.5,38.93,59148,23.08,"28-Aug-2026",770,"",""
"1906","METAL","EQ",13.65,13.67,13.53,13.6,13.65,13.56,1425857,193.86,"28-Aug-2026",4813,"",""
"1907","METALIC","ST",128,134.8,126,131.1,132,130.3,100800,131.76,"28-Aug-2026",51,"",""
"1908","METALIETF","EQ",13.82,13.82,13.48,13.56,13.6,13.49,4020960,544.86,"28-Aug-2026",7765,"",""
"1909","METROBRAND","EQ",915.2,940,915.2,936.7,935,921.7,32396,301.35,"28-Aug-2026",5558,"",""
"1910","METROGLOBL","EQ",135.51,140,134.14,139.93,139.95,135.07,1100,1.5,"28-Aug-2026",44,"",""
"1911","METROPOLIS","EQ",583.15,602,581.25,588.45,588.65,576.9,687298,4070.52,"28-Aug-2026",35406,"",""
"1912","MFML","EQ",18.62,19.3,18.5,18.55,19.29,18.53,620,0.11,"28-Aug-2026",25,"",""
"1913","MFSL","EQ",1571.9,1588.3,1553.6,1564.4,1564.4,1568,305746,4822.37,"28-Aug-2026",28211,"",""
"1914","MGEL","BE",14.54,15,14.41,14.45,14.44,14.5,112288,16.4,"28-Aug-2026",200,"",""
"1915","MGL","EQ",1094,1107.8,1089,1092.6,1096.6,1092.8,270473,2965.02,"28-Aug-2026",31199,"",""
"1916","MGSL","SM",80.75,82,80.25,81.95,82,80.75,6000,4.88,"28-Aug-2026",5,"",""
"1917","MHLXMIRU","BE",179.05,182.9,178.1,178.3,178.3,182.46,498,0.89,"28-Aug-2026",30,"",""
"1918","MHRIL","EQ",211.65,215.8,209.9,211.39,210.4,211.23,149497,315.97,"28-Aug-2026",2988,"",""
"1919","MICEL","BE",40.9,41.54,40.37,41.54,41.54,39.57,549515,227.63,"28-Aug-2026",1661,"",""
"1920","MICROPRO","SM",18.8,18.8,18,18.5,18.5,18.65,14400,2.64,"28-Aug-2026",7,"",""
"1921","MID150","EQ",23.98,24.24,23.83,23.97,24,23.98,25876,6.19,"28-Aug-2026",175,"",""
"1922","MID150BEES","EQ",243.5,246.3,243.04,243.63,243.99,243.5,523155,1274.25,"28-Aug-2026",5064,"",""
"1923","MID150CASE","EQ",12.14,12.14,11.8,11.87,11.84,11.85,1372459,162.63,"28-Aug-2026",3132,"",""
"1924","MIDBANKADD","EQ",17.29,17.36,17.21,17.22,17.29,17.37,9277,1.6,"28-Aug-2026",71,"",""
"1925","MIDCAP","EQ",18.9,18.9,18.75,18.83,18.84,18.81,200209,37.74,"28-Aug-2026",693,"",""
"1926","MIDCAPADD","EQ",23.67,23.67,23.52,23.6,23.6,23.56,1269,0.3,"28-Aug-2026",25,"",""
"1927","MIDCAPBETA","EQ",238.84,238.84,237.09,238.13,238.13,238.01,426,1.02,"28-Aug-2026",23,"",""
"1928","MIDCAPETF","EQ",24.02,24.33,24.01,24.07,24.07,24.02,1474597,354.96,"28-Aug-2026",4254,"",""
"1929","MIDCAPIETF","EQ",24.48,24.48,24.27,24.34,24.33,24.31,568797,138.5,"28-Aug-2026",1676,"",""
"1930","MIDHANI","EQ",419.9,420.5,416,417.75,418.95,418.3,231448,967.78,"28-Aug-2026",7802,"",""
"1931","MIDQ50ADD","EQ",25.6,25.66,25.54,25.6,25.62,25.49,14180,3.63,"28-Aug-2026",86,"",""
"1932","MIDSELIETF","EQ",19.65,20.28,19.65,20.13,20.21,20.16,110058,22.18,"28-Aug-2026",512,"",""
"1933","MIDSMALL","EQ",52.62,52.79,52.46,52.75,52.77,52.48,364235,191.74,"28-Aug-2026",1912,"",""
"1934","MIDWESTLTD","EQ",1114.4,1127,1101,1106.6,1106.2,1114.4,17134,189.64,"28-Aug-2026",957,"",""
"1935","MIIL","EQ",724.5,727,689.05,709.95,712.95,718.75,94256,675.67,"28-Aug-2026",2277,"",""
"1936","MILKYMIST","EQ",215,217.26,210.1,214.31,215.9,217.31,14621198,31230.66,"28-Aug-2026",97559,"",""
"1937","MINALIND","BE",4.2,4.2,4.2,4.2,4.2,4,116714,4.9,"28-Aug-2026",135,"",""
"1938","MINDACORP","EQ",692.65,707.75,691.1,702.8,702,690.65,348343,2445.04,"28-Aug-2026",19417,"",""
"1939","MINDPOOL","SM",71.1,71.1,71.1,71.1,71.1,71.1,1000,0.71,"28-Aug-2026",1,"",""
"1940","MINDSPACE","RR",487.2,496,481.3,492.58,491,487.55,367653,1808.29,"28-Aug-2026",5224,"",""
"1941","MINDTECK","EQ",172.4,179.4,172,176.4,179.4,172.4,41663,72.88,"28-Aug-2026",971,"",""
"1942","MIRZAINT","EQ",31.71,32.3,31.42,31.83,31.9,31.56,71922,22.79,"28-Aug-2026",1265,"",""
"1943","MITCON","BE",79.49,79.49,76.1,76.1,76.1,76.08,7371,5.77,"28-Aug-2026",49,"",""
"1944","MITTAL","EQ",0.86,0.86,0.75,0.83,0.84,0.85,1129631,9.41,"28-Aug-2026",424,"",""
"1945","MKEXIM","EQ",64.01,64.9,60.1,62.6,62,64.3,31078,19.46,"28-Aug-2026",218,"",""
"1946","MKPL","EQ",4.19,4.19,4.11,4.13,4.11,4.11,79759,3.31,"28-Aug-2026",260,"",""
"1947","MLKFOOD","EQ",86.01,89.98,85.65,86.71,85.7,86.87,4729,4.12,"28-Aug-2026",141,"",""
"1948","MMEL","SM",25,25,25,25,25,25,2000,0.5,"28-Aug-2026",1,"",""
"1949","MMFL","EQ",627.85,654.8,624.1,641.7,642,625.8,173695,1114.21,"28-Aug-2026",8603,"",""
"1950","MMP","EQ",403.45,419.8,402.75,404.4,407,403.45,60928,249.46,"28-Aug-2026",2000,"",""
"1951","MMTC","EQ",63.55,63.79,63,63.07,63.2,63.51,1025217,648.89,"28-Aug-2026",6273,"",""
"1952","MMWL","EQ",14.65,15.6,14.65,14.81,14.91,14.97,9034,1.35,"28-Aug-2026",109,"",""
"1953","MNC","EQ",34.39,34.39,33.9,33.97,34,34.05,31885,10.87,"28-Aug-2026",336,"",""
"1954","MOALPHA50","EQ",57.35,57.89,56.97,57.48,57.05,57.1,20603,11.81,"28-Aug-2026",71,"",""
"1955","MOBANK10","EQ",16.95,16.99,16.83,16.85,16.93,16.95,4668,0.79,"28-Aug-2026",58,"",""
"1956","MOBIKWIK","EQ",192.94,195.46,191,192.33,192.75,191.55,454425,876.32,"28-Aug-2026",5693,"",""
"1957","MOBILISE","SM",114,115.75,113.95,115.75,115.75,110.25,20800,23.92,"28-Aug-2026",13,"",""
"1958","MOCAPITAL","EQ",56.4,56.4,54.67,55.39,55.57,55.03,1768640,977.54,"28-Aug-2026",2355,"",""
"1959","MODEFENCE","EQ",108.36,108.38,106.52,106.85,106.9,107.31,731681,782.48,"28-Aug-2026",6476,"",""
"1960","MODINATUR","BE",344.2,353.95,344.2,347.95,348.05,362.3,13127,45.64,"28-Aug-2026",156,"",""
"1961","MODIRUBBER","EQ",132.47,137.13,132.4,132.63,132.4,132.47,1637,2.19,"28-Aug-2026",101,"",""
"1962","MODIS","EQ",379.8,383.5,375.6,377.45,383.5,379.7,50349,190.37,"28-Aug-2026",1493,"",""
"1963","MODISONLTD","BE",411,415.7,392.9,412.8,414.95,404.95,73091,296.66,"28-Aug-2026",1547,"",""
"1964","MODTHREAD","EQ",53.05,55,51.01,53.51,53.5,55.68,8784,4.65,"28-Aug-2026",159,"",""
"1965","MOENERGY","EQ",38.67,38.67,38.15,38.16,38.19,38.3,143411,54.86,"28-Aug-2026",679,"",""
"1966","MOGOLD","EQ",155.95,157.05,154.5,156.85,157,155.35,13846,21.59,"28-Aug-2026",339,"",""
"1967","MOGSEC","EQ",65.4,65.4,65.07,65.11,65.09,65.39,1587,1.04,"28-Aug-2026",35,"",""
"1968","MOHEALTH","EQ",51.99,52.51,51.34,52.45,52.5,51.83,47802,24.95,"28-Aug-2026",488,"",""
"1969","MOHITE","EQ",2.64,3.16,2.6,2.95,2.99,2.64,843639,25.56,"28-Aug-2026",519,"",""
"1970","MOHITIND","EQ",25.05,25.05,24.53,24.69,24.61,25.07,2376,0.59,"28-Aug-2026",47,"",""
"1971","MOIL","EQ",260.95,262.55,257.1,258.25,258,260.95,617417,1600.1,"28-Aug-2026",15133,"",""
"1972","MOINFRA","EQ",58.8,60.5,58.55,59.36,58.99,58.99,6358,3.74,"28-Aug-2026",92,"",""
"1973","MOIPO","EQ",49.2,49.4,49.02,49.26,49.37,49.2,2973,1.46,"28-Aug-2026",35,"",""
"1974","MOKSH","EQ",10.06,11.5,10.01,10.69,10.66,10.08,1086495,116.3,"28-Aug-2026",1589,"",""
"1975","MOL","EQ",60.56,61.9,60.29,60.94,60.96,60.29,885447,540.65,"28-Aug-2026",4082,"",""
"1976","MOLBIO","EQ",1153.95,1156.1,1077.5,1094.75,1117,1144.15,980898,10945.44,"28-Aug-2026",35736,"",""
"1977","MOLDTECH","BE",196.87,198.2,191,194.07,194.99,193.01,47964,93.93,"28-Aug-2026",369,"",""
"1978","MOLDTKPAC","EQ",700,703.6,688,691.2,692,702.2,75305,522.85,"28-Aug-2026",3414,"",""
"1979","MOLOWVOL","EQ",36.58,37.5,36.3,36.61,36.63,36.62,51935,18.9,"28-Aug-2026",75,"",""
"1980","MOM100","EQ",69.26,69.78,68.4,69.12,69,69.22,270059,186.95,"28-Aug-2026",2202,"",""
"1981","MOM30IETF","EQ",32.09,32.09,31.89,31.96,32,31.94,420731,134.54,"28-Aug-2026",1346,"",""
"1982","MOM50","EQ",256.07,256.07,252.49,253.6,252.5,256.07,10009,25.34,"28-Aug-2026",187,"",""
"1983","MOMENTUM","EQ",32,32,31.7,31.78,31.72,31.8,11274,3.58,"28-Aug-2026",130,"",""
"1984","MOMENTUM30","EQ",31.48,31.52,31.37,31.48,31.51,31.42,7839,2.46,"28-Aug-2026",53,"",""
"1985","MOMENTUM50","EQ",55.19,55.64,55.12,55.46,55.5,55.2,384299,212.59,"28-Aug-2026",1468,"",""
"1986","MOMETAL","EQ",13.5,13.68,13.44,13.62,13.57,13.48,12835,1.73,"28-Aug-2026",24,"",""
"1987","MOMGF","EQ",165.65,166,165.12,165.12,165.12,165.65,84,0.14,"28-Aug-2026",13,"",""
"1988","MOMIDMTM","EQ",66.97,66.97,65.41,65.49,65.7,65.68,33165,21.76,"28-Aug-2026",245,"",""
"1989","MOMMIDCAP","EQ",13.3,13.32,13.22,13.27,13.28,13.29,1723081,228.55,"28-Aug-2026",699,"",""
"1990","MOMNC","EQ",33.15,33.15,33.03,33.05,33.05,33.15,517,0.17,"28-Aug-2026",9,"",""
"1991","MOMOMENTUM","EQ",63.78,63.8,63.32,63.5,63.42,63.58,56728,36.05,"28-Aug-2026",400,"",""
"1992","MON100","EQ",327.1,327.1,327.1,327.1,327.1,326.94,337871,1105.18,"28-Aug-2026",679,"",""
"1993","MON50EQUAL","EQ",33.56,33.75,33.45,33.71,33.7,33.52,2128,0.71,"28-Aug-2026",45,"",""
"1994","MONARCH","EQ",375,380,373.5,376.6,376,374.7,62695,236.18,"28-Aug-2026",1583,"",""
"1995","MONEXT50","EQ",74.59,74.94,73.77,74.02,74.3,74.59,6962,5.16,"28-Aug-2026",86,"",""
"1996","MONEYBOXX","EQ",56.98,57.5,56,56.97,56.99,56,5774,3.25,"28-Aug-2026",63,"",""
"1997","MONIFTY100","EQ",25.57,25.58,25.49,25.5,25.5,25.62,5216,1.33,"28-Aug-2026",38,"",""
"1998","MONIFTY500","EQ",24.69,24.69,23.48,24.11,24.1,24.09,293035,70.55,"28-Aug-2026",1163,"",""
"1999","MONOLITH","SM",1169.9,1238.5,1169.9,1226,1229,1157,75750,912.2,"28-Aug-2026",221,"",""
"2000","MONOPHARMA","SM",9,9,9,9,9,8.95,2000,0.18,"28-Aug-2026",1,"",""
"2001","MONQ50","EQ",146.37,146.37,146.37,146.37,146.37,146.52,21810,31.92,"28-Aug-2026",80,"",""
"2002","MONTECARLO","EQ",532.05,543.8,528.95,539.55,543.8,528.4,43022,230.71,"28-Aug-2026",1637,"",""
"2003","MOOILGAS","EQ",11.32,11.32,11.05,11.11,11.12,11.1,3738,0.41,"28-Aug-2026",34,"",""
"2004","MOPSE","EQ",98.5,98.88,98.5,98.57,98.5,99.02,1057,1.04,"28-Aug-2026",32,"",""
"2005","MOQUALITY","EQ",203.36,203.6,201.56,201.57,201.56,202.4,7347,14.86,"28-Aug-2026",35,"",""
"2006","MOREALTY","EQ",92.18,92.18,90.69,90.82,90.86,91.27,332230,302.56,"28-Aug-2026",1476,"",""
"2007","MOREPENLAB","EQ",96.74,106.37,96.06,106.19,106.37,96.7,39001643,40039.33,"28-Aug-2026",107502,"",""
"2008","MOS","ST",9.9,10.2,9.45,9.6,9.65,9.9,336000,32.05,"28-Aug-2026",78,"",""
"2009","MOSCHIP","EQ",220,223.54,218.5,219.77,218.55,219.36,2669474,5888.84,"28-Aug-2026",24867,"",""
"2010","MOSERVICE","EQ",31.1,31.23,30.95,31.22,31.23,31.01,926,0.29,"28-Aug-2026",100,"",""
"2011","MOSILVER","EQ",234.19,238.95,233.67,237.69,237.65,234.19,29997,70.8,"28-Aug-2026",1402,"",""
"2012","MOSMALL250","EQ",18.07,18.64,18.07,18.55,18.57,18.54,777493,144.35,"28-Aug-2026",1678,"",""
"2013","MOTHERSON","EQ",166.78,167.15,164.68,165.6,165.6,166,8444402,13986.33,"28-Aug-2026",61762,"",""
"2014","MOTILALOFS","EQ",1034,1053,1027.15,1038.3,1038.3,1038.1,554756,5780.14,"28-Aug-2026",25070,"",""
"2015","MOTISONS","EQ",16.44,16.73,16.11,16.64,16.66,16.27,23963671,3958.88,"28-Aug-2026",29153,"",""
"2016","MOTOGENFIN","BE",27.25,27.84,26.96,27,26.96,26.81,5280,1.45,"28-Aug-2026",51,"",""
"2017","MOTOUR","EQ",79.39,79.39,78.6,78.7,78.85,79.39,23997,18.92,"28-Aug-2026",258,"",""
"2018","MOVALUE","EQ",113.47,113.56,112.92,113.08,112.98,113.47,108609,122.76,"28-Aug-2026",686,"",""
"2019","MPDL","BE",34.98,34.99,32.45,32.45,32.45,34.15,2655,0.87,"28-Aug-2026",23,"",""
"2020","MPEL","ST",38.7,38.7,38.7,38.7,38.7,36.9,6400,2.48,"28-Aug-2026",4,"",""
"2021","MPHASIS","EQ",2426.3,2482,2425.1,2455,2455,2413.6,956656,23496.5,"28-Aug-2026",25858,"",""
"2022","MPSLTD","EQ",2660.2,2699,2647,2677.9,2676.9,2660.2,13645,365.31,"28-Aug-2026",2239,"",""
"2023","MRF","EQ",133600,134000,131910,132080,132010,133600,2262,2999.34,"28-Aug-2026",1814,"",""
"2024","MRIL","ST",60.15,60.15,60.15,60.15,60.15,62.8,1600,0.96,"28-Aug-2026",1,"",""
"2025","MRPL","EQ",171,172.4,168,168.53,168.5,170.8,2978571,5050.64,"28-Aug-2026",21213,"",""
"2026","MSCI360","EQ",10.12,10.47,10.05,10.22,10.22,10.22,32814,3.33,"28-Aug-2026",42,"",""
"2027","MSCIADD","EQ",29.8,29.89,29.73,29.78,29.8,29.9,1937,0.58,"28-Aug-2026",20,"",""
"2028","MSCIINDIA","EQ",30.03,30.18,30,30.14,30.17,30.03,7823,2.35,"28-Aug-2026",71,"",""
"2029","MSL","EQ",147,147,147,147,147,147,10,0.01,"28-Aug-2026",1,"",""
"2030","MSPL","EQ",34.99,36.7,34.63,36.39,36.49,34.59,1767980,635,"28-Aug-2026",5368,"",""
"2031","MSTCLTD","EQ",718.6,734.4,705.1,729.65,726.2,722.25,337402,2428.84,"28-Aug-2026",18205,"",""
"2032","MSUMI","EQ",37.92,37.98,37.53,37.74,37.68,37.92,6037911,2279.96,"28-Aug-2026",36140,"",""
"2033","MTARTECH","BE",7081,7100,6950,6997,7000,7081.5,69305,4869.82,"28-Aug-2026",12988,"",""
"2034","MTEDUCARE","BE",1.67,1.74,1.61,1.72,1.72,1.67,13642,0.23,"28-Aug-2026",55,"",""
"2035","MTNL","EQ",26.55,28.26,26.46,27.25,27.3,26.56,3912822,1084.2,"28-Aug-2026",11787,"",""
"2036","MUFIN","EQ",136.5,140.9,135.4,138.27,137.96,135.95,1428754,1982.56,"28-Aug-2026",5959,"",""
"2037","MUFTI","EQ",76.93,76.93,75.28,75.92,75.82,77.91,78216,59.26,"28-Aug-2026",987,"",""
"2038","MUKANDLTD","EQ",136.01,138,135.5,137.27,137.64,136.26,41044,56.14,"28-Aug-2026",706,"",""
"2039","MUKESHB","EQ",145,145.95,145,145.83,145.95,145.95,828,1.21,"28-Aug-2026",13,"",""
"2040","MUKKA","EQ",25.25,25.7,24.95,25.06,25.06,25.29,268612,67.65,"28-Aug-2026",1176,"",""
"2041","MUKTAARTS","BE",57.31,59.57,56,56.25,56.25,58.48,755,0.43,"28-Aug-2026",10,"",""
"2042","MULTICAP","EQ",16.89,16.95,16.86,16.89,16.93,16.89,73472,12.43,"28-Aug-2026",363,"",""
"2043","MUNISH","SM",78.55,88,78.5,87.45,88,81.5,66000,56.42,"28-Aug-2026",39,"",""
"2044","MUNJALAU","EQ",112.31,113.5,111.16,112.4,112.7,111.42,480682,539.13,"28-Aug-2026",4326,"",""
"2045","MUNJALSHOW","EQ",132.52,132.8,130.5,130.97,131,131.27,21024,27.63,"28-Aug-2026",421,"",""
"2046","MURUDCERA","EQ",30.6,30.9,30.15,30.69,30.8,30.65,20408,6.23,"28-Aug-2026",96,"",""
"2047","MUTHOOTCAP","EQ",244.7,245.68,236.9,240.43,244.49,241.13,12868,31.15,"28-Aug-2026",329,"",""
"2048","MUTHOOTFIN","EQ",3090.7,3107,3062.2,3091,3091,3085,403576,12482.54,"28-Aug-2026",33064,"",""
"2049","MUTHOOTMF","EQ",206,210.4,204.1,208.46,210,204.94,248099,514.51,"28-Aug-2026",5913,"",""
"2050","MVELECTRO","EQ",649.9,768,638.5,719.55,728,646.8,28262303,203730.39,"28-Aug-2026",493343,"",""
"2051","MVGJL","EQ",153,157.2,153,154.84,154.99,153.77,40954,63.39,"28-Aug-2026",988,"",""
"2052","MVKAGRO","SM",185.25,185.25,185.25,185.25,185.25,176.45,16200,30.01,"28-Aug-2026",28,"",""
"2053","MWL","EQ",40.01,40.01,39.21,39.53,39.21,40.01,129680,51.21,"28-Aug-2026",549,"",""
"2054","MYMUDRA","SM",72,72.85,71.5,71.55,71.55,72.25,6000,4.32,"28-Aug-2026",5,"",""
"2055","MYSORPETRO","BE",125.07,125.07,125.07,125.07,125.07,131.65,4981,6.23,"28-Aug-2026",72,"",""
"2056","NACLIND","EQ",174.8,175.29,170.12,171.63,172.2,174.8,241630,416.76,"28-Aug-2026",4343,"",""
"2057","NAGREEKCAP","EQ",23.25,23.49,22,22.77,22.72,22.5,3419,0.77,"28-Aug-2026",117,"",""
"2058","NAGREEKEXP","EQ",22.97,22.97,22,22.24,22.5,22.52,10306,2.3,"28-Aug-2026",74,"",""
"2059","NAHARCAP","EQ",258.8,259.2,255,258.44,257.5,255.75,3453,8.93,"28-Aug-2026",38,"",""
"2060","NAHARINDUS","EQ",139.56,139.56,135.25,135.99,135.25,138.1,30643,42.01,"28-Aug-2026",556,"",""
"2061","NAHARPOLY","EQ",246.05,248.9,245.8,247.35,246.05,246.55,5711,14.11,"28-Aug-2026",122,"",""
"2062","NAHARSPING","EQ",291.25,294.55,287.7,288.4,290.1,291.25,13709,39.57,"28-Aug-2026",386,"",""
"2063","NAM-INDIA","EQ",1196.6,1209.4,1185,1194.4,1194.4,1204,505054,6036.66,"28-Aug-2026",27979,"",""
"2064","NAMAN","SM",40,40,38,38,38,40,7200,2.76,"28-Aug-2026",9,"",""
"2065","NAMOEWASTE","ST",280.5,280.5,275,275.5,275,279.75,12800,35.47,"28-Aug-2026",15,"",""
"2066","NARMADA","EQ",13.98,14.1,13.78,13.96,13.95,13.87,400153,55.76,"28-Aug-2026",1102,"",""
"2067","NATCAPSUQ","EQ",215.24,219.7,203.5,204.96,209.3,214.16,63397,132.75,"28-Aug-2026",2131,"",""
"2068","NATCOPHARM","EQ",857.8,861,844.85,853.8,856.5,857.6,402204,3424.32,"28-Aug-2026",31653,"",""
"2069","NATHBIOGEN","EQ",153.97,157.9,151.8,157.3,157.4,153.86,26350,40.98,"28-Aug-2026",547,"",""
"2070","NATIONALUM","EQ",392.65,394.95,389.3,394.95,394.95,389.3,1868958,7333.89,"28-Aug-2026",26440,"",""
"2071","NATIONSTD","EQ",98.27,105,98.27,103.07,104,103.44,88867,88.29,"28-Aug-2026",1059,"",""
"2072","NAUKRI","EQ",1339,1369.4,1339,1354,1354,1330,1808851,24527.16,"28-Aug-2026",75476,"",""
"2073","NAVA","EQ",559,586.4,559,564.85,566.5,556.5,556705,3173.2,"28-Aug-2026",20177,"",""
"2074","NAVINFLUOR","EQ",8589,8591,8470.5,8517.5,8539,8567.5,77045,6563.93,"28-Aug-2026",15811,"",""
"2075","NAVKARCORP","EQ",97.5,97.8,96.5,96.88,97.35,97.37,140276,136.16,"28-Aug-2026",1643,"",""
"2076","NAVKARURB","BE",0.94,0.96,0.92,0.94,0.95,0.95,223714,2.1,"28-Aug-2026",235,"",""
"2077","NAVNETEDUL","EQ",133.84,135.52,133.2,134.51,135.5,133.59,69249,93.26,"28-Aug-2026",1312,"",""
"2078","NAZARA","EQ",354,379.4,354,374.6,373.9,354.5,8037749,29830.5,"28-Aug-2026",76176,"",""
"2079","NBCC","EQ",89.1,89.28,87.15,87.5,87.5,88.6,6704520,5902.94,"28-Aug-2026",26336,"",""
"2080","NBIFIN","EQ",2024,2024,1945,1988.7,1990,1980.1,242,4.8,"28-Aug-2026",29,"",""
"2081","NCC","EQ",150.79,150.79,146.53,148.4,148.6,150.29,1458322,2162.04,"28-Aug-2026",19010,"",""
"2082","NCLIND","EQ",180,180,174,176.26,176.99,178.61,28059,49.4,"28-Aug-2026",2982,"",""
"2083","NDGL","EQ",2995,2995,2700,2783,2790,2826.5,322,9.07,"28-Aug-2026",87,"",""
"2084","NDL","EQ",2.97,3.06,2.97,3.02,3.02,2.96,1373143,41.66,"28-Aug-2026",1357,"",""
"2085","NDLVENTURE","EQ",124.82,124.82,117.16,119.7,122.79,122.62,12469,14.99,"28-Aug-2026",212,"",""
"2086","NDRAUTO","EQ",736.6,738.45,704,714.85,718,733.3,35308,253.1,"28-Aug-2026",3244,"",""
"2087","NDTV","EQ",74.33,74.76,73.06,73.77,73.07,74.2,53358,39.48,"28-Aug-2026",879,"",""
"2088","NEAGI","EQ",3471.3,3471.3,3328.2,3450,3450,3306,127,4.39,"28-Aug-2026",37,"",""
"2089","NECCLTD","BE",16.72,17.34,16.71,16.91,17.22,17.51,74290,12.67,"28-Aug-2026",179,"",""
"2090","NECLIFE","EQ",13.08,13.08,12.43,12.47,12.49,13.08,468735,58.91,"28-Aug-2026",1091,"",""
"2091","NELCAST","EQ",117.31,121.01,117.31,119.85,119.52,117.08,204137,242.88,"28-Aug-2026",2560,"",""
"2092","NELCO","EQ",969.9,974.8,948.6,961.2,970,960.4,156043,1501.22,"28-Aug-2026",6876,"",""
"2093","NEOCHEM","ST",98.5,98.5,96.15,98,98,98.65,13200,12.9,"28-Aug-2026",8,"",""
"2094","NEOGEN","EQ",2226.9,2259,2173,2209.8,2192.5,2230.2,89932,1982.54,"28-Aug-2026",18148,"",""
"2095","NEPHROCARE","SM",101.85,103,98.5,102.25,102,101.85,26400,26.59,"28-Aug-2026",54,"",""
"2096","NEPHROPLUS","EQ",692.75,703,690,692.35,691,685.45,81324,566.98,"28-Aug-2026",6323,"",""
"2097","NEPTUNE","SM",180,182,180,182,182,175.2,1000,1.81,"28-Aug-2026",2,"",""
"2098","NESCO","EQ",1031,1075.3,1025,1048.4,1050,1017.1,219548,2300.79,"28-Aug-2026",15775,"",""
"2099","NESTLEIND","EQ",1454.4,1456.5,1438,1454.6,1454.6,1450,445734,6445.34,"28-Aug-2026",22812,"",""
"2100","NETF","EQ",268.53,268.53,261.02,262.19,261.04,261.99,2111,5.55,"28-Aug-2026",142,"",""
"2101","NETWEB","EQ",5344.9,5450,5290,5322.9,5327,5272.2,1962173,105086.1,"28-Aug-2026",159124,"",""
"2102","NETWORK18","EQ",29.35,29.42,28.46,28.8,28.7,29.14,4626567,1338.35,"28-Aug-2026",12125,"",""
"2103","NEUEON","BE",12.85,13.36,12.1,13.34,13.36,12.73,95216,12.27,"28-Aug-2026",183,"",""
"2104","NEULANDLAB","EQ",23500,23876,23100,23205,23206,23496,38996,9128.74,"28-Aug-2026",15250,"",""
"2105","NEWGEN","EQ",524.7,575.9,524.7,567.1,566,523,10501206,58872.6,"28-Aug-2026",178725,"",""
"2106","NEWJAISA","ST",17.6,17.6,17.6,17.6,17.6,17.3,3000,0.53,"28-Aug-2026",2,"",""
"2107","NEXT30ADD","EQ",43.42,43.42,43.14,43.25,43.39,43.42,6032,2.61,"28-Aug-2026",57,"",""
"2108","NEXT50","EQ",767,768.74,763,763.78,767.57,768.67,21668,165.82,"28-Aug-2026",3731,"",""
"2109","NEXT50ADD","EQ",74.84,74.84,74.2,74.47,74.79,75.06,4376,3.26,"28-Aug-2026",34,"",""
"2110","NEXT50BETA","EQ",80.54,80.69,79.52,79.81,80.39,80.29,103520,82.85,"28-Aug-2026",607,"",""
"2111","NEXT50ETF","EQ",75.15,75.15,74.31,74.74,75,75.08,9336,6.97,"28-Aug-2026",104,"",""
"2112","NEXT50IETF","EQ",78.57,78.87,78.11,78.25,78.5,78.56,338904,265.42,"28-Aug-2026",4245,"",""
"2113","NEXTMEDIA","EQ",4.59,4.62,3.85,4.62,4.62,3.85,308631,13.72,"28-Aug-2026",324,"",""
"2114","NFL","EQ",71.49,71.8,71,71.09,71.06,71.36,337128,239.95,"28-Aug-2026",2107,"",""
"2115","NFPSAMPOOR","SM",22,22.5,21,22.05,22.5,22,22000,4.75,"28-Aug-2026",11,"",""
"2116","NGIL","EQ",41.95,41.95,40.05,41.53,41,41.96,31122,12.8,"28-Aug-2026",310,"",""
"2117","NGLFINE","EQ",2897.4,2897.4,2800,2813.4,2810,2901.1,7479,211.52,"28-Aug-2026",1725,"",""
"2118","NH","EQ",1908,1940,1905.9,1932.1,1934.5,1903.8,209531,4041.93,"28-Aug-2026",19028,"",""
"2119","NHIT","IV",171,171,171,171,171,171,2e+05,342,"28-Aug-2026",2,"",""
"2120","NHPC","EQ",76.2,76.39,74.82,74.82,74.82,76.55,9597848,7215.24,"28-Aug-2026",35590,"",""
"2121","NIACL","EQ",187,191.91,185.5,186.34,186.45,185.2,2336110,4404.81,"28-Aug-2026",24524,"",""
"2122","NIBE","EQ",1420.6,1426.3,1402,1408.1,1409.7,1388.6,32127,452.83,"28-Aug-2026",2677,"",""
"2123","NIBL","EQ",31,32,30.4,30.66,30.5,30.58,11192,3.46,"28-Aug-2026",102,"",""
"2124","NICCOPAR","EQ",98.99,98.99,85,87.04,85.01,90.23,6005,5.35,"28-Aug-2026",109,"",""
"2125","NIDAN","SM",13.05,13.5,13.05,13.5,13.5,13.05,8000,1.06,"28-Aug-2026",7,"",""
"2126","NIF100BEES","EQ",268,269.45,267.41,267.89,267.5,268.93,17726,47.54,"28-Aug-2026",602,"",""
"2127","NIF100IETF","EQ",29.07,29.07,28.2,28.22,28.2,28.37,45727,12.91,"28-Aug-2026",788,"",""
"2128","NIF500BETA","EQ",37.86,38,37.75,37.85,37.85,37.85,2226,0.84,"28-Aug-2026",24,"",""
"2129","NIFTY1","EQ",268.32,268.9,267.16,268.17,268.05,268.32,28107,75.35,"28-Aug-2026",1436,"",""
"2130","NIFTY100EW","EQ",35.66,35.66,35.36,35.54,35.6,35.69,18378,6.53,"28-Aug-2026",202,"",""
"2131","NIFTYADD","EQ",257.25,257.25,253.91,254.81,255.2,254.7,6550,16.69,"28-Aug-2026",126,"",""
"2132","NIFTYAXIS","EQ",266.94,268.31,266.79,267.88,267.23,267.74,2633,7.04,"28-Aug-2026",104,"",""
"2133","NIFTYBEES","EQ",277.49,277.49,274.82,275.62,275.9,275.74,3137920,8641.73,"28-Aug-2026",36361,"",""
"2134","NIFTYBETA","EQ",274.97,274.97,267.42,268.24,268.25,268.27,47612,127.76,"28-Aug-2026",549,"",""
"2135","NIFTYBETF","EQ",248.86,249.49,248,248.66,248.31,248.86,467,1.16,"28-Aug-2026",55,"",""
"2136","NIFTYCASE","EQ",9.9,9.9,9.68,9.69,9.69,9.71,903063,87.48,"28-Aug-2026",1546,"",""
"2137","NIFTYETF","EQ",260.26,263.69,260.26,262.96,263.2,262.89,157363,413.74,"28-Aug-2026",744,"",""
"2138","NIFTYIETF","EQ",273.65,274.84,273.41,274.23,274.35,274.23,825870,2263.68,"28-Aug-2026",7036,"",""
"2139","NIFTYJBLK","EQ",12.68,12.68,12.36,12.39,12.45,12.38,164738,20.4,"28-Aug-2026",503,"",""
"2140","NIFTYQLITY","EQ",21.54,21.68,21.43,21.55,21.68,21.5,53666,11.57,"28-Aug-2026",154,"",""
"2141","NIITLTD","EQ",102.95,106.7,102.21,105.52,106.03,102.94,1104323,1162.36,"28-Aug-2026",10607,"",""
"2142","NIITMTS","EQ",227.09,234.76,227.09,233.07,233.48,229.81,182210,423.5,"28-Aug-2026",8625,"",""
"2143","NIKITA","SM",69.25,77,69.25,76.9,76.9,74.6,8400,6.29,"28-Aug-2026",7,"",""
"2144","NILAINFRA","EQ",6.99,6.99,6.75,6.79,6.8,6.89,295906,20.2,"28-Aug-2026",585,"",""
"2145","NILASPACES","EQ",12.44,12.81,12.25,12.55,12.51,12.43,468887,59.22,"28-Aug-2026",1727,"",""
"2146","NILE","EQ",1490,1493.9,1456.4,1487.4,1490,1478.8,1996,29.62,"28-Aug-2026",354,"",""
"2147","NILKAMAL","EQ",2094,2105,2055.7,2071.9,2085,2081.6,21838,453.72,"28-Aug-2026",3119,"",""
"2148","NIMBSPROJ","EQ",174,174.84,169,169.98,169,169.7,86546,146.88,"28-Aug-2026",70,"",""
"2149","NINSYS","EQ",712.85,737,702.65,722.8,727,713.95,2516,18.12,"28-Aug-2026",233,"",""
"2150","NIPPOBATRY","EQ",327.35,332.95,325,326.35,325,327.35,1312,4.27,"28-Aug-2026",57,"",""
"2151","NIRAJ","EQ",29.14,29.75,28.5,29.35,29.3,28.57,51519,15.16,"28-Aug-2026",219,"",""
"2152","NIRAJISPAT","EQ",286,295.9,278.99,295.9,295.9,246.59,3053,8.94,"28-Aug-2026",77,"",""
"2153","NIRLON","EQ",635.9,644.85,632.35,642.65,642.9,631.2,6956,44.53,"28-Aug-2026",450,"",""
"2154","NIRMAN","SM",29,30.3,28.7,28.8,28.8,28.95,12600,3.68,"28-Aug-2026",32,"",""
"2155","NITCO","EQ",97.29,97.48,95.21,95.59,96,97.56,1888937,1821.53,"28-Aug-2026",5099,"",""
"2156","NITINSPIN","EQ",621.7,629.9,612.6,626.4,621.1,620.45,51698,321.45,"28-Aug-2026",3178,"",""
"2157","NITIRAJ","EQ",199.05,203.2,197.01,200.05,200,203.42,875,1.75,"28-Aug-2026",56,"",""
"2158","NITTAGELA","EQ",1589.5,1672.9,1580.2,1656.1,1662,1589.5,5804,94.83,"28-Aug-2026",1045,"",""
"2159","NIVABUPA","EQ",82.5,83,81.5,81.8,82.13,82.5,329259,269.88,"28-Aug-2026",4919,"",""
"2160","NKIND","EQ",63.8,63.8,56.8,59.89,56.8,59.65,1182,0.73,"28-Aug-2026",45,"",""
"2161","NLCINDIA","EQ",268.9,272.05,268.4,270.6,269.5,268.8,916598,2472.68,"28-Aug-2026",15664,"",""
"2162","NMDC","EQ",86.03,87.59,86,86.76,86.76,85.72,14224538,12336.06,"28-Aug-2026",39926,"",""
"2163","NMSTEEL","SM",23.3,24,23.3,24,24,24,8000,1.9,"28-Aug-2026",5,"",""
"2164","NOCIL","EQ",166.25,167.3,163.56,164.96,164.16,165.13,527888,870.47,"28-Aug-2026",4889,"",""
"2165","NOIDATOLL","EQ",4.16,4.28,4.07,4.2,4.22,4.13,153839,6.5,"28-Aug-2026",360,"",""
"2166","NORBTEAEXP","EQ",69.96,69.96,66,69,69,67.3,456,0.31,"28-Aug-2026",14,"",""
"2167","NORTHARC","EQ",287.95,292,283.5,285.75,287.7,286.3,4983190,14284.24,"28-Aug-2026",663207,"",""
"2168","NOVAAGRI","BE",24.6,25.45,23.55,24.46,24.5,24.24,71162,17.26,"28-Aug-2026",267,"",""
"2169","NOVARTIND","EQ",1488.5,1494,1471.2,1486.3,1485.1,1490.2,4238,62.85,"28-Aug-2026",518,"",""
"2170","NPBET","EQ",288.56,288.75,286.19,287.9,287.9,288,242,0.7,"28-Aug-2026",22,"",""
"2171","NPST","EQ",1645,1746.9,1629.2,1701.1,1708,1638.8,61681,1051.49,"28-Aug-2026",8206,"",""
"2172","NRAIL","EQ",510,510,492.35,497.5,498.95,511.3,4957,24.84,"28-Aug-2026",312,"",""
"2173","NRBBEARING","EQ",468.1,475,465.85,469.65,469.4,466.6,187908,884.07,"28-Aug-2026",5255,"",""
"2174","NRL","BE",125,125,124.8,125,125,125,48524,60.65,"28-Aug-2026",135,"",""
"2175","NRVANDANA","ST",61.3,63.5,61.3,63.45,63.5,60.95,9000,5.65,"28-Aug-2026",3,"",""
"2176","NSIL","EQ",5725,5799.5,5700.5,5715.5,5702,5741,1078,61.76,"28-Aug-2026",317,"",""
"2177","NSLNISP","EQ",44.99,49.4,44.78,49.02,48.75,44.99,57456853,27434.02,"28-Aug-2026",109550,"",""
"2178","NTCIND","EQ",136.42,138.9,132.5,133.47,134.9,136.42,1527,2.05,"28-Aug-2026",73,"",""
"2179","NTPC","EQ",329.5,333.1,328.8,330.05,330.05,330.9,7332490,24271.88,"28-Aug-2026",81709,"",""
"2180","NTPCGREEN","EQ",91.04,91.45,90.75,90.82,90.77,90.99,1033809,941.25,"28-Aug-2026",11275,"",""
"2181","NUCLEUS","EQ",733.4,749.7,733.4,745.2,746.5,738.1,20206,150.51,"28-Aug-2026",1179,"",""
"2182","NURECA","BE",334.75,335.85,321.1,331.05,333,319.9,14997,49.9,"28-Aug-2026",425,"",""
"2183","NUVAMA","EQ",1784,1825,1782,1805,1800.1,1784,246065,4438.99,"28-Aug-2026",19489,"",""
"2184","NUVOCO","EQ",324.3,327.55,321,324.85,324.65,324.15,236387,768.21,"28-Aug-2026",14439,"",""
"2185","NV20","EQ",13.92,14,13.89,13.96,13.92,13.92,62956,8.77,"28-Aug-2026",156,"",""
"2186","NV20BEES","EQ",139.41,139.9,138.97,139.53,139.6,139.41,7735,10.79,"28-Aug-2026",182,"",""
"2187","NV20IETF","EQ",13.59,13.64,13.5,13.62,13.64,13.58,278965,37.93,"28-Aug-2026",1560,"",""
"2188","NXST","RR",167.3,168.1,166.71,167.01,167.2,166.99,186748,312.97,"28-Aug-2026",5764,"",""
"2189","NYKAA","EQ",338.15,339.95,334.5,335.65,335.65,338,1538325,5172.61,"28-Aug-2026",29670,"",""
"2190","OAL","EQ",425,492.7,424,487.8,486,428.95,765470,3580.24,"28-Aug-2026",32190,"",""
"2191","OBCL","EQ",56.1,56.1,55.21,55.4,55.5,56.16,774,0.43,"28-Aug-2026",29,"",""
"2192","OBEROIRLTY","EQ",1873.1,1880.8,1855.7,1870,1870,1872.9,263019,4918.85,"28-Aug-2026",38133,"",""
"2193","OBSCP","SM",852,868.7,836,866.05,868,850.6,28400,241.5,"28-Aug-2026",62,"",""
"2194","OCCLLTD","BE",161.9,162,157.15,158.25,160,160.19,20606,32.75,"28-Aug-2026",171,"",""
"2195","ODIGMA","EQ",22.3,23.11,22.3,23,23,22.73,15757,3.6,"28-Aug-2026",220,"",""
"2196","ODYCORP","EQ",7.59,8.48,6.98,7.98,7.4,7.1,105386,7.92,"28-Aug-2026",230,"",""
"2197","OFSS","EQ",11876,12275,11876,12190,12190,11855,428317,52040.53,"28-Aug-2026",50809,"",""
"2198","OIL","EQ",473.5,484.7,471.75,482.85,482.85,469.85,1907538,9159.92,"28-Aug-2026",27334,"",""
"2199","OILCOUNTUB","BE",57.61,61.3,57.61,60.99,61.3,59.79,32063,19.44,"28-Aug-2026",156,"",""
"2200","OILIETF","EQ",11.29,11.29,11.21,11.23,11.24,11.26,974836,109.58,"28-Aug-2026",2282,"",""
"2201","OLAELEC","EQ",38,39.77,37.45,38.98,38.83,37.63,78463929,30523.24,"28-Aug-2026",125161,"",""
"2202","OLECTRA","EQ",1332.3,1335.7,1303.7,1312.3,1317,1326.3,237865,3130.25,"28-Aug-2026",13996,"",""
"2203","OLIL","SM",401.7,417,391.4,415,415,391.85,41200,168.99,"28-Aug-2026",53,"",""
"2204","OMAXAUTO","EQ",188.93,192.4,186,188.72,189,191.23,46687,88.51,"28-Aug-2026",1163,"",""
"2205","OMAXE","EQ",112.16,134.3,111.81,131.74,132,113.38,24953289,31744.69,"28-Aug-2026",145066,"",""
"2206","OMFREIGHT","BE",87,92,87,90,90,90.27,4940,4.38,"28-Aug-2026",60,"",""
"2207","OMINFRAL","EQ",83,84.8,81.6,83.01,83.48,83.3,86860,72.29,"28-Aug-2026",2014,"",""
"2208","OMNI","EQ",576,578.95,561.15,565.55,566,575.7,317666,1800.17,"28-Aug-2026",11824,"",""
"2209","OMPOWER","EQ",172,177,168.86,175.31,175.05,172.27,232635,404.26,"28-Aug-2026",2818,"",""
"2210","ONDOOR","SM",309.4,309.4,300.6,305.8,305.9,302.55,3300,10.11,"28-Aug-2026",11,"",""
"2211","ONEGLOBAL","EQ",564.95,564.95,546,546.7,546,541.4,4526,24.86,"28-Aug-2026",334,"",""
"2212","ONELIFECAP","BE",31.79,33,31.1,31.3,31.3,31.79,4684,1.5,"28-Aug-2026",32,"",""
"2213","ONEPOINT","EQ",55.77,55.79,54.55,55.03,54.84,55.54,552470,303.83,"28-Aug-2026",2529,"",""
"2214","ONESOURCE","EQ",1525,1539.5,1520,1532.2,1530,1517.5,32479,496.82,"28-Aug-2026",5981,"",""
"2215","ONGC","EQ",233.35,233.39,231.25,232.25,232.25,232,7638954,17732.88,"28-Aug-2026",90402,"",""
"2216","ONIDA","EQ",36.24,36.5,35.15,36.19,36.2,36.24,623381,223.08,"28-Aug-2026",1945,"",""
"2217","ONIXSOLAR","EQ",308.8,316.05,305.35,316.05,316.05,301,354364,1115.84,"28-Aug-2026",2453,"",""
"2218","ONMOBILE","BE",51.54,51.54,51.54,51.54,51.54,52.59,22465,11.58,"28-Aug-2026",152,"",""
"2219","ONWARDTEC","EQ",286.15,291.2,285,287.2,286.65,285.6,24765,71.4,"28-Aug-2026",771,"",""
"2220","ONYX","ST",42.05,42.05,42.05,42.05,42.05,42.05,6000,2.52,"28-Aug-2026",3,"",""
"2221","OPTIEMUS","EQ",576.45,602.9,574,579.6,578.2,576.45,233808,1376.78,"28-Aug-2026",13324,"",""
"2222","OPTIFIN","EQ",13,13.65,12.9,13.03,13.38,13.09,13755,1.82,"28-Aug-2026",101,"",""
"2223","OPTIMYSTIX","SM",174,175,171,174.55,175,171.85,92000,159.71,"28-Aug-2026",69,"",""
"2224","OPTIVALUE","ST",190,190,182,187.65,190,190.75,30400,56.93,"28-Aug-2026",19,"",""
"2225","ORBTEXP","BE",237.9,245,237,243.62,240,239.09,5663,13.6,"28-Aug-2026",56,"",""
"2226","ORCHASP","EQ",1.43,1.5,1.4,1.43,1.44,1.43,256666,3.7,"28-Aug-2026",200,"",""
"2227","ORCHPHARMA","EQ",931.9,980,924.95,975.6,972.6,928.8,63715,610.03,"28-Aug-2026",4929,"",""
"2228","ORIANA","SM",1323.95,1323.95,1297.9,1299.1,1297.9,1301.9,25725,334.97,"28-Aug-2026",248,"",""
"2229","ORICONENT","EQ",55,56.39,51.85,55.82,56.39,55.4,329836,184.62,"28-Aug-2026",771,"",""
"2230","ORIENTALTL","EQ",5.03,5.15,4.94,5.01,5,5.14,96232,4.83,"28-Aug-2026",351,"",""
"2231","ORIENTBELL","EQ",367,404.8,367,379.25,377.1,377.2,77661,299.6,"28-Aug-2026",3431,"",""
"2232","ORIENTCEM","EQ",132.04,132.1,130.81,131.37,131.25,131.41,89980,118.06,"28-Aug-2026",1377,"",""
"2233","ORIENTCER","EQ",45.05,47,45.05,46.6,46.98,45.29,128190,59.45,"28-Aug-2026",2732,"",""
"2234","ORIENTELEC","EQ",180.36,181.25,178.51,180.17,180.5,179.46,109521,197.24,"28-Aug-2026",3142,"",""
"2235","ORIENTHOT","EQ",139.15,139.89,136.8,137.48,137.94,139.15,831534,1144.84,"28-Aug-2026",7452,"",""
"2236","ORIENTLTD","BE",83.7,85.43,80.07,80.1,80.07,83.03,2378,1.94,"28-Aug-2026",34,"",""
"2237","ORIENTPPR","EQ",17.04,17.33,16.82,17.21,17.15,17.04,294544,50.17,"28-Aug-2026",663,"",""
"2238","ORIENTTECH","EQ",244,255.65,244,244.8,244.8,243.65,306165,764.23,"28-Aug-2026",6204,"",""
"2239","ORIRAIL","EQ",124.5,133.38,124.5,131.7,132,126.56,113427,147.84,"28-Aug-2026",1883,"",""
"2240","ORISSAMINE","EQ",4552.6,4617,4428,4462.2,4448.8,4543.5,7201,325.06,"28-Aug-2026",1358,"",""
"2241","ORKLAINDIA","EQ",611,616.45,590.25,595.4,601,606,235478,1426.04,"28-Aug-2026",15147,"",""
"2242","ORTINGLOBE","EQ",15.1,15.38,14.86,14.93,15.2,15.1,6400,0.97,"28-Aug-2026",33,"",""
"2243","OSELDEVICE","SM",390,398.95,383.1,393.7,393.7,391.95,17000,66.21,"28-Aug-2026",72,"",""
"2244","OSIAHYPER","BE",2.66,2.66,2.48,2.5,2.56,2.61,442138,11.18,"28-Aug-2026",521,"",""
"2245","OSWALAGRO","EQ",37.48,37.8,36.66,37.65,37.78,36.86,72768,27.23,"28-Aug-2026",425,"",""
"2246","OSWALGREEN","EQ",21.25,21.25,20.65,20.74,20.65,20.9,153640,31.87,"28-Aug-2026",459,"",""
"2247","OSWALPUMPS","EQ",296,298.35,293.8,295.55,296,298.4,218585,646.47,"28-Aug-2026",4790,"",""
"2248","OSWALSEEDS","EQ",12.01,12.25,11.96,12.07,12.04,12.17,34022,4.1,"28-Aug-2026",254,"",""
"2249","OWAIS","ST",77.95,77.95,77.95,77.95,77.95,74.25,6800,5.3,"28-Aug-2026",23,"",""
"2250","PACEDIGITK","EQ",178.5,180.71,175.5,176.15,176.6,179.15,397830,704.7,"28-Aug-2026",4904,"",""
"2251","PACIFICI","EQ",134.89,145,133,136,136,137.63,747,1.02,"28-Aug-2026",29,"",""
"2252","PAGEIND","EQ",35800,35985,35510,35985,35985,35800,13087,4677.19,"28-Aug-2026",6258,"",""
"2253","PAISALO","EQ",67.85,68.54,66.82,67.56,67.74,67.83,9932266,6718.53,"28-Aug-2026",10752,"",""
"2254","PAKKA","EQ",78.55,79.69,77.07,78.38,78.2,77.64,85729,67.37,"28-Aug-2026",2558,"",""
"2255","PALASHSECU","EQ",89.9,91.9,86.4,91.39,91.39,89.78,3854,3.52,"28-Aug-2026",34,"",""
"2256","PALREDTEC","BE",55.8,55.95,55.01,55.9,55.9,56.08,2255,1.26,"28-Aug-2026",22,"",""
"2257","PANACEABIO","EQ",396.9,409,393.2,395.5,395.1,393.25,89332,356,"28-Aug-2026",2909,"",""
"2258","PANACHE","BE",519,530.2,510,530.2,530.2,519.85,15284,79.54,"28-Aug-2026",85,"",""
"2259","PANAMAPET","EQ",473.8,474.05,464,465.2,465.95,470.75,140701,658.05,"28-Aug-2026",3949,"",""
"2260","PANCHMAHQ","EQ",320,320,290,304.15,300.2,289.95,297,0.91,"28-Aug-2026",38,"",""
"2261","PANORAMA","EQ",48.5,48.62,45.51,46.47,46.11,48.26,262808,121.86,"28-Aug-2026",1123,"",""
"2262","PANSARI","EQ",315,315.05,302,306.55,306.5,315,234,0.73,"28-Aug-2026",21,"",""
"2263","PAR","EQ",99,100.9,99,100.21,100.28,99.56,3407,3.39,"28-Aug-2026",73,"",""
"2264","PARACABLES","EQ",59.55,63.53,59.3,62.37,62.7,59.37,2465156,1526.38,"28-Aug-2026",12581,"",""
"2265","PARADEEP","EQ",161.35,168,161.35,165.88,165.25,160.55,8464938,14038.51,"28-Aug-2026",71995,"",""
"2266","PARAGMILK","EQ",242.7,242.7,237,237.65,238,241.17,254261,607.88,"28-Aug-2026",4699,"",""
"2267","PARAGON","SM",47.05,48.25,47.05,47.55,47.55,47.05,6000,2.86,"28-Aug-2026",5,"",""
"2268","PARAMOUNT","SM",29.85,30.85,29.85,30.35,30.85,31,3600,1.09,"28-Aug-2026",3,"",""
"2269","PARAS","EQ",1459,1467.1,1425,1439.7,1441.8,1454.8,618190,8917.7,"28-Aug-2026",30557,"",""
"2270","PARASPETRO","EQ",2.2,2.34,2.2,2.22,2.25,2.24,120184,2.72,"28-Aug-2026",195,"",""
"2271","PARIN","SM",738,738,700,720,720,710,1000,7.2,"28-Aug-2026",4,"",""
"2272","PARKHOSPS","EQ",291,293.25,289.2,290.55,290,290.15,253289,737.46,"28-Aug-2026",4719,"",""
"2273","PARKHOTELS","EQ",112.89,115,111.51,112.33,113.5,112.11,215724,243.86,"28-Aug-2026",2766,"",""
"2274","PARNAXLAB","EQ",124.02,130,124,128.4,128,123.41,1555,1.98,"28-Aug-2026",20,"",""
"2275","PARSVNATH","BE",1.45,1.45,1.44,1.45,1.45,1.43,2961572,42.94,"28-Aug-2026",355,"",""
"2276","PARTH","SM",478,504,460,498.95,494,478,59200,292.63,"28-Aug-2026",29,"",""
"2277","PARTYCRUS","SM",76.1,85,76.1,83.5,83.5,78.55,15000,12.58,"28-Aug-2026",15,"",""
"2278","PASHUPATI","EQ",85.2,85.2,83.96,84.18,84,84.17,9228,7.8,"28-Aug-2026",469,"",""
"2279","PASUPTAC","BE",60.66,62.44,60.66,61.79,61.3,62.15,19781,12.18,"28-Aug-2026",136,"",""
"2280","PATANJALI","EQ",349,349.8,345.35,348.45,348.45,348.25,1099007,3818.55,"28-Aug-2026",69149,"",""
"2281","PATELENG","EQ",29.16,29.24,28.3,28.34,28.4,29.08,1807723,517.13,"28-Aug-2026",5413,"",""
"2282","PATELRMART","EQ",234.38,236.9,230,232.68,233.13,234.25,37968,88.73,"28-Aug-2026",1334,"",""
"2283","PATILAUTOM","SM",229.5,229.5,221.35,225.65,224.25,230.7,51600,116.73,"28-Aug-2026",85,"",""
"2284","PATINTLOG","BE",13.25,13.25,12.94,13.06,13.14,13.08,24202,3.17,"28-Aug-2026",122,"",""
"2285","PAUSHAKLTD","EQ",732.2,789.9,732.2,776.7,781,738.2,71076,552.17,"28-Aug-2026",5162,"",""
"2286","PAVNAIND","EQ",18.21,18.9,18.21,18.47,18.26,18.51,9166,1.7,"28-Aug-2026",109,"",""
"2287","PAYTM","EQ",1685,1698.3,1641.7,1650.9,1650.9,1679,1837484,30626.38,"28-Aug-2026",42611,"",""
"2288","PBMPOLY","EQ",60.2,72.2,60.2,64.61,65.5,60.2,2394,1.64,"28-Aug-2026",48,"",""
"2289","PCBL","EQ",323,326.8,321.15,322.1,322.6,323,353232,1142.59,"28-Aug-2026",9385,"",""
"2290","PCCL","SM",370,393,361.1,391.9,392.9,381,34000,130.54,"28-Aug-2026",73,"",""
"2291","PCJEWELLER","EQ",10.95,11.25,10.83,10.94,10.92,11.01,360417197,39633.35,"28-Aug-2026",81595,"",""
"2292","PDMJEPAPER","EQ",88.1,95.9,87.7,94.98,95.9,87.52,465662,434.32,"28-Aug-2026",4175,"",""
"2293","PDSL","EQ",367.3,371.95,364.05,369.75,366.7,366.55,259144,955.45,"28-Aug-2026",9608,"",""
"2294","PEARLPOLY","EQ",15.55,15.55,15.04,15.16,15.4,15.18,9153,1.39,"28-Aug-2026",45,"",""
"2295","PELATRO","SM",366,366,358.5,359,359,370,4800,17.37,"28-Aug-2026",14,"",""
"2296","PENIND","EQ",160.91,163.9,159,162.28,162.2,160.9,354594,574.78,"28-Aug-2026",4760,"",""
"2297","PENINLAND","BE",17.28,17.52,16.99,16.99,16.99,17.88,196026,33.53,"28-Aug-2026",301,"",""
"2298","PENTAGON","SM",51,51,51,51,51,50.55,1000,0.51,"28-Aug-2026",1,"",""
"2299","PERFECT","SZ",2,2,2,2,2,2.1,6000,0.12,"28-Aug-2026",2,"",""
"2300","PERMAGN","EQ",875,907.4,870.05,893.95,889,869.45,2754,24.41,"28-Aug-2026",387,"",""
"2301","PERSISTENT","EQ",5677,5910,5677,5875,5875,5654,957631,55849.88,"28-Aug-2026",69212,"",""
"2302","PETRONET","EQ",291,292.85,290.05,292,292,290.95,1164928,3400.65,"28-Aug-2026",27110,"",""
"2303","PFC","EQ",356,356,350.2,352,352,355.85,6299577,22162.48,"28-Aug-2026",69166,"",""
"2304","PFIZER","EQ",4763.9,4778.4,4690.1,4703.8,4715,4740.4,26865,1268.91,"28-Aug-2026",6799,"",""
"2305","PFOCUS","EQ",296.9,299.45,292.35,294.4,294.6,295.65,166516,491.02,"28-Aug-2026",4526,"",""
"2306","PFS","EQ",27.16,27.4,26.88,26.95,27,27.24,438006,118.35,"28-Aug-2026",2067,"",""
"2307","PGEL","EQ",596,598.7,584.15,585.85,585.85,596,533664,3145.45,"28-Aug-2026",11736,"",""
"2308","PGHH","EQ",8156,8165,8076.5,8092,8093,8102.5,7078,574.63,"28-Aug-2026",1812,"",""
"2309","PGHL","EQ",5750,5750,5640,5670.5,5690,5722.5,12108,687.67,"28-Aug-2026",3706,"",""
"2310","PGIL","EQ",2294.8,2333.1,2290,2314.3,2320,2294.8,24478,566.26,"28-Aug-2026",4977,"",""
"2311","PGINVIT","IV",100.29,100.29,99.9,100.01,99.99,99.64,711939,712.07,"28-Aug-2026",7215,"",""
"2312","PHANTOMFX","SM",115.5,122.5,115.15,120.7,122,117.05,12600,15,"28-Aug-2026",39,"",""
"2313","PHARMABEES","EQ",27.94,27.94,27.51,27.76,27.79,27.54,4556422,1260.86,"28-Aug-2026",8862,"",""
"2314","PHOENIXLTD","EQ",1902.9,1923.9,1896,1917,1917,1901.7,253002,4832.02,"28-Aug-2026",22001,"",""
"2315","PHOENXINTL","EQ",31.5,31.5,29.85,30.13,31.4,30.31,2249,0.68,"28-Aug-2026",39,"",""
"2316","PHOGLOBAL","SM",15.2,15.2,15.2,15.2,15.2,16,2000,0.3,"28-Aug-2026",1,"",""
"2317","PICCADIL","EQ",654.8,658.4,649.2,651.25,651,653.85,126218,824.45,"28-Aug-2026",6251,"",""
"2318","PIDILITIND","EQ",1656,1658.5,1617,1629.5,1629.5,1656,449546,7323.43,"28-Aug-2026",23685,"",""
"2319","PIGL","EQ",103.76,103.79,101.58,102.14,102.55,101.85,14912,15.25,"28-Aug-2026",743,"",""
"2320","PIIND","EQ",2479.8,2493.7,2420.1,2420.1,2420.1,2467,249992,6150.39,"28-Aug-2026",22311,"",""
"2321","PILANIINVS","EQ",4403.7,4419.5,4374.4,4387.9,4376.1,4363.8,520,22.85,"28-Aug-2026",156,"",""
"2322","PILITA","EQ",8.27,8.3,7.75,7.93,7.99,8.11,88732,7.12,"28-Aug-2026",269,"",""
"2323","PINELABS","EQ",170.5,170.5,164.15,165.07,165.88,169.67,8248186,13783.91,"28-Aug-2026",41729,"",""
"2324","PIONEEREMB","EQ",22,22,21.75,21.95,21.95,21.98,5645,1.24,"28-Aug-2026",36,"",""
"2325","PIONRINV","BE",76.69,83,76.69,82.45,82.45,80.72,379,0.31,"28-Aug-2026",11,"",""
"2326","PIRAMALFIN","EQ",2211.3,2299.9,2211.3,2278.4,2281,2228.7,394664,8974.26,"28-Aug-2026",25565,"",""
"2327","PITTIENG","EQ",1140,1140.9,1113.35,1121.2,1118,1129.65,83398,939.38,"28-Aug-2026",5176,"",""
"2328","PIXTRANS","EQ",1870,1870,1831,1843.3,1849,1863.6,12449,229.76,"28-Aug-2026",2113,"",""
"2329","PKTEA","EQ",752,796.95,731.05,744.75,731.25,751.85,89,0.68,"28-Aug-2026",22,"",""
"2330","PLASTIBLEN","EQ",189.95,191.69,188.08,189.56,188.4,189.24,17406,32.99,"28-Aug-2026",439,"",""
"2331","PLATIND","EQ",227.29,234,226.41,230.58,230.4,227.31,79302,182.9,"28-Aug-2026",2135,"",""
"2332","PLAZACABLE","EQ",52.6,53.86,51.31,53.86,53.86,51.3,70633,37.58,"28-Aug-2026",500,"",""
"2333","PML","EQ",491.3,491.3,482.05,485.15,482.05,498,25,0.12,"28-Aug-2026",15,"",""
"2334","PNB","EQ",114.81,115.75,114.42,115.4,115.4,115.4,8502644,9798.42,"28-Aug-2026",29536,"",""
"2335","PNBGILTS","EQ",77.99,79.9,77.85,78.71,78.99,77.96,258583,204.04,"28-Aug-2026",2003,"",""
"2336","PNBHOUSING","EQ",1174.6,1189.3,1158,1169.9,1169.9,1178,438325,5114.98,"28-Aug-2026",18622,"",""
"2337","PNC","EQ",17.52,17.8,16.25,16.99,17.25,17.44,9376,1.61,"28-Aug-2026",210,"",""
"2338","PNCINFRA","EQ",200,200,194.01,195.22,195.65,198.34,361612,707.82,"28-Aug-2026",9331,"",""
"2339","PNGJL","EQ",595,601.7,583.3,598,596.35,594.55,671442,3989.3,"28-Aug-2026",21720,"",""
"2340","PNGSREVA","EQ",547.65,554.45,536.1,542.25,544.35,542.9,64170,349.19,"28-Aug-2026",2334,"",""
"2341","POCL","EQ",514.55,514.55,499.75,509.2,510,511.3,380141,1922.15,"28-Aug-2026",9924,"",""
"2342","PODDARMENT","EQ",245.8,253.6,242.35,251,251,245.8,1040,2.59,"28-Aug-2026",55,"",""
"2343","POEL","EQ",152.94,156.18,149,149.51,151.8,150.6,31498,47.78,"28-Aug-2026",506,"",""
"2344","POKARNA","EQ",862.15,888,857.05,875.05,873.1,855.3,62427,544.37,"28-Aug-2026",4133,"",""
"2345","POLICYBZR","EQ",1842.7,1844.8,1804.8,1811.5,1811.5,1837.9,344633,6292.48,"28-Aug-2026",54124,"",""
"2346","POLYCAB","EQ",9079,9103,9013.5,9088,9088,9079,252548,22889.91,"28-Aug-2026",30899,"",""
"2347","POLYMED","EQ",1707.2,1741,1681.7,1733,1739.5,1712.6,197416,3386.92,"28-Aug-2026",16131,"",""
"2348","POLYPLEX","EQ",1150,1190.9,1150,1184.4,1190.9,1149.2,71791,845.94,"28-Aug-2026",4947,"",""
"2349","POLYSIL","SM",54,55.25,54,55.25,55.25,52.65,49000,27.01,"28-Aug-2026",54,"",""
"2350","POLYSPIN","EQ",31.93,31.93,28.06,29.52,30.79,31.93,742,0.22,"28-Aug-2026",23,"",""
"2351","PONNIERODE","EQ",385.7,400,385.7,396.95,397.95,382,38255,150.66,"28-Aug-2026",2618,"",""
"2352","POONAWALLA","EQ",482.6,486.25,475,479.05,477.85,482.35,560278,2685.96,"28-Aug-2026",17743,"",""
"2353","POSITRON","SM",169.95,170.5,165.25,168.3,168.5,167.45,3600,6.05,"28-Aug-2026",12,"",""
"2354","POWERGRID","EQ",266.05,267.35,265.05,266.05,266.05,264.9,5112511,13621.03,"28-Aug-2026",37454,"",""
"2355","POWERICA","EQ",519,528.95,515.45,517.7,518,519,65666,340.39,"28-Aug-2026",2537,"",""
"2356","POWERINDIA","EQ",33840,33840,33235,33330,33330,33880,32688,10934.57,"28-Aug-2026",12225,"",""
"2357","POWERMECH","EQ",2547.4,2586,2546.2,2580.6,2579,2547.4,45314,1162.51,"28-Aug-2026",6007,"",""
"2358","PPAP","BE",263,266,256,259.25,262.95,260.45,11623,30.3,"28-Aug-2026",240,"",""
"2359","PPL","BE",263.95,265.5,259.95,263.75,263.75,259.95,11224,29.5,"28-Aug-2026",227,"",""
"2360","PPLPHARMA","EQ",215.4,220,214.61,218.68,217.9,214.95,5418446,11818.51,"28-Aug-2026",47935,"",""
"2361","PPSL","SM",2.85,2.85,2.75,2.85,2.85,2.75,54000,1.53,"28-Aug-2026",17,"",""
"2362","PRABHA","EQ",208.52,211.3,203.49,207.77,210.95,206.86,55823,115.46,"28-Aug-2026",591,"",""
"2363","PRADPME","BE",496.2,504.7,480.1,492.5,492.15,496.2,8126,40.42,"28-Aug-2026",83,"",""
"2364","PRAENG","EQ",20.7,20.7,19.82,20.63,20.64,19.76,33024,6.73,"28-Aug-2026",127,"",""
"2365","PRAJIND","EQ",353.25,354.85,346.5,347.9,347.75,354.4,438949,1535.59,"28-Aug-2026",12836,"",""
"2366","PRAKASH","EQ",127.5,131.31,127.5,129.97,129.6,127.31,419655,543.21,"28-Aug-2026",4550,"",""
"2367","PRAKASHSTL","EQ",3.88,4.06,3.7,3.92,3.92,3.88,355098,14.16,"28-Aug-2026",359,"",""
"2368","PRAMARA","SM",114,115.45,109,112.1,113,110,9000,10.09,"28-Aug-2026",15,"",""
"2369","PRAMODINI","ST",118.7,118.75,114.5,114.8,114.5,117.15,73200,84.77,"28-Aug-2026",59,"",""
"2370","PRANIK","SM",43,43,43,43,43,42,4800,2.06,"28-Aug-2026",2,"",""
"2371","PRATHAM","SM",118.15,118.15,118.15,118.15,118.15,120.05,400,0.47,"28-Aug-2026",1,"",""
"2372","PRAVEG","EQ",275.5,279.8,270,276.65,277.6,275,24796,68.01,"28-Aug-2026",1398,"",""
"2373","PRAXIS","EQ",5.18,5.18,4.95,4.96,4.95,4.98,132169,6.63,"28-Aug-2026",210,"",""
"2374","PRECAM","EQ",125.7,128,124.76,126.33,125.81,125.8,182688,230.95,"28-Aug-2026",3912,"",""
"2375","PRECOT","EQ",712,720.1,681.5,701.5,707.05,703.75,4311,30.65,"28-Aug-2026",340,"",""
"2376","PRECWIRE","EQ",422.8,507.35,421.7,507.35,507.35,422.8,8561415,41607.9,"28-Aug-2026",133706,"",""
"2377","PREMCO","EQ",384.35,389.3,378,381.2,386.95,384.35,117,0.45,"28-Aug-2026",19,"",""
"2378","PREMEXPLN","EQ",666.45,668,661.1,662.75,663.8,666.25,72917,483.45,"28-Aug-2026",1353,"",""
"2379","PREMIER","BE",2.97,2.97,2.9,2.9,2.92,2.83,4568,0.13,"28-Aug-2026",25,"",""
"2380","PREMIERENE","EQ",994.9,1019,973,1013.9,1013.9,1000,2307505,23052.99,"28-Aug-2026",64112,"",""
"2381","PREMIERPOL","EQ",96,97.99,92.5,93.86,94.4,95.21,522731,499.33,"28-Aug-2026",5557,"",""
"2382","PREMIUM","SM",39.85,40,39.85,40,40,37.75,15000,5.99,"28-Aug-2026",5,"",""
"2383","PRESSTONIC","SM",37.2,37.2,35.15,35.15,35.15,37.7,28000,10.14,"28-Aug-2026",29,"",""
"2384","PRESTIGE","EQ",1624,1628.5,1584.5,1588,1588,1623,274021,4374.39,"28-Aug-2026",13229,"",""
"2385","PRICOLLTD","EQ",769,780.75,767.05,770.65,770,776.7,244858,1892.4,"28-Aug-2026",23252,"",""
"2386","PRIMECAB","ST",201.95,205,201.95,204,204,205.1,4800,9.78,"28-Aug-2026",3,"",""
"2387","PRIMESECU","EQ",281.35,292,276.05,287.85,287,279.9,13466,38.36,"28-Aug-2026",349,"",""
"2388","PRIMO","EQ",21.65,21.65,21,21.33,21.3,21.49,100284,21.39,"28-Aug-2026",1413,"",""
"2389","PRINCEPIPE","EQ",295.65,297.4,291.4,293.45,294.4,295.65,114876,337.64,"28-Aug-2026",2840,"",""
"2390","PRISMX","EQ",0.53,0.55,0.53,0.55,0.55,0.53,134404,0.73,"28-Aug-2026",84,"",""
"2391","PRITI","BE",34.1,34.9,33.55,34.35,34,34.2,6387,2.19,"28-Aug-2026",68,"",""
"2392","PRITIKA","SM",58.55,62,58.55,61.8,61.6,61.8,20000,12.3,"28-Aug-2026",5,"",""
"2393","PRITIKAUTO","BE",16.81,17.4,16.81,17.09,17.2,17.25,46447,7.95,"28-Aug-2026",293,"",""
"2394","PRIVISCL","EQ",3450.1,3490,3402.5,3458,3404,3456.6,21368,740.67,"28-Aug-2026",6003,"",""
"2395","PRIZOR","ST",1087.4,1087.4,1087.4,1087.4,1087.4,1066.1,8400,91.34,"28-Aug-2026",11,"",""
"2396","PRLIND","SM",42.6,43.2,42.2,42.6,42.45,42.6,17000,7.24,"28-Aug-2026",15,"",""
"2397","PROFX","SM",78.1,78.1,78.1,78.1,78.1,76.8,1600,1.25,"28-Aug-2026",1,"",""
"2398","PROLIFE","SM",82,82,80.5,80.5,80.5,79,1000,0.81,"28-Aug-2026",2,"",""
"2399","PROPEQUITY","SM",210,210,199,210,210,210,4800,9.71,"28-Aug-2026",8,"",""
"2400","PROPSHOP","SM",75,80,72.5,74.65,74,74.7,338000,258.85,"28-Aug-2026",153,"",""
"2401","PROSTARM","EQ",131.64,136.4,131.64,135.31,135.1,132.52,167124,224.81,"28-Aug-2026",2742,"",""
"2402","PROTEAN","EQ",548,554,537.65,539.75,540,556.9,283361,1532.55,"28-Aug-2026",9894,"",""
"2403","PROV","SM",1880,1881,1880,1881,1881,1880,160,3.01,"28-Aug-2026",2,"",""
"2404","PROZONER","EQ",45.25,45.25,43.1,44.91,45.02,44.21,198541,87.87,"28-Aug-2026",1247,"",""
"2405","PRSMJOHNSN","EQ",111.6,111.8,111,111.18,111,111.16,298381,332.09,"28-Aug-2026",4232,"",""
"2406","PRUDENT","EQ",3485,3485,3361.6,3421.3,3425,3473.5,26505,902.21,"28-Aug-2026",4907,"",""
"2407","PRUDMOULI","BE",16.28,16.85,15.5,16.21,16.21,16.11,16659,2.72,"28-Aug-2026",69,"",""
"2408","PSB","EQ",23.3,23.34,23.1,23.14,23.18,23.32,680020,157.7,"28-Aug-2026",2585,"",""
"2409","PSFL","SM",31.05,31.05,31.05,31.05,31.05,31,12000,3.73,"28-Aug-2026",4,"",""
"2410","PSPPROJECT","EQ",903,903.25,885,889,889,901.2,29015,259.6,"28-Aug-2026",1547,"",""
"2411","PSRAJ","ST",78.55,80.65,78.55,80.65,80.65,80,5000,3.98,"28-Aug-2026",2,"",""
"2412","PSUBANK","EQ",87,87,85.66,86.15,86.37,86.08,104999,90.36,"28-Aug-2026",440,"",""
"2413","PSUBANKADD","EQ",86.9,87.15,86.5,86.88,86.5,87.02,13408,11.65,"28-Aug-2026",446,"",""
"2414","PSUBNKBEES","EQ",96.08,97.1,95.72,96.04,96.15,96.08,763406,732.54,"28-Aug-2026",3391,"",""
"2415","PSUBNKIETF","EQ",87.14,87.35,86.71,87.17,86.71,87.09,70989,61.84,"28-Aug-2026",589,"",""
"2416","PTC","EQ",158,158.11,156.01,157.69,157.65,157.96,1285321,2016.54,"28-Aug-2026",13589,"",""
"2417","PTCIL","EQ",20625,22215,20622,22110,22050,20622,100300,21844.45,"28-Aug-2026",29062,"",""
"2418","PTL","EQ",38.64,38.64,38.2,38.53,38.5,38.41,26069,10.02,"28-Aug-2026",614,"",""
"2419","PULZ","SM",22.5,22.5,22.35,22.35,22.35,23,12000,2.69,"28-Aug-2026",5,"",""
"2420","PUNJABCHEM","EQ",1124.6,1164.2,1111.1,1126.9,1124.1,1112.8,9103,103.82,"28-Aug-2026",846,"",""
"2421","PURPLEUTED","ST",424,428,415,415.75,415,422.6,12250,51.34,"28-Aug-2026",39,"",""
"2422","PURVA","EQ",214.2,216.85,212.93,215.78,214.8,214.22,85702,184.4,"28-Aug-2026",3376,"",""
"2423","PURVFLEXI","SM",49.1,49.1,49.1,49.1,49.1,46.8,800,0.39,"28-Aug-2026",1,"",""
"2424","PUSHPA","SM",113.75,113.75,110.95,113.6,113.75,113.75,9000,10.15,"28-Aug-2026",6,"",""
"2425","PVP","EQ",65,65.22,63.9,65.22,65.22,62.12,1739968,1132.55,"28-Aug-2026",1971,"",""
"2426","PVRINOX","EQ",1234.9,1242.8,1215.1,1220.9,1219.7,1236.3,210854,2581.78,"28-Aug-2026",15691,"",""
"2427","PVSL","EQ",106,109,100.5,102.11,101.71,106.08,91563,94.58,"28-Aug-2026",1887,"",""
"2428","PVTBANIETF","EQ",28.12,28.15,27.95,28.02,28.01,28.12,1078205,302.17,"28-Aug-2026",1146,"",""
"2429","PVTBANK","EQ",27.94,27.96,27.7,27.77,27.96,27.94,21964,6.1,"28-Aug-2026",16,"",""
"2430","PVTBANKADD","EQ",28.19,28.29,28.06,28.15,28.06,28.28,42848,12.06,"28-Aug-2026",109,"",""
"2431","PVTBKGROWW","EQ",28.19,28.39,27.64,27.86,27.68,27.89,22199,6.19,"28-Aug-2026",815,"",""
"2432","PWL","EQ",124.68,124.74,118.25,119.46,119.3,124.09,16232251,19474.89,"28-Aug-2026",90556,"",""
"2433","PYRAMID","EQ",160,160.01,158.5,159.89,160,159.99,27568,43.95,"28-Aug-2026",505,"",""
"2434","QGOLDHALF","EQ",130,132,129.6,131.17,131.35,130.48,143359,187.28,"28-Aug-2026",1804,"",""
"2435","QLINE","SM",532,552,525.05,548.95,551,528.3,129600,696.34,"28-Aug-2026",278,"",""
"2436","QMSMEDI","BE",152,154.7,151,151.89,153.95,151.88,10622,16.21,"28-Aug-2026",94,"",""
"2437","QNIFTY","EQ",271.51,271.51,263.01,266.31,266.2,266.19,1049,2.79,"28-Aug-2026",98,"",""
"2438","QPOWER","EQ",1390,1431.2,1359.7,1431.2,1431.2,1363.1,582162,8253.18,"28-Aug-2026",19149,"",""
"2439","QUADFUTURE","EQ",434.8,445,424.25,429.2,425.5,432.55,767293,3348.91,"28-Aug-2026",15958,"",""
"2440","QUAL30IETF","EQ",21.79,21.79,21.27,21.34,21.27,21.26,141510,30.22,"28-Aug-2026",172,"",""
"2441","QUALITY30","EQ",21.02,21.04,20.85,20.96,20.85,20.9,5936,1.24,"28-Aug-2026",30,"",""
"2442","QUESS","EQ",357,374.7,356.85,372.25,374.15,356.95,722192,2666.86,"28-Aug-2026",28257,"",""
"2443","QUESTLAB","SM",88.5,89.05,87.45,88,88,87.25,69600,61.27,"28-Aug-2026",11,"",""
"2444","QUICKHEAL","BE",136.77,139.41,135.5,138.73,138.79,137.1,35106,48.32,"28-Aug-2026",699,"",""
"2445","QUICKTOUCH","SM",16.15,16.15,16.05,16.05,16.05,16.15,1500,0.24,"28-Aug-2026",2,"",""
"2446","QUINT","EQ",41,42,40,40.74,41,40.26,5809,2.36,"28-Aug-2026",71,"",""
"2447","QVCEL","SM",26.2,27.4,26.2,27.1,27.1,26.2,4800,1.29,"28-Aug-2026",3,"",""
"2448","RACE","EQ",101.59,103.39,99.5,100.55,99.85,101.59,5538,5.58,"28-Aug-2026",68,"",""
"2449","RACLGEAR","EQ",1528.8,1562,1503.1,1538.6,1549.1,1528.8,49159,756.4,"28-Aug-2026",5188,"",""
"2450","RADAAN","EQ",3.01,3.14,2.9,3.12,3.14,3.01,52812,1.62,"28-Aug-2026",105,"",""
"2451","RADHIKAJWE","EQ",70.33,70.67,68.5,68.76,68.5,70.33,243664,169.58,"28-Aug-2026",2653,"",""
"2452","RADIANTCMS","EQ",40.99,40.99,39.16,39.27,39.2,40.41,253157,100.16,"28-Aug-2026",2309,"",""
"2453","RADICO","EQ",4600.8,4615,4574.3,4605,4605,4606,140966,6487.57,"28-Aug-2026",15768,"",""
"2454","RADIOCITY","EQ",6.6,6.87,6.45,6.56,6.6,6.57,40611,2.67,"28-Aug-2026",128,"",""
"2455","RADIOWALLA","ST",27.5,27.5,27.5,27.5,27.5,27,20800,5.72,"28-Aug-2026",8,"",""
"2456","RAILTEL","EQ",279,282.6,278.1,278.9,279,279.05,365408,1023.34,"28-Aug-2026",8994,"",""
"2457","RAIN","EQ",194.5,200.4,194.5,199.31,199.3,194.38,2589958,5140.81,"28-Aug-2026",16239,"",""
"2458","RAINBOW","EQ",1441,1457.8,1430.6,1442.8,1439.8,1441,68321,985.14,"28-Aug-2026",9066,"",""
"2459","RAJESHEXPO","BZ",77,77.9,75,76.81,76.9,76.46,62512,47.67,"28-Aug-2026",1015,"",""
"2460","RAJMET","EQ",3.2,3.26,3.1,3.13,3.14,3.13,310902,9.77,"28-Aug-2026",728,"",""
"2461","RAJOOENG","BE",49.49,50,49.1,49.27,49.25,49.49,90221,44.58,"28-Aug-2026",498,"",""
"2462","RAJPALAYAM","EQ",827,827,805.1,813.85,814,810,311,2.52,"28-Aug-2026",37,"",""
"2463","RAJPUTANA","SM",241.95,241.95,231,231.35,231,236.1,5500,13.01,"28-Aug-2026",10,"",""
"2464","RAJRATAN","EQ",492.95,500,487,496.65,495,489.55,77735,384.02,"28-Aug-2026",4274,"",""
"2465","RAJRILTD","BE",23.18,23.18,22.61,23.03,23,23.07,43048,9.9,"28-Aug-2026",90,"",""
"2466","RAJSREESUG","EQ",36.2,36.92,35.76,36.49,36.4,35.25,62645,22.88,"28-Aug-2026",544,"",""
"2467","RAJTV","EQ",10.78,10.79,10.16,10.4,10.59,10.43,9950,1.04,"28-Aug-2026",109,"",""
"2468","RALLIS","EQ",210.99,212.58,209,209.63,209.11,210.24,387772,817.02,"28-Aug-2026",14835,"",""
"2469","RAMANEWS","EQ",32.95,33,31.5,31.8,31.6,32.77,11248,3.63,"28-Aug-2026",141,"",""
"2470","RAMAPHO","EQ",124.13,128.59,124.13,125.8,125.86,126.56,27862,35.21,"28-Aug-2026",535,"",""
"2471","RAMASTEEL","BE",4.41,4.41,4.41,4.41,4.41,4.33,706510,31.16,"28-Aug-2026",614,"",""
"2472","RAMBHAJO","EQ",259.8,264.87,245.31,250.51,248.89,263.57,2950380,7515.21,"28-Aug-2026",33910,"",""
"2473","RAMCOCEM","EQ",892.8,899.45,883.4,895.65,895,892.55,243570,2169.91,"28-Aug-2026",16700,"",""
"2474","RAMCOIND","EQ",342.7,342.8,332.5,335.7,336.75,341.6,124642,418.37,"28-Aug-2026",3027,"",""
"2475","RAMCOSYS","EQ",556.25,584,556.25,578.4,578.95,556.2,177179,1018.82,"28-Aug-2026",6597,"",""
"2476","RAMKY","EQ",362.85,364.7,357.2,358.5,360,362.75,29709,107.07,"28-Aug-2026",1240,"",""
"2477","RAMRAT","EQ",570.5,602.45,562.1,591.9,586.2,569.6,1319098,7782.66,"28-Aug-2026",42547,"",""
"2478","RANASUG","EQ",14.45,15.45,14.45,15.31,15.39,14.75,804346,121.73,"28-Aug-2026",1920,"",""
"2479","RANEHOLDIN","EQ",1584.7,1628,1578,1598.9,1596,1593.9,2972,47.37,"28-Aug-2026",595,"",""
"2480","RAPIDFLEET","SM",231.55,232,225,225,225,231,17400,39.79,"28-Aug-2026",24,"",""
"2481","RAPPID","SM",298.15,299,298,299,299,298.15,6000,17.89,"28-Aug-2026",9,"",""
"2482","RATEGAIN","EQ",915,939,915,933.95,938.95,918.25,227209,2116.76,"28-Aug-2026",12478,"",""
"2483","RATNAMANI","EQ",2650,2685.3,2588,2611.1,2608.9,2654.8,48237,1273.18,"28-Aug-2026",12093,"",""
"2484","RATNAVEER","EQ",297.4,305.25,291,294.95,294,294.89,7080185,21065.4,"28-Aug-2026",45452,"",""
"2485","RAYMOND","EQ",614,630,612.1,626.85,626.2,614,285076,1783.14,"28-Aug-2026",11401,"",""
"2486","RAYMONDLSL","EQ",694,704,688.4,691.35,691.55,692.2,69558,482.18,"28-Aug-2026",3429,"",""
"2487","RAYMONDREL","EQ",565.4,571.35,552.3,557.05,558,565.4,163200,917.11,"28-Aug-2026",4937,"",""
"2488","RBA","EQ",101.28,102.35,100,100.97,100.99,100.62,2859553,2886.55,"28-Aug-2026",12879,"",""
"2489","RBLBANK","EQ",384.7,384.7,380.1,382,382,385.4,963822,3679.63,"28-Aug-2026",26109,"",""
"2490","RBMINFRA","SM",238.05,240,234,235.1,234,241.9,18200,43.32,"28-Aug-2026",36,"",""
"2491","RBS","SM",89,92.8,89,92.8,92.8,90,10400,9.51,"28-Aug-2026",8,"",""
"2492","RBZJEWEL","EQ",145.01,147.26,145.01,146.2,147.12,146.46,41946,61.28,"28-Aug-2026",1125,"",""
"2493","RCDL","SM",19,19,18,18,18,19,6000,1.11,"28-Aug-2026",2,"",""
"2494","RCF","EQ",121.85,121.89,119.31,119.81,119.72,121.77,1211992,1455.43,"28-Aug-2026",16635,"",""
"2495","RCOM","BE",0.82,0.82,0.81,0.81,0.82,0.81,1931173,15.74,"28-Aug-2026",1458,"",""
"2496","READYMIX","SM",90.75,91.35,83.1,84.5,84.5,88.35,35000,30.26,"28-Aug-2026",34,"",""
"2497","RECLTD","EQ",320.9,321.95,316,316.8,316.8,320.9,4333649,13802.13,"28-Aug-2026",37817,"",""
"2498","REDINGTON","EQ",360,378.5,360,366,366.5,358.4,16023073,59571.95,"28-Aug-2026",176308,"",""
"2499","REDTAPE","EQ",124,127.25,123.13,126.01,125.95,124.26,363662,455.82,"28-Aug-2026",5025,"",""
"2500","REFEX","EQ",290.3,292.95,286.2,287.55,287.7,289.4,195240,565.38,"28-Aug-2026",4661,"",""
"2501","REFRACTORY","SM",27.35,28.6,26.3,27,27,27.45,7000,1.91,"28-Aug-2026",7,"",""
"2502","REGAAL","EQ",93.2,94.2,92.3,92.51,92.5,93.04,101607,94.48,"28-Aug-2026",873,"",""
"2503","REGENCERAM","EQ",33,33.1,33,33,33,33,501,0.17,"28-Aug-2026",10,"",""
"2504","RELAXO","EQ",355.85,360.75,352.6,356.75,357.5,356.1,169422,604.26,"28-Aug-2026",9377,"",""
"2505","RELCHEMQ","EQ",123.98,123.98,113.05,115.33,118,113.36,1955,2.26,"28-Aug-2026",121,"",""
"2506","RELIABLE","EQ",142.5,143,137.86,139.75,143,138.94,51546,72.1,"28-Aug-2026",605,"",""
"2507","RELIANCE","EQ",1284.9,1291.8,1280,1287,1287,1282.2,6830228,87735.45,"28-Aug-2026",166675,"",""
"2508","RELIGARE","EQ",234,236.95,228,233.05,233.5,234.2,3498183,8114.74,"28-Aug-2026",14466,"",""
"2509","RELINFRA","BE",61.6,61.98,60.42,60.6,60.42,61.65,179434,108.8,"28-Aug-2026",1400,"",""
"2510","RELTD","EQ",164,164,155,156.76,157,156.4,143330,225.16,"28-Aug-2026",2549,"",""
"2511","REMSONSIND","EQ",84.7,90.95,81.31,86.49,85.63,80.46,160067,136.79,"28-Aug-2026",3819,"",""
"2512","REMUS","SM",902.1,931,902.1,925,925,910.15,3400,31.27,"28-Aug-2026",27,"",""
"2513","RENUKA","EQ",23.63,24.79,23.55,24.14,24.19,23.43,30588379,7406.49,"28-Aug-2026",43478,"",""
"2514","REPCOHOME","EQ",368.25,368.8,362.75,365.5,368.75,365.7,81201,296.96,"28-Aug-2026",1920,"",""
"2515","REPL","BE",61.09,63.45,61.05,62.87,62.94,62.44,1634,1.01,"28-Aug-2026",23,"",""
"2516","REPRO","EQ",311.8,313,305.1,307.95,306.15,309.1,9587,29.68,"28-Aug-2026",472,"",""
"2517","RESPONIND","EQ",158.06,158.06,152.4,153.55,154,156.82,140995,217.41,"28-Aug-2026",4144,"",""
"2518","RETAIL","EQ",17.01,18.5,17,17.64,17.2,17.11,1474,0.27,"28-Aug-2026",42,"",""
"2519","REXPRO","SM",40.15,40.15,38.7,39.9,39.9,38.7,3000,1.19,"28-Aug-2026",3,"",""
"2520","RGL","EQ",134.49,140.9,132.5,139.39,139,133.81,3985843,5462.57,"28-Aug-2026",28758,"",""
"2521","RHETAN","EQ",21.34,22.39,20.17,20.31,20.3,21.23,22750054,4763.5,"28-Aug-2026",32859,"",""
"2522","RHFL","BZ",1.9,1.9,1.83,1.87,1.87,1.88,505447,9.5,"28-Aug-2026",782,"",""
"2523","RHIM","EQ",372,373,367.85,369.35,370,370.3,127018,470.12,"28-Aug-2026",3823,"",""
"2524","RHL","EQ",168,169.8,165.6,168,168,166.54,2341,3.92,"28-Aug-2026",26,"",""
"2525","RICHA","ST",80.85,80.85,73.15,73.15,73.15,77,3000,2.27,"28-Aug-2026",3,"",""
"2526","RICOAUTO","EQ",129.5,132.05,128.44,129.41,129.8,130.02,656237,853.07,"28-Aug-2026",5771,"",""
"2527","RIIL","EQ",758.9,764.9,754.6,761.45,763,758.9,23303,176.85,"28-Aug-2026",1312,"",""
"2528","RIIT","IV",123,123,121.26,121.48,121.5,121.54,175206,213.3,"28-Aug-2026",1593,"",""
"2529","RILINFRA","SM",36.5,36.5,35.55,35.9,35.95,35.6,5600,2,"28-Aug-2026",29,"",""
"2530","RIR","EQ",162.58,163.99,158,159.83,161,162.21,180957,289.53,"28-Aug-2026",3571,"",""
"2531","RISHABH","EQ",694.95,714,685.25,691.6,694,690.5,181013,1263.1,"28-Aug-2026",9805,"",""
"2532","RITCO","EQ",312.35,314,307.7,311.6,310,310.1,29324,91.16,"28-Aug-2026",878,"",""
"2533","RITES","EQ",217.19,218.5,216.6,217,217.04,217.19,226819,493.04,"28-Aug-2026",6894,"",""
"2534","RKDL","EQ",18.95,18.95,18.55,18.55,18.55,18.88,8170,1.53,"28-Aug-2026",56,"",""
"2535","RKEC","EQ",22.4,23.15,22.01,22.38,22.83,22.32,23701,5.34,"28-Aug-2026",193,"",""
"2536","RKFORGE","EQ",720.95,753,720.15,751.25,752.8,716.65,1361521,10097.73,"28-Aug-2026",47363,"",""
"2537","RKSWAMY","EQ",94.06,95.21,92.9,93.82,94.5,94.01,42695,39.88,"28-Aug-2026",874,"",""
"2538","RMC","EQ",250.4,256.95,243.65,246.45,246,249.45,50140,124.32,"28-Aug-2026",2161,"",""
"2539","RMDRIP","BE",19.7,20.5,19.7,20.43,20.4,19.8,411572,83.29,"28-Aug-2026",866,"",""
"2540","RML","EQ",1131.2,1132.4,1118.2,1126.7,1127.6,1123.3,8548,96.34,"28-Aug-2026",1158,"",""
"2541","RNBDENIMS","EQ",9.68,9.83,9.68,9.83,9.83,9.37,166097,16.21,"28-Aug-2026",189,"",""
"2542","RNFI","SM",305,305,289.1,289.1,289.1,304.75,142200,414.26,"28-Aug-2026",50,"",""
"2543","RNPL","SM",75.25,75.5,75,75.25,75.25,75.95,4800,3.61,"28-Aug-2026",4,"",""
"2544","ROCKINGDCE","SM",230.1,240.95,229.2,238.95,239.95,240.95,4750,11.16,"28-Aug-2026",19,"",""
"2545","ROCKPP","E1",77.45,78,74,74,74,71,8000,6.18,"28-Aug-2026",7,"",""
"2546","ROHLTD","EQ",302.5,303.7,300,302.35,303,303.15,13630,41.07,"28-Aug-2026",516,"",""
"2547","ROLEXRINGS","EQ",180,182.4,175.22,180.55,181.65,180.43,2628695,4706.04,"28-Aug-2026",26496,"",""
"2548","ROLLT","BE",4.24,4.32,4.01,4.16,4.22,4.16,687278,28.68,"28-Aug-2026",576,"",""
"2549","ROML","EQ",41.11,43,41.01,42.58,43,40.61,10850,4.58,"28-Aug-2026",44,"",""
"2550","ROSSARI","EQ",499.5,499.55,496.55,498.1,498.6,497.05,21018,104.63,"28-Aug-2026",955,"",""
"2551","ROSSELLIND","EQ",57.19,61.38,57,59.62,59.1,56.99,349907,209.1,"28-Aug-2026",3151,"",""
"2552","ROSSTECH","EQ",1111.85,1120.7,1092.65,1104.6,1113,1103.4,85448,947.94,"28-Aug-2026",5650,"",""
"2553","ROTO","EQ",65.38,65.38,64.3,64.52,64.55,65.02,136747,88.47,"28-Aug-2026",1408,"",""
"2554","ROUTE","EQ",511.75,516,508.1,509.35,509.75,509,128361,656.55,"28-Aug-2026",3792,"",""
"2555","ROXHITECH","SM",50.95,52,50.9,51.25,52,50.9,12800,6.54,"28-Aug-2026",8,"",""
"2556","ROYALARC","SM",170,170,170,170,170,170,1200,2.04,"28-Aug-2026",1,"",""
"2557","RPEL","EQ",1742,1798,1719.4,1748.4,1745,1745.4,91921,1614.96,"28-Aug-2026",10758,"",""
"2558","RPGLIFE","EQ",2582.3,2582.3,2490.1,2537.6,2525,2567.6,15329,386.79,"28-Aug-2026",2016,"",""
"2559","RPOWER","EQ",22.82,22.88,22.39,22.45,22.47,22.71,10849559,2447.41,"28-Aug-2026",22113,"",""
"2560","RPPINFRA","EQ",57.5,57.9,53.6,53.83,54.4,57.53,228233,125.75,"28-Aug-2026",3462,"",""
"2561","RPPL","BE",22.55,23.69,22.15,23.07,23,22.79,18516,4.26,"28-Aug-2026",76,"",""
"2562","RPSGVENT","EQ",864.15,864.9,853,857.15,854,861.35,19607,168.2,"28-Aug-2026",878,"",""
"2563","RPTECH","EQ",786,837.75,786,828.55,833,782.5,544572,4433.53,"28-Aug-2026",26271,"",""
"2564","RRECL","EQ",145,145,130.5,134.5,134.5,145,631,0.87,"28-Aug-2026",16,"",""
"2565","RRIL","EQ",16.68,17.88,16.68,16.71,16.69,17.27,13971,2.36,"28-Aug-2026",84,"",""
"2566","RRKABEL","EQ",2843.3,2925,2840,2905.2,2908,2830.1,629274,18205.68,"28-Aug-2026",47503,"",""
"2567","RSDFIN","BE",100.39,105.67,100.39,100.39,100.39,105.67,2229,2.25,"28-Aug-2026",41,"",""
"2568","RSL","EQ",178,178,172.02,177.49,177.1,172.47,1753430,3071.94,"28-Aug-2026",8540,"",""
"2569","RSSOFTWARE","EQ",33.94,33.94,31.29,31.29,31.29,32.93,71139,22.53,"28-Aug-2026",259,"",""
"2570","RSWM","BE",198.67,198.67,195,196,196,197.69,10911,21.41,"28-Aug-2026",94,"",""
"2571","RSYSTEMS","EQ",238.25,248.7,238.2,246.75,246.5,239.1,253785,621.34,"28-Aug-2026",5231,"",""
"2572","RTNINDIA","EQ",30.16,30.45,30,30.24,30.32,30.1,726146,219.35,"28-Aug-2026",3885,"",""
"2573","RTNPOWER","EQ",7.89,8,7.79,7.95,7.97,7.83,17525647,1386.86,"28-Aug-2026",11865,"",""
"2574","RTSPOWR","EQ",91.67,94.99,86.38,88.3,90.84,89.44,2791,2.51,"28-Aug-2026",123,"",""
"2575","RUBFILA","EQ",66.9,69.55,65.06,68.59,69.55,66.54,20442,13.78,"28-Aug-2026",358,"",""
"2576","RUBICON","EQ",1849,1899,1796.2,1804.4,1801.6,1841,249261,4567.71,"28-Aug-2026",24539,"",""
"2577","RUBYMILLS","BE",400,400,383.2,390.4,390,390.4,3579,14.01,"28-Aug-2026",93,"",""
"2578","RUCHINFRA","EQ",5.85,5.88,5.8,5.82,5.82,5.83,24306,1.42,"28-Aug-2026",124,"",""
"2579","RUCHIRA","EQ",103.98,103.98,102.09,102.64,103.5,102.7,22447,23.01,"28-Aug-2026",327,"",""
"2580","RUDRA","EQ",21.1,21.1,20.5,20.76,20.99,20.29,24814,5.13,"28-Aug-2026",213,"",""
"2581","RULKA","SM",111,112.6,106.3,108.15,108.15,111.35,36300,40.3,"28-Aug-2026",31,"",""
"2582","RUPA","EQ",147.43,151.08,145.36,149.49,149.1,147.55,164338,243.49,"28-Aug-2026",3874,"",""
"2583","RUSHIL","EQ",16.5,17.03,16.38,16.79,16.88,16.49,355509,59.24,"28-Aug-2026",762,"",""
"2584","RUSTOMJEE","EQ",383.8,383.8,378.1,380.3,381.2,381.8,15764,59.9,"28-Aug-2026",746,"",""
"2585","RVHL","EQ",39.78,39.78,39,39.39,39.4,39.78,21366,8.44,"28-Aug-2026",80,"",""
"2586","RVNL","EQ",217,217.1,214,214.22,214.22,216,2941255,6334.47,"28-Aug-2026",31709,"",""
"2587","RVTH","EQ",744,744,719.7,736.45,730.05,736.3,500,3.64,"28-Aug-2026",43,"",""
"2588","S&SPOWER","EQ",341.3,350.75,335,338.75,338.5,334.05,2696,9.26,"28-Aug-2026",113,"",""
"2589","SAAKSHI","ST",281.9,296.1,281.9,296.1,296.1,282,21000,61.71,"28-Aug-2026",29,"",""
"2590","SAATVIKGL","EQ",428.4,428.4,418.6,422.3,422,428.4,33723,142.61,"28-Aug-2026",1560,"",""
"2591","SABAR","ST",7.35,7.55,7.1,7.55,7.55,7.2,45000,3.28,"28-Aug-2026",6,"",""
"2592","SACHEEROME","SM",483,486.95,445,455.65,454.9,483.35,29400,135.09,"28-Aug-2026",92,"",""
"2593","SADBHAV","EQ",8.73,8.89,8.5,8.89,8.89,8.47,558589,49.43,"28-Aug-2026",377,"",""
"2594","SADBHIN","BE",2.69,2.78,2.68,2.72,2.75,2.66,182842,5.01,"28-Aug-2026",127,"",""
"2595","SADHAV","SM",115.15,115.85,113.45,113.45,113.45,113.15,2400,2.75,"28-Aug-2026",4,"",""
"2596","SADHNANIQ","BE",2.88,2.88,2.85,2.85,2.85,2.9,764706,21.82,"28-Aug-2026",365,"",""
"2597","SAFARI","EQ",1521.8,1533.8,1497.6,1509.7,1510,1522.2,12818,193.3,"28-Aug-2026",2368,"",""
"2598","SAFEENTP","SM",253.9,259,248.3,251.65,251,250,36500,92.75,"28-Aug-2026",35,"",""
"2599","SAGARDEEP","EQ",23.79,24.59,23.51,23.62,23.62,23.79,3087,0.73,"28-Aug-2026",65,"",""
"2600","SAGCEM","EQ",165.1,165.1,162.22,162.96,163,164.09,12009,19.63,"28-Aug-2026",422,"",""
"2601","SAGILITY","EQ",44.39,46.4,44.3,46.34,46.34,44.27,60764265,27843.32,"28-Aug-2026",95538,"",""
"2602","SAHAJSOLAR","SM",100.8,102.5,100.6,102,102.1,100.8,6000,6.1,"28-Aug-2026",15,"",""
"2603","SAHANA","SM",922,928,912,919.95,916,924.5,19200,177.03,"28-Aug-2026",63,"",""
"2604","SAHASRA","ST",311.25,319.5,311.15,315.35,315.5,316.15,20400,64.43,"28-Aug-2026",45,"",""
"2605","SAHLIBHFI","EQ",72.16,79.88,72.16,76.84,75.05,75,1739,1.33,"28-Aug-2026",125,"",""
"2606","SAHYADRI","EQ",352.2,356.85,340,343.6,342,348.15,7282,25.23,"28-Aug-2026",736,"",""
"2607","SAICAPI","EQ",149.8,149.8,140.54,148.5,148.5,140.51,247,0.36,"28-Aug-2026",22,"",""
"2608","SAIFL","SM",5.1,5.1,4.95,5,5,5,112000,5.6,"28-Aug-2026",23,"",""
"2609","SAIL","EQ",193.05,200.96,192.55,200,200,193,48585004,96382.43,"28-Aug-2026",118490,"",""
"2610","SAILIFE","EQ",1489.9,1506.3,1473.8,1485,1485,1488.2,228815,3405.09,"28-Aug-2026",17890,"",""
"2611","SAIPARENT","EQ",536.9,536.9,517.1,521.35,524.75,520.7,86402,450.11,"28-Aug-2026",4113,"",""
"2612","SAJHOTELS","ST",36.2,36.2,36.1,36.1,36.1,38,6000,2.17,"28-Aug-2026",3,"",""
"2613","SAKAR","EQ",890.3,910,870,875.7,879,892.6,84908,748.19,"28-Aug-2026",5237,"",""
"2614","SAKHTISUG","EQ",19.99,21,19.74,20.71,20.77,19.74,424178,87.46,"28-Aug-2026",1390,"",""
"2615","SAKSOFT","EQ",158.45,162.84,157.86,160.64,160.05,157.78,539331,867.86,"28-Aug-2026",5706,"",""
"2616","SAKUMA","EQ",1.71,1.73,1.69,1.71,1.72,1.71,797283,13.66,"28-Aug-2026",767,"",""
"2617","SALASAR","EQ",5.86,6,5.86,5.92,5.98,5.88,2269266,134.48,"28-Aug-2026",2126,"",""
"2618","SALONA","EQ",287.3,287.3,264.1,272.99,276.99,268.09,442,1.21,"28-Aug-2026",32,"",""
"2619","SALSTEEL","EQ",71.5,75.16,71.5,75.16,75.16,71.59,289253,214.7,"28-Aug-2026",2563,"",""
"2620","SALZERELEC","EQ",546.35,555,541.55,552.6,553.4,547.25,34995,192.31,"28-Aug-2026",2195,"",""
"2621","SAMBANDAM","EQ",121.89,122.99,115.75,120.98,116.2,118.51,796,0.96,"28-Aug-2026",29,"",""
"2622","SAMBHAAV","EQ",6.09,6.34,5.8,6.1,6.17,6.09,32142,1.96,"28-Aug-2026",110,"",""
"2623","SAMBHV","EQ",124.68,128.18,123.5,127.41,127.99,124.14,1060636,1341.09,"28-Aug-2026",9819,"",""
"2624","SAMHI","EQ",157.72,160,155,156.01,156.01,157.55,679031,1062.8,"28-Aug-2026",13255,"",""
"2625","SAMMAANCAP","EQ",148.28,148.74,145.1,145.8,145.7,147.34,4311399,6338.11,"28-Aug-2026",20048,"",""
"2626","SAMPANN","EQ",26.7,26.7,25.67,26.13,26.21,25.61,5068,1.33,"28-Aug-2026",88,"",""
"2627","SANATHAN","EQ",466.85,466.85,445.1,448.05,446,461.45,16896,76.49,"28-Aug-2026",1047,"",""
"2628","SANDESH","EQ",1028.55,1032,990.8,1009.55,1005.2,1017.6,1698,17.18,"28-Aug-2026",278,"",""
"2629","SANDHAR","EQ",654.8,658.2,645,649.25,652.85,651.75,160374,1046.06,"28-Aug-2026",14123,"",""
"2630","SANDUMA","EQ",208.05,209.19,205,205.45,205.02,206.95,340342,702.7,"28-Aug-2026",7107,"",""
"2631","SANGAMIND","EQ",580,609.5,575.95,603.15,596.1,579.8,79127,475.52,"28-Aug-2026",4419,"",""
"2632","SANGANI","SM",51.35,53.15,51.35,53.15,53.15,51.35,3000,1.57,"28-Aug-2026",2,"",""
"2633","SANGHVIMOV","EQ",445.95,455.6,437.5,444.1,443,444.65,363002,1616.06,"28-Aug-2026",15725,"",""
"2634","SANGINITA","BE",50.97,53.31,50.78,53.31,53.31,50.78,465818,246.86,"28-Aug-2026",560,"",""
"2635","SANOFI","EQ",3171,3199,3160.1,3181.6,3183,3181,19128,608.78,"28-Aug-2026",3192,"",""
"2636","SANOFICONR","EQ",4180.8,4301.6,4122.1,4213.7,4217.2,4150,3831,160.87,"28-Aug-2026",1307,"",""
"2637","SANSERA","EQ",3858,3913.1,3830.1,3859,3858.2,3842.8,65476,2531.79,"28-Aug-2026",9365,"",""
"2638","SANSTAR","EQ",109,110.69,107.91,108.21,108.85,109.25,109652,119.71,"28-Aug-2026",1855,"",""
"2639","SANWARIA","BZ",0.21,0.21,0.19,0.2,0.2,0.2,1153450,2.28,"28-Aug-2026",140,"",""
"2640","SAPPHIRE","EQ",238.5,242.4,230.01,231.5,232,239.74,862659,2020.84,"28-Aug-2026",33518,"",""
"2641","SAPPL","EQ",288,288,281.05,286.45,288,288,406,1.16,"28-Aug-2026",21,"",""
"2642","SARDAEN","EQ",505.7,514.05,505.7,508.25,509.95,509.6,139241,711.18,"28-Aug-2026",7964,"",""
"2643","SAREGAMA","EQ",490.65,498.95,486,492.8,494.15,487.5,216953,1068.67,"28-Aug-2026",17492,"",""
"2644","SARLAPOLY","EQ",100.41,102.88,98.4,98.76,99.39,100.41,24871,24.74,"28-Aug-2026",622,"",""
"2645","SAROJA","SM",39.75,39.75,39.7,39.7,39.7,41.55,3200,1.27,"28-Aug-2026",2,"",""
"2646","SARTELE","SM",96.6,98,96.15,97.05,96.6,96.7,52500,50.96,"28-Aug-2026",76,"",""
"2647","SARVESHWAR","EQ",3.43,3.48,3.39,3.4,3.41,3.42,996451,34.1,"28-Aug-2026",1340,"",""
"2648","SASKEN","EQ",1861.4,1932,1861.4,1901,1900,1861.4,16489,314.2,"28-Aug-2026",1880,"",""
"2649","SATECH","SM",36.5,39,36.5,38.35,38.35,36.2,19000,7.17,"28-Aug-2026",18,"",""
"2650","SATIA","EQ",58.8,58.8,57,57.76,58.25,58.01,151230,87.12,"28-Aug-2026",1769,"",""
"2651","SATIN","EQ",225,228.56,221.4,222.37,223.01,226.01,117758,263.13,"28-Aug-2026",2702,"",""
"2652","SATIPOLY","ST",38.45,38.45,38.4,38.4,38.4,40.4,8000,3.07,"28-Aug-2026",11,"",""
"2653","SATKARTAR","SM",136.7,142,136.65,139,139,136.65,7200,10.01,"28-Aug-2026",9,"",""
"2654","SATTVAENGG","SM",72,72,64.9,65.5,65,72,107200,71,"28-Aug-2026",67,"",""
"2655","SAURASHCEM","EQ",57.11,57.94,56.1,56.33,56.6,57.13,79022,44.97,"28-Aug-2026",1179,"",""
"2656","SAVY","SM",137,138,133.4,137.05,138,135,19200,26.36,"28-Aug-2026",11,"",""
"2657","SAWALIYA","SM",169.95,169.95,169.95,169.95,169.95,212.4,19200,32.63,"28-Aug-2026",14,"",""
"2658","SAYAJIHOTL","EQ",365.2,365.2,310,315.7,318.15,332,956,3.32,"28-Aug-2026",75,"",""
"2659","SAYAJIIND","EQ",117,117.45,115,116.97,117,117.49,904,1.06,"28-Aug-2026",10,"",""
"2660","SBC","EQ",41.65,42.24,41.42,41.93,42.14,41.45,5763946,2400.84,"28-Aug-2026",8529,"",""
"2661","SBCL","EQ",1055.9,1087.95,1036.1,1049.2,1045,1044.2,524106,5563.7,"28-Aug-2026",23516,"",""
"2662","SBFC","EQ",98.3,101.05,98.12,98.75,98.5,98.61,2163907,2151.21,"28-Aug-2026",13756,"",""
"2663","SBGLP","EQ",23.32,26,23.32,24.63,24.79,24,17281,4.28,"28-Aug-2026",230,"",""
"2664","SBIBPB","EQ",50.47,50.47,49.67,49.8,49.7,49.89,1368503,682.71,"28-Aug-2026",438,"",""
"2665","SBICARD","EQ",645,649.4,638,641.05,641.05,645,1398856,8975.5,"28-Aug-2026",30861,"",""
"2666","SBIETFCON","EQ",124.98,124.98,122.53,123.36,123.54,123.24,1917,2.36,"28-Aug-2026",84,"",""
"2667","SBIETFIT","EQ",341.49,347,341.03,345.45,346,336.44,15065,51.98,"28-Aug-2026",239,"",""
"2668","SBIETFPB","EQ",287.25,287.25,282.36,283.64,283.64,284.57,496,1.41,"28-Aug-2026",73,"",""
"2669","SBIETFQLTY","EQ",224.04,225.43,224.04,224.2,224.13,224.04,834,1.87,"28-Aug-2026",45,"",""
"2670","SBIFUNDS","EQ",565.5,566,553.25,563.8,562.6,562.55,1785037,9995.37,"28-Aug-2026",30275,"",""
"2671","SBILIFE","EQ",1780.4,1782,1747.8,1761.1,1761.1,1773.2,1039823,18270.56,"28-Aug-2026",36994,"",""
"2672","SBILIQETF","EQ",1053.9,1053.92,1053.9,1053.9,1053.92,1053.49,205660,2167.46,"28-Aug-2026",127,"",""
"2673","SBIMIDMOM","EQ",64.89,65.15,64.78,65,64.98,64.73,72161,46.9,"28-Aug-2026",239,"",""
"2674","SBIN","EQ",1046,1051.2,1040.5,1047.5,1047.5,1042.9,4969272,52017.68,"28-Aug-2026",90209,"",""
"2675","SBINEQWETF","EQ",33.68,33.69,33.48,33.62,33.63,33.69,21223,7.14,"28-Aug-2026",174,"",""
"2676","SBINMID150","EQ",23.64,23.69,23.51,23.56,23.69,23.56,23667,5.58,"28-Aug-2026",92,"",""
"2677","SBISILVER","EQ",231.98,237.4,231.16,236.12,236,231.97,1508122,3543.77,"28-Aug-2026",7836,"",""
"2678","SBISMLETF","EQ",18.57,18.6,18.48,18.52,18.5,18.46,20334,3.77,"28-Aug-2026",164,"",""
"2679","SBIVALETF","EQ",14.77,14.8,14.71,14.8,14.8,14.73,1969,0.29,"28-Aug-2026",35,"",""
"2680","SCANSTL","BE",61.23,62.47,59.95,59.99,59.95,61.23,20667,12.48,"28-Aug-2026",98,"",""
"2681","SCHAEFFLER","EQ",4051.1,4081,4015,4033.4,4030,4051.1,48578,1959.91,"28-Aug-2026",14727,"",""
"2682","SCHAND","EQ",135.02,138.99,135.01,137.97,136.75,134.72,31629,43.23,"28-Aug-2026",560,"",""
"2683","SCHNEIDER","EQ",1215,1217.9,1184.4,1201.9,1198.5,1207,197078,2358.63,"28-Aug-2026",13435,"",""
"2684","SCI","EQ",294.25,303.7,294.2,299.05,299.5,292.55,5131992,15426.83,"28-Aug-2026",50483,"",""
"2685","SCILAL","EQ",40.02,40.69,40,40.38,40.47,40.02,157415,63.57,"28-Aug-2026",1041,"",""
"2686","SCML","SM",84.9,84.9,84.9,84.9,84.9,84.9,1000,0.85,"28-Aug-2026",1,"",""
"2687","SCODATUBES","EQ",130.85,135.22,130.32,132.59,132.26,130.93,136534,181.35,"28-Aug-2026",1846,"",""
"2688","SCPL","BE",658.15,666,635.5,645.8,664.8,658.15,9276,59.85,"28-Aug-2026",185,"",""
"2689","SDBL","EQ",71.9,73.95,71.25,73.38,73.25,71.82,456962,332.93,"28-Aug-2026",2931,"",""
"2690","SDREAMS","SM",90.1,90.1,85.85,87.3,85.85,90.1,4000,3.52,"28-Aug-2026",4,"",""
"2691","SEAMECLTD","EQ",1624.4,1693.5,1618,1676.6,1667.4,1624.4,140532,2332.46,"28-Aug-2026",11908,"",""
"2692","SECMARK","EQ",131.05,152.34,128.8,151.31,152.34,126.95,73883,108.57,"28-Aug-2026",1262,"",""
"2693","SECURKLOUD","EQ",18.18,18.18,17.21,17.4,17.26,17.8,11774,2.06,"28-Aug-2026",90,"",""
"2694","SEDEMAC","EQ",3052,3095,2962.1,3011.6,3006,3026.5,63095,1901.67,"28-Aug-2026",10755,"",""
"2695","SEIL","EQ",209.78,210.33,205.3,206.67,206.71,208.11,76804,159.38,"28-Aug-2026",1402,"",""
"2696","SEITINVIT","IV",124.01,124.01,124,124,124,122,125000,155.01,"28-Aug-2026",2,"",""
"2697","SEJALLTD","EQ",676.35,680.95,670.6,673.35,676,676.5,2882,19.5,"28-Aug-2026",223,"",""
"2698","SEKURITIND","EQ",116.77,117,115,115.43,115.5,116.78,19600,22.72,"28-Aug-2026",240,"",""
"2699","SEL","SM",309.75,311,305,310.35,311,305.5,1400,4.31,"28-Aug-2026",7,"",""
"2700","SELECTIPO","EQ",49.31,49.32,49.01,49.14,49.01,49.31,58426,28.74,"28-Aug-2026",103,"",""
"2701","SELMC","EQ",27,28.38,27,27.71,27.77,27.45,3292,0.92,"28-Aug-2026",69,"",""
"2702","SEMAC","EQ",285.3,290,282.5,288,288,285.3,163,0.47,"28-Aug-2026",10,"",""
"2703","SENCO","EQ",362.8,363.7,352.5,354.85,356.9,362.75,639082,2281.05,"28-Aug-2026",15080,"",""
"2704","SENORES","EQ",1474.6,1494,1466.2,1482.1,1494,1474.6,84500,1250,"28-Aug-2026",7007,"",""
"2705","SENSEXADD","EQ",79.46,80,79.42,79.45,79.84,80.06,795,0.63,"28-Aug-2026",24,"",""
"2706","SENSEXAXIS","EQ",80.64,80.64,79.8,79.96,79.8,80.24,697,0.56,"28-Aug-2026",53,"",""
"2707","SENSEXBETA","EQ",857.94,870.99,855,863.35,865,857.94,599,5.14,"28-Aug-2026",71,"",""
"2708","SENSEXETF","EQ",79.74,80,79.52,79.82,79.84,79.8,50588,40.35,"28-Aug-2026",197,"",""
"2709","SENSEXIETF","EQ",889.27,894.95,884.37,886.26,886.15,890.05,5306,47.11,"28-Aug-2026",310,"",""
"2710","SEPC","EQ",5.71,5.83,5.5,5.56,5.54,5.71,59773560,3346.27,"28-Aug-2026",24068,"",""
"2711","SERVICE","SM",67.05,72.4,66.5,72,72,70,82000,57.01,"28-Aug-2026",33,"",""
"2712","SERVOTECH","EQ",81.15,81.69,80.48,80.97,80.8,81.12,210914,170.91,"28-Aug-2026",2544,"",""
"2713","SESHAPAPER","EQ",231.73,234.7,228.01,229.61,228.1,230.11,18457,42.45,"28-Aug-2026",619,"",""
"2714","SETCO","BE",18.29,18.29,17.11,17.93,18.19,17.86,36537,6.56,"28-Aug-2026",172,"",""
"2715","SETF10GILT","EQ",265.06,265.06,264.02,264.28,264.28,265.06,2372,6.28,"28-Aug-2026",34,"",""
"2716","SETFGOLD","EQ",137.7,137.7,133.31,135.02,135.14,134.35,3984560,5364.07,"28-Aug-2026",8845,"",""
"2717","SETFNIF50","EQ",260.5,260.9,259.4,260.49,260.46,260.51,897263,2335.28,"28-Aug-2026",5100,"",""
"2718","SETFNIFBK","EQ",590.55,594,589.33,591.6,594,592.65,57198,338.25,"28-Aug-2026",975,"",""
"2719","SETFNN50","EQ",793.41,801.51,790.11,794.87,797.75,795.26,45354,360.46,"28-Aug-2026",2724,"",""
"2720","SETL","EQ",354,364.2,351.1,364.2,364.2,346.9,797470,2884.7,"28-Aug-2026",4681,"",""
"2721","SETUINFRA","BZ",0.47,0.48,0.45,0.48,0.48,0.46,95189,0.43,"28-Aug-2026",42,"",""
"2722","SEYAIND","BE",12.22,12.48,12,12.44,12.18,12.24,19350,2.4,"28-Aug-2026",61,"",""
"2723","SFL","EQ",635,641.75,627.9,637,640,636.3,161161,1024.48,"28-Aug-2026",11648,"",""
"2724","SGBAPR28I","GB",15575.02,15710,15550,15700.28,15710,15657.8,320,50.12,"28-Aug-2026",42,"",""
"2725","SGBAUG27","GB",15500,15596.47,15499.97,15550,15550,15588.16,60,9.31,"28-Aug-2026",29,"",""
"2726","SGBAUG28V","GB",15610,15676,15500,15584.2,15599.99,15605.81,813,126.42,"28-Aug-2026",148,"",""
"2727","SGBAUG29V","GB",15520.5,15749.99,15513.02,15749,15749,15667.82,55,8.56,"28-Aug-2026",30,"",""
"2728","SGBAUG30","GB",15785.45,15785.45,15618.6,15731.81,15735,15785.45,58,9.11,"28-Aug-2026",28,"",""
"2729","SGBD29VIII","GB",15632.7,15696.99,15505.01,15612.71,15601.01,15632.7,407,63.42,"28-Aug-2026",60,"",""
"2730","SGBDC27VII","GB",15500,15505,15500,15505,15505,15747.5,5,0.78,"28-Aug-2026",2,"",""
"2731","SGBDE30III","GB",15327.09,15799.98,15327.09,15707.87,15699.99,15720.1,313,49.05,"28-Aug-2026",71,"",""
"2732","SGBDE31III","GB",15992.77,15992.77,15751.01,15965.96,15935,15992.77,1729,274.32,"28-Aug-2026",289,"",""
"2733","SGBFEB27","GB",15726,15726,15463.3,15594.65,15726,15726,32,5.02,"28-Aug-2026",7,"",""
"2734","SGBFEB28IX","GB",15410,15410,15410,15410,15410,15800,1,0.15,"28-Aug-2026",1,"",""
"2735","SGBFEB29XI","GB",15670,15670,15500.01,15530,15530,15561.17,46,7.16,"28-Aug-2026",22,"",""
"2736","SGBFEB32IV","GB",15961.01,16145,15856.02,16082.66,16080,16060.04,2210,352.79,"28-Aug-2026",377,"",""
"2737","SGBJ28VIII","GB",15355,15619,15315.01,15549.51,15619,15979.99,85,13.14,"28-Aug-2026",10,"",""
"2738","SGBJAN29IX","GB",15667.86,15667.86,15411,15580.43,15624,15621,716,111.28,"28-Aug-2026",99,"",""
"2739","SGBJAN29X","GB",15412,15584.35,15412,15574.51,15565.02,15593.4,87,13.51,"28-Aug-2026",40,"",""
"2740","SGBJAN30IX","GB",15550,15665.01,15550,15620.15,15620.15,15658.69,28,4.37,"28-Aug-2026",15,"",""
"2741","SGBJU29III","GB",15500,15640,15500,15639.99,15639.99,15611.6,38,5.91,"28-Aug-2026",15,"",""
"2742","SGBJUL27","GB",15450.01,15599.9,15450.01,15599.9,15599.9,15999.98,8,1.24,"28-Aug-2026",2,"",""
"2743","SGBJUL28IV","GB",15572.31,15629.98,15405.01,15600.48,15600,15572.31,351,54.63,"28-Aug-2026",81,"",""
"2744","SGBJUL29IV","GB",15500,15616.08,15425.02,15560.18,15561,15579.39,115,17.83,"28-Aug-2026",44,"",""
"2745","SGBJUN27","GB",15586.26,15586.26,15586.26,15586.26,15586.26,15589.95,6,0.94,"28-Aug-2026",5,"",""
"2746","SGBJUN28","GB",15459.19,15644.98,15459.19,15636.18,15644.96,15638.46,108,16.76,"28-Aug-2026",43,"",""
"2747","SGBJUN29II","GB",15500,15670,15500,15567.27,15560,15623.55,84,13.04,"28-Aug-2026",21,"",""
"2748","SGBJUN30","GB",15455.01,15800,15455.01,15710,15800,15730,51,7.98,"28-Aug-2026",23,"",""
"2749","SGBJUN31I","GB",15890,15890,15650,15793.97,15770,15895.84,509,79.97,"28-Aug-2026",172,"",""
"2750","SGBMAR28X","GB",15800,15915,15800,15915,15915,15949,16,2.54,"28-Aug-2026",5,"",""
"2751","SGBMAR30X","GB",15649,15701,15535.79,15700,15700,15693.13,36,5.64,"28-Aug-2026",15,"",""
"2752","SGBMAR31IV","GB",15675,15832,15661.01,15832,15832,15859.44,59,9.3,"28-Aug-2026",19,"",""
"2753","SGBMAY28","GB",15470,15649,15470,15623.18,15602,15590.36,77,12,"28-Aug-2026",24,"",""
"2754","SGBMAY29I","GB",15604.99,15651,15505,15618.04,15612,15608.8,1057,164.65,"28-Aug-2026",117,"",""
"2755","SGBMR29XII","GB",15750,15826,15660.01,15823.84,15826,15757.09,145,22.9,"28-Aug-2026",22,"",""
"2756","SGBN28VIII","GB",15700,15700,15531,15630,15630,15656.74,202,31.51,"28-Aug-2026",37,"",""
"2757","SGBNOV26","GB",15639.95,15640,15639.95,15640,15640,15750,10,1.56,"28-Aug-2026",3,"",""
"2758","SGBNV29VII","GB",15610,15650,15537.65,15631,15631,15675.16,149,23.26,"28-Aug-2026",20,"",""
"2759","SGBOC28VII","GB",15630.51,15700,15525,15700,15700,15630.51,385,59.93,"28-Aug-2026",44,"",""
"2760","SGBOCT26","GB",15510,15621.5,15510,15621.5,15621.5,15700,9,1.4,"28-Aug-2026",5,"",""
"2761","SGBOCT27","GB",15750,15750,15750,15750,15750,15750,12,1.89,"28-Aug-2026",2,"",""
"2762","SGBOCT27VI","GB",15765,15765,15765,15765,15765,15765,7,1.1,"28-Aug-2026",1,"",""
"2763","SGBSEP27","GB",15750,15801.03,15750,15800.21,15800,15750,124,19.59,"28-Aug-2026",6,"",""
"2764","SGBSEP28VI","GB",15910,15910,15713.05,15751.37,15779,15880.28,128,20.16,"28-Aug-2026",39,"",""
"2765","SGBSEP29VI","GB",15802.27,16100,15566.01,15899.84,15900,15802.27,98,15.48,"28-Aug-2026",56,"",""
"2766","SGBSEP31II","GB",15751.11,15949.99,15751.11,15901.1,15872,16003.2,1571,249.07,"28-Aug-2026",263,"",""
"2767","SGFIN","EQ",690.8,690.8,682.05,684.55,685.8,687.45,107777,738.48,"28-Aug-2026",3165,"",""
"2768","SGIL","EQ",598.7,611.9,590,607.7,603.5,597.85,11281,67.59,"28-Aug-2026",422,"",""
"2769","SGL","EQ",9.75,10.46,9.75,10.12,10.28,10.04,3436,0.35,"28-Aug-2026",55,"",""
"2770","SGLRES","EQ",2.3,2.43,2.3,2.42,2.43,2.32,88832,2.13,"28-Aug-2026",126,"",""
"2771","SGMART","EQ",809,819.45,785.3,789.3,789,810.25,739639,5911.96,"28-Aug-2026",16641,"",""
"2772","SGRL","EQ",519.35,589.75,519.05,542.6,589.75,516.7,6293,33.58,"28-Aug-2026",359,"",""
"2773","SHADOWFAX","EQ",238.6,247.89,238.1,245.36,245.75,238.6,5614024,13743.09,"28-Aug-2026",50979,"",""
"2774","SHAH","EQ",3.94,3.95,3.63,3.74,3.75,3.78,10826338,411.36,"28-Aug-2026",3297,"",""
"2775","SHAHALLOYS","EQ",89.01,103.15,87,103.15,103.15,85.96,1390957,1392.06,"28-Aug-2026",7839,"",""
"2776","SHAILY","EQ",3302.3,3310,3244,3270.4,3260,3289,88738,2903.51,"28-Aug-2026",17839,"",""
"2777","SHAKTIPUMP","EQ",498.9,499,490.3,493.55,493,497.4,279592,1379.16,"28-Aug-2026",11895,"",""
"2778","SHALBY","EQ",155.43,157.2,152.5,154.65,154.6,154.33,45656,70.7,"28-Aug-2026",1527,"",""
"2779","SHALPAINTS","BE",81.98,82,78,78.63,78.72,80.4,70400,55.67,"28-Aug-2026",393,"",""
"2780","SHANKARA","EQ",147.24,148.24,145.51,146.09,145.51,146.95,151430,222.09,"28-Aug-2026",714,"",""
"2781","SHANKESH","EQ",89.69,92.56,87.25,91.73,92.5,89.69,4645174,4192.89,"28-Aug-2026",26252,"",""
"2782","SHANTI","EQ",6.02,6.4,6.02,6.31,6.16,6.11,24808,1.54,"28-Aug-2026",54,"",""
"2783","SHANTIGEAR","EQ",542.05,542.1,510.2,517.75,514.9,544.8,183487,967.63,"28-Aug-2026",5487,"",""
"2784","SHANTIGOLD","EQ",240.2,248.54,240.2,242.29,244.9,246.05,1362078,3330.26,"28-Aug-2026",14604,"",""
"2785","SHARDACROP","EQ",794,800,780.15,783.75,784.5,793.05,118584,932.89,"28-Aug-2026",8395,"",""
"2786","SHARDAMOTR","EQ",871.95,896.6,866.45,877.2,879.2,874.5,22462,197.05,"28-Aug-2026",4690,"",""
"2787","SHARDUL","BE",52.9,52.9,52.01,52.14,52.05,52.67,8852,4.61,"28-Aug-2026",72,"",""
"2788","SHAREINDIA","EQ",170,170,167.65,167.93,167.65,169.02,200247,336.76,"28-Aug-2026",1647,"",""
"2789","SHARIABEES","EQ",458.2,461.44,458.14,459.2,459.2,458.14,12554,57.8,"28-Aug-2026",388,"",""
"2790","SHBAJRG","EQ",171.95,171.99,168.2,171.98,171.99,171.19,1673,2.88,"28-Aug-2026",32,"",""
"2791","SHEETAL","SM",345.5,345.5,337,339.8,344,332.5,4500,15.32,"28-Aug-2026",7,"",""
"2792","SHEKHAWATI","BE",16.01,16.29,15.53,15.93,15.75,16.34,21502,3.42,"28-Aug-2026",96,"",""
"2793","SHEMAROO","BE",129.97,129.98,125,126.06,126.05,128.63,6926,8.74,"28-Aug-2026",65,"",""
"2794","SHERA","SM",175,186.5,173.55,181.85,186.5,174.7,97000,174.73,"28-Aug-2026",78,"",""
"2795","SHERVANI","EQ",319,319,306,306.5,306.5,321.45,219,0.67,"28-Aug-2026",44,"",""
"2796","SHETHJI","ST",174.6,179.2,171.05,177.6,177.2,170.7,83000,145.97,"28-Aug-2026",32,"",""
"2797","SHIGAN","SM",71,71,71,71,71,71.25,4500,3.2,"28-Aug-2026",3,"",""
"2798","SHILCTECH","EQ",4101,4106,4014.2,4084.2,4071,4045.8,15471,630.15,"28-Aug-2026",3736,"",""
"2799","SHILGRAVQ","EQ",165,172.2,163,170.07,172.2,169,1773,3,"28-Aug-2026",17,"",""
"2800","SHILPAMED","EQ",901,910,890.7,903.8,901,901.85,879302,7923.74,"28-Aug-2026",33099,"",""
"2801","SHINDL","EQ",164.23,166.15,161.22,164.13,166.15,164.23,217652,353.5,"28-Aug-2026",968,"",""
"2802","SHIPROCKET","EQ",132.1,132.3,124,125.4,125.45,132.09,12606030,16086.94,"28-Aug-2026",61741,"",""
"2803","SHIVAAGRO","EQ",40.7,41.9,39.21,41.72,41.79,40.74,2027,0.83,"28-Aug-2026",40,"",""
"2804","SHIVACEM","EQ",16.55,16.93,16.25,16.61,16.63,16.55,47261,7.79,"28-Aug-2026",162,"",""
"2805","SHIVALIK","BE",292.24,306.85,285.8,306.85,306.85,292.24,44606,134.08,"28-Aug-2026",625,"",""
"2806","SHIVAMAUTO","BE",16.67,17.5,16.1,16.94,16.99,16.68,43349,7.26,"28-Aug-2026",139,"",""
"2807","SHIVAMILLS","EQ",62.9,62.9,61,61.89,61.89,62.6,501,0.31,"28-Aug-2026",16,"",""
"2808","SHIVASHRIT","SM",124.95,126,122.2,123.95,123.95,124.95,10000,12.43,"28-Aug-2026",8,"",""
"2809","SHIVATEX","EQ",166.08,179,166.06,176.4,176.01,170.97,13850,24.33,"28-Aug-2026",197,"",""
"2810","SHIVAUM","EQ",462.15,462.15,445,445,445,445,5872,26.2,"28-Aug-2026",41,"",""
"2811","SHK","EQ",151.41,153,150.61,152.43,153,151.41,224385,341.22,"28-Aug-2026",4678,"",""
"2812","SHOPERSTOP","EQ",374.7,385.85,372.85,382.85,381.25,374.85,37738,143.67,"28-Aug-2026",2204,"",""
"2813","SHRADDHA","EQ",150.27,165.99,149.27,162.9,160.15,151.27,37275,59.02,"28-Aug-2026",580,"",""
"2814","SHRADHA","EQ",32.45,32.45,30.65,31.99,32,32.39,26056,8.28,"28-Aug-2026",234,"",""
"2815","SHREDIGCEM","EQ",78.21,79.9,75.55,78.19,77.5,77.91,119571,92.62,"28-Aug-2026",1240,"",""
"2816","SHREECEM","EQ",24480,24485,23900,24000,24000,24480,20074,4827.74,"28-Aug-2026",9792,"",""
"2817","SHREEDHAR","ST",111.1,111.1,111,111,111,111.45,10000,11.11,"28-Aug-2026",4,"",""
"2818","SHREEJISPG","EQ",640.7,659.85,635.25,652.5,650,640.35,863122,5557.55,"28-Aug-2026",6468,"",""
"2819","SHREEKARNI","SM",373.5,380,366,375,375,377.9,5100,19.03,"28-Aug-2026",21,"",""
"2820","SHREEOSFM","SM",58,62.65,58,62.5,62.5,58,13000,7.87,"28-Aug-2026",13,"",""
"2821","SHREEPUSHK","EQ",455.4,455.85,449.5,451.4,453,452.25,42110,190.09,"28-Aug-2026",2199,"",""
"2822","SHREERAMA","EQ",44.17,44.29,42.76,42.89,42.92,43.1,54007,23.37,"28-Aug-2026",554,"",""
"2823","SHRENIK","BZ",0.31,0.31,0.3,0.3,0.31,0.3,276405,0.86,"28-Aug-2026",153,"",""
"2824","SHREYANIND","EQ",125.23,125.5,122,124.97,125,124.61,6135,7.63,"28-Aug-2026",78,"",""
"2825","SHRIAHIMSA","ST",486.95,502.9,481,493.75,490.25,480.9,31200,153.74,"28-Aug-2026",51,"",""
"2826","SHRIKRISH","EQ",37.5,42.87,35.6,39.9,41.2,36.55,3128,1.18,"28-Aug-2026",27,"",""
"2827","SHRINGARMS","EQ",219.75,224.3,218,220.17,220,219.37,827671,1837.33,"28-Aug-2026",4131,"",""
"2828","SHRIPISTON","EQ",4500,4613.8,4444.2,4572.2,4569,4498.4,49040,2224.97,"28-Aug-2026",10948,"",""
"2829","SHRIRAMFIN","EQ",1105,1106.7,1083.2,1086.9,1086.9,1101,2207426,24056.11,"28-Aug-2026",47955,"",""
"2830","SHRIRAMPPS","EQ",76.74,77.73,74.99,75.97,75.9,76.74,451643,342.42,"28-Aug-2026",3843,"",""
"2831","SHRITECH","SM",60.95,60.95,60.95,60.95,60.95,60.05,2000,1.22,"28-Aug-2026",1,"",""
"2832","SHRJAGP","EQ",668,689,668,673.1,686,682.85,155,1.05,"28-Aug-2026",28,"",""
"2833","SHUKRAPHAR","EQ",44.25,45.33,44.25,44.28,44.61,44.22,901483,400.43,"28-Aug-2026",1723,"",""
"2834","SHYAMCENT","BE",5.06,5.06,4.86,4.94,4.95,4.94,10543,0.52,"28-Aug-2026",76,"",""
"2835","SHYAMDHANI","ST",56.95,57.35,56.95,57,57,54.65,20000,11.42,"28-Aug-2026",9,"",""
"2836","SHYAMMETL","EQ",1050,1111,1039.6,1099.8,1104.4,1042.4,2682841,28790.06,"28-Aug-2026",67021,"",""
"2837","SHYAMTEL","EQ",13.78,13.94,13.3,13.87,13.89,13.1,1595,0.22,"28-Aug-2026",24,"",""
"2838","SICAGEN","EQ",53.75,55,53.51,54.14,54.5,54.97,22444,12.15,"28-Aug-2026",340,"",""
"2839","SICALLOG","BE",101.48,104.71,95.2,104.68,104.71,99.73,65910,67.69,"28-Aug-2026",262,"",""
"2840","SIDDHICOTS","SM",27.9,27.9,27.9,27.9,27.9,27.9,2400,0.67,"28-Aug-2026",2,"",""
"2841","SIDDHIKA","SM",224,224,217.05,217.05,217.05,220.35,1500,3.33,"28-Aug-2026",3,"",""
"2842","SIEL","EQ",36.21,36.21,32.77,32.78,33.38,34.49,5545,1.87,"28-Aug-2026",33,"",""
"2843","SIEMENS","EQ",4089.3,4113,4060,4089,4089,4095,278973,11396.35,"28-Aug-2026",15697,"",""
"2844","SIGACHI","EQ",32.51,34.14,32.11,33.16,33.13,32.51,2630895,866.38,"28-Aug-2026",8127,"",""
"2845","SIGIND","BE",72.5,72.5,68.51,71.74,71.75,71.66,17670,12.64,"28-Aug-2026",101,"",""
"2846","SIGMA","EQ",47.9,49.09,46.5,47.25,46.62,47.54,223885,107.81,"28-Aug-2026",1810,"",""
"2847","SIGMAADV","BE",797.3,801,745,777.1,779,763.65,374337,2942.77,"28-Aug-2026",7437,"",""
"2848","SIGNATURE","EQ",781,786.2,776.25,779.25,776.25,783.5,166979,1307.06,"28-Aug-2026",3582,"",""
"2849","SIGNPOST","EQ",260.4,264.5,257.3,260.15,262,261.3,39824,103.94,"28-Aug-2026",1252,"",""
"2850","SIKA","EQ",1002.1,1027,1002.1,1018.6,1019.9,1006.9,15560,158.24,"28-Aug-2026",1360,"",""
"2851","SIKKO","BE",5.18,5.18,4.88,5.12,5.13,5.13,436132,22.06,"28-Aug-2026",447,"",""
"2852","SIL","EQ",19.41,19.69,19.01,19.22,19.3,19.32,24107,4.65,"28-Aug-2026",271,"",""
"2853","SILGO","EQ",74.16,76,73.7,75.63,74.8,74.03,58311,43.88,"28-Aug-2026",632,"",""
"2854","SILINV","EQ",484,497,473.3,490.05,490,478.1,4839,23.63,"28-Aug-2026",223,"",""
"2855","SILKFLEX","SM",246,251.85,240,242.55,243.95,241.8,49000,121.15,"28-Aug-2026",46,"",""
"2856","SILKY","SM",65.2,69.1,65,66.55,67.95,69,18400,12.27,"28-Aug-2026",18,"",""
"2857","SILLYMONKS","EQ",15.6,16.39,15.42,16.01,16.03,15.5,33584,5.31,"28-Aug-2026",118,"",""
"2858","SILVER","EQ",233.01,241.9,230.64,240.63,240.33,236.56,879171,2105.25,"28-Aug-2026",8016,"",""
"2859","SILVER001","EQ",24,24.89,23.2,24.4,24.4,23.91,25737,6.26,"28-Aug-2026",124,"",""
"2860","SILVER1","EQ",23.4,23.51,22.85,23.42,23.45,22.97,8045756,1870.46,"28-Aug-2026",5957,"",""
"2861","SILVER360","EQ",232.74,237.5,232.74,236.33,236.05,233.1,11929,28.02,"28-Aug-2026",315,"",""
"2862","SILVERADD","EQ",23.97,23.97,22.4,23.21,23.33,228.41,2029774,468.64,"28-Aug-2026",7166,"",""
"2863","SILVERAG","EQ",230.6,235.66,229.99,234.83,235,230.77,442736,1036.28,"28-Aug-2026",2950,"",""
"2864","SILVERAXIS","EQ",235.4,240.51,235.02,238.97,238.47,235.43,229856,547.74,"28-Aug-2026",1710,"",""
"2865","SILVERBEES","EQ",226.28,231.83,225.42,230.42,230.26,226.37,26759523,61268.78,"28-Aug-2026",63028,"",""
"2866","SILVERBETA","EQ",229,233.97,226.67,232.73,232.72,228.62,439627,1017.18,"28-Aug-2026",4313,"",""
"2867","SILVERBND","EQ",236.93,243.32,236.79,241.36,241.26,236.84,6796,16.34,"28-Aug-2026",180,"",""
"2868","SILVERCASE","EQ",24.52,25.5,23.89,24.49,24.46,23.96,13263373,3228.08,"28-Aug-2026",7576,"",""
"2869","SILVERIETF","EQ",235.01,241.78,235.01,240.53,240.66,236.3,3174454,7586.62,"28-Aug-2026",15272,"",""
"2870","SILVERTUC","EQ",177.52,184,176.5,178.22,178.7,178.58,402133,724.93,"28-Aug-2026",7291,"",""
"2871","SIMBHALS","BZ",8.94,8.94,8.6,8.6,8.6,8.77,18372,1.58,"28-Aug-2026",25,"",""
"2872","SIMCA","ST",258.1,260,255,259.8,259.8,260.25,7800,20.08,"28-Aug-2026",13,"",""
"2873","SIMPLEXINF","EQ",259.5,279.55,258.14,277.59,278.8,258.67,543731,1482.37,"28-Aug-2026",7826,"",""
"2874","SIMPLXREA","EQ",136,136,136,136,136,130.4,3,0,"28-Aug-2026",3,"",""
"2875","SINCLAIR","EQ",80.99,83.02,78.12,81.51,81.9,79.92,80303,65.21,"28-Aug-2026",1246,"",""
"2876","SINDHUTRAD","EQ",24.9,25.45,24.5,24.99,25,24.99,2192076,543.82,"28-Aug-2026",1231,"",""
"2877","SINGERIND","EQ",77.5,80.5,76.61,77.25,77.89,76.96,91302,71.65,"28-Aug-2026",1594,"",""
"2878","SINTERCOM","EQ",79.8,79.8,75.6,79.35,79.35,79.82,1052,0.82,"28-Aug-2026",37,"",""
"2879","SIRCA","EQ",436.9,439.9,433.35,436.3,434.8,435.1,584490,2554.38,"28-Aug-2026",4133,"",""
"2880","SIS","EQ",421.7,436,421.5,431,432,421.7,338084,1454.27,"28-Aug-2026",7814,"",""
"2881","SITINET","BZ",0.27,0.28,0.27,0.28,0.28,0.27,753421,2.1,"28-Aug-2026",156,"",""
"2882","SIYSIL","EQ",561.1,569.95,561.1,567.55,567.1,564.8,23148,130.8,"28-Aug-2026",2056,"",""
"2883","SJLOGISTIC","SM",331,347.95,327,334.35,331.95,331.75,51750,173.21,"28-Aug-2026",120,"",""
"2884","SJS","EQ",2509,2535,2494.5,2509.5,2500.9,2502.5,119639,3007.61,"28-Aug-2026",19499,"",""
"2885","SJVN","EQ",65.45,65.46,64.75,64.88,64.96,65.26,1275895,828.9,"28-Aug-2026",12476,"",""
"2886","SKFINDIA","EQ",1566,1589.4,1565,1571.3,1568,1566,129396,2038.19,"28-Aug-2026",5883,"",""
"2887","SKFINDUS","EQ",2912.6,2960,2888.4,2952.2,2959.6,2891.6,39141,1148.18,"28-Aug-2026",8312,"",""
"2888","SKIPPER","EQ",557.95,559.95,540.3,546.25,545.8,558.1,502418,2773.44,"28-Aug-2026",12735,"",""
"2889","SKMEGGPROD","EQ",265.99,266.39,256.71,257.55,258.8,266.86,218221,569.02,"28-Aug-2026",5097,"",""
"2890","SKP","SM",150,152.1,147.15,147.15,147.15,153,4000,6.01,"28-Aug-2026",8,"",""
"2891","SKYGOLD","EQ",850,850.05,807.2,811.4,812.75,843.05,908866,7439.57,"28-Aug-2026",28531,"",""
"2892","SKYTECH","ST",54.5,54.5,54.5,54.5,54.5,57.35,1600,0.87,"28-Aug-2026",1,"",""
"2893","SLONE","ST",166.9,172,166.9,172,172,166.9,1600,2.72,"28-Aug-2026",4,"",""
"2894","SMALL250","EQ",18.84,18.84,18.53,18.56,18.56,18.47,334042,62,"28-Aug-2026",526,"",""
"2895","SMALLADD","EQ",18.54,18.65,18.54,18.63,18.63,18.56,7883,1.47,"28-Aug-2026",72,"",""
"2896","SMALLCAP","EQ",49.12,49.34,49.09,49.15,49.16,49.11,1760899,866.8,"28-Aug-2026",2862,"",""
"2897","SMALLGROWW","EQ",50.17,50.17,49.04,49.43,49.45,50.52,30398,15.03,"28-Aug-2026",201,"",""
"2898","SMALLIETF","EQ",18.56,18.62,18.43,18.58,18.62,18.51,79846,14.81,"28-Aug-2026",149,"",""
"2899","SMARTEN","ST",60,61,56.9,59.8,59.8,59.35,25200,14.78,"28-Aug-2026",18,"",""
"2900","SMARTLINK","BE",220.27,227,220.27,227,227,220.27,1810,4.05,"28-Aug-2026",32,"",""
"2901","SMARTWORKS","EQ",537.55,542,533.75,538.75,542,540.6,18490,99.4,"28-Aug-2026",1792,"",""
"2902","SMCGLOBAL","EQ",78.77,80.28,77.66,79.2,79.49,78.61,350990,276.67,"28-Aug-2026",1788,"",""
"2903","SML100CASE","EQ",11.5,11.5,11.39,11.42,11.43,11.41,1031488,117.89,"28-Aug-2026",1109,"",""
"2904","SMLMAH","EQ",5242,5295,5171,5186.5,5185,5194,36373,1897.64,"28-Aug-2026",6191,"",""
"2905","SMLT","EQ",67.27,67.5,66,67.1,66.95,67.6,2189,1.47,"28-Aug-2026",141,"",""
"2906","SMSPHARMA","EQ",363.15,363.15,349.25,355.55,356.95,362.45,133244,474.4,"28-Aug-2026",3513,"",""
"2907","SNEHAA","SM",42.1,43.9,42.1,42.5,42.5,43.9,5000,2.16,"28-Aug-2026",5,"",""
"2908","SNOWMAN","EQ",36.55,38.2,36.55,37.66,37.81,36.85,190525,71.72,"28-Aug-2026",1761,"",""
"2909","SNXT30BEES","EQ",43.21,43.34,43,43.13,43.34,43.23,3111,1.34,"28-Aug-2026",61,"",""
"2910","SNXT50BETA","EQ",96.85,97,95.85,96.24,96.24,96.85,994,0.96,"28-Aug-2026",73,"",""
"2911","SOBHA","EQ",1283.2,1283.2,1265.3,1270.2,1268.1,1273.9,42616,543.1,"28-Aug-2026",5824,"",""
"2912","SOCL","SM",28.6,29.9,28.6,29.8,29.9,29.5,11200,3.27,"28-Aug-2026",7,"",""
"2913","SOFTTECH","EQ",419.5,422,416,417.4,420,419.4,11674,48.77,"28-Aug-2026",113,"",""
"2914","SOLARA","EQ",613,634.4,610.3,623.7,623,611.85,192812,1204.72,"28-Aug-2026",9346,"",""
"2915","SOLARINDS","EQ",20645,20672,20247,20400,20400,20580,128635,26354.82,"28-Aug-2026",22566,"",""
"2916","SOLARWORLD","EQ",150,150,146.51,148.75,148.06,147.96,132148,195.63,"28-Aug-2026",2551,"",""
"2917","SOLEX","EQ",767.3,772.2,757,759.6,761,762,17022,129.7,"28-Aug-2026",2012,"",""
"2918","SOMANYCERA","EQ",560,568.6,553.8,564.5,565.1,556.6,184392,1040.19,"28-Aug-2026",6525,"",""
"2919","SOMATEX","EQ",80,82.8,76.76,77.16,78.11,80.8,18586,14.48,"28-Aug-2026",371,"",""
"2920","SOMICONVEY","EQ",90.63,94.49,90.1,91.58,91.02,91.28,11707,10.81,"28-Aug-2026",574,"",""
"2921","SONACOMS","EQ",822.75,824.6,803.05,815,815,819,1696565,13773.17,"28-Aug-2026",43343,"",""
"2922","SONAMAC","SM",31.7,33.2,31.35,32.6,31.35,32,9000,2.88,"28-Aug-2026",8,"",""
"2923","SONAMLTD","EQ",64.8,74.6,63.6,73.17,73,63.24,1074944,766.07,"28-Aug-2026",6051,"",""
"2924","SONATSOFTW","EQ",290.5,305.45,289.7,304.6,303.95,289.5,2110765,6348.37,"28-Aug-2026",38008,"",""
"2925","SONUINFRA","ST",33.3,34.95,33.3,34.95,34.95,34.95,4500,1.52,"28-Aug-2026",3,"",""
"2926","SOTL","EQ",688,701.9,681.25,693.2,692.05,679.45,179883,1247.71,"28-Aug-2026",6687,"",""
"2927","SOUTHBANK","EQ",45.75,46.22,45.3,45.37,45.41,45.73,3557940,1623.43,"28-Aug-2026",12497,"",""
"2928","SOUTHWEST","EQ",208.54,210,206.47,209.06,208.98,206.89,71117,148.37,"28-Aug-2026",2045,"",""
"2929","SPAL","EQ",980,1049.9,980,1022,1021,952.95,789999,8016.14,"28-Aug-2026",39007,"",""
"2930","SPANDANA","EQ",242.85,246.2,241,244.3,243,242.85,72380,175.92,"28-Aug-2026",2045,"",""
"2931","SPARC","EQ",194.98,209.9,194.61,207.71,208,194.98,2167701,4446.49,"28-Aug-2026",29986,"",""
"2932","SPCENET","EQ",3.38,3.39,3.31,3.32,3.33,3.34,329202,10.99,"28-Aug-2026",391,"",""
"2933","SPCL","SM",61.55,63.95,61.55,62.15,62,61.85,6000,3.75,"28-Aug-2026",10,"",""
"2934","SPCON","SM",150,150,150,150,150,153,1200,1.8,"28-Aug-2026",1,"",""
"2935","SPECIALITY","BE",144.96,146,141,143.87,141.36,144.96,18410,26.37,"28-Aug-2026",156,"",""
"2936","SPECTRUM","BE",2129.8,2150,2050,2116.9,2134.8,2106.6,5329,112.32,"28-Aug-2026",211,"",""
"2937","SPECTSTM","SM",59.6,60.1,59.6,60,60,62.4,5600,3.36,"28-Aug-2026",7,"",""
"2938","SPELS","EQ",155.39,156.6,150,150.77,151.9,152.01,44406,67.76,"28-Aug-2026",1295,"",""
"2939","SPENCERS","EQ",29.41,30.11,29.3,29.89,29.98,29.71,36202,10.73,"28-Aug-2026",414,"",""
"2940","SPIC","EQ",69.34,69.5,68.65,69.09,69,69.46,214528,148.18,"28-Aug-2026",2005,"",""
"2941","SPLIL","EQ",34.15,34.99,33,33.13,33.17,34.08,12759,4.29,"28-Aug-2026",113,"",""
"2942","SPLPETRO","EQ",692.85,717,691.95,700.85,698,692,199388,1408.45,"28-Aug-2026",16553,"",""
"2943","SPMLINFRA","EQ",179.5,185,178.32,179.88,179.95,180,182511,331,"28-Aug-2026",2643,"",""
"2944","SPORTKING","EQ",229.13,229.13,222,222.94,222.02,227.26,172545,387.28,"28-Aug-2026",4294,"",""
"2945","SPPPOLY","SM",12.5,12.5,12.5,12.5,12.5,12.05,2000,0.25,"28-Aug-2026",1,"",""
"2946","SPRL","SM",102.5,102.5,102.5,102.5,102.5,102.5,32000,32.8,"28-Aug-2026",1,"",""
"2947","SPUNWEB","SM",101,101,100,101,101,101.25,12000,12.08,"28-Aug-2026",6,"",""
"2948","SRD","EQ",40.09,40.28,39.82,40.24,40.26,39.62,6863,2.75,"28-Aug-2026",66,"",""
"2949","SREEL","EQ",269.39,269.39,242.95,249.48,249,263.24,35722,90.4,"28-Aug-2026",864,"",""
"2950","SRF","EQ",2605,2615,2582,2589.9,2589.9,2605,150532,3906.51,"28-Aug-2026",21168,"",""
"2951","SRGHFL","EQ",260.05,260.05,253.5,254.9,255,260,1365,3.49,"28-Aug-2026",29,"",""
"2952","SRHHYPOLTD","EQ",472.8,480.45,468.05,473.95,474.8,468.75,7101,33.56,"28-Aug-2026",351,"",""
"2953","SRIKPRIND","EQ",20.24,21.4,20.24,20.99,21,20.65,5608,1.18,"28-Aug-2026",24,"",""
"2954","SRIVASAVI","ST",74.65,75.3,74.65,75.2,75.2,75.1,7000,5.26,"28-Aug-2026",7,"",""
"2955","SRM","EQ",443.2,463,438.4,459.35,458,446.25,153387,691.92,"28-Aug-2026",6242,"",""
"2956","SRTL","EQ",38.61,39.2,37.6,37.94,38.29,38.98,68538,26.18,"28-Aug-2026",451,"",""
"2957","SSDL","EQ",55.65,58.67,55.65,57.18,57.84,56.33,29370,16.81,"28-Aug-2026",520,"",""
"2958","SSEGL","SM",405,425.9,405,415.95,419,407.75,40600,168.58,"28-Aug-2026",114,"",""
"2959","SSFL","ST",253,257,250,250,250,252.85,3000,7.64,"28-Aug-2026",6,"",""
"2960","SSWL","EQ",292.25,297.2,289.5,295.5,295.7,292.45,438993,1285.99,"28-Aug-2026",7627,"",""
"2961","STALLION","BE",216,219.5,210.3,213.55,211.3,215.65,521491,1117.03,"28-Aug-2026",5337,"",""
"2962","STANLEY","EQ",138.98,139.19,137.22,137.39,137.24,137.98,54306,74.83,"28-Aug-2026",1340,"",""
"2963","STAR","EQ",984,1026.5,982.1,1019.9,1018.4,983,435651,4376.75,"28-Aug-2026",16784,"",""
"2964","STARCEMENT","EQ",190.99,191.98,185.3,187.79,187,188.68,336872,631.42,"28-Aug-2026",8744,"",""
"2965","STARHEALTH","EQ",586.1,586.1,571.5,573.5,573,586.1,123282,709.8,"28-Aug-2026",12743,"",""
"2966","STARPAPER","EQ",145,155.8,145,153,153,148.97,26616,40.35,"28-Aug-2026",247,"",""
"2967","STARTECK","EQ",256.55,258.65,251.25,253.45,251.25,256.65,284,0.72,"28-Aug-2026",43,"",""
"2968","STCINDIA","EQ",117.6,118.5,116.21,116.88,117.05,117.48,14173,16.63,"28-Aug-2026",334,"",""
"2969","STEELCAS","EQ",338,349,338,342.3,343,339.85,51899,177.63,"28-Aug-2026",1705,"",""
"2970","STEELCITY","EQ",85.3,86.78,83.59,84.16,84.25,86.2,15673,13.32,"28-Aug-2026",186,"",""
"2971","STEELXIND","EQ",10.65,10.75,10.5,10.65,10.64,10.66,987877,104.59,"28-Aug-2026",1527,"",""
"2972","STEL","EQ",622.85,645,617.75,636.9,628.1,622.6,5706,36,"28-Aug-2026",330,"",""
"2973","STERTOOLS","BE",219.55,222,218,219.95,221,222.15,11552,25.38,"28-Aug-2026",278,"",""
"2974","STLNETWORK","EQ",26.09,27.28,25.7,27.28,27.28,25.99,1971600,531.89,"28-Aug-2026",2778,"",""
"2975","STLSTRINF","EQ",19.5,20.8,17.54,18.99,18.99,19.46,269,0.05,"28-Aug-2026",12,"",""
"2976","STLTECH","BE",700,728.6,699,723.75,728.5,695.85,2106053,15143.04,"28-Aug-2026",90349,"",""
"2977","STOVEKRAFT","EQ",815,815,790.8,797.5,799.5,809.05,54115,432.45,"28-Aug-2026",3916,"",""
"2978","STRIDERS","SM",64.45,64.45,64.45,64.45,64.45,64.45,1600,1.03,"28-Aug-2026",1,"",""
"2979","STUDDS","EQ",448.85,452.95,440.05,450,450,450.25,18936,85.28,"28-Aug-2026",1142,"",""
"2980","STUDIOLSD","SM",9,9,8.9,8.9,8.9,9.05,4000,0.36,"28-Aug-2026",2,"",""
"2981","STYL","EQ",399,414,398.75,402.1,400,399.95,130545,531.13,"28-Aug-2026",4881,"",""
"2982","STYLAMIND","EQ",3480,3520,3440,3507.5,3509.3,3471,22172,773.94,"28-Aug-2026",5241,"",""
"2983","STYLEBAAZA","EQ",406,413.65,400,410.8,412.55,401.95,2708270,10950.3,"28-Aug-2026",11413,"",""
"2984","STYRENIX","EQ",2027.3,2065.3,2009.3,2020.8,2017,2018.2,44371,901.66,"28-Aug-2026",4074,"",""
"2985","SUBAHOTELS","SM",101.55,106.8,101.55,105.8,104.8,104.55,9600,10,"28-Aug-2026",8,"",""
"2986","SUBEXLTD","EQ",17.9,18.49,17.8,18.13,18.05,17.95,2555948,464.42,"28-Aug-2026",4306,"",""
"2987","SUBROS","EQ",728.6,733.05,718,726.2,725,728.9,39584,287.31,"28-Aug-2026",2355,"",""
"2988","SUDARCOLOR","EQ",379.6,394.95,379.6,390.35,387.15,379.65,4927,19.21,"28-Aug-2026",285,"",""
"2989","SUDARSCHEM","EQ",1250,1264.7,1232.1,1256.9,1260,1252.8,234717,2928.89,"28-Aug-2026",20072,"",""
"2990","SUDEEPPHRM","EQ",1135,1171.65,1106,1152.1,1157.2,1134.1,176989,2016.5,"28-Aug-2026",8338,"",""
"2991","SUKHJITS","EQ",162.3,162.3,158.71,159,159,162.32,8220,13.15,"28-Aug-2026",277,"",""
"2992","SULA","EQ",147.21,149.02,146.54,147.58,148.5,146.92,172404,254.87,"28-Aug-2026",2755,"",""
"2993","SUMEDHA","EQ",39.27,40,39.27,39.27,39.27,39.27,145,0.06,"28-Aug-2026",7,"",""
"2994","SUMEETINDS","EQ",13,13.15,12.6,12.68,12.75,12.99,1624681,208.1,"28-Aug-2026",1310,"",""
"2995","SUMICHEM","EQ",528.95,528.95,517.5,517.85,518.45,525,76606,398.82,"28-Aug-2026",4496,"",""
"2996","SUMIT","EQ",51.49,52.5,50.71,51.72,52.1,51.53,31181,16.06,"28-Aug-2026",664,"",""
"2997","SUMMITSEC","EQ",1424.5,1445.7,1410.1,1421,1427,1420.7,1462,20.84,"28-Aug-2026",340,"",""
"2998","SUN-RE","ST",1,1,1,1,1,1.1,33600,0.34,"28-Aug-2026",20,"",""
"2999","SUNCLAY","EQ",1261.4,1321.8,1259.4,1280.5,1290,1272.2,9128,117.78,"28-Aug-2026",830,"",""
"3000","SUNDARAM","EQ",1.23,1.28,1.2,1.27,1.27,1.23,783863,9.77,"28-Aug-2026",349,"",""
"3001","SUNDARMFIN","EQ",4636.9,4646.9,4545.5,4574.4,4582.6,4636.9,46286,2119.5,"28-Aug-2026",9390,"",""
"3002","SUNDRMBRAK","BE",787,795,778.45,780.45,780.2,787.05,256,2.01,"28-Aug-2026",22,"",""
"3003","SUNDRMFAST","EQ",1225,1225,1196.65,1200,1202.5,1216.2,55523,670.34,"28-Aug-2026",5545,"",""
"3004","SUNDROP","EQ",658.45,660,645.1,652.7,648,655.45,10214,66.91,"28-Aug-2026",432,"",""
"3005","SUNFLAG","EQ",344.8,351.2,344.8,348.25,348.45,344.4,80367,279.38,"28-Aug-2026",1721,"",""
"3006","SUNLITE","SM",525,545.95,500,534.35,536,517,54900,289.33,"28-Aug-2026",170,"",""
"3007","SUNLOC","EQ",70.05,77,70.05,75.93,73,70,1341,1.01,"28-Aug-2026",33,"",""
"3008","SUNPHARMA","EQ",1925,1931,1903.8,1920,1920,1913.3,1140742,21890.38,"28-Aug-2026",65184,"",""
"3009","SUNRAKSHAK","EQ",370,374.15,368.05,373,373,371.1,2388,8.88,"28-Aug-2026",73,"",""
"3010","SUNREST","SM",40.6,40.6,39.6,39.6,39.6,38,6400,2.55,"28-Aug-2026",4,"",""
"3011","SUNSHIEL","EQ",1175.8,1224,1150.1,1179.4,1183,1156.3,1631,19.31,"28-Aug-2026",343,"",""
"3012","SUNSHINE","EQ",369.4,441.7,369,429.75,429.1,368.1,11491099,48190.35,"28-Aug-2026",180065,"",""
"3013","SUNTECH","SM",49.9,53.95,48.1,52.75,53,47.1,144000,73.45,"28-Aug-2026",78,"",""
"3014","SUNTECK","EQ",307.85,309.45,304.65,306,306.35,307.5,77659,237.74,"28-Aug-2026",2106,"",""
"3015","SUNTV","EQ",465,481.2,463.3,474.5,473.8,463.95,1054319,4999.74,"28-Aug-2026",49123,"",""
"3016","SUPERHOUSE","EQ",169.15,177.9,169.15,175.57,174,169.9,3321,5.79,"28-Aug-2026",116,"",""
"3017","SUPERSPIN","BE",6,6.12,6,6.12,6.12,6,11619,0.71,"28-Aug-2026",14,"",""
"3018","SUPRAJIT","EQ",501.2,509.4,501,505.25,507.95,504.05,84894,428.44,"28-Aug-2026",6298,"",""
"3019","SUPREME","EQ",39.9,40,38.67,38.78,38.95,39,17568,6.88,"28-Aug-2026",117,"",""
"3020","SUPREMEENG","BZ",2.78,2.78,2.78,2.78,2.78,2.73,127764,3.55,"28-Aug-2026",67,"",""
"3021","SUPREMEIND","EQ",3615.4,3710,3581.1,3636.9,3636.9,3585,269330,9877.28,"28-Aug-2026",39028,"",""
"3022","SUPREMEINF","EQ",85.6,85.6,83,83.25,84.04,84.99,64331,53.92,"28-Aug-2026",688,"",""
"3023","SUPREMEPWR","SM",231,233,225.25,226.2,225.7,227.4,45500,104.08,"28-Aug-2026",72,"",""
"3024","SUPRIYA","EQ",777.95,808.8,777.95,804.15,804.75,776.35,230999,1843.71,"28-Aug-2026",13703,"",""
"3025","SUPTANERY","BE",14.01,14.01,13.75,14.01,14.01,13.35,346689,48.56,"28-Aug-2026",586,"",""
"3026","SURAJEST","EQ",195,204.01,194.81,198.68,197.9,195.77,175596,347.38,"28-Aug-2026",1877,"",""
"3027","SURAJLTD","EQ",214,216.44,205.1,209.89,209.89,214,1428,3.01,"28-Aug-2026",39,"",""
"3028","SURAKSHA","EQ",335.25,343,331.45,340.2,340,335.4,140946,476.71,"28-Aug-2026",5614,"",""
"3029","SURANASOL","EQ",25.44,25.85,25.32,25.75,25.75,25.45,25054,6.41,"28-Aug-2026",329,"",""
"3030","SURANAT&P","EQ",15.75,16.9,15.65,16.47,16.69,15.91,104413,16.8,"28-Aug-2026",777,"",""
"3031","SURANI","SM",97.45,102.8,95.55,96.95,102.8,97,2800,2.72,"28-Aug-2026",14,"",""
"3032","SURYALA","EQ",382,390,375,378.6,378.5,382.15,266,1.01,"28-Aug-2026",16,"",""
"3033","SURYALAXMI","EQ",58.59,59.97,56,58.05,58.69,57.14,14628,8.53,"28-Aug-2026",83,"",""
"3034","SURYAROSNI","EQ",218.15,223.65,218.15,220.46,220.5,218.41,313345,693.55,"28-Aug-2026",8351,"",""
"3035","SURYODAY","EQ",155.68,156.41,153.68,154.26,154.26,155.68,280837,435.08,"28-Aug-2026",4531,"",""
"3036","SUTLEJTEX","BE",38.51,40.39,38.51,39.3,39.25,38.7,30394,12.04,"28-Aug-2026",112,"",""
"3037","SUVEN","EQ",368,368.3,361.5,364.95,365,368.1,211420,769.73,"28-Aug-2026",6450,"",""
"3038","SUVIDHAA","EQ",2.28,2.31,2.26,2.29,2.3,2.28,50677,1.16,"28-Aug-2026",130,"",""
"3039","SUYOG","EQ",766.5,771,735.1,745.3,745,764.85,17328,129.89,"28-Aug-2026",1347,"",""
"3040","SUZLON","EQ",46.69,47.05,46.5,46.79,46.79,46.81,23944393,11200.86,"28-Aug-2026",54137,"",""
"3041","SVGLOBAL","EQ",129.5,137,121.12,129.71,135,129.5,336,0.45,"28-Aug-2026",121,"",""
"3042","SVLL","BE",785,786,785,785,785,785,594,4.66,"28-Aug-2026",8,"",""
"3043","SVPGLOB","EQ",3.9,3.9,3.65,3.73,3.88,3.75,11390,0.42,"28-Aug-2026",73,"",""
"3044","SWANCORP","EQ",304.15,305.3,296.5,298.15,298.25,303.8,698162,2102.04,"28-Aug-2026",9799,"",""
"3045","SWANDEF","BE",2370,2484,2366,2455.1,2450,2372.1,6471,156.81,"28-Aug-2026",514,"",""
"3046","SWARAJ","BE",368.75,370,362.5,366.4,366.95,368.6,75116,275.2,"28-Aug-2026",420,"",""
"3047","SWARAJENG","EQ",3551.9,3560,3535,3544.8,3541.3,3548.3,3338,118.46,"28-Aug-2026",971,"",""
"3048","SWARNSAR","EQ",35,35,34,34.41,34.5,34.57,530,0.18,"28-Aug-2026",9,"",""
"3049","SWELECTES","EQ",594,606.9,581.8,589.9,598.5,594.2,60628,357.27,"28-Aug-2026",1518,"",""
"3050","SWIGGY","EQ",284.7,284.7,280.1,280.5,280.5,284.7,4825338,13636.69,"28-Aug-2026",50573,"",""
"3051","SWISSMLTRY","EQ",17.2,17.75,16.81,16.96,16.93,17.16,145870,24.95,"28-Aug-2026",388,"",""
"3052","SWSOLAR","EQ",198,201.56,195.01,195.37,195.3,199.15,803620,1585.59,"28-Aug-2026",10202,"",""
"3053","SYLVANPLY","SM",56,58.7,56,58.7,58.7,56,10000,5.76,"28-Aug-2026",5,"",""
"3054","SYMPHONY","EQ",599.05,602.15,590,591.15,590.25,599.05,62907,373.44,"28-Aug-2026",4187,"",""
"3055","SYNCOMF","EQ",17.67,20.38,17.26,19.46,19.65,17.34,57135698,11087.44,"28-Aug-2026",270783,"",""
"3056","SYNGENE","EQ",415,417.9,402.7,403.4,403.75,413.8,293096,1192.94,"28-Aug-2026",12062,"",""
"3057","SYRMA","EQ",1499,1505,1470,1474.3,1474.5,1493.5,404693,5992.47,"28-Aug-2026",21505,"",""
"3058","SYSTANGO","SM",218.6,235,218.6,233.9,232,218.65,53200,120.93,"28-Aug-2026",114,"",""
"3059","SYSTMTXC","BE",58.79,58.79,56.75,57.12,57.9,57.82,3832,2.21,"28-Aug-2026",57,"",""
"3060","TAALTECH","EQ",4438.2,4590,4375.1,4562,4550,4406.4,7719,349.45,"28-Aug-2026",1186,"",""
"3061","TAC","ST",413.1,430,413.1,423.2,422,416.4,26400,110.92,"28-Aug-2026",104,"",""
"3062","TAINWALCHM","EQ",212.68,215.9,210,213,213,212.68,2176,4.63,"28-Aug-2026",72,"",""
"3063","TAJGVK","EQ",343.95,343.95,337.2,340,341.1,341.75,38431,130.61,"28-Aug-2026",1827,"",""
"3064","TAKE","EQ",16.14,16.14,16.14,16.14,16.14,16.98,60299,9.73,"28-Aug-2026",283,"",""
"3065","TALBROAUTO","EQ",407,418.2,398.1,401.35,401,408.65,186335,756.14,"28-Aug-2026",6000,"",""
"3066","TAMBOLIIN","BE",245.1,262,245.1,259.43,260.99,250.95,31480,80.98,"28-Aug-2026",184,"",""
"3067","TANAA","EQ",295.6,299.4,290,293.05,291.1,292.7,8794,25.88,"28-Aug-2026",341,"",""
"3068","TANKUP","ST",1350,1365,1339,1365,1365,1300,5000,67.87,"28-Aug-2026",19,"",""
"3069","TANLA","EQ",532.05,546.45,532.05,544.25,546,531.5,483977,2624.13,"28-Aug-2026",16265,"",""
"3070","TARACHAND","EQ",49.49,49.49,47.55,48.22,49.4,48.59,30912,14.85,"28-Aug-2026",427,"",""
"3071","TARAPUR","EQ",14.96,15.1,14.11,14.43,14.3,14.96,21412,3.1,"28-Aug-2026",131,"",""
"3072","TARC","EQ",117.91,120,117.31,117.9,118,117.53,325384,385.64,"28-Aug-2026",3082,"",""
"3073","TARIL","EQ",304.8,308.45,301.6,303.45,303.5,304.15,729621,2220.56,"28-Aug-2026",14065,"",""
"3074","TARMAT","EQ",60.99,60.99,57.05,58.37,59,59.93,36222,21.28,"28-Aug-2026",641,"",""
"3075","TARSONS","EQ",331.65,337.8,328.3,332.25,333.4,329.4,81322,270.67,"28-Aug-2026",3613,"",""
"3076","TASTYBITE","EQ",9800,10160,9800,10073,10015,9816.5,4271,428.01,"28-Aug-2026",1220,"",""
"3077","TATACAP","EQ",376.1,377.75,372.9,375.7,376,376,1158290,4353.46,"28-Aug-2026",25418,"",""
"3078","TATACHEM","EQ",644.9,674.8,644.5,655.75,655,644.15,1439859,9538.49,"28-Aug-2026",40570,"",""
"3079","TATACOMM","EQ",1685.4,1704,1678.1,1694.7,1697.8,1689.6,205459,3476.34,"28-Aug-2026",14952,"",""
"3080","TATACONSUM","EQ",1047,1047,1030.4,1040.7,1040.7,1042,971764,10066.33,"28-Aug-2026",37300,"",""
"3081","TATAELXSI","EQ",3645,3708,3645,3685,3685,3633.2,303505,11178.24,"28-Aug-2026",25286,"",""
"3082","TATAGOLD","EQ",15.29,15.67,15.07,15.36,15.38,15.29,40398623,6177.82,"28-Aug-2026",59459,"",""
"3083","TATAINVEST","EQ",644,656.4,637.6,638.75,639,642.1,272032,1751.56,"28-Aug-2026",17539,"",""
"3084","TATAPOWER","EQ",352,352.95,349.25,351.85,351.85,352,4301719,15112.55,"28-Aug-2026",48953,"",""
"3085","TATASTEEL","EQ",187.6,188.79,184.08,186.5,186.5,186.8,39370394,73093.68,"28-Aug-2026",123995,"",""
"3086","TATATECH","EQ",800,839.7,796.7,834.35,834.1,799.35,2546795,20955.25,"28-Aug-2026",65247,"",""
"3087","TATSILV","EQ",23.5,23.52,22.39,23.37,23.36,22.97,73180946,16994.81,"28-Aug-2026",43678,"",""
"3088","TATVA","EQ",1589,1660,1588.9,1630,1648,1599.2,29170,472.07,"28-Aug-2026",3936,"",""
"3089","TAURIAN","ST",500.95,520,500.95,518,518,500.95,6400,32.96,"28-Aug-2026",8,"",""
"3090","TBI","SM",71.5,74.45,69.45,70.7,71.1,71.5,66000,47.01,"28-Aug-2026",73,"",""
"3091","TBOTEK","EQ",1680,1717.5,1659.2,1682.7,1684,1696.6,54341,915.32,"28-Aug-2026",7773,"",""
"3092","TBZ","EQ",306,311.25,294.8,301.7,300.7,306.1,998166,3023.16,"28-Aug-2026",16895,"",""
"3093","TCC","EQ",232.95,233.25,218.05,223.25,222.05,231.75,362460,810.08,"28-Aug-2026",9202,"",""
"3094","TCI","EQ",901.35,901.35,883.15,888.1,892,897.3,27292,242.96,"28-Aug-2026",3091,"",""
"3095","TCIEXP","EQ",559,567.1,546.35,555.8,558,558.35,31370,174.69,"28-Aug-2026",2875,"",""
"3096","TCIFINANCE","BE",15.4,15.94,15.12,15.23,15.23,15.4,8490,1.31,"28-Aug-2026",67,"",""
"3097","TCL","SM",137,137,130,132.8,131.85,137.65,52800,69.77,"28-Aug-2026",63,"",""
"3098","TCPLPACK","EQ",3815.4,3871.1,3790,3821.7,3870,3846.4,4466,170.54,"28-Aug-2026",954,"",""
"3099","TCS","EQ",2272,2348.5,2263.3,2342,2342,2248.4,4054069,94377.54,"28-Aug-2026",155502,"",""
"3100","TDPOWERSYS","EQ",748.9,761.9,746.1,752.7,751.6,740.6,955212,7193.16,"28-Aug-2026",32704,"",""
"3101","TEAMGTY","EQ",244.9,244.99,230.2,240.33,240,240.02,2315,5.47,"28-Aug-2026",41,"",""
"3102","TEAMLEASE","EQ",1260,1290,1243,1272.7,1262,1252.7,16630,211.03,"28-Aug-2026",3349,"",""
"3103","TEAMTECH","ST",133.35,140,133.35,140,140,133.35,68000,94.45,"28-Aug-2026",24,"",""
"3104","TECH","EQ",33.23,34.3,33.23,34.05,34,33.22,89007,30.32,"28-Aug-2026",222,"",""
"3105","TECHD","ST",561.95,564.95,550,560,560,550.05,12300,68.63,"28-Aug-2026",38,"",""
"3106","TECHERA","SM",172.85,174.5,165,169.1,169,169.2,53600,91.31,"28-Aug-2026",64,"",""
"3107","TECHLABS","SM",125,125,117,119.5,119.05,122.75,7250,8.7,"28-Aug-2026",51,"",""
"3108","TECHM","EQ",1600,1642,1598,1640.9,1640.9,1585,3415226,55705.52,"28-Aug-2026",94086,"",""
"3109","TECHNOCRAF","EQ",360.95,382.96,360.14,373.83,373.5,358.24,2097019,7801.89,"28-Aug-2026",33968,"",""
"3110","TECHNOE","EQ",998.5,1041.5,992.5,1025.5,1024.1,997.45,272844,2786.67,"28-Aug-2026",20524,"",""
"3111","TECHNVISN","EQ",5023.6,5373.7,5018.9,5373.7,5373.7,5117.9,619,32.93,"28-Aug-2026",147,"",""
"3112","TECILCHEM","EQ",9.98,10.2,8.53,9.58,9.32,9.09,63383,6.06,"28-Aug-2026",219,"",""
"3113","TEGA","EQ",1641.9,1687.1,1616.2,1658.7,1660,1621.4,216658,3580.12,"28-Aug-2026",15116,"",""
"3114","TEJA","SM",259,259,259,259,259,272.6,600,1.55,"28-Aug-2026",1,"",""
"3115","TEJASCARGO","SM",418.95,418.95,410,410,410,399,1200,4.99,"28-Aug-2026",3,"",""
"3116","TEJASNET","EQ",538,576.85,538,550.15,549,511.15,43164679,241881.5,"28-Aug-2026",534714,"",""
"3117","TEMBO","EQ",57.7,59,57.25,58.2,58,57.7,851623,495.86,"28-Aug-2026",2624,"",""
"3118","TEMPSENS","EQ",634,634.85,551.15,586.65,590.6,300,51084119,303631.98,"28-Aug-2026",821540,"",""
"3119","TENNIND","EQ",546.3,547.4,535.8,537.5,538.25,541.4,682567,3688.96,"28-Aug-2026",18923,"",""
"3120","TERAI","EQ",113.95,124.8,113.5,115,115,125.9,77,0.09,"28-Aug-2026",14,"",""
"3121","TERASOFT","EQ",301.35,307.75,295.3,297.8,300.65,301.35,21083,63.36,"28-Aug-2026",1058,"",""
"3122","TEXINFRA","EQ",111.34,113,111,111.41,111.1,110.55,67121,74.91,"28-Aug-2026",593,"",""
"3123","TEXMOPIPES","EQ",47.01,47.5,46.05,46.24,46.05,46.95,20451,9.52,"28-Aug-2026",287,"",""
"3124","TEXRAIL","EQ",109.99,112.64,108.8,109.44,109.6,108.43,2601407,2866.65,"28-Aug-2026",20041,"",""
"3125","TFCILTD","EQ",142,144.62,139.55,140.54,140.95,141.84,8389884,11902.59,"28-Aug-2026",24945,"",""
"3126","TFL","EQ",12.45,12.85,11.62,12.46,12.85,12.07,12439,1.54,"28-Aug-2026",84,"",""
"3127","TGBHOTELS","EQ",9.11,9.69,9.08,9.4,9.6,9.15,25001,2.32,"28-Aug-2026",74,"",""
"3128","TGL","ST",16.25,16.25,16.25,16.25,16.25,15.5,12600,2.05,"28-Aug-2026",17,"",""
"3129","TGVSL","EQ",105.69,106.04,103.75,105.24,105.5,104.96,122911,128.61,"28-Aug-2026",2940,"",""
"3130","THACKER","BE",1000,1011,998,999.6,998,1050,33,0.33,"28-Aug-2026",15,"",""
"3131","THANGAMAYL","EQ",5502,5563.5,5373.5,5440.5,5430,5502,280954,15278,"28-Aug-2026",18193,"",""
"3132","THEINVEST","EQ",94.96,97,94.52,95,95.01,94.96,2303,2.21,"28-Aug-2026",105,"",""
"3133","THEJO","EQ",2103.9,2114.9,2052.3,2060.6,2056,2093.6,30486,632.34,"28-Aug-2026",642,"",""
"3134","THELEELA","EQ",551.5,560.95,547.55,555.25,552.15,553.8,455524,2531.84,"28-Aug-2026",24543,"",""
"3135","THEMISMED","EQ",127.03,128.01,124.36,125.48,126.4,126.15,76736,96.25,"28-Aug-2026",863,"",""
"3136","THERMAX","EQ",3998.9,3998.9,3934.4,3944.2,3952,3962.7,35970,1419.7,"28-Aug-2026",12334,"",""
"3137","THOMASCOOK","EQ",110,111.35,108,108.43,108.35,110.06,841847,918.38,"28-Aug-2026",11241,"",""
"3138","THOMASCOTT","EQ",279.9,285,270,277.25,276.35,279.6,50583,138.52,"28-Aug-2026",1753,"",""
"3139","THYROCARE","EQ",581.45,589.1,579,584.35,588,581.45,170008,992.19,"28-Aug-2026",11887,"",""
"3140","TI","EQ",556.1,574,553,567.2,565.8,557.8,411373,2332.57,"28-Aug-2026",14461,"",""
"3141","TICL","BE",9.59,9.6,9.03,9.09,9.3,9.5,121014,11.13,"28-Aug-2026",237,"",""
"3142","TIGERLOGS","EQ",30.09,30.39,29,29.45,29.01,30.09,92798,27.63,"28-Aug-2026",439,"",""
"3143","TIIL","EQ",3336,3420,3259.8,3292.6,3295,3328.1,36436,1216.2,"28-Aug-2026",5689,"",""
"3144","TIINDIA","EQ",2870,2885.7,2831.5,2840,2840,2870,123842,3523.87,"28-Aug-2026",21980,"",""
"3145","TIJARIA","EQ",5.93,6.3,5.7,6.02,6.05,5.92,124221,7.4,"28-Aug-2026",242,"",""
"3146","TIL","BE",240.55,241,236.9,239.25,237.2,240.55,67753,161.44,"28-Aug-2026",336,"",""
"3147","TIMETECHNO","EQ",185.67,189.79,185.31,186.29,186.01,185.67,2984174,5590.39,"28-Aug-2026",18947,"",""
"3148","TIMEX","EQ",630.8,657,629,653.75,656,624.05,384200,2481.59,"28-Aug-2026",18412,"",""
"3149","TIMKEN","EQ",3192,3207.2,3142.4,3149.8,3146,3183.4,32308,1029.47,"28-Aug-2026",7402,"",""
"3150","TINNARUBR","EQ",1008.4,1015.8,995.1,996.1,995.1,998.4,22357,224.16,"28-Aug-2026",1836,"",""
"3151","TIPSFILMS","EQ",339.9,343.5,333,334.3,333.1,342.15,10675,36.09,"28-Aug-2026",524,"",""
"3152","TIPSMUSIC","EQ",660,660.25,644.05,648.05,648,660,191676,1248.32,"28-Aug-2026",11091,"",""
"3153","TIRUMALCHM","EQ",159.58,164.86,158.65,160.32,160.5,159.58,2119773,3441.58,"28-Aug-2026",21689,"",""
"3154","TIRUPATIFL","BE",68.5,70.5,68.5,69.78,70,68.12,163847,114.34,"28-Aug-2026",690,"",""
"3155","TITAGARH","EQ",831,843.4,826.8,835.35,838,831.15,225348,1885.24,"28-Aug-2026",10513,"",""
"3156","TITAN","EQ",5155,5169.9,5136,5169.2,5169.2,5139.3,547804,28221.1,"28-Aug-2026",39225,"",""
"3157","TMB","EQ",887.2,897,882.35,886.05,882.5,893.85,80734,718.5,"28-Aug-2026",7093,"",""
"3158","TMCV","EQ",474.75,474.85,462.65,466.3,467.1,473.1,6189661,28885.92,"28-Aug-2026",76180,"",""
"3159","TMPV","EQ",317.5,319.4,313.3,319.4,319.4,316,5852894,18501.38,"28-Aug-2026",53789,"",""
"3160","TNIDETF","EQ",92.39,92.39,91.02,91.78,91.86,90.97,59301,54.44,"28-Aug-2026",477,"",""
"3161","TNPETRO","EQ",109.47,112.39,109,111.37,111.7,109.12,251558,279.44,"28-Aug-2026",4940,"",""
"3162","TNPL","EQ",140.12,141.79,139.65,141.22,141.3,139.91,50860,71.57,"28-Aug-2026",1106,"",""
"3163","TNTELE","EQ",9.13,9.13,8.91,8.95,8.96,8.91,15400,1.38,"28-Aug-2026",45,"",""
"3164","TOKYOPLAST","EQ",76,77.25,76,77.24,77.24,77.25,210,0.16,"28-Aug-2026",4,"",""
"3165","TOLINS","EQ",97,97,94.52,95,95,95.29,27319,26.08,"28-Aug-2026",656,"",""
"3166","TOP100CASE","EQ",10.7,10.7,10.62,10.67,10.68,10.65,911422,97.14,"28-Aug-2026",967,"",""
"3167","TOP10ADD","EQ",88.32,88.35,87.91,88.08,87.91,87.89,29570,26.06,"28-Aug-2026",255,"",""
"3168","TOP15IETF","EQ",9.89,9.98,9.88,9.94,9.95,9.91,281362,27.86,"28-Aug-2026",215,"",""
"3169","TOP20","EQ",8.95,9.01,8.95,8.98,9,8.95,44084,3.96,"28-Aug-2026",115,"",""
"3170","TORNTPHARM","EQ",5000,5050,4967,5050,5050,4999,184156,9219.89,"28-Aug-2026",19513,"",""
"3171","TORNTPOWER","EQ",1237.4,1237.4,1212.6,1217.7,1223,1230.1,213261,2602,"28-Aug-2026",23733,"",""
"3172","TOTAL","EQ",70,72,68.54,70.77,71.9,69.57,20945,14.71,"28-Aug-2026",244,"",""
"3173","TOUCHWOOD","EQ",61,61.9,59,60.69,60.69,61,2680,1.63,"28-Aug-2026",79,"",""
"3174","TOYAMSL","EQ",0.63,0.64,0.61,0.63,0.64,0.62,621993,3.91,"28-Aug-2026",183,"",""
"3175","TPHQ","BE",0.54,0.55,0.52,0.53,0.53,0.54,1139630,6.02,"28-Aug-2026",448,"",""
"3176","TPLPLASTEH","EQ",78.02,78.39,72.9,73.4,73.9,77.44,258779,192.3,"28-Aug-2026",2679,"",""
"3177","TRACXN","EQ",29.8,30.24,29.52,29.76,29.71,30.06,85210,25.57,"28-Aug-2026",752,"",""
"3178","TRANSCOR","EQ",25.5,25.8,24,24.7,25.3,25.95,4184,1.03,"28-Aug-2026",59,"",""
"3179","TRANSPEK","BE",1360,1378.7,1323,1370.3,1369,1336.2,1173,15.94,"28-Aug-2026",80,"",""
"3180","TRANSRAILL","EQ",458,458.95,452.05,452.75,453.4,458.5,359968,1631.1,"28-Aug-2026",15691,"",""
"3181","TRANSTEEL","SM",91.95,91.95,80.75,81.55,80.75,89.15,197000,165.54,"28-Aug-2026",116,"",""
"3182","TRANSWORLD","BE",180.33,180.33,176.73,176.73,176.73,180.33,2836,5.02,"28-Aug-2026",34,"",""
"3183","TRAVELFOOD","EQ",1333,1336.6,1290,1297.7,1300,1333.9,54197,708.29,"28-Aug-2026",6163,"",""
"3184","TREEHOUSE","EQ",6.28,6.33,6.1,6.27,6.28,6.28,5340,0.33,"28-Aug-2026",55,"",""
"3185","TREJHARA","EQ",151.8,151.88,143.15,144.2,144.96,149.89,21578,31.63,"28-Aug-2026",457,"",""
"3186","TREL","EQ",26.51,27.5,26.51,27.18,27.37,26.49,166860,45.21,"28-Aug-2026",2363,"",""
"3187","TRENT","EQ",2890.4,2911.2,2875.8,2898,2898,2878.5,469911,13619.61,"28-Aug-2026",33099,"",""
"3188","TRF","EQ",230.83,231.67,228,229.48,230,229.22,4996,11.51,"28-Aug-2026",186,"",""
"3189","TRIDENT","EQ",24.4,24.48,24.27,24.32,24.35,24.38,1788468,435.4,"28-Aug-2026",8699,"",""
"3190","TRIDHYA","ST",8.1,8.1,8.1,8.1,8.1,8.5,6000,0.49,"28-Aug-2026",2,"",""
"3191","TRIGYN","EQ",59.45,64.82,59,62.85,62.7,60.09,221932,141.08,"28-Aug-2026",2303,"",""
"3192","TRITONV","EQ",1140.2,1160.1,1126.2,1148.5,1150,1144.9,1875,21.42,"28-Aug-2026",276,"",""
"3193","TRITURBINE","EQ",588.1,592.95,578,580.3,581.2,583.45,270490,1573.26,"28-Aug-2026",16784,"",""
"3194","TRIVENI","EQ",285.3,287.93,279.42,283.82,284,282.21,792373,2245.09,"28-Aug-2026",17171,"",""
"3195","TROM","SM",55,55,53.2,53.4,53.4,54,7200,3.88,"28-Aug-2026",12,"",""
"3196","TRU","EQ",4.15,4.15,3.96,4.12,4.13,4.04,209566,8.46,"28-Aug-2026",618,"",""
"3197","TRUALT","EQ",434,438.6,430.85,434.15,437,433.85,69662,302.19,"28-Aug-2026",2558,"",""
"3198","TRUST","SM",32.6,33,28,28.55,28,30.95,18600,5.58,"28-Aug-2026",23,"",""
"3199","TSC","ST",45.1,45.1,45,45,45,46.5,4000,1.8,"28-Aug-2026",2,"",""
"3200","TSFINV","EQ",404.95,409.95,403,407.2,406.3,404.2,40490,164.51,"28-Aug-2026",2189,"",""
"3201","TTKHLTCARE","EQ",1087.9,1150.9,1081,1134.2,1128.5,1080.2,75111,847.38,"28-Aug-2026",7565,"",""
"3202","TTKPRESTIG","EQ",606.9,610.95,592,593.7,598,606.9,31260,186.56,"28-Aug-2026",3094,"",""
"3203","TTL","EQ",6.53,6.8,6.41,6.66,6.8,6.53,152997,10.06,"28-Aug-2026",343,"",""
"3204","TTML","EQ",36.46,40.5,36.44,38.84,39,36.46,50962825,20072.71,"28-Aug-2026",103945,"",""
"3205","TUNWAL","SM",26,26,25.55,25.8,25.8,25.55,36000,9.27,"28-Aug-2026",17,"",""
"3206","TURTLEMINT","EQ",153.62,160,148,152.65,152.5,153.64,3794826,5877.33,"28-Aug-2026",40796,"",""
"3207","TUTIALKA","EQ",60,61.73,59.06,59.47,59.98,59.04,12125,7.23,"28-Aug-2026",173,"",""
"3208","TVSELECT","EQ",444,444,435.25,437.4,439.95,443.05,27147,118.95,"28-Aug-2026",1230,"",""
"3209","TVSHLTD","EQ",13435,13587,13361,13450,13410,13434,3931,528.97,"28-Aug-2026",1440,"",""
"3210","TVSMOTOR","EQ",4409.8,4425,4161.5,4304.2,4304.2,4409.8,2654527,112975.9,"28-Aug-2026",198109,"",""
"3211","TVSSCS","EQ",131.09,133.66,130.3,131.56,131,130.79,884652,1166.56,"28-Aug-2026",10606,"",""
"3212","TVSSRICHAK","EQ",5251.4,5314.8,5155.3,5292.3,5301,5244.5,20685,1084.72,"28-Aug-2026",3642,"",""
"3213","TVTODAY","EQ",112.1,114.7,111.13,112.04,111.5,113.13,50189,56.47,"28-Aug-2026",1987,"",""
"3214","TVVISION","BE",3.8,3.8,3.46,3.58,3.6,3.63,27802,0.97,"28-Aug-2026",55,"",""
"3215","TWCGOLDETF","EQ",156.6,158.25,155.15,157.6,157.17,156.6,6880,10.79,"28-Aug-2026",137,"",""
"3216","UBL","EQ",1343,1345.2,1330,1334.1,1335,1346.6,36542,488.22,"28-Aug-2026",5923,"",""
"3217","UCAL","BE",155.15,163.8,150,156.73,156.2,156.15,41468,65.71,"28-Aug-2026",418,"",""
"3218","UCOBANK","EQ",25.55,25.71,25.35,25.48,25.5,25.49,3624254,925.79,"28-Aug-2026",11694,"",""
"3219","UDAYJEW","EQ",142.85,144.75,130.2,137.96,137.96,143.28,1601,2.26,"28-Aug-2026",32,"",""
"3220","UDS","EQ",222,224.62,221,222.48,222.5,221.82,137777,306.74,"28-Aug-2026",4813,"",""
"3221","UEL","EQ",189.33,189.33,189.33,189.33,189.33,180.32,2841,5.38,"28-Aug-2026",43,"",""
"3222","UFBL","BE",735.1,767,722.35,763.8,765.2,740.25,61968,462.32,"28-Aug-2026",2068,"",""
"3223","UFLEX","EQ",635,658.85,631,634.35,634,631,292297,1872.96,"28-Aug-2026",8084,"",""
"3224","UFO","EQ",66.27,69.6,64.55,66.49,66.99,65.54,54139,36.02,"28-Aug-2026",979,"",""
"3225","UGARSUGAR","EQ",50.9,55.87,50.41,54.13,55,50.7,801341,424.58,"28-Aug-2026",6156,"",""
"3226","UGROCAP","EQ",87.22,88.5,86.51,86.96,87,87.22,190255,166.24,"28-Aug-2026",1634,"",""
"3227","UHTL","ST",143.6,143.6,143.6,143.6,143.6,140.8,24000,34.46,"28-Aug-2026",4,"",""
"3228","UJJIVANSFB","EQ",68.7,69.23,67.6,67.85,67.79,68.57,6875259,4694.23,"28-Aug-2026",33424,"",""
"3229","ULTRACEMCO","EQ",11705,11746,11523,11589,11589,11717,235738,27288.04,"28-Aug-2026",27946,"",""
"3230","ULTRAMAR","EQ",426.65,429,406.8,411.3,412,423.3,103267,428.59,"28-Aug-2026",3391,"",""
"3231","UMA","SM",19.5,19.75,17.3,19.05,19.05,17,64000,12.21,"28-Aug-2026",16,"",""
"3232","UMAEXPORTS","BE",26.33,26.5,26.33,26.47,26.47,26.06,12367,3.27,"28-Aug-2026",40,"",""
"3233","UMESLTD","EQ",5.5,5.5,4.8,5.3,5.45,5.14,29979,1.56,"28-Aug-2026",157,"",""
"3234","UMIYA-MRO","EQ",88.63,96,88.16,94.64,94.95,88.68,58425,55.28,"28-Aug-2026",517,"",""
"3235","UNICHEMLAB","EQ",542.85,570,535,564.25,565.95,539.75,330176,1848.22,"28-Aug-2026",12615,"",""
"3236","UNIDT","BE",212.63,219.8,204.2,215.51,219.7,212.63,4084,8.62,"28-Aug-2026",76,"",""
"3237","UNIECOM","EQ",84.1,89,83.91,87.18,87.5,84,307248,264.55,"28-Aug-2026",2633,"",""
"3238","UNIENTER","EQ",96.04,96.95,92.74,94.1,94.66,96.04,4514,4.27,"28-Aug-2026",108,"",""
"3239","UNIHEALTH","SM",708,721.95,700,717.95,717.95,707.15,6500,46.32,"28-Aug-2026",13,"",""
"3240","UNIINFO","EQ",10.92,10.97,10.43,10.97,10.97,10.97,959,0.1,"28-Aug-2026",17,"",""
"3241","UNIMECH","EQ",1498,1511.7,1482.5,1503.1,1507,1485.4,99475,1492.12,"28-Aug-2026",7579,"",""
"3242","UNIONBANK","EQ",184.7,186.31,184.09,186,186,184.5,3617223,6697.1,"28-Aug-2026",29351,"",""
"3243","UNIONGOLD","EQ",153.1,155.45,151.15,155.3,155.4,153.1,5872,9.08,"28-Aug-2026",103,"",""
"3244","UNIPARTS","EQ",817.4,879.8,813.05,873.15,877.25,808.3,467444,3999.45,"28-Aug-2026",22529,"",""
"3245","UNITDSPR","EQ",1526,1540,1497.7,1510,1510,1522,612774,9227.55,"28-Aug-2026",21886,"",""
"3246","UNITECH","EQ",3.95,3.97,3.88,3.9,3.94,3.92,3787223,148.89,"28-Aug-2026",1736,"",""
"3247","UNITEDPOLY","EQ",37.44,39.5,37.11,38.8,39,37.44,165582,64.21,"28-Aug-2026",474,"",""
"3248","UNITEDTEA","EQ",458.85,458.85,451,454,456.9,454.9,357,1.62,"28-Aug-2026",30,"",""
"3249","UNIVASTU","BE",154.5,162,154.1,160.48,161.9,156.88,35408,56.43,"28-Aug-2026",363,"",""
"3250","UNIVCABLES","EQ",1610,1700,1605.8,1693.2,1690,1607.3,333702,5572.53,"28-Aug-2026",26236,"",""
"3251","UNIVPHOTO","BE",455,456.05,455,456.05,456.05,460.65,754,3.43,"28-Aug-2026",8,"",""
"3252","UNOMINDA","EQ",1282,1283.1,1263.4,1276,1276,1280,552647,7055.26,"28-Aug-2026",28772,"",""
"3253","UPHOT","EQ",1397,1464.9,1397,1464.9,1464.9,1397,16,0.23,"28-Aug-2026",4,"",""
"3254","UPL","EQ",580,580.05,569.55,571,571,578.1,1181623,6790.25,"28-Aug-2026",21660,"",""
"3255","URAVIDEF","BE",106.6,108.88,103.15,107.92,108.88,106.6,3555,3.8,"28-Aug-2026",56,"",""
"3256","URBAN","SM",140.55,141.95,139,139.7,139.1,140.55,43200,60.53,"28-Aug-2026",36,"",""
"3257","URBANCO","EQ",167.9,171.44,165.91,168.41,168.65,167.36,8658242,14673.79,"28-Aug-2026",61759,"",""
"3258","URJA","EQ",9.25,9.3,9.15,9.19,9.24,9.25,427256,39.35,"28-Aug-2026",1734,"",""
"3259","USHAFIN","SM",47,47.45,46,47.15,47.2,45.45,44800,21.06,"28-Aug-2026",19,"",""
"3260","USHAMART","EQ",491,498.7,487.5,492.45,491.9,489.15,386312,1900.72,"28-Aug-2026",21682,"",""
"3261","USK","EQ",21.31,21.89,21,21.54,21.65,21.31,10584,2.26,"28-Aug-2026",102,"",""
"3262","UTIAMC","EQ",890.7,896.45,886.15,887.7,887.9,890.7,50141,446.68,"28-Aug-2026",7116,"",""
"3263","UTKAL","SM",51,51,51,51,51,49.4,20000,10.2,"28-Aug-2026",7,"",""
"3264","UTKARSHBNK","EQ",14.85,14.96,14.53,14.68,14.77,14.92,3732185,550.77,"28-Aug-2026",4630,"",""
"3265","UTLSOLAR","EQ",451.8,464.45,445,449.55,445.05,443.35,498009,2254,"28-Aug-2026",12930,"",""
"3266","UTSSAV","ST",448.6,455,445,455,455,448.6,8400,37.75,"28-Aug-2026",13,"",""
"3267","UTTAMSUGAR","EQ",301.81,306.68,294.1,299.55,299.8,298.34,362389,1089.6,"28-Aug-2026",8513,"",""
"3268","UYFINCORP","BE",20.2,20.24,19.7,19.86,19.99,20.1,41108,8.18,"28-Aug-2026",174,"",""
"3269","V2RETAIL","EQ",223.39,224,220.5,221.32,221,222.4,620306,1378.76,"28-Aug-2026",10457,"",""
"3270","VADILALIND","EQ",7410,8020,7385,7900,7880,7444.5,43027,3357.43,"28-Aug-2026",11527,"",""
"3271","VADILENT","EQ",9700,11754,9700,10833,10750,9795,298,30.12,"28-Aug-2026",43,"",""
"3272","VAIBHAVGBL","EQ",222.2,225.7,220.7,221.55,221.4,222.2,160964,358.12,"28-Aug-2026",15362,"",""
"3273","VAISHALI","EQ",8.33,8.46,8.2,8.31,8.24,8.33,58628,4.87,"28-Aug-2026",165,"",""
"3274","VAKRANGEE","EQ",5.91,5.99,5.81,5.89,5.9,5.92,794251,46.74,"28-Aug-2026",1386,"",""
"3275","VAL30IETF","EQ",15.23,15.23,15.13,15.16,15.19,15.21,106794,16.19,"28-Aug-2026",617,"",""
"3276","VALIANTLAB","BE",108.75,108.75,99.65,99.65,99.65,104.89,94454,95.73,"28-Aug-2026",522,"",""
"3277","VALIANTORG","BE",302,304.9,295,297.4,300,300.6,29593,88.75,"28-Aug-2026",195,"",""
"3278","VALUE","EQ",16.19,16.19,16.11,16.17,16.17,16.13,8030,1.3,"28-Aug-2026",52,"",""
"3279","VALUE360","SM",72.2,72.95,72.2,72.95,72.95,72.6,2400,1.74,"28-Aug-2026",2,"",""
"3280","VALUEAXIS","EQ",32.89,32.97,32.8,32.82,32.8,32.77,37478,12.33,"28-Aug-2026",236,"",""
"3281","VAML","EQ",455.9,460.7,452.4,456.15,456.5,454.45,6349673,28959.85,"28-Aug-2026",98651,"",""
"3282","VARDHACRLC","BE",45.32,45.32,43.9,44.5,44.55,45.32,19056,8.44,"28-Aug-2026",250,"",""
"3283","VARDMNPOLY","EQ",5.92,6.15,5.9,5.98,6,6.01,147794,8.89,"28-Aug-2026",352,"",""
"3284","VARROC","EQ",811,829.5,803.35,821.85,829,813.15,194076,1579.85,"28-Aug-2026",13923,"",""
"3285","VASCONEQ","EQ",30.88,31.25,30.81,30.98,31,30.78,213371,66.18,"28-Aug-2026",820,"",""
"3286","VASUPRADA","EQ",94,95,94,94.5,94.5,94,50,0.05,"28-Aug-2026",6,"",""
"3287","VASWANI","EQ",48.42,49.5,48.42,48.98,49.38,48.42,5704,2.79,"28-Aug-2026",61,"",""
"3288","VBL","EQ",418.65,420.9,412.2,414,414,418.75,7918746,32900.15,"28-Aug-2026",55490,"",""
"3289","VCL","BE",2.02,2.02,2.02,2.02,2.02,2.12,351429,7.1,"28-Aug-2026",193,"",""
"3290","VDEAL","SM",160.85,161,160,160.5,161,161,6600,10.59,"28-Aug-2026",10,"",""
"3291","VEDAVAAG","EQ",18.9,18.9,18,18.33,18.4,18.36,18350,3.38,"28-Aug-2026",119,"",""
"3292","VEDL","EQ",283.7,289.5,282.4,287.95,287.95,281,19438996,55801.01,"28-Aug-2026",107450,"",""
"3293","VEDPOWER","EQ",37.65,37.75,36.51,36.64,36.75,37.5,13250516,4883.9,"28-Aug-2026",41648,"",""
"3294","VEEDOL","EQ",1499.8,1506,1487.7,1496.1,1491.7,1491.5,4534,67.91,"28-Aug-2026",1022,"",""
"3295","VEEKAYEM","SM",103,103,103,103,103,98.4,500,0.52,"28-Aug-2026",1,"",""
"3296","VELJAN","BE",1801,1839.9,1800,1808.8,1801,1811,189,3.42,"28-Aug-2026",21,"",""
"3297","VENKEYS","EQ",1583,1587.3,1565,1571.9,1571,1575.6,14290,225.11,"28-Aug-2026",1655,"",""
"3298","VENTIVE","EQ",582.6,590,581.55,587.1,587.7,583.5,8952,52.52,"28-Aug-2026",801,"",""
"3299","VENUSPIPES","EQ",1655,1668.8,1620,1634.3,1637,1653.8,65204,1069.99,"28-Aug-2026",6852,"",""
"3300","VENUSREM","BE",1610,1644,1551.1,1626.7,1631.9,1598.1,25080,402.59,"28-Aug-2026",1369,"",""
"3301","VERANDA","EQ",242.5,244,238.6,240.65,239.95,243.55,182964,441.01,"28-Aug-2026",2655,"",""
"3302","VERITAAS","SM",28.6,31.45,28.6,31.45,31.45,30.1,3600,1.06,"28-Aug-2026",3,"",""
"3303","VERTEXPLUS","SM",49,51.45,49,51.45,51.45,49,15000,7.7,"28-Aug-2026",4,"",""
"3304","VERTIS","IV",115.75,115.75,115.75,115.75,115.75,116,2125000,2459.69,"28-Aug-2026",6,"",""
"3305","VERTOZ","BE",40,40.9,39.01,39.3,39.6,39.99,30613,12.18,"28-Aug-2026",211,"",""
"3306","VESUVIUS","EQ",424.1,428.2,418.3,421.55,422,422.4,106746,450.13,"28-Aug-2026",4463,"",""
"3307","VETO","BE",128.88,128.88,125.1,126.08,126.01,128,23879,30.21,"28-Aug-2026",187,"",""
"3308","VGCL","EQ",61,62.01,56.57,57.75,56.71,59.38,27178,16.09,"28-Aug-2026",123,"",""
"3309","VGINFOTECH","SM",148,149,146.25,148.5,149,147.7,12000,17.7,"28-Aug-2026",12,"",""
"3310","VGL","EQ",57,58.99,56.15,58.22,58.4,56.85,9637,5.6,"28-Aug-2026",173,"",""
"3311","VGUARD","EQ",330.05,337.95,330.05,333.25,333.85,331.5,349373,1168.67,"28-Aug-2026",6430,"",""
"3312","VHL","EQ",3342.1,3525,3342.1,3506.9,3500,3392.3,596,20.75,"28-Aug-2026",172,"",""
"3313","VHLTD","BE",117.9,118.5,115.5,117.95,118.5,117.99,38962,45.51,"28-Aug-2026",156,"",""
"3314","VIAZ","SM",70,70,70,70,70,68,2000,1.4,"28-Aug-2026",1,"",""
"3315","VICTORYEV","ST",16,16,16,16,16,16,15000,2.4,"28-Aug-2026",4,"",""
"3316","VIDHIING","EQ",352.65,360,347.9,355.7,355,350.1,75581,268.79,"28-Aug-2026",2744,"",""
"3317","VIDYAWIRES","EQ",86.45,90.09,86.37,90.07,90.06,85.8,2554647,2288.3,"28-Aug-2026",10902,"",""
"3318","VIESL","SM",338,355.1,333.5,351.45,351.9,330.75,57600,200.77,"28-Aug-2026",51,"",""
"3319","VIGOR","ST",100.15,100.7,100.15,100.7,100.7,103,6400,6.42,"28-Aug-2026",4,"",""
"3320","VIJAYA","EQ",1472.4,1479.9,1440,1452.5,1451,1472.4,123663,1799.15,"28-Aug-2026",16581,"",""
"3321","VIJAYPD","SM",69,76.05,69,72.75,72.5,69.95,86000,62.51,"28-Aug-2026",39,"",""
"3322","VIJIFIN","BE",15.04,15.04,15.04,15.04,15.04,14.75,96240,14.47,"28-Aug-2026",47,"",""
"3323","VIJSOLX","EQ",699,699,686.25,690,690,696,255,1.76,"28-Aug-2026",18,"",""
"3324","VIKASECO","EQ",1.15,1.16,1.13,1.14,1.15,1.14,1874986,21.58,"28-Aug-2026",1291,"",""
"3325","VIKASLIFE","EQ",1.36,1.38,1.33,1.35,1.36,1.36,2479223,33.56,"28-Aug-2026",9597,"",""
"3326","VIKRAMSOLR","EQ",172.89,174.49,171.1,172.71,173,172.01,1282945,2216.45,"28-Aug-2026",12861,"",""
"3327","VIKRAN","EQ",59.52,60.21,59,59.39,59.5,59.47,921337,547.31,"28-Aug-2026",5394,"",""
"3328","VILAS","SM",361.9,365.5,358.1,360.95,359,354.65,6500,23.56,"28-Aug-2026",23,"",""
"3329","VILINBIO","SM",44.45,44.7,44.45,44.7,44.7,42.6,40000,17.84,"28-Aug-2026",10,"",""
"3330","VIMTALABS","EQ",617.8,620.7,612,617.7,615.15,615,67057,413.93,"28-Aug-2026",3643,"",""
"3331","VINATIORGA","EQ",1325,1332.8,1322,1325.2,1325.2,1318.4,19076,252.93,"28-Aug-2026",1645,"",""
"3332","VINCOFE","EQ",175,181.66,174.11,177.97,176.53,174.65,4029164,7190.2,"28-Aug-2026",37036,"",""
"3333","VINDHYATEL","EQ",2530,2595,2525,2585.5,2591,2530.5,51176,1313.6,"28-Aug-2026",6188,"",""
"3334","VINEETLAB","EQ",40,40,38.13,38.68,39.25,39.01,41952,16.21,"28-Aug-2026",590,"",""
"3335","VINNY","EQ",1.05,1.06,1.04,1.05,1.05,1.04,210648,2.22,"28-Aug-2026",109,"",""
"3336","VINSYS","ST",610,610,604,604,604,607,3250,19.76,"28-Aug-2026",11,"",""
"3337","VINYAS","SM",1549,1630,1521.1,1573.8,1572,1556.8,8800,139.65,"28-Aug-2026",81,"",""
"3338","VINYLINDIA","EQ",238,238,232.82,234.25,234.7,234.75,4451,10.44,"28-Aug-2026",265,"",""
"3339","VIPCLOTHNG","EQ",20.02,20.77,20.02,20.37,20.42,20.38,29428,6,"28-Aug-2026",167,"",""
"3340","VIPIND","EQ",302.4,309.3,299.85,305.8,306,304.3,365257,1112.84,"28-Aug-2026",6893,"",""
"3341","VIPULLTD","BE",15.44,15.44,15.44,15.44,15.44,15.75,2453,0.38,"28-Aug-2026",20,"",""
"3342","VIRAT","EQ",440.25,474.7,435.95,466.05,467,442.05,11161,50.82,"28-Aug-2026",269,"",""
"3343","VIRINCHI","EQ",15.5,15.5,14.85,14.98,15.05,15.1,66728,10.05,"28-Aug-2026",254,"",""
"3344","VIRTUALG","EQ",0.53,0.54,0.51,0.53,0.54,0.51,558395,2.95,"28-Aug-2026",283,"",""
"3345","VISACHROME","EQ",38,39.07,37.84,39.07,39.07,37.21,159657,61.89,"28-Aug-2026",208,"",""
"3346","VISAKAIND","EQ",91.02,93.5,89,89.65,89.11,91.02,221890,200.24,"28-Aug-2026",3263,"",""
"3347","VISAMAN","SM",79.2,79.2,79.2,79.2,79.2,83.35,1000,0.79,"28-Aug-2026",1,"",""
"3348","VISDEM","SM",82,90.6,82,88.55,90.6,82,13200,11.49,"28-Aug-2026",10,"",""
"3349","VISHAL","EQ",19.3,19.3,18.5,18.7,18.8,18.7,11364,2.13,"28-Aug-2026",121,"",""
"3350","VISHNU","EQ",647,656.35,643.6,652.2,648,647.85,77007,501.54,"28-Aug-2026",3048,"",""
"3351","VISHNUINFR","SM",156.7,158.8,154,154.9,154.95,161.35,16500,25.61,"28-Aug-2026",29,"",""
"3352","VISHWARAJ","EQ",5.86,6.24,5.86,6.04,6.09,5.92,565540,34.53,"28-Aug-2026",1032,"",""
"3353","VISHWAS","ST",42.95,42.95,40.2,42.95,42.95,40.95,6400,2.66,"28-Aug-2026",4,"",""
"3354","VISL","EQ",38.7,39.59,38.4,38.59,38.6,38.85,20299879,7886.47,"28-Aug-2026",41697,"",""
"3355","VITAL","BE",54.9,55.99,53,55.48,55.5,54.95,3152,1.74,"28-Aug-2026",17,"",""
"3356","VIVIANA","BE",744.8,744.8,716.05,728.4,720.2,729.3,9344,68.09,"28-Aug-2026",292,"",""
"3357","VIVIDEL","SM",1529.95,1583,1484,1503.7,1490,1533.2,17760,269.8,"28-Aug-2026",70,"",""
"3358","VIVIDHA","EQ",0.52,0.53,0.51,0.52,0.52,0.52,118614,0.62,"28-Aug-2026",136,"",""
"3359","VIVIMEDLAB","BE",7.07,7.07,7.07,7.07,7.07,6.94,65297,4.62,"28-Aug-2026",69,"",""
"3360","VIVOBIOT","EQ",18.98,18.98,17.65,18.11,18.65,18.8,13463,2.47,"28-Aug-2026",107,"",""
"3361","VIYASH","EQ",260,268,256.95,267.4,267.25,259.5,7083862,18667.78,"28-Aug-2026",46725,"",""
"3362","VLEGOV","BE",11.2,11.23,10.75,10.8,10.75,11.31,144442,15.66,"28-Aug-2026",403,"",""
"3363","VLINFRA","SM",27.7,27.7,27.7,27.7,27.7,27.7,3000,0.83,"28-Aug-2026",2,"",""
"3364","VLSFINANCE","EQ",251.9,251.9,242.4,243.75,243.8,246.25,6675,16.31,"28-Aug-2026",229,"",""
"3365","VMARCIND","SM",378.55,389,374,376,375.05,382.3,169500,644.89,"28-Aug-2026",105,"",""
"3366","VMART","EQ",835.95,841,805.2,819.65,819,836.05,188815,1545.7,"28-Aug-2026",17054,"",""
"3367","VMM","EQ",108.5,108.5,107,107,107,108,5132761,5517.69,"28-Aug-2026",32508,"",""
"3368","VMOBILE","SM",62.25,64.9,62.25,64.9,64.9,62.25,1600,1.02,"28-Aug-2026",2,"",""
"3369","VMSTMT","EQ",46.5,46.8,45.92,46.05,46.1,46.26,20154,9.33,"28-Aug-2026",258,"",""
"3370","VOEPL","EQ",570,591.6,556.6,570.65,580,572.7,181264,1034.43,"28-Aug-2026",6155,"",""
"3371","VOGL","EQ",41.9,42.7,40.12,40.32,40.39,41.98,50083778,20586.28,"28-Aug-2026",84956,"",""
"3372","VOITHPAPR","EQ",1459.8,1459.8,1450,1451.7,1450,1459.8,150,2.18,"28-Aug-2026",10,"",""
"3373","VOLERCAR","SM",234,234,234,234,234,226.45,800,1.87,"28-Aug-2026",1,"",""
"3374","VOLTAMP","EQ",11218,11338,11000,11038.5,11073,11228.5,19236,2145.69,"28-Aug-2026",8259,"",""
"3375","VOLTAS","EQ",1225,1225,1195,1200,1200,1217.5,761300,9158.97,"28-Aug-2026",25670,"",""
"3376","VPRPL","EQ",33.16,33.42,31.8,32.16,32.27,32.99,350253,113.89,"28-Aug-2026",2035,"",""
"3377","VRAJ","EQ",127.19,129.49,125.13,125.47,126,127.19,17793,22.64,"28-Aug-2026",600,"",""
"3378","VRLLOG","EQ",295,299.9,292.55,295.95,297,293.9,268516,795.99,"28-Aug-2026",12459,"",""
"3379","VSSL","EQ",357,357,346.95,348.55,348.3,358.05,68075,238.62,"28-Aug-2026",2406,"",""
"3380","VSTIND","EQ",212.4,212.4,209.5,210.45,210.6,211.23,82104,172.74,"28-Aug-2026",2523,"",""
"3381","VSTL","EQ",113.8,113.8,109.05,110.82,111.17,112.63,9476,10.52,"28-Aug-2026",265,"",""
"3382","VSTTILLERS","EQ",4455,4460.4,4365.1,4381.6,4390,4375,6151,269.95,"28-Aug-2026",751,"",""
"3383","VTL","EQ",592,598.45,587.5,592.75,595,594.6,103519,613.94,"28-Aug-2026",9165,"",""
"3384","VTMLTD","EQ",58.39,58.9,56.55,58.2,58.3,56.47,86409,49.83,"28-Aug-2026",313,"",""
"3385","WAAREEENER","EQ",2623.9,2650,2593.2,2640,2640,2624,488508,12820.06,"28-Aug-2026",31371,"",""
"3386","WAAREEINDO","EQ",273.45,282.95,269.2,276.25,275.7,272.9,107996,297.84,"28-Aug-2026",2283,"",""
"3387","WAAREERTL","EQ",874.8,884.7,870.05,878.7,880,874.95,171468,1504.94,"28-Aug-2026",10783,"",""
"3388","WABAG","EQ",2133.9,2139,2063,2086.1,2085,2133.9,644576,13443.76,"28-Aug-2026",29893,"",""
"3389","WAKEFIT","EQ",146.5,151.88,144.05,144.71,144.6,147.72,1135910,1692.69,"28-Aug-2026",10597,"",""
"3390","WALCHANNAG","EQ",222.99,224.39,220.62,221.09,220.72,222.26,388344,861.34,"28-Aug-2026",4368,"",""
"3391","WALPAR","SM",27.05,27.05,27.05,27.05,27.05,28.45,6000,1.62,"28-Aug-2026",3,"",""
"3392","WANBURY","EQ",255.5,262,255,257.5,260,254.65,88873,229.68,"28-Aug-2026",2138,"",""
"3393","WARDINMOBI","EQ",5.99,6.99,5.75,5.87,5.87,5.89,399468,23.47,"28-Aug-2026",1045,"",""
"3394","WATERBASE","EQ",48.76,50.99,47.62,49.89,50.98,48.76,33531,16.55,"28-Aug-2026",327,"",""
"3395","WCIL","EQ",87.3,87.49,84.92,85.74,86.25,87.12,73305,62.98,"28-Aug-2026",1048,"",""
"3396","WEALTH","EQ",860,864.85,844.15,848.3,844.15,864.15,1274,10.83,"28-Aug-2026",147,"",""
"3397","WEBELSOLAR","EQ",77.3,78.49,76.95,77.84,77.9,77.29,1471654,1144.31,"28-Aug-2026",12361,"",""
"3398","WEIZMANIND","EQ",76,76.99,74,74.09,74,75.6,1916,1.43,"28-Aug-2026",73,"",""
"3399","WEL","EQ",99.8,99.8,99.8,99.8,99.8,124.74,1368633,1365.9,"28-Aug-2026",5645,"",""
"3400","WELCORP","EQ",2430,2443.9,2351,2373.8,2365,2405.8,1342665,31992.45,"28-Aug-2026",58727,"",""
"3401","WELENT","EQ",677,685.75,661.6,670.3,673.7,676.6,398894,2674.67,"28-Aug-2026",11743,"",""
"3402","WELINV","BE",2248,2259.2,2248,2259.2,2259.2,2293.8,182,4.09,"28-Aug-2026",11,"",""
"3403","WELSPLSOL","EQ",54.05,55,53,53.29,53.21,54.03,370412,199.85,"28-Aug-2026",2637,"",""
"3404","WELSPUNLIV","EQ",192.29,195.35,188.99,190.46,189.55,192.29,3068541,5874.75,"28-Aug-2026",29483,"",""
"3405","WENDT","EQ",8446.5,8446.5,8191,8243.5,8230,8376,7022,583.36,"28-Aug-2026",1785,"",""
"3406","WESTLIFE","EQ",567.8,569.7,552.95,555.75,555.85,563.25,47269,263.91,"28-Aug-2026",3532,"",""
"3407","WEWIN","EQ",46,47.48,45.7,46.81,46.81,46.21,2307,1.07,"28-Aug-2026",15,"",""
"3408","WEWORK","EQ",676.95,694.25,667.8,691.6,690,675.35,203332,1379.12,"28-Aug-2026",17506,"",""
"3409","WHEELS","EQ",1527,1613.7,1506.6,1547.7,1546,1516.3,316555,4974.84,"28-Aug-2026",22335,"",""
"3410","WHIRLPOOL","EQ",835,835,806.1,813.25,814.8,841.15,893000,7288.3,"28-Aug-2026",27663,"",""
"3411","WHITEFORCE","SM",48.6,48.6,45,45.5,45,40.5,6400,3,"28-Aug-2026",4,"",""
"3412","WILLAMAGOR","EQ",24.58,26,23.62,24,23.75,24.1,2961,0.71,"28-Aug-2026",25,"",""
"3413","WINDLAS","EQ",990.35,1004.9,978.05,998.55,997,987.15,33748,334.72,"28-Aug-2026",2827,"",""
"3414","WINDMACHIN","EQ",304.55,308.9,300,301.9,301.15,303.95,42122,127.43,"28-Aug-2026",1520,"",""
"3415","WINSOL","SM",125,125,114,117.9,120,114.5,10000,11.65,"28-Aug-2026",20,"",""
"3416","WIPL","EQ",165,167.89,164,167.89,167.89,163.54,652,1.08,"28-Aug-2026",14,"",""
"3417","WIPRO","EQ",178.25,181.85,178.25,180.95,180.95,176.4,14686269,26476.12,"28-Aug-2026",78138,"",""
"3418","WOCKPHARMA","EQ",1976.1,2045,1963.1,1977.1,1975,1962,1581060,31802.45,"28-Aug-2026",78343,"",""
"3419","WOMANCART","ST",124.8,124.8,114,119.2,119.2,119.25,13200,15.81,"28-Aug-2026",32,"",""
"3420","WONDERLA","EQ",546.45,555,532.8,537.1,534.5,542.25,199353,1087.38,"28-Aug-2026",9344,"",""
"3421","WORTHPERI","EQ",152.66,160,152.66,159.55,159.77,153.38,9269,14.49,"28-Aug-2026",583,"",""
"3422","WPIL","EQ",448.6,454.95,441.25,447.75,447.1,448.65,19718,88.48,"28-Aug-2026",1145,"",""
"3423","WSI","EQ",61.16,62.99,59.27,61.86,62.4,60.2,117829,72.24,"28-Aug-2026",3436,"",""
"3424","WSTCSTPAPR","EQ",611.7,617.9,605,612.5,611.7,606.85,163884,1002.81,"28-Aug-2026",8940,"",""
"3425","WTICAB","SM",103,107.9,102.8,107.4,107.9,102.8,7500,7.82,"28-Aug-2026",13,"",""
"3426","XCHANGING","EQ",61.01,61.83,60.91,61.38,61.29,61.29,30996,19.01,"28-Aug-2026",536,"",""
"3427","XELPMOC","EQ",83.45,83.45,81.05,81.64,81.09,81.09,5212,4.27,"28-Aug-2026",100,"",""
"3428","XPROINDIA","EQ",1141.9,1149.4,1131.9,1139.4,1136,1137.1,60756,691.8,"28-Aug-2026",2665,"",""
"3429","XTGLOBAL","EQ",29.99,33.54,29.83,32.16,32.14,29.88,574198,185.63,"28-Aug-2026",5423,"",""
"3430","XTRANET","EQ",165,197.11,163,197.11,197.11,164.26,5428284,10193.89,"28-Aug-2026",40068,"",""
"3431","YAAP","SM",139,139,130,130,130,129.95,12000,15.87,"28-Aug-2026",11,"",""
"3432","YASHO","EQ",4341.7,4450,4304.1,4338.8,4340,4341.7,16813,731.51,"28-Aug-2026",4335,"",""
"3433","YASHOPTICS","SM",117.3,117.3,117.3,117.3,117.3,118,800,0.94,"28-Aug-2026",1,"",""
"3434","YATHARTH","EQ",979,1024.85,956.3,967.4,969.5,973.05,1376658,13735.96,"28-Aug-2026",49615,"",""
"3435","YATRA","EQ",108.34,111.75,105.49,109.82,108.3,107.81,1574744,1700.26,"28-Aug-2026",10536,"",""
"3436","YESBANK","EQ",22.31,22.36,22.01,22.1,22.1,22.26,63531708,14060.71,"28-Aug-2026",64302,"",""
"3437","YOGI","EQ",165.4,165.4,165.4,165.4,165.4,165.38,513,0.85,"28-Aug-2026",6,"",""
"3438","YUDIZ","SM",23.85,23.85,23.85,23.85,23.85,24.8,800,0.19,"28-Aug-2026",1,"",""
"3439","YUKEN","EQ",937.25,1004.4,930.25,993.4,1000,928.7,43929,432.44,"28-Aug-2026",2616,"",""
"3440","ZAGGLE","EQ",189.43,193.4,188.4,190.26,190.96,189.43,1160425,2214,"28-Aug-2026",13342,"",""
"3441","ZEEL","EQ",105.2,106.24,100.85,101.51,101.85,103.98,20423986,21015.92,"28-Aug-2026",63664,"",""
"3442","ZEELEARN","BE",7.9,8.1,7.87,7.91,7.9,7.82,182523,14.52,"28-Aug-2026",274,"",""
"3443","ZEEMEDIA","EQ",8.65,9.2,8.65,8.93,8.96,8.61,4361082,390.49,"28-Aug-2026",6650,"",""
"3444","ZENITHDRUG","SM",41.25,45.6,41.25,44.35,44.35,41.2,12000,5.15,"28-Aug-2026",15,"",""
"3445","ZENITHEXPO","EQ",214.78,214.78,214.78,214.78,214.78,214.78,1,0,"28-Aug-2026",1,"",""
"3446","ZENITHSTL","EQ",5.41,5.54,5.35,5.37,5.35,5.4,98522,5.38,"28-Aug-2026",193,"",""
"3447","ZENSARTECH","EQ",465.8,475,464.35,470.6,471.5,463.75,1834114,8639.98,"28-Aug-2026",40028,"",""
"3448","ZENTEC","EQ",1825,1837,1805.3,1820.1,1826.8,1825.6,221628,4035.59,"28-Aug-2026",17633,"",""
"3449","ZFCVINDIA","EQ",2592,2592,2541.2,2568,2550,2570.5,70679,1812.56,"28-Aug-2026",18533,"",""
"3450","ZFSTEERING","EQ",682,682,666.05,670.95,669,671.25,4947,33.31,"28-Aug-2026",174,"",""
"3451","ZIMLAB","EQ",122.21,126.99,122.2,125.46,125.5,125.21,43488,54.31,"28-Aug-2026",1101,"",""
"3452","ZODIAC","EQ",245,251.9,243.35,247.25,249.5,245.8,11449,28.39,"28-Aug-2026",551,"",""
"3453","ZODIACLOTH","EQ",73,77.14,73,73.19,73.17,72.63,5896,4.41,"28-Aug-2026",122,"",""
"3454","ZOTA","EQ",1081.3,1103.4,1072,1082.7,1072,1081.3,158966,1722.67,"28-Aug-2026",6395,"",""
"3455","ZSARACOM","EQ",10991,11000,10991,10991,10991,11046,11,1.21,"28-Aug-2026",10,"",""
"3456","ZTECH","SM",484.05,484.05,471,473.65,471,477.6,16800,79.97,"28-Aug-2026",32,"",""
"3457","ZUARI","EQ",231.1,243.5,230.32,240.76,240.7,230.83,408824,980.88,"28-Aug-2026",6960,"",""
"3458","ZUARIIND","EQ",270.3,280,270.3,272.95,273.95,270.85,67186,185.09,"28-Aug-2026",1780,"",""
"3459","ZYDUSLIFE","EQ",1190,1198.9,1170.6,1191,1191,1189.2,1291738,15245.16,"28-Aug-2026",26489,"",""
"3460","ZYDUSWELL","EQ",535.2,541.55,525.1,526.55,526.4,535.2,171032,911.27,"28-Aug-2026",10624,"",""
