"","SYMBOL","SERIES","OPEN","HIGH","LOW","CLOSE","LAST","PREVCLOSE","TOTTRDQTY","TOTTRDVAL","TIMESTAMP","TOTALTRADES","ISIN","X"
"1","1018GS2026","GS",104.45,104.45,103.7,104,104,103.4,1692,1.76,"30-Jul-2026",5,"",""
"2","20MICRONS","EQ",200.2,204.4,199,200.07,199.9,201.16,123787,249.91,"30-Jul-2026",2920,"",""
"3","21STCENMGM","EQ",38.85,39.5,38.26,39.39,39.4,38.88,26382,10.36,"30-Jul-2026",161,"",""
"4","360ONE","EQ",1162,1164.3,1125.7,1142.9,1138,1161.3,1268562,14473.85,"30-Jul-2026",45311,"",""
"5","3BBLACKBIO","EQ",1272,1277,1243,1250,1249.4,1270.9,3705,46.5,"30-Jul-2026",481,"",""
"6","3IINFOLTD","EQ",22,22.75,21.52,22.59,22.6,22.11,1298784,289.57,"30-Jul-2026",2911,"",""
"7","3MINDIA","EQ",35425,35635,34810,34940,34870,35425,1703,596.47,"30-Jul-2026",1126,"",""
"8","3PLAND","EQ",32.5,32.5,31.6,31.79,31.62,32.28,1256,0.4,"30-Jul-2026",46,"",""
"9","574GS2026","GS",100.97,101.45,100.97,101.17,101.17,101.45,349,0.35,"30-Jul-2026",7,"",""
"10","591GS2028","GS",98.5,98.5,98.5,98.5,98.5,98.5,100,0.1,"30-Jul-2026",1,"",""
"11","5PAISA","EQ",349.7,351,344,347,346.1,348.4,42557,147.75,"30-Jul-2026",1705,"",""
"12","601GS2030","GS",99.5,99.5,99.5,99.5,99.5,99,100,0.1,"30-Jul-2026",1,"",""
"13","610GS2031","GS",104.5,104.5,104.5,104.5,104.5,103.16,1,0,"30-Jul-2026",1,"",""
"14","622GS2035","GS",96.36,96.36,96,96.19,96,96.36,3700,3.56,"30-Jul-2026",4,"",""
"15","628GS2032","GS",97.5,97.5,97.5,97.5,97.5,97,105,0.1,"30-Jul-2026",2,"",""
"16","633GS2035","GS",96.75,96.9,96.75,96.82,96.75,96.75,1200,1.16,"30-Jul-2026",4,"",""
"17","63MOONS","EQ",790,874.05,772.45,847.35,850,778.45,9665398,81668.25,"30-Jul-2026",237411,"",""
"18","648GS2035","GS",101.2,101.2,101.2,101.2,101.2,98.9,51,0.05,"30-Jul-2026",2,"",""
"19","667GS2050","GS",93.5,93.5,93.5,93.5,93.5,93.5,3500,3.27,"30-Jul-2026",4,"",""
"20","668GS2040","GS",98,98.3,97.5,98.23,98.23,97.8,67420,65.78,"30-Jul-2026",12,"",""
"21","676GS2061","GS",93.38,93.38,92.9,93.23,93.24,93.2,82098,76.48,"30-Jul-2026",53,"",""
"22","679GS2034","GS",102,102,101.5,101.5,101.5,100.2,7700,7.85,"30-Jul-2026",2,"",""
"23","68GS2060","GS",90.33,90.33,90.32,90.32,90.32,95,2,0,"30-Jul-2026",2,"",""
"24","690GS2065","GS",94.25,94.25,93.5,93.92,93.94,94.13,38107,35.82,"30-Jul-2026",23,"",""
"25","692GS2039","GS",99.42,99.42,99.42,99.42,99.42,99.16,300,0.3,"30-Jul-2026",1,"",""
"26","694GS2036","GS",102.66,105,102.66,104.48,104.5,102.66,4649,4.81,"30-Jul-2026",7,"",""
"27","698GR2054","GS",92.15,92.15,92.1,92.1,92.1,92.05,107,0.1,"30-Jul-2026",2,"",""
"28","702GS2027","GS",101.13,102.98,101.13,102.98,102.98,104.1,349,0.35,"30-Jul-2026",4,"",""
"29","704GS2029","GS",102.1,102.1,102.1,102.1,102.1,101.66,1300,1.33,"30-Jul-2026",1,"",""
"30","706GS2041","GS",100.69,100.69,100.69,100.69,100.69,100.69,25,0.03,"30-Jul-2026",1,"",""
"31","706GS2046","GS",107,107,107,107,107,106,1,0,"30-Jul-2026",1,"",""
"32","709GS2054","GS",99.41,99.41,99.3,99.36,99.38,99.3,10231,10.16,"30-Jul-2026",12,"",""
"33","709GS2074","GS",95,95.5,95,95.44,95.44,95.5,58840,56.13,"30-Jul-2026",49,"",""
"34","710GS2029","GS",103.15,103.2,103.06,103.09,103.06,103.05,901,0.93,"30-Jul-2026",5,"",""
"35","718GS2033","GS",105.31,105.5,105.31,105.5,105.5,105.6,798,0.84,"30-Jul-2026",2,"",""
"36","718GS2037","GS",102.5,102.5,102,102.07,102.07,102.08,46144,47.09,"30-Jul-2026",33,"",""
"37","723GS2039","GS",104.4,104.4,104.4,104.4,104.4,105,1310,1.37,"30-Jul-2026",1,"",""
"38","724GS2055","GS",100.79,100.85,100.45,100.8,100.8,100.79,18397,18.55,"30-Jul-2026",25,"",""
"39","725GS2063","GS",97.7,98.01,97.38,97.9,98,97.48,1090112,1062.08,"30-Jul-2026",331,"",""
"40","726GS2032","GS",105.99,106.1,105.99,106.1,106.1,106.39,3770,4,"30-Jul-2026",4,"",""
"41","726GS2033","GS",106,106,106,106,106,104.71,1762,1.87,"30-Jul-2026",2,"",""
"42","734GS2064","GS",99.52,99.8,99.4,99.54,99.55,99.77,35980,35.85,"30-Jul-2026",67,"",""
"43","736GS2052","GS",102,102,101.9,101.9,101.9,101.1,40,0.04,"30-Jul-2026",4,"",""
"44","737GS2028","GS",104,104,104,104,104,104,100,0.1,"30-Jul-2026",1,"",""
"45","738GS2027","GS",101.8,102.1,101.8,101.9,101.9,101.8,51050,52.03,"30-Jul-2026",22,"",""
"46","73GS2053","GS",100.09,100.09,100,100,100,100.09,103300,103.3,"30-Jul-2026",10,"",""
"47","741GS2036","GS",104.94,104.94,104.9,104.9,104.9,104.53,2,0,"30-Jul-2026",2,"",""
"48","743GS2076","GS",99.6,100,99.5,99.6,99.6,99.56,64712,64.42,"30-Jul-2026",61,"",""
"49","746GS2073","GS",100.6,103,100.26,103,103,100.6,14589,14.71,"30-Jul-2026",12,"",""
"50","74GS2062","GS",101.39,101.39,100.11,101.39,101.39,101.39,1084,1.1,"30-Jul-2026",6,"",""
"51","754GS2036","GS",106.64,106.72,106.54,106.65,106.59,106.64,546003,582.17,"30-Jul-2026",134,"",""
"52","757GS2033","GS",105.5,105.5,105.5,105.5,105.5,104.05,3000,3.17,"30-Jul-2026",1,"",""
"53","771GS2066","GS",103.1,104.1,103.1,104,104,104.35,25991,27.04,"30-Jul-2026",21,"",""
"54","824GS2027","GS",105.4,105.8,105.4,105.8,105.8,105.48,2634,2.79,"30-Jul-2026",24,"",""
"55","826GS2027","GS",105.73,105.73,105.73,105.73,105.73,105.25,1,0,"30-Jul-2026",1,"",""
"56","897GS2030","GS",111,111.25,110.98,111,111,111,14500,16.1,"30-Jul-2026",51,"",""
"57","92GS2030","GS",114,114,112.51,114,114,114.02,3517,4.01,"30-Jul-2026",11,"",""
"58","A2ZINFRA","EQ",13.7,14.58,13.37,14.58,14.58,13.26,366233,51.94,"30-Jul-2026",566,"",""
"59","AAATECH","EQ",89.42,89.65,88.02,88.6,89.17,89.32,6867,6.1,"30-Jul-2026",229,"",""
"60","AADHARHFC","EQ",494.6,499,487.1,490.75,499,494.55,430815,2115.52,"30-Jul-2026",14719,"",""
"61","AAKAAR","SM",64.65,68,64.65,68,68,68,9600,6.43,"30-Jul-2026",6,"",""
"62","AAKASH","EQ",8.75,9.17,8.75,8.92,8.97,8.86,51521,4.64,"30-Jul-2026",242,"",""
"63","AARADHYA","SM",75,75,74,74,74,75,6000,4.45,"30-Jul-2026",5,"",""
"64","AAREYDRUGS","BE",75.24,77.12,74.1,77.12,77.12,75.61,104980,80.9,"30-Jul-2026",62,"",""
"65","AARNAV","EQ",29.15,31.78,29.15,31.13,30.85,29.15,92027,28.27,"30-Jul-2026",1061,"",""
"66","AARON","EQ",137.4,137.48,127.45,131.28,131.6,134.78,20559,26.9,"30-Jul-2026",595,"",""
"67","AARTECH","BE",46.11,47.25,45,45.16,45.89,46.11,6504,2.95,"30-Jul-2026",103,"",""
"68","AARTIDRUGS","EQ",414.4,420.7,411.05,412.8,415,411.25,175980,731.83,"30-Jul-2026",5222,"",""
"69","AARTIIND","EQ",486,488.95,476.8,480.2,481.1,485.5,479304,2302.29,"30-Jul-2026",20665,"",""
"70","AARTIPHARM","EQ",680.15,686.4,672.75,674.3,674.5,682.95,84003,569.31,"30-Jul-2026",7641,"",""
"71","AARTISURF","EQ",394,398.9,387.7,393.15,392,390.5,7083,27.71,"30-Jul-2026",294,"",""
"72","AARVI","EQ",152.31,155.99,151,151.89,151,152.31,38327,58.62,"30-Jul-2026",1137,"",""
"73","AASTHA","EQ",77.17,77.81,75.27,76.62,76.5,76.09,1073052,821.63,"30-Jul-2026",6424,"",""
"74","AAVAS","EQ",1387.3,1387.4,1355,1362.6,1358.3,1387.3,32568,445.97,"30-Jul-2026",6547,"",""
"75","ABAN","BE",15.38,15.38,15,15.04,15.01,15.3,23502,3.55,"30-Jul-2026",208,"",""
"76","ABANSENT","BE",25.41,27.45,25.33,26.44,27,26.66,18421,4.72,"30-Jul-2026",80,"",""
"77","ABB","EQ",7332,7332,7195,7291.5,7290,7310.5,335960,24410.07,"30-Jul-2026",40794,"",""
"78","ABBOTINDIA","EQ",27745,27865,27500,27555,27595,27745,3567,986.77,"30-Jul-2026",1886,"",""
"79","ABCAPITAL","EQ",397,398.4,391.6,394.05,393.95,397.6,1163657,4585.3,"30-Jul-2026",28581,"",""
"80","ABCOTS","EQ",203.9,203.9,198.98,199.49,198.98,200.65,7460,14.93,"30-Jul-2026",258,"",""
"81","ABDL","EQ",652,655,637.05,648.45,648,644.8,318327,2066.1,"30-Jul-2026",16983,"",""
"82","ABFRL","EQ",58,61.01,57.65,58.94,58.99,58.06,16427760,9776.5,"30-Jul-2026",57786,"",""
"83","ABGSEC","EQ",114.77,115.01,113.51,115.01,115.01,113.9,10,0.01,"30-Jul-2026",7,"",""
"84","ABHAPOWER","SM",24.7,24.7,24.65,24.65,24.65,24.3,4800,1.18,"30-Jul-2026",3,"",""
"85","ABINFRA","EQ",10.03,10.14,10,10.09,10.04,10.06,1212155,122.32,"30-Jul-2026",539,"",""
"86","ABLBL","EQ",95,97.4,94.1,94.45,94.3,95.43,1638999,1558.27,"30-Jul-2026",12054,"",""
"87","ABMINTLLTD","EQ",46.99,46.99,44.15,44.51,44.74,42.98,708,0.32,"30-Jul-2026",24,"",""
"88","ABMKNO","EQ",200,200,192,196.85,195,194.6,235,0.46,"30-Jul-2026",18,"",""
"89","ABREL","EQ",1405,1407.4,1364.9,1378.1,1365,1405.6,74591,1030.01,"30-Jul-2026",6286,"",""
"90","ABSL10BANK","EQ",169.4,170.35,168.62,170.04,170.35,170.14,36154,61.38,"30-Jul-2026",31,"",""
"91","ABSLAMC","EQ",1020,1025.5,1006.1,1008.8,1013,1017.5,72834,739.68,"30-Jul-2026",7260,"",""
"92","ABSLBANETF","EQ",59.09,59.09,58.14,58.52,58.58,58.6,8598,5.02,"30-Jul-2026",194,"",""
"93","ABSLLIQUID","EQ",999.99,1000.01,999.99,999.99,999.99,999.99,5146,51.46,"30-Jul-2026",19,"",""
"94","ABSLMSCIN","EQ",29.45,29.78,29.45,29.64,29.66,29.59,4648,1.38,"30-Jul-2026",14,"",""
"95","ABSLNN50ET","EQ",76.2,76.58,76.05,76.41,76.47,76.2,6149,4.69,"30-Jul-2026",137,"",""
"96","ABSLPSE","EQ",10.35,10.35,10.18,10.28,10.35,10.25,95437,9.8,"30-Jul-2026",298,"",""
"97","ABSMARINE","ST",216.15,224.4,216.15,221,221,218.05,19500,42.97,"30-Jul-2026",34,"",""
"98","ACC","EQ",1370.8,1370.8,1345.3,1356.5,1359.6,1370.8,166715,2255.26,"30-Jul-2026",11371,"",""
"99","ACCELYA","EQ",1150.6,1165,1140.1,1142.5,1144.6,1164.8,9490,109.05,"30-Jul-2026",1215,"",""
"100","ACCENTMIC","SM",500,500,490,494.45,495.75,492.05,31000,153.65,"30-Jul-2026",57,"",""
"101","ACCPL","ST",163.05,163.05,163,163,163,165,3600,5.87,"30-Jul-2026",3,"",""
"102","ACCURACY","BE",4.91,4.91,4.72,4.83,4.85,4.91,40927,1.97,"30-Jul-2026",147,"",""
"103","ACE","EQ",1054.3,1068.5,1033.1,1057.2,1063.1,1051.3,236732,2479.1,"30-Jul-2026",13552,"",""
"104","ACEINTEG","EQ",19.7,19.87,19,19.15,19.05,19.87,6486,1.25,"30-Jul-2026",66,"",""
"105","ACI","EQ",567,569.6,554.95,561.2,559,565.75,145017,814.3,"30-Jul-2026",7824,"",""
"106","ACL","EQ",48.2,48.85,46.73,47.52,47.6,48.24,17011,8.07,"30-Jul-2026",233,"",""
"107","ACMESOLAR","EQ",361,366.8,347.8,360.7,361.15,366.65,5921663,21193.92,"30-Jul-2026",102789,"",""
"108","ACSTECH","EQ",39.5,40.61,39.5,39.91,39.95,39.53,107242,42.57,"30-Jul-2026",203,"",""
"109","ACTIVEINFR","SM",171,171,171,171,171,171,600,1.03,"30-Jul-2026",1,"",""
"110","ACUTAAS","EQ",3309.7,3331,3150,3233.8,3232.1,3306.2,373038,11963.57,"30-Jul-2026",31786,"",""
"111","ADANIENSOL","EQ",1667.8,1674.7,1633,1659,1652,1667.8,1361733,22560.28,"30-Jul-2026",44082,"",""
"112","ADANIENT","EQ",3024.5,3060.9,2994.6,3049.1,3050,3024.5,1278332,38826.85,"30-Jul-2026",67080,"",""
"113","ADANIGREEN","EQ",1374,1374,1350,1358.7,1358.1,1373.1,1194084,16250.13,"30-Jul-2026",36549,"",""
"114","ADANIPORTS","EQ",1726.7,1727.7,1658.4,1664.1,1661.5,1719.7,5395211,90166.69,"30-Jul-2026",236440,"",""
"115","ADANIPOWER","EQ",209.2,211.2,207.11,208.97,209,209.52,17581232,36794.48,"30-Jul-2026",80218,"",""
"116","ADDICTIVE","SM",40.75,42,40.45,40.45,40.45,42,2000,0.82,"30-Jul-2026",4,"",""
"117","ADFFOODS","EQ",295,295,260,262.35,262.15,301.8,1301909,3502.6,"30-Jul-2026",27184,"",""
"118","ADISOFT","SM",178.9,186.65,176,180.6,180.5,176.65,30400,54.77,"30-Jul-2026",37,"",""
"119","ADL","EQ",69.5,69.6,66,68.61,66.63,69.92,2612,1.77,"30-Jul-2026",45,"",""
"120","ADOR","EQ",1410,1495,1402,1480.2,1479.4,1423.4,64061,937.92,"30-Jul-2026",5598,"",""
"121","ADROITINFO","EQ",9.69,10.48,9.09,9.71,9.99,9.55,84744,8.31,"30-Jul-2026",297,"",""
"122","ADSL","EQ",113.6,114.58,112.94,113.91,113.75,114.46,95785,108.93,"30-Jul-2026",2077,"",""
"123","ADVAIT","EQ",2253,2253,2159.7,2178.3,2173,2258.6,23952,526.75,"30-Jul-2026",3735,"",""
"124","ADVANCE","EQ",119.9,123,118.01,119.4,119.8,118.2,550457,663.5,"30-Jul-2026",6204,"",""
"125","ADVANIHOTR","EQ",51.44,51.97,51,51.28,51.15,51.19,21141,10.82,"30-Jul-2026",356,"",""
"126","ADVENTHTL","EQ",149,149.01,147,147.64,148,149.55,37115,54.88,"30-Jul-2026",855,"",""
"127","ADVENZYMES","EQ",310,310.05,304.35,306.2,307.95,310.8,122646,375.4,"30-Jul-2026",3076,"",""
"128","AEGISLOG","EQ",1289.2,1290.5,1242.8,1249.3,1255,1282.6,434750,5480.08,"30-Jul-2026",21356,"",""
"129","AEGISVOPAK","EQ",297.7,298,290.5,292.3,292,295.41,658184,1925.9,"30-Jul-2026",10948,"",""
"130","AEPL","EQ",14.55,14.97,14.11,14.35,14.5,14.55,4441,0.65,"30-Jul-2026",93,"",""
"131","AEQUS","EQ",215,229.88,215,228.38,228.1,229.12,4407373,9846,"30-Jul-2026",44787,"",""
"132","AEROENTER","EQ",122.34,122.34,118.01,118.95,118.4,122.14,291629,348.35,"30-Jul-2026",3970,"",""
"133","AEROFLEX","EQ",451.7,452.4,422.3,426.6,424.95,450.6,1530758,6635.28,"30-Jul-2026",25799,"",""
"134","AERON","SM",77,77,76.1,76.45,76.2,80,11000,8.42,"30-Jul-2026",11,"",""
"135","AERONEU","EQ",86.01,86.4,84.21,85.32,85.2,85.64,55591,47.37,"30-Jul-2026",1365,"",""
"136","AEROPLANE","EQ",179,191.65,179,191.52,191.65,182.53,530424,993.96,"30-Jul-2026",4099,"",""
"137","AESTHETIK","SM",72,72,72,72,72,72,1000,0.72,"30-Jul-2026",1,"",""
"138","AETHER","EQ",1495,1525,1466.3,1490.8,1491,1490.7,455177,6828.59,"30-Jul-2026",26969,"",""
"139","AFCONS","EQ",279.8,281.65,271.1,273.25,273.35,282.75,842812,2318.19,"30-Jul-2026",16708,"",""
"140","AFFLE","EQ",1644.9,1665.1,1615,1622.7,1615,1654.3,307160,5029.37,"30-Jul-2026",37291,"",""
"141","AFFORDABLE","BE",180.8,183.86,177.1,181.6,183.55,178.77,9808,17.78,"30-Jul-2026",134,"",""
"142","AFIL","EQ",9.25,9.38,9.14,9.21,9.25,9.38,207819,19.24,"30-Jul-2026",448,"",""
"143","AFSL","EQ",201.47,201.77,201,201,201,201,19534,39.27,"30-Jul-2026",68,"",""
"144","AGARIND","EQ",506,508.9,495,501.35,502.8,506.75,43317,217.06,"30-Jul-2026",2351,"",""
"145","AGARWALEYE","EQ",487,496.85,480.1,482.2,483.15,488.8,63698,309.75,"30-Jul-2026",5698,"",""
"146","AGARWALTUF","SM",130.1,137.5,130.05,134.95,134.2,132.35,69600,93.24,"30-Jul-2026",58,"",""
"147","AGI","EQ",713,713,698.85,705.15,704,710.95,93873,661.95,"30-Jul-2026",3701,"",""
"148","AGIIL","EQ",308,312.15,301.5,310.2,312,305.35,1889111,5795.15,"30-Jul-2026",14841,"",""
"149","AGL","EQ",12.21,12.5,12.1,12.19,12.19,12.48,1333055,163.03,"30-Jul-2026",4613,"",""
"150","AGNI","SM",16.65,17.5,16.65,16.75,16.75,17.5,10000,1.7,"30-Jul-2026",4,"",""
"151","AGRITECH","BE",110.47,111.05,109.01,111.05,111.05,110.47,821,0.91,"30-Jul-2026",28,"",""
"152","AGROPHOS","EQ",28.77,29.71,28.4,28.67,28.43,28.63,18187,5.31,"30-Jul-2026",187,"",""
"153","AHCL","EQ",15.85,15.88,14.18,14.52,14.59,15.88,23886257,3515.23,"30-Jul-2026",28249,"",""
"154","AHLADA","EQ",36.82,38.2,35.8,36.4,36.02,36.82,10507,3.87,"30-Jul-2026",170,"",""
"155","AHLEAST","EQ",141.8,143.87,140.6,141.74,140.61,141.79,1036,1.47,"30-Jul-2026",56,"",""
"156","AHLUCONT","EQ",820,827.5,808.95,819.3,824.4,817.4,18951,154.73,"30-Jul-2026",3836,"",""
"157","AHLWEST","BE",542.05,555.55,542,547.85,543,570,543,2.99,"30-Jul-2026",16,"",""
"158","AIAENG","EQ",4663.5,4663.5,4520,4563.5,4548.5,4643.5,48433,2219.34,"30-Jul-2026",13385,"",""
"159","AIIL","EQ",545,551.95,539.7,545.9,545.9,550.95,140735,768.92,"30-Jul-2026",9391,"",""
"160","AILIMITED","ST",35.7,35.7,35.7,35.7,35.7,37.55,1500,0.54,"30-Jul-2026",1,"",""
"161","AIMTRON","SM",1367.8,1389.4,1338,1361.35,1355.5,1361,18800,254.6,"30-Jul-2026",90,"",""
"162","AIRAN","EQ",15.04,15.25,15.04,15.06,15.06,15.04,23901,3.61,"30-Jul-2026",192,"",""
"163","AIROLAM","EQ",86.15,88.5,86.01,86.06,86.06,86.15,237,0.21,"30-Jul-2026",9,"",""
"164","AISL","SM",58,58,58,58,58,59.25,95400,55.33,"30-Jul-2026",4,"",""
"165","AJANTPHARM","EQ",3397,3531.9,3355.1,3436.4,3442,3396.5,401183,13898.39,"30-Jul-2026",52221,"",""
"166","AJAXENGG","EQ",579.95,583,573,581.25,580.9,576.65,29669,171.8,"30-Jul-2026",2500,"",""
"167","AJMERA","EQ",127.7,127.99,125,125.46,125.38,128.17,142210,179.04,"30-Jul-2026",2066,"",""
"168","AJOONI","EQ",3.99,4.12,3.91,4.02,3.99,3.96,485266,19.6,"30-Jul-2026",440,"",""
"169","AKANKSHA","ST",83,87,83,87,87,83,7000,5.96,"30-Jul-2026",6,"",""
"170","AKASH","EQ",27,27.54,26.79,26.81,26.81,27.24,8548,2.31,"30-Jul-2026",65,"",""
"171","AKCAPIT","EQ",1702.2,1765,1679.7,1693.9,1680,1708.4,5779,98.53,"30-Jul-2026",699,"",""
"172","AKG","EQ",10.89,10.89,9.71,10.02,10.1,10,14669,1.48,"30-Jul-2026",119,"",""
"173","AKI","EQ",4.38,4.38,4.12,4.16,4.12,4.18,61784,2.58,"30-Jul-2026",212,"",""
"174","AKIKO","ST",360,360,342,345,354,352,16800,58.97,"30-Jul-2026",19,"",""
"175","AKSHAR","EQ",0.41,0.41,0.39,0.39,0.4,0.4,778929,3.12,"30-Jul-2026",278,"",""
"176","AKSHARCHEM","BE",245,251.7,235.3,249.62,243.75,246.87,5586,13.82,"30-Jul-2026",107,"",""
"177","AKSHOPTFBR","BE",5.5,5.54,5.34,5.34,5.34,5.44,115177,6.25,"30-Jul-2026",126,"",""
"178","AKUMS","EQ",662.5,667.55,658,660.6,659,664.55,162088,1074.19,"30-Jul-2026",5720,"",""
"179","ALANKIT","EQ",7.89,7.94,7.81,7.88,7.88,7.89,63415,4.99,"30-Jul-2026",294,"",""
"180","ALBERTDAVD","EQ",690.9,693.6,687.95,690.1,690.2,688.75,459,3.17,"30-Jul-2026",78,"",""
"181","ALEMBICLTD","EQ",90.73,90.86,89.5,89.63,89.56,90.28,196795,176.82,"30-Jul-2026",1830,"",""
"182","ALGOQUANT","EQ",67.76,69.43,66.1,67.61,67.7,67.57,1016091,679.62,"30-Jul-2026",3464,"",""
"183","ALICON","EQ",681.35,698,670,680.55,680.75,681.35,7190,49.21,"30-Jul-2026",573,"",""
"184","ALIVUS","EQ",1119.6,1142.9,1089.8,1095.7,1115,1119.6,53239,590.63,"30-Jul-2026",7276,"",""
"185","ALKALI","BE",71.34,71.34,71,71.25,71,70.76,605,0.43,"30-Jul-2026",29,"",""
"186","ALKEM","EQ",5689,5882.5,5680,5816.5,5815.5,5672.5,301501,17546.99,"30-Jul-2026",39278,"",""
"187","ALKYLAMINE","EQ",1825.3,1825.3,1782.2,1787.2,1790,1817.3,16258,291.56,"30-Jul-2026",3019,"",""
"188","ALLCARGO","EQ",8,8.04,7.92,7.94,7.94,8.01,1720160,137.01,"30-Jul-2026",3712,"",""
"189","ALLDIGI","EQ",880.05,884.65,849.05,855.1,857.5,869.55,39873,341.44,"30-Jul-2026",1569,"",""
"190","ALLETEC","ST",134,137,130.4,136.35,136,137.25,26800,35.56,"30-Jul-2026",64,"",""
"191","ALLTIME","EQ",231,231,223.52,224.6,224,229.15,24179,54.85,"30-Jul-2026",717,"",""
"192","ALMONDZ","EQ",15.79,15.79,13.61,14.35,14.2,15.07,890679,129.49,"30-Jul-2026",2346,"",""
"193","ALOKINDS","EQ",12,12,11.82,11.85,11.88,12,2010022,239.29,"30-Jul-2026",5226,"",""
"194","ALPA","EQ",68.97,68.97,66.61,67.48,66.61,67.82,7795,5.28,"30-Jul-2026",122,"",""
"195","ALPEXSOLAR","SM",830,830,800.6,821.8,821,828.85,22300,181.46,"30-Jul-2026",167,"",""
"196","ALPHA","EQ",51,52.09,51,51.4,51.45,51.58,442904,227.38,"30-Jul-2026",1872,"",""
"197","ALPHAETF","EQ",25.88,25.98,25.68,25.73,25.8,25.87,208380,53.66,"30-Jul-2026",656,"",""
"198","ALPHAGEO","EQ",210,211,206.15,207.62,207.15,205.87,3195,6.67,"30-Jul-2026",192,"",""
"199","ALPINETEX","BE",69.69,72.5,69.69,69.69,69.69,73.35,637522,445.24,"30-Jul-2026",4876,"",""
"200","ALPL30IETF","EQ",28.13,28.27,28.05,28.24,28.26,28.13,238600,67.33,"30-Jul-2026",580,"",""
"201","ALUWIND","SM",49,49.2,48,49.2,49.2,50,7500,3.64,"30-Jul-2026",5,"",""
"202","AMAGI","EQ",653.9,669,638.95,658.6,657.75,650.9,377824,2493.44,"30-Jul-2026",33522,"",""
"203","AMANTA","BE",164.9,165.42,164.9,165.42,165.42,162.18,38284,63.23,"30-Jul-2026",145,"",""
"204","AMBAAUTO","SM",80,87.85,80,87.85,87.85,79.9,66000,55.14,"30-Jul-2026",42,"",""
"205","AMBALALSA","EQ",31.73,35,31.15,33.49,33.3,30.96,439044,147,"30-Jul-2026",2215,"",""
"206","AMBER","EQ",7411,7532.5,7365.5,7401,7377,7411.5,179885,13395.38,"30-Jul-2026",24090,"",""
"207","AMBICAAGAR","EQ",24.23,24.72,24.22,24.42,24.27,24.69,1824,0.44,"30-Jul-2026",18,"",""
"208","AMBIKCO","EQ",1709,1719.9,1687,1699.8,1687.1,1703,5852,99.85,"30-Jul-2026",702,"",""
"209","AMBUJACEM","EQ",434.5,435.9,427,434.2,435.4,435.3,2577752,11116.9,"30-Jul-2026",38163,"",""
"210","AMCL","SM",381,409.9,381,409.9,409.9,410,2000,7.91,"30-Jul-2026",5,"",""
"211","AMDIND","EQ",47,47.46,46.3,46.84,46.51,47.48,1770,0.83,"30-Jul-2026",39,"",""
"212","AMJLAND","EQ",38,39.62,37.61,39.11,39.25,38,14483,5.62,"30-Jul-2026",130,"",""
"213","AMNPLST","EQ",203.9,209.49,199.56,200.51,201,201.28,7392,15,"30-Jul-2026",359,"",""
"214","AMRUTANJAN","EQ",515.1,519.4,513.5,516,517.55,516.8,17028,88.02,"30-Jul-2026",1236,"",""
"215","ANANDRATHI","EQ",2040,2065.4,2030,2039.3,2040,2035,144170,2950.54,"30-Jul-2026",13364,"",""
"216","ANANTAM","IV",105.99,105.99,105,105.1,105.1,105.31,112025,117.74,"30-Jul-2026",322,"",""
"217","ANANTRAJ","EQ",613.9,615.9,602.75,609.6,610.65,613.4,3018560,18393.54,"30-Jul-2026",27784,"",""
"218","ANDHRAPAP","EQ",62,62.98,61.11,61.91,62.43,62.23,111288,68.8,"30-Jul-2026",1118,"",""
"219","ANDHRSUGAR","EQ",84.23,84.27,82,82.29,82.32,83.87,246784,204.18,"30-Jul-2026",2493,"",""
"220","ANGELONE","EQ",302,302,290.05,291.65,291.8,302.5,15181316,44584.15,"30-Jul-2026",88311,"",""
"221","ANIKINDS","EQ",41.15,44.4,40.62,41.94,42,42.77,3796,1.58,"30-Jul-2026",123,"",""
"222","ANKITMETAL","BZ",1.59,1.59,1.46,1.53,1.53,1.52,89475,1.32,"30-Jul-2026",73,"",""
"223","ANLON","ST",605,623,605,605,605,602.55,8000,48.55,"30-Jul-2026",7,"",""
"224","ANMOL","EQ",10.05,10.15,9.7,9.86,9.83,10.04,30429,3.01,"30-Jul-2026",236,"",""
"225","ANNAPURNA","SM",126.8,134.7,126.55,130.85,132,125.55,83250,107.85,"30-Jul-2026",159,"",""
"226","ANONDITA","SM",1090,1094.95,1050.95,1062.9,1068.95,1086.8,47600,510.98,"30-Jul-2026",101,"",""
"227","ANSALAPI","BZ",3.27,3.27,3.27,3.27,3.27,3.21,5082,0.17,"30-Jul-2026",3,"",""
"228","ANTELOPUS","EQ",791.15,812.75,790,797.6,798,791.15,97864,784.96,"30-Jul-2026",5539,"",""
"229","ANTGRAPHIC","EQ",0.74,0.77,0.73,0.73,0.73,0.75,143033,1.06,"30-Jul-2026",174,"",""
"230","ANTHEM","EQ",787.5,800,779.65,784.4,785,790,326748,2584.52,"30-Jul-2026",27351,"",""
"231","ANUHPHR","EQ",78.65,80.6,78.65,79.72,78.75,79.14,14669,11.63,"30-Jul-2026",325,"",""
"232","ANUP","EQ",2090.6,2170,2065,2154.7,2170,2090.6,24201,515.09,"30-Jul-2026",4835,"",""
"233","ANURAS","EQ",1217,1217.5,1203,1210.8,1208,1214.4,148720,1799.33,"30-Jul-2026",5625,"",""
"234","ANYA","SM",15.35,15.8,15.35,15.55,15.8,15.35,10000,1.56,"30-Jul-2026",2,"",""
"235","ANZEN","IV",129,129,129,129,129,127,25000,32.25,"30-Jul-2026",1,"",""
"236","AONEGOLD","EQ",13.32,13.32,13.14,13.26,13.26,13.18,325157,43.08,"30-Jul-2026",988,"",""
"237","AONELIQUID","EQ",1070.37,1070.38,1070.35,1070.37,1070.36,1070.22,20421,218.58,"30-Jul-2026",114,"",""
"238","AONENIFTY","EQ",10.08,10.08,9.95,10.02,10.04,9.99,245619,24.57,"30-Jul-2026",930,"",""
"239","AONESILVER","EQ",8.31,8.36,8.22,8.28,8.3,8.27,370826,30.59,"30-Jul-2026",982,"",""
"240","AONETMMQ50","EQ",9.97,9.97,9.86,9.91,9.92,9.93,31870,3.15,"30-Jul-2026",230,"",""
"241","AONETOTAL","EQ",12.27,12.27,11.87,11.88,11.87,11.89,223263,26.56,"30-Jul-2026",1201,"",""
"242","APARINDS","EQ",13801,13867,13478,13745,13798,13835,142210,19403.84,"30-Jul-2026",38570,"",""
"243","APCL","EQ",104.5,104.5,101.15,101.76,103,102.37,724,0.75,"30-Jul-2026",52,"",""
"244","APCOTEXIND","EQ",700,712,621.2,637.45,631.55,681.6,2737312,18383.5,"30-Jul-2026",86187,"",""
"245","APEX","EQ",375.2,377.8,368.6,370.65,371,378.45,44191,164.86,"30-Jul-2026",2095,"",""
"246","APEXECO","ST",255,265,255,255,255,255,4000,10.28,"30-Jul-2026",5,"",""
"247","APLAPOLLO","EQ",1875,1896.1,1855,1893.1,1893,1869.8,472980,8923.16,"30-Jul-2026",33669,"",""
"248","APLLTD","EQ",805.45,808.25,800.05,802.75,803.05,811.95,46368,372.78,"30-Jul-2026",5707,"",""
"249","APOLLO","EQ",381.6,381.9,375,378.1,375.95,383.1,3585425,13581.78,"30-Jul-2026",30510,"",""
"250","APOLLOHOSP","EQ",8900,9009,8865.5,8988,8959,8935,263013,23590.55,"30-Jul-2026",30236,"",""
"251","APOLLOPIPE","EQ",500,520.4,485.05,495.85,505,500.25,984501,4920.29,"30-Jul-2026",23952,"",""
"252","APOLLOTYRE","EQ",425,431.15,422.35,423.2,425,424.1,547551,2330.48,"30-Jul-2026",21854,"",""
"253","APOLSINHOT","EQ",1204,1230,1184,1222.8,1213.1,1201.9,1397,16.98,"30-Jul-2026",205,"",""
"254","APRAMEYA","SM",147,149,147,148.5,148.5,147.15,2500,3.71,"30-Jul-2026",5,"",""
"255","APS","SM",276.55,278.8,272.25,273.35,273,277.7,26750,73.53,"30-Jul-2026",74,"",""
"256","APSISAERO","ST",425.6,425.65,425.6,425.65,425.65,434.25,18000,76.61,"30-Jul-2026",14,"",""
"257","APTECHT","BE",90.55,92.87,89,90.66,90.95,91.6,35221,32,"30-Jul-2026",411,"",""
"258","APTUS","EQ",279.95,283.55,276.2,277.2,277.35,281.85,372783,1038.21,"30-Jul-2026",15192,"",""
"259","AQYLON","EQ",24,25.3,23.5,25.27,25.3,24.1,18538430,4676.31,"30-Jul-2026",10500,"",""
"260","ARCHIDPLY","EQ",82.4,83.45,80.55,80.74,81.49,83.49,4199,3.41,"30-Jul-2026",92,"",""
"261","ARCHIES","EQ",13.84,14.1,13.66,13.83,13.7,13.86,7086,0.98,"30-Jul-2026",95,"",""
"262","ARCIIL","ST",37,37.6,36.85,37.05,37.05,37.8,10000,3.71,"30-Jul-2026",7,"",""
"263","ARE&M","EQ",882.9,921.8,875.4,906.85,913,882.9,1646673,14864.15,"30-Jul-2026",58464,"",""
"264","ARENTERP","EQ",40.69,42.98,39.7,40.5,41.75,40.89,27622,11.33,"30-Jul-2026",186,"",""
"265","ARFIN","EQ",87,89.5,86.75,88.6,87.94,87.17,1007541,885.79,"30-Jul-2026",3426,"",""
"266","ARHAM","SM",172.15,173,170,171.8,170,172.1,32000,55.03,"30-Jul-2026",26,"",""
"267","ARIES","EQ",343.65,344.2,336.65,338.3,342.8,343.65,3952,13.42,"30-Jul-2026",233,"",""
"268","ARIHANT","EQ",1123,1139.6,1069.9,1087,1094.9,1144.9,4909,53.53,"30-Jul-2026",559,"",""
"269","ARIHANTACA","SM",450,450,450,450,450,450,800,3.6,"30-Jul-2026",2,"",""
"270","ARIHANTCAP","EQ",77,78.5,76.07,77.34,78.5,76.6,123442,94.99,"30-Jul-2026",1662,"",""
"271","ARIHANTSUP","EQ",260.6,263.65,256.6,258.6,256.6,259.35,16412,42.55,"30-Jul-2026",161,"",""
"272","ARIS","EQ",128.49,132.25,126.56,128.02,128.4,128.57,806262,1041.56,"30-Jul-2026",9600,"",""
"273","ARKADE","EQ",138.8,142,137.06,140.95,140.97,138.54,367422,513.29,"30-Jul-2026",3178,"",""
"274","ARMANFIN","EQ",1901,1931.7,1885,1896.2,1895,1912,31640,602.99,"30-Jul-2026",3052,"",""
"275","ARMOUR","ST",17.75,17.75,17.75,17.75,17.75,18.6,2000,0.36,"30-Jul-2026",1,"",""
"276","AROGRANITE","EQ",25.93,25.93,24.82,25.08,25.08,25.32,12985,3.28,"30-Jul-2026",104,"",""
"277","ARROWGREEN","BE",720,729,701.9,725.3,725.5,714.75,34422,246.81,"30-Jul-2026",332,"",""
"278","ARSHIYA","BZ",0.98,0.99,0.93,0.97,0.98,0.95,181719,1.74,"30-Jul-2026",106,"",""
"279","ARSSBL","EQ",514,514,507,508.85,507.9,512.4,73831,376.47,"30-Jul-2026",2413,"",""
"280","ARTEMISMED","EQ",302.95,308,295.8,302.15,302.95,298.6,587420,1775.69,"30-Jul-2026",12843,"",""
"281","ARTNIRMAN","EQ",38.69,39.95,38.69,38.8,38.81,38.5,80,0.03,"30-Jul-2026",7,"",""
"282","ARUNAYA","ST",16,16.4,16,16.4,16.4,16,18000,2.89,"30-Jul-2026",3,"",""
"283","ARVEE","EQ",155,156.36,152.12,153.61,153,157.78,174,0.27,"30-Jul-2026",13,"",""
"284","ARVIND","EQ",517.35,519.4,504.95,506.65,508.15,517.35,327798,1676.86,"30-Jul-2026",25454,"",""
"285","ARVINDFASN","EQ",448.9,455.9,442,446.9,448,448.9,161680,724.05,"30-Jul-2026",10799,"",""
"286","ARVINDPORT","ST",29.95,30,29.95,30,30,30,7500,2.25,"30-Jul-2026",4,"",""
"287","ARVSMART","EQ",598.55,599.2,590,594.45,590.65,599.5,13277,78.87,"30-Jul-2026",735,"",""
"288","ASAHIINDIA","EQ",878.75,878.85,866.5,869.3,871.5,878.75,36707,319.8,"30-Jul-2026",5740,"",""
"289","ASAHISONG","EQ",365.2,407.7,365.2,376.1,373,356.35,480857,1846.83,"30-Jul-2026",15361,"",""
"290","ASAL","EQ",504.6,516.3,497.1,503.4,497.1,505.35,15619,78.96,"30-Jul-2026",765,"",""
"291","ASALCBR","EQ",765.1,794,763.05,777.05,773.3,765.1,38402,299.93,"30-Jul-2026",3548,"",""
"292","ASHALOG","SM",52.55,52.55,52.55,52.55,52.55,55.85,1000,0.53,"30-Jul-2026",1,"",""
"293","ASHAPURMIN","EQ",708,726.25,700.1,706.45,704.6,707.7,753001,5386.67,"30-Jul-2026",28183,"",""
"294","ASHIANA","EQ",388.9,395,383.1,386.55,390,383.65,47280,183.94,"30-Jul-2026",1906,"",""
"295","ASHIKAG","EQ",480.2,497,472.55,482,489,486,412362,2017.67,"30-Jul-2026",6178,"",""
"296","ASHIMASYN","EQ",18.28,18.59,17.65,18.33,18.06,18.19,255402,46.49,"30-Jul-2026",568,"",""
"297","ASHOKA","EQ",123.48,124.04,122.2,123.23,124,123.67,391194,481.48,"30-Jul-2026",8142,"",""
"298","ASHOKAMET","EQ",14.48,14.5,14.15,14.3,14.3,14.2,7427,1.06,"30-Jul-2026",83,"",""
"299","ASHOKLEY","EQ",157.96,159.5,155.55,158.09,158.8,157.96,14946734,23486.4,"30-Jul-2026",75169,"",""
"300","ASHWINI","SM",195,196,193,193.65,193,194.4,11000,21.38,"30-Jul-2026",9,"",""
"301","ASIANENE","EQ",391.7,404,384.4,392.25,393.8,388.85,721100,2860.1,"30-Jul-2026",15028,"",""
"302","ASIANHOTNR","EQ",313.05,315.8,302.2,305.55,303.45,312.95,14947,45.78,"30-Jul-2026",1394,"",""
"303","ASIANPAINT","EQ",2758.1,2767.9,2666.2,2746.2,2750,2758.4,2387024,65019.69,"30-Jul-2026",127522,"",""
"304","ASIANTILES","EQ",60.49,63.74,59.31,60.71,61,60.71,28840787,17605.84,"30-Jul-2026",73777,"",""
"305","ASKAUTOLTD","EQ",510.05,524.7,505.05,508,509,518.95,237105,1217.07,"30-Jul-2026",10471,"",""
"306","ASMS","BE",7.17,7.28,7,7.1,7.12,7.06,196663,13.9,"30-Jul-2026",291,"",""
"307","ASPINWALL","EQ",240,247.48,236.2,239.87,240,245.07,1249,2.99,"30-Jul-2026",47,"",""
"308","ASPIRE","SM",15.85,15.85,15.1,15.1,15.1,15.85,8000,1.22,"30-Jul-2026",4,"",""
"309","ASTAR","EQ",638,638,557,582.85,588.9,585.1,530,3.12,"30-Jul-2026",45,"",""
"310","ASTEC","EQ",642.65,650.4,621.1,627,633,642.65,27293,172.68,"30-Jul-2026",2513,"",""
"311","ASTERDM","EQ",817.8,839.4,811.1,814,813.2,818.35,676830,5574.92,"30-Jul-2026",42324,"",""
"312","ASTRAL","EQ",1488.3,1504.4,1467.3,1471.9,1471,1476.3,574874,8515.66,"30-Jul-2026",36317,"",""
"313","ASTRAMICRO","EQ",1763.1,1769.9,1717.1,1726,1729.2,1773.8,250401,4361.66,"30-Jul-2026",17204,"",""
"314","ASTRAZEN","EQ",8180,8199.5,8065,8094.5,8110,8185,1629,132.69,"30-Jul-2026",666,"",""
"315","ASTRON","BE",3.98,3.98,3.73,3.85,3.86,3.85,28665,1.1,"30-Jul-2026",71,"",""
"316","ATALREAL","EQ",32.5,33.25,31.68,33,33.05,32.46,16384175,5317.87,"30-Jul-2026",11451,"",""
"317","ATAM","EQ",65.6,66.97,64.05,65.06,64.05,65.6,6185,4.06,"30-Jul-2026",174,"",""
"318","ATCENERGY","ST",21,22.85,20.95,21.9,21.9,21.85,12000,2.66,"30-Jul-2026",10,"",""
"319","ATGL","EQ",653,654.35,645.7,650.15,649.7,655.9,575298,3735.73,"30-Jul-2026",17716,"",""
"320","ATHERENERG","EQ",1253,1265.9,1232.5,1240.9,1242,1246.1,2463994,30825.39,"30-Jul-2026",122119,"",""
"321","ATL","EQ",23.5,23.5,22.83,22.95,22.93,23.39,49498,11.4,"30-Jul-2026",359,"",""
"322","ATLANTAA","EQ",35.01,35.99,35,35.42,35.5,35.59,11080,3.92,"30-Jul-2026",247,"",""
"323","ATLANTAELE","EQ",1540.6,1540.6,1495.2,1521,1520,1548.1,67300,1022.58,"30-Jul-2026",5841,"",""
"324","ATLASCYCLE","EQ",96.25,98.88,96.25,97.63,97.98,98.01,397,0.39,"30-Jul-2026",30,"",""
"325","ATLPP","E1",8.88,8.88,8.7,8.7,8.7,8.8,1519,0.13,"30-Jul-2026",14,"",""
"326","ATMASTCO","ST",151,151.75,149.3,149.5,149.5,151.05,3200,4.8,"30-Jul-2026",8,"",""
"327","ATUL","EQ",6790,6895,6767,6803,6820,6798.5,46892,3197.27,"30-Jul-2026",12038,"",""
"328","ATULAUTO","EQ",495.2,522,492,516,516.1,495.2,1166460,6015.36,"30-Jul-2026",30490,"",""
"329","AUBANK","EQ",1040,1040.3,1022.6,1030.7,1033,1042.3,1294208,13313.11,"30-Jul-2026",56387,"",""
"330","AURIONPRO","EQ",734.45,741,732.2,734.4,734.5,731.7,196337,1445.31,"30-Jul-2026",8561,"",""
"331","AUROIMPEX","SM",26.2,26.2,26,26,26,25.9,4800,1.25,"30-Jul-2026",3,"",""
"332","AUROPHARMA","EQ",1590,1607.5,1566.2,1576.3,1577,1590.7,733318,11643.18,"30-Jul-2026",43782,"",""
"333","AURUM","EQ",216.4,218.73,213.41,216.82,217,217.2,109615,236.91,"30-Jul-2026",2099,"",""
"334","AURUS","EQ",4.66,4.75,4.52,4.55,4.54,4.74,9022,0.42,"30-Jul-2026",169,"",""
"335","AUSOMENT","BE",138.95,138.95,133,138.67,137.5,136.66,4073,5.55,"30-Jul-2026",42,"",""
"336","AUTOAXLES","EQ",1811.5,1835.6,1790,1800.3,1797,1805.2,9193,166.22,"30-Jul-2026",1057,"",""
"337","AUTOBEES","EQ",288,292.17,286.67,291.79,292,287.38,471192,1365.02,"30-Jul-2026",6331,"",""
"338","AUTOIETF","EQ",30,30,28.72,29.27,29.35,28.83,900098,262.19,"30-Jul-2026",2040,"",""
"339","AUTOIND","BE",88.25,89.8,85.2,87.69,87.15,87.41,26988,23.81,"30-Jul-2026",215,"",""
"340","AVADHSUGAR","EQ",520.8,520.8,501,511.9,509,517.8,24035,122.78,"30-Jul-2026",649,"",""
"341","AVALON","EQ",1669.4,1802,1669.4,1759.5,1769.7,1677.3,813684,14297.76,"30-Jul-2026",75927,"",""
"342","AVANA","ST",150,150,147.25,147.25,147.25,155,26000,38.6,"30-Jul-2026",13,"",""
"343","AVANTEL","EQ",161.1,161.15,158.1,159.78,159.5,161.43,791887,1261.45,"30-Jul-2026",8962,"",""
"344","AVANTIFEED","EQ",949.95,964.95,926.5,930.7,930,946.7,600402,5655.79,"30-Jul-2026",19485,"",""
"345","AVATAR","ST",168.9,175.7,168.9,175.7,175.7,172.3,22000,37.84,"30-Jul-2026",9,"",""
"346","AVG","BE",206,209.5,201.96,205,205,206.68,6278,12.84,"30-Jul-2026",57,"",""
"347","AVIANSH","SM",100.85,101,100.85,101,101,100,2000,2.02,"30-Jul-2026",2,"",""
"348","AVIENCE","SM",251.25,256.75,244,246.7,248,257.95,33600,83.26,"30-Jul-2026",55,"",""
"349","AVL","EQ",631.4,631.45,615.55,625.35,627.3,626.3,157654,983.46,"30-Jul-2026",8529,"",""
"350","AVONMORE","EQ",11.99,11.99,11.05,11.15,11.2,10.98,1318590,152.8,"30-Jul-2026",3619,"",""
"351","AVPINFRA","SM",70.6,71.55,67.8,67.8,67.8,71.35,40000,27.73,"30-Jul-2026",41,"",""
"352","AVROIND","EQ",8.79,9.12,8.43,8.56,8.75,8.63,323458,28.26,"30-Jul-2026",771,"",""
"353","AVTNPL","EQ",69.4,72.58,69.4,70.42,70.9,69.98,50466,35.85,"30-Jul-2026",997,"",""
"354","AWFIS","EQ",281.3,283.1,274,276,274.75,281.3,134959,373.97,"30-Jul-2026",4344,"",""
"355","AWHCL","EQ",431,435.75,423,425.1,425.2,432.55,105827,452.68,"30-Jul-2026",4939,"",""
"356","AWL","EQ",189.55,189.85,187,187.58,187.65,189.91,1092465,2051.11,"30-Jul-2026",15753,"",""
"357","AXISBANK","EQ",1229,1232.2,1220.2,1228.9,1230.8,1235.4,6878684,84297.07,"30-Jul-2026",129058,"",""
"358","AXISCADES","EQ",1595,1595,1517.8,1523.5,1524,1565.7,160956,2504.43,"30-Jul-2026",11780,"",""
"359","AXITA","EQ",7.47,7.49,7.33,7.35,7.39,7.37,480552,35.52,"30-Jul-2026",969,"",""
"360","AYE","EQ",165.02,166.07,158.55,161.1,161.99,166.06,474585,770.37,"30-Jul-2026",7441,"",""
"361","AYMSYNTEX","EQ",245.06,247.94,236.92,245.46,245.5,239.94,18655,45.36,"30-Jul-2026",761,"",""
"362","AZAD","EQ",2395.2,2395.2,2250,2259.6,2259,2395.2,777513,17834.01,"30-Jul-2026",54005,"",""
"363","BAFNAPH","BE",257.76,257.76,257.76,257.76,257.76,252.71,268,0.69,"30-Jul-2026",9,"",""
"364","BAGDIGITAL","SM",108.6,108.6,107.5,107.5,107.5,108,9600,10.36,"30-Jul-2026",6,"",""
"365","BAGFILMS","EQ",4.49,4.57,4.42,4.43,4.43,4.47,95013,4.22,"30-Jul-2026",154,"",""
"366","BAGMANE","RR",104.99,105.1,104.4,104.84,104.61,104.94,1706770,1790.88,"30-Jul-2026",20815,"",""
"367","BAHETI","SM",730,730,710,711.7,718.5,716.5,15750,113.01,"30-Jul-2026",31,"",""
"368","BAIDFIN","EQ",9.85,10.09,9.78,9.85,9.83,9.9,49685,4.92,"30-Jul-2026",194,"",""
"369","BAJAJ-AUTO","EQ",11338,11525,11305.5,11432,11445,11338,295600,33838.92,"30-Jul-2026",51722,"",""
"370","BAJAJCON","EQ",536.4,546.45,531.6,538.1,543,536.5,342203,1845.92,"30-Jul-2026",10403,"",""
"371","BAJAJELEC","EQ",329.7,333.9,327.2,329.25,327.45,330.55,79236,261.67,"30-Jul-2026",1767,"",""
"372","BAJAJFINSV","EQ",1918.3,1933.4,1892.3,1909.4,1909,1924.4,752615,14359.54,"30-Jul-2026",61342,"",""
"373","BAJAJHCARE","EQ",327.7,331.7,323.35,327.45,325.15,326,183851,602.46,"30-Jul-2026",5179,"",""
"374","BAJAJHFL","EQ",87.53,87.53,85.35,86.52,86.69,87.63,7472434,6450.92,"30-Jul-2026",37833,"",""
"375","BAJAJHIND","EQ",16.88,17.06,16.61,16.65,16.65,16.92,2497147,418.34,"30-Jul-2026",5548,"",""
"376","BAJAJHLDNG","EQ",10875,10990,10875,10970,10919,10949,39575,4332.52,"30-Jul-2026",8546,"",""
"377","BAJAJINDEF","EQ",238,239,229,232.75,231.35,234.8,23350,54.17,"30-Jul-2026",939,"",""
"378","BAJAJST","EQ",390,398,383.55,390.9,396,383.45,7680,29.91,"30-Jul-2026",607,"",""
"379","BAJEL","EQ",178.51,178.62,174.51,175.97,175.25,177.62,86300,151.63,"30-Jul-2026",1422,"",""
"380","BAJFINANCE","EQ",1046,1068,1035.1,1053.5,1058,1054.4,9866564,103482.4,"30-Jul-2026",212790,"",""
"381","BALAJEE","EQ",27.49,27.49,26.78,27.06,26.78,26.91,13026,3.52,"30-Jul-2026",156,"",""
"382","BALAJIPHOS","SM",89.5,89.5,87,87.5,87.5,90,8000,7.1,"30-Jul-2026",6,"",""
"383","BALAJITELE","EQ",83.1,83.88,80.95,82.23,82.47,84.1,103886,85.14,"30-Jul-2026",1341,"",""
"384","BALAMINES","EQ",2260,2260,2215.3,2243.4,2233,2271.4,104820,2344.35,"30-Jul-2026",10790,"",""
"385","BALAXI","EQ",24.8,25.5,24,24.51,24.78,24.14,45022,11.06,"30-Jul-2026",225,"",""
"386","BALKRISHNA","EQ",18.11,19.5,16.3,17.41,17.13,17.66,73414,13,"30-Jul-2026",208,"",""
"387","BALKRISIND","EQ",2220.9,2336,2208,2306.9,2312,2081.7,4223176,95704.74,"30-Jul-2026",233459,"",""
"388","BALMLAWRIE","EQ",179.12,181.4,175.83,176.23,176,179.12,291909,520.16,"30-Jul-2026",2475,"",""
"389","BALPHARMA","EQ",87.1,89.29,87.1,87.9,88.25,88.1,7965,7,"30-Jul-2026",169,"",""
"390","BALRAMCHIN","EQ",605.45,612.9,594,596.3,598.5,606.3,236918,1430.38,"30-Jul-2026",17358,"",""
"391","BALUFORGE","EQ",442,442,431.25,433,432.2,441.3,161936,703.14,"30-Jul-2026",6404,"",""
"392","BANARBEADS","EQ",115.15,120,115.15,115.89,115.6,116.56,1102,1.29,"30-Jul-2026",52,"",""
"393","BANARISUG","EQ",3500,3500,3475,3497.1,3500,3475.7,178,6.21,"30-Jul-2026",21,"",""
"394","BANCOINDIA","EQ",628.95,632,623.5,626.8,626,627.85,55654,349.15,"30-Jul-2026",5662,"",""
"395","BANDHANBNK","EQ",173.2,174.23,171.44,172.72,172.85,173.58,9336125,16131.17,"30-Jul-2026",71242,"",""
"396","BANG","EQ",29.5,31.7,28.41,30.5,29.8,29.26,43884,13.29,"30-Jul-2026",338,"",""
"397","BANK10ADD","EQ",16.92,17.03,16.88,17.01,17.03,17,12655,2.15,"30-Jul-2026",84,"",""
"398","BANK10BETF","EQ",21.19,21.19,20.71,21.03,20.98,20.92,1806,0.38,"30-Jul-2026",26,"",""
"399","BANKA","BE",88.7,89.3,86.01,86.01,86.01,90.5,2239,1.97,"30-Jul-2026",15,"",""
"400","BANKADD","EQ",58.35,58.49,58.12,58.46,58.29,58.43,29212,17.07,"30-Jul-2026",156,"",""
"401","BANKBARODA","EQ",243,243,240.1,241.65,241.95,243.35,9423237,22779.42,"30-Jul-2026",53149,"",""
"402","BANKBEES","EQ",594,594,587.65,591.08,591.4,591.74,435483,2567.18,"30-Jul-2026",9079,"",""
"403","BANKBETA","EQ",59,59.2,58.71,59.02,59.15,59.26,50953,29.99,"30-Jul-2026",447,"",""
"404","BANKBETF","EQ",57.97,58.21,57.6,57.98,58.19,58.02,12678,7.35,"30-Jul-2026",219,"",""
"405","BANKETF","EQ",582.58,582.6,578.7,581.58,582.5,582.58,4431,25.72,"30-Jul-2026",883,"",""
"406","BANKIETF","EQ",59.27,59.27,58.28,58.6,58.55,58.69,384552,224.82,"30-Jul-2026",1198,"",""
"407","BANKINDIA","EQ",137.05,137.69,136.05,137.22,137.4,137.65,5363657,7353.69,"30-Jul-2026",31481,"",""
"408","BANKNIFTY1","EQ",59.38,59.47,58.91,59.31,59.39,59.38,119003,70.44,"30-Jul-2026",533,"",""
"409","BANKPSU","EQ",84.02,84.24,83.51,84.2,84.17,84.02,8340,7,"30-Jul-2026",77,"",""
"410","BANSALWIRE","EQ",312.5,319.45,312.5,315.05,317,318.35,86560,272.93,"30-Jul-2026",2783,"",""
"411","BANSWRAS","EQ",125.81,129.38,125.81,126.6,126.45,126.23,15224,19.4,"30-Jul-2026",345,"",""
"412","BARFLEX","SM",55,55,55,55,55,54.9,2000,1.1,"30-Jul-2026",1,"",""
"413","BASF","EQ",3740,3740,3670.1,3687.9,3680,3740.7,7715,284.78,"30-Jul-2026",1862,"",""
"414","BASILIC","SM",199,205.9,196.1,202,202.1,198.75,23400,47.08,"30-Jul-2026",57,"",""
"415","BASML","BE",27,27.25,26.65,26.89,26.99,27,31538,8.52,"30-Jul-2026",71,"",""
"416","BATAINDIA","EQ",700,704.95,696.95,700.05,700.4,698.35,169907,1189.89,"30-Jul-2026",7317,"",""
"417","BATLIBOI","EQ",84.5,84.54,81.95,82.37,82,84.33,21489,17.83,"30-Jul-2026",418,"",""
"418","BAWEJA","ST",27.05,27.05,26.25,26.5,26.5,26.65,8800,2.36,"30-Jul-2026",7,"",""
"419","BAYERCROP","EQ",4250,4267,4212.6,4226.5,4226.9,4248.3,16661,706.31,"30-Jul-2026",3965,"",""
"420","BBETF0432","EQ",1355.86,1358.88,1351.01,1356.53,1358.88,1349.68,1038,14.09,"30-Jul-2026",46,"",""
"421","BBL","EQ",2584.1,2584.1,2475.3,2495.6,2494.8,2572.2,29297,737.06,"30-Jul-2026",5103,"",""
"422","BBNPNBETF","EQ",56.41,57.67,56.41,57.43,57.43,57.56,540,0.31,"30-Jul-2026",24,"",""
"423","BBNPPGOLD","EQ",136.15,138,136.15,137.85,138,137.15,914,1.26,"30-Jul-2026",46,"",""
"424","BBOX","EQ",740.65,743.45,725,726.8,726.45,740.65,216239,1585.74,"30-Jul-2026",11899,"",""
"425","BBTC","EQ",1500,1506,1486,1493.4,1488,1498.1,18048,269.74,"30-Jul-2026",3636,"",""
"426","BBTCL","EQ",217.74,231,216.01,226.53,230.9,217.74,28547,64.05,"30-Jul-2026",385,"",""
"427","BCG","EQ",9.4,9.4,9.26,9.28,9.28,9.39,2182820,203.48,"30-Jul-2026",2695,"",""
"428","BCLIND","EQ",34.47,34.99,34.18,34.7,34.95,34.66,266180,91.76,"30-Jul-2026",1432,"",""
"429","BCONCEPTS","EQ",188.98,192.99,182.87,186.37,185.76,188.99,3244,6.09,"30-Jul-2026",245,"",""
"430","BCPL","EQ",71.3,71.3,69,69.72,69.29,70.43,13468,9.43,"30-Jul-2026",378,"",""
"431","BDL","EQ",1260,1265.4,1240.2,1245.9,1246,1261.8,559995,6990.25,"30-Jul-2026",28567,"",""
"432","BEACON","ST",90,90,88.5,88.5,88.5,89.15,4000,3.57,"30-Jul-2026",4,"",""
"433","BEARDSELL","EQ",27.99,27.99,26.51,26.63,26.51,26.94,9115,2.44,"30-Jul-2026",110,"",""
"434","BECTORFOOD","EQ",215,219.5,210.89,213.87,212.59,216.29,2036609,4375.28,"30-Jul-2026",21069,"",""
"435","BEDMUTHA","EQ",106.55,111.55,106.55,109.69,109.61,107.87,4292,4.74,"30-Jul-2026",46,"",""
"436","BEEKAY","EQ",399,399,390.05,397.75,398.75,399.9,1763,6.97,"30-Jul-2026",36,"",""
"437","BEL","EQ",386,387.5,382.7,384.9,384.75,387.55,16521484,63564.11,"30-Jul-2026",166743,"",""
"438","BELLACASA","EQ",241.5,241.5,233,234.5,235,236.25,5156,12.11,"30-Jul-2026",326,"",""
"439","BELRISE","EQ",229.91,233.38,228.35,232.79,232.38,230.47,2310171,5348.79,"30-Jul-2026",24187,"",""
"440","BEML","EQ",1766.5,1785.7,1748.8,1756.4,1750.9,1781.4,128746,2268.37,"30-Jul-2026",19064,"",""
"441","BENGALASM","EQ",6309.5,6309.5,6160.5,6203,6192.5,6232.5,34,2.11,"30-Jul-2026",25,"",""
"442","BEPL","EQ",115,115.49,111.21,111.81,112,114.53,1298992,1462.64,"30-Jul-2026",9139,"",""
"443","BERGEPAINT","EQ",516.9,526,512.2,521.35,522,520.05,315910,1644.62,"30-Jul-2026",18985,"",""
"444","BESTAGRO","EQ",17.49,17.5,16.22,16.6,16.49,16.74,2876041,485.86,"30-Jul-2026",6272,"",""
"445","BETA","EQ",2268,2274.8,2176.4,2203.4,2181,2233.2,18251,406.26,"30-Jul-2026",3607,"",""
"446","BEWLTD","SM",58.4,59.45,57.3,58.5,58.5,58.5,10500,6.15,"30-Jul-2026",16,"",""
"447","BFINVEST","EQ",450.8,450.95,444.1,445.65,445.4,451.5,16789,75.13,"30-Jul-2026",871,"",""
"448","BFSI","EQ",27.62,27.62,27.1,27.21,27.3,27.32,196310,53.38,"30-Jul-2026",740,"",""
"449","BFUTILITIE","EQ",576.55,579.55,556,561.2,560.35,575.1,37458,211.32,"30-Jul-2026",2162,"",""
"450","BGRENERGY","BE",298,301.9,290.05,301.9,301.9,287.55,88635,265.39,"30-Jul-2026",670,"",""
"451","BHADORA","ST",86.05,88.95,86,88.95,88.95,89.5,7200,6.3,"30-Jul-2026",6,"",""
"452","BHAGCHEM","EQ",267.05,271.95,264.35,269.1,271.8,267.05,53165,142.59,"30-Jul-2026",1375,"",""
"453","BHAGERIA","BE",205.2,209,199,202.08,203.8,206.25,27631,56.37,"30-Jul-2026",303,"",""
"454","BHAGYANGR","BE",372,393,367.4,367.95,370,386.7,190038,707.26,"30-Jul-2026",2504,"",""
"455","BHANDARI","BE",2.84,2.95,2.81,2.84,2.87,2.88,100725,2.89,"30-Jul-2026",200,"",""
"456","BHARATCOAL","EQ",34.2,34.24,33.6,33.79,33.81,34.27,8755646,2966.23,"30-Jul-2026",20115,"",""
"457","BHARATFORG","EQ",2165,2175.4,2141.4,2164.7,2167.1,2171.5,317987,6859.21,"30-Jul-2026",25932,"",""
"458","BHARATGEAR","BE",126.39,126.9,123.2,124.56,125.65,126.39,10090,12.65,"30-Jul-2026",114,"",""
"459","BHARATRAS","EQ",1281.9,1283.7,1260,1267.1,1260,1275.9,4980,63.39,"30-Jul-2026",770,"",""
"460","BHARATSE","EQ",210,212.14,205,208.57,208.26,209.75,176649,369.81,"30-Jul-2026",4019,"",""
"461","BHARATWIRE","EQ",201.55,201.55,195.5,196.74,195.88,201.55,45702,90.33,"30-Jul-2026",1300,"",""
"462","BHARTIARTL","EQ",1954,1963.2,1943.9,1956.8,1946.6,1950.2,5356472,104624.79,"30-Jul-2026",198346,"",""
"463","BHARTIHEXA","EQ",1656.1,1678.1,1636,1654,1659.1,1654.5,74039,1227.12,"30-Jul-2026",12128,"",""
"464","BHEL","EQ",406,406,399.75,403,404.25,405.15,5875071,23643.89,"30-Jul-2026",55424,"",""
"465","BI","EQ",60.9,60.9,58.2,58.73,59,58.2,1054,0.62,"30-Jul-2026",55,"",""
"466","BIGBLOC","EQ",45.91,46.5,45.11,45.41,45.3,45.91,39341,18.03,"30-Jul-2026",491,"",""
"467","BIKAJI","EQ",641,654.15,638,643.7,647.3,641.85,65072,421.76,"30-Jul-2026",7247,"",""
"468","BIKEWO","ST",64.5,65.3,62,64.05,64.1,63.95,94000,60.5,"30-Jul-2026",47,"",""
"469","BIL","EQ",747.8,750,740.55,749.95,750,749.75,341,2.55,"30-Jul-2026",19,"",""
"470","BILVYAPAR","BE",4,4.06,3.92,3.99,4,4,1008,0.04,"30-Jul-2026",25,"",""
"471","BIMETAL","EQ",640.05,676.9,640.05,670.15,659,643.8,320,2.12,"30-Jul-2026",41,"",""
"472","BIOCON","EQ",430.85,432.7,421.35,425.35,426,431.1,4969746,21113.95,"30-Jul-2026",93585,"",""
"473","BIOFILCHEM","EQ",33.4,33.4,32,32.05,32.01,32.67,3873,1.25,"30-Jul-2026",90,"",""
"474","BIOPOL","SM",103,108.9,102.55,104.65,103.1,104.7,144000,150.63,"30-Jul-2026",85,"",""
"475","BIRET","RR",342.25,345.48,338.2,341.12,340.99,342.58,349573,1195.94,"30-Jul-2026",10890,"",""
"476","BIRLACABLE","BE",198.28,200,190,194.11,195,198.28,23293,45.37,"30-Jul-2026",372,"",""
"477","BIRLACORPN","EQ",891.8,892.75,878.05,885,886.05,889.15,66229,586.17,"30-Jul-2026",7058,"",""
"478","BIRLAMONEY","EQ",132,134.13,130.11,131.25,131.21,131.8,57365,75.9,"30-Jul-2026",1463,"",""
"479","BIRLANU","EQ",1366,1385.9,1332,1337,1340,1379.8,14381,194.98,"30-Jul-2026",1471,"",""
"480","BIRLAPREC","EQ",33.95,34.77,33.3,34.41,34.5,33.94,9855,3.37,"30-Jul-2026",151,"",""
"481","BLACKBUCK","EQ",523.55,575,523.55,544.65,540.95,523.55,2920000,16294.65,"30-Jul-2026",92647,"",""
"482","BLACKROSE","BE",107.3,111,106,106.18,106,110.85,9686,10.4,"30-Jul-2026",182,"",""
"483","BLAL","EQ",176.5,179.85,173.01,175.1,173.51,176.78,29767,52.41,"30-Jul-2026",475,"",""
"484","BLBLIMITED","EQ",15.89,15.89,15.45,15.53,15.5,15.82,35234,5.49,"30-Jul-2026",122,"",""
"485","BLIL","EQ",70.13,70.54,69.82,69.98,69.91,70.02,34161,23.97,"30-Jul-2026",379,"",""
"486","BLISSGVS","BE",460,464.85,452.5,455.15,453,456,239331,1093.96,"30-Jul-2026",2400,"",""
"487","BLKASHYAP","EQ",54.2,54.35,53.4,53.67,53.77,54.01,183170,98.44,"30-Jul-2026",1225,"",""
"488","BLS","EQ",242,243.35,238.05,238.75,238.65,241.9,478188,1145.49,"30-Jul-2026",12842,"",""
"489","BLSE","EQ",297.7,300.76,293.81,294.72,295.48,298.81,586016,1736.61,"30-Jul-2026",8283,"",""
"490","BLUECHIP","BE",1.79,1.79,1.79,1.79,1.79,1.82,793,0.01,"30-Jul-2026",9,"",""
"491","BLUECOAST","BE",25.16,25.16,23.5,24.75,24.75,23.97,176,0.04,"30-Jul-2026",19,"",""
"492","BLUEDART","EQ",5059,5096,5018,5025.9,5025.6,5069.6,7629,384.26,"30-Jul-2026",1874,"",""
"493","BLUEJET","EQ",603,615.4,599.85,612.45,613.5,602.75,1135413,6914.41,"30-Jul-2026",32787,"",""
"494","BLUEPEBBLE","SM",69,72.05,69,70,70,66.75,4800,3.39,"30-Jul-2026",12,"",""
"495","BLUESTARCO","EQ",1688,1704,1665.5,1691.4,1704,1680.8,230182,3884.62,"30-Jul-2026",21662,"",""
"496","BLUESTONE","EQ",778,785,754,762.6,762,770.25,4903495,37544.35,"30-Jul-2026",100699,"",""
"497","BLUEWATER","ST",451.3,451.3,439.35,439.35,439.35,462.45,20000,88.2,"30-Jul-2026",19,"",""
"498","BLUSPRING","EQ",113.78,116.2,110.27,114.11,112,114.11,408942,461.85,"30-Jul-2026",3561,"",""
"499","BMLL","SM",159.35,162.1,153.5,153.5,153.5,158.55,64000,101.57,"30-Jul-2026",58,"",""
"500","BMWVENTLTD","EQ",57.49,57.49,56.21,56.32,56.45,57.51,81395,46.13,"30-Jul-2026",1471,"",""
"501","BNAGROCHEM","BE",274.7,274.7,274,274,274,274.7,18275,50.07,"30-Jul-2026",4,"",""
"502","BNALTD","BE",405.3,421.5,400.9,410.9,400.9,422,224,0.9,"30-Jul-2026",10,"",""
"503","BNKETFAXIS","EQ",587.51,588.35,586,587.51,587.51,589.34,96,0.56,"30-Jul-2026",19,"",""
"504","BODALCHEM","BE",74.79,74.79,68.5,69.81,70,71.53,643099,463.67,"30-Jul-2026",1615,"",""
"505","BOHRAIND","EQ",15.22,15.22,14.13,14.19,14.13,14.5,40508,6.04,"30-Jul-2026",134,"",""
"506","BOMDYEING","EQ",121.03,121.43,119.11,119.36,119.67,121.03,239596,286.99,"30-Jul-2026",2733,"",""
"507","BONLON","EQ",40.66,40.99,39.3,40.22,40.5,40.66,7981,3.18,"30-Jul-2026",134,"",""
"508","BORANA","EQ",329.5,329.9,321.1,324.25,322,327.6,19947,64.69,"30-Jul-2026",654,"",""
"509","BOROLTD","EQ",231.88,242,230.16,235.79,239.2,231.88,75559,177.16,"30-Jul-2026",2203,"",""
"510","BORORENEW","EQ",573.95,574.5,559,561.85,561.8,573.95,582163,3299.69,"30-Jul-2026",23819,"",""
"511","BOROSCI","EQ",158.69,159.57,154.65,155.41,157.68,157.14,109196,171.83,"30-Jul-2026",1904,"",""
"512","BOSCH-HCIL","EQ",1328,1328,1305,1310.5,1308.6,1317.6,9024,118.42,"30-Jul-2026",620,"",""
"513","BOSCHLTD","EQ",41065,41600,40905,41550,41600,41065,27710,11443.42,"30-Jul-2026",13372,"",""
"514","BOSS","SM",35.3,35.9,35.3,35.9,35.9,34.2,18000,6.45,"30-Jul-2026",5,"",""
"515","BPCL","EQ",315.4,318.35,312.85,315.8,316.4,317.4,6601344,20827.09,"30-Jul-2026",49672,"",""
"516","BPL","EQ",52.8,54.2,51.7,52.71,52.5,52.57,47519,25.24,"30-Jul-2026",1333,"",""
"517","BRACEPORT","SM",57,61.05,57,61.05,61.05,63,8000,4.69,"30-Jul-2026",3,"",""
"518","BRANDMAN","SM",178.1,183.45,178.1,183.45,183.45,176.85,3200,5.77,"30-Jul-2026",4,"",""
"519","BRIGADE","EQ",567.4,570,561.2,565.1,565.05,564.25,260406,1473.12,"30-Jul-2026",15871,"",""
"520","BRIGHOTEL","EQ",60.3,60.53,59.07,60.04,59.83,59.98,73508,43.82,"30-Jul-2026",1200,"",""
"521","BRITANNIA","EQ",5528,5562,5482.5,5524.5,5530,5517.5,258715,14309.63,"30-Jul-2026",27708,"",""
"522","BRNL","EQ",17.48,17.9,17.13,17.53,17.51,17.48,20467,3.59,"30-Jul-2026",227,"",""
"523","BROOKS","BE",60.89,61.63,57.5,59.61,60,59.88,21976,13.07,"30-Jul-2026",185,"",""
"524","BSE","EQ",3531,3545.1,3504,3530.3,3532.8,3541.4,1634439,57625.58,"30-Jul-2026",86455,"",""
"525","BSE500IETF","EQ",39.36,39.5,39.24,39.42,39.48,39.36,61502,24.24,"30-Jul-2026",523,"",""
"526","BSHSL","BE",87,87.9,84,86.81,87,86.65,5582,4.73,"30-Jul-2026",61,"",""
"527","BSL","EQ",124.2,126.8,124.2,124.7,125,125.35,1450,1.81,"30-Jul-2026",35,"",""
"528","BSLGOLDETF","EQ",124.3,124.95,124.17,124.82,124.8,124.29,30414,37.91,"30-Jul-2026",944,"",""
"529","BSLNIFTY","EQ",28.46,28.51,28.31,28.48,28.51,28.41,1168537,332.71,"30-Jul-2026",4300,"",""
"530","BSLSENETFG","EQ",77.22,78.5,77.22,78.3,78.5,78.01,3590,2.81,"30-Jul-2026",112,"",""
"531","BSOFT","EQ",309.4,318.7,305,306.3,306.75,311.15,2552655,7956.47,"30-Jul-2026",38587,"",""
"532","BTML","EQ",6.24,6.46,6.05,6.16,6.14,6.24,307839,19.11,"30-Jul-2026",399,"",""
"533","BTTL","BE",46.4,47.72,45.4,46.77,46.77,46.87,1683,0.78,"30-Jul-2026",36,"",""
"534","BUILDPRO","EQ",1234.8,1235,1203.1,1212.2,1210.1,1230.2,25847,315.31,"30-Jul-2026",2350,"",""
"535","BULKCORP","SM",57.7,57.7,57.7,57.7,57.7,60.7,2400,1.38,"30-Jul-2026",2,"",""
"536","BUTTERFLY","EQ",729.15,745,717.1,722.3,717.1,729.15,15239,110.98,"30-Jul-2026",1362,"",""
"537","BVCL","EQ",41.4,43.2,41.4,42.1,41.57,41.6,12000,5.05,"30-Jul-2026",155,"",""
"538","BYKE","BE",34.74,34.74,32.27,34.49,34.5,33.5,94455,32.27,"30-Jul-2026",175,"",""
"539","C2C","SM",262.8,274,247.2,270.9,270.1,258.7,204600,540.91,"30-Jul-2026",1001,"",""
"540","CALSOFT","BE",21.78,21.78,21,21.08,21.22,21.2,57201,12.08,"30-Jul-2026",144,"",""
"541","CAMLINFINE","EQ",129.8,130,125.4,125.71,125.9,130.15,328737,416.33,"30-Jul-2026",4600,"",""
"542","CAMPUS","EQ",223.49,224.82,219.15,220.35,220.75,223.37,538298,1193.61,"30-Jul-2026",13541,"",""
"543","CAMS","EQ",792.4,799.6,783.75,793.15,793.2,792.4,613918,4868.38,"30-Jul-2026",34907,"",""
"544","CANARYS","SM",19.75,20.2,19.35,19.55,19.35,19.85,160000,31.83,"30-Jul-2026",38,"",""
"545","CANBK","EQ",124.7,124.89,123.66,124.28,124.59,124.72,13652920,16955.95,"30-Jul-2026",51149,"",""
"546","CANFINHOME","EQ",824,824,812.95,816.3,815.7,822.15,109862,899.35,"30-Jul-2026",9775,"",""
"547","CANHLIFE","EQ",147.5,148.89,145.35,147.13,147.01,147.08,391005,574.85,"30-Jul-2026",7413,"",""
"548","CANTABIL","EQ",239.5,242.47,235,240.66,242,238.11,59527,142.03,"30-Jul-2026",1626,"",""
"549","CAPACITE","EQ",218.85,218.9,214.95,216.55,217.25,219.2,122654,265.39,"30-Jul-2026",2776,"",""
"550","CAPILLARY","EQ",521,530,508.05,513.9,515,527.45,227357,1170.38,"30-Jul-2026",4835,"",""
"551","CAPINVIT","IV",74.47,74.47,73.21,73.81,73.7,74.3,243963,180.05,"30-Jul-2026",3833,"",""
"552","CAPITALSFB","EQ",298.3,298.5,295,296.05,296,298.3,17707,52.52,"30-Jul-2026",560,"",""
"553","CAPLIPOINT","EQ",2613.2,2638.4,2517.4,2536.3,2536,2613.2,82641,2117.77,"30-Jul-2026",13903,"",""
"554","CAPTRUST","EQ",16.29,17.31,15.67,17.31,17.31,16.49,193295,32.74,"30-Jul-2026",550,"",""
"555","CARBORUNIV","EQ",1061.2,1061.2,1043.2,1051,1055.1,1056,64135,674.88,"30-Jul-2026",9048,"",""
"556","CARERATING","EQ",1699,1726,1686.6,1707.6,1706.2,1689.6,25345,432.53,"30-Jul-2026",4847,"",""
"557","CARRARO","EQ",527.5,538.2,524.1,536.15,533.1,530.05,63695,339.34,"30-Jul-2026",3695,"",""
"558","CARTRADE","EQ",2854,2854,2706.2,2791.7,2770.4,2855.7,898428,24939.67,"30-Jul-2026",67965,"",""
"559","CARYSIL","EQ",1178,1215,1154.6,1189,1189,1178.4,57602,680.1,"30-Jul-2026",3282,"",""
"560","CASHIETF","EQ",1073.03,1073.05,1073.03,1073.05,1073.05,1072.89,188746,2025.33,"30-Jul-2026",154,"",""
"561","CASTROLIND","EQ",184.5,185.9,184.48,184.82,184.98,184.95,959859,1775.15,"30-Jul-2026",18038,"",""
"562","CCAVENUE","EQ",16.65,16.65,15.95,15.98,16.02,16.68,12031672,1945.56,"30-Jul-2026",13209,"",""
"563","CCCL","EQ",15.71,16.02,15.38,15.55,15.76,15.7,307801,48.23,"30-Jul-2026",1098,"",""
"564","CCHHL","EQ",12.6,12.97,12.44,12.81,12.65,12.69,9769,1.25,"30-Jul-2026",55,"",""
"565","CCL","EQ",1190.7,1203.3,1171,1174,1171.2,1198.6,181470,2145.5,"30-Jul-2026",13813,"",""
"566","CDSL","EQ",1349,1349.9,1325,1336.4,1337,1350,813461,10857.99,"30-Jul-2026",31160,"",""
"567","CEATLTD","EQ",3449.2,3523.4,3410.5,3464,3470,3433.8,116431,4044.5,"30-Jul-2026",14369,"",""
"568","CEDAAR","ST",16.65,16.85,16.35,16.55,16.55,16.35,104000,17.04,"30-Jul-2026",13,"",""
"569","CEIGALL","EQ",333,344,330,334.7,335,333.55,230304,775.64,"30-Jul-2026",9268,"",""
"570","CEINSYS","EQ",856.7,857.45,836.15,840.2,839,852,26964,227.38,"30-Jul-2026",1850,"",""
"571","CELEBRITY","EQ",6.98,7.18,6.82,6.97,7.08,7.01,23300,1.63,"30-Jul-2026",86,"",""
"572","CELLECOR","ST",31.55,33.2,31.55,33.15,33.05,32.35,84000,27.44,"30-Jul-2026",28,"",""
"573","CELLO","EQ",346.7,348.4,339,340.3,339.5,345.1,152431,521.65,"30-Jul-2026",7642,"",""
"574","CELLPOINT","SM",19.95,19.95,18,18,18,19.95,4800,0.91,"30-Jul-2026",4,"",""
"575","CEMNTGROWW","EQ",15.65,15.65,15.14,15.25,15.14,15.41,85321,13.05,"30-Jul-2026",623,"",""
"576","CEMPRO","EQ",1341.2,1385,1274.6,1358.7,1367,1341.6,813831,10758.2,"30-Jul-2026",26286,"",""
"577","CENTENKA","EQ",612,625,602.7,606,604,611.25,279362,1713.19,"30-Jul-2026",9119,"",""
"578","CENTEXT","EQ",18.32,18.59,18.32,18.42,18.4,18.47,41411,7.64,"30-Jul-2026",278,"",""
"579","CENTRALBK","EQ",31.15,31.15,30.91,31.02,31.1,31.19,2570287,797.42,"30-Jul-2026",10308,"",""
"580","CENTRUM","EQ",23.1,23.75,22.95,23.04,23.03,23.26,446719,103.47,"30-Jul-2026",1574,"",""
"581","CENTUM","EQ",3578.5,3600,3413.3,3446.8,3444,3578.5,29914,1042.4,"30-Jul-2026",4771,"",""
"582","CENTURYPLY","EQ",782.8,796,776.3,793.75,794,782.8,22233,176.16,"30-Jul-2026",3920,"",""
"583","CERA","EQ",6140,6169,6087.5,6117,6123.5,6143,4411,270,"30-Jul-2026",1334,"",""
"584","CEREBRAINT","BZ",3.07,3.07,2.91,2.92,2.92,2.98,87210,2.57,"30-Jul-2026",113,"",""
"585","CESC","EQ",164,165.54,161.98,164.93,165.1,164.12,1322931,2173.1,"30-Jul-2026",17967,"",""
"586","CEWATER","EQ",291.25,294.3,282.5,286.35,284,291.25,45361,131.37,"30-Jul-2026",2736,"",""
"587","CGCL","EQ",226.95,227.97,218.59,220.8,225,226.55,2677716,5928.98,"30-Jul-2026",19286,"",""
"588","CGPOWER","EQ",830,835.65,814.85,832.6,833,829.5,4206454,34610.39,"30-Jul-2026",117618,"",""
"589","CGRAPHICS","SM",129,134,128.7,133.35,134,128.5,30400,39.93,"30-Jul-2026",36,"",""
"590","CHALET","EQ",804,813.25,785.05,805,804.5,836.7,270058,2161.29,"30-Jul-2026",23170,"",""
"591","CHAMBLFERT","EQ",451,456,442,445.85,443,451.45,603476,2714.07,"30-Jul-2026",15183,"",""
"592","CHANDAN","SM",240,243,236.3,238.1,238.1,243,22400,53.81,"30-Jul-2026",21,"",""
"593","CHAVDA","SM",125.2,127.5,125,125.1,125,125,49000,61.57,"30-Jul-2026",41,"",""
"594","CHEMBOND","BE",173.99,173.99,166.6,167.22,166.6,174.98,2189,3.67,"30-Jul-2026",106,"",""
"595","CHEMBONDCH","BE",224.96,224.96,217.34,218.61,217.41,228.77,5781,12.71,"30-Jul-2026",238,"",""
"596","CHEMCON","BE",176.05,176.9,173,173.44,174,176.05,8209,14.36,"30-Jul-2026",202,"",""
"597","CHEMFAB","BE",382,382,364,373.55,373.5,378.95,4106,15.28,"30-Jul-2026",70,"",""
"598","CHEMICAL","EQ",30.67,30.67,30,30.1,30.12,30.37,366548,110.49,"30-Jul-2026",1121,"",""
"599","CHEMPLASTS","EQ",204.5,205.47,200.77,201.71,202,203.35,144450,291.83,"30-Jul-2026",3158,"",""
"600","CHENNPETRO","EQ",1215.1,1288.7,1212.9,1238.2,1244,1212.3,2988121,37604.05,"30-Jul-2026",97194,"",""
"601","CHETANA","ST",46.55,46.55,46,46,46,46.55,3200,1.48,"30-Jul-2026",2,"",""
"602","CHEVIOT","EQ",1166.9,1168,1105.1,1127.6,1127,1166.9,4784,54.14,"30-Jul-2026",588,"",""
"603","CHOICEGOLD","EQ",140.9,141.5,139.21,141.42,140.89,140.51,3451,4.86,"30-Jul-2026",95,"",""
"604","CHOICEIN","EQ",800,803,795.1,798.7,796,800.1,228721,1828.84,"30-Jul-2026",5488,"",""
"605","CHOLAFIN","EQ",1785.4,1808.8,1758,1773.8,1775.5,1802.9,1209091,21429.46,"30-Jul-2026",62508,"",""
"606","CHOLAHLDNG","EQ",1517.7,1521.9,1493,1503.4,1504,1517.7,347353,5242.63,"30-Jul-2026",14998,"",""
"607","CIEINDIA","EQ",416.95,416.95,409.8,411.9,412,414.75,171124,707.22,"30-Jul-2026",9886,"",""
"608","CIFL","EQ",20.69,21.4,20.32,21.01,21,20.4,67261,13.89,"30-Jul-2026",661,"",""
"609","CINELINE","EQ",80.96,81.3,80.72,81,81,80.51,5929,4.8,"30-Jul-2026",133,"",""
"610","CINEVISTA","EQ",15.58,15.58,14.55,15,15,15.12,5865,0.88,"30-Jul-2026",86,"",""
"611","CIPLA","EQ",1478.8,1483.8,1464.1,1466.4,1468,1474.3,833068,12267.02,"30-Jul-2026",54949,"",""
"612","CITIUSINVT","IV",109.9,110,109.36,109.48,109.38,109.28,85189,93.4,"30-Jul-2026",1849,"",""
"613","CKKRETAIL","SM",145.4,145.75,145,145.05,145,145.95,24000,34.83,"30-Jul-2026",12,"",""
"614","CLASSICEIL","ST",59.1,59.1,57.5,57.5,57.5,59.1,4800,2.79,"30-Jul-2026",3,"",""
"615","CLAYCRAFT","SM",164.85,164.9,162,162.35,162,165.15,9000,14.71,"30-Jul-2026",14,"",""
"616","CLEAN","EQ",737,741.05,723.75,729.05,727.15,737.3,160838,1177.28,"30-Jul-2026",15137,"",""
"617","CLEANMAX","EQ",1325,1330.3,1292,1309,1311,1328.2,69694,909.36,"30-Jul-2026",7031,"",""
"618","CLEDUCATE","BE",56.3,57,54.99,55.26,55.26,56.3,7677,4.3,"30-Jul-2026",63,"",""
"619","CLSEL","EQ",278,286,275.3,279.95,280.45,278.7,68893,193.6,"30-Jul-2026",2592,"",""
"620","CLSL","SM",63,66,63,66,66,62,16000,10.37,"30-Jul-2026",8,"",""
"621","CMLL","EQ",558.75,558.75,520.2,529.45,531.65,561.3,2961324,15808.67,"30-Jul-2026",47921,"",""
"622","CMNL","SM",98.05,98.05,92.25,95.3,95.1,99,18750,17.79,"30-Jul-2026",25,"",""
"623","CMPDI","EQ",244.5,244.5,237.01,238.95,239,244.61,1423268,3409.98,"30-Jul-2026",28334,"",""
"624","CMRGREEN","EQ",215.25,217.85,213,213.9,213.7,215.15,490888,1055.67,"30-Jul-2026",8941,"",""
"625","CMRSL","SM",67.5,67.5,67.45,67.45,67.45,71,1600,1.08,"30-Jul-2026",2,"",""
"626","CMSINFO","EQ",278.35,278.5,267.65,268.5,269.5,277.65,582860,1579.57,"30-Jul-2026",14696,"",""
"627","CNL","EQ",990.85,1018,985.2,997.15,998,990.85,106103,1066.09,"30-Jul-2026",6600,"",""
"628","COALINDIA","EQ",412.95,418.3,410.1,417.2,417.4,410.05,23225454,96408.47,"30-Jul-2026",123440,"",""
"629","COASTCORP","EQ",50.85,50.85,48.25,49.46,49.5,50.17,86715,42.86,"30-Jul-2026",864,"",""
"630","COCHINSHIP","EQ",1400,1406.3,1385.6,1402.1,1404,1403.6,784302,10957.58,"30-Jul-2026",29266,"",""
"631","COCKERILL","EQ",8678,8785,8462,8509,8490.5,8678,4528,387.38,"30-Jul-2026",1334,"",""
"632","COFFEEDAY","BE",30.89,31,30.05,30.76,30.89,30.62,272408,83.36,"30-Jul-2026",824,"",""
"633","COFORGE","EQ",1701.7,1764.3,1701.7,1746.9,1747,1714.9,5650262,98773.12,"30-Jul-2026",148435,"",""
"634","COHANCE","EQ",431.3,431.3,420.8,425.3,425,431.3,257153,1096.19,"30-Jul-2026",12460,"",""
"635","COLPAL","EQ",2169.7,2183.1,2080.2,2084.8,2085,2166.4,625770,13146.04,"30-Jul-2026",35515,"",""
"636","COMFINTE","EQ",6.01,6.66,5.97,6.5,6.49,6.14,2811778,178.86,"30-Jul-2026",3394,"",""
"637","COMMITTED","ST",335,349.9,335,349.9,349.9,344.95,3200,11.08,"30-Jul-2026",4,"",""
"638","COMMOIETF","EQ",99.98,100.26,99.47,99.92,100.26,99.99,70805,70.59,"30-Jul-2026",2211,"",""
"639","COMPINFO","BZ",1.17,1.17,1.12,1.15,1.13,1.17,20318,0.23,"30-Jul-2026",25,"",""
"640","COMPUSOFT","EQ",13.15,13.29,13,13.05,13.14,13.19,8235,1.08,"30-Jul-2026",101,"",""
"641","COMSYN","EQ",206,228,192.41,213.71,216,207.92,5985454,12982.63,"30-Jul-2026",65400,"",""
"642","CONCOR","EQ",525.85,529.95,522.25,525.15,526,525.85,1129654,5936.69,"30-Jul-2026",32333,"",""
"643","CONCORDBIO","EQ",1337,1363.6,1321.1,1330,1330,1330.4,165417,2218.91,"30-Jul-2026",12773,"",""
"644","CONFIPET","EQ",79.7,79.7,76.9,78.27,78.6,78.28,1716785,1341.41,"30-Jul-2026",11652,"",""
"645","CONNPLEX","SM",203,204.5,198.15,200.95,200.95,203.6,20000,40.14,"30-Jul-2026",23,"",""
"646","CONS","EQ",12.38,12.45,12.35,12.43,12.45,12.36,53909,6.68,"30-Jul-2026",119,"",""
"647","CONSOFINVT","BE",284.01,300,284.01,298.4,300,288.84,52994,156.33,"30-Jul-2026",307,"",""
"648","CONSUMAXIS","EQ",123.92,124.93,122.7,124.75,122.7,122.04,9843,12.26,"30-Jul-2026",39,"",""
"649","CONSUMBEES","EQ",133.75,134.77,133.46,134.51,134.5,133.71,118353,158.81,"30-Jul-2026",1029,"",""
"650","CONSUMER","EQ",12.01,12.06,11.95,12.04,12.04,12.01,2849135,342.94,"30-Jul-2026",358,"",""
"651","CONSUMIETF","EQ",124.32,125.24,123.21,125.02,123.21,124.32,30640,38.24,"30-Jul-2026",216,"",""
"652","CONTROLPR","EQ",589,589,569.7,570.95,569.7,587.55,22444,129.26,"30-Jul-2026",1341,"",""
"653","COOLCAPS","ST",21.15,21.5,20.75,21.3,21.5,21.05,25000,5.27,"30-Jul-2026",15,"",""
"654","CORALFINAC","EQ",33.2,34.3,32.72,32.83,32.8,33.6,12353,4.11,"30-Jul-2026",222,"",""
"655","CORDELIA","EQ",799.1,805.05,784.15,787.15,785,806.2,109049,862.51,"30-Jul-2026",5772,"",""
"656","CORDSCABLE","BE",201.05,205.62,201.05,203.27,202.15,202.48,4680,9.47,"30-Jul-2026",113,"",""
"657","COROMANDEL","EQ",2048.9,2065,2023.4,2054.2,2061,2037.6,88290,1809.64,"30-Jul-2026",13071,"",""
"658","CORONA","EQ",2110.2,2145.9,2073,2091.1,2075,2107.4,42360,897.4,"30-Jul-2026",7871,"",""
"659","COSMOFIRST","EQ",888.55,904,879.05,883.1,880,889.1,43051,384.24,"30-Jul-2026",3646,"",""
"660","COUNCODOS","EQ",6.65,6.65,5.81,6.17,6.08,6.2,34026,2.08,"30-Jul-2026",167,"",""
"661","CPCAP","BE",112,112.9,109.8,112.62,112.5,113.41,18304,20.41,"30-Jul-2026",161,"",""
"662","CPEDU","EQ",211,219.78,202.55,206.68,208.17,212.52,37598,79.09,"30-Jul-2026",1229,"",""
"663","CPL","EQ",71,72.84,69.63,72.46,72.43,71.02,71591,51.29,"30-Jul-2026",823,"",""
"664","CPPLUS","EQ",3407.9,3448,3253.8,3259.8,3253.8,3425,246218,8108.03,"30-Jul-2026",33862,"",""
"665","CPSEETF","EQ",94.03,94.7,93.79,94.58,94.54,94.03,534441,504.61,"30-Jul-2026",5285,"",""
"666","CRAFTSMAN","EQ",9913,10181,9577,10047,10044.5,9913,156814,15588.75,"30-Jul-2026",39553,"",""
"667","CRAMC","EQ",261,262,256.75,259.97,260.33,261.54,388705,1007.09,"30-Jul-2026",12205,"",""
"668","CRAYONS","SM",26,27.3,26,27.3,27.3,26,8000,2.16,"30-Jul-2026",8,"",""
"669","CREATIVEYE","EQ",6.03,6.24,5.9,5.99,5.95,6.02,2765,0.17,"30-Jul-2026",82,"",""
"670","CREDITACC","EQ",1604,1620,1570.1,1614,1614,1590.4,567519,9131.95,"30-Jul-2026",38586,"",""
"671","CREST","EQ",372.9,380.05,370.35,377.2,370.35,373.2,3710,13.94,"30-Jul-2026",101,"",""
"672","CRISIL","EQ",4450,4450,4389.2,4406.8,4412,4448.7,17840,786.64,"30-Jul-2026",4383,"",""
"673","CRIZAC","EQ",192,194.7,190.17,192.14,191,191.9,142920,273.91,"30-Jul-2026",4936,"",""
"674","CROMPTON","EQ",264.2,266.2,258.4,260.3,260,264.25,2147388,5604.37,"30-Jul-2026",27178,"",""
"675","CROWN","EQ",111.98,112.87,109.2,110.68,109.6,111.18,7357,8.2,"30-Jul-2026",126,"",""
"676","CSBBANK","EQ",333,333.5,326,326.95,328,333,676930,2224.95,"30-Jul-2026",15011,"",""
"677","CSLFINANCE","EQ",211,214.19,211,212.13,212,211,12004,25.42,"30-Jul-2026",276,"",""
"678","CSM","EQ",98.99,101.61,95.17,100.2,100,96.14,764907,744.83,"30-Jul-2026",5053,"",""
"679","CSSL","SM",100,100,97,97.05,97.05,100,7000,6.84,"30-Jul-2026",7,"",""
"680","CTE","EQ",31.06,33.96,31.06,33.96,33.96,30.88,57929,19.33,"30-Jul-2026",364,"",""
"681","CUB","EQ",227.7,228,214.44,215.48,216.2,228.86,5918636,12961.95,"30-Jul-2026",71760,"",""
"682","CUBEINVIT","IV",156.01,156.01,156,156,156,156.01,1100000,1716.01,"30-Jul-2026",19,"",""
"683","CUBEXTUB","EQ",76.99,77.98,75.5,75.95,76.58,76.99,33518,25.67,"30-Jul-2026",611,"",""
"684","CUDML","ST",135.4,135.4,135.4,135.4,135.4,135.4,1000,1.35,"30-Jul-2026",1,"",""
"685","CUMMINSIND","EQ",5397,5426,5315,5396,5404.5,5383,297096,15953.46,"30-Jul-2026",25422,"",""
"686","CUPID","EQ",234,234.5,226.27,228.94,230.05,233.77,20377656,46919.92,"30-Jul-2026",98629,"",""
"687","CURAA","EQ",71.6,76.4,71.33,71.79,73,77,2646,1.92,"30-Jul-2026",147,"",""
"688","CURIS","SM",113,113,113,113,113,112,1000,1.13,"30-Jul-2026",1,"",""
"689","CYBERMEDIA","BE",15.65,16.15,15.41,16.06,16.06,15.65,123,0.02,"30-Jul-2026",8,"",""
"690","CYBERTECH","BE",138.95,140.99,137.5,139.3,139.7,138.95,11672,16.17,"30-Jul-2026",142,"",""
"691","CYIENT","EQ",869,875.45,842.9,847.7,848,867.45,497573,4268.84,"30-Jul-2026",22800,"",""
"692","CYIENTDLM","EQ",680,700.8,668.15,678.1,676.5,681.75,385599,2648.13,"30-Jul-2026",19439,"",""
"693","DABUR","EQ",433,433,415.55,426.1,427.3,433.7,5673826,23904.27,"30-Jul-2026",56728,"",""
"694","DAICHI","BE",309,313.95,307.5,313.1,313.95,299,8049,25.19,"30-Jul-2026",74,"",""
"695","DALBHARAT","EQ",1833,1833,1780,1794.2,1798,1823,179775,3236.58,"30-Jul-2026",13778,"",""
"696","DALMIASUG","EQ",357.75,360,351,352.75,352.65,357.6,45734,162.69,"30-Jul-2026",1377,"",""
"697","DAMCAPITAL","EQ",155,155.12,149.35,150.34,150.8,154.59,368539,558.23,"30-Jul-2026",3129,"",""
"698","DAMODARIND","BE",28,28.99,27.5,28.55,28.6,28.48,3470,0.96,"30-Jul-2026",32,"",""
"699","DANGEE","EQ",3.03,3.03,2.93,2.96,2.97,2.97,23306,0.69,"30-Jul-2026",84,"",""
"700","DANISH","SM",821.7,821.7,786.45,796.4,790.05,821.7,36000,289.06,"30-Jul-2026",172,"",""
"701","DATAMATICS","EQ",839,854.95,818.55,821.6,824.65,839.25,68880,573.82,"30-Jul-2026",5088,"",""
"702","DATAPATTNS","EQ",4425.1,4488,4361,4462,4451.7,4436.6,502693,22297.2,"30-Jul-2026",41286,"",""
"703","DAVANGERE","EQ",3.2,3.22,3.15,3.17,3.18,3.19,2840413,90.31,"30-Jul-2026",1510,"",""
"704","DBCORP","EQ",210.5,211.98,208.81,211.02,210.6,210.57,71640,150.72,"30-Jul-2026",2466,"",""
"705","DBEIL","BE",7.6,7.6,7.3,7.4,7.38,7.61,63402,4.68,"30-Jul-2026",241,"",""
"706","DBL","EQ",429,431.15,420,420.55,420,431.15,106149,450.07,"30-Jul-2026",3812,"",""
"707","DBOL","EQ",101,101,97.5,98.42,98.65,100.39,56519,56.03,"30-Jul-2026",1361,"",""
"708","DBREALTY","BE",113.7,114.64,111.96,113.84,114.5,113.72,191968,217.1,"30-Jul-2026",824,"",""
"709","DBSTOCKBRO","BE",34.5,34.5,33,33.74,33.45,34.5,50127,16.81,"30-Jul-2026",30,"",""
"710","DCAL","EQ",186.67,189.6,184.66,185.3,185.52,187.99,150487,280.25,"30-Jul-2026",3138,"",""
"711","DCBBANK","EQ",191.51,192.05,187.01,187.55,187.32,192.56,823881,1555.89,"30-Jul-2026",15725,"",""
"712","DCG","SM",53,53,52.4,52.4,52.4,54,4800,2.52,"30-Jul-2026",4,"",""
"713","DCI","EQ",275,281,270.55,276.75,277.95,272.75,9323,25.67,"30-Jul-2026",514,"",""
"714","DCM","BE",89.7,89.7,85.8,88.2,88.2,89.7,761,0.67,"30-Jul-2026",28,"",""
"715","DCMFINSERV","EQ",5.39,5.39,5.1,5.19,5.11,5.16,9714,0.5,"30-Jul-2026",32,"",""
"716","DCMNVL","BE",138.1,138.89,135,137.9,137.9,139.45,4535,6.18,"30-Jul-2026",37,"",""
"717","DCMSHRIRAM","EQ",1059.9,1068.4,1035,1055.9,1052,1051.2,191543,2014.63,"30-Jul-2026",15442,"",""
"718","DCMSIL","BE",76.5,76.5,74.86,74.86,74.86,76.38,28102,21.27,"30-Jul-2026",96,"",""
"719","DCMSRIND","EQ",39.9,39.9,38.16,39.04,39.5,39.68,73187,28.74,"30-Jul-2026",953,"",""
"720","DCW","EQ",46.84,47.1,45.8,46.05,46.2,47.06,928936,430.17,"30-Jul-2026",2992,"",""
"721","DCXINDIA","EQ",178.71,180.94,176.5,177.31,178.29,179.89,325338,577.87,"30-Jul-2026",4940,"",""
"722","DDEVPLSTIK","EQ",273.5,273.5,265,266.7,266.9,273.4,69627,186.5,"30-Jul-2026",2027,"",""
"723","DECCANCE","EQ",548.2,561,548.05,549.8,554,550.35,13075,72.38,"30-Jul-2026",796,"",""
"724","DECNGOLD","EQ",192,193.7,189.13,191.15,190.5,192.03,566081,1081.61,"30-Jul-2026",6542,"",""
"725","DEEDEV","BE",662,673.9,639,646.25,645,660,71550,465.2,"30-Jul-2026",1549,"",""
"726","DEEPAKFERT","EQ",1625,1659.7,1516.3,1532.4,1529,1626.3,2061157,32950.14,"30-Jul-2026",112878,"",""
"727","DEEPAKNTR","EQ",1679.9,1681.4,1635,1643.9,1641.1,1674.6,114821,1894.44,"30-Jul-2026",11182,"",""
"728","DEEPINDS","EQ",545,576,540.55,548.8,551.7,542.95,1503068,8443.83,"30-Jul-2026",34296,"",""
"729","DEFENCE","EQ",77.98,77.98,76.75,77.1,77.26,77.47,116625,89.88,"30-Jul-2026",655,"",""
"730","DELAPLEX","SM",96.5,96.5,96.5,96.5,96.5,97.9,1200,1.16,"30-Jul-2026",2,"",""
"731","DELHIVERY","EQ",470,470.9,463.05,468.3,469,470,2757674,12887.36,"30-Jul-2026",30827,"",""
"732","DELPHIFX","BE",6.99,7,6.62,6.7,6.74,6.83,31325,2.12,"30-Jul-2026",225,"",""
"733","DELTACORP","EQ",62.42,62.85,61.49,61.96,61.92,62.87,638684,397.91,"30-Jul-2026",3956,"",""
"734","DELTAMAGNT","EQ",58,59.95,57,57.41,57.45,58.9,11053,6.43,"30-Jul-2026",188,"",""
"735","DELTIC","SM",37.55,37.55,34,35.95,35.95,37.25,46000,16.53,"30-Jul-2026",29,"",""
"736","DEN","EQ",27.65,27.65,27.26,27.42,27.6,27.58,165442,45.38,"30-Jul-2026",841,"",""
"737","DENEERS","SM",186.25,188,183,183,183,186.25,4800,8.9,"30-Jul-2026",8,"",""
"738","DENORA","EQ",868.6,878.95,846.4,862.35,860.65,863.55,1182,10.21,"30-Jul-2026",250,"",""
"739","DENTA","EQ",339.65,348.45,335,343.55,343,337.75,502748,1722.6,"30-Jul-2026",15151,"",""
"740","DENTALKART","SM",411.6,412,393,396.55,393,413.05,8500,34.03,"30-Jul-2026",30,"",""
"741","DEVIT","EQ",27.03,27.48,25.55,26.34,26.58,27.39,100119,26.4,"30-Jul-2026",1128,"",""
"742","DEVX","EQ",34.5,34.82,34,34.21,34.1,34.19,112365,38.37,"30-Jul-2026",2536,"",""
"743","DEVYANI","EQ",119.06,121.84,114.25,118.53,118.5,118.36,16192402,19021.08,"30-Jul-2026",106662,"",""
"744","DGCONTENT","EQ",24.02,25,24.02,24.35,24.21,25.33,5621,1.37,"30-Jul-2026",73,"",""
"745","DHAMPURSUG","EQ",137,137.51,134.77,135.1,136.9,137.44,154096,208.77,"30-Jul-2026",6405,"",""
"746","DHANBANK","EQ",32.5,32.94,31.98,32.34,32.45,31.98,1810193,585.49,"30-Jul-2026",6431,"",""
"747","DHANLAXMI","SM",27,27,27,27,27,27,2000,0.54,"30-Jul-2026",1,"",""
"748","DHANSA","SM",20.3,20.3,19.05,20,20,18.6,8000,1.59,"30-Jul-2026",4,"",""
"749","DHANUKA","EQ",1021.6,1046.9,1012,1032.7,1044,1018,60806,627.25,"30-Jul-2026",3672,"",""
"750","DHARAN","BZ",0.15,0.16,0.14,0.14,0.14,0.15,14797849,21.85,"30-Jul-2026",1279,"",""
"751","DHARARAIL","ST",127.8,127.8,127.8,127.8,127.8,126.5,2000,2.56,"30-Jul-2026",2,"",""
"752","DHARIWAL","SM",32.65,33,31.5,31.55,31.5,31.5,30000,9.62,"30-Jul-2026",8,"",""
"753","DHARMAJ","EQ",269.4,272.6,265.6,269.65,270,265.35,37854,102.24,"30-Jul-2026",1553,"",""
"754","DHRUV","BE",24.7,24.7,24.3,24.67,24.7,24.68,1493,0.37,"30-Jul-2026",13,"",""
"755","DHUNINV","EQ",868.25,868.25,842.35,853,859.2,863.25,258,2.22,"30-Jul-2026",23,"",""
"756","DIACABS","EQ",342,342,320.58,328.5,326,337.45,14136009,45811.68,"30-Jul-2026",50023,"",""
"757","DIAMINESQ","EQ",236.6,245,236.6,239.34,238.5,241.96,1309,3.16,"30-Jul-2026",118,"",""
"758","DIAMONDYD","EQ",1115.9,1129.8,1098.6,1125.2,1125,1126.6,16535,183.87,"30-Jul-2026",1153,"",""
"759","DICIND","EQ",520.95,520.95,503,505,518,513.65,645,3.32,"30-Jul-2026",37,"",""
"760","DIFFNKG","EQ",388.15,388.4,378.75,380.55,379,388.15,54656,208.43,"30-Jul-2026",2016,"",""
"761","DIGIDRIVE","EQ",17.99,17.99,17.6,17.87,17.96,17.67,8795,1.57,"30-Jul-2026",86,"",""
"762","DIGIKORE","SM",46.15,46.6,41,44.2,41.85,46.1,179600,79.91,"30-Jul-2026",266,"",""
"763","DIGISPICE","BE",18.4,18.4,17.65,18.13,18.22,18.18,69641,12.45,"30-Jul-2026",193,"",""
"764","DIGITIDE","EQ",99.99,106.5,98.4,100.93,100.6,100.19,651405,669.86,"30-Jul-2026",8043,"",""
"765","DIGJAMLMTD","EQ",48,49.79,45.8,47.31,48,46.51,57928,27.65,"30-Jul-2026",366,"",""
"766","DISAQ","EQ",12180,12350,12095,12277,12350,12263,1036,126.41,"30-Jul-2026",980,"",""
"767","DISHTV","BE",2.84,2.86,2.81,2.81,2.83,2.83,366245,10.35,"30-Jul-2026",620,"",""
"768","DIVGIITTS","EQ",957.55,979,945.85,954.1,953.8,960.35,29318,281.33,"30-Jul-2026",2906,"",""
"769","DIVIDEND","EQ",36.05,36.32,36.05,36.1,36.12,35.88,7846,2.84,"30-Jul-2026",51,"",""
"770","DIVINEHIRA","ST",109.5,109.5,107,107.8,107.8,109,14400,15.6,"30-Jul-2026",6,"",""
"771","DIVISLAB","EQ",7885.5,7938,7795,7835,7820,7784.5,651446,51242.67,"30-Jul-2026",59820,"",""
"772","DIVOPPBEES","EQ",79.5,79.5,78.18,78.6,78.72,78.26,72506,57.02,"30-Jul-2026",665,"",""
"773","DIVYADHAN","ST",52.7,52.7,52.7,52.7,52.7,53.75,2000,1.05,"30-Jul-2026",1,"",""
"774","DIXON","EQ",14282,14482,14167,14338,14321,14275,399091,57283.79,"30-Jul-2026",59169,"",""
"775","DJML","EQ",114.49,116.43,112.65,115.79,115.5,115.47,409422,470.96,"30-Jul-2026",3678,"",""
"776","DKEGL","SM",63.4,66,63.4,65.25,66,70.75,4500,2.91,"30-Jul-2026",3,"",""
"777","DLF","EQ",669.75,669.75,652.05,654.85,655.6,670.25,2324048,15344.28,"30-Jul-2026",45588,"",""
"778","DLINKINDIA","EQ",448.3,458.95,445,452,453,448.3,101437,460.43,"30-Jul-2026",4147,"",""
"779","DMART","EQ",3849,3967.2,3837.1,3874,3886,3848.1,1038214,40306.83,"30-Jul-2026",71128,"",""
"780","DMCC","EQ",269.1,270,260.3,262.8,261,266.95,16452,43.75,"30-Jul-2026",518,"",""
"781","DNAMEDIA","EQ",2.95,3,2.84,2.86,2.94,2.95,25778,0.74,"30-Jul-2026",96,"",""
"782","DODLA","EQ",1046,1050.1,1037.1,1041.8,1042,1060.4,10235,106.7,"30-Jul-2026",2086,"",""
"783","DOLATALGO","EQ",68.84,69.21,67.17,67.84,68.09,68.84,55203,37.69,"30-Jul-2026",1194,"",""
"784","DOLLAR","EQ",256.45,268.95,253.65,267.5,267.15,256.45,356342,944.62,"30-Jul-2026",7412,"",""
"785","DOLPHIN","EQ",370.2,385,370.2,375.85,379.9,375.15,7794,29.54,"30-Jul-2026",468,"",""
"786","DOMS","EQ",2265.5,2282.5,2250,2255,2254,2280.4,22058,498.5,"30-Jul-2026",4866,"",""
"787","DONEAR","EQ",83.94,85.6,83.61,85.03,85.6,83.94,13118,11.14,"30-Jul-2026",195,"",""
"788","DPABHUSHAN","EQ",1398.1,1402.45,1325.05,1341.75,1349.95,1402.65,32395,437.25,"30-Jul-2026",3786,"",""
"789","DPEL","SM",572.95,572.95,558,561.95,560,563.6,20500,115.48,"30-Jul-2026",41,"",""
"790","DPSCLTD","BE",7.17,7.38,7.16,7.21,7.17,7.32,62463,4.51,"30-Jul-2026",346,"",""
"791","DPWIRES","BE",164.79,167,162.9,165.7,165.9,164.62,2616,4.31,"30-Jul-2026",74,"",""
"792","DRAGARWQ","EQ",5009,5042.5,4975.5,4994.5,4990,5006.5,611,30.53,"30-Jul-2026",187,"",""
"793","DRCSYSTEMS","EQ",13.62,13.72,13.4,13.48,13.45,13.58,14729,2,"30-Jul-2026",146,"",""
"794","DREAMFOLKS","EQ",68.8,68.8,66.51,66.8,66.7,67.46,33583,22.55,"30-Jul-2026",1211,"",""
"795","DREDGECORP","EQ",1102.4,1125.5,1086.3,1120,1113.2,1102.4,218460,2434.83,"30-Jul-2026",12632,"",""
"796","DRONE","ST",39.2,39.8,39.2,39.35,39.25,40,7500,2.95,"30-Jul-2026",13,"",""
"797","DRREDDY","EQ",1143,1151,1139,1144.8,1144.3,1142.3,1350714,15442.61,"30-Jul-2026",51899,"",""
"798","DSFCL","BE",26.55,26.55,26.02,26.03,26.03,26.55,7000,1.82,"30-Jul-2026",37,"",""
"799","DSSL","EQ",1270,1274.8,1205.1,1208,1210,1241.1,25922,315.73,"30-Jul-2026",2660,"",""
"800","DTIL","EQ",130.6,131.02,126,127.13,127,129.07,11953,15.27,"30-Jul-2026",123,"",""
"801","DUCOL","SM",106,106,106,106,106,104.55,800,0.85,"30-Jul-2026",1,"",""
"802","DUCON","EQ",2.98,3.04,2.9,2.95,2.95,2.97,150123,4.44,"30-Jul-2026",441,"",""
"803","DUGLOBAL","SM",25.8,25.9,25.8,25.9,25.9,25.8,5000,1.29,"30-Jul-2026",2,"",""
"804","DURLAX","SM",56.8,57.75,54.7,57.35,57.75,55.25,120000,67.95,"30-Jul-2026",44,"",""
"805","DVL","EQ",238.9,243,238.44,238.66,238.44,237.5,3764,9.05,"30-Jul-2026",266,"",""
"806","DWARKESH","EQ",38,38.28,36.5,36.68,36.56,38,1969493,729.05,"30-Jul-2026",15294,"",""
"807","DYCL","EQ",391.5,392.95,383.05,384.65,384.4,393.9,243245,939.9,"30-Jul-2026",6513,"",""
"808","DYNAMATECH","EQ",10234,10450,10177,10272,10299,10331,8059,831.73,"30-Jul-2026",3017,"",""
"809","DYNAMIC","ST",138.1,140.3,136.75,140.2,140.3,138.05,6000,8.32,"30-Jul-2026",11,"",""
"810","DYNPRO","EQ",251.4,256.79,250.41,251.57,252.5,251.37,11608,29.31,"30-Jul-2026",318,"",""
"811","E2E","EQ",495,499.75,472.9,492.55,492.8,491.45,1788213,8754.43,"30-Jul-2026",34556,"",""
"812","E2ERAIL","ST",272.9,272.9,272.9,272.9,272.9,274.35,800,2.18,"30-Jul-2026",1,"",""
"813","EASEMYTRIP","EQ",6.73,6.76,6.51,6.56,6.61,6.73,23632682,1565.45,"30-Jul-2026",12329,"",""
"814","EASTSILK","BE",57,57,53.01,56.81,57,55.45,475,0.27,"30-Jul-2026",14,"",""
"815","EBANKNIFTY","EQ",57.21,57.78,57.18,57.67,57.78,57.84,1574,0.9,"30-Jul-2026",27,"",""
"816","EBBETF0430","EQ",1644.19,1644.19,1609.65,1610.6,1611.5,1611.95,16567,266.85,"30-Jul-2026",181,"",""
"817","EBBETF0431","EQ",1444.53,1447.98,1440,1440.96,1441,1442.31,2018,29.12,"30-Jul-2026",81,"",""
"818","EBBETF0433","EQ",1317.5,1319.4,1315.5,1317.75,1319.4,1317.87,1109,14.61,"30-Jul-2026",57,"",""
"819","EBGNG","EQ",566,572.55,536.5,555.85,555.9,560.5,674035,3745.56,"30-Jul-2026",20936,"",""
"820","ECAPINSURE","EQ",23.83,23.87,23.53,23.68,23.8,23.83,30157,7.14,"30-Jul-2026",259,"",""
"821","ECLERX","EQ",1890,1994.6,1890,1910.9,1912,1951.8,211972,4140.49,"30-Jul-2026",23025,"",""
"822","ECOLINE","ST",198.8,198.8,196,198.5,198.5,195.95,3000,5.93,"30-Jul-2026",3,"",""
"823","ECOSMOBLTY","BE",132.7,136,129.06,134.9,135.13,131.92,52560,70.33,"30-Jul-2026",425,"",""
"824","EDELWEISS","EQ",115.6,116.32,114.32,115.14,114.91,116.1,1569564,1807.69,"30-Jul-2026",13500,"",""
"825","EEPL","SM",101.65,102.5,101.2,101.2,101.2,102.15,8000,8.14,"30-Jul-2026",8,"",""
"826","EFACTOR","SM",161,162.5,161,161.05,161.05,169.3,4400,7.1,"30-Jul-2026",11,"",""
"827","EFCIL","EQ",198.01,199.01,188.54,190.07,190.1,201,681714,1304.68,"30-Jul-2026",9021,"",""
"828","EFFWA","ST",378.5,379.95,359,360.8,362,375.1,11200,41.07,"30-Jul-2026",27,"",""
"829","EFORCE","SM",20.9,21.75,20.9,21.75,21.75,22,4800,1.01,"30-Jul-2026",4,"",""
"830","EGOLD","EQ",141.45,142.45,141.25,142.3,142.45,141.35,33553,47.68,"30-Jul-2026",181,"",""
"831","EICHERMOT","EQ",7869.5,7930,7730,7912.5,7909,7779,1496307,117424.93,"30-Jul-2026",117192,"",""
"832","EIDPARRY","EQ",775.5,775.5,760.35,763.2,761,778.9,156493,1201.23,"30-Jul-2026",14264,"",""
"833","EIEL","EQ",217.27,217.48,212.3,213.61,213.41,216.07,1232900,2633.27,"30-Jul-2026",13495,"",""
"834","EIFFL","BE",322.7,328,310.5,319.85,327,322.7,1775,5.68,"30-Jul-2026",21,"",""
"835","EIHAHOTELS","EQ",319.4,320,312.6,313.8,313.15,315.9,12701,40.07,"30-Jul-2026",686,"",""
"836","EIHOTEL","EQ",334.05,334.35,330.05,332.05,331.1,335.75,83965,279.07,"30-Jul-2026",5847,"",""
"837","EIMCOELECO","EQ",1785,1786.5,1740.2,1748.2,1742,1791.8,21053,369.56,"30-Jul-2026",2125,"",""
"838","EKC","EQ",107.49,107.68,102.93,104.76,104.9,107.22,289024,303.63,"30-Jul-2026",3613,"",""
"839","ELANTAS","EQ",9581,9581,9294,9325,9375,9556,504,47.35,"30-Jul-2026",173,"",""
"840","ELCIDIN","EQ",112000,112000,110200,110200,110200,112000,5,5.53,"30-Jul-2026",5,"",""
"841","ELDEHSG","EQ",789.45,789.45,770.95,771,771,788.7,726,5.6,"30-Jul-2026",32,"",""
"842","ELECON","EQ",426.1,426.1,415,417.25,417.3,423.75,334164,1398.42,"30-Jul-2026",12890,"",""
"843","ELECTCAST","EQ",72.22,72.25,70.55,70.83,70.92,71.97,517585,368.34,"30-Jul-2026",3805,"",""
"844","ELECTHERM","EQ",1010,1022.6,1000,1008.1,1019,1008.7,5002,50.5,"30-Jul-2026",459,"",""
"845","ELGIEQUIP","EQ",575,578.2,565.6,569.15,568.1,577.15,127630,727.7,"30-Jul-2026",12876,"",""
"846","ELGIRUBCO","EQ",59.5,64,58.72,61.59,61.9,58.05,222115,137.66,"30-Jul-2026",2090,"",""
"847","ELGNZ","SM",101.05,105.45,101.05,102.1,102.1,104.5,16000,16.54,"30-Jul-2026",15,"",""
"848","ELIN","EQ",101.06,101.06,98,98.72,98.5,100.55,95609,94.99,"30-Jul-2026",1216,"",""
"849","ELIQUID","EQ",1041.61,1041.61,1041.48,1041.49,1041.48,1041.35,62790,653.96,"30-Jul-2026",25,"",""
"850","ELITECON","EQ",15.8,16.01,15.64,15.74,15.75,15.81,691703,109.08,"30-Jul-2026",2923,"",""
"851","ELLEN","EQ",270.9,271.5,255.05,257.45,258.45,270.8,492056,1278.71,"30-Jul-2026",7643,"",""
"852","ELM250","EQ",16.5,16.74,16.5,16.58,16.58,16.58,326638,54.47,"30-Jul-2026",101,"",""
"853","ELPROINTL","EQ",176.99,177.49,173.1,177.01,177.15,176.97,115820,204.8,"30-Jul-2026",263,"",""
"854","EMAMILTD","EQ",408.05,408.1,401.7,403.35,404,407.85,391325,1579.71,"30-Jul-2026",15404,"",""
"855","EMAMIPAP","BE",105.5,107.99,103.3,104.38,103.75,106.48,75279,79.11,"30-Jul-2026",596,"",""
"856","EMAMIREAL","BE",76.1,78.55,75.75,77.53,77.5,78.55,3472,2.69,"30-Jul-2026",23,"",""
"857","EMAPARTNER","SM",81.3,81.3,80,80.75,80.55,83.4,32000,25.77,"30-Jul-2026",15,"",""
"858","EMBASSY","RR",436.11,442.8,436.05,437.73,438.47,437.06,626975,2746.75,"30-Jul-2026",19303,"",""
"859","EMBDL","EQ",61.76,62.28,61.05,61.41,61.2,62.04,994421,613.71,"30-Jul-2026",4500,"",""
"860","EMCURE","EQ",1903.7,1935,1900,1910.9,1911,1903.7,73582,1412.08,"30-Jul-2026",12412,"",""
"861","EMETAL","EQ",13.17,13.17,12.74,13.1,13,12.74,11657,1.52,"30-Jul-2026",47,"",""
"862","EMIL","EQ",132.19,133.49,128.88,129.87,129.51,132.46,2326170,3024.72,"30-Jul-2026",19982,"",""
"863","EMKAY","EQ",242.8,242.9,235.2,236.55,235.25,240.85,10092,24.16,"30-Jul-2026",360,"",""
"864","EMKAYTOOLS","SM",87.75,91,87.75,91,91,90.05,600,0.53,"30-Jul-2026",4,"",""
"865","EMMBI","BE",86.32,88,85.05,87.92,86.5,86.75,3236,2.82,"30-Jul-2026",50,"",""
"866","EMMIL","SM",115,119.95,114.1,118.4,119.95,115.6,5000,5.83,"30-Jul-2026",15,"",""
"867","EMMVEE","EQ",316,319.45,306,307.45,308.2,316.7,2307113,7188.94,"30-Jul-2026",32747,"",""
"868","EMPOWER","BE",2.45,2.5,2.45,2.46,2.48,2.44,4158708,102.8,"30-Jul-2026",1672,"",""
"869","EMSLIMITED","EQ",394.4,394.4,380,383.55,385.5,396.1,237724,911.93,"30-Jul-2026",6136,"",""
"870","EMUDHRA","EQ",475,485,453.25,456.55,455.8,454.4,815670,3820.42,"30-Jul-2026",22940,"",""
"871","EMULTIMQ","EQ",40.76,41.66,40.32,40.63,41.66,40.76,27122,11,"30-Jul-2026",221,"",""
"872","ENCOMPAS","SM",246,249,239,240.5,239,246.1,7200,17.71,"30-Jul-2026",9,"",""
"873","ENDURANCE","EQ",2785.1,2827.2,2755,2804.3,2805,2783.3,203719,5719.01,"30-Jul-2026",27160,"",""
"874","ENERGY","EQ",38.36,38.56,38.25,38.52,38.53,38.36,461319,177.26,"30-Jul-2026",1042,"",""
"875","ENERGYDEV","EQ",16.94,17.3,16.72,16.8,16.99,16.94,20235,3.41,"30-Jul-2026",209,"",""
"876","ENEXT50","EQ",72.56,72.56,72.43,72.43,72.43,72.57,7,0.01,"30-Jul-2026",3,"",""
"877","ENGINERSIN","EQ",225.1,225.35,221.1,221.98,222.1,225.56,799630,1782.01,"30-Jul-2026",13483,"",""
"878","ENIFTY","EQ",24.48,24.52,24.37,24.44,24.46,24.41,5738,1.4,"30-Jul-2026",68,"",""
"879","ENIL","EQ",106.29,109,106.26,108.56,108.99,107.82,11252,12.11,"30-Jul-2026",326,"",""
"880","ENRIN","EQ",3172.5,3178,3075,3121.7,3121.8,3170.7,701712,21785.44,"30-Jul-2026",47009,"",""
"881","ENSER","SM",14.5,14.5,13.9,13.9,13.9,13.4,10000,1.42,"30-Jul-2026",2,"",""
"882","ENTERO","EQ",1222.2,1252,1207.2,1243,1249,1222.2,68054,841.99,"30-Jul-2026",7553,"",""
"883","ENVIRO","SM",78.05,78.05,75.05,76.45,77,80.45,9000,6.9,"30-Jul-2026",9,"",""
"884","EPACK","EQ",236,237.99,230.16,231.8,231.9,233.36,413695,966.03,"30-Jul-2026",5751,"",""
"885","EPACKPEB","EQ",269.9,271.98,264.4,268.08,266.25,263.71,699726,1876.71,"30-Jul-2026",12266,"",""
"886","EPIGRAL","EQ",1125,1127,1102,1105.3,1105,1127.3,58269,647.92,"30-Jul-2026",4585,"",""
"887","EPL","EQ",235.72,235.91,229.8,230.72,231.65,234.44,156161,362.43,"30-Jul-2026",5468,"",""
"888","EPWINDIA","ST",243.9,243.9,243.9,243.9,243.9,243.9,1200,2.93,"30-Jul-2026",1,"",""
"889","EQUAL200","EQ",13.88,13.9,13.83,13.87,13.87,13.88,64654,8.95,"30-Jul-2026",55,"",""
"890","EQUAL50","EQ",335.7,336.8,334.72,334.72,334.72,335.11,2828,9.49,"30-Jul-2026",17,"",""
"891","EQUAL50ADD","EQ",345.47,347.5,345.47,346.72,346.52,346.38,4901,17,"30-Jul-2026",177,"",""
"892","EQUIPPP","BE",24.4,24.4,22.57,22.61,22.97,23.75,123573,28,"30-Jul-2026",63,"",""
"893","EQUITASBNK","EQ",73.54,73.98,72.31,72.58,72.56,73.13,2801392,2046.55,"30-Jul-2026",27570,"",""
"894","ERIS","EQ",1420,1420,1346,1375.2,1380,1426.5,228835,3131.2,"30-Jul-2026",19569,"",""
"895","ESABINDIA","EQ",5583,5610,5537,5589,5594,5582,2111,117.76,"30-Jul-2026",872,"",""
"896","ESAFSFB","EQ",37.43,37.74,36.27,36.48,36.47,37.43,1207299,445.35,"30-Jul-2026",4784,"",""
"897","ESCONET","SM",126.95,126.95,124,125.45,125.45,127.45,9200,11.51,"30-Jul-2026",21,"",""
"898","ESCORTS","EQ",3016.8,3032.9,2986,3013.6,3010.8,3016.8,40080,1204.36,"30-Jul-2026",6834,"",""
"899","ESENSEX","EQ",77.33,78.34,77.25,78.19,78.19,78.27,229,0.18,"30-Jul-2026",29,"",""
"900","ESFL","SM",123.6,123.6,122.4,122.9,122.9,123.6,4320,5.31,"30-Jul-2026",11,"",""
"901","ESG","EQ",41.7,41.98,41.7,41.8,41.91,41.73,53861,22.51,"30-Jul-2026",79,"",""
"902","ESILVER","EQ",214.83,216.74,214.05,216.04,216.74,216,27924,60.14,"30-Jul-2026",859,"",""
"903","ESPRIT","SM",63,63,60,60.05,60.05,63.7,9600,5.85,"30-Jul-2026",6,"",""
"904","ESSARSHPNG","EQ",19.7,20.28,19.7,20.03,20.1,20.23,84475,16.91,"30-Jul-2026",537,"",""
"905","ESSENTIA","BE",1.05,1.06,1.04,1.05,1.06,1.05,666805,7.05,"30-Jul-2026",513,"",""
"906","ESTER","EQ",89.6,89.99,87.41,88.08,88.8,88.95,40018,35.49,"30-Jul-2026",1153,"",""
"907","ETERNAL","EQ",307,312.25,305,310.65,310.05,311.8,32431887,99727.84,"30-Jul-2026",168243,"",""
"908","ETHOSLTD","EQ",2521,2586.5,2500.8,2536.1,2506.5,2560.6,21444,546.74,"30-Jul-2026",3548,"",""
"909","ETL","SM",967.25,980,967.25,980,980,970.2,300,2.92,"30-Jul-2026",2,"",""
"910","ETML","SM",84.5,84.5,84.5,84.5,84.5,83,1200,1.01,"30-Jul-2026",1,"",""
"911","EUREKAFORB","EQ",452,456.7,445,450.55,448.1,451.4,75146,338.68,"30-Jul-2026",8970,"",""
"912","EUROBOND","EQ",161.68,161.68,159.61,160.38,160,159.42,3162,5.08,"30-Jul-2026",104,"",""
"913","EUROPRATIK","EQ",310,314,302.05,304.25,304.5,312.7,145091,447.55,"30-Jul-2026",2229,"",""
"914","EVEREADY","EQ",348.75,348.75,342.5,344.25,346.5,346.55,44914,155.35,"30-Jul-2026",2597,"",""
"915","EVERESTIND","BE",486,492,473.05,473.05,473.05,497.9,15431,73.28,"30-Jul-2026",322,"",""
"916","EVIETF","EQ",32.15,32.49,31.99,32.41,32.49,32.15,119810,38.66,"30-Jul-2026",462,"",""
"917","EVINDIA","EQ",32.22,32.46,31.96,32.37,32.45,32.13,315661,101.9,"30-Jul-2026",1430,"",""
"918","EXCELINDUS","EQ",991.3,1000,978,994.95,995.65,991.35,6695,66.38,"30-Jul-2026",454,"",""
"919","EXCELSOFT","EQ",78,78.01,76.5,76.94,76.7,77.81,160309,123.56,"30-Jul-2026",2549,"",""
"920","EXICOM","EQ",160.24,160.74,155.32,157.5,157.2,159.35,867529,1364.56,"30-Jul-2026",9282,"",""
"921","EXIDEIND","EQ",435,461.4,430,452.7,456,435.65,31728785,142286.63,"30-Jul-2026",285182,"",""
"922","EXPLEOSOL","EQ",930.05,947.55,901,906.6,906.45,925.4,223291,2051.36,"30-Jul-2026",9773,"",""
"923","EXXARO","EQ",6.37,6.5,6.27,6.31,6.33,6.36,87468,5.54,"30-Jul-2026",362,"",""
"924","FABTECH","EQ",148.31,151.5,147.1,150.08,149.02,149.57,113793,170.03,"30-Jul-2026",2091,"",""
"925","FACT","EQ",825,825.25,811.2,815.45,811.8,826.5,42707,349.51,"30-Jul-2026",4151,"",""
"926","FAIRCHEMOR","BE",813.35,813.35,813.35,813.35,813.35,829.9,830,6.75,"30-Jul-2026",29,"",""
"927","FALCONTECH","SM",11.7,11.7,11.65,11.65,11.65,11.5,4800,0.56,"30-Jul-2026",4,"",""
"928","FAZE3Q","EQ",539.8,555,534.1,544.4,554.95,539.8,5790,31.23,"30-Jul-2026",383,"",""
"929","FCL","EQ",39.1,39.1,37.51,37.73,37.84,39.35,7213511,2748.18,"30-Jul-2026",15100,"",""
"930","FCSSOFT","EQ",1.52,1.53,1.49,1.5,1.5,1.51,1825753,27.46,"30-Jul-2026",923,"",""
"931","FDC","EQ",412,415,405.35,407.45,408.95,414.3,102640,419.33,"30-Jul-2026",6034,"",""
"932","FEDDERSHOL","EQ",43.55,45.98,42.49,42.84,42.7,43.79,2997988,1309.48,"30-Jul-2026",11409,"",""
"933","FEDERALBNK","EQ",359.05,359.35,352.85,354.15,354.05,359.15,6259452,22194.54,"30-Jul-2026",69365,"",""
"934","FEDFINA","EQ",155.06,155.12,152.12,152.85,153.38,155.06,597753,919.62,"30-Jul-2026",10668,"",""
"935","FEL","BZ",0.38,0.39,0.38,0.38,0.38,0.38,108613,0.41,"30-Jul-2026",70,"",""
"936","FELDVR","BZ",2.41,2.41,2.29,2.31,2.31,2.33,5443,0.12,"30-Jul-2026",14,"",""
"937","FELIX","SM",176.5,179.95,175.2,178.3,178,178.15,34500,61.51,"30-Jul-2026",37,"",""
"938","FERMENTA","EQ",451.5,483.95,440.75,465.4,464,451.65,237174,1104.98,"30-Jul-2026",10618,"",""
"939","FIBERWEB","EQ",29.9,30.64,29.41,29.51,29.69,29.91,15873,4.69,"30-Jul-2026",92,"",""
"940","FICRF3GP","MF",489,489,489,489,489,449,1,0,"30-Jul-2026",1,"",""
"941","FIDEL","SM",152,152,144.05,149.35,147,164,7000,10.48,"30-Jul-2026",7,"",""
"942","FIEMIND","EQ",2330.4,2386,2320.9,2367,2360,2331.3,41563,985.14,"30-Jul-2026",6568,"",""
"943","FILATEX","EQ",71.71,72.6,67.43,68.34,68,71.45,2745963,1923.34,"30-Jul-2026",16216,"",""
"944","FILATFASH","BE",0.19,0.19,0.18,0.18,0.19,0.18,17005198,31,"30-Jul-2026",1796,"",""
"945","FINBUD","SM",133,146.9,132.25,139.85,140.5,134.45,99000,140.15,"30-Jul-2026",94,"",""
"946","FINCABLES","EQ",984.6,984.9,967,973,976,984.9,116888,1138.14,"30-Jul-2026",10579,"",""
"947","FINEORG","EQ",4820.5,4909.5,4765.5,4877,4908,4794,9357,454.08,"30-Jul-2026",2696,"",""
"948","FINIETF","EQ",32.8,32.8,32.36,32.58,32.75,32.77,187244,60.91,"30-Jul-2026",1101,"",""
"949","FINKURVE","EQ",62,62.46,60.62,60.94,60.65,62.06,9159,5.62,"30-Jul-2026",264,"",""
"950","FINOPB","EQ",163,163,159.12,160.74,159.12,163.03,356471,572.55,"30-Jul-2026",4546,"",""
"951","FINPIPE","EQ",165.1,165.79,162.25,162.91,162.71,164.77,260612,425.91,"30-Jul-2026",12833,"",""
"952","FIRSTCRY","EQ",214.9,214.9,211.4,211.93,211.88,215.03,278274,591.09,"30-Jul-2026",6286,"",""
"953","FISCHER","EQ",35.74,39.33,35.36,39.01,39.09,35.76,4214524,1593.73,"30-Jul-2026",11599,"",""
"954","FIVESTAR","EQ",565.05,565.25,548.05,553,552,568.55,907694,5046.18,"30-Jul-2026",30521,"",""
"955","FLAIR","EQ",258,258,253.65,255.3,256.2,255.1,59089,151.05,"30-Jul-2026",1439,"",""
"956","FLEXIADD","EQ",10.3,10.3,10.2,10.23,10.23,10.21,81213,8.32,"30-Jul-2026",205,"",""
"957","FLEXITUFF","BE",4.54,4.54,4.45,4.5,4.5,4.52,1960,0.09,"30-Jul-2026",22,"",""
"958","FLFL","BZ",1.27,1.29,1.26,1.27,1.28,1.27,11537,0.15,"30-Jul-2026",44,"",""
"959","FLUOROCHEM","EQ",4580,4581.9,4368,4395,4371,4582.1,84723,3767.6,"30-Jul-2026",15844,"",""
"960","FLYSBS","SM",470.4,474.15,460,470.45,471,470.45,25400,118.77,"30-Jul-2026",82,"",""
"961","FMCGADD","EQ",49.99,50.1,49.57,49.89,49.95,49.92,6267,3.12,"30-Jul-2026",39,"",""
"962","FMCGIETF","EQ",54.1,54.58,53.1,53.23,53.29,53.27,1090171,580.76,"30-Jul-2026",3172,"",""
"963","FMGOETZE","EQ",476.05,479.95,472.05,473.7,473.3,474.85,18256,86.67,"30-Jul-2026",540,"",""
"964","FMNL","BE",9.24,9.4,9.06,9.21,9.27,9.24,7493,0.69,"30-Jul-2026",35,"",""
"965","FOCE","SM",513.6,513.6,513.6,513.6,513.6,540.6,11040,56.7,"30-Jul-2026",7,"",""
"966","FOCUS","BE",70.1,70.99,70.09,70.37,70.4,70.73,4239,2.98,"30-Jul-2026",55,"",""
"967","FONEBOX","SM",83.5,85,83.5,85,85,83.75,3000,2.54,"30-Jul-2026",3,"",""
"968","FOODSIN","EQ",55.85,55.85,53.91,54.14,54.15,54.58,11792,6.41,"30-Jul-2026",369,"",""
"969","FORCAS","ST",209.6,209.6,201,209,209,199.65,51200,106.16,"30-Jul-2026",29,"",""
"970","FORCEMOT","EQ",17327,17905,17232,17618,17610,17334,213557,37576.38,"30-Jul-2026",52980,"",""
"971","FORGEAUTO","SM",88,88,87,87,87,88.25,3600,3.14,"30-Jul-2026",3,"",""
"972","FORTIS","EQ",951.95,956,945.4,948.85,947.5,952.05,328839,3123.23,"30-Jul-2026",12608,"",""
"973","FOSECOIND","EQ",5000,5019.5,4952,4969.5,4984,4984,532,26.57,"30-Jul-2026",156,"",""
"974","FRACTAL","EQ",782,799.95,770,771.8,773,786.4,446805,3492.72,"30-Jul-2026",19065,"",""
"975","FRESHARA","ST",345,350,337.05,337.1,337.05,353.3,7200,24.79,"30-Jul-2026",10,"",""
"976","FROG","ST",201,201,201,201,201,205.1,5200,10.45,"30-Jul-2026",7,"",""
"977","FRONTSP","EQ",1333,1342.9,1310,1313.2,1312.2,1326.5,10110,133.75,"30-Jul-2026",1742,"",""
"978","FSL","EQ",289.99,302,287.43,299.62,298,293.58,6781087,20009.33,"30-Jul-2026",85723,"",""
"979","FUSION","EQ",205.5,205.88,197.21,198.58,197.35,205.6,516297,1038.28,"30-Jul-2026",11284,"",""
"980","FWSTC","SM",199,199,199,199,199,200.05,600,1.19,"30-Jul-2026",1,"",""
"981","GABRIEL","EQ",1414.8,1446,1384,1392,1399,1414.8,309686,4370.85,"30-Jul-2026",19012,"",""
"982","GAEL","EQ",164,173.77,162.72,172.59,172.42,164.31,4585596,7812.05,"30-Jul-2026",44881,"",""
"983","GAIL","EQ",175.12,175.85,173,173.64,173.65,175.12,5628241,9807.14,"30-Jul-2026",41517,"",""
"984","GALAPREC","EQ",1074.7,1074.8,1045,1054.1,1054,1074.7,26099,275.41,"30-Jul-2026",3141,"",""
"985","GALAXYSURF","EQ",1961,1961.1,1933,1950,1940,1960.6,3784,73.68,"30-Jul-2026",870,"",""
"986","GALLANTT","EQ",633.45,633.45,582.1,585.35,587.85,603.3,565227,3453.37,"30-Jul-2026",18357,"",""
"987","GANDHAR","EQ",230.45,230.99,215.7,216.93,216.35,232.18,4300534,9481.94,"30-Jul-2026",41822,"",""
"988","GANDHITUBE","EQ",880,880,871.7,874.2,875,874.8,2195,19.19,"30-Jul-2026",187,"",""
"989","GANECOS","EQ",1202.95,1228.65,1195.25,1204.95,1196.25,1202.95,154309,1866.66,"30-Jul-2026",12261,"",""
"990","GANESHBE","EQ",121.59,123.4,114.1,116.01,117,122.16,857397,1007.1,"30-Jul-2026",11171,"",""
"991","GANESHCP","EQ",168,168.99,162.91,164.08,163.75,167.19,120390,198.31,"30-Jul-2026",2834,"",""
"992","GANESHHOU","EQ",764,764,742.5,746.7,745,768.55,30560,229.95,"30-Jul-2026",2826,"",""
"993","GANESHIN","ST",94,96.8,92.5,95.6,95.5,92.5,97600,92.4,"30-Jul-2026",74,"",""
"994","GANGABATH","SM",21.65,21.65,20.9,21.25,21.25,21.2,24000,5.08,"30-Jul-2026",8,"",""
"995","GANGAFORGE","BE",1.79,1.85,1.78,1.79,1.79,1.79,927871,16.73,"30-Jul-2026",491,"",""
"996","GANGESSECU","EQ",114.25,117.4,112.95,114.2,113.2,114.77,1975,2.27,"30-Jul-2026",33,"",""
"997","GARFIBRES","EQ",732.9,745.9,720,722.8,720.5,729.95,17662,128.32,"30-Jul-2026",2375,"",""
"998","GARUDA","EQ",171.36,172,167.1,168.16,168,170.93,227947,386.57,"30-Jul-2026",4309,"",""
"999","GATECH","EQ",0.5,0.58,0.49,0.58,0.58,0.49,35177923,198.31,"30-Jul-2026",1125,"",""
"1000","GATECHDVR","EQ",0.45,0.52,0.43,0.49,0.49,0.44,8881820,43.66,"30-Jul-2026",726,"",""
"1001","GATEWAY","EQ",58.23,58.87,57.69,57.86,57.9,58.2,504791,292.95,"30-Jul-2026",3647,"",""
"1002","GAUDIUMIVF","BE",140.14,140.14,140.14,140.14,140.14,142.99,7426,10.41,"30-Jul-2026",141,"",""
"1003","GAYAHWS","EQ",2.16,2.16,1.87,2,2.03,2,475239,9.58,"30-Jul-2026",392,"",""
"1004","GAYAPROJ","BE",20.12,20.42,19.12,19.32,19.5,20.12,394814,76.36,"30-Jul-2026",1271,"",""
"1005","GCHOTELS","ST",109.9,112.5,105,111.35,112,110,20400,22.49,"30-Jul-2026",29,"",""
"1006","GCSL","EQ",519.75,526.9,516,522.3,522.9,517.9,553093,2882.66,"30-Jul-2026",4719,"",""
"1007","GEECEE","BE",331.7,346.85,331.7,344.45,345.85,341.5,2263,7.69,"30-Jul-2026",55,"",""
"1008","GEEKAYWIRE","EQ",22.87,23.8,22.3,22.64,22.61,23.12,69565,15.97,"30-Jul-2026",794,"",""
"1009","GEMAROMA","EQ",190.23,190.23,182.1,183.87,185,189.28,50728,94,"30-Jul-2026",1616,"",""
"1010","GENCON","EQ",39.84,40.18,39.2,39.55,40,39.6,229511,91.35,"30-Jul-2026",899,"",""
"1011","GENESYS","EQ",276.9,285.45,265.5,267.45,268,277,301096,823.72,"30-Jul-2026",7474,"",""
"1012","GENUSPAPER","EQ",12.69,12.69,12,12.06,12.05,12.29,32176,3.9,"30-Jul-2026",153,"",""
"1013","GENUSPOWER","EQ",314.1,314.1,306.6,307.4,307,313.6,1240440,3834.07,"30-Jul-2026",14447,"",""
"1014","GENXAI","SM",70,73.4,67.45,73,73,72,74400,53.27,"30-Jul-2026",54,"",""
"1015","GEOJITFSL","EQ",75.8,76.9,74.51,75.44,75.87,75.38,239844,181.09,"30-Jul-2026",2819,"",""
"1016","GESHIP","EQ",1374,1399.9,1360.5,1371.3,1375,1370.7,315573,4330.27,"30-Jul-2026",26319,"",""
"1017","GFLLIMITED","EQ",46.93,47.5,46.8,46.83,46.93,46.93,41833,19.7,"30-Jul-2026",667,"",""
"1018","GGBL","SM",255,255,252.55,254.25,254.25,256.9,7200,18.25,"30-Jul-2026",24,"",""
"1019","GHCL","EQ",439.15,445,436.9,440.05,438,439.15,236633,1045.11,"30-Jul-2026",10091,"",""
"1020","GHCLTEXTIL","EQ",120.77,124.9,110.1,114.12,115.3,119.53,11875585,13963.09,"30-Jul-2026",101832,"",""
"1021","GICHSGFIN","EQ",148.89,149,147,147.79,147.96,148.35,33740,49.93,"30-Jul-2026",845,"",""
"1022","GICL","EQ",17.07,17.07,16.5,16.87,16.99,16.93,37301,6.26,"30-Jul-2026",166,"",""
"1023","GICRE","EQ",358.9,359.1,356,356.7,356.75,358.95,225968,807.09,"30-Jul-2026",9389,"",""
"1024","GILLANDERS","EQ",89.9,89.9,86.04,88.67,88.25,87.92,3126,2.73,"30-Jul-2026",76,"",""
"1025","GILLETTE","EQ",7929,7930,7668.5,7719,7724,7892,84547,6560.94,"30-Jul-2026",20325,"",""
"1026","GILT10BETA","EQ",26.88,26.88,26.36,26.54,26.54,26.44,367,0.1,"30-Jul-2026",7,"",""
"1027","GILT5BETA","EQ",66.7,66.92,65.53,66.07,66,66.7,5016,3.29,"30-Jul-2026",16,"",""
"1028","GILT5YBEES","EQ",67.03,67.03,65.87,65.99,66.03,66.05,63713,42.08,"30-Jul-2026",272,"",""
"1029","GINNIFILA","BE",45.12,46.39,44,45.11,45.15,45.91,83127,37.16,"30-Jul-2026",171,"",""
"1030","GIPCL","EQ",162.45,163.4,161.26,162.01,161.64,162.65,142856,231.89,"30-Jul-2026",2290,"",""
"1031","GIRIRAJ","SM",74.9,75.95,70.4,70.4,70.4,74.1,14250,10.15,"30-Jul-2026",51,"",""
"1032","GKENERGY","EQ",134.67,134.67,125.9,128.51,129.21,134.67,603659,786.97,"30-Jul-2026",6331,"",""
"1033","GKSL","EQ",127.74,129.8,126.54,127.04,127.01,127.1,339318,431.71,"30-Jul-2026",2231,"",""
"1034","GKWLIMITED","EQ",1650,1650,1600,1610.6,1604,1632.8,432,6.94,"30-Jul-2026",76,"",""
"1035","GLAND","EQ",2565,2586,2493,2517,2522,2543.7,745911,18891.32,"30-Jul-2026",69200,"",""
"1036","GLAXO","EQ",2616,2639.4,2591.3,2610.7,2608,2626.4,68326,1784.38,"30-Jul-2026",17663,"",""
"1037","GLENMARK","EQ",2270.2,2270.2,2182.9,2190.3,2207,2261.7,451791,10006.47,"30-Jul-2026",26342,"",""
"1038","GLFL","BE",5.76,6.05,5.75,5.75,5.75,5.78,1521,0.09,"30-Jul-2026",20,"",""
"1039","GLOBAL","EQ",102.19,104,102.19,102.82,102.76,102.19,14231,14.62,"30-Jul-2026",250,"",""
"1040","GLOBALE","BE",10.65,10.97,10.65,10.8,10.8,10.94,1050,0.11,"30-Jul-2026",9,"",""
"1041","GLOBALVECT","EQ",166,171.75,164,167.92,167.1,166.35,9739,16.29,"30-Jul-2026",300,"",""
"1042","GLOBE","EQ",2.17,2.17,2.1,2.12,2.14,2.16,234283,5,"30-Jul-2026",176,"",""
"1043","GLOBECIVIL","EQ",40.95,40.95,37.3,38.84,39,40.13,52520,20.43,"30-Jul-2026",531,"",""
"1044","GLOBUSSPR","EQ",876.95,886.45,872.6,879.95,881,876.95,36346,320.23,"30-Jul-2026",3196,"",""
"1045","GLOSTERLTD","EQ",686.75,686.75,625.1,653.4,643,677.3,1557,10.32,"30-Jul-2026",123,"",""
"1046","GLOTTIS","BE",66.07,67.9,66.04,67.01,67,67,30972,20.66,"30-Jul-2026",246,"",""
"1047","GMBREW","EQ",902.5,915,895.05,900.8,901.65,902.5,22557,203.83,"30-Jul-2026",1677,"",""
"1048","GMDCLTD","EQ",576,579.7,558,559.65,561.4,574.25,841124,4771.64,"30-Jul-2026",21087,"",""
"1049","GML","SM",16.25,16.75,16.25,16.75,16.75,16.9,4000,0.66,"30-Jul-2026",2,"",""
"1050","GMMPFAUDLR","EQ",805,818.9,796.5,814.3,811.2,803.65,45770,369.04,"30-Jul-2026",3252,"",""
"1051","GMRAIRPORT","EQ",107,107.06,103.26,103.91,104.1,107.1,9216229,9644.46,"30-Jul-2026",63209,"",""
"1052","GMRP&UI","EQ",96.9,99.75,95.9,99.48,99.56,96.83,915473,904.58,"30-Jul-2026",5692,"",""
"1053","GNA","EQ",534.8,547.75,527.3,530.8,528.1,532.15,341850,1838.51,"30-Jul-2026",10635,"",""
"1054","GNFC","EQ",525.2,531,520.5,527.05,528,525.1,380169,2001.53,"30-Jul-2026",15296,"",""
"1055","GNRL","EQ",94.7,94.75,93.2,94.24,94.25,94.78,29864,28.09,"30-Jul-2026",517,"",""
"1056","GOACARBON","EQ",387.9,388.75,375,379.05,378.1,391,18405,70.55,"30-Jul-2026",772,"",""
"1057","GOCLCORP","EQ",382.5,389.95,381.75,387.7,389,382.95,60778,234.53,"30-Jul-2026",2351,"",""
"1058","GOCOLORS","EQ",323.75,355,309,343,346,323,1964972,6444.2,"30-Jul-2026",40633,"",""
"1059","GODAVARIB","EQ",270,271.9,265.15,266.8,267.9,269.05,37982,101.85,"30-Jul-2026",1679,"",""
"1060","GODFRYPHLP","EQ",2075.6,2138.8,2032,2131.8,2135,2076,570317,12037.16,"30-Jul-2026",29225,"",""
"1061","GODIGIT","EQ",258,258.25,251.55,254.95,254.5,253.15,1323789,3378.56,"30-Jul-2026",24677,"",""
"1062","GODREJAGRO","EQ",560.7,564.2,557.55,559.4,559.25,560.35,60961,341.88,"30-Jul-2026",4357,"",""
"1063","GODREJCP","EQ",1077,1078.9,1065.8,1072.1,1071.9,1076.5,537019,5756.82,"30-Jul-2026",14516,"",""
"1064","GODREJIND","EQ",1285.7,1319.9,1272.1,1309.4,1308,1293.3,84816,1100.73,"30-Jul-2026",10043,"",""
"1065","GODREJPROP","EQ",2154,2154,2100.9,2110.9,2118,2156,523448,11073.36,"30-Jul-2026",30260,"",""
"1066","GOKEX","EQ",827.95,827.95,802,804.4,804.7,824.75,128896,1043.56,"30-Jul-2026",7405,"",""
"1067","GOKUL","EQ",39.02,39.49,38.86,39.18,39.49,39.21,122580,48.17,"30-Jul-2026",554,"",""
"1068","GOKULAGRO","EQ",225.4,238.58,222.6,225.15,224.88,223.2,3418850,7866.91,"30-Jul-2026",46902,"",""
"1069","GOLD1","EQ",117.84,118.69,117.67,118.39,118.48,117.83,2702941,3194.87,"30-Jul-2026",5335,"",""
"1070","GOLD360","EQ",138.2,139.2,138.05,138.75,139.2,138.2,3296,4.56,"30-Jul-2026",142,"",""
"1071","GOLDADD","EQ",137.87,138.12,137.17,137.96,137.7,137.35,210216,289.45,"30-Jul-2026",6153,"",""
"1072","GOLDAXIS","EQ",117.74,118.58,117.63,118.28,118.33,117.74,269959,318.7,"30-Jul-2026",2001,"",""
"1073","GOLDBEES","EQ",116.85,117.56,116.71,117.37,117.47,116.85,18386079,21534.2,"30-Jul-2026",56439,"",""
"1074","GOLDBETA","EQ",119,119.95,118.85,119.45,119.6,118.85,149040,177.87,"30-Jul-2026",1608,"",""
"1075","GOLDBND","EQ",141.37,142.42,141.06,142.19,141.82,141.37,1673,2.37,"30-Jul-2026",142,"",""
"1076","GOLDCASE","EQ",22.4,22.4,22.21,22.33,22.39,22.22,6523574,1453.94,"30-Jul-2026",7046,"",""
"1077","GOLDENTOBC","BZ",25,25.8,24.25,24.25,24.25,24.73,2262,0.57,"30-Jul-2026",22,"",""
"1078","GOLDETF","EQ",137.67,138.29,137.27,138.04,138.23,137.26,337941,465.79,"30-Jul-2026",8098,"",""
"1079","GOLDIAM","EQ",354.75,374,354.2,361.5,362,352.8,1473816,5371.33,"30-Jul-2026",27744,"",""
"1080","GOLDIETF","EQ",121.1,121.8,120.95,121.52,121.79,121.1,4727941,5740.39,"30-Jul-2026",20041,"",""
"1081","GOLDKART","SM",110.05,110.05,110.05,110.05,110.05,115.8,625,0.69,"30-Jul-2026",1,"",""
"1082","GOLDTECH","BE",55,57.5,55,55.92,56.52,55.46,8139,4.56,"30-Jul-2026",66,"",""
"1083","GOODLUCK","EQ",1530,1530.7,1475,1484.7,1485.5,1532,88585,1324.06,"30-Jul-2026",9277,"",""
"1084","GOODYEAR","EQ",823.05,833.9,820.3,829.3,828.05,823.3,17060,141.41,"30-Jul-2026",1005,"",""
"1085","GOPAL","EQ",265.4,278.9,263,264.2,263.25,264.3,137833,367.62,"30-Jul-2026",4954,"",""
"1086","GOYALALUM","EQ",6.66,6.66,6,6.42,6.47,6.61,226027,14.2,"30-Jul-2026",743,"",""
"1087","GOYALSALT","SM",115,115,115,115,115,114.25,600,0.69,"30-Jul-2026",1,"",""
"1088","GPECO","ST",428.15,434.85,421.7,424.2,423,433.35,7000,29.88,"30-Jul-2026",28,"",""
"1089","GPIL","EQ",244.05,252.8,244.05,249.35,249.15,251.8,854669,2128.42,"30-Jul-2026",17975,"",""
"1090","GPPL","EQ",150.12,152.95,149.13,150.61,150.7,150.18,1363281,2056.97,"30-Jul-2026",16937,"",""
"1091","GPTHEALTH","EQ",168,168,163,166.04,166.8,167.19,224181,371.38,"30-Jul-2026",5196,"",""
"1092","GPTINFRA","EQ",122.84,122.84,119.3,119.58,119.36,122.38,39474,47.32,"30-Jul-2026",855,"",""
"1093","GRADIENTE","BE",2.8,2.85,2.68,2.77,2.8,2.8,161803,4.47,"30-Jul-2026",130,"",""
"1094","GRANDOAK","EQ",35,35.58,33.6,33.67,33.6,35.36,3264,1.11,"30-Jul-2026",86,"",""
"1095","GRANULES","EQ",841.95,852.75,831.65,833.95,833,841.85,781533,6573.78,"30-Jul-2026",19467,"",""
"1096","GRAPHISAD","SM",29.5,30.2,29.5,29.8,30.2,29.15,7200,2.14,"30-Jul-2026",6,"",""
"1097","GRAPHITE","EQ",666.95,675.9,658.2,665.7,663.8,666.65,1250369,8386.05,"30-Jul-2026",26463,"",""
"1098","GRASIM","EQ",3115,3115.5,3085.5,3104.8,3100.1,3113,301353,9339.2,"30-Jul-2026",28698,"",""
"1099","GRAUWEIL","EQ",74.51,77.8,74.25,76.94,77,76.45,228283,173.91,"30-Jul-2026",2087,"",""
"1100","GRAVISSHO","EQ",30.9,31,30.85,30.92,30.9,30.84,937,0.29,"30-Jul-2026",11,"",""
"1101","GRAVITA","EQ",1615.2,1638.8,1575,1578.1,1579.9,1615.2,445394,7154.96,"30-Jul-2026",24635,"",""
"1102","GRCL","ST",579.9,579.9,577,577,577,573.3,500,2.89,"30-Jul-2026",2,"",""
"1103","GREAVESCOT","EQ",238.51,238.99,231.1,231.81,231.65,239.64,1086931,2548.86,"30-Jul-2026",16221,"",""
"1104","GREENCHEF","SM",49,49.9,49,49,49,48.5,5600,2.77,"30-Jul-2026",7,"",""
"1105","GREENLAM","EQ",251.7,255.55,250.05,252.2,250.2,254.15,28052,70.76,"30-Jul-2026",1454,"",""
"1106","GREENLEAF","ST",115,115,113.5,113.5,113.5,117.15,5000,5.72,"30-Jul-2026",5,"",""
"1107","GREENPANEL","EQ",191.98,195,190.1,192.88,192.61,191.54,327707,626.98,"30-Jul-2026",2394,"",""
"1108","GREENPLY","EQ",285.8,293.95,284,285.2,284.5,285.8,184320,531.48,"30-Jul-2026",4753,"",""
"1109","GREENPOWER","EQ",9.8,9.94,9.8,9.83,9.84,9.89,1231505,121.4,"30-Jul-2026",2921,"",""
"1110","GRINDWELL","EQ",2106,2150,2055,2101.8,2115,2118.7,148267,3103.12,"30-Jul-2026",12535,"",""
"1111","GRINFRA","EQ",878.95,895,878.95,891.55,892,884.9,12426,110.61,"30-Jul-2026",1586,"",""
"1112","GRMOVER","EQ",89,91.9,85.55,88.08,90,88.91,1280806,1139.62,"30-Jul-2026",31493,"",""
"1113","GROBTEA","EQ",902.3,902.3,900,900,900,917.2,9,0.08,"30-Jul-2026",3,"",""
"1114","GROWW","EQ",193.8,194.99,190.51,192.33,193,193.71,23228347,44634.71,"30-Jul-2026",120853,"",""
"1115","GROWWCAPM","EQ",11.23,11.23,11,11.07,11.09,11.12,900836,99.69,"30-Jul-2026",927,"",""
"1116","GROWWCHEM","EQ",30.4,30.4,30.05,30.11,30.2,30.4,16810,5.07,"30-Jul-2026",227,"",""
"1117","GROWWDEFNC","EQ",91.58,92.24,90.8,91.34,91.67,92.22,240889,220.44,"30-Jul-2026",2342,"",""
"1118","GROWWEV","EQ",32.08,32.5,31.82,32.29,32.49,32.05,373662,120.18,"30-Jul-2026",1554,"",""
"1119","GROWWGOLD","EQ",13.81,13.9,13.8,13.87,13.89,13.81,1004784,139.22,"30-Jul-2026",2184,"",""
"1120","GROWWHOSPI","EQ",54.6,54.91,54.16,54.66,54.9,54.54,414640,226.48,"30-Jul-2026",905,"",""
"1121","GROWWLIQID","EQ",110.12,110.13,110.12,110.12,110.12,110.11,171305,188.65,"30-Jul-2026",186,"",""
"1122","GROWWLOVOL","EQ",10.5,10.69,10.35,10.59,10.6,10.55,14817,1.57,"30-Jul-2026",117,"",""
"1123","GROWWMC150","EQ",232.26,232.26,229,230.17,231.63,230.86,536,1.23,"30-Jul-2026",31,"",""
"1124","GROWWMETAL","EQ",11.95,12.47,11.87,12.07,12.12,12.12,266663,32.21,"30-Jul-2026",1312,"",""
"1125","GROWWMOM50","EQ",10.7,10.7,10.44,10.45,10.44,10.54,459881,48.26,"30-Jul-2026",359,"",""
"1126","GROWWN200","EQ",11.39,11.42,11.25,11.35,11.39,11.35,41001,4.66,"30-Jul-2026",168,"",""
"1127","GROWWNET","EQ",10.15,10.25,10,10.08,10.12,10.14,593347,59.76,"30-Jul-2026",1060,"",""
"1128","GROWWNIFTY","EQ",9.89,9.89,9.75,9.81,9.82,9.8,616236,60.43,"30-Jul-2026",5071,"",""
"1129","GROWWNXT50","EQ",73.28,73.28,72.11,72.62,73.08,72.59,5617,4.08,"30-Jul-2026",80,"",""
"1130","GROWWPOWER","EQ",11.41,11.62,11.32,11.41,11.59,11.41,1796713,204.5,"30-Jul-2026",2805,"",""
"1131","GROWWPSE","EQ",100.48,100.48,98,98.72,98.77,99.08,1319,1.3,"30-Jul-2026",39,"",""
"1132","GROWWPSUBK","EQ",83.38,83.58,82.99,83.43,83.29,83.59,2553,2.13,"30-Jul-2026",60,"",""
"1133","GROWWRAIL","EQ",29,29.22,28.88,29.02,29.1,29.14,493265,143.08,"30-Jul-2026",1936,"",""
"1134","GROWWRLTY","EQ",10.27,10.33,10.05,10.08,10.21,10.27,242133,24.55,"30-Jul-2026",658,"",""
"1135","GROWWSC250","EQ",10.42,10.42,10.28,10.31,10.35,10.36,69877,7.22,"30-Jul-2026",425,"",""
"1136","GROWWSLVR","EQ",21.11,21.23,21,21.19,21.22,21.19,1284012,270.93,"30-Jul-2026",1985,"",""
"1137","GRPLTD","EQ",1962,2098.9,1960,2060.4,2094,1974.7,7159,145.95,"30-Jul-2026",657,"",""
"1138","GRSE","EQ",2615.7,2615.7,2566.7,2586.2,2581.5,2626.1,414345,10732.58,"30-Jul-2026",26635,"",""
"1139","GRWRHITECH","EQ",6990,7001.5,6756.5,6897,6900,6967.5,35650,2443.87,"30-Jul-2026",8593,"",""
"1140","GSEC10IETF","EQ",265.45,265.45,263.18,263.18,263.18,264.01,10,0.03,"30-Jul-2026",5,"",""
"1141","GSEC10YEAR","EQ",30.62,30.62,30.38,30.48,30.39,30.47,1427,0.43,"30-Jul-2026",19,"",""
"1142","GSEC5IETF","EQ",66.56,66.72,66.2,66.2,66.2,66.23,1141,0.76,"30-Jul-2026",18,"",""
"1143","GSFC","EQ",160.23,162.35,159,159.23,159.02,160.64,496000,797.51,"30-Jul-2026",7670,"",""
"1144","GSLSU","EQ",28.96,28.96,26.59,26.71,26.59,27.98,71293,19.22,"30-Jul-2026",670,"",""
"1145","GSMFOILS","SM",260.35,260.35,225,239.35,237.2,269.8,493000,1192.57,"30-Jul-2026",770,"",""
"1146","GSPCROP","EQ",580,594,569.1,586.4,589,582.65,250524,1458,"30-Jul-2026",6688,"",""
"1147","GSS","EQ",12.98,12.98,12.43,12.67,12.69,12.44,10391,1.32,"30-Jul-2026",96,"",""
"1148","GSTL","SM",15,15,15,15,15,15.75,4000,0.6,"30-Jul-2026",4,"",""
"1149","GTECJAINX","BE",28.52,28.66,28.52,28.52,28.52,29.1,3715,1.06,"30-Jul-2026",13,"",""
"1150","GTL","EQ",7.36,7.36,7.17,7.24,7.24,7.29,148732,10.75,"30-Jul-2026",545,"",""
"1151","GTLINFRA","EQ",1.21,1.23,1.19,1.19,1.2,1.21,30799870,371.12,"30-Jul-2026",11370,"",""
"1152","GTPL","EQ",60.03,60.19,59.25,59.92,60,59.76,24660,14.76,"30-Jul-2026",461,"",""
"1153","GUFICBIO","EQ",383,389,377.7,383.95,383.05,382.35,32344,124.17,"30-Jul-2026",1919,"",""
"1154","GUJALKALI","EQ",680.6,689.15,665.5,668.3,668.8,683.65,75248,508.59,"30-Jul-2026",3863,"",""
"1155","GUJAPOLLO","EQ",351.2,351.2,339.5,343.1,344.95,349.3,6212,21.34,"30-Jul-2026",566,"",""
"1156","GUJENERGY","EQ",272.9,279,270.9,275.25,275,273.05,916556,2523.4,"30-Jul-2026",28861,"",""
"1157","GUJRAFFIA","EQ",39.05,40.7,39.05,40.44,40.45,39.08,460,0.19,"30-Jul-2026",18,"",""
"1158","GUJTHEM","EQ",358.7,359,348,351.5,351,356.9,25702,90.96,"30-Jul-2026",1060,"",""
"1159","GULFOILLUB","EQ",1055,1065,1044.9,1054.3,1053.2,1060.7,32791,345.68,"30-Jul-2026",3130,"",""
"1160","GULFPETRO","BE",43.07,47.59,43.07,47.59,47.59,45.33,536415,249.73,"30-Jul-2026",779,"",""
"1161","GULPOLY","EQ",198.34,198.51,193,194.04,193.9,198.15,191630,373.46,"30-Jul-2026",3065,"",""
"1162","GURUNANAK","ST",38.8,40.65,38.8,40.45,40.45,38.9,8000,3.22,"30-Jul-2026",5,"",""
"1163","GVKPIL","BE",2.38,2.42,2.35,2.35,2.35,2.39,991843,23.46,"30-Jul-2026",1150,"",""
"1164","GVPIL","EQ",751.5,760.65,727,739.65,744,751.5,125324,926.67,"30-Jul-2026",6183,"",""
"1165","GVPTECH","EQ",7.24,7.24,6.94,7,7.03,6.94,63009,4.44,"30-Jul-2026",314,"",""
"1166","GVT&D","EQ",4100,4229.9,4002.5,4202.3,4213,4101.6,1102206,45531.01,"30-Jul-2026",86965,"",""
"1167","GYFTR","EQ",155.64,170,152.1,154.98,155.99,152.82,69511,108.93,"30-Jul-2026",1529,"",""
"1168","HAL","EQ",4580,4597.5,4538.2,4581.4,4590,4592,606007,27644,"30-Jul-2026",26881,"",""
"1169","HALDER","EQ",248.87,249.5,240.1,247.13,249,238.57,28449,70.28,"30-Jul-2026",363,"",""
"1170","HALDYNGL","BE",120.7,122.8,119.7,120.9,122.5,120.58,16107,19.52,"30-Jul-2026",126,"",""
"1171","HALEOSLABS","EQ",1589.8,1589.9,1520.1,1540.2,1525.2,1562.5,376,5.83,"30-Jul-2026",92,"",""
"1172","HAPPSTMNDS","EQ",386,391.9,377.9,380.45,380.45,385.65,992011,3833.36,"30-Jul-2026",27468,"",""
"1173","HAPPY","SM",58.25,62,57.65,58.85,60.6,61.65,74000,44.18,"30-Jul-2026",35,"",""
"1174","HAPPYFORGE","EQ",1665.9,1674.2,1640.1,1661.6,1674.2,1659.1,34100,564.48,"30-Jul-2026",5733,"",""
"1175","HARDWYN","EQ",11.42,11.49,11.18,11.2,11.21,11.51,1197545,134.57,"30-Jul-2026",2220,"",""
"1176","HARIOMPIPE","EQ",388,392.5,381.05,387.1,389,391.25,52825,204.07,"30-Jul-2026",2084,"",""
"1177","HARRMALAYA","EQ",218.47,218.47,208.4,210,209,218.47,9019,19.18,"30-Jul-2026",339,"",""
"1178","HARSHA","EQ",409,409.45,396,398.05,396.9,410.6,89787,359.03,"30-Jul-2026",4175,"",""
"1179","HATHWAY","EQ",10.81,10.83,10.69,10.75,10.79,10.8,1046854,112.54,"30-Jul-2026",1823,"",""
"1180","HATSUN","EQ",881.2,887.85,873.2,879.55,874.65,885.6,14123,124.51,"30-Jul-2026",2218,"",""
"1181","HAVELLS","EQ",1237,1264.4,1227.9,1261.7,1262,1237,1639594,20469.27,"30-Jul-2026",43595,"",""
"1182","HAVISHA","EQ",1.26,1.33,1.26,1.27,1.28,1.26,21026,0.27,"30-Jul-2026",90,"",""
"1183","HAWKINCOOK","EQ",8551,8671,8411,8530.5,8411,8520.5,1434,122.58,"30-Jul-2026",514,"",""
"1184","HBESD","EQ",75,78.92,74,78.89,78.89,76.77,7001,5.27,"30-Jul-2026",54,"",""
"1185","HBLENGINE","EQ",705,707,697,699.3,698.95,708.05,436179,3056.91,"30-Jul-2026",19573,"",""
"1186","HBSL","BE",50,50,47.15,48,48,49.27,624,0.3,"30-Jul-2026",30,"",""
"1187","HCC","EQ",21.33,21.34,20.8,20.94,21.04,21.35,12691735,2666.8,"30-Jul-2026",18096,"",""
"1188","HCG","EQ",676.05,681.5,660.1,669.65,674,674.75,156557,1051.16,"30-Jul-2026",16354,"",""
"1189","HCL-INSYS","EQ",11.53,11.58,11.3,11.3,11.3,11.41,154444,17.66,"30-Jul-2026",730,"",""
"1190","HCLTECH","EQ",1349,1369.9,1345.6,1352.7,1351.5,1344.3,3747919,50975.27,"30-Jul-2026",129759,"",""
"1191","HDBFS","EQ",679.7,688,673,680.95,680.1,679.7,408643,2788.15,"30-Jul-2026",30525,"",""
"1192","HDFCAMC","EQ",2535,2554.9,2529.2,2546.3,2549.5,2541.9,293137,7454.32,"30-Jul-2026",16254,"",""
"1193","HDFCBANK","EQ",752.8,757.9,745.5,753.95,753.4,748.2,35844392,269163.53,"30-Jul-2026",356030,"",""
"1194","HDFCBSE500","EQ",37.26,37.79,37.26,37.67,37.79,37.61,900426,336.92,"30-Jul-2026",320,"",""
"1195","HDFCGOLD","EQ",120.74,121.4,120.54,121.28,121.23,120.73,1670767,2020.32,"30-Jul-2026",7048,"",""
"1196","HDFCGROWTH","EQ",121.05,122.52,121.03,121.91,121.03,121.35,88346,107.86,"30-Jul-2026",586,"",""
"1197","HDFCLIFE","EQ",557,558.85,544.7,545.4,545.05,556.7,4394541,24065.77,"30-Jul-2026",61397,"",""
"1198","HDFCLIQUID","EQ",1071.5,1071.5,1071.48,1071.49,1071.5,1071.34,24212,259.43,"30-Jul-2026",47,"",""
"1199","HDFCLOWVOL","EQ",21.14,21.19,21.05,21.06,21.16,21.05,221774,46.9,"30-Jul-2026",78,"",""
"1200","HDFCMID150","EQ",23.49,23.5,23.24,23.3,23.37,23.39,250838,58.51,"30-Jul-2026",1301,"",""
"1201","HDFCMOMENT","EQ",30.33,30.57,30.21,30.41,30.46,30.46,125601,38.12,"30-Jul-2026",574,"",""
"1202","HDFCNEXT50","EQ",74.04,74.2,73.71,74.11,74.19,74.04,489385,362.5,"30-Jul-2026",556,"",""
"1203","HDFCNIF100","EQ",25.92,26.23,25.65,26.19,26.22,26.06,14162,3.71,"30-Jul-2026",188,"",""
"1204","HDFCNIFBAN","EQ",58.78,58.82,58.38,58.74,58.64,58.78,76046,44.52,"30-Jul-2026",390,"",""
"1205","HDFCNIFIT","EQ",33.33,34,33.15,33.33,33.26,33.1,834011,280.01,"30-Jul-2026",792,"",""
"1206","HDFCNIFTY","EQ",273.91,273.91,272.09,273.48,273.05,272.91,96616,263.89,"30-Jul-2026",1209,"",""
"1207","HDFCPSUBK","EQ",84,84.47,83.71,84.19,84.16,84.16,59939,50.4,"30-Jul-2026",261,"",""
"1208","HDFCPVTBAN","EQ",28.09,28.11,27.86,28.06,28.06,28.11,172109,48.12,"30-Jul-2026",398,"",""
"1209","HDFCQUAL","EQ",58.96,59.21,57.75,59.02,58.03,58.78,17494,10.33,"30-Jul-2026",157,"",""
"1210","HDFCSENSEX","EQ",88.28,88.45,87.85,88.21,88.15,87.85,45207,39.81,"30-Jul-2026",448,"",""
"1211","HDFCSILVER","EQ",206.39,206.95,205,206.69,206.51,206.71,1626472,3348.47,"30-Jul-2026",10605,"",""
"1212","HDFCSML250","EQ",182.09,182.09,179.52,179.85,179.9,181.22,1113702,2006.88,"30-Jul-2026",7963,"",""
"1213","HDFCVALUE","EQ",126.16,126.97,126.16,126.76,126.76,126.16,24898,31.48,"30-Jul-2026",72,"",""
"1214","HDIL","BZ",1.65,1.69,1.62,1.63,1.67,1.65,90574,1.49,"30-Jul-2026",160,"",""
"1215","HEADSUP","EQ",6.94,6.97,6.26,6.57,6.64,6.8,36297,2.38,"30-Jul-2026",332,"",""
"1216","HEALTHADD","EQ",16.89,16.95,16.82,16.85,16.91,16.85,135089,22.8,"30-Jul-2026",120,"",""
"1217","HEALTHAXIS","EQ",169.58,171.11,169.56,169.83,171.1,169.58,6063,10.34,"30-Jul-2026",106,"",""
"1218","HEALTHCARE","EQ",21.64,21.7,21.54,21.54,21.55,21.62,49890,10.78,"30-Jul-2026",192,"",""
"1219","HEALTHIETF","EQ",171.99,174.82,170.96,171.3,171.8,171.39,114386,196.34,"30-Jul-2026",3170,"",""
"1220","HEALTHX","EQ",315.55,315.55,304.55,310.2,309.1,305.45,16479,51.81,"30-Jul-2026",147,"",""
"1221","HEALTHY","EQ",17.1,17.37,17.1,17.21,17.22,17.17,252038,43.43,"30-Jul-2026",835,"",""
"1222","HECPROJECT","EQ",134,134.69,126,128.74,126,134.35,21294,28.04,"30-Jul-2026",792,"",""
"1223","HEG","EQ",675,683,656,659.25,659.7,672.65,2076663,13878.57,"30-Jul-2026",52068,"",""
"1224","HEIDELBERG","EQ",155.27,156,152.1,152.84,152.89,155.27,94497,145.19,"30-Jul-2026",2037,"",""
"1225","HEMIPROP","EQ",134.1,136.05,134.1,134.56,134.5,134.84,139700,188.49,"30-Jul-2026",1349,"",""
"1226","HERANBA","EQ",176.26,179.98,173.24,174.96,174.41,178.04,25102,44.06,"30-Jul-2026",1015,"",""
"1227","HERITGFOOD","EQ",329.95,338,328.25,329.4,330,328.75,299161,991.72,"30-Jul-2026",5467,"",""
"1228","HEROMOTOCO","EQ",5168.8,5353.6,5161,5325,5326.1,5149.1,1368741,72631.79,"30-Jul-2026",111654,"",""
"1229","HESTERBIO","EQ",2509.4,2683.6,2365,2478.2,2482,2496.9,450573,11415.96,"30-Jul-2026",49906,"",""
"1230","HEXAGON","BE",62.01,63.5,60.07,62.79,63.5,62.06,429038,262.62,"30-Jul-2026",1753,"",""
"1231","HEXATRADEX","EQ",157,158.3,155.65,157.42,158.29,157.04,2779,4.36,"30-Jul-2026",62,"",""
"1232","HEXT","EQ",598.1,598.1,565.6,575.55,576.2,618.3,2228602,12847.76,"30-Jul-2026",65414,"",""
"1233","HFCL","EQ",193,195.53,183.9,184.69,183.95,193.56,21043194,39429.87,"30-Jul-2026",91920,"",""
"1234","HGINFRA","EQ",535,538.5,532.05,533.05,534,533.65,38655,206.59,"30-Jul-2026",2694,"",""
"1235","HGM","EQ",51.78,54.75,49.1,52.71,52.99,51.27,15047,7.87,"30-Jul-2026",158,"",""
"1236","HGS","EQ",423,428.9,423,425.55,425,423.85,10527,44.9,"30-Jul-2026",705,"",""
"1237","HIGREEN","SM",131.5,138,131.5,136.05,136.05,132.35,27200,36.8,"30-Jul-2026",33,"",""
"1238","HIKAL","EQ",221.46,222.88,216.01,216.99,217.88,221.38,123310,268.91,"30-Jul-2026",3204,"",""
"1239","HILINFRA","EQ",46.95,47.8,45.5,45.92,46.29,46.99,40272,18.82,"30-Jul-2026",464,"",""
"1240","HILTON","BE",20.75,22.34,20.75,21.74,21.51,21.61,83747,18.06,"30-Jul-2026",174,"",""
"1241","HIMATSEIDE","EQ",80.62,80.62,79.01,79.23,79.25,80.62,297494,236.87,"30-Jul-2026",2235,"",""
"1242","HINDALCO","EQ",968,973.05,960.6,970.4,969.5,962.45,4259226,41189.77,"30-Jul-2026",107760,"",""
"1243","HINDCOMPOS","EQ",428.45,432.95,425,426.15,426,428.05,1835,7.85,"30-Jul-2026",164,"",""
"1244","HINDCON","EQ",22.55,23.35,21.7,23.16,23.17,22.75,66365,15.05,"30-Jul-2026",306,"",""
"1245","HINDCOPPER","EQ",481.25,489.85,477.5,480.25,479.95,483.45,2347659,11305.87,"30-Jul-2026",40347,"",""
"1246","HINDOILEXP","EQ",158.8,162.5,157.12,159.26,158.99,157.01,434269,696.49,"30-Jul-2026",5318,"",""
"1247","HINDPETRO","EQ",392.8,393.3,386.25,388.45,388.5,392.75,6084665,23658.35,"30-Jul-2026",63454,"",""
"1248","HINDUNILVR","EQ",2120,2132.6,2088,2107.9,2107,2117.8,2602039,54781.25,"30-Jul-2026",87127,"",""
"1249","HINDWAREAP","EQ",219.6,220.15,215.05,218.3,216,219.4,57338,124.44,"30-Jul-2026",1997,"",""
"1250","HINDZINC","EQ",539.65,542,531.3,535.9,536.9,536.7,2928457,15685.1,"30-Jul-2026",41908,"",""
"1251","HIRECT","EQ",1346,1355,1290.4,1300.4,1299.9,1323.1,199318,2635.19,"30-Jul-2026",13182,"",""
"1252","HISARMETAL","EQ",147,151,146,147.38,146.1,148.38,2094,3.09,"30-Jul-2026",55,"",""
"1253","HITECH","EQ",86.2,86.2,84.36,84.74,84.75,86.21,385100,327.51,"30-Jul-2026",3183,"",""
"1254","HITECHCORP","BE",323,323,320,322,322,320,5949,19.06,"30-Jul-2026",87,"",""
"1255","HITECHGEAR","BE",572,580,558.05,573.7,565.3,562.5,12910,73.73,"30-Jul-2026",73,"",""
"1256","HLEGLAS","EQ",430,434.7,417.8,424.45,420.5,428,142414,605.87,"30-Jul-2026",7203,"",""
"1257","HLVLTD","EQ",7.06,7.12,7.03,7.06,7.08,7.12,106245,7.51,"30-Jul-2026",466,"",""
"1258","HMAAGRO","EQ",22.23,22.44,20.88,21,21,21.95,789132,167.89,"30-Jul-2026",3523,"",""
"1259","HMT","BZ",60.9,62.37,59.05,61.62,61.2,59.4,22322,13.75,"30-Jul-2026",125,"",""
"1260","HMVL","EQ",95.05,95.96,92.6,95.08,93,94.99,27314,25.91,"30-Jul-2026",525,"",""
"1261","HNDFDS","EQ",568.1,580.4,565.1,574.05,578.95,568,60019,344.03,"30-Jul-2026",2820,"",""
"1262","HNGSNGBEES","EQ",492.48,496.35,489.31,495.32,496.1,491.18,108241,534.56,"30-Jul-2026",3908,"",""
"1263","HOACFOODS","ST",712,736,712,730.5,736,725,1500,10.87,"30-Jul-2026",4,"",""
"1264","HOLMARC","SM",105,105,104,104,104,102,1500,1.57,"30-Jul-2026",2,"",""
"1265","HOMEFIRST","EQ",1182.5,1203.1,1169,1188.2,1181.5,1174.5,180202,2140.05,"30-Jul-2026",16727,"",""
"1266","HONASA","EQ",448.15,452.3,442.6,445.95,449,449.35,654194,2923.61,"30-Jul-2026",17206,"",""
"1267","HONAUT","EQ",40050,40280,39300,39505,39400,40105,14732,5863.63,"30-Jul-2026",6442,"",""
"1268","HONDAPOWER","EQ",2090,2150,2074,2114.6,2123,2119.7,6961,147.58,"30-Jul-2026",1022,"",""
"1269","HPAL","EQ",33,33.35,32.5,32.91,32.65,32.75,46669,15.3,"30-Jul-2026",576,"",""
"1270","HPIL","EQ",126,130,126,129.85,128.4,126.07,5346,6.83,"30-Jul-2026",49,"",""
"1271","HPL","EQ",336.5,336.65,330,330.9,331,336.25,54969,182.72,"30-Jul-2026",2173,"",""
"1272","HPTL","SM",314.6,314.6,313.95,314.6,314.6,299.65,6600,20.75,"30-Jul-2026",10,"",""
"1273","HSBCGOLD","EQ",123.81,124.02,122.77,123.89,123.9,123.2,270,0.33,"30-Jul-2026",12,"",""
"1274","HSCL","EQ",771,773.6,753.1,760.5,762.35,769.9,3384244,25745.87,"30-Jul-2026",32945,"",""
"1275","HTMEDIA","EQ",25.4,25.4,24.5,24.53,24.59,24.8,44967,11.1,"30-Jul-2026",312,"",""
"1276","HUBTOWN","EQ",193,193,185.99,187.29,188,191.52,323856,612.01,"30-Jul-2026",3880,"",""
"1277","HUDCO","EQ",194.75,198.09,193.9,197.11,197.1,195.21,1397122,2747.42,"30-Jul-2026",21285,"",""
"1278","HUHTAMAKI","EQ",295.9,302,293.13,298.58,298.78,296.89,470725,1406.65,"30-Jul-2026",6918,"",""
"1279","HVAX","SM",625,641.95,599,640.95,641.95,625,900,5.59,"30-Jul-2026",5,"",""
"1280","HYBRIDFIN","BE",18.54,18.7,18.11,18.53,18.7,18.54,18670,3.44,"30-Jul-2026",43,"",""
"1281","HYUNDAI","EQ",1992,2047.8,1980.1,2018.2,2040.3,1992.9,735778,14769.13,"30-Jul-2026",39680,"",""
"1282","IBLFL","SM",61,62,61,61.5,61,61.05,8000,4.9,"30-Jul-2026",4,"",""
"1283","IBULLSLTD","BE",27.27,27.9,26.73,26.73,26.73,28.13,6764817,1821.08,"30-Jul-2026",5308,"",""
"1284","ICDSLTD","EQ",41.34,41.34,39.52,40.99,40.99,41.34,150,0.06,"30-Jul-2026",10,"",""
"1285","ICELCO","SM",155.95,155.95,147.5,148.5,148,156,49200,73.64,"30-Jul-2026",39,"",""
"1286","ICEMAKE","EQ",810,836,801.6,813.95,814.4,807.95,47284,388.32,"30-Jul-2026",3954,"",""
"1287","ICICIAMC","EQ",3110.8,3114,3046.5,3051.4,3050,3110.7,292435,8981.69,"30-Jul-2026",24626,"",""
"1288","ICICIB22","EQ",115.26,116.24,114.59,115.54,115.58,115.25,351894,405.6,"30-Jul-2026",2204,"",""
"1289","ICICIBANK","EQ",1431.1,1442.2,1422.6,1433.9,1430,1437.9,14141173,202329.72,"30-Jul-2026",180054,"",""
"1290","ICICIGI","EQ",1645.1,1647.3,1620.1,1637.9,1632.1,1648.8,432105,7060.98,"30-Jul-2026",25157,"",""
"1291","ICICIPRULI","EQ",511.65,513.7,506.7,510.6,511.4,511.65,1253572,6390.52,"30-Jul-2026",16709,"",""
"1292","ICIL","EQ",412.9,413.75,398.15,402.6,401.75,412.9,353159,1423.71,"30-Jul-2026",14567,"",""
"1293","ICRA","EQ",4799.5,4956,4764,4923,4924,4775.5,124077,6030.58,"30-Jul-2026",20052,"",""
"1294","IDBI","EQ",84.14,85.3,83.7,84.04,83.99,84.14,6678966,5636.16,"30-Jul-2026",33607,"",""
"1295","IDEA","EQ",13.05,13.18,12.85,12.87,12.88,13.05,230386335,29922.59,"30-Jul-2026",373517,"",""
"1296","IDEAFORGE","BE",850.1,858,840.1,851.1,851,848.5,122570,1042.85,"30-Jul-2026",5064,"",""
"1297","IDEALTECHO","SM",181,181,175,175.25,175,184,3500,6.2,"30-Jul-2026",6,"",""
"1298","IDFCFIRSTB","EQ",84.93,85,83.7,84.76,84.7,85.02,19103686,16139.16,"30-Jul-2026",68969,"",""
"1299","IDFNIFTYET","EQ",267.87,268.59,267.51,267.51,267.51,267.33,790,2.12,"30-Jul-2026",25,"",""
"1300","IEML","SM",43.05,44.05,41.25,42.2,42.45,42.85,11000,4.65,"30-Jul-2026",19,"",""
"1301","IEX","EQ",134,134.1,131,131.4,131.4,134.19,5008822,6612.29,"30-Jul-2026",38213,"",""
"1302","IFBAGRO","BE",949,990,948.05,962.25,978.95,988.55,6993,67.05,"30-Jul-2026",360,"",""
"1303","IFBIND","EQ",1331.3,1338,1303.7,1312.5,1311,1331.3,30247,398.32,"30-Jul-2026",3496,"",""
"1304","IFCI","EQ",71.43,74.1,70.3,73.52,73.31,71.3,32673070,23751.48,"30-Jul-2026",87228,"",""
"1305","IFGLEXPOR","EQ",195.21,197.02,193,194.77,193.55,196.14,20181,39.34,"30-Jul-2026",795,"",""
"1306","IGARASHI","EQ",458.15,458.15,442.8,445,447.8,455.85,29013,130.05,"30-Jul-2026",1421,"",""
"1307","IGCL","EQ",77.63,80.8,75.11,77.15,76.35,77.63,446282,346.73,"30-Jul-2026",3046,"",""
"1308","IGIL","EQ",347,350.3,332.95,345.45,345.75,347,579140,1991.1,"30-Jul-2026",14716,"",""
"1309","IGL","EQ",152,153.4,151.51,151.74,152.21,152.91,806801,1230.55,"30-Jul-2026",11815,"",""
"1310","IGPL","EQ",460.65,471,454.1,468.15,471,463.5,26578,123.11,"30-Jul-2026",901,"",""
"1311","IIFL","EQ",600.5,619.5,600,607.85,608,595.1,3846347,23463.68,"30-Jul-2026",71096,"",""
"1312","IIFLCAPS","EQ",336,336.4,334.55,335.6,335,335.85,184145,617.38,"30-Jul-2026",4773,"",""
"1313","IITL","EQ",136.42,139.9,130.35,135.83,132,136.02,91504,123.75,"30-Jul-2026",669,"",""
"1314","IKIO","EQ",204.7,204.7,197,199.22,197.16,204.7,195960,390.66,"30-Jul-2026",3653,"",""
"1315","IKS","EQ",1822.5,1822.5,1777.1,1782.3,1784.9,1819.2,51771,927.23,"30-Jul-2026",9510,"",""
"1316","IL&FSENGG","BZ",35.52,35.53,35,35.53,35.53,33.84,72337,25.67,"30-Jul-2026",74,"",""
"1317","IL&FSTRANS","BZ",2.24,2.24,2.11,2.15,2.19,2.2,34732,0.74,"30-Jul-2026",40,"",""
"1318","IMAGICAA","EQ",45.8,45.9,45.21,45.49,45.6,46.08,224024,102.01,"30-Jul-2026",1118,"",""
"1319","IMFA","EQ",1372.7,1418.3,1365,1382.7,1372,1372.7,132941,1849.02,"30-Jul-2026",10550,"",""
"1320","IMPAL","EQ",1102.6,1115,1055,1085.9,1095.3,1102.6,4629,50.07,"30-Jul-2026",726,"",""
"1321","INA","EQ",112.26,112.26,108.93,110.05,110.75,111.73,407170,446.98,"30-Jul-2026",3889,"",""
"1322","INCREDIBLE","EQ",32.62,33.84,32.5,32.61,33.16,33.01,3709,1.22,"30-Jul-2026",69,"",""
"1323","INDBANK","EQ",32.95,32.95,31.55,31.85,32.02,32.55,36936,11.85,"30-Jul-2026",536,"",""
"1324","INDGN","EQ",519.6,538.5,510,514.7,514.2,523.6,555545,2899.64,"30-Jul-2026",44762,"",""
"1325","INDHOTEL","EQ",736.55,750.5,733.9,749.25,748.4,738.2,2223747,16564.91,"30-Jul-2026",38551,"",""
"1326","INDIACEM","EQ",396,401.5,392.05,399.4,398.05,398.2,185671,738.93,"30-Jul-2026",13659,"",""
"1327","INDIAGLYCO","EQ",1142,1165.1,1120,1128.35,1126,1143.95,116447,1325.54,"30-Jul-2026",6915,"",""
"1328","INDIAMART","EQ",1755,1760.9,1730,1743.1,1742,1751,194452,3386.21,"30-Jul-2026",22059,"",""
"1329","INDIANB","EQ",825.75,832.5,817.75,827.25,826.55,827.7,816477,6753.45,"30-Jul-2026",38965,"",""
"1330","INDIANCARD","EQ",222,227.97,222,223.25,222.11,222.59,1217,2.73,"30-Jul-2026",71,"",""
"1331","INDIANHUME","EQ",394,394.2,385,386.65,388,393.85,30477,118.76,"30-Jul-2026",1651,"",""
"1332","INDIASHLTR","EQ",720,727.9,708.2,719.3,717,724.7,174034,1252.98,"30-Jul-2026",6079,"",""
"1333","INDIGO","EQ",5210,5258,5194,5230.5,5218,5276.5,549497,28726.49,"30-Jul-2026",52194,"",""
"1334","INDIGOPNTS","EQ",1105.6,1106.9,1068,1080.9,1068.5,1102.3,65314,711.77,"30-Jul-2026",7292,"",""
"1335","INDIGRID","IV",178.96,179.19,178.01,178.41,178.4,178.32,968734,1729.43,"30-Jul-2026",5676,"",""
"1336","INDIQUBE","EQ",179.6,179.6,169.25,170.59,173,179.79,48373,83.58,"30-Jul-2026",1922,"",""
"1337","INDNIPPON","EQ",1172.5,1183.1,1151.2,1160.6,1155,1171.9,16909,196.9,"30-Jul-2026",2052,"",""
"1338","INDOAMIN","BE",128.37,130,127,127.45,127.3,128.37,21539,27.77,"30-Jul-2026",268,"",""
"1339","INDOBORAX","EQ",386.1,393.3,379.2,383.3,386,384.6,79627,305.76,"30-Jul-2026",3688,"",""
"1340","INDOCO","EQ",222.9,222.9,216.03,216.69,217.45,225.05,143643,314.78,"30-Jul-2026",3199,"",""
"1341","INDOFARM","EQ",154.4,159.89,151.37,152,152,155.06,202988,314.05,"30-Jul-2026",3152,"",""
"1342","INDOMIM","EQ",700,757.75,700,741.75,745,485,72703164,520568.95,"30-Jul-2026",1512364,"",""
"1343","INDORAMA","EQ",50.5,56.64,50.5,55.02,55.5,53.24,1548451,838.8,"30-Jul-2026",10971,"",""
"1344","INDOSTAR","EQ",267.15,267.15,257.3,260.55,258.1,274.7,292993,764.48,"30-Jul-2026",6478,"",""
"1345","INDOTECH","BE",3462,3550,3365,3387.8,3387.5,3463.8,23108,784.39,"30-Jul-2026",877,"",""
"1346","INDOTHAI","EQ",220,226.06,216.85,218.09,217.11,217.94,4084627,9034.42,"30-Jul-2026",19817,"",""
"1347","INDOUS","EQ",85.7,87.99,81.44,82.58,83,84.76,10214,8.57,"30-Jul-2026",473,"",""
"1348","INDOWIND","BE",9.32,9.32,9.1,9.13,9.12,9.23,68075,6.23,"30-Jul-2026",201,"",""
"1349","INDPRUD","EQ",6501,6501,6501,6501,6501,6501,2,0.13,"30-Jul-2026",2,"",""
"1350","INDRAMEDCO","EQ",362.85,363.6,359,359.8,360,362.7,91682,331.11,"30-Jul-2026",2609,"",""
"1351","INDSWFTLAB","EQ",226,228,216.7,219.82,218.11,223.58,369587,818.55,"30-Jul-2026",5959,"",""
"1352","INDTERRAIN","EQ",28.51,29.25,28,28.05,28,28.51,10001,2.83,"30-Jul-2026",117,"",""
"1353","INDUSINDBK","EQ",1012.3,1013.6,999,1011.45,1010.8,1012.3,1237239,12456.61,"30-Jul-2026",35361,"",""
"1354","INDUSINVIT","IV",131.8,131.9,130.99,131.25,131.9,131.15,122994,161.61,"30-Jul-2026",8332,"",""
"1355","INDUSTOWER","EQ",388.1,396.8,386.2,392.9,392.45,386.15,5966629,23475.18,"30-Jul-2026",56612,"",""
"1356","INFINIUM","SM",208.5,208.5,208.5,208.5,208.5,206,500,1.04,"30-Jul-2026",1,"",""
"1357","INFLUX","SM",290.1,292,285,285.3,285.5,297,19200,55.07,"30-Jul-2026",22,"",""
"1358","INFOBEAN","EQ",168.6,176.3,165.21,170.1,168.5,168.6,735681,1269.02,"30-Jul-2026",11398,"",""
"1359","INFOLLION","SM",163,163,157.3,160.15,160.8,160,21200,33.81,"30-Jul-2026",23,"",""
"1360","INFOMEDIA","EQ",5.43,5.61,5.29,5.48,5.56,5.41,37454,2.03,"30-Jul-2026",47,"",""
"1361","INFRA","EQ",12.06,12.07,11.95,12.01,12.03,12.06,16443,1.97,"30-Jul-2026",188,"",""
"1362","INFRABEES","EQ",964.86,975,960.91,968.71,967.81,964.86,5675,54.79,"30-Jul-2026",1573,"",""
"1363","INFRAIETF","EQ",94.84,97,94.84,96.17,96.15,95.84,172639,165.56,"30-Jul-2026",4146,"",""
"1364","INFY","EQ",1168,1187.7,1151.3,1155.1,1155,1155.6,22630218,265458.97,"30-Jul-2026",413605,"",""
"1365","INGERRAND","EQ",4256.4,4304.9,4245.2,4277.7,4273.6,4285,3401,145.18,"30-Jul-2026",1011,"",""
"1366","INM","SM",180.05,180.05,180,180,180,180,4800,8.64,"30-Jul-2026",2,"",""
"1367","INNOMET","ST",170.25,176.85,170.25,176.85,176.85,173.4,163800,285.56,"30-Jul-2026",56,"",""
"1368","INNOVACAP","EQ",975.15,983.15,961.05,969.55,962.55,968.65,17954,174.54,"30-Jul-2026",2694,"",""
"1369","INNOVANA","EQ",335,341.85,315.2,321.05,321,330.85,3487,11.34,"30-Jul-2026",235,"",""
"1370","INNOVISION","EQ",282.15,287,278,285.15,285,282.15,50889,143.47,"30-Jul-2026",1625,"",""
"1371","INOXGREEN","EQ",182.55,182.77,172.7,175.25,177.19,182.55,1949052,3417.99,"30-Jul-2026",21865,"",""
"1372","INOXINDIA","EQ",1888,1927.9,1876,1897.5,1895,1881.8,129327,2453.99,"30-Jul-2026",14418,"",""
"1373","INOXWIND","EQ",76.9,76.9,73.81,74.98,75.07,76.6,18968165,14177.13,"30-Jul-2026",61023,"",""
"1374","INSECTICID","EQ",626.2,633.95,614.65,622.15,615,629.15,13867,86.9,"30-Jul-2026",1172,"",""
"1375","INSPIRISYS","BE",98,102.8,95.1,99.97,99.97,98.32,1189,1.17,"30-Jul-2026",40,"",""
"1376","INTELLECT","EQ",723.95,725.95,702,705.5,705,720,574449,4075.81,"30-Jul-2026",19379,"",""
"1377","INTENTECH","EQ",89.9,90,83.05,84.7,86.4,88.71,127903,111.05,"30-Jul-2026",668,"",""
"1378","INTERARCH","EQ",1805,1843.4,1771,1790.4,1805.6,1799.9,36188,652.24,"30-Jul-2026",4544,"",""
"1379","INTERNET","EQ",13.78,13.78,13.54,13.63,13.64,13.65,60446,8.23,"30-Jul-2026",120,"",""
"1380","INTLCONV","EQ",75.28,75.28,72.6,74.37,74.05,74.57,42231,31,"30-Jul-2026",1495,"",""
"1381","INVENTURE","EQ",0.91,0.92,0.9,0.9,0.91,0.91,784365,7.09,"30-Jul-2026",283,"",""
"1382","INVPRECQ","BE",1040,1061.8,1000.05,1047.2,1058.95,1012.4,8637,90.1,"30-Jul-2026",212,"",""
"1383","IOB","EQ",33.8,33.87,33.5,33.73,33.78,33.79,2100415,706.87,"30-Jul-2026",11990,"",""
"1384","IOC","EQ",140,140.89,139.38,139.94,139.8,140.11,6997658,9800.88,"30-Jul-2026",46649,"",""
"1385","IOLCP","EQ",146.7,147.8,144.18,144.65,144.47,147.35,910867,1323.68,"30-Jul-2026",8734,"",""
"1386","IONEXCHANG","EQ",423.5,423.5,412,417.5,418,423.9,333715,1389.16,"30-Jul-2026",12125,"",""
"1387","IPCALAB","EQ",1770,1790,1742,1758.8,1760,1774.5,140552,2475.89,"30-Jul-2026",20260,"",""
"1388","IPHL","SM",70.05,72.35,67,70.9,71,72.25,106800,74.43,"30-Jul-2026",70,"",""
"1389","IPL","EQ",153.4,153.5,151.4,152.25,152.5,152.73,108221,164.71,"30-Jul-2026",1600,"",""
"1390","IRB","EQ",19.74,21.04,19.72,20.25,20.29,19.98,78604244,16058.9,"30-Jul-2026",113282,"",""
"1391","IRBINVIT","IV",62.2,63.15,61.75,62.55,62.55,62.06,1093582,680.6,"30-Jul-2026",4378,"",""
"1392","IRCON","EQ",126,126.19,125.16,125.63,125.74,126.67,651710,819.17,"30-Jul-2026",10240,"",""
"1393","IRCTC","EQ",496,496.95,491.5,493.15,493.7,496,523108,2578.97,"30-Jul-2026",20051,"",""
"1394","IREDA","EQ",120.1,120.61,119.26,119.88,119.81,120.82,3172319,3800,"30-Jul-2026",21574,"",""
"1395","IRFC","EQ",89.4,89.4,87.64,88.92,88.9,89.13,15815613,14018.8,"30-Jul-2026",59688,"",""
"1396","IRIS","EQ",258.8,258.8,239,241.55,239,248.4,38077,92.2,"30-Jul-2026",1670,"",""
"1397","IRISDOREME","EQ",49.99,50.5,49.25,49.63,49.9,49.35,509292,253.41,"30-Jul-2026",2470,"",""
"1398","IRMENERGY","EQ",256.45,262.65,255.5,257.45,258.55,256.45,60436,156.14,"30-Jul-2026",2115,"",""
"1399","ISFT","EQ",78,82.5,78,79.7,79.01,79.29,4337,3.48,"30-Jul-2026",130,"",""
"1400","ISGEC","EQ",850,859,843.9,846.2,854.55,853.25,11914,101.04,"30-Jul-2026",1822,"",""
"1401","ISHANCH","EQ",51.9,51.9,50.1,50.81,51.35,51.84,5184,2.65,"30-Jul-2026",60,"",""
"1402","IT","EQ",34.55,35.35,34.55,34.63,34.59,34.56,1258965,440.74,"30-Jul-2026",1888,"",""
"1403","ITADD","EQ",33.2,33.75,33.02,33.15,33.05,32.96,117598,39.34,"30-Jul-2026",312,"",""
"1404","ITALIANE","SM",30.9,33.85,29.15,29.55,29.55,31.5,18000,5.56,"30-Jul-2026",8,"",""
"1405","ITAXIS","EQ",345.31,350.5,341,342.71,341,342.66,8207,28.5,"30-Jul-2026",183,"",""
"1406","ITBEES","EQ",34.52,35.35,34.52,34.62,34.63,34.54,41065319,14383.04,"30-Jul-2026",36031,"",""
"1407","ITBETA","EQ",329.51,334.87,327.8,328.39,327.8,327.84,3224,10.7,"30-Jul-2026",53,"",""
"1408","ITC","EQ",286.1,288.4,283.75,285.05,285.55,286.25,18283697,52243.22,"30-Jul-2026",201829,"",""
"1409","ITCHOTELS","EQ",162.1,162.55,160,160.54,161,163.02,2149034,3461.07,"30-Jul-2026",43854,"",""
"1410","ITDC","EQ",720,720.7,692.5,696.9,693.6,719.5,239674,1684.76,"30-Jul-2026",10712,"",""
"1411","ITETF","EQ",32.9,33.77,32.9,33.05,33.03,32.97,1182773,395.66,"30-Jul-2026",1430,"",""
"1412","ITI","EQ",276,276.3,273,273.45,273.55,277.15,111657,305.76,"30-Jul-2026",4673,"",""
"1413","ITIETF","EQ",34.6,35.38,34.59,34.64,34.69,34.56,4419123,1543.96,"30-Jul-2026",2876,"",""
"1414","ITTL","ST",69.25,69.25,69.25,69.25,69.25,67.9,210,0.15,"30-Jul-2026",1,"",""
"1415","IVALUE","EQ",271.55,278.4,263,273.8,272.7,284.55,792344,2138.01,"30-Jul-2026",18423,"",""
"1416","IVC","EQ",8.44,8.5,8.26,8.28,8.29,8.24,86680,7.22,"30-Jul-2026",540,"",""
"1417","IVP","BE",151.4,155.39,149,149.99,149,151.29,6474,9.82,"30-Jul-2026",91,"",""
"1418","IVZINGOLD","EQ",123.1,124,122.65,123.7,123.35,122.95,17061,21.02,"30-Jul-2026",168,"",""
"1419","IVZINNIFTY","EQ",2778.13,2788.91,2772.12,2786.51,2786.67,2778.13,296,8.23,"30-Jul-2026",58,"",""
"1420","IWARE","ST",472,483.45,470.05,476.8,478,466.1,5400,25.84,"30-Jul-2026",9,"",""
"1421","IWP","EQ",32.66,33.49,32.66,32.84,32.66,33.05,2738,0.9,"30-Jul-2026",30,"",""
"1422","IXIGO","EQ",194,196,190.8,193.48,193.75,194.03,262962,508.96,"30-Jul-2026",6647,"",""
"1423","IZMO","EQ",1030,1068.9,1002.7,1002.8,1002.7,1055.4,72232,737.69,"30-Jul-2026",4827,"",""
"1424","J&KBANK","EQ",155,155.72,146.7,153.74,153.75,154.63,13733288,20703.06,"30-Jul-2026",89017,"",""
"1425","JAGRAN","EQ",62.97,63.9,62.47,63.69,63.9,62.55,219077,138.67,"30-Jul-2026",2403,"",""
"1426","JAGSNPHARM","EQ",238,263.7,232,236.04,232.5,230.5,14104509,35199.42,"30-Jul-2026",155010,"",""
"1427","JAIBALAJI","BE",61.13,61.33,58.08,58.96,58.2,61.13,329199,196.09,"30-Jul-2026",972,"",""
"1428","JAICORPLTD","EQ",101.76,101.76,99.85,101.47,101.5,101.76,351641,354.41,"30-Jul-2026",3311,"",""
"1429","JAINIK","SM",180,181.1,180,181.05,181.05,180.05,12000,21.68,"30-Jul-2026",8,"",""
"1430","JAINREC","EQ",337.2,344.5,333,343.15,343,335.35,795798,2701.65,"30-Jul-2026",18301,"",""
"1431","JAIPURKURT","EQ",26.66,28.4,26.65,26.94,27.3,27.25,52551,14.57,"30-Jul-2026",225,"",""
"1432","JALAN","ST",1.55,1.65,1.55,1.6,1.6,1.6,642000,10.26,"30-Jul-2026",70,"",""
"1433","JAMNAAUTO","EQ",131.8,132.77,129.79,130.32,130.7,131.97,711628,930.15,"30-Jul-2026",8656,"",""
"1434","JARO","EQ",478.65,479.95,466.25,466.9,469.35,476.45,83337,393.33,"30-Jul-2026",1795,"",""
"1435","JASH","EQ",492.5,497.8,485,492.45,490,494.55,89944,440.73,"30-Jul-2026",4084,"",""
"1436","JAYAGROGN","EQ",224.1,225.55,219.1,220.39,221,224.29,6472,14.35,"30-Jul-2026",239,"",""
"1437","JAYBARMARU","EQ",147.5,156.09,147.5,152.95,153.5,153,520892,795.12,"30-Jul-2026",7892,"",""
"1438","JAYBEE","SM",89,90.7,86.7,86.75,86.8,88.25,9500,8.39,"30-Jul-2026",17,"",""
"1439","JAYESH","SM",140,140,137.5,137.5,137.5,134,14000,19.28,"30-Jul-2026",2,"",""
"1440","JAYKAY","EQ",160.9,161.94,156.66,158.03,157.91,160.65,76531,121.26,"30-Jul-2026",1799,"",""
"1441","JAYNECOIND","EQ",88.3,88.8,86.5,86.94,86.99,88.81,1727877,1508.64,"30-Jul-2026",12280,"",""
"1442","JAYSREETEA","EQ",82.98,82.98,80.5,80.86,81,82.56,26015,21.25,"30-Jul-2026",922,"",""
"1443","JBMA","EQ",676.15,689,665.1,678.45,673.1,676,693626,4713.53,"30-Jul-2026",26567,"",""
"1444","JETFREIGHT","EQ",20.66,22.68,20.55,22.13,22.27,21.22,319319,68.64,"30-Jul-2026",1377,"",""
"1445","JEYYAM","ST",24.8,24.8,24.15,24.5,24.5,24.85,16000,3.89,"30-Jul-2026",7,"",""
"1446","JFLLIFE","SM",11.95,12.95,11.95,12.95,12.95,12.35,60000,7.68,"30-Jul-2026",10,"",""
"1447","JGCHEM","EQ",503,505.1,487.15,491.65,492.4,502.6,79578,393.9,"30-Jul-2026",2669,"",""
"1448","JHS","EQ",7.62,8.16,7.27,7.28,7.27,7.47,402028,30.05,"30-Jul-2026",1300,"",""
"1449","JINDALPHOT","EQ",1063,1087.7,1053,1062.4,1070,1063.1,1234,13.14,"30-Jul-2026",241,"",""
"1450","JINDALPOLY","EQ",643.85,643.85,627,629.75,631.6,636.95,6231,39.33,"30-Jul-2026",622,"",""
"1451","JINDALSAW","EQ",257.6,257.6,253,254.3,255,257.6,557840,1419.45,"30-Jul-2026",17707,"",""
"1452","JINDALSTEL","EQ",1090,1120,1085.9,1093.7,1094.5,1088.7,653708,7145.85,"30-Jul-2026",25754,"",""
"1453","JINDRILL","EQ",578.1,611,576,600.55,601.25,578.05,546487,3270.43,"30-Jul-2026",22992,"",""
"1454","JINDWORLD","EQ",38.01,38.8,37.52,38.51,38.3,38.16,6977339,2666.87,"30-Jul-2026",16305,"",""
"1455","JIOFIN","EQ",248.75,249.9,245.1,246.95,246.67,249.48,15570324,38428.37,"30-Jul-2026",86655,"",""
"1456","JISLDVREQS","EQ",22.01,22.29,21.5,21.71,21.7,22,38798,8.52,"30-Jul-2026",129,"",""
"1457","JISLJALEQS","EQ",30.11,30.2,29.11,29.39,29.4,30.13,1568288,463.37,"30-Jul-2026",4578,"",""
"1458","JITFINFRA","EQ",352,352,344,344.95,344.1,353.3,8310,28.84,"30-Jul-2026",397,"",""
"1459","JKCEMENT","EQ",5641,5641,5538.5,5567,5565,5642,41089,2288.54,"30-Jul-2026",11154,"",""
"1460","JKIL","EQ",481.35,489.65,481,485.65,488,481.35,31589,152.97,"30-Jul-2026",1306,"",""
"1461","JKIPL","BE",100.6,102,97.5,98.17,98.14,100.62,9506,9.36,"30-Jul-2026",88,"",""
"1462","JKLAKSHMI","EQ",562.1,583.45,559.1,566.2,566.15,564.85,138587,790.9,"30-Jul-2026",7899,"",""
"1463","JKPAPER","EQ",386.85,388.5,377,378.35,378.5,388.55,399375,1524.71,"30-Jul-2026",8095,"",""
"1464","JKTYRE","EQ",398,403.7,393,397.25,398.05,401.55,513327,2044.84,"30-Jul-2026",13507,"",""
"1465","JLHL","EQ",325.2,340,318.6,332.4,328,327.1,280639,922.33,"30-Jul-2026",15728,"",""
"1466","JMA","EQ",86.01,90,86.01,87.8,87.95,87.02,3761,3.29,"30-Jul-2026",203,"",""
"1467","JMFINANCIL","EQ",122.5,123.25,121.12,121.35,121.6,123.26,1118589,1363.54,"30-Jul-2026",13105,"",""
"1468","JNKINDIA","EQ",459,462.9,456,458.5,460,457.9,127916,587.34,"30-Jul-2026",2852,"",""
"1469","JOCIL","BE",147.5,148,143.75,143.75,143.75,144.86,1400,2.07,"30-Jul-2026",18,"",""
"1470","JPOLYINVST","EQ",1042.7,1050,1026.1,1035,1038,1044.5,1622,16.86,"30-Jul-2026",304,"",""
"1471","JPPOWER","EQ",17.06,17.62,16.93,17.32,17.35,17.04,68909716,11903.1,"30-Jul-2026",51046,"",""
"1472","JSFB","EQ",561.8,580,561.2,563.35,562,572.35,1104483,6295.53,"30-Jul-2026",30031,"",""
"1473","JSL","EQ",732.5,739,726.35,737.75,734.65,728.5,287292,2115.72,"30-Jul-2026",16330,"",""
"1474","JSLL","EQ",564.8,571.85,558.25,567,568,564.9,217059,1226.15,"30-Jul-2026",8147,"",""
"1475","JSWCEMENT","EQ",133.2,133.27,130.25,131.29,131.5,132.46,1328235,1753.61,"30-Jul-2026",15104,"",""
"1476","JSWDULUX","EQ",2988,3009,2945,2953.4,2945.1,2973.5,8314,247,"30-Jul-2026",2392,"",""
"1477","JSWENERGY","EQ",543.05,546.45,540.45,543.7,543.1,545.7,1141551,6200.06,"30-Jul-2026",23027,"",""
"1478","JSWHL","EQ",11160,11258,11031,11196,11146,11163,1219,136.08,"30-Jul-2026",688,"",""
"1479","JSWINFRA","EQ",316,320.35,310.1,319.05,319.35,316.55,5045778,15975.48,"30-Jul-2026",72975,"",""
"1480","JSWSTEEL","EQ",1279.1,1304.5,1261.5,1270.8,1268.5,1276.6,923153,11711.83,"30-Jul-2026",40774,"",""
"1481","JTEKTINDIA","EQ",134.29,137.6,132.42,134.84,134.9,134.29,150656,204.04,"30-Jul-2026",2424,"",""
"1482","JTLIND","EQ",73.5,73.5,72.05,73.06,73.05,73.68,740648,538.84,"30-Jul-2026",6691,"",""
"1483","JUBLCPL","EQ",1840.6,1853.5,1786.6,1805.1,1796.6,1840.6,3889,70.75,"30-Jul-2026",467,"",""
"1484","JUBLFOOD","EQ",440,442.9,433.65,439.8,440.55,440.1,1113950,4875.43,"30-Jul-2026",23544,"",""
"1485","JUBLINGREA","EQ",740,740,724.2,728.45,727,738.1,156486,1143.64,"30-Jul-2026",9051,"",""
"1486","JUBLPHARMA","EQ",979.95,979.95,956.25,961.65,956.25,977.4,70552,682.67,"30-Jul-2026",8486,"",""
"1487","JUNIORBEES","EQ",799.18,799.18,780,784.35,784.55,783.51,265371,2078.35,"30-Jul-2026",5786,"",""
"1488","JUNIPER","EQ",198.4,198.4,194,195.63,195.05,197.09,30035,58.6,"30-Jul-2026",951,"",""
"1489","JUSTDIAL","EQ",754.7,754.7,731.55,741.65,741,753.7,338152,2510.53,"30-Jul-2026",8448,"",""
"1490","JWL","EQ",259.2,261.35,254.9,259.35,261,259.3,1053185,2713.76,"30-Jul-2026",25039,"",""
"1491","JYOTHYLAB","EQ",206.8,206.8,202.14,202.8,203.1,206.19,381378,776.4,"30-Jul-2026",9357,"",""
"1492","JYOTICNC","EQ",822.85,831.05,806,812.75,809,822.8,570585,4669.66,"30-Jul-2026",24644,"",""
"1493","JYOTIGLOBL","SM",35,35.95,35,35.95,35.95,34.65,4000,1.42,"30-Jul-2026",2,"",""
"1494","JYOTISTRUC","EQ",10.95,10.97,10.71,10.78,10.72,10.95,1894432,205.19,"30-Jul-2026",2539,"",""
"1495","K2INFRA","ST",54.05,55.6,52.3,53.75,53.9,54.75,14400,7.7,"30-Jul-2026",24,"",""
"1496","KABRAEXTRU","EQ",390.15,390.15,350.05,365.2,356,390.15,330760,1222.16,"30-Jul-2026",11611,"",""
"1497","KAJARIACER","EQ",1210,1220.3,1184.9,1192,1188.2,1209.7,230650,2764.38,"30-Jul-2026",20848,"",""
"1498","KAKATCEM","BE",121,122.6,119.01,119.56,119.03,120.18,1969,2.38,"30-Jul-2026",82,"",""
"1499","KALAMANDIR","EQ",88.98,89.6,87.76,88.64,88.72,88.77,449358,397.99,"30-Jul-2026",3357,"",""
"1500","KALANA","SM",18,18,18,18,18,18,4000,0.72,"30-Jul-2026",2,"",""
"1501","KALPATARU","EQ",303,314.8,286.7,290.75,289.6,297.4,422342,1269.26,"30-Jul-2026",10304,"",""
"1502","KALYANIFRG","EQ",603.6,609.75,602.5,608.25,608.9,603.85,403,2.45,"30-Jul-2026",35,"",""
"1503","KALYANKJIL","EQ",631,648.95,627.05,634.6,631.85,628.6,32636519,208346.74,"30-Jul-2026",275605,"",""
"1504","KAMAHOLD","EQ",2552.5,2552.5,2500,2507.6,2505.9,2538,4273,108.24,"30-Jul-2026",253,"",""
"1505","KAMATHOTEL","EQ",170.12,170.74,166.35,167.04,166.95,170.37,14865,24.92,"30-Jul-2026",558,"",""
"1506","KAMDHENU","BE",34.71,35.1,34.06,34.06,34.06,35.85,832028,285.33,"30-Jul-2026",1040,"",""
"1507","KAMOPAINTS","EQ",4.61,4.64,4.53,4.55,4.57,4.59,168370,7.69,"30-Jul-2026",307,"",""
"1508","KANANIIND","EQ",1.51,1.52,1.47,1.49,1.5,1.48,64290,0.95,"30-Jul-2026",163,"",""
"1509","KANCHI","BE",365,370.9,361,370.7,370.7,367.25,302,1.1,"30-Jul-2026",10,"",""
"1510","KANDARP","SM",86.05,94.9,86.05,94.1,94.9,90,11000,10.06,"30-Jul-2026",9,"",""
"1511","KANORICHEM","BE",148.01,149.4,143.18,143.18,143.18,150.71,33363,47.94,"30-Jul-2026",226,"",""
"1512","KANPRPLA","EQ",214.26,215.78,210,210.84,210.5,215.33,17114,36.22,"30-Jul-2026",642,"",""
"1513","KANSAINER","EQ",201,201,197.5,199.05,198.68,200.06,245944,490.64,"30-Jul-2026",7752,"",""
"1514","KAPSTON","EQ",464.4,467,458.45,464,465,461.25,28409,131.63,"30-Jul-2026",1496,"",""
"1515","KARMAENG","EQ",38.96,38.96,37.2,37.45,37.33,37.47,3558,1.34,"30-Jul-2026",49,"",""
"1516","KARNIKA","SM",113.95,113.95,109,110.7,110.1,113.2,45000,49.74,"30-Jul-2026",43,"",""
"1517","KARURVYSYA","EQ",340,344.5,339,340.3,340.5,340.1,2148256,7338.42,"30-Jul-2026",60201,"",""
"1518","KATARIA","SM",97.7,99.75,97.7,99.75,99.75,97.75,3000,2.98,"30-Jul-2026",4,"",""
"1519","KAUSHALYA","BE",908,915,890,913,913,909.25,139,1.26,"30-Jul-2026",22,"",""
"1520","KAVDEFENCE","EQ",57.4,57.86,55.65,56.02,56.28,56.42,82413,46.56,"30-Jul-2026",1541,"",""
"1521","KAYA","EQ",289,289,275.11,277.34,280.8,283.12,14349,40.31,"30-Jul-2026",352,"",""
"1522","KAYNES","EQ",3650,3732.9,3576.1,3621.5,3630,3638.6,2012637,73227.51,"30-Jul-2026",122156,"",""
"1523","KAYTEX","SM",59,59,57.2,58.8,58.8,57.1,7200,4.2,"30-Jul-2026",9,"",""
"1524","KCEIL","SM",92.45,92.45,89.1,89.1,89.1,89.75,2500,2.24,"30-Jul-2026",5,"",""
"1525","KCK","SM",19.5,19.6,18.75,19.05,19.35,18.9,737500,140.52,"30-Jul-2026",148,"",""
"1526","KCP","EQ",162.72,165.39,161.5,161.71,161.5,162.96,51459,83.65,"30-Jul-2026",1263,"",""
"1527","KCPSUGIND","EQ",32.2,33.78,31.5,31.85,32.1,32.56,690126,225.3,"30-Jul-2026",2268,"",""
"1528","KDDL","EQ",3145.4,3230.6,3118,3191.8,3184,3124.9,14594,464.44,"30-Jul-2026",3054,"",""
"1529","KDL","SM",111.95,112,106.4,106.45,106.4,111.95,48450,52.24,"30-Jul-2026",172,"",""
"1530","KEC","EQ",476.4,476.4,467.4,468.75,468.2,477.55,789440,3717.69,"30-Jul-2026",17323,"",""
"1531","KECL","EQ",140.61,143.96,135.5,136.17,137.1,143.48,163321,225.17,"30-Jul-2026",2251,"",""
"1532","KEEPLEARN","EQ",1.92,1.95,1.84,1.94,1.95,1.93,42114,0.81,"30-Jul-2026",58,"",""
"1533","KEI","EQ",4835.5,4853,4745.5,4799.5,4798,4853.5,343360,16429.65,"30-Jul-2026",54722,"",""
"1534","KEL","SM",74.35,74.35,74.35,74.35,74.35,79,1200,0.89,"30-Jul-2026",1,"",""
"1535","KELLTONTEC","EQ",14.11,14.14,13.85,13.89,13.89,14.14,1680723,234.53,"30-Jul-2026",3414,"",""
"1536","KEN","SM",36.5,39.15,36.5,38.5,38.5,39.5,3600,1.37,"30-Jul-2026",3,"",""
"1537","KENNAMET","EQ",2876.1,2884,2790,2818.7,2813,2875.8,9924,279.89,"30-Jul-2026",1253,"",""
"1538","KERNEX","EQ",2190,2244.2,2178,2215.1,2241,2196,82515,1823.93,"30-Jul-2026",6303,"",""
"1539","KESORAMIND","BE",11.55,11.93,11.55,11.93,11.93,11.37,791009,94.17,"30-Jul-2026",484,"",""
"1540","KEYFINSERV","EQ",258,262.85,255,256.87,261.96,258.78,2658,6.84,"30-Jul-2026",54,"",""
"1541","KFINTECH","EQ",945,948.1,922.6,940.5,939.95,948.8,1268487,11853.25,"30-Jul-2026",37936,"",""
"1542","KHADIM","BE",95,96.8,93.55,96.13,95.01,95.42,10811,10.28,"30-Jul-2026",157,"",""
"1543","KHAICHEM","EQ",48.48,48.84,47.17,47.43,47.65,48.15,75739,36.3,"30-Jul-2026",706,"",""
"1544","KHAITANLTD","BE",133,133,124,126.46,124,130,1830,2.34,"30-Jul-2026",40,"",""
"1545","KHANDSE","EQ",17.05,17.9,17.02,17.46,17.03,17.49,493,0.09,"30-Jul-2026",42,"",""
"1546","KHFM","SM",45.65,45.65,45.65,45.65,45.65,44.95,1550,0.71,"30-Jul-2026",1,"",""
"1547","KICL","EQ",5400.5,5427.5,5300.5,5326,5310,5400.5,1522,81.46,"30-Jul-2026",273,"",""
"1548","KILITCH","BE",195.5,195.5,188.96,190.58,190.4,186.2,28634,55.13,"30-Jul-2026",311,"",""
"1549","KIMS","EQ",797,816.95,787,807,809,798,1209177,9696.38,"30-Jul-2026",35965,"",""
"1550","KINGFA","EQ",5050.5,5117,5002.5,5101,5093,5050.5,2751,139.39,"30-Jul-2026",800,"",""
"1551","KIOCL","EQ",360.1,365.9,351,356.2,359.9,361.35,71082,253.25,"30-Jul-2026",3237,"",""
"1552","KIRANVYPAR","EQ",198.5,203.1,197,200.88,200,196.19,1243,2.48,"30-Jul-2026",37,"",""
"1553","KIRIINDUS","EQ",409.15,413.7,402,410.4,410,408.15,163888,669.46,"30-Jul-2026",3648,"",""
"1554","KIRLFER","EQ",474.2,475.95,464,465.7,465.05,474.2,41853,195.62,"30-Jul-2026",2802,"",""
"1555","KIRLOSBROS","EQ",1866,1910,1821.5,1873.3,1900,1854.7,84873,1574.81,"30-Jul-2026",12052,"",""
"1556","KIRLOSENG","EQ",2194.5,2196,2110,2132.9,2138,2180.9,278151,5932.45,"30-Jul-2026",27373,"",""
"1557","KIRLOSIND","EQ",3788.2,3795,3737.9,3759.3,3752,3760.2,2544,95.77,"30-Jul-2026",603,"",""
"1558","KIRLPNU","EQ",1503.1,1505.7,1456.5,1460.8,1460.4,1502.6,102717,1514.42,"30-Jul-2026",12558,"",""
"1559","KISSHT","EQ",343.45,344,309.1,317.55,319.5,343.45,5248098,17074.48,"30-Jul-2026",88223,"",""
"1560","KITEX","EQ",146,146.28,144.71,145.19,145.4,146.02,251046,364.87,"30-Jul-2026",2069,"",""
"1561","KKCL","EQ",504.7,508.6,501.15,505.65,507.95,508,15190,76.77,"30-Jul-2026",890,"",""
"1562","KKVAPOW","SM",475.15,475.15,475.15,475.15,475.15,499.35,171,0.81,"30-Jul-2026",1,"",""
"1563","KLBRENG-B","EQ",435.95,441.15,430.5,431.6,432,435.8,74122,321.87,"30-Jul-2026",2300,"",""
"1564","KLL","SM",27.6,27.6,27.05,27.25,27.5,28.1,11200,3.08,"30-Jul-2026",12,"",""
"1565","KMEW","EQ",2629.3,2629.3,2500,2529,2520.9,2679.8,122309,3135.54,"30-Jul-2026",18399,"",""
"1566","KMSUGAR","EQ",27.8,28.26,26.81,27.34,27.1,27.74,136008,37.2,"30-Jul-2026",697,"",""
"1567","KNACK","EQ",189,192,185.3,190.72,190,189.51,778244,1476.93,"30-Jul-2026",6885,"",""
"1568","KNAGRI","EQ",211,211,202.5,204.88,205,209.56,6516,13.38,"30-Jul-2026",321,"",""
"1569","KNRCON","EQ",120.1,121.07,119.5,120.16,119.52,121.3,469512,564.83,"30-Jul-2026",6152,"",""
"1570","KODYTECH","SM",1401.7,1435,1400,1433.4,1435,1401.7,8300,117.85,"30-Jul-2026",73,"",""
"1571","KOHINOOR","EQ",22.86,23.12,22.6,22.96,22.62,22.86,52586,11.99,"30-Jul-2026",1559,"",""
"1572","KOKUYOCMLN","EQ",85.78,85.78,83.05,83.7,84.44,84.63,16584,13.96,"30-Jul-2026",660,"",""
"1573","KOLTEPATIL","EQ",390.1,394,377,382.95,382.7,390.1,73036,280.99,"30-Jul-2026",2515,"",""
"1574","KONSTELEC","ST",62.5,62.5,59.4,60.9,61,62.5,99000,59.93,"30-Jul-2026",29,"",""
"1575","KOPRAN","BE",191.6,194.99,185,188.07,188.8,191.64,88971,169.01,"30-Jul-2026",875,"",""
"1576","KORE","SM",177.9,190,167.5,180.2,190,177.9,8000,14.27,"30-Jul-2026",25,"",""
"1577","KOTAKBANK","EQ",385.7,390.2,385.7,389.4,387.6,390.2,12205963,47430.63,"30-Jul-2026",189710,"",""
"1578","KOTARISUG","EQ",25.1,26,25.03,25.18,25.13,25.27,19547,4.95,"30-Jul-2026",167,"",""
"1579","KOTHARIPET","EQ",138.86,138.86,132.86,134.25,134.5,138.86,71544,96.79,"30-Jul-2026",1542,"",""
"1580","KOTHARIPRO","EQ",64.03,67.5,64.03,66.25,65.77,65.83,8628,5.69,"30-Jul-2026",269,"",""
"1581","KOTIC","EQ",165,165,157,159.11,159.7,159.69,7675,12.21,"30-Jul-2026",352,"",""
"1582","KOTYARK","BE",33.76,34.69,32.36,33.27,33.4,33.76,36824,12.28,"30-Jul-2026",183,"",""
"1583","KOVAI","EQ",5975,5999,5910.5,5948.5,5951,5945,2665,158.9,"30-Jul-2026",725,"",""
"1584","KPEL","EQ",311,313.2,305,305.95,307.95,310.9,150605,465.48,"30-Jul-2026",4479,"",""
"1585","KPIGREEN","EQ",391,391.65,383.05,383.75,383.5,390.35,318404,1227.97,"30-Jul-2026",8606,"",""
"1586","KPIL","EQ",1303,1305.7,1272.2,1282.7,1284,1303.4,81859,1051.73,"30-Jul-2026",15968,"",""
"1587","KPITTECH","EQ",610,621,580.15,589.75,591.1,638.75,15706759,93251.55,"30-Jul-2026",207231,"",""
"1588","KPL","EQ",2630,2630,2524,2545.6,2569,2604,11377,290.62,"30-Jul-2026",2069,"",""
"1589","KPRMILL","EQ",1060.5,1069.5,1030.8,1033.3,1033.1,1060.5,159319,1668.21,"30-Jul-2026",12503,"",""
"1590","KRBL","EQ",346.9,352.85,344.85,350.65,350,348.55,312391,1091.13,"30-Jul-2026",9074,"",""
"1591","KREBSBIO","EQ",54.9,54.9,53.38,53.86,53.75,54.04,1956,1.05,"30-Jul-2026",53,"",""
"1592","KRIDHANINF","BE",2.43,2.43,2.26,2.32,2.33,2.34,12913,0.3,"30-Jul-2026",33,"",""
"1593","KRISHANA","EQ",165.4,181.9,162.4,180.05,180.5,164.55,4816424,8404.59,"30-Jul-2026",41711,"",""
"1594","KRISHCA","SM",165.45,166.9,163.5,165.2,163.5,165.45,2500,4.14,"30-Jul-2026",5,"",""
"1595","KRISHIVAL","EQ",395,397.3,385.5,387.15,385.5,395.4,2271,8.85,"30-Jul-2026",158,"",""
"1596","KRISHNADEF","EQ",1215.1,1215.1,1186,1191.1,1191.1,1218.7,64519,772.76,"30-Jul-2026",4395,"",""
"1597","KRITI","BE",71.7,71.7,67.05,69.76,69.51,68.78,4063,2.83,"30-Jul-2026",36,"",""
"1598","KRITIKA","EQ",5.41,5.55,5.4,5.47,5.47,5.46,108784,5.95,"30-Jul-2026",317,"",""
"1599","KRITINUT","EQ",72.66,73.98,71.5,72.24,73,72.3,13305,9.7,"30-Jul-2026",129,"",""
"1600","KRMAYURVED","ST",255,264,255,261.85,264,257.05,58000,151.14,"30-Jul-2026",33,"",""
"1601","KRN","BE",1230,1239,1155,1156.6,1164.8,1208,103051,1206.08,"30-Jul-2026",6993,"",""
"1602","KRONOX","EQ",155,155,151.25,152.09,151.5,153.98,40535,61.67,"30-Jul-2026",1047,"",""
"1603","KROSS","EQ",198.33,198.38,191.1,192.55,193,198.33,232684,452.6,"30-Jul-2026",4984,"",""
"1604","KRSNAA","EQ",534.8,534.8,521.1,524.05,522.9,533.45,64059,337.62,"30-Jul-2026",3392,"",""
"1605","KRT","RR",119,120,118.7,119.38,119.31,118.32,184381,220.05,"30-Jul-2026",19096,"",""
"1606","KRYSTAL","EQ",600.15,602.95,600.05,600.2,600.05,600.15,7273,43.69,"30-Jul-2026",267,"",""
"1607","KSB","EQ",842.6,851.1,828.3,847.55,846,842.6,57670,483.84,"30-Jul-2026",5790,"",""
"1608","KSCL","EQ",809.85,813.8,795,797.65,800,806.75,79026,633.92,"30-Jul-2026",4282,"",""
"1609","KSHINTL","EQ",824.7,840,813.7,830.95,831,825.4,70950,588.12,"30-Jul-2026",6360,"",""
"1610","KSHITIJPOL","BE",2.91,2.91,2.82,2.83,2.83,2.96,1096323,31.08,"30-Jul-2026",1332,"",""
"1611","KSL","EQ",893.2,893.2,879,880.75,885,890.95,15022,132.68,"30-Jul-2026",1547,"",""
"1612","KSOLVES","EQ",281.95,285.75,278,279.25,278,281.9,34861,97.87,"30-Jul-2026",1903,"",""
"1613","KSR","EQ",29.99,30.35,28,29.21,29.35,28.92,6374,1.87,"30-Jul-2026",68,"",""
"1614","KTKBANK","EQ",280,292.5,279,290.75,292,279,9422179,27160.9,"30-Jul-2026",93200,"",""
"1615","KUANTUM","EQ",77.76,80,76.51,78.17,78.89,77.53,58158,45.42,"30-Jul-2026",881,"",""
"1616","KUSUMGAR","EQ",590,593,568,570.2,570,592.1,607183,3513,"30-Jul-2026",17124,"",""
"1617","KWIL","EQ",31.07,31.18,30.13,30.25,30.26,30.95,4642110,1412.68,"30-Jul-2026",11001,"",""
"1618","LAGNAM","EQ",88.01,92,85.79,88.78,91.45,87.43,31991,28.35,"30-Jul-2026",318,"",""
"1619","LAHOTIOV","EQ",43.89,45,40.01,40.67,41.9,43.01,13478,5.61,"30-Jul-2026",123,"",""
"1620","LAKPRE","BZ",5.28,5.28,4.93,4.93,4.93,5.18,2435,0.12,"30-Jul-2026",12,"",""
"1621","LAKSHYA","SM",90,90,90,90,90,90.5,1600,1.44,"30-Jul-2026",2,"",""
"1622","LAL","EQ",8.04,8.73,7.85,8.55,8.65,7.97,209159,17.44,"30-Jul-2026",453,"",""
"1623","LALPATHLAB","EQ",1880,1919.8,1869.9,1878.8,1870,1882.5,609085,11548.83,"30-Jul-2026",38925,"",""
"1624","LAMBODHARA","EQ",113,114.4,110.6,112.33,113,111.89,1801,2.02,"30-Jul-2026",73,"",""
"1625","LAMOSAIC","ST",50.7,52.5,49.1,51.9,52.45,50.45,100800,51.59,"30-Jul-2026",60,"",""
"1626","LANCORHOL","EQ",25.55,26.88,25.55,26.3,25.75,25.87,35388,9.36,"30-Jul-2026",496,"",""
"1627","LANDMARK","EQ",528,565.2,527.9,539.65,538.9,537.8,446119,2445.81,"30-Jul-2026",13939,"",""
"1628","LANDSMILL","EQ",0.83,0.84,0.81,0.81,0.82,0.83,1044960,8.58,"30-Jul-2026",578,"",""
"1629","LAOPALA","EQ",186.54,186.55,183.63,185,185,186.54,49099,90.76,"30-Jul-2026",2104,"",""
"1630","LASA","EQ",7.09,7.15,6.91,6.98,6.98,7.09,17654,1.24,"30-Jul-2026",70,"",""
"1631","LASERPOWER","EQ",307.59,309,295.07,300.42,302,306.67,2914350,8771.52,"30-Jul-2026",33840,"",""
"1632","LATENTVIEW","EQ",315,316.8,309,310.45,310.8,317.6,351269,1098.51,"30-Jul-2026",11438,"",""
"1633","LATTEYS","BE",20,20.2,19.51,20.01,20.05,19.89,21397,4.27,"30-Jul-2026",97,"",""
"1634","LAURUSLABS","EQ",1785,1798.9,1773.3,1781.3,1781.7,1781.3,2402202,42827.45,"30-Jul-2026",56771,"",""
"1635","LAXMICOT","EQ",14.24,14.29,13.62,13.79,14.02,14.1,7645,1.06,"30-Jul-2026",142,"",""
"1636","LAXMIDENTL","EQ",217.55,220.4,210.81,211.91,212.85,217.55,107147,230.75,"30-Jul-2026",2789,"",""
"1637","LAXMIINDIA","BE",124.5,124.89,119.1,120.46,122,123.83,40652,49.48,"30-Jul-2026",451,"",""
"1638","LCCINFOTEC","EQ",4.23,4.34,4.16,4.24,4.2,4.36,32828,1.38,"30-Jul-2026",111,"",""
"1639","LCL","EQ",461,508.65,461,494.6,493.3,425,20759451,100568.94,"30-Jul-2026",309197,"",""
"1640","LEMERITE","EQ",23.47,24.14,23.1,23.36,23.3,23.41,701667,163.91,"30-Jul-2026",1157,"",""
"1641","LEMONTREE","EQ",109.9,110.15,108.9,109.2,109.68,110.15,2879823,3150.18,"30-Jul-2026",27344,"",""
"1642","LENSKART","EQ",560.1,567.5,559.65,563.2,562,559.65,2106042,11843.12,"30-Jul-2026",55636,"",""
"1643","LEXUS","EQ",15.24,15.24,14.71,15.02,15.18,14.93,3428,0.52,"30-Jul-2026",33,"",""
"1644","LFIC","EQ",141,148,141,141.03,141,140.95,536,0.76,"30-Jul-2026",21,"",""
"1645","LGBBROSLTD","EQ",1576.7,1601.1,1570.1,1589,1592.9,1576.7,18958,300.44,"30-Jul-2026",3659,"",""
"1646","LGEINDIA","EQ",1515,1518.8,1493.2,1499.6,1500,1518.2,563440,8462.02,"30-Jul-2026",35384,"",""
"1647","LGHL","EQ",207.31,209.5,201,202.5,204.46,204.5,19807,40.62,"30-Jul-2026",371,"",""
"1648","LIBAS","EQ",10.01,10.14,9.82,9.84,9.9,10.01,29590,2.93,"30-Jul-2026",119,"",""
"1649","LIBERTSHOE","EQ",263.3,266.65,260,261.55,264,263.75,20807,54.59,"30-Jul-2026",1277,"",""
"1650","LICHSGFIN","EQ",553.4,553.4,536.4,540.9,541.2,553.45,1512548,8189.79,"30-Jul-2026",27901,"",""
"1651","LICI","EQ",423.9,426.65,418.9,422.85,423.6,423.9,1639813,6946.31,"30-Jul-2026",26093,"",""
"1652","LICMFGOLD","EQ",127.6,128.25,127.05,127.55,127.35,127.2,59740,76.15,"30-Jul-2026",450,"",""
"1653","LICNETFGSC","EQ",29.48,29.54,29.41,29.48,29.41,29.48,10579,3.12,"30-Jul-2026",80,"",""
"1654","LICNETFN50","EQ",267,272.92,266.59,271.53,271.53,272.03,451,1.22,"30-Jul-2026",19,"",""
"1655","LICNETFSEN","EQ",875.41,875.41,874.47,874.47,874.47,866.75,64,0.56,"30-Jul-2026",4,"",""
"1656","LICNFNHGP","EQ",276.68,278.62,276.46,278.62,278.62,274.98,1883,5.21,"30-Jul-2026",12,"",""
"1657","LICNMID100","EQ",63.25,63.25,62.11,62.78,62.89,62.71,1462,0.92,"30-Jul-2026",46,"",""
"1658","LIKHITHA","EQ",223.4,226.7,217.1,219.75,217.1,223.75,29214,64.82,"30-Jul-2026",1125,"",""
"1659","LINC","EQ",102.03,102.77,96.11,100.14,99.7,101.97,64089,63.39,"30-Jul-2026",1300,"",""
"1660","LINCOLN","EQ",581.4,585,569.7,572.15,579.75,581.4,20295,117.09,"30-Jul-2026",1229,"",""
"1661","LINDEINDIA","EQ",6725,6764.5,6621,6637,6633.5,6722.5,20920,1397.41,"30-Jul-2026",4449,"",""
"1662","LIQGRWBEES","EQ",1049,1049.61,1048.98,1049.6,1049.59,1049.46,47039,493.72,"30-Jul-2026",178,"",""
"1663","LIQUID","EQ",999.99,1000,999.99,999.99,1000,999.99,607774,6077.74,"30-Jul-2026",200,"",""
"1664","LIQUID1","EQ",1115.67,1115.84,1115.67,1115.82,1115.82,1115.67,550124,6138.45,"30-Jul-2026",870,"",""
"1665","LIQUIDADD","EQ",1137.96,1137.98,1137.95,1137.96,1137.97,1137.8,432152,4917.73,"30-Jul-2026",1638,"",""
"1666","LIQUIDBEES","EQ",1000.01,1000.97,999.99,999.99,999.99,1000,2199229,21992.25,"30-Jul-2026",3660,"",""
"1667","LIQUIDBETA","EQ",1002.13,1002.14,1002.11,1002.14,1002.14,1001.98,660,6.61,"30-Jul-2026",6,"",""
"1668","LIQUIDBETF","EQ",1092.25,1092.4,1092.25,1092.39,1092.39,1092.25,521331,5694.97,"30-Jul-2026",113,"",""
"1669","LIQUIDCASE","EQ",115.25,115.25,115.23,115.24,115.25,115.22,16112461,18568.31,"30-Jul-2026",12739,"",""
"1670","LIQUIDETF","EQ",1000,1000.01,999.99,1000,1000,1000,126090,1260.9,"30-Jul-2026",226,"",""
"1671","LIQUIDIETF","EQ",999.99,1000.01,999.99,999.99,999.99,999.99,498732,4987.32,"30-Jul-2026",172,"",""
"1672","LIQUIDPLUS","EQ",1096.61,1096.63,1096.61,1096.62,1096.63,1096.47,335936,3683.97,"30-Jul-2026",223,"",""
"1673","LIQUIDSBI","EQ",999.99,1000.01,999.99,1000,1000.01,1000,4039,40.39,"30-Jul-2026",28,"",""
"1674","LIQUIDSHRI","EQ",1115.14,1115.14,1115.12,1115.13,1115.12,1114.99,32847,366.29,"30-Jul-2026",35,"",""
"1675","LLOYDS","ST",66.45,66.45,66.45,66.45,66.45,69.9,1000,0.66,"30-Jul-2026",1,"",""
"1676","LLOYDSENGG","EQ",89.99,90.69,87.6,88.07,88.11,89.99,5068921,4507.54,"30-Jul-2026",19593,"",""
"1677","LLOYDSENT","EQ",80.35,81.37,78.12,79.04,79.01,80.37,2190570,1739.87,"30-Jul-2026",10309,"",""
"1678","LLOYDSME","EQ",2048,2055,1995.5,2015.1,2014,2051.3,480340,9749.15,"30-Jul-2026",29269,"",""
"1679","LMW","EQ",16357,16445,16184,16242,16299,16457,2170,352.72,"30-Jul-2026",856,"",""
"1680","LODHA","EQ",1305,1328.8,1281.1,1287.15,1288.05,1316.35,3725269,48520.77,"30-Jul-2026",74793,"",""
"1681","LOKESHMACH","BE",332.15,338.55,332.15,338.5,338.5,331.95,14274,47.95,"30-Jul-2026",98,"",""
"1682","LORDSCHLO","EQ",142,145.7,140.32,141.26,142.49,142.47,26301,37.61,"30-Jul-2026",783,"",""
"1683","LOTUSDEV","EQ",189.27,193.99,189.1,193.24,192.75,189.75,5983858,11430.72,"30-Jul-2026",14225,"",""
"1684","LOTUSEYE","EQ",118.5,120.35,116.42,118.47,118.95,119,8646,10.24,"30-Jul-2026",243,"",""
"1685","LOVABLE","EQ",70.99,71.94,70,70.46,70.5,70.48,2408,1.7,"30-Jul-2026",140,"",""
"1686","LOWVOL","EQ",211.36,211.59,211,211.59,211.59,211.1,372,0.79,"30-Jul-2026",10,"",""
"1687","LOWVOL1","EQ",21.68,21.68,21.5,21.57,21.6,21.61,115817,24.99,"30-Jul-2026",124,"",""
"1688","LOWVOLIETF","EQ",22.66,22.74,22.41,22.73,22.74,22.66,4317617,979.4,"30-Jul-2026",1331,"",""
"1689","LPDC","EQ",6.4,6.4,6.02,6.13,6.19,6.3,24887,1.54,"30-Jul-2026",78,"",""
"1690","LRRPL","SM",92,92,91,91,91,91,9000,8.21,"30-Jul-2026",4,"",""
"1691","LT","EQ",3931.4,3951.7,3883.5,3937.7,3940.5,3931.4,2141252,84128.79,"30-Jul-2026",126759,"",""
"1692","LTF","EQ",308.9,309.7,303.8,306.25,306,309.15,2901728,8875.11,"30-Jul-2026",34432,"",""
"1693","LTFOODS","EQ",377.75,403.4,375,397.1,397.3,378.6,7673606,30323.85,"30-Jul-2026",137100,"",""
"1694","LTGILTBEES","EQ",29.97,30,29.91,29.97,29.98,29.96,981810,294.05,"30-Jul-2026",510,"",""
"1695","LTGILTCASE","EQ",29.93,31.15,29.93,30.48,30.45,30.54,233980,71.26,"30-Jul-2026",121,"",""
"1696","LTM","EQ",4422.8,4518.7,4422.8,4441.4,4440.1,4422.7,479778,21463.9,"30-Jul-2026",48922,"",""
"1697","LTTS","EQ",3573,3643.7,3545,3559.1,3560.5,3585,80105,2876.1,"30-Jul-2026",13856,"",""
"1698","LUMAXIND","EQ",5148,5374.5,5124.5,5205.5,5225,5145,18615,975.83,"30-Jul-2026",3705,"",""
"1699","LUMAXTECH","EQ",1504.3,1521,1483.9,1516.5,1518.4,1501.6,98595,1489.08,"30-Jul-2026",10138,"",""
"1700","LUPIN","EQ",2455,2474.8,2416,2421.2,2420,2447,1069773,26057.24,"30-Jul-2026",55953,"",""
"1701","LUXIND","EQ",1228,1274,1228,1253.9,1256,1245,18819,236.52,"30-Jul-2026",1295,"",""
"1702","LXCHEM","EQ",200,200,181,182.16,182,200.51,9949128,18764.39,"30-Jul-2026",94178,"",""
"1703","LYKALABS","BE",59.77,60.43,58,58.89,60,59.87,61805,36.3,"30-Jul-2026",231,"",""
"1704","M&M","EQ",3220,3327,3197.5,3283.7,3294.6,3221.8,4851980,158660.4,"30-Jul-2026",266328,"",""
"1705","M&MFIN","EQ",391.85,398.8,388.7,392.55,392.2,393.75,5618806,22093.36,"30-Jul-2026",74761,"",""
"1706","MAANALU","EQ",119,120.19,116.22,116.87,117.99,119.53,70247,82.9,"30-Jul-2026",1056,"",""
"1707","MACOBSTECH","SM",237,239,213,213.35,213,215,61600,145.79,"30-Jul-2026",11,"",""
"1708","MACPOWER","EQ",1391,1530,1391,1481.2,1460,1404.3,209863,3120.94,"30-Jul-2026",21093,"",""
"1709","MADHAV","EQ",35.31,35.31,33.01,33.76,33.01,33.81,468,0.16,"30-Jul-2026",43,"",""
"1710","MADHAVBAUG","ST",191.9,191.9,191.9,191.9,191.9,191.9,800,1.54,"30-Jul-2026",2,"",""
"1711","MADHAVIPL","EQ",7.75,8.19,7.75,8.03,8.12,8.07,61403,4.95,"30-Jul-2026",219,"",""
"1712","MADHUCON","BE",5.38,5.38,4.95,5.02,5.03,5.18,5583,0.29,"30-Jul-2026",41,"",""
"1713","MADHUSUDAN","ST",239.5,242.95,239.5,242.65,242,239.15,4000,9.67,"30-Jul-2026",4,"",""
"1714","MADRASFERT","EQ",66.64,67.5,66.25,66.66,66.76,66.48,47063,31.35,"30-Jul-2026",442,"",""
"1715","MAFANG","EQ",189.09,189.09,188.52,189.08,189.09,191.34,238880,451.69,"30-Jul-2026",7633,"",""
"1716","MAFATIND","EQ",134.99,136.6,133.05,133.34,133.05,134.78,26748,36.09,"30-Jul-2026",849,"",""
"1717","MAGADSUGAR","EQ",480.35,509.6,477.4,500.5,502.65,480.35,36910,183.45,"30-Jul-2026",2506,"",""
"1718","MAGNUM","EQ",19.41,20.3,18.71,19.18,19.12,19.74,35838,6.89,"30-Jul-2026",123,"",""
"1719","MAHABANK","EQ",80.73,80.73,79.1,79.26,79.3,80.73,8039880,6406.08,"30-Jul-2026",41056,"",""
"1720","MAHAPEXLTD","EQ",45,46.5,43.5,44.01,43.81,44.24,11821,5.34,"30-Jul-2026",274,"",""
"1721","MAHASTEEL","EQ",911.45,968.95,911.45,966.25,967.9,905.65,27992,266.04,"30-Jul-2026",1793,"",""
"1722","MAHEPC","EQ",106.8,107.66,104.82,105.27,105.6,108.19,28805,30.45,"30-Jul-2026",675,"",""
"1723","MAHESHWARI","BE",72.9,73.5,72.9,72.99,73,73,24677,18.02,"30-Jul-2026",44,"",""
"1724","MAHICKRA","SM",269.95,282,258,269.95,269.95,266.6,3000,8.1,"30-Jul-2026",4,"",""
"1725","MAHKTECH","EQ",23.29,23.29,23.29,23.29,23.29,23.16,105749,24.63,"30-Jul-2026",291,"",""
"1726","MAHLIFE","EQ",387.35,388.6,382.15,385.4,385.6,387.35,72952,281.39,"30-Jul-2026",3935,"",""
"1727","MAHLOG","EQ",410.45,412.85,401.2,402.65,401.7,409.45,163081,661.87,"30-Jul-2026",4728,"",""
"1728","MAHSCOOTER","EQ",12620,12694,12278,12337,12400,12774,5035,627.67,"30-Jul-2026",1845,"",""
"1729","MAHSEAMLES","EQ",582,582.55,571.15,572.55,572,581.95,48318,278.14,"30-Jul-2026",5417,"",""
"1730","MAITHANALL","EQ",975,977.8,961,963.2,962.9,979.4,18050,174.25,"30-Jul-2026",1917,"",""
"1731","MAITREYA","SM",120.15,120.15,118,119,119,121.3,4000,4.78,"30-Jul-2026",10,"",""
"1732","MAJESAUT","EQ",433.45,433.45,428,429.1,430.1,430.1,10193,43.85,"30-Jul-2026",694,"",""
"1733","MAKEINDIA","EQ",166.87,166.87,162.92,164.26,163.97,163.6,25114,41.1,"30-Jul-2026",281,"",""
"1734","MAL","SM",32.25,33.55,32.25,33.55,33.55,33,9600,3.16,"30-Jul-2026",5,"",""
"1735","MALLCOM","EQ",1009,1050,1004,1031.5,1014,1039.3,1131,11.57,"30-Jul-2026",172,"",""
"1736","MALUPAPER","EQ",32.91,33.24,31.06,31.76,31.71,32.91,57638,18.19,"30-Jul-2026",619,"",""
"1737","MAMATA","EQ",385.85,389.9,382.1,386.45,389.9,385.35,26441,101.72,"30-Jul-2026",804,"",""
"1738","MANAKALUCO","EQ",36.12,36.75,35,35.13,35.23,36.12,24466,8.68,"30-Jul-2026",472,"",""
"1739","MANAKCOAT","EQ",124.21,124.21,121,122.09,122,123.64,67318,82.54,"30-Jul-2026",927,"",""
"1740","MANAKSIA","EQ",56.85,57,55.33,55.63,56,55.75,8337,4.68,"30-Jul-2026",202,"",""
"1741","MANAKSTEEL","EQ",69.34,69.59,66.25,67.04,66.35,69,33188,22.44,"30-Jul-2026",349,"",""
"1742","MANALIPETC","EQ",64.8,66.45,63.74,64.52,64.15,65.21,153946,100,"30-Jul-2026",1530,"",""
"1743","MANAPPURAM","EQ",371,381.55,366.7,368.35,367.8,370.15,8719819,32665.79,"30-Jul-2026",61719,"",""
"1744","MANAV","SM",24.4,24.4,24.4,24.4,24.4,25.65,8000,1.95,"30-Jul-2026",2,"",""
"1745","MANBA","EQ",132.29,136.5,132.29,135.71,136,133.77,119047,160.4,"30-Jul-2026",1525,"",""
"1746","MANCREDIT","EQ",218.95,242,216.75,236.02,236,217.53,912680,2122.39,"30-Jul-2026",17058,"",""
"1747","MANGALAM","EQ",27.73,27.73,26.9,27.07,27.23,27.14,24198,6.58,"30-Jul-2026",139,"",""
"1748","MANGLMCEM","EQ",943.3,956,935.25,945.6,943,943.25,11808,111.77,"30-Jul-2026",824,"",""
"1749","MANILAM","SM",51.5,53.4,49,51.75,50.5,53.3,22000,11.29,"30-Jul-2026",7,"",""
"1750","MANINDS","EQ",530.5,532.05,521,529.4,529.1,529.4,89491,470.42,"30-Jul-2026",3986,"",""
"1751","MANINFRA","EQ",97.05,97.08,95.8,96.09,96.01,97.08,282015,271.82,"30-Jul-2026",1942,"",""
"1752","MANKIND","EQ",2585.3,2605,2560.5,2575.9,2569.9,2592.7,294648,7607.06,"30-Jul-2026",25808,"",""
"1753","MANOMAY","EQ",210.99,211.99,205.21,208.92,207.02,208.76,65485,136.64,"30-Jul-2026",1645,"",""
"1754","MANORAMA","EQ",1645.8,1652.1,1621.2,1635.2,1642.8,1645.8,52428,857,"30-Jul-2026",5942,"",""
"1755","MANORG","BE",510,515,498.75,498.75,498.75,524.95,7356,36.79,"30-Jul-2026",212,"",""
"1756","MANUFGBEES","EQ",161.72,161.75,160.97,161.71,161.67,161.15,9475,15.32,"30-Jul-2026",61,"",""
"1757","MANUGRAPH","BE",15.14,15.14,15.13,15.14,15.14,14.42,18047,2.73,"30-Jul-2026",39,"",""
"1758","MANYAVAR","EQ",402.9,419.35,400.15,417.7,418.65,402.85,432159,1774.36,"30-Jul-2026",18109,"",""
"1759","MAPMYINDIA","EQ",1165,1199.55,1157.5,1184.75,1176.2,1163.1,242769,2869.87,"30-Jul-2026",19253,"",""
"1760","MARALOVER","BE",59.4,62.4,58.02,61.43,61.35,59.64,24599,15,"30-Jul-2026",127,"",""
"1761","MARATHON","EQ",387,392.9,380,382,385,391.65,59443,229.02,"30-Jul-2026",1791,"",""
"1762","MARC","SM",128.25,128.25,119.25,119.3,119.25,128.25,19200,23.43,"30-Jul-2026",16,"",""
"1763","MARCO","SM",30.5,31.35,30,30.85,30.85,32.9,12000,3.69,"30-Jul-2026",8,"",""
"1764","MARICO","EQ",874.3,889.1,872.4,885.35,887,878.7,1881026,16640.73,"30-Jul-2026",55592,"",""
"1765","MARINE","EQ",264,271,255.25,259.55,258.7,265.3,450813,1171.24,"30-Jul-2026",9138,"",""
"1766","MARINETRAN","SM",14.1,14.1,14.1,14.1,14.1,14.1,4000,0.56,"30-Jul-2026",1,"",""
"1767","MARKOLINES","EQ",177.26,179,175.7,177.95,177.25,177.26,108905,193.42,"30-Jul-2026",1079,"",""
"1768","MARKSANS","EQ",258.45,263.7,257.95,258.6,259.6,259.45,662427,1727.9,"30-Jul-2026",21001,"",""
"1769","MARSONS","EQ",110.01,111.2,108.36,109.4,110.3,109.73,2181482,2390.24,"30-Jul-2026",8046,"",""
"1770","MARUSHIKA","SM",101.9,103,101.9,103,103,101.9,2400,2.46,"30-Jul-2026",2,"",""
"1771","MARUTI","EQ",13939,14250,13825,14188,14180,13948,626000,87632.3,"30-Jul-2026",100904,"",""
"1772","MASFIN","EQ",324.9,327.4,316.2,319.5,317,325.3,193923,619.3,"30-Jul-2026",13184,"",""
"1773","MASKINVEST","BE",149.94,152,146.9,151.75,152,153,67,0.1,"30-Jul-2026",6,"",""
"1774","MASON","SM",120,120,120,120,120,119.2,1500,1.8,"30-Jul-2026",2,"",""
"1775","MASPTOP50","EQ",76.96,76.96,76.82,76.96,76.96,77.37,50977,39.23,"30-Jul-2026",1004,"",""
"1776","MASTEK","EQ",1904.8,1945.7,1890.1,1930.2,1920,1903.8,153220,2951.54,"30-Jul-2026",16748,"",""
"1777","MASTERTR","EQ",81.61,83.75,81.14,81.41,81.2,82.11,386351,318.1,"30-Jul-2026",2172,"",""
"1778","MATRIMONY","EQ",440,440,434,437.25,437.75,439.1,2314,10.12,"30-Jul-2026",217,"",""
"1779","MAWANASUG","BE",108,108,104,105.11,106.75,108.02,30446,32.34,"30-Jul-2026",228,"",""
"1780","MAXESTATES","EQ",389.15,390.2,386,387.9,386.5,390.2,19308,74.86,"30-Jul-2026",1100,"",""
"1781","MAXHEALTH","EQ",1112,1135.9,1110.3,1124.8,1124,1111.4,1610692,18135.83,"30-Jul-2026",62675,"",""
"1782","MAXIND","EQ",174.1,174.1,168.25,170.25,169,175.32,64195,110.19,"30-Jul-2026",1344,"",""
"1783","MAXPOSURE","SM",33.1,33.1,33.1,33.1,33.1,32.65,1000,0.33,"30-Jul-2026",1,"",""
"1784","MAXVOLT","ST",349.5,354,335.2,338.7,338.05,343.8,20800,72.25,"30-Jul-2026",50,"",""
"1785","MAYASHEEL","SM",38,39.5,35,39.5,39.5,39.35,12000,4.49,"30-Jul-2026",4,"",""
"1786","MAYURUNIQ","EQ",796.5,796.5,767,769.1,779.85,796.2,56815,442.16,"30-Jul-2026",4599,"",""
"1787","MAZDA","BE",216,219.74,210.11,214.42,214.75,212.26,6243,13.46,"30-Jul-2026",104,"",""
"1788","MAZDOCK","EQ",2309,2342.7,2270.1,2319.1,2326,2307.8,1162428,26862.42,"30-Jul-2026",51050,"",""
"1789","MBAPL","EQ",164,167.95,162.3,165.85,167.05,164,1459146,2407.58,"30-Jul-2026",9918,"",""
"1790","MBEL","EQ",300,301,291.3,292.9,292.6,299.95,101683,301,"30-Jul-2026",6549,"",""
"1791","MBLINFRA","BE",24.56,25.2,24.56,24.99,24.7,25.06,7936,1.98,"30-Jul-2026",60,"",""
"1792","MCCHRLS-B","EQ",725,725,703.5,703.55,704,691.25,98,0.7,"30-Jul-2026",7,"",""
"1793","MCL","EQ",53.34,55.69,52.51,53.75,54,53.34,64116,34.68,"30-Jul-2026",1601,"",""
"1794","MCLEODRUSS","BE",53,53,51.11,51.71,51.99,51.64,85396,44.42,"30-Jul-2026",260,"",""
"1795","MCLOUD","EQ",29.49,30,28.81,29.59,29.5,29.57,5092762,1488.28,"30-Jul-2026",10766,"",""
"1796","MCON","SM",42.85,44,42.8,43.9,43.95,44.95,9000,3.92,"30-Jul-2026",9,"",""
"1797","MCX","EQ",2731.7,2731.7,2662.5,2677,2681.1,2717.5,1374388,36864.34,"30-Jul-2026",71152,"",""
"1798","MDL","ST",64.5,64.5,61.3,61.3,61.3,64.5,3000,1.87,"30-Jul-2026",3,"",""
"1799","MEDANTA","EQ",1420,1427.8,1395,1416.4,1423,1432.9,234633,3312.26,"30-Jul-2026",26345,"",""
"1800","MEDIASSIST","EQ",348.05,363.95,348.05,357.45,356.3,349.9,202893,724.49,"30-Jul-2026",11580,"",""
"1801","MEDICAMEQ","EQ",238.2,239.95,234.05,235.6,239,238.2,6010,14.21,"30-Jul-2026",353,"",""
"1802","MEDICO","EQ",46.26,48.7,44.41,47.54,47.37,46.26,650848,302.53,"30-Jul-2026",1825,"",""
"1803","MEDIORG","SM",25.9,25.9,25.9,25.9,25.9,24.7,2000,0.52,"30-Jul-2026",1,"",""
"1804","MEDISTEP","SM",19.2,19.2,19.2,19.2,19.2,19.25,9000,1.73,"30-Jul-2026",3,"",""
"1805","MEDPLUS","EQ",721,727.6,712,714.75,718.65,721,212138,1522.47,"30-Jul-2026",7122,"",""
"1806","MEESHO","EQ",178.8,183,173.5,182.15,182.25,179.47,16495725,29592.01,"30-Jul-2026",93082,"",""
"1807","MEGASTAR","EQ",330.05,345,320.1,340.95,345,329.25,11105,36.9,"30-Jul-2026",912,"",""
"1808","MEGATHERM","SM",214.7,214.7,210,210.05,210,207.35,4400,9.31,"30-Jul-2026",9,"",""
"1809","MEIL","EQ",286.45,288.05,275.05,284.75,284,295.1,46464,132.12,"30-Jul-2026",1439,"",""
"1810","MENNPIS","EQ",72.34,74.5,71.91,72.34,71.95,72.34,57004,41.75,"30-Jul-2026",1042,"",""
"1811","MENONBE","BE",216,221.25,208.61,214.97,215,219.58,53218,112.68,"30-Jul-2026",864,"",""
"1812","MEP","BZ",0.51,0.53,0.51,0.51,0.52,0.52,814418,4.18,"30-Jul-2026",116,"",""
"1813","MERCANTILE","EQ",24,24,23.41,23.71,23.7,24.01,214,0.05,"30-Jul-2026",9,"",""
"1814","MERCURYEV","EQ",35.06,36.39,35.06,35.72,35.78,35.65,93944,33.51,"30-Jul-2026",536,"",""
"1815","METAL","EQ",12.84,12.86,12.75,12.84,12.81,12.8,1858726,238.29,"30-Jul-2026",4774,"",""
"1816","METALIC","ST",91.55,91.55,91.55,91.55,91.55,87.2,51200,46.87,"30-Jul-2026",22,"",""
"1817","METALIETF","EQ",12.75,12.93,12.64,12.77,12.79,12.75,4126035,526.21,"30-Jul-2026",6794,"",""
"1818","METROBRAND","EQ",1038.6,1042,1027,1029.7,1027,1032.6,13352,137.88,"30-Jul-2026",2593,"",""
"1819","METROGLOBL","EQ",128.77,131,127.15,128.42,127.2,128.13,1881,2.41,"30-Jul-2026",26,"",""
"1820","METROPOLIS","EQ",592.2,609.05,581.6,585.2,590,591.6,460563,2735.19,"30-Jul-2026",22902,"",""
"1821","MFML","EQ",18.86,20.51,18.28,18.54,18.62,18.46,15739,3.01,"30-Jul-2026",141,"",""
"1822","MFSL","EQ",1510.2,1530.9,1498.6,1510.8,1511.5,1515.1,888963,13406.01,"30-Jul-2026",37765,"",""
"1823","MGEL","BE",15.98,16.2,15.23,15.55,15.92,16.03,155506,24.57,"30-Jul-2026",213,"",""
"1824","MGL","EQ",1107,1167,1069,1118.5,1122,1105,3003380,34007.43,"30-Jul-2026",122729,"",""
"1825","MGSL","SM",70.95,80.55,70,80.55,80.55,67.15,100800,77.69,"30-Jul-2026",79,"",""
"1826","MHHL","SM",36.8,37,36.8,37,37,36.8,6000,2.22,"30-Jul-2026",2,"",""
"1827","MHLXMIRU","EQ",140.12,140.93,138.85,140.57,140.55,140.96,10886,15.29,"30-Jul-2026",107,"",""
"1828","MHRIL","EQ",216,216.39,213.75,215.91,216.1,214.93,58689,126.29,"30-Jul-2026",2026,"",""
"1829","MICEL","BE",36.8,37,36.2,36.58,36.85,36.38,141729,51.76,"30-Jul-2026",847,"",""
"1830","MICROPRO","SM",18.3,18.3,18.3,18.3,18.3,18.95,1600,0.29,"30-Jul-2026",1,"",""
"1831","MID150","EQ",23.48,23.5,23.34,23.36,23.46,23.47,33262,7.79,"30-Jul-2026",171,"",""
"1832","MID150BEES","EQ",239.52,239.52,237.12,238,238.2,238.89,317310,755.61,"30-Jul-2026",4318,"",""
"1833","MID150CASE","EQ",11.73,11.73,11.54,11.57,11.59,11.62,1011229,117.06,"30-Jul-2026",2662,"",""
"1834","MIDCAP","EQ",18.47,18.53,18.25,18.43,18.5,18.47,284194,52.41,"30-Jul-2026",658,"",""
"1835","MIDCAPADD","EQ",23.15,23.17,23.03,23.06,23.04,23.13,6564,1.52,"30-Jul-2026",29,"",""
"1836","MIDCAPBETA","EQ",233.4,233.64,231.74,232.94,232.94,233.4,2152,5.01,"30-Jul-2026",29,"",""
"1837","MIDCAPETF","EQ",23.66,23.66,23.44,23.54,23.58,23.62,1310585,308.55,"30-Jul-2026",4810,"",""
"1838","MIDCAPIETF","EQ",23.89,23.93,23.75,23.8,23.79,23.89,1129187,269.01,"30-Jul-2026",1913,"",""
"1839","MIDHANI","EQ",395,396.9,387.75,389.1,388,397.25,204994,802.32,"30-Jul-2026",10322,"",""
"1840","MIDQ50ADD","EQ",25.23,25.25,25.05,25.17,25.21,25.22,40778,10.24,"30-Jul-2026",94,"",""
"1841","MIDSELIETF","EQ",19.49,19.67,19.37,19.45,19.51,19.49,119856,23.33,"30-Jul-2026",561,"",""
"1842","MIDSMALL","EQ",51.06,51.07,50.58,50.79,50.85,51.07,275727,140.07,"30-Jul-2026",1649,"",""
"1843","MIDWESTLTD","EQ",1208.3,1225.7,1195,1202.6,1203.7,1208.3,8497,102.16,"30-Jul-2026",768,"",""
"1844","MILTON","SM",32,33.4,31.8,33.4,33.4,33.4,184800,59.55,"30-Jul-2026",9,"",""
"1845","MINDACORP","EQ",695,710.9,685.6,706.9,708,692.25,354197,2489.59,"30-Jul-2026",17527,"",""
"1846","MINDSPACE","RR",496.7,497.24,494,495.8,495.3,495.09,62861,311.78,"30-Jul-2026",5525,"",""
"1847","MINDTECK","EQ",195.79,196.32,191.28,191.96,191.45,195.59,40059,77.64,"30-Jul-2026",942,"",""
"1848","MIRZAINT","EQ",35.35,35.35,34.24,34.41,34.42,35.14,108562,37.64,"30-Jul-2026",1188,"",""
"1849","MITCON","BE",74.8,74.8,74.8,74.8,74.8,75,49,0.04,"30-Jul-2026",3,"",""
"1850","MITTAL","EQ",0.91,0.92,0.9,0.9,0.91,0.92,607943,5.53,"30-Jul-2026",231,"",""
"1851","MKPL","EQ",4.44,4.44,4.16,4.17,4.16,4.2,137192,5.79,"30-Jul-2026",318,"",""
"1852","MMFL","EQ",551.45,551.45,532.5,535,537.65,548.7,30165,162.21,"30-Jul-2026",2128,"",""
"1853","MMP","EQ",280,287.55,279.05,280.95,281.25,279.95,18123,51.34,"30-Jul-2026",908,"",""
"1854","MMTC","EQ",61.1,61.15,59.9,60.09,60,61.25,1060338,641.15,"30-Jul-2026",7998,"",""
"1855","MMWL","BE",13.54,14.34,13.54,14.24,14.25,13.82,7421,1.02,"30-Jul-2026",44,"",""
"1856","MNC","EQ",33.46,33.84,33.46,33.76,33.79,33.75,104215,35.01,"30-Jul-2026",278,"",""
"1857","MOALPHA50","EQ",53.46,56,52.63,53.21,53.19,53.46,59183,31.51,"30-Jul-2026",122,"",""
"1858","MOBANK10","EQ",17.24,17.24,16.88,17.04,17.04,16.94,1777,0.3,"30-Jul-2026",46,"",""
"1859","MOBIKWIK","EQ",203,203,198.08,198.73,199.4,202.03,465507,932.47,"30-Jul-2026",5748,"",""
"1860","MOBILISE","ST",111,117,108.05,114.3,108.05,111.5,16000,18.23,"30-Jul-2026",8,"",""
"1861","MOCAPITAL","EQ",53.62,53.62,52.41,52.65,52.7,53.1,547851,288.46,"30-Jul-2026",3385,"",""
"1862","MODEFENCE","EQ",101.17,101.3,100.36,100.73,100.79,101.16,832450,837.88,"30-Jul-2026",6231,"",""
"1863","MODINATUR","BE",403,403,387,397.3,396.95,403,2296,9.04,"30-Jul-2026",66,"",""
"1864","MODIRUBBER","EQ",118.21,121.4,118.21,121.34,121.35,118.8,250,0.3,"30-Jul-2026",22,"",""
"1865","MODIS","EQ",395.65,410,391,393.65,393,398.4,87734,351.35,"30-Jul-2026",2460,"",""
"1866","MODISONLTD","BE",265,268.6,259,263.15,263,265.75,31252,81.92,"30-Jul-2026",406,"",""
"1867","MODTHREAD","EQ",47.85,48.02,47.85,48,48,47.85,52,0.02,"30-Jul-2026",3,"",""
"1868","MOENERGY","EQ",38.34,38.53,38.05,38.46,38.53,38.23,80546,30.9,"30-Jul-2026",559,"",""
"1869","MOGOLD","EQ",140.5,141,139.6,140.65,140.35,139.6,36988,51.96,"30-Jul-2026",433,"",""
"1870","MOGSEC","EQ",65.3,65.75,64.92,65.33,65.48,65,947,0.62,"30-Jul-2026",55,"",""
"1871","MOHEALTH","EQ",51.97,52,51.24,51.72,51.55,51.48,59382,30.69,"30-Jul-2026",481,"",""
"1872","MOHITIND","EQ",25,25,22.35,22.62,22.95,22.53,2280,0.52,"30-Jul-2026",58,"",""
"1873","MOIL","EQ",278,304.5,277.5,287.95,285.9,274.15,35498059,104981.94,"30-Jul-2026",322141,"",""
"1874","MOINFRA","EQ",60.63,60.63,60.13,60.21,60.2,60.63,1389,0.84,"30-Jul-2026",46,"",""
"1875","MOIPO","EQ",47.52,47.52,46.51,46.97,47,47.29,3453,1.61,"30-Jul-2026",38,"",""
"1876","MOKSH","EQ",10.1,10.28,10.1,10.13,10.11,10.1,21264,2.16,"30-Jul-2026",79,"",""
"1877","MOL","EQ",56.96,58.27,54.95,55.3,54.95,56.32,2256912,1280.67,"30-Jul-2026",11401,"",""
"1878","MOLDTECH","EQ",143.77,159.9,141.78,152.99,155.59,143.77,460873,702.2,"30-Jul-2026",8596,"",""
"1879","MOLDTKPAC","EQ",656.1,699.1,645,676.35,674.5,656.1,221135,1502.14,"30-Jul-2026",9144,"",""
"1880","MOLOWVOL","EQ",37.5,37.53,37.33,37.49,37.49,37.52,6626,2.48,"30-Jul-2026",21,"",""
"1881","MOM100","EQ",68.27,68.27,67.38,67.62,67.75,67.85,435280,294.22,"30-Jul-2026",1827,"",""
"1882","MOM30IETF","EQ",30.69,30.77,30.42,30.61,30.61,30.68,391364,119.54,"30-Jul-2026",1890,"",""
"1883","MOM50","EQ",255.29,255.29,242.05,251.1,249,253.36,7830,19.85,"30-Jul-2026",113,"",""
"1884","MOMENTUM","EQ",30,30.8,30,30.45,30.56,30.59,18939,5.76,"30-Jul-2026",199,"",""
"1885","MOMENTUM30","EQ",30.15,30.15,29.96,30.06,30.06,30.1,32804,9.85,"30-Jul-2026",94,"",""
"1886","MOMENTUM50","EQ",51.26,52.33,50.9,51.85,51.97,51.94,307598,159.25,"30-Jul-2026",1495,"",""
"1887","MOMGF","EQ",160.72,161.08,158.03,160.94,160.94,159.69,3261,5.21,"30-Jul-2026",31,"",""
"1888","MOMIDMTM","EQ",64.37,64.37,62.5,62.69,63.03,63.11,71166,44.67,"30-Jul-2026",274,"",""
"1889","MOMMIDCAP","EQ",12.79,12.79,12.35,12.45,12.49,12.55,2308931,287.92,"30-Jul-2026",634,"",""
"1890","MOMNC","EQ",32.68,32.71,32.54,32.67,32.67,32.68,78,0.03,"30-Jul-2026",6,"",""
"1891","MOMOMENTUM","EQ",61,61.49,60.57,61.01,61.03,61,27001,16.45,"30-Jul-2026",334,"",""
"1892","MON100","EQ",312.19,312.19,312.19,312.19,312.19,315.36,563208,1758.28,"30-Jul-2026",9045,"",""
"1893","MON50EQUAL","EQ",33.81,33.82,33.63,33.76,33.77,33.7,1122,0.38,"30-Jul-2026",34,"",""
"1894","MONARCH","EQ",388.05,399,381.3,386.2,385,388.45,133642,519.5,"30-Jul-2026",3886,"",""
"1895","MONEXT50","EQ",72,72.7,72,72.58,72.58,72.34,3981,2.88,"30-Jul-2026",42,"",""
"1896","MONEYBOXX","EQ",57.56,57.56,56.1,56.98,56.16,57.54,2998,1.71,"30-Jul-2026",50,"",""
"1897","MONIFTY100","EQ",25.43,25.54,25.4,25.52,25.53,25.48,48849,12.46,"30-Jul-2026",47,"",""
"1898","MONIFTY500","EQ",23.8,23.9,23.74,23.86,23.8,23.81,348505,83.1,"30-Jul-2026",987,"",""
"1899","MONOLITH","SM",817.3,855,795,838.6,840,817.3,67750,563.49,"30-Jul-2026",174,"",""
"1900","MONOPHARMA","SM",10,10,9.95,9.95,9.95,10,4000,0.4,"30-Jul-2026",2,"",""
"1901","MONQ50","EQ",140.08,140.08,140.08,140.08,140.08,140.71,38138,53.42,"30-Jul-2026",1571,"",""
"1902","MONTECARLO","EQ",530.65,535.6,523.05,526.25,524.95,530.6,54121,285.7,"30-Jul-2026",1551,"",""
"1903","MOPSE","EQ",100.18,100.44,100.03,100.44,100.44,100.18,88,0.09,"30-Jul-2026",5,"",""
"1904","MOQUALITY","EQ",204.04,204.04,202.07,202.07,202.07,202.02,1638,3.32,"30-Jul-2026",15,"",""
"1905","MOREALTY","EQ",92.88,93.67,88.13,89.66,89.66,91.83,766567,691.66,"30-Jul-2026",3449,"",""
"1906","MOREPENLAB","EQ",57.85,57.85,56.05,56.42,56.15,57.85,3524842,1998.01,"30-Jul-2026",12600,"",""
"1907","MOS","ST",11.3,11.45,10.9,11.4,11.4,11.45,344000,37.87,"30-Jul-2026",36,"",""
"1908","MOSCHIP","EQ",213,213,204.1,205.4,204.99,211.03,1885891,3905.8,"30-Jul-2026",18501,"",""
"1909","MOSERVICE","EQ",31.39,31.39,31.26,31.28,31.39,31.45,2512,0.79,"30-Jul-2026",22,"",""
"1910","MOSILVER","EQ",214.15,216.29,212,214.1,214.32,214.15,32851,69.99,"30-Jul-2026",768,"",""
"1911","MOSMALL250","EQ",18.08,18.15,17.91,17.96,17.98,18.07,1224204,220.3,"30-Jul-2026",1869,"",""
"1912","MOTHERSON","EQ",146,147.39,144.83,146.72,146.69,146,9499863,13902.73,"30-Jul-2026",41526,"",""
"1913","MOTILALOFS","EQ",858,858.9,835.1,836.95,836.9,855.25,929028,7813.52,"30-Jul-2026",28637,"",""
"1914","MOTISONS","EQ",14.57,14.57,14.12,14.23,14.2,14.59,8401055,1200.62,"30-Jul-2026",7648,"",""
"1915","MOTOGENFIN","BE",26.92,27.29,26.75,26.76,26.76,26.92,2641,0.71,"30-Jul-2026",15,"",""
"1916","MOTOUR","EQ",78.6,80.06,77.17,78.68,78.39,79.35,14540,11.43,"30-Jul-2026",230,"",""
"1917","MOVALUE","EQ",113.33,113.82,113.18,113.49,113.5,113.33,34594,39.29,"30-Jul-2026",498,"",""
"1918","MOXSH","ST",101.5,101.5,101.5,101.5,101.5,104,1600,1.62,"30-Jul-2026",1,"",""
"1919","MPEL","ST",35.1,35.1,35.1,35.1,35.1,35.1,1600,0.56,"30-Jul-2026",1,"",""
"1920","MPHASIS","EQ",2346.1,2420,2337.3,2346.7,2348,2361.3,1000809,23854.97,"30-Jul-2026",57701,"",""
"1921","MPSLTD","EQ",2680.2,2723.9,2636,2650.2,2665,2683.4,24778,664.97,"30-Jul-2026",3627,"",""
"1922","MRF","EQ",134200,135550,133510,134860,134995,134200,3756,5064.86,"30-Jul-2026",2640,"",""
"1923","MRIL","ST",67.3,70,67.3,70,70,70.8,12800,8.75,"30-Jul-2026",6,"",""
"1924","MRPL","EQ",163,174.2,161.05,166.84,166.67,163.41,27360997,46492.59,"30-Jul-2026",152549,"",""
"1925","MSCI360","EQ",10.18,10.2,10.09,10.18,10.19,10.16,225,0.02,"30-Jul-2026",13,"",""
"1926","MSCIADD","EQ",29.58,29.81,29.58,29.81,29.81,29.7,354,0.11,"30-Jul-2026",7,"",""
"1927","MSCIINDIA","EQ",29.94,30.11,29.88,29.97,30.09,29.83,11624,3.49,"30-Jul-2026",92,"",""
"1928","MSPL","EQ",37,37.71,35.28,36.05,35.28,37.13,798917,292.84,"30-Jul-2026",3720,"",""
"1929","MSTCLTD","EQ",610,610.5,600.15,604.75,602.3,614,130567,789.81,"30-Jul-2026",6528,"",""
"1930","MSUMI","EQ",41.22,41.34,40.55,41.05,41.11,41.22,6664583,2729.54,"30-Jul-2026",37067,"",""
"1931","MTARTECH","BE",5277,5453.5,5256,5453.5,5453.5,5194,823165,44664.57,"30-Jul-2026",29291,"",""
"1932","MTEDUCARE","BE",1.9,1.99,1.82,1.94,1.99,1.9,12810,0.25,"30-Jul-2026",56,"",""
"1933","MTNL","EQ",27.3,27.3,26.9,27,26.95,27.2,291382,78.8,"30-Jul-2026",1973,"",""
"1934","MUFIN","EQ",129.8,130.47,128,129.07,128.15,130.1,1143219,1474.61,"30-Jul-2026",5145,"",""
"1935","MUFTI","EQ",82,82.6,79.6,80.71,80.32,82.19,97981,78.77,"30-Jul-2026",1715,"",""
"1936","MUKANDLTD","EQ",138.28,141,138.28,139.91,140,139.42,59794,83.25,"30-Jul-2026",1116,"",""
"1937","MUKKA","EQ",23.25,23.25,22.56,22.64,22.7,23.04,235002,53.6,"30-Jul-2026",1128,"",""
"1938","MUKTAARTS","BE",59.5,59.5,57,57.2,57.2,59.98,1943,1.11,"30-Jul-2026",48,"",""
"1939","MULTICAP","EQ",16.89,16.89,16.64,16.64,16.7,16.73,137416,22.91,"30-Jul-2026",420,"",""
"1940","MUNISH","ST",81,81,77,77.05,77,81,10800,8.55,"30-Jul-2026",7,"",""
"1941","MUNJALAU","EQ",102,102,100.43,101.44,101.06,101.83,131643,133.29,"30-Jul-2026",1452,"",""
"1942","MUNJALSHOW","EQ",137.7,138.48,133.02,136.16,135.93,137.15,70068,95.05,"30-Jul-2026",1363,"",""
"1943","MURUDCERA","EQ",30.5,31,30.1,30.6,30.6,30.53,11934,3.64,"30-Jul-2026",179,"",""
"1944","MUTHOOTCAP","EQ",222.76,230.8,219,228.51,229.8,221.66,28080,63.43,"30-Jul-2026",1161,"",""
"1945","MUTHOOTFIN","EQ",3027,3034.5,2995,3008.7,3010,3017.9,993327,29903.09,"30-Jul-2026",38197,"",""
"1946","MUTHOOTMF","EQ",255.58,255.59,244.1,246.88,246.9,255.58,321850,806.76,"30-Jul-2026",8679,"",""
"1947","MVGJL","EQ",172.42,174,166.5,167.23,167.6,173.83,42539,71.82,"30-Jul-2026",1250,"",""
"1948","MVKAGRO","SM",374.95,374.95,360.6,366.8,368.2,374.95,199800,728.81,"30-Jul-2026",86,"",""
"1949","MWL","EQ",35.7,36.25,34.5,35.8,35.8,35.7,360157,127.9,"30-Jul-2026",761,"",""
"1950","MYMUDRA","SM",80,81,80,81,81,77,8400,6.74,"30-Jul-2026",7,"",""
"1951","NACLIND","EQ",194.7,194.88,186,188.57,187.25,195.14,601461,1145.68,"30-Jul-2026",8758,"",""
"1952","NAGREEKCAP","EQ",22.2,23.99,22.2,22.76,23.38,23.02,1794,0.41,"30-Jul-2026",31,"",""
"1953","NAGREEKEXP","EQ",22,22,21,21.38,21.5,22,12027,2.6,"30-Jul-2026",182,"",""
"1954","NAHARCAP","EQ",246.61,250,246.6,249.46,248.95,245.81,836,2.09,"30-Jul-2026",20,"",""
"1955","NAHARINDUS","EQ",112.5,116.68,112.5,113.2,113.11,114.91,7605,8.65,"30-Jul-2026",124,"",""
"1956","NAHARPOLY","EQ",273,276.25,266,271.1,274,272.8,27519,74.37,"30-Jul-2026",1562,"",""
"1957","NAHARSPING","BE",281.2,285,275.5,277.75,275.5,281.2,18915,53.21,"30-Jul-2026",176,"",""
"1958","NAM-INDIA","EQ",1162.4,1176.8,1143,1146.9,1148,1168.1,598425,6910.73,"30-Jul-2026",31323,"",""
"1959","NAMAN","SM",45,45,45,45,45,45,800,0.36,"30-Jul-2026",1,"",""
"1960","NAMOEWASTE","ST",284,284,278.35,278.35,278.35,284,12800,35.81,"30-Jul-2026",15,"",""
"1961","NARMADA","EQ",34.27,36.36,33.56,36.19,36.35,34.32,2183819,770.44,"30-Jul-2026",6769,"",""
"1962","NATCAPSUQ","EQ",144.5,150,143.25,144.21,144.05,144.52,3787,5.59,"30-Jul-2026",89,"",""
"1963","NATCOPHARM","EQ",930.05,947.85,926.5,929.85,927,935.95,236650,2213.4,"30-Jul-2026",16428,"",""
"1964","NATHBIOGEN","EQ",162.2,169.9,160.4,161.39,160.41,159.96,94951,157.73,"30-Jul-2026",1946,"",""
"1965","NATIONALUM","EQ",345.5,349.65,342.6,347.65,348.9,344.7,6318472,21852.69,"30-Jul-2026",52249,"",""
"1966","NATIONSTD","EQ",260.9,260.9,260.9,260.9,260.9,274.6,4271,11.14,"30-Jul-2026",140,"",""
"1967","NAUKRI","EQ",1248.9,1265.45,1236,1244.05,1245,1247.85,1007603,12587.13,"30-Jul-2026",61374,"",""
"1968","NAVA","EQ",561,562.15,547.8,553.15,553,561.6,173583,961.98,"30-Jul-2026",10822,"",""
"1969","NAVINFLUOR","EQ",7571,7571,7368,7386.5,7387,7594.5,163354,12123.54,"30-Jul-2026",20672,"",""
"1970","NAVKARCORP","EQ",102.99,102.99,101.19,101.75,101.5,103.11,220887,225.54,"30-Jul-2026",2560,"",""
"1971","NAVKARURB","BE",1.08,1.08,1,1.02,1.03,1.04,680052,6.95,"30-Jul-2026",182,"",""
"1972","NAVNETEDUL","EQ",139.9,140.26,136.5,137.07,137,139.83,207448,285.39,"30-Jul-2026",1644,"",""
"1973","NAZARA","EQ",304,312,303.65,308.05,308,303.65,2274869,7019.11,"30-Jul-2026",17946,"",""
"1974","NBCC","EQ",94.52,94.53,93.09,93.57,93.75,94.6,5422710,5072.63,"30-Jul-2026",28266,"",""
"1975","NBIFIN","EQ",2214.9,2258,2190,2202.4,2214.3,2204,436,9.7,"30-Jul-2026",134,"",""
"1976","NCC","EQ",141.95,142.42,140.64,140.91,141,142.15,1004099,1419.97,"30-Jul-2026",18601,"",""
"1977","NCLIND","EQ",184.5,185.25,182,182.47,182.5,185.27,24172,44.28,"30-Jul-2026",916,"",""
"1978","NDGL","EQ",2850,2850,2760,2800,2800,2754.8,7,0.2,"30-Jul-2026",5,"",""
"1979","NDL","EQ",2.38,2.38,2.34,2.35,2.36,2.36,423968,9.98,"30-Jul-2026",675,"",""
"1980","NDLVENTURE","EQ",124.01,128.92,124.01,127.28,127,127.99,27877,35.5,"30-Jul-2026",450,"",""
"1981","NDRAUTO","EQ",803.1,815,798.05,808.95,805.25,803.05,10610,85.65,"30-Jul-2026",1095,"",""
"1982","NDTV","EQ",76.49,76.69,75.8,76.25,76,76.2,84171,64.19,"30-Jul-2026",879,"",""
"1983","NEAGI","EQ",3144,3150,3142,3142.4,3142.4,3144.3,39,1.23,"30-Jul-2026",11,"",""
"1984","NECCLTD","BE",14.86,15.44,14.86,15.05,15.19,15.24,13585,2.05,"30-Jul-2026",80,"",""
"1985","NECLIFE","BE",10.3,10.3,9.98,10.18,10.15,10.22,90956,9.2,"30-Jul-2026",244,"",""
"1986","NEELAM","SM",9.25,9.25,9.25,9.25,9.25,9.45,6000,0.56,"30-Jul-2026",1,"",""
"1987","NELCAST","EQ",116.27,116.85,114.11,115.11,114.95,116.27,87973,101.55,"30-Jul-2026",1546,"",""
"1988","NELCO","EQ",940,952.7,907.85,929.75,931.45,934.1,235504,2195.84,"30-Jul-2026",9542,"",""
"1989","NEOCHEM","ST",93,93,87.55,87.65,87.65,92,8400,7.51,"30-Jul-2026",7,"",""
"1990","NEOGEN","EQ",2032.7,2045.1,1965,1988.1,1992,2048.3,96875,1926.05,"30-Jul-2026",11173,"",""
"1991","NEPHROCARE","ST",61.5,62.9,61.5,62.85,62.9,62.95,4400,2.75,"30-Jul-2026",11,"",""
"1992","NEPHROPLUS","EQ",709,709,681,683.1,681,706.05,111667,770.03,"30-Jul-2026",8960,"",""
"1993","NEPTUNE","SM",189.95,189.95,180,180,180,180.05,5500,9.95,"30-Jul-2026",9,"",""
"1994","NESCO","EQ",1086.1,1086.1,1065,1080.5,1085,1088.5,33914,364.43,"30-Jul-2026",4005,"",""
"1995","NESTLEIND","EQ",1503.3,1532.6,1497,1520.7,1519,1503.3,3698063,56246.04,"30-Jul-2026",98611,"",""
"1996","NETF","EQ",262.82,264.99,260.11,263.97,264.99,262.82,2307,6.08,"30-Jul-2026",91,"",""
"1997","NETWEB","EQ",4340.7,4341.8,4175.5,4195.2,4195,4364.1,648341,27496.03,"30-Jul-2026",50673,"",""
"1998","NETWORK18","EQ",29.4,29.45,28.82,29.29,29.32,29.24,2277130,662.29,"30-Jul-2026",7614,"",""
"1999","NEULANDLAB","EQ",19676,19676,18951,19202,19200,19697,55859,10732.35,"30-Jul-2026",17548,"",""
"2000","NEWGEN","EQ",563.6,571.7,550.1,552.95,551,560.5,1826036,10256.63,"30-Jul-2026",38309,"",""
"2001","NEWJAISA","ST",13.8,14,13.55,13.55,13.55,14.25,28500,3.88,"30-Jul-2026",19,"",""
"2002","NEXT30ADD","EQ",42.65,42.91,42.65,42.81,42.9,42.66,22905,9.79,"30-Jul-2026",58,"",""
"2003","NEXT50","EQ",748.07,750.98,746.35,749,749.02,748.06,10634,79.59,"30-Jul-2026",1242,"",""
"2004","NEXT50ADD","EQ",72.99,73.15,71.83,71.96,71.83,72.82,1937,1.4,"30-Jul-2026",21,"",""
"2005","NEXT50BETA","EQ",78.27,78.49,77.98,78.29,78.25,77.89,158746,124.24,"30-Jul-2026",470,"",""
"2006","NEXT50ETF","EQ",73.25,73.25,72.82,72.95,73.19,72.97,19696,14.38,"30-Jul-2026",53,"",""
"2007","NEXT50IETF","EQ",76.94,76.94,76.15,76.5,76.51,76.44,543959,415.54,"30-Jul-2026",3257,"",""
"2008","NEXTMEDIA","EQ",4.1,4.1,3.82,3.92,3.93,4.08,7815,0.3,"30-Jul-2026",51,"",""
"2009","NFL","EQ",71.8,71.95,70.9,71.11,71.09,71.99,257949,184.05,"30-Jul-2026",2311,"",""
"2010","NFPSAMPOOR","SM",23.5,23.55,23.45,23.5,23.5,23.75,18000,4.23,"30-Jul-2026",8,"",""
"2011","NGIL","BE",40,40.95,38.75,40.09,40.41,39.41,30007,11.99,"30-Jul-2026",75,"",""
"2012","NGLFINE","EQ",3278,3299.2,3229,3280,3270.5,3251.5,3675,120.24,"30-Jul-2026",937,"",""
"2013","NH","EQ",2070.6,2088.8,2058.4,2080.3,2082,2070.6,110198,2290.18,"30-Jul-2026",15971,"",""
"2014","NHIT","IV",172,172,172,172,172,171.5,75000,129,"30-Jul-2026",1,"",""
"2015","NHPC","EQ",77.9,78.29,77.25,78.07,78.16,77.9,6294785,4897.86,"30-Jul-2026",23798,"",""
"2016","NIACL","EQ",164.94,167.5,162.21,165.89,165.1,164.13,824835,1359.47,"30-Jul-2026",13183,"",""
"2017","NIBE","EQ",1400,1419.9,1323.8,1330.2,1342.4,1405.6,110297,1494.38,"30-Jul-2026",9105,"",""
"2018","NIBL","EQ",36.84,38.1,35.16,35.91,36.5,37.56,80854,30.34,"30-Jul-2026",9055,"",""
"2019","NIF100BEES","EQ",268.21,269,265.35,268.6,268.92,268.21,59429,159.47,"30-Jul-2026",521,"",""
"2020","NIF100IETF","EQ",28.17,28.5,28.08,28.25,28.5,28.17,45535,12.85,"30-Jul-2026",651,"",""
"2021","NIFTY1","EQ",268.72,269.72,267,269.27,269,268.72,47837,128.63,"30-Jul-2026",865,"",""
"2022","NIFTY100EW","EQ",35.19,35.33,35.15,35.21,35.26,35.19,28711,10.11,"30-Jul-2026",161,"",""
"2023","NIFTYADD","EQ",256.34,256.34,254.51,255.92,255.98,255.07,4153,10.6,"30-Jul-2026",129,"",""
"2024","NIFTYAXIS","EQ",267.89,269,267.54,268.71,268.1,267.83,13360,35.85,"30-Jul-2026",132,"",""
"2025","NIFTYBEES","EQ",275.99,276.8,274.99,276.49,276.4,275.82,4594454,12684.54,"30-Jul-2026",25526,"",""
"2026","NIFTYBETA","EQ",268,269.86,268,269.26,269.86,268.65,23955,64.4,"30-Jul-2026",414,"",""
"2027","NIFTYBETF","EQ",249.37,250.62,249.03,250.31,250.62,249.44,242,0.6,"30-Jul-2026",44,"",""
"2028","NIFTYCASE","EQ",9.72,9.76,9.7,9.74,9.73,9.72,389923,37.97,"30-Jul-2026",1181,"",""
"2029","NIFTYETF","EQ",264.5,264.88,262.8,264.56,264.25,263.84,191637,506.28,"30-Jul-2026",1575,"",""
"2030","NIFTYIETF","EQ",277.15,277.15,273.84,275.03,274.9,274.41,849532,2335.08,"30-Jul-2026",4416,"",""
"2031","NIFTYQLITY","EQ",21.62,21.79,21.55,21.65,21.65,21.62,69641,15.09,"30-Jul-2026",187,"",""
"2032","NIITLTD","EQ",97.57,97.81,94.36,95.08,95.39,97.98,401112,384.07,"30-Jul-2026",4386,"",""
"2033","NIITMTS","EQ",247.3,247.95,238.19,239.96,243.9,241.14,180330,438.16,"30-Jul-2026",7369,"",""
"2034","NIKITA","SM",73,73,73,73,73,75.1,1200,0.88,"30-Jul-2026",1,"",""
"2035","NILAINFRA","EQ",7.39,7.4,7.21,7.24,7.28,7.39,99793,7.27,"30-Jul-2026",310,"",""
"2036","NILASPACES","EQ",12.15,12.15,11.7,11.84,11.8,11.86,137405,16.34,"30-Jul-2026",409,"",""
"2037","NILE","EQ",1900,1920,1863.1,1880.1,1874.1,1900.2,2584,48.88,"30-Jul-2026",433,"",""
"2038","NILKAMAL","EQ",1821,1887.1,1736.1,1753.4,1768,1870.4,100837,1823.05,"30-Jul-2026",9644,"",""
"2039","NIMBSPROJ","BE",188.04,193.2,181,183.6,193,184.35,1123,2.05,"30-Jul-2026",13,"",""
"2040","NINSYS","BE",817.35,833,809,823.25,825,821.45,1073,8.81,"30-Jul-2026",87,"",""
"2041","NIPPOBATRY","EQ",330,333.7,323,324.3,324.9,325.15,3287,10.81,"30-Jul-2026",117,"",""
"2042","NIRAJ","BE",29.45,29.45,28.54,28.87,28.87,28.89,21896,6.3,"30-Jul-2026",48,"",""
"2043","NIRAJISPAT","EQ",205,205,190,204.09,195,205,17,0.03,"30-Jul-2026",7,"",""
"2044","NIRLON","EQ",624.7,625,619.8,620.4,620,620,2528,15.69,"30-Jul-2026",169,"",""
"2045","NIRMAN","SM",39.1,39.65,38,38.3,39,39.25,31500,12.12,"30-Jul-2026",77,"",""
"2046","NITCO","EQ",103.78,104,99.8,100.39,100.8,103.78,364190,369.4,"30-Jul-2026",3605,"",""
"2047","NITINSPIN","EQ",532.75,544.8,518.45,525.25,524.5,537.6,80383,427.38,"30-Jul-2026",3798,"",""
"2048","NITIRAJ","EQ",222.84,222.84,207.99,213.42,218.95,216.49,3403,7.22,"30-Jul-2026",108,"",""
"2049","NITTAGELA","EQ",1845,1878.6,1824.4,1832.5,1825,1852.6,3462,63.62,"30-Jul-2026",635,"",""
"2050","NIVABUPA","EQ",86.14,87.59,85.15,85.92,86.4,85.74,799302,691.18,"30-Jul-2026",10608,"",""
"2051","NKIND","EQ",59.65,60.3,58,58.62,58,59.65,957,0.57,"30-Jul-2026",19,"",""
"2052","NLCINDIA","EQ",296.9,297.05,291,291.9,292.3,296.9,2456351,7222.65,"30-Jul-2026",44331,"",""
"2053","NMDC","EQ",85.85,86.09,84.71,85.01,85.15,85.85,12760135,10872.84,"30-Jul-2026",62217,"",""
"2054","NMSTEEL","SM",24.75,24.75,24.75,24.75,24.75,24.6,3200,0.79,"30-Jul-2026",2,"",""
"2055","NOCIL","EQ",167.2,167.2,159.38,159.68,159.8,166.35,431297,696.91,"30-Jul-2026",7326,"",""
"2056","NOIDATOLL","BE",4.4,4.54,4.24,4.31,4.31,4.45,92670,4.03,"30-Jul-2026",207,"",""
"2057","NORBTEAEXP","EQ",65.88,69.8,64.3,68.32,69.8,67.57,3198,2.15,"30-Jul-2026",61,"",""
"2058","NORTHARC","EQ",289.9,289.9,283.15,285.9,287,288.8,571626,1639.07,"30-Jul-2026",10440,"",""
"2059","NOVAAGRI","BE",23.25,23.25,22.06,22.93,22.95,23.12,40524,9.19,"30-Jul-2026",239,"",""
"2060","NOVARTIND","EQ",1610,1657.8,1569.4,1575.5,1583.9,1595.9,26460,425.81,"30-Jul-2026",4916,"",""
"2061","NPBET","EQ",281.41,284.8,281.41,284.37,284.37,282.82,340,0.96,"30-Jul-2026",18,"",""
"2062","NPST","EQ",1531,1539,1500.1,1505.2,1509,1545.4,11842,179.23,"30-Jul-2026",1286,"",""
"2063","NRAIL","EQ",471.15,471.7,460.1,461.55,461.8,468.6,4759,22.15,"30-Jul-2026",337,"",""
"2064","NRBBEARING","EQ",427.25,427.25,412.6,416.15,416.3,426.95,245116,1022.05,"30-Jul-2026",8980,"",""
"2065","NRL","BE",103,104.5,103,104.5,104.5,103.3,52626,54.43,"30-Jul-2026",119,"",""
"2066","NRVANDANA","ST",68,68,67.9,67.9,67.9,66.25,12000,8.15,"30-Jul-2026",4,"",""
"2067","NSIL","EQ",5501,5530,5475,5503,5485,5524.5,1272,70.02,"30-Jul-2026",281,"",""
"2068","NSLNISP","EQ",43,43.08,42.54,42.64,42.75,43.06,1923499,822.01,"30-Jul-2026",10358,"",""
"2069","NTPC","EQ",343.5,347.65,341.85,344.85,345.15,343.5,9943764,34295.14,"30-Jul-2026",109364,"",""
"2070","NTPCGREEN","EQ",91.5,91.95,90,90.61,90.5,91.48,5131099,4676.44,"30-Jul-2026",43901,"",""
"2071","NUCLEUS","EQ",742,766,732.5,738.15,738,741.1,110341,828.4,"30-Jul-2026",5973,"",""
"2072","NURECA","EQ",322.5,327.59,317.31,322.21,321,326.79,15318,49.61,"30-Jul-2026",678,"",""
"2073","NUVAMA","EQ",1827,1834.6,1782.5,1793.4,1799,1827.2,119497,2161.13,"30-Jul-2026",12539,"",""
"2074","NUVOCO","EQ",353,353.9,347.55,349.2,350,351.75,201243,704.02,"30-Jul-2026",7525,"",""
"2075","NV20","EQ",14.09,14.12,13.84,14.09,14.1,14.02,30950,4.36,"30-Jul-2026",124,"",""
"2076","NV20BEES","EQ",140.27,142,140.27,141.12,142,140.44,10079,14.19,"30-Jul-2026",174,"",""
"2077","NV20IETF","EQ",13.69,13.8,13.52,13.75,13.74,13.69,334745,45.95,"30-Jul-2026",1150,"",""
"2078","NXST","RR",167.93,168.75,167.02,167.91,167.5,167.26,161169,270.62,"30-Jul-2026",5571,"",""
"2079","NYKAA","EQ",327.5,334.2,326.75,333.75,333.95,327.5,8652158,28682.02,"30-Jul-2026",104161,"",""
"2080","OAL","EQ",399.9,400,378,380.85,380,398.45,37957,146.64,"30-Jul-2026",1960,"",""
"2081","OBCL","EQ",52.41,53.39,51.35,52.43,53.31,52.41,4000,2.1,"30-Jul-2026",114,"",""
"2082","OBEROIRLTY","EQ",1844,1844,1803.3,1814.4,1815,1836.5,170742,3098.04,"30-Jul-2026",25363,"",""
"2083","OBSCP","SM",606,606,580,594.15,595,604,24800,146.18,"30-Jul-2026",60,"",""
"2084","OCCLLTD","BE",151,158.32,149.55,158.12,158.32,150.79,216494,338.93,"30-Jul-2026",620,"",""
"2085","ODIGMA","BE",22.44,22.85,22.3,22.48,22.69,22.86,6781,1.53,"30-Jul-2026",173,"",""
"2086","OFSS","EQ",11424,11497,11082,11136,11158,11427,221089,24932.07,"30-Jul-2026",32616,"",""
"2087","OIL","EQ",448,459.25,447.1,456.9,457.25,447.9,1592950,7260.67,"30-Jul-2026",26171,"",""
"2088","OILCOUNTUB","BE",55.01,57.8,55.01,56.4,56.1,57,7260,4.11,"30-Jul-2026",57,"",""
"2089","OILIETF","EQ",11.46,11.46,11.21,11.3,11.29,11.24,4981410,563.73,"30-Jul-2026",1923,"",""
"2090","OLAELEC","EQ",38.1,38.18,37.6,37.78,37.72,38.4,22050264,8344.37,"30-Jul-2026",51353,"",""
"2091","OLECTRA","EQ",1328,1345,1314,1327,1323,1330.1,211693,2809.75,"30-Jul-2026",13022,"",""
"2092","OLIL","ST",424.95,427,413.95,427,427,428,3200,13.5,"30-Jul-2026",7,"",""
"2093","OMAXAUTO","BE",192,193,186.25,186.4,186.25,196.05,144480,269.64,"30-Jul-2026",722,"",""
"2094","OMAXE","EQ",85.85,87.13,84.95,85.63,85.45,85.53,214103,183.7,"30-Jul-2026",1883,"",""
"2095","OMFREIGHT","BE",91.35,91.35,87.5,88.87,89,91.35,9990,8.84,"30-Jul-2026",145,"",""
"2096","OMFURN","ST",63.85,64.85,63,64.4,64.85,62.35,14400,9.19,"30-Jul-2026",12,"",""
"2097","OMINFRAL","EQ",89.51,89.88,87.52,88.01,87.94,89.91,69237,61.4,"30-Jul-2026",1468,"",""
"2098","OMNI","EQ",592.5,596.3,577,585.6,585.5,597.8,148243,866.38,"30-Jul-2026",7898,"",""
"2099","OMPOWER","EQ",164,164.51,158.4,159.16,160.2,164.07,95665,153.84,"30-Jul-2026",1675,"",""
"2100","ONDOOR","SM",270.05,275,266,268.8,266.05,267.75,7500,20.31,"30-Jul-2026",24,"",""
"2101","ONELIFECAP","BE",37.37,38,35.34,36.02,36.87,37.19,58084,20.74,"30-Jul-2026",126,"",""
"2102","ONEPOINT","EQ",56.23,57.37,56.07,57.08,56.99,56.57,878679,500.34,"30-Jul-2026",2966,"",""
"2103","ONESOURCE","EQ",1737.3,1741,1660.9,1688.3,1688,1749.7,163785,2799.23,"30-Jul-2026",16694,"",""
"2104","ONGC","EQ",239.5,244.39,239.06,241.59,241.3,238.31,11419363,27686.52,"30-Jul-2026",103469,"",""
"2105","ONIDA","BE",37.6,38.1,37.25,37.66,37.35,37.48,212145,79.78,"30-Jul-2026",335,"",""
"2106","ONMOBILE","BE",63,63,61.6,61.86,61.98,62.1,27860,17.4,"30-Jul-2026",208,"",""
"2107","ONWARDTEC","EQ",298.9,300.45,290,293.95,299.95,297.85,50998,150.3,"30-Jul-2026",1260,"",""
"2108","ONYX","ST",44.9,44.9,44.1,44.9,44.9,42.8,464000,208.31,"30-Jul-2026",75,"",""
"2109","OPTIEMUS","EQ",619,627.5,606.75,618.85,614.1,624.8,110844,684.94,"30-Jul-2026",5698,"",""
"2110","OPTIVALUE","SM",158.2,160.9,141.05,154.55,156.95,156.7,640000,957.4,"30-Jul-2026",285,"",""
"2111","ORBTEXP","BE",253,253,233,234.7,239.99,243.44,4030,9.63,"30-Jul-2026",84,"",""
"2112","ORCHASP","EQ",1.7,1.7,1.49,1.51,1.52,1.67,755480,11.57,"30-Jul-2026",506,"",""
"2113","ORCHPHARMA","EQ",1004,1009,982.25,1000.25,1000,1001.45,36314,362.05,"30-Jul-2026",4097,"",""
"2114","ORIANA","SM",1349,1428,1342.3,1412.3,1404.05,1359.5,57150,794.32,"30-Jul-2026",654,"",""
"2115","ORICONENT","EQ",54.6,55.6,52.2,53.22,53.8,53.95,27076,14.59,"30-Jul-2026",745,"",""
"2116","ORIENTALTL","EQ",5.22,5.37,5.22,5.23,5.25,5.27,39980,2.1,"30-Jul-2026",154,"",""
"2117","ORIENTBELL","EQ",318.05,323.45,316.1,321.1,322.05,318.05,5908,18.95,"30-Jul-2026",233,"",""
"2118","ORIENTCEM","EQ",137.22,137.5,134.47,136.57,135.4,137.55,278800,378.91,"30-Jul-2026",2577,"",""
"2119","ORIENTCER","EQ",40.07,40.73,39.5,39.75,39.6,40.07,14548,5.79,"30-Jul-2026",363,"",""
"2120","ORIENTELEC","EQ",172.2,174.75,171,173.02,173.19,173.66,221622,383.25,"30-Jul-2026",4372,"",""
"2121","ORIENTHOT","EQ",134.85,135,131.84,132.76,133.98,134.98,204959,273.38,"30-Jul-2026",2633,"",""
"2122","ORIENTLTD","BE",82.8,82.8,79.42,79.42,79.42,83.59,3732,2.98,"30-Jul-2026",66,"",""
"2123","ORIENTPPR","EQ",17.5,17.59,17.3,17.38,17.3,17.51,126654,22.09,"30-Jul-2026",554,"",""
"2124","ORIENTTECH","EQ",267.66,272,264.61,270.34,268.72,267.65,188107,504.12,"30-Jul-2026",4836,"",""
"2125","ORISSAMINE","EQ",4010,4160,3989,4085.2,4089,4036.9,16934,692.77,"30-Jul-2026",3605,"",""
"2126","ORKLAINDIA","EQ",565,573.05,555.15,560.85,560,565.55,84363,475.39,"30-Jul-2026",7269,"",""
"2127","ORTEL","BZ",1.78,1.78,1.71,1.71,1.71,1.79,2369,0.04,"30-Jul-2026",15,"",""
"2128","ORTINGLOBE","BE",15.64,15.64,14.9,14.92,14.9,14.9,3312,0.5,"30-Jul-2026",181,"",""
"2129","OSELDEVICE","SM",426.8,426.8,411.2,422.1,422.5,413.55,9200,38.63,"30-Jul-2026",31,"",""
"2130","OSIAHYPER","BE",2.94,2.94,2.85,2.88,2.89,2.91,353145,10.19,"30-Jul-2026",347,"",""
"2131","OSWALAGRO","EQ",38,40,37.52,37.97,38.11,38.24,61816,23.75,"30-Jul-2026",364,"",""
"2132","OSWALGREEN","EQ",20.49,22.8,20.36,21.35,21.24,20.13,3091161,680,"30-Jul-2026",8679,"",""
"2133","OSWALPUMPS","EQ",343.55,344,331.1,334,332,344.5,506755,1704.51,"30-Jul-2026",10675,"",""
"2134","OSWALSEEDS","EQ",10.2,10.9,10.2,10.71,10.65,10.39,59411,6.19,"30-Jul-2026",152,"",""
"2135","OWAIS","ST",99.45,99.45,96,97,97,99.45,7300,7.08,"30-Jul-2026",36,"",""
"2136","PACEDIGITK","EQ",197.55,204.45,195,203.34,203.7,197.55,1425288,2866.97,"30-Jul-2026",15387,"",""
"2137","PAGEIND","EQ",40055,41590,40055,41085,41230,40270,34842,14319.88,"30-Jul-2026",16668,"",""
"2138","PAISALO","EQ",71.46,71.78,69.83,71.06,70.87,71.39,5986967,4241.17,"30-Jul-2026",12411,"",""
"2139","PAKKA","EQ",70.61,71.84,70,70.83,70.99,71.43,26430,18.66,"30-Jul-2026",623,"",""
"2140","PALASHSECU","EQ",88,88.1,85,86.29,85.01,87.54,773,0.67,"30-Jul-2026",39,"",""
"2141","PALREDTEC","BE",44,46,42.6,46,46,44.8,3044,1.36,"30-Jul-2026",35,"",""
"2142","PANACEABIO","EQ",425,429.4,406.4,414.45,416.85,423.85,112177,465.94,"30-Jul-2026",3555,"",""
"2143","PANACHE","BE",428,428,403.3,427.45,428,420,8018,33.64,"30-Jul-2026",1480,"",""
"2144","PANAMAPET","EQ",447.75,451,432.7,435.4,435,447.75,112884,497.66,"30-Jul-2026",4012,"",""
"2145","PANSARI","EQ",334.05,337.35,325.55,329.85,334,327.5,4997,16.54,"30-Jul-2026",700,"",""
"2146","PAR","EQ",95.84,102.98,94.01,99.3,99.71,95.84,19898,19.89,"30-Jul-2026",439,"",""
"2147","PARACABLES","EQ",63.35,64.5,62.5,62.69,62.75,63.48,760767,481.66,"30-Jul-2026",4276,"",""
"2148","PARADEEP","EQ",158,158.82,151.27,153.38,153.7,156.54,18735903,28815.8,"30-Jul-2026",101248,"",""
"2149","PARAGMILK","EQ",217,217.49,213,213.92,214.75,216.56,215230,461.75,"30-Jul-2026",4218,"",""
"2150","PARAGON","SM",49.8,49.95,47.45,49.85,49.9,49.15,25200,12.37,"30-Jul-2026",16,"",""
"2151","PARAS","EQ",1210.6,1222,1192,1212.4,1214,1212.4,581633,7022.86,"30-Jul-2026",23974,"",""
"2152","PARASPETRO","EQ",2.54,2.56,2.37,2.45,2.48,2.49,538961,13.07,"30-Jul-2026",528,"",""
"2153","PARIN","SM",719,728,700,723.4,721.1,729,10750,76.58,"30-Jul-2026",6,"",""
"2154","PARKHOSPS","EQ",279,283.85,278.05,279.3,279.3,279.25,296062,834.08,"30-Jul-2026",7263,"",""
"2155","PARKHOTELS","EQ",122.25,122.8,120.25,121.04,120.76,121.64,139939,169.21,"30-Jul-2026",871,"",""
"2156","PARSVNATH","BE",1.83,1.83,1.83,1.83,1.83,1.86,68320,1.25,"30-Jul-2026",125,"",""
"2157","PARTH","SM",489,489,480,483,483,489,2400,11.65,"30-Jul-2026",6,"",""
"2158","PARTYCRUS","SM",88,88,88,88,88,90.05,2000,1.76,"30-Jul-2026",2,"",""
"2159","PASHUPATI","EQ",87.13,87.43,86.07,86.24,86.49,86.53,13574,11.75,"30-Jul-2026",754,"",""
"2160","PASUPTAC","BE",58.69,60.19,58,58.08,58.7,58.02,49196,29.13,"30-Jul-2026",330,"",""
"2161","PATANJALI","EQ",357.35,361.8,354.35,356.35,354.45,357.15,5222468,18667.05,"30-Jul-2026",41882,"",""
"2162","PATELENG","EQ",27.83,27.87,27.28,27.38,27.44,27.8,3434230,944.95,"30-Jul-2026",9683,"",""
"2163","PATELRMART","EQ",224.9,225.22,221.1,223.82,224,223.3,67391,150.56,"30-Jul-2026",2265,"",""
"2164","PATILAUTOM","ST",188,190,185,187.3,187,188,85200,159.59,"30-Jul-2026",64,"",""
"2165","PATINTLOG","BE",14.3,14.3,13.86,13.96,14,14.34,25425,3.56,"30-Jul-2026",113,"",""
"2166","PAUSHAKLTD","EQ",592,625.4,569.7,605,601.05,582.45,126599,768.98,"30-Jul-2026",6528,"",""
"2167","PAVNAIND","EQ",18.7,19.15,17.61,18,17.72,18.66,63284,11.49,"30-Jul-2026",452,"",""
"2168","PAYTM","EQ",1331.8,1350.2,1317.1,1332.5,1330.9,1330,2761482,36825.63,"30-Jul-2026",56494,"",""
"2169","PCBL","EQ",362.95,363.1,325.75,328,326.9,365.7,13415979,45704.32,"30-Jul-2026",175107,"",""
"2170","PCCL","SM",280,290,275,287.75,290,277.15,18000,51.3,"30-Jul-2026",42,"",""
"2171","PCJEWELLER","EQ",9.14,9.18,8.98,9.12,9.13,9.1,109510743,9936.36,"30-Jul-2026",45499,"",""
"2172","PDMJEPAPER","EQ",98.86,99.85,96.15,96.56,96.86,98.37,135517,132.4,"30-Jul-2026",1678,"",""
"2173","PDSL","EQ",363.95,363.95,340.35,345.05,347.25,350.3,183823,637.63,"30-Jul-2026",4958,"",""
"2174","PEARLPOLY","BE",17.13,17.87,16.56,17.2,17.3,17.13,4034,0.68,"30-Jul-2026",43,"",""
"2175","PELATRO","SM",269.45,273,269.45,270,270,260.5,3300,8.91,"30-Jul-2026",10,"",""
"2176","PENIND","EQ",168.45,169.85,164.22,166.62,165.86,167.67,145946,242.46,"30-Jul-2026",3099,"",""
"2177","PENINLAND","BE",15.8,15.87,15.77,15.8,15.8,16.09,72142,11.4,"30-Jul-2026",76,"",""
"2178","PENTAGON","SM",54.95,54.95,54.95,54.95,54.95,52.95,1000,0.55,"30-Jul-2026",1,"",""
"2179","PERSISTENT","EQ",5483.3,5698,5468.4,5514.7,5505,5483.3,1194100,66947.3,"30-Jul-2026",95055,"",""
"2180","PETRONET","EQ",277.05,281.35,275.1,278.9,279,277.1,1819061,5074.12,"30-Jul-2026",28613,"",""
"2181","PFC","EQ",427.1,429.1,423.4,426.25,426.8,427.1,7767894,33092.08,"30-Jul-2026",49439,"",""
"2182","PFIZER","EQ",4750,4811.5,4728.9,4801.3,4800,4755.1,27710,1326.94,"30-Jul-2026",7690,"",""
"2183","PFOCUS","EQ",304.15,307.4,286.7,290.26,289.3,308.72,829673,2469.89,"30-Jul-2026",19609,"",""
"2184","PFS","EQ",27.8,28,27.37,27.44,27.41,27.78,363298,99.92,"30-Jul-2026",1529,"",""
"2185","PGEL","EQ",614.2,622.65,606.3,613,615,612.45,1580725,9694.21,"30-Jul-2026",29489,"",""
"2186","PGHH","EQ",8605,8645.5,8437.5,8477,8478,8598.5,72275,6152.35,"30-Jul-2026",7490,"",""
"2187","PGHL","EQ",6595,6620,6436.5,6502,6540,6615.5,19774,1283.94,"30-Jul-2026",3407,"",""
"2188","PGIL","EQ",2067.8,2072,2013.1,2028,2015.2,2060.6,40552,828.01,"30-Jul-2026",5040,"",""
"2189","PGINVIT","IV",101.7,101.7,100.16,101.38,101.4,101.67,2221863,2251.2,"30-Jul-2026",8083,"",""
"2190","PHANTOMFX","SM",173,175,169,170.95,170.95,173.15,18300,31.41,"30-Jul-2026",51,"",""
"2191","PHARMABEES","EQ",27.09,27.26,26.98,27.09,27.1,27.08,4695794,1275.02,"30-Jul-2026",8863,"",""
"2192","PHOENIXLTD","EQ",1886.4,1908.4,1877.3,1887.9,1888.1,1910.5,472335,8929.34,"30-Jul-2026",26466,"",""
"2193","PHOGLOBAL","SM",16.05,16.05,16.05,16.05,16.05,17,2000,0.32,"30-Jul-2026",1,"",""
"2194","PICCADIL","EQ",731.25,734.5,715.65,719.45,721,731.25,89979,650.7,"30-Jul-2026",8346,"",""
"2195","PIDILITIND","EQ",1636,1636,1619.1,1629.9,1630,1629.9,1113810,18132.66,"30-Jul-2026",36702,"",""
"2196","PIGL","EQ",106.42,106.42,100.6,102.23,102.01,105.44,69086,71.04,"30-Jul-2026",2488,"",""
"2197","PIIND","EQ",2754,2783,2718,2777.3,2780,2753.9,124403,3431.37,"30-Jul-2026",13525,"",""
"2198","PILANIINVS","EQ",4300.9,4335,4285,4317.7,4335,4309.4,1043,44.88,"30-Jul-2026",208,"",""
"2199","PILITA","BE",8.59,8.91,8.59,8.63,8.63,8.6,11794,1.03,"30-Jul-2026",73,"",""
"2200","PINELABS","EQ",145,145.38,139.51,140.17,140,144.64,13631307,19325.27,"30-Jul-2026",62951,"",""
"2201","PIONEEREMB","EQ",23.96,27.35,23.8,25.7,25.3,23.75,255786,66.46,"30-Jul-2026",734,"",""
"2202","PIONRINV","BE",86,88.67,84.24,85.1,85.1,88.67,3940,3.38,"30-Jul-2026",37,"",""
"2203","PIRAMALFIN","EQ",2035,2052.7,2014.1,2028.7,2028.1,2043.3,121471,2468.79,"30-Jul-2026",19036,"",""
"2204","PITTIENG","EQ",978,978,924.1,928.25,932.8,951.2,55036,520.74,"30-Jul-2026",3887,"",""
"2205","PIXTRANS","EQ",1729.4,1729.4,1680,1690.6,1688,1722.4,7146,121.85,"30-Jul-2026",1142,"",""
"2206","PKTEA","EQ",681.2,690,681.2,689.95,689.95,690,34,0.23,"30-Jul-2026",5,"",""
"2207","PLASTIBLEN","EQ",188.06,188.19,182.82,184.76,185.5,187.56,30547,56.68,"30-Jul-2026",1113,"",""
"2208","PLATIND","EQ",239.57,239.99,225,226.88,228.9,238.37,124225,285.08,"30-Jul-2026",2857,"",""
"2209","PLAZACABLE","BE",42.57,43,41.41,42.33,41.41,42.57,21814,9.26,"30-Jul-2026",114,"",""
"2210","PML","EQ",496.95,503.9,490,497.3,499.9,486.25,83,0.41,"30-Jul-2026",12,"",""
"2211","PNB","EQ",111.05,111.9,110.32,111.64,111.8,111.08,10292180,11456.02,"30-Jul-2026",45571,"",""
"2212","PNBGILTS","EQ",83.78,84.2,82.26,82.65,82.26,83.78,202052,167.69,"30-Jul-2026",2553,"",""
"2213","PNBHOUSING","EQ",1059.7,1061.8,1024.2,1033.1,1033,1056.3,903379,9346.51,"30-Jul-2026",40952,"",""
"2214","PNC","EQ",20.5,20.5,19.1,20.47,20.49,19.92,7183,1.45,"30-Jul-2026",130,"",""
"2215","PNCINFRA","EQ",240,243,237.21,239.63,239.47,240.52,296798,711.14,"30-Jul-2026",16549,"",""
"2216","PNGJL","EQ",674.8,684,660,666.15,661.3,670.15,970169,6533.92,"30-Jul-2026",28175,"",""
"2217","PNGSREVA","EQ",452.5,477.7,425.1,432.9,433,447.5,948175,4264.95,"30-Jul-2026",22398,"",""
"2218","POCL","EQ",530.7,531.8,514.5,527.6,525,527.7,306471,1602.78,"30-Jul-2026",8515,"",""
"2219","PODDARMENT","EQ",252,264.94,252,261.11,255.25,255.41,4736,12.17,"30-Jul-2026",192,"",""
"2220","POKARNA","EQ",917,932,909.3,918,913,920,19194,176.36,"30-Jul-2026",2368,"",""
"2221","POLICYBZR","EQ",1600,1606.3,1580.2,1593.5,1594,1611.2,745800,11872.75,"30-Jul-2026",32918,"",""
"2222","POLYCAB","EQ",9047,9065,8855,8896,8899,9047,366876,32715.66,"30-Jul-2026",37747,"",""
"2223","POLYMED","EQ",1675,1682.8,1660,1667.2,1660.1,1678.5,53413,893.3,"30-Jul-2026",11301,"",""
"2224","POLYPLEX","EQ",1121.1,1128.75,1100,1103.45,1101,1121.1,46801,520.13,"30-Jul-2026",3106,"",""
"2225","POLYSIL","SM",110,120,110,114.9,114,112.1,224000,257,"30-Jul-2026",36,"",""
"2226","PONNIERODE","EQ",306.7,318.95,304,305.35,305.95,306.7,10392,31.73,"30-Jul-2026",261,"",""
"2227","POONAWALLA","EQ",484.5,484.5,472.05,476.9,474.45,481.6,823341,3932.74,"30-Jul-2026",22386,"",""
"2228","POSITRON","SM",173,179,168,169.7,170,173,10200,17.49,"30-Jul-2026",30,"",""
"2229","POWERGRID","EQ",283.4,287.1,283,285.7,285.35,282.85,7903593,22550.4,"30-Jul-2026",104360,"",""
"2230","POWERICA","EQ",532.15,538.25,522.55,524.6,525.25,533.7,94942,502.91,"30-Jul-2026",4398,"",""
"2231","POWERINDIA","EQ",31525,31735,31020,31250,31355,31675,112162,35108.25,"30-Jul-2026",32530,"",""
"2232","POWERMECH","EQ",2651,2687.3,2622.1,2635.3,2632,2659.8,33159,879.03,"30-Jul-2026",5682,"",""
"2233","PPAP","BE",288,288,275,281.77,279.9,282.5,6413,18.03,"30-Jul-2026",197,"",""
"2234","PPL","BE",270.5,275,259,269.2,270.5,270.6,29967,80.23,"30-Jul-2026",424,"",""
"2235","PPLPHARMA","EQ",194.99,202.26,192.6,196.72,196.74,195.68,22171172,43990.93,"30-Jul-2026",197829,"",""
"2236","PPSL","SM",4.3,4.3,3.75,3.75,3.75,4.15,741000,28.98,"30-Jul-2026",168,"",""
"2237","PRABHA","EQ",142.41,144.85,140,144.18,144.5,142.42,14959,21.45,"30-Jul-2026",333,"",""
"2238","PRADPME","BE",510,520,506,516.8,519.9,515.6,2360,12.15,"30-Jul-2026",65,"",""
"2239","PRAENG","EQ",20.78,20.88,20,20.14,20.1,20.78,45946,9.33,"30-Jul-2026",316,"",""
"2240","PRAJIND","EQ",310,311.5,306.7,309,308.7,310.15,312946,965.75,"30-Jul-2026",8555,"",""
"2241","PRAKASH","EQ",125.35,125.89,123.19,123.55,123.9,125.92,165297,205.48,"30-Jul-2026",3053,"",""
"2242","PRAKASHSTL","EQ",4.01,4.08,4,4.01,4.02,4.01,65773,2.65,"30-Jul-2026",205,"",""
"2243","PRAMARA","SM",120.85,127.85,120.85,127.85,127.85,122.3,30000,37.3,"30-Jul-2026",44,"",""
"2244","PRATHAM","SM",114,114,114,114,114,114,4000,4.56,"30-Jul-2026",9,"",""
"2245","PRAVEG","EQ",292.8,292.8,281,285.18,284.25,288.71,30750,87.52,"30-Jul-2026",991,"",""
"2246","PRAXIS","BE",6.75,6.94,6.4,6.44,6.44,6.62,194223,12.69,"30-Jul-2026",157,"",""
"2247","PRECAM","EQ",139,145,138.5,141.61,143.5,139.23,335960,478.43,"30-Jul-2026",5775,"",""
"2248","PRECISION","ST",7.6,7.75,7.6,7.75,7.75,8,4000,0.31,"30-Jul-2026",2,"",""
"2249","PRECOT","EQ",770.7,783,754.3,771.15,760,793.95,5206,40.24,"30-Jul-2026",275,"",""
"2250","PRECWIRE","EQ",365,366.7,352.3,354.3,357.5,360.2,166552,593.31,"30-Jul-2026",7638,"",""
"2251","PREMCO","EQ",376.75,376.75,363.1,367.1,369.85,366.05,1089,4,"30-Jul-2026",61,"",""
"2252","PREMEXPLN","EQ",662.05,662.5,655.1,655.25,655.55,662.15,355520,2336.57,"30-Jul-2026",3304,"",""
"2253","PREMIER","BE",2.83,2.89,2.77,2.78,2.77,2.77,591,0.02,"30-Jul-2026",12,"",""
"2254","PREMIERENE","EQ",1018,1018,977.4,982.7,984,1036.2,2265269,22404.93,"30-Jul-2026",55033,"",""
"2255","PREMIERPOL","EQ",73.6,74.9,72.5,73.53,73.75,73.6,136623,100.19,"30-Jul-2026",1379,"",""
"2256","PREMIUM","SM",40,40,38.55,39.1,38.8,40.65,12000,4.7,"30-Jul-2026",4,"",""
"2257","PRESSTONIC","SM",25.55,26.1,25.4,26,26,26.05,24800,6.38,"30-Jul-2026",25,"",""
"2258","PRESTIGE","EQ",1607.1,1631.7,1589.6,1594.8,1591,1673,1018205,16403.97,"30-Jul-2026",63122,"",""
"2259","PRICOLLTD","EQ",658.05,700,654.45,681.05,688.9,660.55,1870126,12779.52,"30-Jul-2026",64018,"",""
"2260","PRIMECAB","ST",199.8,200.2,191,193.95,191,199.8,25600,50.48,"30-Jul-2026",16,"",""
"2261","PRIMESECU","EQ",276.85,278,275,277.2,278,276.05,8579,23.76,"30-Jul-2026",428,"",""
"2262","PRIMO","EQ",22.7,26.17,22.45,25.07,25,22.69,1333790,334.69,"30-Jul-2026",7135,"",""
"2263","PRINCEPIPE","EQ",265.3,265.55,260.95,262.65,262,265.3,75313,198.44,"30-Jul-2026",2514,"",""
"2264","PRITI","BE",36.9,36.9,35.35,36.76,36.79,36.89,3257,1.19,"30-Jul-2026",55,"",""
"2265","PRITIKA","SM",52.05,57.4,52,57,57,57.9,10000,5.51,"30-Jul-2026",5,"",""
"2266","PRITIKAUTO","BE",17.65,18,17.4,17.65,17.96,17.65,104169,18.38,"30-Jul-2026",273,"",""
"2267","PRIVISCL","EQ",3707.1,3730,3500,3573,3605,3707.3,390237,14117.27,"30-Jul-2026",41330,"",""
"2268","PRIZOR","ST",876.15,876.15,841.85,859.95,859.95,859,16800,145.36,"30-Jul-2026",32,"",""
"2269","PRLIND","SM",44.5,44.7,44,44,44,45.3,52000,22.95,"30-Jul-2026",37,"",""
"2270","PROPEQUITY","SM",212.2,212.2,212,212,212,216,1800,3.82,"30-Jul-2026",2,"",""
"2271","PROSTARM","EQ",124.2,124.95,121.51,122.01,122.64,124.25,76197,93.16,"30-Jul-2026",1394,"",""
"2272","PROTEAN","EQ",631.5,635.95,618,619.55,618.5,631.5,160752,1006.49,"30-Jul-2026",6246,"",""
"2273","PROZONER","EQ",43.12,43.95,40.96,41.53,41.35,42.67,252544,105.5,"30-Jul-2026",1578,"",""
"2274","PRSMJOHNSN","EQ",108.52,108.52,103.08,104.85,104.82,107.9,284444,298.87,"30-Jul-2026",4868,"",""
"2275","PRUDENT","EQ",3157.6,3239.8,3090.1,3221.4,3206,3158.5,39201,1254.74,"30-Jul-2026",9202,"",""
"2276","PRUDMOULI","BE",13.38,13.38,12.51,12.9,12.9,12.77,2465,0.32,"30-Jul-2026",14,"",""
"2277","PSB","EQ",23.67,23.67,22.88,22.97,22.99,23.67,2837017,656.51,"30-Jul-2026",6703,"",""
"2278","PSFL","SM",31.5,31.5,31.1,31.1,31.1,31.1,8000,2.51,"30-Jul-2026",2,"",""
"2279","PSPPROJECT","EQ",1017,1042.4,931.3,951.1,947.7,1023.7,733349,7155.99,"30-Jul-2026",35049,"",""
"2280","PSRAJ","ST",88.5,90,88.5,90,90,90.05,27500,24.6,"30-Jul-2026",8,"",""
"2281","PSUBANK","EQ",82.65,83.57,82.65,83.31,82.66,83.24,259939,216.3,"30-Jul-2026",373,"",""
"2282","PSUBANKADD","EQ",83.93,84.36,83.67,84.14,84.12,84.04,25207,21.17,"30-Jul-2026",308,"",""
"2283","PSUBNKBEES","EQ",93,93.34,92.5,93.16,93.24,92.99,1024692,952.38,"30-Jul-2026",3569,"",""
"2284","PSUBNKIETF","EQ",84.01,84.51,83.86,84.35,84.5,84.27,161862,136.23,"30-Jul-2026",673,"",""
"2285","PTC","EQ",168.11,169.6,166.4,169.13,169,167.81,402504,679.09,"30-Jul-2026",5529,"",""
"2286","PTCIL","EQ",17925,17964,17712,17795,17761,17971,6214,1106.38,"30-Jul-2026",2420,"",""
"2287","PTL","EQ",39.53,39.95,39.23,39.31,39.3,39.15,21382,8.44,"30-Jul-2026",599,"",""
"2288","PULZ","SM",24,24.35,24,24.25,24.35,23.3,10000,2.42,"30-Jul-2026",5,"",""
"2289","PUNJABCHEM","EQ",1147,1244.7,1132.7,1205.6,1201,1150.8,25828,306.88,"30-Jul-2026",2324,"",""
"2290","PURPLEUTED","ST",351.25,351.3,335.6,351.3,351.3,334.6,20250,70.12,"30-Jul-2026",73,"",""
"2291","PURVA","EQ",215.16,218,210.1,213.02,215,214.25,140148,296.99,"30-Jul-2026",2148,"",""
"2292","PURVFLEXI","SM",46,46,46,46,46,46,800,0.37,"30-Jul-2026",1,"",""
"2293","PUSHPA","SM",105,106,105,106,106,108.65,3000,3.16,"30-Jul-2026",3,"",""
"2294","PVP","EQ",27.15,27.79,26.91,27.28,27,27.27,126424,34.38,"30-Jul-2026",736,"",""
"2295","PVRINOX","EQ",1140,1150.75,1119.85,1131.45,1125,1140,371133,4203.45,"30-Jul-2026",17954,"",""
"2296","PVSL","EQ",110.2,112.25,108.5,108.6,108.5,110.25,20156,22.15,"30-Jul-2026",507,"",""
"2297","PVTBANIETF","EQ",28.12,28.12,27.63,27.76,27.76,27.83,2509960,695.2,"30-Jul-2026",1448,"",""
"2298","PVTBANK","EQ",27.51,27.52,27.44,27.5,27.5,27.59,1080,0.3,"30-Jul-2026",12,"",""
"2299","PVTBANKADD","EQ",28.01,28.01,27.76,27.96,27.95,28,53258,14.84,"30-Jul-2026",134,"",""
"2300","PVTBKGROWW","EQ",27.84,27.84,27.1,27.48,27.1,27.53,11410,3.14,"30-Jul-2026",142,"",""
"2301","PWL","EQ",126.4,127.72,124.48,125.22,126,126.55,1826073,2299.8,"30-Jul-2026",18355,"",""
"2302","PYRAMID","EQ",183,189,179.03,180.85,182.49,185.88,83598,153.54,"30-Jul-2026",1602,"",""
"2303","QGOLDHALF","EQ",117.09,125,117.05,118.13,117.7,117.08,86487,101.72,"30-Jul-2026",941,"",""
"2304","QLINE","SM",505,515,501,509.85,510,508.1,62000,314.55,"30-Jul-2026",115,"",""
"2305","QMSMEDI","EQ",114.21,116.79,112.8,113.43,112.99,116.34,8375,9.57,"30-Jul-2026",248,"",""
"2306","QNIFTY","EQ",267.2,268,266.29,267.54,268,267.16,1888,5.05,"30-Jul-2026",61,"",""
"2307","QPOWER","BE",1100,1100,1060.6,1079.4,1082,1105,62444,673.28,"30-Jul-2026",2463,"",""
"2308","QUADFUTURE","EQ",351.95,353.45,343.1,344.4,344.9,351.2,122043,422.66,"30-Jul-2026",3981,"",""
"2309","QUAL30IETF","EQ",21.35,21.54,21.31,21.4,21.34,21.4,44539,9.56,"30-Jul-2026",193,"",""
"2310","QUALITY30","EQ",21.08,21.16,20.95,21.09,21.1,20.98,13887,2.92,"30-Jul-2026",40,"",""
"2311","QUESS","EQ",315.2,319.95,301.55,309.7,309.7,307.4,2273940,7100.85,"30-Jul-2026",36131,"",""
"2312","QUICKHEAL","BE",160,161.3,152,158.83,159,160,46304,72.16,"30-Jul-2026",783,"",""
"2313","QUICKTOUCH","SM",22.5,22.55,22.5,22.55,22.55,22.55,1000,0.23,"30-Jul-2026",2,"",""
"2314","QUINT","EQ",38.7,39,38.4,38.99,39,38.7,3092,1.2,"30-Jul-2026",15,"",""
"2315","QVCEL","SM",23.6,23.6,23.6,23.6,23.6,23.6,1600,0.38,"30-Jul-2026",1,"",""
"2316","RACE","EQ",108.3,110.89,104.99,110.41,108.6,108.05,18025,19.61,"30-Jul-2026",85,"",""
"2317","RACLGEAR","EQ",1291.4,1301.7,1232.5,1245.2,1248.1,1286.8,22058,277.84,"30-Jul-2026",2580,"",""
"2318","RADAAN","EQ",3.4,3.4,3.21,3.24,3.27,3.31,37632,1.22,"30-Jul-2026",113,"",""
"2319","RADHIKAJWE","EQ",66.95,70.49,65.17,68.51,68.2,67.11,2881177,1973.22,"30-Jul-2026",21481,"",""
"2320","RADIANTCMS","EQ",36.61,37.5,36.61,36.99,37.13,37.49,25301,9.36,"30-Jul-2026",438,"",""
"2321","RADICO","EQ",4374.5,4494.4,4341,4366.6,4364,4373.8,692504,30594.57,"30-Jul-2026",57485,"",""
"2322","RADIOCITY","EQ",7.35,7.35,6.6,6.9,7,6.94,59293,4.09,"30-Jul-2026",199,"",""
"2323","RAILTEL","EQ",293.5,296,290,294.25,294,293.5,601299,1767.79,"30-Jul-2026",17353,"",""
"2324","RAIN","EQ",223.88,224.85,219.6,221.67,221.1,224.57,2121179,4708.66,"30-Jul-2026",18163,"",""
"2325","RAINBOW","EQ",1476.2,1535,1476.2,1520.6,1529,1496.7,134389,2034.62,"30-Jul-2026",13829,"",""
"2326","RAJESHEXPO","BZ",85.06,87,84.9,85.04,85,86.73,135714,115.94,"30-Jul-2026",1765,"",""
"2327","RAJINDLTD","SM",70.1,71.4,70.1,70.75,70.1,70.05,4500,3.17,"30-Jul-2026",3,"",""
"2328","RAJMET","EQ",3.37,3.37,3.11,3.21,3.18,3.31,230805,7.53,"30-Jul-2026",575,"",""
"2329","RAJOOENG","BE",51.02,52.78,51.02,51.75,52.15,52.18,90922,47.06,"30-Jul-2026",548,"",""
"2330","RAJPALAYAM","EQ",815,815,801.2,813.95,810,819.9,290,2.34,"30-Jul-2026",18,"",""
"2331","RAJPUTANA","SM",195,195.2,195,195.2,195.2,195.2,3000,5.86,"30-Jul-2026",5,"",""
"2332","RAJRATAN","EQ",498.9,499.4,476.85,482.05,482.15,498.9,100302,490.59,"30-Jul-2026",3889,"",""
"2333","RAJRILTD","BE",20.8,20.8,20.12,20.41,20.5,20.52,5989,1.22,"30-Jul-2026",63,"",""
"2334","RAJSREESUG","EQ",29.86,29.9,29.16,29.23,29.3,30.01,18127,5.33,"30-Jul-2026",179,"",""
"2335","RAJTV","EQ",11.9,12.04,11.62,11.91,11.81,11.95,26071,3.12,"30-Jul-2026",104,"",""
"2336","RALLIS","EQ",218.05,218.65,215.73,217.01,217.6,218.73,614903,1333.18,"30-Jul-2026",20403,"",""
"2337","RAMANEWS","EQ",28.5,29.32,28.35,28.82,28.68,28.68,7616,2.2,"30-Jul-2026",72,"",""
"2338","RAMAPHO","EQ",127.07,129.29,125.16,125.86,126,127.13,22070,28.15,"30-Jul-2026",985,"",""
"2339","RAMASTEEL","BE",4.19,4.19,4.09,4.11,4.14,4.17,1904606,78.74,"30-Jul-2026",3454,"",""
"2340","RAMBHAJO","EQ",182,184.14,176.5,177.98,176.98,185.93,367270,659.98,"30-Jul-2026",5373,"",""
"2341","RAMCOCEM","EQ",918,921.5,908.4,915,911,921.5,588768,5376.54,"30-Jul-2026",11145,"",""
"2342","RAMCOIND","EQ",332.7,337.2,326.3,329.1,330,333.4,70452,232.68,"30-Jul-2026",2024,"",""
"2343","RAMCOSYS","EQ",600,619.55,576.15,605.45,606.75,590.05,956223,5787.23,"30-Jul-2026",21113,"",""
"2344","RAMKY","EQ",372.3,376.1,367,369.15,368.2,370.05,21232,78.41,"30-Jul-2026",1258,"",""
"2345","RAMRAT","EQ",456.5,462.6,450.1,460.25,458.05,456.5,232210,1062.72,"30-Jul-2026",6609,"",""
"2346","RANASUG","EQ",12,12,11.75,11.76,11.77,11.91,89445,10.56,"30-Jul-2026",260,"",""
"2347","RANEHOLDIN","EQ",1735,1765,1725,1743.6,1746,1735.2,7537,131.68,"30-Jul-2026",1422,"",""
"2348","RAPPID","SM",331.75,333.95,331.75,333.95,333.95,335,3000,9.98,"30-Jul-2026",5,"",""
"2349","RATEGAIN","EQ",923.15,923.15,892.05,896.45,896.1,923.15,169028,1531.98,"30-Jul-2026",9236,"",""
"2350","RATNAMANI","EQ",2397.6,2420.9,2356.1,2385.2,2388,2389.2,92754,2212.82,"30-Jul-2026",6989,"",""
"2351","RATNAVEER","EQ",185,186.95,182.31,184.74,183.78,186,1420259,2622.09,"30-Jul-2026",12481,"",""
"2352","RAYMOND","EQ",585.1,588.45,577.5,582.2,581.55,588.5,177992,1037.06,"30-Jul-2026",5512,"",""
"2353","RAYMONDLSL","EQ",716.45,753,706.4,731.7,735,713.15,333766,2461.6,"30-Jul-2026",15143,"",""
"2354","RAYMONDREL","EQ",651.6,656,642,644.6,643,657.85,242749,1576.42,"30-Jul-2026",6021,"",""
"2355","RBA","EQ",67.1,67.8,66.5,67.01,67.2,67.07,1503963,1005.97,"30-Jul-2026",5209,"",""
"2356","RBLBANK","EQ",371.15,383.45,367.35,378.05,377.7,371.15,14577462,55070.56,"30-Jul-2026",181795,"",""
"2357","RBMINFRA","SM",287,287,270.3,271.6,272.7,273.45,11200,30.75,"30-Jul-2026",43,"",""
"2358","RBS","SM",82.5,82.5,76.4,82,82,80.35,13600,10.91,"30-Jul-2026",12,"",""
"2359","RBZJEWEL","EQ",141.33,142.63,139.65,141.5,141.01,141.08,51730,73.04,"30-Jul-2026",1256,"",""
"2360","RCDL","SM",29.65,33,27.5,33,33,27.5,435000,139.07,"30-Jul-2026",109,"",""
"2361","RCF","EQ",127.1,127.44,124.95,125.54,126,127.92,731162,921.36,"30-Jul-2026",6733,"",""
"2362","RCOM","BE",0.83,0.84,0.82,0.82,0.83,0.83,1740920,14.36,"30-Jul-2026",1275,"",""
"2363","READYMIX","SM",96,105,96,102.4,103.8,101.1,9000,9.18,"30-Jul-2026",9,"",""
"2364","RECLTD","EQ",372.8,377.25,371.15,374.9,375.1,374.25,4027680,15098.2,"30-Jul-2026",42410,"",""
"2365","REDINGTON","EQ",307.95,338.5,307.95,310.95,310,287.45,56111752,179772.13,"30-Jul-2026",509971,"",""
"2366","REDTAPE","EQ",132.29,135.45,130.9,133.8,133.06,131.78,374761,500.83,"30-Jul-2026",5758,"",""
"2367","REFEX","EQ",316.8,318.9,296.55,298.65,302.5,314.95,1088652,3316.23,"30-Jul-2026",17615,"",""
"2368","REFRACTORY","SM",26.45,26.5,26.45,26.5,26.5,26.5,4000,1.06,"30-Jul-2026",3,"",""
"2369","REGAAL","BE",83.49,83.5,80.01,81.18,81.45,82.54,60954,49.6,"30-Jul-2026",304,"",""
"2370","REGENCERAM","EQ",32.71,32.97,30.5,31.51,31,33,1553,0.49,"30-Jul-2026",95,"",""
"2371","RELAXO","EQ",411.4,417,401.15,408.15,407,409.1,554287,2267.82,"30-Jul-2026",16490,"",""
"2372","RELCHEMQ","EQ",123.34,125.95,123,124.57,125,123.34,1638,2.04,"30-Jul-2026",74,"",""
"2373","RELIABLE","EQ",141,141,135.01,140.07,141,137.78,17831,24.63,"30-Jul-2026",241,"",""
"2374","RELIANCE","EQ",1279.8,1297,1275.3,1292.9,1289.4,1275.9,12158451,156894.35,"30-Jul-2026",209491,"",""
"2375","RELIGARE","EQ",249.4,253.8,246.95,252.4,253.8,250.3,267117,669.01,"30-Jul-2026",4596,"",""
"2376","RELTD","EQ",172.01,174.59,169.1,170.82,171,172.68,266101,456.7,"30-Jul-2026",3827,"",""
"2377","REMSONSIND","EQ",79,85.01,78.55,83.8,84,80.05,263650,218.04,"30-Jul-2026",2620,"",""
"2378","REMUS","SM",730,730,715,717.65,715,719,5300,38.43,"30-Jul-2026",22,"",""
"2379","RENUKA","EQ",21.85,21.89,21.56,21.64,21.64,21.81,1585685,343.05,"30-Jul-2026",4639,"",""
"2380","REPCOHOME","EQ",391.95,392,386,387.05,387.2,394.75,43388,168.46,"30-Jul-2026",1778,"",""
"2381","REPL","BE",62,66.7,62,65.58,66.25,64.79,3706,2.38,"30-Jul-2026",91,"",""
"2382","REPRO","EQ",369.85,387,362.35,380.6,383,362.2,43127,162.34,"30-Jul-2026",766,"",""
"2383","RESPONIND","EQ",172.9,174.04,170.5,170.99,170.5,173.33,111224,191.58,"30-Jul-2026",1741,"",""
"2384","RETAIL","EQ",16.73,17.47,16.73,17.28,17.3,16.62,2122,0.37,"30-Jul-2026",18,"",""
"2385","REXPRO","SM",39.05,39.5,39.05,39.15,39.15,40.45,3000,1.18,"30-Jul-2026",3,"",""
"2386","RFBL","ST",90.95,90.95,90.95,90.95,90.95,95.7,3000,2.73,"30-Jul-2026",1,"",""
"2387","RGL","EQ",120.75,121.5,118.76,119.55,120,121.06,287658,345.25,"30-Jul-2026",2260,"",""
"2388","RHETAN","EQ",30.3,32.4,30.25,30.26,30.25,29.87,8364960,2548.72,"30-Jul-2026",5472,"",""
"2389","RHFL","BZ",1.95,2,1.91,1.94,1.95,1.93,357634,6.96,"30-Jul-2026",510,"",""
"2390","RHIM","EQ",395.95,396.05,383.3,390.55,393,395.65,334457,1305.51,"30-Jul-2026",9102,"",""
"2391","RHL","EQ",172.94,173.78,167.31,169.39,168.5,172.89,1998,3.39,"30-Jul-2026",140,"",""
"2392","RICHA","ST",93,93,90,91.5,90,93,2000,1.83,"30-Jul-2026",2,"",""
"2393","RICOAUTO","EQ",140.1,144,137.83,138.44,138.3,140.14,1110678,1555.71,"30-Jul-2026",9473,"",""
"2394","RIIL","EQ",736,737.25,726.25,727.9,728,737.65,36441,266.19,"30-Jul-2026",1631,"",""
"2395","RIIT","IV",116.52,120.29,116.52,116.99,117.6,117.13,1109554,1298.46,"30-Jul-2026",5655,"",""
"2396","RILINFRA","SM",39.65,39.65,38.25,38.65,38.45,39.65,10400,4.04,"30-Jul-2026",62,"",""
"2397","RIR","EQ",161.88,161.88,156.16,156.91,157,159.26,40128,63.45,"30-Jul-2026",1418,"",""
"2398","RISHABH","EQ",609.2,618.5,597,610.5,607,608.25,115963,703.77,"30-Jul-2026",5736,"",""
"2399","RITCO","EQ",300,302.9,288.55,293.05,289.9,299.5,205479,608.75,"30-Jul-2026",4655,"",""
"2400","RITES","EQ",218.5,219,216.16,217.83,218,218.96,329567,715.95,"30-Jul-2026",9069,"",""
"2401","RITEZONE","ST",18.85,18.85,18.85,18.85,18.85,19.5,1600,0.3,"30-Jul-2026",1,"",""
"2402","RKDL","EQ",19.74,19.74,19.01,19.26,19.14,19.14,4435,0.86,"30-Jul-2026",53,"",""
"2403","RKEC","EQ",26.25,27.14,26.1,26.32,26.1,26.24,9599,2.55,"30-Jul-2026",102,"",""
"2404","RKFORGE","EQ",642.25,642.25,623.3,626.4,625.6,642.25,885269,5580.54,"30-Jul-2026",23672,"",""
"2405","RKSWAMY","EQ",105.49,105.49,103.01,104.39,104.98,103.49,43952,45.82,"30-Jul-2026",1105,"",""
"2406","RMC","EQ",258.6,276.65,258.2,259.9,259,258.65,29210,76.99,"30-Jul-2026",1141,"",""
"2407","RMDRIP","BE",18.05,19.1,17.55,18.46,18.5,18.44,357749,65.87,"30-Jul-2026",598,"",""
"2408","RML","EQ",1117.9,1187,1114,1153.4,1152.2,1115.2,43414,502.28,"30-Jul-2026",4749,"",""
"2409","RNBDENIMS","EQ",9.22,9.22,9,9.04,9.01,9.08,212237,19.24,"30-Jul-2026",798,"",""
"2410","RNFI","SM",268,272,268,270,270,270.5,25800,69.76,"30-Jul-2026",20,"",""
"2411","RNPL","SM",85.75,85.95,80.15,80.15,80.15,81.9,9600,8.17,"30-Jul-2026",8,"",""
"2412","ROCKINGDCE","SM",199,205,190.6,201.55,190.6,191,6500,13.03,"30-Jul-2026",17,"",""
"2413","ROHLTD","EQ",317,323.9,309.75,311.6,310.15,318.25,33773,105.6,"30-Jul-2026",822,"",""
"2414","ROLEXRINGS","EQ",138.99,140,136.4,136.99,137.07,138.99,631287,870.46,"30-Jul-2026",7313,"",""
"2415","ROLLT","BE",2.25,2.36,2.22,2.35,2.36,2.25,188861,4.42,"30-Jul-2026",115,"",""
"2416","ROML","EQ",44.85,45.2,44.07,45.19,45.2,44.85,1661,0.75,"30-Jul-2026",16,"",""
"2417","ROSSARI","EQ",505,515.95,505,507.55,506.65,506,34354,175.12,"30-Jul-2026",1802,"",""
"2418","ROSSELLIND","EQ",58,59.38,56.67,57.82,58.37,58.57,23916,13.82,"30-Jul-2026",544,"",""
"2419","ROSSTECH","EQ",938,985.8,914.05,923.25,933,935,273742,2556.06,"30-Jul-2026",12941,"",""
"2420","ROTO","EQ",69.25,69.94,68.11,68.79,68.6,69.07,521127,359.38,"30-Jul-2026",4162,"",""
"2421","ROUTE","EQ",550,571,545.55,549.3,547.3,548.55,494682,2748.15,"30-Jul-2026",13809,"",""
"2422","ROXHITECH","SM",47.2,48,45,47.15,47.6,49.45,65600,30.83,"30-Jul-2026",35,"",""
"2423","RPEL","EQ",1299.2,1299.2,1270,1274.8,1272,1299.2,21452,274.45,"30-Jul-2026",2875,"",""
"2424","RPGLIFE","EQ",2863.4,2899.8,2770,2778.1,2787.5,2850.2,23373,657.41,"30-Jul-2026",2892,"",""
"2425","RPOWER","EQ",23.58,23.62,23.25,23.33,23.39,23.56,12241770,2860.88,"30-Jul-2026",20790,"",""
"2426","RPPINFRA","EQ",62.03,62.59,60.5,61.05,60.5,61.97,18385,11.32,"30-Jul-2026",324,"",""
"2427","RPPL","EQ",20.8,20.8,19.71,19.86,19.9,20.84,54177,10.85,"30-Jul-2026",617,"",""
"2428","RPSGVENT","EQ",939.85,970,919.95,924.25,928,940.05,41607,391.75,"30-Jul-2026",2135,"",""
"2429","RPTECH","EQ",767.55,842,764,813,812.1,773.55,1871397,15300.93,"30-Jul-2026",79045,"",""
"2430","RRIL","EQ",18.14,18.14,16.9,17.08,16.9,17.78,26022,4.51,"30-Jul-2026",165,"",""
"2431","RRKABEL","EQ",2558.9,2622,2541.1,2562.2,2562,2558.9,522489,13482.04,"30-Jul-2026",34317,"",""
"2432","RSDFIN","EQ",77.25,92.29,77,92.29,92.29,76.91,8794,7.8,"30-Jul-2026",124,"",""
"2433","RSL","EQ",142.95,144,140,142.01,141.87,140.53,185935,263.89,"30-Jul-2026",2199,"",""
"2434","RSSOFTWARE","BE",31.03,31.03,29.8,30.83,30.95,31.03,15792,4.83,"30-Jul-2026",110,"",""
"2435","RSWM","BE",212.01,216,209,210.54,210,215.71,34001,72.28,"30-Jul-2026",182,"",""
"2436","RSYSTEMS","EQ",265.6,270.39,261.15,263.47,263.97,264.19,530682,1408.84,"30-Jul-2026",13213,"",""
"2437","RTNINDIA","EQ",31.43,31.43,30.99,31.07,31.05,31.51,809784,252.42,"30-Jul-2026",3791,"",""
"2438","RTNPOWER","EQ",8.5,8.52,8.37,8.39,8.39,8.5,7834482,658.7,"30-Jul-2026",9185,"",""
"2439","RUBFILA","EQ",71.1,72.95,70.77,71.52,71.79,70.76,14431,10.39,"30-Jul-2026",203,"",""
"2440","RUBICON","EQ",1530.5,1530.5,1485,1500.2,1488,1527.6,117679,1768.71,"30-Jul-2026",10143,"",""
"2441","RUBYMILLS","BE",400,400,385.2,386.7,389,394.2,6428,25.23,"30-Jul-2026",137,"",""
"2442","RUCHINFRA","EQ",5.9,6.06,5.72,5.79,5.73,5.87,49574,2.91,"30-Jul-2026",217,"",""
"2443","RUCHIRA","EQ",106.75,108.87,106.55,106.96,107.35,108.3,10875,11.67,"30-Jul-2026",276,"",""
"2444","RUDRA","EQ",17.5,17.75,17.06,17.26,17.25,17.69,22569,3.89,"30-Jul-2026",135,"",""
"2445","RULKA","SM",110,111,108.05,111,111,106,3300,3.61,"30-Jul-2026",10,"",""
"2446","RUPA","EQ",162.1,162.99,159,161.15,162.97,161.09,69164,111.05,"30-Jul-2026",2795,"",""
"2447","RUSHIL","EQ",18.09,18.17,17.11,17.3,17.3,17.66,513996,90.32,"30-Jul-2026",1468,"",""
"2448","RUSTOMJEE","EQ",407,408.6,400.25,404.75,403.8,406.05,12976,52.34,"30-Jul-2026",880,"",""
"2449","RVHL","EQ",44.45,45.75,43.06,44.27,44.2,44.42,4500,2,"30-Jul-2026",81,"",""
"2450","RVNL","EQ",224,224.45,222.01,222.88,223.03,224.83,3000955,6684.35,"30-Jul-2026",26476,"",""
"2451","RVTH","EQ",702.05,747,698,703.65,700.05,718.7,320,2.29,"30-Jul-2026",34,"",""
"2452","S&SPOWER","EQ",316.6,328,315,317.35,319.95,317.85,1699,5.45,"30-Jul-2026",81,"",""
"2453","SAAKSHI","ST",290,302,287.85,294.4,302,303,62400,181.18,"30-Jul-2026",74,"",""
"2454","SAATVIKGL","EQ",437.85,437.85,428.15,431.1,431.35,438,33078,143.11,"30-Jul-2026",1906,"",""
"2455","SABAR","SM",5.95,6.35,5.95,6.1,6.1,6.1,40000,2.48,"30-Jul-2026",7,"",""
"2456","SABEVENTS","EQ",6.27,6.27,6.27,6.27,6.27,6.59,3870,0.24,"30-Jul-2026",18,"",""
"2457","SACHEEROME","SM",428,428,416.6,417,416.6,417.45,14700,61.83,"30-Jul-2026",40,"",""
"2458","SADBHAV","EQ",10.05,10.54,9.55,9.55,9.55,10.05,1058621,105.75,"30-Jul-2026",2331,"",""
"2459","SADBHIN","BE",2.52,2.52,2.41,2.52,2.52,2.4,219736,5.51,"30-Jul-2026",132,"",""
"2460","SADHAV","SM",113.5,118,113.5,118,118,116,16200,18.91,"30-Jul-2026",25,"",""
"2461","SADHNANIQ","BE",2.6,2.61,2.6,2.61,2.61,2.61,761484,19.86,"30-Jul-2026",270,"",""
"2462","SAFARI","EQ",1600,1600.9,1556,1563.7,1569,1600.6,12088,190.61,"30-Jul-2026",2087,"",""
"2463","SAFEENTP","SM",250,253.9,250,250.9,250,249.95,9500,23.87,"30-Jul-2026",17,"",""
"2464","SAGARDEEP","EQ",25.44,25.44,23.94,24,24.37,23.93,1861,0.45,"30-Jul-2026",70,"",""
"2465","SAGCEM","EQ",176.05,176.59,175.01,175.64,175.45,175.39,11976,21.05,"30-Jul-2026",518,"",""
"2466","SAGILITY","EQ",44.1,46.24,44.1,45.98,45.99,44.87,54778788,24916.81,"30-Jul-2026",94721,"",""
"2467","SAHAJSOLAR","SM",116.05,117.75,113,113.25,113,115.45,10400,11.94,"30-Jul-2026",25,"",""
"2468","SAHANA","SM",940,969,930,940.45,949,935.4,47375,448.06,"30-Jul-2026",196,"",""
"2469","SAHASRA","ST",307.6,309.45,301,306.55,306,309.55,10400,31.71,"30-Jul-2026",24,"",""
"2470","SAHLIBHFI","EQ",81.63,83,80,81.48,82,81.81,8256,6.77,"30-Jul-2026",129,"",""
"2471","SAHYADRI","EQ",299.9,314,298,303.9,304.25,298.4,11230,34.19,"30-Jul-2026",595,"",""
"2472","SAIFL","SM",5.05,5.1,4.95,5.05,5.05,5.05,384000,19.27,"30-Jul-2026",61,"",""
"2473","SAIL","EQ",170.7,171.36,167.6,169.05,169,170.96,11779692,19920.35,"30-Jul-2026",51581,"",""
"2474","SAILIFE","EQ",1315.9,1320,1301,1315.2,1317.2,1315.9,319657,4186.61,"30-Jul-2026",15258,"",""
"2475","SAIPARENT","EQ",554.9,554.9,533,534.95,533.1,552.65,90005,483.75,"30-Jul-2026",3673,"",""
"2476","SAJHOTELS","ST",35.7,35.7,35,35,35,36.8,18000,6.32,"30-Jul-2026",5,"",""
"2477","SAKAR","EQ",850,864.95,835,844.4,845,850,59388,505.03,"30-Jul-2026",3698,"",""
"2478","SAKHTISUG","EQ",17.05,17.05,16.67,16.77,16.75,16.78,24397,4.1,"30-Jul-2026",167,"",""
"2479","SAKSOFT","EQ",171.9,171.9,165.56,167.34,167.3,169.48,559091,938.24,"30-Jul-2026",7800,"",""
"2480","SAKUMA","EQ",1.65,1.65,1.61,1.62,1.61,1.63,561469,9.18,"30-Jul-2026",555,"",""
"2481","SALASAR","EQ",5.87,5.9,5.81,5.85,5.86,5.87,2306849,135.26,"30-Jul-2026",2163,"",""
"2482","SALONA","EQ",244.6,248.85,242,242.3,242,244.05,894,2.17,"30-Jul-2026",38,"",""
"2483","SALSTEEL","BE",63.84,63.85,59.49,59.49,59.49,62.62,107358,65.05,"30-Jul-2026",458,"",""
"2484","SALZERELEC","EQ",574.15,578.95,565.2,570.25,571.85,570.6,46035,262.95,"30-Jul-2026",2382,"",""
"2485","SAMAY","ST",41.55,41.55,41.55,41.55,41.55,41.55,4000,1.66,"30-Jul-2026",1,"",""
"2486","SAMBHAAV","EQ",6.25,6.39,6.05,6.24,6.35,6.25,13036,0.81,"30-Jul-2026",74,"",""
"2487","SAMBHV","EQ",116.6,118.95,115.01,115.64,115.85,115.81,1008338,1176.04,"30-Jul-2026",6365,"",""
"2488","SAMHI","EQ",182.72,186.6,179.28,186.07,186,181.72,1587375,2920.75,"30-Jul-2026",14906,"",""
"2489","SAMMAANCAP","EQ",162,162.1,159.6,160,160.02,162.07,2954404,4734.69,"30-Jul-2026",13564,"",""
"2490","SAMPANN","EQ",28.39,28.39,27.01,27.19,27.56,27.71,19030,5.23,"30-Jul-2026",191,"",""
"2491","SANATHAN","EQ",480.8,480.8,461,464.35,462.1,471.75,11500,53.78,"30-Jul-2026",814,"",""
"2492","SANDESH","EQ",974.2,985,965.2,966.35,965.2,973,227,2.2,"30-Jul-2026",37,"",""
"2493","SANDHAR","EQ",589.15,609.95,583.25,599.85,602.5,590.9,651689,3905.89,"30-Jul-2026",26827,"",""
"2494","SANDUMA","EQ",209,218.25,208.25,213.88,214,208.56,2644630,5691.37,"30-Jul-2026",36263,"",""
"2495","SANGAMIND","EQ",601.75,624.3,598,615.65,619.9,598.75,27405,166.7,"30-Jul-2026",1374,"",""
"2496","SANGHVIMOV","EQ",438,443.95,431,433.95,435,438.1,167950,732.86,"30-Jul-2026",5217,"",""
"2497","SANGINITA","BE",66.69,66.69,66.69,66.69,66.69,65.39,1093297,729.12,"30-Jul-2026",377,"",""
"2498","SANOFI","EQ",3420.1,3420.1,3356,3366.3,3364,3419.9,20929,707.43,"30-Jul-2026",3937,"",""
"2499","SANOFICONR","EQ",4745,4745,4600,4619.7,4603,4745.3,3161,147.3,"30-Jul-2026",1002,"",""
"2500","SANSERA","EQ",3226,3252,3171.7,3235.2,3235,3233.1,102083,3289.26,"30-Jul-2026",12023,"",""
"2501","SANSTAR","EQ",112.15,113.59,108.93,113.01,113,111.53,275252,305.87,"30-Jul-2026",4162,"",""
"2502","SANWARIA","BZ",0.21,0.21,0.2,0.2,0.21,0.2,602394,1.25,"30-Jul-2026",120,"",""
"2503","SAPPHIRE","EQ",193.68,205.06,191.23,195.25,195,193.67,3312566,6519.79,"30-Jul-2026",59949,"",""
"2504","SAPPL","EQ",305.95,305.95,291,293.2,291.3,288.05,10,0.03,"30-Jul-2026",7,"",""
"2505","SARDAEN","EQ",525,525,510.75,511.8,511,523.6,201820,1041.21,"30-Jul-2026",11890,"",""
"2506","SAREGAMA","EQ",530.95,535.9,519.85,521.4,522.75,530.45,270017,1422.83,"30-Jul-2026",11490,"",""
"2507","SARLAPOLY","EQ",99.2,99.5,97,97.84,97,99.17,34711,34.19,"30-Jul-2026",1068,"",""
"2508","SARTELE","SM",114.9,114.9,112,114.4,114,113.45,25000,28.47,"30-Jul-2026",47,"",""
"2509","SARVESHWAR","EQ",3.33,3.41,3.29,3.35,3.36,3.33,828831,27.7,"30-Jul-2026",1365,"",""
"2510","SASKEN","EQ",1818.9,1835,1744,1746.8,1749,1793.8,25198,447.27,"30-Jul-2026",2993,"",""
"2511","SATECH","SM",33.25,34.95,33.25,34.6,34.95,33.4,10000,3.44,"30-Jul-2026",9,"",""
"2512","SATIA","EQ",60.5,62.2,59.52,61.78,62,60.69,85106,51.83,"30-Jul-2026",876,"",""
"2513","SATIN","EQ",257.05,266.18,256,257.42,258.1,258.46,516445,1349.27,"30-Jul-2026",8611,"",""
"2514","SATIPOLY","ST",38.95,40,38.95,39,39,41,1500,0.59,"30-Jul-2026",3,"",""
"2515","SATKARTAR","ST",128.05,130.6,126.5,130.5,130.5,128.95,6400,8.26,"30-Jul-2026",8,"",""
"2516","SATTVAENGG","SM",78,87,78,83.3,84.65,77,107200,89.73,"30-Jul-2026",63,"",""
"2517","SAURASHCEM","EQ",57.52,57.68,56.1,56.77,56.79,57.76,40959,23.3,"30-Jul-2026",700,"",""
"2518","SAVY","SM",116.5,120,116.5,118,118,118.8,7200,8.53,"30-Jul-2026",6,"",""
"2519","SAWALIYA","SM",298,298,290,291,291,291,31200,91.04,"30-Jul-2026",32,"",""
"2520","SAYAJIHOTL","EQ",287.8,293,287.8,290.4,293,285.35,55,0.16,"30-Jul-2026",6,"",""
"2521","SBC","EQ",42.15,42.38,41.66,42.12,42.1,42.08,9316491,3927.56,"30-Jul-2026",4516,"",""
"2522","SBCL","EQ",739.9,741.65,723.05,735.95,736,739.1,126687,926.48,"30-Jul-2026",7157,"",""
"2523","SBFC","EQ",90.01,90.97,88.96,90.16,90.25,90.19,1135255,1019.56,"30-Jul-2026",25396,"",""
"2524","SBGLP","EQ",24.97,25.69,24.5,24.62,24.73,24.97,8157,2.04,"30-Jul-2026",74,"",""
"2525","SBIBPB","EQ",48.64,48.64,47.91,48.26,48.3,48.28,16389,7.89,"30-Jul-2026",307,"",""
"2526","SBICARD","EQ",660.8,662.75,653.7,657.8,658,660.5,1075151,7080.79,"30-Jul-2026",20373,"",""
"2527","SBIETFCON","EQ",123.95,125.48,122.09,124.7,124.9,123.95,10672,13.27,"30-Jul-2026",102,"",""
"2528","SBIETFIT","EQ",355,355,345,346.06,345.98,344.61,65655,230.38,"30-Jul-2026",570,"",""
"2529","SBIETFPB","EQ",283.94,283.94,279,281.09,279.01,281.45,92706,258.81,"30-Jul-2026",132,"",""
"2530","SBIETFQLTY","EQ",225.95,226.42,224.84,225.25,226.07,225.95,3492,7.88,"30-Jul-2026",50,"",""
"2531","SBIFUNDS","EQ",576.05,579.9,565.05,570.2,571,576.05,3789220,21581.81,"30-Jul-2026",100939,"",""
"2532","SBILIFE","EQ",1882.2,1910,1862.6,1877.5,1867.1,1894.9,1513264,28588.45,"30-Jul-2026",51938,"",""
"2533","SBILIQETF","EQ",1049.63,1049.63,1049.61,1049.62,1049.63,1049.48,11130,116.82,"30-Jul-2026",31,"",""
"2534","SBIMIDMOM","EQ",61.24,63.1,61.24,62.25,62,62.49,22239,13.83,"30-Jul-2026",122,"",""
"2535","SBIN","EQ",1013.5,1028.3,1007.6,1025.3,1024,1013.7,6847458,69869.67,"30-Jul-2026",137559,"",""
"2536","SBINEQWETF","EQ",33.88,34,33.37,33.84,33.62,33.78,57458,19.42,"30-Jul-2026",247,"",""
"2537","SBINMID150","EQ",23.39,23.39,23.06,23.13,23.13,23.16,17523,4.06,"30-Jul-2026",101,"",""
"2538","SBISILVER","EQ",210.88,212.1,210.05,211.92,211.99,211.87,684499,1444.59,"30-Jul-2026",6477,"",""
"2539","SBISMLETF","EQ",18.2,18.2,17.81,17.91,18.17,18.02,26492,4.78,"30-Jul-2026",144,"",""
"2540","SBIVALETF","EQ",14.88,15,14.85,14.92,15,14.74,8274,1.23,"30-Jul-2026",26,"",""
"2541","SCANSTL","EQ",58.46,63,58,60.65,60.7,59.38,1301659,793.41,"30-Jul-2026",11789,"",""
"2542","SCHAEFFLER","EQ",4168.6,4168.6,4025,4040.1,4043,4159.8,47869,1945.65,"30-Jul-2026",12128,"",""
"2543","SCHAND","EQ",144.01,146.67,144.01,144.55,144.45,146.01,13259,19.24,"30-Jul-2026",705,"",""
"2544","SCHNEIDER","EQ",1285,1305,1243,1298.4,1302,1280.9,382226,4831.64,"30-Jul-2026",30767,"",""
"2545","SCI","EQ",278.55,281.25,275.35,278.45,278.5,278.6,910358,2531.69,"30-Jul-2026",15996,"",""
"2546","SCILAL","EQ",41.58,41.7,40.66,40.81,40.9,41.34,178102,73.02,"30-Jul-2026",1336,"",""
"2547","SCML","SM",80,80,79,79,79,80,17000,13.54,"30-Jul-2026",8,"",""
"2548","SCODATUBES","EQ",148.14,148.57,144.3,145.76,145.3,147.77,61838,90.35,"30-Jul-2026",1427,"",""
"2549","SCPL","EQ",570,575.05,545,551.15,549,575,16926,94.35,"30-Jul-2026",900,"",""
"2550","SDBL","EQ",71.33,71.42,70,70.24,70.3,71.15,337014,237.14,"30-Jul-2026",3407,"",""
"2551","SDREAMS","SM",85.8,88,85.75,88,88,89,9000,7.78,"30-Jul-2026",6,"",""
"2552","SEAMECLTD","EQ",1432.7,1459,1421.2,1427.6,1421.2,1439.8,18478,265.67,"30-Jul-2026",2187,"",""
"2553","SECMARK","EQ",130,130,123.8,124.02,126.9,125.11,4143,5.18,"30-Jul-2026",42,"",""
"2554","SECURKLOUD","EQ",17.51,18,17.5,17.5,17.88,17.88,13975,2.48,"30-Jul-2026",76,"",""
"2555","SEDEMAC","EQ",2672.5,2709.9,2625,2648.8,2645,2657.8,102116,2718.21,"30-Jul-2026",15083,"",""
"2556","SEIL","EQ",208.02,211,203.37,204.29,204.45,208.03,272556,564.81,"30-Jul-2026",4532,"",""
"2557","SEJALLTD","BE",764.95,780.1,735.25,757.1,766.95,745.85,10985,82.63,"30-Jul-2026",183,"",""
"2558","SEL","SM",240,252,234.5,238.2,239.5,257.5,4200,10.13,"30-Jul-2026",16,"",""
"2559","SELECTIPO","EQ",46.67,46.88,46.52,46.74,46.85,46.95,11200,5.23,"30-Jul-2026",68,"",""
"2560","SELLOWRAP","SM",67,67,67,67,67,66.95,1600,1.07,"30-Jul-2026",1,"",""
"2561","SELMC","EQ",27.36,27.91,27.2,27.59,27.82,27.33,1622,0.45,"30-Jul-2026",57,"",""
"2562","SEMAC","BE",307.3,315,307.3,307.8,307.3,323.45,187,0.58,"30-Jul-2026",16,"",""
"2563","SENCO","EQ",412.95,412.95,403,404.85,405.7,413.4,1193415,4862.33,"30-Jul-2026",27427,"",""
"2564","SENORES","EQ",1318.3,1321.5,1279.7,1292.4,1290.8,1318.3,199488,2584.1,"30-Jul-2026",14104,"",""
"2565","SENSEXADD","EQ",80.14,80.3,79.91,80.11,80.3,80.14,816,0.65,"30-Jul-2026",22,"",""
"2566","SENSEXAXIS","EQ",80.78,80.78,80.36,80.49,80.76,80.36,4583,3.69,"30-Jul-2026",56,"",""
"2567","SENSEXBETA","EQ",868.43,868.43,852.01,860.71,860.59,852.3,1689,14.52,"30-Jul-2026",139,"",""
"2568","SENSEXETF","EQ",80,80.39,80,80.21,80.19,80,12614,10.11,"30-Jul-2026",155,"",""
"2569","SENSEXIETF","EQ",889.99,896.4,889.53,893.86,894.1,891.4,12091,107.96,"30-Jul-2026",383,"",""
"2570","SEPC","EQ",6.03,6.03,5.75,5.85,5.83,6.02,12857508,757.08,"30-Jul-2026",8872,"",""
"2571","SERVICE","SM",61,61.5,60.05,60.05,60.05,60,14000,8.55,"30-Jul-2026",7,"",""
"2572","SERVOTECH","EQ",92.48,92.51,81,81.83,82.2,92.25,3817006,3227.23,"30-Jul-2026",31940,"",""
"2573","SESHAPAPER","EQ",234.54,239.35,229,237.37,234.55,233.36,103933,242.97,"30-Jul-2026",2228,"",""
"2574","SETCO","BE",17.9,17.9,17.6,17.6,17.6,17.94,44994,7.97,"30-Jul-2026",73,"",""
"2575","SETF10GILT","EQ",266,266.31,264.16,264.29,264.16,265.79,2521,6.67,"30-Jul-2026",29,"",""
"2576","SETFGOLD","EQ",120.54,121.21,120.4,121.13,121.14,120.53,1516352,1834.07,"30-Jul-2026",7295,"",""
"2577","SETFNIF50","EQ",260.48,261.55,260,261.27,261.03,260.58,873847,2278.71,"30-Jul-2026",3109,"",""
"2578","SETFNIFBK","EQ",587.1,587.1,583.11,586.02,586.2,587.1,11620,67.96,"30-Jul-2026",1346,"",""
"2579","SETFNN50","EQ",778.54,779.49,774.64,778.64,779.48,779.76,17608,136.77,"30-Jul-2026",1942,"",""
"2580","SETL","EQ",260.35,273.7,260.3,270.25,267.8,263,268338,712.91,"30-Jul-2026",5264,"",""
"2581","SETUINFRA","BZ",0.43,0.44,0.41,0.43,0.43,0.43,50713,0.22,"30-Jul-2026",31,"",""
"2582","SEYAIND","BE",12.54,12.54,12.18,12.18,12.18,12.42,6288,0.77,"30-Jul-2026",27,"",""
"2583","SFL","EQ",787.95,797.85,770,776.3,774.65,789.35,104580,820.91,"30-Jul-2026",9272,"",""
"2584","SFML","SM",23,23.05,23,23.05,23.05,23.2,3200,0.74,"30-Jul-2026",2,"",""
"2585","SGBAPR28I","GB",14198,14200,14150,14155.2,14150,14155.71,65,9.22,"30-Jul-2026",25,"",""
"2586","SGBAUG28V","GB",14165.01,14270,14165.01,14254.38,14270,14164.9,845,120.17,"30-Jul-2026",125,"",""
"2587","SGBAUG29V","GB",14177.26,14344.99,14171,14230,14250,14248.5,200,28.54,"30-Jul-2026",44,"",""
"2588","SGBAUG30","GB",14255,14325,14255,14299.99,14299.99,14227.27,95,13.56,"30-Jul-2026",27,"",""
"2589","SGBD29VIII","GB",14131.01,14300,14131.01,14180.8,14172,14131.04,67,9.51,"30-Jul-2026",36,"",""
"2590","SGBDC27VII","GB",14143,14143,14143,14143,14143,14143,9,1.27,"30-Jul-2026",3,"",""
"2591","SGBDE30III","GB",14352.01,14574.96,14351.01,14395.57,14400,14352,223,32.08,"30-Jul-2026",54,"",""
"2592","SGBDE31III","GB",14452,14511,14444.25,14464.45,14479.97,14443.32,1239,179.33,"30-Jul-2026",168,"",""
"2593","SGBDEC26","GB",14061.08,14200,14061.08,14200,14200,14061.08,2,0.28,"30-Jul-2026",2,"",""
"2594","SGBFEB27","GB",14260,14260,14260,14260,14260,14260,8,1.14,"30-Jul-2026",1,"",""
"2595","SGBFEB28IX","GB",14200,14200,14200,14200,14200,14150,1,0.14,"30-Jul-2026",1,"",""
"2596","SGBFEB29XI","GB",14140,14349.93,14140,14213.84,14289.97,14140,54,7.67,"30-Jul-2026",23,"",""
"2597","SGBFEB32IV","GB",14550.01,14610,14522.03,14548.05,14550,14540.83,1649,240.21,"30-Jul-2026",216,"",""
"2598","SGBJAN27","GB",14100,14100,14100,14100,14100,14199.97,16,2.26,"30-Jul-2026",4,"",""
"2599","SGBJAN29IX","GB",14080,14123.99,14078,14100,14100,14078,57,8.04,"30-Jul-2026",18,"",""
"2600","SGBJAN29X","GB",14065.01,14126.01,14065.01,14111,14111,14063.4,55,7.76,"30-Jul-2026",22,"",""
"2601","SGBJAN30IX","GB",14154.02,14250.01,14130.01,14186.67,14199,14149,23,3.27,"30-Jul-2026",13,"",""
"2602","SGBJU29III","GB",14090,14199,14085.2,14176.99,14199,14110.14,13,1.84,"30-Jul-2026",7,"",""
"2603","SGBJUL28IV","GB",14099.5,14099.5,14060,14074.07,14075,14060,220,30.96,"30-Jul-2026",48,"",""
"2604","SGBJUL29IV","GB",14185,14185,14081.01,14109.6,14092,14100,37,5.22,"30-Jul-2026",17,"",""
"2605","SGBJUN28","GB",14090,14091.75,14055.01,14067.92,14091.75,14090,18,2.53,"30-Jul-2026",9,"",""
"2606","SGBJUN29II","GB",14100,14150,14085,14118,14118,14061.74,177,24.96,"30-Jul-2026",24,"",""
"2607","SGBJUN30","GB",14200,14205.05,14131,14201.69,14205.05,14193.94,36,5.1,"30-Jul-2026",20,"",""
"2608","SGBJUN31I","GB",14454.88,14499.99,14165.8,14470,14470,14454.88,322,46.58,"30-Jul-2026",90,"",""
"2609","SGBMAR28X","GB",14100,14150,14100,14150,14150,14072.5,28,3.96,"30-Jul-2026",3,"",""
"2610","SGBMAR30X","GB",14165,14200,14165,14182,14170,14130.6,49,6.95,"30-Jul-2026",12,"",""
"2611","SGBMAR31IV","GB",14525,14634.99,14315.01,14454,14435,14477.5,65,9.4,"30-Jul-2026",25,"",""
"2612","SGBMAY28","GB",14065,14100,14061.01,14075.03,14075.02,14054.41,155,21.82,"30-Jul-2026",23,"",""
"2613","SGBMAY29I","GB",14160,14170.28,14056.1,14140.14,14150,14150.92,187,26.42,"30-Jul-2026",54,"",""
"2614","SGBMR29XII","GB",14132,14179.99,14119.95,14158.56,14158.5,14102.07,245,34.65,"30-Jul-2026",43,"",""
"2615","SGBN28VIII","GB",14179,14179,14090,14120,14120,14085.25,94,13.26,"30-Jul-2026",24,"",""
"2616","SGBNV29VII","GB",14101.2,14125,14100,14125,14125,14100,67,9.45,"30-Jul-2026",21,"",""
"2617","SGBOC28VII","GB",14100,14140.98,14052,14101.15,14101.15,14089.99,222,31.3,"30-Jul-2026",33,"",""
"2618","SGBOCT27","GB",14080,14080,14031,14032,14032,14080,36,5.06,"30-Jul-2026",4,"",""
"2619","SGBOCT27VI","GB",14076,14076,14076,14076,14076,14076,8,1.13,"30-Jul-2026",1,"",""
"2620","SGBSEP27","GB",14150,14150,14150,14150,14150,14100,6,0.85,"30-Jul-2026",1,"",""
"2621","SGBSEP28VI","GB",14199.99,14199.99,14150.01,14159,14190,14091.59,8,1.13,"30-Jul-2026",5,"",""
"2622","SGBSEP29VI","GB",14100,14203,14100,14173.5,14173.5,14128.16,487,68.85,"30-Jul-2026",51,"",""
"2623","SGBSEP31II","GB",14421.55,14510,14382.19,14424.2,14417.46,14420.82,1116,161.36,"30-Jul-2026",160,"",""
"2624","SGFIN","EQ",677,681.65,657,658.8,659.9,679.6,215326,1435.36,"30-Jul-2026",7817,"",""
"2625","SGIL","EQ",590.1,599.85,590.1,596.2,598,593.15,3538,21.06,"30-Jul-2026",114,"",""
"2626","SGL","EQ",9.88,10.15,9.8,9.83,10.05,9.87,3166,0.31,"30-Jul-2026",39,"",""
"2627","SGMART","EQ",703.1,711.25,690,692.1,692.9,708.15,330057,2301.01,"30-Jul-2026",10877,"",""
"2628","SHADOWFAX","EQ",216.19,221.54,214.4,220.17,220.32,216.19,3921677,8599.82,"30-Jul-2026",78789,"",""
"2629","SHAH","EQ",3.68,3.94,3.67,3.91,3.91,3.71,4192924,160.92,"30-Jul-2026",2687,"",""
"2630","SHAHALLOYS","EQ",67.01,67.99,66,66.56,67.84,66.23,3546,2.36,"30-Jul-2026",60,"",""
"2631","SHAILY","EQ",3016.4,3050.9,2985.5,3029.1,3036,3044.2,94943,2867.66,"30-Jul-2026",9200,"",""
"2632","SHAKTIPUMP","EQ",523,527.5,517.1,523.55,524.75,523.75,458735,2403.69,"30-Jul-2026",16279,"",""
"2633","SHALBY","EQ",162,164.98,160,161.04,164,162.62,41002,66.11,"30-Jul-2026",1289,"",""
"2634","SHALPAINTS","EQ",70.08,70.08,66.65,67.24,67.91,69.42,289076,199.59,"30-Jul-2026",1666,"",""
"2635","SHANKARA","EQ",140.66,142.9,139.01,139.31,139.13,140.3,424322,595.72,"30-Jul-2026",1267,"",""
"2636","SHANTHALA","SM",17.05,18,17.05,17.55,17.55,18,4800,0.84,"30-Jul-2026",4,"",""
"2637","SHANTI","EQ",6.57,6.88,6.57,6.63,6.61,6.73,16269,1.09,"30-Jul-2026",77,"",""
"2638","SHANTIGEAR","EQ",414.95,416.45,402.05,411.45,411,418.85,20557,84.49,"30-Jul-2026",1317,"",""
"2639","SHANTIGOLD","EQ",223.16,223.16,215,216.26,215.5,223.32,692497,1508.31,"30-Jul-2026",8013,"",""
"2640","SHARDACROP","EQ",820,840,815.65,820,822,824.7,272280,2245.6,"30-Jul-2026",16337,"",""
"2641","SHARDAMOTR","EQ",843.6,894.55,831.55,855.55,857.85,843.6,397070,3438.42,"30-Jul-2026",17152,"",""
"2642","SHARDUL","BE",43.69,43.69,43.69,43.69,43.69,45.98,4275,1.87,"30-Jul-2026",34,"",""
"2643","SHAREINDIA","EQ",172.07,175.87,170.9,171.67,171.43,174.81,606084,1054.28,"30-Jul-2026",4508,"",""
"2644","SHARIABEES","EQ",467,477.2,467,474.29,475.94,472.02,12167,57.8,"30-Jul-2026",496,"",""
"2645","SHBAJRG","EQ",183,185,181.01,183.1,185,183.75,2268,4.13,"30-Jul-2026",65,"",""
"2646","SHEEL","ST",70,70,68,68,68,69.95,8000,5.56,"30-Jul-2026",4,"",""
"2647","SHEETAL","SM",291,300,291,300,300,289.65,1000,2.96,"30-Jul-2026",2,"",""
"2648","SHEKHAWATI","EQ",12.86,12.86,12.07,12.19,12.1,12.31,14384,1.76,"30-Jul-2026",97,"",""
"2649","SHEMAROO","BE",120,120,115,117.16,117.16,118.38,8753,10.25,"30-Jul-2026",76,"",""
"2650","SHERA","ST",160.05,165,160.05,165,165,164.3,11000,17.82,"30-Jul-2026",9,"",""
"2651","SHETHJI","ST",156.4,157,150.6,152.8,154,156.4,13000,19.99,"30-Jul-2026",12,"",""
"2652","SHILCTECH","EQ",4521,4521.3,4435,4492.2,4450,4534.4,16951,758.85,"30-Jul-2026",4621,"",""
"2653","SHILPAMED","EQ",606.9,613.35,601,602.95,604,604.6,242324,1470.65,"30-Jul-2026",9548,"",""
"2654","SHINDL","EQ",161.95,165,157.64,162.21,165,160.87,101931,163.28,"30-Jul-2026",895,"",""
"2655","SHIVALIK","BE",253,255.79,246,251.08,251.99,257.88,34621,86.92,"30-Jul-2026",213,"",""
"2656","SHIVAMAUTO","BE",18.45,18.45,18,18,18,18.09,34758,6.39,"30-Jul-2026",50,"",""
"2657","SHIVAMILLS","BE",62.91,62.91,62.91,62.91,62.91,61.45,1,0,"30-Jul-2026",1,"",""
"2658","SHIVASHRIT","SM",121,122.5,118.35,122.5,122.5,121,15000,18.04,"30-Jul-2026",9,"",""
"2659","SHIVATEX","EQ",161.05,167.64,161.05,164.43,166,161.05,12846,21.13,"30-Jul-2026",223,"",""
"2660","SHIVAUM","EQ",437.2,442.55,431,431,431,442.2,3879,16.87,"30-Jul-2026",116,"",""
"2661","SHK","EQ",164.22,173.1,161.71,170.01,170.6,163.44,4051061,6815.06,"30-Jul-2026",38934,"",""
"2662","SHOPERSTOP","EQ",393.6,395,383.85,390.1,387.05,392.25,30951,120.81,"30-Jul-2026",1095,"",""
"2663","SHRADHA","EQ",34.25,34.3,33.85,33.92,33.85,34.01,20353,6.94,"30-Jul-2026",78,"",""
"2664","SHREDIGCEM","EQ",71.6,73.79,71.5,73.2,72.4,72.21,133336,97.18,"30-Jul-2026",875,"",""
"2665","SHREECEM","EQ",26705,26800,25940,26455,26510,26825,10456,2768.36,"30-Jul-2026",5360,"",""
"2666","SHREEDHAR","SM",88,88,86.15,87,87,87,14000,12.26,"30-Jul-2026",7,"",""
"2667","SHREEJISPG","EQ",628,647,622.5,643.45,641,624.15,569364,3625.87,"30-Jul-2026",8912,"",""
"2668","SHREEKARNI","SM",412,412,405,405,405,404,900,3.67,"30-Jul-2026",4,"",""
"2669","SHREEOSFM","SM",54,56,54,56,56,54.05,7000,3.88,"30-Jul-2026",6,"",""
"2670","SHREEPUSHK","EQ",386.4,396.1,385.1,394.05,394,389.2,17830,69.56,"30-Jul-2026",834,"",""
"2671","SHREERAMA","EQ",39.7,39.73,38.5,38.82,38.98,38.96,29997,11.77,"30-Jul-2026",394,"",""
"2672","SHREMINVIT","IV",101,101,101,101,101,101,25000,25.25,"30-Jul-2026",1,"",""
"2673","SHRENIK","BZ",0.33,0.34,0.33,0.33,0.34,0.33,241601,0.81,"30-Jul-2026",127,"",""
"2674","SHREYANIND","EQ",141.5,143.7,138.51,139.09,140,140.8,5262,7.35,"30-Jul-2026",86,"",""
"2675","SHRIAHIMSA","ST",378,385,365,372,372,369.4,12000,44.7,"30-Jul-2026",20,"",""
"2676","SHRIKANHA","SM",22,22,21.95,22,22,22.1,6400,1.41,"30-Jul-2026",4,"",""
"2677","SHRIKRISH","EQ",40,40.99,40,40.99,40.99,40,25,0.01,"30-Jul-2026",3,"",""
"2678","SHRINGARMS","EQ",219.9,222,218.1,219.9,220,219.49,178795,393.73,"30-Jul-2026",1283,"",""
"2679","SHRIPISTON","EQ",4285.5,4369.7,4258.1,4339.5,4343.7,4315.2,29052,1254.51,"30-Jul-2026",7177,"",""
"2680","SHRIRAMFIN","EQ",1038,1051,1019.5,1027.2,1029,1044.7,5425880,55747.36,"30-Jul-2026",94602,"",""
"2681","SHRIRAMPPS","EQ",85.55,86.12,83.53,83.9,84.06,86.23,469807,396.31,"30-Jul-2026",3475,"",""
"2682","SHUBHLAXMI","SM",19,19,18.05,18.45,18.45,19,7000,1.29,"30-Jul-2026",7,"",""
"2683","SHYAMCENT","BE",5.02,5.18,4.96,5.11,5.11,5.1,34625,1.75,"30-Jul-2026",91,"",""
"2684","SHYAMDHANI","ST",55.3,56,55.1,56,56,58,20000,11.06,"30-Jul-2026",10,"",""
"2685","SHYAMMETL","EQ",1033,1038.45,1013.95,1022.3,1020,1033.6,465618,4756.25,"30-Jul-2026",12585,"",""
"2686","SHYAMTEL","BE",16,16,15.99,16,16,16,1101,0.18,"30-Jul-2026",3,"",""
"2687","SICAGEN","EQ",49,50.83,46.55,49.26,49.25,49.84,14982,7.36,"30-Jul-2026",120,"",""
"2688","SICALLOG","EQ",111.5,117.07,111.5,117.07,117.07,111.5,101791,118.57,"30-Jul-2026",634,"",""
"2689","SIDDHICOTS","SM",28.5,28.5,28.4,28.45,28.4,28.4,2400,0.68,"30-Jul-2026",2,"",""
"2690","SIDDHIKA","SM",205.05,211,204.55,211,211,209.1,4000,8.22,"30-Jul-2026",5,"",""
"2691","SIEMENS","EQ",3650.8,3665,3582.6,3658.8,3665,3650.8,214869,7792.03,"30-Jul-2026",17564,"",""
"2692","SIGACHI","BE",26.44,26.44,26.44,26.44,26.44,25.93,1381230,365.2,"30-Jul-2026",723,"",""
"2693","SIGIND","EQ",49.6,50.99,48.21,49.39,49.67,49.43,77130,38.19,"30-Jul-2026",489,"",""
"2694","SIGMA","EQ",48,52.58,47.2,48.3,47.48,45.04,2791030,1380.59,"30-Jul-2026",15290,"",""
"2695","SIGMAADV","BE",627.8,627.8,581.6,599.4,604,605.4,854299,5247.1,"30-Jul-2026",7503,"",""
"2696","SIGNATURE","EQ",824.15,824.15,803.2,813.45,812,819.6,218879,1787.88,"30-Jul-2026",7863,"",""
"2697","SIGNPOST","EQ",304.4,312.5,303.25,311.2,311.4,307.2,66751,205.42,"30-Jul-2026",2286,"",""
"2698","SIKA","EQ",1099.3,1104.9,1065.2,1077.7,1072,1105.2,19275,208.05,"30-Jul-2026",2708,"",""
"2699","SIKKO","EQ",5.13,5.38,5.13,5.24,5.25,5.11,1563818,82.4,"30-Jul-2026",1198,"",""
"2700","SIL","EQ",16.7,17.21,16.3,16.77,16.65,16.45,37376,6.29,"30-Jul-2026",387,"",""
"2701","SILGO","EQ",71.56,72.49,69.5,70.37,72.48,70.72,40021,28.09,"30-Jul-2026",934,"",""
"2702","SILINV","EQ",423,429.95,413,427.6,427.85,414.55,3507,14.67,"30-Jul-2026",69,"",""
"2703","SILKFLEX","ST",207,219.95,207,215.5,215.5,215.4,10000,21.51,"30-Jul-2026",10,"",""
"2704","SILKY","SM",73.9,74.85,70.65,74.85,74.85,70.5,4000,2.9,"30-Jul-2026",4,"",""
"2705","SILLYMONKS","EQ",16.24,16.24,14.91,15.74,15.85,15.99,17163,2.67,"30-Jul-2026",150,"",""
"2706","SILVER","EQ",215.94,215.98,213.89,215.74,215.86,215.83,686051,1474.5,"30-Jul-2026",7758,"",""
"2707","SILVER1","EQ",20.94,20.96,20.78,20.93,20.94,20.95,4716424,984.04,"30-Jul-2026",3789,"",""
"2708","SILVER360","EQ",212.4,212.7,210.48,212.19,212.7,212.6,18165,38.41,"30-Jul-2026",439,"",""
"2709","SILVERADD","EQ",205.97,209.08,205.97,208.59,207.86,208.05,261378,542.63,"30-Jul-2026",2735,"",""
"2710","SILVERAG","EQ",209.72,210.75,208.6,210.39,210.1,210.4,143864,301.73,"30-Jul-2026",1972,"",""
"2711","SILVERAXIS","EQ",214.96,215.16,213.1,214.84,214.67,214.96,767420,1643.32,"30-Jul-2026",1930,"",""
"2712","SILVERBEES","EQ",206.2,206.89,204.9,206.63,206.78,206.69,19901782,40975.84,"30-Jul-2026",60486,"",""
"2713","SILVERBETA","EQ",208.99,208.99,206.91,208.59,208.98,208.81,271484,564.34,"30-Jul-2026",3477,"",""
"2714","SILVERBND","EQ",217.72,218.55,215.5,217.1,217,217.06,5012,10.84,"30-Jul-2026",123,"",""
"2715","SILVERCASE","EQ",22.25,22.25,21.71,21.91,21.9,21.89,5762993,1257.56,"30-Jul-2026",6176,"",""
"2716","SILVERIETF","EQ",216.39,216.41,213.93,215.85,215.8,215.76,3540724,7606.56,"30-Jul-2026",19823,"",""
"2717","SILVERTUC","EQ",211.03,216.8,203.4,206.8,204.89,209.99,1089247,2312.44,"30-Jul-2026",12999,"",""
"2718","SIMBHALS","BZ",6.8,6.87,6.5,6.7,6.78,6.71,3691,0.24,"30-Jul-2026",40,"",""
"2719","SIMCA","SM",221.35,222,215.5,216.7,217,216.1,16800,36.81,"30-Jul-2026",25,"",""
"2720","SIMPLEXINF","EQ",232.1,235.9,229.95,233.3,233,234.2,36127,84.14,"30-Jul-2026",999,"",""
"2721","SINCLAIR","EQ",74.01,74.79,73.31,73.76,73.99,74.15,11946,8.83,"30-Jul-2026",465,"",""
"2722","SINDHUTRAD","EQ",24.8,24.8,23.7,24.16,24.1,24.93,775612,186.89,"30-Jul-2026",2946,"",""
"2723","SINGERIND","EQ",65.7,66,64,64.37,64.69,65.22,23427,15.19,"30-Jul-2026",471,"",""
"2724","SINTERCOM","EQ",82.65,85.9,82.5,83.62,82.7,85.51,105010,88.65,"30-Jul-2026",250,"",""
"2725","SIRCA","EQ",402.5,409.8,399,406.95,405.95,402.5,292335,1188.21,"30-Jul-2026",4426,"",""
"2726","SIS","EQ",429.7,430.7,421.8,424.25,424.1,430.45,79072,337.54,"30-Jul-2026",5213,"",""
"2727","SITINET","BZ",0.31,0.31,0.3,0.3,0.31,0.3,411667,1.26,"30-Jul-2026",192,"",""
"2728","SIYSIL","EQ",620.15,627.75,587.15,602.3,600.2,617.05,56545,344.81,"30-Jul-2026",4138,"",""
"2729","SJLOGISTIC","SM",306,309.4,301.1,305.5,305.5,305.25,7500,22.88,"30-Jul-2026",28,"",""
"2730","SJS","EQ",2347.7,2416.9,2347.7,2359,2365,2347.7,75434,1790.32,"30-Jul-2026",8850,"",""
"2731","SJVN","EQ",69.25,69.25,68.32,68.45,68.55,69.02,1086414,745.1,"30-Jul-2026",11470,"",""
"2732","SKFINDIA","EQ",1486.3,1493.8,1461,1472.4,1475,1479.4,24004,354.34,"30-Jul-2026",4810,"",""
"2733","SKFINDUS","EQ",2679.9,2697.9,2647.6,2671.6,2658.3,2667.6,20449,547.31,"30-Jul-2026",5961,"",""
"2734","SKIPPER","EQ",525.95,535.8,517.1,527.1,526.5,526.8,571319,3024.41,"30-Jul-2026",15892,"",""
"2735","SKMEGGPROD","EQ",268,272.1,246.15,249.9,250,273.5,1080923,2779.88,"30-Jul-2026",18640,"",""
"2736","SKP","SM",159,159.1,153,156.3,157,159.2,5500,8.6,"30-Jul-2026",9,"",""
"2737","SKYGOLD","EQ",657.5,663.85,632.55,638.25,638,653.5,1042358,6708.38,"30-Jul-2026",25126,"",""
"2738","SLONE","ST",138,138,132.1,136.3,138,132.1,6000,8.09,"30-Jul-2026",15,"",""
"2739","SMALL250","EQ",18.22,18.22,17.86,17.87,17.92,18.04,264307,47.35,"30-Jul-2026",863,"",""
"2740","SMALLADD","EQ",18.09,18.29,17.93,17.97,18.01,18.04,94178,17.02,"30-Jul-2026",112,"",""
"2741","SMALLCAP","EQ",47.12,47.62,46.63,46.79,46.82,47.12,1589769,744.81,"30-Jul-2026",3016,"",""
"2742","SMALLGROWW","EQ",47.62,47.63,46.72,46.99,46.95,47.16,10031,4.75,"30-Jul-2026",67,"",""
"2743","SMALLIETF","EQ",17.95,18.18,17.8,17.84,17.9,17.98,46261,8.27,"30-Jul-2026",109,"",""
"2744","SMARTEN","ST",57.5,58.05,53.3,54,54,55.3,70800,39.11,"30-Jul-2026",39,"",""
"2745","SMARTLINK","BE",207.28,207.28,198,204.93,204.7,203.23,1589,3.2,"30-Jul-2026",41,"",""
"2746","SMARTWORKS","EQ",482,485.5,464.15,469.05,467,480,157302,739.08,"30-Jul-2026",5674,"",""
"2747","SMCGLOBAL","EQ",79.9,82.6,78.4,81.54,81.2,80.03,1418168,1155.4,"30-Jul-2026",5780,"",""
"2748","SML100CASE","EQ",11.21,11.21,10.93,10.95,10.95,10.99,721606,79.17,"30-Jul-2026",1023,"",""
"2749","SMLMAH","EQ",5024,5479.2,5020.5,5479.2,5479.2,4566,1495350,78943.41,"30-Jul-2026",156858,"",""
"2750","SMLT","EQ",69.73,69.73,66.55,66.8,66.55,68.03,4193,2.84,"30-Jul-2026",177,"",""
"2751","SMSPHARMA","EQ",395.25,399.95,372.6,374.65,374,396.65,338998,1291.06,"30-Jul-2026",10166,"",""
"2752","SNOWMAN","EQ",36.1,37,35.9,36.6,36.35,36.19,346504,126,"30-Jul-2026",1310,"",""
"2753","SNXT30BEES","EQ",42.64,42.88,42.64,42.79,42.84,42.6,14778,6.32,"30-Jul-2026",46,"",""
"2754","SNXT50BETA","EQ",94.7,94.7,93,94.56,93,94.49,1491,1.41,"30-Jul-2026",61,"",""
"2755","SOBHA","EQ",1370,1372.7,1338,1344.4,1347.6,1363.7,95236,1282.91,"30-Jul-2026",8399,"",""
"2756","SOCL","ST",25.5,25.9,25.5,25.9,25.9,25.05,3200,0.82,"30-Jul-2026",2,"",""
"2757","SOFTTECH","BE",411,429.95,411,413,413,411,630,2.63,"30-Jul-2026",4,"",""
"2758","SOLARA","EQ",508.95,518.95,502.3,508,508.6,506.2,155990,798.29,"30-Jul-2026",5657,"",""
"2759","SOLARINDS","EQ",18080,18120,17855,18053,18050,18080,89635,16134.14,"30-Jul-2026",20131,"",""
"2760","SOLARWORLD","EQ",196.14,197.58,189,189.33,189,196.14,207485,396.44,"30-Jul-2026",4185,"",""
"2761","SOLEX","EQ",910,926.6,901.8,905.1,906.8,917.8,16939,153.83,"30-Jul-2026",1529,"",""
"2762","SOMANYCERA","EQ",488.6,492.85,482.1,489.1,489.95,485.9,62649,306.4,"30-Jul-2026",2893,"",""
"2763","SOMATEX","EQ",97.45,100.7,96.06,98.67,98.97,96.05,6616,6.52,"30-Jul-2026",98,"",""
"2764","SOMICONVEY","EQ",96.06,97.22,94.36,95.01,94.36,95.94,11067,10.52,"30-Jul-2026",275,"",""
"2765","SONACOMS","EQ",715.05,768,715.05,763.75,767,720.5,7777881,58246.9,"30-Jul-2026",117426,"",""
"2766","SONAL","EQ",92.69,93.69,88.06,88.18,88.06,92.69,452,0.4,"30-Jul-2026",42,"",""
"2767","SONAMAC","SM",33.5,35.5,33.5,35.25,35.25,35.25,6000,2.08,"30-Jul-2026",5,"",""
"2768","SONAMLTD","EQ",62.25,62.25,53,54.39,55.3,55.1,100898,54.84,"30-Jul-2026",1554,"",""
"2769","SONATSOFTW","EQ",317.9,327.45,307.35,308.9,308,317.45,3091015,9887.48,"30-Jul-2026",42402,"",""
"2770","SONUINFRA","ST",39.05,39.05,38.85,38.85,38.85,40.85,13500,5.25,"30-Jul-2026",7,"",""
"2771","SOTL","EQ",608.9,608.9,585.5,588.1,590,609.3,195832,1166.06,"30-Jul-2026",7696,"",""
"2772","SOUTHBANK","EQ",46.6,47.1,46.28,46.89,46.9,46.49,5193772,2428.19,"30-Jul-2026",19417,"",""
"2773","SOUTHWEST","EQ",230,231.46,225.05,225.95,225.7,229.76,70914,160.84,"30-Jul-2026",1863,"",""
"2774","SPAL","EQ",1014,1014,982,986.1,984,1009,34966,345.88,"30-Jul-2026",2832,"",""
"2775","SPANDANA","EQ",263.35,266.5,257,259.8,260.1,266.65,350877,914.38,"30-Jul-2026",7522,"",""
"2776","SPARC","EQ",212.9,215.39,207.65,208.43,208.4,213.17,953652,2006.02,"30-Jul-2026",12621,"",""
"2777","SPCENET","EQ",3.38,3.4,3.21,3.26,3.29,3.34,553288,18.17,"30-Jul-2026",661,"",""
"2778","SPCL","SM",67.15,68,66,67.4,67.1,67.9,13800,9.26,"30-Jul-2026",21,"",""
"2779","SPEB","ST",82.5,82.5,82.5,82.5,82.5,83.1,2000,1.65,"30-Jul-2026",1,"",""
"2780","SPECIALITY","EQ",131.05,134.99,129.02,133.93,134.99,132.05,24584,32.57,"30-Jul-2026",821,"",""
"2781","SPECTRUM","EQ",2478.4,2478.4,2367.2,2440,2430,2444.8,21906,529.93,"30-Jul-2026",2573,"",""
"2782","SPECTSTM","SM",68,71,68,71,71,69,3200,2.23,"30-Jul-2026",4,"",""
"2783","SPENCERS","EQ",32.56,33.43,32.39,32.61,32.6,33.27,38233,12.49,"30-Jul-2026",1014,"",""
"2784","SPIC","EQ",66.83,66.83,65.8,66.36,66.2,66.83,131321,86.97,"30-Jul-2026",1642,"",""
"2785","SPLIL","EQ",30.4,30.79,30.06,30.75,30.79,30.29,1302,0.39,"30-Jul-2026",38,"",""
"2786","SPLPETRO","EQ",734.9,734.9,700.8,703.65,704,734.1,198579,1415.82,"30-Jul-2026",9917,"",""
"2787","SPMLINFRA","EQ",196.19,196.19,189.99,192.32,193,196.19,86301,166.72,"30-Jul-2026",1966,"",""
"2788","SPORTKING","EQ",212.41,215.89,194.4,196.36,196.9,213.93,613021,1234.55,"30-Jul-2026",10442,"",""
"2789","SPPPOLY","SM",12.4,12.4,12.4,12.4,12.4,13.05,2000,0.25,"30-Jul-2026",1,"",""
"2790","SPUNWEB","SM",99.25,99.25,99.25,99.25,99.25,99.25,1200,1.19,"30-Jul-2026",1,"",""
"2791","SRD","EQ",37.92,37.92,37.12,37.72,37.92,37.92,6349,2.38,"30-Jul-2026",68,"",""
"2792","SREEL","EQ",217.02,218.46,211.86,215.03,217.1,216.24,7971,17.1,"30-Jul-2026",356,"",""
"2793","SRF","EQ",2640,2640,2595.7,2604.8,2607,2643.8,366977,9583.79,"30-Jul-2026",20743,"",""
"2794","SRGHFL","EQ",285,304.55,281.1,292.2,292.85,293.5,17506,50.25,"30-Jul-2026",222,"",""
"2795","SRHHYPOLTD","EQ",475.5,487.9,475.5,486.5,487.9,481.45,1801,8.69,"30-Jul-2026",172,"",""
"2796","SRM","EQ",505,508.75,496,498.2,500,505.2,41337,206.8,"30-Jul-2026",1747,"",""
"2797","SRTL","EQ",40.41,40.9,39.2,39.53,39.9,40.8,41525,16.56,"30-Jul-2026",462,"",""
"2798","SSDL","EQ",53,54.99,52.81,53.68,53,53.42,38302,20.53,"30-Jul-2026",556,"",""
"2799","SSEGL","SM",331,340,313.5,316.9,314.05,327.5,57000,186.16,"30-Jul-2026",207,"",""
"2800","SSFL","ST",244.05,252,242,248.65,251.95,253.5,6000,14.8,"30-Jul-2026",11,"",""
"2801","SSFLPP","E1",140.75,143.45,136.65,142.45,142.45,141.45,896,1.26,"30-Jul-2026",24,"",""
"2802","SSWL","EQ",298.85,304.2,295.65,297.19,297.01,297.78,616804,1850.76,"30-Jul-2026",10024,"",""
"2803","STALLION","EQ",244.28,248.74,239.76,244.25,242.7,244.34,1611510,3935.32,"30-Jul-2026",19119,"",""
"2804","STANLEY","EQ",157.24,157.79,154.1,154.64,154.1,156.72,62272,96.5,"30-Jul-2026",1900,"",""
"2805","STAR","EQ",1059.6,1094.4,1059.6,1072.8,1076.3,1060,136134,1469.98,"30-Jul-2026",13503,"",""
"2806","STARCEMENT","EQ",203.46,203.46,200.1,202.53,202.5,203.26,123814,250.45,"30-Jul-2026",2168,"",""
"2807","STARHEALTH","EQ",615.35,624.9,598.85,610.4,607.5,598.85,2469630,15088.42,"30-Jul-2026",69602,"",""
"2808","STARPAPER","EQ",146.2,150.3,146.2,148.59,148,148.61,5715,8.5,"30-Jul-2026",91,"",""
"2809","STARTECK","EQ",268.55,273.45,260.05,266.7,260.05,263.85,7223,19.21,"30-Jul-2026",77,"",""
"2810","STCINDIA","EQ",118.01,119.47,117,117.35,117.45,119,14654,17.3,"30-Jul-2026",365,"",""
"2811","STEELCAS","EQ",307.9,320,299.8,318.05,320,305.4,221233,694.39,"30-Jul-2026",8201,"",""
"2812","STEELCITY","EQ",75,75.8,75,75.34,75.55,75.08,1243,0.94,"30-Jul-2026",76,"",""
"2813","STEELXIND","EQ",11.23,11.27,11.1,11.12,11.15,11.23,623957,69.55,"30-Jul-2026",1414,"",""
"2814","STEL","EQ",540.1,565.7,540.1,560.05,560,551.25,6617,36.93,"30-Jul-2026",274,"",""
"2815","STERTOOLS","BE",241,249,235,246.24,249,239.27,19137,46.58,"30-Jul-2026",344,"",""
"2816","STLNETWORK","BE",23,24.5,23,23.87,23.65,23.6,544432,129.46,"30-Jul-2026",1111,"",""
"2817","STLTECH","BE",516.9,534.8,497.3,530.55,526.3,519.95,2210283,11467.86,"30-Jul-2026",27681,"",""
"2818","STOVEKRAFT","EQ",814.65,815.05,796.5,801.2,802,807.2,96982,782.98,"30-Jul-2026",5198,"",""
"2819","STUDDS","EQ",441.9,451.7,435.35,441.2,441,443,56026,248.37,"30-Jul-2026",2041,"",""
"2820","STUDIOLSD","SM",9.1,9.1,9.1,9.1,9.1,9,4000,0.36,"30-Jul-2026",2,"",""
"2821","STYL","EQ",345.05,362,343,345.3,348.2,350.85,187808,663.64,"30-Jul-2026",7078,"",""
"2822","STYLAMIND","EQ",3340,3388.2,3291.9,3359.4,3364.2,3366.6,43831,1459.07,"30-Jul-2026",9749,"",""
"2823","STYLEBAAZA","BE",269,273.9,263.1,264.55,265.5,269.7,67931,181.16,"30-Jul-2026",976,"",""
"2824","STYRENIX","EQ",2476,2500,2423,2457.6,2430,2482.5,33718,830.83,"30-Jul-2026",5401,"",""
"2825","SUBAHOTELS","SM",107.05,107.9,105.7,107.9,107.9,109.2,12000,12.85,"30-Jul-2026",10,"",""
"2826","SUBEXLTD","BE",12,12.24,11.5,11.75,11.77,12.03,826487,96.88,"30-Jul-2026",1224,"",""
"2827","SUBROS","EQ",784,788.25,777.1,783.3,780,786.55,18824,147.24,"30-Jul-2026",1523,"",""
"2828","SUDARCOLOR","EQ",362.65,368.25,350.05,353.9,352.95,361.9,6374,22.94,"30-Jul-2026",626,"",""
"2829","SUDARSCHEM","EQ",1029.7,1029.7,1004.1,1008.1,1009.45,1030.8,362237,3676.78,"30-Jul-2026",6432,"",""
"2830","SUDEEPPHRM","EQ",879,879,852.95,856.25,859.5,879.15,108069,935.22,"30-Jul-2026",7461,"",""
"2831","SUKHJITS","EQ",163,165.44,159.05,160.31,159.98,157.9,40691,65.72,"30-Jul-2026",737,"",""
"2832","SULA","EQ",167.33,171.5,165,167.87,166.22,167.33,783392,1325.07,"30-Jul-2026",11834,"",""
"2833","SUMEETINDS","EQ",23.46,23.46,23.46,23.46,23.46,24.69,31773,7.45,"30-Jul-2026",178,"",""
"2834","SUMICHEM","EQ",497.8,510.4,488.25,508.4,508,501.7,1278843,6389.41,"30-Jul-2026",34437,"",""
"2835","SUMIT","BE",51.5,53,51.5,52.48,52.48,51.9,18835,9.8,"30-Jul-2026",65,"",""
"2836","SUMMITSEC","EQ",1507,1514.8,1497.2,1509.9,1512,1508,527,7.94,"30-Jul-2026",159,"",""
"2837","SUNCLAY","EQ",1270,1282.3,1229.4,1235.9,1239,1277.8,8866,110.5,"30-Jul-2026",1096,"",""
"2838","SUNDARAM","EQ",1.28,1.28,1.2,1.24,1.24,1.28,681232,8.48,"30-Jul-2026",359,"",""
"2839","SUNDARMFIN","EQ",4479.9,4504.5,4424.6,4490.9,4487.3,4480.1,31555,1411.68,"30-Jul-2026",9077,"",""
"2840","SUNDRMBRAK","BE",793,793,767,780,780,794.65,375,2.91,"30-Jul-2026",34,"",""
"2841","SUNDRMFAST","EQ",968.15,976.4,957.35,966.15,960.7,960.95,63391,614.46,"30-Jul-2026",4749,"",""
"2842","SUNDROP","EQ",681.2,681.2,671.1,672.6,672.55,679.5,4007,26.97,"30-Jul-2026",244,"",""
"2843","SUNFLAG","EQ",363,364.8,355.05,357.8,356.25,359.4,90632,325.79,"30-Jul-2026",2067,"",""
"2844","SUNLITE","ST",442,459.95,441,458.35,459.95,446.2,11700,52.9,"30-Jul-2026",36,"",""
"2845","SUNPHARMA","EQ",1993.1,2017.3,1988,2001.1,2005,1989.9,2224264,44644.6,"30-Jul-2026",125242,"",""
"2846","SUNREST","SM",35.5,35.5,35.5,35.5,35.5,35,1600,0.57,"30-Jul-2026",1,"",""
"2847","SUNTECH","ST",30.3,33.35,30.3,33,33,31.8,33600,11.04,"30-Jul-2026",14,"",""
"2848","SUNTECK","EQ",310.9,310.9,302.15,303.5,303.7,309.1,183160,556.72,"30-Jul-2026",3698,"",""
"2849","SUNTV","EQ",512,519.8,509,511.5,511,512.85,199274,1025.4,"30-Jul-2026",13065,"",""
"2850","SUPERHOUSE","EQ",159.57,159.57,156.5,157.11,156.5,158.24,1911,3.02,"30-Jul-2026",82,"",""
"2851","SUPERSPIN","BE",5.9,5.91,5.89,5.91,5.91,5.8,22488,1.33,"30-Jul-2026",17,"",""
"2852","SUPRAJIT","EQ",493.5,504,492.6,499.45,500,493.5,120923,603.67,"30-Jul-2026",6030,"",""
"2853","SUPREME","EQ",44.51,49.21,44.51,45.3,45.06,44.84,184361,86.33,"30-Jul-2026",1383,"",""
"2854","SUPREMEENG","BZ",2.05,2.05,2.05,2.05,2.05,2.01,209461,4.29,"30-Jul-2026",59,"",""
"2855","SUPREMEIND","EQ",3487.7,3534,3430,3459.9,3455,3479.3,127628,4436.15,"30-Jul-2026",16530,"",""
"2856","SUPREMEINF","EQ",82.15,86,81,85.34,85.95,82.78,44597,37.37,"30-Jul-2026",1408,"",""
"2857","SUPREMEPWR","SM",213,214,205,206.25,206,211,28000,58.09,"30-Jul-2026",45,"",""
"2858","SUPRIYA","EQ",859.6,874,850.5,859.9,859.7,859.6,162481,1404.91,"30-Jul-2026",13121,"",""
"2859","SURAJEST","EQ",196,196.9,194,194.85,194,195.32,13103,25.56,"30-Jul-2026",428,"",""
"2860","SURAJLTD","EQ",225.27,226,220,223.95,223.95,224.15,43,0.1,"30-Jul-2026",14,"",""
"2861","SURAKSHA","EQ",248.85,252.85,246.05,247.1,246.5,248.85,25705,64.1,"30-Jul-2026",1853,"",""
"2862","SURANASOL","EQ",26.13,26.59,26.06,26.27,26.2,26.37,70497,18.52,"30-Jul-2026",520,"",""
"2863","SURANAT&P","EQ",17.77,19.12,17.49,17.75,18.17,17.77,75110,13.6,"30-Jul-2026",864,"",""
"2864","SURANI","SM",100.5,100.5,100.5,100.5,100.5,100.5,200,0.2,"30-Jul-2026",1,"",""
"2865","SURYALA","EQ",427.5,429.6,403.25,406.5,407.8,429.6,10413,42.63,"30-Jul-2026",263,"",""
"2866","SURYALAXMI","EQ",57,61,56.29,59.13,59.49,57.07,6043,3.57,"30-Jul-2026",86,"",""
"2867","SURYAROSNI","EQ",237.4,241,237.1,239.1,239.9,239.35,137318,328.06,"30-Jul-2026",3622,"",""
"2868","SURYODAY","EQ",163.5,164.49,158.52,161.65,161.46,162.33,1396933,2248.01,"30-Jul-2026",12606,"",""
"2869","SUTLEJTEX","BE",38.28,38.98,38,38.03,38,38.09,19663,7.49,"30-Jul-2026",44,"",""
"2870","SUVEN","EQ",311.95,311.95,297.55,299.25,298.1,313.35,446827,1350.84,"30-Jul-2026",11427,"",""
"2871","SUVIDHAA","EQ",2.54,2.58,2.47,2.55,2.58,2.54,107270,2.71,"30-Jul-2026",182,"",""
"2872","SUYOG","EQ",877.4,894.95,850.4,860.75,850.55,875.2,12938,111.63,"30-Jul-2026",796,"",""
"2873","SUZLON","EQ",47.5,47.88,46.22,47.4,47.41,47.45,116150327,54730.18,"30-Jul-2026",164112,"",""
"2874","SVLL","BE",731.65,735,731.65,735,735,746.55,2502,18.38,"30-Jul-2026",25,"",""
"2875","SVPGLOB","BE",3.74,3.88,3.52,3.71,3.72,3.7,71102,2.57,"30-Jul-2026",66,"",""
"2876","SWANCORP","EQ",309.2,310.2,305.1,306.65,305.1,310.25,733340,2256.6,"30-Jul-2026",8396,"",""
"2877","SWANDEF","BE",2339,2450,2260,2435,2440,2334.1,70824,1717.81,"30-Jul-2026",915,"",""
"2878","SWARAJ","SM",368,368,355.55,361.95,358.5,364.1,79000,284.58,"30-Jul-2026",89,"",""
"2879","SWARAJENG","EQ",3567.8,3670,3560,3607.5,3605,3567.8,16356,593.07,"30-Jul-2026",2100,"",""
"2880","SWASTIK","ST",19,19.35,19,19.35,19.35,19,2400,0.46,"30-Jul-2026",2,"",""
"2881","SWELECTES","EQ",607.7,608.5,598.05,601.55,604,608.85,7073,42.65,"30-Jul-2026",530,"",""
"2882","SWIGGY","EQ",285.99,298.85,281.23,295.91,293.8,287.34,42221706,122748.27,"30-Jul-2026",248144,"",""
"2883","SWSOLAR","EQ",208.67,208.67,203.16,203.98,203.9,209.27,1007034,2061.71,"30-Jul-2026",11398,"",""
"2884","SYMPHONY","EQ",694.05,695.95,678,683.5,680,693.95,60700,416.44,"30-Jul-2026",4776,"",""
"2885","SYNCOMF","EQ",13.2,13.26,12.98,13.01,13.05,13.21,769068,100.55,"30-Jul-2026",3084,"",""
"2886","SYNGENE","EQ",391,405,375.25,399.2,400,414.25,14967558,58109.9,"30-Jul-2026",240234,"",""
"2887","SYRMA","EQ",1379,1468,1361,1377.8,1372.8,1343.4,9950655,140385.25,"30-Jul-2026",313957,"",""
"2888","SYSTANGO","SM",219.1,219.1,214,214.45,214,218.05,8400,18.05,"30-Jul-2026",19,"",""
"2889","SYSTMTXC","BE",60,60.8,59,60.1,60.1,58.62,2012,1.2,"30-Jul-2026",28,"",""
"2890","TAALTECH","EQ",3966.9,3979.8,3930,3960,3962,3970.2,398,15.73,"30-Jul-2026",127,"",""
"2891","TAC","SM",482,493.55,468,473.35,477.95,488.95,41400,197.71,"30-Jul-2026",168,"",""
"2892","TAINWALCHM","EQ",196.2,202.51,196.2,199.79,199,196.2,2993,5.99,"30-Jul-2026",100,"",""
"2893","TAJGVK","EQ",359.95,367.3,357.65,360.85,361.8,359.95,80891,294.03,"30-Jul-2026",3809,"",""
"2894","TAKE","EQ",21.2,21.2,19.82,20.57,20.8,20.75,813788,167.23,"30-Jul-2026",1161,"",""
"2895","TALBROAUTO","EQ",398.1,401.85,393.65,399.05,398.3,398.1,76151,302.88,"30-Jul-2026",2835,"",""
"2896","TAMBOLIIN","BE",210.05,220.8,210.05,216,216,220.85,3754,8.1,"30-Jul-2026",37,"",""
"2897","TANKUP","ST",1180,1180,1150,1150,1150,1168,750,8.78,"30-Jul-2026",3,"",""
"2898","TANLA","EQ",610,626.85,591,593.05,593.9,610.9,1203109,7319.68,"30-Jul-2026",29727,"",""
"2899","TAPIFRUIT","SM",50,50,50,50,50,50,750,0.38,"30-Jul-2026",1,"",""
"2900","TARACHAND","EQ",54.02,55,53.96,54.59,55,54.02,27043,14.69,"30-Jul-2026",568,"",""
"2901","TARAPUR","EQ",16.28,16.87,15.8,15.82,15.81,16.34,31710,5.09,"30-Jul-2026",220,"",""
"2902","TARC","EQ",133.9,134.78,131.5,133.97,134,134.16,335741,447.28,"30-Jul-2026",3693,"",""
"2903","TARIL","EQ",299.45,299.7,292.65,293.55,293.5,298,640654,1888.71,"30-Jul-2026",13324,"",""
"2904","TARMAT","EQ",50.4,51.39,49.31,49.5,50,50.33,2618,1.31,"30-Jul-2026",46,"",""
"2905","TARSONS","EQ",323.2,323.2,311.65,316.45,317.7,320,47354,149.73,"30-Jul-2026",1462,"",""
"2906","TASTYBITE","EQ",9189,9299,9025,9052.5,9067.5,9300,1159,105.95,"30-Jul-2026",482,"",""
"2907","TATACAP","EQ",361.05,362.75,355.25,360.9,361.15,361.8,1349416,4854.64,"30-Jul-2026",41265,"",""
"2908","TATACHEM","EQ",679.05,679.3,667.9,670.3,668.7,679.05,272318,1833.16,"30-Jul-2026",11399,"",""
"2909","TATACOMM","EQ",1781.2,1805,1758.1,1773.7,1768.7,1780.7,176583,3141.44,"30-Jul-2026",17935,"",""
"2910","TATACONSUM","EQ",1096.1,1108.9,1090.4,1094.2,1095,1096.1,1677784,18416.41,"30-Jul-2026",62865,"",""
"2911","TATAELXSI","EQ",3670,3721.1,3641.2,3658.3,3654.8,3673.4,376269,13833.82,"30-Jul-2026",28208,"",""
"2912","TATAGOLD","EQ",13.75,13.82,13.72,13.79,13.82,13.74,35285680,4859.17,"30-Jul-2026",50366,"",""
"2913","TATAINVEST","EQ",678,683.35,673.6,678.65,676,675.75,268304,1819.07,"30-Jul-2026",21274,"",""
"2914","TATAPOWER","EQ",377.2,377.9,374.25,375.95,376,377.25,2740317,10304.56,"30-Jul-2026",50721,"",""
"2915","TATASTEEL","EQ",188.01,188.99,186.1,186.92,186.99,187.27,13769746,25768.32,"30-Jul-2026",103471,"",""
"2916","TATATECH","EQ",742.4,777,741.5,751.35,752,742.4,2602699,19877.82,"30-Jul-2026",70374,"",""
"2917","TATSILV","EQ",21,21.03,20.83,21,21.02,21,29002325,6067.64,"30-Jul-2026",39305,"",""
"2918","TATVA","EQ",1747.1,1747.1,1662.5,1680.2,1679,1744.4,66477,1127.09,"30-Jul-2026",6884,"",""
"2919","TAURIAN","SM",380,398.8,375.8,386.5,387.5,368.7,50400,194.9,"30-Jul-2026",54,"",""
"2920","TBI","SM",61.25,62.85,61.1,62.6,62.5,61.35,4800,2.98,"30-Jul-2026",8,"",""
"2921","TBOTEK","EQ",1555,1555,1470.8,1498.5,1505,1522.6,1541761,23400.38,"30-Jul-2026",65246,"",""
"2922","TBZ","EQ",274.9,286.89,271.32,279.57,276.67,274.48,2094110,5865.25,"30-Jul-2026",34645,"",""
"2923","TCC","EQ",283.95,299.9,276.7,286.35,287.55,275.5,102723,299.24,"30-Jul-2026",6000,"",""
"2924","TCI","EQ",919.3,954.9,910,931.15,940,917,269738,2508.51,"30-Jul-2026",15741,"",""
"2925","TCIEXP","EQ",545.95,549.15,530.6,535.6,537.8,545.95,19995,107.45,"30-Jul-2026",1833,"",""
"2926","TCIFINANCE","BE",14.85,15.44,14.6,14.99,15,15.15,15320,2.31,"30-Jul-2026",92,"",""
"2927","TCL","SM",112.75,115.3,110,114.65,115,110,36800,42.03,"30-Jul-2026",22,"",""
"2928","TCPLPACK","EQ",3150,3230.4,3132,3155.4,3140,3183.1,2534,80.11,"30-Jul-2026",505,"",""
"2929","TCS","EQ",2440,2495,2423,2431.8,2434,2446.6,4901582,120557.19,"30-Jul-2026",168548,"",""
"2930","TDPOWERSYS","EQ",1036,1068.5,930,1057.2,1060.6,1036,4896191,49472.36,"30-Jul-2026",226240,"",""
"2931","TEAMGTY","EQ",229.8,229.8,214,219.4,226.5,217.22,2594,5.65,"30-Jul-2026",85,"",""
"2932","TEAMLEASE","EQ",1299,1299,1261.7,1266.1,1270,1299.2,38297,488.88,"30-Jul-2026",4487,"",""
"2933","TEAMTECH","ST",115,120,114,119,119,116.1,10000,11.66,"30-Jul-2026",5,"",""
"2934","TECH","EQ",34.5,34.85,33.57,34.17,34.18,33.91,214889,74.55,"30-Jul-2026",439,"",""
"2935","TECHD","ST",606,618.65,604.05,604.05,604.05,606,8700,53.43,"30-Jul-2026",29,"",""
"2936","TECHERA","SM",149.65,149.95,144.05,144.95,144.05,147.25,42400,62.09,"30-Jul-2026",47,"",""
"2937","TECHLABS","ST",123.15,127.95,122.25,127,127,126.9,8500,10.57,"30-Jul-2026",39,"",""
"2938","TECHM","EQ",1649,1686.6,1638.1,1669,1661.4,1644.2,4167643,69769.65,"30-Jul-2026",117264,"",""
"2939","TECHNOE","EQ",1001,1002.7,963,967.2,965,988.8,169041,1645.05,"30-Jul-2026",13870,"",""
"2940","TECHNVISN","EQ",4673.8,4751.9,4620.1,4734.6,4672,4798.3,421,19.74,"30-Jul-2026",149,"",""
"2941","TECILCHEM","EQ",9.65,10.01,9.65,9.65,9.65,9.84,1452,0.14,"30-Jul-2026",32,"",""
"2942","TEGA","EQ",1510,1522.5,1473,1477.4,1479.9,1504.4,91138,1356.56,"30-Jul-2026",8810,"",""
"2943","TEJA","SM",666,668,652,654.45,653,658.1,21600,142.1,"30-Jul-2026",30,"",""
"2944","TEJASNET","EQ",518,518.05,505.25,507.1,506.5,520,1031234,5275.63,"30-Jul-2026",21569,"",""
"2945","TEMBO","EQ",559.9,571,559.9,565.8,564.25,559.9,109167,617.44,"30-Jul-2026",2603,"",""
"2946","TENNIND","EQ",540.5,543.9,534.75,538.9,538.15,538.6,165310,891.08,"30-Jul-2026",9536,"",""
"2947","TERASOFT","EQ",397,397,375.05,380.05,378.1,383.55,6092,23.29,"30-Jul-2026",319,"",""
"2948","TEXINFRA","EQ",115.28,115.93,114,114.74,115,114.89,41906,47.95,"30-Jul-2026",360,"",""
"2949","TEXMOPIPES","EQ",43.9,43.9,42.1,42.55,42.66,43.23,16468,7,"30-Jul-2026",222,"",""
"2950","TEXRAIL","EQ",111.7,111.95,110.01,110.39,110.51,112.36,728639,806.44,"30-Jul-2026",6475,"",""
"2951","TFCILTD","EQ",100,102.09,99.25,101,101.32,100.57,7891848,7944.99,"30-Jul-2026",18647,"",""
"2952","TFL","EQ",11.4,11.44,11.02,11.38,11.39,11.22,5461,0.62,"30-Jul-2026",35,"",""
"2953","TGBHOTELS","EQ",9.62,9.79,9.35,9.63,9.66,9.62,16451,1.58,"30-Jul-2026",169,"",""
"2954","TGL","ST",19.3,19.85,18.4,18.5,18.4,19.35,10000,1.86,"30-Jul-2026",36,"",""
"2955","THACKER","BE",1030,1039.7,1000,1002.8,1039.7,1011,15,0.15,"30-Jul-2026",5,"",""
"2956","THANGAMAYL","EQ",6100,6120,5807,5807,5807,6452,334882,19570.36,"30-Jul-2026",19558,"",""
"2957","THEINVEST","EQ",97.68,97.99,94.61,94.73,94.61,96.72,7159,6.83,"30-Jul-2026",133,"",""
"2958","THEJO","EQ",1880.5,1930,1870.2,1900.6,1874,1889.4,2254,42.77,"30-Jul-2026",485,"",""
"2959","THELEELA","EQ",470.1,474,463.1,468.1,466,471.65,148857,697.1,"30-Jul-2026",11985,"",""
"2960","THEMISMED","EQ",107.12,107.39,103.38,104.19,104.65,107.28,37032,38.92,"30-Jul-2026",729,"",""
"2961","THERMAX","EQ",4366,4366,4238.5,4251.5,4250,4378,119584,5116.72,"30-Jul-2026",23137,"",""
"2962","THESL","ST",18,19,18,19,19,18.1,12000,2.24,"30-Jul-2026",4,"",""
"2963","THOMASCOOK","EQ",99.89,100.3,98.75,99.33,99,99.84,422620,420.09,"30-Jul-2026",3912,"",""
"2964","THOMASCOTT","EQ",303.6,309.45,295.1,298.1,302.8,302.05,13673,41.12,"30-Jul-2026",822,"",""
"2965","THYROCARE","EQ",579,599,579,591.45,590,580,640060,3794.33,"30-Jul-2026",23386,"",""
"2966","TI","EQ",467.05,476.75,459.2,467.1,467.95,465.4,1494239,7007.52,"30-Jul-2026",30128,"",""
"2967","TICL","BE",9.3,9.39,9,9.36,9.35,9.03,54906,5.07,"30-Jul-2026",109,"",""
"2968","TIGERLOGS","BE",30.01,30.01,28.83,28.98,29,30.01,85002,24.81,"30-Jul-2026",479,"",""
"2969","TIIL","EQ",2550.6,2580,2522,2556.3,2548.5,2544.2,4110,104.9,"30-Jul-2026",857,"",""
"2970","TIINDIA","EQ",2798.9,2798.9,2665.6,2688.8,2692,2786.7,818361,22254.77,"30-Jul-2026",56391,"",""
"2971","TIJARIA","EQ",4.76,4.95,4.56,4.58,4.63,4.74,151700,7.16,"30-Jul-2026",193,"",""
"2972","TIL","EQ",269,271.94,238.2,241.56,242,262.48,7263850,18674.07,"30-Jul-2026",78060,"",""
"2973","TIMESCAN","SM",38.05,40.35,38.05,40.35,40.35,39,8000,3.15,"30-Jul-2026",4,"",""
"2974","TIMETECHNO","EQ",216.9,216.9,207.01,208.36,209.19,216.36,3553226,7590.56,"30-Jul-2026",29513,"",""
"2975","TIMEX","EQ",533.8,553,515,530.5,531,553.75,1081723,5772.94,"30-Jul-2026",39867,"",""
"2976","TIMKEN","EQ",3098.9,3148,3090.8,3097.6,3095,3096.6,27984,873,"30-Jul-2026",9247,"",""
"2977","TINNARUBR","EQ",1106.55,1110.8,1032,1042.15,1039,1101.05,132108,1387.7,"30-Jul-2026",10888,"",""
"2978","TIPSFILMS","EQ",401.05,413.95,376.6,387.3,385.1,408.4,55027,215.26,"30-Jul-2026",2083,"",""
"2979","TIPSMUSIC","EQ",680.5,682,661.2,664.9,664,685,284922,1904.34,"30-Jul-2026",14743,"",""
"2980","TIRUMALCHM","EQ",169.46,172,167.68,168.87,168,169.46,394790,666.05,"30-Jul-2026",2899,"",""
"2981","TIRUPATI","SM",377.7,377.7,377.7,377.7,377.7,397.55,3500,13.22,"30-Jul-2026",10,"",""
"2982","TIRUPATIFL","BE",72.67,74.8,69.04,70.41,70.7,72.67,319824,224.62,"30-Jul-2026",1509,"",""
"2983","TITAGARH","EQ",832.25,833,822.2,824.8,825,833.85,164724,1361.66,"30-Jul-2026",10193,"",""
"2984","TITAN","EQ",4820.9,4869.9,4820.9,4850,4843.9,4850.2,777361,37675.04,"30-Jul-2026",81317,"",""
"2985","TMB","EQ",874.9,878.3,844.9,851.75,852,865.2,414923,3565.34,"30-Jul-2026",17567,"",""
"2986","TMCV","EQ",411,417,409.2,414.95,415.5,411.4,6362287,26275.74,"30-Jul-2026",72360,"",""
"2987","TMPV","EQ",328.2,335,328.05,334.2,334.9,329.8,6078600,20198.23,"30-Jul-2026",73449,"",""
"2988","TNIDETF","EQ",89.2,89.7,88.03,88.95,89.2,89.2,119419,106.61,"30-Jul-2026",838,"",""
"2989","TNPETRO","EQ",94.12,98.5,93.7,97.97,98.1,94.12,234325,227.7,"30-Jul-2026",3443,"",""
"2990","TNPL","EQ",150,151.65,148.71,149.46,149,150.38,150898,226.54,"30-Jul-2026",2000,"",""
"2991","TNTELE","EQ",9.28,9.28,8.96,9.01,8.98,8.88,13821,1.24,"30-Jul-2026",82,"",""
"2992","TOKYOPLAST","BE",79.2,79.2,76.5,76.9,76.5,79.1,137,0.11,"30-Jul-2026",3,"",""
"2993","TOLINS","EQ",102.96,103.34,101.2,101.91,102.5,103.02,30119,30.77,"30-Jul-2026",589,"",""
"2994","TOP100CASE","EQ",10.71,10.71,10.48,10.66,10.68,10.61,350450,37.28,"30-Jul-2026",795,"",""
"2995","TOP10ADD","EQ",89.29,89.3,88.5,88.75,88.88,88.88,350563,310.78,"30-Jul-2026",551,"",""
"2996","TOP15IETF","EQ",9.95,10,9.94,9.98,9.99,9.95,102059,10.18,"30-Jul-2026",157,"",""
"2997","TOP20","EQ",9,9.04,8.99,9.01,9.01,9,86565,7.8,"30-Jul-2026",105,"",""
"2998","TORNTPHARM","EQ",4878.5,4951.8,4862,4872.1,4890,4878.5,790538,38761.81,"30-Jul-2026",53069,"",""
"2999","TORNTPOWER","EQ",1430,1430,1413.2,1423.5,1424,1431.1,496219,7044.33,"30-Jul-2026",29725,"",""
"3000","TOTAL","EQ",49.8,49.8,48.1,49.2,48.45,48.55,1547,0.76,"30-Jul-2026",45,"",""
"3001","TOUCHWOOD","EQ",66.01,66.82,66,66.51,66.73,66.16,676,0.45,"30-Jul-2026",39,"",""
"3002","TPHQ","EQ",0.42,0.43,0.41,0.42,0.43,0.41,2313459,9.72,"30-Jul-2026",285,"",""
"3003","TPLPLASTEH","EQ",79.43,79.9,78.25,79.41,79.9,79.04,117078,92.57,"30-Jul-2026",1244,"",""
"3004","TRACXN","EQ",29.93,30.28,29.7,29.99,29.86,29.95,77192,23.12,"30-Jul-2026",395,"",""
"3005","TRANSPEK","EQ",1042.9,1130,1025,1101.1,1128,1044.75,12541,135.03,"30-Jul-2026",1387,"",""
"3006","TRANSRAILL","EQ",497.75,497.75,486.5,489.15,487.3,497.75,184548,906.99,"30-Jul-2026",6665,"",""
"3007","TRANSTEEL","SM",119.6,122.9,117.3,122.6,120.35,120.2,134000,163.97,"30-Jul-2026",26,"",""
"3008","TRANSWORLD","BE",164.99,164.99,158.1,162,162,163.44,1639,2.65,"30-Jul-2026",35,"",""
"3009","TRAVELFOOD","EQ",1297,1300,1275,1279.2,1285,1287.5,8162,104.82,"30-Jul-2026",2226,"",""
"3010","TREEHOUSE","EQ",6.3,6.41,6.18,6.21,6.2,6.3,5480,0.34,"30-Jul-2026",47,"",""
"3011","TREJHARA","EQ",138.9,138.9,134.49,134.85,135,136.82,3313,4.47,"30-Jul-2026",221,"",""
"3012","TREL","EQ",24.85,24.85,23.54,23.99,23.9,24.41,71333,17.22,"30-Jul-2026",492,"",""
"3013","TRENT","EQ",3020.2,3042.6,2982,2999.2,3003.9,3005.2,806910,24233.84,"30-Jul-2026",53317,"",""
"3014","TRF","EQ",229.25,233.59,224.38,225.5,224.88,230.36,28930,66.22,"30-Jul-2026",1041,"",""
"3015","TRIDENT","EQ",24.82,24.88,24.68,24.71,24.74,24.86,2123829,526.06,"30-Jul-2026",11459,"",""
"3016","TRIGYN","EQ",53.51,54.58,53.25,53.58,53.33,53.5,10393,5.6,"30-Jul-2026",333,"",""
"3017","TRITURBINE","EQ",615.4,616.05,604.1,607.5,605,615.9,295448,1799.11,"30-Jul-2026",21518,"",""
"3018","TRIVENI","BE",236.8,236.8,225.05,226.4,227,233.85,282226,642.94,"30-Jul-2026",2421,"",""
"3019","TROM","ST",58,58.1,58,58.1,58.1,60.45,1800,1.05,"30-Jul-2026",3,"",""
"3020","TRU","EQ",4.68,4.9,4.56,4.67,4.62,4.67,169375,7.97,"30-Jul-2026",241,"",""
"3021","TRUALT","EQ",435,444,427.25,435.8,437,430.15,228674,994.97,"30-Jul-2026",6891,"",""
"3022","TRUST","SM",27.6,29.5,26.25,29.5,29.5,27.55,23400,6.45,"30-Jul-2026",36,"",""
"3023","TSC","SM",33.05,35.7,33.05,35.7,35.7,34,12000,4.17,"30-Jul-2026",6,"",""
"3024","TSFINV","EQ",443.25,449.9,436.2,442.95,442.15,443.25,38272,168.41,"30-Jul-2026",2361,"",""
"3025","TTKHLTCARE","EQ",1048.85,1056.25,992.05,1000.95,1000,1045.5,51611,518.54,"30-Jul-2026",4854,"",""
"3026","TTKPRESTIG","EQ",676.95,676.95,651.35,656.6,655,677.15,258216,1717.51,"30-Jul-2026",13488,"",""
"3027","TTL","EQ",6.15,6.34,6.1,6.23,6.24,6.27,66547,4.15,"30-Jul-2026",140,"",""
"3028","TTML","EQ",40.6,40.6,39.3,39.57,39.33,39.75,2420089,965.7,"30-Jul-2026",13093,"",""
"3029","TUNWAL","SM",26.6,26.75,26.3,26.65,26.75,26.3,58000,15.44,"30-Jul-2026",23,"",""
"3030","TURTLEMINT","EQ",117.19,120.19,115.25,115.71,116,117.73,522982,612.05,"30-Jul-2026",9723,"",""
"3031","TVSELECT","EQ",490.1,491.15,478.5,481.2,483.25,490.1,22717,110.17,"30-Jul-2026",927,"",""
"3032","TVSHLTD","EQ",14878,15154,14752,14987,14949,14803,20821,3127.72,"30-Jul-2026",7347,"",""
"3033","TVSMOTOR","EQ",4080,4219,4070,4208.4,4205,4075.6,2913373,121556.32,"30-Jul-2026",124985,"",""
"3034","TVSSCS","EQ",137.85,137.85,135.2,135.65,135.2,137.15,179716,244.63,"30-Jul-2026",2894,"",""
"3035","TVSSRICHAK","EQ",3951.5,3979.8,3865.9,3920.7,3882,3949.6,3446,135.62,"30-Jul-2026",762,"",""
"3036","TVTODAY","EQ",115.5,116,113.35,113.68,113.99,115.98,23634,27.04,"30-Jul-2026",496,"",""
"3037","TVVISION","EQ",4.66,4.86,4.63,4.79,4.8,4.75,10909,0.52,"30-Jul-2026",44,"",""
"3038","TWCGOLDETF","EQ",141.5,142,141.31,141.93,142,141.16,1104,1.57,"30-Jul-2026",115,"",""
"3039","UBL","EQ",1446.8,1459.9,1433.2,1436.1,1438.5,1440.2,146615,2123.11,"30-Jul-2026",9903,"",""
"3040","UCAL","EQ",116.08,116.08,114.82,115.09,114.93,117.01,2771,3.2,"30-Jul-2026",117,"",""
"3041","UCL","ST",193.6,200.95,193.6,200.95,200.95,197.45,4000,7.89,"30-Jul-2026",2,"",""
"3042","UCOBANK","EQ",26.51,26.57,25.69,25.82,25.92,26.51,7438918,1938.06,"30-Jul-2026",15875,"",""
"3043","UDS","EQ",201.81,201.81,194.71,196.25,196,200.21,236437,466.26,"30-Jul-2026",4614,"",""
"3044","UEL","EQ",122.2,139.99,119.6,128.11,133,119.41,4834,6.06,"30-Jul-2026",170,"",""
"3045","UFBL","EQ",708,711.45,672,676.15,675,707.35,75269,525.58,"30-Jul-2026",3229,"",""
"3046","UFLEX","EQ",477,479.4,474.05,474.6,474.5,478.75,46145,219.57,"30-Jul-2026",1750,"",""
"3047","UFO","EQ",67.65,67.65,65.18,65.32,65.25,66.77,44188,29.11,"30-Jul-2026",643,"",""
"3048","UGARSUGAR","EQ",40.31,40.7,39.93,40.02,40.07,40.45,60414,24.3,"30-Jul-2026",696,"",""
"3049","UGROCAP","EQ",96,96.16,94.5,95.28,94.61,95.99,53689,51.14,"30-Jul-2026",957,"",""
"3050","UHTL","ST",109,109,108.9,108.9,108.9,107.55,20000,21.78,"30-Jul-2026",10,"",""
"3051","UJJIVANSFB","EQ",70.45,71.32,69.72,70.33,70.32,70.37,11155624,7849.65,"30-Jul-2026",39144,"",""
"3052","ULTRACEMCO","EQ",11800,11861,11730,11847,11850,11998,291418,34408.02,"30-Jul-2026",45979,"",""
"3053","ULTRAMAR","EQ",372.1,378,368.3,373.75,375.5,372.45,10259,38.39,"30-Jul-2026",840,"",""
"3054","UMA","SM",15.4,15.4,15.4,15.4,15.4,15.5,4000,0.62,"30-Jul-2026",1,"",""
"3055","UMAEXPORTS","BE",20,20.8,19.75,19.91,20.28,20.07,12886,2.58,"30-Jul-2026",78,"",""
"3056","UMESLTD","EQ",5.7,5.7,5.5,5.5,5.5,5.62,9007,0.5,"30-Jul-2026",45,"",""
"3057","UMIYA-MRO","EQ",90.5,90.5,88.61,89.55,89.02,90.05,853,0.77,"30-Jul-2026",27,"",""
"3058","UNICHEMLAB","EQ",531,538,515.05,523.7,521.05,533.25,77444,408.9,"30-Jul-2026",3753,"",""
"3059","UNIDT","BE",221.01,225.7,221.01,222.09,223,221.88,8599,19.21,"30-Jul-2026",63,"",""
"3060","UNIECOM","EQ",85,85.4,84.5,84.79,84.5,85,144981,123.1,"30-Jul-2026",1866,"",""
"3061","UNIENTER","EQ",96,97.04,95.05,95.38,95.85,95.08,3587,3.43,"30-Jul-2026",177,"",""
"3062","UNIHEALTH","SM",742,766,720,737,740,734.95,29500,220.65,"30-Jul-2026",55,"",""
"3063","UNIINFO","BE",11.74,12.3,11.69,12.29,12.29,12.3,1202,0.14,"30-Jul-2026",19,"",""
"3064","UNILEX","SM",26.75,26.75,26.75,26.75,26.75,26,3200,0.86,"30-Jul-2026",2,"",""
"3065","UNIMECH","EQ",1210,1210,1165.1,1173.4,1173.6,1191.2,58437,687.29,"30-Jul-2026",4443,"",""
"3066","UNIONBANK","EQ",171.08,171.08,167.9,170.4,170.65,171.08,9365956,15874.91,"30-Jul-2026",44491,"",""
"3067","UNIONGOLD","EQ",139.25,139.55,138.45,139.25,139.05,137.95,971,1.35,"30-Jul-2026",35,"",""
"3068","UNIPARTS","EQ",729.9,744.9,716.05,738.2,737.1,725.05,217869,1604.71,"30-Jul-2026",10519,"",""
"3069","UNITDSPR","EQ",1507,1535.4,1507,1531.9,1532,1504.4,1362733,20774.52,"30-Jul-2026",39510,"",""
"3070","UNITECH","EQ",4.28,4.33,4.18,4.19,4.2,4.28,3178446,134.69,"30-Jul-2026",3113,"",""
"3071","UNITEDPOLY","BE",30.49,30.8,29.15,29.8,29.78,30.49,4487,1.33,"30-Jul-2026",91,"",""
"3072","UNITEDTEA","EQ",470.5,479.5,465,471.4,468.45,472.45,781,3.69,"30-Jul-2026",70,"",""
"3073","UNIVASTU","BE",134.9,136,129.8,134.92,135.25,131.44,131852,176.15,"30-Jul-2026",849,"",""
"3074","UNIVCABLES","EQ",1344.1,1350.3,1303,1331.3,1328.3,1347.3,92410,1222.51,"30-Jul-2026",6657,"",""
"3075","UNIVPHOTO","BE",446.2,488,445,474.4,474.05,468.35,1709,8.13,"30-Jul-2026",82,"",""
"3076","UNOMINDA","EQ",1169,1183,1160.3,1172.8,1171.9,1168.7,634771,7458.47,"30-Jul-2026",33054,"",""
"3077","UPL","EQ",609.95,610,600.35,602.55,602.65,609.15,770756,4644.6,"30-Jul-2026",24710,"",""
"3078","URAVIDEF","BE",113.01,115.88,111.2,112.95,112.95,113.01,4005,4.56,"30-Jul-2026",66,"",""
"3079","URBAN","SM",133,133,132.5,132.75,133,132.45,13600,18.07,"30-Jul-2026",13,"",""
"3080","URBANCO","EQ",131.14,131.98,129.61,130.5,130.79,131.25,1001382,1307.88,"30-Jul-2026",19738,"",""
"3081","URJA","EQ",8.98,9.11,8.98,9,9.03,9.02,701231,63.3,"30-Jul-2026",2327,"",""
"3082","USASEEDS","SM",80.85,86.8,80.85,86,86,85.1,2140,1.82,"30-Jul-2026",5,"",""
"3083","USHAFIN","SM",35.1,37,35.1,36,36,33.65,28800,10.44,"30-Jul-2026",18,"",""
"3084","USHAMART","EQ",509.5,513,500,502.4,507,511.35,249482,1261.63,"30-Jul-2026",9819,"",""
"3085","USK","EQ",22.45,23.13,22.08,22.47,22.3,22.68,17340,3.88,"30-Jul-2026",193,"",""
"3086","UTIAMC","EQ",914,914,899.5,909.3,908.9,915.05,82425,747.08,"30-Jul-2026",8554,"",""
"3087","UTKAL","SM",46.55,46.55,42.15,42.15,42.15,44.35,190000,82.51,"30-Jul-2026",74,"",""
"3088","UTKARSHBNK","EQ",14.49,14.49,14.23,14.31,14.36,14.45,2411158,344.96,"30-Jul-2026",6856,"",""
"3089","UTLSOLAR","EQ",367.55,372.05,359.05,367.05,367,368.6,257058,942.37,"30-Jul-2026",21217,"",""
"3090","UTSSAV","ST",510.1,510.5,510,510.5,510.5,510,4800,24.49,"30-Jul-2026",6,"",""
"3091","UTTAMSUGAR","EQ",221.41,225.8,219.42,225.07,225,222.47,76986,171.96,"30-Jul-2026",1654,"",""
"3092","UYFINCORP","EQ",19.51,19.96,19.13,19.79,19.94,19.66,818595,162.14,"30-Jul-2026",1156,"",""
"3093","V2RETAIL","EQ",221.15,222.39,217.6,218.69,219.43,222.05,420385,922.82,"30-Jul-2026",8228,"",""
"3094","VADILALIND","EQ",7250,7449,7212,7263.5,7300,7268.5,45499,3334.79,"30-Jul-2026",11002,"",""
"3095","VAIBHAVGBL","EQ",266.9,272,263,263.6,264,266.6,285167,758.11,"30-Jul-2026",7071,"",""
"3096","VAISHALI","EQ",7.47,7.49,7.24,7.35,7.35,7.47,157128,11.62,"30-Jul-2026",141,"",""
"3097","VAKRANGEE","EQ",6.01,6.09,5.92,6,6.05,6.09,761131,45.42,"30-Jul-2026",1580,"",""
"3098","VAL30IETF","EQ",15.37,15.41,15.3,15.37,15.41,15.37,152073,23.34,"30-Jul-2026",446,"",""
"3099","VALIANTLAB","BE",62.7,62.7,60.33,60.33,60.33,61.74,13201,8.17,"30-Jul-2026",23,"",""
"3100","VALIANTORG","BE",271,271.85,263.1,266.05,265.4,269.45,4223,11.21,"30-Jul-2026",108,"",""
"3101","VALUE","EQ",16.11,16.17,16.08,16.15,16.17,16.09,9071,1.46,"30-Jul-2026",76,"",""
"3102","VALUE360","SM",74,74,74,74,74,75.6,1200,0.89,"30-Jul-2026",1,"",""
"3103","VALUEAXIS","EQ",32.87,32.87,32.44,32.78,32.84,32.81,104341,34.19,"30-Jul-2026",233,"",""
"3104","VAML","EQ",440.6,463.65,432.9,457.05,456.75,439.6,16805163,75072.66,"30-Jul-2026",172352,"",""
"3105","VARDHACRLC","BE",47.9,47.9,45.56,46.33,46.8,46.82,57056,26.35,"30-Jul-2026",264,"",""
"3106","VARDMNPOLY","EQ",6.1,6.1,5.9,5.93,5.9,5.99,70993,4.24,"30-Jul-2026",259,"",""
"3107","VARROC","EQ",662,677.8,656.7,664.6,663,664.55,108941,727.3,"30-Jul-2026",8931,"",""
"3108","VASCONEQ","BE",31.95,32.39,31.5,31.6,31.99,31.88,122235,39.01,"30-Jul-2026",411,"",""
"3109","VASWANI","EQ",52.35,53.85,52,52.27,52.04,52.09,7923,4.17,"30-Jul-2026",244,"",""
"3110","VBL","EQ",448.2,455.15,446.6,451.35,451,447.2,7069870,31890.51,"30-Jul-2026",63456,"",""
"3111","VCL","EQ",1,1.02,1,1.02,1.02,0.98,146133,1.49,"30-Jul-2026",133,"",""
"3112","VEDL","EQ",265.4,269.7,263.25,267.5,266.65,264.5,9414948,25058.82,"30-Jul-2026",75094,"",""
"3113","VEDPOWER","EQ",34.5,35.17,33.66,33.82,33.73,35.32,32094523,10941.8,"30-Jul-2026",93945,"",""
"3114","VEEDOL","EQ",1392.2,1392.3,1373,1378.3,1375.7,1385.3,8550,117.99,"30-Jul-2026",1118,"",""
"3115","VELJAN","BE",1816,1816,1741,1767,1750,1830,366,6.43,"30-Jul-2026",48,"",""
"3116","VENKEYS","EQ",1500,1509.1,1491.2,1494.2,1496,1510.5,19306,289.33,"30-Jul-2026",1732,"",""
"3117","VENTIVE","EQ",635.05,635.6,626.75,632.15,630,635.05,14304,90.25,"30-Jul-2026",891,"",""
"3118","VENUSPIPES","EQ",1674,1689.8,1648.4,1661.1,1655,1685.9,45369,755.99,"30-Jul-2026",4582,"",""
"3119","VENUSREM","BE",1603.4,1603.4,1526.2,1539.3,1539,1603.4,31886,494.79,"30-Jul-2026",1568,"",""
"3120","VERANDA","EQ",229.9,234.89,228.65,231.97,234,229.39,75723,175.46,"30-Jul-2026",1499,"",""
"3121","VERITAAS","SM",35,35,35,35,35,36.3,1200,0.42,"30-Jul-2026",1,"",""
"3122","VERTIS","IV",112.2,113,112.2,113,113,112.8,850000,959.1,"30-Jul-2026",28,"",""
"3123","VERTOZ","BE",36.27,36.27,35.11,35.7,35.75,35.79,8989,3.21,"30-Jul-2026",153,"",""
"3124","VESUVIUS","EQ",454.2,454.25,444.4,446.7,447.3,452.75,41833,187.43,"30-Jul-2026",2661,"",""
"3125","VETO","BE",122,124.95,120.05,121.92,122.9,120.84,11130,13.68,"30-Jul-2026",168,"",""
"3126","VGINFOTECH","SM",153.95,155,150.35,152.6,152.2,154.45,20000,30.65,"30-Jul-2026",20,"",""
"3127","VGL","EQ",60.1,62.72,59,62.29,62.47,61.07,35780,21.8,"30-Jul-2026",396,"",""
"3128","VGUARD","EQ",303,338.8,298.05,316.65,316.7,301.95,26724401,86985.05,"30-Jul-2026",280700,"",""
"3129","VHL","EQ",3435.2,3509.5,3301,3347.5,3301,3462.4,1278,43.94,"30-Jul-2026",289,"",""
"3130","VHLTD","BE",135.5,135.5,130.01,130.09,130.01,133.28,6435,8.46,"30-Jul-2026",51,"",""
"3131","VICTORYEV","ST",16.8,17,15.75,16.5,16.5,16.5,45000,7.47,"30-Jul-2026",15,"",""
"3132","VIDHIING","EQ",304,312.5,298,309.9,310,300.5,348103,1049.67,"30-Jul-2026",3215,"",""
"3133","VIDYAWIRES","EQ",89.4,90.45,88.26,89.47,89.3,89.3,494499,442.34,"30-Jul-2026",4283,"",""
"3134","VIESL","SM",301.65,302,285,291.3,290.95,301.65,48000,142.13,"30-Jul-2026",31,"",""
"3135","VIGOR","ST",100.5,100.5,95.5,95.5,95.5,100.5,16000,15.52,"30-Jul-2026",10,"",""
"3136","VIJAYA","EQ",1369.1,1374.7,1351.1,1360.2,1352.6,1372,55890,763.03,"30-Jul-2026",7622,"",""
"3137","VIJAYPD","SM",65.5,66.5,65.5,66.5,66.5,65,4000,2.64,"30-Jul-2026",2,"",""
"3138","VIJIFIN","BE",10.01,10.01,10.01,10.01,10.01,9.82,112912,11.3,"30-Jul-2026",65,"",""
"3139","VIKASECO","EQ",1.11,1.12,1.09,1.09,1.09,1.11,2097964,23.21,"30-Jul-2026",1156,"",""
"3140","VIKASLIFE","EQ",1.3,1.3,1.26,1.27,1.28,1.29,2223195,28.42,"30-Jul-2026",8060,"",""
"3141","VIKRAMSOLR","EQ",181.62,181.62,175,175.6,175.99,181.62,2125230,3748.96,"30-Jul-2026",21339,"",""
"3142","VIKRAN","EQ",73.3,73.3,71.3,71.62,71.63,73.18,896099,642.46,"30-Jul-2026",4435,"",""
"3143","VILAS","SM",353,357,345,347.85,348,357,35000,122.06,"30-Jul-2026",101,"",""
"3144","VILINBIO","SM",40.5,40.5,40.5,40.5,40.5,42.6,4000,1.62,"30-Jul-2026",1,"",""
"3145","VIMTALABS","EQ",600.9,608,585.7,605.45,604,599.05,223605,1343.37,"30-Jul-2026",8396,"",""
"3146","VINATIORGA","EQ",1315,1315,1286,1296.4,1297,1309,39451,510.84,"30-Jul-2026",6133,"",""
"3147","VINCOFE","EQ",155,158.32,146.8,148.08,148,155.13,3999059,6004.16,"30-Jul-2026",33683,"",""
"3148","VINDHYATEL","EQ",1890.9,1978.7,1860.2,1951.2,1949.9,1885.2,36894,719.71,"30-Jul-2026",4918,"",""
"3149","VINEETLAB","BE",39.96,39.98,38.02,38.86,38.76,39.21,65068,25.57,"30-Jul-2026",135,"",""
"3150","VINNY","EQ",1.06,1.08,1.06,1.06,1.06,1.06,86359,0.92,"30-Jul-2026",116,"",""
"3151","VINSYS","ST",534,540,530,539.25,540,530,9500,50.85,"30-Jul-2026",29,"",""
"3152","VINYAS","SM",1241,1255,1200,1206.65,1205.5,1241,2800,34.25,"30-Jul-2026",25,"",""
"3153","VINYLINDIA","EQ",244.05,266.9,235,238.05,235.35,246.05,81202,200.28,"30-Jul-2026",1741,"",""
"3154","VIPCLOTHNG","BE",21.6,21.6,21,21.05,21.18,21.21,28337,5.99,"30-Jul-2026",145,"",""
"3155","VIPIND","EQ",296.4,300,294,296.1,295.1,296.4,70312,208.25,"30-Jul-2026",1985,"",""
"3156","VIPULLTD","BE",13.19,13.32,12.51,12.68,12.75,12.69,338835,44.18,"30-Jul-2026",661,"",""
"3157","VIRINCHI","EQ",15.58,15.69,15.36,15.49,15.48,15.57,32255,5.03,"30-Jul-2026",160,"",""
"3158","VISACHROME","BE",37.5,38.05,37.01,37.59,37.95,37.99,7999,3.02,"30-Jul-2026",60,"",""
"3159","VISAKAIND","EQ",82.43,83.96,80.5,81.61,81.79,83.23,156606,127.88,"30-Jul-2026",1828,"",""
"3160","VISHNU","EQ",620.5,629,613.9,618.1,617.5,617.45,155404,965.76,"30-Jul-2026",6986,"",""
"3161","VISHNUINFR","SM",155.3,160.5,155.3,160,160,159.7,13000,20.73,"30-Jul-2026",16,"",""
"3162","VISHWARAJ","EQ",5.26,5.26,5.13,5.18,5.18,5.26,121719,6.3,"30-Jul-2026",423,"",""
"3163","VISL","EQ",31.48,31.63,30.1,30.75,30.75,30.78,30861160,9482.15,"30-Jul-2026",46993,"",""
"3164","VITAL","BE",46.85,46.85,46.55,46.55,46.55,46,1201,0.56,"30-Jul-2026",5,"",""
"3165","VIVIANA","BE",725,741.9,710,719.25,724,727.6,9508,68.52,"30-Jul-2026",295,"",""
"3166","VIVIDEL","ST",1151.6,1250.85,1131.75,1160.25,1160,1191.3,43200,502.65,"30-Jul-2026",141,"",""
"3167","VIVIDHA","EQ",0.51,0.53,0.51,0.51,0.52,0.51,168689,0.88,"30-Jul-2026",107,"",""
"3168","VIVIMEDLAB","BE",5.4,5.4,5.05,5.14,5.12,5.29,69793,3.56,"30-Jul-2026",91,"",""
"3169","VIVO","SM",89.5,89.5,89.5,89.5,89.5,85.25,1600,1.43,"30-Jul-2026",1,"",""
"3170","VIYASH","EQ",256.3,256.3,249.2,251.9,251,256.75,1128354,2844.23,"30-Jul-2026",21197,"",""
"3171","VLEGOV","BE",10.67,10.67,10.48,10.48,10.48,10.69,24610,2.58,"30-Jul-2026",126,"",""
"3172","VLINFRA","ST",27.4,28.75,27.4,28.75,28.75,27.4,12000,3.42,"30-Jul-2026",8,"",""
"3173","VLSFINANCE","EQ",252,255.4,251.05,251.85,252,253.55,8348,21.09,"30-Jul-2026",268,"",""
"3174","VMARCIND","SM",278.1,278.1,272.1,273.15,272.55,281.8,117000,322.07,"30-Jul-2026",76,"",""
"3175","VMART","EQ",725.75,768.25,725.75,764.2,758,748,144069,1086.95,"30-Jul-2026",13217,"",""
"3176","VMM","EQ",108.24,108.7,107.45,107.89,107.83,108.24,5485227,5927.92,"30-Jul-2026",27697,"",""
"3177","VMOBILE","SM",78.3,78.3,73,78.3,78.3,74.6,197600,153.46,"30-Jul-2026",183,"",""
"3178","VMSTMT","BE",43.29,44,43.05,43.17,43.57,43.35,15835,6.88,"30-Jul-2026",176,"",""
"3179","VOEPL","EQ",495.8,495.8,463.45,469.15,479,491.2,67689,322.13,"30-Jul-2026",2491,"",""
"3180","VOGL","EQ",35,35.79,33.2,33.64,33.59,35.07,46027628,15645.9,"30-Jul-2026",75255,"",""
"3181","VOLERCAR","SM",221,224.95,219,222.5,222.5,223,16000,35.45,"30-Jul-2026",10,"",""
"3182","VOLTAMP","EQ",9280,9342,9212,9302,9338,9319,16319,1517,"30-Jul-2026",5818,"",""
"3183","VOLTAS","EQ",1316.7,1338.4,1297.5,1333.2,1338,1313.3,586337,7765.64,"30-Jul-2026",26089,"",""
"3184","VPRPL","BE",26.25,26.5,25.6,25.78,26,26.33,154727,40.22,"30-Jul-2026",753,"",""
"3185","VRAJ","EQ",126.14,131.49,123.01,123.68,123.01,126.76,42091,53.29,"30-Jul-2026",1274,"",""
"3186","VRLLOG","EQ",264.44,265.12,258.1,259.1,258.5,262.52,143273,375.03,"30-Jul-2026",2770,"",""
"3187","VSSL","EQ",305.85,305.85,298.2,300.1,300,306.15,74609,224.39,"30-Jul-2026",1668,"",""
"3188","VSTIND","EQ",220,220.8,217.65,219.4,219,220,250515,549.58,"30-Jul-2026",6210,"",""
"3189","VSTL","EQ",110,111.8,106.81,110.62,111,110.45,17721,19.45,"30-Jul-2026",530,"",""
"3190","VSTTILLERS","EQ",4389.8,4500,4389.8,4458.3,4478,4378.8,5846,259.43,"30-Jul-2026",1266,"",""
"3191","VTL","EQ",630.7,650,596.9,602.1,605.65,629.55,2725501,17063.55,"30-Jul-2026",81963,"",""
"3192","WAAREEENER","EQ",2626,2650,2561,2624.9,2632,2736.2,4868001,126734.38,"30-Jul-2026",190323,"",""
"3193","WAAREEINDO","EQ",306,311.85,295.45,295.45,295.45,310.95,131713,394.6,"30-Jul-2026",2866,"",""
"3194","WAAREERTL","EQ",913.5,914.9,895.1,913.2,914,913.5,214679,1939.95,"30-Jul-2026",13650,"",""
"3195","WABAG","EQ",1872,1905,1860,1889.4,1903,1876.7,420910,7949.09,"30-Jul-2026",30374,"",""
"3196","WAKEFIT","EQ",127.3,130.43,123.51,125.46,125.49,127.47,1870587,2366.76,"30-Jul-2026",16420,"",""
"3197","WALCHANNAG","EQ",222.25,233,219.4,230.8,230.25,222.2,1051394,2394.05,"30-Jul-2026",15502,"",""
"3198","WANBURY","EQ",307.35,318,295.7,297.65,296.5,305.9,345815,1052.59,"30-Jul-2026",9499,"",""
"3199","WCIL","EQ",89.5,89.7,88.6,88.86,89.18,89.71,36455,32.45,"30-Jul-2026",673,"",""
"3200","WEALTH","EQ",946.15,948.85,911,924.75,926,946.15,3793,35.17,"30-Jul-2026",662,"",""
"3201","WEBELSOLAR","EQ",98.65,99,94.2,94.97,95.5,98.65,1378991,1332.93,"30-Jul-2026",12725,"",""
"3202","WEIZMANIND","EQ",77.02,77.71,76.02,76.87,76.1,77.19,2404,1.85,"30-Jul-2026",78,"",""
"3203","WEL","EQ",117.7,119.75,113.3,117.75,117,116.29,322786,381.35,"30-Jul-2026",2270,"",""
"3204","WELCORP","EQ",1700,1700,1651.9,1655,1655.5,1697,236845,3943.76,"30-Jul-2026",16227,"",""
"3205","WELENT","EQ",597.6,599.35,585,589.65,588.25,593.15,92192,543.23,"30-Jul-2026",4549,"",""
"3206","WELINV","BE",1880,1880,1879.5,1879.9,1880,1890,6,0.11,"30-Jul-2026",3,"",""
"3207","WELSPLSOL","EQ",51.12,51.8,50.5,51.16,51,51.47,146694,75.12,"30-Jul-2026",1206,"",""
"3208","WELSPUNLIV","EQ",162.2,163.5,159.66,160.14,159.9,162.3,624550,1009.57,"30-Jul-2026",12225,"",""
"3209","WENDT","EQ",8226,8260,8060,8104,8107,8229,4692,382.96,"30-Jul-2026",1383,"",""
"3210","WESTLIFE","EQ",489,505.85,472,486.95,490,489.05,669351,3257.85,"30-Jul-2026",33671,"",""
"3211","WEWIN","BE",44.1,46.35,44.1,45.89,45.89,44.32,138,0.06,"30-Jul-2026",5,"",""
"3212","WEWORK","EQ",701.8,714,697.05,710.6,713,705.55,76826,542.46,"30-Jul-2026",5857,"",""
"3213","WHEELS","EQ",1434.5,1472.7,1405.1,1411.7,1416.6,1434.5,151028,2160.02,"30-Jul-2026",10610,"",""
"3214","WHIRLPOOL","EQ",792.95,824.95,784.8,805.7,809,788.85,1399284,11253.07,"30-Jul-2026",48786,"",""
"3215","WHITEFORCE","ST",34.6,34.6,34.25,34.25,34.25,36.05,8000,2.75,"30-Jul-2026",5,"",""
"3216","WILLAMAGOR","EQ",25.27,26.31,25.27,25.3,25.3,25,111,0.03,"30-Jul-2026",5,"",""
"3217","WINDLAS","EQ",862.85,879.7,849.8,859.9,855,858.55,39154,338.51,"30-Jul-2026",3341,"",""
"3218","WINDMACHIN","EQ",282.05,285.95,276.85,278.9,279,282.9,35515,99.39,"30-Jul-2026",949,"",""
"3219","WINNY","SM",32.2,32.2,32.2,32.2,32.2,33.85,1500,0.48,"30-Jul-2026",3,"",""
"3220","WINSOL","SM",113.3,118.95,112,115.75,118.5,113.3,12400,14.2,"30-Jul-2026",30,"",""
"3221","WINSOME","BZ",2.51,2.51,2.51,2.51,2.51,2.47,175840,4.41,"30-Jul-2026",40,"",""
"3222","WIPL","EQ",165.61,171.9,165.61,168.55,168.5,167,1945,3.29,"30-Jul-2026",35,"",""
"3223","WIPRO","EQ",183.4,191.34,183.4,186.33,186.41,183.61,54015268,101630,"30-Jul-2026",252008,"",""
"3224","WOCKPHARMA","EQ",1913,1921.6,1877.1,1904,1894,1916.5,422188,8020.55,"30-Jul-2026",25275,"",""
"3225","WOL3D","ST",122,128,121.1,128,128,126.55,8000,9.8,"30-Jul-2026",8,"",""
"3226","WONDERLA","EQ",470.6,474.85,464.05,472.85,471.55,469,20346,95.86,"30-Jul-2026",1692,"",""
"3227","WORTHPERI","EQ",147.99,147.99,142.21,144.65,147.65,145.16,14735,21.31,"30-Jul-2026",130,"",""
"3228","WPIL","EQ",432,439.95,430.05,435.25,437.6,430.55,40605,176.64,"30-Jul-2026",3593,"",""
"3229","WSI","EQ",61.2,62.38,60,60.23,60.95,61.2,36464,22.11,"30-Jul-2026",1537,"",""
"3230","WSTCSTPAPR","EQ",567.45,567.45,557.8,562.5,561,570.3,59401,334.34,"30-Jul-2026",3941,"",""
"3231","WTICAB","SM",112.25,113.9,112,113,113,112.25,10000,11.25,"30-Jul-2026",15,"",""
"3232","XCHANGING","EQ",67.2,68.8,66.85,67.08,67.05,66.82,162442,109.78,"30-Jul-2026",2044,"",""
"3233","XELPMOC","EQ",78.7,80.4,78.7,80.14,80.2,79.02,1978,1.58,"30-Jul-2026",190,"",""
"3234","XPROINDIA","EQ",1365,1409.2,1351,1394.7,1375.9,1365,28633,398.22,"30-Jul-2026",2381,"",""
"3235","XTGLOBAL","EQ",31.45,32.29,31,32.03,32,31.45,111562,35.34,"30-Jul-2026",787,"",""
"3236","XTRANET","BE",136,136.9,129.2,129.2,129.2,127,2222115,2998,"30-Jul-2026",9988,"",""
"3237","YAAP","ST",152,152,145.25,149.6,150,152.25,33000,49.34,"30-Jul-2026",26,"",""
"3238","YASHO","EQ",3130,3275,3118.9,3215.6,3205.1,3121.1,18010,575.28,"30-Jul-2026",3388,"",""
"3239","YASHOPTICS","SM",114.55,115,113.95,113.95,113.95,114.9,4800,5.5,"30-Jul-2026",6,"",""
"3240","YATHARTH","EQ",830,837.5,823.2,826.05,828.2,832.9,104810,867.93,"30-Jul-2026",7347,"",""
"3241","YATRA","EQ",107.52,108,105.88,106.13,106,108.15,299584,318.82,"30-Jul-2026",2909,"",""
"3242","YCCL","SM",9.15,9.85,9.15,9.15,9.15,9.5,27000,2.5,"30-Jul-2026",9,"",""
"3243","YESBANK","EQ",22.84,22.88,22.46,22.54,22.54,22.84,56345653,12729.37,"30-Jul-2026",71788,"",""
"3244","YUDIZ","SM",24.15,24.15,24.15,24.15,24.15,23,1600,0.39,"30-Jul-2026",2,"",""
"3245","YUKEN","EQ",714.85,720,702.05,709.5,707,712.25,5937,42.25,"30-Jul-2026",335,"",""
"3246","ZAGGLE","EQ",207.74,208.6,204.29,204.77,204.9,207.74,327702,674.47,"30-Jul-2026",5327,"",""
"3247","ZEAL","SM",62,62,62,62,62,61,600,0.37,"30-Jul-2026",1,"",""
"3248","ZEEL","EQ",108,113.7,106.52,112.21,112.55,108.13,27156787,30007.9,"30-Jul-2026",86146,"",""
"3249","ZEELEARN","BE",8.46,8.7,8.06,8.09,8.25,8.48,596599,49.17,"30-Jul-2026",691,"",""
"3250","ZEEMEDIA","EQ",7.63,7.8,7.4,7.46,7.42,7.65,3076444,231.79,"30-Jul-2026",5682,"",""
"3251","ZENITHDRUG","SM",47.9,47.9,45.05,45.95,46,47.9,5600,2.58,"30-Jul-2026",7,"",""
"3252","ZENITHEXPO","EQ",196.47,196.53,196.46,196.53,196.53,196.46,78,0.15,"30-Jul-2026",5,"",""
"3253","ZENITHSTL","EQ",5.5,5.66,5.5,5.54,5.55,5.58,23856,1.33,"30-Jul-2026",157,"",""
"3254","ZENSARTECH","EQ",529.7,540.45,519.5,520.9,521.95,534.95,1978463,10465.22,"30-Jul-2026",34125,"",""
"3255","ZENTEC","EQ",1660,1660,1600,1615.4,1605,1646.1,338635,5495.13,"30-Jul-2026",20176,"",""
"3256","ZFCVINDIA","EQ",2398.6,2435,2368,2381.3,2399.3,2389.7,125071,3003.88,"30-Jul-2026",19577,"",""
"3257","ZFSTEERING","EQ",672,687.75,660,663.8,660.1,679,7419,49.7,"30-Jul-2026",583,"",""
"3258","ZIMLAB","BE",111.5,112.05,111.5,111.5,111.5,113.33,14257,15.9,"30-Jul-2026",40,"",""
"3259","ZODIAC","BE",242.2,242.2,236.2,239.7,239.9,242.1,7114,17.06,"30-Jul-2026",314,"",""
"3260","ZODIACLOTH","EQ",77.2,78.85,76.16,77.08,76.55,76.54,2104,1.63,"30-Jul-2026",64,"",""
"3261","ZOTA","EQ",1242.6,1249.9,1213,1225.4,1213,1242.6,35156,432.08,"30-Jul-2026",1896,"",""
"3262","ZSARACOM","EQ",12300,12300,11917,12299,12300,12238.5,22,2.69,"30-Jul-2026",16,"",""
"3263","ZTECH","SM",525,527.5,517,518.05,517,525.8,12300,64.39,"30-Jul-2026",25,"",""
"3264","ZUARI","EQ",235,241.98,234,238.21,237.5,235.49,207295,493.66,"30-Jul-2026",4535,"",""
"3265","ZUARIIND","EQ",260.85,264,259.1,262.3,262.75,260.15,15938,41.67,"30-Jul-2026",497,"",""
"3266","ZYDUSLIFE","EQ",1122.7,1132,1111.9,1115.1,1118.7,1122.7,796939,8917.07,"30-Jul-2026",25224,"",""
"3267","ZYDUSWELL","EQ",573.15,578,563,566,565.3,579.45,136110,775.58,"30-Jul-2026",11046,"",""
